session,trial,phrase,click_load,entry_rate,correction_rate,num_chars,num_clocks
1,0,1,6.0,6.281954651579767,0.0,7,64
1,0,2,4.2,8.26562513822613,0.0,7,64
1,0,3,4.0,7.567673922171109,0.0,7,64
1,0,4,3.4,7.135078310526977,0.0,7,64
1,0,5,3.0,10.007781221266793,0.0,7,64
1,0,6,3.0,8.747970876047429,0.0,7,64
1,0,7,3.0,11.51343787428309,0.0,7,64
1,0,8,2.8,13.31136054189528,0.0,7,64
1,0,9,2.8,15.539252597622106,0.0,7,64
1,0,10,2.8,17.785419638103413,0.0,7,64
1,0,11,2.8,9.287870353639796,0.0,7,64
1,0,12,3.0,12.11967428798896,0.0,7,64
1,0,13,2.8,11.741323402921681,0.0,7,64
1,0,14,2.8,12.090911505583904,0.0,7,64
1,0,15,2.8,14.211960568529879,0.0,7,64
1,0,16,3.0,10.559971896413657,0.0,7,64
1,0,17,3.2,8.919651033524495,0.0,7,64
1,0,18,3.0,9.612347204441685,0.0,7,64
1,0,19,3.0,10.146634616186777,0.0,7,64
2,0,1,3.0,15.554993026806489,0.0,7,64
2,0,2,3.2,9.73390148939724,0.0,7,64
2,0,3,4.0,7.418329588885839,0.125,7,64
2,0,4,2.8,10.095854204002498,0.0,7,64
2,0,5,2.8,11.890131490489756,0.0,7,64
2,0,6,2.8,9.402883527796462,0.0,7,64
2,0,7,3.4,9.184630807690935,0.0,7,64
2,0,8,3.0,11.378244462675276,0.0,7,64
2,0,9,2.8,11.918428816305207,0.0,7,64
2,0,10,3.0,8.894484074047389,0.0,7,64
2,0,11,3.0,13.744795960209489,0.0,7,64
2,0,12,2.8,10.220899949579314,0.0,7,64
2,0,13,2.8,11.2523231542836,0.0,7,64
2,0,14,2.8,11.476989032600518,0.0,7,64
2,0,15,3.2,9.707574794446499,0.0,7,64
2,0,16,2.8,12.176028226977774,0.0,7,64
2,0,17,2.8,9.883780444172697,0.0,7,64
2,0,18,3.0,14.114472970367085,0.0,7,64
2,0,19,3.0,8.395687408596222,0.0,7,64
2,0,20,2.8,8.77015256374727,0.0,7,64
2,0,21,2.2,14.76847479903983,0.0,5,64
3,0,1,2.8,9.781617041364699,0.0,7,64
3,0,2,3.0,12.7237587516919,0.0,7,64
3,0,3,2.8,12.613467391644056,0.0,7,64
3,0,4,2.8,10.71996652968358,0.0,7,64
3,0,5,2.8,11.433510421349414,0.0,7,64
3,0,6,2.8,9.090014123620852,0.0,7,64
3,0,7,3.0,12.530144277357149,0.0,7,64
3,0,8,2.8,10.473196837677962,0.0,7,64
3,0,9,3.0,14.106717598535115,0.0,7,64
3,0,10,2.8,11.35090320531019,0.0,7,64
3,0,11,2.8,11.241896104174911,0.0,7,64
3,0,12,3.6,8.678189030823276,0.125,7,64
3,0,13,2.8,11.438168501291578,0.0,7,64
3,0,14,2.8,11.814474579252,0.0,7,64
3,0,15,3.0,12.650083801717845,0.0,7,64
3,0,16,3.0,9.91111838054739,0.0,7,64
3,0,17,2.8,11.00652915492648,0.0,7,64
3,0,18,3.2,8.45848068861361,0.0,7,64
3,0,19,2.8,11.325099359939612,0.0,7,64
3,0,20,2.8,10.224365489657451,0.0,7,64
3,0,21,2.8,9.295359453075447,0.0,7,64
3,0,22,2.0,14.38051437348318,0.0,5,64
1,1,1,4.8,7.854051460928847,0.0,7,64
1,1,2,3.8,8.097948303754665,0.0,7,64
1,1,3,3.2,11.036530689744465,0.0,7,64
1,1,4,3.2,9.596149293720437,0.0,7,64
1,1,5,3.2,7.834229224487438,0.0,7,64
1,1,6,2.8,9.399335751952488,0.0,7,64
1,1,7,2.8,11.925735544132351,0.0,7,64
1,1,8,2.8,11.849076213495515,0.0,7,64
1,1,9,2.8,10.201535479693417,0.0,7,64
1,1,10,2.8,12.909396225988639,0.0,7,64
1,1,11,2.8,13.98739577331728,0.0,7,64
1,1,12,2.8,10.321966258389883,0.0,7,64
1,1,13,2.8,14.407220950303962,0.0,7,64
1,1,14,2.8,16.691330686756615,0.0,7,64
1,1,15,2.8,11.291156485453417,0.0,7,64
1,1,16,2.8,11.152778614249941,0.0,7,64
1,1,17,3.2,8.425742300512386,0.0,7,64
1,1,18,3.0,9.28243254873454,0.0,7,64
1,1,19,3.2,8.72946767023232,0.0,7,64
1,1,20,3.0,10.463775191043547,0.0,7,64
1,1,21,2.0,19.414790439778972,0.0,4,64
2,1,1,3.0,13.495612215434843,0.0,7,64
2,1,2,2.8,12.648149908887575,0.0,7,64
2,1,3,3.6,8.534724202771217,0.125,7,64
2,1,4,2.8,11.467756197153221,0.0,7,64
2,1,5,2.8,10.65122520515583,0.0,7,64
2,1,6,2.8,9.248731093366203,0.0,7,64
2,1,7,3.2,12.340135379472576,0.0,7,64
2,1,8,3.4,9.097166466684413,0.0,7,64
2,1,9,2.8,11.537331142240904,0.0,7,64
2,1,10,2.8,10.995992616927031,0.0,7,64
2,1,11,2.8,11.311419793833862,0.0,7,64
2,1,12,2.8,14.48328823909427,0.0,7,64
2,1,13,2.8,11.953466384701795,0.0,7,64
2,1,14,3.0,13.423765307700805,0.0,7,64
2,1,15,3.0,9.214879272556638,0.0,7,64
2,1,16,3.2,9.99905979866202,0.0,7,64
2,1,17,2.8,10.851345544935171,0.0,7,64
2,1,18,3.0,15.719218990558225,0.0,7,64
2,1,19,3.0,9.623961150348501,0.0,7,64
2,1,20,2.8,7.795103659983453,0.0,7,64
2,1,21,2.8,12.326667776624616,0.0,6,64
3,1,1,3.0,8.509736365899,0.0,7,64
3,1,2,2.8,11.321302179345171,0.0,7,64
3,1,3,2.8,11.878544185495644,0.0,7,64
3,1,4,2.8,8.607766897622486,0.0,7,64
3,1,5,2.8,9.978510665406372,0.0,7,64
3,1,6,2.8,9.695207188824714,0.0,7,64
3,1,7,3.0,8.953318909655344,0.0,7,64
3,1,8,2.8,11.922761036343065,0.0,7,64
3,1,9,2.8,13.578830003322574,0.0,7,64
3,1,10,2.8,11.14346429348275,0.0,7,64
3,1,11,2.8,15.02831071578206,0.0,7,64
3,1,12,3.2,10.63172351607807,0.0,7,64
3,1,13,3.2,9.826523315703879,0.0,7,64
3,1,14,2.8,9.372057844781146,0.0,7,64
3,1,15,2.8,18.832700388544175,0.0,7,64
3,1,16,3.2,9.214073699788983,0.0,7,64
3,1,17,2.8,13.090121130363816,0.0,7,64
3,1,18,3.0,11.861927366703922,0.0,7,64
3,1,19,2.8,14.505718603230727,0.0,7,64
3,1,20,2.8,9.652750129567888,0.0,7,64
3,1,21,3.0,11.449505544704065,0.0,7,64
3,1,22,2.2,15.134160533105481,0.0,5,64
1,2,1,4.6,8.100553983382067,0.0,7,64
1,2,2,3.8,9.637278549490139,0.0,7,64
1,2,3,3.4,7.989806042475703,0.0,7,64
1,2,4,3.2,9.688722142675083,0.0,7,64
1,2,5,3.0,10.20309932220875,0.0,7,64
1,2,6,2.8,9.359409494760257,0.0,7,64
1,2,7,2.8,10.054772478042976,0.0,7,64
1,2,8,2.8,12.379820886900363,0.0,7,64
1,2,9,2.8,10.30098887885507,0.0,7,64
1,2,10,2.8,13.521532026570389,0.0,7,64
1,2,11,2.8,18.64836094027372,0.0,7,64
1,2,12,2.8,10.60802406549392,0.0,7,64
1,2,13,2.8,13.54227310127309,0.0,7,64
1,2,14,2.8,15.409800724971053,0.0,7,64
1,2,15,2.8,11.072929942341517,0.0,7,64
1,2,16,2.8,10.364316464627134,0.0,7,64
1,2,17,3.2,8.60086703618411,0.0,7,64
1,2,18,3.2,8.556382456912017,0.0,7,64
1,2,19,3.2,8.704249245378255,0.0,7,64
1,2,20,3.0,10.07875214250014,0.0,7,64
1,2,21,2.0,25.068407266018784,0.0,4,64
2,2,1,3.2,12.914696606030637,0.0,7,64
2,2,2,2.8,12.188178673993706,0.0,7,64
2,2,3,3.0,12.991117586138323,0.0,7,64
2,2,4,3.6,7.868437872601985,0.0,7,64
2,2,5,2.8,10.13380824626067,0.0,7,64
2,2,6,2.8,10.851346076341377,0.0,7,64
2,2,7,3.2,10.45804336601476,0.0,7,64
2,2,8,3.2,11.23707009824992,0.0,7,64
2,2,9,2.8,10.3606962683787,0.0,7,64
2,2,10,3.0,9.099905507665055,0.0,7,64
2,2,11,2.8,13.87429831177348,0.0,7,64
2,2,12,2.8,12.513549501547654,0.0,7,64
2,2,13,2.8,11.238505258935117,0.0,7,64
2,2,14,2.8,11.812548626685876,0.0,7,64
2,2,15,3.0,9.53343402535642,0.0,7,64
2,2,16,3.2,11.088871521310196,0.0,7,64
2,2,17,2.8,10.365323628959217,0.0,7,64
2,2,18,2.8,15.253447446085978,0.0,7,64
2,2,19,3.0,9.080970062287964,0.0,7,64
2,2,20,2.8,7.9264343155733,0.0,7,64
2,2,21,2.8,11.623854264998931,0.0,6,64
3,2,1,3.4,8.037333850274768,0.0,7,64
3,2,2,3.0,9.560539476661695,0.0,7,64
3,2,3,3.0,13.658412239258583,0.0,7,64
3,2,4,2.8,9.316989107723478,0.0,7,64
3,2,5,3.2,8.981033853088562,0.0,7,64
3,2,6,2.8,9.567995897429945,0.0,7,64
3,2,7,3.0,11.544061638851213,0.0,7,64
3,2,8,3.0,9.691933343558413,0.0,7,64
3,2,9,2.8,11.959929089530537,0.0,7,64
3,2,10,2.8,12.524330245215587,0.0,7,64
3,2,11,3.4,8.278973294881789,0.0,7,64
3,2,12,3.4,8.177870663079284,0.0,7,64
3,2,13,3.0,11.14003651302679,0.0,7,64
3,2,14,2.8,11.81488476352693,0.0,7,64
3,2,15,3.0,11.427006076126796,0.0,7,64
3,2,16,2.8,16.153619174128842,0.0,7,64
3,2,17,3.0,11.468271472513132,0.0,7,64
3,2,18,2.8,12.929493885897456,0.0,7,64
3,2,19,2.8,11.964489930016104,0.0,7,64
3,2,20,2.8,8.375640781494116,0.0,7,64
3,2,21,2.8,12.167442105125147,0.0,7,64
1,3,1,4.6,8.35899749511077,0.0,7,64
1,3,2,3.8,10.13999455100686,0.0,7,64
1,3,3,3.6,7.162748042923487,0.0,7,64
1,3,4,3.0,15.299280823236412,0.0,7,64
1,3,5,3.4,8.324654845108137,0.0,7,64
1,3,6,2.8,10.182009828497291,0.0,7,64
1,3,7,2.8,9.14343593777961,0.0,7,64
1,3,8,2.8,18.938583382405845,0.0,7,64
1,3,9,2.8,12.630121167307676,0.0,7,64
1,3,10,2.8,13.245217285864289,0.0,7,64
1,3,11,2.8,23.47371642528257,0.0,7,64
1,3,12,2.8,10.043933961453028,0.0,7,64
1,3,13,2.8,14.0536796613663,0.0,7,64
1,3,14,2.8,10.6800453009211,0.0,7,64
1,3,15,2.8,10.908946800608703,0.0,7,64
1,3,16,2.8,12.712843401624257,0.0,7,64
1,3,17,3.4,8.019826368752822,0.0,7,64
1,3,18,3.2,9.554710983391146,0.0,7,64
1,3,19,3.0,10.553880892885545,0.0,7,64
1,3,20,3.2,9.198453801958067,0.0,7,64
2,3,1,4.0,9.429860568623301,0.0,7,64
2,3,2,4.4,7.655870066746525,0.0,7,64
2,3,3,3.8,8.329988846357626,0.0,7,64
2,3,4,3.2,10.449317221116987,0.0,7,64
2,3,5,2.8,9.950935283045542,0.0,7,64
2,3,6,3.4,10.017293393454768,0.0,7,64
2,3,7,3.2,10.964253790632,0.0,7,64
2,3,8,2.8,12.545397134252172,0.0,7,64
2,3,9,2.8,10.533517070889554,0.0,7,64
2,3,10,2.8,13.62699825541173,0.0,7,64
2,3,11,2.8,11.04471941450663,0.0,7,64
2,3,12,2.8,10.632826986810914,0.0,7,64
2,3,13,3.0,8.708706364245241,0.0,7,64
2,3,14,3.2,10.700477278585074,0.0,7,64
2,3,15,3.2,10.487547267573525,0.0,7,64
2,3,16,2.8,10.405036851044368,0.0,7,64
2,3,17,3.0,14.942051342717285,0.0,7,64
2,3,18,3.0,9.4899526146786,0.0,7,64
2,3,19,2.8,9.580701967150434,0.0,7,64
2,3,20,2.2,13.438082266799224,0.0,5,64
3,3,1,3.0,10.047500917586522,0.0,7,64
3,3,2,2.8,10.725687001392004,0.0,7,64
3,3,3,2.8,10.69461376950973,0.0,7,64
3,3,4,2.8,9.44523191120748,0.0,7,64
3,3,5,2.8,10.788153899162307,0.0,7,64
3,3,6,2.8,9.199393830857062,0.0,7,64
3,3,7,3.0,11.736661352950005,0.0,7,64
3,3,8,2.8,12.208347735359355,0.0,7,64
3,3,9,2.8,15.746314282005624,0.0,7,64
3,3,10,2.8,10.368896189794881,0.0,7,64
3,3,11,2.8,13.83821653403415,0.0,7,64
3,3,12,3.2,9.097706036911447,0.0,7,64
3,3,13,3.2,10.51947133919453,0.0,7,64
3,3,14,2.8,8.594995891440492,0.0,7,64
3,3,15,2.8,20.40334127896487,0.0,7,64
3,3,16,3.2,10.063043109389454,0.0,7,64
3,3,17,2.8,10.878294500285516,0.0,7,64
3,3,18,3.0,11.793309814265623,0.0,7,64
3,3,19,2.8,12.241178210788718,0.0,7,64
3,3,20,2.8,8.04103050233763,0.0,7,64
3,3,21,3.0,9.736225993676499,0.0,7,64
3,3,22,2.2,14.319215357381077,0.0,5,64
1,4,1,4.2,10.65812799659176,0.0,7,64
1,4,2,3.6,9.81784663025452,0.0,7,64
1,4,3,3.2,8.607730028154586,0.0,7,64
1,4,4,3.2,12.519151140585691,0.0,7,64
1,4,5,3.2,8.338239632789136,0.0,7,64
1,4,6,3.0,9.379446480614186,0.0,7,64
1,4,7,2.8,10.746445823976176,0.0,7,64
1,4,8,2.8,10.720876407177256,0.0,7,64
1,4,9,2.8,11.765083123722176,0.0,7,64
1,4,10,2.8,17.988209612170852,0.0,7,64
1,4,11,2.8,14.78629784477342,0.0,7,64
1,4,12,2.8,13.512276273538182,0.0,7,64
1,4,13,2.8,13.70805468379374,0.0,7,64
1,4,14,2.8,12.730628745251186,0.0,7,64
1,4,15,3.0,9.04871858660718,0.0,7,64
1,4,16,3.0,10.718079799162442,0.0,7,64
1,4,17,3.2,8.999037337026937,0.0,7,64
1,4,18,3.2,9.622048741291996,0.0,7,64
1,4,19,3.2,10.03821443477413,0.0,7,64
1,4,20,3.2,9.130169639481014,0.0,7,64
2,4,1,3.2,12.9146966060307,0.0,7,64
2,4,2,2.8,11.372322718073102,0.0,7,64
2,4,3,3.2,12.08461801923504,0.0,7,64
2,4,4,3.4,8.590266868934945,0.0,7,64
2,4,5,2.8,9.824521927501682,0.0,7,64
2,4,6,2.8,10.049033803950273,0.0,7,64
2,4,7,3.2,9.455611741751657,0.0,7,64
2,4,8,2.8,12.039456083780658,0.0,7,64
2,4,9,2.8,13.917417023163742,0.0,7,64
2,4,10,2.8,10.854362857736877,0.0,7,64
2,4,11,3.0,11.522859920486605,0.0,7,64
2,4,12,2.8,12.373598086798,0.0,7,64
2,4,13,2.8,10.987160044564238,0.0,7,64
2,4,14,2.8,10.653337530262586,0.0,7,64
2,4,15,3.0,9.822549723719915,0.0,7,64
2,4,16,2.8,12.351777307893341,0.0,7,64
2,4,17,3.0,11.146591534507188,0.0,7,64
2,4,18,3.0,11.68539997834094,0.0,7,64
2,4,19,3.0,9.900107704563368,0.0,7,64
2,4,20,2.8,8.43457615209537,0.0,7,64
2,4,21,3.0,10.781520023226195,0.0,7,64
3,4,1,3.4,8.762802375149409,0.0,7,64
3,4,2,3.0,12.312871177322132,0.0,7,64
3,4,3,3.2,9.723375572195485,0.0,7,64
3,4,4,2.8,9.174087539315758,0.0,7,64
3,4,5,2.8,11.197128950644187,0.0,7,64
3,4,6,3.0,8.511604185538006,0.0,7,64
3,4,7,3.0,12.360625448508944,0.0,7,64
3,4,8,3.0,9.738228401248335,0.0,7,64
3,4,9,2.8,12.6789348552992,0.0,7,64
3,4,10,2.8,12.893981854340078,0.0,7,64
3,4,11,3.4,9.500714929954203,0.0,7,64
3,4,12,3.0,8.183082696061561,0.0,7,64
3,4,13,3.2,9.881333376346737,0.0,7,64
3,4,14,2.8,11.576072418792855,0.0,7,64
3,4,15,3.2,9.799981200818515,0.0,7,64
3,4,16,3.0,12.48169582152467,0.0,7,64
3,4,17,3.2,11.185929237619261,0.0,7,64
3,4,18,2.8,11.050763060311189,0.0,7,64
3,4,19,2.8,9.09985355119168,0.0,7,64
3,4,20,2.8,11.915011519121808,0.0,7,64
3,4,21,3.0,9.869025642518398,0.0,7,64
1,5,1,4.8,9.39730164351894,0.0,7,64
1,5,2,3.6,9.490772397706207,0.0,7,64
1,5,3,3.4,7.549383746273018,0.0,7,64
1,5,4,3.8,9.597890509523381,0.0,7,64
1,5,5,2.8,10.8774809888829,0.0,7,64
1,5,6,2.8,10.012825917809106,0.0,7,64
1,5,7,2.8,10.60817544045452,0.0,7,64
1,5,8,2.8,12.681358102182955,0.0,7,64
1,5,9,2.8,13.240653252222275,0.0,7,64
1,5,10,2.8,16.376910376220962,0.0,7,64
1,5,11,2.8,16.167974340853764,0.0,7,64
1,5,12,2.8,10.997065609541835,0.0,7,64
1,5,13,2.8,15.53955118632007,0.0,7,64
1,5,14,2.8,15.642577255358912,0.0,7,64
1,5,15,3.0,9.170106242198711,0.0,7,64
1,5,16,2.8,12.497680211763885,0.0,7,64
1,5,17,3.0,9.577251226102364,0.0,7,64
1,5,18,3.0,9.502824726875142,0.0,7,64
1,5,19,3.0,10.958308526897502,0.0,7,64
1,5,20,3.0,11.161496883357811,0.0,7,64
2,5,1,4.2,8.592330235300143,0.0,7,64
2,5,2,4.2,7.223831722233178,0.0,7,64
2,5,3,3.8,7.940651506627738,0.0,7,64
2,5,4,3.4,8.584503924530274,0.0,7,64
2,5,5,2.8,9.231702743841277,0.0,7,64
2,5,6,3.2,9.638924887296515,0.0,7,64
2,5,7,3.0,12.367063698147266,0.0,7,64
2,5,8,2.8,11.731997959943525,0.0,7,64
2,5,9,3.0,10.27732339847095,0.0,7,64
2,5,10,3.0,11.91599315798751,0.0,7,64
2,5,11,2.8,10.577340945446071,0.0,7,64
2,5,12,2.8,11.087732257390446,0.0,7,64
2,5,13,2.8,8.825773457939366,0.0,7,64
2,5,14,3.0,9.655369454585008,0.0,7,64
2,5,15,3.0,10.899815737609515,0.0,7,64
2,5,16,2.8,12.42972114327666,0.0,7,64
2,5,17,3.0,12.169059768215927,0.0,7,64
2,5,18,3.0,9.233853036985645,0.0,7,64
2,5,19,3.0,8.505599258582517,0.0,7,64
2,5,20,2.4,13.830113379033113,0.0,5,64
3,5,1,3.6,7.327547224347594,0.0,7,64
3,5,2,3.4,10.023322741934575,0.0,7,64
3,5,3,2.8,11.18793325991508,0.0,7,64
3,5,4,2.8,10.236703655568677,0.0,7,64
3,5,5,2.8,11.763390596110085,0.0,7,64
3,5,6,2.8,8.83542868681617,0.0,7,64
3,5,7,3.0,16.018881272087853,0.0,7,64
3,5,8,3.2,9.320441614279321,0.0,7,64
3,5,9,2.8,11.22367585128266,0.0,7,64
3,5,10,2.8,11.456814826348943,0.0,7,64
3,5,11,3.2,9.000210843044414,0.0,7,64
3,5,12,3.0,8.585108348048859,0.0,7,64
3,5,13,3.0,11.463908884802748,0.0,7,64
3,5,14,2.8,12.288530970731944,0.0,7,64
3,5,15,3.0,10.35721040680543,0.0,7,64
3,5,16,2.8,15.526745882865637,0.0,7,64
3,5,17,3.0,9.422298805765289,0.0,7,64
3,5,18,2.8,13.034658998448457,0.0,7,64
3,5,19,3.0,10.033691025154353,0.0,7,64
3,5,20,2.8,9.429577358908011,0.0,7,64
3,5,21,3.0,10.104407713463049,0.0,7,64
1,6,1,4.6,8.29000070373186,0.0,7,64
1,6,2,4.0,9.919546867785439,0.0,7,64
1,6,3,3.4,8.860580674481955,0.0,7,64
1,6,4,2.8,15.379028580196334,0.0,7,64
1,6,5,3.2,8.361933789774623,0.0,7,64
1,6,6,2.8,13.921842533287872,0.0,7,64
1,6,7,2.8,10.510755213357093,0.0,7,64
1,6,8,2.8,13.458101102522148,0.0,7,64
1,6,9,2.8,9.927638633157986,0.0,7,64
1,6,10,2.8,13.461122413724878,0.0,7,64
1,6,11,2.8,20.48695084714157,0.0,7,64
1,6,12,2.8,9.29851909167237,0.0,7,64
1,6,13,2.8,14.916684019752829,0.0,7,64
1,6,14,2.8,12.449142415223843,0.0,7,64
1,6,15,2.8,12.31781036562114,0.0,7,64
1,6,16,2.8,10.96796710367729,0.0,7,64
1,6,17,3.2,8.385435516793716,0.0,7,64
1,6,18,3.2,7.936577531388711,0.0,7,64
1,6,19,3.2,9.181696771216671,0.0,7,64
1,6,20,3.0,10.611179758649202,0.0,7,64
2,6,1,3.8,10.450999189202975,0.0,7,64
2,6,2,4.0,9.204102968306303,0.0,7,64
2,6,3,3.6,8.684447514052986,0.0,7,64
2,6,4,3.6,7.579419010666594,0.0,7,64
2,6,5,2.8,10.104395606372101,0.0,7,64
2,6,6,3.2,11.702621217657574,0.0,7,64
2,6,7,3.0,10.228622529306937,0.0,7,64
2,6,8,2.8,11.502179525993979,0.0,7,64
2,6,9,2.8,13.759942869985135,0.0,7,64
2,6,10,3.0,9.730431122918926,0.0,7,64
2,6,11,2.8,11.781011941570148,0.0,7,64
2,6,12,2.8,13.441580515695508,0.0,7,64
2,6,13,2.8,11.68376276712565,0.0,7,64
2,6,14,3.0,9.35000737550115,0.0,7,64
2,6,15,3.0,10.513683157836844,0.0,7,64
2,6,16,2.8,10.768971473061232,0.0,7,64
2,6,17,2.8,11.873533609352865,0.0,7,64
2,6,18,3.2,9.649015606474142,0.0,7,64
2,6,19,2.8,7.885566513405438,0.0,7,64
2,6,20,3.0,11.359926017571059,0.0,7,64
3,6,1,3.2,8.670485766236894,0.0,7,64
3,6,2,3.0,11.590029970926981,0.0,7,64
3,6,3,2.8,13.80387496642435,0.0,7,64
3,6,4,2.8,9.707189831691279,0.0,7,64
3,6,5,3.0,9.708127739691088,0.0,7,64
3,6,6,2.8,9.883105564900951,0.0,7,64
3,6,7,3.0,11.102441010101893,0.0,7,64
3,6,8,2.8,12.090985797870099,0.0,7,64
3,6,9,3.0,16.88051776315526,0.0,7,64
3,6,10,2.8,10.701890477993143,0.0,7,64
3,6,11,3.0,11.046144138712911,0.0,7,64
3,6,12,3.0,11.040719762894115,0.0,7,64
3,6,13,3.2,10.846952719291163,0.0,7,64
3,6,14,2.8,10.031737256805977,0.0,7,64
3,6,15,3.0,12.639008531636414,0.0,7,64
3,6,16,3.0,12.44760265616828,0.0,7,64
3,6,17,3.0,10.988008805666169,0.0,7,64
3,6,18,3.0,10.86154622447951,0.0,7,64
3,6,19,2.8,12.823766678350482,0.0,7,64
3,6,20,2.8,8.853650493231372,0.0,7,64
3,6,21,2.8,10.9271780458946,0.0,7,64
1,7,1,4.6,8.889216144283761,0.0,7,64
1,7,2,3.8,10.622610447889901,0.0,7,64
1,7,3,3.4,8.011049466983293,0.0,7,64
1,7,4,3.2,9.328749053217432,0.0,7,64
1,7,5,3.2,8.485066500167424,0.0,7,64
1,7,6,2.8,9.32659809424046,0.0,7,64
1,7,7,2.8,11.071230636002708,0.0,7,64
1,7,8,2.8,12.833207891636784,0.0,7,64
1,7,9,2.8,13.799069942954658,0.0,7,64
1,7,10,2.8,13.923549741274607,0.0,7,64
1,7,11,2.8,15.86554902658839,0.0,7,64
1,7,12,2.8,10.594167055675788,0.0,7,64
1,7,13,3.0,14.007165273282173,0.0,7,64
1,7,14,3.0,13.17604147304072,0.0,7,64
1,7,15,2.8,11.200309541008822,0.0,7,64
1,7,16,2.8,12.549735259581906,0.0,7,64
1,7,17,3.2,9.207274488677026,0.0,7,64
1,7,18,3.2,8.58791963143622,0.0,7,64
1,7,19,3.0,8.83611025318013,0.0,7,64
1,7,20,3.4,7.311085807766126,0.0,7,64
2,7,1,3.2,12.441803428215273,0.0,7,64
2,7,2,2.8,11.54404240007762,0.0,7,64
2,7,3,3.2,12.428413087704595,0.0,7,64
2,7,4,3.4,9.169833852082055,0.0,7,64
2,7,5,3.2,9.187486959372896,0.0,7,64
2,7,6,3.0,9.383569120770664,0.0,7,64
2,7,7,3.6,8.166119605613869,0.0,7,64
2,7,8,3.0,10.340832774137999,0.0,7,64
2,7,9,2.8,11.544347388280302,0.0,7,64
2,7,10,2.8,9.702060988742046,0.0,7,64
2,7,11,2.8,16.38542005819939,0.0,7,64
2,7,12,2.8,12.077796312285837,0.0,7,64
2,7,13,2.8,10.481013995503849,0.0,7,64
2,7,14,2.8,9.850368929514282,0.0,7,64
2,7,15,3.2,11.325392208170433,0.0,7,64
2,7,16,3.0,11.00426860317662,0.0,7,64
2,7,17,2.8,10.899107691997191,0.0,7,64
2,7,18,3.0,13.328408743864692,0.0,7,64
2,7,19,3.0,8.92075102036558,0.0,7,64
2,7,20,2.8,9.76869724046413,0.0,7,64
2,7,21,2.0,13.59441475835678,0.0,5,64
3,7,1,3.0,9.965643805387764,0.0,7,64
3,7,2,3.0,10.755922760034192,0.0,7,64
3,7,3,2.8,12.709198408045769,0.0,7,64
3,7,4,2.8,9.492578613957319,0.0,7,64
3,7,5,2.8,10.646124355892594,0.0,7,64
3,7,6,2.8,9.256504640384973,0.0,7,64
3,7,7,3.0,9.409267883858748,0.0,7,64
3,7,8,2.8,9.809320918427353,0.0,7,64
3,7,9,3.0,15.267222026181903,0.0,7,64
3,7,10,2.8,11.488393691507444,0.0,7,64
3,7,11,2.8,10.741988623699294,0.0,7,64
3,7,12,3.2,9.72317507091212,0.0,7,64
3,7,13,3.2,9.51900485460201,0.0,7,64
3,7,14,3.0,9.79345988669141,0.0,7,64
3,7,15,3.0,12.518103277463368,0.0,7,64
3,7,16,2.8,12.487468087272624,0.0,7,64
3,7,17,3.0,11.056678476805997,0.0,7,64
3,7,18,3.0,11.950859563727697,0.0,7,64
3,7,19,2.8,12.100622020476179,0.0,7,64
3,7,20,2.8,10.36318319862492,0.0,7,64
3,7,21,3.0,9.847234380006968,0.0,7,64
1,8,1,4.6,9.131684892427156,0.0,7,64
1,8,2,3.8,9.637278549490143,0.0,7,64
1,8,3,3.4,8.086299406122357,0.0,7,64
1,8,4,3.2,10.838898594596017,0.0,7,64
1,8,5,3.0,9.319451194606618,0.0,7,64
1,8,6,2.8,10.42841398622122,0.0,7,64
1,8,7,2.8,9.455260032432824,0.0,7,64
1,8,8,2.8,13.458101102522164,0.0,7,64
1,8,9,2.8,11.263707006630879,0.0,7,64
1,8,10,2.8,14.891523176124267,0.0,7,64
1,8,11,2.8,12.319642817472488,0.0,7,64
1,8,12,2.8,9.640670020404762,0.0,7,64
1,8,13,2.8,16.83346516325188,0.0,7,64
1,8,14,2.8,13.242514221410289,0.0,7,64
1,8,15,3.0,10.28610953309844,0.0,7,64
1,8,16,2.8,11.299163519884159,0.0,7,64
1,8,17,3.0,8.834445526875745,0.0,7,64
1,8,18,3.2,8.897489199573103,0.0,7,64
1,8,19,3.2,9.545294506073935,0.0,7,64
1,8,20,3.0,9.816068393788097,0.0,7,64
2,8,1,3.6,9.911937875613107,0.0,7,64
2,8,2,3.0,10.643218348196237,0.0,7,64
2,8,3,4.0,8.355954412511071,0.125,7,64
2,8,4,2.8,9.813697823528111,0.0,7,64
2,8,5,2.8,11.226155746970516,0.0,7,64
2,8,6,2.8,10.70163124028658,0.0,7,64
2,8,7,3.6,8.048136091590413,0.0,7,64
2,8,8,3.0,12.358217222035687,0.0,7,64
2,8,9,2.8,14.669189936942859,0.0,7,64
2,8,10,2.8,8.653881343664953,0.0,7,64
2,8,11,3.0,11.836341609208962,0.0,7,64
2,8,12,2.8,13.923559977020423,0.0,7,64
2,8,13,2.8,9.829978133432382,0.0,7,64
2,8,14,2.8,11.08269779690645,0.0,7,64
2,8,15,3.0,11.32352006230922,0.0,7,64
2,8,16,3.0,10.622416989799618,0.0,7,64
2,8,17,2.8,13.531775606297137,0.0,7,64
2,8,18,3.0,12.612851643565987,0.0,7,64
2,8,19,3.0,8.80283990238889,0.0,7,64
2,8,20,3.2,7.222217170086039,0.0,7,64
3,8,1,3.0,10.94665132165003,0.0,7,64
3,8,2,3.4,8.981496447346196,0.0,7,64
3,8,3,3.0,10.079449639037929,0.0,7,64
3,8,4,2.8,10.740430269618368,0.0,7,64
3,8,5,2.8,10.259082246085455,0.0,7,64
3,8,6,2.8,9.707788257924866,0.0,7,64
3,8,7,3.0,13.71756384784946,0.0,7,64
3,8,8,2.8,10.754206802347802,0.0,7,64
3,8,9,2.8,14.444456776595594,0.0,7,64
3,8,10,2.8,10.701890477992968,0.0,7,64
3,8,11,3.0,10.642501782861872,0.0,7,64
3,8,12,3.4,7.70693839930942,0.0,7,64
3,8,13,3.2,11.028715564097618,0.0,7,64
3,8,14,2.8,11.26265665359655,0.0,7,64
3,8,15,3.2,10.439666398000142,0.0,7,64
3,8,16,2.8,12.78763443335196,0.0,7,64
3,8,17,3.0,10.510835717837509,0.0,7,64
3,8,18,2.8,13.010557596095827,0.0,7,64
3,8,19,2.8,11.250934302488178,0.0,7,64
3,8,20,2.8,9.20198883973662,0.0,7,64
3,8,21,2.8,10.805054190117588,0.0,7,64
1,9,1,4.6,9.063015606555089,0.0,7,64
1,9,2,4.0,9.46758884223246,0.0,7,64
1,9,3,3.4,7.896835434420661,0.0,7,64
1,9,4,3.0,11.100180803013803,0.0,7,64
1,9,5,3.4,8.089961451498185,0.0,7,64
1,9,6,3.0,9.288003033710067,0.0,7,64
1,9,7,2.8,9.935792053212383,0.0,7,64
1,9,8,2.8,15.178639477666504,0.0,7,64
1,9,9,2.8,12.804618450410034,0.0,7,64
1,9,10,2.8,17.190067445280675,0.0,7,64
1,9,11,2.8,15.410919616485018,0.0,7,64
1,9,12,2.8,10.409322570145502,0.0,7,64
1,9,13,3.0,11.969053626889316,0.0,7,64
1,9,14,3.0,13.73947283889184,0.0,7,64
1,9,15,2.8,10.847833045773461,0.0,7,64
1,9,16,2.8,12.349768801856552,0.0,7,64
1,9,17,3.2,10.628071782732562,0.0,7,64
1,9,18,3.2,10.37863747110173,0.0,7,64
1,9,19,3.0,9.292091136394871,0.0,7,64
1,9,20,3.0,8.920731477379832,0.0,7,64
2,9,1,4.0,8.960158081185323,0.0,7,64
2,9,2,3.2,10.27480870758265,0.0,7,64
2,9,3,3.4,9.804642880593573,0.0,7,64
2,9,4,3.2,10.470989185029223,0.0,7,64
2,9,5,2.8,9.632588857180265,0.0,7,64
2,9,6,3.0,10.856926772972502,0.0,7,64
2,9,7,3.8,8.802956632255029,0.0,7,64
2,9,8,3.0,10.72739784209805,0.0,7,64
2,9,9,2.8,10.396330196710547,0.0,7,64
2,9,10,2.8,9.64455961200196,0.0,7,64
2,9,11,2.8,13.068615416065795,0.0,7,64
2,9,12,2.8,12.474093048861002,0.0,7,64
2,9,13,3.0,10.593507804321986,0.0,7,64
2,9,14,3.0,8.26061994085809,0.0,7,64
2,9,15,3.0,11.166403701389847,0.0,7,64
2,9,16,2.8,12.233336583159003,0.0,7,64
2,9,17,2.8,12.090440758295822,0.0,7,64
2,9,18,3.2,10.280192763269916,0.0,7,64
2,9,19,2.8,8.457014864192645,0.0,7,64
2,9,20,3.0,9.19000158331285,0.0,7,64
3,9,1,3.2,9.13678232314356,0.0,7,64
3,9,2,2.8,13.71470718277179,0.0,7,64
3,9,3,3.0,12.563290816802839,0.0,7,64
3,9,4,2.8,7.810533472774045,0.0,7,64
3,9,5,2.8,10.129190669099504,0.0,7,64
3,9,6,2.8,10.47043266470024,0.0,7,64
3,9,7,3.0,9.532458758690964,0.0,7,64
3,9,8,3.0,10.419037965534216,0.0,7,64
3,9,9,3.0,14.448046448674472,0.0,7,64
3,9,10,2.8,9.762379462901517,0.0,7,64
3,9,11,3.0,11.590403107717185,0.0,7,64
3,9,12,3.0,10.473522146892014,0.0,7,64
3,9,13,3.2,9.618720341896715,0.0,7,64
3,9,14,3.0,10.453429752988521,0.0,7,64
3,9,15,3.2,11.448391578410126,0.0,7,64
3,9,16,2.8,18.063495838037994,0.0,7,64
3,9,17,3.0,9.46274849230309,0.0,7,64
3,9,18,3.0,10.07185667546715,0.0,7,64
3,9,19,2.8,11.816077176092652,0.0,7,64
3,9,20,2.8,9.25770330308113,0.0,7,64
3,9,21,3.0,9.389277500843301,0.0,7,64
1,10,1,4.4,7.754690260212876,0.0,7,64
1,10,2,4.0,10.682464833657567,0.0,7,64
1,10,3,3.4,7.474471834524861,0.0,7,64
1,10,4,3.2,9.357721983833773,0.0,7,64
1,10,5,3.0,10.083586619028132,0.0,7,64
1,10,6,2.8,11.351722335854335,0.0,7,64
1,10,7,2.8,12.812608145124292,0.0,7,64
1,10,8,2.8,11.96205036635805,0.0,7,64
1,10,9,2.8,12.580563156342146,0.0,7,64
1,10,10,2.8,12.83057332915038,0.0,7,64
1,10,11,2.8,20.010731310610545,0.0,7,64
1,10,12,2.8,12.631509172652018,0.0,7,64
1,10,13,2.8,11.678822603983933,0.0,7,64
1,10,14,2.8,14.767806928242464,0.0,7,64
1,10,15,2.8,11.696196898976648,0.0,7,64
1,10,16,2.8,10.490618008924292,0.0,7,64
1,10,17,3.0,8.767082655806465,0.0,7,64
1,10,18,3.2,8.71607874045264,0.0,7,64
1,10,19,3.2,9.494136438080792,0.0,7,64
1,10,20,3.2,9.025329955377453,0.0,7,64
2,10,1,3.8,10.258182805515634,0.0,7,64
2,10,2,3.6,10.058137377685128,0.0,7,64
2,10,3,3.2,9.110215114336512,0.0,7,64
2,10,4,3.6,6.995299701426658,0.0,7,64
2,10,5,2.8,11.245719412832681,0.0,7,64
2,10,6,3.2,9.94585155615606,0.0,7,64
2,10,7,3.4,8.471552684966403,0.0,7,64
2,10,8,3.0,9.769363663376902,0.0,7,64
2,10,9,2.8,11.305955191078807,0.0,7,64
2,10,10,3.0,9.384490183222228,0.0,7,64
2,10,11,3.0,12.604268860697898,0.0,7,64
2,10,12,2.8,12.82165419182618,0.0,7,64
2,10,13,2.8,11.337239009341014,0.0,7,64
2,10,14,3.0,8.798528531157901,0.0,7,64
2,10,15,2.8,12.70145308179693,0.0,7,64
2,10,16,2.8,11.65064908579533,0.0,7,64
2,10,17,2.8,12.16366439006186,0.0,7,64
2,10,18,3.2,10.596055949348084,0.0,7,64
2,10,19,2.8,8.45376550624754,0.0,7,64
2,10,20,3.0,10.864155710894943,0.0,7,64
3,10,1,3.2,8.68279485688371,0.0,7,64
3,10,2,3.4,9.097985793006833,0.0,7,64
3,10,3,2.8,11.43552101748831,0.0,7,64
3,10,4,2.8,11.981856142932804,0.0,7,64
3,10,5,3.0,9.53159245398212,0.0,7,64
3,10,6,2.8,9.193693730781222,0.0,7,64
3,10,7,3.0,11.376222644515256,0.0,7,64
3,10,8,2.8,12.377495902381522,0.0,7,64
3,10,9,2.8,14.580690996175782,0.0,7,64
3,10,10,3.0,10.103735018299904,0.0,7,64
3,10,11,3.6,8.286389248466186,0.125,7,64
3,10,12,3.0,9.717218961349252,0.0,7,64
3,10,13,2.8,12.107134737651952,0.0,7,64
3,10,14,2.8,11.267040855891114,0.0,7,64
3,10,15,3.0,10.035500859671865,0.0,7,64
3,10,16,3.0,15.019967832148179,0.0,7,64
3,10,17,3.0,11.138212181413914,0.0,7,64
3,10,18,2.8,11.578743649768409,0.0,7,64
3,10,19,3.0,9.903712461586117,0.0,7,64
3,10,20,2.8,8.792454461539219,0.0,7,64
3,10,21,2.8,10.748314838492126,0.0,7,64
1,11,1,4.8,8.413292161505206,0.0,7,64
1,11,2,3.8,10.777265998745825,0.0,7,64
1,11,3,3.4,8.770310542513219,0.0,7,64
1,11,4,3.0,12.103457935669914,0.0,7,64
1,11,5,3.0,9.09441419304625,0.0,7,64
1,11,6,3.0,9.43488200448554,0.0,7,64
1,11,7,2.8,13.412152174893604,0.0,7,64
1,11,8,2.8,14.294414847228278,0.0,7,64
1,11,9,2.8,10.359373057910545,0.0,7,64
1,11,10,2.8,13.67085025112088,0.0,7,64
1,11,11,2.8,16.472729200246018,0.0,7,64
1,11,12,2.8,12.691552808462896,0.0,7,64
1,11,13,2.8,13.149674349758298,0.0,7,64
1,11,14,2.8,12.685642337369194,0.0,7,64
1,11,15,3.0,9.054287060460023,0.0,7,64
1,11,16,2.8,12.68608014059789,0.0,7,64
1,11,17,3.0,8.674936056689774,0.0,7,64
1,11,18,3.2,9.205803668116927,0.0,7,64
1,11,19,3.0,10.40935662842586,0.0,7,64
1,11,20,2.8,13.713904523189859,0.0,7,64
2,11,1,3.0,14.41823843355397,0.0,7,64
2,11,2,2.8,10.910765391707633,0.0,7,64
2,11,3,3.8,9.244035554228121,0.125,7,64
2,11,4,3.0,9.510436177156576,0.0,7,64
2,11,5,2.8,11.190692695283504,0.0,7,64
2,11,6,2.8,9.744822844115726,0.0,7,64
2,11,7,3.4,9.761488169749773,0.0,7,64
2,11,8,2.8,11.519145762658331,0.0,7,64
2,11,9,2.8,12.845866700695762,0.0,7,64
2,11,10,3.0,9.322764626479302,0.0,7,64
2,11,11,3.0,12.776770150101413,0.0,7,64
2,11,12,2.8,10.985207052282178,0.0,7,64
2,11,13,2.8,11.448880474758656,0.0,7,64
2,11,14,3.0,9.507420481880454,0.0,7,64
2,11,15,3.0,10.288834545564077,0.0,7,64
2,11,16,2.8,13.8552193080945,0.0,7,64
2,11,17,2.8,11.482913952352721,0.0,7,64
2,11,18,3.0,11.366453916399006,0.0,7,64
2,11,19,2.8,9.705135960490605,0.0,7,64
2,11,20,2.8,9.461543581643761,0.0,7,64
2,11,21,3.0,10.698557959934691,0.0,6,64
3,11,1,3.6,6.607202117207966,0.0,7,64
3,11,2,3.0,14.882135979819775,0.0,7,64
3,11,3,3.4,9.480540083175214,0.0,7,64
3,11,4,3.0,9.50186603753307,0.0,7,64
3,11,5,3.2,8.261164592043816,0.0,7,64
3,11,6,2.8,9.891594555532114,0.0,7,64
3,11,7,3.0,13.712026854259474,0.0,7,64
3,11,8,2.8,11.916590539564586,0.0,7,64
3,11,9,2.8,11.385103367576916,0.0,7,64
3,11,10,2.8,13.26475417677254,0.0,7,64
3,11,11,3.6,7.900611000453378,0.125,7,64
3,11,12,3.0,10.267241972371503,0.0,7,64
3,11,13,3.2,8.084592469238977,0.0,7,64
3,11,14,2.8,15.749704310893405,0.0,7,64
3,11,15,3.2,10.450452138580618,0.0,7,64
3,11,16,2.8,11.758375923251467,0.0,7,64
3,11,17,3.0,11.625689480389733,0.0,7,64
3,11,18,2.8,12.095921425667825,0.0,7,64
3,11,19,2.8,9.00707851541887,0.0,7,64
3,11,20,2.8,10.803943543495672,0.0,7,64
3,11,21,2.6,12.133178958419867,0.0,6,64
1,12,1,4.2,8.518645635320617,0.0,7,64
1,12,2,3.8,11.574077400547207,0.0,7,64
1,12,3,3.2,9.86179749397323,0.0,7,64
1,12,4,3.4,11.454807339155249,0.0,7,64
1,12,5,3.2,10.350725916178794,0.0,7,64
1,12,6,2.8,10.819746208606173,0.0,7,64
1,12,7,2.8,12.660603081639973,0.0,7,64
1,12,8,2.8,13.269810963389583,0.0,7,64
1,12,9,2.8,12.911496230764744,0.0,7,64
1,12,10,2.8,16.61501542757502,0.0,7,64
1,12,11,2.8,19.126888406047094,0.0,7,64
1,12,12,2.8,8.368467068738639,0.0,7,64
1,12,13,2.8,17.75826806817302,0.0,7,64
1,12,14,3.0,11.554389618685562,0.0,7,64
1,12,15,2.8,10.661524494938174,0.0,7,64
1,12,16,2.8,9.986445800143226,0.0,7,64
1,12,17,3.2,9.247617988478305,0.0,7,64
1,12,18,3.2,8.389608286062787,0.0,7,64
1,12,19,3.2,11.320550343483267,0.0,7,64
1,12,20,3.0,10.028433374964504,0.0,7,64
2,12,1,3.6,9.394301279728486,0.0,7,64
2,12,2,2.8,10.842628928841556,0.0,7,64
2,12,3,3.6,8.29709366385005,0.0,7,64
2,12,4,3.4,8.394361605624814,0.0,7,64
2,12,5,2.8,13.874728417723118,0.0,7,64
2,12,6,2.8,11.029716137375267,0.0,7,64
2,12,7,3.4,9.94908197842389,0.0,7,64
2,12,8,2.8,10.221215161295168,0.0,7,64
2,12,9,2.8,12.936566361350172,0.0,7,64
2,12,10,2.8,9.117967526566579,0.0,7,64
2,12,11,2.8,12.853604989142836,0.0,7,64
2,12,12,2.8,11.101142739417654,0.0,7,64
2,12,13,2.8,13.604966947585675,0.0,7,64
2,12,14,3.0,9.259952123772642,0.0,7,64
2,12,15,3.2,8.850657127048557,0.0,7,64
2,12,16,3.0,10.62204091123339,0.0,7,64
2,12,17,2.8,11.450021969763492,0.0,7,64
2,12,18,3.0,15.567453745432104,0.0,7,64
2,12,19,2.8,9.66079340627615,0.0,7,64
2,12,20,3.0,8.104978040323616,0.0,7,64
2,12,21,2.5,12.845630763499377,0.0,4,64
3,12,1,3.4,8.005772215347731,0.0,7,64
3,12,2,3.6,8.367930958559404,0.0,7,64
3,12,3,3.0,10.195148703475091,0.0,7,64
3,12,4,3.0,8.959043164602702,0.0,7,64
3,12,5,3.2,8.075728232882094,0.0,7,64
3,12,6,2.8,9.09710822726555,0.0,7,64
3,12,7,3.0,15.25062344929676,0.0,7,64
3,12,8,3.0,11.973137238868542,0.0,7,64
3,12,9,2.8,10.937341119874182,0.0,7,64
3,12,10,3.0,11.738498675853732,0.0,7,64
3,12,11,3.6,10.184136465390237,0.125,7,64
3,12,12,2.8,9.508606146471339,0.0,7,64
3,12,13,3.0,9.100704252317128,0.0,7,64
3,12,14,2.8,17.9183651953857,0.0,7,64
3,12,15,3.2,9.829051876787634,0.0,7,64
3,12,16,2.8,11.781025152310102,0.0,7,64
3,12,17,3.0,10.158208640121074,0.0,7,64
3,12,18,2.8,12.315122769408894,0.0,7,64
3,12,19,2.8,9.723021074847857,0.0,7,64
3,12,20,2.8,12.378282294379183,0.0,7,64
3,12,21,2.6,13.293533522474728,0.0,6,64
1,13,1,4.6,8.166420789780476,0.0,7,64
1,13,2,3.8,10.278357661450125,0.0,7,64
1,13,3,3.4,7.733464368438193,0.0,7,64
1,13,4,3.2,10.111410690514113,0.0,7,64
1,13,5,3.2,9.04547977717152,0.0,7,64
1,13,6,3.0,8.777695863341819,0.0,7,64
1,13,7,2.8,10.702377379097006,0.0,7,64
1,13,8,2.8,15.563575190956822,0.0,7,64
1,13,9,2.8,10.369757411555327,0.0,7,64
1,13,10,2.8,16.97669789898134,0.0,7,64
1,13,11,2.8,13.45955213618308,0.0,7,64
1,13,12,2.8,10.498911934228218,0.0,7,64
1,13,13,2.8,16.610398136607323,0.0,7,64
1,13,14,3.0,13.873752545544459,0.0,7,64
1,13,15,2.8,12.347827424980641,0.0,7,64
1,13,16,2.8,14.410414974890426,0.0,7,64
1,13,17,3.0,9.47187473150304,0.0,7,64
1,13,18,3.0,13.598776092749706,0.0,7,64
1,13,19,3.0,9.536288709638942,0.0,7,64
1,13,20,3.2,9.130169639480982,0.0,7,64
2,13,1,3.6,9.61584852615249,0.0,7,64
2,13,2,3.6,9.788943470144922,0.0,7,64
2,13,3,3.0,11.826787154077751,0.0,7,64
2,13,4,3.2,8.689152944914357,0.0,7,64
2,13,5,3.0,11.129757913493503,0.0,7,64
2,13,6,2.8,9.708838851054304,0.0,7,64
2,13,7,3.4,8.740027063640978,0.0,7,64
2,13,8,3.0,12.408361717435843,0.0,7,64
2,13,9,3.0,13.684642604250183,0.0,7,64
2,13,10,2.8,8.811111284925154,0.0,7,64
2,13,11,3.0,14.686304787400552,0.0,7,64
2,13,12,2.8,10.583648961228414,0.0,7,64
2,13,13,2.8,10.68528549876818,0.0,7,64
2,13,14,3.0,8.965124717553156,0.0,7,64
2,13,15,3.0,10.434816749077099,0.0,7,64
2,13,16,2.8,11.353395407483985,0.0,7,64
2,13,17,2.8,12.258088285873981,0.0,7,64
2,13,18,2.8,11.145775829891306,0.0,7,64
2,13,19,3.0,8.060367022560687,0.0,7,64
2,13,20,3.0,8.071951737957379,0.0,7,64
3,13,1,3.2,8.362263762447657,0.0,7,64
3,13,2,3.0,10.232671296933956,0.0,7,64
3,13,3,2.8,12.608669506137145,0.0,7,64
3,13,4,2.8,8.863162545193937,0.0,7,64
3,13,5,2.8,9.340280019304542,0.0,7,64
3,13,6,3.0,8.837883257185684,0.0,7,64
3,13,7,3.0,10.403677708320762,0.0,7,64
3,13,8,2.8,9.947481538714019,0.0,7,64
3,13,9,3.0,14.180067660268302,0.0,7,64
3,13,10,2.8,10.151254105971478,0.0,7,64
3,13,11,3.0,12.264413057188452,0.0,7,64
3,13,12,3.0,10.787564395224749,0.0,7,64
3,13,13,3.2,9.882946408567921,0.0,7,64
3,13,14,2.8,12.240139636149308,0.0,7,64
3,13,15,3.0,12.383111186970158,0.0,7,64
3,13,16,2.8,17.190690415347092,0.0,7,64
3,13,17,3.0,9.990235167520714,0.0,7,64
3,13,18,2.8,11.884627304864297,0.0,7,64
3,13,19,2.8,12.39489805876092,0.0,7,64
3,13,20,2.8,9.377997748575448,0.0,7,64
3,13,21,2.8,13.721397213537873,0.0,7,64
3,13,22,2.25,13.590958010629363,0.0,4,64
1,14,1,4.6,8.244632171895923,0.0,7,64
1,14,2,3.8,10.15708587582144,0.0,7,64
1,14,3,3.2,8.201013365407864,0.0,7,64
1,14,4,3.0,10.440432813485481,0.0,7,64
1,14,5,3.2,8.44947044243006,0.0,7,64
1,14,6,3.0,11.087943023309386,0.0,7,64
1,14,7,2.8,11.235877982068184,0.0,7,64
1,14,8,2.8,12.508305681226767,0.0,7,64
1,14,9,2.8,10.976469635729803,0.0,7,64
1,14,10,2.8,15.584758335479433,0.0,7,64
1,14,11,2.8,16.87302178126104,0.0,7,64
1,14,12,2.8,11.476767244664247,0.0,7,64
1,14,13,2.8,12.580984085740942,0.0,7,64
1,14,14,2.8,12.579077705620666,0.0,7,64
1,14,15,2.8,11.113773444049007,0.0,7,64
1,14,16,2.8,13.378666394914761,0.0,7,64
1,14,17,3.2,8.80187169901625,0.0,7,64
1,14,18,3.2,8.819357985439476,0.0,7,64
1,14,19,3.2,10.420087837855466,0.0,7,64
1,14,20,3.0,8.56098469813373,0.0,7,64
2,14,1,4.0,8.405991739584803,0.0,7,64
2,14,2,4.8,6.963811598191613,0.125,7,64
2,14,3,3.2,10.983357062668206,0.0,7,64
2,14,4,3.0,9.598413287409663,0.0,7,64
2,14,5,2.8,11.278254157693892,0.0,7,64
2,14,6,3.2,12.72525960164147,0.0,7,64
2,14,7,3.2,8.881545201577964,0.0,7,64
2,14,8,2.8,12.172404436716725,0.0,7,64
2,14,9,2.8,10.118135923362205,0.0,7,64
2,14,10,3.0,10.440961546441265,0.0,7,64
2,14,11,2.8,10.819480851921766,0.0,7,64
2,14,12,2.8,11.086742404020859,0.0,7,64
2,14,13,2.8,10.506926309973629,0.0,7,64
2,14,14,3.0,8.522297690331946,0.0,7,64
2,14,15,3.0,9.859404443401916,0.0,7,64
2,14,16,3.0,10.2077733181144,0.0,7,64
2,14,17,3.0,12.635255617760375,0.0,7,64
2,14,18,3.0,8.754774105194713,0.0,7,64
2,14,19,3.0,7.5328549291875335,0.0,7,64
2,14,20,2.8,11.918317764413501,0.0,6,64
3,14,1,2.8,9.908390032257286,0.0,7,64
3,14,2,3.4,8.802279783804316,0.0,7,64
3,14,3,3.0,11.188548598205298,0.0,7,64
3,14,4,2.8,9.615817208033455,0.0,7,64
3,14,5,3.0,9.463199591250454,0.0,7,64
3,14,6,2.8,9.224612256706134,0.0,7,64
3,14,7,3.0,10.145172198083605,0.0,7,64
3,14,8,2.8,11.228029852389186,0.0,7,64
3,14,9,2.8,16.60078877102768,0.0,7,64
3,14,10,2.8,12.916852462881073,0.0,7,64
3,14,11,3.0,12.489820617897353,0.0,7,64
3,14,12,3.0,10.961569362827579,0.0,7,64
3,14,13,3.6,7.586457979720597,0.0,7,64
3,14,14,3.0,10.816383519012907,0.0,7,64
3,14,15,3.0,10.035500859671789,0.0,7,64
3,14,16,3.2,11.381817774303668,0.0,7,64
3,14,17,3.0,10.41186651701026,0.0,7,64
3,14,18,3.0,12.607049062464926,0.0,7,64
3,14,19,2.8,11.964489930016104,0.0,7,64
3,14,20,2.8,8.599390403177587,0.0,7,64
3,14,21,2.8,12.240495861940454,0.0,7,64
1,15,1,4.6,9.831941026162186,0.0,7,64
1,15,2,4.0,8.170993364132295,0.0,7,64
1,15,3,3.4,8.534313771836635,0.0,7,64
1,15,4,3.6,9.898813699483444,0.0,7,64
1,15,5,3.0,9.453257222894923,0.0,7,64
1,15,6,2.8,11.996085375217069,0.0,7,64
1,15,7,2.8,10.675040091302806,0.0,7,64
1,15,8,2.8,16.06910280383327,0.0,7,64
1,15,9,2.8,9.647608689015605,0.0,7,64
1,15,10,2.8,12.91606568450505,0.0,7,64
1,15,11,2.8,13.480345468404543,0.0,7,64
1,15,12,2.8,11.480185851913953,0.0,7,64
1,15,13,2.8,14.344284480957777,0.0,7,64
1,15,14,2.8,15.19937058511515,0.0,7,64
1,15,15,2.8,9.719033972461718,0.0,7,64
1,15,16,2.8,10.297879575635152,0.0,7,64
1,15,17,3.4,8.075896260262935,0.0,7,64
1,15,18,2.8,11.406957162038454,0.0,7,64
1,15,19,3.2,9.56970356823532,0.0,7,64
1,15,20,3.0,8.539938222837776,0.0,7,64
2,15,1,3.8,9.493858897979571,0.0,7,64
2,15,2,3.6,9.630521207882047,0.0,7,64
2,15,3,3.2,9.389948855929362,0.0,7,64
2,15,4,3.4,8.53822553839169,0.0,7,64
2,15,5,2.8,11.319793705406893,0.0,7,64
2,15,6,2.8,10.531334218133264,0.0,7,64
2,15,7,3.8,8.426959806421596,0.0,7,64
2,15,8,3.0,10.860742289521125,0.0,7,64
2,15,9,2.8,13.144569474355121,0.0,7,64
2,15,10,3.0,9.684492823703085,0.0,7,64
2,15,11,2.8,14.457494433524822,0.0,7,64
2,15,12,2.8,12.242566970847667,0.0,7,64
2,15,13,2.8,10.497115453068009,0.0,7,64
2,15,14,3.0,8.633772316842464,0.0,7,64
2,15,15,3.2,11.98261455411478,0.0,7,64
2,15,16,2.8,10.637480101073363,0.0,7,64
2,15,17,2.8,13.477003408831676,0.0,7,64
2,15,18,3.2,11.406259912160973,0.0,7,64
2,15,19,2.8,8.327157071742526,0.0,7,64
2,15,20,3.0,10.582196641808777,0.0,7,64
3,15,1,4.0,7.477399650489042,0.0,7,64
3,15,2,3.6,9.660386540952222,0.0,7,64
3,15,3,3.2,9.784373618467164,0.0,7,64
3,15,4,3.0,10.09629394371812,0.0,7,64
3,15,5,3.2,9.139260870464781,0.0,7,64
3,15,6,3.0,8.97960914556754,0.0,7,64
3,15,7,2.8,11.389880041509597,0.0,7,64
3,15,8,3.0,13.7576685177381,0.0,7,64
3,15,9,3.0,10.213714896532442,0.0,7,64
3,15,10,2.8,12.498051138254093,0.0,7,64
3,15,11,3.4,8.39598064140691,0.0,7,64
3,15,12,3.4,9.775007398379435,0.0,7,64
3,15,13,3.0,9.73776511997071,0.0,7,64
3,15,14,3.2,10.327204122272038,0.0,7,64
3,15,15,2.8,20.145977534789328,0.0,7,64
3,15,16,2.8,11.977223054736545,0.0,7,64
3,15,17,2.8,12.94801857384387,0.0,7,64
3,15,18,3.0,10.182075631975732,0.0,7,64
3,15,19,2.8,9.514778072199046,0.0,7,64
3,15,20,3.0,10.741205263829656,0.0,7,64
1,16,1,4.8,8.075069744152117,0.0,7,64
1,16,2,3.8,10.719750694181057,0.0,7,64
1,16,3,3.4,7.550523790277552,0.0,7,64
1,16,4,3.0,12.716450926164944,0.0,7,64
1,16,5,3.0,8.374047098677831,0.0,7,64
1,16,6,2.8,10.464633378472334,0.0,7,64
1,16,7,2.8,11.132095791019957,0.0,7,64
1,16,8,2.8,14.424543564177753,0.0,7,64
1,16,9,2.8,11.05703161077764,0.0,7,64
1,16,10,2.8,15.706621651437652,0.0,7,64
1,16,11,2.8,18.706249971517813,0.0,7,64
1,16,12,2.8,11.03540417193038,0.0,7,64
1,16,13,2.8,14.213032057145552,0.0,7,64
1,16,14,2.8,13.631954447262796,0.0,7,64
1,16,15,3.0,10.012652466023242,0.0,7,64
1,16,16,2.8,11.173458092052982,0.0,7,64
1,16,17,3.0,9.749182778972369,0.0,7,64
1,16,18,3.2,8.460280152424101,0.0,7,64
1,16,19,3.2,8.447993812142764,0.0,7,64
1,16,20,3.0,8.573164318464869,0.0,7,64
2,16,1,4.2,8.665372197570914,0.0,7,64
2,16,2,4.0,8.501969480891574,0.0,7,64
2,16,3,3.6,7.851911711132191,0.0,7,64
2,16,4,3.2,9.695897439365412,0.0,7,64
2,16,5,2.8,10.539708937876599,0.0,7,64
2,16,6,3.2,11.397314256084986,0.0,7,64
2,16,7,3.4,8.340425597744503,0.0,7,64
2,16,8,3.0,12.586782666031505,0.0,7,64
2,16,9,2.8,9.860873050323864,0.0,7,64
2,16,10,2.8,16.92803230892191,0.0,7,64
2,16,11,2.8,11.36287792108366,0.0,7,64
2,16,12,2.8,12.736850489959371,0.0,7,64
2,16,13,2.8,11.546471733466722,0.0,7,64
2,16,14,3.0,10.318692713190487,0.0,7,64
2,16,15,2.8,13.720719298879661,0.0,7,64
2,16,16,2.8,11.91004978451638,0.0,7,64
2,16,17,3.0,13.951047376149198,0.0,7,64
2,16,18,3.0,10.079580262207472,0.0,7,64
2,16,19,2.8,8.836729573763108,0.0,7,64
2,16,20,3.0,10.935740188597089,0.0,7,64
3,16,1,3.2,8.93653049974184,0.0,7,64
3,16,2,3.4,8.721741880598328,0.0,7,64
3,16,3,3.4,9.752654417016117,0.0,7,64
3,16,4,2.8,9.552886932362526,0.0,7,64
3,16,5,2.8,9.345383510425878,0.0,7,64
3,16,6,3.0,9.135056049340951,0.0,7,64
3,16,7,3.0,14.166172083591759,0.0,7,64
3,16,8,3.2,8.618304230190994,0.0,7,64
3,16,9,2.8,13.615464033776716,0.0,7,64
3,16,10,2.8,13.961175446803267,0.0,7,64
3,16,11,3.6,8.887994607969357,0.125,7,64
3,16,12,3.0,9.215292598915388,0.0,7,64
3,16,13,2.8,11.9405136507053,0.0,7,64
3,16,14,2.8,16.593489126010436,0.0,7,64
3,16,15,3.2,10.998017266469603,0.0,7,64
3,16,16,2.8,14.75014699936042,0.0,7,64
3,16,17,3.0,12.506965313778737,0.0,7,64
3,16,18,2.8,11.379741664042866,0.0,7,64
3,16,19,2.8,9.19562514217009,0.0,7,64
3,16,20,2.8,12.032212968144222,0.0,7,64
3,16,21,3.0,9.884976091069642,0.0,7,64
1,17,1,4.4,8.276582021521953,0.0,7,64
1,17,2,3.6,10.444452289782816,0.0,7,64
1,17,3,3.2,8.175900279366093,0.0,7,64
1,17,4,3.2,10.538947651136468,0.0,7,64
1,17,5,3.0,9.351166542237124,0.0,7,64
1,17,6,3.0,8.987745300865905,0.0,7,64
1,17,7,2.8,13.861027330057135,0.0,7,64
1,17,8,2.8,10.317065504858677,0.0,7,64
1,17,9,2.8,13.355678322523415,0.0,7,64
1,17,10,2.8,14.55566644428612,0.0,7,64
1,17,11,2.8,18.625216923386255,0.0,7,64
1,17,12,2.8,12.960122425462503,0.0,7,64
1,17,13,2.8,14.32729990375485,0.0,7,64
1,17,14,2.8,11.92449220427356,0.0,7,64
1,17,15,3.0,9.751584338862706,0.0,7,64
1,17,16,3.0,10.58627624223251,0.0,7,64
1,17,17,3.2,9.31912421624565,0.0,7,64
1,17,18,3.2,9.515689619586137,0.0,7,64
1,17,19,3.2,9.98829862469972,0.0,7,64
1,17,20,3.0,10.445637073379105,0.0,7,64
2,17,1,4.2,9.91569907233169,0.0,7,64
2,17,2,4.2,8.00896845440444,0.0,7,64
2,17,3,3.6,8.163041393174794,0.0,7,64
2,17,4,3.4,8.097643480784393,0.0,7,64
2,17,5,2.8,10.425896721951002,0.0,7,64
2,17,6,3.2,10.45804336601476,0.0,7,64
2,17,7,3.2,11.257753779479064,0.0,7,64
2,17,8,2.8,11.938095369048018,0.0,7,64
2,17,9,2.8,12.010254864112172,0.0,7,64
2,17,10,3.0,15.37908325599912,0.0,7,64
2,17,11,2.8,11.437137140655791,0.0,7,64
2,17,12,2.8,10.87868913174072,0.0,7,64
2,17,13,2.8,10.531153411171378,0.0,7,64
2,17,14,3.0,11.817571826582462,0.0,7,64
2,17,15,3.0,9.513868390408554,0.0,7,64
2,17,16,2.8,11.02743098663752,0.0,7,64
2,17,17,3.0,11.850989049957086,0.0,7,64
2,17,18,3.0,7.927473931307077,0.0,7,64
2,17,19,2.8,8.805104983043892,0.0,7,64
2,17,20,2.8,11.514436996593428,0.0,6,64
3,17,1,3.0,9.228809053113197,0.0,7,64
3,17,2,3.2,8.910691846004667,0.0,7,64
3,17,3,2.8,14.221129892214558,0.0,7,64
3,17,4,2.8,9.073544591301928,0.0,7,64
3,17,5,2.8,10.809467438306713,0.0,7,64
3,17,6,2.8,10.090401884870964,0.0,7,64
3,17,7,2.8,10.21136213559487,0.0,7,64
3,17,8,2.8,10.00181709024392,0.0,7,64
3,17,9,2.8,15.962150855685953,0.0,7,64
3,17,10,2.8,10.316955145844533,0.0,7,64
3,17,11,3.0,12.078645074607254,0.0,7,64
3,17,12,3.2,9.351509087389578,0.0,7,64
3,17,13,3.2,9.684810129988126,0.0,7,64
3,17,14,2.8,12.500842089672215,0.0,7,64
3,17,15,3.0,14.321070150974666,0.0,7,64
3,17,16,2.8,12.942473366071372,0.0,7,64
3,17,17,2.8,11.066273394579907,0.0,7,64
3,17,18,3.2,9.182320860696114,0.0,7,64
3,17,19,2.8,14.090810829155684,0.0,7,64
3,17,20,2.8,10.415900816304742,0.0,7,64
3,17,21,3.0,9.277099314357786,0.0,7,64
3,17,22,2.25,13.66688261606999,0.0,4,64
1,18,1,4.4,9.14306669168581,0.0,7,64
1,18,2,4.0,9.473328065800901,0.0,7,64
1,18,3,3.4,7.793474605976703,0.0,7,64
1,18,4,3.0,13.24632672253294,0.0,7,64
1,18,5,3.0,9.814036923506407,0.0,7,64
1,18,6,2.8,11.13976992154545,0.0,7,64
1,18,7,2.8,12.904614884255835,0.0,7,64
1,18,8,2.8,13.629983158983643,0.0,7,64
1,18,9,2.8,10.521805991530162,0.0,7,64
1,18,10,2.8,15.039289941077666,0.0,7,64
1,18,11,2.8,15.331246204400458,0.0,7,64
1,18,12,2.8,12.346206288764739,0.0,7,64
1,18,13,2.8,13.716202330535639,0.0,7,64
1,18,14,3.0,12.185220655027376,0.0,7,64
1,18,15,3.0,10.706442095291969,0.0,7,64
1,18,16,2.8,13.148186430772258,0.0,7,64
1,18,17,3.0,9.73343558222755,0.0,7,64
1,18,18,3.2,8.729921600439187,0.0,7,64
1,18,19,2.8,11.997244773223272,0.0,7,64
1,18,20,3.0,10.398152231670199,0.0,7,64
2,18,1,4.0,9.052996787083247,0.0,7,64
2,18,2,4.2,8.181030232074214,0.0,7,64
2,18,3,4.2,6.8989007566799065,0.0,7,64
2,18,4,3.2,9.149895601733869,0.0,7,64
2,18,5,3.0,10.035165885544561,0.0,7,64
2,18,6,3.2,9.575052475978179,0.0,7,64
2,18,7,3.2,10.198976067593735,0.0,7,64
2,18,8,2.8,14.76734459676099,0.0,7,64
2,18,9,3.0,10.149032173341249,0.0,7,64
2,18,10,3.0,11.2640516400367,0.0,7,64
2,18,11,2.8,12.030282865614694,0.0,7,64
2,18,12,2.8,12.367216264056387,0.0,7,64
2,18,13,2.8,10.657067065314815,0.0,7,64
2,18,14,3.2,9.210528095291856,0.0,7,64
2,18,15,2.8,12.224702214977711,0.0,7,64
2,18,16,2.8,9.836094538158875,0.0,7,64
2,18,17,3.0,13.286597150908365,0.0,7,64
2,18,18,3.0,8.548232750723832,0.0,7,64
2,18,19,3.0,8.704821690093365,0.0,7,64
2,18,20,2.5,15.152987253866218,0.0,4,64
3,18,1,3.0,10.14752217592346,0.0,7,64
3,18,2,2.8,11.279544060776704,0.0,7,64
3,18,3,2.8,15.256420258998492,0.0,7,64
3,18,4,2.8,9.47449510322493,0.0,7,64
3,18,5,2.8,10.077156322911934,0.0,7,64
3,18,6,3.0,8.178647122247556,0.0,7,64
3,18,7,2.8,9.66004426055751,0.0,7,64
3,18,8,2.8,9.833334324345412,0.0,7,64
3,18,9,2.8,15.31265844538355,0.0,7,64
3,18,10,2.8,11.810539266777967,0.0,7,64
3,18,11,2.8,10.922172061427363,0.0,7,64
3,18,12,3.6,8.360786769723319,0.0,7,64
3,18,13,3.4,9.072116575400676,0.0,7,64
3,18,14,2.8,10.676453942105809,0.0,7,64
3,18,15,3.0,11.955308382535959,0.0,7,64
3,18,16,3.0,13.357491829089742,0.0,7,64
3,18,17,3.0,9.957704875809224,0.0,7,64
3,18,18,3.0,10.66760814233348,0.0,7,64
3,18,19,2.8,12.314432393279851,0.0,7,64
3,18,20,2.8,9.995419734821228,0.0,7,64
3,18,21,3.0,10.35509199615847,0.0,7,64
1,19,1,4.6,8.941978717947924,0.0,7,64
1,19,2,4.0,8.018770613411773,0.0,7,64
1,19,3,3.4,8.706949852132158,0.0,7,64
1,19,4,3.0,12.176830528025546,0.0,7,64
1,19,5,3.2,9.368938380966073,0.0,7,64
1,19,6,2.8,9.828590716807797,0.0,7,64
1,19,7,2.8,12.678470667998273,0.0,7,64
1,19,8,2.8,14.431345945910993,0.0,7,64
1,19,9,2.8,12.230669502186485,0.0,7,64
1,19,10,2.8,15.66040253219575,0.0,7,64
1,19,11,2.8,13.366862297786582,0.0,7,64
1,19,12,2.8,9.785591446663586,0.0,7,64
1,19,13,2.8,18.93402978070508,0.0,7,64
1,19,14,2.8,11.908500789256573,0.0,7,64
1,19,15,2.8,11.707970714880162,0.0,7,64
1,19,16,3.0,11.308824033170827,0.0,7,64
1,19,17,3.0,9.333300704569146,0.0,7,64
1,19,18,3.0,10.368496453433046,0.0,7,64
1,19,19,3.2,10.774063492288082,0.0,7,64
1,19,20,3.0,9.945676079295511,0.0,7,64
2,19,1,3.0,13.52545693735561,0.0,7,64
2,19,2,2.8,10.738356935760432,0.0,7,64
2,19,3,3.4,9.298664961232427,0.0,7,64
2,19,4,3.4,8.838546153786565,0.0,7,64
2,19,5,2.8,11.484887327473706,0.0,7,64
2,19,6,2.8,11.312995241899769,0.0,7,64
2,19,7,3.4,10.46284341352833,0.0,7,64
2,19,8,3.0,12.026607861483743,0.0,7,64
2,19,9,2.8,11.754545585987076,0.0,7,64
2,19,10,2.8,10.91693755065952,0.0,7,64
2,19,11,2.8,14.482839874918648,0.0,7,64
2,19,12,2.8,11.599938707296056,0.0,7,64
2,19,13,2.8,11.757454442794314,0.0,7,64
2,19,14,2.8,11.791337488065938,0.0,7,64
2,19,15,3.0,9.32730319429737,0.0,7,64
2,19,16,2.8,11.024848833395641,0.0,7,64
2,19,17,2.8,11.980036558434918,0.0,7,64
2,19,18,3.0,13.284402537186416,0.0,7,64
2,19,19,3.0,10.38772766213105,0.0,7,64
2,19,20,2.8,9.154156784368134,0.0,7,64
2,19,21,3.0,11.383526364894212,0.0,7,64
3,19,1,3.2,8.305485526918165,0.0,7,64
3,19,2,3.2,10.974670100692737,0.0,7,64
3,19,3,3.0,11.372666014442624,0.0,7,64
3,19,4,2.8,9.41741094196269,0.0,7,64
3,19,5,3.0,8.972283897942416,0.0,7,64
3,19,6,2.8,9.04414821732919,0.0,7,64
3,19,7,2.8,11.75886029894995,0.0,7,64
3,19,8,2.8,10.266790717314386,0.0,7,64
3,19,9,2.8,17.70614856467826,0.0,7,64
3,19,10,2.8,10.445995724653327,0.0,7,64
3,19,11,3.0,10.811821727252703,0.0,7,64
3,19,12,3.0,10.279881489438136,0.0,7,64
3,19,13,3.2,9.411502430286836,0.0,7,64
3,19,14,2.8,10.986834523108367,0.0,7,64
3,19,15,3.0,10.546707610975476,0.0,7,64
3,19,16,2.8,13.658738793198934,0.0,7,64
3,19,17,3.0,10.05593757319939,0.0,7,64
3,19,18,2.8,10.216959564812894,0.0,7,64
3,19,19,2.8,13.823657452915773,0.0,7,64
3,19,20,2.8,9.553786013624487,0.0,7,64
3,19,21,2.8,11.085235119470104,0.0,7,64
3,19,22,2.25,14.60517243075722,0.0,4,64
1,20,1,4.4,9.198895252759169,0.0,7,64
1,20,2,3.6,10.878098312818992,0.0,7,64
1,20,3,3.2,7.785086700158485,0.0,7,64
1,20,4,3.0,11.14892176026438,0.0,7,64
1,20,5,3.2,8.587781567773906,0.0,7,64
1,20,6,3.0,9.179419154959168,0.0,7,64
1,20,7,2.8,11.332528029074497,0.0,7,64
1,20,8,2.8,10.143401942652979,0.0,7,64
1,20,9,2.8,11.40869769664713,0.0,7,64
1,20,10,2.8,14.145646462078876,0.0,7,64
1,20,11,2.8,16.262767438559752,0.0,7,64
1,20,12,2.8,11.67909785611986,0.0,7,64
1,20,13,2.8,17.042050106798527,0.0,7,64
1,20,14,2.8,12.54510854745741,0.0,7,64
1,20,15,3.0,12.68761065190435,0.0,7,64
1,20,16,2.8,14.26804024999599,0.0,7,64
1,20,17,3.0,7.866656698268347,0.0,7,64
1,20,18,3.2,8.754778192148533,0.0,7,64
1,20,19,2.8,13.845035372937952,0.0,7,64
1,20,20,3.2,7.880752576224156,0.0,7,64
1,20,21,2.75,11.558939346778768,0.0,4,64
2,20,1,3.8,8.835534660181084,0.0,7,64
2,20,2,4.8,7.061773072924797,0.125,7,64
2,20,3,3.4,8.975698600654887,0.0,7,64
2,20,4,3.0,10.173166067399086,0.0,7,64
2,20,5,2.8,11.034089596458253,0.0,7,64
2,20,6,3.2,14.750844612252115,0.0,7,64
2,20,7,3.0,9.647765320567153,0.0,7,64
2,20,8,2.8,11.28985915434211,0.0,7,64
2,20,9,2.8,10.236407545260219,0.0,7,64
2,20,10,3.0,8.97376282387804,0.0,7,64
2,20,11,2.8,11.365071295895737,0.0,7,64
2,20,12,2.8,10.999924794118526,0.0,7,64
2,20,13,2.8,10.271052287555548,0.0,7,64
2,20,14,3.0,8.913939002310237,0.0,7,64
2,20,15,3.0,11.589494553905062,0.0,7,64
2,20,16,2.8,13.653901113500227,0.0,7,64
2,20,17,2.8,12.900338551992217,0.0,7,64
2,20,18,3.2,8.751575246825125,0.0,7,64
2,20,19,2.8,8.258224675600456,0.0,7,64
2,20,20,3.2,10.163558811070834,0.0,7,64
3,20,1,3.4,8.07980518297617,0.0,7,64
3,20,2,3.6,9.157238322917268,0.0,7,64
3,20,3,3.4,8.808345100895211,0.0,7,64
3,20,4,2.8,9.537619699823408,0.0,7,64
3,20,5,3.0,8.27275786219431,0.0,7,64
3,20,6,2.8,8.097447573626825,0.0,7,64
3,20,7,3.0,14.595530409318465,0.0,7,64
3,20,8,2.8,12.32482017564945,0.0,7,64
3,20,9,2.8,11.689747735001585,0.0,7,64
3,20,10,2.8,11.625827787377304,0.0,7,64
3,20,11,3.0,9.223072250974836,0.0,7,64
3,20,12,3.2,9.668595224319255,0.0,7,64
3,20,13,3.0,11.180766209759494,0.0,7,64
3,20,14,2.8,14.201655577290598,0.0,7,64
3,20,15,3.0,10.450731144438613,0.0,7,64
3,20,16,2.8,18.2232190583342,0.0,7,64
3,20,17,3.0,10.649550179016861,0.0,7,64
3,20,18,2.8,13.151918903904296,0.0,7,64
3,20,19,2.8,10.106129674922267,0.0,7,64
3,20,20,2.8,8.611498318834583,0.0,7,64
3,20,21,2.8,12.804262349462402,0.0,7,64
1,21,1,4.8,8.99070499455108,0.0,7,64
1,21,2,3.6,12.582129627533668,0.0,7,64
1,21,3,3.4,7.813685518865542,0.0,7,64
1,21,4,2.8,13.368657089085211,0.0,7,64
1,21,5,3.2,9.032031784233997,0.0,7,64
1,21,6,2.8,10.572957217226358,0.0,7,64
1,21,7,2.8,10.858355601045218,0.0,7,64
1,21,8,2.8,10.777785604875058,0.0,7,64
1,21,9,2.8,11.963097789407202,0.0,7,64
1,21,10,2.8,14.089852354992736,0.0,7,64
1,21,11,2.8,18.53846889007088,0.0,7,64
1,21,12,2.8,10.60757149790442,0.0,7,64
1,21,13,2.8,16.539733103530992,0.0,7,64
1,21,14,2.8,10.986908514850768,0.0,7,64
1,21,15,2.8,13.288836709631006,0.0,7,64
1,21,16,2.8,12.650567489845335,0.0,7,64
1,21,17,3.0,9.519468576970619,0.0,7,64
1,21,18,3.4,8.802513375422766,0.0,7,64
1,21,19,3.0,12.113317306470377,0.0,7,64
1,21,20,3.2,8.90851630387316,0.0,7,64
2,21,1,4.0,9.473680151993824,0.0,7,64
2,21,2,3.8,9.509969767276667,0.0,7,64
2,21,3,3.2,10.165957192490998,0.0,7,64
2,21,4,3.4,8.362104795325179,0.0,7,64
2,21,5,3.0,9.78743786154069,0.0,7,64
2,21,6,3.0,10.511413665223529,0.0,7,64
2,21,7,3.4,8.425111566943869,0.0,7,64
2,21,8,3.0,10.766461036052698,0.0,7,64
2,21,9,3.0,10.350796280031126,0.0,7,64
2,21,10,2.8,13.526472288693693,0.0,7,64
2,21,11,2.8,12.1556427653041,0.0,7,64
2,21,12,2.8,11.898723366724438,0.0,7,64
2,21,13,2.8,10.85435208156906,0.0,7,64
2,21,14,3.0,8.564437123639134,0.0,7,64
2,21,15,3.2,12.113467799383189,0.0,7,64
2,21,16,2.8,12.888901944672268,0.0,7,64
2,21,17,3.0,12.00655372015211,0.0,7,64
2,21,18,3.0,10.214247455736778,0.0,7,64
2,21,19,2.8,8.025091184303436,0.0,7,64
2,21,20,3.0,11.555587118531246,0.0,7,64
3,21,1,3.6,7.156077805645131,0.0,7,64
3,21,2,3.4,10.122860815297424,0.0,7,64
3,21,3,3.4,8.47865343466045,0.0,7,64
3,21,4,3.0,9.486336611335338,0.0,7,64
3,21,5,2.8,10.439876876152717,0.0,7,64
3,21,6,2.8,9.521997410710249,0.0,7,64
3,21,7,3.0,13.352792388060726,0.0,7,64
3,21,8,3.0,12.461018919953336,0.0,7,64
3,21,9,2.8,11.802708015564184,0.0,7,64
3,21,10,3.0,10.673284394334502,0.0,7,64
3,21,11,3.2,9.607269098293518,0.0,7,64
3,21,12,3.2,9.236632011932677,0.0,7,64
3,21,13,2.8,9.444244821066412,0.0,7,64
3,21,14,2.8,16.114358719000627,0.0,7,64
3,21,15,3.0,10.83846005325221,0.0,7,64
3,21,16,2.8,17.542381092028215,0.0,7,64
3,21,17,3.0,10.15938346955642,0.0,7,64
3,21,18,2.8,11.706459024256809,0.0,7,64
3,21,19,2.8,9.584712494046471,0.0,7,64
3,21,20,2.8,9.875670233565137,0.0,7,64
3,21,21,3.0,10.735139471489788,0.0,7,64
1,22,1,4.8,9.607045837564337,0.0,7,64
1,22,2,3.6,12.10202628463016,0.0,7,64
1,22,3,3.2,7.359668687827535,0.0,7,64
1,22,4,2.8,14.317056589897279,0.0,7,64
1,22,5,3.2,8.923742148120713,0.0,7,64
1,22,6,3.0,10.10850801144312,0.0,7,64
1,22,7,2.8,11.747401194098547,0.0,7,64
1,22,8,2.8,12.499135344019004,0.0,7,64
1,22,9,2.8,13.861923599637825,0.0,7,64
1,22,10,2.8,13.86295513136139,0.0,7,64
1,22,11,2.8,15.331246204400458,0.0,7,64
1,22,12,2.8,9.074148522492507,0.0,7,64
1,22,13,2.8,18.98939641485282,0.0,7,64
1,22,14,2.8,10.770891126398054,0.0,7,64
1,22,15,3.2,9.329608123621563,0.0,7,64
1,22,16,3.0,9.979168803273831,0.0,7,64
1,22,17,3.0,10.237063349545739,0.0,7,64
1,22,18,3.2,8.20325227456195,0.0,7,64
1,22,19,3.0,10.215252592819745,0.0,7,64
1,22,20,3.0,8.622231339526325,0.0,7,64
2,22,1,4.0,9.314965991282108,0.0,7,64
2,22,2,4.4,7.505548948323377,0.0,7,64
2,22,3,4.2,6.691558473382408,0.0,7,64
2,22,4,3.4,9.717074090330138,0.0,7,64
2,22,5,3.2,8.454075406897097,0.0,7,64
2,22,6,3.8,7.924856677217779,0.125,7,64
2,22,7,2.8,10.937431093153,0.0,7,64
2,22,8,2.8,18.440758495836505,0.0,7,64
2,22,9,2.8,8.457759713593155,0.0,7,64
2,22,10,2.8,11.937649003378528,0.0,7,64
2,22,11,2.8,12.761484151558408,0.0,7,64
2,22,12,2.8,11.238926157140394,0.0,7,64
2,22,13,2.8,8.917424458183358,0.0,7,64
2,22,14,3.0,10.00796620385339,0.0,7,64
2,22,15,2.8,12.778584987801644,0.0,7,64
2,22,16,2.8,9.690319818602415,0.0,7,64
2,22,17,3.0,13.184746354097559,0.0,7,64
2,22,18,2.8,9.525380322252126,0.0,7,64
2,22,19,3.0,8.348365950341297,0.0,7,64
2,22,20,2.5,14.876557387863492,0.0,4,64
3,22,1,3.4,8.24315114824563,0.0,7,64
3,22,2,2.8,10.765228288418069,0.0,7,64
3,22,3,2.8,11.626002175531253,0.0,7,64
3,22,4,2.8,8.38904208816292,0.0,7,64
3,22,5,2.8,10.440425689298756,0.0,7,64
3,22,6,2.8,9.783719345318143,0.0,7,64
3,22,7,2.8,9.49778408245654,0.0,7,64
3,22,8,2.8,10.892447205468674,0.0,7,64
3,22,9,2.8,13.556319788472864,0.0,7,64
3,22,10,2.8,10.771187578637795,0.0,7,64
3,22,11,3.0,9.477099396299831,0.0,7,64
3,22,12,3.6,7.58549440407371,0.125,7,64
3,22,13,3.2,9.694955644567798,0.0,7,64
3,22,14,3.0,11.943615789023529,0.0,7,64
3,22,15,3.2,10.105383503083875,0.0,7,64
3,22,16,2.8,16.86786743294166,0.0,7,64
3,22,17,2.8,10.497150343645064,0.0,7,64
3,22,18,3.0,9.251454089817864,0.0,7,64
3,22,19,2.8,10.297607075256515,0.0,7,64
3,22,20,2.8,8.568370416369234,0.0,7,64
3,22,21,2.8,10.64198116948891,0.0,7,64
1,23,1,4.8,7.3645235529359185,0.0,7,64
1,23,2,3.8,9.732860318982222,0.0,7,64
1,23,3,3.2,10.81857697184374,0.0,7,64
1,23,4,3.2,9.186534512386027,0.0,7,64
1,23,5,3.2,9.669614131710865,0.0,7,64
1,23,6,3.0,9.649118286274192,0.0,7,64
1,23,7,2.8,10.683403384638055,0.0,7,64
1,23,8,2.8,14.619613948141765,0.0,7,64
1,23,9,2.8,9.9420437169733,0.0,7,64
1,23,10,2.8,14.349093785157814,0.0,7,64
1,23,11,2.8,15.151667315204534,0.0,7,64
1,23,12,2.8,10.79997387885198,0.0,7,64
1,23,13,2.8,14.020980447208487,0.0,7,64
1,23,14,3.0,12.54514602777307,0.0,7,64
1,23,15,2.8,10.741135894496871,0.0,7,64
1,23,16,2.8,12.096286703612744,0.0,7,64
1,23,17,3.2,9.278155782618201,0.0,7,64
1,23,18,3.2,8.78831253088173,0.0,7,64
1,23,19,3.0,11.839479422529552,0.0,7,64
1,23,20,3.6,7.639874500296282,0.0,7,64
2,23,1,3.8,9.306067657524794,0.0,7,64
2,23,2,3.4,10.355316327865296,0.0,7,64
2,23,3,3.4,9.52966059457782,0.0,7,64
2,23,4,3.4,7.719235694079546,0.0,7,64
2,23,5,3.0,8.904483880005092,0.0,7,64
2,23,6,3.0,11.837339795709381,0.0,7,64
2,23,7,3.4,10.154621551770044,0.0,7,64
2,23,8,3.0,11.344210620585613,0.0,7,64
2,23,9,2.8,11.823245220149289,0.0,7,64
2,23,10,3.2,8.83540944816135,0.0,7,64
2,23,11,2.8,11.8206852592747,0.0,7,64
2,23,12,2.8,11.473422744838176,0.0,7,64
2,23,13,2.8,11.691526498644395,0.0,7,64
2,23,14,3.0,9.376444603190471,0.0,7,64
2,23,15,2.8,12.486717131221297,0.0,7,64
2,23,16,2.8,13.502701367145276,0.0,7,64
2,23,17,2.8,12.719018108280046,0.0,7,64
2,23,18,3.8,9.184017371965178,0.125,7,64
2,23,19,2.8,8.24136406811046,0.0,7,64
2,23,20,3.0,11.800843751312271,0.0,7,64
3,23,1,3.2,8.633767006049773,0.0,7,64
3,23,2,2.8,11.348147506218048,0.0,7,64
3,23,3,3.0,11.587410284637057,0.0,7,64
3,23,4,2.8,9.30830203181325,0.0,7,64
3,23,5,3.0,9.646877858122187,0.0,7,64
3,23,6,3.0,8.15609716528725,0.0,7,64
3,23,7,3.0,11.30813283062081,0.0,7,64
3,23,8,2.8,11.882445450978627,0.0,7,64
3,23,9,2.8,16.737075178999415,0.0,7,64
3,23,10,2.8,11.13035534086235,0.0,7,64
3,23,11,3.0,11.311730712273059,0.0,7,64
3,23,12,3.0,11.24368852018119,0.0,7,64
3,23,13,3.4,9.726270158845137,0.0,7,64
3,23,14,2.8,11.647226635659107,0.0,7,64
3,23,15,3.2,10.344671288619848,0.0,7,64
3,23,16,2.8,23.203136580500548,0.0,7,64
3,23,17,3.2,11.232613886766046,0.0,7,64
3,23,18,2.8,11.873911580299636,0.0,7,64
3,23,19,2.8,14.303025361594244,0.0,7,64
3,23,20,2.8,9.652174395125174,0.0,7,64
3,23,21,2.8,13.411286129335235,0.0,7,64
1,24,1,4.6,8.035741181993671,0.0,7,64
1,24,2,3.8,10.34896494692359,0.0,7,64
1,24,3,3.4,8.60597369140781,0.0,7,64
1,24,4,3.8,9.507037124399394,0.0,7,64
1,24,5,3.0,9.069126044006286,0.0,7,64
1,24,6,3.0,9.973586792885213,0.0,7,64
1,24,7,2.8,9.926657684946122,0.0,7,64
1,24,8,2.8,13.554753223834412,0.0,7,64
1,24,9,2.8,13.122656324483058,0.0,7,64
1,24,10,2.8,12.62524007215744,0.0,7,64
1,24,11,2.8,12.992218416541354,0.0,7,64
1,24,12,2.8,13.698418888446984,0.0,7,64
1,24,13,2.8,14.301893200576668,0.0,7,64
1,24,14,2.8,12.565166950475753,0.0,7,64
1,24,15,2.8,11.202650437671283,0.0,7,64
1,24,16,2.8,11.553739234222343,0.0,7,64
1,24,17,3.0,8.800713895975909,0.0,7,64
1,24,18,3.2,8.699501526110252,0.0,7,64
1,24,19,3.0,10.535429323592302,0.0,7,64
1,24,20,3.0,10.672544590511174,0.0,7,64
2,24,1,3.0,13.147483793950878,0.0,7,64
2,24,2,3.0,8.78510256111279,0.0,7,64
2,24,3,4.0,7.892976213667296,0.125,7,64
2,24,4,3.2,9.036742284239084,0.0,7,64
2,24,5,2.8,13.596726061997462,0.0,7,64
2,24,6,2.8,11.139015726290603,0.0,7,64
2,24,7,3.6,9.101870170918973,0.125,7,64
2,24,8,2.8,10.76071054713889,0.0,7,64
2,24,9,2.8,11.165335884081326,0.0,7,64
2,24,10,2.8,10.696689378100922,0.0,7,64
2,24,11,3.0,13.838091038895834,0.0,7,64
2,24,12,2.8,12.471855777722078,0.0,7,64
2,24,13,2.8,15.193698711409816,0.0,7,64
2,24,14,2.8,11.607680630402454,0.0,7,64
2,24,15,3.6,8.104528790037282,0.125,7,64
2,24,16,2.8,10.686379898241832,0.0,7,64
2,24,17,2.8,11.876377913775729,0.0,7,64
2,24,18,2.8,10.750746604994285,0.0,7,64
2,24,19,3.0,8.729757834176054,0.0,7,64
2,24,20,2.8,10.364657216593592,0.0,7,64
2,24,21,2.5,12.358931561901016,0.0,4,64
3,24,1,3.0,9.037883767994416,0.0,7,64
3,24,2,3.0,11.087396536619847,0.0,7,64
3,24,3,2.8,13.767733696670692,0.0,7,64
3,24,4,2.8,9.611924524268542,0.0,7,64
3,24,5,2.8,9.519364411044048,0.0,7,64
3,24,6,2.8,10.513535369705693,0.0,7,64
3,24,7,3.0,10.227449097639836,0.0,7,64
3,24,8,2.8,11.400014800628481,0.0,7,64
3,24,9,2.8,17.2691762668308,0.0,7,64
3,24,10,3.0,8.983536938667344,0.0,7,64
3,24,11,2.8,10.538390091038973,0.0,7,64
3,24,12,3.6,8.502975376763155,0.125,7,64
3,24,13,3.2,10.439630090090636,0.0,7,64
3,24,14,3.0,10.747331684372046,0.0,7,64
3,24,15,3.2,10.83968845465681,0.0,7,64
3,24,16,3.0,11.987713739420274,0.0,7,64
3,24,17,2.8,10.16427293174354,0.0,7,64
3,24,18,2.8,11.487664551221958,0.0,7,64
3,24,19,2.8,12.509032735284844,0.0,7,64
3,24,20,2.8,9.023459929479007,0.0,7,64
3,24,21,3.2,8.381017410434804,0.0,7,64
1,25,1,4.6,8.014366777097273,0.0,7,64
1,25,2,3.8,11.342403642968366,0.0,7,64
1,25,3,3.4,8.241121541980458,0.0,7,64
1,25,4,3.0,13.102320070592773,0.0,7,64
1,25,5,3.0,8.547298781897162,0.0,7,64
1,25,6,2.8,10.426605346104257,0.0,7,64
1,25,7,2.8,10.780652565807218,0.0,7,64
1,25,8,2.8,13.477561901355456,0.0,7,64
1,25,9,2.8,12.432027890498256,0.0,7,64
1,25,10,2.8,14.222874112520971,0.0,7,64
1,25,11,2.8,14.767673837195039,0.0,7,64
1,25,12,2.8,9.942506158190772,0.0,7,64
1,25,13,2.8,15.638353552506723,0.0,7,64
1,25,14,2.8,14.163110804479524,0.0,7,64
1,25,15,2.8,11.945373559533335,0.0,7,64
1,25,16,2.8,12.189936821325906,0.0,7,64
1,25,17,3.4,8.294418891636255,0.0,7,64
1,25,18,3.0,10.16046478090449,0.0,7,64
1,25,19,3.0,10.17100354745341,0.0,7,64
1,25,20,3.0,10.769827617493076,0.0,7,64
2,25,1,3.6,10.295702916266134,0.0,7,64
2,25,2,2.8,13.619185854243772,0.0,7,64
2,25,3,4.0,7.653021954940589,0.125,7,64
2,25,4,2.8,9.369505774913856,0.0,7,64
2,25,5,2.8,11.393182440698363,0.0,7,64
2,25,6,3.0,10.576165364963,0.0,7,64
2,25,7,3.4,10.147157894734088,0.0,7,64
2,25,8,3.2,9.293555773921023,0.0,7,64
2,25,9,2.8,14.56439439272485,0.0,7,64
2,25,10,2.8,8.98440030398389,0.0,7,64
2,25,11,2.8,17.5523841206258,0.0,7,64
2,25,12,2.8,12.145706451819379,0.0,7,64
2,25,13,2.8,11.353784342538727,0.0,7,64
2,25,14,3.0,8.646608731678374,0.0,7,64
2,25,15,3.0,12.253673545071582,0.0,7,64
2,25,16,2.8,12.466037901395822,0.0,7,64
2,25,17,2.8,11.803581967851006,0.0,7,64
2,25,18,2.8,14.476656292423316,0.0,7,64
2,25,19,3.0,8.620523752288285,0.0,7,64
2,25,20,2.8,8.682996458983864,0.0,7,64
2,25,21,2.2,13.95949162220479,0.0,5,64
3,25,1,2.8,11.53403895338943,0.0,7,64
3,25,2,2.8,11.840258398767016,0.0,7,64
3,25,3,2.8,15.108574500535482,0.0,7,64
3,25,4,2.8,9.855876927966271,0.0,7,64
3,25,5,3.0,8.39990719290552,0.0,7,64
3,25,6,2.8,9.144376904859556,0.0,7,64
3,25,7,3.0,10.242831319318729,0.0,7,64
3,25,8,2.8,9.11523003909254,0.0,7,64
3,25,9,3.0,12.050028014503182,0.0,7,64
3,25,10,2.8,10.351879125804693,0.0,7,64
3,25,11,3.0,10.934178176047473,0.0,7,64
3,25,12,3.2,10.526430100984093,0.0,7,64
3,25,13,3.2,8.5598014019342,0.0,7,64
3,25,14,3.0,9.273725524574468,0.0,7,64
3,25,15,3.0,12.26702973610346,0.0,7,64
3,25,16,3.0,15.727544068919723,0.0,7,64
3,25,17,2.8,11.241585385140947,0.0,7,64
3,25,18,3.0,10.887187284363193,0.0,7,64
3,25,19,2.8,13.82365745291563,0.0,7,64
3,25,20,2.8,9.363640280960182,0.0,7,64
3,25,21,2.8,12.117467894890611,0.0,7,64
3,25,22,2.25,15.194800367848591,0.0,4,64
1,26,1,4.8,8.884659214503657,0.0,7,64
1,26,2,3.8,9.764402013395479,0.0,7,64
1,26,3,3.2,9.45990180780087,0.0,7,64
1,26,4,3.8,8.684924409747573,0.0,7,64
1,26,5,3.0,10.310504561396959,0.0,7,64
1,26,6,2.8,9.323412427103237,0.0,7,64
1,26,7,2.8,10.966444074552854,0.0,7,64
1,26,8,2.8,13.78931289507148,0.0,7,64
1,26,9,2.8,11.044496674252638,0.0,7,64
1,26,10,2.8,18.91688329156019,0.0,7,64
1,26,11,2.8,18.597517079252064,0.0,7,64
1,26,12,2.8,11.414946007425481,0.0,7,64
1,26,13,2.8,13.8180088964607,0.0,7,64
1,26,14,2.8,14.752839847305154,0.0,7,64
1,26,15,2.8,9.256239402585548,0.0,7,64
1,26,16,2.8,11.976086313969583,0.0,7,64
1,26,17,3.0,9.267928567497579,0.0,7,64
1,26,18,3.0,9.941804860977058,0.0,7,64
1,26,19,3.0,10.11239806868055,0.0,7,64
1,26,20,3.4,8.340047758830622,0.0,7,64
2,26,1,3.6,9.911937875613072,0.0,7,64
2,26,2,3.0,11.930409388067837,0.0,7,64
2,26,3,4.0,8.688317493370413,0.125,7,64
2,26,4,2.8,12.081867960879425,0.0,7,64
2,26,5,2.8,11.631808964472267,0.0,7,64
2,26,6,2.8,11.23227681131635,0.0,7,64
2,26,7,3.4,8.816130961547284,0.0,7,64
2,26,8,3.2,9.2794555047514,0.0,7,64
2,26,9,2.8,13.355829706126462,0.0,7,64
2,26,10,2.8,9.037503488166914,0.0,7,64
2,26,11,3.0,10.927033196880656,0.0,7,64
2,26,12,2.8,12.25027341885613,0.0,7,64
2,26,13,2.8,12.790121220384686,0.0,7,64
2,26,14,2.8,11.04267818226725,0.0,7,64
2,26,15,3.2,8.571141713052157,0.0,7,64
2,26,16,2.8,14.481889537833997,0.0,7,64
2,26,17,2.8,10.618599635834507,0.0,7,64
2,26,18,3.0,12.209975938836958,0.0,7,64
2,26,19,3.0,8.677939901487994,0.0,7,64
2,26,20,3.0,8.605764394372299,0.0,7,64
2,26,21,2.0,19.485852706559893,0.0,4,64
3,26,1,2.8,9.719439311816874,0.0,7,64
3,26,2,2.8,13.5446317673617,0.0,7,64
3,26,3,2.8,12.56364381504475,0.0,7,64
3,26,4,2.8,10.852732462676391,0.0,7,64
3,26,5,2.8,11.599565991230882,0.0,7,64
3,26,6,3.0,9.078591283802595,0.0,7,64
3,26,7,2.8,11.476100554398265,0.0,7,64
3,26,8,2.8,12.502001214665855,0.0,7,64
3,26,9,3.0,12.575518506962688,0.0,7,64
3,26,10,3.0,10.262512214125449,0.0,7,64
3,26,11,2.8,11.40967048954297,0.0,7,64
3,26,12,3.8,8.558768892076372,0.125,7,64
3,26,13,2.8,11.21709320588305,0.0,7,64
3,26,14,2.8,10.172232987648947,0.0,7,64
3,26,15,3.0,13.381105095298437,0.0,7,64
3,26,16,2.8,16.82276254591926,0.0,7,64
3,26,17,2.8,12.2155973185504,0.0,7,64
3,26,18,2.8,12.329874470108338,0.0,7,64
3,26,19,2.8,12.024578147510276,0.0,7,64
3,26,20,2.8,8.894698065866253,0.0,7,64
3,26,21,3.0,8.673113109742252,0.0,7,64
3,26,22,2.2,14.186361783066381,0.0,5,64
1,27,1,4.6,8.15536870427591,0.0,7,64
1,27,2,4.0,8.434024045886622,0.0,7,64
1,27,3,3.4,9.269471429165073,0.0,7,64
1,27,4,3.0,10.958874052198071,0.0,7,64
1,27,5,3.2,10.12450789265418,0.0,7,64
1,27,6,2.8,10.894767848936699,0.0,7,64
1,27,7,2.8,10.970454108554243,0.0,7,64
1,27,8,2.8,15.9602311890685,0.0,7,64
1,27,9,2.8,11.291079404658698,0.0,7,64
1,27,10,2.8,15.419962721705993,0.0,7,64
1,27,11,2.8,15.949534076342001,0.0,7,64
1,27,12,2.8,10.783752775406542,0.0,7,64
1,27,13,2.8,15.055117633821954,0.0,7,64
1,27,14,2.8,11.412338998640916,0.0,7,64
1,27,15,2.8,11.249001274209,0.0,7,64
1,27,16,2.8,12.21534362183466,0.0,7,64
1,27,17,3.2,8.756311211349232,0.0,7,64
1,27,18,3.0,9.383613518194824,0.0,7,64
1,27,19,3.2,10.366312171619208,0.0,7,64
1,27,20,3.0,10.215437695252618,0.0,7,64
2,27,1,3.2,11.955395894148399,0.0,7,64
2,27,2,3.0,10.076864296066223,0.0,7,64
2,27,3,3.8,8.52133463124605,0.125,7,64
2,27,4,3.0,9.430834107315484,0.0,7,64
2,27,5,2.8,11.597042004082391,0.0,7,64
2,27,6,2.8,9.609717909072245,0.0,7,64
2,27,7,3.6,8.217223387943022,0.0,7,64
2,27,8,3.0,10.93390721318591,0.0,7,64
2,27,9,2.8,12.262217860261975,0.0,7,64
2,27,10,2.8,9.470951225542674,0.0,7,64
2,27,11,2.8,13.329840554220734,0.0,7,64
2,27,12,2.8,13.562886281342674,0.0,7,64
2,27,13,2.8,13.222599692469558,0.0,7,64
2,27,14,2.8,9.603219962575373,0.0,7,64
2,27,15,3.0,10.71548076896663,0.0,7,64
2,27,16,3.2,9.450428688105502,0.0,7,64
2,27,17,2.8,10.62188181150248,0.0,7,64
2,27,18,3.0,14.379955031849772,0.0,7,64
2,27,19,2.8,9.162066430995813,0.0,7,64
2,27,20,2.8,9.689424361165381,0.0,7,64
2,27,21,2.4,13.52429514205713,0.0,5,64
3,27,1,3.4,7.523239047556399,0.0,7,64
3,27,2,2.8,10.899520766259176,0.0,7,64
3,27,3,2.8,13.619443663314613,0.0,7,64
3,27,4,2.8,8.625665650805184,0.0,7,64
3,27,5,2.8,10.129190669099428,0.0,7,64
3,27,6,2.8,10.107076546075405,0.0,7,64
3,27,7,3.2,9.932269236404405,0.0,7,64
3,27,8,2.8,10.714224048478757,0.0,7,64
3,27,9,3.0,14.83349671864993,0.0,7,64
3,27,10,2.8,11.705512077776316,0.0,7,64
3,27,11,3.6,8.958826236403286,0.125,7,64
3,27,12,2.8,9.134231719940761,0.0,7,64
3,27,13,3.2,11.10884216577679,0.0,7,64
3,27,14,3.0,9.778759333660318,0.0,7,64
3,27,15,3.0,11.131379024038049,0.0,7,64
3,27,16,2.8,15.09094505514958,0.0,7,64
3,27,17,3.0,10.161573811616357,0.0,7,64
3,27,18,3.0,13.228068730401416,0.0,7,64
3,27,19,2.8,12.613660993704656,0.0,7,64
3,27,20,2.8,9.89523093894714,0.0,7,64
3,27,21,2.8,9.938158431115808,0.0,7,64
1,28,1,4.8,9.810369279194676,0.0,7,64
1,28,2,3.6,12.126379602251864,0.0,7,64
1,28,3,3.4,7.793474605976699,0.0,7,64
1,28,4,3.0,12.769154231488493,0.0,7,64
1,28,5,3.0,9.227919066013083,0.0,7,64
1,28,6,2.8,9.505566690715698,0.0,7,64
1,28,7,2.8,10.917371945264021,0.0,7,64
1,28,8,2.8,10.075022347298695,0.0,7,64
1,28,9,2.8,12.355557298642642,0.0,7,64
1,28,10,2.8,13.959295757164229,0.0,7,64
1,28,11,2.8,16.972081732934715,0.0,7,64
1,28,12,2.8,9.87731873555718,0.0,7,64
1,28,13,2.8,17.249925233311668,0.0,7,64
1,28,14,3.0,11.025861112196251,0.0,7,64
1,28,15,2.8,13.56563968942855,0.0,7,64
1,28,16,2.8,9.650589896615703,0.0,7,64
1,28,17,3.0,8.857286010988009,0.0,7,64
1,28,18,3.0,9.184592879053094,0.0,7,64
1,28,19,3.2,10.132228242135795,0.0,7,64
1,28,20,3.2,9.207992208196906,0.0,7,64
2,28,1,3.0,13.14748379395101,0.0,7,64
2,28,2,2.8,10.833460776271576,0.0,7,64
2,28,3,3.4,10.810794670505054,0.0,7,64
2,28,4,3.4,8.44788364392514,0.0,7,64
2,28,5,3.0,9.728447948300396,0.0,7,64
2,28,6,3.0,9.921216879972606,0.0,7,64
2,28,7,3.2,11.247912926425396,0.0,7,64
2,28,8,3.0,10.662042736966695,0.0,7,64
2,28,9,2.8,11.129953865517388,0.0,7,64
2,28,10,3.0,9.467587149496714,0.0,7,64
2,28,11,2.8,12.40849725121163,0.0,7,64
2,28,12,2.8,13.347306616273691,0.0,7,64
2,28,13,2.8,11.702995195138863,0.0,7,64
2,28,14,2.8,10.349040451915407,0.0,7,64
2,28,15,3.2,10.498434479545635,0.0,7,64
2,28,16,3.0,12.865018046836271,0.0,7,64
2,28,17,2.8,11.043431203362708,0.0,7,64
2,28,18,3.0,12.30800463048014,0.0,7,64
2,28,19,3.0,9.215180730180172,0.0,7,64
2,28,20,2.8,9.125596116826408,0.0,7,64
2,28,21,2.4,14.117420642107474,0.0,5,64
3,28,1,3.2,9.28943279839833,0.0,7,64
3,28,2,2.8,10.21135171343687,0.0,7,64
3,28,3,3.2,10.95307198397842,0.0,7,64
3,28,4,2.8,9.707389248977995,0.0,7,64
3,28,5,2.8,9.763230372778628,0.0,7,64
3,28,6,3.0,8.969452332055672,0.0,7,64
3,28,7,2.8,10.847201621741235,0.0,7,64
3,28,8,2.8,9.695184471968965,0.0,7,64
3,28,9,2.8,12.391699286771859,0.0,7,64
3,28,10,2.8,9.355933244071288,0.0,7,64
3,28,11,3.2,10.688341967311246,0.0,7,64
3,28,12,3.0,9.86534442387073,0.0,7,64
3,28,13,3.6,8.274091740764442,0.0,7,64
3,28,14,2.8,11.367319347791218,0.0,7,64
3,28,15,3.0,12.534599322964409,0.0,7,64
3,28,16,2.8,14.787886037961698,0.0,7,64
3,28,17,3.0,10.818543790386329,0.0,7,64
3,28,18,2.8,11.552761677108416,0.0,7,64
3,28,19,2.8,13.126514277707901,0.0,7,64
3,28,20,2.8,9.199910492492899,0.0,7,64
3,28,21,2.8,10.623496445801862,0.0,7,64
1,29,1,4.2,9.856231116611879,0.0,7,64
1,29,2,3.8,11.145922158494368,0.0,7,64
1,29,3,3.2,9.459305219266597,0.0,7,64
1,29,4,3.4,11.433074338238804,0.0,7,64
1,29,5,3.0,8.78433453815488,0.0,7,64
1,29,6,2.8,9.19154167451509,0.0,7,64
1,29,7,2.8,15.11244265297671,0.0,7,64
1,29,8,2.8,10.025275567816397,0.0,7,64
1,29,9,2.8,12.343461559605789,0.0,7,64
1,29,10,2.8,12.399265841460284,0.0,7,64
1,29,11,2.8,15.196467631125678,0.0,7,64
1,29,12,2.8,10.917371850541041,0.0,7,64
1,29,13,2.8,17.042050106798577,0.0,7,64
1,29,14,2.8,12.441504624087155,0.0,7,64
1,29,15,3.0,11.545138243480464,0.0,7,64
1,29,16,2.8,11.256355817552175,0.0,7,64
1,29,17,3.0,9.67226377952846,0.0,7,64
1,29,18,3.2,8.8838451305797,0.0,7,64
1,29,19,3.2,10.031030540456099,0.0,7,64
1,29,20,3.0,9.774123481759005,0.0,7,64
1,29,21,2.5,11.596972123479086,0.0,4,64
2,29,1,3.2,12.997029344802296,0.0,7,64
2,29,2,2.8,12.31084338011929,0.0,7,64
2,29,3,3.2,11.387137342845275,0.0,7,64
2,29,4,3.4,9.169833852082121,0.0,7,64
2,29,5,2.8,10.571714467965215,0.0,7,64
2,29,6,2.8,9.999743960130958,0.0,7,64
2,29,7,3.4,8.303674454626291,0.0,7,64
2,29,8,3.2,10.56646627789909,0.0,7,64
2,29,9,2.8,13.138279583043223,0.0,7,64
2,29,10,3.2,9.043212390098931,0.0,7,64
2,29,11,2.8,13.811464037303411,0.0,7,64
2,29,12,2.8,12.23358080109341,0.0,7,64
2,29,13,2.8,14.543125497155952,0.0,7,64
2,29,14,3.0,9.489837041341346,0.0,7,64
2,29,15,3.0,9.367088918415222,0.0,7,64
2,29,16,2.8,11.461254714474592,0.0,7,64
2,29,17,2.8,10.944621909087717,0.0,7,64
2,29,18,3.0,13.298161433733481,0.0,7,64
2,29,19,2.8,10.028948337833612,0.0,7,64
2,29,20,3.0,8.377445248480175,0.0,7,64
2,29,21,2.4,16.931266453363342,0.0,5,64
3,29,1,3.4,9.197670740314386,0.0,7,64
3,29,2,3.2,11.332830374501269,0.0,7,64
3,29,3,3.4,10.123953443633802,0.0,7,64
3,29,4,3.0,8.534015710100373,0.0,7,64
3,29,5,3.2,8.561844894795065,0.0,7,64
3,29,6,2.8,8.745876712577347,0.0,7,64
3,29,7,3.0,19.984650867418832,0.0,7,64
3,29,8,3.0,10.90567277233719,0.0,7,64
3,29,9,2.8,10.783076115738664,0.0,7,64
3,29,10,3.0,10.86285236399112,0.0,7,64
3,29,11,3.2,9.967376161623747,0.0,7,64
3,29,12,3.2,9.46534621129935,0.0,7,64
3,29,13,2.8,10.851821877976494,0.0,7,64
3,29,14,2.8,14.682987800882744,0.0,7,64
3,29,15,3.2,9.6891593401172,0.0,7,64
3,29,16,2.8,13.104207091211283,0.0,7,64
3,29,17,3.0,11.819352529412342,0.0,7,64
3,29,18,2.8,12.447079111862502,0.0,7,64
3,29,19,2.8,9.687067610606054,0.0,7,64
3,29,20,2.8,10.36382092251391,0.0,7,64
3,29,21,2.8,11.196305067924722,0.0,6,64
1,30,1,4.8,8.924131919839017,0.0,7,64
1,30,2,3.8,8.19708763141232,0.0,7,64
1,30,3,3.4,8.498207216360338,0.0,7,64
1,30,4,3.0,11.22423369275136,0.0,7,64
1,30,5,3.2,8.230117764438727,0.0,7,64
1,30,6,2.8,9.503095565297917,0.0,7,64
1,30,7,2.8,11.38498405404814,0.0,7,64
1,30,8,2.8,11.575932870475583,0.0,7,64
1,30,9,2.8,10.48555341493204,0.0,7,64
1,30,10,2.8,12.129833767560264,0.0,7,64
1,30,11,2.8,17.83806750765181,0.0,7,64
1,30,12,2.8,10.357448749748428,0.0,7,64
1,30,13,3.0,14.374710621656583,0.0,7,64
1,30,14,3.0,12.62398890446648,0.0,7,64
1,30,15,2.8,9.656734799961372,0.0,7,64
1,30,16,2.8,12.708535147300289,0.0,7,64
1,30,17,3.2,9.423243604344533,0.0,7,64
1,30,18,3.2,8.612467537178823,0.0,7,64
1,30,19,3.0,10.444130868369289,0.0,7,64
1,30,20,3.2,9.17045724019187,0.0,7,64
2,30,1,3.2,12.391388829338535,0.0,7,64
2,30,2,3.0,10.438012549935532,0.0,7,64
2,30,3,3.8,8.678522773065653,0.125,7,64
2,30,4,3.2,9.036742284239084,0.0,7,64
2,30,5,2.8,12.115378327441505,0.0,7,64
2,30,6,2.8,9.847687689395137,0.0,7,64
2,30,7,3.6,8.890187865110358,0.0,7,64
2,30,8,3.0,10.573229238003242,0.0,7,64
2,30,9,2.8,11.721341861963714,0.0,7,64
2,30,10,2.8,8.744888182164532,0.0,7,64
2,30,11,2.8,16.518179067850113,0.0,7,64
2,30,12,2.8,11.889959349257515,0.0,7,64
2,30,13,2.8,11.377920172482424,0.0,7,64
2,30,14,2.8,9.410826058244888,0.0,7,64
2,30,15,3.2,8.565566814778093,0.0,7,64
2,30,16,3.2,9.755394894557085,0.0,7,64
2,30,17,2.8,10.349084331562088,0.0,7,64
2,30,18,3.0,11.412553110943781,0.0,7,64
2,30,19,3.0,7.38850019727685,0.0,7,64
2,30,20,3.0,8.766112127903188,0.0,7,64
2,30,21,2.0,19.331875508027547,0.0,4,64
3,30,1,2.8,10.485972110483576,0.0,7,64
3,30,2,2.8,11.571443723652752,0.0,7,64
3,30,3,3.0,9.864395088813042,0.0,7,64
3,30,4,2.8,10.13382337189991,0.0,7,64
3,30,5,2.8,10.826346748669176,0.0,7,64
3,30,6,2.8,8.802206822067992,0.0,7,64
3,30,7,3.0,10.634653526614334,0.0,7,64
3,30,8,2.8,10.296874360151977,0.0,7,64
3,30,9,3.0,13.425475721842176,0.0,7,64
3,30,10,2.8,11.083495737725846,0.0,7,64
3,30,11,2.8,10.824091411720195,0.0,7,64
3,30,12,3.8,7.865354061118397,0.125,7,64
3,30,13,2.8,11.155713903060983,0.0,7,64
3,30,14,3.0,9.47485600549282,0.0,7,64
3,30,15,2.8,12.310610492845878,0.0,7,64
3,30,16,2.8,11.681753768651676,0.0,7,64
3,30,17,2.8,12.313974859308933,0.0,7,64
3,30,18,2.8,11.604645369771168,0.0,7,64
3,30,19,2.8,13.220184448991812,0.0,7,64
3,30,20,2.8,9.532394595886167,0.0,7,64
3,30,21,3.0,8.913266375548726,0.0,7,64
3,30,22,2.2,13.292252485355453,0.0,5,64
1,31,1,4.6,8.500494919670937,0.0,7,64
1,31,2,3.8,9.841897322360312,0.0,7,64
1,31,3,3.4,8.118983890192546,0.0,7,64
1,31,4,3.0,12.053968100922766,0.0,7,64
1,31,5,3.2,8.236216204678946,0.0,7,64
1,31,6,2.8,11.287930336073263,0.0,7,64
1,31,7,2.8,11.27793470872749,0.0,7,64
1,31,8,2.8,13.192923869751088,0.0,7,64
1,31,9,2.8,11.348556812770742,0.0,7,64
1,31,10,2.8,13.401250179322158,0.0,7,64
1,31,11,2.8,18.533651138845865,0.0,7,64
1,31,12,2.8,11.389996755135376,0.0,7,64
1,31,13,2.8,13.5727751565958,0.0,7,64
1,31,14,2.8,11.304772997423683,0.0,7,64
1,31,15,2.8,11.718942739240997,0.0,7,64
1,31,16,2.8,10.752686603213938,0.0,7,64
1,31,17,3.2,8.588608632223645,0.0,7,64
1,31,18,3.2,8.49606446511202,0.0,7,64
1,31,19,3.2,9.18169677121664,0.0,7,64
1,31,20,3.0,9.736765112860654,0.0,7,64
2,31,1,4.2,8.866362776427291,0.0,7,64
2,31,2,4.0,8.466661248177157,0.0,7,64
2,31,3,3.8,8.453196779071963,0.0,7,64
2,31,4,3.2,8.87347233284669,0.0,7,64
2,31,5,3.0,10.081541199585919,0.0,7,64
2,31,6,3.2,9.664798146069922,0.0,7,64
2,31,7,3.2,9.276963173428797,0.0,7,64
2,31,8,2.8,10.308309615482315,0.0,7,64
2,31,9,2.8,12.374759667433022,0.0,7,64
2,31,10,2.8,11.134371760917968,0.0,7,64
2,31,11,2.8,11.939611006704055,0.0,7,64
2,31,12,2.8,11.238926257525362,0.0,7,64
2,31,13,2.8,10.147937955478378,0.0,7,64
2,31,14,3.0,9.201016552228287,0.0,7,64
2,31,15,2.8,11.268600085791707,0.0,7,64
2,31,16,2.8,12.170753198114243,0.0,7,64
2,31,17,3.0,13.856228217812694,0.0,7,64
2,31,18,2.8,12.908458255074075,0.0,7,64
2,31,19,2.8,6.961137934457755,0.0,7,64
2,31,20,3.0,11.95969262913028,0.0,7,64
3,31,1,2.8,9.92446808070633,0.0,7,64
3,31,2,2.8,12.194365509440644,0.0,7,64
3,31,3,3.0,13.836743727748676,0.0,7,64
3,31,4,2.8,9.533568857838945,0.0,7,64
3,31,5,2.8,11.001615258859307,0.0,7,64
3,31,6,2.8,8.652772248858106,0.0,7,64
3,31,7,2.8,10.010935326201176,0.0,7,64
3,31,8,2.8,12.325637207715465,0.0,7,64
3,31,9,2.8,12.815813614144604,0.0,7,64
3,31,10,3.0,9.007919745913078,0.0,7,64
3,31,11,2.8,12.08783888626714,0.0,7,64
3,31,12,3.6,8.523918128221075,0.0,7,64
3,31,13,3.2,8.883038794922332,0.0,7,64
3,31,14,2.8,10.936162983802946,0.0,7,64
3,31,15,3.0,17.672989023196735,0.0,7,64
3,31,16,2.8,13.574425857735687,0.0,7,64
3,31,17,2.8,11.656831945266495,0.0,7,64
3,31,18,2.8,9.78515889634578,0.0,7,64
3,31,19,2.8,12.778255880324979,0.0,7,64
3,31,20,2.8,8.35976324932762,0.0,7,64
3,31,21,3.0,9.058480181925624,0.0,7,64
3,31,22,2.2,14.21934352411237,0.0,5,64
1,32,1,4.4,8.913165273402596,0.0,7,64
1,32,2,4.0,10.514708053484346,0.0,7,64
1,32,3,3.4,7.864674409387264,0.0,7,64
1,32,4,3.2,10.043997139553296,0.0,7,64
1,32,5,3.2,9.253839470414345,0.0,7,64
1,32,6,2.8,10.478005787742092,0.0,7,64
1,32,7,2.8,13.875389777279656,0.0,7,64
1,32,8,2.8,11.643031276045853,0.0,7,64
1,32,9,2.8,11.776529217793335,0.0,7,64
1,32,10,2.8,12.404493797145403,0.0,7,64
1,32,11,2.8,14.118480988105736,0.0,7,64
1,32,12,2.8,12.992555875966506,0.0,7,64
1,32,13,3.0,16.36571989318621,0.0,7,64
1,32,14,3.0,13.00542163629872,0.0,7,64
1,32,15,2.8,10.47962318766734,0.0,7,64
1,32,16,2.8,11.742712445443765,0.0,7,64
1,32,17,3.0,9.018269538979592,0.0,7,64
1,32,18,2.8,10.394607352626638,0.0,7,64
1,32,19,3.2,9.922511334941433,0.0,7,64
1,32,20,3.0,9.816068393788097,0.0,7,64
2,32,1,4.0,9.012974237564192,0.0,7,64
2,32,2,4.2,8.80526707944778,0.0,7,64
2,32,3,3.8,7.746559156735373,0.0,7,64
2,32,4,3.6,8.193673255819238,0.0,7,64
2,32,5,3.0,8.315951459371169,0.0,7,64
2,32,6,3.2,9.665846086891001,0.0,7,64
2,32,7,3.0,11.680119973398968,0.0,7,64
2,32,8,2.8,11.594123768510208,0.0,7,64
2,32,9,3.0,9.864610072679483,0.0,7,64
2,32,10,2.8,13.967001772696769,0.0,7,64
2,32,11,2.8,10.450824178635354,0.0,7,64
2,32,12,2.8,11.25090330786851,0.0,7,64
2,32,13,2.8,9.18358280892827,0.0,7,64
2,32,14,3.6,8.896881353811175,0.125,7,64
2,32,15,2.8,11.7097901342597,0.0,7,64
2,32,16,2.8,10.196868506920755,0.0,7,64
2,32,17,3.0,13.953467799109276,0.0,7,64
2,32,18,2.8,8.693251759671593,0.0,7,64
2,32,19,2.8,10.669831665270749,0.0,7,64
2,32,20,2.4,13.861457611646943,0.0,5,64
3,32,1,3.4,8.96839170372173,0.0,7,64
3,32,2,3.6,8.345095884996098,0.0,7,64
3,32,3,3.4,8.937054940532835,0.0,7,64
3,32,4,3.0,8.212542692448377,0.0,7,64
3,32,5,2.8,8.814861024266754,0.0,7,64
3,32,6,2.8,8.885644787660722,0.0,7,64
3,32,7,3.0,15.680723384349763,0.0,7,64
3,32,8,2.8,10.995390142780105,0.0,7,64
3,32,9,2.8,11.689747735001482,0.0,7,64
3,32,10,3.2,10.479998599606917,0.0,7,64
3,32,11,3.6,9.84005289361716,0.0,7,64
3,32,12,3.2,9.874116238766165,0.0,7,64
3,32,13,3.0,10.182174527762559,0.0,7,64
3,32,14,3.0,12.972046946193496,0.0,7,64
3,32,15,3.2,10.091263913375741,0.0,7,64
3,32,16,3.0,10.523975013494972,0.0,7,64
3,32,17,2.8,12.646733353629546,0.0,7,64
3,32,18,2.8,13.711729438099551,0.0,7,64
3,32,19,2.8,10.327957210155446,0.0,7,64
3,32,20,3.0,9.79722250960074,0.0,7,64
3,32,21,2.25,15.10100876304161,0.0,4,64
1,33,1,4.8,9.31018887994115,0.0,7,64
1,33,2,3.6,10.46302648293235,0.0,7,64
1,33,3,3.4,8.075462978614771,0.0,7,64
1,33,4,3.2,10.535693057984053,0.0,7,64
1,33,5,3.0,9.219641825669548,0.0,7,64
1,33,6,2.8,9.24454315769383,0.0,7,64
1,33,7,2.8,10.566043925040766,0.0,7,64
1,33,8,2.8,12.057792323160307,0.0,7,64
1,33,9,2.8,11.47825582496081,0.0,7,64
1,33,10,2.8,18.503954989563923,0.0,7,64
1,33,11,2.8,20.212087164327343,0.0,7,64
1,33,12,2.8,10.109713322439676,0.0,7,64
1,33,13,2.8,16.24357995084408,0.0,7,64
1,33,14,2.8,15.370495185286622,0.0,7,64
1,33,15,3.0,11.24591888605935,0.0,7,64
1,33,16,2.8,11.972646442980606,0.0,7,64
1,33,17,3.0,9.655456546779105,0.0,7,64
1,33,18,3.2,9.30987276760814,0.0,7,64
1,33,19,2.8,11.215715196319252,0.0,7,64
1,33,20,3.2,8.160544718870817,0.0,7,64
2,33,1,3.2,13.366279765468054,0.0,7,64
2,33,2,3.0,10.332212615268292,0.0,7,64
2,33,3,3.4,10.404125450131472,0.0,7,64
2,33,4,3.6,8.050781485879153,0.0,7,64
2,33,5,3.0,9.935176890679385,0.0,7,64
2,33,6,3.0,9.901880194366866,0.0,7,64
2,33,7,3.4,8.234064375728684,0.0,7,64
2,33,8,2.8,12.815257636416264,0.0,7,64
2,33,9,2.8,12.88163927515963,0.0,7,64
2,33,10,2.8,9.233359098635898,0.0,7,64
2,33,11,3.0,13.249907544641557,0.0,7,64
2,33,12,2.8,11.704098044743475,0.0,7,64
2,33,13,2.8,12.464434992519458,0.0,7,64
2,33,14,2.8,11.393056583225231,0.0,7,64
2,33,15,3.0,12.052239452113422,0.0,7,64
2,33,16,3.0,10.180042635303694,0.0,7,64
2,33,17,2.8,12.012224463394361,0.0,7,64
2,33,18,3.0,12.536156108814772,0.0,7,64
2,33,19,3.0,7.620329800327196,0.0,7,64
2,33,20,2.8,9.350526403524572,0.0,7,64
2,33,21,2.5,13.263487517731042,0.0,4,64
3,33,1,3.2,8.858866217044051,0.0,7,64
3,33,2,2.8,11.762827715788934,0.0,7,64
3,33,3,3.0,10.695799497388244,0.0,7,64
3,33,4,2.8,8.637847722847916,0.0,7,64
3,33,5,2.8,11.857276762654681,0.0,7,64
3,33,6,2.8,10.542625885045371,0.0,7,64
3,33,7,3.0,10.13256909266911,0.0,7,64
3,33,8,2.8,10.233280807273632,0.0,7,64
3,33,9,2.8,14.330903808306552,0.0,7,64
3,33,10,2.8,9.842902701841355,0.0,7,64
3,33,11,2.8,12.198915762498878,0.0,7,64
3,33,12,3.2,11.761198562222614,0.0,7,64
3,33,13,3.2,9.121503152890938,0.0,7,64
3,33,14,2.8,10.432499892120907,0.0,7,64
3,33,15,3.0,13.803915141830887,0.0,7,64
3,33,16,3.0,12.442628430240728,0.0,7,64
3,33,17,3.0,10.31106908682496,0.0,7,64
3,33,18,2.8,13.07945744403247,0.0,7,64
3,33,19,3.0,12.316030220300279,0.0,7,64
3,33,20,2.8,10.073031388531085,0.0,7,64
3,33,21,2.8,9.965399419202276,0.0,7,64
3,33,22,2.25,14.962472460819223,0.0,4,64
1,34,1,4.6,8.233367522774548,0.0,7,64
1,34,2,3.8,10.493130283417042,0.0,7,64
1,34,3,3.6,7.103642569844775,0.0,7,64
1,34,4,3.0,15.107501165594963,0.0,7,64
1,34,5,3.2,9.795358442701648,0.0,7,64
1,34,6,2.8,9.7648837102026,0.0,7,64
1,34,7,2.8,13.502308590802306,0.0,7,64
1,34,8,2.8,11.756607379574875,0.0,7,64
1,34,9,2.8,10.132918912839937,0.0,7,64
1,34,10,2.8,13.22094790183372,0.0,7,64
1,34,11,2.8,14.849074013578761,0.0,7,64
1,34,12,2.8,10.900796541877432,0.0,7,64
1,34,13,2.8,17.8145487004211,0.0,7,64
1,34,14,2.8,12.82058811389095,0.0,7,64
1,34,15,2.8,13.051981757946246,0.0,7,64
1,34,16,2.8,13.811146142382722,0.0,7,64
1,34,17,3.2,9.282343385330854,0.0,7,64
1,34,18,3.0,8.355716129776258,0.0,7,64
1,34,19,3.2,11.070973954152056,0.0,7,64
1,34,20,3.4,7.730223982576251,0.0,7,64
2,34,1,2.8,19.035618405798218,0.0,7,64
2,34,2,2.8,12.568058295216533,0.0,7,64
2,34,3,3.6,9.984604032433717,0.0,7,64
2,34,4,3.4,8.265222795319476,0.0,7,64
2,34,5,3.2,9.472060281986861,0.0,7,64
2,34,6,2.8,9.6248405340389,0.0,7,64
2,34,7,3.2,9.575052475978179,0.0,7,64
2,34,8,3.0,11.7249025980006,0.0,7,64
2,34,9,2.8,10.39239511286844,0.0,7,64
2,34,10,2.8,11.229774666639095,0.0,7,64
2,34,11,3.0,14.214608116728124,0.0,7,64
2,34,12,2.8,10.344765686124413,0.0,7,64
2,34,13,2.8,11.954617062443281,0.0,7,64
2,34,14,2.8,9.770406689761492,0.0,7,64
2,34,15,3.0,9.44658659479216,0.0,7,64
2,34,16,3.0,12.504293962907976,0.0,7,64
2,34,17,2.8,11.60430747280319,0.0,7,64
2,34,18,3.0,10.251699419400634,0.0,7,64
2,34,19,3.0,8.683251250576653,0.0,7,64
2,34,20,3.0,8.850218846164525,0.0,7,64
2,34,21,2.4,13.956348598784443,0.0,5,64
3,34,1,3.6,7.452548508105259,0.0,7,64
3,34,2,3.4,10.578064560739591,0.0,7,64
3,34,3,3.4,9.98786058194584,0.0,7,64
3,34,4,3.0,9.758788576806435,0.0,7,64
3,34,5,2.8,9.588769058996585,0.0,7,64
3,34,6,2.8,8.87275426870715,0.0,7,64
3,34,7,3.0,14.91588761283704,0.0,7,64
3,34,8,2.8,11.644338534939761,0.0,7,64
3,34,9,2.8,13.035100870479072,0.0,7,64
3,34,10,2.8,13.122453406880085,0.0,7,64
3,34,11,3.6,6.886496766713318,0.125,7,64
3,34,12,3.0,10.114428842763466,0.0,7,64
3,34,13,3.2,8.349473882554637,0.0,7,64
3,34,14,2.8,14.379627935386042,0.0,7,64
3,34,15,3.0,9.08785539684784,0.0,7,64
3,34,16,2.8,11.951863753503428,0.0,7,64
3,34,17,3.0,10.37568858196727,0.0,7,64
3,34,18,2.8,11.466940913676567,0.0,7,64
3,34,19,2.8,8.573566387696621,0.0,7,64
3,34,20,2.8,9.690571271613885,0.0,7,64
3,34,21,2.8,12.475194752683711,0.0,6,64
1,35,1,4.6,9.612374137021405,0.0,7,64
1,35,2,4.2,8.39784094708136,0.0,7,64
1,35,3,3.6,7.36454097181912,0.0,7,64
1,35,4,2.8,15.944975727506021,0.0,7,64
1,35,5,3.0,10.232529969670912,0.0,7,64
1,35,6,2.8,9.0194862090117,0.0,7,64
1,35,7,2.8,11.717039385328595,0.0,7,64
1,35,8,2.8,13.585438718968083,0.0,7,64
1,35,9,2.8,10.61484550510727,0.0,7,64
1,35,10,2.8,14.81346544232845,0.0,7,64
1,35,11,2.8,13.51677605151791,0.0,7,64
1,35,12,2.8,10.063402635005222,0.0,7,64
1,35,13,2.8,12.924056878507098,0.0,7,64
1,35,14,2.8,13.663612969613801,0.0,7,64
1,35,15,2.8,12.255634661364835,0.0,7,64
1,35,16,2.8,11.739405312885086,0.0,7,64
1,35,17,3.2,8.924903201495354,0.0,7,64
1,35,18,3.0,9.70083863761648,0.0,7,64
1,35,19,2.8,13.65565850086723,0.0,7,64
1,35,20,3.0,9.587513893061066,0.0,7,64
1,35,21,2.5,10.69637955730503,0.0,4,64
2,35,1,3.0,15.057164956025439,0.0,7,64
2,35,2,2.8,11.681830102356493,0.0,7,64
2,35,3,3.6,10.588551050212759,0.125,7,64
2,35,4,2.8,11.215409381903687,0.0,7,64
2,35,5,2.8,8.7097266850824,0.0,7,64
2,35,6,2.8,10.171613232499896,0.0,7,64
2,35,7,3.2,11.635829172801856,0.0,7,64
2,35,8,3.2,9.63726177371471,0.0,7,64
2,35,9,2.8,14.175470134069327,0.0,7,64
2,35,10,2.8,10.428681552122507,0.0,7,64
2,35,11,3.0,11.00454309561212,0.0,7,64
2,35,12,2.8,11.823436136035621,0.0,7,64
2,35,13,2.8,10.165399272352083,0.0,7,64
2,35,14,3.0,10.390634933858657,0.0,7,64
2,35,15,3.0,9.774495907200924,0.0,7,64
2,35,16,3.0,12.33445500468678,0.0,7,64
2,35,17,2.8,11.058603093066896,0.0,7,64
2,35,18,3.0,12.76713303112844,0.0,7,64
2,35,19,3.0,9.823448791894833,0.0,7,64
2,35,20,3.0,6.872618555586844,0.0,7,64
2,35,21,2.8,12.528673545095703,0.0,6,64
3,35,1,2.8,8.432927412453791,0.0,7,64
3,35,2,2.8,12.194365509440532,0.0,7,64
3,35,3,2.8,10.404913199618852,0.0,7,64
3,35,4,2.8,12.39194913635194,0.0,7,64
3,35,5,2.8,10.800687467163774,0.0,7,64
3,35,6,3.0,8.45134607176963,0.0,7,64
3,35,7,3.0,10.653177130843948,0.0,7,64
3,35,8,2.8,9.770499477309704,0.0,7,64
3,35,9,3.2,12.25671800964339,0.0,7,64
3,35,10,2.8,10.25551649145279,0.0,7,64
3,35,11,2.8,12.007322429688285,0.0,7,64
3,35,12,3.2,9.754188676043793,0.0,7,64
3,35,13,3.2,9.040605082741875,0.0,7,64
3,35,14,2.8,10.450325370809052,0.0,7,64
3,35,15,3.0,12.429337311814992,0.0,7,64
3,35,16,2.8,14.439726871505899,0.0,7,64
3,35,17,2.8,12.803767954314905,0.0,7,64
3,35,18,2.8,12.794138689798148,0.0,7,64
3,35,19,2.8,12.967910145068108,0.0,7,64
3,35,20,2.8,9.622377217137506,0.0,7,64
3,35,21,2.8,9.703078677903212,0.0,7,64
3,35,22,2.4,13.837978427916912,0.0,5,64
1,36,1,4.8,8.00002769333644,0.0,7,64
1,36,2,3.8,9.487677920910338,0.0,7,64
1,36,3,3.4,7.70499164570974,0.0,7,64
1,36,4,2.8,14.251518049072713,0.0,7,64
1,36,5,3.2,8.662441722534275,0.0,7,64
1,36,6,2.8,11.039774411877957,0.0,7,64
1,36,7,2.8,10.312887127078568,0.0,7,64
1,36,8,2.8,15.743532627362832,0.0,7,64
1,36,9,2.8,10.936627283580446,0.0,7,64
1,36,10,2.8,14.497436365576881,0.0,7,64
1,36,11,2.8,22.72773693370963,0.0,7,64
1,36,12,2.8,10.424514288614004,0.0,7,64
1,36,13,2.8,13.727369955671437,0.0,7,64
1,36,14,2.8,12.074958409638628,0.0,7,64
1,36,15,2.8,10.85355048892106,0.0,7,64
1,36,16,2.8,11.89925334735483,0.0,7,64
1,36,17,3.2,9.421111058655207,0.0,7,64
1,36,18,2.8,10.725933465038873,0.0,7,64
1,36,19,2.8,15.481193282241502,0.0,7,64
1,36,20,3.2,8.662425715769489,0.0,7,64
1,36,21,2.75,9.563901164936274,0.0,4,64
2,36,1,3.6,10.92074641480435,0.0,7,64
2,36,2,3.8,9.01750871786199,0.0,7,64
2,36,3,3.4,8.555573001077708,0.0,7,64
2,36,4,3.6,7.658655880201972,0.0,7,64
2,36,5,3.0,9.663721704981352,0.0,7,64
2,36,6,3.2,11.098501491896386,0.0,7,64
2,36,7,3.4,8.354736456097843,0.0,7,64
2,36,8,2.8,10.388568076366326,0.0,7,64
2,36,9,3.0,9.914539050821498,0.0,7,64
2,36,10,3.2,11.34279896175999,0.0,7,64
2,36,11,2.8,11.666318175068195,0.0,7,64
2,36,12,2.8,12.401121107219769,0.0,7,64
2,36,13,2.8,11.882974565244755,0.0,7,64
2,36,14,3.0,9.284824218699915,0.0,7,64
2,36,15,2.8,12.11693920060681,0.0,7,64
2,36,16,2.8,10.017791924042934,0.0,7,64
2,36,17,3.0,12.446354547056158,0.0,7,64
2,36,18,2.8,11.004036069080788,0.0,7,64
2,36,19,2.8,7.716436147875047,0.0,7,64
2,36,20,3.0,11.53126870819423,0.0,7,64
3,36,1,2.8,9.057340598925224,0.0,7,64
3,36,2,2.8,10.682194101915277,0.0,7,64
3,36,3,3.0,10.882390338216087,0.0,7,64
3,36,4,2.8,10.44534752898662,0.0,7,64
3,36,5,3.0,9.142082626086424,0.0,7,64
3,36,6,2.8,9.837140003390257,0.0,7,64
3,36,7,3.0,10.805667493483265,0.0,7,64
3,36,8,2.8,11.31564872198849,0.0,7,64
3,36,9,2.8,18.694353362278566,0.0,7,64
3,36,10,2.8,10.752251676066532,0.0,7,64
3,36,11,2.8,11.26259757170402,0.0,7,64
3,36,12,3.0,12.84676972421591,0.0,7,64
3,36,13,3.2,8.442908665456446,0.0,7,64
3,36,14,2.8,8.947047596855757,0.0,7,64
3,36,15,2.8,17.791800191382322,0.0,7,64
3,36,16,3.0,9.495763250392354,0.0,7,64
3,36,17,2.8,13.801459215663956,0.0,7,64
3,36,18,2.8,10.530584022559491,0.0,7,64
3,36,19,2.8,12.47246209390793,0.0,7,64
3,36,20,2.8,9.780008281647838,0.0,7,64
3,36,21,2.8,11.34418249729913,0.0,7,64
3,36,22,2.8,11.824017583757946,0.0,7,64
1,37,1,4.8,8.593255413272434,0.0,7,64
1,37,2,3.6,10.180211134893907,0.0,7,64
1,37,3,3.4,7.874952147644089,0.0,7,64
1,37,4,3.4,10.02255950318577,0.0,7,64
1,37,5,3.0,10.320150920154637,0.0,7,64
1,37,6,3.0,8.541306824441861,0.0,7,64
1,37,7,2.8,9.503950216016197,0.0,7,64
1,37,8,2.8,14.945954429442626,0.0,7,64
1,37,9,2.8,11.675732766951043,0.0,7,64
1,37,10,2.8,14.048034904128896,0.0,7,64
1,37,11,2.8,15.502478106316492,0.0,7,64
1,37,12,2.8,11.392070019822185,0.0,7,64
1,37,13,2.8,18.611116502997977,0.0,7,64
1,37,14,2.8,15.208316077864213,0.0,7,64
1,37,15,2.8,11.62443500160669,0.0,7,64
1,37,16,2.8,13.450624232760253,0.0,7,64
1,37,17,3.4,7.557177703083317,0.0,7,64
1,37,18,3.2,9.883812771097352,0.0,7,64
1,37,19,3.0,10.111167769835275,0.0,7,64
1,37,20,3.2,8.253553578480915,0.0,7,64
2,37,1,4.2,9.340273038638573,0.0,7,64
2,37,2,3.8,10.77376761711478,0.0,7,64
2,37,3,3.6,8.681272262446601,0.0,7,64
2,37,4,3.4,8.123411201536632,0.0,7,64
2,37,5,2.8,10.594480171768788,0.0,7,64
2,37,6,3.2,10.497468762983399,0.0,7,64
2,37,7,3.4,8.55030277346229,0.0,7,64
2,37,8,2.8,13.20645874646685,0.0,7,64
2,37,9,2.8,10.451092228172076,0.0,7,64
2,37,10,3.0,10.452602573596383,0.0,7,64
2,37,11,2.8,11.556103796799222,0.0,7,64
2,37,12,2.8,10.898469273835683,0.0,7,64
2,37,13,2.8,11.02607650378281,0.0,7,64
2,37,14,3.0,9.105133211737954,0.0,7,64
2,37,15,2.8,13.27404155741284,0.0,7,64
2,37,16,2.8,12.675211974863313,0.0,7,64
2,37,17,3.0,12.246973472507793,0.0,7,64
2,37,18,2.8,11.26757750732776,0.0,7,64
2,37,19,3.0,7.169281672334122,0.0,7,64
2,37,20,3.0,10.17186719592405,0.0,7,64
3,37,1,2.8,10.485972110483576,0.0,7,64
3,37,2,2.8,13.696288996899034,0.0,7,64
3,37,3,2.8,13.10191791740798,0.0,7,64
3,37,4,2.8,10.427176520760595,0.0,7,64
3,37,5,2.8,10.361540420332428,0.0,7,64
3,37,6,2.8,9.789948587705922,0.0,7,64
3,37,7,2.8,9.11257621124562,0.0,7,64
3,37,8,3.0,11.497916196262178,0.0,7,64
3,37,9,3.0,12.397089006353916,0.0,7,64
3,37,10,2.8,10.421902035460477,0.0,7,64
3,37,11,2.8,12.8497188324096,0.0,7,64
3,37,12,3.4,9.53653037063478,0.0,7,64
3,37,13,3.0,10.704791815967164,0.0,7,64
3,37,14,2.8,10.570712079362949,0.0,7,64
3,37,15,2.8,17.191674367584174,0.0,7,64
3,37,16,3.0,11.759742070843949,0.0,7,64
3,37,17,2.8,12.737931890187845,0.0,7,64
3,37,18,2.8,12.212795221040711,0.0,7,64
3,37,19,2.8,11.53180271916193,0.0,7,64
3,37,20,2.8,9.015912535261991,0.0,7,64
3,37,21,2.8,9.059023179630817,0.0,7,64
3,37,22,2.8,11.23744801666801,0.0,6,64
1,38,1,4.6,8.9155193687874,0.0,7,64
1,38,2,4.0,9.48248692984176,0.0,7,64
1,38,3,3.4,8.21999326657671,0.0,7,64
1,38,4,3.0,13.306115994949254,0.0,7,64
1,38,5,3.4,8.324654845108125,0.0,7,64
1,38,6,2.8,11.503765995678629,0.0,7,64
1,38,7,2.8,10.533999534102389,0.0,7,64
1,38,8,2.8,14.23960364415872,0.0,7,64
1,38,9,2.8,12.049269866520815,0.0,7,64
1,38,10,2.8,14.627744858122188,0.0,7,64
1,38,11,2.8,17.949893937523004,0.0,7,64
1,38,12,2.8,10.609822402640564,0.0,7,64
1,38,13,2.8,15.993216800466977,0.0,7,64
1,38,14,3.0,13.592113840527785,0.0,7,64
1,38,15,2.8,10.443300138009757,0.0,7,64
1,38,16,2.8,11.95233232998405,0.0,7,64
1,38,17,3.2,9.01444780303379,0.0,7,64
1,38,18,3.0,10.111370024796036,0.0,7,64
1,38,19,3.2,10.614838724573222,0.0,7,64
1,38,20,3.4,8.794147876663812,0.0,7,64
2,38,1,3.8,9.553175122871425,0.0,7,64
2,38,2,3.4,12.415333472054373,0.0,7,64
2,38,3,3.4,8.95743416252145,0.0,7,64
2,38,4,3.2,10.15795658500951,0.0,7,64
2,38,5,2.8,11.584862468179066,0.0,7,64
2,38,6,2.8,10.876314314777604,0.0,7,64
2,38,7,3.2,9.168052117780721,0.0,7,64
2,38,8,3.0,10.807719170884525,0.0,7,64
2,38,9,2.8,13.808122602087575,0.0,7,64
2,38,10,3.2,8.491563300248226,0.0,7,64
2,38,11,2.8,18.459511800195067,0.0,7,64
2,38,12,2.8,11.855610695179664,0.0,7,64
2,38,13,2.8,13.227263739778845,0.0,7,64
2,38,14,2.8,9.555345574517027,0.0,7,64
2,38,15,3.0,11.338070539871804,0.0,7,64
2,38,16,2.8,14.081772719176096,0.0,7,64
2,38,17,2.8,10.692857769156346,0.0,7,64
2,38,18,3.0,13.84013569680737,0.0,7,64
2,38,19,3.0,9.104221301885868,0.0,7,64
2,38,20,3.0,8.279568719452714,0.0,7,64
2,38,21,2.0,22.23033281107442,0.0,4,64
3,38,1,2.8,9.478437154630294,0.0,7,64
3,38,2,2.8,11.659682046832277,0.0,7,64
3,38,3,3.0,11.079527518286088,0.0,7,64
3,38,4,2.8,9.45984087648777,0.0,7,64
3,38,5,2.8,9.587460631268895,0.0,7,64
3,38,6,2.8,8.996418562779576,0.0,7,64
3,38,7,3.0,9.614845363185298,0.0,7,64
3,38,8,2.8,11.51858417674446,0.0,7,64
3,38,9,2.8,15.1233406947471,0.0,7,64
3,38,10,2.8,10.847018783338646,0.0,7,64
3,38,11,2.8,12.457140569436863,0.0,7,64
3,38,12,3.2,9.084193363829657,0.0,7,64
3,38,13,3.2,8.8203619347113,0.0,7,64
3,38,14,2.8,10.149702666884846,0.0,7,64
3,38,15,2.8,21.40294017333728,0.0,7,64
3,38,16,3.0,10.453306925525807,0.0,7,64
3,38,17,2.8,13.677998004324344,0.0,7,64
3,38,18,3.0,14.628824898375496,0.0,7,64
3,38,19,2.8,10.115397454037153,0.0,7,64
3,38,20,2.8,9.007078515418808,0.0,7,64
3,38,21,2.8,10.919678999809202,0.0,7,64
3,38,22,2.6,11.966998150069509,0.0,6,64
1,39,1,4.8,8.496327727161258,0.0,7,64
1,39,2,3.6,11.26496268749929,0.0,7,64
1,39,3,3.4,7.5399377418728015,0.0,7,64
1,39,4,3.2,10.878030799136106,0.0,7,64
1,39,5,3.0,9.362891258405702,0.0,7,64
1,39,6,2.8,11.183188817926196,0.0,7,64
1,39,7,2.8,10.773843493514821,0.0,7,64
1,39,8,2.8,11.752092467498189,0.0,7,64
1,39,9,2.8,12.528252585343699,0.0,7,64
1,39,10,2.8,15.665789341749912,0.0,7,64
1,39,11,2.8,13.067680612038938,0.0,7,64
1,39,12,2.8,9.893929011659804,0.0,7,64
1,39,13,2.8,14.280395745211951,0.0,7,64
1,39,14,2.8,12.847258797453653,0.0,7,64
1,39,15,2.8,10.85355048892106,0.0,7,64
1,39,16,2.8,12.569395194493858,0.0,7,64
1,39,17,3.2,9.094102814875317,0.0,7,64
1,39,18,3.2,8.871292099066903,0.0,7,64
1,39,19,2.8,11.902458149087387,0.0,7,64
1,39,20,3.0,11.991409940822926,0.0,7,64
1,39,21,2.5,10.155585502091515,0.0,4,64
2,39,1,2.8,13.287293395452961,0.0,7,64
2,39,2,3.0,10.554988093450097,0.0,7,64
2,39,3,3.8,8.881592954537236,0.125,7,64
2,39,4,2.8,11.277201359256834,0.0,7,64
2,39,5,2.8,10.397129842619309,0.0,7,64
2,39,6,2.8,10.081148134880669,0.0,7,64
2,39,7,3.2,11.2995081905011,0.0,7,64
2,39,8,3.2,9.44995088411007,0.0,7,64
2,39,9,2.8,12.180697812150548,0.0,7,64
2,39,10,2.8,12.400547993460131,0.0,7,64
2,39,11,3.0,9.752573675968,0.0,7,64
2,39,12,2.8,10.138542979781619,0.0,7,64
2,39,13,2.8,12.154672031591408,0.0,7,64
2,39,14,2.8,10.6982048784804,0.0,7,64
2,39,15,3.0,10.164355716680546,0.0,7,64
2,39,16,3.0,11.435068546285528,0.0,7,64
2,39,17,2.8,10.76659629704414,0.0,7,64
2,39,18,3.0,13.09515913847184,0.0,7,64
2,39,19,3.0,10.166351897597464,0.0,7,64
2,39,20,2.8,8.609176659437155,0.0,7,64
2,39,21,3.0,10.35442380240945,0.0,7,64
3,39,1,3.2,7.728276187571701,0.0,7,64
3,39,2,2.8,11.584587662459315,0.0,7,64
3,39,3,2.8,15.055588135576134,0.0,7,64
3,39,4,2.8,10.360939165990434,0.0,7,64
3,39,5,2.8,10.73959439375975,0.0,7,64
3,39,6,2.8,10.370915879830648,0.0,7,64
3,39,7,3.0,9.631529962800428,0.0,7,64
3,39,8,2.8,12.00413455059479,0.0,7,64
3,39,9,2.8,17.874820458702704,0.0,7,64
3,39,10,2.8,10.029350258173945,0.0,7,64
3,39,11,2.8,10.95986575976828,0.0,7,64
3,39,12,3.6,7.637808736788178,0.125,7,64
3,39,13,3.2,10.063816807874503,0.0,7,64
3,39,14,2.8,12.588214088622165,0.0,7,64
3,39,15,3.0,12.492534375181544,0.0,7,64
3,39,16,3.0,13.128119810966274,0.0,7,64
3,39,17,2.8,9.895643456764638,0.0,7,64
3,39,18,2.8,12.542989491510847,0.0,7,64
3,39,19,2.8,13.123307915249272,0.0,7,64
3,39,20,2.8,9.720615748922196,0.0,7,64
3,39,21,3.0,9.552396092716371,0.0,7,64
3,39,22,2.25,13.86045796994974,0.0,4,64
1,40,1,4.8,9.576510969285652,0.0,7,64
1,40,2,3.6,9.720411775982303,0.0,7,64
1,40,3,3.4,7.302377229163106,0.0,7,64
1,40,4,3.2,10.248989538648106,0.0,7,64
1,40,5,3.2,9.183327811080964,0.0,7,64
1,40,6,2.8,9.39933575195247,0.0,7,64
1,40,7,2.8,12.290588608060032,0.0,7,64
1,40,8,2.8,11.710912071187161,0.0,7,64
1,40,9,2.8,12.181222498009635,0.0,7,64
1,40,10,2.8,15.302490393562302,0.0,7,64
1,40,11,2.8,17.47594510195078,0.0,7,64
1,40,12,2.8,11.417122282894168,0.0,7,64
1,40,13,2.8,18.13624218396713,0.0,7,64
1,40,14,2.8,12.197760071576148,0.0,7,64
1,40,15,2.8,10.922762686331286,0.0,7,64
1,40,16,2.8,10.419951929055806,0.0,7,64
1,40,17,3.6,7.467791578737775,0.0,7,64
1,40,18,3.2,9.998609908029115,0.0,7,64
1,40,19,3.0,9.53519459181235,0.0,7,64
1,40,20,3.4,8.425282109286345,0.0,7,64
2,40,1,4.2,9.010039991271924,0.0,7,64
2,40,2,4.2,8.405201040945498,0.0,7,64
2,40,3,4.2,6.576435805582094,0.0,7,64
2,40,4,3.4,9.889913871886929,0.0,7,64
2,40,5,3.0,10.038065419306957,0.0,7,64
2,40,6,3.6,8.133760917442206,0.0,7,64
2,40,7,2.8,11.986448008497138,0.0,7,64
2,40,8,2.8,11.309530330720682,0.0,7,64
2,40,9,2.8,9.275367398173985,0.0,7,64
2,40,10,3.0,10.534193189379874,0.0,7,64
2,40,11,2.8,13.726740396587845,0.0,7,64
2,40,12,2.8,12.644822464845063,0.0,7,64
2,40,13,3.0,11.073035564980474,0.0,7,64
2,40,14,3.0,9.862718927908444,0.0,7,64
2,40,15,2.8,11.838662576655892,0.0,7,64
2,40,16,2.8,12.252873647721858,0.0,7,64
2,40,17,3.0,10.529091938525008,0.0,7,64
2,40,18,3.2,6.93595973526768,0.0,7,64
2,40,19,3.2,7.66577005825302,0.0,7,64
3,40,1,3.0,9.35586503536508,0.0,7,64
3,40,2,3.0,9.886587870444433,0.0,7,64
3,40,3,3.0,11.521923206213312,0.0,7,64
3,40,4,2.8,8.711668932370099,0.0,7,64
3,40,5,2.8,10.095750662226234,0.0,7,64
3,40,6,2.8,9.08605939173651,0.0,7,64
3,40,7,3.0,10.234299775142597,0.0,7,64
3,40,8,2.8,11.791936188283698,0.0,7,64
3,40,9,2.8,12.642403706941531,0.0,7,64
3,40,10,2.8,11.531715464616246,0.0,7,64
3,40,11,2.8,10.973261478952129,0.0,7,64
3,40,12,3.4,9.345317174233356,0.0,7,64
3,40,13,3.2,9.187039502401294,0.0,7,64
3,40,14,3.2,8.889214045861378,0.0,7,64
3,40,15,3.2,11.513043116489452,0.0,7,64
3,40,16,2.8,13.85022887315743,0.0,7,64
3,40,17,3.0,9.551414929835156,0.0,7,64
3,40,18,2.8,11.071752864114886,0.0,7,64
3,40,19,2.8,13.746054894695222,0.0,7,64
3,40,20,2.8,10.129342661554944,0.0,7,64
3,40,21,2.8,12.38791940591455,0.0,7,64
1,41,1,4.4,8.92636836530951,0.0,7,64
1,41,2,4.2,10.156596723160554,0.0,7,64
1,41,3,3.2,8.54746697835742,0.0,7,64
1,41,4,3.2,10.336893812563488,0.0,7,64
1,41,5,3.0,9.58631104718508,0.0,7,64
1,41,6,2.8,10.268481793281875,0.0,7,64
1,41,7,2.8,10.054772478042985,0.0,7,64
1,41,8,2.8,14.355816332553072,0.0,7,64
1,41,9,2.8,13.244160503487324,0.0,7,64
1,41,10,2.8,15.191860251493893,0.0,7,64
1,41,11,2.8,16.873021781261205,0.0,7,64
1,41,12,2.8,10.915467848714956,0.0,7,64
1,41,13,2.8,16.510613041076915,0.0,7,64
1,41,14,2.8,12.221899919835261,0.0,7,64
1,41,15,2.8,12.31781036562114,0.0,7,64
1,41,16,2.8,11.623818640054594,0.0,7,64
1,41,17,3.2,9.276088392950895,0.0,7,64
1,41,18,3.2,8.768028395802387,0.0,7,64
1,41,19,3.2,10.277908981613942,0.0,7,64
1,41,20,3.0,9.929288254534912,0.0,7,64
2,41,1,4.2,8.438221159399065,0.0,7,64
2,41,2,4.4,7.436054030688442,0.0,7,64
2,41,3,3.6,8.846088776336028,0.0,7,64
2,41,4,3.4,8.350102626485317,0.0,7,64
2,41,5,3.2,9.470500005894205,0.0,7,64
2,41,6,3.6,8.916108119549119,0.0,7,64
2,41,7,3.0,10.740334828072925,0.0,7,64
2,41,8,2.8,13.215652758406835,0.0,7,64
2,41,9,3.2,8.34479088505202,0.0,7,64
2,41,10,2.8,13.641734464390701,0.0,7,64
2,41,11,2.8,12.104801984231093,0.0,7,64
2,41,12,2.8,12.106552897906493,0.0,7,64
2,41,13,2.8,9.60352742954218,0.0,7,64
2,41,14,3.4,8.597242468935868,0.0,7,64
2,41,15,3.0,12.435606797579327,0.0,7,64
2,41,16,2.8,11.931887911357146,0.0,7,64
2,41,17,3.2,8.622611069680092,0.0,7,64
2,41,18,2.8,7.912799119858958,0.0,7,64
2,41,19,3.0,8.940340405823758,0.0,7,64
3,41,1,3.0,10.75417322622999,0.0,7,64
3,41,2,3.6,9.021825351144265,0.0,7,64
3,41,3,3.2,10.439028226803226,0.0,7,64
3,41,4,2.8,10.702439047712456,0.0,7,64
3,41,5,3.2,8.405605312487328,0.0,7,64
3,41,6,2.8,9.811636748283902,0.0,7,64
3,41,7,3.0,11.545491875802655,0.0,7,64
3,41,8,2.8,9.23260880391299,0.0,7,64
3,41,9,2.8,12.850871555249286,0.0,7,64
3,41,10,2.8,12.614683582845451,0.0,7,64
3,41,11,3.0,10.369084303233047,0.0,7,64
3,41,12,3.2,8.564535135873404,0.0,7,64
3,41,13,3.0,9.70026444375111,0.0,7,64
3,41,14,2.8,13.510025885426433,0.0,7,64
3,41,15,3.0,10.39240791995776,0.0,7,64
3,41,16,3.0,17.775872321720527,0.0,7,64
3,41,17,3.0,10.34144702391348,0.0,7,64
3,41,18,2.8,12.07076668848001,0.0,7,64
3,41,19,2.8,11.08750200174598,0.0,7,64
3,41,20,2.8,8.868953638503836,0.0,7,64
3,41,21,3.0,10.668413665302715,0.0,7,64
1,42,1,4.8,7.9577694232104195,0.0,7,64
1,42,2,3.6,12.452131605767077,0.0,7,64
1,42,3,3.2,8.371917512510636,0.0,7,64
1,42,4,3.0,11.496064576148084,0.0,7,64
1,42,5,3.2,8.108391929815767,0.0,7,64
1,42,6,2.8,9.673415955404352,0.0,7,64
1,42,7,2.8,11.839724697919578,0.0,7,64
1,42,8,2.8,12.146419345353285,0.0,7,64
1,42,9,2.8,9.289132838382066,0.0,7,64
1,42,10,2.8,20.175149627533404,0.0,7,64
1,42,11,2.8,18.425102931961238,0.0,7,64
1,42,12,2.8,12.074093084762993,0.0,7,64
1,42,13,2.8,13.592447991193696,0.0,7,64
1,42,14,2.8,12.162160490149757,0.0,7,64
1,42,15,2.8,13.869982869649142,0.0,7,64
1,42,16,2.8,13.622930303367427,0.0,7,64
1,42,17,3.0,8.288651976659594,0.0,7,64
1,42,18,3.2,9.209701844197497,0.0,7,64
1,42,19,3.2,11.440261241913523,0.0,7,64
1,42,20,2.8,11.85850273437463,0.0,7,64
1,42,21,2.75,11.030004052153476,0.0,4,64
2,42,1,3.2,10.700410552143339,0.0,7,64
2,42,2,3.0,10.402505974739269,0.0,7,64
2,42,3,3.8,9.312817556582049,0.125,7,64
2,42,4,3.0,9.518900691499395,0.0,7,64
2,42,5,2.8,12.19841945670464,0.0,7,64
2,42,6,2.8,11.9817764083801,0.0,7,64
2,42,7,3.4,10.060926492919283,0.0,7,64
2,42,8,3.0,10.517336533952975,0.0,7,64
2,42,9,2.8,13.291143303426102,0.0,7,64
2,42,10,2.8,10.993977646452969,0.0,7,64
2,42,11,3.2,10.222629146677763,0.0,7,64
2,42,12,2.8,11.466428416322277,0.0,7,64
2,42,13,2.8,11.19055875489041,0.0,7,64
2,42,14,2.8,10.638529942850992,0.0,7,64
2,42,15,3.0,13.183067430128414,0.0,7,64
2,42,16,2.8,11.977491405397146,0.0,7,64
2,42,17,2.8,11.765744058142666,0.0,7,64
2,42,18,3.0,11.740949713455159,0.0,7,64
2,42,19,2.8,8.827526512738364,0.0,7,64
2,42,20,3.0,8.811965357722366,0.0,7,64
2,42,21,2.4,13.062156272434235,0.0,5,64
3,42,1,3.0,10.14752217592346,0.0,7,64
3,42,2,2.8,10.122155371573879,0.0,7,64
3,42,3,2.8,11.477309190869414,0.0,7,64
3,42,4,2.8,9.777418829537938,0.0,7,64
3,42,5,2.8,10.385153269629637,0.0,7,64
3,42,6,2.8,9.213251658185001,0.0,7,64
3,42,7,3.0,9.7528324920883,0.0,7,64
3,42,8,2.8,10.54542831226145,0.0,7,64
3,42,9,2.8,13.950499003843909,0.0,7,64
3,42,10,2.8,10.56593702028592,0.0,7,64
3,42,11,2.8,10.730546320332401,0.0,7,64
3,42,12,3.4,9.083311899338087,0.0,7,64
3,42,13,3.0,8.708156506716845,0.0,7,64
3,42,14,3.0,9.370933792611112,0.0,7,64
3,42,15,3.0,15.78415602889282,0.0,7,64
3,42,16,3.0,11.873722629834884,0.0,7,64
3,42,17,2.8,10.302031034505806,0.0,7,64
3,42,18,3.0,9.447427050892435,0.0,7,64
3,42,19,2.8,14.430292011370776,0.0,7,64
3,42,20,2.8,9.136972931944461,0.0,7,64
3,42,21,3.0,9.636434999127921,0.0,7,64
3,42,22,2.5,11.809857730412677,0.0,4,64
1,43,1,4.6,7.132211099776786,0.0,7,64
1,43,2,4.0,7.892737239386079,0.0,7,64
1,43,3,3.4,8.694387414659435,0.0,7,64
1,43,4,3.0,12.15227435360883,0.0,7,64
1,43,5,3.2,8.35564782655028,0.0,7,64
1,43,6,2.8,9.844647565155201,0.0,7,64
1,43,7,2.8,13.717462244150498,0.0,7,64
1,43,8,2.8,13.771725551952795,0.0,7,64
1,43,9,2.8,12.132173699537207,0.0,7,64
1,43,10,2.8,14.286663198365687,0.0,7,64
1,43,11,2.8,15.071911285726301,0.0,7,64
1,43,12,2.8,10.465375158632417,0.0,7,64
1,43,13,2.8,16.91448156807651,0.0,7,64
1,43,14,2.8,11.908500789256573,0.0,7,64
1,43,15,2.8,12.857049065521128,0.0,7,64
1,43,16,2.8,11.785323685704112,0.0,7,64
1,43,17,3.0,9.533256058640141,0.0,7,64
1,43,18,3.0,7.579090764508164,0.0,7,64
1,43,19,3.0,9.83887357941847,0.0,7,64
1,43,20,3.2,9.015135774022108,0.0,7,64
2,43,1,4.0,8.792700692730321,0.0,7,64
2,43,2,4.0,8.277254182468374,0.0,7,64
2,43,3,3.6,7.815941255126959,0.0,7,64
2,43,4,3.2,9.403431387674368,0.0,7,64
2,43,5,3.0,8.727591208831846,0.0,7,64
2,43,6,3.2,11.815661752204287,0.0,7,64
2,43,7,3.4,8.783611627004067,0.0,7,64
2,43,8,2.8,11.077607324100688,0.0,7,64
2,43,9,3.0,8.48234355151202,0.0,7,64
2,43,10,3.2,10.70868000095336,0.0,7,64
2,43,11,2.8,12.630642861500155,0.0,7,64
2,43,12,2.8,10.625432578466013,0.0,7,64
2,43,13,2.8,10.473090223637453,0.0,7,64
2,43,14,3.0,10.068641591721592,0.0,7,64
2,43,15,2.8,13.88667757235718,0.0,7,64
2,43,16,3.0,9.83699601079604,0.0,7,64
2,43,17,3.6,10.23349426906759,0.125,7,64
2,43,18,3.0,10.588736724245146,0.0,7,64
2,43,19,2.8,9.154585201674072,0.0,7,64
2,43,20,2.5,13.59516637009178,0.0,4,64
3,43,1,3.6,7.895077837110903,0.0,7,64
3,43,2,3.8,8.962367712694308,0.0,7,64
3,43,3,2.8,14.552899346153868,0.0,7,64
3,43,4,2.8,10.31248177750842,0.0,7,64
3,43,5,3.2,8.610057031063379,0.0,7,64
3,43,6,2.8,8.467390452045203,0.0,7,64
3,43,7,3.0,15.365565889289085,0.0,7,64
3,43,8,3.2,9.302796850103755,0.0,7,64
3,43,9,2.8,11.703785066715696,0.0,7,64
3,43,10,2.8,11.496009140200778,0.0,7,64
3,43,11,3.6,9.792786986692004,0.0,7,64
3,43,12,3.2,9.109377193646726,0.0,7,64
3,43,13,3.0,7.648315680565632,0.0,7,64
3,43,14,3.0,14.012222339980246,0.0,7,64
3,43,15,3.2,11.670183875416555,0.0,7,64
3,43,16,3.0,11.016846215393615,0.0,7,64
3,43,17,2.8,12.2417250155553,0.0,7,64
3,43,18,2.8,13.265627318935833,0.0,7,64
3,43,19,2.8,9.941828980320127,0.0,7,64
3,43,20,3.0,10.071486290606813,0.0,7,64
3,43,21,2.25,14.518497922952658,0.0,4,64
1,44,1,4.6,7.561806757580046,0.0,7,64
1,44,2,3.6,11.975395923461024,0.0,7,64
1,44,3,3.2,8.071793772133098,0.0,7,64
1,44,4,3.2,10.257049075781563,0.0,7,64
1,44,5,3.2,8.668247708829426,0.0,7,64
1,44,6,3.0,10.085812023015244,0.0,7,64
1,44,7,2.8,9.745805220549773,0.0,7,64
1,44,8,2.8,13.458101102522164,0.0,7,64
1,44,9,2.8,11.5886247176251,0.0,7,64
1,44,10,2.8,14.325119278611309,0.0,7,64
1,44,11,2.8,17.015957044004537,0.0,7,64
1,44,12,2.8,10.895731462836133,0.0,7,64
1,44,13,2.8,11.933223360503803,0.0,7,64
1,44,14,2.8,13.540064291160936,0.0,7,64
1,44,15,3.0,11.100901485141781,0.0,7,64
1,44,16,2.8,14.13511094173325,0.0,7,64
1,44,17,3.0,9.443616495254966,0.0,7,64
1,44,18,3.2,8.654693144123419,0.0,7,64
1,44,19,3.2,9.889941601183233,0.0,7,64
1,44,20,3.4,8.18152210133603,0.0,7,64
2,44,1,3.0,13.00767473354811,0.0,7,64
2,44,2,2.8,11.979275877453478,0.0,7,64
2,44,3,3.6,9.300440752312163,0.125,7,64
2,44,4,3.0,9.551121703933273,0.0,7,64
2,44,5,2.8,11.71107475054987,0.0,7,64
2,44,6,3.0,10.38981034201943,0.0,7,64
2,44,7,3.2,10.247770100995414,0.0,7,64
2,44,8,3.2,9.734696952121734,0.0,7,64
2,44,9,2.8,11.642665888471479,0.0,7,64
2,44,10,2.8,10.504441793633003,0.0,7,64
2,44,11,3.0,12.289001071841499,0.0,7,64
2,44,12,2.8,13.075341908070918,0.0,7,64
2,44,13,2.8,11.987427013545881,0.0,7,64
2,44,14,3.0,10.137780372331974,0.0,7,64
2,44,15,3.0,11.44392334863025,0.0,7,64
2,44,16,2.8,14.7223549482121,0.0,7,64
2,44,17,2.8,9.44388404116083,0.0,7,64
2,44,18,3.0,14.950715343738493,0.0,7,64
2,44,19,3.0,9.623961150348572,0.0,7,64
2,44,20,2.8,8.631143182020251,0.0,7,64
2,44,21,2.8,11.096619708337329,0.0,6,64
3,44,1,3.0,9.457131209549681,0.0,7,64
3,44,2,2.8,11.847637330932043,0.0,7,64
3,44,3,2.8,10.788940965791033,0.0,7,64
3,44,4,2.8,9.968652752089874,0.0,7,64
3,44,5,3.0,9.880527863143636,0.0,7,64
3,44,6,3.0,8.178870132889855,0.0,7,64
3,44,7,3.0,8.754701400246446,0.0,7,64
3,44,8,3.0,11.160518216444526,0.0,7,64
3,44,9,3.0,14.017571135965268,0.0,7,64
3,44,10,3.2,9.017050189562632,0.0,7,64
3,44,11,3.2,8.651945132465043,0.0,7,64
3,44,12,3.4,9.314892150018087,0.0,7,64
3,44,13,3.0,12.781566238577282,0.0,7,64
3,44,14,2.8,17.489121804593104,0.0,7,64
3,44,15,3.0,11.170624530616584,0.0,7,64
3,44,16,2.8,19.799107247530756,0.0,7,64
3,44,17,3.0,10.417307932118266,0.0,7,64
3,44,18,2.8,14.520016604223215,0.0,7,64
3,44,19,2.8,12.510456807463292,0.0,7,64
3,44,20,2.8,10.091147309393481,0.0,7,64
3,44,21,2.8,10.323996061816331,0.0,7,64
1,45,1,4.8,8.448679257996227,0.0,7,64
1,45,2,3.8,9.472763530364904,0.0,7,64
1,45,3,3.4,8.522244211141539,0.0,7,64
1,45,4,3.0,10.899409378894562,0.0,7,64
1,45,5,3.0,8.932641665793236,0.0,7,64
1,45,6,2.8,9.522092585975662,0.0,7,64
1,45,7,2.8,10.456042105836136,0.0,7,64
1,45,8,2.8,13.734157101215075,0.0,7,64
1,45,9,2.8,12.528252585343683,0.0,7,64
1,45,10,2.8,14.602830976809098,0.0,7,64
1,45,11,2.8,18.36420825676683,0.0,7,64
1,45,12,2.8,11.564869941065162,0.0,7,64
1,45,13,2.8,11.633728799776392,0.0,7,64
1,45,14,2.8,13.915263833020182,0.0,7,64
1,45,15,3.0,10.919856470650037,0.0,7,64
1,45,16,2.8,13.17693718293045,0.0,7,64
1,45,17,3.2,9.04547515318882,0.0,7,64
1,45,18,3.0,9.005008065452854,0.0,7,64
1,45,19,2.8,13.035328474162684,0.0,7,64
1,45,20,3.2,8.14950852174452,0.0,7,64
2,45,1,3.6,11.409691948505895,0.0,7,64
2,45,2,3.0,11.066905053557594,0.0,7,64
2,45,3,3.8,8.717280293115817,0.125,7,64
2,45,4,3.0,9.7614023933003,0.0,7,64
2,45,5,2.8,11.37227227774746,0.0,7,64
2,45,6,2.8,9.777770365723793,0.0,7,64
2,45,7,3.6,8.448350515179676,0.0,7,64
2,45,8,2.8,12.656145592667714,0.0,7,64
2,45,9,2.8,12.212857001510464,0.0,7,64
2,45,10,3.0,9.080536406861459,0.0,7,64
2,45,11,3.0,12.046154137034966,0.0,7,64
2,45,12,2.8,14.907760750729409,0.0,7,64
2,45,13,2.8,12.227571946725574,0.0,7,64
2,45,14,2.8,11.329042334513021,0.0,7,64
2,45,15,3.2,9.518195500384921,0.0,7,64
2,45,16,2.8,11.0135160336944,0.0,7,64
2,45,17,2.8,10.3141791747749,0.0,7,64
2,45,18,3.0,10.280722442476002,0.0,7,64
2,45,19,3.0,8.450138155419108,0.0,7,64
2,45,20,3.0,7.956443430266422,0.0,7,64
2,45,21,2.0,20.549756767266004,0.0,4,64
3,45,1,3.2,7.699090742057441,0.0,7,64
3,45,2,2.8,14.668592071057503,0.0,7,64
3,45,3,3.0,14.03343744490488,0.0,7,64
3,45,4,2.8,9.452156841223356,0.0,7,64
3,45,5,2.8,9.63454885813929,0.0,7,64
3,45,6,2.8,10.803335897574629,0.0,7,64
3,45,7,3.0,11.7030249079301,0.0,7,64
3,45,8,2.8,11.208466776342409,0.0,7,64
3,45,9,2.8,13.38968986238929,0.0,7,64
3,45,10,2.8,11.619346636067853,0.0,7,64
3,45,11,2.8,12.920490402727664,0.0,7,64
3,45,12,3.2,9.409054495635514,0.0,7,64
3,45,13,3.2,9.38751038483763,0.0,7,64
3,45,14,3.4,8.061439512283194,0.0,7,64
3,45,15,3.2,11.075233480156609,0.0,7,64
3,45,16,2.8,16.54839232347615,0.0,7,64
3,45,17,3.0,11.382284332589084,0.0,7,64
3,45,18,2.8,12.222274412335228,0.0,7,64
3,45,19,2.8,11.519501085637181,0.0,7,64
3,45,20,2.8,10.16300594222908,0.0,7,64
3,45,21,2.8,9.681753204855623,0.0,7,64
1,46,1,4.6,8.347418383011181,0.0,7,64
1,46,2,3.8,11.717334986332734,0.0,7,64
1,46,3,3.6,7.112026416846291,0.0,7,64
1,46,4,3.0,12.427963132042379,0.0,7,64
1,46,5,3.2,7.990042883296173,0.0,7,64
1,46,6,2.8,10.405632882471242,0.0,7,64
1,46,7,2.8,11.112061579469286,0.0,7,64
1,46,8,2.8,14.500800012366097,0.0,7,64
1,46,9,2.8,10.253610867468849,0.0,7,64
1,46,10,2.8,13.701934924514982,0.0,7,64
1,46,11,2.8,14.632730009322517,0.0,7,64
1,46,12,2.8,9.188732689004148,0.0,7,64
1,46,13,3.0,14.238847117716006,0.0,7,64
1,46,14,2.8,14.6180348297553,0.0,7,64
1,46,15,3.0,11.453315844004695,0.0,7,64
1,46,16,2.8,10.834833382564867,0.0,7,64
1,46,17,3.2,9.39386416039982,0.0,7,64
1,46,18,3.0,10.111370024796054,0.0,7,64
1,46,19,3.0,9.744689340541084,0.0,7,64
1,46,20,3.2,10.266916354351087,0.0,7,64
2,46,1,4.0,9.429860568623267,0.0,7,64
2,46,2,4.2,7.906072988782988,0.0,7,64
2,46,3,4.0,7.242203142712567,0.0,7,64
2,46,4,3.0,8.886155631260873,0.0,7,64
2,46,5,2.8,11.634483059473412,0.0,7,64
2,46,6,3.8,8.15786295383244,0.125,7,64
2,46,7,2.8,13.285502098933298,0.0,7,64
2,46,8,2.8,11.822711488771498,0.0,7,64
2,46,9,2.8,11.258567456781282,0.0,7,64
2,46,10,2.8,11.754966532746431,0.0,7,64
2,46,11,2.8,12.578019706201978,0.0,7,64
2,46,12,2.8,9.583532558203903,0.0,7,64
2,46,13,2.8,11.459932242189971,0.0,7,64
2,46,14,3.0,9.118708298914385,0.0,7,64
2,46,15,3.2,11.547045295534403,0.0,7,64
2,46,16,2.8,9.562001044327085,0.0,7,64
2,46,17,3.0,12.66053916285667,0.0,7,64
2,46,18,3.2,8.0902349163166,0.0,7,64
2,46,19,2.8,8.896324942257424,0.0,7,64
2,46,20,2.6,13.186590713633224,0.0,6,64
3,46,1,2.8,11.07457223884476,0.0,7,64
3,46,2,2.8,11.909424966909457,0.0,7,64
3,46,3,2.8,13.073911123050646,0.0,7,64
3,46,4,2.8,10.608028981922374,0.0,7,64
3,46,5,2.8,9.797215899897271,0.0,7,64
3,46,6,3.0,8.829571030652888,0.0,7,64
3,46,7,2.8,10.922734533874376,0.0,7,64
3,46,8,2.8,11.09578454642047,0.0,7,64
3,46,9,2.8,13.28920133109142,0.0,7,64
3,46,10,2.8,11.628959062299595,0.0,7,64
3,46,11,3.0,11.181085375892877,0.0,7,64
3,46,12,3.2,9.249042776438992,0.0,7,64
3,46,13,3.0,10.939340886365601,0.0,7,64
3,46,14,2.8,9.421377220560476,0.0,7,64
3,46,15,2.8,15.431796011775065,0.0,7,64
3,46,16,3.2,9.33403717955297,0.0,7,64
3,46,17,2.8,12.844939329370993,0.0,7,64
3,46,18,3.2,9.779822143331383,0.0,7,64
3,46,19,2.8,15.266059763615674,0.0,7,64
3,46,20,2.8,9.039302569530163,0.0,7,64
3,46,21,3.0,10.023438182968338,0.0,7,64
3,46,22,2.2,14.219343524112217,0.0,5,64
1,47,1,4.8,8.53241827962082,0.0,7,64
1,47,2,3.6,10.355148261373717,0.0,7,64
1,47,3,3.4,8.544956982232137,0.0,7,64
1,47,4,3.8,8.684924409747566,0.0,7,64
1,47,5,3.0,8.765702765967077,0.0,7,64
1,47,6,2.8,10.473985169620313,0.0,7,64
1,47,7,2.8,10.712995994896602,0.0,7,64
1,47,8,2.8,11.769422019318448,0.0,7,64
1,47,9,2.8,10.984101726243019,0.0,7,64
1,47,10,2.8,14.606679381632235,0.0,7,64
1,47,11,2.8,17.986894688595395,0.0,7,64
1,47,12,2.8,9.286430069130672,0.0,7,64
1,47,13,2.8,13.270278440073596,0.0,7,64
1,47,14,2.8,16.4436377522853,0.0,7,64
1,47,15,2.8,10.04298918539895,0.0,7,64
1,47,16,2.8,13.26817086885683,0.0,7,64
1,47,17,3.2,9.014447803033804,0.0,7,64
1,47,18,3.0,10.51726097876687,0.0,7,64
1,47,19,3.2,9.47938052231418,0.0,7,64
1,47,20,3.6,7.610926810719177,0.0,7,64
2,47,1,3.6,10.617417235814674,0.0,7,64
2,47,2,2.8,12.819874553098245,0.0,7,64
2,47,3,3.4,10.735795667024023,0.0,7,64
2,47,4,3.4,7.375468092247847,0.0,7,64
2,47,5,3.2,10.539194967525596,0.0,7,64
2,47,6,3.2,8.291601836207954,0.0,7,64
2,47,7,3.6,9.45991001532653,0.0,7,64
2,47,8,3.0,9.615657472920526,0.0,7,64
2,47,9,2.8,11.946176730502815,0.0,7,64
2,47,10,3.0,8.75223299796959,0.0,7,64
2,47,11,2.8,15.80389506279359,0.0,7,64
2,47,12,2.8,12.576695685957398,0.0,7,64
2,47,13,3.0,10.520618458426195,0.0,7,64
2,47,14,3.0,8.525458503542254,0.0,7,64
2,47,15,3.2,10.72220951939303,0.0,7,64
2,47,16,2.8,9.961766405549545,0.0,7,64
2,47,17,2.8,14.46510017427486,0.0,7,64
2,47,18,3.2,10.523131654559696,0.0,7,64
2,47,19,2.8,7.776587550229696,0.0,7,64
2,47,20,3.0,10.749588048179419,0.0,7,64
3,47,1,3.6,8.510269981230046,0.0,7,64
3,47,2,3.2,11.685904647437464,0.0,7,64
3,47,3,3.2,11.790829846043978,0.0,7,64
3,47,4,2.8,10.540708969215789,0.0,7,64
3,47,5,2.8,9.873409530009083,0.0,7,64
3,47,6,2.8,8.978477381931107,0.0,7,64
3,47,7,3.0,10.736592365522283,0.0,7,64
3,47,8,3.0,10.247147219554469,0.0,7,64
3,47,9,2.8,12.690879450400606,0.0,7,64
3,47,10,2.8,12.934824472253451,0.0,7,64
3,47,11,3.0,11.083100868947628,0.0,7,64
3,47,12,3.2,8.940104939162142,0.0,7,64
3,47,13,2.8,12.580295608812511,0.0,7,64
3,47,14,2.8,14.065442314768605,0.0,7,64
3,47,15,3.2,10.0471954178719,0.0,7,64
3,47,16,2.8,15.726364846479088,0.0,7,64
3,47,17,2.8,11.222814538419309,0.0,7,64
3,47,18,2.8,13.010557596095955,0.0,7,64
3,47,19,2.8,12.168717847148386,0.0,7,64
3,47,20,2.8,9.079050416308068,0.0,7,64
3,47,21,3.0,9.77962436674842,0.0,7,64
1,48,1,4.8,8.871579128882662,0.0,7,64
1,48,2,3.8,9.184022493030186,0.0,7,64
1,48,3,3.4,8.595178035057147,0.0,7,64
1,48,4,3.0,11.141225959214594,0.0,7,64
1,48,5,3.2,9.086397691117538,0.0,7,64
1,48,6,3.0,9.081964397325462,0.0,7,64
1,48,7,2.8,10.388716777955281,0.0,7,64
1,48,8,2.8,16.018665155275535,0.0,7,64
1,48,9,2.8,12.983894195489881,0.0,7,64
1,48,10,2.8,16.421539125265802,0.0,7,64
1,48,11,2.8,18.1117437830453,0.0,7,64
1,48,12,2.8,11.724544854755395,0.0,7,64
1,48,13,2.8,13.702167078384281,0.0,7,64
1,48,14,3.0,12.545146027773098,0.0,7,64
1,48,15,2.8,10.64625344277008,0.0,7,64
1,48,16,2.8,12.87140533376239,0.0,7,64
1,48,17,3.2,7.986936321562515,0.0,7,64
1,48,18,3.2,8.944853806267554,0.0,7,64
1,48,19,3.0,12.607348052238669,0.0,7,64
1,48,20,3.4,8.832818681973007,0.0,7,64
2,48,1,4.0,8.360031754690814,0.0,7,64
2,48,2,4.4,7.570581793930681,0.125,7,64
2,48,3,4.0,6.436306011734063,0.0,7,64
2,48,4,2.8,10.240455368328414,0.0,7,64
2,48,5,2.8,10.830954305919724,0.0,7,64
2,48,6,3.0,11.964837482715803,0.0,7,64
2,48,7,3.4,7.7980882249769445,0.0,7,64
2,48,8,2.8,12.132372917536589,0.0,7,64
2,48,9,2.8,10.55935353401957,0.0,7,64
2,48,10,3.0,10.259727567819269,0.0,7,64
2,48,11,2.8,11.299897277970006,0.0,7,64
2,48,12,2.8,12.082636096980824,0.0,7,64
2,48,13,2.8,11.67875967809721,0.0,7,64
2,48,14,3.0,8.691101046655586,0.0,7,64
2,48,15,2.8,11.566959832291113,0.0,7,64
2,48,16,2.8,10.034227273410428,0.0,7,64
2,48,17,3.0,12.652334917393246,0.0,7,64
2,48,18,3.2,8.379457210804322,0.0,7,64
2,48,19,2.8,8.633481937837821,0.0,7,64
2,48,20,3.0,10.38960234618394,0.0,7,64
3,48,1,2.8,10.89699020312341,0.0,7,64
3,48,2,2.8,12.72725383878469,0.0,7,64
3,48,3,3.0,10.193196638908173,0.0,7,64
3,48,4,2.8,9.920146378950726,0.0,7,64
3,48,5,2.8,10.73136722362585,0.0,7,64
3,48,6,2.8,8.956893613294243,0.0,7,64
3,48,7,3.0,10.561198832316594,0.0,7,64
3,48,8,2.8,11.922761036343065,0.0,7,64
3,48,9,2.8,15.236365396566745,0.0,7,64
3,48,10,2.8,12.79917103496519,0.0,7,64
3,48,11,2.8,12.482564646078089,0.0,7,64
3,48,12,3.6,8.063181678193114,0.125,7,64
3,48,13,2.8,11.26034793220738,0.0,7,64
3,48,14,2.8,9.839460235206335,0.0,7,64
3,48,15,2.8,16.190468744992703,0.0,7,64
3,48,16,3.0,10.453306925525807,0.0,7,64
3,48,17,2.8,12.478054321921205,0.0,7,64
3,48,18,2.8,12.77395446253417,0.0,7,64
3,48,19,2.8,13.31414843807938,0.0,7,64
3,48,20,2.8,8.455044001325202,0.0,7,64
3,48,21,2.8,9.846583247417419,0.0,7,64
3,48,22,2.8,12.299580933137682,0.0,6,64
1,49,1,4.6,8.014366777097273,0.0,7,64
1,49,2,3.6,10.386108829075114,0.0,7,64
1,49,3,3.2,7.923211087343686,0.0,7,64
1,49,4,3.2,10.674961686465577,0.0,7,64
1,49,5,3.0,8.221080265113121,0.0,7,64
1,49,6,3.0,9.876560506117762,0.0,7,64
1,49,7,2.8,12.052853864378502,0.0,7,64
1,49,8,2.8,11.453809947691356,0.0,7,64
1,49,9,2.8,13.023110617012309,0.0,7,64
1,49,10,2.8,14.708905876076315,0.0,7,64
1,49,11,2.8,20.08305656310413,0.0,7,64
1,49,12,2.8,12.074093084762968,0.0,7,64
1,49,13,2.8,17.15172918622161,0.0,7,64
1,49,14,3.0,10.769691267236112,0.0,7,64
1,49,15,2.8,11.301360847806995,0.0,7,64
1,49,16,2.8,10.92818634069394,0.0,7,64
1,49,17,3.0,9.097992404358251,0.0,7,64
1,49,18,3.0,9.414171195362519,0.0,7,64
1,49,19,3.2,10.539829258006947,0.0,7,64
1,49,20,3.2,7.852172079877539,0.0,7,64
2,49,1,3.6,11.221291354746041,0.0,7,64
2,49,2,3.0,13.571780833473492,0.0,7,64
2,49,3,4.0,7.43197045914394,0.0,7,64
2,49,4,3.2,8.308804292393118,0.0,7,64
2,49,5,2.8,10.981637928239477,0.0,7,64
2,49,6,2.8,11.44625021837745,0.0,7,64
2,49,7,3.6,8.637444208591457,0.0,7,64
2,49,8,3.0,12.559497260324948,0.0,7,64
2,49,9,3.0,11.069885537120737,0.0,7,64
2,49,10,3.0,8.866424264242383,0.0,7,64
2,49,11,2.8,13.931914703555426,0.0,7,64
2,49,12,2.8,10.539481655936418,0.0,7,64
2,49,13,2.8,11.36578770400947,0.0,7,64
2,49,14,2.8,9.362736100925247,0.0,7,64
2,49,15,3.2,10.73562195849906,0.0,7,64
2,49,16,2.8,10.987532670025583,0.0,7,64
2,49,17,2.8,11.635859048935352,0.0,7,64
2,49,18,3.4,9.2263371060354,0.0,7,64
2,49,19,3.0,8.658227450809962,0.0,7,64
2,49,20,3.0,10.211179452703544,0.0,7,64
3,49,1,3.4,8.079805182976072,0.0,7,64
3,49,2,3.2,10.587356349156442,0.0,7,64
3,49,3,2.8,13.214459154874568,0.0,7,64
3,49,4,2.8,10.446900521594184,0.0,7,64
3,49,5,3.2,8.699979545581357,0.0,7,64
3,49,6,2.8,8.938732548385232,0.0,7,64
3,49,7,3.0,14.001887911257043,0.0,7,64
3,49,8,3.0,9.944059030782043,0.0,7,64
3,49,9,3.0,13.351560142081322,0.0,7,64
3,49,10,2.8,12.934824472253451,0.0,7,64
3,49,11,3.6,7.596550922692014,0.125,7,64
3,49,12,3.0,8.859815010981684,0.0,7,64
3,49,13,3.2,8.351565832608756,0.0,7,64
3,49,14,2.8,17.445441226826425,0.0,7,64
3,49,15,3.0,10.392240177690303,0.0,7,64
3,49,16,2.8,13.66793646059032,0.0,7,64
3,49,17,3.0,11.576199110169693,0.0,7,64
3,49,18,2.8,10.139128728871315,0.0,7,64
3,49,19,2.8,10.307513517609408,0.0,7,64
3,49,20,2.8,8.781061399951541,0.0,7,64
3,49,21,2.8,9.978941515109318,0.0,7,64
1,50,1,4.4,7.457201270733879,0.0,7,64
1,50,2,3.6,10.23164751487165,0.0,7,64
1,50,3,3.2,9.71865335724337,0.0,7,64
1,50,4,3.4,10.335003028616455,0.0,7,64
1,50,5,3.2,8.668247708829426,0.0,7,64
1,50,6,2.8,9.285851596877437,0.0,7,64
1,50,7,2.8,10.214179689993168,0.0,7,64
1,50,8,2.8,11.497517140705853,0.0,7,64
1,50,9,2.8,9.148114482714858,0.0,7,64
1,50,10,2.8,16.25643633380199,0.0,7,64
1,50,11,2.8,20.083056563104282,0.0,7,64
1,50,12,2.8,12.270784643844111,0.0,7,64
1,50,13,2.8,19.99767252579314,0.0,7,64
1,50,14,3.0,11.666234625624984,0.0,7,64
1,50,15,3.0,10.501209627342664,0.0,7,64
1,50,16,2.8,11.363082907535016,0.0,7,64
1,50,17,3.2,9.031917633764403,0.0,7,64
1,50,18,3.2,8.906467790828911,0.0,7,64
1,50,19,3.0,9.387726381825608,0.0,7,64
1,50,20,3.2,9.32803321290577,0.0,7,64
2,50,1,4.2,8.714760679571588,0.0,7,64
2,50,2,4.0,10.611315371533099,0.0,7,64
2,50,3,3.6,7.954025737201899,0.0,7,64
2,50,4,3.2,8.828188084396933,0.0,7,64
2,50,5,2.8,9.612113634472305,0.0,7,64
2,50,6,3.4,10.318616991751298,0.0,7,64
2,50,7,3.0,9.7307719886366,0.0,7,64
2,50,8,2.8,13.458054886832551,0.0,7,64
2,50,9,2.8,11.573232348704012,0.0,7,64
2,50,10,2.8,11.558187222945925,0.0,7,64
2,50,11,2.8,12.899104257875052,0.0,7,64
2,50,12,2.8,11.304904450654968,0.0,7,64
2,50,13,2.8,11.981308223801017,0.0,7,64
2,50,14,3.0,8.388245913558919,0.0,7,64
2,50,15,2.8,12.727885242082733,0.0,7,64
2,50,16,2.8,11.923199713198066,0.0,7,64
2,50,17,2.8,12.693814519555627,0.0,7,64
2,50,18,3.2,10.541268463494829,0.0,7,64
2,50,19,2.8,7.678950659048632,0.0,7,64
2,50,20,3.0,9.770736200567725,0.0,7,64
3,50,1,3.6,7.452548508105301,0.0,7,64
3,50,2,3.4,10.05628388276696,0.0,7,64
3,50,3,3.4,10.780049455845612,0.0,7,64
3,50,4,3.0,9.427844950393208,0.0,7,64
3,50,5,3.0,8.942472472063056,0.0,7,64
3,50,6,3.0,8.847483080644107,0.0,7,64
3,50,7,3.0,9.751099734623608,0.0,7,64
3,50,8,3.0,11.057205186947023,0.0,7,64
3,50,9,2.8,11.244134847350843,0.0,7,64
3,50,10,2.8,13.123182552219356,0.0,7,64
3,50,11,3.2,9.493867812327046,0.0,7,64
3,50,12,3.0,9.277763304262184,0.0,7,64
3,50,13,3.0,9.127868480552383,0.0,7,64
3,50,14,2.8,16.080986493498408,0.0,7,64
3,50,15,3.2,11.384134925461801,0.0,7,64
3,50,16,2.8,12.503563924385407,0.0,7,64
3,50,17,2.8,11.288603348115952,0.0,7,64
3,50,18,2.8,14.514842367417092,0.0,7,64
3,50,19,2.8,9.389631379433444,0.0,7,64
3,50,20,2.8,10.689873758257477,0.0,7,64
3,50,21,2.8,11.469250682410085,0.0,6,64
1,51,1,4.6,8.301420960976184,0.0,7,64
1,51,2,4.0,8.842427261244392,0.0,7,64
1,51,3,3.4,8.95272837760018,0.0,7,64
1,51,4,3.0,11.681143232984974,0.0,7,64
1,51,5,3.2,8.668146814676302,0.0,7,64
1,51,6,2.8,8.681634944371371,0.0,7,64
1,51,7,2.8,11.42816656240498,0.0,7,64
1,51,8,2.8,12.184496239861941,0.0,7,64
1,51,9,2.8,9.916153473023295,0.0,7,64
1,51,10,2.8,14.320614885028585,0.0,7,64
1,51,11,2.8,18.783297385827026,0.0,7,64
1,51,12,2.8,9.930728933547911,0.0,7,64
1,51,13,2.8,16.588544396502375,0.0,7,64
1,51,14,2.8,14.841431168225583,0.0,7,64
1,51,15,2.8,11.441220900299129,0.0,7,64
1,51,16,2.8,14.97833478543348,0.0,7,64
1,51,17,3.0,9.796731578670684,0.0,7,64
1,51,18,3.2,8.184503677339134,0.0,7,64
1,51,19,3.2,10.603440433673022,0.0,7,64
1,51,20,3.0,9.68979523513562,0.0,7,64
2,51,1,4.0,9.473680151993857,0.0,7,64
2,51,2,4.4,7.264838366838646,0.0,7,64
2,51,3,3.8,7.700701552953881,0.0,7,64
2,51,4,3.2,9.477761040571682,0.0,7,64
2,51,5,2.8,10.30295584767139,0.0,7,64
2,51,6,3.4,9.066882599027466,0.0,7,64
2,51,7,3.2,10.458059822721328,0.0,7,64
2,51,8,2.8,10.931034246365579,0.0,7,64
2,51,9,2.8,9.807225474561468,0.0,7,64
2,51,10,3.0,13.173628512332451,0.0,7,64
2,51,11,2.8,11.300437843236491,0.0,7,64
2,51,12,2.8,13.572928338547138,0.0,7,64
2,51,13,2.8,9.80172281736776,0.0,7,64
2,51,14,3.0,9.288771380594744,0.0,7,64
2,51,15,3.0,11.559008962348754,0.0,7,64
2,51,16,2.8,14.95178110855931,0.0,7,64
2,51,17,3.0,11.505206005284608,0.0,7,64
2,51,18,3.0,9.04272115642454,0.0,7,64
2,51,19,2.8,8.560139991378959,0.0,7,64
2,51,20,2.6,12.020357453280944,0.0,6,64
3,51,1,2.8,11.916058842600526,0.0,7,64
3,51,2,3.0,10.927793260870937,0.0,7,64
3,51,3,2.8,10.281131533394223,0.0,7,64
3,51,4,2.8,9.95243133996625,0.0,7,64
3,51,5,2.8,10.04405843946986,0.0,7,64
3,51,6,2.8,9.144376904859556,0.0,7,64
3,51,7,3.0,10.82283963826776,0.0,7,64
3,51,8,2.8,11.040358265728294,0.0,7,64
3,51,9,3.2,11.201657557701266,0.0,7,64
3,51,10,2.8,11.297406788645063,0.0,7,64
3,51,11,2.8,12.78544252415919,0.0,7,64
3,51,12,3.0,10.196314265358316,0.0,7,64
3,51,13,3.4,8.581555718156588,0.0,7,64
3,51,14,3.0,9.504303334097616,0.0,7,64
3,51,15,3.0,11.419579410330028,0.0,7,64
3,51,16,3.0,16.01583537578728,0.0,7,64
3,51,17,3.0,10.006580147377514,0.0,7,64
3,51,18,3.0,11.53254341428378,0.0,7,64
3,51,19,2.8,13.07805458754274,0.0,7,64
3,51,20,2.8,9.382103783513328,0.0,7,64
3,51,21,3.0,9.791450558567346,0.0,7,64
1,52,1,4.8,7.864301435214979,0.0,7,64
1,52,2,3.8,9.311747376558573,0.0,7,64
1,52,3,3.2,9.299318893095563,0.0,7,64
1,52,4,3.4,10.279001841436902,0.0,7,64
1,52,5,3.0,8.747205789306731,0.0,7,64
1,52,6,3.0,8.72684868612128,0.0,7,64
1,52,7,2.8,11.076135825932925,0.0,7,64
1,52,8,2.8,14.409857308346417,0.0,7,64
1,52,9,2.8,14.275776273179458,0.0,7,64
1,52,10,2.8,13.696801110739177,0.0,7,64
1,52,11,2.8,17.5832636852175,0.0,7,64
1,52,12,2.8,10.498911934228238,0.0,7,64
1,52,13,2.8,14.389260699333674,0.0,7,64
1,52,14,2.8,12.952725532110353,0.0,7,64
1,52,15,2.8,10.020113294354363,0.0,7,64
1,52,16,2.8,11.769332327414942,0.0,7,64
1,52,17,3.4,7.977359231245131,0.0,7,64
1,52,18,3.2,9.376309033996638,0.0,7,64
1,52,19,3.0,10.444130868369289,0.0,7,64
1,52,20,3.0,11.12574881193509,0.0,7,64
2,52,1,3.8,9.249771313426043,0.0,7,64
2,52,2,5.0,6.488261224948271,0.125,7,64
2,52,3,3.6,8.878592047558401,0.0,7,64
2,52,4,2.8,11.155695375284287,0.0,7,64
2,52,5,2.8,9.80636506287057,0.0,7,64
2,52,6,3.6,8.793437885836527,0.0,7,64
2,52,7,3.0,11.252196855704083,0.0,7,64
2,52,8,2.8,11.174679531258922,0.0,7,64
2,52,9,2.8,11.405534451994214,0.0,7,64
2,52,10,3.0,10.679627225821696,0.0,7,64
2,52,11,2.8,11.458564593397432,0.0,7,64
2,52,12,2.8,10.726062653589066,0.0,7,64
2,52,13,2.8,11.951040270296263,0.0,7,64
2,52,14,3.0,9.920000390187965,0.0,7,64
2,52,15,3.2,9.968338131561435,0.0,7,64
2,52,16,2.8,11.828737320685867,0.0,7,64
2,52,17,3.0,12.169059768216039,0.0,7,64
2,52,18,2.8,9.946852829462443,0.0,7,64
2,52,19,2.8,8.16996223022278,0.0,7,64
2,52,20,2.8,12.351561540035792,0.0,6,64
3,52,1,3.2,9.096017195577296,0.0,7,64
3,52,2,3.6,8.907117386269455,0.0,7,64
3,52,3,3.2,13.420828510534806,0.0,7,64
3,52,4,2.8,9.704462471753237,0.0,7,64
3,52,5,3.0,8.094156283521778,0.0,7,64
3,52,6,3.0,9.429205264516261,0.0,7,64
3,52,7,3.0,11.344010438964915,0.0,7,64
3,52,8,2.8,11.91108563667915,0.0,7,64
3,52,9,2.8,11.331462746554381,0.0,7,64
3,52,10,2.8,13.804264392458954,0.0,7,64
3,52,11,3.4,9.110061674726014,0.0,7,64
3,52,12,3.2,8.4380204279787,0.0,7,64
3,52,13,3.0,9.72626837226519,0.0,7,64
3,52,14,2.8,19.629016145890095,0.0,7,64
3,52,15,3.4,8.458821639225489,0.0,7,64
3,52,16,2.8,11.678016145942259,0.0,7,64
3,52,17,3.0,10.464450434524574,0.0,7,64
3,52,18,2.8,14.760042655608585,0.0,7,64
3,52,19,2.8,8.455044001325257,0.0,7,64
3,52,20,2.8,9.894371154338197,0.0,7,64
3,52,21,2.8,12.923313523604678,0.0,6,64
1,53,1,4.4,9.115405762122212,0.0,7,64
1,53,2,4.0,9.670972672427421,0.0,7,64
1,53,3,3.4,8.425482937688699,0.0,7,64
1,53,4,3.2,11.098411041591168,0.0,7,64
1,53,5,3.0,8.87998889764139,0.0,7,64
1,53,6,3.0,9.011601200004657,0.0,7,64
1,53,7,2.8,10.871495680277384,0.0,7,64
1,53,8,2.8,11.315098706560727,0.0,7,64
1,53,9,2.8,11.9873690101338,0.0,7,64
1,53,10,2.8,14.286663198365648,0.0,7,64
1,53,11,2.8,15.94953407634205,0.0,7,64
1,53,12,2.8,11.246655829140765,0.0,7,64
1,53,13,3.0,13.179989218186696,0.0,7,64
1,53,14,3.0,11.670492059054137,0.0,7,64
1,53,15,2.8,9.327879537286895,0.0,7,64
1,53,16,2.8,13.038504343124066,0.0,7,64
1,53,17,3.2,9.235496646953452,0.0,7,64
1,53,18,3.2,8.52715775802636,0.0,7,64
1,53,19,3.0,10.722900012925706,0.0,7,64
1,53,20,3.2,8.912750820172683,0.0,7,64
2,53,1,3.8,9.435274723584993,0.0,7,64
2,53,2,4.4,7.732431261527957,0.0,7,64
2,53,3,3.8,7.302592701050718,0.0,7,64
2,53,4,3.4,9.234715942537557,0.0,7,64
2,53,5,2.8,10.968104831901767,0.0,7,64
2,53,6,3.2,10.282226471979664,0.0,7,64
2,53,7,3.0,9.998821637184358,0.0,7,64
2,53,8,3.0,11.391205539443407,0.0,7,64
2,53,9,2.8,11.135577365392491,0.0,7,64
2,53,10,3.0,12.644694599189785,0.0,7,64
2,53,11,2.8,10.772375786840902,0.0,7,64
2,53,12,2.8,11.77963760111478,0.0,7,64
2,53,13,3.0,9.612012384541726,0.0,7,64
2,53,14,3.6,8.962065036698121,0.125,7,64
2,53,15,2.8,13.28700515554076,0.0,7,64
2,53,16,2.8,12.02058247175074,0.0,7,64
2,53,17,3.0,14.279237102714642,0.0,7,64
2,53,18,2.8,8.595512950561696,0.0,7,64
2,53,19,2.8,10.223930639997832,0.0,7,64
2,53,20,2.4,12.010479953907687,0.0,5,64
3,53,1,2.8,11.688335110017078,0.0,7,64
3,53,2,3.0,12.070854083022368,0.0,7,64
3,53,3,2.8,12.210552978185524,0.0,7,64
3,53,4,2.8,9.25934062226738,0.0,7,64
3,53,5,2.8,9.678490829166464,0.0,7,64
3,53,6,2.8,8.665031061190236,0.0,7,64
3,53,7,2.8,11.141608937007438,0.0,7,64
3,53,8,2.8,10.258314043920265,0.0,7,64
3,53,9,3.0,11.731285098404424,0.0,7,64
3,53,10,2.8,11.042864985675356,0.0,7,64
3,53,11,2.8,11.305778682432992,0.0,7,64
3,53,12,3.2,8.84765050886406,0.0,7,64
3,53,13,3.2,10.376691850734325,0.0,7,64
3,53,14,2.8,11.251322945699604,0.0,7,64
3,53,15,2.8,16.233441482681414,0.0,7,64
3,53,16,3.0,9.481043209920788,0.0,7,64
3,53,17,3.0,11.629317417571341,0.0,7,64
3,53,18,3.0,12.09653340703583,0.0,7,64
3,53,19,2.8,12.858852728313995,0.0,7,64
3,53,20,2.8,10.149310789550134,0.0,7,64
3,53,21,3.0,10.9768807372687,0.0,7,64
3,53,22,2.2,13.991640280312376,0.0,5,64
1,54,1,4.8,8.331863919126766,0.0,7,64
1,54,2,3.6,9.41661825651259,0.0,7,64
1,54,3,3.4,7.346892274740843,0.0,7,64
1,54,4,2.8,14.424689057846548,0.0,7,64
1,54,5,3.2,7.597262650117583,0.0,7,64
1,54,6,2.8,8.646318414329873,0.0,7,64
1,54,7,2.8,12.248848425751323,0.0,7,64
1,54,8,2.8,12.245147533278413,0.0,7,64
1,54,9,2.8,10.323525542638397,0.0,7,64
1,54,10,2.8,14.781063951690848,0.0,7,64
1,54,11,2.8,14.110649323199898,0.0,7,64
1,54,12,2.8,10.316996583194742,0.0,7,64
1,54,13,2.8,18.132310328484888,0.0,7,64
1,54,14,3.0,11.621237790164859,0.0,7,64
1,54,15,3.0,10.164655834439278,0.0,7,64
1,54,16,2.8,12.545958011809871,0.0,7,64
1,54,17,3.0,9.503187719236902,0.0,7,64
1,54,18,3.2,8.729921600439175,0.0,7,64
1,54,19,3.2,10.754834693633192,0.0,7,64
1,54,20,3.2,9.27063105031268,0.0,7,64
2,54,1,3.2,15.192367759873344,0.0,7,64
2,54,2,3.0,10.473762342447351,0.0,7,64
2,54,3,3.8,8.335518579942152,0.125,7,64
2,54,4,2.8,11.723825205939715,0.0,7,64
2,54,5,2.8,11.62296052237846,0.0,7,64
2,54,6,2.8,9.936625607222537,0.0,7,64
2,54,7,3.8,7.930027896273225,0.125,7,64
2,54,8,2.8,10.746428908687044,0.0,7,64
2,54,9,2.8,11.428477352233465,0.0,7,64
2,54,10,2.8,9.734157074098377,0.0,7,64
2,54,11,2.8,10.807821992906069,0.0,7,64
2,54,12,2.8,10.956301017959953,0.0,7,64
2,54,13,2.8,12.290952194589416,0.0,7,64
2,54,14,2.8,10.437345011396612,0.0,7,64
2,54,15,3.2,10.083049596597396,0.0,7,64
2,54,16,2.8,11.62783689835479,0.0,7,64
2,54,17,2.8,13.680875174752257,0.0,7,64
2,54,18,3.6,10.233494269067352,0.125,7,64
2,54,19,3.0,8.667897965865162,0.0,7,64
2,54,20,2.8,10.728268692239496,0.0,7,64
2,54,21,2.5,15.295090690835766,0.0,4,64
3,54,1,3.0,9.853259332291168,0.0,7,64
3,54,2,3.4,9.632154765301015,0.0,7,64
3,54,3,3.4,9.588715135286071,0.0,7,64
3,54,4,2.8,9.937322125190178,0.0,7,64
3,54,5,2.8,11.021460944711158,0.0,7,64
3,54,6,2.8,8.899711751121336,0.0,7,64
3,54,7,3.0,11.544061638851112,0.0,7,64
3,54,8,2.8,11.301059541510506,0.0,7,64
3,54,9,2.8,12.833881552810771,0.0,7,64
3,54,10,2.8,10.165105541295674,0.0,7,64
3,54,11,3.0,9.461227955877574,0.0,7,64
3,54,12,3.2,9.638303603602557,0.0,7,64
3,54,13,3.0,11.944417009081972,0.0,7,64
3,54,14,3.2,9.546436949742008,0.0,7,64
3,54,15,3.0,11.485278521859732,0.0,7,64
3,54,16,2.8,14.600129124061269,0.0,7,64
3,54,17,3.0,10.417307932118185,0.0,7,64
3,54,18,2.8,15.436173316461035,0.0,7,64
3,54,19,2.8,12.162171365383708,0.0,7,64
3,54,20,2.8,10.260436561177631,0.0,7,64
3,54,21,2.8,10.816989337888902,0.0,7,64
1,55,1,4.8,7.968292081760545,0.0,7,64
1,55,2,3.8,10.2111396189257,0.0,7,64
1,55,3,3.8,7.445723201388798,0.0,7,64
1,55,4,3.4,9.473191045565994,0.0,7,64
1,55,5,2.8,9.201860480026319,0.0,7,64
1,55,6,3.0,9.63858075208448,0.0,7,64
1,55,7,2.8,9.549131530091787,0.0,7,64
1,55,8,2.8,15.875960126166298,0.0,7,64
1,55,9,2.8,11.719048795787925,0.0,7,64
1,55,10,2.8,13.748635726116504,0.0,7,64
1,55,11,2.8,16.427830709020505,0.0,7,64
1,55,12,2.8,12.25034420891367,0.0,7,64
1,55,13,2.8,12.650559528484916,0.0,7,64
1,55,14,2.8,15.587968302676758,0.0,7,64
1,55,15,2.8,11.657768845057408,0.0,7,64
1,55,16,3.0,13.141447852246372,0.0,7,64
1,55,17,3.2,8.708237875505093,0.0,7,64
1,55,18,3.2,11.335250823983676,0.0,7,64
1,55,19,3.0,8.32886267307936,0.0,7,64
1,55,20,3.2,8.848315377873508,0.0,7,64
2,55,1,3.2,12.025918193190122,0.0,7,64
2,55,2,3.0,10.84520650427468,0.0,7,64
2,55,3,3.8,8.605259882683299,0.125,7,64
2,55,4,3.0,8.947927015980422,0.0,7,64
2,55,5,2.8,12.24727298748626,0.0,7,64
2,55,6,2.8,9.246513062212607,0.0,7,64
2,55,7,3.2,9.681146024019245,0.0,7,64
2,55,8,3.0,10.736911869053408,0.0,7,64
2,55,9,2.8,11.170609733641696,0.0,7,64
2,55,10,2.8,9.561905126017614,0.0,7,64
2,55,11,3.0,12.449612752911808,0.0,7,64
2,55,12,2.8,10.995695887923079,0.0,7,64
2,55,13,2.8,13.453504241191798,0.0,7,64
2,55,14,2.8,10.159933867453818,0.0,7,64
2,55,15,3.2,9.745649662523123,0.0,7,64
2,55,16,2.8,14.060378900898444,0.0,7,64
2,55,17,2.8,11.737931653167935,0.0,7,64
2,55,18,3.0,11.419281670986017,0.0,7,64
2,55,19,3.0,9.491797938211391,0.0,7,64
2,55,20,2.8,7.826247803553969,0.0,7,64
2,55,21,2.6,12.773489619565664,0.0,5,64
3,55,1,2.8,11.621705575680954,0.0,7,64
3,55,2,2.8,13.337867896433663,0.0,7,64
3,55,3,3.0,12.584089070441896,0.0,7,64
3,55,4,2.8,11.909829135289689,0.0,7,64
3,55,5,2.8,9.410442446648497,0.0,7,64
3,55,6,2.8,8.007077629440317,0.0,7,64
3,55,7,3.0,9.831217148354494,0.0,7,64
3,55,8,2.8,10.262319912257208,0.0,7,64
3,55,9,2.8,13.51880204728825,0.0,7,64
3,55,10,2.8,10.061848519651289,0.0,7,64
3,55,11,2.8,12.13580896041305,0.0,7,64
3,55,12,3.2,9.876327268653883,0.0,7,64
3,55,13,3.2,9.595278641694154,0.0,7,64
3,55,14,3.0,9.011931597436373,0.0,7,64
3,55,15,3.0,12.469547256288145,0.0,7,64
3,55,16,3.2,9.895343059198408,0.0,7,64
3,55,17,3.0,12.083353559226303,0.0,7,64
3,55,18,3.0,11.458293196458495,0.0,7,64
3,55,19,2.8,10.913100374709911,0.0,7,64
3,55,20,2.8,8.848841248938426,0.0,7,64
3,55,21,2.8,10.441775667756328,0.0,7,64
3,55,22,2.25,17.66316325753344,0.0,4,64
1,56,1,4.4,9.283928268565603,0.0,7,64
1,56,2,3.6,9.911887313373066,0.0,7,64
1,56,3,3.2,9.15743433380569,0.0,7,64
1,56,4,3.4,9.975714943189258,0.0,7,64
1,56,5,3.0,8.620962821210886,0.0,7,64
1,56,6,2.8,13.432791600405999,0.0,7,64
1,56,7,2.8,11.143913166017011,0.0,7,64
1,56,8,2.8,11.767666298402519,0.0,7,64
1,56,9,2.8,12.14445208031269,0.0,7,64
1,56,10,2.8,15.858019852683816,0.0,7,64
1,56,11,2.8,16.132157256436766,0.0,7,64
1,56,12,2.8,13.79058223550152,0.0,7,64
1,56,13,2.8,12.697131035349642,0.0,7,64
1,56,14,2.8,12.140711994735696,0.0,7,64
1,56,15,3.0,12.425985456471079,0.0,7,64
1,56,16,2.8,11.97197587781398,0.0,7,64
1,56,17,3.0,8.415987790613432,0.0,7,64
1,56,18,2.8,9.917071535598405,0.0,7,64
1,56,19,3.2,10.629425296027836,0.0,7,64
1,56,20,3.0,8.645833034166683,0.0,7,64
1,56,21,2.4,13.580412896534513,0.0,5,64
2,56,1,3.2,12.416544954691991,0.0,7,64
2,56,2,2.8,9.820245123926005,0.0,7,64
2,56,3,3.8,8.584808770887587,0.0,7,64
2,56,4,3.2,9.693201275587908,0.0,7,64
2,56,5,3.0,11.515840603126819,0.0,7,64
2,56,6,2.8,10.209328233897903,0.0,7,64
2,56,7,3.6,8.800641837396686,0.0,7,64
2,56,8,3.0,11.728984608812791,0.0,7,64
2,56,9,2.8,13.875244077608992,0.0,7,64
2,56,10,2.8,8.443088612170877,0.0,7,64
2,56,11,2.8,16.38542005819939,0.0,7,64
2,56,12,2.8,10.93348263168178,0.0,7,64
2,56,13,2.8,13.025685600251673,0.0,7,64
2,56,14,2.8,8.98237273768217,0.0,7,64
2,56,15,3.0,10.491900693661563,0.0,7,64
2,56,16,3.0,12.731121289430924,0.0,7,64
2,56,17,2.8,9.485244085334966,0.0,7,64
2,56,18,3.0,15.790760631517678,0.0,7,64
2,56,19,3.0,8.117125623802394,0.0,7,64
2,56,20,2.8,9.096238443395336,0.0,7,64
2,56,21,2.2,16.842616277968368,0.0,5,64
3,56,1,3.0,9.457131209549681,0.0,7,64
3,56,2,2.8,13.524316863274109,0.0,7,64
3,56,3,2.8,11.696807111053046,0.0,7,64
3,56,4,2.8,10.969922397833463,0.0,7,64
3,56,5,3.0,7.588172477687279,0.0,7,64
3,56,6,2.8,9.256504640384973,0.0,7,64
3,56,7,3.0,8.187467746621484,0.0,7,64
3,56,8,2.8,11.528949377029353,0.0,7,64
3,56,9,2.8,16.887710659076138,0.0,7,64
3,56,10,2.8,10.771187578637795,0.0,7,64
3,56,11,3.0,10.120029989541566,0.0,7,64
3,56,12,3.2,10.27876039472283,0.0,7,64
3,56,13,3.2,8.607990462181863,0.0,7,64
3,56,14,2.8,10.955752792645884,0.0,7,64
3,56,15,3.0,12.13344322744874,0.0,7,64
3,56,16,2.8,12.218510048405077,0.0,7,64
3,56,17,2.8,11.06627339458,0.0,7,64
3,56,18,3.0,8.97601669805083,0.0,7,64
3,56,19,2.8,13.596245146833054,0.0,7,64
3,56,20,2.8,8.205357954004501,0.0,7,64
3,56,21,2.8,10.247050405631587,0.0,7,64
3,56,22,2.2,15.839665112024,0.0,5,64
1,57,1,4.4,8.197766188023492,0.0,7,64
1,57,2,3.6,11.370728941412834,0.0,7,64
1,57,3,3.4,8.049555017603701,0.0,7,64
1,57,4,3.2,10.362882571843201,0.0,7,64
1,57,5,3.2,8.21898342230361,0.0,7,64
1,57,6,3.0,9.69632054710932,0.0,7,64
1,57,7,2.8,14.06898041249709,0.0,7,64
1,57,8,2.8,12.993790592300057,0.0,7,64
1,57,9,2.8,13.66461475173426,0.0,7,64
1,57,10,2.8,14.46264209535508,0.0,7,64
1,57,11,2.8,24.284808907087218,0.0,7,64
1,57,12,2.8,10.702223303761457,0.0,7,64
1,57,13,2.8,14.382647131585482,0.0,7,64
1,57,14,2.8,11.978944737902053,0.0,7,64
1,57,15,3.0,11.080489460899356,0.0,7,64
1,57,16,2.8,11.559255085807655,0.0,7,64
1,57,17,3.0,9.046650708514989,0.0,7,64
1,57,18,3.0,9.975449492958667,0.0,7,64
1,57,19,3.0,10.656646407146248,0.0,7,64
1,57,20,3.2,8.494128442868236,0.0,7,64
2,57,1,3.0,12.87080781848412,0.0,7,64
2,57,2,3.2,9.448199922670742,0.0,7,64
2,57,3,3.4,10.4933766049936,0.0,7,64
2,57,4,3.4,7.2344985083584,0.0,7,64
2,57,5,3.0,11.559370015690847,0.0,7,64
2,57,6,3.0,9.097408474604446,0.0,7,64
2,57,7,3.4,9.42766056319461,0.0,7,64
2,57,8,3.0,11.11105809174168,0.0,7,64
2,57,9,2.8,12.140131800804404,0.0,7,64
2,57,10,2.8,9.461909235975824,0.0,7,64
2,57,11,2.8,20.437058549114067,0.0,7,64
2,57,12,2.8,12.60032701325385,0.0,7,64
2,57,13,2.8,15.541164930860146,0.0,7,64
2,57,14,2.8,10.35046883606174,0.0,7,64
2,57,15,3.0,10.160727204409634,0.0,7,64
2,57,16,2.8,12.568199861486264,0.0,7,64
2,57,17,2.8,10.282232064727859,0.0,7,64
2,57,18,3.0,15.179400931901176,0.0,7,64
2,57,19,3.0,8.64224475198819,0.0,7,64
2,57,20,2.8,10.725967254970254,0.0,7,64
2,57,21,2.4,11.469906776746406,0.0,5,64
3,57,1,3.6,7.371706267290729,0.0,7,64
3,57,2,4.0,8.732502585927245,0.0,7,64
3,57,3,3.2,9.293736583919179,0.0,7,64
3,57,4,3.0,9.820695875157277,0.0,7,64
3,57,5,3.2,7.779209257887312,0.0,7,64
3,57,6,3.0,11.302864794729997,0.0,7,64
3,57,7,2.8,11.694783515530634,0.0,7,64
3,57,8,3.0,13.696052553301543,0.0,7,64
3,57,9,2.8,11.308926841958671,0.0,7,64
3,57,10,3.0,10.780001753215515,0.0,7,64
3,57,11,3.8,7.4947256581874555,0.125,7,64
3,57,12,3.0,10.561587221698765,0.0,7,64
3,57,13,2.8,11.2495428323638,0.0,7,64
3,57,14,2.8,13.969815509148068,0.0,7,64
3,57,15,2.8,12.936484895571983,0.0,7,64
3,57,16,3.0,11.428566281833858,0.0,7,64
3,57,17,2.8,11.931272114324084,0.0,7,64
3,57,18,2.8,13.930341969401919,0.0,7,64
3,57,19,2.8,9.377811564932005,0.0,7,64
3,57,20,2.8,11.264072756412746,0.0,7,64
3,57,21,2.0,13.953994453729333,0.0,5,64
1,58,1,4.8,7.989421105696121,0.0,7,64
1,58,2,3.6,10.232068489738834,0.0,7,64
1,58,3,3.4,7.021586766285972,0.0,7,64
1,58,4,3.2,10.111410690514107,0.0,7,64
1,58,5,3.4,9.132044358219662,0.0,7,64
1,58,6,2.8,9.769335523975634,0.0,7,64
1,58,7,2.8,10.092917947603596,0.0,7,64
1,58,8,2.8,13.783611010493809,0.0,7,64
1,58,9,2.8,12.983894195489832,0.0,7,64
1,58,10,2.8,13.886175803410481,0.0,7,64
1,58,11,2.8,19.64706855150855,0.0,7,64
1,58,12,2.8,11.980963320999317,0.0,7,64
1,58,13,2.8,12.718868240038598,0.0,7,64
1,58,14,3.0,13.440533666061402,0.0,7,64
1,58,15,2.8,8.695274065929093,0.0,7,64
1,58,16,2.8,11.881632412170896,0.0,7,64
1,58,17,3.2,8.664490698776316,0.0,7,64
1,58,18,3.0,10.4989371228802,0.0,7,64
1,58,19,3.0,9.88860714108191,0.0,7,64
1,58,20,3.4,7.491140133393092,0.0,7,64
2,58,1,4.0,8.643585981322115,0.0,7,64
2,58,2,3.6,9.567913220156287,0.0,7,64
2,58,3,3.4,9.27356165865029,0.0,7,64
2,58,4,3.2,7.885498089423278,0.0,7,64
2,58,5,2.8,12.066634273139911,0.0,7,64
2,58,6,3.0,11.249480556907086,0.0,7,64
2,58,7,3.4,9.688149557638537,0.0,7,64
2,58,8,3.4,9.50131888878222,0.0,7,64
2,58,9,2.8,10.482016063400222,0.0,7,64
2,58,10,2.8,12.650594565010799,0.0,7,64
2,58,11,2.8,11.707549044605807,0.0,7,64
2,58,12,2.8,11.87438130664189,0.0,7,64
2,58,13,3.0,11.801447022019468,0.0,7,64
2,58,14,3.0,8.42290181075335,0.0,7,64
2,58,15,2.8,12.493883435601399,0.0,7,64
2,58,16,3.0,10.174208543792675,0.0,7,64
2,58,17,2.8,13.834074770403987,0.0,7,64
2,58,18,3.2,9.049397207534486,0.0,7,64
2,58,19,3.0,7.297594366018408,0.0,7,64
2,58,20,3.0,11.915799114372536,0.0,7,64
3,58,1,3.2,9.346214438122683,0.0,7,64
3,58,2,2.8,11.628639342605005,0.0,7,64
3,58,3,3.0,15.183074421058611,0.0,7,64
3,58,4,2.8,8.888925220640175,0.0,7,64
3,58,5,2.8,11.631772958073444,0.0,7,64
3,58,6,3.2,8.343137971779834,0.0,7,64
3,58,7,3.0,13.810488358148554,0.0,7,64
3,58,8,3.0,11.418625127460174,0.0,7,64
3,58,9,2.8,12.294526321018218,0.0,7,64
3,58,10,2.8,10.95916157879061,0.0,7,64
3,58,11,3.8,7.8077260272682,0.125,7,64
3,58,12,3.0,9.055412420304027,0.0,7,64
3,58,13,3.0,9.563750404585354,0.0,7,64
3,58,14,2.8,13.450603382100576,0.0,7,64
3,58,15,2.8,11.824813097142743,0.0,7,64
3,58,16,2.8,13.463208591366778,0.0,7,64
3,58,17,3.0,9.787561153524337,0.0,7,64
3,58,18,2.8,13.351378531945002,0.0,7,64
3,58,19,2.8,11.908100689076152,0.0,7,64
3,58,20,2.8,10.64316859710596,0.0,7,64
3,58,21,2.8,10.920813570367788,0.0,7,64
1,59,1,4.6,7.929994269568697,0.0,7,64
1,59,2,4.0,8.481506890335137,0.0,7,64
1,59,3,3.4,7.896835434420662,0.0,7,64
1,59,4,3.0,11.22423369275134,0.0,7,64
1,59,5,3.2,9.457159226543421,0.0,7,64
1,59,6,3.0,10.750859716896127,0.0,7,64
1,59,7,2.8,10.915628125247977,0.0,7,64
1,59,8,2.8,13.689671955651793,0.0,7,64
1,59,9,2.8,11.115761680454906,0.0,7,64
1,59,10,2.8,16.92900502035991,0.0,7,64
1,59,11,2.8,16.7522823366477,0.0,7,64
1,59,12,2.8,11.243283789576191,0.0,7,64
1,59,13,2.8,15.148900609859272,0.0,7,64
1,59,14,2.8,15.806703674202282,0.0,7,64
1,59,15,2.8,12.018567610149585,0.0,7,64
1,59,16,2.8,13.331595056811633,0.0,7,64
1,59,17,3.2,8.197472578889672,0.0,7,64
1,59,18,3.0,9.032761698965492,0.0,7,64
1,59,19,3.0,11.079193355136292,0.0,7,64
1,59,20,3.2,9.549772815462969,0.0,7,64
2,59,1,3.2,12.341381144874505,0.0,7,64
2,59,2,2.8,12.139794520890593,0.0,7,64
2,59,3,3.6,10.767916165805177,0.0,7,64
2,59,4,3.6,7.232084854359487,0.0,7,64
2,59,5,2.8,11.880047852988941,0.0,7,64
2,59,6,2.8,8.888785130348023,0.0,7,64
2,59,7,3.6,8.994783763066591,0.0,7,64
2,59,8,3.2,9.307698959435458,0.0,7,64
2,59,9,2.8,15.888645519127307,0.0,7,64
2,59,10,2.8,9.17304901566939,0.0,7,64
2,59,11,2.8,15.664307537343271,0.0,7,64
2,59,12,2.8,12.493036062702203,0.0,7,64
2,59,13,2.8,10.850234157122724,0.0,7,64
2,59,14,2.8,10.062245221244112,0.0,7,64
2,59,15,3.2,9.713677545200046,0.0,7,64
2,59,16,3.0,10.772087488211852,0.0,7,64
2,59,17,2.8,9.896927517941482,0.0,7,64
2,59,18,3.0,12.586894620462779,0.0,7,64
2,59,19,3.0,8.403695493038946,0.0,7,64
2,59,20,3.0,8.854953311761589,0.0,7,64
3,59,1,3.6,7.266605985537425,0.0,7,64
3,59,2,3.4,9.893610929110746,0.0,7,64
3,59,3,3.4,10.7800494558457,0.0,7,64
3,59,4,2.8,10.63186977615225,0.0,7,64
3,59,5,2.8,10.104293817477672,0.0,7,64
3,59,6,2.8,9.670008154330302,0.0,7,64
3,59,7,3.0,12.529185887242884,0.0,7,64
3,59,8,2.8,11.151010352692355,0.0,7,64
3,59,9,2.8,12.189653716090945,0.0,7,64
3,59,10,2.8,11.303959657656057,0.0,7,64
3,59,11,3.6,8.402757549375997,0.125,7,64
3,59,12,2.8,9.964196223766868,0.0,7,64
3,59,13,2.8,10.202364376814353,0.0,7,64
3,59,14,2.8,12.812876946212937,0.0,7,64
3,59,15,3.0,9.099978291088552,0.0,7,64
3,59,16,2.8,13.430059596914914,0.0,7,64
3,59,17,2.8,11.923383439352072,0.0,7,64
3,59,18,2.8,13.062497695238228,0.0,7,64
3,59,19,2.8,11.22469972112372,0.0,7,64
3,59,20,2.8,9.140986401759733,0.0,7,64
3,59,21,2.8,9.655743823810106,0.0,7,64
1,60,1,4.8,8.832568935534486,0.0,7,64
1,60,2,3.6,11.181353689992116,0.0,7,64
1,60,3,3.2,7.838321040083905,0.0,7,64
1,60,4,3.0,12.65488904156498,0.0,7,64
1,60,5,3.2,8.086629811216223,0.0,7,64
1,60,6,2.8,9.52058463584677,0.0,7,64
1,60,7,2.8,11.057603595681519,0.0,7,64
1,60,8,2.8,11.11576217143887,0.0,7,64
1,60,9,2.8,12.083036291022033,0.0,7,64
1,60,10,2.8,15.871096703209513,0.0,7,64
1,60,11,2.8,14.414426940648024,0.0,7,64
1,60,12,2.8,12.098333997684975,0.0,7,64
1,60,13,2.8,16.01234119690664,0.0,7,64
1,60,14,2.8,11.446023760158036,0.0,7,64
1,60,15,2.8,12.464237672640976,0.0,7,64
1,60,16,2.8,15.014603070802998,0.0,7,64
1,60,17,3.2,8.581240882027549,0.0,7,64
1,60,18,3.0,8.706851946808346,0.0,7,64
1,60,19,3.2,13.339632961306625,0.0,7,64
1,60,20,3.0,9.335026688793011,0.0,7,64
2,60,1,3.6,11.099109914179383,0.0,7,64
2,60,2,3.0,10.165587656908333,0.0,7,64
2,60,3,4.0,8.254458128934882,0.125,7,64
2,60,4,2.8,10.744683662309175,0.0,7,64
2,60,5,2.8,12.589531773071446,0.0,7,64
2,60,6,2.8,10.117436796963887,0.0,7,64
2,60,7,3.4,8.984490544449832,0.0,7,64
2,60,8,2.8,11.402690183202719,0.0,7,64
2,60,9,2.8,12.642419047189048,0.0,7,64
2,60,10,2.8,9.852365665337738,0.0,7,64
2,60,11,2.8,14.329195437644001,0.0,7,64
2,60,12,2.8,11.497652106550783,0.0,7,64
2,60,13,2.8,12.674571220880493,0.0,7,64
2,60,14,3.0,10.03478876962904,0.0,7,64
2,60,15,3.0,8.448415298006337,0.0,7,64
2,60,16,2.8,12.751625340713787,0.0,7,64
2,60,17,2.8,9.94775564495819,0.0,7,64
2,60,18,3.0,11.54154623361636,0.0,7,64
2,60,19,3.0,8.605764295575625,0.0,7,64
2,60,20,2.8,9.47918216625824,0.0,7,64
2,60,21,2.4,14.215860907384846,0.0,5,64
3,60,1,3.0,9.398998044977208,0.0,7,64
3,60,2,3.0,10.03254423016728,0.0,7,64
3,60,3,3.0,13.243379001129142,0.0,7,64
3,60,4,2.8,8.967119768616046,0.0,7,64
3,60,5,3.0,8.902651539363022,0.0,7,64
3,60,6,3.0,8.904161536457448,0.0,7,64
3,60,7,3.0,9.633807922669277,0.0,7,64
3,60,8,2.8,10.641934349872097,0.0,7,64
3,60,9,2.8,14.014192158689532,0.0,7,64
3,60,10,2.8,9.856777922352101,0.0,7,64
3,60,11,3.0,10.35422845786671,0.0,7,64
3,60,12,3.0,10.17724715277831,0.0,7,64
3,60,13,3.2,10.439630090090636,0.0,7,64
3,60,14,2.8,12.592969685851603,0.0,7,64
3,60,15,3.0,11.901193053422235,0.0,7,64
3,60,16,2.8,14.535169240830514,0.0,7,64
3,60,17,3.0,11.300826418391054,0.0,7,64
3,60,18,3.0,10.137177784257306,0.0,7,64
3,60,19,2.8,12.095255406662103,0.0,7,64
3,60,20,2.8,10.60183943730729,0.0,7,64
3,60,21,3.0,10.812763281760317,0.0,7,64
1,61,1,4.6,7.971957287042556,0.0,7,64
1,61,2,3.8,9.367613439579536,0.0,7,64
1,61,3,3.4,8.043127260710612,0.0,7,64
1,61,4,3.2,9.565683543103608,0.0,7,64
1,61,5,3.2,9.875622982646204,0.0,7,64
1,61,6,2.8,9.47321688203165,0.0,7,64
1,61,7,2.8,10.191218333067653,0.0,7,64
1,61,8,2.8,11.919388073923779,0.0,7,64
1,61,9,2.8,11.186279708780747,0.0,7,64
1,61,10,2.8,16.121256549098646,0.0,7,64
1,61,11,2.8,13.732394699162652,0.0,7,64
1,61,12,2.8,9.568066935060994,0.0,7,64
1,61,13,3.0,16.59101247389539,0.0,7,64
1,61,14,3.0,14.543420282956674,0.0,7,64
1,61,15,2.8,11.284203328507944,0.0,7,64
1,61,16,2.8,12.268678574289385,0.0,7,64
1,61,17,3.2,8.752584689326394,0.0,7,64
1,61,18,3.0,10.04395701426946,0.0,7,64
1,61,19,2.8,11.820694249649467,0.0,7,64
1,61,20,3.0,8.622231339526353,0.0,7,64
2,61,1,3.2,12.75312131404409,0.0,7,64
2,61,2,3.0,10.787819211144257,0.0,7,64
2,61,3,3.6,8.82180443881847,0.0,7,64
2,61,4,3.4,7.798667969220341,0.0,7,64
2,61,5,3.0,11.29263208125656,0.0,7,64
2,61,6,2.8,11.463863987725963,0.0,7,64
2,61,7,3.4,8.545147202967959,0.0,7,64
2,61,8,2.8,11.36033063770381,0.0,7,64
2,61,9,2.8,11.858056793399744,0.0,7,64
2,61,10,2.8,12.462113733870822,0.0,7,64
2,61,11,3.0,10.674288244879484,0.0,7,64
2,61,12,2.8,10.760361182872751,0.0,7,64
2,61,13,2.8,10.969775965950891,0.0,7,64
2,61,14,2.8,10.769660734364889,0.0,7,64
2,61,15,3.0,10.528021207354868,0.0,7,64
2,61,16,2.8,13.191682107859602,0.0,7,64
2,61,17,3.0,9.792432507239807,0.0,7,64
2,61,18,3.8,9.13133963605018,0.125,7,64
2,61,19,2.8,9.183102081155697,0.0,7,64
2,61,20,3.0,7.815598160203693,0.0,7,64
3,61,1,3.0,9.270775866783485,0.0,7,64
3,61,2,3.6,8.080222379991193,0.0,7,64
3,61,3,3.2,10.65730714889646,0.0,7,64
3,61,4,2.8,10.002328127183207,0.0,7,64
3,61,5,3.2,7.967599875753972,0.0,7,64
3,61,6,2.8,10.037060162985469,0.0,7,64
3,61,7,3.0,11.745032895361216,0.0,7,64
3,61,8,2.8,10.665520760026787,0.0,7,64
3,61,9,2.8,13.934143743397152,0.0,7,64
3,61,10,2.8,11.879622776700744,0.0,7,64
3,61,11,3.2,9.000210843044352,0.0,7,64
3,61,12,3.0,10.703545308373457,0.0,7,64
3,61,13,3.0,9.746639315706679,0.0,7,64
3,61,14,2.8,11.882662195681467,0.0,7,64
3,61,15,3.0,9.98520812706614,0.0,7,64
3,61,16,2.8,18.046506453972054,0.0,7,64
3,61,17,2.8,11.739822907763479,0.0,7,64
3,61,18,2.8,13.293340425954753,0.0,7,64
3,61,19,2.8,12.440997834002975,0.0,7,64
3,61,20,2.8,8.842771836269964,0.0,7,64
3,61,21,3.0,10.136192650778744,0.0,7,64
1,62,1,4.8,8.819641664391764,0.0,7,64
1,62,2,3.8,9.114566798715597,0.0,7,64
1,62,3,3.4,7.938447332752638,0.0,7,64
1,62,4,2.8,18.26987525013097,0.0,7,64
1,62,5,3.0,8.63301406342098,0.0,7,64
1,62,6,2.8,9.720226791411328,0.0,7,64
1,62,7,2.8,11.201484621580976,0.0,7,64
1,62,8,2.8,12.76388271588592,0.0,7,64
1,62,9,2.8,12.156160747468322,0.0,7,64
1,62,10,2.8,12.857290722054202,0.0,7,64
1,62,11,2.8,19.753885813322334,0.0,7,64
1,62,12,2.8,10.645048296212574,0.0,7,64
1,62,13,2.8,17.151729186221555,0.0,7,64
1,62,14,3.0,13.34562589720899,0.0,7,64
1,62,15,2.8,10.45799410308737,0.0,7,64
1,62,16,2.8,10.714449434678535,0.0,7,64
1,62,17,3.2,8.225196300320261,0.0,7,64
1,62,18,3.2,9.560982813017404,0.0,7,64
1,62,19,3.2,9.652320180691051,0.0,7,64
1,62,20,3.2,8.34615220765811,0.0,7,64
2,62,1,3.2,13.36627976546812,0.0,7,64
2,62,2,3.2,10.391866841762647,0.0,7,64
2,62,3,3.6,8.564313939391486,0.0,7,64
2,62,4,3.6,8.209348313236424,0.0,7,64
2,62,5,2.8,12.0370407047825,0.0,7,64
2,62,6,2.8,9.3956289762205,0.0,7,64
2,62,7,3.6,8.504440777297296,0.0,7,64
2,62,8,2.8,11.191070662095505,0.0,7,64
2,62,9,2.8,12.87776860073974,0.0,7,64
2,62,10,2.8,8.867170067420254,0.0,7,64
2,62,11,3.0,12.117754433058847,0.0,7,64
2,62,12,2.8,11.175815879620487,0.0,7,64
2,62,13,2.8,12.76343020666794,0.0,7,64
2,62,14,2.8,11.204516185313754,0.0,7,64
2,62,15,3.2,9.372339059372079,0.0,7,64
2,62,16,2.8,13.672537679747272,0.0,7,64
2,62,17,2.8,12.257196503087101,0.0,7,64
2,62,18,3.8,8.674482082890673,0.125,7,64
2,62,19,2.8,8.704714599242266,0.0,7,64
2,62,20,3.0,9.590366253373482,0.0,7,64
3,62,1,3.2,9.360518475819672,0.0,7,64
3,62,2,2.8,14.392447772913053,0.0,7,64
3,62,3,3.2,10.95307198397842,0.0,7,64
3,62,4,2.8,9.252159885531885,0.0,7,64
3,62,5,3.0,10.431620185375419,0.0,7,64
3,62,6,2.8,9.224612256706134,0.0,7,64
3,62,7,3.0,11.925507493824004,0.0,7,64
3,62,8,2.8,11.105702425255238,0.0,7,64
3,62,9,2.8,14.758145207757275,0.0,7,64
3,62,10,2.8,10.236201789844637,0.0,7,64
3,62,11,3.2,10.050783056086933,0.0,7,64
3,62,12,2.8,10.311661430079853,0.0,7,64
3,62,13,3.2,9.882946408567921,0.0,7,64
3,62,14,2.8,11.612652856710207,0.0,7,64
3,62,15,3.0,12.041783419669633,0.0,7,64
3,62,16,3.0,11.339816389995676,0.0,7,64
3,62,17,3.0,10.47966988185039,0.0,7,64
3,62,18,2.8,12.223452123677468,0.0,7,64
3,62,19,2.8,12.804262610052538,0.0,7,64
3,62,20,2.8,9.06236691971405,0.0,7,64
3,62,21,3.0,9.271923786028252,0.0,7,64
1,63,1,4.6,8.440959568667344,0.0,7,64
1,63,2,3.8,9.545681500162836,0.0,7,64
1,63,3,3.4,8.064655555971015,0.0,7,64
1,63,4,3.2,10.162567722485576,0.0,7,64
1,63,5,3.2,8.618557317355947,0.0,7,64
1,63,6,3.0,8.676587208130941,0.0,7,64
1,63,7,2.8,10.740528278525876,0.0,7,64
1,63,8,2.8,10.36846753070827,0.0,7,64
1,63,9,2.8,10.194330511770723,0.0,7,64
1,63,10,2.8,13.044514259576506,0.0,7,64
1,63,11,2.8,16.432507168352807,0.0,7,64
1,63,12,2.8,10.266384576897265,0.0,7,64
1,63,13,2.8,16.70247696853528,0.0,7,64
1,63,14,3.0,10.51025638358347,0.0,7,64
1,63,15,2.8,10.684004554247457,0.0,7,64
1,63,16,2.8,11.518260079047709,0.0,7,64
1,63,17,3.2,8.375467810120238,0.0,7,64
1,63,18,3.2,8.998280914360024,0.0,7,64
1,63,19,3.0,9.285419631226755,0.0,7,64
1,63,20,3.4,8.2862570839703,0.0,7,64
2,63,1,4.0,9.887182552484983,0.0,7,64
2,63,2,4.4,7.913416123943049,0.0,7,64
2,63,3,3.8,7.623908671371373,0.0,7,64
2,63,4,3.0,8.990656112053895,0.0,7,64
2,63,5,3.0,10.460892293402615,0.0,7,64
2,63,6,3.2,9.741768520312178,0.0,7,64
2,63,7,3.0,12.750300435728237,0.0,7,64
2,63,8,2.8,16.56964031003758,0.0,7,64
2,63,9,3.0,9.912006937265964,0.0,7,64
2,63,10,2.8,12.867887055568689,0.0,7,64
2,63,11,2.8,12.349446524250794,0.0,7,64
2,63,12,2.8,12.870868419982445,0.0,7,64
2,63,13,2.8,10.947135167569837,0.0,7,64
2,63,14,3.0,9.214879272556605,0.0,7,64
2,63,15,3.2,9.651909079960895,0.0,7,64
2,63,16,2.8,9.934770988732758,0.0,7,64
2,63,17,3.0,15.287033805621277,0.0,7,64
2,63,18,3.0,9.135224398592136,0.0,7,64
2,63,19,2.8,8.49920744850069,0.0,7,64
2,63,20,2.8,11.712896789418869,0.0,6,64
3,63,1,3.2,8.489950175982315,0.0,7,64
3,63,2,2.8,11.877040037766479,0.0,7,64
3,63,3,3.0,10.145773629359505,0.0,7,64
3,63,4,2.8,9.408535681232268,0.0,7,64
3,63,5,2.8,9.144763520549617,0.0,7,64
3,63,6,2.8,9.407499918048996,0.0,7,64
3,63,7,3.0,10.39078451115893,0.0,7,64
3,63,8,3.0,10.193297878266996,0.0,7,64
3,63,9,2.8,13.080764525170293,0.0,7,64
3,63,10,2.8,11.187016900237092,0.0,7,64
3,63,11,3.8,7.633441175740956,0.125,7,64
3,63,12,2.8,10.719080165522431,0.0,7,64
3,63,13,3.0,12.227383018476239,0.0,7,64
3,63,14,2.8,11.804586636821913,0.0,7,64
3,63,15,3.2,9.643321309933862,0.0,7,64
3,63,16,2.8,13.543530245953399,0.0,7,64
3,63,17,2.8,10.216593721962573,0.0,7,64
3,63,18,2.8,13.142783935650487,0.0,7,64
3,63,19,2.8,12.724346503992537,0.0,7,64
3,63,20,2.8,9.60306932657295,0.0,7,64
3,63,21,3.0,9.51719741249553,0.0,7,64
1,64,1,4.6,7.609551275080085,0.0,7,64
1,64,2,4.0,8.816552926497396,0.0,7,64
1,64,3,3.4,8.39169766953123,0.0,7,64
1,64,4,3.0,12.479437835794851,0.0,7,64
1,64,5,3.0,9.135777033806958,0.0,7,64
1,64,6,2.8,9.946451383617648,0.0,7,64
1,64,7,2.8,10.456042105836115,0.0,7,64
1,64,8,2.8,12.253948835486023,0.0,7,64
1,64,9,2.8,12.50226009374583,0.0,7,64
1,64,10,2.8,22.855158203582025,0.0,7,64
1,64,11,2.8,15.728012658090108,0.0,7,64
1,64,12,2.8,11.954905965170223,0.0,7,64
1,64,13,2.8,15.295300206853017,0.0,7,64
1,64,14,2.8,11.83775342286608,0.0,7,64
1,64,15,3.0,11.459784157112798,0.0,7,64
1,64,16,2.8,12.468083797345944,0.0,7,64
1,64,17,3.2,8.769053363408744,0.0,7,64
1,64,18,3.0,9.31111805458077,0.0,7,64
1,64,19,3.2,9.153801965808736,0.0,7,64
1,64,20,3.2,8.121192376957897,0.0,7,64
2,64,1,3.4,12.481468351348932,0.0,7,64
2,64,2,3.2,10.148213254192768,0.0,7,64
2,64,3,4.0,7.831667085869042,0.125,7,64
2,64,4,2.8,8.991350185352445,0.0,7,64
2,64,5,2.8,11.393457146233986,0.0,7,64
2,64,6,2.8,10.374871739889869,0.0,7,64
2,64,7,3.4,9.200742128510711,0.0,7,64
2,64,8,3.2,9.975674029701954,0.0,7,64
2,64,9,2.8,14.127062988474185,0.0,7,64
2,64,10,3.0,9.250953671535859,0.0,7,64
2,64,11,2.8,12.397403672909924,0.0,7,64
2,64,12,2.8,12.033354219686,0.0,7,64
2,64,13,2.8,11.259616677989422,0.0,7,64
2,64,14,2.8,9.756727138625328,0.0,7,64
2,64,15,3.0,11.669192900628676,0.0,7,64
2,64,16,3.0,10.567357270710566,0.0,7,64
2,64,17,2.8,10.844534050961455,0.0,7,64
2,64,18,4.0,7.604431518731165,0.125,7,64
2,64,19,2.8,9.25001691469565,0.0,7,64
2,64,20,3.0,8.583801345574914,0.0,7,64
3,64,1,3.0,10.47782143764978,0.0,7,64
3,64,2,2.8,13.956371730003237,0.0,7,64
3,64,3,2.8,13.594756470396437,0.0,7,64
3,64,4,2.8,9.920146378950575,0.0,7,64
3,64,5,2.8,9.647955967891477,0.0,7,64
3,64,6,2.8,8.917714443224188,0.0,7,64
3,64,7,3.0,10.435065623695337,0.0,7,64
3,64,8,2.8,9.817549966241994,0.0,7,64
3,64,9,2.8,15.705878657670638,0.0,7,64
3,64,10,2.8,10.676603316474857,0.0,7,64
3,64,11,2.8,10.96132144455292,0.0,7,64
3,64,12,3.0,10.858303175959726,0.0,7,64
3,64,13,3.2,9.89506436321151,0.0,7,64
3,64,14,3.2,8.590242442640978,0.0,7,64
3,64,15,3.0,14.54540474986234,0.0,7,64
3,64,16,2.8,9.526996933182819,0.0,7,64
3,64,17,2.8,14.658804217194001,0.0,7,64
3,64,18,3.0,10.813332291436206,0.0,7,64
3,64,19,2.8,13.220184448991946,0.0,7,64
3,64,20,2.8,9.698670727469677,0.0,7,64
3,64,21,3.0,9.861817595201309,0.0,7,64
3,64,22,2.2,14.69773222435614,0.0,5,64
1,65,1,4.4,8.345354702655264,0.0,7,64
1,65,2,3.6,10.761538862632221,0.0,7,64
1,65,3,3.2,8.980030156272662,0.0,7,64
1,65,4,3.4,9.594519767019134,0.0,7,64
1,65,5,3.2,8.461334609202048,0.0,7,64
1,65,6,2.8,10.162839746588944,0.0,7,64
1,65,7,2.8,15.180177682915897,0.0,7,64
1,65,8,2.8,11.388868690031988,0.0,7,64
1,65,9,2.8,10.577211329431648,0.0,7,64
1,65,10,2.8,12.38176563853404,0.0,7,64
1,65,11,2.8,15.939539994323052,0.0,7,64
1,65,12,2.8,10.99464741545046,0.0,7,64
1,65,13,2.8,16.404654759199904,0.0,7,64
1,65,14,2.8,11.781701704475974,0.0,7,64
1,65,15,3.2,10.463604421924838,0.0,7,64
1,65,16,2.8,11.854878751877981,0.0,7,64
1,65,17,3.0,10.533062808217291,0.0,7,64
1,65,18,3.2,8.910645856036389,0.0,7,64
1,65,19,3.2,9.825439393165297,0.0,7,64
1,65,20,3.0,9.315321519886574,0.0,7,64
2,65,1,4.0,9.202837490953941,0.0,7,64
2,65,2,4.2,8.667996662132087,0.0,7,64
2,65,3,3.8,8.476628117943264,0.0,7,64
2,65,4,3.2,9.111416466775777,0.0,7,64
2,65,5,3.0,8.95918197715439,0.0,7,64
2,65,6,3.6,9.01092890000767,0.0,7,64
2,65,7,3.0,10.533503913647282,0.0,7,64
2,65,8,2.8,11.009742706530156,0.0,7,64
2,65,9,2.8,9.400246326447979,0.0,7,64
2,65,10,3.0,11.074515503662049,0.0,7,64
2,65,11,2.8,12.552872729562191,0.0,7,64
2,65,12,2.8,11.16872184668625,0.0,7,64
2,65,13,2.8,9.497314691642725,0.0,7,64
2,65,14,3.0,11.465376260656614,0.0,7,64
2,65,15,2.8,13.0288028667753,0.0,7,64
2,65,16,2.8,10.268360163705827,0.0,7,64
2,65,17,3.0,12.955540109301914,0.0,7,64
2,65,18,3.0,8.974372002839093,0.0,7,64
2,65,19,2.8,7.9264343155733,0.0,7,64
2,65,20,2.8,12.10705891714385,0.0,6,64
3,65,1,3.6,7.544478460336073,0.0,7,64
3,65,2,3.8,9.246920049027434,0.0,7,64
3,65,3,3.0,10.86109541228879,0.0,7,64
3,65,4,3.0,9.078007749613597,0.0,7,64
3,65,5,3.2,7.971891404789537,0.0,7,64
3,65,6,2.8,10.159438788888497,0.0,7,64
3,65,7,3.0,11.578651941476389,0.0,7,64
3,65,8,2.8,16.25766400899403,0.0,7,64
3,65,9,2.8,11.028458068605094,0.0,7,64
3,65,10,2.8,12.506859391266346,0.0,7,64
3,65,11,3.4,10.050325814226392,0.0,7,64
3,65,12,3.2,9.52521272341115,0.0,7,64
3,65,13,2.8,9.830227919209952,0.0,7,64
3,65,14,2.8,16.25190932116329,0.0,7,64
3,65,15,3.4,9.439329312464025,0.0,7,64
3,65,16,2.8,11.321293284124717,0.0,7,64
3,65,17,3.0,11.548362986724007,0.0,7,64
3,65,18,2.8,12.143955799147687,0.0,7,64
3,65,19,2.8,9.622377217137437,0.0,7,64
3,65,20,3.0,8.207557123186891,0.0,7,64
3,65,21,2.2,13.740177358918537,0.0,5,64
1,66,1,4.8,8.320359805637178,0.0,7,64
1,66,2,3.6,11.794108036120564,0.0,7,64
1,66,3,3.2,9.023828011730195,0.0,7,64
1,66,4,3.0,10.2104602345643,0.0,7,64
1,66,5,3.0,8.121363262331926,0.0,7,64
1,66,6,2.8,12.30791827201754,0.0,7,64
1,66,7,2.8,14.815206760163855,0.0,7,64
1,66,8,2.8,10.177665360299706,0.0,7,64
1,66,9,2.8,10.476478309648071,0.0,7,64
1,66,10,2.8,14.626325234708276,0.0,7,64
1,66,11,2.8,14.932863228948086,0.0,7,64
1,66,12,2.8,11.03735024871159,0.0,7,64
1,66,13,2.8,16.1730188190326,0.0,7,64
1,66,14,2.8,10.347798087854844,0.0,7,64
1,66,15,2.8,12.39197170774659,0.0,7,64
1,66,16,3.0,13.24362848268934,0.0,7,64
1,66,17,3.0,8.322996203032375,0.0,7,64
1,66,18,3.2,9.485131963920034,0.0,7,64
1,66,19,3.0,10.527002798614774,0.0,7,64
1,66,20,3.2,8.850974962458995,0.0,7,64
1,66,21,2.5,10.840698795765029,0.0,4,64
2,66,1,3.2,12.073397101648142,0.0,7,64
2,66,2,3.0,10.961832465580981,0.0,7,64
2,66,3,3.4,11.719950988502884,0.0,7,64
2,66,4,3.4,7.82702552271881,0.0,7,64
2,66,5,2.8,12.346163450848616,0.0,7,64
2,66,6,2.8,9.331155401999245,0.0,7,64
2,66,7,3.2,10.659794183967849,0.0,7,64
2,66,8,3.2,10.831127745615179,0.0,7,64
2,66,9,2.8,12.035697833967657,0.0,7,64
2,66,10,3.2,8.140262799850916,0.0,7,64
2,66,11,3.0,12.886971527363777,0.0,7,64
2,66,12,2.8,13.052946881286875,0.0,7,64
2,66,13,2.8,11.187637529607011,0.0,7,64
2,66,14,2.8,9.947683926107104,0.0,7,64
2,66,15,3.2,10.098605388458296,0.0,7,64
2,66,16,2.8,10.533730733131902,0.0,7,64
2,66,17,2.8,12.203975514622703,0.0,7,64
2,66,18,3.0,12.798484896288736,0.0,7,64
2,66,19,2.8,10.785155343989516,0.0,7,64
2,66,20,3.0,8.546688115664306,0.0,7,64
2,66,21,2.0,15.255989909433547,0.0,5,64
3,66,1,3.0,9.228809053113197,0.0,7,64
3,66,2,3.0,10.049028060738904,0.0,7,64
3,66,3,3.0,13.017876204555277,0.0,7,64
3,66,4,2.8,9.570482171365976,0.0,7,64
3,66,5,2.8,10.640220648033564,0.0,7,64
3,66,6,2.8,9.815121007704628,0.0,7,64
3,66,7,3.0,10.20016333295274,0.0,7,64
3,66,8,2.8,12.09508824135658,0.0,7,64
3,66,9,2.8,13.074826493890608,0.0,7,64
3,66,10,2.8,11.235147835654486,0.0,7,64
3,66,11,2.8,14.113058330882998,0.0,7,64
3,66,12,2.8,10.129866921363487,0.0,7,64
3,66,13,2.8,10.91736173445352,0.0,7,64
3,66,14,3.0,9.35116295782266,0.0,7,64
3,66,15,2.8,15.510063798650796,0.0,7,64
3,66,16,3.2,8.797020095803257,0.0,7,64
3,66,17,2.8,12.737931890187845,0.0,7,64
3,66,18,3.0,10.900492661974402,0.0,7,64
3,66,19,2.8,11.547805212822489,0.0,7,64
3,66,20,2.8,10.009443260359376,0.0,7,64
3,66,21,2.8,10.471003437583112,0.0,7,64
3,66,22,2.6,12.530920129182835,0.0,6,64
1,67,1,4.6,9.506227608180437,0.0,7,64
1,67,2,4.0,8.226768808216756,0.0,7,64
1,67,3,3.4,7.4941831838634,0.0,7,64
1,67,4,3.0,13.79343413161004,0.0,7,64
1,67,5,3.0,8.972542832020409,0.0,7,64
1,67,6,2.8,11.503411775737462,0.0,7,64
1,67,7,2.8,8.949721370662248,0.0,7,64
1,67,8,2.8,10.94125324467794,0.0,7,64
1,67,9,2.8,12.50226009374586,0.0,7,64
1,67,10,2.8,13.89569101050902,0.0,7,64
1,67,11,2.8,16.873021781261095,0.0,7,64
1,67,12,2.8,12.271390262279747,0.0,7,64
1,67,13,2.8,16.24357995084398,0.0,7,64
1,67,14,2.8,13.419453978031004,0.0,7,64
1,67,15,2.8,11.975113547999438,0.0,7,64
1,67,16,2.8,10.908403976787064,0.0,7,64
1,67,17,3.2,8.725403530717609,0.0,7,64
1,67,18,2.8,10.286509970380454,0.0,7,64
1,67,19,3.2,8.91768989589354,0.0,7,64
1,67,20,3.0,10.674439839515829,0.0,7,64
1,67,21,2.5,10.374127774519069,0.0,4,64
2,67,1,3.8,10.258182805515634,0.0,7,64
2,67,2,4.4,8.231988260229139,0.0,7,64
2,67,3,3.8,7.697809785182711,0.0,7,64
2,67,4,3.6,8.948965498969843,0.0,7,64
2,67,5,3.0,9.88913378981969,0.0,7,64
2,67,6,3.2,9.485948684519098,0.0,7,64
2,67,7,3.4,8.890730416626518,0.0,7,64
2,67,8,2.8,11.22682140560537,0.0,7,64
2,67,9,3.0,8.883408811018095,0.0,7,64
2,67,10,2.8,15.591769047592576,0.0,7,64
2,67,11,2.8,12.030282865614804,0.0,7,64
2,67,12,2.8,11.528040469442292,0.0,7,64
2,67,13,2.8,9.198521158607054,0.0,7,64
2,67,14,3.0,10.24583417236196,0.0,7,64
2,67,15,2.8,13.023147005001318,0.0,7,64
2,67,16,3.0,10.321237230409738,0.0,7,64
2,67,17,3.0,12.347754526338033,0.0,7,64
2,67,18,3.0,8.51254002127499,0.0,7,64
2,67,19,2.8,8.420013215234485,0.0,7,64
2,67,20,2.2,15.963414916730606,0.0,5,64
3,67,1,3.0,8.945353188041599,0.0,7,64
3,67,2,2.8,11.916890388238986,0.0,7,64
3,67,3,2.8,12.906253429558792,0.0,7,64
3,67,4,2.8,10.757677259372349,0.0,7,64
3,67,5,2.8,10.675175245035263,0.0,7,64
3,67,6,3.0,8.449830915183888,0.0,7,64
3,67,7,3.0,8.699903864310638,0.0,7,64
3,67,8,2.8,10.392710710662,0.0,7,64
3,67,9,3.0,12.36567992789896,0.0,7,64
3,67,10,3.0,9.171690526894812,0.0,7,64
3,67,11,3.0,12.327089638035462,0.0,7,64
3,67,12,2.8,10.163651975361232,0.0,7,64
3,67,13,3.2,9.16249755332221,0.0,7,64
3,67,14,2.8,12.081067167785555,0.0,7,64
3,67,15,3.0,13.9934111765725,0.0,7,64
3,67,16,2.8,13.977722146233331,0.0,7,64
3,67,17,2.8,13.601009592680166,0.0,7,64
3,67,18,3.0,9.8269111519295,0.0,7,64
3,67,19,2.8,16.448297884188598,0.0,7,64
3,67,20,2.8,8.62176615267018,0.0,7,64
3,67,21,3.0,8.932725536631901,0.0,7,64
3,67,22,2.0,15.278607128314412,0.0,5,64
1,68,1,4.4,7.949048100089674,0.0,7,64
1,68,2,3.8,9.43007576638909,0.0,7,64
1,68,3,3.4,7.726934220046035,0.0,7,64
1,68,4,3.0,12.843694802098348,0.0,7,64
1,68,5,3.0,8.154332392081242,0.0,7,64
1,68,6,2.8,10.964273142513287,0.0,7,64
1,68,7,2.8,15.910467636630772,0.0,7,64
1,68,8,2.8,11.17828265709932,0.0,7,64
1,68,9,2.8,11.365661916179324,0.0,7,64
1,68,10,2.8,16.927103615335955,0.0,7,64
1,68,11,2.8,20.598892598155075,0.0,7,64
1,68,12,2.8,10.57259270289621,0.0,7,64
1,68,13,2.8,17.589230133283106,0.0,7,64
1,68,14,2.8,10.455522421396214,0.0,7,64
1,68,15,3.0,11.285674438021019,0.0,7,64
1,68,16,2.8,11.78467393900081,0.0,7,64
1,68,17,3.0,8.439561278532732,0.0,7,64
1,68,18,3.2,10.071697664426848,0.0,7,64
1,68,19,3.2,10.503088384849361,0.0,7,64
1,68,20,3.2,9.207992208196874,0.0,7,64
2,68,1,4.0,8.511272487853356,0.0,7,64
2,68,2,4.2,8.452374705734854,0.0,7,64
2,68,3,3.6,8.188301021019763,0.0,7,64
2,68,4,3.0,11.938368865493782,0.0,7,64
2,68,5,3.0,9.398138215659086,0.0,7,64
2,68,6,3.2,10.737040473376045,0.0,7,64
2,68,7,3.0,9.865638086116512,0.0,7,64
2,68,8,2.8,11.416300222347807,0.0,7,64
2,68,9,3.0,8.995831301537404,0.0,7,64
2,68,10,3.2,11.53533676937261,0.0,7,64
2,68,11,2.8,11.469420404828924,0.0,7,64
2,68,12,2.8,12.528131794637517,0.0,7,64
2,68,13,2.8,11.065975659667115,0.0,7,64
2,68,14,3.0,9.284824218699884,0.0,7,64
2,68,15,3.2,11.724123140366489,0.0,7,64
2,68,16,2.8,12.778441855965685,0.0,7,64
2,68,17,3.0,12.955540109302166,0.0,7,64
2,68,18,3.0,8.315488554680716,0.0,7,64
2,68,19,2.8,7.726173798129628,0.0,7,64
2,68,20,2.8,11.55795577860205,0.0,6,64
3,68,1,2.8,11.362614538868453,0.0,7,64
3,68,2,2.8,10.339094991895056,0.0,7,64
3,68,3,3.0,12.134676224854513,0.0,7,64
3,68,4,2.8,11.794988376731647,0.0,7,64
3,68,5,2.8,9.468717704410768,0.0,7,64
3,68,6,2.8,8.739319631039779,0.0,7,64
3,68,7,3.0,10.899992209181864,0.0,7,64
3,68,8,2.8,10.279568097861574,0.0,7,64
3,68,9,3.0,13.696052553301401,0.0,7,64
3,68,10,2.8,11.10361741819143,0.0,7,64
3,68,11,2.8,10.804969206057834,0.0,7,64
3,68,12,3.8,7.72625054739223,0.125,7,64
3,68,13,2.8,9.522961761804254,0.0,7,64
3,68,14,2.8,10.32681111502603,0.0,7,64
3,68,15,2.8,13.30933561748524,0.0,7,64
3,68,16,3.2,10.058073446419002,0.0,7,64
3,68,17,3.0,11.218930122576214,0.0,7,64
3,68,18,3.0,9.485708407560237,0.0,7,64
3,68,19,2.8,14.11069376382632,0.0,7,64
3,68,20,2.8,8.480742342366575,0.0,7,64
3,68,21,2.8,11.331693722650408,0.0,7,64
3,68,22,2.25,16.87139890915791,0.0,4,64
1,69,1,4.2,9.74466185114503,0.0,7,64
1,69,2,3.8,9.480123565472168,0.0,7,64
1,69,3,3.2,8.926818914588022,0.0,7,64
1,69,4,3.4,10.77866873062936,0.0,7,64
1,69,5,3.2,9.383645611478732,0.0,7,64
1,69,6,2.8,8.69622881504564,0.0,7,64
1,69,7,2.8,10.628535704884849,0.0,7,64
1,69,8,2.8,13.011930837422016,0.0,7,64
1,69,9,2.8,11.103423301342454,0.0,7,64
1,69,10,2.8,17.33182739112534,0.0,7,64
1,69,11,2.8,18.09317422044134,0.0,7,64
1,69,12,2.8,10.83647591099097,0.0,7,64
1,69,13,2.8,18.989396414852685,0.0,7,64
1,69,14,3.0,10.636623169332674,0.0,7,64
1,69,15,2.8,11.718942739240997,0.0,7,64
1,69,16,2.8,11.192044018253913,0.0,7,64
1,69,17,3.2,9.053115632513984,0.0,7,64
1,69,18,3.2,8.151290619468563,0.0,7,64
1,69,19,3.2,10.716582273281745,0.0,7,64
1,69,20,3.0,9.581941537655755,0.0,7,64
2,69,1,4.0,8.960158081185293,0.0,7,64
2,69,2,4.2,8.680298681445896,0.0,7,64
2,69,3,3.8,6.799261866949476,0.0,7,64
2,69,4,3.0,10.31036257583859,0.0,7,64
2,69,5,2.8,10.361158897921436,0.0,7,64
2,69,6,3.2,11.591723106006974,0.0,7,64
2,69,7,3.4,8.950719701194533,0.0,7,64
2,69,8,2.8,12.352909437844936,0.0,7,64
2,69,9,2.8,11.1973052160119,0.0,7,64
2,69,10,3.0,10.708825094084537,0.0,7,64
2,69,11,2.8,11.916348507362947,0.0,7,64
2,69,12,2.8,12.058813490665662,0.0,7,64
2,69,13,2.8,9.743764675682534,0.0,7,64
2,69,14,3.0,10.35362847775574,0.0,7,64
2,69,15,3.0,11.810453862966174,0.0,7,64
2,69,16,3.0,10.74056769772988,0.0,7,64
2,69,17,3.0,16.70680566467728,0.0,7,64
2,69,18,3.0,9.872517437716441,0.0,7,64
2,69,19,2.8,7.765412260609929,0.0,7,64
2,69,20,2.8,13.738844596258506,0.0,6,64
3,69,1,3.0,10.67906401367472,0.0,7,64
3,69,2,3.4,8.712807911621269,0.0,7,64
3,69,3,3.0,11.74389896122793,0.0,7,64
3,69,4,2.8,10.446900521594268,0.0,7,64
3,69,5,3.0,8.180262055082837,0.0,7,64
3,69,6,2.8,10.975503031453863,0.0,7,64
3,69,7,3.0,10.662264063138219,0.0,7,64
3,69,8,3.0,10.660958877037785,0.0,7,64
3,69,9,2.8,13.366801692016319,0.0,7,64
3,69,10,2.8,11.16736297044755,0.0,7,64
3,69,11,3.6,8.469997240734816,0.125,7,64
3,69,12,3.0,9.795029918958187,0.0,7,64
3,69,13,2.8,12.632262289348084,0.0,7,64
3,69,14,2.8,10.714380919279789,0.0,7,64
3,69,15,3.2,10.047195417871823,0.0,7,64
3,69,16,2.8,15.566263233051242,0.0,7,64
3,69,17,3.0,10.435081488933589,0.0,7,64
3,69,18,3.0,11.602123356950269,0.0,7,64
3,69,19,2.8,11.548064522905323,0.0,7,64
3,69,20,2.8,10.497788168173708,0.0,7,64
3,69,21,3.0,9.988889855812722,0.0,7,64
1,70,1,4.8,7.874578198035479,0.0,7,64
1,70,2,3.6,12.555913330659605,0.0,7,64
1,70,3,3.4,8.10805974404383,0.0,7,64
1,70,4,3.2,10.858429440283416,0.0,7,64
1,70,5,3.2,8.75631554442016,0.0,7,64
1,70,6,2.8,9.828590716807808,0.0,7,64
1,70,7,2.8,10.420315224876221,0.0,7,64
1,70,8,2.8,11.779589020530818,0.0,7,64
1,70,9,2.8,12.280519581119124,0.0,7,64
1,70,10,2.8,13.827700194838721,0.0,7,64
1,70,11,2.8,23.741491393309076,0.0,7,64
1,70,12,2.8,12.178561924635018,0.0,7,64
1,70,13,2.8,13.749753861501524,0.0,7,64
1,70,14,2.8,12.658993361923885,0.0,7,64
1,70,15,2.8,11.869398112747685,0.0,7,64
1,70,16,3.0,11.749833631139136,0.0,7,64
1,70,17,3.2,9.19852555403268,0.0,7,64
1,70,18,2.8,9.56928000183771,0.0,7,64
1,70,19,3.2,9.825439393165315,0.0,7,64
1,70,20,3.0,10.011771920029666,0.0,7,64
2,70,1,3.2,11.681388257415144,0.0,7,64
2,70,2,3.0,9.881496764713594,0.0,7,64
2,70,3,3.6,8.206300039506493,0.0,7,64
2,70,4,3.2,7.2727004897281144,0.0,7,64
2,70,5,3.0,12.08468569209303,0.0,7,64
2,70,6,3.0,10.005223403358539,0.0,7,64
2,70,7,3.6,8.254514104438563,0.0,7,64
2,70,8,2.8,11.7786922406117,0.0,7,64
2,70,9,2.8,15.41385014362416,0.0,7,64
2,70,10,2.8,8.846073568575045,0.0,7,64
2,70,11,2.8,13.230743514864791,0.0,7,64
2,70,12,2.8,10.465755964274898,0.0,7,64
2,70,13,2.8,11.615615584071271,0.0,7,64
2,70,14,2.8,9.602912661868928,0.0,7,64
2,70,15,3.0,10.3149531929328,0.0,7,64
2,70,16,2.8,11.792737559092751,0.0,7,64
2,70,17,2.8,10.886180517396976,0.0,7,64
2,70,18,3.0,12.45843144823234,0.0,7,64
2,70,19,3.0,8.31333053843775,0.0,7,64
2,70,20,2.8,9.798081955249796,0.0,7,64
2,70,21,2.4,13.174704523417338,0.0,5,64
3,70,1,3.2,8.75738964141971,0.0,7,64
3,70,2,2.8,11.717755473656103,0.0,7,64
3,70,3,3.2,11.487975936534689,0.0,7,64
3,70,4,2.8,9.020190454139215,0.0,7,64
3,70,5,2.8,9.873559022671104,0.0,7,64
3,70,6,2.8,9.6037672145978,0.0,7,64
3,70,7,3.0,11.307706529734304,0.0,7,64
3,70,8,2.8,10.621193188330773,0.0,7,64
3,70,9,2.8,14.896798298096954,0.0,7,64
3,70,10,2.8,11.105762726931069,0.0,7,64
3,70,11,3.0,12.327089638035577,0.0,7,64
3,70,12,3.0,9.689712186423916,0.0,7,64
3,70,13,3.2,9.620571032943653,0.0,7,64
3,70,14,3.2,8.915128613794913,0.0,7,64
3,70,15,3.2,12.15362864728655,0.0,7,64
3,70,16,2.8,13.695162671275794,0.0,7,64
3,70,17,2.8,10.131969826061978,0.0,7,64
3,70,18,2.8,12.007473376503391,0.0,7,64
3,70,19,2.8,15.776898472973734,0.0,7,64
3,70,20,2.8,8.738661789767502,0.0,7,64
3,70,21,3.0,10.774666042170152,0.0,7,64
1,71,1,4.4,9.184874292050463,0.0,7,64
1,71,2,3.6,12.849778265636012,0.0,7,64
1,71,3,3.2,8.415680298908233,0.0,7,64
1,71,4,3.4,10.607900935410974,0.0,7,64
1,71,5,3.0,9.401022323538516,0.0,7,64
1,71,6,2.8,10.88505233935803,0.0,7,64
1,71,7,2.8,14.120873214364945,0.0,7,64
1,71,8,2.8,10.041982035736027,0.0,7,64
1,71,9,2.8,14.513696481506834,0.0,7,64
1,71,10,2.8,14.450949104035983,0.0,7,64
1,71,11,2.8,16.218996353805373,0.0,7,64
1,71,12,2.8,10.390296210446746,0.0,7,64
1,71,13,2.8,14.712068534841436,0.0,7,64
1,71,14,2.8,10.510230076141012,0.0,7,64
1,71,15,2.8,12.572957626612897,0.0,7,64
1,71,16,2.8,13.92767766105291,0.0,7,64
1,71,17,3.0,7.864388229795455,0.0,7,64
1,71,18,3.4,7.955784911545244,0.0,7,64
1,71,19,3.2,11.082581232435013,0.0,7,64
1,71,20,3.2,7.966357636979808,0.0,7,64
2,71,1,3.0,15.020187114983223,0.0,7,64
2,71,2,3.0,13.831342349912616,0.0,7,64
2,71,3,3.8,8.128435121620651,0.125,7,64
2,71,4,2.8,10.407671364510646,0.0,7,64
2,71,5,2.8,12.026906848200884,0.0,7,64
2,71,6,2.8,11.0075847849625,0.0,7,64
2,71,7,3.4,8.680815516373775,0.0,7,64
2,71,8,3.2,11.205303691468886,0.0,7,64
2,71,9,2.8,10.970247300460441,0.0,7,64
2,71,10,2.8,8.618697881957923,0.0,7,64
2,71,11,2.8,15.729796214854888,0.0,7,64
2,71,12,2.8,10.248884919408129,0.0,7,64
2,71,13,2.8,11.80236889277708,0.0,7,64
2,71,14,3.0,10.037950121565546,0.0,7,64
2,71,15,3.0,9.778870483974998,0.0,7,64
2,71,16,2.8,16.555517023767116,0.0,7,64
2,71,17,2.8,10.032549500315849,0.0,7,64
2,71,18,3.0,14.524654112788477,0.0,7,64
2,71,19,3.0,10.167948917840901,0.0,7,64
2,71,20,2.8,8.24707764022175,0.0,7,64
2,71,21,2.8,10.996860630035602,0.0,6,64
3,71,1,3.0,9.242755710591139,0.0,7,64
3,71,2,3.0,11.658008277831907,0.0,7,64
3,71,3,3.0,12.64119049139431,0.0,7,64
3,71,4,2.8,8.6500642531623,0.0,7,64
3,71,5,2.8,10.129190669099428,0.0,7,64
3,71,6,2.8,10.634279557810395,0.0,7,64
3,71,7,3.0,9.577239319647171,0.0,7,64
3,71,8,2.8,11.270429561793149,0.0,7,64
3,71,9,2.8,12.882055301551581,0.0,7,64
3,71,10,2.8,11.052421253842713,0.0,7,64
3,71,11,2.8,12.67941999907039,0.0,7,64
3,71,12,3.2,10.673389187396726,0.0,7,64
3,71,13,3.4,8.434088278018692,0.0,7,64
3,71,14,3.2,9.570816986691314,0.0,7,64
3,71,15,3.2,11.258721397950644,0.0,7,64
3,71,16,2.8,15.944421966996376,0.0,7,64
3,71,17,3.0,9.733827859989358,0.0,7,64
3,71,18,3.0,11.71112514096727,0.0,7,64
3,71,19,2.8,11.128110016067385,0.0,7,64
3,71,20,2.8,9.576607797944591,0.0,7,64
3,71,21,3.0,10.70385218653289,0.0,7,64
1,72,1,4.8,7.793108354234911,0.0,7,64
1,72,2,3.6,10.408807863722785,0.0,7,64
1,72,3,3.4,8.692875819485558,0.0,7,64
1,72,4,3.2,9.200560546166134,0.0,7,64
1,72,5,3.0,10.016542338039814,0.0,7,64
1,72,6,3.0,9.494342736525478,0.0,7,64
1,72,7,2.8,11.99696286773257,0.0,7,64
1,72,8,2.8,13.256685371295125,0.0,7,64
1,72,9,2.8,12.083518315826113,0.0,7,64
1,72,10,2.8,16.3398238279147,0.0,7,64
1,72,11,2.8,13.2493045035382,0.0,7,64
1,72,12,2.8,9.675606762724545,0.0,7,64
1,72,13,2.8,12.626182941652427,0.0,7,64
1,72,14,2.8,12.579714012660247,0.0,7,64
1,72,15,2.8,12.255634661364807,0.0,7,64
1,72,16,3.0,11.658901322529173,0.0,7,64
1,72,17,3.2,7.503383938739213,0.0,7,64
1,72,18,3.0,9.701714963383553,0.0,7,64
1,72,19,3.0,10.028254987431467,0.0,7,64
1,72,20,3.4,9.7898048115851,0.0,7,64
2,72,1,3.2,12.518199222238486,0.0,7,64
2,72,2,3.0,10.194437873719997,0.0,7,64
2,72,3,3.6,9.179285525340898,0.125,7,64
2,72,4,3.0,10.346504779766047,0.0,7,64
2,72,5,2.8,11.917378168258292,0.0,7,64
2,72,6,2.8,9.840698991064837,0.0,7,64
2,72,7,3.4,9.159822046023422,0.0,7,64
2,72,8,3.2,8.791576075591657,0.0,7,64
2,72,9,2.8,11.849157929166962,0.0,7,64
2,72,10,3.0,8.766988763318695,0.0,7,64
2,72,11,3.0,12.3813854962307,0.0,7,64
2,72,12,2.8,10.501696376777677,0.0,7,64
2,72,13,2.8,13.02568560025161,0.0,7,64
2,72,14,2.8,10.846054301250806,0.0,7,64
2,72,15,3.2,10.691845135063364,0.0,7,64
2,72,16,2.8,12.922061956415051,0.0,7,64
2,72,17,3.0,9.652285384645944,0.0,7,64
2,72,18,3.0,13.935792202710362,0.0,7,64
2,72,19,2.8,11.018310847588289,0.0,7,64
2,72,20,2.8,8.385381035258384,0.0,7,64
2,72,21,2.75,10.385373736539806,0.0,4,64
3,72,1,3.0,11.146144922963053,0.0,7,64
3,72,2,2.8,13.435191063704117,0.0,7,64
3,72,3,2.8,11.455811641960864,0.0,7,64
3,72,4,2.8,9.474495103225067,0.0,7,64
3,72,5,2.8,9.38157298401761,0.0,7,64
3,72,6,2.8,8.496507128377607,0.0,7,64
3,72,7,3.0,10.38192613468349,0.0,7,64
3,72,8,2.8,11.672464360775777,0.0,7,64
3,72,9,2.8,15.011980499874264,0.0,7,64
3,72,10,2.8,10.547715298284466,0.0,7,64
3,72,11,2.8,12.184161285901968,0.0,7,64
3,72,12,3.2,9.3623069738194,0.0,7,64
3,72,13,3.2,9.26110571027076,0.0,7,64
3,72,14,2.8,9.14777633016691,0.0,7,64
3,72,15,2.8,16.496145877781956,0.0,7,64
3,72,16,3.0,9.600097418672823,0.0,7,64
3,72,17,2.8,12.764516254695092,0.0,7,64
3,72,18,3.2,9.43290385060229,0.0,7,64
3,72,19,2.8,12.568189150044466,0.0,7,64
3,72,20,2.8,8.692435428323103,0.0,7,64
3,72,21,3.0,10.13976115275105,0.0,7,64
3,72,22,2.2,14.69773222435614,0.0,5,64
1,73,1,4.2,9.236810506803037,0.0,7,64
1,73,2,3.6,9.448397602624748,0.0,7,64
1,73,3,3.4,8.849920363708547,0.0,7,64
1,73,4,3.4,11.433074338238804,0.0,7,64
1,73,5,3.0,8.346332691426902,0.0,7,64
1,73,6,3.0,10.681903916456276,0.0,7,64
1,73,7,2.8,14.38306475380723,0.0,7,64
1,73,8,2.8,11.563706972945635,0.0,7,64
1,73,9,2.8,11.042383954535241,0.0,7,64
1,73,10,2.8,15.705637329660929,0.0,7,64
1,73,11,2.8,17.02001797789088,0.0,7,64
1,73,12,2.8,12.171644291214179,0.0,7,64
1,73,13,2.8,15.438034653230368,0.0,7,64
1,73,14,3.0,9.75818373687482,0.0,7,64
1,73,15,3.0,11.019701313919114,0.0,7,64
1,73,16,2.8,12.044436912822244,0.0,7,64
1,73,17,3.0,9.640010434067712,0.0,7,64
1,73,18,3.0,9.370487424176362,0.0,7,64
1,73,19,3.0,10.471465208053523,0.0,7,64
1,73,20,3.2,8.88225432420055,0.0,7,64
2,73,1,3.6,10.091843509559896,0.0,7,64
2,73,2,3.4,10.852861381364143,0.0,7,64
2,73,3,3.6,8.541494616754823,0.0,7,64
2,73,4,3.2,9.019479204994598,0.0,7,64
2,73,5,2.8,9.19799799624552,0.0,7,64
2,73,6,2.8,10.87631431477769,0.0,7,64
2,73,7,3.4,9.231915574248045,0.0,7,64
2,73,8,3.0,10.44084193688367,0.0,7,64
2,73,9,3.0,12.42911219764134,0.0,7,64
2,73,10,2.8,8.701955678939148,0.0,7,64
2,73,11,3.0,11.359722195202862,0.0,7,64
2,73,12,2.8,11.955093195955206,0.0,7,64
2,73,13,2.8,11.191924046774714,0.0,7,64
2,73,14,2.8,9.318550479903303,0.0,7,64
2,73,15,3.6,8.38829382188603,0.125,7,64
2,73,16,2.8,11.923303613575367,0.0,7,64
2,73,17,2.8,12.562272263191414,0.0,7,64
2,73,18,3.2,9.802384150023792,0.0,7,64
2,73,19,2.8,8.353063927164609,0.0,7,64
2,73,20,3.2,8.552147805557341,0.0,7,64
3,73,1,3.0,8.753316423842053,0.0,7,64
3,73,2,3.4,9.267284108750747,0.0,7,64
3,73,3,3.2,11.099790758640113,0.0,7,64
3,73,4,3.0,9.262593779056221,0.0,7,64
3,73,5,2.8,9.008496267441675,0.0,7,64
3,73,6,2.8,8.797302671782736,0.0,7,64
3,73,7,3.0,15.146150800311961,0.0,7,64
3,73,8,2.8,11.44914529169167,0.0,7,64
3,73,9,2.8,12.194185273606324,0.0,7,64
3,73,10,2.8,13.451532576836629,0.0,7,64
3,73,11,3.6,8.241724344314568,0.125,7,64
3,73,12,3.0,8.719745613035991,0.0,7,64
3,73,13,2.8,13.958430302381789,0.0,7,64
3,73,14,2.8,13.358843210417476,0.0,7,64
3,73,15,3.2,11.331621112633725,0.0,7,64
3,73,16,2.8,17.42937291516254,0.0,7,64
3,73,17,2.8,9.75501549002287,0.0,7,64
3,73,18,2.8,11.69231514875418,0.0,7,64
3,73,19,3.0,11.713321346951583,0.0,7,64
3,73,20,2.8,9.336339697946398,0.0,7,64
3,73,21,2.8,8.282739142717123,0.0,7,64
1,74,1,4.8,8.937367545692808,0.0,7,64
1,74,2,3.8,9.073395363742012,0.0,7,64
1,74,3,3.2,8.013255561655486,0.0,7,64
1,74,4,3.2,10.498980965770281,0.0,7,64
1,74,5,3.2,9.225505267476978,0.0,7,64
1,74,6,2.8,9.548268662036895,0.0,7,64
1,74,7,2.8,11.299590711613288,0.0,7,64
1,74,8,2.8,12.644708063500314,0.0,7,64
1,74,9,2.8,9.948896364167275,0.0,7,64
1,74,10,2.8,13.733161280244278,0.0,7,64
1,74,11,2.8,17.17705636835732,0.0,7,64
1,74,12,2.8,10.114073825163176,0.0,7,64
1,74,13,2.8,16.05808498465997,0.0,7,64
1,74,14,2.8,17.465359924825197,0.0,7,64
1,74,15,2.8,12.694539701113545,0.0,7,64
1,74,16,2.8,13.874745631670553,0.0,7,64
1,74,17,3.0,9.240872391538302,0.0,7,64
1,74,18,3.2,8.50805993380234,0.0,7,64
1,74,19,3.2,8.949873179292675,0.0,7,64
1,74,20,3.4,7.954719945168876,0.0,7,64
2,74,1,3.0,15.634518696048,0.0,7,64
2,74,2,2.8,10.814305481101872,0.0,7,64
2,74,3,4.0,8.774046496222828,0.125,7,64
2,74,4,3.0,9.991553319062897,0.0,7,64
2,74,5,2.8,12.631124230530363,0.0,7,64
2,74,6,2.8,9.504272258904631,0.0,7,64
2,74,7,3.8,8.456311609865043,0.125,7,64
2,74,8,2.8,10.346481811119595,0.0,7,64
2,74,9,2.8,11.646093768741824,0.0,7,64
2,74,10,2.8,8.821558044579461,0.0,7,64
2,74,11,2.8,14.226914103990516,0.0,7,64
2,74,12,2.8,11.156149700212461,0.0,7,64
2,74,13,2.8,13.135668105488177,0.0,7,64
2,74,14,2.8,9.43868799153417,0.0,7,64
2,74,15,3.6,8.489360609616543,0.125,7,64
2,74,16,2.8,12.680933452342053,0.0,7,64
2,74,17,2.8,10.64036091185077,0.0,7,64
2,74,18,3.0,11.154242154235975,0.0,7,64
2,74,19,2.8,9.080450473357411,0.0,7,64
2,74,20,2.8,9.449890058646849,0.0,7,64
2,74,21,2.4,11.279528951743073,0.0,5,64
3,74,1,3.2,8.282989535683873,0.0,7,64
3,74,2,3.0,9.885356215648962,0.0,7,64
3,74,3,2.8,13.293813494579343,0.0,7,64
3,74,4,2.8,8.967119768615985,0.0,7,64
3,74,5,3.0,11.020033573032954,0.0,7,64
3,74,6,2.8,9.227062183848174,0.0,7,64
3,74,7,3.0,9.425650254645955,0.0,7,64
3,74,8,2.8,11.308531521750009,0.0,7,64
3,74,9,2.8,15.461688600030095,0.0,7,64
3,74,10,3.0,9.291472127155336,0.0,7,64
3,74,11,3.0,11.72370542178139,0.0,7,64
3,74,12,3.0,11.9933242873514,0.0,7,64
3,74,13,3.2,9.664316969024537,0.0,7,64
3,74,14,3.0,9.168462213065073,0.0,7,64
3,74,15,3.0,11.39884729607605,0.0,7,64
3,74,16,2.8,14.906604188722262,0.0,7,64
3,74,17,2.8,10.372611974471353,0.0,7,64
3,74,18,2.8,11.680356095702535,0.0,7,64
3,74,19,2.8,12.470717162001923,0.0,7,64
3,74,20,2.8,8.926329087720518,0.0,7,64
3,74,21,2.8,10.849269009629266,0.0,7,64
3,74,22,2.25,12.97812256500015,0.0,4,64
1,75,1,4.8,7.833631460069475,0.0,7,64
1,75,2,4.0,8.794283569181626,0.0,7,64
1,75,3,3.2,7.815702114934943,0.0,7,64
1,75,4,3.0,12.103457935669923,0.0,7,64
1,75,5,3.2,8.21889271550415,0.0,7,64
1,75,6,2.8,9.060168764258044,0.0,7,64
1,75,7,2.8,11.78578842991076,0.0,7,64
1,75,8,2.8,13.83496166936656,0.0,7,64
1,75,9,2.8,12.205895921918541,0.0,7,64
1,75,10,2.8,12.909396225988607,0.0,7,64
1,75,11,2.8,14.849074013578761,0.0,7,64
1,75,12,2.8,10.538584407830081,0.0,7,64
1,75,13,2.8,13.064150682478374,0.0,7,64
1,75,14,2.8,12.07554473615414,0.0,7,64
1,75,15,3.2,11.27858720669296,0.0,7,64
1,75,16,3.0,13.363350846488657,0.0,7,64
1,75,17,3.2,8.388014582494606,0.0,7,64
1,75,18,3.2,9.08820735097522,0.0,7,64
1,75,19,2.8,9.994823067465518,0.0,7,64
1,75,20,3.6,7.757901292016263,0.0,7,64
2,75,1,3.6,10.142047751421893,0.0,7,64
2,75,2,3.0,9.966798624771739,0.0,7,64
2,75,3,3.2,9.01915918566072,0.0,7,64
2,75,4,3.0,9.92668684033784,0.0,7,64
2,75,5,3.0,11.342379106661442,0.0,7,64
2,75,6,2.8,8.46578785148872,0.0,7,64
2,75,7,3.4,8.87799188292648,0.0,7,64
2,75,8,3.0,10.911364577569076,0.0,7,64
2,75,9,2.8,15.635642976242854,0.0,7,64
2,75,10,2.8,8.351760303118215,0.0,7,64
2,75,11,2.8,12.433722959852581,0.0,7,64
2,75,12,2.8,12.604612634297322,0.0,7,64
2,75,13,2.8,10.929226463310489,0.0,7,64
2,75,14,2.8,9.739290032502879,0.0,7,64
2,75,15,3.0,10.555180501406593,0.0,7,64
2,75,16,3.0,11.736456750425267,0.0,7,64
2,75,17,2.8,13.294289839359344,0.0,7,64
2,75,18,3.6,9.531759939590637,0.125,7,64
2,75,19,3.0,8.80516523244701,0.0,7,64
2,75,20,2.8,9.073101882947988,0.0,7,64
2,75,21,2.5,15.05970954667696,0.0,4,64
3,75,1,3.2,8.707518184626428,0.0,7,64
3,75,2,3.0,10.698031503960925,0.0,7,64
3,75,3,2.8,13.529063864725753,0.0,7,64
3,75,4,2.8,8.736557200849372,0.0,7,64
3,75,5,3.0,9.84882492488432,0.0,7,64
3,75,6,2.8,9.634022571459369,0.0,7,64
3,75,7,2.8,11.16675533195394,0.0,7,64
3,75,8,2.8,10.587575298119521,0.0,7,64
3,75,9,3.0,14.993781911900161,0.0,7,64
3,75,10,2.8,10.697831964338066,0.0,7,64
3,75,11,3.6,7.783695172515216,0.125,7,64
3,75,12,2.8,11.894718383804312,0.0,7,64
3,75,13,3.0,9.847383158146659,0.0,7,64
3,75,14,2.8,11.291078701626908,0.0,7,64
3,75,15,3.0,11.832121792203212,0.0,7,64
3,75,16,2.8,10.867683593446957,0.0,7,64
3,75,17,3.0,10.17302048854991,0.0,7,64
3,75,18,2.8,11.007652465950331,0.0,7,64
3,75,19,2.8,12.730286022691638,0.0,7,64
3,75,20,2.8,10.310771457055898,0.0,7,64
3,75,21,2.8,12.463161328405896,0.0,7,64
3,75,22,2.25,12.84187358303103,0.0,4,64
1,76,1,4.8,8.544516695860416,0.0,7,64
1,76,2,3.8,9.941601961220817,0.0,7,64
1,76,3,3.4,9.006249877271484,0.0,7,64
1,76,4,3.0,11.888551315907122,0.0,7,64
1,76,5,3.2,9.62328834754715,0.0,7,64
1,76,6,3.0,8.57778133143876,0.0,7,64
1,76,7,2.8,10.533999534102378,0.0,7,64
1,76,8,2.8,13.97541061955426,0.0,7,64
1,76,9,2.8,12.763882068513173,0.0,7,64
1,76,10,2.8,17.570706272568422,0.0,7,64
1,76,11,2.8,17.48124710096438,0.0,7,64
1,76,12,2.8,10.572592791730768,0.0,7,64
1,76,13,2.8,14.086531751862228,0.0,7,64
1,76,14,3.0,14.370014866672323,0.0,7,64
1,76,15,2.8,10.371404226488616,0.0,7,64
1,76,16,2.8,12.268678574289355,0.0,7,64
1,76,17,2.8,8.852142323242772,0.0,7,64
1,76,18,3.2,8.66318816893925,0.0,7,64
1,76,19,3.0,12.609260847620396,0.0,7,64
1,76,20,3.4,7.680958089558238,0.0,7,64
2,76,1,3.0,14.59021404839833,0.0,7,64
2,76,2,2.8,11.377592904912392,0.0,7,64
2,76,3,3.8,9.30026188933838,0.125,7,64
2,76,4,3.0,10.74708323187534,0.0,7,64
2,76,5,2.8,11.886661618754095,0.0,7,64
2,76,6,2.8,11.250564832081666,0.0,7,64
2,76,7,3.4,9.887736576759934,0.0,7,64
2,76,8,3.2,9.44102923726314,0.0,7,64
2,76,9,2.8,11.109736706329201,0.0,7,64
2,76,10,3.0,8.424337909410124,0.0,7,64
2,76,11,3.0,12.131678734657376,0.0,7,64
2,76,12,2.8,12.40730166334794,0.0,7,64
2,76,13,2.8,14.37225166109631,0.0,7,64
2,76,14,3.0,8.832051130880862,0.0,7,64
2,76,15,3.0,12.160796303818431,0.0,7,64
2,76,16,3.0,11.685210481428646,0.0,7,64
2,76,17,2.8,9.91582875196954,0.0,7,64
2,76,18,3.0,15.669393942507748,0.0,7,64
2,76,19,3.0,8.1822810984803,0.0,7,64
2,76,20,3.0,8.959865244961506,0.0,7,64
2,76,21,2.5,13.864834909152565,0.0,4,64
3,76,1,3.0,9.666385593521362,0.0,7,64
3,76,2,2.8,13.988291533078575,0.0,7,64
3,76,3,2.8,12.71838525953562,0.0,7,64
3,76,4,2.8,10.427539013535744,0.0,7,64
3,76,5,3.0,8.94160094966967,0.0,7,64
3,76,6,2.8,9.900837708425932,0.0,7,64
3,76,7,3.0,8.92851057564225,0.0,7,64
3,76,8,2.8,10.51781593464015,0.0,7,64
3,76,9,2.8,13.262361528758085,0.0,7,64
3,76,10,2.8,10.23066752039991,0.0,7,64
3,76,11,3.0,10.574973457056556,0.0,7,64
3,76,12,3.2,9.14184227934502,0.0,7,64
3,76,13,3.4,8.218750349020036,0.0,7,64
3,76,14,2.8,12.90699590336311,0.0,7,64
3,76,15,3.0,10.534467452070238,0.0,7,64
3,76,16,3.0,15.294907282012712,0.0,7,64
3,76,17,3.0,10.614395978993066,0.0,7,64
3,76,18,2.8,12.751891078448963,0.0,7,64
3,76,19,2.8,12.547469538978488,0.0,7,64
3,76,20,2.8,10.207522480357108,0.0,7,64
3,76,21,2.8,11.545605422510397,0.0,7,64
3,76,22,2.25,13.939432249789256,0.0,4,64
1,77,1,4.6,8.548731304618933,0.0,7,64
1,77,2,3.6,11.451956662045369,0.0,7,64
1,77,3,3.4,8.046794797763331,0.0,7,64
1,77,4,3.0,14.909201457988791,0.0,7,64
1,77,5,3.2,8.275418215995737,0.0,7,64
1,77,6,2.8,11.24369591844521,0.0,7,64
1,77,7,2.8,12.1012621203815,0.0,7,64
1,77,8,2.8,9.563369031407307,0.0,7,64
1,77,9,2.8,9.94856959922829,0.0,7,64
1,77,10,2.8,15.076917736944978,0.0,7,64
1,77,11,2.8,15.253630508128433,0.0,7,64
1,77,12,2.8,12.818951819103964,0.0,7,64
1,77,13,2.8,17.39934576321998,0.0,7,64
1,77,14,2.8,11.690277390029431,0.0,7,64
1,77,15,3.0,13.940267299121462,0.0,7,64
1,77,16,2.8,15.239536965340479,0.0,7,64
1,77,17,3.2,10.254794782384852,0.0,7,64
1,77,18,3.2,8.923841479435797,0.0,7,64
1,77,19,3.2,10.529330498739357,0.0,7,64
1,77,20,3.0,10.782053986532071,0.0,7,64
2,77,1,3.6,10.881885816491431,0.0,7,64
2,77,2,3.6,8.853694402974986,0.0,7,64
2,77,3,3.4,9.340464460583474,0.0,7,64
2,77,4,3.4,8.140477062806395,0.0,7,64
2,77,5,2.8,10.485321778842083,0.0,7,64
2,77,6,2.8,10.567727228913872,0.0,7,64
2,77,7,3.8,7.823326228532905,0.125,7,64
2,77,8,2.8,10.213813466287643,0.0,7,64
2,77,9,2.8,11.876583863273376,0.0,7,64
2,77,10,2.8,8.978385012236426,0.0,7,64
2,77,11,2.8,13.129143882797218,0.0,7,64
2,77,12,2.8,12.44147559864229,0.0,7,64
2,77,13,2.8,10.500207542278615,0.0,7,64
2,77,14,2.8,9.702918359019899,0.0,7,64
2,77,15,3.6,9.862707238461454,0.125,7,64
2,77,16,2.8,11.223163636041267,0.0,7,64
2,77,17,2.8,13.505416466290908,0.0,7,64
2,77,18,2.8,10.565027097686924,0.0,7,64
2,77,19,2.8,9.945872859097168,0.0,7,64
2,77,20,3.8,7.143857163524537,0.125,7,64
3,77,1,2.8,9.658047065945432,0.0,7,64
3,77,2,2.8,11.088910456562374,0.0,7,64
3,77,3,2.8,11.330116270483988,0.0,7,64
3,77,4,2.8,10.427176520760595,0.0,7,64
3,77,5,2.8,10.916352800210731,0.0,7,64
3,77,6,2.8,9.104965903842597,0.0,7,64
3,77,7,2.8,9.50928332852535,0.0,7,64
3,77,8,2.8,11.099419421889726,0.0,7,64
3,77,9,3.2,12.526524267451034,0.0,7,64
3,77,10,2.8,10.028850950530511,0.0,7,64
3,77,11,2.8,14.060913707520001,0.0,7,64
3,77,12,3.0,10.189006704300803,0.0,7,64
3,77,13,3.2,9.265473343467182,0.0,7,64
3,77,14,3.0,9.226219626740004,0.0,7,64
3,77,15,2.8,14.817601979213155,0.0,7,64
3,77,16,3.2,11.479623557768935,0.0,7,64
3,77,17,2.8,10.13892809789797,0.0,7,64
3,77,18,3.0,10.681142385526048,0.0,7,64
3,77,19,2.8,12.542415442871475,0.0,7,64
3,77,20,2.8,10.30318777725569,0.0,7,64
3,77,21,3.0,9.553724012523833,0.0,7,64
3,77,22,2.2,15.51815178629282,0.0,5,64
1,78,1,4.8,7.936807261699252,0.0,7,64
1,78,2,3.8,8.344651494361033,0.0,7,64
1,78,3,3.2,9.075241422991864,0.0,7,64
1,78,4,2.8,13.13552920239627,0.0,7,64
1,78,5,3.2,8.000737076552792,0.0,7,64
1,78,6,2.8,9.103486498477531,0.0,7,64
1,78,7,2.8,9.814906822842717,0.0,7,64
1,78,8,2.8,10.477942265558383,0.0,7,64
1,78,9,2.8,11.002062533393653,0.0,7,64
1,78,10,2.8,14.392725577578306,0.0,7,64
1,78,11,2.8,14.110649323199898,0.0,7,64
1,78,12,2.8,12.684040305468647,0.0,7,64
1,78,13,2.8,12.239653670867524,0.0,7,64
1,78,14,2.8,12.890630723988945,0.0,7,64
1,78,15,2.8,11.533831043886657,0.0,7,64
1,78,16,2.8,12.519158812849662,0.0,7,64
1,78,17,2.8,8.301517672326323,0.0,7,64
1,78,18,3.4,8.30672394144427,0.0,7,64
1,78,19,3.2,10.961622866357677,0.0,7,64
1,78,20,3.0,12.335053497338526,0.0,7,64
1,78,21,2.5,11.569141390985717,0.0,4,64
2,78,1,3.2,11.505589292706459,0.0,7,64
2,78,2,3.0,11.223332248241134,0.0,7,64
2,78,3,3.0,11.040559735676782,0.0,7,64
2,78,4,3.4,8.09029378463945,0.0,7,64
2,78,5,3.0,10.048102286315391,0.0,7,64
2,78,6,2.8,10.664311650509672,0.0,7,64
2,78,7,3.8,7.567013420667093,0.125,7,64
2,78,8,2.8,10.671427455568292,0.0,7,64
2,78,9,2.8,13.769924267490783,0.0,7,64
2,78,10,2.8,10.054192870670716,0.0,7,64
2,78,11,2.8,11.87832140067804,0.0,7,64
2,78,12,2.8,11.469977311475782,0.0,7,64
2,78,13,2.8,12.832502990381638,0.0,7,64
2,78,14,2.8,9.29523975089804,0.0,7,64
2,78,15,3.2,10.252064987378496,0.0,7,64
2,78,16,3.0,11.234465151554197,0.0,7,64
2,78,17,2.8,9.325855514199722,0.0,7,64
2,78,18,3.0,17.379168542411218,0.0,7,64
2,78,19,3.0,7.814128386556475,0.0,7,64
2,78,20,2.8,11.55693876798135,0.0,7,64
2,78,21,2.4,13.464747325267876,0.0,5,64
3,78,1,3.0,9.298966430286624,0.0,7,64
3,78,2,2.8,12.22658559929978,0.0,7,64
3,78,3,3.0,12.265782213314342,0.0,7,64
3,78,4,2.8,8.821683319333184,0.0,7,64
3,78,5,2.8,9.985623594175939,0.0,7,64
3,78,6,3.0,9.26972175797511,0.0,7,64
3,78,7,3.0,11.770592854671193,0.0,7,64
3,78,8,2.8,11.860537710700672,0.0,7,64
3,78,9,2.8,16.952560497182528,0.0,7,64
3,78,10,2.8,12.272151604452919,0.0,7,64
3,78,11,2.8,13.550245729549815,0.0,7,64
3,78,12,3.2,9.677022689023858,0.0,7,64
3,78,13,3.6,8.422984651613527,0.0,7,64
3,78,14,2.8,10.773940801686988,0.0,7,64
3,78,15,3.0,11.061730764913886,0.0,7,64
3,78,16,2.8,18.053315770191045,0.0,7,64
3,78,17,2.8,10.785628420669088,0.0,7,64
3,78,18,2.8,11.954592973403077,0.0,7,64
3,78,19,2.8,12.609253270103334,0.0,7,64
3,78,20,2.8,8.913152152246283,0.0,7,64
3,78,21,3.0,9.449090608940542,0.0,7,64
3,78,22,2.25,14.306246597565279,0.0,4,64
1,79,1,4.8,8.544516695860414,0.0,7,64
1,79,2,3.8,8.521659338813588,0.0,7,64
1,79,3,3.4,8.61976751291474,0.0,7,64
1,79,4,2.8,13.890166317511703,0.0,7,64
1,79,5,3.0,8.784024199855919,0.0,7,64
1,79,6,3.0,10.205377796642837,0.0,7,64
1,79,7,2.8,10.831942290074354,0.0,7,64
1,79,8,2.8,13.488224743445741,0.0,7,64
1,79,9,2.8,10.28341025139514,0.0,7,64
1,79,10,2.8,12.510915545842318,0.0,7,64
1,79,11,2.8,18.088585106014868,0.0,7,64
1,79,12,2.8,10.664343561636898,0.0,7,64
1,79,13,2.8,11.522503224645224,0.0,7,64
1,79,14,2.8,12.738625759497113,0.0,7,64
1,79,15,3.0,10.821804684864851,0.0,7,64
1,79,16,2.8,12.14150757440665,0.0,7,64
1,79,17,3.0,9.06025252800352,0.0,7,64
1,79,18,3.2,8.424796013137724,0.0,7,64
1,79,19,3.2,9.971770154476507,0.0,7,64
1,79,20,3.0,10.112579462356651,0.0,7,64
2,79,1,3.8,9.449852879713573,0.0,7,64
2,79,2,3.6,11.324534237227388,0.0,7,64
2,79,3,3.2,9.418869970363193,0.0,7,64
2,79,4,3.6,7.3394737363051314,0.0,7,64
2,79,5,2.8,10.368731321500476,0.0,7,64
2,79,6,3.2,11.584832853348153,0.0,7,64
2,79,7,3.2,11.304428280812317,0.0,7,64
2,79,8,3.0,10.746246228423754,0.0,7,64
2,79,9,2.8,11.340929913828989,0.0,7,64
2,79,10,3.0,9.175959503366556,0.0,7,64
2,79,11,2.8,12.231229377046718,0.0,7,64
2,79,12,2.8,11.356049360704967,0.0,7,64
2,79,13,2.8,13.452429762934399,0.0,7,64
2,79,14,3.0,8.150536539462232,0.0,7,64
2,79,15,3.2,11.487481308298596,0.0,7,64
2,79,16,2.8,11.71761186724019,0.0,7,64
2,79,17,3.0,11.938889178283127,0.0,7,64
2,79,18,3.2,9.45509880783387,0.0,7,64
2,79,19,2.8,7.7261839074363765,0.0,7,64
2,79,20,3.0,11.214124542415417,0.0,7,64
3,79,1,3.0,10.679064013674807,0.0,7,64
3,79,2,2.8,12.251076369305691,0.0,7,64
3,79,3,2.8,11.002433781629323,0.0,7,64
3,79,4,2.8,10.590035794025164,0.0,7,64
3,79,5,2.8,8.750703543617911,0.0,7,64
3,79,6,2.8,8.640548073718517,0.0,7,64
3,79,7,3.0,11.365878613679437,0.0,7,64
3,79,8,2.8,10.366686082480026,0.0,7,64
3,79,9,3.0,12.121674506221261,0.0,7,64
3,79,10,2.8,10.847602884956578,0.0,7,64
3,79,11,2.8,10.52603448276442,0.0,7,64
3,79,12,3.0,11.625787542967768,0.0,7,64
3,79,13,3.6,7.590400509717706,0.0,7,64
3,79,14,2.8,12.424657357577034,0.0,7,64
3,79,15,3.0,13.265018298875223,0.0,7,64
3,79,16,2.8,14.933316803767482,0.0,7,64
3,79,17,3.2,9.675195909978179,0.0,7,64
3,79,18,2.8,9.791865990775069,0.0,7,64
3,79,19,2.8,13.559731973195152,0.0,7,64
3,79,20,2.8,9.264174187832808,0.0,7,64
3,79,21,3.0,9.152159375346447,0.0,7,64
3,79,22,2.25,12.97812256500015,0.0,4,64
1,80,1,4.6,9.612374137021403,0.0,7,64
1,80,2,4.0,9.137402677748469,0.0,7,64
1,80,3,3.4,7.764559108870441,0.0,7,64
1,80,4,2.8,13.336814985859714,0.0,7,64
1,80,5,3.0,8.940411381975421,0.0,7,64
1,80,6,2.8,11.435732726937028,0.0,7,64
1,80,7,2.8,11.544846938640083,0.0,7,64
1,80,8,2.8,11.675733308649004,0.0,7,64
1,80,9,2.8,11.868847848084044,0.0,7,64
1,80,10,2.8,14.531555804063125,0.0,7,64
1,80,11,2.8,15.370351009479851,0.0,7,64
1,80,12,2.8,9.414382633386976,0.0,7,64
1,80,13,2.8,14.508785926118886,0.0,7,64
1,80,14,3.0,11.920081307732545,0.0,7,64
1,80,15,2.8,10.439876004642406,0.0,7,64
1,80,16,2.8,12.517177263344882,0.0,7,64
1,80,17,3.2,8.73805582305815,0.0,7,64
1,80,18,3.2,8.654693144123407,0.0,7,64
1,80,19,3.2,10.45624931708083,0.0,7,64
1,80,20,3.4,9.55691426303517,0.0,7,64
2,80,1,3.8,9.166592414490943,0.0,7,64
2,80,2,3.6,9.895404938494844,0.0,7,64
2,80,3,3.4,9.588350394025793,0.0,7,64
2,80,4,3.4,7.9142706638716795,0.0,7,64
2,80,5,3.0,9.976865840960004,0.0,7,64
2,80,6,3.0,10.214412496201865,0.0,7,64
2,80,7,3.2,9.073860841135833,0.0,7,64
2,80,8,3.0,10.5243467998068,0.0,7,64
2,80,9,2.8,10.503454116987832,0.0,7,64
2,80,10,3.0,9.578326311510622,0.0,7,64
2,80,11,2.8,13.237168764371951,0.0,7,64
2,80,12,2.8,11.028419460054852,0.0,7,64
2,80,13,2.8,11.525761459947379,0.0,7,64
2,80,14,3.0,8.549292722669216,0.0,7,64
2,80,15,2.8,15.089609828353689,0.0,7,64
2,80,16,2.8,14.071624015333912,0.0,7,64
2,80,17,2.8,12.19256756439467,0.0,7,64
2,80,18,3.4,10.077672279144016,0.0,7,64
2,80,19,3.0,8.525468765419182,0.0,7,64
2,80,20,3.0,10.331926988687448,0.0,7,64
3,80,1,3.6,7.198188389894425,0.0,7,64
3,80,2,4.0,7.817271484279509,0.0,7,64
3,80,3,3.2,9.510511227372897,0.0,7,64
3,80,4,2.8,10.795388057223782,0.0,7,64
3,80,5,3.0,8.149843246391782,0.0,7,64
3,80,6,2.8,10.042666498473917,0.0,7,64
3,80,7,3.0,10.275330336775854,0.0,7,64
3,80,8,2.8,17.978051450558183,0.0,7,64
3,80,9,2.8,11.703785066715696,0.0,7,64
3,80,10,3.2,10.104214341823925,0.0,7,64
3,80,11,3.4,8.937307278058428,0.0,7,64
3,80,12,3.0,10.273252441799439,0.0,7,64
3,80,13,2.8,9.134114622300373,0.0,7,64
3,80,14,2.8,14.19842663850291,0.0,7,64
3,80,15,3.0,11.873894189190171,0.0,7,64
3,80,16,2.8,11.580269737445917,0.0,7,64
3,80,17,3.0,12.303929729706635,0.0,7,64
3,80,18,2.8,13.57222509921176,0.0,7,64
3,80,19,3.0,8.199551552511982,0.0,7,64
3,80,20,2.8,9.492249966253242,0.0,7,64
3,80,21,2.4,12.689555025614673,0.0,5,64
1,81,1,4.6,7.929994269568698,0.0,7,64
1,81,2,4.0,8.398759352737493,0.0,7,64
1,81,3,3.2,10.043255207375754,0.0,7,64
1,81,4,3.2,10.408310411513863,0.0,7,64
1,81,5,3.2,8.39055066344805,0.0,7,64
1,81,6,2.8,10.160015119565871,0.0,7,64
1,81,7,2.8,10.85191784470058,0.0,7,64
1,81,8,2.8,11.825822905400138,0.0,7,64
1,81,9,2.8,11.640041996106456,0.0,7,64
1,81,10,2.8,15.419962721705948,0.0,7,64
1,81,11,2.8,15.109702698726904,0.0,7,64
1,81,12,2.8,9.316589530224384,0.0,7,64
1,81,13,3.0,11.718993012955481,0.0,7,64
1,81,14,2.8,13.813801046000354,0.0,7,64
1,81,15,2.8,10.714973126518773,0.0,7,64
1,81,16,2.8,14.62589011540961,0.0,7,64
1,81,17,3.0,8.699984667620807,0.0,7,64
1,81,18,3.2,9.219888649146778,0.0,7,64
1,81,19,3.2,10.018173995229517,0.0,7,64
1,81,20,3.4,7.781336697080729,0.0,7,64
2,81,1,3.4,12.23184756890163,0.0,7,64
2,81,2,3.0,9.691039660119626,0.0,7,64
2,81,3,4.0,6.704971714348934,0.125,7,64
2,81,4,2.8,9.900338606679517,0.0,7,64
2,81,5,2.8,16.404881712149113,0.0,7,64
2,81,6,2.8,9.55536785847119,0.0,7,64
2,81,7,3.6,9.527214692155965,0.0,7,64
2,81,8,3.0,10.816311452811334,0.0,7,64
2,81,9,2.8,12.668188064478064,0.0,7,64
2,81,10,2.8,9.580480391163873,0.0,7,64
2,81,11,2.8,13.404730429035473,0.0,7,64
2,81,12,2.8,12.101694054404875,0.0,7,64
2,81,13,2.8,10.93056627532427,0.0,7,64
2,81,14,2.8,11.434076705792876,0.0,7,64
2,81,15,3.0,10.31495319293272,0.0,7,64
2,81,16,3.0,12.395689892555398,0.0,7,64
2,81,17,2.8,11.414847841396377,0.0,7,64
2,81,18,3.0,11.777115884632657,0.0,7,64
2,81,19,3.0,8.806716135107843,0.0,7,64
2,81,20,3.0,8.45219926417016,0.0,7,64
2,81,21,2.5,13.747963750721388,0.0,4,64
3,81,1,3.4,8.243151148245683,0.0,7,64
3,81,2,2.8,10.918979404763341,0.0,7,64
3,81,3,2.8,15.480994904179688,0.0,7,64
3,81,4,2.8,8.613517891448769,0.0,7,64
3,81,5,2.8,10.01310871305059,0.0,7,64
3,81,6,2.8,10.938586789047168,0.0,7,64
3,81,7,2.8,12.40711434407716,0.0,7,64
3,81,8,2.8,10.253328706176196,0.0,7,64
3,81,9,2.8,20.444030860880716,0.0,7,64
3,81,10,2.8,10.8283975904435,0.0,7,64
3,81,11,3.0,10.538530606275298,0.0,7,64
3,81,12,3.4,9.204671831688488,0.0,7,64
3,81,13,3.0,9.831671245967307,0.0,7,64
3,81,14,2.8,10.414735120943496,0.0,7,64
3,81,15,3.0,12.53120200855496,0.0,7,64
3,81,16,3.0,12.915585516158941,0.0,7,64
3,81,17,3.0,9.705654017758485,0.0,7,64
3,81,18,3.0,12.801323564007996,0.0,7,64
3,81,19,2.8,12.47071716200216,0.0,7,64
3,81,20,2.8,11.42820064400797,0.0,7,64
3,81,21,2.8,10.3010833939391,0.0,7,64
3,81,22,2.25,13.36816269441536,0.0,4,64
1,82,1,4.8,7.703446610037917,0.0,7,64
1,82,2,3.8,8.344651494361031,0.0,7,64
1,82,3,3.4,8.45053772318039,0.0,7,64
1,82,4,3.0,12.770348291906235,0.0,7,64
1,82,5,3.4,8.301718031153078,0.0,7,64
1,82,6,2.8,10.556590499911719,0.0,7,64
1,82,7,2.8,10.126840583703352,0.0,7,64
1,82,8,2.8,13.326380341348939,0.0,7,64
1,82,9,2.8,10.459754607604701,0.0,7,64
1,82,10,2.8,16.24446780705669,0.0,7,64
1,82,11,2.8,19.331922627119134,0.0,7,64
1,82,12,2.8,12.052853864378514,0.0,7,64
1,82,13,2.8,14.923797958987521,0.0,7,64
1,82,14,2.8,14.870547321591902,0.0,7,64
1,82,15,2.8,10.400584633606124,0.0,7,64
1,82,16,2.8,13.272866986184432,0.0,7,64
1,82,17,3.2,7.241881662803327,0.0,7,64
1,82,18,2.8,9.599768701996258,0.0,7,64
1,82,19,3.2,11.55942233978737,0.0,7,64
1,82,20,3.2,8.657928081000975,0.0,7,64
2,82,1,3.0,13.80012003867094,0.0,7,64
2,82,2,3.0,11.016214320201385,0.0,7,64
2,82,3,3.2,11.282111074675495,0.0,7,64
2,82,4,3.4,9.239094071033714,0.0,7,64
2,82,5,2.8,11.571805554241092,0.0,7,64
2,82,6,2.8,9.414809745932837,0.0,7,64
2,82,7,3.8,7.5704226882182475,0.125,7,64
2,82,8,2.8,12.702677549172169,0.0,7,64
2,82,9,2.8,11.109736706329247,0.0,7,64
2,82,10,2.8,10.355174983506993,0.0,7,64
2,82,11,2.8,15.811123979579932,0.0,7,64
2,82,12,2.8,12.021626921792986,0.0,7,64
2,82,13,2.8,11.55704952087366,0.0,7,64
2,82,14,2.8,11.97443854682509,0.0,7,64
2,82,15,3.0,11.231625765409174,0.0,7,64
2,82,16,3.2,9.430386419331613,0.0,7,64
2,82,17,2.8,12.901678890131457,0.0,7,64
2,82,18,3.0,13.694970597985757,0.0,7,64
2,82,19,3.0,9.304087415628466,0.0,7,64
2,82,20,2.8,7.86651197758183,0.0,7,64
2,82,21,2.6,10.733549911072464,0.0,5,64
3,82,1,3.4,8.506852904712558,0.0,7,64
3,82,2,3.0,11.146044251782653,0.0,7,64
3,82,3,3.0,10.029861704542382,0.0,7,64
3,82,4,2.8,9.402932632787007,0.0,7,64
3,82,5,2.8,10.14002154669664,0.0,7,64
3,82,6,2.8,8.91534281957549,0.0,7,64
3,82,7,3.0,10.421766836979776,0.0,7,64
3,82,8,2.8,11.166531129894036,0.0,7,64
3,82,9,2.8,13.886913151546658,0.0,7,64
3,82,10,2.8,10.720649257979437,0.0,7,64
3,82,11,3.0,9.949956903311605,0.0,7,64
3,82,12,3.0,9.453628605705461,0.0,7,64
3,82,13,3.2,10.827749724861487,0.0,7,64
3,82,14,2.8,12.33891447220223,0.0,7,64
3,82,15,3.0,11.563672259881534,0.0,7,64
3,82,16,2.8,12.642341243965209,0.0,7,64
3,82,17,2.8,13.61975923351056,0.0,7,64
3,82,18,2.8,13.220822216560999,0.0,7,64
3,82,19,2.8,13.470140334503826,0.0,7,64
3,82,20,2.8,9.861677767158355,0.0,7,64
3,82,21,2.8,8.687972501230211,0.0,7,64
3,82,22,2.0,16.339884995431465,0.0,5,64
1,83,1,4.6,9.506227608180438,0.0,7,64
1,83,2,3.6,9.59251973712544,0.0,7,64
1,83,3,3.2,8.867625170424354,0.0,7,64
1,83,4,3.2,11.107862480184176,0.0,7,64
1,83,5,3.2,9.169467129284909,0.0,7,64
1,83,6,3.0,9.028085368526531,0.0,7,64
1,83,7,2.8,9.793320999553266,0.0,7,64
1,83,8,2.8,15.46078392458328,0.0,7,64
1,83,9,2.8,10.83827544521368,0.0,7,64
1,83,10,2.8,12.830573329150441,0.0,7,64
1,83,11,2.8,16.020712576157013,0.0,7,64
1,83,12,2.8,11.564869941065187,0.0,7,64
1,83,13,2.8,15.103619706776067,0.0,7,64
1,83,14,2.8,12.474914282572447,0.0,7,64
1,83,15,3.0,10.574922851787901,0.0,7,64
1,83,16,2.8,12.215343621834714,0.0,7,64
1,83,17,3.2,9.086393025206366,0.0,7,64
1,83,18,3.2,9.8530502149843,0.0,7,64
1,83,19,3.0,9.831912849138082,0.0,7,64
1,83,20,3.0,8.622231339526353,0.0,7,64
2,83,1,3.6,11.409691948505992,0.0,7,64
2,83,2,5.2,6.050672668929902,0.125,7,64
2,83,3,3.2,8.956713665109442,0.0,7,64
2,83,4,3.0,8.504048687695462,0.0,7,64
2,83,5,2.8,11.154835927486458,0.0,7,64
2,83,6,3.0,12.817483106913052,0.0,7,64
2,83,7,3.0,10.635545138916404,0.0,7,64
2,83,8,2.8,12.70664013616783,0.0,7,64
2,83,9,2.8,11.946374445823887,0.0,7,64
2,83,10,3.2,9.283479900231754,0.0,7,64
2,83,11,2.8,13.148682839499333,0.0,7,64
2,83,12,2.8,11.119920484301204,0.0,7,64
2,83,13,2.8,12.0284348507552,0.0,7,64
2,83,14,3.0,8.528609228373982,0.0,7,64
2,83,15,3.0,10.181154919387016,0.0,7,64
2,83,16,2.8,11.67333909270457,0.0,7,64
2,83,17,2.8,12.35316916517976,0.0,7,64
2,83,18,3.2,9.382574913471272,0.0,7,64
2,83,19,2.8,6.783560101233045,0.0,7,64
2,83,20,3.0,10.722618092162888,0.0,7,64
3,83,1,3.6,7.7451099534782255,0.0,7,64
3,83,2,4.0,9.317873600870021,0.0,7,64
3,83,3,3.2,7.8908487754858125,0.0,7,64
3,83,4,3.2,8.659302458582726,0.0,7,64
3,83,5,3.4,8.593433586611898,0.0,7,64
3,83,6,3.0,10.082458415915584,0.0,7,64
3,83,7,3.0,10.940907567738597,0.0,7,64
3,83,8,2.8,15.04336009473421,0.0,7,64
3,83,9,2.8,10.66053891228703,0.0,7,64
3,83,10,3.6,8.23430891344613,0.125,7,64
3,83,11,2.8,11.94116497634787,0.0,7,64
3,83,12,3.0,12.157080905118807,0.0,7,64
3,83,13,2.8,11.860363768693956,0.0,7,64
3,83,14,2.8,10.80950673573882,0.0,7,64
3,83,15,2.8,11.632457730836014,0.0,7,64
3,83,16,3.0,10.31106908682496,0.0,7,64
3,83,17,2.8,12.315676200379547,0.0,7,64
3,83,18,2.8,12.531745509433712,0.0,7,64
3,83,19,2.8,9.406657846945999,0.0,7,64
3,83,20,3.0,9.347995637346337,0.0,7,64
3,83,21,2.25,12.94378999277199,0.0,4,64
1,84,1,4.6,9.286482313070449,0.0,7,64
1,84,2,3.6,9.33977228148617,0.0,7,64
1,84,3,3.2,8.433274505503327,0.0,7,64
1,84,4,3.2,11.992068501933694,0.0,7,64
1,84,5,3.4,7.707763085302194,0.0,7,64
1,84,6,2.8,11.039774411877957,0.0,7,64
1,84,7,3.0,11.366737207097328,0.0,7,64
1,84,8,2.8,11.82582290540015,0.0,7,64
1,84,9,2.8,12.181222498009607,0.0,7,64
1,84,10,2.8,14.669223136374727,0.0,7,64
1,84,11,2.8,16.79408702592648,0.0,7,64
1,84,12,2.8,10.88111312723299,0.0,7,64
1,84,13,2.8,17.762039363410054,0.0,7,64
1,84,14,2.8,15.064037390491725,0.0,7,64
1,84,15,3.0,8.777334684912356,0.0,7,64
1,84,16,2.8,12.100189783088997,0.0,7,64
1,84,17,3.4,7.643447808828151,0.0,7,64
1,84,18,3.2,10.031900515432921,0.0,7,64
1,84,19,3.0,9.626589530751268,0.0,7,64
1,84,20,3.0,10.450442430052544,0.0,7,64
2,84,1,3.8,10.00643591698857,0.0,7,64
2,84,2,3.8,8.359873763069459,0.0,7,64
2,84,3,4.2,6.8313695616628785,0.0,7,64
2,84,4,3.2,9.650003037120657,0.0,7,64
2,84,5,2.8,9.581995514753007,0.0,7,64
2,84,6,3.4,10.16428224342904,0.0,7,64
2,84,7,3.8,7.809863877883431,0.0,7,64
2,84,8,2.8,11.872158582747229,0.0,7,64
2,84,9,2.8,8.77095517112646,0.0,7,64
2,84,10,3.0,12.60679760819318,0.0,7,64
2,84,11,2.8,12.93198280600371,0.0,7,64
2,84,12,2.8,14.010107110979963,0.0,7,64
2,84,13,2.8,9.513593610012016,0.0,7,64
2,84,14,3.0,10.31779130855883,0.0,7,64
2,84,15,2.8,12.689319660317278,0.0,7,64
2,84,16,2.8,12.133809001108059,0.0,7,64
2,84,17,3.0,10.426465020354778,0.0,7,64
2,84,18,3.0,9.491797938211322,0.0,7,64
2,84,19,3.0,8.309157492855883,0.0,7,64
2,84,20,2.4,13.289209143856047,0.0,5,64
3,84,1,3.0,9.370198650733261,0.0,7,64
3,84,2,3.0,10.870626211962342,0.0,7,64
3,84,3,3.0,14.36299562138744,0.0,7,64
3,84,4,2.8,8.662315388159072,0.0,7,64
3,84,5,2.8,9.820181847957942,0.0,7,64
3,84,6,2.8,9.894514176777424,0.0,7,64
3,84,7,3.0,9.668074604671533,0.0,7,64
3,84,8,3.0,10.401318972581013,0.0,7,64
3,84,9,2.8,14.896798298096785,0.0,7,64
3,84,10,2.8,13.450414115588623,0.0,7,64
3,84,11,3.8,7.236067885554635,0.125,7,64
3,84,12,2.8,11.462367205129945,0.0,7,64
3,84,13,2.8,11.986993684207741,0.0,7,64
3,84,14,2.8,10.55090803660166,0.0,7,64
3,84,15,2.8,10.603365305210518,0.0,7,64
3,84,16,3.0,12.309066193925538,0.0,7,64
3,84,17,3.0,11.07571493046315,0.0,7,64
3,84,18,2.8,11.504587962910435,0.0,7,64
3,84,19,2.8,13.429077076902942,0.0,7,64
3,84,20,2.8,10.073031388531161,0.0,7,64
3,84,21,2.8,11.76774865906416,0.0,7,64
3,84,22,2.25,14.264538876853367,0.0,4,64
1,85,1,4.4,9.033418147401733,0.0,7,64
1,85,2,3.6,11.839892467364988,0.0,7,64
1,85,3,3.2,8.345748507325576,0.0,7,64
1,85,4,3.4,10.721138493062762,0.0,7,64
1,85,5,3.2,8.643381254689793,0.0,7,64
1,85,6,2.8,10.66653195089919,0.0,7,64
1,85,7,2.8,13.215933037032988,0.0,7,64
1,85,8,2.8,12.121985550981888,0.0,7,64
1,85,9,2.8,10.804793256649113,0.0,7,64
1,85,10,2.8,13.109018434725503,0.0,7,64
1,85,11,2.8,16.24024120801344,0.0,7,64
1,85,12,2.8,11.721796181030344,0.0,7,64
1,85,13,2.8,14.234606162600569,0.0,7,64
1,85,14,3.0,11.189651322407006,0.0,7,64
1,85,15,3.0,10.74462203100431,0.0,7,64
1,85,16,2.8,12.867432001090327,0.0,7,64
1,85,17,3.6,8.046121483129468,0.0,7,64
1,85,18,3.2,10.922919397608243,0.0,7,64
1,85,19,3.0,10.996854004973555,0.0,7,64
1,85,20,3.6,6.675115686959291,0.0,7,64
2,85,1,3.0,14.946773637575593,0.0,7,64
2,85,2,3.0,10.821303938595937,0.0,7,64
2,85,3,3.6,8.82564034344872,0.0,7,64
2,85,4,3.4,7.698941742811388,0.0,7,64
2,85,5,3.0,11.782048351213229,0.0,7,64
2,85,6,2.8,9.308148410969485,0.0,7,64
2,85,7,3.6,9.239368019406333,0.0,7,64
2,85,8,2.8,13.22760823920244,0.0,7,64
2,85,9,2.8,12.33641759362028,0.0,7,64
2,85,10,3.0,9.639456058067985,0.0,7,64
2,85,11,3.0,13.725669111202237,0.0,7,64
2,85,12,2.8,12.002693377537504,0.0,7,64
2,85,13,2.8,11.228716685117217,0.0,7,64
2,85,14,2.8,10.02924505439369,0.0,7,64
2,85,15,3.0,11.337329258586278,0.0,7,64
2,85,16,2.8,13.258202353029539,0.0,7,64
2,85,17,2.8,9.36900426374664,0.0,7,64
2,85,18,3.0,12.008346404686558,0.0,7,64
2,85,19,3.0,8.961562851058783,0.0,7,64
2,85,20,2.8,9.123375978892632,0.0,7,64
2,85,21,2.2,17.030207488041402,0.0,5,64
3,85,1,2.8,10.206004722243703,0.0,7,64
3,85,2,3.0,10.301965969532153,0.0,7,64
3,85,3,2.8,11.203984458572553,0.0,7,64
3,85,4,2.8,10.719966529683491,0.0,7,64
3,85,5,2.8,10.144010830003777,0.0,7,64
3,85,6,2.8,8.604081909642762,0.0,7,64
3,85,7,3.0,10.45289987882451,0.0,7,64
3,85,8,2.8,12.406462964638779,0.0,7,64
3,85,9,3.0,13.696052553301259,0.0,7,64
3,85,10,2.8,9.574058415316223,0.0,7,64
3,85,11,2.8,12.455260515214375,0.0,7,64
3,85,12,3.6,8.301271197162036,0.125,7,64
3,85,13,3.0,9.408208403470233,0.0,7,64
3,85,14,2.8,10.706434894525026,0.0,7,64
3,85,15,2.8,16.200085654123324,0.0,7,64
3,85,16,3.0,9.630216768582226,0.0,7,64
3,85,17,2.8,12.118779214748272,0.0,7,64
3,85,18,2.8,11.76084916929325,0.0,7,64
3,85,19,2.8,12.241178210788606,0.0,7,64
3,85,20,2.8,9.286347157303956,0.0,7,64
3,85,21,3.0,8.926274963163815,0.0,7,64
3,85,22,2.2,15.285453822399885,0.0,5,64
1,86,1,4.4,7.656165664852972,0.0,7,64
1,86,2,4.2,8.976497300319828,0.0,7,64
1,86,3,3.8,6.14069042463544,0.0,7,64
1,86,4,3.2,11.510394169165547,0.0,7,64
1,86,5,3.0,10.435490078152117,0.0,7,64
1,86,6,2.8,10.949787467297728,0.0,7,64
1,86,7,2.8,11.850666099764146,0.0,7,64
1,86,8,2.8,18.484344804249073,0.0,7,64
1,86,9,2.8,11.188034595143792,0.0,7,64
1,86,10,2.8,13.286273574049533,0.0,7,64
1,86,11,2.8,15.139889113266525,0.0,7,64
1,86,12,2.8,11.703142430566759,0.0,7,64
1,86,13,3.0,11.781842399407559,0.0,7,64
1,86,14,2.8,18.508480278689106,0.0,7,64
1,86,15,2.8,13.045866216063493,0.0,7,64
1,86,16,2.8,11.643032259112456,0.0,7,64
1,86,17,3.4,7.981728762692169,0.0,7,64
1,86,18,3.2,10.360793059854354,0.0,7,64
1,86,19,3.0,8.86817654381102,0.0,7,64
1,86,20,3.4,8.441016048809038,0.0,7,64
2,86,1,4.0,8.452459855817999,0.0,7,64
2,86,2,4.4,8.425800694664131,0.0,7,64
2,86,3,4.2,6.202929078717889,0.0,7,64
2,86,4,3.0,10.792819240857474,0.0,7,64
2,86,5,2.8,9.762163667637077,0.0,7,64
2,86,6,3.6,8.71411020451298,0.125,7,64
2,86,7,3.0,10.322087456612538,0.0,7,64
2,86,8,2.8,12.277297911942712,0.0,7,64
2,86,9,3.0,9.576926462883021,0.0,7,64
2,86,10,3.0,13.652750430079495,0.0,7,64
2,86,11,2.8,12.370949749027107,0.0,7,64
2,86,12,2.8,11.420411237910109,0.0,7,64
2,86,13,2.8,10.094228547529823,0.0,7,64
2,86,14,3.8,6.883740097196897,0.125,7,64
2,86,15,2.8,14.928130856376976,0.0,7,64
2,86,16,2.8,12.112432293081612,0.0,7,64
2,86,17,3.0,12.845172299275731,0.0,7,64
2,86,18,2.8,8.537454492498362,0.0,7,64
2,86,19,3.8,6.955649224339567,0.125,7,64
3,86,1,2.8,10.379202676298235,0.0,7,64
3,86,2,2.8,11.817381064360916,0.0,7,64
3,86,3,2.8,12.410681135307195,0.0,7,64
3,86,4,2.8,11.272794045301977,0.0,7,64
3,86,5,2.8,8.886208030110817,0.0,7,64
3,86,6,2.8,9.789948587705778,0.0,7,64
3,86,7,2.8,8.952513414869651,0.0,7,64
3,86,8,2.8,12.848160348543447,0.0,7,64
3,86,9,2.8,11.68985752473552,0.0,7,64
3,86,10,3.0,10.511069696936628,0.0,7,64
3,86,11,3.0,12.281216442899268,0.0,7,64
3,86,12,3.2,9.567340626578881,0.0,7,64
3,86,13,3.2,9.842336564388118,0.0,7,64
3,86,14,2.8,8.920947403648436,0.0,7,64
3,86,15,2.8,20.471634376358264,0.0,7,64
3,86,16,3.0,10.598217310211945,0.0,7,64
3,86,17,2.8,13.927169514661852,0.0,7,64
3,86,18,3.0,10.881099799374214,0.0,7,64
3,86,19,2.8,12.672352017741705,0.0,7,64
3,86,20,2.8,8.889259592806606,0.0,7,64
3,86,21,2.8,9.69119738913106,0.0,7,64
3,86,22,2.6,12.10915682873818,0.0,6,64
1,87,1,4.8,8.858537499915444,0.0,7,64
1,87,2,3.8,8.70633935368413,0.0,7,64
1,87,3,3.4,8.164309346702687,0.0,7,64
1,87,4,3.0,13.545393459798989,0.0,7,64
1,87,5,3.4,8.722285017730794,0.0,7,64
1,87,6,3.0,9.374699185736866,0.0,7,64
1,87,7,2.8,11.827406557206434,0.0,7,64
1,87,8,2.8,12.848478494488582,0.0,7,64
1,87,9,2.8,12.358202451399018,0.0,7,64
1,87,10,2.8,16.088589810184008,0.0,7,64
1,87,11,2.8,20.085203230873226,0.0,7,64
1,87,12,2.8,15.182475124731019,0.0,7,64
1,87,13,2.8,13.8180088964607,0.0,7,64
1,87,14,3.0,15.818431376680852,0.0,7,64
1,87,15,3.0,10.136030057357928,0.0,7,64
1,87,16,3.0,8.89483299808961,0.0,7,64
1,87,17,3.0,9.207589008647687,0.0,7,64
1,87,18,3.2,9.804502872433911,0.0,7,64
1,87,19,3.0,9.806208638468101,0.0,7,64
1,87,20,3.4,8.382308056360163,0.0,7,64
2,87,1,4.0,9.286678483965426,0.0,7,64
2,87,2,4.2,9.503012526409426,0.0,7,64
2,87,3,3.8,7.736759949015402,0.0,7,64
2,87,4,3.4,8.295335022138792,0.0,7,64
2,87,5,2.8,9.106416581929757,0.0,7,64
2,87,6,3.4,9.107386421504959,0.0,7,64
2,87,7,3.2,11.22587048835038,0.0,7,64
2,87,8,2.8,11.378427233450724,0.0,7,64
2,87,9,3.0,10.109184072787256,0.0,7,64
2,87,10,3.0,11.536703381241619,0.0,7,64
2,87,11,2.8,12.357165718024035,0.0,7,64
2,87,12,2.8,13.946214477177257,0.0,7,64
2,87,13,3.0,10.067825488662624,0.0,7,64
2,87,14,3.2,9.238352896816455,0.0,7,64
2,87,15,3.2,10.619230450491292,0.0,7,64
2,87,16,2.8,10.980824965480261,0.0,7,64
2,87,17,3.0,9.72493072850264,0.0,7,64
2,87,18,3.0,8.556534628344297,0.0,7,64
2,87,19,3.0,7.764527678005523,0.0,7,64
3,87,1,3.6,8.842473214474568,0.0,7,64
3,87,2,3.8,9.87390688151135,0.0,7,64
3,87,3,3.0,9.05928679328256,0.0,7,64
3,87,4,3.0,10.301189243538214,0.0,7,64
3,87,5,2.8,8.652741415499477,0.0,7,64
3,87,6,2.8,9.566679506848914,0.0,7,64
3,87,7,3.0,11.388567197243573,0.0,7,64
3,87,8,2.8,10.801209456461875,0.0,7,64
3,87,9,3.0,10.829356034206647,0.0,7,64
3,87,10,2.8,13.13122414128156,0.0,7,64
3,87,11,3.6,9.144765166347732,0.125,7,64
3,87,12,3.0,9.420668497075466,0.0,7,64
3,87,13,2.8,10.497920276521468,0.0,7,64
3,87,14,2.8,13.137561560404093,0.0,7,64
3,87,15,3.0,9.940097953609957,0.0,7,64
3,87,16,2.8,14.20213147691928,0.0,7,64
3,87,17,2.8,11.816678058391624,0.0,7,64
3,87,18,2.8,10.240991833150787,0.0,7,64
3,87,19,3.0,9.145156039650736,0.0,7,64
3,87,20,2.8,10.325842612870732,0.0,7,64
3,87,21,3.0,10.047362886485672,0.0,7,64
1,88,1,4.4,9.184874292050463,0.0,7,64
1,88,2,4.0,8.873489538893132,0.0,7,64
1,88,3,3.4,7.64516203610205,0.0,7,64
1,88,4,3.2,10.76147278801953,0.0,7,64
1,88,5,3.2,8.964739651528928,0.0,7,64
1,88,6,2.8,8.821433358508918,0.0,7,64
1,88,7,2.8,15.47929113938989,0.0,7,64
1,88,8,2.8,14.570925838139193,0.0,7,64
1,88,9,2.8,12.181222498009607,0.0,7,64
1,88,10,2.8,18.38358590976826,0.0,7,64
1,88,11,2.8,19.325438806797067,0.0,7,64
1,88,12,2.8,11.267685234541126,0.0,7,64
1,88,13,2.8,14.869373245165855,0.0,7,64
1,88,14,2.8,14.24500565686797,0.0,7,64
1,88,15,3.0,10.985492818242347,0.0,7,64
1,88,16,2.8,10.916499154681377,0.0,7,64
1,88,17,3.0,10.396010776969945,0.0,7,64
1,88,18,3.0,9.592740330884011,0.0,7,64
1,88,19,3.2,10.774063492288082,0.0,7,64
1,88,20,3.0,8.995491329590072,0.0,7,64
2,88,1,4.0,9.637896604533397,0.0,7,64
2,88,2,3.6,9.658570847319004,0.0,7,64
2,88,3,3.4,9.358702206920857,0.0,7,64
2,88,4,3.4,8.442908022067881,0.0,7,64
2,88,5,3.0,9.898317406231447,0.0,7,64
2,88,6,3.0,11.10295399879896,0.0,7,64
2,88,7,3.4,8.763110217160001,0.0,7,64
2,88,8,2.8,12.706640136167952,0.0,7,64
2,88,9,2.8,13.38422979350909,0.0,7,64
2,88,10,2.8,10.15906723013471,0.0,7,64
2,88,11,2.8,12.15828585731031,0.0,7,64
2,88,12,2.8,12.049610877485668,0.0,7,64
2,88,13,2.8,13.219814039949082,0.0,7,64
2,88,14,3.0,8.064560019150218,0.0,7,64
2,88,15,3.2,10.759936059292878,0.0,7,64
2,88,16,2.8,13.384373576994138,0.0,7,64
2,88,17,2.8,9.996622858481995,0.0,7,64
2,88,18,3.0,10.576178895681066,0.0,7,64
2,88,19,2.8,7.077200382123843,0.0,7,64
2,88,20,3.0,9.824792070053709,0.0,7,64
3,88,1,3.2,9.069041933153848,0.0,7,64
3,88,2,3.0,9.399220914333853,0.0,7,64
3,88,3,2.8,11.262069926906442,0.0,7,64
3,88,4,2.8,8.423704578026147,0.0,7,64
3,88,5,2.8,9.426655762041502,0.0,7,64
3,88,6,2.8,9.599449379652215,0.0,7,64
3,88,7,3.0,10.948817413691453,0.0,7,64
3,88,8,2.8,11.791936188283698,0.0,7,64
3,88,9,2.8,19.5541480031189,0.0,7,64
3,88,10,3.0,10.38658885904213,0.0,7,64
3,88,11,3.2,9.435205684118399,0.0,7,64
3,88,12,3.4,8.535077059561612,0.0,7,64
3,88,13,3.2,10.033612736280777,0.0,7,64
3,88,14,3.0,9.905457781972569,0.0,7,64
3,88,15,3.2,9.681403580540179,0.0,7,64
3,88,16,2.8,16.806740663220598,0.0,7,64
3,88,17,3.0,10.50678637306185,0.0,7,64
3,88,18,3.0,10.615405168667518,0.0,7,64
3,88,19,2.8,12.859174261687002,0.0,7,64
3,88,20,2.8,9.41506164514718,0.0,7,64
3,88,21,3.0,9.390746933147158,0.0,7,64
1,89,1,4.4,8.001824900169543,0.0,7,64
1,89,2,4.2,9.515105539888983,0.0,7,64
1,89,3,3.2,9.357077972493919,0.0,7,64
1,89,4,3.2,11.611668856906103,0.0,7,64
1,89,5,3.2,8.521061242888118,0.0,7,64
1,89,6,3.0,8.577781331438755,0.0,7,64
1,89,7,2.8,11.498844693700786,0.0,7,64
1,89,8,2.8,11.09381834121098,0.0,7,64
1,89,9,2.8,13.269810263679188,0.0,7,64
1,89,10,2.8,14.113840018088514,0.0,7,64
1,89,11,2.8,19.519785179586087,0.0,7,64
1,89,12,2.8,11.522771263107337,0.0,7,64
1,89,13,2.8,13.76476456904985,0.0,7,64
1,89,14,3.0,12.921758107188756,0.0,7,64
1,89,15,2.8,9.719033972461718,0.0,7,64
1,89,16,2.8,14.727381512636809,0.0,7,64
1,89,17,3.2,9.952389692873242,0.0,7,64
1,89,18,3.0,10.214203530928986,0.0,7,64
1,89,19,3.0,11.87649822187341,0.0,7,64
1,89,20,3.4,7.731419255489326,0.0,7,64
2,89,1,3.2,12.595538991182412,0.0,7,64
2,89,2,2.8,11.950039333292803,0.0,7,64
2,89,3,3.4,10.04318646436736,0.0,7,64
2,89,4,3.6,7.969683596268623,0.0,7,64
2,89,5,3.4,9.51772163352154,0.0,7,64
2,89,6,3.0,9.300325632298016,0.0,7,64
2,89,7,3.6,7.350280331528658,0.0,7,64
2,89,8,3.0,10.61878900358034,0.0,7,64
2,89,9,2.8,14.762522805275593,0.0,7,64
2,89,10,2.8,9.15800165604578,0.0,7,64
2,89,11,3.0,12.97425953987268,0.0,7,64
2,89,12,2.8,13.080056234458587,0.0,7,64
2,89,13,2.8,12.702846444058487,0.0,7,64
2,89,14,2.8,10.307981550566337,0.0,7,64
2,89,15,3.2,10.340174765517942,0.0,7,64
2,89,16,2.8,11.888463205299043,0.0,7,64
2,89,17,3.0,11.221419938995188,0.0,7,64
2,89,18,3.2,12.911791704871177,0.0,7,64
2,89,19,2.8,8.224776216720166,0.0,7,64
2,89,20,3.0,9.853015575179466,0.0,7,64
3,89,1,3.6,7.754930337895682,0.0,7,64
3,89,2,3.2,8.83353117399164,0.0,7,64
3,89,3,3.0,12.171759311463024,0.0,7,64
3,89,4,2.8,9.09501470025383,0.0,7,64
3,89,5,2.8,8.333407888833978,0.0,7,64
3,89,6,2.8,10.039149090890628,0.0,7,64
3,89,7,2.8,13.286893634728047,0.0,7,64
3,89,8,2.8,11.24013731176927,0.0,7,64
3,89,9,2.8,11.529693521660082,0.0,7,64
3,89,10,2.8,12.819823124745584,0.0,7,64
3,89,11,3.0,10.043113122415711,0.0,7,64
3,89,12,3.2,8.997564582905865,0.0,7,64
3,89,13,3.2,9.730320643749808,0.0,7,64
3,89,14,2.8,11.693313580147308,0.0,7,64
3,89,15,3.0,9.527577042034897,0.0,7,64
3,89,16,2.8,18.224973691674112,0.0,7,64
3,89,17,3.0,12.498791995681728,0.0,7,64
3,89,18,2.8,10.237769754526406,0.0,7,64
3,89,19,2.8,11.854410924856943,0.0,7,64
3,89,20,2.8,9.158581381305012,0.0,7,64
3,89,21,2.8,11.269459223353278,0.0,7,64
1,90,1,4.2,8.728405933491514,0.0,7,64
1,90,2,3.8,10.597102025693381,0.0,7,64
1,90,3,3.2,10.388850318516756,0.0,7,64
1,90,4,3.4,9.312794534398108,0.0,7,64
1,90,5,3.2,8.032732172899614,0.0,7,64
1,90,6,3.0,8.43419531611688,0.0,7,64
1,90,7,2.8,12.315102450617008,0.0,7,64
1,90,8,2.8,13.51848354005383,0.0,7,64
1,90,9,2.8,12.686505842293887,0.0,7,64
1,90,10,2.8,13.992488758098093,0.0,7,64
1,90,11,2.8,17.064141805534664,0.0,7,64
1,90,12,2.8,12.658042436214979,0.0,7,64
1,90,13,2.8,12.931971535119427,0.0,7,64
1,90,14,2.8,13.66286229037848,0.0,7,64
1,90,15,3.0,12.251976015639409,0.0,7,64
1,90,16,2.8,13.034427192030051,0.0,7,64
1,90,17,3.0,9.749182778972369,0.0,7,64
1,90,18,3.2,8.05324935245931,0.0,7,64
1,90,19,3.2,9.323760409508509,0.0,7,64
1,90,20,3.0,9.272320730187063,0.0,7,64
2,90,1,3.2,13.977198841368079,0.0,7,64
2,90,2,3.0,10.194437873720036,0.0,7,64
2,90,3,4.0,8.063858921659156,0.125,7,64
2,90,4,3.0,9.35061952351254,0.0,7,64
2,90,5,2.8,14.262573186290124,0.0,7,64
2,90,6,3.0,9.030248518764068,0.0,7,64
2,90,7,3.6,7.655270959358455,0.0,7,64
2,90,8,2.8,10.763027011748054,0.0,7,64
2,90,9,2.8,11.522598212395684,0.0,7,64
2,90,10,2.8,9.610588972001757,0.0,7,64
2,90,11,2.8,14.314553373143909,0.0,7,64
2,90,12,2.8,12.396022870898667,0.0,7,64
2,90,13,2.8,11.794819089916961,0.0,7,64
2,90,14,2.8,10.315554355153024,0.0,7,64
2,90,15,3.0,10.280277504241273,0.0,7,64
2,90,16,3.0,10.019745574536476,0.0,7,64
2,90,17,2.8,9.297790132588329,0.0,7,64
2,90,18,3.0,12.473668868931549,0.0,7,64
2,90,19,3.0,8.89638644648612,0.0,7,64
2,90,20,2.8,9.38949404863105,0.0,7,64
2,90,21,2.2,17.928808433504273,0.0,5,64
3,90,1,3.0,8.69112341765951,0.0,7,64
3,90,2,3.0,9.414804704786745,0.0,7,64
3,90,3,3.0,11.880006991002826,0.0,7,64
3,90,4,2.8,9.570482171365976,0.0,7,64
3,90,5,2.8,8.944165535325087,0.0,7,64
3,90,6,2.8,11.713728476151939,0.0,7,64
3,90,7,2.8,10.245573701726212,0.0,7,64
3,90,8,2.8,10.739437150428715,0.0,7,64
3,90,9,2.8,16.00391857329706,0.0,7,64
3,90,10,2.8,13.12972248134923,0.0,7,64
3,90,11,3.0,11.641812107389015,0.0,7,64
3,90,12,3.2,10.7295623151921,0.0,7,64
3,90,13,3.2,9.51900485460201,0.0,7,64
3,90,14,2.8,10.916643106373622,0.0,7,64
3,90,15,3.0,11.897417276438759,0.0,7,64
3,90,16,2.8,13.396035243201,0.0,7,64
3,90,17,2.8,12.28923222061224,0.0,7,64
3,90,18,3.0,9.842725649887004,0.0,7,64
3,90,19,2.8,17.383285415146098,0.0,7,64
3,90,20,2.8,8.833455391301333,0.0,7,64
3,90,21,2.8,9.543519599925313,0.0,7,64
3,90,22,2.2,16.174782869930947,0.0,5,64
1,91,1,4.8,8.354967847457825,0.0,7,64
1,91,2,3.8,10.495700036331348,0.0,7,64
1,91,3,3.4,8.35678530925039,0.0,7,64
1,91,4,2.8,12.128853032174563,0.0,7,64
1,91,5,3.0,9.08873923588748,0.0,7,64
1,91,6,3.0,9.887231925716405,0.0,7,64
1,91,7,2.8,10.754615479428251,0.0,7,64
1,91,8,2.8,13.671837055655173,0.0,7,64
1,91,9,2.8,10.590650131164296,0.0,7,64
1,91,10,2.8,14.257333990257008,0.0,7,64
1,91,11,2.8,15.327951085517613,0.0,7,64
1,91,12,2.8,10.759550177715663,0.0,7,64
1,91,13,2.8,13.696169901010169,0.0,7,64
1,91,14,2.8,13.155782638218742,0.0,7,64
1,91,15,2.8,11.975113547999438,0.0,7,64
1,91,16,2.8,10.620035797965308,0.0,7,64
1,91,17,3.2,9.03953521723636,0.0,7,64
1,91,18,3.2,8.64228093922128,0.0,7,64
1,91,19,3.2,8.831819786924976,0.0,7,64
1,91,20,3.4,8.093612685428237,0.0,7,64
2,91,1,3.4,10.960476068085567,0.0,7,64
2,91,2,3.0,9.43684346623744,0.0,7,64
2,91,3,3.8,7.414749643144233,0.0,7,64
2,91,4,3.4,8.012732660951757,0.0,7,64
2,91,5,2.8,11.199465841279775,0.0,7,64
2,91,6,3.2,8.855876913168974,0.0,7,64
2,91,7,3.4,9.585047330537492,0.0,7,64
2,91,8,3.2,9.762374294239791,0.0,7,64
2,91,9,2.8,11.853566076390315,0.0,7,64
2,91,10,2.8,9.798254648762715,0.0,7,64
2,91,11,2.8,14.430150675547385,0.0,7,64
2,91,12,2.8,11.748413553735556,0.0,7,64
2,91,13,2.8,11.171481334392373,0.0,7,64
2,91,14,2.8,8.172938791598185,0.0,7,64
2,91,15,3.2,10.322722767983873,0.0,7,64
2,91,16,2.8,12.17238962712929,0.0,7,64
2,91,17,2.8,11.440852045124133,0.0,7,64
2,91,18,3.8,8.329562024664424,0.125,7,64
2,91,19,2.8,9.014458809992316,0.0,7,64
2,91,20,3.0,10.109905616736988,0.0,7,64
3,91,1,3.4,7.712988504345121,0.0,7,64
3,91,2,3.0,10.946554221828789,0.0,7,64
3,91,3,3.0,11.205970184817307,0.0,7,64
3,91,4,2.8,9.163439124977156,0.0,7,64
3,91,5,2.8,10.073219439186502,0.0,7,64
3,91,6,3.0,8.4975206389039,0.0,7,64
3,91,7,3.0,13.512605630963876,0.0,7,64
3,91,8,2.8,11.302451728204208,0.0,7,64
3,91,9,2.8,13.168040361325959,0.0,7,64
3,91,10,2.8,11.581742018206846,0.0,7,64
3,91,11,3.6,7.895529656803406,0.125,7,64
3,91,12,3.2,10.294385172554367,0.0,7,64
3,91,13,3.0,11.864191166349928,0.0,7,64
3,91,14,2.8,13.218050271431832,0.0,7,64
3,91,15,3.0,9.56364061626821,0.0,7,64
3,91,16,2.8,14.095411225203048,0.0,7,64
3,91,17,3.0,10.057566299896608,0.0,7,64
3,91,18,2.8,12.70961925937665,0.0,7,64
3,91,19,2.8,12.358778674914346,0.0,7,64
3,91,20,2.8,9.379292448224735,0.0,7,64
3,91,21,2.8,10.797892195384843,0.0,7,64
1,92,1,4.4,8.682015276347387,0.0,7,64
1,92,2,4.0,9.593987305889286,0.0,7,64
1,92,3,3.4,7.635474984011712,0.0,7,64
1,92,4,3.2,11.24336295682216,0.0,7,64
1,92,5,3.2,8.569531984437088,0.0,7,64
1,92,6,2.8,9.593873271864648,0.0,7,64
1,92,7,2.8,13.811784396081235,0.0,7,64
1,92,8,2.8,13.434006561394153,0.0,7,64
1,92,9,2.8,11.022587466733443,0.0,7,64
1,92,10,2.8,15.035227273092776,0.0,7,64
1,92,11,2.8,15.949534076342001,0.0,7,64
1,92,12,2.8,11.460549396771665,0.0,7,64
1,92,13,3.0,16.500155180310042,0.0,7,64
1,92,14,2.8,11.856834764828625,0.0,7,64
1,92,15,3.0,9.89270919049265,0.0,7,64
1,92,16,2.8,11.674463570436464,0.0,7,64
1,92,17,3.2,9.1236335197846,0.0,7,64
1,92,18,3.2,9.246819201124127,0.0,7,64
1,92,19,3.0,10.761197629009512,0.0,7,64
1,92,20,3.4,7.783236920879354,0.0,7,64
2,92,1,3.4,15.175863924011,0.0,7,64
2,92,2,3.2,9.966310331870309,0.0,7,64
2,92,3,3.6,8.108444661928363,0.0,7,64
2,92,4,3.4,8.771142111600364,0.0,7,64
2,92,5,3.0,10.722533821956638,0.0,7,64
2,92,6,3.0,9.988144767610882,0.0,7,64
2,92,7,3.8,8.678053342364853,0.125,7,64
2,92,8,2.8,11.609752239326712,0.0,7,64
2,92,9,2.8,13.901120340564228,0.0,7,64
2,92,10,2.8,9.16677854947154,0.0,7,64
2,92,11,2.8,15.25813709709842,0.0,7,64
2,92,12,2.8,13.307737247737117,0.0,7,64
2,92,13,2.8,11.337145071903262,0.0,7,64
2,92,14,2.8,9.843463495535506,0.0,7,64
2,92,15,3.6,9.52479985514631,0.125,7,64
2,92,16,2.8,11.695305541228533,0.0,7,64
2,92,17,2.8,15.106591063685693,0.0,7,64
2,92,18,3.2,10.211537256735154,0.0,7,64
2,92,19,3.0,8.249487575936728,0.0,7,64
2,92,20,3.0,11.080665486980877,0.0,7,64
3,92,1,2.8,10.485972110483576,0.0,7,64
3,92,2,3.2,9.660870278753446,0.0,7,64
3,92,3,3.0,13.186274032087049,0.0,7,64
3,92,4,2.8,8.34326675709722,0.0,7,64
3,92,5,3.0,9.351866936517276,0.0,7,64
3,92,6,3.0,9.254461868109193,0.0,7,64
3,92,7,3.0,10.475316006567434,0.0,7,64
3,92,8,2.8,10.946686110415422,0.0,7,64
3,92,9,2.8,13.370811318993287,0.0,7,64
3,92,10,3.0,10.209967394158381,0.0,7,64
3,92,11,3.0,9.253020138121522,0.0,7,64
3,92,12,2.8,11.515369625046322,0.0,7,64
3,92,13,3.0,10.904116259372092,0.0,7,64
3,92,14,2.8,12.934291388198417,0.0,7,64
3,92,15,3.0,10.85223059350044,0.0,7,64
3,92,16,3.0,13.935764011903375,0.0,7,64
3,92,17,2.8,10.312784567572578,0.0,7,64
3,92,18,2.8,12.072578253375692,0.0,7,64
3,92,19,2.8,12.354547254081341,0.0,7,64
3,92,20,2.8,8.457136863726802,0.0,7,64
3,92,21,3.0,9.892299290594643,0.0,7,64
3,92,22,2.25,14.475545305634487,0.0,4,64
1,93,1,4.4,9.312623033892734,0.0,7,64
1,93,2,3.6,9.735735670826985,0.0,7,64
1,93,3,3.8,7.576483291647057,0.0,7,64
1,93,4,3.0,11.14031710973494,0.0,7,64
1,93,5,3.0,7.960182485560045,0.0,7,64
1,93,6,2.8,11.119214839030438,0.0,7,64
1,93,7,2.8,12.17460801190322,0.0,7,64
1,93,8,2.8,10.758543529854414,0.0,7,64
1,93,9,2.8,9.449361124488274,0.0,7,64
1,93,10,2.8,14.890638363756498,0.0,7,64
1,93,11,2.8,17.825567499595017,0.0,7,64
1,93,12,2.8,9.170816089820214,0.0,7,64
1,93,13,2.8,19.417724364844503,0.0,7,64
1,93,14,3.0,9.837837726304832,0.0,7,64
1,93,15,2.8,12.734293316015888,0.0,7,64
1,93,16,2.8,10.241019950181053,0.0,7,64
1,93,17,3.2,8.339019328066271,0.0,7,64
1,93,18,3.2,7.673801321727725,0.0,7,64
1,93,19,3.2,9.38182445361301,0.0,7,64
1,93,20,3.0,9.50636156486183,0.0,7,64
2,93,1,3.2,12.218110176848665,0.0,7,64
2,93,2,2.8,11.414771908189948,0.0,7,64
2,93,3,3.6,9.366264747573114,0.0,7,64
2,93,4,3.4,7.650787982717721,0.0,7,64
2,93,5,2.8,11.753039805356881,0.0,7,64
2,93,6,2.8,10.271396349057792,0.0,7,64
2,93,7,3.4,8.738462568917615,0.0,7,64
2,93,8,3.2,11.145164824101252,0.0,7,64
2,93,9,2.8,12.774446817304407,0.0,7,64
2,93,10,3.0,9.3164226845262,0.0,7,64
2,93,11,2.8,16.653106947520328,0.0,7,64
2,93,12,2.8,10.972713285520609,0.0,7,64
2,93,13,2.8,11.273063076972608,0.0,7,64
2,93,14,2.8,10.280874631294697,0.0,7,64
2,93,15,3.8,7.216762728766262,0.125,7,64
2,93,16,2.8,14.503337579059473,0.0,7,64
2,93,17,2.8,13.714940665145388,0.0,7,64
2,93,18,3.0,10.208143793527073,0.0,7,64
2,93,19,2.8,8.820645599310952,0.0,7,64
2,93,20,3.8,7.184425371369619,0.125,7,64
3,93,1,2.8,10.054995608199565,0.0,7,64
3,93,2,2.8,12.727253838784936,0.0,7,64
3,93,3,2.8,14.033877893542336,0.0,7,64
3,93,4,2.8,10.852732462676569,0.0,7,64
3,93,5,2.8,9.703949448194445,0.0,7,64
3,93,6,2.8,9.821390313618778,0.0,7,64
3,93,7,2.8,11.016586079268533,0.0,7,64
3,93,8,2.8,11.388772574732414,0.0,7,64
3,93,9,2.8,12.476812347422666,0.0,7,64
3,93,10,2.8,13.024761219249502,0.0,7,64
3,93,11,3.0,10.556820992585319,0.0,7,64
3,93,12,3.6,8.195396962982064,0.125,7,64
3,93,13,2.8,10.767273666482374,0.0,7,64
3,93,14,3.0,9.866197642113912,0.0,7,64
3,93,15,2.8,15.813713931033226,0.0,7,64
3,93,16,2.8,10.351573865421416,0.0,7,64
3,93,17,2.8,14.400032562432427,0.0,7,64
3,93,18,3.0,12.123934088402335,0.0,7,64
3,93,19,2.8,12.758664375124543,0.0,7,64
3,93,20,2.8,8.385490564101337,0.0,7,64
3,93,21,2.8,10.024103032738394,0.0,7,64
3,93,22,2.8,12.500692652578637,0.0,6,64
1,94,1,4.6,9.551430557063037,0.0,7,64
1,94,2,4.0,8.664431971515175,0.0,7,64
1,94,3,3.4,9.046812846208372,0.0,7,64
1,94,4,3.0,13.10357725650355,0.0,7,64
1,94,5,3.2,8.119228451445693,0.0,7,64
1,94,6,2.8,9.41401964272481,0.0,7,64
1,94,7,2.8,14.68702156520954,0.0,7,64
1,94,8,2.8,12.209182941112116,0.0,7,64
1,94,9,2.8,11.083407547612357,0.0,7,64
1,94,10,2.8,13.955795563212645,0.0,7,64
1,94,11,2.8,14.996892765570045,0.0,7,64
1,94,12,2.8,10.411132258463601,0.0,7,64
1,94,13,3.0,13.151225160554525,0.0,7,64
1,94,14,2.8,11.451266759847536,0.0,7,64
1,94,15,2.8,12.517892010548048,0.0,7,64
1,94,16,2.8,12.47596351596378,0.0,7,64
1,94,17,3.0,8.814517078383695,0.0,7,64
1,94,18,3.0,10.56852488276634,0.0,7,64
1,94,19,3.2,9.621497297573242,0.0,7,64
1,94,20,3.4,9.363857630700673,0.0,7,64
2,94,1,3.4,12.134772725548252,0.0,7,64
2,94,2,2.8,10.91172397510509,0.0,7,64
2,94,3,3.8,6.928550407420934,0.125,7,64
2,94,4,3.0,8.908826078657802,0.0,7,64
2,94,5,2.8,13.371889533443106,0.0,7,64
2,94,6,2.8,9.041476364806696,0.0,7,64
2,94,7,3.6,9.220673424190556,0.0,7,64
2,94,8,3.0,11.821514355940778,0.0,7,64
2,94,9,2.8,11.351846611549737,0.0,7,64
2,94,10,2.8,9.789288143104905,0.0,7,64
2,94,11,3.0,12.33145835702736,0.0,7,64
2,94,12,2.8,11.843909475407997,0.0,7,64
2,94,13,2.8,10.445214766737681,0.0,7,64
2,94,14,2.8,9.962687101672975,0.0,7,64
2,94,15,3.2,8.253476846861442,0.0,7,64
2,94,16,3.0,9.932070072306095,0.0,7,64
2,94,17,3.0,10.727509605175737,0.0,7,64
2,94,18,3.0,10.982210004510968,0.0,7,64
2,94,19,3.0,8.200868541744429,0.0,7,64
2,94,20,3.0,8.061312578503921,0.0,7,64
2,94,21,2.0,21.640409308587312,0.0,4,64
3,94,1,2.8,10.558380518530234,0.0,7,64
3,94,2,3.0,11.311801778309341,0.0,7,64
3,94,3,2.8,12.535907974122562,0.0,7,64
3,94,4,2.8,10.117060413246609,0.0,7,64
3,94,5,3.0,9.43834977957426,0.0,7,64
3,94,6,2.8,9.104925614978606,0.0,7,64
3,94,7,2.8,11.558690694497407,0.0,7,64
3,94,8,2.8,10.296874360151897,0.0,7,64
3,94,9,2.8,13.982391918697667,0.0,7,64
3,94,10,2.8,11.675266374397996,0.0,7,64
3,94,11,2.8,12.663481059312279,0.0,7,64
3,94,12,3.2,10.896914186037748,0.0,7,64
3,94,13,3.2,10.992119946032506,0.0,7,64
3,94,14,3.0,8.019363988074902,0.0,7,64
3,94,15,3.0,13.884978948268108,0.0,7,64
3,94,16,3.0,11.714526437363146,0.0,7,64
3,94,17,2.8,12.070943410178321,0.0,7,64
3,94,18,3.2,9.615396668554554,0.0,7,64
3,94,19,2.8,12.329641466326944,0.0,7,64
3,94,20,2.8,8.952291156575821,0.0,7,64
3,94,21,3.0,9.552396092716371,0.0,7,64
3,94,22,2.25,15.53244978936381,0.0,4,64
1,95,1,4.4,7.685459165781644,0.0,7,64
1,95,2,3.8,9.020699845490102,0.0,7,64
1,95,3,3.2,9.192271342690931,0.0,7,64
1,95,4,3.2,12.463317277147363,0.0,7,64
1,95,5,3.2,8.509126335138848,0.0,7,64
1,95,6,3.0,9.364809891378824,0.0,7,64
1,95,7,2.8,10.529120380905542,0.0,7,64
1,95,8,2.8,10.765336941907847,0.0,7,64
1,95,9,2.8,13.215115977301167,0.0,7,64
1,95,10,2.8,11.754396273623101,0.0,7,64
1,95,11,2.8,17.409230676216538,0.0,7,64
1,95,12,2.8,10.721264265978094,0.0,7,64
1,95,13,2.8,14.806727368029051,0.0,7,64
1,95,14,2.8,11.015464247421447,0.0,7,64
1,95,15,2.8,14.374634980496165,0.0,7,64
1,95,16,2.8,11.233772628085957,0.0,7,64
1,95,17,3.2,9.080399246037128,0.0,7,64
1,95,18,3.2,9.057979553007506,0.0,7,64
1,95,19,3.2,10.225587123670014,0.0,7,64
1,95,20,3.0,8.942097244285053,0.0,7,64
2,95,1,3.2,11.377173774355525,0.0,7,64
2,95,2,2.8,12.436002241101198,0.0,7,64
2,95,3,3.2,13.235262513023612,0.0,7,64
2,95,4,3.4,7.871632743892787,0.0,7,64
2,95,5,3.0,9.682245614899376,0.0,7,64
2,95,6,3.0,9.446202362925051,0.0,7,64
2,95,7,3.2,9.500683973012725,0.0,7,64
2,95,8,3.2,9.71306464693142,0.0,7,64
2,95,9,2.8,12.083254147501211,0.0,7,64
2,95,10,3.0,9.487787952358792,0.0,7,64
2,95,11,2.8,14.362845455078078,0.0,7,64
2,95,12,2.8,10.883839843273627,0.0,7,64
2,95,13,2.8,11.615451514166828,0.0,7,64
2,95,14,2.8,9.979273828722368,0.0,7,64
2,95,15,3.0,10.38788791378872,0.0,7,64
2,95,16,2.8,13.53154846412845,0.0,7,64
2,95,17,2.8,10.804798218054742,0.0,7,64
2,95,18,3.0,11.46208280964638,0.0,7,64
2,95,19,3.0,9.247814955187186,0.0,7,64
2,95,20,2.8,7.54621819628927,0.0,7,64
2,95,21,2.6,12.66766441891288,0.0,5,64
3,95,1,3.0,8.593432191968123,0.0,7,64
3,95,2,2.8,12.10558597729859,0.0,7,64
3,95,3,2.8,11.71921954478207,0.0,7,64
3,95,4,2.8,10.235579368246025,0.0,7,64
3,95,5,3.0,8.902555159867994,0.0,7,64
3,95,6,2.8,9.242516491139991,0.0,7,64
3,95,7,3.0,9.423765724246302,0.0,7,64
3,95,8,2.8,10.535934408948776,0.0,7,64
3,95,9,3.0,12.543199967891141,0.0,7,64
3,95,10,2.8,8.884886449869954,0.0,7,64
3,95,11,2.8,12.150446494005468,0.0,7,64
3,95,12,3.6,7.868501227771072,0.125,7,64
3,95,13,3.0,12.509954092975022,0.0,7,64
3,95,14,2.8,12.042907011404175,0.0,7,64
3,95,15,2.8,13.566744802357643,0.0,7,64
3,95,16,2.8,12.544294877849152,0.0,7,64
3,95,17,2.8,12.363760240048828,0.0,7,64
3,95,18,2.8,11.07911253488694,0.0,7,64
3,95,19,2.8,12.339969877267649,0.0,7,64
3,95,20,2.8,10.166180878949808,0.0,7,64
3,95,21,2.8,9.955792127310334,0.0,7,64
3,95,22,2.4,17.327054086004782,0.0,6,64
1,96,1,4.8,9.004138978322409,0.0,7,64
1,96,2,3.8,9.31174737655858,0.0,7,64
1,96,3,3.4,9.142895789374123,0.0,7,64
1,96,4,3.0,11.502763136256954,0.0,7,64
1,96,5,3.0,7.901872361799986,0.0,7,64
1,96,6,2.8,9.865036139193238,0.0,7,64
1,96,7,2.8,10.93017870079741,0.0,7,64
1,96,8,2.8,15.036420885178106,0.0,7,64
1,96,9,2.8,12.959336822526858,0.0,7,64
1,96,10,2.8,16.801429512853655,0.0,7,64
1,96,11,2.8,17.87397282811202,0.0,7,64
1,96,12,2.8,11.241264322221499,0.0,7,64
1,96,13,2.8,16.420631808110524,0.0,7,64
1,96,14,2.8,12.847258797453684,0.0,7,64
1,96,15,3.0,12.690614354435903,0.0,7,64
1,96,16,2.8,11.493116062578249,0.0,7,64
1,96,17,3.0,9.533256058640175,0.0,7,64
1,96,18,2.8,9.14671919025499,0.0,7,64
1,96,19,3.0,11.109210676916842,0.0,7,64
1,96,20,3.2,10.802583654670514,0.0,7,64
2,96,1,3.6,10.729170256679142,0.0,7,64
2,96,2,3.8,8.647756309360963,0.0,7,64
2,96,3,3.2,9.042866639953552,0.0,7,64
2,96,4,3.2,8.331440915708288,0.0,7,64
2,96,5,3.2,9.32222369996835,0.0,7,64
2,96,6,3.0,10.064704004655873,0.0,7,64
2,96,7,3.2,9.496355120658539,0.0,7,64
2,96,8,2.8,12.074525053353199,0.0,7,64
2,96,9,2.8,15.550755355819085,0.0,7,64
2,96,10,3.4,7.980403009629517,0.0,7,64
2,96,11,2.8,13.5299989678634,0.0,7,64
2,96,12,2.8,12.700157579990659,0.0,7,64
2,96,13,2.8,12.143643243106377,0.0,7,64
2,96,14,3.0,8.795175257020134,0.0,7,64
2,96,15,2.8,13.229196908912304,0.0,7,64
2,96,16,2.8,11.815349720293321,0.0,7,64
2,96,17,2.8,9.760389654034126,0.0,7,64
2,96,18,3.2,10.250173106106967,0.0,7,64
2,96,19,2.8,9.286242039001193,0.0,7,64
2,96,20,3.0,9.681451897834718,0.0,7,64
3,96,1,3.6,8.224182352628342,0.0,7,64
3,96,2,3.8,9.763570500864128,0.0,7,64
3,96,3,3.2,9.039761820525348,0.0,7,64
3,96,4,2.8,10.72492922639037,0.0,7,64
3,96,5,2.8,8.983171644280352,0.0,7,64
3,96,6,2.8,8.82156404392267,0.0,7,64
3,96,7,3.0,15.06282712220542,0.0,7,64
3,96,8,2.8,9.81336576677462,0.0,7,64
3,96,9,3.0,11.28909641401643,0.0,7,64
3,96,10,2.8,11.566712798539767,0.0,7,64
3,96,11,3.6,8.90509895406495,0.125,7,64
3,96,12,2.8,9.172938996539427,0.0,7,64
3,96,13,3.0,10.243562080583601,0.0,7,64
3,96,14,2.8,16.46132788292116,0.0,7,64
3,96,15,3.0,8.834524575509144,0.0,7,64
3,96,16,2.8,13.632335599269599,0.0,7,64
3,96,17,3.0,11.82962938154508,0.0,7,64
3,96,18,2.8,12.319537844887776,0.0,7,64
3,96,19,3.0,9.159308026086048,0.0,7,64
3,96,20,2.8,9.181416172226644,0.0,7,64
3,96,21,2.8,11.66614257535936,0.0,7,64
1,97,1,4.8,8.107663328654617,0.0,7,64
1,97,2,3.6,10.819975410284577,0.0,7,64
1,97,3,3.6,7.8128085443445165,0.0,7,64
1,97,4,3.0,12.990585316229325,0.0,7,64
1,97,5,3.2,9.059078073204438,0.0,7,64
1,97,6,2.8,8.770079678584388,0.0,7,64
1,97,7,2.8,12.813263097207535,0.0,7,64
1,97,8,2.8,13.227585945257275,0.0,7,64
1,97,9,2.8,12.381448839627064,0.0,7,64
1,97,10,2.8,12.772584412843125,0.0,7,64
1,97,11,2.8,16.517882429084043,0.0,7,64
1,97,12,2.8,10.483581948407156,0.0,7,64
1,97,13,2.8,12.469421761448276,0.0,7,64
1,97,14,2.8,14.58989817149189,0.0,7,64
1,97,15,2.8,14.023982699682957,0.0,7,64
1,97,16,2.8,12.044436912822217,0.0,7,64
1,97,17,3.0,9.170557453985218,0.0,7,64
1,97,18,3.0,9.269587805092167,0.0,7,64
1,97,19,3.2,9.569521374284706,0.0,7,64
1,97,20,3.2,9.162559870758146,0.0,7,64
2,97,1,3.8,10.380051165960362,0.0,7,64
2,97,2,4.4,7.791534779516038,0.0,7,64
2,97,3,4.0,7.766392104341669,0.0,7,64
2,97,4,3.4,8.063862016351518,0.0,7,64
2,97,5,3.0,8.694233955892527,0.0,7,64
2,97,6,3.4,8.801337381528764,0.0,7,64
2,97,7,3.2,10.096459530817862,0.0,7,64
2,97,8,2.8,11.974134997544184,0.0,7,64
2,97,9,2.8,10.678014280432471,0.0,7,64
2,97,10,3.0,10.545455778507247,0.0,7,64
2,97,11,2.8,9.403724383626155,0.0,7,64
2,97,12,2.8,12.468061147922638,0.0,7,64
2,97,13,2.8,10.694335788200585,0.0,7,64
2,97,14,3.0,10.211620869608781,0.0,7,64
2,97,15,2.8,11.884396483613704,0.0,7,64
2,97,16,2.8,13.186281798908983,0.0,7,64
2,97,17,3.0,16.898979254245514,0.0,7,64
2,97,18,3.0,7.735068228503213,0.0,7,64
2,97,19,2.8,8.965079631709113,0.0,7,64
2,97,20,2.4,14.519594739675245,0.0,5,64
3,97,1,3.0,9.62076949066814,0.0,7,64
3,97,2,2.8,13.435191063704117,0.0,7,64
3,97,3,2.8,13.071757400500355,0.0,7,64
3,97,4,2.8,10.392103536471705,0.0,7,64
3,97,5,2.8,9.88177757769409,0.0,7,64
3,97,6,3.0,9.835901552954361,0.0,7,64
3,97,7,2.8,10.803270457310788,0.0,7,64
3,97,8,2.8,10.279568097861574,0.0,7,64
3,97,9,2.8,14.14406914356161,0.0,7,64
3,97,10,2.8,10.196039169776444,0.0,7,64
3,97,11,2.8,14.324365973428035,0.0,7,64
3,97,12,3.4,9.26213418764105,0.0,7,64
3,97,13,3.4,8.703677124927408,0.0,7,64
3,97,14,2.8,10.257533620302743,0.0,7,64
3,97,15,3.0,13.236310638194224,0.0,7,64
3,97,16,2.8,17.39697868164361,0.0,7,64
3,97,17,2.8,12.830628121556616,0.0,7,64
3,97,18,3.0,11.193792702611416,0.0,7,64
3,97,19,2.8,15.373353664247944,0.0,7,64
3,97,20,2.8,8.260770883817774,0.0,7,64
3,97,21,3.0,9.413949095006739,0.0,7,64
3,97,22,2.5,13.357393259592879,0.0,4,64
1,98,1,4.4,7.5982435163640725,0.0,7,64
1,98,2,3.6,10.197020286517446,0.0,7,64
1,98,3,3.2,8.8873224883544,0.0,7,64
1,98,4,3.2,11.820689712220416,0.0,7,64
1,98,5,3.0,9.728586107035525,0.0,7,64
1,98,6,2.8,9.442992390313245,0.0,7,64
1,98,7,2.8,14.611783042451984,0.0,7,64
1,98,8,2.8,11.32714103770863,0.0,7,64
1,98,9,2.8,14.141101391568004,0.0,7,64
1,98,10,2.8,13.036017161389967,0.0,7,64
1,98,11,2.8,14.097783023104686,0.0,7,64
1,98,12,2.8,11.703693203487271,0.0,7,64
1,98,13,2.8,12.676753112435176,0.0,7,64
1,98,14,2.8,10.303388967353664,0.0,7,64
1,98,15,2.8,10.33275458170672,0.0,7,64
1,98,16,3.0,12.36854377182683,0.0,7,64
1,98,17,3.0,7.905657979927813,0.0,7,64
1,98,18,3.0,11.46136882610271,0.0,7,64
1,98,19,3.2,8.981745711782944,0.0,7,64
1,98,20,3.2,9.480083999882313,0.0,7,64
1,98,21,2.75,9.582912450914561,0.0,4,64
2,98,1,3.6,10.10852293968983,0.0,7,64
2,98,2,3.0,10.015763426039674,0.0,7,64
2,98,3,3.4,9.714731621738949,0.0,7,64
2,98,4,3.4,7.865396100212961,0.0,7,64
2,98,5,3.0,10.64545940152556,0.0,7,64
2,98,6,3.0,9.20237234924477,0.0,7,64
2,98,7,3.4,8.935199047505932,0.0,7,64
2,98,8,3.2,11.839910701781863,0.0,7,64
2,98,9,2.8,13.642906055138823,0.0,7,64
2,98,10,2.8,7.496677870902145,0.0,7,64
2,98,11,2.8,14.833213827247796,0.0,7,64
2,98,12,2.8,11.082257860642315,0.0,7,64
2,98,13,2.8,12.222772105709796,0.0,7,64
2,98,14,2.8,10.312587973172672,0.0,7,64
2,98,15,3.6,10.247162378445456,0.125,7,64
2,98,16,2.8,12.645966140803164,0.0,7,64
2,98,17,2.8,12.048455349240477,0.0,7,64
2,98,18,2.8,11.79371937899421,0.0,7,64
2,98,19,2.8,9.365914610862752,0.0,7,64
2,98,20,3.0,9.013470710779195,0.0,7,64
3,98,1,3.8,7.880779605388019,0.0,7,64
3,98,2,3.8,10.806237869121396,0.0,7,64
3,98,3,3.2,7.973142407152175,0.0,7,64
3,98,4,2.8,12.834174336147889,0.0,7,64
3,98,5,3.0,7.979713775176817,0.0,7,64
3,98,6,2.8,9.169410734001028,0.0,7,64
3,98,7,3.0,10.820705855369553,0.0,7,64
3,98,8,2.8,12.400919336927387,0.0,7,64
3,98,9,2.8,12.860437683939002,0.0,7,64
3,98,10,2.8,12.380277479575831,0.0,7,64
3,98,11,4.0,7.1382699068327256,0.125,7,64
3,98,12,3.0,9.752328198862164,0.0,7,64
3,98,13,2.8,10.015261308669137,0.0,7,64
3,98,14,3.0,12.220398314438043,0.0,7,64
3,98,15,3.0,11.303185262971967,0.0,7,64
3,98,16,2.8,11.679091300936278,0.0,7,64
3,98,17,3.0,10.953232482933734,0.0,7,64
3,98,18,2.8,13.780044447783453,0.0,7,64
3,98,19,2.8,10.1029172891743,0.0,7,64
3,98,20,2.8,9.679452591950929,0.0,7,64
3,98,21,2.2,19.65795170423067,0.0,5,64
1,99,1,4.8,7.90557027202285,0.0,7,64
1,99,2,3.8,9.428300378727544,0.0,7,64
1,99,3,3.2,9.242268505995225,0.0,7,64
1,99,4,3.0,11.680144165143926,0.0,7,64
1,99,5,3.0,8.745778541933184,0.0,7,64
1,99,6,3.0,9.482703429798407,0.0,7,64
1,99,7,2.8,10.969973996684363,0.0,7,64
1,99,8,2.8,16.036815872690905,0.0,7,64
1,99,9,2.8,12.149370206504795,0.0,7,64
1,99,10,2.8,13.166994124187,0.0,7,64
1,99,11,2.8,16.968043639058752,0.0,7,64
1,99,12,2.8,12.221614122529942,0.0,7,64
1,99,13,2.8,14.246634271123334,0.0,7,64
1,99,14,2.8,12.847258797453714,0.0,7,64
1,99,15,3.0,8.969421440043279,0.0,7,64
1,99,16,2.8,13.562473790626013,0.0,7,64
1,99,17,3.6,7.806385460817086,0.0,7,64
1,99,18,3.0,10.819391322131425,0.0,7,64
1,99,19,3.2,9.162295439376964,0.0,7,64
1,99,20,3.6,6.928379588103284,0.0,7,64
2,99,1,3.2,12.441803428215158,0.0,7,64
2,99,2,2.8,10.65883821220696,0.0,7,64
2,99,3,3.4,10.527209257085655,0.0,7,64
2,99,4,3.4,7.896025552370634,0.0,7,64
2,99,5,3.0,11.734074538650258,0.0,7,64
2,99,6,2.8,10.101748237953887,0.0,7,64
2,99,7,3.6,8.821686629847363,0.0,7,64
2,99,8,2.8,12.036511917004352,0.0,7,64
2,99,9,3.0,10.921274840625717,0.0,7,64
2,99,10,3.2,8.692166699631313,0.0,7,64
2,99,11,3.0,11.045435281344119,0.0,7,64
2,99,12,2.8,11.426364230121152,0.0,7,64
2,99,13,2.8,11.964454993020594,0.0,7,64
2,99,14,2.8,9.049365703338319,0.0,7,64
2,99,15,3.2,9.623025918096786,0.0,7,64
2,99,16,2.8,10.502869125900554,0.0,7,64
2,99,17,3.0,11.281135576256887,0.0,7,64
2,99,18,3.2,9.619501420196643,0.0,7,64
2,99,19,2.8,8.902404274403494,0.0,7,64
2,99,20,3.0,8.595450173768304,0.0,7,64
3,99,1,3.4,8.299077447864263,0.0,7,64
3,99,2,3.2,11.290987327322783,0.0,7,64
3,99,3,3.4,8.927032967138562,0.0,7,64
3,99,4,3.0,9.42862570572927,0.0,7,64
3,99,5,3.2,8.937173621666727,0.0,7,64
3,99,6,2.8,9.50719598649707,0.0,7,64
3,99,7,3.0,14.123664806847655,0.0,7,64
3,99,8,3.0,10.179621822672939,0.0,7,64
3,99,9,2.8,11.601219263141369,0.0,7,64
3,99,10,3.0,10.96018415902848,0.0,7,64
3,99,11,3.4,11.31463273540368,0.0,7,64
3,99,12,3.0,8.86107217384191,0.0,7,64
3,99,13,2.8,10.20028293948742,0.0,7,64
3,99,14,2.8,15.193642553960188,0.0,7,64
3,99,15,3.0,10.81928709060116,0.0,7,64
3,99,16,2.8,15.656340289861303,0.0,7,64
3,99,17,2.8,12.002188705854797,0.0,7,64
3,99,18,2.8,11.015677504313173,0.0,7,64
3,99,19,2.8,12.601061302406984,0.0,7,64
3,99,20,2.8,9.608794181268062,0.0,7,64
3,99,21,3.2,9.865578778559636,0.0,7,64
