session,trial,phrase,click_load,entry_rate,correction_rate,num_chars,num_clocks,win_diff
1,0,1,6.0,6.141112258385614,0.0,7,70,85
1,0,2,4.0,9.935373890403524,0.0,7,70,85
1,0,3,3.8,6.444243158798776,0.0,7,70,85
1,0,4,3.4,8.540051943934808,0.0,7,70,85
1,0,5,2.8,8.850051692292457,0.0,7,70,85
1,0,6,3.0,15.593726269794686,0.0,7,70,85
1,0,7,3.0,10.20073804627483,0.0,7,70,85
1,0,8,2.8,12.368797283797534,0.0,7,70,85
1,0,9,2.8,15.611521332526841,0.0,7,70,85
1,0,10,2.8,14.859219130093878,0.0,7,70,85
1,0,11,2.8,13.822214414526725,0.0,7,70,85
1,0,12,2.8,12.998401896896395,0.0,7,70,85
1,0,13,2.8,12.18982999568672,0.0,7,70,85
1,0,14,2.8,13.32352418889824,0.0,7,70,85
1,0,15,2.8,13.312314960094124,0.0,7,70,85
1,0,16,3.0,8.366666163280133,0.0,7,70,85
1,0,17,3.0,9.051234611601082,0.0,7,70,85
1,0,18,3.2,9.994747927795157,0.0,7,70,85
1,0,19,3.2,7.749010001076228,0.0,7,70,85
1,0,20,2.75,9.198911626493542,0.0,4,70,85
2,0,1,3.2,12.391388829338593,0.0,7,70,85
2,0,2,2.8,8.99684587818288,0.0,7,70,85
2,0,3,3.4,8.864175387531805,0.0,7,70,85
2,0,4,3.6,8.182940686255728,0.0,7,70,85
2,0,5,2.8,12.731669903200167,0.0,7,70,85
2,0,6,2.8,9.534812051529792,0.0,7,70,85
2,0,7,3.2,11.064774274231096,0.0,7,70,85
2,0,8,2.8,11.214824924423162,0.0,7,70,85
2,0,9,2.8,11.446558979503065,0.0,7,70,85
2,0,10,2.8,10.071977042935455,0.0,7,70,85
2,0,11,2.8,12.398353369507076,0.0,7,70,85
2,0,12,2.8,11.426564551708946,0.0,7,70,85
2,0,13,2.8,11.156919036639689,0.0,7,70,85
2,0,14,2.8,10.86931615905649,0.0,7,70,85
2,0,15,3.0,8.404472461810768,0.0,7,70,85
2,0,16,3.0,13.271199586950672,0.0,7,70,85
2,0,17,2.8,11.366890807576222,0.0,7,70,85
2,0,18,3.0,13.930284756244426,0.0,7,70,85
2,0,19,3.0,8.999534758825028,0.0,7,70,85
2,0,20,2.8,8.489674525558147,0.0,7,70,85
2,0,21,3.0,11.375079454651013,0.0,7,70,85
3,0,1,2.8,10.7438533844839,0.0,7,70,85
3,0,2,2.8,10.949940261726484,0.0,7,70,85
3,0,3,3.0,10.544673329025828,0.0,7,70,85
3,0,4,2.8,9.013711850673289,0.0,7,70,85
3,0,5,3.0,8.82547774368276,0.0,7,70,85
3,0,6,2.8,9.471525814760554,0.0,7,70,85
3,0,7,2.8,10.416872439875275,0.0,7,70,85
3,0,8,2.8,11.411130623415644,0.0,7,70,85
3,0,9,2.8,15.827813385629156,0.0,7,70,85
3,0,10,3.0,9.770673788611909,0.0,7,70,85
3,0,11,3.0,10.818136801109615,0.0,7,70,85
3,0,12,3.2,9.707742107165597,0.0,7,70,85
3,0,13,3.2,8.94801905773656,0.0,7,70,85
3,0,14,2.8,10.397030747680589,0.0,7,70,85
3,0,15,3.0,11.098603142926143,0.0,7,70,85
3,0,16,2.8,14.788881091667397,0.0,7,70,85
3,0,17,2.8,12.697442550068965,0.0,7,70,85
3,0,18,3.2,9.863505063725121,0.0,7,70,85
3,0,19,2.8,13.529735967553762,0.0,7,70,85
3,0,20,2.8,10.258664388992596,0.0,7,70,85
3,0,21,3.0,10.613272011565686,0.0,7,70,85
3,0,22,2.25,13.86045796994974,0.0,4,70,85
1,1,1,4.2,9.111119224992766,0.0,7,70,85
1,1,2,3.8,8.662458750606234,0.0,7,70,85
1,1,3,3.6,7.8165127391353355,0.0,7,70,85
1,1,4,2.8,13.636678201251904,0.0,7,70,85
1,1,5,3.0,11.254882429407344,0.0,7,70,85
1,1,6,3.0,8.481729533682682,0.0,7,70,85
1,1,7,2.8,14.635299693235796,0.0,7,70,85
1,1,8,2.8,10.551920572479526,0.0,7,70,85
1,1,9,2.8,12.144452080312732,0.0,7,70,85
1,1,10,2.8,15.984211412595238,0.0,7,70,85
1,1,11,2.8,16.262767438559703,0.0,7,70,85
1,1,12,2.8,13.950207695660694,0.0,7,70,85
1,1,13,2.8,12.697131035349642,0.0,7,70,85
1,1,14,2.8,12.97737356923335,0.0,7,70,85
1,1,15,2.8,11.132822310202425,0.0,7,70,85
1,1,16,2.8,11.66330235859157,0.0,7,70,85
1,1,17,3.0,8.768416678025716,0.0,7,70,85
1,1,18,3.4,7.711442540529983,0.0,7,70,85
1,1,19,2.8,14.038560237328428,0.0,7,70,85
1,1,20,3.0,9.371937068476853,0.0,7,70,85
1,1,21,2.4,13.580412896534513,0.0,5,70,85
2,1,1,3.2,11.592822338999312,0.0,7,70,85
2,1,2,3.0,10.093494207953453,0.0,7,70,85
2,1,3,4.0,7.640750905893054,0.125,7,70,85
2,1,4,2.8,9.665093674674216,0.0,7,70,85
2,1,5,2.8,13.460174698128073,0.0,7,70,85
2,1,6,2.8,9.431884497928268,0.0,7,70,85
2,1,7,3.6,9.110790130122913,0.0,7,70,85
2,1,8,2.8,10.958226058017717,0.0,7,70,85
2,1,9,2.8,12.155297473829476,0.0,7,70,85
2,1,10,2.8,10.539302755135635,0.0,7,70,85
2,1,11,3.0,11.558505887771279,0.0,7,70,85
2,1,12,2.8,10.731069818194884,0.0,7,70,85
2,1,13,2.8,12.49334005789618,0.0,7,70,85
2,1,14,2.8,9.396662197106956,0.0,7,70,85
2,1,15,3.0,11.206318135482885,0.0,7,70,85
2,1,16,2.8,11.739430414450126,0.0,7,70,85
2,1,17,2.8,12.109784379024948,0.0,7,70,85
2,1,18,3.0,12.466714846241674,0.0,7,70,85
2,1,19,3.0,9.01606061545027,0.0,7,70,85
2,1,20,2.8,9.067791132159362,0.0,7,70,85
2,1,21,2.6,12.589439128007221,0.0,6,70,85
3,1,1,3.0,8.703491216487548,0.0,7,70,85
3,1,2,2.8,11.07529048381297,0.0,7,70,85
3,1,3,2.8,11.764303072358617,0.0,7,70,85
3,1,4,2.8,9.593383887507144,0.0,7,70,85
3,1,5,2.8,10.228836824324402,0.0,7,70,85
3,1,6,2.8,9.339876695442838,0.0,7,70,85
3,1,7,3.0,10.024582124030982,0.0,7,70,85
3,1,8,2.8,9.977711066568496,0.0,7,70,85
3,1,9,2.8,13.283905319285893,0.0,7,70,85
3,1,10,2.8,10.695273474800784,0.0,7,70,85
3,1,11,2.8,11.899691857071502,0.0,7,70,85
3,1,12,3.2,10.613274378650782,0.0,7,70,85
3,1,13,3.0,9.94339263891136,0.0,7,70,85
3,1,14,3.2,8.355531941604372,0.0,7,70,85
3,1,15,3.0,13.427720460058785,0.0,7,70,85
3,1,16,3.0,10.057805303093778,0.0,7,70,85
3,1,17,2.8,13.631322818151318,0.0,7,70,85
3,1,18,3.0,10.648121195862036,0.0,7,70,85
3,1,19,2.8,15.144946038771922,0.0,7,70,85
3,1,20,2.8,9.795485093703446,0.0,7,70,85
3,1,21,2.8,10.924247569012739,0.0,7,70,85
3,1,22,2.2,14.420500045649046,0.0,5,70,85
1,2,1,4.6,7.878157679060748,0.0,7,70,85
1,2,2,3.8,9.988722374513154,0.0,7,70,85
1,2,3,3.4,7.874952147644086,0.0,7,70,85
1,2,4,3.0,12.905892177308921,0.0,7,70,85
1,2,5,3.0,8.288653573685744,0.0,7,70,85
1,2,6,3.0,10.345543338385045,0.0,7,70,85
1,2,7,2.8,12.651213228457282,0.0,7,70,85
1,2,8,2.8,11.527284807384806,0.0,7,70,85
1,2,9,2.8,11.200897654946687,0.0,7,70,85
1,2,10,2.8,13.674955106434968,0.0,7,70,85
1,2,11,2.8,15.935978239378699,0.0,7,70,85
1,2,12,2.8,12.765299630881461,0.0,7,70,85
1,2,13,2.8,17.417320140763334,0.0,7,70,85
1,2,14,2.8,12.347111058175212,0.0,7,70,85
1,2,15,2.8,12.734293316015858,0.0,7,70,85
1,2,16,2.8,13.003364468053029,0.0,7,70,85
1,2,17,3.0,8.052451515828203,0.0,7,70,85
1,2,18,3.0,9.18459287905308,0.0,7,70,85
1,2,19,2.8,15.764695819601446,0.0,7,70,85
1,2,20,3.0,9.490011254431113,0.0,7,70,85
1,2,21,2.4,12.774332946462842,0.0,5,70,85
2,2,1,3.4,11.201358065874386,0.0,7,70,85
2,2,2,2.8,13.397580689091779,0.0,7,70,85
2,2,3,4.0,7.9382638218484605,0.125,7,70,85
2,2,4,3.0,8.9144953810491,0.0,7,70,85
2,2,5,2.8,15.070901818689265,0.0,7,70,85
2,2,6,2.8,9.07339862138883,0.0,7,70,85
2,2,7,3.6,9.647438634120622,0.0,7,70,85
2,2,8,3.0,10.236983901633256,0.0,7,70,85
2,2,9,2.8,13.359993143152188,0.0,7,70,85
2,2,10,2.8,9.826767074913965,0.0,7,70,85
2,2,11,2.8,16.518179067850113,0.0,7,70,85
2,2,12,2.8,12.678688088914015,0.0,7,70,85
2,2,13,2.8,13.45553448481181,0.0,7,70,85
2,2,14,2.8,10.492522658643312,0.0,7,70,85
2,2,15,3.0,10.297586157280488,0.0,7,70,85
2,2,16,2.8,15.266075567233518,0.0,7,70,85
2,2,17,2.8,11.743153490991256,0.0,7,70,85
2,2,18,3.0,16.0983396588244,0.0,7,70,85
2,2,19,3.0,7.804157596467488,0.0,7,70,85
2,2,20,2.8,9.235839005544106,0.0,7,70,85
2,2,21,2.4,13.40572159085193,0.0,5,70,85
3,2,1,3.6,8.136653439263142,0.0,7,70,85
3,2,2,3.6,8.892653932954284,0.0,7,70,85
3,2,3,3.2,10.197409981872706,0.0,7,70,85
3,2,4,3.0,9.743242442389516,0.0,7,70,85
3,2,5,3.2,8.120065381187706,0.0,7,70,85
3,2,6,2.8,10.009794417783148,0.0,7,70,85
3,2,7,3.0,11.23824418602258,0.0,7,70,85
3,2,8,2.8,13.348174080591624,0.0,7,70,85
3,2,9,3.0,10.403791172216991,0.0,7,70,85
3,2,10,3.0,11.67185147149826,0.0,7,70,85
3,2,11,3.2,10.121489844272624,0.0,7,70,85
3,2,12,3.2,9.85820078977677,0.0,7,70,85
3,2,13,2.8,9.314962713935971,0.0,7,70,85
3,2,14,2.8,14.501407992955894,0.0,7,70,85
3,2,15,3.0,10.525263364919933,0.0,7,70,85
3,2,16,2.8,12.606653948626253,0.0,7,70,85
3,2,17,3.2,10.003769356628796,0.0,7,70,85
3,2,18,2.8,13.482468842102605,0.0,7,70,85
3,2,19,2.8,10.032769869564836,0.0,7,70,85
3,2,20,3.0,8.772634870493233,0.0,7,70,85
3,2,21,2.2,16.704918591698124,0.0,5,70,85
1,3,1,4.6,7.7465011227518605,0.0,7,70,85
1,3,2,4.0,8.30614600829964,0.0,7,70,85
1,3,3,3.4,9.17072406354776,0.0,7,70,85
1,3,4,3.0,12.15227435360883,0.0,7,70,85
1,3,5,3.0,9.647701985240717,0.0,7,70,85
1,3,6,2.8,10.802294788348892,0.0,7,70,85
1,3,7,2.8,10.603227347661432,0.0,7,70,85
1,3,8,2.8,12.253948835485994,0.0,7,70,85
1,3,9,2.8,11.159412469417207,0.0,7,70,85
1,3,10,2.8,14.393552204943889,0.0,7,70,85
1,3,11,2.8,18.533651138845865,0.0,7,70,85
1,3,12,2.8,8.92661312480493,0.0,7,70,85
1,3,13,2.8,13.982182720594057,0.0,7,70,85
1,3,14,2.8,13.155782638218742,0.0,7,70,85
1,3,15,3.0,9.23046345957041,0.0,7,70,85
1,3,16,3.0,10.556039104884935,0.0,7,70,85
1,3,17,3.4,8.051974630847933,0.0,7,70,85
1,3,18,3.2,9.052350091712263,0.0,7,70,85
1,3,19,3.0,9.798778756546582,0.0,7,70,85
1,3,20,3.4,8.173860143952655,0.0,7,70,85
2,3,1,3.4,10.092344181072356,0.0,7,70,85
2,3,2,3.2,9.342160864723642,0.0,7,70,85
2,3,3,3.4,8.452682605522748,0.0,7,70,85
2,3,4,3.4,8.92084557300979,0.0,7,70,85
2,3,5,2.8,10.603357413041383,0.0,7,70,85
2,3,6,2.8,12.244164894265841,0.0,7,70,85
2,3,7,3.6,8.133760917442155,0.0,7,70,85
2,3,8,3.0,11.696470662906446,0.0,7,70,85
2,3,9,2.8,15.5256492545356,0.0,7,70,85
2,3,10,3.0,8.636954222133026,0.0,7,70,85
2,3,11,3.0,13.168508886896719,0.0,7,70,85
2,3,12,2.8,11.477395309955494,0.0,7,70,85
2,3,13,2.8,12.811650517811914,0.0,7,70,85
2,3,14,3.0,8.848393696931986,0.0,7,70,85
2,3,15,3.0,11.302572805763164,0.0,7,70,85
2,3,16,2.8,15.038245954875002,0.0,7,70,85
2,3,17,2.8,10.656273280276826,0.0,7,70,85
2,3,18,3.2,10.476317393247564,0.0,7,70,85
2,3,19,2.8,8.889465118591506,0.0,7,70,85
2,3,20,3.0,8.337664531463737,0.0,7,70,85
3,3,1,3.0,9.530816795319316,0.0,7,70,85
3,3,2,2.8,11.095382355627242,0.0,7,70,85
3,3,3,2.8,11.265897558647948,0.0,7,70,85
3,3,4,2.8,9.856200786704843,0.0,7,70,85
3,3,5,2.8,9.802587855017093,0.0,7,70,85
3,3,6,2.8,9.484716691987634,0.0,7,70,85
3,3,7,3.0,10.542993435266585,0.0,7,70,85
3,3,8,2.8,9.945262153448398,0.0,7,70,85
3,3,9,2.8,15.086037509314412,0.0,7,70,85
3,3,10,2.8,10.439691285635542,0.0,7,70,85
3,3,11,2.8,10.922172061427544,0.0,7,70,85
3,3,12,3.4,9.110372245328037,0.0,7,70,85
3,3,13,3.0,9.907150200103754,0.0,7,70,85
3,3,14,2.8,10.6628568785985,0.0,7,70,85
3,3,15,2.8,20.471634376358264,0.0,7,70,85
3,3,16,3.0,10.36473321582124,0.0,7,70,85
3,3,17,2.8,14.12008830259449,0.0,7,70,85
3,3,18,3.4,9.696954760050282,0.0,7,70,85
3,3,19,2.8,13.749066913665487,0.0,7,70,85
3,3,20,2.8,10.003769118030375,0.0,7,70,85
3,3,21,2.8,9.835103890749346,0.0,7,70,85
3,3,22,2.2,16.524387205111566,0.0,5,70,85
1,4,1,4.6,7.628818323903043,0.0,7,70,85
1,4,2,3.8,11.40681458000126,0.0,7,70,85
1,4,3,3.4,7.232264410232344,0.0,7,70,85
1,4,4,2.8,11.483443643069636,0.0,7,70,85
1,4,5,3.2,8.241464720484894,0.0,7,70,85
1,4,6,2.8,9.68896939076343,0.0,7,70,85
1,4,7,2.8,12.767903859586387,0.0,7,70,85
1,4,8,2.8,11.563706972945647,0.0,7,70,85
1,4,9,2.8,12.406432734378548,0.0,7,70,85
1,4,10,2.8,15.913007709934334,0.0,7,70,85
1,4,11,2.8,21.988363502662796,0.0,7,70,85
1,4,12,2.8,9.655743257214837,0.0,7,70,85
1,4,13,2.8,18.297481633363823,0.0,7,70,85
1,4,14,2.8,11.489671436704914,0.0,7,70,85
1,4,15,2.8,12.016836358061889,0.0,7,70,85
1,4,16,2.8,13.810253831107946,0.0,7,70,85
1,4,17,3.0,7.939206160810931,0.0,7,70,85
1,4,18,3.4,8.713416578084894,0.0,7,70,85
1,4,19,3.0,11.232712172211182,0.0,7,70,85
1,4,20,3.2,8.974855734796114,0.0,7,70,85
2,4,1,3.0,13.894170241097822,0.0,7,70,85
2,4,2,3.0,9.464860110991042,0.0,7,70,85
2,4,3,3.6,8.994366794595745,0.0,7,70,85
2,4,4,3.4,8.096418356555322,0.0,7,70,85
2,4,5,3.0,13.896951212636807,0.0,7,70,85
2,4,6,2.8,9.64578677922204,0.0,7,70,85
2,4,7,3.6,9.897224835584831,0.0,7,70,85
2,4,8,2.8,12.27211781152606,0.0,7,70,85
2,4,9,2.8,11.632523600482003,0.0,7,70,85
2,4,10,3.0,9.302252995110504,0.0,7,70,85
2,4,11,2.8,12.868842267030782,0.0,7,70,85
2,4,12,2.8,12.101694054404875,0.0,7,70,85
2,4,13,2.8,12.1461731788099,0.0,7,70,85
2,4,14,2.8,10.280874631294658,0.0,7,70,85
2,4,15,3.0,9.58733947124102,0.0,7,70,85
2,4,16,3.0,12.446139566663849,0.0,7,70,85
2,4,17,3.2,9.386007278261737,0.0,7,70,85
2,4,18,3.0,11.142267610234367,0.0,7,70,85
2,4,19,3.0,8.580543164897461,0.0,7,70,85
2,4,20,3.2,8.891669295988041,0.0,7,70,85
3,4,1,3.2,8.807835656699986,0.0,7,70,85
3,4,2,2.8,13.126035545990959,0.0,7,70,85
3,4,3,2.8,13.92445705577288,0.0,7,70,85
3,4,4,2.8,9.083723795187439,0.0,7,70,85
3,4,5,2.8,9.825210413088868,0.0,7,70,85
3,4,6,2.8,11.065138379909083,0.0,7,70,85
3,4,7,3.0,9.155729174020715,0.0,7,70,85
3,4,8,2.8,9.840887401714378,0.0,7,70,85
3,4,9,3.2,11.722625580350975,0.0,7,70,85
3,4,10,2.8,10.164466822034777,0.0,7,70,85
3,4,11,3.8,7.9406701810878335,0.125,7,70,85
3,4,12,2.8,11.355955111294477,0.0,7,70,85
3,4,13,2.8,11.986993684207633,0.0,7,70,85
3,4,14,3.0,9.94357595886855,0.0,7,70,85
3,4,15,3.0,12.1700247312142,0.0,7,70,85
3,4,16,2.8,12.760636628905866,0.0,7,70,85
3,4,17,2.8,10.69922690588771,0.0,7,70,85
3,4,18,2.8,12.491449434061721,0.0,7,70,85
3,4,19,2.8,13.028584531037604,0.0,7,70,85
3,4,20,2.8,9.031782184099095,0.0,7,70,85
3,4,21,2.8,9.758693580539292,0.0,7,70,85
3,4,22,2.25,14.60517243075722,0.0,4,70,85
1,5,1,4.6,8.11145789997866,0.0,7,70,85
1,5,2,3.8,9.071474826970057,0.0,7,70,85
1,5,3,3.4,7.530515346153312,0.0,7,70,85
1,5,4,3.0,12.76915423148851,0.0,7,70,85
1,5,5,3.0,8.451399274951154,0.0,7,70,85
1,5,6,2.8,9.131075027251992,0.0,7,70,85
1,5,7,2.8,10.858355601045218,0.0,7,70,85
1,5,8,2.8,11.721153965955299,0.0,7,70,85
1,5,9,2.8,13.5198212802423,0.0,7,70,85
1,5,10,2.8,15.267916799702668,0.0,7,70,85
1,5,11,2.8,20.423383551951446,0.0,7,70,85
1,5,12,2.8,11.954331181484934,0.0,7,70,85
1,5,13,2.8,17.24992523331161,0.0,7,70,85
1,5,14,3.0,12.01514994882793,0.0,7,70,85
1,5,15,3.0,10.519541423443577,0.0,7,70,85
1,5,16,2.8,12.677932857659576,0.0,7,70,85
1,5,17,3.0,8.873472335027477,0.0,7,70,85
1,5,18,3.2,8.704700556601658,0.0,7,70,85
1,5,19,2.8,14.27007280688735,0.0,7,70,85
1,5,20,3.0,11.554546562379521,0.0,7,70,85
1,5,21,2.5,10.0080048553361,0.0,4,70,85
2,5,1,3.0,13.80012003867094,0.0,7,70,85
2,5,2,2.8,11.293557144256996,0.0,7,70,85
2,5,3,3.4,10.678666421645891,0.0,7,70,85
2,5,4,3.4,8.813074258586429,0.0,7,70,85
2,5,5,3.0,10.267388018160265,0.0,7,70,85
2,5,6,2.8,9.162552882986809,0.0,7,70,85
2,5,7,3.4,9.399124052112747,0.0,7,70,85
2,5,8,3.2,9.853906004952213,0.0,7,70,85
2,5,9,2.8,11.849157929166962,0.0,7,70,85
2,5,10,2.8,9.796523856922569,0.0,7,70,85
2,5,11,3.0,12.503705244013643,0.0,7,70,85
2,5,12,2.8,11.327299596112681,0.0,7,70,85
2,5,13,2.8,11.549647998174246,0.0,7,70,85
2,5,14,3.0,9.920848279555933,0.0,7,70,85
2,5,15,3.0,10.367407564484736,0.0,7,70,85
2,5,16,2.8,12.265737736656456,0.0,7,70,85
2,5,17,2.8,10.886180517396976,0.0,7,70,85
2,5,18,3.0,12.283285954012184,0.0,7,70,85
2,5,19,2.8,9.947392015847418,0.0,7,70,85
2,5,20,2.8,9.344886019210938,0.0,7,70,85
2,5,21,2.6,10.079080974152346,0.0,5,70,85
3,5,1,3.4,8.518701457881907,0.0,7,70,85
3,5,2,3.2,9.822230023317042,0.0,7,70,85
3,5,3,3.0,10.78573886329976,0.0,7,70,85
3,5,4,2.8,9.29963100285253,0.0,7,70,85
3,5,5,3.0,10.099975643913757,0.0,7,70,85
3,5,6,2.8,8.109127975088843,0.0,7,70,85
3,5,7,3.0,11.880421962732859,0.0,7,70,85
3,5,8,2.8,10.310407087602135,0.0,7,70,85
3,5,9,2.8,11.398756477807536,0.0,7,70,85
3,5,10,2.8,11.860343237625106,0.0,7,70,85
3,5,11,3.2,9.143453138887025,0.0,7,70,85
3,5,12,2.8,8.882192116214105,0.0,7,70,85
3,5,13,3.2,10.663376362790979,0.0,7,70,85
3,5,14,3.0,9.579646347093606,0.0,7,70,85
3,5,15,3.2,9.173186128459756,0.0,7,70,85
3,5,16,2.8,17.993414376098297,0.0,7,70,85
3,5,17,3.2,8.947218326085018,0.0,7,70,85
3,5,18,2.8,11.612403258847133,0.0,7,70,85
3,5,19,2.8,10.285713900412885,0.0,7,70,85
3,5,20,2.8,8.440567812963616,0.0,7,70,85
3,5,21,3.0,10.594493481780995,0.0,7,70,85
1,6,1,4.8,9.238819184162315,0.0,7,70,85
1,6,2,3.8,8.619169178631338,0.0,7,70,85
1,6,3,3.2,9.047988749277634,0.0,7,70,85
1,6,4,3.2,10.685145291699099,0.0,7,70,85
1,6,5,3.2,8.668146814676302,0.0,7,70,85
1,6,6,2.8,9.019486209011685,0.0,7,70,85
1,6,7,2.8,12.340929328322717,0.0,7,70,85
1,6,8,2.8,11.48766217903017,0.0,7,70,85
1,6,9,2.8,10.922690553259974,0.0,7,70,85
1,6,10,2.8,15.225164847309328,0.0,7,70,85
1,6,11,2.8,22.92848357679275,0.0,7,70,85
1,6,12,2.8,10.429150640300639,0.0,7,70,85
1,6,13,3.0,12.368430785584927,0.0,7,70,85
1,6,14,2.8,11.673090626333973,0.0,7,70,85
1,6,15,2.8,11.783551413369555,0.0,7,70,85
1,6,16,2.8,11.566027616366876,0.0,7,70,85
1,6,17,3.0,9.966173520100645,0.0,7,70,85
1,6,18,3.0,9.875718396318495,0.0,7,70,85
1,6,19,3.2,9.889941601183178,0.0,7,70,85
1,6,20,3.0,9.705401428537186,0.0,7,70,85
2,6,1,3.6,10.901281483451116,0.0,7,70,85
2,6,2,4.0,8.91852301378199,0.0,7,70,85
2,6,3,3.4,9.401861441059857,0.0,7,70,85
2,6,4,3.4,7.509887877609342,0.0,7,70,85
2,6,5,3.0,10.229422205385259,0.0,7,70,85
2,6,6,3.0,11.350209908110767,0.0,7,70,85
2,6,7,3.2,10.072315259476444,0.0,7,70,85
2,6,8,2.8,10.206845845983102,0.0,7,70,85
2,6,9,2.8,13.612662785262089,0.0,7,70,85
2,6,10,3.0,9.984890657057543,0.0,7,70,85
2,6,11,2.8,12.874920742700226,0.0,7,70,85
2,6,12,2.8,12.700157579990659,0.0,7,70,85
2,6,13,2.8,10.680423464475133,0.0,7,70,85
2,6,14,3.0,8.294227178935639,0.0,7,70,85
2,6,15,3.2,11.193155470137718,0.0,7,70,85
2,6,16,3.0,11.239979850108025,0.0,7,70,85
2,6,17,2.8,14.421222944385422,0.0,7,70,85
2,6,18,3.2,9.866945483178297,0.0,7,70,85
2,6,19,2.8,7.926444955733891,0.0,7,70,85
2,6,20,3.0,11.752855302028479,0.0,7,70,85
3,6,1,3.2,8.719932721542312,0.0,7,70,85
3,6,2,3.2,10.071100887446326,0.0,7,70,85
3,6,3,3.2,9.661933747130588,0.0,7,70,85
3,6,4,2.8,9.21555703231342,0.0,7,70,85
3,6,5,3.0,9.653609658935252,0.0,7,70,85
3,6,6,2.8,9.493736544531837,0.0,7,70,85
3,6,7,3.0,11.609801333095135,0.0,7,70,85
3,6,8,2.8,10.469245934038216,0.0,7,70,85
3,6,9,2.8,11.771722627656263,0.0,7,70,85
3,6,10,2.8,12.671215559602272,0.0,7,70,85
3,6,11,3.6,9.35054318675001,0.125,7,70,85
3,6,12,3.0,9.403476899950055,0.0,7,70,85
3,6,13,3.0,9.639113430684695,0.0,7,70,85
3,6,14,2.8,14.642031447501914,0.0,7,70,85
3,6,15,3.0,10.10064035268528,0.0,7,70,85
3,6,16,2.8,16.66932200946542,0.0,7,70,85
3,6,17,3.0,10.14094678397525,0.0,7,70,85
3,6,18,2.8,12.081947631183661,0.0,7,70,85
3,6,19,2.8,12.162171365383708,0.0,7,70,85
3,6,20,2.8,10.243252464143564,0.0,7,70,85
3,6,21,3.0,9.861034365166365,0.0,7,70,85
1,7,1,4.4,7.531765671773462,0.0,7,70,85
1,7,2,3.6,11.037496145989788,0.0,7,70,85
1,7,3,3.2,9.400281175990688,0.0,7,70,85
1,7,4,3.0,12.56723192205113,0.0,7,70,85
1,7,5,3.2,8.396329816266295,0.0,7,70,85
1,7,6,2.8,8.833899339845605,0.0,7,70,85
1,7,7,2.8,14.299720139317943,0.0,7,70,85
1,7,8,2.8,9.626257697726235,0.0,7,70,85
1,7,9,2.8,12.170457650478374,0.0,7,70,85
1,7,10,2.8,12.167405366278832,0.0,7,70,85
1,7,11,2.8,15.756584018928038,0.0,7,70,85
1,7,12,2.8,12.176681905808614,0.0,7,70,85
1,7,13,2.8,11.853847206850633,0.0,7,70,85
1,7,14,3.0,11.493234115173724,0.0,7,70,85
1,7,15,3.0,10.499152846506743,0.0,7,70,85
1,7,16,2.8,13.841976421824555,0.0,7,70,85
1,7,17,3.0,7.321835609979765,0.0,7,70,85
1,7,18,3.2,7.605615002178337,0.0,7,70,85
1,7,19,3.2,9.89920344859092,0.0,7,70,85
1,7,20,3.2,9.042190603869308,0.0,7,70,85
2,7,1,3.4,10.45462281070268,0.0,7,70,85
2,7,2,3.0,11.691819086896697,0.0,7,70,85
2,7,3,4.2,8.730876093123152,0.125,7,70,85
2,7,4,2.8,9.362993565593886,0.0,7,70,85
2,7,5,2.8,11.37227227774746,0.0,7,70,85
2,7,6,2.8,10.499545272962022,0.0,7,70,85
2,7,7,3.4,9.27047181312179,0.0,7,70,85
2,7,8,2.8,9.987540238334553,0.0,7,70,85
2,7,9,2.8,12.694901304465006,0.0,7,70,85
2,7,10,2.8,10.180352439215147,0.0,7,70,85
2,7,11,3.0,11.853474630488119,0.0,7,70,85
2,7,12,2.8,10.894531500552041,0.0,7,70,85
2,7,13,2.8,12.49352986581136,0.0,7,70,85
2,7,14,2.8,10.620057196117617,0.0,7,70,85
2,7,15,3.0,10.675025034089286,0.0,7,70,85
2,7,16,3.0,10.359163178798937,0.0,7,70,85
2,7,17,2.8,10.84795740628331,0.0,7,70,85
2,7,18,3.0,12.397813979196448,0.0,7,70,85
2,7,19,3.0,9.081319104548044,0.0,7,70,85
2,7,20,2.8,8.682996458983864,0.0,7,70,85
2,7,21,2.75,11.590874304303595,0.0,4,70,85
3,7,1,3.8,7.350395025947316,0.0,7,70,85
3,7,2,3.2,11.226698026965853,0.0,7,70,85
3,7,3,2.8,13.785248700396115,0.0,7,70,85
3,7,4,2.8,9.504909481083471,0.0,7,70,85
3,7,5,3.0,9.47565948729188,0.0,7,70,85
3,7,6,3.0,10.034288680287235,0.0,7,70,85
3,7,7,3.0,13.420162300320799,0.0,7,70,85
3,7,8,3.0,12.477489968059908,0.0,7,70,85
3,7,9,2.8,11.633205187525784,0.0,7,70,85
3,7,10,2.8,9.976384075850989,0.0,7,70,85
3,7,11,3.6,7.954681739939133,0.125,7,70,85
3,7,12,2.8,10.196767361885234,0.0,7,70,85
3,7,13,2.8,11.728369827857936,0.0,7,70,85
3,7,14,2.8,13.641647833419823,0.0,7,70,85
3,7,15,3.2,9.379185402449863,0.0,7,70,85
3,7,16,2.8,13.42366858488799,0.0,7,70,85
3,7,17,3.4,10.727134553833467,0.0,7,70,85
3,7,18,2.8,10.893304992619864,0.0,7,70,85
3,7,19,2.8,8.91417296633904,0.0,7,70,85
3,7,20,2.8,10.935076819140987,0.0,7,70,85
3,7,21,3.0,11.00557992716303,0.0,7,70,85
1,8,1,4.8,8.19587989725144,0.0,7,70,85
1,8,2,3.8,10.263313355353267,0.0,7,70,85
1,8,3,3.4,8.694387414659435,0.0,7,70,85
1,8,4,2.8,14.319247914547242,0.0,7,70,85
1,8,5,3.0,8.79684719428605,0.0,7,70,85
1,8,6,2.8,10.337175249303387,0.0,7,70,85
1,8,7,2.8,12.323999826642382,0.0,7,70,85
1,8,8,2.8,12.195583631424446,0.0,7,70,85
1,8,9,2.8,12.587844400957602,0.0,7,70,85
1,8,10,2.8,15.190939389955796,0.0,7,70,85
1,8,11,2.8,19.187791336909704,0.0,7,70,85
1,8,12,2.8,10.994647415450437,0.0,7,70,85
1,8,13,2.8,18.753016178644916,0.0,7,70,85
1,8,14,2.8,10.035460549258508,0.0,7,70,85
1,8,15,2.8,10.829114709007655,0.0,7,70,85
1,8,16,2.8,13.747242864238402,0.0,7,70,85
1,8,17,3.0,8.099266190572282,0.0,7,70,85
1,8,18,3.2,8.580259288073663,0.0,7,70,85
1,8,19,3.2,9.786664751343105,0.0,7,70,85
1,8,20,2.8,10.176334591744867,0.0,7,70,85
1,8,21,2.75,9.698586546182476,0.0,4,70,85
2,8,1,3.0,14.802078759109483,0.0,7,70,85
2,8,2,2.8,11.979275877453532,0.0,7,70,85
2,8,3,3.6,8.348330133793244,0.125,7,70,85
2,8,4,2.8,13.115375985374603,0.0,7,70,85
2,8,5,2.8,10.258203480084216,0.0,7,70,85
2,8,6,2.8,9.448767173629948,0.0,7,70,85
2,8,7,3.2,11.815661752204287,0.0,7,70,85
2,8,8,2.8,10.461954535043064,0.0,7,70,85
2,8,9,2.8,12.75965806555819,0.0,7,70,85
2,8,10,2.8,10.902866199227077,0.0,7,70,85
2,8,11,3.0,8.629735166972711,0.0,7,70,85
2,8,12,2.8,13.762385751192777,0.0,7,70,85
2,8,13,2.8,13.589304064074813,0.0,7,70,85
2,8,14,2.8,10.91922353867454,0.0,7,70,85
2,8,15,3.0,9.478159187986334,0.0,7,70,85
2,8,16,3.4,9.850821704021042,0.0,7,70,85
2,8,17,2.8,11.31512807780891,0.0,7,70,85
2,8,18,3.0,11.380979230267553,0.0,7,70,85
2,8,19,3.0,9.340681012113347,0.0,7,70,85
2,8,20,2.8,8.649279441040386,0.0,7,70,85
2,8,21,3.0,10.594755690578193,0.0,7,70,85
3,8,1,3.0,8.642001732469419,0.0,7,70,85
3,8,2,3.0,10.662169524962481,0.0,7,70,85
3,8,3,2.8,16.430761093462447,0.0,7,70,85
3,8,4,2.8,9.376160059617636,0.0,7,70,85
3,8,5,2.8,10.683316449241547,0.0,7,70,85
3,8,6,2.8,9.900837708426007,0.0,7,70,85
3,8,7,3.0,9.723402945039988,0.0,7,70,85
3,8,8,2.8,9.44573347861982,0.0,7,70,85
3,8,9,3.0,13.424186569747688,0.0,7,70,85
3,8,10,2.8,12.102168812466887,0.0,7,70,85
3,8,11,2.8,11.575540893337754,0.0,7,70,85
3,8,12,3.2,9.571019000406146,0.0,7,70,85
3,8,13,3.0,10.84140198725265,0.0,7,70,85
3,8,14,3.0,9.174706539874757,0.0,7,70,85
3,8,15,3.0,13.46951239190369,0.0,7,70,85
3,8,16,2.8,12.518618977845282,0.0,7,70,85
3,8,17,2.8,12.61885019625803,0.0,7,70,85
3,8,18,3.2,9.722391139144571,0.0,7,70,85
3,8,19,2.8,10.747949447738359,0.0,7,70,85
3,8,20,2.8,9.194538852895748,0.0,7,70,85
3,8,21,3.0,10.257284555888695,0.0,7,70,85
3,8,22,2.25,15.0545458290521,0.0,4,70,85
1,9,1,4.8,8.87157912888266,0.0,7,70,85
1,9,2,3.6,10.094940511983642,0.0,7,70,85
1,9,3,3.8,6.68942189891217,0.0,7,70,85
1,9,4,3.4,9.339285589737752,0.0,7,70,85
1,9,5,3.0,9.014856878035284,0.0,7,70,85
1,9,6,3.0,10.512983027467117,0.0,7,70,85
1,9,7,2.8,10.143887638813926,0.0,7,70,85
1,9,8,2.8,14.226779724341961,0.0,7,70,85
1,9,9,2.8,12.601271246058658,0.0,7,70,85
1,9,10,2.8,19.482789509743657,0.0,7,70,85
1,9,11,2.8,15.741224697397136,0.0,7,70,85
1,9,12,2.8,12.200738314839858,0.0,7,70,85
1,9,13,2.8,13.59219346903619,0.0,7,70,85
1,9,14,3.0,14.857350452680963,0.0,7,70,85
1,9,15,2.8,10.136206820086452,0.0,7,70,85
1,9,16,2.8,10.957477851778409,0.0,7,70,85
1,9,17,3.2,8.511439209596945,0.0,7,70,85
1,9,18,3.2,10.579061153358408,0.0,7,70,85
1,9,19,3.0,9.164901231939645,0.0,7,70,85
1,9,20,3.4,7.8474285602045475,0.0,7,70,85
2,9,1,3.6,10.526052746602135,0.0,7,70,85
2,9,2,4.0,9.145227102778186,0.0,7,70,85
2,9,3,3.6,8.196130872015498,0.0,7,70,85
2,9,4,3.2,8.268258737297055,0.0,7,70,85
2,9,5,3.0,8.891069400302722,0.0,7,70,85
2,9,6,3.0,12.235780482035628,0.0,7,70,85
2,9,7,3.4,9.28176254912814,0.0,7,70,85
2,9,8,3.0,11.920596100404579,0.0,7,70,85
2,9,9,2.8,12.075567541324215,0.0,7,70,85
2,9,10,3.2,10.707898535220592,0.0,7,70,85
2,9,11,2.8,14.313809427905241,0.0,7,70,85
2,9,12,2.8,10.372271681033478,0.0,7,70,85
2,9,13,3.0,12.466136355134104,0.0,7,70,85
2,9,14,3.2,9.287562252091984,0.0,7,70,85
2,9,15,3.0,10.333662080114506,0.0,7,70,85
2,9,16,2.8,11.838539726318563,0.0,7,70,85
2,9,17,3.0,14.455993647315179,0.0,7,70,85
2,9,18,2.8,10.31048438546109,0.0,7,70,85
2,9,19,2.8,8.962414885574885,0.0,7,70,85
2,9,20,3.0,11.187810812259716,0.0,7,70,85
3,9,1,2.8,11.094661502419294,0.0,7,70,85
3,9,2,2.8,11.637496544193343,0.0,7,70,85
3,9,3,3.0,10.31351674898211,0.0,7,70,85
3,9,4,2.8,9.54845257824862,0.0,7,70,85
3,9,5,2.8,9.946056559721416,0.0,7,70,85
3,9,6,2.8,8.311760538206595,0.0,7,70,85
3,9,7,3.0,11.78187943563396,0.0,7,70,85
3,9,8,2.8,10.787219285456715,0.0,7,70,85
3,9,9,2.8,13.700499509141991,0.0,7,70,85
3,9,10,2.8,9.49925732820177,0.0,7,70,85
3,9,11,2.8,15.253187711671739,0.0,7,70,85
3,9,12,3.2,9.20727205094522,0.0,7,70,85
3,9,13,3.0,10.36465478835883,0.0,7,70,85
3,9,14,3.2,8.389917497412881,0.0,7,70,85
3,9,15,3.0,14.076722615293386,0.0,7,70,85
3,9,16,3.0,11.158827399421005,0.0,7,70,85
3,9,17,2.8,10.460609923483885,0.0,7,70,85
3,9,18,3.0,11.255592904192456,0.0,7,70,85
3,9,19,2.8,15.29645612555948,0.0,7,70,85
3,9,20,2.8,9.476751573804904,0.0,7,70,85
3,9,21,2.8,9.679452591951069,0.0,7,70,85
3,9,22,2.2,14.523227783305165,0.0,5,70,85
1,10,1,4.8,8.806752178430404,0.0,7,70,85
1,10,2,3.6,11.771069763283199,0.0,7,70,85
1,10,3,3.4,8.355388815673768,0.0,7,70,85
1,10,4,3.2,9.879331486799993,0.0,7,70,85
1,10,5,3.2,8.730941985645554,0.0,7,70,85
1,10,6,3.0,8.855087407802296,0.0,7,70,85
1,10,7,2.8,12.17243947193616,0.0,7,70,85
1,10,8,2.8,15.020462934413601,0.0,7,70,85
1,10,9,2.8,12.02522497492566,0.0,7,70,85
1,10,10,2.8,13.392399855529522,0.0,7,70,85
1,10,11,2.8,17.03644904375391,0.0,7,70,85
1,10,12,2.8,10.99706560954186,0.0,7,70,85
1,10,13,2.8,14.020980447208487,0.0,7,70,85
1,10,14,3.0,13.531073334022727,0.0,7,70,85
1,10,15,2.8,12.222601830652383,0.0,7,70,85
1,10,16,2.8,11.518260079047733,0.0,7,70,85
1,10,17,3.6,7.271286925604234,0.0,7,70,85
1,10,18,3.0,12.726787875660929,0.0,7,70,85
1,10,19,2.8,9.78386421166136,0.0,7,70,85
1,10,20,3.4,8.655206132381156,0.0,7,70,85
2,10,1,3.8,10.275417075529726,0.0,7,70,85
2,10,2,4.2,8.467807133967934,0.0,7,70,85
2,10,3,3.4,8.572221538241388,0.0,7,70,85
2,10,4,3.6,7.598251275981651,0.0,7,70,85
2,10,5,2.8,8.911822798524495,0.0,7,70,85
2,10,6,3.2,10.832120893687025,0.0,7,70,85
2,10,7,3.4,8.771015240134851,0.0,7,70,85
2,10,8,2.8,12.32801024641404,0.0,7,70,85
2,10,9,2.8,12.350466504149685,0.0,7,70,85
2,10,10,3.0,10.416996837710016,0.0,7,70,85
2,10,11,2.8,12.950894540515659,0.0,7,70,85
2,10,12,2.8,11.712423290538398,0.0,7,70,85
2,10,13,2.8,10.267185724141289,0.0,7,70,85
2,10,14,3.0,9.869129970521923,0.0,7,70,85
2,10,15,3.4,8.249863581074203,0.0,7,70,85
2,10,16,2.8,10.901087845070126,0.0,7,70,85
2,10,17,3.0,11.548654906602772,0.0,7,70,85
2,10,18,3.0,8.537795017188627,0.0,7,70,85
2,10,19,2.8,9.121887638412435,0.0,7,70,85
2,10,20,2.6,10.548429550798971,0.0,5,70,85
3,10,1,3.6,7.1897266710888585,0.0,7,70,85
3,10,2,3.6,9.023857799738533,0.0,7,70,85
3,10,3,3.0,9.866017164126289,0.0,7,70,85
3,10,4,2.8,8.875787610333596,0.0,7,70,85
3,10,5,2.8,9.89368551099941,0.0,7,70,85
3,10,6,3.0,9.065810975639524,0.0,7,70,85
3,10,7,3.0,12.302368115287033,0.0,7,70,85
3,10,8,2.8,11.639082238409763,0.0,7,70,85
3,10,9,2.8,13.103718477938799,0.0,7,70,85
3,10,10,2.8,15.403504365248356,0.0,7,70,85
3,10,11,3.0,8.45009162630673,0.0,7,70,85
3,10,12,3.0,9.317523470785128,0.0,7,70,85
3,10,13,3.0,9.190117062425559,0.0,7,70,85
3,10,14,2.8,12.022812509949304,0.0,7,70,85
3,10,15,3.0,11.232168473740805,0.0,7,70,85
3,10,16,2.8,17.835996080989702,0.0,7,70,85
3,10,17,3.0,10.52486683457118,0.0,7,70,85
3,10,18,2.8,13.232059457234294,0.0,7,70,85
3,10,19,2.8,12.510456807463173,0.0,7,70,85
3,10,20,2.8,8.824456128348942,0.0,7,70,85
3,10,21,2.8,10.085652799586544,0.0,7,70,85
1,11,1,4.6,7.993105778836229,0.0,7,70,85
1,11,2,3.8,10.49313028341704,0.0,7,70,85
1,11,3,3.6,7.863785952624102,0.0,7,70,85
1,11,4,2.8,14.812002767742102,0.0,7,70,85
1,11,5,3.0,7.866658136817181,0.0,7,70,85
1,11,6,2.8,11.078331406465342,0.0,7,70,85
1,11,7,2.8,13.759094657026745,0.0,7,70,85
1,11,8,2.8,12.872948799871466,0.0,7,70,85
1,11,9,2.8,11.083002010488082,0.0,7,70,85
1,11,10,2.8,14.427183849430946,0.0,7,70,85
1,11,11,2.8,14.877049078508291,0.0,7,70,85
1,11,12,2.8,12.07409308476294,0.0,7,70,85
1,11,13,2.8,12.977718286948114,0.0,7,70,85
1,11,14,3.0,11.466445923735737,0.0,7,70,85
1,11,15,2.8,10.892788753366332,0.0,7,70,85
1,11,16,2.8,13.651440215937441,0.0,7,70,85
1,11,17,3.2,9.966467310707896,0.0,7,70,85
1,11,18,3.2,9.545837249207311,0.0,7,70,85
1,11,19,3.2,10.510964598836841,0.0,7,70,85
1,11,20,3.2,9.5045855189058,0.0,7,70,85
2,11,1,3.4,11.431658960537993,0.0,7,70,85
2,11,2,3.2,10.015270323709599,0.0,7,70,85
2,11,3,3.4,9.592835249678155,0.0,7,70,85
2,11,4,3.6,8.08990338798853,0.0,7,70,85
2,11,5,2.8,12.428402122176783,0.0,7,70,85
2,11,6,3.0,9.314489446127537,0.0,7,70,85
2,11,7,3.4,8.669232404324614,0.0,7,70,85
2,11,8,3.2,10.66328751647729,0.0,7,70,85
2,11,9,2.8,14.979458464039496,0.0,7,70,85
2,11,10,3.4,7.002719417105102,0.0,7,70,85
2,11,11,2.8,13.650791079859417,0.0,7,70,85
2,11,12,2.8,13.604124829084546,0.0,7,70,85
2,11,13,2.8,14.57440315128494,0.0,7,70,85
2,11,14,3.0,8.478186533289666,0.0,7,70,85
2,11,15,3.0,11.43787570610934,0.0,7,70,85
2,11,16,2.8,10.961671619002159,0.0,7,70,85
2,11,17,2.8,14.497837358268496,0.0,7,70,85
2,11,18,3.2,9.72445677045918,0.0,7,70,85
2,11,19,2.8,9.941660386003125,0.0,7,70,85
2,11,20,3.0,9.936524414564822,0.0,7,70,85
3,11,1,3.6,7.814379625797563,0.0,7,70,85
3,11,2,4.0,8.513699940899565,0.0,7,70,85
3,11,3,3.2,10.175037525606804,0.0,7,70,85
3,11,4,3.0,9.145209269608612,0.0,7,70,85
3,11,5,3.2,7.769327325618876,0.0,7,70,85
3,11,6,3.0,9.991828132761823,0.0,7,70,85
3,11,7,2.8,10.210920906778993,0.0,7,70,85
3,11,8,3.0,14.57743261208896,0.0,7,70,85
3,11,9,2.8,9.9316337934012,0.0,7,70,85
3,11,10,2.8,11.019103125461887,0.0,7,70,85
3,11,11,3.8,9.371885769340208,0.125,7,70,85
3,11,12,3.0,10.315600667693502,0.0,7,70,85
3,11,13,2.8,11.630684125787447,0.0,7,70,85
3,11,14,3.0,12.193659866158905,0.0,7,70,85
3,11,15,2.8,12.3612764098114,0.0,7,70,85
3,11,16,3.0,10.821913670679406,0.0,7,70,85
3,11,17,2.8,11.107848539828948,0.0,7,70,85
3,11,18,2.8,14.423101105092107,0.0,7,70,85
3,11,19,2.8,9.941828980320201,0.0,7,70,85
3,11,20,3.0,11.11474209954579,0.0,7,70,85
3,11,21,2.25,13.553311173666707,0.0,4,70,85
1,12,1,4.8,9.39730164351894,0.0,7,70,85
1,12,2,3.8,9.240353876264233,0.0,7,70,85
1,12,3,3.4,8.368390440636977,0.0,7,70,85
1,12,4,2.8,14.959080716173423,0.0,7,70,85
1,12,5,3.0,8.927166745842735,0.0,7,70,85
1,12,6,2.8,10.898015856964701,0.0,7,70,85
1,12,7,2.8,11.93351084825139,0.0,7,70,85
1,12,8,2.8,12.499135344019034,0.0,7,70,85
1,12,9,2.8,11.484316698655487,0.0,7,70,85
1,12,10,2.8,14.358431515638834,0.0,7,70,85
1,12,11,2.8,19.00623508011512,0.0,7,70,85
1,12,12,2.8,10.817023889501309,0.0,7,70,85
1,12,13,2.8,15.638353552506631,0.0,7,70,85
1,12,14,3.0,10.827745169360002,0.0,7,70,85
1,12,15,2.8,11.38678104803431,0.0,7,70,85
1,12,16,2.8,11.403845809206484,0.0,7,70,85
1,12,17,3.2,9.304734640997587,0.0,7,70,85
1,12,18,3.2,9.76234074108719,0.0,7,70,85
1,12,19,3.2,9.309356524355676,0.0,7,70,85
1,12,20,2.8,10.019831748177893,0.0,7,70,85
2,12,1,3.8,9.180351520986253,0.0,7,70,85
2,12,2,4.4,7.712928846760466,0.0,7,70,85
2,12,3,3.2,9.354861543648088,0.0,7,70,85
2,12,4,3.2,8.929643027042987,0.0,7,70,85
2,12,5,2.8,11.633195365219343,0.0,7,70,85
2,12,6,3.0,12.460127169308091,0.0,7,70,85
2,12,7,3.4,8.566721777696667,0.0,7,70,85
2,12,8,2.8,11.937793886045286,0.0,7,70,85
2,12,9,2.8,10.961487361460426,0.0,7,70,85
2,12,10,3.0,10.097164216925394,0.0,7,70,85
2,12,11,3.0,11.778942214619432,0.0,7,70,85
2,12,12,2.8,11.716373040107802,0.0,7,70,85
2,12,13,2.8,10.536466509414943,0.0,7,70,85
2,12,14,3.0,8.388245913558972,0.0,7,70,85
2,12,15,2.8,13.367714736788018,0.0,7,70,85
2,12,16,2.8,13.210911286610159,0.0,7,70,85
2,12,17,2.8,13.073690094000895,0.0,7,70,85
2,12,18,3.2,10.632898433375685,0.0,7,70,85
2,12,19,2.8,8.138780023081399,0.0,7,70,85
2,12,20,3.0,10.693205591769953,0.0,7,70,85
3,12,1,3.0,9.758927933462424,0.0,7,70,85
3,12,2,3.6,8.738252476919339,0.0,7,70,85
3,12,3,3.2,11.564069974752124,0.0,7,70,85
3,12,4,2.8,10.97121380438772,0.0,7,70,85
3,12,5,3.0,9.56456917991982,0.0,7,70,85
3,12,6,3.0,10.4634540508531,0.0,7,70,85
3,12,7,3.0,12.69586571728311,0.0,7,70,85
3,12,8,2.8,10.446908702987226,0.0,7,70,85
3,12,9,2.8,13.56333412322419,0.0,7,70,85
3,12,10,2.8,11.742771918162063,0.0,7,70,85
3,12,11,3.6,7.972853173782894,0.125,7,70,85
3,12,12,3.0,9.551638899428342,0.0,7,70,85
3,12,13,3.0,11.201242948223223,0.0,7,70,85
3,12,14,2.8,11.976839162048543,0.0,7,70,85
3,12,15,3.0,11.801853561029663,0.0,7,70,85
3,12,16,3.0,12.848798147979787,0.0,7,70,85
3,12,17,3.0,10.7049504838228,0.0,7,70,85
3,12,18,2.8,9.194140374116712,0.0,7,70,85
3,12,19,2.8,10.430563835023783,0.0,7,70,85
3,12,20,2.8,10.287616223545871,0.0,7,70,85
3,12,21,3.0,10.403474901109083,0.0,7,70,85
1,13,1,4.4,8.546566898206715,0.0,7,70,85
1,13,2,3.8,8.11015840818643,0.0,7,70,85
1,13,3,3.4,8.95566820339239,0.0,7,70,85
1,13,4,2.8,10.518490862853849,0.0,7,70,85
1,13,5,3.0,10.77202550977525,0.0,7,70,85
1,13,6,2.8,10.7579185867998,0.0,7,70,85
1,13,7,2.8,12.49153802459341,0.0,7,70,85
1,13,8,2.8,10.461871806394338,0.0,7,70,85
1,13,9,2.8,13.537508041164914,0.0,7,70,85
1,13,10,2.8,13.844666168865011,0.0,7,70,85
1,13,11,2.8,14.610497973651885,0.0,7,70,85
1,13,12,2.8,14.737795348951272,0.0,7,70,85
1,13,13,2.8,16.139971203565445,0.0,7,70,85
1,13,14,3.0,12.020540420374775,0.0,7,70,85
1,13,15,3.0,11.435592203238977,0.0,7,70,85
1,13,16,2.8,11.971975877814007,0.0,7,70,85
1,13,17,3.0,8.300068515650182,0.0,7,70,85
1,13,18,3.2,8.228759615908045,0.0,7,70,85
1,13,19,3.2,11.082581232435013,0.0,7,70,85
1,13,20,3.2,8.040766414140204,0.0,7,70,85
2,13,1,3.2,11.293144182182377,0.0,7,70,85
2,13,2,2.8,11.587785681942009,0.0,7,70,85
2,13,3,3.6,8.401328423660903,0.0,7,70,85
2,13,4,3.6,8.147301491004374,0.0,7,70,85
2,13,5,3.0,11.770761446774035,0.0,7,70,85
2,13,6,2.8,11.109857331408945,0.0,7,70,85
2,13,7,3.4,8.867257968287653,0.0,7,70,85
2,13,8,2.8,12.102135949193771,0.0,7,70,85
2,13,9,2.8,13.813069492993662,0.0,7,70,85
2,13,10,2.8,10.248587853552435,0.0,7,70,85
2,13,11,2.8,15.220690996429015,0.0,7,70,85
2,13,12,2.8,11.306359812492841,0.0,7,70,85
2,13,13,2.8,12.700891499487325,0.0,7,70,85
2,13,14,3.0,9.2459535610012,0.0,7,70,85
2,13,15,3.0,10.349863597633645,0.0,7,70,85
2,13,16,3.0,12.44613956666379,0.0,7,70,85
2,13,17,2.8,10.69618601844327,0.0,7,70,85
2,13,18,3.0,12.347754526338148,0.0,7,70,85
2,13,19,3.0,8.384178350864872,0.0,7,70,85
2,13,20,2.8,9.096238443395398,0.0,7,70,85
2,13,21,2.2,18.52619200183577,0.0,5,70,85
3,13,1,2.8,12.274783082700337,0.0,7,70,85
3,13,2,2.8,11.272855601687514,0.0,7,70,85
3,13,3,2.8,15.374428695210788,0.0,7,70,85
3,13,4,2.8,9.358224996278558,0.0,7,70,85
3,13,5,2.8,9.478371566438623,0.0,7,70,85
3,13,6,2.8,9.590384323696503,0.0,7,70,85
3,13,7,2.8,9.031835707835521,0.0,7,70,85
3,13,8,3.0,10.143950644108344,0.0,7,70,85
3,13,9,2.8,14.554136655310886,0.0,7,70,85
3,13,10,3.0,8.942069778089023,0.0,7,70,85
3,13,11,2.8,13.267845919889123,0.0,7,70,85
3,13,12,3.2,10.257286766844702,0.0,7,70,85
3,13,13,3.0,9.863216312940185,0.0,7,70,85
3,13,14,3.0,9.469049490617612,0.0,7,70,85
3,13,15,2.8,16.767492779339563,0.0,7,70,85
3,13,16,3.0,10.417696399044386,0.0,7,70,85
3,13,17,2.8,11.988863951482887,0.0,7,70,85
3,13,18,2.8,11.267806257490959,0.0,7,70,85
3,13,19,2.8,14.653949696285995,0.0,7,70,85
3,13,20,2.8,8.782866626671002,0.0,7,70,85
3,13,21,2.8,10.997417046759182,0.0,7,70,85
3,13,22,2.8,11.09475378915883,0.0,6,70,85
1,14,1,4.6,8.734599378463868,0.0,7,70,85
1,14,2,3.8,9.683739452269439,0.0,7,70,85
1,14,3,3.4,7.813685518865546,0.0,7,70,85
1,14,4,3.2,10.390363906849633,0.0,7,70,85
1,14,5,3.2,8.618557317355933,0.0,7,70,85
1,14,6,2.8,7.948729274182175,0.0,7,70,85
1,14,7,2.8,11.17387583129505,0.0,7,70,85
1,14,8,2.8,13.616135753475929,0.0,7,70,85
1,14,9,2.8,11.550794655533064,0.0,7,70,85
1,14,10,2.8,13.427159777566919,0.0,7,70,85
1,14,11,2.8,18.666926715873835,0.0,7,70,85
1,14,12,2.8,12.611866398884445,0.0,7,70,85
1,14,13,2.8,18.93402978070508,0.0,7,70,85
1,14,14,2.8,13.757193506946725,0.0,7,70,85
1,14,15,2.8,13.46013455503762,0.0,7,70,85
1,14,16,2.8,13.148186430772355,0.0,7,70,85
1,14,17,2.8,8.56185539912097,0.0,7,70,85
1,14,18,3.0,10.663614888825887,0.0,7,70,85
1,14,19,3.2,10.785056222979662,0.0,7,70,85
1,14,20,3.2,8.329748943470264,0.0,7,70,85
2,14,1,3.0,14.555491504276928,0.0,7,70,85
2,14,2,3.0,10.541536120686475,0.0,7,70,85
2,14,3,4.0,8.519679398813446,0.125,7,70,85
2,14,4,3.0,8.780922230406022,0.0,7,70,85
2,14,5,2.8,12.652654587997699,0.0,7,70,85
2,14,6,2.8,10.464714465944908,0.0,7,70,85
2,14,7,3.6,8.647075503748676,0.0,7,70,85
2,14,8,3.0,12.57498305671324,0.0,7,70,85
2,14,9,2.8,12.021205100988194,0.0,7,70,85
2,14,10,2.8,10.734236229926545,0.0,7,70,85
2,14,11,3.0,11.540351081033965,0.0,7,70,85
2,14,12,2.8,10.359395731835258,0.0,7,70,85
2,14,13,2.8,13.883136337162927,0.0,7,70,85
2,14,14,2.8,10.84605430125076,0.0,7,70,85
2,14,15,3.4,8.95205505999488,0.0,7,70,85
2,14,16,2.8,12.04855812566285,0.0,7,70,85
2,14,17,2.8,12.844726367869423,0.0,7,70,85
2,14,18,3.0,12.33391092593703,0.0,7,70,85
2,14,19,2.8,10.579932831391202,0.0,7,70,85
2,14,20,2.8,8.871926855290996,0.0,7,70,85
2,14,21,2.75,11.041586468184398,0.0,4,70,85
3,14,1,3.4,9.074846899277025,0.0,7,70,85
3,14,2,3.0,9.427902988770635,0.0,7,70,85
3,14,3,3.2,10.88254027092125,0.0,7,70,85
3,14,4,2.8,9.546392224651091,0.0,7,70,85
3,14,5,3.0,10.71954165859716,0.0,7,70,85
3,14,6,2.8,7.869159957525333,0.0,7,70,85
3,14,7,3.0,16.145744133579733,0.0,7,70,85
3,14,8,2.8,11.280216571631026,0.0,7,70,85
3,14,9,2.8,15.155394641750794,0.0,7,70,85
3,14,10,2.8,12.439273869155237,0.0,7,70,85
3,14,11,3.6,9.03291742717732,0.125,7,70,85
3,14,12,2.8,10.104976630880111,0.0,7,70,85
3,14,13,2.8,10.716836224457007,0.0,7,70,85
3,14,14,2.8,12.430019392594268,0.0,7,70,85
3,14,15,3.0,12.770143152208279,0.0,7,70,85
3,14,16,2.8,17.7489750660048,0.0,7,70,85
3,14,17,2.8,10.302643109492017,0.0,7,70,85
3,14,18,2.8,11.619665021044478,0.0,7,70,85
3,14,19,2.8,13.106079155911099,0.0,7,70,85
3,14,20,2.8,8.713761546035792,0.0,7,70,85
3,14,21,3.0,11.047126949571688,0.0,7,70,85
1,15,1,4.6,7.590381301316373,0.0,7,70,85
1,15,2,3.6,9.398036548934801,0.0,7,70,85
1,15,3,3.4,7.677710116912088,0.0,7,70,85
1,15,4,2.8,13.484108006392058,0.0,7,70,85
1,15,5,3.0,9.222365460225689,0.0,7,70,85
1,15,6,2.8,9.355034427509338,0.0,7,70,85
1,15,7,2.8,10.83021662462281,0.0,7,70,85
1,15,8,2.8,10.703442990791473,0.0,7,70,85
1,15,9,2.8,16.106530898421784,0.0,7,70,85
1,15,10,2.8,12.706172248874811,0.0,7,70,85
1,15,11,2.8,14.47016255277056,0.0,7,70,85
1,15,12,2.8,13.888614233770264,0.0,7,70,85
1,15,13,2.8,10.565296308767556,0.0,7,70,85
1,15,14,3.0,10.99016618069089,0.0,7,70,85
1,15,15,3.0,10.535866142872726,0.0,7,70,85
1,15,16,2.8,14.370114143368868,0.0,7,70,85
1,15,17,3.0,9.76631818306754,0.0,7,70,85
1,15,18,3.4,8.999708084152658,0.0,7,70,85
1,15,19,3.0,12.336503105374488,0.0,7,70,85
1,15,20,3.2,8.652684161197291,0.0,7,70,85
2,15,1,3.6,10.710381671222754,0.0,7,70,85
2,15,2,2.8,12.660648555225094,0.0,7,70,85
2,15,3,3.4,10.354124023964099,0.0,7,70,85
2,15,4,3.2,8.688041755309486,0.0,7,70,85
2,15,5,3.0,11.873540542959823,0.0,7,70,85
2,15,6,2.8,10.141612874667278,0.0,7,70,85
2,15,7,3.6,8.626854607368552,0.0,7,70,85
2,15,8,3.4,9.462205839184634,0.0,7,70,85
2,15,9,2.8,12.697928896154435,0.0,7,70,85
2,15,10,2.8,9.958879372227388,0.0,7,70,85
2,15,11,2.8,12.127007784189749,0.0,7,70,85
2,15,12,2.8,14.728263841788834,0.0,7,70,85
2,15,13,2.8,12.178875149257877,0.0,7,70,85
2,15,14,2.8,9.882851628233135,0.0,7,70,85
2,15,15,3.6,7.609297166807965,0.125,7,70,85
2,15,16,2.8,13.823033810904855,0.0,7,70,85
2,15,17,2.8,12.699949135824026,0.0,7,70,85
2,15,18,3.2,10.037746562277453,0.0,7,70,85
2,15,19,2.8,10.043871100915151,0.0,7,70,85
2,15,20,3.8,6.933300432271035,0.125,7,70,85
3,15,1,2.8,10.071553359044488,0.0,7,70,85
3,15,2,2.8,13.396296317804703,0.0,7,70,85
3,15,3,2.8,11.90344455535135,0.0,7,70,85
3,15,4,2.8,10.23523009859806,0.0,7,70,85
3,15,5,2.8,9.956708848253205,0.0,7,70,85
3,15,6,2.8,9.884883558088914,0.0,7,70,85
3,15,7,2.8,8.965636898283938,0.0,7,70,85
3,15,8,2.8,11.160179130563742,0.0,7,70,85
3,15,9,3.0,10.977819093731053,0.0,7,70,85
3,15,10,2.8,10.160704807044915,0.0,7,70,85
3,15,11,3.0,13.774853708223139,0.0,7,70,85
3,15,12,3.4,9.178733795334367,0.0,7,70,85
3,15,13,3.0,11.75398784712204,0.0,7,70,85
3,15,14,2.8,9.72988809106099,0.0,7,70,85
3,15,15,2.8,19.00829044205823,0.0,7,70,85
3,15,16,3.0,10.008551476833539,0.0,7,70,85
3,15,17,2.8,12.818019272223287,0.0,7,70,85
3,15,18,3.0,11.990354170191535,0.0,7,70,85
3,15,19,2.8,12.095921425667935,0.0,7,70,85
3,15,20,3.0,9.587757486969574,0.0,7,70,85
3,15,21,3.0,10.345580808958875,0.0,7,70,85
3,15,22,2.2,17.030525379105484,0.0,5,70,85
1,16,1,4.2,9.85623111661188,0.0,7,70,85
1,16,2,3.8,11.14592215849437,0.0,7,70,85
1,16,3,3.2,10.552583874171967,0.0,7,70,85
1,16,4,3.4,10.817366465514421,0.0,7,70,85
1,16,5,3.2,9.472144958352262,0.0,7,70,85
1,16,6,2.8,10.610189399225943,0.0,7,70,85
1,16,7,2.8,10.897628679373046,0.0,7,70,85
1,16,8,2.8,10.77778560487507,0.0,7,70,85
1,16,9,2.8,13.798441335177777,0.0,7,70,85
1,16,10,2.8,14.290331348542619,0.0,7,70,85
1,16,11,2.8,16.690040479005773,0.0,7,70,85
1,16,12,2.8,10.008559733127855,0.0,7,70,85
1,16,13,2.8,18.02384288261787,0.0,7,70,85
1,16,14,2.8,11.555770706540947,0.0,7,70,85
1,16,15,3.0,11.153632431621052,0.0,7,70,85
1,16,16,2.8,10.908403976787064,0.0,7,70,85
1,16,17,3.2,9.247617988478305,0.0,7,70,85
1,16,18,3.2,8.692144604203802,0.0,7,70,85
1,16,19,3.4,9.103951846712544,0.0,7,70,85
1,16,20,3.4,8.21633237901045,0.0,7,70,85
2,16,1,2.8,12.628826762864806,0.0,7,70,85
2,16,2,3.2,9.706783982538548,0.0,7,70,85
2,16,3,4.0,8.059388688018416,0.125,7,70,85
2,16,4,3.2,9.680377351223909,0.0,7,70,85
2,16,5,2.8,14.001368267111197,0.0,7,70,85
2,16,6,2.8,8.4819887856626,0.0,7,70,85
2,16,7,3.0,10.465334611835514,0.0,7,70,85
2,16,8,2.8,11.488685289903323,0.0,7,70,85
2,16,9,2.8,11.340438839226218,0.0,7,70,85
2,16,10,2.8,11.095175639591865,0.0,7,70,85
2,16,11,2.8,11.319840853964799,0.0,7,70,85
2,16,12,2.8,12.275090450492957,0.0,7,70,85
2,16,13,2.8,10.783180602644693,0.0,7,70,85
2,16,14,2.8,9.933671613822089,0.0,7,70,85
2,16,15,3.0,9.011227652032575,0.0,7,70,85
2,16,16,3.0,11.22519596515212,0.0,7,70,85
2,16,17,2.8,12.634925492728467,0.0,7,70,85
2,16,18,3.0,12.956454824089258,0.0,7,70,85
2,16,19,3.0,9.652904310107942,0.0,7,70,85
2,16,20,2.8,8.525175364536869,0.0,7,70,85
2,16,21,3.0,9.853950881199541,0.0,7,70,85
3,16,1,3.0,9.442530605765672,0.0,7,70,85
3,16,2,2.8,13.554288818338943,0.0,7,70,85
3,16,3,3.2,10.122315459112103,0.0,7,70,85
3,16,4,2.8,9.570482171365908,0.0,7,70,85
3,16,5,2.8,10.013108713050515,0.0,7,70,85
3,16,6,2.8,8.164274164203752,0.0,7,70,85
3,16,7,2.8,10.384743514642823,0.0,7,70,85
3,16,8,2.8,11.795770553355139,0.0,7,70,85
3,16,9,2.8,16.13054361210358,0.0,7,70,85
3,16,10,2.8,11.52197177100033,0.0,7,70,85
3,16,11,2.8,10.526034482764587,0.0,7,70,85
3,16,12,3.6,7.6954692008658485,0.125,7,70,85
3,16,13,3.2,10.370986452105617,0.0,7,70,85
3,16,14,3.0,10.92880271985065,0.0,7,70,85
3,16,15,2.8,12.286065035304011,0.0,7,70,85
3,16,16,3.2,13.196993956221792,0.0,7,70,85
3,16,17,3.0,9.607213149845583,0.0,7,70,85
3,16,18,2.8,11.890751053189716,0.0,7,70,85
3,16,19,2.8,12.697929024294346,0.0,7,70,85
3,16,20,2.8,9.740716236216503,0.0,7,70,85
3,16,21,3.0,9.744649303028066,0.0,7,70,85
1,17,1,4.6,8.122391211022766,0.0,7,70,85
1,17,2,3.8,9.988722374513149,0.0,7,70,85
1,17,3,3.6,7.400245208652053,0.0,7,70,85
1,17,4,2.8,11.481776378186348,0.0,7,70,85
1,17,5,3.0,7.6180346728955515,0.0,7,70,85
1,17,6,3.0,10.153789950218592,0.0,7,70,85
1,17,7,2.8,10.716364615674582,0.0,7,70,85
1,17,8,3.0,12.164189263472563,0.0,7,70,85
1,17,9,2.8,10.63357654639697,0.0,7,70,85
1,17,10,2.8,14.740991440886502,0.0,7,70,85
1,17,11,2.8,18.666926715873768,0.0,7,70,85
1,17,12,2.8,11.438794622478161,0.0,7,70,85
1,17,13,2.8,13.5032676283125,0.0,7,70,85
1,17,14,2.8,14.554659203301767,0.0,7,70,85
1,17,15,3.0,9.334803499598436,0.0,7,70,85
1,17,16,2.8,12.272693715513615,0.0,7,70,85
1,17,17,3.0,8.80164255581453,0.0,7,70,85
1,17,18,3.0,9.501983961530543,0.0,7,70,85
1,17,19,3.2,10.088631651997396,0.0,7,70,85
1,17,20,3.0,9.446750668202641,0.0,7,70,85
2,17,1,4.2,8.957258118048651,0.0,7,70,85
2,17,2,4.2,7.6484119336686165,0.0,7,70,85
2,17,3,3.8,7.384577276132715,0.0,7,70,85
2,17,4,3.2,8.526436276942366,0.0,7,70,85
2,17,5,2.8,9.052502877114886,0.0,7,70,85
2,17,6,3.4,10.30419731309786,0.0,7,70,85
2,17,7,3.0,10.252504943749072,0.0,7,70,85
2,17,8,2.8,12.73343690367142,0.0,7,70,85
2,17,9,2.8,11.756310283840078,0.0,7,70,85
2,17,10,2.8,12.760498531501385,0.0,7,70,85
2,17,11,2.8,12.324561276872995,0.0,7,70,85
2,17,12,2.8,11.75745444279421,0.0,7,70,85
2,17,13,2.8,10.966764340073826,0.0,7,70,85
2,17,14,3.0,9.078103933411954,0.0,7,70,85
2,17,15,3.2,10.04834288147675,0.0,7,70,85
2,17,16,2.8,10.533633472745441,0.0,7,70,85
2,17,17,3.0,12.230155189961668,0.0,7,70,85
2,17,18,3.0,9.402044233350328,0.0,7,70,85
2,17,19,2.8,8.417328221900442,0.0,7,70,85
2,17,20,2.8,11.198205304205374,0.0,6,70,85
3,17,1,3.4,8.079805182976072,0.0,7,70,85
3,17,2,3.2,10.67979282146715,0.0,7,70,85
3,17,3,3.0,10.075049093999326,0.0,7,70,85
3,17,4,2.8,9.917922514654386,0.0,7,70,85
3,17,5,3.0,9.668870852249446,0.0,7,70,85
3,17,6,2.8,8.82268334995602,0.0,7,70,85
3,17,7,3.2,12.155635183770366,0.0,7,70,85
3,17,8,3.0,9.22685704748629,0.0,7,70,85
3,17,9,2.8,13.74623870810675,0.0,7,70,85
3,17,10,2.8,11.833652780464153,0.0,7,70,85
3,17,11,3.0,8.52015302315166,0.0,7,70,85
3,17,12,3.2,8.901072185175792,0.0,7,70,85
3,17,13,3.0,12.003903543873044,0.0,7,70,85
3,17,14,3.0,13.130695465536537,0.0,7,70,85
3,17,15,3.0,11.240739393903274,0.0,7,70,85
3,17,16,2.8,14.975610581657072,0.0,7,70,85
3,17,17,3.0,11.15229012531832,0.0,7,70,85
3,17,18,2.8,12.142660742173055,0.0,7,70,85
3,17,19,2.8,11.271400034894677,0.0,7,70,85
3,17,20,2.8,8.792454461539219,0.0,7,70,85
3,17,21,2.8,10.599299650032327,0.0,7,70,85
1,18,1,4.4,8.682015276347387,0.0,7,70,85
1,18,2,3.8,10.95597193180496,0.0,7,70,85
1,18,3,3.2,8.973262291988602,0.0,7,70,85
1,18,4,3.2,11.489065730973143,0.0,7,70,85
1,18,5,3.2,7.783714423138229,0.0,7,70,85
1,18,6,2.8,10.284249790417096,0.0,7,70,85
1,18,7,2.8,14.21343988724101,0.0,7,70,85
1,18,8,2.8,17.56267667194123,0.0,7,70,85
1,18,9,2.8,12.355557298642655,0.0,7,70,85
1,18,10,2.8,13.674208955190421,0.0,7,70,85
1,18,11,2.8,16.41721989296908,0.0,7,70,85
1,18,12,2.8,13.069165918426869,0.0,7,70,85
1,18,13,2.8,14.035676774651279,0.0,7,70,85
1,18,14,2.8,10.36337534967765,0.0,7,70,85
1,18,15,2.8,14.434795450842136,0.0,7,70,85
1,18,16,2.8,13.292382012555091,0.0,7,70,85
1,18,17,3.0,8.023775850373104,0.0,7,70,85
1,18,18,3.2,9.09845894997593,0.0,7,70,85
1,18,19,2.8,12.84187513137947,0.0,7,70,85
1,18,20,3.0,9.519996138723275,0.0,7,70,85
1,18,21,2.4,12.457436733307203,0.0,5,70,85
2,18,1,3.0,15.5946544758697,0.0,7,70,85
2,18,2,2.8,14.30475268579624,0.0,7,70,85
2,18,3,3.8,9.561982935479536,0.125,7,70,85
2,18,4,3.0,9.691272423332652,0.0,7,70,85
2,18,5,2.8,9.952416750968226,0.0,7,70,85
2,18,6,2.8,10.774878209416997,0.0,7,70,85
2,18,7,3.4,9.43036452518613,0.0,7,70,85
2,18,8,3.2,10.334363751591795,0.0,7,70,85
2,18,9,2.8,10.815059239229075,0.0,7,70,85
2,18,10,2.8,10.065465165299376,0.0,7,70,85
2,18,11,3.0,10.558328948989876,0.0,7,70,85
2,18,12,2.8,13.146478683064625,0.0,7,70,85
2,18,13,2.8,11.861876005660697,0.0,7,70,85
2,18,14,2.8,8.122511149026803,0.0,7,70,85
2,18,15,3.2,10.571015697427693,0.0,7,70,85
2,18,16,3.0,10.779073896339245,0.0,7,70,85
2,18,17,2.8,11.478680723526251,0.0,7,70,85
2,18,18,3.0,14.56488436661728,0.0,7,70,85
2,18,19,3.0,9.132620005718998,0.0,7,70,85
2,18,20,2.8,9.925284861780892,0.0,7,70,85
2,18,21,2.4,12.68294094627599,0.0,5,70,85
3,18,1,2.8,10.743853384483987,0.0,7,70,85
3,18,2,3.0,13.24738597465634,0.0,7,70,85
3,18,3,2.8,11.498887574466284,0.0,7,70,85
3,18,4,2.8,10.427539013535744,0.0,7,70,85
3,18,5,2.8,9.557496565619623,0.0,7,70,85
3,18,6,2.8,8.472965912983627,0.0,7,70,85
3,18,7,3.0,11.057645056845852,0.0,7,70,85
3,18,8,2.8,12.61111422792951,0.0,7,70,85
3,18,9,2.8,16.55618517669339,0.0,7,70,85
3,18,10,2.8,10.24728808720026,0.0,7,70,85
3,18,11,2.8,12.111776425786655,0.0,7,70,85
3,18,12,3.0,12.349141869851756,0.0,7,70,85
3,18,13,3.2,8.901380823507933,0.0,7,70,85
3,18,14,3.0,9.633104056948309,0.0,7,70,85
3,18,15,2.8,17.047915804563953,0.0,7,70,85
3,18,16,3.2,10.231382856082027,0.0,7,70,85
3,18,17,2.8,12.450581386640023,0.0,7,70,85
3,18,18,3.2,10.279997466492805,0.0,7,70,85
3,18,19,2.8,15.070310969570812,0.0,7,70,85
3,18,20,2.8,10.204050465073625,0.0,7,70,85
3,18,21,2.8,10.565684327213791,0.0,7,70,85
3,18,22,2.2,16.983235144497336,0.0,5,70,85
1,19,1,4.6,8.166420789780478,0.0,7,70,85
1,19,2,3.6,12.071352486836705,0.0,7,70,85
1,19,3,3.2,8.777212177394983,0.0,7,70,85
1,19,4,3.0,12.242603615655215,0.0,7,70,85
1,19,5,2.8,9.709547672122621,0.0,7,70,85
1,19,6,2.8,9.300816175994518,0.0,7,70,85
1,19,7,3.0,16.626311586723897,0.0,7,70,85
1,19,8,2.8,10.127794662134887,0.0,7,70,85
1,19,9,2.8,13.38713661825102,0.0,7,70,85
1,19,10,2.8,13.443156527914415,0.0,7,70,85
1,19,11,2.8,14.826180233846726,0.0,7,70,85
1,19,12,2.8,13.364960275389482,0.0,7,70,85
1,19,13,2.8,14.578141136461731,0.0,7,70,85
1,19,14,3.0,11.010246480033963,0.0,7,70,85
1,19,15,3.0,11.6118791005847,0.0,7,70,85
1,19,16,2.8,14.167406232843954,0.0,7,70,85
1,19,17,3.0,8.38087345009702,0.0,7,70,85
1,19,18,2.8,10.653433263167852,0.0,7,70,85
1,19,19,3.2,10.859284080899904,0.0,7,70,85
1,19,20,2.8,10.272201040778919,0.0,7,70,85
1,19,21,2.6,11.199104988876433,0.0,5,70,85
2,19,1,3.2,13.108453292631431,0.0,7,70,85
2,19,2,2.8,12.139794520890705,0.0,7,70,85
2,19,3,4.0,7.25620657932504,0.125,7,70,85
2,19,4,3.0,8.768333550438996,0.0,7,70,85
2,19,5,2.8,11.423753779906997,0.0,7,70,85
2,19,6,2.8,9.640010830382744,0.0,7,70,85
2,19,7,3.6,8.634867408070898,0.0,7,70,85
2,19,8,3.0,10.255549095896027,0.0,7,70,85
2,19,9,2.8,12.28685173027276,0.0,7,70,85
2,19,10,2.8,8.828415578995102,0.0,7,70,85
2,19,11,3.0,12.533622456776287,0.0,7,70,85
2,19,12,2.8,12.731472532860808,0.0,7,70,85
2,19,13,2.8,12.098121297123381,0.0,7,70,85
2,19,14,2.8,9.834529880571644,0.0,7,70,85
2,19,15,3.0,12.209348345176542,0.0,7,70,85
2,19,16,3.0,11.172896106658232,0.0,7,70,85
2,19,17,2.8,9.711153105238404,0.0,7,70,85
2,19,18,3.0,12.813391644673109,0.0,7,70,85
2,19,19,3.0,8.560196935031817,0.0,7,70,85
2,19,20,2.8,8.249655100919629,0.0,7,70,85
2,19,21,2.2,13.177505311758523,0.0,5,70,85
3,19,1,2.8,10.819879973769513,0.0,7,70,85
3,19,2,2.8,12.121859714802646,0.0,7,70,85
3,19,3,3.0,11.367830998276032,0.0,7,70,85
3,19,4,2.8,10.682519264195294,0.0,7,70,85
3,19,5,2.8,10.474077826843287,0.0,7,70,85
3,19,6,2.8,8.996418562779638,0.0,7,70,85
3,19,7,2.8,11.041042974274841,0.0,7,70,85
3,19,8,2.8,11.535252714526981,0.0,7,70,85
3,19,9,2.8,14.05253899001719,0.0,7,70,85
3,19,10,2.8,9.945904706458004,0.0,7,70,85
3,19,11,3.0,10.729924465481355,0.0,7,70,85
3,19,12,3.0,10.91644483805139,0.0,7,70,85
3,19,13,3.0,9.263710879110445,0.0,7,70,85
3,19,14,3.0,9.408704093158486,0.0,7,70,85
3,19,15,2.8,17.71081652332796,0.0,7,70,85
3,19,16,3.0,10.159677417863156,0.0,7,70,85
3,19,17,2.8,13.420504232171034,0.0,7,70,85
3,19,18,3.0,10.990994149570323,0.0,7,70,85
3,19,19,2.8,13.002786507350569,0.0,7,70,85
3,19,20,2.8,9.19206516734732,0.0,7,70,85
3,19,21,2.8,10.899425792175938,0.0,7,70,85
3,19,22,2.8,12.841909151929077,0.0,6,70,85
1,20,1,4.8,8.75556879238026,0.0,7,70,85
1,20,2,3.6,10.858970849714503,0.0,7,70,85
1,20,3,3.4,7.864674409387267,0.0,7,70,85
1,20,4,2.8,12.405413854996219,0.0,7,70,85
1,20,5,3.2,8.872451505436407,0.0,7,70,85
1,20,6,3.0,10.03542291326432,0.0,7,70,85
1,20,7,2.8,12.020318302915907,0.0,7,70,85
1,20,8,2.8,12.692730974700183,0.0,7,70,85
1,20,9,2.8,12.29813950434444,0.0,7,70,85
1,20,10,2.8,15.385801400945368,0.0,7,70,85
1,20,11,3.0,16.58771892425807,0.0,7,70,85
1,20,12,2.8,12.559295727223862,0.0,7,70,85
1,20,13,2.8,14.338658298030229,0.0,7,70,85
1,20,14,2.8,12.475540094860555,0.0,7,70,85
1,20,15,3.0,10.58044018714625,0.0,7,70,85
1,20,16,3.0,11.265355245503613,0.0,7,70,85
1,20,17,3.2,9.26389235042582,0.0,7,70,85
1,20,18,3.2,8.503093077064518,0.0,7,70,85
1,20,19,3.0,10.301299632642658,0.0,7,70,85
1,20,20,3.2,9.254962901500075,0.0,7,70,85
2,20,1,3.6,10.226840780489153,0.0,7,70,85
2,20,2,3.8,9.688910306117242,0.0,7,70,85
2,20,3,3.2,9.811732726187598,0.0,7,70,85
2,20,4,3.2,9.279484328003921,0.0,7,70,85
2,20,5,2.8,10.82612971410578,0.0,7,70,85
2,20,6,2.8,11.382344573911992,0.0,7,70,85
2,20,7,3.4,8.395529397587888,0.0,7,70,85
2,20,8,3.2,11.068538128593662,0.0,7,70,85
2,20,9,2.8,14.58648568480373,0.0,7,70,85
2,20,10,3.2,8.079341104598237,0.0,7,70,85
2,20,11,2.8,14.562165450221494,0.0,7,70,85
2,20,12,2.8,13.52208837525373,0.0,7,70,85
2,20,13,2.8,11.71408565353727,0.0,7,70,85
2,20,14,2.8,8.721857175597183,0.0,7,70,85
2,20,15,3.2,10.496112839517478,0.0,7,70,85
2,20,16,2.8,11.06705982171005,0.0,7,70,85
2,20,17,2.8,10.69949929684534,0.0,7,70,85
2,20,18,3.2,10.16499433986054,0.0,7,70,85
2,20,19,2.8,9.012563139408993,0.0,7,70,85
2,20,20,3.0,8.778250089877897,0.0,7,70,85
3,20,1,3.8,7.439806930321959,0.0,7,70,85
3,20,2,3.6,8.287237850827317,0.0,7,70,85
3,20,3,3.0,11.219729460897188,0.0,7,70,85
3,20,4,2.8,10.274654620678882,0.0,7,70,85
3,20,5,3.2,8.549145160281148,0.0,7,70,85
3,20,6,2.8,9.579219306625964,0.0,7,70,85
3,20,7,3.0,12.44197331655046,0.0,7,70,85
3,20,8,2.8,12.231571319448951,0.0,7,70,85
3,20,9,2.8,11.177196175481006,0.0,7,70,85
3,20,10,2.8,10.772198177384707,0.0,7,70,85
3,20,11,3.6,8.853535916395115,0.125,7,70,85
3,20,12,2.8,9.384051097716805,0.0,7,70,85
3,20,13,2.8,11.075599054435756,0.0,7,70,85
3,20,14,2.8,16.914724741655807,0.0,7,70,85
3,20,15,3.2,9.466052383769904,0.0,7,70,85
3,20,16,2.8,16.238284614276797,0.0,7,70,85
3,20,17,3.0,10.159383469556577,0.0,7,70,85
3,20,18,2.8,13.3406616024923,0.0,7,70,85
3,20,19,3.0,9.413047731012714,0.0,7,70,85
3,20,20,2.8,10.416774758798873,0.0,7,70,85
3,20,21,2.8,11.710817877924674,0.0,6,70,85
1,21,1,4.4,9.26964709627264,0.0,7,70,85
1,21,2,4.0,9.060270463750356,0.0,7,70,85
1,21,3,3.4,8.355388815673766,0.0,7,70,85
1,21,4,2.8,12.155182559060425,0.0,7,70,85
1,21,5,3.0,9.14424059656679,0.0,7,70,85
1,21,6,2.8,12.134429690831588,0.0,7,70,85
1,21,7,2.8,14.087860936523905,0.0,7,70,85
1,21,8,2.8,12.737767761977578,0.0,7,70,85
1,21,9,2.8,12.144452080312703,0.0,7,70,85
1,21,10,2.8,18.94984725829368,0.0,7,70,85
1,21,11,2.8,13.315971610041519,0.0,7,70,85
1,21,12,2.8,13.101003466391965,0.0,7,70,85
1,21,13,2.8,20.455116049327444,0.0,7,70,85
1,21,14,2.8,10.696797091014416,0.0,7,70,85
1,21,15,2.8,13.875750352958248,0.0,7,70,85
1,21,16,2.8,14.090511382464198,0.0,7,70,85
1,21,17,3.0,8.042827946948222,0.0,7,70,85
1,21,18,3.0,9.754506475568132,0.0,7,70,85
1,21,19,3.2,11.181685796053436,0.0,7,70,85
1,21,20,3.2,8.408591050836064,0.0,7,70,85
1,21,21,2.75,11.004825096584408,0.0,4,70,85
2,21,1,3.8,8.772172061479697,0.0,7,70,85
2,21,2,4.4,7.943323508042737,0.125,7,70,85
2,21,3,3.2,9.340574776526228,0.0,7,70,85
2,21,4,3.0,8.018247710320317,0.0,7,70,85
2,21,5,2.8,9.704471735194858,0.0,7,70,85
2,21,6,3.0,11.904306287612355,0.0,7,70,85
2,21,7,3.4,9.602048140249341,0.0,7,70,85
2,21,8,3.0,10.108436143672794,0.0,7,70,85
2,21,9,2.8,10.76849177905927,0.0,7,70,85
2,21,10,3.0,9.917070522887961,0.0,7,70,85
2,21,11,3.0,13.174422005282441,0.0,7,70,85
2,21,12,2.8,11.284047308828972,0.0,7,70,85
2,21,13,2.8,12.052137462171624,0.0,7,70,85
2,21,14,3.0,9.350007375501182,0.0,7,70,85
2,21,15,2.8,11.593901768546033,0.0,7,70,85
2,21,16,2.8,10.961583802163421,0.0,7,70,85
2,21,17,2.8,12.880952162677755,0.0,7,70,85
2,21,18,3.2,9.766928433193131,0.0,7,70,85
2,21,19,2.8,8.248543941595429,0.0,7,70,85
2,21,20,2.8,10.325598836095647,0.0,7,70,85
3,21,1,2.8,10.468024921078039,0.0,7,70,85
3,21,2,3.0,12.671038118316215,0.0,7,70,85
3,21,3,2.8,12.56165491607856,0.0,7,70,85
3,21,4,2.8,9.287461578632751,0.0,7,70,85
3,21,5,2.8,8.676222134581387,0.0,7,70,85
3,21,6,2.8,9.185577628564255,0.0,7,70,85
3,21,7,3.0,10.765688185411738,0.0,7,70,85
3,21,8,2.8,11.326600548717614,0.0,7,70,85
3,21,9,2.8,14.309529027371747,0.0,7,70,85
3,21,10,2.8,10.028850950530588,0.0,7,70,85
3,21,11,2.8,12.559463375199194,0.0,7,70,85
3,21,12,3.4,9.361370713654685,0.0,7,70,85
3,21,13,3.0,10.895490641192852,0.0,7,70,85
3,21,14,3.0,8.336347546264836,0.0,7,70,85
3,21,15,3.0,13.606961601560762,0.0,7,70,85
3,21,16,3.0,12.328472703904435,0.0,7,70,85
3,21,17,2.8,13.10556090618259,0.0,7,70,85
3,21,18,3.0,10.238157292877185,0.0,7,70,85
3,21,19,2.8,13.780044447783308,0.0,7,70,85
3,21,20,2.8,9.671566702509333,0.0,7,70,85
3,21,21,2.8,10.178835394376405,0.0,7,70,85
3,21,22,2.2,19.849345880059126,0.0,5,70,85
1,22,1,4.6,8.500494919670938,0.0,7,70,85
1,22,2,3.6,10.834268300091498,0.0,7,70,85
1,22,3,3.4,8.03606392140333,0.0,7,70,85
1,22,4,2.8,11.223774397983528,0.0,7,70,85
1,22,5,2.8,12.20760260567395,0.0,7,70,85
1,22,6,2.8,9.008820010885733,0.0,7,70,85
1,22,7,3.0,14.065069572206466,0.0,7,70,85
1,22,8,2.8,11.22167397732769,0.0,7,70,85
1,22,9,2.8,15.852308012484688,0.0,7,70,85
1,22,10,2.8,15.245735911098013,0.0,7,70,85
1,22,11,2.8,17.805039710959136,0.0,7,70,85
1,22,12,2.8,13.276622710625583,0.0,7,70,85
1,22,13,2.8,14.369564391484174,0.0,7,70,85
1,22,14,2.8,11.162229298603002,0.0,7,70,85
1,22,15,2.8,10.440164300617925,0.0,7,70,85
1,22,16,2.8,13.669845011375106,0.0,7,70,85
1,22,17,3.2,8.814853689679756,0.0,7,70,85
1,22,18,3.0,9.331559015109336,0.0,7,70,85
1,22,19,3.2,9.658342777064782,0.0,7,70,85
1,22,20,2.8,9.82022282954341,0.0,7,70,85
1,22,21,2.6,12.371711072648244,0.0,5,70,85
2,22,1,3.2,11.04834147973344,0.0,7,70,85
2,22,2,3.0,10.33221261526825,0.0,7,70,85
2,22,3,3.4,9.455161840409469,0.0,7,70,85
2,22,4,3.4,8.022082032805582,0.0,7,70,85
2,22,5,3.0,11.71434920035672,0.0,7,70,85
2,22,6,3.0,10.188562629915607,0.0,7,70,85
2,22,7,3.6,8.627102612773282,0.0,7,70,85
2,22,8,2.8,12.033615156810813,0.0,7,70,85
2,22,9,2.8,12.385985628081936,0.0,7,70,85
2,22,10,2.8,8.846073568575015,0.0,7,70,85
2,22,11,3.0,11.209959218158998,0.0,7,70,85
2,22,12,2.8,11.886063515291056,0.0,7,70,85
2,22,13,2.8,12.142731813598951,0.0,7,70,85
2,22,14,2.8,9.227304859070564,0.0,7,70,85
2,22,15,3.0,10.48236908739403,0.0,7,70,85
2,22,16,2.8,13.116041367609593,0.0,7,70,85
2,22,17,3.0,9.775707026218265,0.0,7,70,85
2,22,18,3.0,11.971773380200151,0.0,7,70,85
2,22,19,3.0,8.869007090245823,0.0,7,70,85
2,22,20,2.8,10.074424016366747,0.0,7,70,85
2,22,21,2.5,11.515418767651793,0.0,4,70,85
3,22,1,3.0,10.888188312780946,0.0,7,70,85
3,22,2,3.2,9.476773087385647,0.0,7,70,85
3,22,3,3.0,11.953925481605912,0.0,7,70,85
3,22,4,2.8,8.58948086484784,0.0,7,70,85
3,22,5,3.0,9.596838117767524,0.0,7,70,85
3,22,6,2.8,8.613989065844626,0.0,7,70,85
3,22,7,3.2,11.214938046042768,0.0,7,70,85
3,22,8,2.8,11.097375212049627,0.0,7,70,85
3,22,9,2.8,13.517272715034347,0.0,7,70,85
3,22,10,2.8,11.625772018126929,0.0,7,70,85
3,22,11,3.8,7.898473225491284,0.125,7,70,85
3,22,12,2.8,12.009855314533539,0.0,7,70,85
3,22,13,2.8,12.388278040071867,0.0,7,70,85
3,22,14,2.8,11.967887536667469,0.0,7,70,85
3,22,15,2.8,11.71085073042271,0.0,7,70,85
3,22,16,3.0,11.869792814723517,0.0,7,70,85
3,22,17,3.0,10.070395601004513,0.0,7,70,85
3,22,18,2.8,13.085191465661978,0.0,7,70,85
3,22,19,2.8,13.563155168803291,0.0,7,70,85
3,22,20,2.8,9.559392281617347,0.0,7,70,85
3,22,21,2.8,11.999063494655966,0.0,7,70,85
1,23,1,4.8,8.730199554943905,0.0,7,70,85
1,23,2,3.4,10.181628830885437,0.0,7,70,85
1,23,3,3.4,7.552614735252719,0.0,7,70,85
1,23,4,2.8,13.544724565226737,0.0,7,70,85
1,23,5,3.0,9.09706433082692,0.0,7,70,85
1,23,6,2.8,9.562875223414816,0.0,7,70,85
1,23,7,2.8,16.76650085606446,0.0,7,70,85
1,23,8,2.8,10.62793355865192,0.0,7,70,85
1,23,9,2.8,13.211042473111467,0.0,7,70,85
1,23,10,2.8,14.338812782538845,0.0,7,70,85
1,23,11,2.8,13.528105366413355,0.0,7,70,85
1,23,12,2.8,12.479281734996604,0.0,7,70,85
1,23,13,2.8,10.172905997239322,0.0,7,70,85
1,23,14,3.0,11.515196651573017,0.0,7,70,85
1,23,15,3.0,10.535866142872747,0.0,7,70,85
1,23,16,2.8,12.811945826130003,0.0,7,70,85
1,23,17,3.0,8.822604017317524,0.0,7,70,85
1,23,18,3.4,7.759696314380443,0.0,7,70,85
1,23,19,3.0,11.21181298686,0.0,7,70,85
1,23,20,3.0,11.401514520271906,0.0,7,70,85
1,23,21,2.5,10.418969804295095,0.0,4,70,85
2,23,1,3.4,11.09971552039136,0.0,7,70,85
2,23,2,2.8,9.000796242563766,0.0,7,70,85
2,23,3,3.8,8.212401450783588,0.125,7,70,85
2,23,4,3.0,9.094281663836329,0.0,7,70,85
2,23,5,2.8,11.423753779907045,0.0,7,70,85
2,23,6,2.8,9.609717909072279,0.0,7,70,85
2,23,7,3.6,8.696255049264733,0.0,7,70,85
2,23,8,2.8,12.765035606943071,0.0,7,70,85
2,23,9,2.8,13.556279090550754,0.0,7,70,85
2,23,10,2.8,11.938188428651916,0.0,7,70,85
2,23,11,3.0,14.087744266313337,0.0,7,70,85
2,23,12,2.8,11.08103001892354,0.0,7,70,85
2,23,13,2.8,12.596260868693696,0.0,7,70,85
2,23,14,3.0,9.330585610900936,0.0,7,70,85
2,23,15,3.0,11.264872097984968,0.0,7,70,85
2,23,16,2.8,14.47141079592002,0.0,7,70,85
2,23,17,2.8,11.35086182705947,0.0,7,70,85
2,23,18,3.0,11.67372069341966,0.0,7,70,85
2,23,19,3.0,8.158086690066044,0.0,7,70,85
2,23,20,2.8,9.909204168928852,0.0,7,70,85
2,23,21,2.4,14.519594739675245,0.0,5,70,85
3,23,1,3.0,11.085537517005559,0.0,7,70,85
3,23,2,2.8,12.057854064831787,0.0,7,70,85
3,23,3,2.8,11.265897558648046,0.0,7,70,85
3,23,4,2.8,11.129619434208768,0.0,7,70,85
3,23,5,2.8,10.110473060455336,0.0,7,70,85
3,23,6,2.8,9.241092942659717,0.0,7,70,85
3,23,7,3.0,10.803721851294252,0.0,7,70,85
3,23,8,2.8,11.65023023466385,0.0,7,70,85
3,23,9,2.8,14.209791795788455,0.0,7,70,85
3,23,10,2.8,9.528856764959043,0.0,7,70,85
3,23,11,2.8,11.18176062603265,0.0,7,70,85
3,23,12,3.2,9.657987351819974,0.0,7,70,85
3,23,13,3.2,9.261105710270824,0.0,7,70,85
3,23,14,3.0,8.061645118831816,0.0,7,70,85
3,23,15,3.0,13.69838869200399,0.0,7,70,85
3,23,16,3.2,9.570185752743429,0.0,7,70,85
3,23,17,3.0,9.894063937388323,0.0,7,70,85
3,23,18,3.0,11.927553254346124,0.0,7,70,85
3,23,19,2.8,12.945852791863505,0.0,7,70,85
3,23,20,3.0,8.917867117556467,0.0,7,70,85
3,23,21,3.0,9.682939180407189,0.0,7,70,85
1,24,1,4.8,8.053485886826723,0.0,7,70,85
1,24,2,3.6,10.819975410284568,0.0,7,70,85
1,24,3,3.4,8.09716495541515,0.0,7,70,85
1,24,4,3.0,11.635040174547438,0.0,7,70,85
1,24,5,3.0,8.523120446987287,0.0,7,70,85
1,24,6,2.8,9.59639183955807,0.0,7,70,85
1,24,7,2.8,10.094408792458966,0.0,7,70,85
1,24,8,2.8,12.170951839084598,0.0,7,70,85
1,24,9,2.8,10.824201275376966,0.0,7,70,85
1,24,10,2.8,13.52080252351144,0.0,7,70,85
1,24,11,2.8,15.939539994323052,0.0,7,70,85
1,24,12,2.8,8.534393468747558,0.0,7,70,85
1,24,13,2.8,14.940448950003294,0.0,7,70,85
1,24,14,2.8,11.645095256024012,0.0,7,70,85
1,24,15,2.8,9.985705305026286,0.0,7,70,85
1,24,16,2.8,15.39827027351682,0.0,7,70,85
1,24,17,3.0,8.288651976659606,0.0,7,70,85
1,24,18,2.8,10.414088953449854,0.0,7,70,85
1,24,19,3.2,10.536497648121447,0.0,7,70,85
1,24,20,2.8,12.085059304267466,0.0,7,70,85
1,24,21,2.6,10.229536830430774,0.0,5,70,85
2,24,1,3.2,13.882025082285274,0.0,7,70,85
2,24,2,2.8,10.179836108855827,0.0,7,70,85
2,24,3,4.0,7.533269121490467,0.125,7,70,85
2,24,4,3.0,9.98511333732727,0.0,7,70,85
2,24,5,2.8,12.472045180627134,0.0,7,70,85
2,24,6,2.8,10.46471446594495,0.0,7,70,85
2,24,7,3.6,8.409292022561422,0.0,7,70,85
2,24,8,2.8,12.504062258444588,0.0,7,70,85
2,24,9,2.8,14.087082216707246,0.0,7,70,85
2,24,10,3.0,9.385867712123956,0.0,7,70,85
2,24,11,3.0,12.159840155404947,0.0,7,70,85
2,24,12,2.8,11.821018043499555,0.0,7,70,85
2,24,13,2.8,11.399126108205376,0.0,7,70,85
2,24,14,2.8,10.78865805929454,0.0,7,70,85
2,24,15,3.0,10.509929915866042,0.0,7,70,85
2,24,16,2.8,12.967921548682291,0.0,7,70,85
2,24,17,2.8,10.925071850422706,0.0,7,70,85
2,24,18,3.2,12.983336711447741,0.0,7,70,85
2,24,19,3.0,7.5092021694354845,0.0,7,70,85
2,24,20,2.8,8.69534112225739,0.0,7,70,85
2,24,21,2.2,13.739970436059057,0.0,5,70,85
3,24,1,2.8,11.299636807309458,0.0,7,70,85
3,24,2,2.8,13.222526857020258,0.0,7,70,85
3,24,3,3.0,11.875499636423664,0.0,7,70,85
3,24,4,2.8,8.488303626202427,0.0,7,70,85
3,24,5,2.8,10.845544762657903,0.0,7,70,85
3,24,6,2.8,10.264708543302293,0.0,7,70,85
3,24,7,2.8,11.001323086285023,0.0,7,70,85
3,24,8,2.8,11.622937858761258,0.0,7,70,85
3,24,9,2.8,13.706132974582845,0.0,7,70,85
3,24,10,2.8,10.883963928202718,0.0,7,70,85
3,24,11,2.8,12.5831957819555,0.0,7,70,85
3,24,12,3.8,7.427201283647692,0.125,7,70,85
3,24,13,2.8,12.554755675853324,0.0,7,70,85
3,24,14,3.0,8.972270520668687,0.0,7,70,85
3,24,15,3.0,14.64992621837224,0.0,7,70,85
3,24,16,2.8,11.628090646269877,0.0,7,70,85
3,24,17,2.8,13.584381106425203,0.0,7,70,85
3,24,18,3.0,10.390800499452359,0.0,7,70,85
3,24,19,2.8,11.838380102756487,0.0,7,70,85
3,24,20,2.8,10.217129329173682,0.0,7,70,85
3,24,21,3.0,9.01840924175368,0.0,7,70,85
3,24,22,2.2,14.35281846266299,0.0,5,70,85
1,25,1,4.8,8.642553340819417,0.0,7,70,85
1,25,2,3.4,10.41028994794153,0.0,7,70,85
1,25,3,3.2,8.071793772133102,0.0,7,70,85
1,25,4,3.0,11.301249571345517,0.0,7,70,85
1,25,5,3.0,10.346629897895463,0.0,7,70,85
1,25,6,2.8,10.007550723780353,0.0,7,70,85
1,25,7,2.8,12.312871908057597,0.0,7,70,85
1,25,8,2.8,12.60677891428579,0.0,7,70,85
1,25,9,2.8,15.894119716167305,0.0,7,70,85
1,25,10,2.8,14.688318395120778,0.0,7,70,85
1,25,11,2.8,16.399806067666006,0.0,7,70,85
1,25,12,2.8,12.079050257283159,0.0,7,70,85
1,25,13,2.8,14.067654945297802,0.0,7,70,85
1,25,14,2.8,15.07038921421003,0.0,7,70,85
1,25,15,2.8,10.175720942954063,0.0,7,70,85
1,25,16,2.8,13.307591032553887,0.0,7,70,85
1,25,17,3.0,9.157351993807332,0.0,7,70,85
1,25,18,2.8,9.974491906615002,0.0,7,70,85
1,25,19,3.2,10.228584247709982,0.0,7,70,85
1,25,20,2.8,10.72278139488723,0.0,7,70,85
1,25,21,3.0,9.361420799841534,0.0,5,70,85
2,25,1,3.8,8.873993501515312,0.0,7,70,85
2,25,2,4.4,7.771733470224467,0.0,7,70,85
2,25,3,3.8,7.6401143722845495,0.0,7,70,85
2,25,4,3.4,7.8482607828431,0.0,7,70,85
2,25,5,2.8,10.461563428344379,0.0,7,70,85
2,25,6,3.4,9.548141477743862,0.0,7,70,85
2,25,7,3.0,10.70095656379031,0.0,7,70,85
2,25,8,3.0,9.544605223871384,0.0,7,70,85
2,25,9,2.8,10.909287666239678,0.0,7,70,85
2,25,10,3.0,10.467974230393535,0.0,7,70,85
2,25,11,2.8,11.689192205869835,0.0,7,70,85
2,25,12,2.8,11.548314305194346,0.0,7,70,85
2,25,13,2.8,9.088060590457848,0.0,7,70,85
2,25,14,3.0,10.64705354562607,0.0,7,70,85
2,25,15,3.0,12.529911074711938,0.0,7,70,85
2,25,16,2.8,13.32324982314148,0.0,7,70,85
2,25,17,3.0,12.441355227725406,0.0,7,70,85
2,25,18,3.0,10.360009135338622,0.0,7,70,85
2,25,19,2.8,9.344886019211136,0.0,7,70,85
2,25,20,2.6,11.20551450973011,0.0,5,70,85
3,25,1,3.8,7.3327699201068555,0.0,7,70,85
3,25,2,3.2,11.857919150715727,0.0,7,70,85
3,25,3,3.0,11.002094998045127,0.0,7,70,85
3,25,4,3.0,9.576253119789001,0.0,7,70,85
3,25,5,2.8,9.27831846794116,0.0,7,70,85
3,25,6,2.8,10.053558848778868,0.0,7,70,85
3,25,7,3.0,12.16554781864579,0.0,7,70,85
3,25,8,2.8,11.358795523498296,0.0,7,70,85
3,25,9,2.8,12.40767644120717,0.0,7,70,85
3,25,10,2.8,12.090986225259506,0.0,7,70,85
3,25,11,3.6,8.319913987856143,0.125,7,70,85
3,25,12,3.0,9.347270500706639,0.0,7,70,85
3,25,13,2.8,9.460640550045607,0.0,7,70,85
3,25,14,2.8,13.25724509614748,0.0,7,70,85
3,25,15,3.2,10.634969878987759,0.0,7,70,85
3,25,16,2.8,13.755770851042202,0.0,7,70,85
3,25,17,3.0,10.954744537344856,0.0,7,70,85
3,25,18,2.8,11.921419698936766,0.0,7,70,85
3,25,19,2.8,11.987940952530419,0.0,7,70,85
3,25,20,2.8,10.37989676987231,0.0,7,70,85
3,25,21,3.0,10.109947790770118,0.0,7,70,85
1,26,1,4.8,8.032017104918898,0.0,7,70,85
1,26,2,3.6,10.302039074676323,0.0,7,70,85
1,26,3,3.4,7.616174339445404,0.0,7,70,85
1,26,4,2.8,12.746540644264902,0.0,7,70,85
1,26,5,3.2,7.38317241013768,0.0,7,70,85
1,26,6,2.8,10.372762561921926,0.0,7,70,85
1,26,7,2.8,13.512276418641097,0.0,7,70,85
1,26,8,2.8,10.644518645424704,0.0,7,70,85
1,26,9,2.8,15.266665598227329,0.0,7,70,85
1,26,10,2.8,13.490533356345402,0.0,7,70,85
1,26,11,2.8,17.165465300567522,0.0,7,70,85
1,26,12,2.8,10.264277021851743,0.0,7,70,85
1,26,13,2.8,18.297481633363883,0.0,7,70,85
1,26,14,2.8,10.15382847927768,0.0,7,70,85
1,26,15,2.8,11.828139164268025,0.0,7,70,85
1,26,16,2.8,14.234337103006624,0.0,7,70,85
1,26,17,3.0,8.60834733656269,0.0,7,70,85
1,26,18,3.2,9.825370804384296,0.0,7,70,85
1,26,19,3.2,10.35865117263251,0.0,7,70,85
1,26,20,3.2,8.554418850600294,0.0,7,70,85
2,26,1,3.2,12.833400413205167,0.0,7,70,85
2,26,2,2.8,12.64163727333739,0.0,7,70,85
2,26,3,3.4,10.210856987569082,0.0,7,70,85
2,26,4,3.6,8.172007137636951,0.0,7,70,85
2,26,5,3.4,9.792005428306432,0.0,7,70,85
2,26,6,2.8,11.993471937225518,0.0,7,70,85
2,26,7,3.6,8.308051901751245,0.125,7,70,85
2,26,8,3.0,12.140260597007506,0.0,7,70,85
2,26,9,2.8,14.821102420864424,0.0,7,70,85
2,26,10,2.8,8.588401883815434,0.0,7,70,85
2,26,11,2.8,12.127007784189692,0.0,7,70,85
2,26,12,2.8,13.005715234752746,0.0,7,70,85
2,26,13,2.8,10.614749469130249,0.0,7,70,85
2,26,14,2.8,9.076223868138777,0.0,7,70,85
2,26,15,3.6,8.256441257419542,0.125,7,70,85
2,26,16,2.8,11.819539198282964,0.0,7,70,85
2,26,17,2.8,14.371044971673632,0.0,7,70,85
2,26,18,3.2,9.463108024901956,0.0,7,70,85
2,26,19,2.8,8.839086014356011,0.0,7,70,85
2,26,20,3.0,9.22347364725637,0.0,7,70,85
3,26,1,2.8,10.613346489873672,0.0,7,70,85
3,26,2,2.8,12.518846972335952,0.0,7,70,85
3,26,3,2.8,13.018255210857966,0.0,7,70,85
3,26,4,2.8,9.444934496540524,0.0,7,70,85
3,26,5,2.8,10.240103785503212,0.0,7,70,85
3,26,6,2.8,10.13047638918455,0.0,7,70,85
3,26,7,2.8,9.720877795237119,0.0,7,70,85
3,26,8,2.8,12.794405942232272,0.0,7,70,85
3,26,9,2.8,12.202979704905808,0.0,7,70,85
3,26,10,2.8,10.663135644234558,0.0,7,70,85
3,26,11,2.8,12.636056510798193,0.0,7,70,85
3,26,12,3.0,12.006985398447368,0.0,7,70,85
3,26,13,3.0,9.672552409999652,0.0,7,70,85
3,26,14,2.8,10.499524111647967,0.0,7,70,85
3,26,15,2.8,14.573901976186573,0.0,7,70,85
3,26,16,3.0,8.672476155822167,0.0,7,70,85
3,26,17,2.8,14.540650388502032,0.0,7,70,85
3,26,18,3.0,10.915642036405417,0.0,7,70,85
3,26,19,2.8,11.829191014507478,0.0,7,70,85
3,26,20,2.8,12.790161145770734,0.0,7,70,85
3,26,21,2.8,9.377283121304206,0.0,7,70,85
3,26,22,3.0,9.424487454074438,0.0,7,70,85
1,27,1,4.8,8.151532948177307,0.0,7,70,85
1,27,2,3.4,12.352137953355097,0.0,7,70,85
1,27,3,3.2,9.61773505444909,0.0,7,70,85
1,27,4,3.0,13.065470162326397,0.0,7,70,85
1,27,5,3.0,8.93519834693498,0.0,7,70,85
1,27,6,3.0,9.557968978246102,0.0,7,70,85
1,27,7,2.8,14.18736410432393,0.0,7,70,85
1,27,8,3.0,9.17392382232477,0.0,7,70,85
1,27,9,2.8,12.640654844680522,0.0,7,70,85
1,27,10,2.8,13.705308921824845,0.0,7,70,85
1,27,11,2.8,14.65989509991181,0.0,7,70,85
1,27,12,2.8,10.994647415450437,0.0,7,70,85
1,27,13,2.8,13.654044752709659,0.0,7,70,85
1,27,14,3.0,11.53227746862351,0.0,7,70,85
1,27,15,3.0,10.612168903241788,0.0,7,70,85
1,27,16,2.8,13.352117273294379,0.0,7,70,85
1,27,17,3.0,9.198554628575769,0.0,7,70,85
1,27,18,2.8,8.302389369918007,0.0,7,70,85
1,27,19,3.2,11.821798811759438,0.0,7,70,85
1,27,20,3.2,8.591005669705252,0.0,7,70,85
2,27,1,3.0,11.941043629360065,0.0,7,70,85
2,27,2,3.0,9.705163580955297,0.0,7,70,85
2,27,3,4.0,8.048782598253998,0.125,7,70,85
2,27,4,3.0,9.578531226616336,0.0,7,70,85
2,27,5,2.8,13.460174698128073,0.0,7,70,85
2,27,6,2.8,10.25417555249436,0.0,7,70,85
2,27,7,3.2,10.300731812166642,0.0,7,70,85
2,27,8,3.0,10.987667827948645,0.0,7,70,85
2,27,9,2.8,10.739100143459101,0.0,7,70,85
2,27,10,2.8,10.569925195829997,0.0,7,70,85
2,27,11,2.8,13.388359728188851,0.0,7,70,85
2,27,12,2.8,11.394521754684583,0.0,7,70,85
2,27,13,2.8,11.363792282020386,0.0,7,70,85
2,27,14,2.8,11.76709527900364,0.0,7,70,85
2,27,15,3.0,9.623436364052681,0.0,7,70,85
2,27,16,2.8,10.881796660632865,0.0,7,70,85
2,27,17,2.8,10.71003574960051,0.0,7,70,85
2,27,18,3.0,12.635255617760375,0.0,7,70,85
2,27,19,3.0,8.729782086142505,0.0,7,70,85
2,27,20,2.8,8.832978840568938,0.0,7,70,85
2,27,21,3.0,11.929768332149724,0.0,7,70,85
3,27,1,3.0,10.181306600063836,0.0,7,70,85
3,27,2,2.8,11.300384543176518,0.0,7,70,85
3,27,3,2.8,10.403549024175422,0.0,7,70,85
3,27,4,2.8,10.235579368246103,0.0,7,70,85
3,27,5,2.8,9.572455149835285,0.0,7,70,85
3,27,6,2.8,9.588806924110644,0.0,7,70,85
3,27,7,3.0,11.78187943563396,0.0,7,70,85
3,27,8,2.8,12.087707042928807,0.0,7,70,85
3,27,9,2.8,14.444710500072393,0.0,7,70,85
3,27,10,2.8,11.329238952186955,0.0,7,70,85
3,27,11,2.8,13.182057655625648,0.0,7,70,85
3,27,12,3.2,10.450069150975065,0.0,7,70,85
3,27,13,3.0,9.19587626155097,0.0,7,70,85
3,27,14,3.0,8.801358983807596,0.0,7,70,85
3,27,15,2.8,18.16162464848273,0.0,7,70,85
3,27,16,3.0,9.237605715850307,0.0,7,70,85
3,27,17,2.8,12.818019272223287,0.0,7,70,85
3,27,18,2.8,11.4577852403568,0.0,7,70,85
3,27,19,2.8,16.42483861859409,0.0,7,70,85
3,27,20,2.8,10.119832916900895,0.0,7,70,85
3,27,21,2.8,9.278921469918677,0.0,7,70,85
3,27,22,2.8,11.986224176929166,0.0,6,70,85
1,28,1,4.6,8.100553983382067,0.0,7,70,85
1,28,2,3.8,9.03069090247146,0.0,7,70,85
1,28,3,3.6,7.095278465776016,0.0,7,70,85
1,28,4,2.8,15.497683521431377,0.0,7,70,85
1,28,5,3.0,8.30007011707874,0.0,7,70,85
1,28,6,2.8,9.912090026848388,0.0,7,70,85
1,28,7,2.8,12.607626175190292,0.0,7,70,85
1,28,8,2.8,10.569835409866743,0.0,7,70,85
1,28,9,2.8,9.52403389507337,0.0,7,70,85
1,28,10,2.8,14.056984792363796,0.0,7,70,85
1,28,11,2.8,16.109991153456054,0.0,7,70,85
1,28,12,2.8,10.109302273996285,0.0,7,70,85
1,28,13,2.8,20.131285873641787,0.0,7,70,85
1,28,14,2.8,10.868018329861886,0.0,7,70,85
1,28,15,2.8,12.236448797325608,0.0,7,70,85
1,28,16,2.8,12.467356588601444,0.0,7,70,85
1,28,17,3.0,8.5594377610541,0.0,7,70,85
1,28,18,3.2,8.831764369055362,0.0,7,70,85
1,28,19,3.2,11.185437983885434,0.0,7,70,85
1,28,20,3.0,12.015319659236807,0.0,7,70,85
1,28,21,2.5,11.351213752592134,0.0,4,70,85
2,28,1,3.0,14.086169600323155,0.0,7,70,85
2,28,2,3.0,11.238889317591438,0.0,7,70,85
2,28,3,3.2,10.919542370805866,0.0,7,70,85
2,28,4,3.4,8.165905603944307,0.0,7,70,85
2,28,5,2.8,12.392438491002975,0.0,7,70,85
2,28,6,2.8,9.667804388258926,0.0,7,70,85
2,28,7,3.4,9.107386421504959,0.0,7,70,85
2,28,8,3.0,11.817469760733148,0.0,7,70,85
2,28,9,2.8,10.630824611282035,0.0,7,70,85
2,28,10,2.8,11.384304688729,0.0,7,70,85
2,28,11,2.8,13.704021817901879,0.0,7,70,85
2,28,12,2.8,10.450361839943263,0.0,7,70,85
2,28,13,2.8,12.925268610848557,0.0,7,70,85
2,28,14,2.8,11.207925856784907,0.0,7,70,85
2,28,15,3.6,7.037360635369179,0.125,7,70,85
2,28,16,2.8,11.876202946390157,0.0,7,70,85
2,28,17,2.8,12.038277959609795,0.0,7,70,85
2,28,18,3.0,12.416098572132483,0.0,7,70,85
2,28,19,3.0,8.72039302784283,0.0,7,70,85
2,28,20,3.0,8.914718090772428,0.0,7,70,85
2,28,21,2.4,12.630557329519915,0.0,5,70,85
3,28,1,2.8,9.057340598925162,0.0,7,70,85
3,28,2,2.8,10.339094991894978,0.0,7,70,85
3,28,3,2.8,11.144313074412391,0.0,7,70,85
3,28,4,2.8,10.01730126327403,0.0,7,70,85
3,28,5,2.8,10.188926523957116,0.0,7,70,85
3,28,6,2.8,9.145811460837294,0.0,7,70,85
3,28,7,2.8,9.751876723690264,0.0,7,70,85
3,28,8,2.8,14.123980679005223,0.0,7,70,85
3,28,9,3.0,13.587314043504355,0.0,7,70,85
3,28,10,2.8,11.202943009651076,0.0,7,70,85
3,28,11,3.0,12.40577057359248,0.0,7,70,85
3,28,12,3.2,9.734848850700663,0.0,7,70,85
3,28,13,3.2,9.87411623876602,0.0,7,70,85
3,28,14,2.8,9.50311674963923,0.0,7,70,85
3,28,15,2.8,20.540386183965666,0.0,7,70,85
3,28,16,3.0,10.561614357425313,0.0,7,70,85
3,28,17,2.8,14.556981305438171,0.0,7,70,85
3,28,18,3.4,8.31304492423156,0.0,7,70,85
3,28,19,2.8,15.975694957034202,0.0,7,70,85
3,28,20,2.8,8.609629366642277,0.0,7,70,85
3,28,21,2.8,10.639201646484128,0.0,7,70,85
3,28,22,2.2,14.28576922910408,0.0,5,70,85
1,29,1,4.6,9.14554381068693,0.0,7,70,85
1,29,2,3.8,10.529801399071888,0.0,7,70,85
1,29,3,3.6,7.693118037556193,0.0,7,70,85
1,29,4,2.8,17.943466300738397,0.0,7,70,85
1,29,5,3.0,9.415354936558096,0.0,7,70,85
1,29,6,2.8,11.328243372759136,0.0,7,70,85
1,29,7,2.8,12.451322589707939,0.0,7,70,85
1,29,8,2.8,12.84550790912451,0.0,7,70,85
1,29,9,2.8,12.255048003106857,0.0,7,70,85
1,29,10,2.8,15.463817224985991,0.0,7,70,85
1,29,11,2.8,15.215116617789384,0.0,7,70,85
1,29,12,2.8,10.109302273996285,0.0,7,70,85
1,29,13,2.8,16.95865325217418,0.0,7,70,85
1,29,14,3.0,10.847235804392355,0.0,7,70,85
1,29,15,3.0,12.128677324532523,0.0,7,70,85
1,29,16,2.8,10.890747416842814,0.0,7,70,85
1,29,17,3.2,8.911704440308911,0.0,7,70,85
1,29,18,3.2,8.688168884797053,0.0,7,70,85
1,29,19,3.0,10.978272474028591,0.0,7,70,85
1,29,20,3.2,9.228040922253705,0.0,7,70,85
2,29,1,3.2,14.073686612505872,0.0,7,70,85
2,29,2,2.8,11.330188077832947,0.0,7,70,85
2,29,3,3.8,8.350391052087652,0.0,7,70,85
2,29,4,2.8,10.407671364510605,0.0,7,70,85
2,29,5,3.2,9.327603632981413,0.0,7,70,85
2,29,6,2.8,9.857529553549087,0.0,7,70,85
2,29,7,3.4,9.338897799758982,0.0,7,70,85
2,29,8,3.2,10.867907227840984,0.0,7,70,85
2,29,9,3.0,13.128329671070968,0.0,7,70,85
2,29,10,3.0,9.872004889993281,0.0,7,70,85
2,29,11,2.8,12.445070615614172,0.0,7,70,85
2,29,12,2.8,13.137057519204829,0.0,7,70,85
2,29,13,2.8,11.88321468249786,0.0,7,70,85
2,29,14,2.8,10.012826008660712,0.0,7,70,85
2,29,15,3.6,8.265924324211367,0.125,7,70,85
2,29,16,2.8,13.691653788267438,0.0,7,70,85
2,29,17,2.8,11.101133434765009,0.0,7,70,85
2,29,18,3.0,11.49341130705332,0.0,7,70,85
2,29,19,2.8,8.490049767762212,0.0,7,70,85
2,29,20,3.0,8.462871237463073,0.0,7,70,85
3,29,1,3.4,8.590491742232198,0.0,7,70,85
3,29,2,3.2,10.736033550614128,0.0,7,70,85
3,29,3,3.4,10.208442925867596,0.0,7,70,85
3,29,4,3.0,9.457785930761354,0.0,7,70,85
3,29,5,3.2,8.65881521157614,0.0,7,70,85
3,29,6,2.8,9.82801534600157,0.0,7,70,85
3,29,7,3.0,12.531993938504097,0.0,7,70,85
3,29,8,3.2,10.778257382193223,0.0,7,70,85
3,29,9,2.8,13.913666780096353,0.0,7,70,85
3,29,10,2.8,11.079503954553573,0.0,7,70,85
3,29,11,3.2,11.931236918522053,0.0,7,70,85
3,29,12,3.2,9.099214978901022,0.0,7,70,85
3,29,13,2.8,10.016525469250148,0.0,7,70,85
3,29,14,2.8,15.822541898326687,0.0,7,70,85
3,29,15,3.0,11.555155103284891,0.0,7,70,85
3,29,16,3.0,13.571319065840516,0.0,7,70,85
3,29,17,3.2,11.545138456111902,0.0,7,70,85
3,29,18,2.8,12.095921425667605,0.0,7,70,85
3,29,19,2.8,8.435623599173958,0.0,7,70,85
3,29,20,2.8,10.616408290560669,0.0,7,70,85
3,29,21,2.6,11.282644152173745,0.0,6,70,85
1,30,1,4.6,8.73459937846387,0.0,7,70,85
1,30,2,4.0,8.2833109353881,0.0,7,70,85
1,30,3,3.4,8.860580674481948,0.0,7,70,85
1,30,4,2.8,13.133347746719215,0.0,7,70,85
1,30,5,3.0,9.313492006441226,0.0,7,70,85
1,30,6,2.8,10.337175249303396,0.0,7,70,85
1,30,7,2.8,10.937186878861203,0.0,7,70,85
1,30,8,2.8,10.405570234765861,0.0,7,70,85
1,30,9,2.8,11.484316698655501,0.0,7,70,85
1,30,10,2.8,14.056984792363906,0.0,7,70,85
1,30,11,2.8,17.985173099085532,0.0,7,70,85
1,30,12,2.8,11.790601221280513,0.0,7,70,85
1,30,13,2.8,17.349252126846856,0.0,7,70,85
1,30,14,2.8,12.918264945643049,0.0,7,70,85
1,30,15,3.0,12.443402805803819,0.0,7,70,85
1,30,16,2.8,12.18805811305891,0.0,7,70,85
1,30,17,3.2,8.879692029290466,0.0,7,70,85
1,30,18,3.2,9.591418580640553,0.0,7,70,85
1,30,19,3.4,8.646738196415974,0.0,7,70,85
1,30,20,3.2,8.646451863218848,0.0,7,70,85
2,30,1,3.0,13.52545693735561,0.0,7,70,85
2,30,2,3.0,10.976672552442238,0.0,7,70,85
2,30,3,3.2,10.784759119849138,0.0,7,70,85
2,30,4,3.4,9.295260126994448,0.0,7,70,85
2,30,5,2.8,10.269938137258515,0.0,7,70,85
2,30,6,2.8,11.591730713608579,0.0,7,70,85
2,30,7,3.4,10.033727105726951,0.0,7,70,85
2,30,8,3.2,10.983944456729299,0.0,7,70,85
2,30,9,2.8,11.550332712089746,0.0,7,70,85
2,30,10,3.0,9.601350502036867,0.0,7,70,85
2,30,11,2.8,12.639281998089055,0.0,7,70,85
2,30,12,2.8,11.987017789809252,0.0,7,70,85
2,30,13,2.8,14.236389832912636,0.0,7,70,85
2,30,14,2.8,10.825291600654822,0.0,7,70,85
2,30,15,3.0,9.388582596289401,0.0,7,70,85
2,30,16,3.0,11.850155068558154,0.0,7,70,85
2,30,17,2.8,13.742354348013324,0.0,7,70,85
2,30,18,3.0,13.424436092466902,0.0,7,70,85
2,30,19,3.0,9.318262698428331,0.0,7,70,85
2,30,20,2.8,8.441985973834765,0.0,7,70,85
2,30,21,2.6,10.095718209279433,0.0,5,70,85
3,30,1,3.4,9.817772727836356,0.0,7,70,85
3,30,2,3.4,9.57009166757622,0.0,7,70,85
3,30,3,3.2,11.065528552123899,0.0,7,70,85
3,30,4,3.0,8.125839956599844,0.0,7,70,85
3,30,5,2.8,9.538788645612218,0.0,7,70,85
3,30,6,2.8,10.761113565479501,0.0,7,70,85
3,30,7,3.0,14.23210078465268,0.0,7,70,85
3,30,8,2.8,11.050940819599555,0.0,7,70,85
3,30,9,2.8,11.947173680734666,0.0,7,70,85
3,30,10,2.8,12.880343983284426,0.0,7,70,85
3,30,11,3.0,11.720252049336125,0.0,7,70,85
3,30,12,3.2,9.46589310756631,0.0,7,70,85
3,30,13,3.0,10.853598536587036,0.0,7,70,85
3,30,14,2.8,12.85683360947357,0.0,7,70,85
3,30,15,3.0,11.910228920824434,0.0,7,70,85
3,30,16,2.8,15.52674588286582,0.0,7,70,85
3,30,17,3.0,9.894852189853104,0.0,7,70,85
3,30,18,2.8,14.485626981567258,0.0,7,70,85
3,30,19,2.8,11.564275047580438,0.0,7,70,85
3,30,20,2.8,10.243252464143643,0.0,7,70,85
3,30,21,2.8,9.73256947531553,0.0,7,70,85
1,31,1,4.2,10.791738084552838,0.0,7,70,85
1,31,2,3.8,10.032533584225558,0.0,7,70,85
1,31,3,3.2,9.47417722777961,0.0,7,70,85
1,31,4,2.8,11.128788361128002,0.0,7,70,85
1,31,5,3.0,8.675449997047743,0.0,7,70,85
1,31,6,2.8,10.59684840083263,0.0,7,70,85
1,31,7,3.0,10.63542260530489,0.0,7,70,85
1,31,8,2.8,9.31271612080732,0.0,7,70,85
1,31,9,2.8,14.607080853500982,0.0,7,70,85
1,31,10,2.8,14.261406729447808,0.0,7,70,85
1,31,11,3.0,13.978586820038085,0.0,7,70,85
1,31,12,2.8,12.824539621305536,0.0,7,70,85
1,31,13,2.8,16.053974027731098,0.0,7,70,85
1,31,14,3.0,13.9714252239681,0.0,7,70,85
1,31,15,3.0,9.550665323061377,0.0,7,70,85
1,31,16,3.0,12.733820132711768,0.0,7,70,85
1,31,17,3.2,8.95890070622795,0.0,7,70,85
1,31,18,3.0,9.655767516013377,0.0,7,70,85
1,31,19,3.2,10.52194457032513,0.0,7,70,85
1,31,20,3.2,8.17998570077688,0.0,7,70,85
2,31,1,3.2,11.90883874573046,0.0,7,70,85
2,31,2,2.8,12.067934303307679,0.0,7,70,85
2,31,3,3.4,8.955025655976096,0.0,7,70,85
2,31,4,3.2,8.6250879583796,0.0,7,70,85
2,31,5,2.8,10.7766151883151,0.0,7,70,85
2,31,6,2.8,10.774878209416952,0.0,7,70,85
2,31,7,3.4,9.259048075519566,0.0,7,70,85
2,31,8,3.2,11.393163322053962,0.0,7,70,85
2,31,9,2.8,10.834217207108969,0.0,7,70,85
2,31,10,2.8,10.40804027863187,0.0,7,70,85
2,31,11,3.0,11.869741797435843,0.0,7,70,85
2,31,12,2.8,11.963570375438373,0.0,7,70,85
2,31,13,2.8,14.370186491422077,0.0,7,70,85
2,31,14,2.8,11.161121501378291,0.0,7,70,85
2,31,15,3.2,9.372296509172067,0.0,7,70,85
2,31,16,3.0,11.912811290634524,0.0,7,70,85
2,31,17,2.8,10.47596212164045,0.0,7,70,85
2,31,18,3.0,12.483860799695721,0.0,7,70,85
2,31,19,3.0,9.712743279200035,0.0,7,70,85
2,31,20,2.8,9.180386609534978,0.0,7,70,85
2,31,21,2.4,13.118188998832707,0.0,5,70,85
3,31,1,3.0,9.327328960365298,0.0,7,70,85
3,31,2,2.8,13.06217653454133,0.0,7,70,85
3,31,3,2.8,13.686019068378126,0.0,7,70,85
3,31,4,2.8,9.21747704079211,0.0,7,70,85
3,31,5,2.8,10.492045795199234,0.0,7,70,85
3,31,6,2.8,8.802206822067992,0.0,7,70,85
3,31,7,3.0,10.506770289038002,0.0,7,70,85
3,31,8,2.8,11.784920251263557,0.0,7,70,85
3,31,9,2.8,20.091311318053428,0.0,7,70,85
3,31,10,2.8,11.287422372358357,0.0,7,70,85
3,31,11,2.8,12.184161285902078,0.0,7,70,85
3,31,12,3.2,10.877534042827675,0.0,7,70,85
3,31,13,3.2,8.884425151736247,0.0,7,70,85
3,31,14,3.0,9.950261019376455,0.0,7,70,85
3,31,15,3.0,12.469547256288262,0.0,7,70,85
3,31,16,2.8,13.413185886212565,0.0,7,70,85
3,31,17,2.8,10.688191901146212,0.0,7,70,85
3,31,18,3.2,10.922549140290913,0.0,7,70,85
3,31,19,2.8,20.12946057997202,0.0,7,70,85
3,31,20,2.8,8.621766152670236,0.0,7,70,85
3,31,21,2.8,10.028623293963873,0.0,7,70,85
3,31,22,2.2,16.614162494215723,0.0,5,70,85
1,32,1,4.8,8.819641664391764,0.0,7,70,85
1,32,2,3.6,10.094940511983634,0.0,7,70,85
1,32,3,3.4,7.53051534615331,0.0,7,70,85
1,32,4,3.2,12.581402763204368,0.0,7,70,85
1,32,5,3.0,10.414705944324517,0.0,7,70,85
1,32,6,2.8,11.309114523219645,0.0,7,70,85
1,32,7,2.8,11.785234303178504,0.0,7,70,85
1,32,8,2.8,12.666052239774537,0.0,7,70,85
1,32,9,2.8,10.684539695584034,0.0,7,70,85
1,32,10,2.8,12.857950381758718,0.0,7,70,85
1,32,11,3.0,20.546838254128403,0.0,7,70,85
1,32,12,2.8,10.822487090119031,0.0,7,70,85
1,32,13,3.0,13.535236725066625,0.0,7,70,85
1,32,14,2.8,13.657264479807543,0.0,7,70,85
1,32,15,2.8,10.753214039664169,0.0,7,70,85
1,32,16,2.8,11.76933232741489,0.0,7,70,85
1,32,17,3.4,7.500738123523137,0.0,7,70,85
1,32,18,3.2,9.261030067056614,0.0,7,70,85
1,32,19,3.0,11.633765212073648,0.0,7,70,85
1,32,20,3.4,8.413518759775606,0.0,7,70,85
2,32,1,3.4,12.280969758600156,0.0,7,70,85
2,32,2,3.0,10.008200352593152,0.0,7,70,85
2,32,3,3.8,8.996160380847734,0.0,7,70,85
2,32,4,3.4,8.708696445184902,0.0,7,70,85
2,32,5,3.0,9.068999731322442,0.0,7,70,85
2,32,6,2.8,10.020943186820285,0.0,7,70,85
2,32,7,3.4,8.974532341052365,0.0,7,70,85
2,32,8,3.0,11.78924355027475,0.0,7,70,85
2,32,9,2.8,16.957987479116923,0.0,7,70,85
2,32,10,2.8,8.230137098741114,0.0,7,70,85
2,32,11,2.8,13.521101870050433,0.0,7,70,85
2,32,12,2.8,11.278863408034285,0.0,7,70,85
2,32,13,2.8,13.707403120397,0.0,7,70,85
2,32,14,2.8,8.81460968722039,0.0,7,70,85
2,32,15,3.0,10.542758032764011,0.0,7,70,85
2,32,16,3.0,10.753148424182264,0.0,7,70,85
2,32,17,2.8,9.61681835997148,0.0,7,70,85
2,32,18,3.0,10.71290281664449,0.0,7,70,85
2,32,19,3.0,8.461829139289204,0.0,7,70,85
2,32,20,3.2,7.6753901507667095,0.0,7,70,85
3,32,1,3.2,9.403694502287575,0.0,7,70,85
3,32,2,2.8,13.268414437872117,0.0,7,70,85
3,32,3,3.0,13.65739557997844,0.0,7,70,85
3,32,4,2.8,8.423704578026147,0.0,7,70,85
3,32,5,2.8,11.26748499099146,0.0,7,70,85
3,32,6,3.2,8.423573297507376,0.0,7,70,85
3,32,7,3.0,11.04271319642123,0.0,7,70,85
3,32,8,2.8,11.905575642452124,0.0,7,70,85
3,32,9,2.8,15.993057939132466,0.0,7,70,85
3,32,10,2.8,9.685084339308885,0.0,7,70,85
3,32,11,3.0,12.118607612119336,0.0,7,70,85
3,32,12,3.0,10.262632253014583,0.0,7,70,85
3,32,13,3.0,11.244931663063669,0.0,7,70,85
3,32,14,3.2,8.928142641683971,0.0,7,70,85
3,32,15,3.0,12.700741528477524,0.0,7,70,85
3,32,16,3.0,13.674403104653216,0.0,7,70,85
3,32,17,3.0,8.976651741447135,0.0,7,70,85
3,32,18,2.8,10.992158492894449,0.0,7,70,85
3,32,19,3.0,10.375961090885786,0.0,7,70,85
3,32,20,2.8,9.38556163482325,0.0,7,70,85
3,32,21,2.8,11.180336796965461,0.0,7,70,85
1,33,1,4.6,8.255927687164748,0.0,7,70,85
1,33,2,3.8,9.485578020851586,0.0,7,70,85
1,33,3,3.2,8.501844589981165,0.0,7,70,85
1,33,4,2.8,11.982592192493113,0.0,7,70,85
1,33,5,3.0,10.15483660247314,0.0,7,70,85
1,33,6,3.0,8.947709110087617,0.0,7,70,85
1,33,7,2.8,10.727315391638674,0.0,7,70,85
1,33,8,2.8,11.325342244798653,0.0,7,70,85
1,33,9,2.8,13.720590952824029,0.0,7,70,85
1,33,10,2.8,12.987163658401093,0.0,7,70,85
1,33,11,2.8,16.04624310754487,0.0,7,70,85
1,33,12,2.8,13.332896628378828,0.0,7,70,85
1,33,13,2.8,14.293316549270681,0.0,7,70,85
1,33,14,2.8,13.262999371638191,0.0,7,70,85
1,33,15,2.8,12.240937532906253,0.0,7,70,85
1,33,16,2.8,15.5845954209437,0.0,7,70,85
1,33,17,3.0,8.218329594351736,0.0,7,70,85
1,33,18,3.4,8.77866957158504,0.0,7,70,85
1,33,19,3.2,9.614897277987255,0.0,7,70,85
1,33,20,3.0,11.210615632263412,0.0,7,70,85
1,33,21,2.5,9.647497938366262,0.0,4,70,85
2,33,1,3.0,15.020187114983305,0.0,7,70,85
2,33,2,3.0,11.825613287688293,0.0,7,70,85
2,33,3,4.2,7.198823609694697,0.125,7,70,85
2,33,4,2.8,8.802643760033071,0.0,7,70,85
2,33,5,2.8,12.81167831513479,0.0,7,70,85
2,33,6,2.8,10.13522805387204,0.0,7,70,85
2,33,7,3.6,8.847208405087578,0.0,7,70,85
2,33,8,2.8,11.736252628080118,0.0,7,70,85
2,33,9,2.8,11.36476945705081,0.0,7,70,85
2,33,10,2.8,11.511276285620667,0.0,7,70,85
2,33,11,2.8,10.80782199290598,0.0,7,70,85
2,33,12,2.8,11.963570375438428,0.0,7,70,85
2,33,13,2.8,12.24175027566138,0.0,7,70,85
2,33,14,2.8,8.0902783489298,0.0,7,70,85
2,33,15,3.0,11.27514755405503,0.0,7,70,85
2,33,16,2.8,14.865487838601855,0.0,7,70,85
2,33,17,2.8,9.698464790632611,0.0,7,70,85
2,33,18,3.0,14.663950475235167,0.0,7,70,85
2,33,19,3.0,9.000786205739894,0.0,7,70,85
2,33,20,2.8,7.435014291544567,0.0,7,70,85
2,33,21,2.8,11.492800269512077,0.0,6,70,85
3,33,1,3.0,9.35586503536508,0.0,7,70,85
3,33,2,3.8,7.738690017742095,0.0,7,70,85
3,33,3,3.0,11.864800469854103,0.0,7,70,85
3,33,4,2.8,8.43056947254928,0.0,7,70,85
3,33,5,2.8,11.808815272527687,0.0,7,70,85
3,33,6,2.8,7.982129884709289,0.0,7,70,85
3,33,7,3.0,14.16401892544807,0.0,7,70,85
3,33,8,3.2,9.689593469498337,0.0,7,70,85
3,33,9,2.8,12.088858962582755,0.0,7,70,85
3,33,10,2.8,13.626460894457043,0.0,7,70,85
3,33,11,3.2,10.391788233019525,0.0,7,70,85
3,33,12,3.0,9.163956019394565,0.0,7,70,85
3,33,13,3.2,11.0607494492676,0.0,7,70,85
3,33,14,2.8,14.41319285482638,0.0,7,70,85
3,33,15,3.2,9.019562819106117,0.0,7,70,85
3,33,16,2.8,15.078365649273831,0.0,7,70,85
3,33,17,3.2,10.198280326773249,0.0,7,70,85
3,33,18,2.8,11.13601900608443,0.0,7,70,85
3,33,19,2.8,9.971417168707196,0.0,7,70,85
3,33,20,2.8,10.304949618284976,0.0,7,70,85
3,33,21,3.2,10.582520718493324,0.0,7,70,85
1,34,1,4.8,8.460541201458824,0.0,7,70,85
1,34,2,3.8,9.100801534315059,0.0,7,70,85
1,34,3,3.4,8.368390440636974,0.0,7,70,85
1,34,4,2.8,12.96382470895631,0.0,7,70,85
1,34,5,3.0,7.981268467054204,0.0,7,70,85
1,34,6,2.8,9.328978269966862,0.0,7,70,85
1,34,7,2.8,12.477103493866347,0.0,7,70,85
1,34,8,2.8,13.785891395158268,0.0,7,70,85
1,34,9,2.8,12.829032946039735,0.0,7,70,85
1,34,10,2.8,13.224089150842577,0.0,7,70,85
1,34,11,2.8,15.331246204400458,0.0,7,70,85
1,34,12,2.8,11.178201748755788,0.0,7,70,85
1,34,13,2.8,15.802390885979303,0.0,7,70,85
1,34,14,2.8,11.006976900828004,0.0,7,70,85
1,34,15,2.8,13.347706500228124,0.0,7,70,85
1,34,16,2.8,12.624065521569364,0.0,7,70,85
1,34,17,3.0,8.254590023312595,0.0,7,70,85
1,34,18,3.2,8.793102774728407,0.0,7,70,85
1,34,19,3.2,10.448454859209045,0.0,7,70,85
1,34,20,3.0,12.861597700726131,0.0,7,70,85
1,34,21,2.5,10.26369342856648,0.0,4,70,85
2,34,1,3.0,14.555491504277008,0.0,7,70,85
2,34,2,2.8,11.84013286776378,0.0,7,70,85
2,34,3,4.0,8.197790041902131,0.125,7,70,85
2,34,4,2.8,10.643115954857125,0.0,7,70,85
2,34,5,2.8,9.489181539575053,0.0,7,70,85
2,34,6,2.8,10.968104831901767,0.0,7,70,85
2,34,7,3.4,8.680815516373746,0.0,7,70,85
2,34,8,3.0,10.235347381851868,0.0,7,70,85
2,34,9,2.8,10.021179839750253,0.0,7,70,85
2,34,10,3.0,10.090805065833283,0.0,7,70,85
2,34,11,3.0,11.320492389329745,0.0,7,70,85
2,34,12,2.8,10.688247510858655,0.0,7,70,85
2,34,13,2.8,14.170421480833724,0.0,7,70,85
2,34,14,2.8,9.00775202171403,0.0,7,70,85
2,34,15,3.0,8.92288169009546,0.0,7,70,85
2,34,16,2.8,11.071293038155199,0.0,7,70,85
2,34,17,2.8,12.048430880540575,0.0,7,70,85
2,34,18,3.2,12.856687931183139,0.0,7,70,85
2,34,19,2.8,10.439202929125104,0.0,7,70,85
2,34,20,2.8,8.33701154978839,0.0,7,70,85
2,34,21,2.8,10.224726563345788,0.0,6,70,85
3,34,1,3.0,8.358549735068722,0.0,7,70,85
3,34,2,2.8,11.384522318866205,0.0,7,70,85
3,34,3,2.8,11.878544185495644,0.0,7,70,85
3,34,4,2.8,11.772285478496018,0.0,7,70,85
3,34,5,3.0,9.21092269299124,0.0,7,70,85
3,34,6,2.8,9.03765503580177,0.0,7,70,85
3,34,7,3.0,8.19844273248568,0.0,7,70,85
3,34,8,2.8,10.253328706176196,0.0,7,70,85
3,34,9,2.8,15.556159489446905,0.0,7,70,85
3,34,10,2.8,11.02356589804243,0.0,7,70,85
3,34,11,3.0,10.973413830395195,0.0,7,70,85
3,34,12,3.2,10.673389187396726,0.0,7,70,85
3,34,13,3.2,9.203862096201158,0.0,7,70,85
3,34,14,3.0,11.910399421373505,0.0,7,70,85
3,34,15,3.0,10.373658565554356,0.0,7,70,85
3,34,16,3.2,12.029001321484607,0.0,7,70,85
3,34,17,2.8,10.337548199139485,0.0,7,70,85
3,34,18,2.8,12.44063251960261,0.0,7,70,85
3,34,19,2.8,13.638700691393874,0.0,7,70,85
3,34,20,3.0,8.628501316420813,0.0,7,70,85
3,34,21,3.0,10.515321327159997,0.0,7,70,85
1,35,1,4.4,8.808930171381647,0.0,7,70,85
1,35,2,3.6,12.005003838231776,0.0,7,70,85
1,35,3,3.2,9.75010288788063,0.0,7,70,85
1,35,4,3.4,10.109601488635652,0.0,7,70,85
1,35,5,3.0,9.386378919410815,0.0,7,70,85
1,35,6,3.0,10.17679325846235,0.0,7,70,85
1,35,7,2.8,12.634059093209471,0.0,7,70,85
1,35,8,2.8,13.153946651818735,0.0,7,70,85
1,35,9,2.8,12.156160747468336,0.0,7,70,85
1,35,10,2.8,14.601980137476763,0.0,7,70,85
1,35,11,2.8,15.40965581085024,0.0,7,70,85
1,35,12,2.8,9.812980539578138,0.0,7,70,85
1,35,13,2.8,17.39934576322004,0.0,7,70,85
1,35,14,3.0,10.731333279669162,0.0,7,70,85
1,35,15,3.0,12.302000284319911,0.0,7,70,85
1,35,16,2.8,13.381767806659994,0.0,7,70,85
1,35,17,3.2,9.638675626270162,0.0,7,70,85
1,35,18,3.6,8.272627005663328,0.0,7,70,85
1,35,19,3.0,10.498719066141888,0.0,7,70,85
1,35,20,3.0,11.208525223865639,0.0,7,70,85
2,35,1,4.0,9.300800729227829,0.0,7,70,85
2,35,2,3.8,9.364363390643309,0.0,7,70,85
2,35,3,3.2,9.42932650285044,0.0,7,70,85
2,35,4,3.2,8.405694013289585,0.0,7,70,85
2,35,5,3.0,10.599305175302904,0.0,7,70,85
2,35,6,3.0,12.74792355390678,0.0,7,70,85
2,35,7,3.6,7.489020031911281,0.0,7,70,85
2,35,8,3.0,12.740012733212001,0.0,7,70,85
2,35,9,2.8,12.318787102754724,0.0,7,70,85
2,35,10,3.0,10.644949525672342,0.0,7,70,85
2,35,11,2.8,12.953743901151512,0.0,7,70,85
2,35,12,2.8,11.992043760718506,0.0,7,70,85
2,35,13,2.8,9.490132718138256,0.0,7,70,85
2,35,14,3.0,8.175212940447036,0.0,7,70,85
2,35,15,3.2,10.144463559577042,0.0,7,70,85
2,35,16,2.8,13.026156004448383,0.0,7,70,85
2,35,17,3.0,12.704899705269378,0.0,7,70,85
2,35,18,3.0,9.298080375244954,0.0,7,70,85
2,35,19,2.8,9.154156784368006,0.0,7,70,85
2,35,20,3.0,10.83884013907509,0.0,7,70,85
3,35,1,2.8,10.414550078441863,0.0,7,70,85
3,35,2,2.8,13.97800638626195,0.0,7,70,85
3,35,3,2.8,12.667731042562068,0.0,7,70,85
3,35,4,2.8,10.000921269082475,0.0,7,70,85
3,35,5,2.8,9.719370345896756,0.0,7,70,85
3,35,6,2.8,10.283778484707277,0.0,7,70,85
3,35,7,2.8,9.208617202408897,0.0,7,70,85
3,35,8,3.0,11.06123445690354,0.0,7,70,85
3,35,9,2.8,13.675486485678395,0.0,7,70,85
3,35,10,2.8,10.143852872028853,0.0,7,70,85
3,35,11,3.0,10.844071142537402,0.0,7,70,85
3,35,12,3.2,9.582330065008339,0.0,7,70,85
3,35,13,3.0,9.959584576190032,0.0,7,70,85
3,35,14,3.0,8.425495711249063,0.0,7,70,85
3,35,15,2.8,16.10520221283486,0.0,7,70,85
3,35,16,3.2,9.635018584371437,0.0,7,70,85
3,35,17,2.8,11.095373811877797,0.0,7,70,85
3,35,18,3.0,12.415761152506034,0.0,7,70,85
3,35,19,2.8,13.306471310171968,0.0,7,70,85
3,35,20,2.8,9.05268192476632,0.0,7,70,85
3,35,21,3.0,8.991891654896035,0.0,7,70,85
3,35,22,2.2,16.089681041735695,0.0,5,70,85
1,36,1,4.8,8.021325580037034,0.0,7,70,85
1,36,2,3.6,11.017804530167622,0.0,7,70,85
1,36,3,3.4,7.937187145096999,0.0,7,70,85
1,36,4,2.8,13.30960275796873,0.0,7,70,85
1,36,5,3.2,7.713966454821558,0.0,7,70,85
1,36,6,3.0,9.95255069498928,0.0,7,70,85
1,36,7,2.8,9.889756226944698,0.0,7,70,85
1,36,8,2.8,14.459154541367734,0.0,7,70,85
1,36,9,2.8,12.502260093745816,0.0,7,70,85
1,36,10,2.8,15.504561278391293,0.0,7,70,85
1,36,11,2.8,19.121760008175784,0.0,7,70,85
1,36,12,2.8,10.317424695370239,0.0,7,70,85
1,36,13,2.8,14.591606607449757,0.0,7,70,85
1,36,14,2.8,12.76561142180823,0.0,7,70,85
1,36,15,2.8,12.734293316015888,0.0,7,70,85
1,36,16,3.0,12.400637729834562,0.0,7,70,85
1,36,17,3.2,8.730937677650452,0.0,7,70,85
1,36,18,3.0,9.875718396318476,0.0,7,70,85
1,36,19,3.2,9.667805797892662,0.0,7,70,85
1,36,20,3.2,8.23213570803452,0.0,7,70,85
2,36,1,3.0,13.676682678291234,0.0,7,70,85
2,36,2,3.0,10.089403601441136,0.0,7,70,85
2,36,3,3.8,8.832768098224324,0.0,7,70,85
2,36,4,4.0,7.4231672890650096,0.0,7,70,85
2,36,5,2.8,10.656364847328206,0.0,7,70,85
2,36,6,2.8,10.780459916943599,0.0,7,70,85
2,36,7,3.6,7.901008684383293,0.0,7,70,85
2,36,8,2.8,11.449298179315752,0.0,7,70,85
2,36,9,2.8,11.417857298527592,0.0,7,70,85
2,36,10,2.8,8.798435958172158,0.0,7,70,85
2,36,11,3.0,12.89095663918802,0.0,7,70,85
2,36,12,2.8,12.042355426578498,0.0,7,70,85
2,36,13,2.8,10.953188594248125,0.0,7,70,85
2,36,14,3.0,8.034709881878593,0.0,7,70,85
2,36,15,3.2,11.934098715298301,0.0,7,70,85
2,36,16,3.2,8.792712079823165,0.0,7,70,85
2,36,17,3.0,11.17070640631773,0.0,7,70,85
2,36,18,3.2,8.874141352582198,0.0,7,70,85
2,36,19,2.8,8.053050048379525,0.0,7,70,85
2,36,20,3.0,9.281431710069114,0.0,7,70,85
3,36,1,3.4,8.265430972573206,0.0,7,70,85
3,36,2,2.8,11.1988825459202,0.0,7,70,85
3,36,3,3.2,10.255406238664824,0.0,7,70,85
3,36,4,2.8,10.99135251723889,0.0,7,70,85
3,36,5,2.8,9.7675646600276,0.0,7,70,85
3,36,6,2.8,9.960750283516969,0.0,7,70,85
3,36,7,3.0,9.83520243793219,0.0,7,70,85
3,36,8,3.2,10.469443184056388,0.0,7,70,85
3,36,9,2.8,15.46190361867589,0.0,7,70,85
3,36,10,2.8,11.086393016200825,0.0,7,70,85
3,36,11,3.2,9.254130513997938,0.0,7,70,85
3,36,12,3.0,10.489019554846514,0.0,7,70,85
3,36,13,2.8,13.78486034649383,0.0,7,70,85
3,36,14,2.8,10.524824659780354,0.0,7,70,85
3,36,15,3.2,12.450520105196707,0.0,7,70,85
3,36,16,2.8,18.556748216306314,0.0,7,70,85
3,36,17,3.0,8.420506643924885,0.0,7,70,85
3,36,18,2.8,13.950754659640724,0.0,7,70,85
3,36,19,2.8,11.1825118566349,0.0,7,70,85
3,36,20,3.0,9.194865885994004,0.0,7,70,85
3,36,21,3.0,9.303582274967281,0.0,7,70,85
1,37,1,4.8,8.229458062234066,0.0,7,70,85
1,37,2,3.6,8.928302447436229,0.0,7,70,85
1,37,3,3.4,7.854423463476445,0.0,7,70,85
1,37,4,2.8,11.706528008199193,0.0,7,70,85
1,37,5,3.2,7.885570963280985,0.0,7,70,85
1,37,6,2.8,10.591540587983943,0.0,7,70,85
1,37,7,2.8,9.657608297982172,0.0,7,70,85
1,37,8,2.8,12.34549383291694,0.0,7,70,85
1,37,9,2.8,10.766185267020365,0.0,7,70,85
1,37,10,2.8,12.588695020485016,0.0,7,70,85
1,37,11,2.8,14.988056561563058,0.0,7,70,85
1,37,12,2.8,10.406076372659445,0.0,7,70,85
1,37,13,2.8,18.870466073585654,0.0,7,70,85
1,37,14,3.0,10.945751070467033,0.0,7,70,85
1,37,15,3.0,10.556397697533654,0.0,7,70,85
1,37,16,2.8,11.626159730667064,0.0,7,70,85
1,37,17,3.0,9.384787469366236,0.0,7,70,85
1,37,18,2.8,8.685308631915747,0.0,7,70,85
1,37,19,2.8,14.833362119393906,0.0,7,70,85
1,37,20,3.2,8.479584443835098,0.0,7,70,85
1,37,21,2.2,12.765265985604021,0.0,5,70,85
2,37,1,3.0,17.514989950419515,0.0,7,70,85
2,37,2,3.0,10.362924692414513,0.0,7,70,85
2,37,3,3.2,11.53750256820102,0.0,7,70,85
2,37,4,3.4,8.471285496420217,0.0,7,70,85
2,37,5,3.2,9.399276954917802,0.0,7,70,85
2,37,6,2.8,10.411273353874586,0.0,7,70,85
2,37,7,3.0,12.80681922724963,0.0,7,70,85
2,37,8,2.8,14.126528600489081,0.0,7,70,85
2,37,9,2.8,13.709712049101089,0.0,7,70,85
2,37,10,3.0,9.033598254008732,0.0,7,70,85
2,37,11,2.8,13.492401032171342,0.0,7,70,85
2,37,12,2.8,11.155622850767065,0.0,7,70,85
2,37,13,2.8,11.98790599265448,0.0,7,70,85
2,37,14,2.8,12.33844718495114,0.0,7,70,85
2,37,15,3.0,10.130683508415416,0.0,7,70,85
2,37,16,2.8,11.974598810710958,0.0,7,70,85
2,37,17,2.8,12.701534917506862,0.0,7,70,85
2,37,18,3.0,12.81135055863642,0.0,7,70,85
2,37,19,3.0,10.06299612993066,0.0,7,70,85
2,37,20,2.8,8.252484119572316,0.0,7,70,85
2,37,21,3.0,12.03301613440857,0.0,7,70,85
3,37,1,2.8,11.299636807309556,0.0,7,70,85
3,37,2,3.0,12.413855343510619,0.0,7,70,85
3,37,3,3.0,11.397220286443114,0.0,7,70,85
3,37,4,2.8,10.17140146644373,0.0,7,70,85
3,37,5,3.0,7.890186971631664,0.0,7,70,85
3,37,6,2.8,9.495129220181985,0.0,7,70,85
3,37,7,3.0,9.951221558540002,0.0,7,70,85
3,37,8,2.8,11.22904519690561,0.0,7,70,85
3,37,9,2.8,15.375694565889905,0.0,7,70,85
3,37,10,2.8,11.112666106936413,0.0,7,70,85
3,37,11,2.8,12.44718060571287,0.0,7,70,85
3,37,12,3.2,10.436618195394619,0.0,7,70,85
3,37,13,3.2,9.301847265447721,0.0,7,70,85
3,37,14,3.0,10.018039285506564,0.0,7,70,85
3,37,15,3.0,11.108466190545847,0.0,7,70,85
3,37,16,3.0,11.85572033374112,0.0,7,70,85
3,37,17,3.0,11.156528415609992,0.0,7,70,85
3,37,18,2.8,14.007729597771695,0.0,7,70,85
3,37,19,2.8,12.625172528204198,0.0,7,70,85
3,37,20,2.8,9.736290386187688,0.0,7,70,85
3,37,21,2.8,11.836068225012324,0.0,7,70,85
3,37,22,2.25,14.264538876853367,0.0,4,70,85
1,38,1,4.8,7.783043000865702,0.0,7,70,85
1,38,2,3.6,10.647906700511038,0.0,7,70,85
1,38,3,3.2,8.550096337130961,0.0,7,70,85
1,38,4,2.8,11.864629723350989,0.0,7,70,85
1,38,5,3.0,8.961774805073713,0.0,7,70,85
1,38,6,2.8,9.957938649763753,0.0,7,70,85
1,38,7,2.8,15.125237998057422,0.0,7,70,85
1,38,8,2.8,12.373798945277224,0.0,7,70,85
1,38,9,2.8,15.36720116320434,0.0,7,70,85
1,38,10,2.8,12.759982335255255,0.0,7,70,85
1,38,11,2.8,14.973541272030598,0.0,7,70,85
1,38,12,2.8,13.856677763498194,0.0,7,70,85
1,38,13,2.8,14.10057248246263,0.0,7,70,85
1,38,14,2.8,11.330126935672544,0.0,7,70,85
1,38,15,2.8,14.83524780354503,0.0,7,70,85
1,38,16,2.8,12.429249891051041,0.0,7,70,85
1,38,17,3.0,7.8153170224259725,0.0,7,70,85
1,38,18,3.2,9.308949227467805,0.0,7,70,85
1,38,19,3.2,9.658342777064728,0.0,7,70,85
1,38,20,3.2,8.763202674600091,0.0,7,70,85
1,38,21,2.2,12.271359170207376,0.0,5,70,85
2,38,1,3.2,12.097277420723168,0.0,7,70,85
2,38,2,3.0,11.584725027501369,0.0,7,70,85
2,38,3,3.6,8.397852418999742,0.0,7,70,85
2,38,4,3.4,8.375355327914162,0.0,7,70,85
2,38,5,2.8,12.615162891491819,0.0,7,70,85
2,38,6,3.0,9.7968794471823,0.0,7,70,85
2,38,7,3.6,8.221227275583814,0.0,7,70,85
2,38,8,3.0,10.962695145285592,0.0,7,70,85
2,38,9,2.8,14.599159476756327,0.0,7,70,85
2,38,10,2.8,10.014130320944064,0.0,7,70,85
2,38,11,3.0,11.35297904918898,0.0,7,70,85
2,38,12,2.8,11.512395584342947,0.0,7,70,85
2,38,13,2.8,13.92587662141397,0.0,7,70,85
2,38,14,2.8,12.066634504570706,0.0,7,70,85
2,38,15,3.4,9.418036592254225,0.0,7,70,85
2,38,16,2.8,15.11256297763129,0.0,7,70,85
2,38,17,2.8,10.922705415974779,0.0,7,70,85
2,38,18,3.2,10.12930785397435,0.0,7,70,85
2,38,19,2.8,9.496800558263521,0.0,7,70,85
2,38,20,3.0,8.680848993544307,0.0,7,70,85
3,38,1,3.0,10.868839167489003,0.0,7,70,85
3,38,2,2.8,10.820565561299887,0.0,7,70,85
3,38,3,2.8,11.39179948653037,0.0,7,70,85
3,38,4,2.8,12.754257116403313,0.0,7,70,85
3,38,5,2.8,10.24597254753471,0.0,7,70,85
3,38,6,2.8,7.832752355518917,0.0,7,70,85
3,38,7,3.0,10.5429934352665,0.0,7,70,85
3,38,8,2.8,11.694783515530634,0.0,7,70,85
3,38,9,3.0,13.514472242653156,0.0,7,70,85
3,38,10,2.8,10.96428066905956,0.0,7,70,85
3,38,11,3.0,12.34686472683035,0.0,7,70,85
3,38,12,3.2,10.330846382042173,0.0,7,70,85
3,38,13,3.2,9.793363680660914,0.0,7,70,85
3,38,14,3.0,10.445786185864451,0.0,7,70,85
3,38,15,3.0,10.756798369340911,0.0,7,70,85
3,38,16,3.0,15.567418566775238,0.0,7,70,85
3,38,17,3.0,10.76383893969973,0.0,7,70,85
3,38,18,2.8,12.517013890819667,0.0,7,70,85
3,38,19,2.8,13.00089004433017,0.0,7,70,85
3,38,20,2.8,9.236374466069122,0.0,7,70,85
3,38,21,2.8,10.388567990597187,0.0,7,70,85
3,38,22,2.25,14.019311647976897,0.0,4,70,85
1,39,1,4.4,9.24121615705862,0.0,7,70,85
1,39,2,3.6,9.961040445389614,0.0,7,70,85
1,39,3,3.2,8.632688776378327,0.0,7,70,85
1,39,4,3.4,11.157869206571387,0.0,7,70,85
1,39,5,3.2,8.859407313361448,0.0,7,70,85
1,39,6,3.0,9.936140226018733,0.0,7,70,85
1,39,7,2.8,10.659495787334187,0.0,7,70,85
1,39,8,2.8,12.882676070022143,0.0,7,70,85
1,39,9,2.8,10.461943210084785,0.0,7,70,85
1,39,10,2.8,15.385801400945416,0.0,7,70,85
1,39,11,2.8,14.140964124984448,0.0,7,70,85
1,39,12,2.8,10.352875916087786,0.0,7,70,85
1,39,13,2.8,13.157867841007084,0.0,7,70,85
1,39,14,2.8,12.500793075677395,0.0,7,70,85
1,39,15,2.8,11.628486092703634,0.0,7,70,85
1,39,16,2.8,12.28746712527788,0.0,7,70,85
1,39,17,3.2,7.932843145492997,0.0,7,70,85
1,39,18,3.0,8.607555558962968,0.0,7,70,85
1,39,19,3.0,11.555818515478448,0.0,7,70,85
1,39,20,3.0,11.401514520271906,0.0,7,70,85
1,39,21,2.5,10.070725195105933,0.0,4,70,85
2,39,1,3.2,12.543873398653819,0.0,7,70,85
2,39,2,2.8,12.067934303307679,0.0,7,70,85
2,39,3,3.2,12.205196752346215,0.0,7,70,85
2,39,4,3.4,8.566203963599937,0.0,7,70,85
2,39,5,3.2,9.229077953831272,0.0,7,70,85
2,39,6,2.8,11.011073386006608,0.0,7,70,85
2,39,7,3.2,9.932703497896899,0.0,7,70,85
2,39,8,3.2,9.011792570894778,0.0,7,70,85
2,39,9,2.8,11.60190999866039,0.0,7,70,85
2,39,10,2.8,10.485099087439803,0.0,7,70,85
2,39,11,3.2,10.44968470878901,0.0,7,70,85
2,39,12,2.8,10.894531500552041,0.0,7,70,85
2,39,13,2.8,15.501774748500665,0.0,7,70,85
2,39,14,2.8,11.101994881057028,0.0,7,70,85
2,39,15,3.0,9.572334368767024,0.0,7,70,85
2,39,16,2.8,11.930762343944266,0.0,7,70,85
2,39,17,2.8,11.653652101514018,0.0,7,70,85
2,39,18,3.0,15.331604640603565,0.0,7,70,85
2,39,19,3.0,8.533719590870543,0.0,7,70,85
2,39,20,2.8,9.125596116826408,0.0,7,70,85
2,39,21,2.4,14.349270165581775,0.0,5,70,85
3,39,1,3.6,6.98446469051253,0.0,7,70,85
3,39,2,3.2,9.938840379262645,0.0,7,70,85
3,39,3,3.2,9.59063271955061,0.0,7,70,85
3,39,4,3.0,9.201661367058275,0.0,7,70,85
3,39,5,3.0,10.273380868605276,0.0,7,70,85
3,39,6,3.0,9.55159456061465,0.0,7,70,85
3,39,7,3.0,14.026492893828099,0.0,7,70,85
3,39,8,2.8,11.38424866199455,0.0,7,70,85
3,39,9,2.8,11.280114442763814,0.0,7,70,85
3,39,10,2.8,14.02520555201026,0.0,7,70,85
3,39,11,3.0,10.057212184650869,0.0,7,70,85
3,39,12,3.2,8.705282517559677,0.0,7,70,85
3,39,13,3.0,9.323051044577296,0.0,7,70,85
3,39,14,2.8,13.910944812983042,0.0,7,70,85
3,39,15,3.0,10.801405115285077,0.0,7,70,85
3,39,16,2.8,19.689885280891126,0.0,7,70,85
3,39,17,3.0,11.174916609841953,0.0,7,70,85
3,39,18,2.8,13.095598279353927,0.0,7,70,85
3,39,19,2.8,12.451652807241098,0.0,7,70,85
3,39,20,2.8,9.334348730478176,0.0,7,70,85
3,39,21,3.0,10.961560546458703,0.0,7,70,85
1,40,1,4.6,9.131684892427154,0.0,7,70,85
1,40,2,4.0,10.06871542581718,0.0,7,70,85
1,40,3,3.4,7.429505990785266,0.0,7,70,85
1,40,4,3.0,12.71645092616493,0.0,7,70,85
1,40,5,3.2,9.059078073204432,0.0,7,70,85
1,40,6,2.8,9.749085792401688,0.0,7,70,85
1,40,7,2.8,12.867986009415471,0.0,7,70,85
1,40,8,2.8,13.963192232802264,0.0,7,70,85
1,40,9,2.8,11.707887838175072,0.0,7,70,85
1,40,10,2.8,15.225164847309198,0.0,7,70,85
1,40,11,2.8,20.720928911508626,0.0,7,70,85
1,40,12,2.8,11.22570477382816,0.0,7,70,85
1,40,13,3.0,13.878129519681785,0.0,7,70,85
1,40,14,2.8,11.6505222594591,0.0,7,70,85
1,40,15,3.0,9.578224763648183,0.0,7,70,85
1,40,16,2.8,13.06677690310546,0.0,7,70,85
1,40,17,3.0,8.768929360595509,0.0,7,70,85
1,40,18,3.0,9.733054787622876,0.0,7,70,85
1,40,19,3.0,10.70523201381938,0.0,7,70,85
1,40,20,3.0,10.146634616186777,0.0,7,70,85
2,40,1,3.4,12.768088859398631,0.0,7,70,85
2,40,2,4.6,6.978036054378684,0.125,7,70,85
2,40,3,3.0,9.484598472309289,0.0,7,70,85
2,40,4,3.0,8.9993273640294,0.0,7,70,85
2,40,5,2.8,10.857600857808425,0.0,7,70,85
2,40,6,2.8,9.471279232615553,0.0,7,70,85
2,40,7,3.6,9.578430755845266,0.0,7,70,85
2,40,8,2.8,11.979921592598485,0.0,7,70,85
2,40,9,2.8,12.224898647965379,0.0,7,70,85
2,40,10,2.8,9.528975487448658,0.0,7,70,85
2,40,11,2.8,16.74153461099864,0.0,7,70,85
2,40,12,2.8,11.971640780384229,0.0,7,70,85
2,40,13,2.8,9.565599778867751,0.0,7,70,85
2,40,14,2.8,10.091388073144232,0.0,7,70,85
2,40,15,3.2,9.493166133389355,0.0,7,70,85
2,40,16,2.8,12.438617795611426,0.0,7,70,85
2,40,17,3.0,11.395680608016843,0.0,7,70,85
2,40,18,3.2,9.043342255819336,0.0,7,70,85
2,40,19,2.8,10.438123549737924,0.0,7,70,85
2,40,20,3.0,8.469864780091493,0.0,7,70,85
3,40,1,3.2,8.719932721542312,0.0,7,70,85
3,40,2,3.0,11.59002997092688,0.0,7,70,85
3,40,3,2.8,14.287572327295932,0.0,7,70,85
3,40,4,2.8,8.505708507387432,0.0,7,70,85
3,40,5,2.8,10.458278286257938,0.0,7,70,85
3,40,6,2.8,9.209188991098712,0.0,7,70,85
3,40,7,3.0,9.400594899326851,0.0,7,70,85
3,40,8,2.8,12.339102734182466,0.0,7,70,85
3,40,9,2.8,11.47967516434154,0.0,7,70,85
3,40,10,3.0,11.371467282655802,0.0,7,70,85
3,40,11,3.2,10.122282852949038,0.0,7,70,85
3,40,12,3.0,9.074900803750271,0.0,7,70,85
3,40,13,3.0,10.49257057384571,0.0,7,70,85
3,40,14,3.2,9.555863517853915,0.0,7,70,85
3,40,15,3.2,10.706857328129892,0.0,7,70,85
3,40,16,2.8,19.257905035135398,0.0,7,70,85
3,40,17,3.0,10.221871117423994,0.0,7,70,85
3,40,18,2.8,13.141422419819586,0.0,7,70,85
3,40,19,2.8,13.870753361790223,0.0,7,70,85
3,40,20,2.8,8.892267548136829,0.0,7,70,85
3,40,21,2.8,11.311142566966037,0.0,7,70,85
1,41,1,4.8,7.823461225907461,0.0,7,70,85
1,41,2,3.6,9.550941930090186,0.0,7,70,85
1,41,3,3.6,6.700789975226314,0.0,7,70,85
1,41,4,2.8,14.353354835253949,0.0,7,70,85
1,41,5,3.0,8.682770543082682,0.0,7,70,85
1,41,6,2.8,11.349579284968053,0.0,7,70,85
1,41,7,2.8,12.988055852022601,0.0,7,70,85
1,41,8,2.8,10.720264768986711,0.0,7,70,85
1,41,9,2.8,11.462471685118976,0.0,7,70,85
1,41,10,2.8,17.687940989575466,0.0,7,70,85
1,41,11,2.8,20.633173102167135,0.0,7,70,85
1,41,12,2.8,9.624898543239143,0.0,7,70,85
1,41,13,2.8,17.449729514561128,0.0,7,70,85
1,41,14,3.0,11.127662890434499,0.0,7,70,85
1,41,15,2.8,11.718942739240997,0.0,7,70,85
1,41,16,2.8,11.425467726731597,0.0,7,70,85
1,41,17,3.0,8.716358008719363,0.0,7,70,85
1,41,18,3.0,8.582840694465647,0.0,7,70,85
1,41,19,3.2,9.478781474478696,0.0,7,70,85
1,41,20,3.2,8.506118441441052,0.0,7,70,85
2,41,1,3.2,11.703741585018921,0.0,7,70,85
2,41,2,3.2,9.93604624889655,0.0,7,70,85
2,41,3,4.2,7.233595925519224,0.125,7,70,85
2,41,4,2.8,9.84529252830589,0.0,7,70,85
2,41,5,2.8,11.720973869219218,0.0,7,70,85
2,41,6,2.8,10.304950097522779,0.0,7,70,85
2,41,7,3.6,8.700739492880125,0.0,7,70,85
2,41,8,3.0,12.089509473744656,0.0,7,70,85
2,41,9,2.8,14.883371310256326,0.0,7,70,85
2,41,10,2.8,9.298563862873914,0.0,7,70,85
2,41,11,2.8,15.466250965127408,0.0,7,70,85
2,41,12,2.8,13.484626712645397,0.0,7,70,85
2,41,13,2.8,10.424870279536231,0.0,7,70,85
2,41,14,2.8,9.411899246039312,0.0,7,70,85
2,41,15,3.0,11.486373337510042,0.0,7,70,85
2,41,16,2.8,12.550821741003853,0.0,7,70,85
2,41,17,2.8,9.158561042928216,0.0,7,70,85
2,41,18,3.0,11.642603183309717,0.0,7,70,85
2,41,19,3.0,8.536301963293054,0.0,7,70,85
2,41,20,3.0,9.039318448928647,0.0,7,70,85
2,41,21,2.5,12.327792948334771,0.0,4,70,85
3,41,1,3.4,8.254276026090649,0.0,7,70,85
3,41,2,3.0,10.83025140825451,0.0,7,70,85
3,41,3,3.0,10.197083906450347,0.0,7,70,85
3,41,4,2.8,8.962029996007406,0.0,7,70,85
3,41,5,2.8,10.764662325685016,0.0,7,70,85
3,41,6,2.8,8.482573254657506,0.0,7,70,85
3,41,7,3.0,10.639316966513997,0.0,7,70,85
3,41,8,2.8,11.228029852389186,0.0,7,70,85
3,41,9,3.0,12.396502087301863,0.0,7,70,85
3,41,10,2.8,11.058234767287976,0.0,7,70,85
3,41,11,3.6,7.9779214609333025,0.125,7,70,85
3,41,12,3.2,9.14051878459714,0.0,7,70,85
3,41,13,2.8,12.351640453873712,0.0,7,70,85
3,41,14,2.8,11.698039545710204,0.0,7,70,85
3,41,15,3.0,9.27460134356327,0.0,7,70,85
3,41,16,2.8,13.433637646321763,0.0,7,70,85
3,41,17,2.8,11.310912122873171,0.0,7,70,85
3,41,18,2.8,13.001741557032034,0.0,7,70,85
3,41,19,2.8,11.673405932827231,0.0,7,70,85
3,41,20,2.8,9.867857461398643,0.0,7,70,85
3,41,21,3.0,12.420852795117602,0.0,7,70,85
1,42,1,4.8,8.89777792712885,0.0,7,70,85
1,42,2,3.8,9.624051189222858,0.0,7,70,85
1,42,3,3.4,8.345212320857996,0.0,7,70,85
1,42,4,2.8,13.85822271710531,0.0,7,70,85
1,42,5,3.0,10.026313063972959,0.0,7,70,85
1,42,6,2.8,10.390648262759859,0.0,7,70,85
1,42,7,2.8,11.11881178499575,0.0,7,70,85
1,42,8,3.0,10.133843418417712,0.0,7,70,85
1,42,9,2.8,12.323289327877404,0.0,7,70,85
1,42,10,2.8,17.184737623568896,0.0,7,70,85
1,42,11,2.8,20.556838835246616,0.0,7,70,85
1,42,12,2.8,9.910200231063829,0.0,7,70,85
1,42,13,2.8,13.821828878048338,0.0,7,70,85
1,42,14,2.8,11.837753422866053,0.0,7,70,85
1,42,15,2.8,12.419356048620017,0.0,7,70,85
1,42,16,2.8,11.534818952727935,0.0,7,70,85
1,42,17,3.0,10.831420035071169,0.0,7,70,85
1,42,18,3.4,8.601777253583819,0.0,7,70,85
1,42,19,3.2,9.698926577442766,0.0,7,70,85
1,42,20,3.0,9.229715111299928,0.0,7,70,85
2,42,1,3.0,13.319273618153908,0.0,7,70,85
2,42,2,2.8,11.840132867763833,0.0,7,70,85
2,42,3,3.8,8.09408255469789,0.125,7,70,85
2,42,4,3.2,8.631643265257505,0.0,7,70,85
2,42,5,2.8,10.820967719013494,0.0,7,70,85
2,42,6,2.8,10.06747523259849,0.0,7,70,85
2,42,7,3.8,8.684450822978803,0.125,7,70,85
2,42,8,2.8,11.849946972172129,0.0,7,70,85
2,42,9,2.8,14.696376090835525,0.0,7,70,85
2,42,10,2.8,11.425261596978343,0.0,7,70,85
2,42,11,2.8,14.326892685796192,0.0,7,70,85
2,42,12,2.8,12.0817338017957,0.0,7,70,85
2,42,13,2.8,11.461747295519505,0.0,7,70,85
2,42,14,2.8,9.497314691642725,0.0,7,70,85
2,42,15,3.6,8.064023418425622,0.125,7,70,85
2,42,16,2.8,11.03378996812456,0.0,7,70,85
2,42,17,2.8,10.4763280143978,0.0,7,70,85
2,42,18,2.8,13.466582833078679,0.0,7,70,85
2,42,19,2.8,9.558729709632237,0.0,7,70,85
2,42,20,2.8,8.909284090109697,0.0,7,70,85
2,42,21,2.6,12.93558471492987,0.0,5,70,85
3,42,1,2.8,11.447685029427769,0.0,7,70,85
3,42,2,2.8,11.441562274196611,0.0,7,70,85
3,42,3,2.8,10.944884453908772,0.0,7,70,85
3,42,4,2.8,9.968321461340782,0.0,7,70,85
3,42,5,2.8,9.097698598055173,0.0,7,70,85
3,42,6,2.8,9.545481041637704,0.0,7,70,85
3,42,7,2.8,11.757837484461458,0.0,7,70,85
3,42,8,2.8,13.152074478836393,0.0,7,70,85
3,42,9,2.8,13.893987580751364,0.0,7,70,85
3,42,10,2.8,12.416593894094529,0.0,7,70,85
3,42,11,2.8,11.738716758939793,0.0,7,70,85
3,42,12,3.2,10.082394094311098,0.0,7,70,85
3,42,13,3.2,9.436139419936346,0.0,7,70,85
3,42,14,3.0,9.168920244562477,0.0,7,70,85
3,42,15,2.8,16.382505044609104,0.0,7,70,85
3,42,16,3.2,10.504297257256704,0.0,7,70,85
3,42,17,2.8,13.378797301113515,0.0,7,70,85
3,42,18,3.0,12.378636663605796,0.0,7,70,85
3,42,19,2.8,11.724906544334425,0.0,7,70,85
3,42,20,2.8,8.736880207885836,0.0,7,70,85
3,42,21,2.8,10.453107406928686,0.0,7,70,85
3,42,22,2.6,13.235996145047334,0.0,6,70,85
1,43,1,4.6,8.03574118199367,0.0,7,70,85
1,43,2,3.8,10.038642430580149,0.0,7,70,85
1,43,3,3.2,8.748707553938036,0.0,7,70,85
1,43,4,2.8,12.300563566081033,0.0,7,70,85
1,43,5,3.0,10.695548778170197,0.0,7,70,85
1,43,6,3.0,9.321411776255976,0.0,7,70,85
1,43,7,2.8,11.571911113231073,0.0,7,70,85
1,43,8,2.8,9.84510728502036,0.0,7,70,85
1,43,9,2.8,12.02329734324251,0.0,7,70,85
1,43,10,2.8,16.15562444473612,0.0,7,70,85
1,43,11,2.8,12.833859602910042,0.0,7,70,85
1,43,12,2.8,12.374615057172399,0.0,7,70,85
1,43,13,2.8,17.2864874069764,0.0,7,70,85
1,43,14,2.8,11.995704632429785,0.0,7,70,85
1,43,15,2.8,12.366541053183138,0.0,7,70,85
1,43,16,2.8,15.955985726306087,0.0,7,70,85
1,43,17,3.0,7.7530866953025654,0.0,7,70,85
1,43,18,3.0,11.122881310032973,0.0,7,70,85
1,43,19,2.8,12.905279541434844,0.0,7,70,85
1,43,20,2.8,10.722781394887209,0.0,7,70,85
1,43,21,3.0,9.246505391781163,0.0,5,70,85
2,43,1,4.0,8.030720413169837,0.0,7,70,85
2,43,2,4.2,8.405907523163151,0.0,7,70,85
2,43,3,3.4,9.07667827208876,0.0,7,70,85
2,43,4,3.2,10.152689961879783,0.0,7,70,85
2,43,5,3.0,9.1726217303384,0.0,7,70,85
2,43,6,3.2,11.209318842066951,0.0,7,70,85
2,43,7,3.0,9.84974993417646,0.0,7,70,85
2,43,8,2.8,12.214265082189273,0.0,7,70,85
2,43,9,2.8,12.676232053148153,0.0,7,70,85
2,43,10,2.8,13.083587451616143,0.0,7,70,85
2,43,11,2.8,13.67010527213196,0.0,7,70,85
2,43,12,2.8,10.598605381101812,0.0,7,70,85
2,43,13,2.8,12.036663561604303,0.0,7,70,85
2,43,14,3.0,9.151955596094917,0.0,7,70,85
2,43,15,3.2,11.006125290457625,0.0,7,70,85
2,43,16,2.8,13.32664095564577,0.0,7,70,85
2,43,17,2.8,11.47263132697039,0.0,7,70,85
2,43,18,3.2,10.028735570335684,0.0,7,70,85
2,43,19,3.0,8.219474904955364,0.0,7,70,85
2,43,20,3.0,12.603325478181695,0.0,7,70,85
3,43,1,2.8,9.973016829974481,0.0,7,70,85
3,43,2,2.8,12.467807355006657,0.0,7,70,85
3,43,3,2.8,11.949959454190756,0.0,7,70,85
3,43,4,2.8,9.903755305843108,0.0,7,70,85
3,43,5,2.8,11.074482701213165,0.0,7,70,85
3,43,6,2.8,9.821390313618778,0.0,7,70,85
3,43,7,2.8,8.76017240458509,0.0,7,70,85
3,43,8,3.0,12.332553204045599,0.0,7,70,85
3,43,9,2.8,12.202168282696553,0.0,7,70,85
3,43,10,2.8,10.864629780778557,0.0,7,70,85
3,43,11,2.8,12.157965880793437,0.0,7,70,85
3,43,12,3.8,7.537033535404108,0.125,7,70,85
3,43,13,2.8,11.849373238008853,0.0,7,70,85
3,43,14,2.8,9.8079028923812,0.0,7,70,85
3,43,15,2.8,14.46710635603399,0.0,7,70,85
3,43,16,3.0,11.345275559091476,0.0,7,70,85
3,43,17,2.8,13.064439995625223,0.0,7,70,85
3,43,18,3.4,9.341498505960969,0.0,7,70,85
3,43,19,2.8,12.98983705939316,0.0,7,70,85
3,43,20,2.8,9.27554146181245,0.0,7,70,85
3,43,21,2.8,10.846752467002032,0.0,7,70,85
3,43,22,2.2,16.34771613395434,0.0,5,70,85
1,44,1,4.4,8.979574219828157,0.0,7,70,85
1,44,2,3.8,11.263135977595121,0.0,7,70,85
1,44,3,3.4,7.951236372972491,0.0,7,70,85
1,44,4,2.8,13.636678201251904,0.0,7,70,85
1,44,5,3.0,9.02891280072014,0.0,7,70,85
1,44,6,2.8,9.087001306446052,0.0,7,70,85
1,44,7,2.8,13.651807330240317,0.0,7,70,85
1,44,8,2.8,10.010029410874392,0.0,7,70,85
1,44,9,2.8,15.68723812156912,0.0,7,70,85
1,44,10,2.8,12.787058653647078,0.0,7,70,85
1,44,11,2.8,14.97354127203064,0.0,7,70,85
1,44,12,2.8,12.77018482854025,0.0,7,70,85
1,44,13,2.8,13.969818065427843,0.0,7,70,85
1,44,14,3.0,11.901833307402025,0.0,7,70,85
1,44,15,2.8,11.32105875558469,0.0,7,70,85
1,44,16,3.0,12.348079724899392,0.0,7,70,85
1,44,17,3.2,7.864488067710146,0.0,7,70,85
1,44,18,3.0,9.115128589819296,0.0,7,70,85
1,44,19,3.2,10.576828080130754,0.0,7,70,85
1,44,20,3.4,8.889013034316239,0.0,7,70,85
2,44,1,2.8,11.425630794206056,0.0,7,70,85
2,44,2,3.2,9.67607061833145,0.0,7,70,85
2,44,3,3.2,11.669583897693704,0.0,7,70,85
2,44,4,3.4,9.021057265069206,0.0,7,70,85
2,44,5,3.2,8.854945619184026,0.0,7,70,85
2,44,6,2.8,10.168930529343424,0.0,7,70,85
2,44,7,3.4,9.116181717229871,0.0,7,70,85
2,44,8,3.0,11.190872452630455,0.0,7,70,85
2,44,9,2.8,12.155297473829364,0.0,7,70,85
2,44,10,2.8,10.054192870670716,0.0,7,70,85
2,44,11,3.2,11.134543616033563,0.0,7,70,85
2,44,12,2.8,11.173166630130094,0.0,7,70,85
2,44,13,2.8,12.807474381830888,0.0,7,70,85
2,44,14,2.8,9.282283165627156,0.0,7,70,85
2,44,15,3.0,10.712419684427148,0.0,7,70,85
2,44,16,2.8,12.491194440101738,0.0,7,70,85
2,44,17,2.8,11.973039290618768,0.0,7,70,85
2,44,18,3.0,14.599651792606874,0.0,7,70,85
2,44,19,2.8,9.634013318208265,0.0,7,70,85
2,44,20,3.0,8.565156313604835,0.0,7,70,85
2,44,21,2.4,12.251058545434216,0.0,5,70,85
3,44,1,3.0,9.869158817064227,0.0,7,70,85
3,44,2,2.8,13.892967164125496,0.0,7,70,85
3,44,3,2.8,10.620331329292897,0.0,7,70,85
3,44,4,2.8,9.936262634408044,0.0,7,70,85
3,44,5,2.8,9.897769305961118,0.0,7,70,85
3,44,6,2.8,8.95689361329418,0.0,7,70,85
3,44,7,3.0,9.768409269435411,0.0,7,70,85
3,44,8,2.8,11.51858417674436,0.0,7,70,85
3,44,9,3.2,11.649721643827501,0.0,7,70,85
3,44,10,2.8,9.550862665843127,0.0,7,70,85
3,44,11,2.8,12.447180605712752,0.0,7,70,85
3,44,12,3.2,11.201168598124857,0.0,7,70,85
3,44,13,3.6,8.901058830510001,0.0,7,70,85
3,44,14,2.8,11.906541931534147,0.0,7,70,85
3,44,15,3.0,11.061730764913978,0.0,7,70,85
3,44,16,2.8,12.462024052730584,0.0,7,70,85
3,44,17,3.0,9.320374107011105,0.0,7,70,85
3,44,18,2.8,12.290632626446314,0.0,7,70,85
3,44,19,2.8,12.172873217866192,0.0,7,70,85
3,44,20,3.0,9.18573961254708,0.0,7,70,85
3,44,21,3.0,10.831913109110998,0.0,7,70,85
1,45,1,4.6,8.622121141038626,0.0,7,70,85
1,45,2,3.6,9.59251973712544,0.0,7,70,85
1,45,3,3.4,7.477639006517318,0.0,7,70,85
1,45,4,2.8,13.57523767714195,0.0,7,70,85
1,45,5,3.0,8.387953394211708,0.0,7,70,85
1,45,6,3.0,9.603666518523509,0.0,7,70,85
1,45,7,2.8,13.280615691839037,0.0,7,70,85
1,45,8,2.8,10.645121670609527,0.0,7,70,85
1,45,9,2.8,11.834398779450389,0.0,7,70,85
1,45,10,2.8,12.028029406352845,0.0,7,70,85
1,45,11,2.8,13.404835328159256,0.0,7,70,85
1,45,12,2.8,13.542643199788452,0.0,7,70,85
1,45,13,2.8,14.893879664919842,0.0,7,70,85
1,45,14,2.8,12.16522141600295,0.0,7,70,85
1,45,15,3.0,12.34958895332933,0.0,7,70,85
1,45,16,3.0,10.775577127138122,0.0,7,70,85
1,45,17,3.0,10.207603355428853,0.0,7,70,85
1,45,18,3.0,9.006145125340272,0.0,7,70,85
1,45,19,3.2,11.00164787869175,0.0,7,70,85
1,45,20,3.0,11.423127589983274,0.0,7,70,85
2,45,1,4.0,9.547624854971911,0.0,7,70,85
2,45,2,4.2,8.020112930894317,0.0,7,70,85
2,45,3,3.2,9.836301550782071,0.0,7,70,85
2,45,4,3.2,8.25472973192503,0.0,7,70,85
2,45,5,2.8,9.326952078670857,0.0,7,70,85
2,45,6,3.0,12.434794317602526,0.0,7,70,85
2,45,7,3.4,8.554739360271885,0.0,7,70,85
2,45,8,2.8,13.55124625333591,0.0,7,70,85
2,45,9,2.8,12.585525989062402,0.0,7,70,85
2,45,10,3.0,9.790076732922314,0.0,7,70,85
2,45,11,2.8,12.574044907720358,0.0,7,70,85
2,45,12,2.8,12.793393954502628,0.0,7,70,85
2,45,13,2.8,9.799528135857722,0.0,7,70,85
2,45,14,3.0,8.610791156688258,0.0,7,70,85
2,45,15,2.8,12.067874406115694,0.0,7,70,85
2,45,16,2.8,11.762784124161275,0.0,7,70,85
2,45,17,2.8,12.9616110040527,0.0,7,70,85
2,45,18,3.2,11.0211829585868,0.0,7,70,85
2,45,19,2.8,7.829127888203439,0.0,7,70,85
2,45,20,3.0,9.504179680630756,0.0,7,70,85
3,45,1,3.0,8.642001732469419,0.0,7,70,85
3,45,2,2.8,12.682960048976822,0.0,7,70,85
3,45,3,2.8,12.01859680421669,0.0,7,70,85
3,45,4,2.8,9.638740054561962,0.0,7,70,85
3,45,5,2.8,9.198154659722539,0.0,7,70,85
3,45,6,2.8,9.15806935115107,0.0,7,70,85
3,45,7,3.0,9.9755312707029,0.0,7,70,85
3,45,8,2.8,10.33166229206095,0.0,7,70,85
3,45,9,2.8,13.429748679316555,0.0,7,70,85
3,45,10,3.0,10.768438752112647,0.0,7,70,85
3,45,11,3.0,10.538530606275383,0.0,7,70,85
3,45,12,3.0,12.934953337072148,0.0,7,70,85
3,45,13,3.6,8.086305229396514,0.0,7,70,85
3,45,14,2.8,10.475308799077194,0.0,7,70,85
3,45,15,3.0,12.002230298183086,0.0,7,70,85
3,45,16,3.0,16.535435788434405,0.0,7,70,85
3,45,17,3.0,9.643686313006747,0.0,7,70,85
3,45,18,3.0,11.215330092631785,0.0,7,70,85
3,45,19,2.8,13.334674934820683,0.0,7,70,85
3,45,20,2.8,9.25433900491974,0.0,7,70,85
3,45,21,3.0,11.027209305709116,0.0,7,70,85
1,46,1,4.8,6.738632291024097,0.0,7,70,85
1,46,2,3.6,10.878574165057275,0.0,7,70,85
1,46,3,3.4,7.401032004860987,0.0,7,70,85
1,46,4,3.0,10.536474902455758,0.0,7,70,85
1,46,5,3.0,9.386024585469785,0.0,7,70,85
1,46,6,2.8,10.337175249303396,0.0,7,70,85
1,46,7,2.8,10.957073871102912,0.0,7,70,85
1,46,8,3.0,10.84512618768946,0.0,7,70,85
1,46,9,2.8,11.79273162652489,0.0,7,70,85
1,46,10,2.8,13.737303645942319,0.0,7,70,85
1,46,11,2.8,16.10635282390017,0.0,7,70,85
1,46,12,2.8,12.792398544236917,0.0,7,70,85
1,46,13,2.8,14.806727368029135,0.0,7,70,85
1,46,14,2.8,12.22189991983529,0.0,7,70,85
1,46,15,3.0,11.503537043699527,0.0,7,70,85
1,46,16,3.0,9.521886646018482,0.0,7,70,85
1,46,17,3.0,8.038475429660474,0.0,7,70,85
1,46,18,3.0,8.581808004070542,0.0,7,70,85
1,46,19,3.0,9.496934431364988,0.0,7,70,85
1,46,20,3.2,9.33284671066742,0.0,7,70,85
2,46,1,4.0,8.137569849572191,0.0,7,70,85
2,46,2,4.2,8.30320155109798,0.0,7,70,85
2,46,3,3.8,8.857170313943527,0.0,7,70,85
2,46,4,3.0,10.398005525646543,0.0,7,70,85
2,46,5,2.8,9.765589596840542,0.0,7,70,85
2,46,6,4.0,7.210923066044985,0.125,7,70,85
2,46,7,2.8,11.59761137352151,0.0,7,70,85
2,46,8,2.8,10.780733803074874,0.0,7,70,85
2,46,9,2.8,10.105259485620447,0.0,7,70,85
2,46,10,3.0,13.631038426266473,0.0,7,70,85
2,46,11,2.8,12.437210276367326,0.0,7,70,85
2,46,12,2.8,10.801836778814767,0.0,7,70,85
2,46,13,2.8,10.585835530240088,0.0,7,70,85
2,46,14,3.6,8.87832775842952,0.125,7,70,85
2,46,15,2.8,11.526052027126061,0.0,7,70,85
2,46,16,2.8,10.128975727699357,0.0,7,70,85
2,46,17,2.8,16.035531514743923,0.0,7,70,85
2,46,18,3.0,9.749003668214826,0.0,7,70,85
2,46,19,2.8,8.084884671730904,0.0,7,70,85
2,46,20,2.6,11.043647874124561,0.0,6,70,85
3,46,1,2.8,10.819879973769513,0.0,7,70,85
3,46,2,2.8,11.955986708019005,0.0,7,70,85
3,46,3,2.8,10.317154255412266,0.0,7,70,85
3,46,4,2.8,9.444934496540455,0.0,7,70,85
3,46,5,2.8,9.15215360737362,0.0,7,70,85
3,46,6,2.8,9.88488355808884,0.0,7,70,85
3,46,7,2.8,8.685530407814664,0.0,7,70,85
3,46,8,2.8,12.231487988964073,0.0,7,70,85
3,46,9,2.8,14.910125002265335,0.0,7,70,85
3,46,10,2.8,10.871630479613295,0.0,7,70,85
3,46,11,2.8,10.960374280882915,0.0,7,70,85
3,46,12,3.2,10.870899795739884,0.0,7,70,85
3,46,13,3.0,9.257136295275819,0.0,7,70,85
3,46,14,3.0,10.025282074603613,0.0,7,70,85
3,46,15,2.8,13.51495622828119,0.0,7,70,85
3,46,16,3.0,10.781143946794757,0.0,7,70,85
3,46,17,2.8,13.078470711379287,0.0,7,70,85
3,46,18,2.8,11.16928923760502,0.0,7,70,85
3,46,19,2.8,12.178175790607302,0.0,7,70,85
3,46,20,2.8,10.502206433153427,0.0,7,70,85
3,46,21,2.8,9.430994640443483,0.0,7,70,85
3,46,22,3.2,9.818067922484607,0.0,7,70,85
1,47,1,4.2,9.744661851145025,0.0,7,70,85
1,47,2,3.8,10.729176973093109,0.0,7,70,85
1,47,3,3.2,9.327528941663186,0.0,7,70,85
1,47,4,3.2,10.304663296652997,0.0,7,70,85
1,47,5,3.0,10.206435111814574,0.0,7,70,85
1,47,6,2.8,9.128296591625123,0.0,7,70,85
1,47,7,2.8,12.517485906177912,0.0,7,70,85
1,47,8,2.8,11.036700988101398,0.0,7,70,85
1,47,9,2.8,15.328112363599379,0.0,7,70,85
1,47,10,2.8,13.32425889967061,0.0,7,70,85
1,47,11,2.8,12.754980868698201,0.0,7,70,85
1,47,12,2.8,13.793243427822613,0.0,7,70,85
1,47,13,2.8,10.92937866874254,0.0,7,70,85
1,47,14,3.0,11.23607205468629,0.0,7,70,85
1,47,15,2.8,12.166792693880142,0.0,7,70,85
1,47,16,2.8,13.6130456615958,0.0,7,70,85
1,47,17,3.0,8.496429033169344,0.0,7,70,85
1,47,18,3.4,8.88218555518052,0.0,7,70,85
1,47,19,3.2,11.375473096819826,0.0,7,70,85
1,47,20,3.0,11.444822756149405,0.0,7,70,85
2,47,1,4.0,9.776550935484149,0.0,7,70,85
2,47,2,4.4,7.627227922124205,0.0,7,70,85
2,47,3,3.8,7.151443023075436,0.0,7,70,85
2,47,4,3.0,9.01716640130122,0.0,7,70,85
2,47,5,3.0,9.243528848214149,0.0,7,70,85
2,47,6,3.2,9.695439877466306,0.0,7,70,85
2,47,7,2.8,12.821882209801286,0.0,7,70,85
2,47,8,2.8,14.175470134069403,0.0,7,70,85
2,47,9,2.8,12.755966455330734,0.0,7,70,85
2,47,10,3.0,10.715346942420144,0.0,7,70,85
2,47,11,2.8,13.258788688681452,0.0,7,70,85
2,47,12,2.8,10.319768202128953,0.0,7,70,85
2,47,13,3.0,10.948651339133468,0.0,7,70,85
2,47,14,3.0,8.018806562625539,0.0,7,70,85
2,47,15,2.8,11.904675371059904,0.0,7,70,85
2,47,16,2.8,14.043059974206008,0.0,7,70,85
2,47,17,3.0,11.820909156881555,0.0,7,70,85
2,47,18,3.2,8.311136784443601,0.0,7,70,85
2,47,19,3.0,8.199365071950016,0.0,7,70,85
2,47,20,2.8,13.437005354408596,0.0,6,70,85
3,47,1,3.2,8.478181412179733,0.0,7,70,85
3,47,2,3.0,10.514123784820947,0.0,7,70,85
3,47,3,2.8,15.599449631833975,0.0,7,70,85
3,47,4,2.8,8.953991946907477,0.0,7,70,85
3,47,5,2.8,10.299769547271444,0.0,7,70,85
3,47,6,2.8,9.223076366973334,0.0,7,70,85
3,47,7,3.0,11.376496532801236,0.0,7,70,85
3,47,8,3.0,10.508546256529648,0.0,7,70,85
3,47,9,2.8,13.108800721278042,0.0,7,70,85
3,47,10,2.8,11.105762726931069,0.0,7,70,85
3,47,11,3.6,7.924893744096505,0.125,7,70,85
3,47,12,2.8,12.082706931583834,0.0,7,70,85
3,47,13,2.8,11.602565204611313,0.0,7,70,85
3,47,14,2.8,13.242342762540007,0.0,7,70,85
3,47,15,2.8,11.765912181314134,0.0,7,70,85
3,47,16,2.8,14.405716072919251,0.0,7,70,85
3,47,17,2.8,11.52503749206798,0.0,7,70,85
3,47,18,2.8,11.626705676769234,0.0,7,70,85
3,47,19,2.8,13.106861151147294,0.0,7,70,85
3,47,20,2.8,8.959849643487324,0.0,7,70,85
3,47,21,3.0,10.29334651544042,0.0,7,70,85
3,47,22,2.2,16.174782869931143,0.0,5,70,85
1,48,1,4.4,8.619919417554183,0.0,7,70,85
1,48,2,4.0,9.226741875020478,0.0,7,70,85
1,48,3,3.4,8.218642113470672,0.0,7,70,85
1,48,4,3.2,10.128405712145948,0.0,7,70,85
1,48,5,3.2,8.87234580165547,0.0,7,70,85
1,48,6,3.0,8.294419663923172,0.0,7,70,85
1,48,7,2.8,10.47904479778062,0.0,7,70,85
1,48,8,3.0,15.317226979000294,0.0,7,70,85
1,48,9,2.8,10.307710242700871,0.0,7,70,85
1,48,10,2.8,14.294832111266816,0.0,7,70,85
1,48,11,2.8,16.97361482505321,0.0,7,70,85
1,48,12,2.8,9.831882464710372,0.0,7,70,85
1,48,13,2.8,11.519848350793293,0.0,7,70,85
1,48,14,3.0,14.281386568733549,0.0,7,70,85
1,48,15,2.8,10.781732425356209,0.0,7,70,85
1,48,16,2.8,11.643032259112431,0.0,7,70,85
1,48,17,3.0,9.346731363875568,0.0,7,70,85
1,48,18,3.2,9.449827200275218,0.0,7,70,85
1,48,19,3.0,10.390107398081971,0.0,7,70,85
1,48,20,3.2,9.89311768638509,0.0,7,70,85
2,48,1,3.2,13.052503527745507,0.0,7,70,85
2,48,2,3.0,10.491729227483034,0.0,7,70,85
2,48,3,4.0,8.128158680629253,0.125,7,70,85
2,48,4,2.8,9.589325446744857,0.0,7,70,85
2,48,5,2.8,12.446663893765681,0.0,7,70,85
2,48,6,2.8,9.6248405340389,0.0,7,70,85
2,48,7,3.6,8.872878281465518,0.0,7,70,85
2,48,8,2.8,11.344414196796727,0.0,7,70,85
2,48,9,2.8,12.252702297535418,0.0,7,70,85
2,48,10,2.8,8.59832691620004,0.0,7,70,85
2,48,11,2.8,14.741265271470992,0.0,7,70,85
2,48,12,2.8,10.397524480714267,0.0,7,70,85
2,48,13,2.8,13.84954255365052,0.0,7,70,85
2,48,14,2.8,10.563533663130132,0.0,7,70,85
2,48,15,3.0,10.341022940430307,0.0,7,70,85
2,48,16,3.0,10.008029553735623,0.0,7,70,85
2,48,17,2.8,15.720397141555843,0.0,7,70,85
2,48,18,3.0,11.570502652210312,0.0,7,70,85
2,48,19,2.8,9.803361317669966,0.0,7,70,85
2,48,20,2.8,9.026008274603011,0.0,7,70,85
2,48,21,2.8,12.684576852127437,0.0,6,70,85
3,48,1,2.8,10.916439799114272,0.0,7,70,85
3,48,2,3.0,12.313881899004024,0.0,7,70,85
3,48,3,2.8,11.434394474368508,0.0,7,70,85
3,48,4,2.8,10.252737708563883,0.0,7,70,85
3,48,5,2.8,10.456171294731607,0.0,7,70,85
3,48,6,2.8,8.89178486195236,0.0,7,70,85
3,48,7,2.8,11.717959424653065,0.0,7,70,85
3,48,8,2.8,10.726062836453654,0.0,7,70,85
3,48,9,3.0,12.549714761117077,0.0,7,70,85
3,48,10,2.8,10.602569992915392,0.0,7,70,85
3,48,11,2.8,10.563742819019572,0.0,7,70,85
3,48,12,3.6,7.989451640201685,0.125,7,70,85
3,48,13,3.2,9.4164164570821,0.0,7,70,85
3,48,14,2.8,10.955752792645702,0.0,7,70,85
3,48,15,2.8,21.051126107825482,0.0,7,70,85
3,48,16,3.0,10.709424838095952,0.0,7,70,85
3,48,17,2.8,12.439197724928697,0.0,7,70,85
3,48,18,2.8,11.119397149331672,0.0,7,70,85
3,48,19,2.8,12.389966102213336,0.0,7,70,85
3,48,20,2.8,9.147458001144651,0.0,7,70,85
3,48,21,3.0,10.276052099866392,0.0,7,70,85
3,48,22,2.2,14.985832850388668,0.0,5,70,85
1,49,1,4.2,10.293991981906375,0.0,7,70,85
1,49,2,3.8,12.459515363398133,0.0,7,70,85
1,49,3,3.2,9.02035675986656,0.0,7,70,85
1,49,4,3.2,9.404111902193556,0.0,7,70,85
1,49,5,3.0,9.604539428586039,0.0,7,70,85
1,49,6,2.8,8.321540370881147,0.0,7,70,85
1,49,7,2.8,11.3611008081173,0.0,7,70,85
1,49,8,2.8,12.05207952456991,0.0,7,70,85
1,49,9,2.8,15.135613753531336,0.0,7,70,85
1,49,10,2.8,11.740695022047834,0.0,7,70,85
1,49,11,2.8,18.573337926813316,0.0,7,70,85
1,49,12,2.8,11.437136048763707,0.0,7,70,85
1,49,13,2.8,14.756637114271358,0.0,7,70,85
1,49,14,3.0,10.754793282675966,0.0,7,70,85
1,49,15,3.0,9.357858527768213,0.0,7,70,85
1,49,16,2.8,14.543521970095556,0.0,7,70,85
1,49,17,2.8,8.382350963030362,0.0,7,70,85
1,49,18,3.0,10.183081389091097,0.0,7,70,85
1,49,19,2.8,12.40069278517233,0.0,7,70,85
1,49,20,2.8,11.701396432837143,0.0,7,70,85
1,49,21,3.0,9.94872293850445,0.0,6,70,85
2,49,1,3.0,16.521417602978914,0.0,7,70,85
2,49,2,3.0,11.259579702674905,0.0,7,70,85
2,49,3,3.2,11.240641035481259,0.0,7,70,85
2,49,4,3.4,9.18360269843795,0.0,7,70,85
2,49,5,2.8,9.856186478466029,0.0,7,70,85
2,49,6,2.8,11.007584784962454,0.0,7,70,85
2,49,7,3.4,10.201079299060643,0.0,7,70,85
2,49,8,3.2,10.029327768184238,0.0,7,70,85
2,49,9,2.8,10.970247300460532,0.0,7,70,85
2,49,10,3.2,9.47762974103534,0.0,7,70,85
2,49,11,3.0,12.585203467218161,0.0,7,70,85
2,49,12,2.8,11.68550638281022,0.0,7,70,85
2,49,13,2.8,12.780710968005573,0.0,7,70,85
2,49,14,2.8,9.353259044634216,0.0,7,70,85
2,49,15,3.6,8.582164622859045,0.125,7,70,85
2,49,16,2.8,12.42283850726473,0.0,7,70,85
2,49,17,2.8,12.611024801656141,0.0,7,70,85
2,49,18,3.0,12.66508819544131,0.0,7,70,85
2,49,19,3.0,9.145060163491209,0.0,7,70,85
2,49,20,3.8,8.162414058901584,0.125,7,70,85
3,49,1,2.8,11.362614538868355,0.0,7,70,85
3,49,2,2.8,12.861068830900047,0.0,7,70,85
3,49,3,2.8,10.196749753637972,0.0,7,70,85
3,49,4,2.8,9.20332411639606,0.0,7,70,85
3,49,5,2.8,10.005574318741813,0.0,7,70,85
3,49,6,2.8,9.091431672275826,0.0,7,70,85
3,49,7,2.8,10.541876532001599,0.0,7,70,85
3,49,8,2.8,13.152074478836262,0.0,7,70,85
3,49,9,3.2,13.033719977083514,0.0,7,70,85
3,49,10,2.8,10.547715298284466,0.0,7,70,85
3,49,11,2.8,14.093314055369087,0.0,7,70,85
3,49,12,3.2,10.309154803995177,0.0,7,70,85
3,49,13,3.0,10.17498236538473,0.0,7,70,85
3,49,14,2.8,9.363681445142152,0.0,7,70,85
3,49,15,2.8,16.879858096031082,0.0,7,70,85
3,49,16,3.2,9.097996310906924,0.0,7,70,85
3,49,17,2.8,14.385783634227101,0.0,7,70,85
3,49,18,2.8,10.622027531914572,0.0,7,70,85
3,49,19,2.8,11.73086675996055,0.0,7,70,85
3,49,20,2.8,9.842965885968546,0.0,7,70,85
3,49,21,2.8,10.59726345378088,0.0,7,70,85
3,49,22,2.8,10.916529144716307,0.0,6,70,85
1,50,1,4.8,9.113073601755953,0.0,7,70,85
1,50,2,3.2,11.268015918873044,0.0,7,70,85
1,50,3,3.2,9.241699050958605,0.0,7,70,85
1,50,4,3.0,11.169586924535217,0.0,7,70,85
1,50,5,3.2,8.46711544653926,0.0,7,70,85
1,50,6,3.0,10.2401339691238,0.0,7,70,85
1,50,7,2.8,13.549365750095374,0.0,7,70,85
1,50,8,2.8,9.84510728502035,0.0,7,70,85
1,50,9,2.8,10.680735831706148,0.0,7,70,85
1,50,10,2.8,13.015213764008877,0.0,7,70,85
1,50,11,2.8,13.028084442179377,0.0,7,70,85
1,50,12,2.8,12.125612242649616,0.0,7,70,85
1,50,13,2.8,16.086670055354045,0.0,7,70,85
1,50,14,2.8,10.989406396193523,0.0,7,70,85
1,50,15,3.0,11.886741576640333,0.0,7,70,85
1,50,16,2.8,12.33970737942081,0.0,7,70,85
1,50,17,3.0,8.4277580501106,0.0,7,70,85
1,50,18,3.4,8.48043108009513,0.0,7,70,85
1,50,19,3.0,11.047378111818016,0.0,7,70,85
1,50,20,3.0,11.252483101470357,0.0,7,70,85
1,50,21,2.5,10.48696445151965,0.0,4,70,85
2,50,1,3.2,12.391388829338593,0.0,7,70,85
2,50,2,3.0,9.929624988540827,0.0,7,70,85
2,50,3,4.0,7.948580457734195,0.125,7,70,85
2,50,4,3.2,8.615711227137025,0.0,7,70,85
2,50,5,2.8,11.372272277747411,0.0,7,70,85
2,50,6,2.8,13.166732557805014,0.0,7,70,85
2,50,7,3.4,9.650802724281654,0.0,7,70,85
2,50,8,3.0,10.591539296428413,0.0,7,70,85
2,50,9,2.8,12.90882750489489,0.0,7,70,85
2,50,10,3.0,8.406557289130948,0.0,7,70,85
2,50,11,2.8,13.547745233037546,0.0,7,70,85
2,50,12,2.8,11.817167249506385,0.0,7,70,85
2,50,13,2.8,10.478451428100815,0.0,7,70,85
2,50,14,2.8,9.063222549730545,0.0,7,70,85
2,50,15,3.0,13.0277786375135,0.0,7,70,85
2,50,16,3.0,9.980693407461029,0.0,7,70,85
2,50,17,2.8,11.260298210372389,0.0,7,70,85
2,50,18,3.0,11.456018859678332,0.0,7,70,85
2,50,19,3.0,8.933781480255668,0.0,7,70,85
2,50,20,2.8,9.265533873104694,0.0,7,70,85
2,50,21,2.5,15.10620440897687,0.0,4,70,85
3,50,1,3.2,9.177914485357277,0.0,7,70,85
3,50,2,3.6,8.147708567204536,0.0,7,70,85
3,50,3,3.2,10.147561953925813,0.0,7,70,85
3,50,4,3.0,9.933995516711613,0.0,7,70,85
3,50,5,2.8,9.222356347021524,0.0,7,70,85
3,50,6,2.8,10.36009308498122,0.0,7,70,85
3,50,7,3.0,11.928283397427819,0.0,7,70,85
3,50,8,3.2,9.775367780755323,0.0,7,70,85
3,50,9,3.0,10.013750384923728,0.0,7,70,85
3,50,10,2.8,11.330994304090323,0.0,7,70,85
3,50,11,3.0,10.938639150131703,0.0,7,70,85
3,50,12,3.2,9.93152279042229,0.0,7,70,85
3,50,13,2.8,12.392996358561504,0.0,7,70,85
3,50,14,2.8,12.64543351495494,0.0,7,70,85
3,50,15,3.0,9.925002093512703,0.0,7,70,85
3,50,16,2.8,14.47183896385759,0.0,7,70,85
3,50,17,2.8,12.13012083077185,0.0,7,70,85
3,50,18,2.8,12.264406376801858,0.0,7,70,85
3,50,19,2.8,12.56849631154618,0.0,7,70,85
3,50,20,2.8,9.314689640746163,0.0,7,70,85
3,50,21,2.8,10.0754738269699,0.0,7,70,85
1,51,1,4.6,8.573055370626022,0.0,7,70,85
1,51,2,3.6,11.49564968512684,0.0,7,70,85
1,51,3,3.2,9.13652291073031,0.0,7,70,85
1,51,4,3.2,11.445422647549798,0.0,7,70,85
1,51,5,3.2,9.472144958352253,0.0,7,70,85
1,51,6,3.0,8.664612727483156,0.0,7,70,85
1,51,7,2.8,10.54754983874008,0.0,7,70,85
1,51,8,2.8,12.965832653022767,0.0,7,70,85
1,51,9,2.8,15.294678059999448,0.0,7,70,85
1,51,10,3.0,13.848936217225136,0.0,7,70,85
1,51,11,2.8,12.327742747882079,0.0,7,70,85
1,51,12,2.8,10.501852197902629,0.0,7,70,85
1,51,13,2.8,16.27493117615227,0.0,7,70,85
1,51,14,2.8,12.475540094860586,0.0,7,70,85
1,51,15,2.8,13.023773117064222,0.0,7,70,85
1,51,16,2.8,9.761653821609656,0.0,7,70,85
1,51,17,3.0,9.640010434067712,0.0,7,70,85
1,51,18,3.2,8.580750144751198,0.0,7,70,85
1,51,19,2.8,12.316004610654028,0.0,7,70,85
1,51,20,3.0,11.169058563369763,0.0,7,70,85
1,51,21,2.5,10.285591801673936,0.0,4,70,85
2,51,1,3.2,12.391388829338476,0.0,7,70,85
2,51,2,3.0,11.541004806612493,0.0,7,70,85
2,51,3,3.8,8.893042935873043,0.125,7,70,85
2,51,4,2.8,9.728468330109097,0.0,7,70,85
2,51,5,2.8,11.42751130677885,0.0,7,70,85
2,51,6,3.0,9.77845874656522,0.0,7,70,85
2,51,7,3.4,9.64827447450333,0.0,7,70,85
2,51,8,3.0,10.270089530954376,0.0,7,70,85
2,51,9,2.8,11.260153496905524,0.0,7,70,85
2,51,10,2.8,10.467154883785332,0.0,7,70,85
2,51,11,3.0,13.832846514834479,0.0,7,70,85
2,51,12,2.8,13.714954867274836,0.0,7,70,85
2,51,13,2.8,14.577788997155018,0.0,7,70,85
2,51,14,3.0,8.883363491998418,0.0,7,70,85
2,51,15,3.0,9.88164886476967,0.0,7,70,85
2,51,16,2.8,12.913162488474175,0.0,7,70,85
2,51,17,3.0,9.272804291607347,0.0,7,70,85
2,51,18,3.0,14.797447437550712,0.0,7,70,85
2,51,19,3.0,9.081319104547918,0.0,7,70,85
2,51,20,3.0,9.517578459662024,0.0,7,70,85
2,51,21,2.5,12.67919368351481,0.0,4,70,85
3,51,1,3.4,7.732491221187853,0.0,7,70,85
3,51,2,2.8,10.91897940476343,0.0,7,70,85
3,51,3,2.8,12.230465176946915,0.0,7,70,85
3,51,4,2.8,9.060103543089443,0.0,7,70,85
3,51,5,2.8,11.144301055644311,0.0,7,70,85
3,51,6,2.8,9.569410446736677,0.0,7,70,85
3,51,7,3.0,9.714141471116244,0.0,7,70,85
3,51,8,2.8,10.967282231542463,0.0,7,70,85
3,51,9,2.8,14.398378383508406,0.0,7,70,85
3,51,10,2.8,9.0963133672625,0.0,7,70,85
3,51,11,2.8,11.844548176481698,0.0,7,70,85
3,51,12,3.2,10.009606463012533,0.0,7,70,85
3,51,13,3.4,9.250494004594625,0.0,7,70,85
3,51,14,2.8,10.620834079739561,0.0,7,70,85
3,51,15,3.0,12.569556369186872,0.0,7,70,85
3,51,16,3.0,14.70647248598098,0.0,7,70,85
3,51,17,3.0,12.631128303284617,0.0,7,70,85
3,51,18,2.8,12.940757756674627,0.0,7,70,85
3,51,19,2.8,14.013699639551751,0.0,7,70,85
3,51,20,2.8,9.861883659684,0.0,7,70,85
3,51,21,3.0,10.803949191417349,0.0,7,70,85
1,52,1,4.8,8.963956928535048,0.0,7,70,85
1,52,2,3.6,12.102026284630163,0.0,7,70,85
1,52,3,3.4,8.229866477422952,0.0,7,70,85
1,52,4,3.2,11.24336295682216,0.0,7,70,85
1,52,5,3.0,9.039842869812734,0.0,7,70,85
1,52,6,2.8,11.330378373079474,0.0,7,70,85
1,52,7,2.8,11.152698568932491,0.0,7,70,85
1,52,8,2.8,12.405306244582095,0.0,7,70,85
1,52,9,2.8,9.460085308160698,0.0,7,70,85
1,52,10,2.8,17.58594365380117,0.0,7,70,85
1,52,11,2.8,15.250368664864686,0.0,7,70,85
1,52,12,2.8,10.817494506334354,0.0,7,70,85
1,52,13,2.8,13.511907832897226,0.0,7,70,85
1,52,14,2.8,13.947471242994611,0.0,7,70,85
1,52,15,3.0,10.374654457554936,0.0,7,70,85
1,52,16,2.8,10.773918192933465,0.0,7,70,85
1,52,17,3.0,9.942202165293848,0.0,7,70,85
1,52,18,3.2,8.692144604203817,0.0,7,70,85
1,52,19,2.8,12.31600461065397,0.0,7,70,85
1,52,20,3.2,7.966357636979783,0.0,7,70,85
2,52,1,3.6,9.738334194074543,0.0,7,70,85
2,52,2,3.6,9.852016536328932,0.0,7,70,85
2,52,3,2.8,12.14907788777836,0.0,7,70,85
2,52,4,3.6,7.644970193101468,0.0,7,70,85
2,52,5,2.8,11.261328873891165,0.0,7,70,85
2,52,6,3.0,10.551866532141885,0.0,7,70,85
2,52,7,3.6,8.540949302866386,0.0,7,70,85
2,52,8,2.8,10.596342784126502,0.0,7,70,85
2,52,9,2.8,13.24802296023902,0.0,7,70,85
2,52,10,2.8,9.364218172705097,0.0,7,70,85
2,52,11,3.0,11.295810914571332,0.0,7,70,85
2,52,12,2.8,13.04399049630376,0.0,7,70,85
2,52,13,2.8,11.173297499138801,0.0,7,70,85
2,52,14,2.8,10.382613655881018,0.0,7,70,85
2,52,15,3.0,11.958808187491737,0.0,7,70,85
2,52,16,2.8,12.248685347744322,0.0,7,70,85
2,52,17,2.8,12.849477005557548,0.0,7,70,85
2,52,18,3.0,9.850229219389016,0.0,7,70,85
2,52,19,3.0,7.893914561130299,0.0,7,70,85
2,52,20,3.0,8.630050382520626,0.0,7,70,85
2,52,21,2.0,21.080985878842178,0.0,4,70,85
3,52,1,3.2,8.645971988199523,0.0,7,70,85
3,52,2,2.8,13.182618845286562,0.0,7,70,85
3,52,3,3.0,12.61511681613301,0.0,7,70,85
3,52,4,2.8,8.505708507387322,0.0,7,70,85
3,52,5,2.8,10.062530723186994,0.0,7,70,85
3,52,6,2.8,8.197100476245867,0.0,7,70,85
3,52,7,3.0,10.049325751683591,0.0,7,70,85
3,52,8,3.0,10.490521777128993,0.0,7,70,85
3,52,9,2.8,12.002609765584586,0.0,7,70,85
3,52,10,2.8,11.438073370316088,0.0,7,70,85
3,52,11,3.2,10.362381142821175,0.0,7,70,85
3,52,12,2.8,9.072661274630573,0.0,7,70,85
3,52,13,3.0,10.861833154094965,0.0,7,70,85
3,52,14,2.8,9.642978629423663,0.0,7,70,85
3,52,15,3.0,12.157561908375243,0.0,7,70,85
3,52,16,2.8,12.16988525942626,0.0,7,70,85
3,52,17,2.8,13.021851816952374,0.0,7,70,85
3,52,18,3.2,10.998715031425657,0.0,7,70,85
3,52,19,2.8,13.095209697344174,0.0,7,70,85
3,52,20,2.8,9.798481333777543,0.0,7,70,85
3,52,21,3.0,9.892299290594643,0.0,7,70,85
3,52,22,2.25,16.47377250895014,0.0,4,70,85
1,53,1,4.6,8.941978717947924,0.0,7,70,85
1,53,2,3.6,9.795222296466822,0.0,7,70,85
1,53,3,3.4,9.272622990509266,0.0,7,70,85
1,53,4,2.8,13.729888897435568,0.0,7,70,85
1,53,5,3.0,9.194223376116005,0.0,7,70,85
1,53,6,2.8,10.993429799529137,0.0,7,70,85
1,53,7,2.8,11.234021223751755,0.0,7,70,85
1,53,8,2.8,10.144844850412046,0.0,7,70,85
1,53,9,2.8,13.6293633866794,0.0,7,70,85
1,53,10,2.8,12.216740031678961,0.0,7,70,85
1,53,11,2.8,13.744088502158277,0.0,7,70,85
1,53,12,2.8,13.69917348004976,0.0,7,70,85
1,53,13,2.8,12.067489707879917,0.0,7,70,85
1,53,14,2.8,12.55791855018346,0.0,7,70,85
1,53,15,2.8,11.517711140298712,0.0,7,70,85
1,53,16,2.8,12.277311222260964,0.0,7,70,85
1,53,17,3.2,8.444285485863901,0.0,7,70,85
1,53,18,3.4,8.094715168571465,0.0,7,70,85
1,53,19,3.2,12.329754917251826,0.0,7,70,85
1,53,20,3.2,8.665126288198245,0.0,7,70,85
2,53,1,3.2,12.887483674044223,0.0,7,70,85
2,53,2,3.0,10.749897234372478,0.0,7,70,85
2,53,3,3.6,9.41961892729788,0.0,7,70,85
2,53,4,2.8,12.289874680546529,0.0,7,70,85
2,53,5,2.8,11.933045189685192,0.0,7,70,85
2,53,6,2.8,10.851346076341331,0.0,7,70,85
2,53,7,3.4,9.563070769837498,0.0,7,70,85
2,53,8,3.2,11.609424221112207,0.0,7,70,85
2,53,9,2.8,10.911532656811168,0.0,7,70,85
2,53,10,2.8,11.375986031786049,0.0,7,70,85
2,53,11,2.8,15.530090684280086,0.0,7,70,85
2,53,12,2.8,12.38683281846706,0.0,7,70,85
2,53,13,2.8,13.799554965112362,0.0,7,70,85
2,53,14,3.2,8.552820668143214,0.0,7,70,85
2,53,15,3.0,10.82931871390666,0.0,7,70,85
2,53,16,3.0,12.173636937252653,0.0,7,70,85
2,53,17,2.8,9.899451932023162,0.0,7,70,85
2,53,18,2.8,14.723078112839849,0.0,7,70,85
2,53,19,3.0,9.566026848355556,0.0,7,70,85
2,53,20,2.8,8.160394945947441,0.0,7,70,85
2,53,21,2.6,11.609650520104909,0.0,6,70,85
3,53,1,2.8,11.512328565154062,0.0,7,70,85
3,53,2,2.8,11.955986708019221,0.0,7,70,85
3,53,3,3.0,11.221827840072795,0.0,7,70,85
3,53,4,2.8,9.73075129617041,0.0,7,70,85
3,53,5,2.8,10.528167309702784,0.0,7,70,85
3,53,6,2.8,9.185577628564383,0.0,7,70,85
3,53,7,3.0,9.910871986535328,0.0,7,70,85
3,53,8,2.8,11.807671955158867,0.0,7,70,85
3,53,9,3.2,10.472785820510245,0.0,7,70,85
3,53,10,2.8,9.418492682440316,0.0,7,70,85
3,53,11,2.8,11.424189049936945,0.0,7,70,85
3,53,12,3.2,9.394601849712284,0.0,7,70,85
3,53,13,3.2,8.259262092317375,0.0,7,70,85
3,53,14,3.0,10.00165687961568,0.0,7,70,85
3,53,15,3.0,11.955308382535959,0.0,7,70,85
3,53,16,3.0,12.988720093433491,0.0,7,70,85
3,53,17,2.8,11.473560532834478,0.0,7,70,85
3,53,18,2.8,13.365276161414508,0.0,7,70,85
3,53,19,2.8,13.6201247762186,0.0,7,70,85
3,53,20,2.8,9.705190902152781,0.0,7,70,85
3,53,21,3.0,9.781553778818532,0.0,7,70,85
3,53,22,2.25,15.147759382573424,0.0,4,70,85
1,54,1,4.8,8.01066248057988,0.0,7,70,85
1,54,2,3.6,8.823715078288469,0.0,7,70,85
1,54,3,3.6,7.762487806652899,0.0,7,70,85
1,54,4,2.8,13.486051753762194,0.0,7,70,85
1,54,5,3.0,9.641315757520903,0.0,7,70,85
1,54,6,2.8,11.26471424586197,0.0,7,70,85
1,54,7,2.8,12.298847105961178,0.0,7,70,85
1,54,8,2.8,11.721153965955287,0.0,7,70,85
1,54,9,2.8,9.786992875895455,0.0,7,70,85
1,54,10,2.8,14.853933495173392,0.0,7,70,85
1,54,11,2.8,13.271571948254874,0.0,7,70,85
1,54,12,2.8,10.855998018819513,0.0,7,70,85
1,54,13,2.8,13.654044752709659,0.0,7,70,85
1,54,14,2.8,10.363375349677671,0.0,7,70,85
1,54,15,2.8,11.781887201888948,0.0,7,70,85
1,54,16,2.8,12.26436487360138,0.0,7,70,85
1,54,17,3.4,8.083029773937536,0.0,7,70,85
1,54,18,2.8,9.24494751059364,0.0,7,70,85
1,54,19,3.2,10.785056222979641,0.0,7,70,85
1,54,20,3.0,10.808461781653685,0.0,7,70,85
2,54,1,3.6,10.330482919824338,0.0,7,70,85
2,54,2,3.6,9.711228799430666,0.0,7,70,85
2,54,3,3.0,9.436403635198019,0.0,7,70,85
2,54,4,3.8,7.654917210602574,0.0,7,70,85
2,54,5,3.0,9.268835487651334,0.0,7,70,85
2,54,6,3.0,10.850337382021891,0.0,7,70,85
2,54,7,3.4,8.746073689323088,0.0,7,70,85
2,54,8,3.0,11.471878923763906,0.0,7,70,85
2,54,9,2.8,11.961989266418508,0.0,7,70,85
2,54,10,2.8,9.436238940497606,0.0,7,70,85
2,54,11,2.8,11.120209653664508,0.0,7,70,85
2,54,12,2.8,12.922131253871795,0.0,7,70,85
2,54,13,2.8,12.132347989821495,0.0,7,70,85
2,54,14,3.2,9.371576376081698,0.0,7,70,85
2,54,15,2.8,13.004172724160298,0.0,7,70,85
2,54,16,2.8,11.884224732885679,0.0,7,70,85
2,54,17,2.8,11.229928222325015,0.0,7,70,85
2,54,18,3.0,11.123080440070549,0.0,7,70,85
2,54,19,2.8,9.945872859097019,0.0,7,70,85
2,54,20,3.0,8.88836963558662,0.0,7,70,85
3,54,1,2.8,10.8776097897606,0.0,7,70,85
3,54,2,2.8,12.544523808548492,0.0,7,70,85
3,54,3,3.0,10.805485866988978,0.0,7,70,85
3,54,4,2.8,12.342444788314463,0.0,7,70,85
3,54,5,2.8,12.065033391311072,0.0,7,70,85
3,54,6,2.8,9.397278591267018,0.0,7,70,85
3,54,7,3.0,10.191626859356058,0.0,7,70,85
3,54,8,2.8,10.581918966582506,0.0,7,70,85
3,54,9,3.0,16.4606098745313,0.0,7,70,85
3,54,10,2.8,10.603128063836571,0.0,7,70,85
3,54,11,2.8,12.76726065361838,0.0,7,70,85
3,54,12,3.8,7.825101709315464,0.125,7,70,85
3,54,13,3.4,8.049384990023908,0.0,7,70,85
3,54,14,2.8,10.880573300500238,0.0,7,70,85
3,54,15,2.8,12.571605461778947,0.0,7,70,85
3,54,16,3.0,12.866581281149235,0.0,7,70,85
3,54,17,2.8,10.680542954486882,0.0,7,70,85
3,54,18,2.8,10.337844648683786,0.0,7,70,85
3,54,19,2.8,11.59589378034812,0.0,7,70,85
3,54,20,2.8,9.830182550825967,0.0,7,70,85
3,54,21,2.8,12.165673889076361,0.0,7,70,85
3,54,22,2.25,13.259481964375224,0.0,4,70,85
1,55,1,4.8,8.63017590740972,0.0,7,70,85
1,55,2,3.6,9.61187925487916,0.0,7,70,85
1,55,3,3.6,6.940020923358901,0.0,7,70,85
1,55,4,2.8,13.486051753762178,0.0,7,70,85
1,55,5,3.0,8.439562934241568,0.0,7,70,85
1,55,6,2.8,11.264714245861946,0.0,7,70,85
1,55,7,2.8,12.477103493866363,0.0,7,70,85
1,55,8,2.8,13.507772822342304,0.0,7,70,85
1,55,9,2.8,11.915786450171815,0.0,7,70,85
1,55,10,2.8,15.345678321731782,0.0,7,70,85
1,55,11,2.8,14.731571936721643,0.0,7,70,85
1,55,12,2.8,9.414382633386943,0.0,7,70,85
1,55,13,2.8,18.132310328484888,0.0,7,70,85
1,55,14,2.8,13.288600726373787,0.0,7,70,85
1,55,15,3.0,10.226173971792303,0.0,7,70,85
1,55,16,2.8,10.752686603213961,0.0,7,70,85
1,55,17,3.2,9.219321813423479,0.0,7,70,85
1,55,18,3.2,9.33872838478163,0.0,7,70,85
1,55,19,3.2,9.857584982225246,0.0,7,70,85
1,55,20,3.2,8.633120714375991,0.0,7,70,85
2,55,1,3.0,14.18417301045459,0.0,7,70,85
2,55,2,3.0,11.13656761529344,0.0,7,70,85
2,55,3,3.2,10.260093317173022,0.0,7,70,85
2,55,4,3.4,9.49733596330709,0.0,7,70,85
2,55,5,3.0,9.697597554481806,0.0,7,70,85
2,55,6,3.0,9.402636018115082,0.0,7,70,85
2,55,7,3.4,8.776079193128819,0.0,7,70,85
2,55,8,3.2,9.559892440909984,0.0,7,70,85
2,55,9,2.8,15.414468615700166,0.0,7,70,85
2,55,10,2.8,10.317744157503386,0.0,7,70,85
2,55,11,3.0,11.496964521983358,0.0,7,70,85
2,55,12,2.8,9.85845369293478,0.0,7,70,85
2,55,13,2.8,12.292646699025687,0.0,7,70,85
2,55,14,2.8,9.866259080070305,0.0,7,70,85
2,55,15,3.2,9.087362924336496,0.0,7,70,85
2,55,16,2.8,11.642916465783925,0.0,7,70,85
2,55,17,2.8,10.28258454961098,0.0,7,70,85
2,55,18,3.0,12.372733618472516,0.0,7,70,85
2,55,19,3.0,8.608390461379795,0.0,7,70,85
2,55,20,2.8,9.625938014078661,0.0,7,70,85
2,55,21,2.2,13.234534193526832,0.0,5,70,85
3,55,1,2.8,10.414550078441946,0.0,7,70,85
3,55,2,2.8,10.949940261726303,0.0,7,70,85
3,55,3,2.8,10.867097327348388,0.0,7,70,85
3,55,4,2.8,10.184101418574182,0.0,7,70,85
3,55,5,2.8,9.4490844606261,0.0,7,70,85
3,55,6,2.8,10.266516178776005,0.0,7,70,85
3,55,7,2.8,8.952513414869651,0.0,7,70,85
3,55,8,3.0,10.981790704056177,0.0,7,70,85
3,55,9,3.2,11.11019645065215,0.0,7,70,85
3,55,10,3.0,9.455758309912419,0.0,7,70,85
3,55,11,2.8,10.48419578646916,0.0,7,70,85
3,55,12,3.2,10.108870950791342,0.0,7,70,85
3,55,13,3.0,11.037043587072677,0.0,7,70,85
3,55,14,2.8,10.908394266516419,0.0,7,70,85
3,55,15,3.0,14.899750983422798,0.0,7,70,85
3,55,16,3.0,11.366202665173414,0.0,7,70,85
3,55,17,2.8,12.24004404362374,0.0,7,70,85
3,55,18,3.2,10.243456995010526,0.0,7,70,85
3,55,19,2.8,14.389168488824549,0.0,7,70,85
3,55,20,2.8,10.726445859920492,0.0,7,70,85
3,55,21,3.0,10.379131447901559,0.0,7,70,85
3,55,22,2.25,12.642780915311516,0.0,4,70,85
1,56,1,4.8,7.1377217517355,0.0,7,70,85
1,56,2,3.6,12.555913330659605,0.0,7,70,85
1,56,3,3.4,8.252407433273014,0.0,7,70,85
1,56,4,3.2,9.735681592447172,0.0,7,70,85
1,56,5,3.2,9.045479777171526,0.0,7,70,85
1,56,6,2.8,9.41401964272481,0.0,7,70,85
1,56,7,2.8,13.063253003183581,0.0,7,70,85
1,56,8,2.8,15.006349816893065,0.0,7,70,85
1,56,9,2.8,11.869312934917472,0.0,7,70,85
1,56,10,2.8,15.459521991550956,0.0,7,70,85
1,56,11,2.8,22.841573480252787,0.0,7,70,85
1,56,12,2.8,10.304316023612094,0.0,7,70,85
1,56,13,3.0,13.38491547625207,0.0,7,70,85
1,56,14,3.0,13.500758214194144,0.0,7,70,85
1,56,15,2.8,11.016034421720732,0.0,7,70,85
1,56,16,2.8,11.92867238920934,0.0,7,70,85
1,56,17,3.2,8.29476657810644,0.0,7,70,85
1,56,18,3.0,9.257061528734225,0.0,7,70,85
1,56,19,3.0,10.436650772199364,0.0,7,70,85
1,56,20,3.4,8.22755043064243,0.0,7,70,85
2,56,1,3.8,9.044591693677638,0.0,7,70,85
2,56,2,4.4,7.523182289161678,0.0,7,70,85
2,56,3,3.6,8.155545007368435,0.0,7,70,85
2,56,4,3.8,7.359619935190617,0.0,7,70,85
2,56,5,2.8,10.374871654346983,0.0,7,70,85
2,56,6,3.4,10.181454456262857,0.0,7,70,85
2,56,7,3.2,11.026395368234938,0.0,7,70,85
2,56,8,2.8,12.95335178042155,0.0,7,70,85
2,56,9,2.8,10.761839974053736,0.0,7,70,85
2,56,10,2.8,13.043610622656185,0.0,7,70,85
2,56,11,2.8,11.321355676910951,0.0,7,70,85
2,56,12,2.8,13.051575201260851,0.0,7,70,85
2,56,13,2.8,9.115149279947872,0.0,7,70,85
2,56,14,3.0,10.721711579712125,0.0,7,70,85
2,56,15,2.8,13.3123880136709,0.0,7,70,85
2,56,16,2.8,9.414809345912213,0.0,7,70,85
2,56,17,3.0,14.877977759432818,0.0,7,70,85
2,56,18,3.0,8.909009825635636,0.0,7,70,85
2,56,19,2.8,7.65845230494352,0.0,7,70,85
2,56,20,2.8,11.645987733897321,0.0,6,70,85
3,56,1,3.2,9.002298609623706,0.0,7,70,85
3,56,2,3.2,12.225043554971622,0.0,7,70,85
3,56,3,3.2,10.692290547321136,0.0,7,70,85
3,56,4,2.8,9.160347188722954,0.0,7,70,85
3,56,5,2.8,9.797988795668243,0.0,7,70,85
3,56,6,2.8,8.611202554819549,0.0,7,70,85
3,56,7,3.0,11.027525745792175,0.0,7,70,85
3,56,8,2.8,12.478509185235339,0.0,7,70,85
3,56,9,2.8,15.010094698329713,0.0,7,70,85
3,56,10,3.0,10.137228026756711,0.0,7,70,85
3,56,11,3.0,10.62858680223373,0.0,7,70,85
3,56,12,3.0,10.65434801470703,0.0,7,70,85
3,56,13,3.0,10.840369833530792,0.0,7,70,85
3,56,14,2.8,13.206510955532657,0.0,7,70,85
3,56,15,3.2,11.53475620240601,0.0,7,70,85
3,56,16,2.8,18.61322194082111,0.0,7,70,85
3,56,17,3.0,10.325412042952639,0.0,7,70,85
3,56,18,2.8,11.77518303139821,0.0,7,70,85
3,56,19,2.8,11.519501085637081,0.0,7,70,85
3,56,20,2.8,9.269627524472446,0.0,7,70,85
3,56,21,2.8,11.999063494656184,0.0,7,70,85
1,57,1,4.4,8.522392697924047,0.0,7,70,85
1,57,2,3.8,9.750503731361318,0.0,7,70,85
1,57,3,3.6,7.693158758150573,0.0,7,70,85
1,57,4,3.0,11.181660179504917,0.0,7,70,85
1,57,5,3.0,9.430088960397676,0.0,7,70,85
1,57,6,3.0,10.399103185482494,0.0,7,70,85
1,57,7,2.8,12.467983758464694,0.0,7,70,85
1,57,8,2.8,14.493932012700053,0.0,7,70,85
1,57,9,2.8,12.450597334808146,0.0,7,70,85
1,57,10,2.8,14.156850409437002,0.0,7,70,85
1,57,11,2.8,15.250368664864771,0.0,7,70,85
1,57,12,2.8,10.352875916087806,0.0,7,70,85
1,57,13,2.8,15.334221622061612,0.0,7,70,85
1,57,14,2.8,12.957760583428794,0.0,7,70,85
1,57,15,3.0,10.66853253596148,0.0,7,70,85
1,57,16,2.8,10.773918192933444,0.0,7,70,85
1,57,17,3.6,7.609238509002893,0.0,7,70,85
1,57,18,3.2,8.612467537178794,0.0,7,70,85
1,57,19,3.0,9.798778756546582,0.0,7,70,85
1,57,20,3.2,9.41400446974482,0.0,7,70,85
2,57,1,4.0,9.161482136555042,0.0,7,70,85
2,57,2,4.2,7.765538336601786,0.0,7,70,85
2,57,3,3.8,7.958233296169104,0.0,7,70,85
2,57,4,3.6,8.454168857696677,0.0,7,70,85
2,57,5,3.0,8.948648399135653,0.0,7,70,85
2,57,6,3.4,9.022049300338498,0.0,7,70,85
2,57,7,3.2,10.715581018854653,0.0,7,70,85
2,57,8,2.8,11.610441231273462,0.0,7,70,85
2,57,9,2.8,10.352673488485632,0.0,7,70,85
2,57,10,2.8,19.933282504245597,0.0,7,70,85
2,57,11,2.8,13.90199978426112,0.0,7,70,85
2,57,12,2.8,12.317218608558152,0.0,7,70,85
2,57,13,3.0,8.935275565388903,0.0,7,70,85
2,57,14,3.2,10.042298257356382,0.0,7,70,85
2,57,15,2.8,14.94256735456074,0.0,7,70,85
2,57,16,2.8,9.711153105238331,0.0,7,70,85
2,57,17,3.0,12.921676056314885,0.0,7,70,85
2,57,18,3.0,8.477144118945214,0.0,7,70,85
2,57,19,2.8,8.466636911414732,0.0,7,70,85
2,57,20,2.75,11.988469367053092,0.0,4,70,85
3,57,1,4.0,6.736206349937166,0.0,7,70,85
3,57,2,3.8,8.882485372781733,0.0,7,70,85
3,57,3,3.0,9.31420629784147,0.0,7,70,85
3,57,4,2.8,12.194449596869758,0.0,7,70,85
3,57,5,3.0,9.054764245389018,0.0,7,70,85
3,57,6,3.0,10.023029658740041,0.0,7,70,85
3,57,7,3.0,10.731299866231103,0.0,7,70,85
3,57,8,2.8,12.300328773508923,0.0,7,70,85
3,57,9,2.8,11.08115864087814,0.0,7,70,85
3,57,10,2.8,12.87456193491178,0.0,7,70,85
3,57,11,3.8,7.490877748312126,0.125,7,70,85
3,57,12,3.2,8.418418002146108,0.0,7,70,85
3,57,13,3.0,10.970406221581776,0.0,7,70,85
3,57,14,3.0,12.025829646112486,0.0,7,70,85
3,57,15,3.0,14.463034152383008,0.0,7,70,85
3,57,16,3.0,10.577681382276262,0.0,7,70,85
3,57,17,2.8,13.051214857023194,0.0,7,70,85
3,57,18,2.8,12.27056105877719,0.0,7,70,85
3,57,19,2.8,10.670546315926474,0.0,7,70,85
3,57,20,2.8,9.29875364773913,0.0,7,70,85
3,57,21,2.25,13.628814572293372,0.0,4,70,85
1,58,1,4.8,8.0320171049189,0.0,7,70,85
1,58,2,3.4,11.525280645486335,0.0,7,70,85
1,58,3,3.6,8.020833570952773,0.0,7,70,85
1,58,4,3.2,10.248989538648106,0.0,7,70,85
1,58,5,3.2,10.605615759079242,0.0,7,70,85
1,58,6,2.8,9.033006405367443,0.0,7,70,85
1,58,7,2.8,11.996962867732599,0.0,7,70,85
1,58,8,3.0,11.784531329351712,0.0,7,70,85
1,58,9,3.0,12.663958013808406,0.0,7,70,85
1,58,10,2.8,14.822248083644517,0.0,7,70,85
1,58,11,2.8,14.078739536177249,0.0,7,70,85
1,58,12,2.8,10.743367024881366,0.0,7,70,85
1,58,13,2.8,12.928627525997925,0.0,7,70,85
1,58,14,2.8,16.092339526203652,0.0,7,70,85
1,58,15,2.8,9.549611746926217,0.0,7,70,85
1,58,16,2.8,12.60222575808523,0.0,7,70,85
1,58,17,3.4,8.344282250002252,0.0,7,70,85
1,58,18,3.0,9.034557124111139,0.0,7,70,85
1,58,19,3.0,9.50511404200803,0.0,7,70,85
1,58,20,3.4,7.539776909994414,0.0,7,70,85
2,58,1,3.8,9.720183356021229,0.0,7,70,85
2,58,2,5.0,6.672296036824304,0.125,7,70,85
2,58,3,3.2,11.856311463733142,0.0,7,70,85
2,58,4,3.0,10.577838773188759,0.0,7,70,85
2,58,5,2.8,10.521577490421517,0.0,7,70,85
2,58,6,3.2,10.851339409525755,0.0,7,70,85
2,58,7,3.4,8.432418292563671,0.0,7,70,85
2,58,8,2.8,10.861215874045964,0.0,7,70,85
2,58,9,2.8,8.978275113178723,0.0,7,70,85
2,58,10,2.8,12.566425309400003,0.0,7,70,85
2,58,11,2.8,15.20333209977576,0.0,7,70,85
2,58,12,2.8,10.947826205111678,0.0,7,70,85
2,58,13,3.0,9.999894511855492,0.0,7,70,85
2,58,14,3.0,9.560586473146962,0.0,7,70,85
2,58,15,3.0,10.885557758284097,0.0,7,70,85
2,58,16,2.8,9.019972652388951,0.0,7,70,85
2,58,17,3.0,13.994031180241914,0.0,7,70,85
2,58,18,3.0,8.440638897826423,0.0,7,70,85
2,58,19,2.8,8.794873919817908,0.0,7,70,85
2,58,20,3.0,10.081345363141155,0.0,7,70,85
3,58,1,2.8,10.450139061467208,0.0,7,70,85
3,58,2,2.8,11.484530911956703,0.0,7,70,85
3,58,3,2.8,15.183589991134234,0.0,7,70,85
3,58,4,3.0,10.14712091194504,0.0,7,70,85
3,58,5,2.8,11.327630968485337,0.0,7,70,85
3,58,6,2.8,10.386732928259226,0.0,7,70,85
3,58,7,3.0,10.690418604255362,0.0,7,70,85
3,58,8,2.8,10.210920906779073,0.0,7,70,85
3,58,9,2.8,18.623081409462426,0.0,7,70,85
3,58,10,2.8,13.157109764866442,0.0,7,70,85
3,58,11,2.8,10.902702052181724,0.0,7,70,85
3,58,12,3.4,9.26213418764092,0.0,7,70,85
3,58,13,3.4,8.125518685368768,0.0,7,70,85
3,58,14,2.8,11.755968821621373,0.0,7,70,85
3,58,15,3.0,11.345663152484514,0.0,7,70,85
3,58,16,2.8,11.420008570135954,0.0,7,70,85
3,58,17,2.8,12.142839575281556,0.0,7,70,85
3,58,18,3.0,11.402481744685318,0.0,7,70,85
3,58,19,2.8,13.329559107977149,0.0,7,70,85
3,58,20,3.0,9.26554619861509,0.0,7,70,85
3,58,21,3.0,8.733937603582667,0.0,7,70,85
3,58,22,2.25,18.603364970497672,0.0,4,70,85
1,59,1,4.4,7.784744028205925,0.0,7,70,85
1,59,2,3.8,9.79806544848396,0.0,7,70,85
1,59,3,3.4,8.74766079928723,0.0,7,70,85
1,59,4,3.2,12.441613355505458,0.0,7,70,85
1,59,5,3.0,8.209608761604631,0.0,7,70,85
1,59,6,3.0,9.936140226018733,0.0,7,70,85
1,59,7,2.8,10.831942290074341,0.0,7,70,85
1,59,8,2.8,12.229080955395805,0.0,7,70,85
1,59,9,2.8,12.528252585343713,0.0,7,70,85
1,59,10,2.8,14.223681344069028,0.0,7,70,85
1,59,11,2.8,14.074906430143024,0.0,7,70,85
1,59,12,2.8,9.861546339179702,0.0,7,70,85
1,59,13,2.8,14.45163212080073,0.0,7,70,85
1,59,14,2.8,15.176937292589097,0.0,7,70,85
1,59,15,3.0,11.060152364988635,0.0,7,70,85
1,59,16,2.8,13.501698618285031,0.0,7,70,85
1,59,17,3.0,9.212617419175697,0.0,7,70,85
1,59,18,3.2,8.793618286746227,0.0,7,70,85
1,59,19,3.2,10.191000834511765,0.0,7,70,85
1,59,20,3.2,9.328033212905705,0.0,7,70,85
2,59,1,3.4,11.180880906905221,0.0,7,70,85
2,59,2,3.8,8.789692213803926,0.0,7,70,85
2,59,3,3.4,8.739834237257595,0.0,7,70,85
2,59,4,3.4,8.033551768680185,0.0,7,70,85
2,59,5,3.0,10.84690123229525,0.0,7,70,85
2,59,6,3.0,10.811975378040122,0.0,7,70,85
2,59,7,3.4,9.537079211531612,0.0,7,70,85
2,59,8,2.8,10.771443997046473,0.0,7,70,85
2,59,9,2.8,11.02057404148233,0.0,7,70,85
2,59,10,3.0,7.95534225925466,0.0,7,70,85
2,59,11,2.8,13.591358068332365,0.0,7,70,85
2,59,12,2.8,13.088045312886623,0.0,7,70,85
2,59,13,3.0,8.91113476353957,0.0,7,70,85
2,59,14,3.0,7.9389432492201575,0.0,7,70,85
2,59,15,2.8,15.669502301759838,0.0,7,70,85
2,59,16,2.8,11.168102453908567,0.0,7,70,85
2,59,17,2.8,12.491387873661463,0.0,7,70,85
2,59,18,3.2,10.08121957462123,0.0,7,70,85
2,59,19,2.8,8.558544449094608,0.0,7,70,85
2,59,20,3.0,8.997791161608562,0.0,7,70,85
3,59,1,3.4,8.187973561873333,0.0,7,70,85
3,59,2,3.6,8.579212231548333,0.0,7,70,85
3,59,3,2.8,10.869796208599098,0.0,7,70,85
3,59,4,2.8,9.373801465004044,0.0,7,70,85
3,59,5,3.0,8.97507975357463,0.0,7,70,85
3,59,6,2.8,8.722388275994781,0.0,7,70,85
3,59,7,3.0,12.88547978807289,0.0,7,70,85
3,59,8,2.8,9.486647597245842,0.0,7,70,85
3,59,9,2.8,12.198466691738282,0.0,7,70,85
3,59,10,3.0,11.79489417050119,0.0,7,70,85
3,59,11,3.6,8.798675382035869,0.125,7,70,85
3,59,12,2.8,9.726951307030186,0.0,7,70,85
3,59,13,2.8,11.592885222406457,0.0,7,70,85
3,59,14,2.8,14.8915847331735,0.0,7,70,85
3,59,15,3.0,9.793344608665171,0.0,7,70,85
3,59,16,2.8,16.1414075172564,0.0,7,70,85
3,59,17,3.0,10.597815263962218,0.0,7,70,85
3,59,18,2.8,14.659223604048682,0.0,7,70,85
3,59,19,2.8,10.808148576076471,0.0,7,70,85
3,59,20,2.8,10.959064447800111,0.0,7,70,85
3,59,21,2.8,8.91020177394483,0.0,7,70,85
1,60,1,4.4,9.019896719386601,0.0,7,70,85
1,60,2,3.6,10.162626647264156,0.0,7,70,85
1,60,3,3.2,9.061047186477152,0.0,7,70,85
1,60,4,3.4,8.47459427205097,0.0,7,70,85
1,60,5,3.2,9.700872937492086,0.0,7,70,85
1,60,6,2.8,11.328243372759136,0.0,7,70,85
1,60,7,2.8,11.816508043285507,0.0,7,70,85
1,60,8,2.8,11.766929392075086,0.0,7,70,85
1,60,9,2.8,11.915786450171774,0.0,7,70,85
1,60,10,2.8,12.083820051932252,0.0,7,70,85
1,60,11,2.8,24.00278962513588,0.0,7,70,85
1,60,12,2.8,9.702382796462228,0.0,7,70,85
1,60,13,2.8,18.02384288261787,0.0,7,70,85
1,60,14,2.8,11.667642582023205,0.0,7,70,85
1,60,15,2.8,10.345726367677019,0.0,7,70,85
1,60,16,2.8,13.592202659701126,0.0,7,70,85
1,60,17,3.0,8.392545627397793,0.0,7,70,85
1,60,18,3.2,9.25212247088046,0.0,7,70,85
1,60,19,3.2,12.587301602319956,0.0,7,70,85
1,60,20,3.4,8.54854345599496,0.0,7,70,85
2,60,1,3.2,12.942024705680776,0.0,7,70,85
2,60,2,2.8,12.188178673993763,0.0,7,70,85
2,60,3,4.2,7.775387047467251,0.125,7,70,85
2,60,4,3.0,9.737692442380608,0.0,7,70,85
2,60,5,2.8,12.826816031331424,0.0,7,70,85
2,60,6,2.8,10.453623503135265,0.0,7,70,85
2,60,7,3.6,8.955273145421307,0.0,7,70,85
2,60,8,2.8,10.342201565170148,0.0,7,70,85
2,60,9,2.8,12.31158477468782,0.0,7,70,85
2,60,10,2.8,9.312327722504708,0.0,7,70,85
2,60,11,2.8,14.19615746886025,0.0,7,70,85
2,60,12,2.8,12.064657472253991,0.0,7,70,85
2,60,13,2.8,14.89735933564788,0.0,7,70,85
2,60,14,2.8,9.930664290535976,0.0,7,70,85
2,60,15,3.0,9.050541086337306,0.0,7,70,85
2,60,16,3.0,12.149454496960526,0.0,7,70,85
2,60,17,2.8,11.225858192873165,0.0,7,70,85
2,60,18,3.0,16.806108147226194,0.0,7,70,85
2,60,19,2.8,11.653153067897946,0.0,7,70,85
2,60,20,3.0,7.901252047315073,0.0,7,70,85
2,60,21,2.4,14.554146026180923,0.0,5,70,85
3,60,1,3.0,9.118732925407773,0.0,7,70,85
3,60,2,2.8,11.095382355627242,0.0,7,70,85
3,60,3,2.8,11.265897558648046,0.0,7,70,85
3,60,4,2.8,9.430667998013753,0.0,7,70,85
3,60,5,2.8,10.750229573460015,0.0,7,70,85
3,60,6,2.8,9.325635626618112,0.0,7,70,85
3,60,7,3.0,11.581095152863611,0.0,7,70,85
3,60,8,2.8,10.401948138211308,0.0,7,70,85
3,60,9,2.8,13.855687274124667,0.0,7,70,85
3,60,10,2.8,8.853006249126002,0.0,7,70,85
3,60,11,2.8,12.08783888626714,0.0,7,70,85
3,60,12,3.2,10.838979828718527,0.0,7,70,85
3,60,13,3.2,9.50579976912907,0.0,7,70,85
3,60,14,3.0,8.919928950599939,0.0,7,70,85
3,60,15,3.0,13.948310455861646,0.0,7,70,85
3,60,16,3.2,9.943606584769078,0.0,7,70,85
3,60,17,3.0,10.224879480156192,0.0,7,70,85
3,60,18,2.8,11.06764740988979,0.0,7,70,85
3,60,19,2.8,12.506120903832379,0.0,7,70,85
3,60,20,2.8,10.633203559983004,0.0,7,70,85
3,60,21,3.0,8.95124035491337,0.0,7,70,85
3,60,22,2.25,13.441611726551244,0.0,4,70,85
1,61,1,4.6,8.9155193687874,0.0,7,70,85
1,61,2,3.6,10.297369112829367,0.0,7,70,85
1,61,3,3.2,9.37824727712217,0.0,7,70,85
1,61,4,3.0,12.022772179358917,0.0,7,70,85
1,61,5,3.0,9.823744459962453,0.0,7,70,85
1,61,6,3.0,10.102791173422704,0.0,7,70,85
1,61,7,3.0,11.423849901415714,0.0,7,70,85
1,61,8,2.8,12.656649230427252,0.0,7,70,85
1,61,9,2.8,11.662120712893248,0.0,7,70,85
1,61,10,2.8,15.345678321731869,0.0,7,70,85
1,61,11,2.8,12.474819311229377,0.0,7,70,85
1,61,12,2.8,12.525848169947466,0.0,7,70,85
1,61,13,2.8,15.843939338507568,0.0,7,70,85
1,61,14,3.0,11.315723429176652,0.0,7,70,85
1,61,15,2.8,11.517360263186422,0.0,7,70,85
1,61,16,2.8,13.29014815224582,0.0,7,70,85
1,61,17,3.0,9.167194765827361,0.0,7,70,85
1,61,18,3.0,8.899736953845515,0.0,7,70,85
1,61,19,3.2,11.269108302009199,0.0,7,70,85
1,61,20,3.2,9.138174868928262,0.0,7,70,85
2,61,1,3.8,9.720183356021264,0.0,7,70,85
2,61,2,4.2,8.721377403822217,0.0,7,70,85
2,61,3,3.0,11.720121674553814,0.0,7,70,85
2,61,4,3.4,8.362104795325232,0.0,7,70,85
2,61,5,3.0,9.543094126677454,0.0,7,70,85
2,61,6,3.0,12.666567431144085,0.0,7,70,85
2,61,7,3.2,10.651161504548107,0.0,7,70,85
2,61,8,2.8,11.075562626748347,0.0,7,70,85
2,61,9,2.8,11.915380851627424,0.0,7,70,85
2,61,10,3.0,10.15060427932689,0.0,7,70,85
2,61,11,2.8,16.009042553787932,0.0,7,70,85
2,61,12,2.8,11.816803869355128,0.0,7,70,85
2,61,13,2.8,12.143643243106377,0.0,7,70,85
2,61,14,3.0,8.757395105386431,0.0,7,70,85
2,61,15,2.8,13.551630832557517,0.0,7,70,85
2,61,16,2.8,12.389789837511627,0.0,7,70,85
2,61,17,3.0,10.46236950490431,0.0,7,70,85
2,61,18,3.8,8.299206194890496,0.125,7,70,85
2,61,19,2.8,8.297266038964962,0.0,7,70,85
2,61,20,3.0,10.877393357672048,0.0,7,70,85
3,61,1,3.6,8.125843151523698,0.0,7,70,85
3,61,2,3.4,10.241516506854392,0.0,7,70,85
3,61,3,3.6,9.75747925767244,0.0,7,70,85
3,61,4,3.0,10.72959371720073,0.0,7,70,85
3,61,5,2.8,8.636288697955235,0.0,7,70,85
3,61,6,2.8,9.549306652343551,0.0,7,70,85
3,61,7,3.0,11.462607424878577,0.0,7,70,85
3,61,8,2.8,13.774193048090375,0.0,7,70,85
3,61,9,2.8,12.78997435062103,0.0,7,70,85
3,61,10,3.0,11.05927592066755,0.0,7,70,85
3,61,11,3.2,11.747896354581197,0.0,7,70,85
3,61,12,3.0,10.587152453774083,0.0,7,70,85
3,61,13,3.0,9.83189035564356,0.0,7,70,85
3,61,14,2.8,16.777418083806257,0.0,7,70,85
3,61,15,3.0,11.053936715831995,0.0,7,70,85
3,61,16,2.8,16.15251503126146,0.0,7,70,85
3,61,17,3.0,11.761383913029546,0.0,7,70,85
3,61,18,2.8,11.573546392761761,0.0,7,70,85
3,61,19,2.8,10.041042353193568,0.0,7,70,85
3,61,20,2.8,11.154451108887823,0.0,7,70,85
3,61,21,3.0,9.65100488292463,0.0,7,70,85
1,62,1,4.4,7.339133092377656,0.0,7,70,85
1,62,2,3.8,9.960011005011152,0.0,7,70,85
1,62,3,3.2,9.742125028425896,0.0,7,70,85
1,62,4,3.4,11.023277690649538,0.0,7,70,85
1,62,5,3.0,8.034475413057827,0.0,7,70,85
1,62,6,2.8,11.567443566566306,0.0,7,70,85
1,62,7,2.8,10.336826896030468,0.0,7,70,85
1,62,8,2.8,10.058205854724982,0.0,7,70,85
1,62,9,2.8,11.93939525070642,0.0,7,70,85
1,62,10,2.8,17.282121223022248,0.0,7,70,85
1,62,11,2.8,16.46206890829033,0.0,7,70,85
1,62,12,2.8,9.749475082747193,0.0,7,70,85
1,62,13,2.8,19.73569695612659,0.0,7,70,85
1,62,14,2.8,11.274699646652953,0.0,7,70,85
1,62,15,2.8,10.61919836468019,0.0,7,70,85
1,62,16,2.8,14.002800807946358,0.0,7,70,85
1,62,17,3.0,8.439561278532747,0.0,7,70,85
1,62,18,3.4,8.397704430497765,0.0,7,70,85
1,62,19,3.0,10.770932661416781,0.0,7,70,85
1,62,20,3.0,12.335053497338526,0.0,7,70,85
1,62,21,2.5,11.486444932082266,0.0,4,70,85
2,62,1,3.2,11.978811245759859,0.0,7,70,85
2,62,2,3.2,9.777209307049374,0.0,7,70,85
2,62,3,3.4,8.804050716460214,0.0,7,70,85
2,62,4,3.4,7.808624727920177,0.0,7,70,85
2,62,5,2.8,14.673180219129547,0.0,7,70,85
2,62,6,3.0,9.924050930052557,0.0,7,70,85
2,62,7,3.6,8.177260211788782,0.0,7,70,85
2,62,8,2.8,13.644346495218734,0.0,7,70,85
2,62,9,2.8,10.622074266201063,0.0,7,70,85
2,62,10,2.8,11.214129595405744,0.0,7,70,85
2,62,11,3.0,13.164350350289117,0.0,7,70,85
2,62,12,2.8,11.659473900427312,0.0,7,70,85
2,62,13,2.8,13.218733917759176,0.0,7,70,85
2,62,14,3.0,10.238866484082795,0.0,7,70,85
2,62,15,3.0,11.873070435000907,0.0,7,70,85
2,62,16,2.8,11.526310783504382,0.0,7,70,85
2,62,17,2.8,11.71316063367833,0.0,7,70,85
2,62,18,3.0,13.184746354097427,0.0,7,70,85
2,62,19,3.0,8.946850062779905,0.0,7,70,85
2,62,20,2.8,9.86321851190423,0.0,7,70,85
2,62,21,2.5,11.907766451261757,0.0,4,70,85
3,62,1,3.0,8.971596595629524,0.0,7,70,85
3,62,2,3.4,8.750203515279372,0.0,7,70,85
3,62,3,3.0,10.49453185950307,0.0,7,70,85
3,62,4,2.8,8.78187566273018,0.0,7,70,85
3,62,5,3.0,8.766518130235163,0.0,7,70,85
3,62,6,2.8,9.537783478468217,0.0,7,70,85
3,62,7,3.0,11.418701008318285,0.0,7,70,85
3,62,8,2.8,10.938595568499412,0.0,7,70,85
3,62,9,2.8,11.21263480341581,0.0,7,70,85
3,62,10,3.0,10.325482478442265,0.0,7,70,85
3,62,11,3.6,8.60102066490272,0.125,7,70,85
3,62,12,2.8,10.744015759399305,0.0,7,70,85
3,62,13,2.8,12.11827574268228,0.0,7,70,85
3,62,14,2.8,11.626627435949088,0.0,7,70,85
3,62,15,3.0,10.845360544556076,0.0,7,70,85
3,62,16,2.8,15.30599202816116,0.0,7,70,85
3,62,17,3.0,10.137160136208585,0.0,7,70,85
3,62,18,2.8,13.001741557032162,0.0,7,70,85
3,62,19,2.8,10.438203757887882,0.0,7,70,85
3,62,20,2.8,9.649887742327582,0.0,7,70,85
3,62,21,2.8,12.141989566296406,0.0,7,70,85
1,63,1,4.2,9.40989450416508,0.0,7,70,85
1,63,2,3.8,10.23705355668022,0.0,7,70,85
1,63,3,3.2,9.504061978801078,0.0,7,70,85
1,63,4,3.0,12.186024099910542,0.0,7,70,85
1,63,5,3.2,8.467115446539253,0.0,7,70,85
1,63,6,3.0,9.096281223964615,0.0,7,70,85
1,63,7,2.8,12.32956657680803,0.0,7,70,85
1,63,8,3.0,9.800573455745743,0.0,7,70,85
1,63,9,2.8,11.062655698948083,0.0,7,70,85
1,63,10,2.8,16.569330326832294,0.0,7,70,85
1,63,11,2.8,16.46206890829033,0.0,7,70,85
1,63,12,3.0,10.820101025320444,0.0,7,70,85
1,63,13,2.8,14.348401024237836,0.0,7,70,85
1,63,14,2.8,12.246738573517362,0.0,7,70,85
1,63,15,3.0,12.403284392315234,0.0,7,70,85
1,63,16,2.8,11.363082907534944,0.0,7,70,85
1,63,17,3.2,9.592645106478004,0.0,7,70,85
1,63,18,3.0,8.545299317415575,0.0,7,70,85
1,63,19,3.2,9.575630315056872,0.0,7,70,85
1,63,20,3.0,9.46158319519608,0.0,7,70,85
2,63,1,3.2,11.293144182182425,0.0,7,70,85
2,63,2,2.8,10.67744623646416,0.0,7,70,85
2,63,3,3.4,9.770440953145192,0.0,7,70,85
2,63,4,3.2,8.798803301077202,0.0,7,70,85
2,63,5,3.0,9.982501893499233,0.0,7,70,85
2,63,6,2.8,8.961182282634104,0.0,7,70,85
2,63,7,3.8,8.759074185647227,0.125,7,70,85
2,63,8,2.8,10.784326376129203,0.0,7,70,85
2,63,9,2.8,13.205054476024104,0.0,7,70,85
2,63,10,2.8,9.492433560338823,0.0,7,70,85
2,63,11,3.0,11.849626332704439,0.0,7,70,85
2,63,12,2.8,10.86450613630142,0.0,7,70,85
2,63,13,2.8,14.107051339113042,0.0,7,70,85
2,63,14,3.0,10.01835158233492,0.0,7,70,85
2,63,15,3.6,8.224409184667246,0.125,7,70,85
2,63,16,2.8,13.373573202969457,0.0,7,70,85
2,63,17,2.8,11.060254695845382,0.0,7,70,85
2,63,18,2.8,13.74711207937319,0.0,7,70,85
2,63,19,3.0,7.916223748762725,0.0,7,70,85
2,63,20,2.8,8.901436689498416,0.0,7,70,85
2,63,21,2.5,12.453298440724764,0.0,4,70,85
3,63,1,3.4,8.047909769050467,0.0,7,70,85
3,63,2,2.8,11.386525131346243,0.0,7,70,85
3,63,3,2.8,13.741845353752439,0.0,7,70,85
3,63,4,2.8,8.541343851400619,0.0,7,70,85
3,63,5,3.0,9.467679278310413,0.0,7,70,85
3,63,6,2.8,8.368551591250966,0.0,7,70,85
3,63,7,2.8,11.311319718867153,0.0,7,70,85
3,63,8,2.8,11.612819608771716,0.0,7,70,85
3,63,9,2.8,15.936589028059432,0.0,7,70,85
3,63,10,2.8,9.580785084438373,0.0,7,70,85
3,63,11,2.8,12.19891576249865,0.0,7,70,85
3,63,12,3.2,8.915303895839036,0.0,7,70,85
3,63,13,3.2,8.79363600255075,0.0,7,70,85
3,63,14,3.0,10.911689881326573,0.0,7,70,85
3,63,15,3.0,11.189760072681251,0.0,7,70,85
3,63,16,3.2,11.595687370869152,0.0,7,70,85
3,63,17,2.8,9.652340150011865,0.0,7,70,85
3,63,18,2.8,14.822476587151572,0.0,7,70,85
3,63,19,2.8,11.051131148496468,0.0,7,70,85
3,63,20,2.8,8.185633309672578,0.0,7,70,85
3,63,21,2.8,10.604719929628374,0.0,7,70,85
3,63,22,2.25,16.147572056582202,0.0,4,70,85
1,64,1,4.6,9.187374119697852,0.0,7,70,85
1,64,2,4.0,8.881524777086799,0.0,7,70,85
1,64,3,3.4,9.184701823243838,0.0,7,70,85
1,64,4,2.8,14.812002767742102,0.0,7,70,85
1,64,5,3.0,7.637344759351162,0.0,7,70,85
1,64,6,2.8,10.977426156297957,0.0,7,70,85
1,64,7,2.8,15.142033357788682,0.0,7,70,85
1,64,8,2.8,9.749030800831706,0.0,7,70,85
1,64,9,2.8,12.483536340736622,0.0,7,70,85
1,64,10,2.8,11.573254718298369,0.0,7,70,85
1,64,11,2.8,17.413481515771345,0.0,7,70,85
1,64,12,2.8,9.845044524806182,0.0,7,70,85
1,64,13,2.8,16.72333632391653,0.0,7,70,85
1,64,14,2.8,10.887654354538538,0.0,7,70,85
1,64,15,2.8,12.62086771622079,0.0,7,70,85
1,64,16,2.8,15.719616159585005,0.0,7,70,85
1,64,17,3.4,8.137606787247368,0.0,7,70,85
1,64,18,2.8,9.462708485329335,0.0,7,70,85
1,64,19,3.2,9.523723165606535,0.0,7,70,85
1,64,20,3.0,11.337163256262146,0.0,7,70,85
1,64,21,2.5,12.06120310601794,0.0,4,70,85
2,64,1,3.6,11.119288380118281,0.0,7,70,85
2,64,2,3.4,9.38704716885742,0.0,7,70,85
2,64,3,3.2,10.377016659477889,0.0,7,70,85
2,64,4,3.0,8.862823785738788,0.0,7,70,85
2,64,5,2.8,14.673180219129547,0.0,7,70,85
2,64,6,3.0,9.734508151160018,0.0,7,70,85
2,64,7,3.4,9.545369563709103,0.0,7,70,85
2,64,8,3.0,10.393551358060007,0.0,7,70,85
2,64,9,2.8,12.668188064478002,0.0,7,70,85
2,64,10,2.8,8.33947765021276,0.0,7,70,85
2,64,11,3.0,12.595049784917368,0.0,7,70,85
2,64,12,2.8,13.914109110267544,0.0,7,70,85
2,64,13,2.8,13.276120988590538,0.0,7,70,85
2,64,14,3.0,9.375614998543856,0.0,7,70,85
2,64,15,3.0,11.302594237234889,0.0,7,70,85
2,64,16,2.8,10.39056653431422,0.0,7,70,85
2,64,17,2.8,11.758197466790037,0.0,7,70,85
2,64,18,3.0,11.925088837826053,0.0,7,70,85
2,64,19,2.8,11.516230911237102,0.0,7,70,85
2,64,20,3.0,9.314649504600041,0.0,7,70,85
2,64,21,2.5,11.148101210290323,0.0,4,70,85
3,64,1,3.6,8.115061550581748,0.0,7,70,85
3,64,2,3.0,11.326771569528399,0.0,7,70,85
3,64,3,3.2,10.178439554689978,0.0,7,70,85
3,64,4,2.8,9.027889952578164,0.0,7,70,85
3,64,5,3.0,9.74748970696089,0.0,7,70,85
3,64,6,2.8,9.22216363020567,0.0,7,70,85
3,64,7,3.0,12.26530624908714,0.0,7,70,85
3,64,8,2.8,11.589958722548902,0.0,7,70,85
3,64,9,2.8,13.371946293500333,0.0,7,70,85
3,64,10,2.8,10.856910194600898,0.0,7,70,85
3,64,11,3.8,7.474008362394792,0.125,7,70,85
3,64,12,2.8,8.532764730359336,0.0,7,70,85
3,64,13,2.8,9.147994095731159,0.0,7,70,85
3,64,14,2.8,13.784056274963747,0.0,7,70,85
3,64,15,2.8,10.397542445535459,0.0,7,70,85
3,64,16,2.8,16.83563487332706,0.0,7,70,85
3,64,17,3.0,10.350742017812864,0.0,7,70,85
3,64,18,2.8,12.328676404822623,0.0,7,70,85
3,64,19,2.8,12.543054532802884,0.0,7,70,85
3,64,20,2.8,9.356844396726135,0.0,7,70,85
3,64,21,3.0,9.205560741909162,0.0,7,70,85
1,65,1,4.6,8.440959568667347,0.0,7,70,85
1,65,2,3.8,10.43860003711022,0.0,7,70,85
1,65,3,3.4,8.151933665193404,0.0,7,70,85
1,65,4,3.0,14.115099747031781,0.0,7,70,85
1,65,5,3.0,9.782174268543503,0.0,7,70,85
1,65,6,2.8,10.481010019606567,0.0,7,70,85
1,65,7,2.8,12.988055852022553,0.0,7,70,85
1,65,8,2.8,15.729007820518436,0.0,7,70,85
1,65,9,2.8,11.165141217485514,0.0,7,70,85
1,65,10,2.8,14.18938375510285,0.0,7,70,85
1,65,11,2.8,20.285877953867345,0.0,7,70,85
1,65,12,2.8,10.974623922677221,0.0,7,70,85
1,65,13,2.8,19.293385854612325,0.0,7,70,85
1,65,14,3.0,11.189651322407054,0.0,7,70,85
1,65,15,2.8,10.439876004642406,0.0,7,70,85
1,65,16,2.8,11.99398873159608,0.0,7,70,85
1,65,17,3.2,8.958900706227936,0.0,7,70,85
1,65,18,3.0,9.060526339412208,0.0,7,70,85
1,65,19,3.0,10.563244280353107,0.0,7,70,85
1,65,20,3.2,8.843150399129959,0.0,7,70,85
1,65,21,2.25,14.752011404074377,0.0,4,70,85
2,65,1,3.2,11.839678966862685,0.0,7,70,85
2,65,2,3.0,9.239596998571463,0.0,7,70,85
2,65,3,3.8,7.734660718609324,0.125,7,70,85
2,65,4,3.0,9.746434975990608,0.0,7,70,85
2,65,5,2.8,11.466588512245217,0.0,7,70,85
2,65,6,2.8,9.747556849308424,0.0,7,70,85
2,65,7,3.2,9.037412135590907,0.0,7,70,85
2,65,8,3.2,9.011792570894778,0.0,7,70,85
2,65,9,2.8,13.233626570179847,0.0,7,70,85
2,65,10,2.8,8.720929530396182,0.0,7,70,85
2,65,11,2.8,13.07148761022167,0.0,7,70,85
2,65,12,2.8,12.251139014811452,0.0,7,70,85
2,65,13,2.8,11.504867961871362,0.0,7,70,85
2,65,14,2.8,8.542258282290797,0.0,7,70,85
2,65,15,3.2,9.808164271286273,0.0,7,70,85
2,65,16,3.0,11.98283061847668,0.0,7,70,85
2,65,17,2.8,11.393150657381227,0.0,7,70,85
2,65,18,3.0,10.884286625055202,0.0,7,70,85
2,65,19,2.8,10.602678841434164,0.0,7,70,85
2,65,20,2.8,8.657071474377032,0.0,7,70,85
2,65,21,2.6,13.536820801082765,0.0,5,70,85
3,65,1,3.6,7.610190628750065,0.0,7,70,85
3,65,2,3.4,10.310577088903424,0.0,7,70,85
3,65,3,3.0,11.224193808637647,0.0,7,70,85
3,65,4,3.0,9.011846139193262,0.0,7,70,85
3,65,5,2.8,9.553688681389493,0.0,7,70,85
3,65,6,2.8,9.002852604991817,0.0,7,70,85
3,65,7,3.0,12.617292821858252,0.0,7,70,85
3,65,8,3.0,11.803256794932679,0.0,7,70,85
3,65,9,2.8,12.462881924205861,0.0,7,70,85
3,65,10,3.0,10.508224082761506,0.0,7,70,85
3,65,11,2.8,9.484979424565386,0.0,7,70,85
3,65,12,2.8,11.034782462184687,0.0,7,70,85
3,65,13,2.8,10.966644435330604,0.0,7,70,85
3,65,14,3.0,11.111134139108161,0.0,7,70,85
3,65,15,3.0,10.81640489096912,0.0,7,70,85
3,65,16,2.8,13.522742768750112,0.0,7,70,85
3,65,17,3.0,10.846354269810654,0.0,7,70,85
3,65,18,2.8,12.03749946297927,0.0,7,70,85
3,65,19,2.8,10.851689790741679,0.0,7,70,85
3,65,20,2.8,9.052175545149357,0.0,7,70,85
3,65,21,2.8,12.874884164991416,0.0,7,70,85
1,66,1,4.6,8.267254195619087,0.0,7,70,85
1,66,2,4.0,9.437932666851108,0.0,7,70,85
1,66,3,3.2,10.37168793151159,0.0,7,70,85
1,66,4,3.2,9.343213057604348,0.0,7,70,85
1,66,5,3.2,8.56953198443708,0.0,7,70,85
1,66,6,2.8,9.991555299477383,0.0,7,70,85
1,66,7,2.8,13.472122079705166,0.0,7,70,85
1,66,8,2.8,13.16976867063206,0.0,7,70,85
1,66,9,2.8,11.248924767895819,0.0,7,70,85
1,66,10,2.8,15.225164847309285,0.0,7,70,85
1,66,11,2.8,19.38761478517327,0.0,7,70,85
1,66,12,2.8,9.865695347657653,0.0,7,70,85
1,66,13,3.0,11.83406326604862,0.0,7,70,85
1,66,14,3.0,12.189865383168158,0.0,7,70,85
1,66,15,2.8,10.042989185398913,0.0,7,70,85
1,66,16,2.8,12.735393337136573,0.0,7,70,85
1,66,17,3.4,7.456344930800177,0.0,7,70,85
1,66,18,3.0,10.936577548193606,0.0,7,70,85
1,66,19,3.0,9.78287106491673,0.0,7,70,85
1,66,20,3.0,8.467934927445642,0.0,7,70,85
2,66,1,3.0,12.326087774299893,0.0,7,70,85
2,66,2,3.0,11.667695949095272,0.0,7,70,85
2,66,3,3.2,11.714285611618664,0.0,7,70,85
2,66,4,3.4,9.101604315414214,0.0,7,70,85
2,66,5,3.0,9.327847208152722,0.0,7,70,85
2,66,6,3.0,9.475471577870252,0.0,7,70,85
2,66,7,3.0,10.75707422185264,0.0,7,70,85
2,66,8,3.2,10.621516688411267,0.0,7,70,85
2,66,9,2.8,11.252819082244795,0.0,7,70,85
2,66,10,2.8,8.792153330488524,0.0,7,70,85
2,66,11,3.0,11.320492389329843,0.0,7,70,85
2,66,12,2.8,10.995695887923079,0.0,7,70,85
2,66,13,2.8,11.636198893487693,0.0,7,70,85
2,66,14,2.8,8.954996872998718,0.0,7,70,85
2,66,15,3.0,10.237170267541206,0.0,7,70,85
2,66,16,2.8,13.341426986556387,0.0,7,70,85
2,66,17,2.8,10.889987935656716,0.0,7,70,85
2,66,18,3.0,16.57100976745323,0.0,7,70,85
2,66,19,3.0,9.474870589613749,0.0,7,70,85
2,66,20,2.8,8.159063313054165,0.0,7,70,85
2,66,21,2.8,11.623854264999032,0.0,6,70,85
3,66,1,2.8,11.196211084043096,0.0,7,70,85
3,66,2,3.0,11.460171036546166,0.0,7,70,85
3,66,3,2.8,11.43439447436841,0.0,7,70,85
3,66,4,2.8,9.840342992461496,0.0,7,70,85
3,66,5,2.8,9.92990854364346,0.0,7,70,85
3,66,6,3.2,8.11292620365263,0.0,7,70,85
3,66,7,3.0,10.000033050878171,0.0,7,70,85
3,66,8,2.8,11.746641026721909,0.0,7,70,85
3,66,9,3.0,11.718721743131802,0.0,7,70,85
3,66,10,2.8,9.471846945196965,0.0,7,70,85
3,66,11,3.6,8.473889853712317,0.125,7,70,85
3,66,12,3.0,8.41225454084095,0.0,7,70,85
3,66,13,3.2,10.200961082692695,0.0,7,70,85
3,66,14,2.8,13.994275726448652,0.0,7,70,85
3,66,15,2.8,13.346365341668172,0.0,7,70,85
3,66,16,2.8,13.828117568631887,0.0,7,70,85
3,66,17,2.8,10.015897844345332,0.0,7,70,85
3,66,18,2.8,10.515585168820328,0.0,7,70,85
3,66,19,2.8,10.591815358069574,0.0,7,70,85
3,66,20,3.0,9.36865821648612,0.0,7,70,85
3,66,21,3.0,11.461155950280148,0.0,7,70,85
1,67,1,4.8,8.286037288752347,0.0,7,70,85
1,67,2,3.8,9.39888944387723,0.0,7,70,85
1,67,3,3.4,8.632115087446715,0.0,7,70,85
1,67,4,3.0,11.224233692751355,0.0,7,70,85
1,67,5,3.2,9.268071939181578,0.0,7,70,85
1,67,6,2.8,9.269213538614528,0.0,7,70,85
1,67,7,2.8,10.697797581404881,0.0,7,70,85
1,67,8,2.8,14.785432764894976,0.0,7,70,85
1,67,9,2.8,10.785838765312723,0.0,7,70,85
1,67,10,2.8,13.163188515223377,0.0,7,70,85
1,67,11,2.8,17.325211749044932,0.0,7,70,85
1,67,12,2.8,11.592835814116231,0.0,7,70,85
1,67,13,2.8,14.724045449681652,0.0,7,70,85
1,67,14,3.0,13.010166483102191,0.0,7,70,85
1,67,15,3.0,9.240414234095876,0.0,7,70,85
1,67,16,2.8,11.719874330058314,0.0,7,70,85
1,67,17,3.2,8.77808438225213,0.0,7,70,85
1,67,18,3.2,9.405578601658707,0.0,7,70,85
1,67,19,3.0,10.590978607588765,0.0,7,70,85
1,67,20,3.6,7.859078987930833,0.0,7,70,85
2,67,1,3.0,14.053802056445777,0.0,7,70,85
2,67,2,3.0,10.898434538018382,0.0,7,70,85
2,67,3,3.8,9.232780632488986,0.125,7,70,85
2,67,4,2.8,11.270731781509344,0.0,7,70,85
2,67,5,2.8,11.06917307653652,0.0,7,70,85
2,67,6,2.8,10.88998847085432,0.0,7,70,85
2,67,7,3.0,12.57692584121499,0.0,7,70,85
2,67,8,3.0,10.911237240194044,0.0,7,70,85
2,67,9,2.8,11.751423568904503,0.0,7,70,85
2,67,10,2.8,11.888167117564834,0.0,7,70,85
2,67,11,3.0,9.680756700984684,0.0,7,70,85
2,67,12,2.8,13.859700427469587,0.0,7,70,85
2,67,13,2.8,12.389316034117163,0.0,7,70,85
2,67,14,3.0,10.92908689537839,0.0,7,70,85
2,67,15,3.0,9.398971881427395,0.0,7,70,85
2,67,16,2.8,11.415830838050983,0.0,7,70,85
2,67,17,2.8,12.268406879001294,0.0,7,70,85
2,67,18,2.8,14.557187446276929,0.0,7,70,85
2,67,19,3.0,12.608958867030248,0.0,7,70,85
2,67,20,3.0,7.682593604403526,0.0,7,70,85
2,67,21,3.0,11.278566388990065,0.0,7,70,85
3,67,1,3.6,7.479891394517072,0.0,7,70,85
3,67,2,3.0,11.830698253427316,0.0,7,70,85
3,67,3,2.8,11.675654588875206,0.0,7,70,85
3,67,4,2.8,9.6400624433254,0.0,7,70,85
3,67,5,3.0,9.174159365728682,0.0,7,70,85
3,67,6,2.8,9.844833279708004,0.0,7,70,85
3,67,7,3.0,12.94079395388135,0.0,7,70,85
3,67,8,2.8,11.057249718836168,0.0,7,70,85
3,67,9,2.8,12.782742821461213,0.0,7,70,85
3,67,10,2.8,10.920027594928712,0.0,7,70,85
3,67,11,3.6,8.202611698993536,0.125,7,70,85
3,67,12,2.8,9.09293809463749,0.0,7,70,85
3,67,13,2.8,13.784860346493973,0.0,7,70,85
3,67,14,2.8,9.943073274256108,0.0,7,70,85
3,67,15,3.2,10.76338422097072,0.0,7,70,85
3,67,16,2.8,17.151686294935065,0.0,7,70,85
3,67,17,2.8,12.265456314654859,0.0,7,70,85
3,67,18,2.8,11.360663945523669,0.0,7,70,85
3,67,19,2.8,15.899942757781172,0.0,7,70,85
3,67,20,2.8,8.763704750045447,0.0,7,70,85
3,67,21,2.8,10.482676793719218,0.0,7,70,85
3,67,22,2.0,15.649930763829907,0.0,4,70,85
1,68,1,4.4,9.241216157058618,0.0,7,70,85
1,68,2,3.8,10.353604684017764,0.0,7,70,85
1,68,3,3.2,8.601806683197537,0.0,7,70,85
1,68,4,3.0,13.688740877423887,0.0,7,70,85
1,68,5,3.0,10.601466483003767,0.0,7,70,85
1,68,6,2.8,10.007550723780353,0.0,7,70,85
1,68,7,2.8,12.090532632435242,0.0,7,70,85
1,68,8,3.0,9.133883888236673,0.0,7,70,85
1,68,9,2.8,12.707885741810244,0.0,7,70,85
1,68,10,2.8,15.571181353173388,0.0,7,70,85
1,68,11,2.8,16.760319242554385,0.0,7,70,85
1,68,12,2.8,12.932309026862889,0.0,7,70,85
1,68,13,2.8,12.859707177386214,0.0,7,70,85
1,68,14,2.8,15.927175913908835,0.0,7,70,85
1,68,15,2.8,12.26585370628218,0.0,7,70,85
1,68,16,2.8,11.463613216912686,0.0,7,70,85
1,68,17,3.0,7.5967039945007855,0.0,7,70,85
1,68,18,3.4,7.472384301049267,0.0,7,70,85
1,68,19,3.2,9.899203448590864,0.0,7,70,85
1,68,20,3.0,10.886567663604371,0.0,7,70,85
1,68,21,2.5,13.218718934701247,0.0,4,70,85
2,68,1,3.0,14.08616960032323,0.0,7,70,85
2,68,2,3.0,10.523398391495418,0.0,7,70,85
2,68,3,3.8,8.584808770887504,0.0,7,70,85
2,68,4,3.8,7.132792893726959,0.0,7,70,85
2,68,5,2.8,11.138278772625545,0.0,7,70,85
2,68,6,2.8,9.021442069076071,0.0,7,70,85
2,68,7,3.6,8.21873835363631,0.0,7,70,85
2,68,8,3.2,11.272540430097129,0.0,7,70,85
2,68,9,2.8,16.788664088806833,0.0,7,70,85
2,68,10,2.8,9.543844857873054,0.0,7,70,85
2,68,11,3.0,12.271407784688348,0.0,7,70,85
2,68,12,2.8,12.647293177555618,0.0,7,70,85
2,68,13,2.8,10.815876236421303,0.0,7,70,85
2,68,14,2.8,9.26210346479375,0.0,7,70,85
2,68,15,3.4,9.917168652762848,0.0,7,70,85
2,68,16,2.8,11.569496043410355,0.0,7,70,85
2,68,17,2.8,11.292129180221181,0.0,7,70,85
2,68,18,3.2,10.16499433986054,0.0,7,70,85
2,68,19,2.8,8.522765735930246,0.0,7,70,85
2,68,20,3.0,9.256529447701954,0.0,7,70,85
3,68,1,3.4,7.801534355879969,0.0,7,70,85
3,68,2,2.8,11.668940939807937,0.0,7,70,85
3,68,3,3.2,9.506233119009492,0.0,7,70,85
3,68,4,2.8,9.794439383885504,0.0,7,70,85
3,68,5,2.8,11.558024771364014,0.0,7,70,85
3,68,6,2.8,8.662791916440382,0.0,7,70,85
3,68,7,3.0,12.186895491337902,0.0,7,70,85
3,68,8,2.8,12.722857787942214,0.0,7,70,85
3,68,9,2.8,17.91358720514409,0.0,7,70,85
3,68,10,3.0,10.15909016806939,0.0,7,70,85
3,68,11,3.2,9.173856067084351,0.0,7,70,85
3,68,12,2.8,11.917896427170605,0.0,7,70,85
3,68,13,3.0,10.579856945651693,0.0,7,70,85
3,68,14,2.8,10.37198157470325,0.0,7,70,85
3,68,15,3.0,10.712969334141272,0.0,7,70,85
3,68,16,2.8,12.991442355519947,0.0,7,70,85
3,68,17,3.0,10.688595124397096,0.0,7,70,85
3,68,18,2.8,12.390227390178971,0.0,7,70,85
3,68,19,2.8,12.295228495621142,0.0,7,70,85
3,68,20,2.8,10.38077238879022,0.0,7,70,85
3,68,21,2.8,10.623139312703566,0.0,7,70,85
3,68,22,2.25,14.475545305634487,0.0,4,70,85
1,69,1,4.4,8.197766188023493,0.0,7,70,85
1,69,2,3.6,9.879387172809775,0.0,7,70,85
1,69,3,3.2,7.503948301582388,0.0,7,70,85
1,69,4,3.2,10.784133116505819,0.0,7,70,85
1,69,5,3.0,9.166252520859286,0.0,7,70,85
1,69,6,3.0,9.46786626607866,0.0,7,70,85
1,69,7,2.8,11.353880099215392,0.0,7,70,85
1,69,8,2.8,11.178282657099333,0.0,7,70,85
1,69,9,2.8,12.144452080312801,0.0,7,70,85
1,69,10,2.8,14.485687067362168,0.0,7,70,85
1,69,11,2.8,15.793904897219845,0.0,7,70,85
1,69,12,2.8,12.077009367978317,0.0,7,70,85
1,69,13,2.8,13.255740745648048,0.0,7,70,85
1,69,14,2.8,12.5975602688602,0.0,7,70,85
1,69,15,3.0,11.139636577337157,0.0,7,70,85
1,69,16,2.8,11.995808082709402,0.0,7,70,85
1,69,17,3.4,7.730473790642084,0.0,7,70,85
1,69,18,3.2,8.532152776296474,0.0,7,70,85
1,69,19,2.8,12.494762312957853,0.0,7,70,85
1,69,20,3.4,8.393747273224072,0.0,7,70,85
2,69,1,3.8,9.893134750051832,0.0,7,70,85
2,69,2,5.0,6.708890807895688,0.125,7,70,85
2,69,3,3.4,9.804034422207978,0.0,7,70,85
2,69,4,3.0,9.262986053231165,0.0,7,70,85
2,69,5,3.0,9.215672906281933,0.0,7,70,85
2,69,6,3.4,9.040079609108215,0.0,7,70,85
2,69,7,2.8,11.348160480419907,0.0,7,70,85
2,69,8,2.8,12.013221764479429,0.0,7,70,85
2,69,9,2.8,11.015797550284326,0.0,7,70,85
2,69,10,3.0,12.108033387775194,0.0,7,70,85
2,69,11,2.8,12.349446524250851,0.0,7,70,85
2,69,12,2.8,11.343146327529094,0.0,7,70,85
2,69,13,2.8,11.33252822859816,0.0,7,70,85
2,69,14,3.0,8.47434245794742,0.0,7,70,85
2,69,15,3.0,12.211321670068036,0.0,7,70,85
2,69,16,3.0,8.9752773815289,0.0,7,70,85
2,69,17,3.0,13.410034362870944,0.0,7,70,85
2,69,18,3.0,7.97918534133092,0.0,7,70,85
2,69,19,2.8,8.534788225986523,0.0,7,70,85
2,69,20,2.8,11.301668044461021,0.0,6,70,85
3,69,1,3.0,9.064673719274777,0.0,7,70,85
3,69,2,3.0,10.302949810550754,0.0,7,70,85
3,69,3,3.2,10.685174523030026,0.0,7,70,85
3,69,4,2.8,9.35118165041578,0.0,7,70,85
3,69,5,2.8,9.937730781888298,0.0,7,70,85
3,69,6,2.8,8.814811693947547,0.0,7,70,85
3,69,7,3.0,12.11398897348991,0.0,7,70,85
3,69,8,2.8,11.143696879370214,0.0,7,70,85
3,69,9,2.8,13.81967885204153,0.0,7,70,85
3,69,10,2.8,10.406594404952898,0.0,7,70,85
3,69,11,3.6,8.580889073729,0.125,7,70,85
3,69,12,2.8,12.37610169423388,0.0,7,70,85
3,69,13,2.8,10.123764119421105,0.0,7,70,85
3,69,14,2.8,11.972185906093717,0.0,7,70,85
3,69,15,3.0,11.210269797786749,0.0,7,70,85
3,69,16,3.0,11.719416464512001,0.0,7,70,85
3,69,17,2.8,10.435961519929725,0.0,7,70,85
3,69,18,2.8,12.025105772316484,0.0,7,70,85
3,69,19,2.8,12.506120903832143,0.0,7,70,85
3,69,20,2.8,11.645519305773249,0.0,7,70,85
3,69,21,2.8,9.482714420664069,0.0,7,70,85
3,69,22,2.0,20.57177641528864,0.0,5,70,85
1,70,1,4.4,8.952892244427648,0.0,7,70,85
1,70,2,3.8,8.900783097722297,0.0,7,70,85
1,70,3,3.2,8.504687082991468,0.0,7,70,85
1,70,4,3.0,12.292551223427814,0.0,7,70,85
1,70,5,3.0,9.180216642701552,0.0,7,70,85
1,70,6,2.8,9.487594550521177,0.0,7,70,85
1,70,7,2.8,11.691744209316912,0.0,7,70,85
1,70,8,2.8,11.566294189938171,0.0,7,70,85
1,70,9,2.8,17.927367664138874,0.0,7,70,85
1,70,10,2.8,12.241557695540104,0.0,7,70,85
1,70,11,2.8,11.782355852162386,0.0,7,70,85
1,70,12,2.8,12.300963546742828,0.0,7,70,85
1,70,13,2.8,10.969168128623044,0.0,7,70,85
1,70,14,2.8,13.42521909595529,0.0,7,70,85
1,70,15,2.8,12.293082586153066,0.0,7,70,85
1,70,16,2.8,12.611334350580252,0.0,7,70,85
1,70,17,2.8,9.431422862194761,0.0,7,70,85
1,70,18,2.8,9.659540313378713,0.0,7,70,85
1,70,19,3.4,8.999976334121708,0.0,7,70,85
1,70,20,2.8,12.931844000324952,0.0,7,70,85
1,70,21,3.0,11.186060461630724,0.0,6,70,85
2,70,1,3.2,12.621531716636365,0.0,7,70,85
2,70,2,2.8,11.92673621987379,0.0,7,70,85
2,70,3,3.2,11.781984025373905,0.0,7,70,85
2,70,4,3.4,8.902874754131723,0.0,7,70,85
2,70,5,2.8,10.55347283046526,0.0,7,70,85
2,70,6,2.8,12.72526876986297,0.0,7,70,85
2,70,7,3.4,8.32628309693694,0.0,7,70,85
2,70,8,3.2,11.225870488350331,0.0,7,70,85
2,70,9,2.8,10.067376261377925,0.0,7,70,85
2,70,10,3.0,9.46758714949675,0.0,7,70,85
2,70,11,3.0,12.738078557315001,0.0,7,70,85
2,70,12,2.8,10.45588894689175,0.0,7,70,85
2,70,13,2.8,11.863283111600275,0.0,7,70,85
2,70,14,3.0,10.219223116217869,0.0,7,70,85
2,70,15,3.0,10.903392801590947,0.0,7,70,85
2,70,16,3.0,11.662927816623359,0.0,7,70,85
2,70,17,2.8,10.512341199377161,0.0,7,70,85
2,70,18,3.8,8.892367425642995,0.125,7,70,85
2,70,19,2.8,8.506202855667476,0.0,7,70,85
2,70,20,3.0,8.49988608577318,0.0,7,70,85
3,70,1,3.0,10.495802263431418,0.0,7,70,85
3,70,2,3.0,9.854727995415654,0.0,7,70,85
3,70,3,3.0,11.003688752755806,0.0,7,70,85
3,70,4,2.8,9.168760307243518,0.0,7,70,85
3,70,5,2.8,9.711036269679823,0.0,7,70,85
3,70,6,2.8,9.584406376648676,0.0,7,70,85
3,70,7,3.0,12.241782787121739,0.0,7,70,85
3,70,8,2.8,11.724123686563603,0.0,7,70,85
3,70,9,2.8,16.629899867419052,0.0,7,70,85
3,70,10,2.8,9.79560947909139,0.0,7,70,85
3,70,11,2.8,13.256547979790856,0.0,7,70,85
3,70,12,3.2,9.864311918062095,0.0,7,70,85
3,70,13,3.2,9.040605082742,0.0,7,70,85
3,70,14,2.8,10.504169179806432,0.0,7,70,85
3,70,15,3.0,13.322808824575048,0.0,7,70,85
3,70,16,3.0,10.872222860530849,0.0,7,70,85
3,70,17,3.0,10.899052993255395,0.0,7,70,85
3,70,18,2.8,11.592067378898331,0.0,7,70,85
3,70,19,2.8,11.8517958506297,0.0,7,70,85
3,70,20,2.8,10.879083321530299,0.0,7,70,85
3,70,21,2.8,8.955107972351954,0.0,7,70,85
3,70,22,2.5,14.088131301161175,0.0,4,70,85
1,71,1,4.8,8.75556879238026,0.0,7,70,85
1,71,2,3.8,9.428300378727537,0.0,7,70,85
1,71,3,3.4,9.97531471873417,0.0,7,70,85
1,71,4,2.8,15.223619745170557,0.0,7,70,85
1,71,5,3.0,8.48710834190999,0.0,7,70,85
1,71,6,2.8,9.99428702205431,0.0,7,70,85
1,71,7,2.8,12.323999826642382,0.0,7,70,85
1,71,8,2.8,10.514507115709737,0.0,7,70,85
1,71,9,2.8,10.09861891443315,0.0,7,70,85
1,71,10,2.8,16.753594897401467,0.0,7,70,85
1,71,11,2.8,13.35984209069504,0.0,7,70,85
1,71,12,2.8,9.781124732512286,0.0,7,70,85
1,71,13,2.8,21.965829366206442,0.0,7,70,85
1,71,14,3.0,10.118665925842933,0.0,7,70,85
1,71,15,3.0,10.113477830679122,0.0,7,70,85
1,71,16,3.0,10.782701088154301,0.0,7,70,85
1,71,17,3.2,8.719371900944104,0.0,7,70,85
1,71,18,3.0,11.345670507726163,0.0,7,70,85
1,71,19,3.0,9.536288709638942,0.0,7,70,85
1,71,20,3.4,8.445242015381762,0.0,7,70,85
2,71,1,3.0,13.175807029865641,0.0,7,70,85
2,71,2,2.8,10.969471756171359,0.0,7,70,85
2,71,3,4.0,8.309162302069172,0.125,7,70,85
2,71,4,3.0,8.823929231918147,0.0,7,70,85
2,71,5,2.8,10.878709173959296,0.0,7,70,85
2,71,6,2.8,8.934999677963663,0.0,7,70,85
2,71,7,3.4,9.774660480477245,0.0,7,70,85
2,71,8,3.2,9.6062742257569,0.0,7,70,85
2,71,9,2.8,11.713004046161544,0.0,7,70,85
2,71,10,2.8,11.195215797764028,0.0,7,70,85
2,71,11,3.0,14.661864127581408,0.0,7,70,85
2,71,12,2.8,11.021126769112172,0.0,7,70,85
2,71,13,2.8,13.165673396949014,0.0,7,70,85
2,71,14,2.8,10.751115349811144,0.0,7,70,85
2,71,15,3.2,9.203449794550362,0.0,7,70,85
2,71,16,2.8,12.516757852083044,0.0,7,70,85
2,71,17,2.8,11.631489518133728,0.0,7,70,85
2,71,18,2.8,11.234398107390044,0.0,7,70,85
2,71,19,3.0,9.551088332339546,0.0,7,70,85
2,71,20,2.8,9.135512768181934,0.0,7,70,85
2,71,21,2.6,12.854026164408863,0.0,5,70,85
3,71,1,3.2,8.719932721542428,0.0,7,70,85
3,71,2,2.8,13.014313767537653,0.0,7,70,85
3,71,3,2.8,16.25607578243539,0.0,7,70,85
3,71,4,2.8,10.308550062955607,0.0,7,70,85
3,71,5,2.8,9.094704934010243,0.0,7,70,85
3,71,6,2.8,9.712172178065996,0.0,7,70,85
3,71,7,2.8,9.524652029758572,0.0,7,70,85
3,71,8,2.8,9.849169519404196,0.0,7,70,85
3,71,9,3.0,12.700620975390335,0.0,7,70,85
3,71,10,2.8,11.52197177100033,0.0,7,70,85
3,71,11,3.0,10.648620553479118,0.0,7,70,85
3,71,12,3.0,12.310123831261627,0.0,7,70,85
3,71,13,3.4,8.617830786862736,0.0,7,70,85
3,71,14,2.8,12.104977868232055,0.0,7,70,85
3,71,15,3.0,14.155344806981159,0.0,7,70,85
3,71,16,2.8,15.307058030900814,0.0,7,70,85
3,71,17,2.8,11.332840479889422,0.0,7,70,85
3,71,18,3.0,11.092286786803879,0.0,7,70,85
3,71,19,2.8,13.74906691366563,0.0,7,70,85
3,71,20,3.0,9.408072388742001,0.0,7,70,85
3,71,21,3.0,10.02197648739667,0.0,7,70,85
3,71,22,2.25,14.100111814435268,0.0,4,70,85
1,72,1,4.8,8.692420158289952,0.0,7,70,85
1,72,2,3.6,9.658094995369751,0.0,7,70,85
1,72,3,3.4,7.664610067069948,0.0,7,70,85
1,72,4,2.8,12.613141060611289,0.0,7,70,85
1,72,5,3.2,9.669739686231454,0.0,7,70,85
1,72,6,2.8,10.610189399225954,0.0,7,70,85
1,72,7,2.8,10.74221659698111,0.0,7,70,85
1,72,8,2.8,12.818183759422302,0.0,7,70,85
1,72,9,2.8,9.899539162992847,0.0,7,70,85
1,72,10,2.8,13.705308921824916,0.0,7,70,85
1,72,11,2.8,12.658251224763701,0.0,7,70,85
1,72,12,2.8,10.914988668774944,0.0,7,70,85
1,72,13,2.8,15.802390885979303,0.0,7,70,85
1,72,14,3.0,12.645488236589943,0.0,7,70,85
1,72,15,2.8,10.85355048892106,0.0,7,70,85
1,72,16,2.8,10.13764850836688,0.0,7,70,85
1,72,17,3.0,9.016316332508431,0.0,7,70,85
1,72,18,3.0,10.663614888825865,0.0,7,70,85
1,72,19,3.2,10.014360461603351,0.0,7,70,85
1,72,20,2.8,10.738501989463105,0.0,7,70,85
1,72,21,2.75,9.679113990915766,0.0,4,70,85
2,72,1,4.0,8.792700692730294,0.0,7,70,85
2,72,2,4.0,8.71357653917463,0.0,7,70,85
2,72,3,3.4,8.524431015801895,0.0,7,70,85
2,72,4,3.6,8.166390567570948,0.0,7,70,85
2,72,5,2.8,11.577132126266783,0.0,7,70,85
2,72,6,3.2,11.047343072989275,0.0,7,70,85
2,72,7,3.4,8.696189143045482,0.0,7,70,85
2,72,8,2.8,12.428214165240476,0.0,7,70,85
2,72,9,3.0,10.125329661670957,0.0,7,70,85
2,72,10,3.0,13.815786020040834,0.0,7,70,85
2,72,11,2.8,11.165699777735249,0.0,7,70,85
2,72,12,2.8,10.72606265358911,0.0,7,70,85
2,72,13,3.0,9.923938236574703,0.0,7,70,85
2,72,14,3.0,11.4439233486303,0.0,7,70,85
2,72,15,3.0,10.311751751180042,0.0,7,70,85
2,72,16,2.8,13.711545847385088,0.0,7,70,85
2,72,17,3.0,10.625720916189437,0.0,7,70,85
2,72,18,3.0,11.21485819582904,0.0,7,70,85
2,72,19,2.8,9.001066150092221,0.0,7,70,85
2,72,20,2.6,10.51216910485041,0.0,6,70,85
3,72,1,3.0,9.515987961256066,0.0,7,70,85
3,72,2,2.8,10.379833553579514,0.0,7,70,85
3,72,3,2.8,12.284126895690001,0.0,7,70,85
3,72,4,2.8,9.68452713404194,0.0,7,70,85
3,72,5,2.8,10.350004797030945,0.0,7,70,85
3,72,6,3.2,8.35679888710382,0.0,7,70,85
3,72,7,2.8,12.088325380085124,0.0,7,70,85
3,72,8,2.8,10.853787390648494,0.0,7,70,85
3,72,9,2.8,15.716052265523137,0.0,7,70,85
3,72,10,2.8,10.095569869707253,0.0,7,70,85
3,72,11,2.8,10.959865759768372,0.0,7,70,85
3,72,12,3.8,7.610876609913879,0.125,7,70,85
3,72,13,2.8,10.292168663846184,0.0,7,70,85
3,72,14,2.8,9.688806082643733,0.0,7,70,85
3,72,15,2.8,16.157289099556195,0.0,7,70,85
3,72,16,3.0,11.625459227957123,0.0,7,70,85
3,72,17,2.8,12.047166843721012,0.0,7,70,85
3,72,18,3.2,9.52554394608231,0.0,7,70,85
3,72,19,2.8,11.058892040919364,0.0,7,70,85
3,72,20,2.8,9.450261555773423,0.0,7,70,85
3,72,21,2.8,10.262363451185344,0.0,7,70,85
3,72,22,2.5,12.131965751443266,0.0,4,70,85
1,73,1,4.2,9.152634506420467,0.0,7,70,85
1,73,2,3.8,10.74831405158814,0.0,7,70,85
1,73,3,3.2,9.845684698816207,0.0,7,70,85
1,73,4,3.2,10.80346691858431,0.0,7,70,85
1,73,5,3.0,11.297081813670703,0.0,7,70,85
1,73,6,2.8,9.74851763381447,0.0,7,70,85
1,73,7,2.8,12.066322940676242,0.0,7,70,85
1,73,8,2.8,11.43460937440772,0.0,7,70,85
1,73,9,2.8,14.764766138098567,0.0,7,70,85
1,73,10,2.8,10.736608698879385,0.0,7,70,85
1,73,11,2.8,14.789792062983679,0.0,7,70,85
1,73,12,2.8,11.959190482381286,0.0,7,70,85
1,73,13,2.8,13.969818065427805,0.0,7,70,85
1,73,14,2.8,10.113180682755187,0.0,7,70,85
1,73,15,2.8,12.654494545740404,0.0,7,70,85
1,73,16,2.8,14.319511821785609,0.0,7,70,85
1,73,17,2.8,10.249550562497348,0.0,7,70,85
1,73,18,3.4,8.434384990071653,0.0,7,70,85
1,73,19,2.8,12.741556414728079,0.0,7,70,85
1,73,20,3.0,10.067333507040892,0.0,7,70,85
1,73,21,2.8,10.423490638568106,0.0,5,70,85
2,73,1,3.2,12.492629928410615,0.0,7,70,85
2,73,2,3.0,10.16056639186165,0.0,7,70,85
2,73,3,3.6,8.924788099812819,0.0,7,70,85
2,73,4,3.2,8.10114528650444,0.0,7,70,85
2,73,5,2.8,15.586977901380045,0.0,7,70,85
2,73,6,2.8,10.237012403295989,0.0,7,70,85
2,73,7,3.4,8.903840965482376,0.0,7,70,85
2,73,8,3.2,10.641008040788783,0.0,7,70,85
2,73,9,2.8,12.386384979795018,0.0,7,70,85
2,73,10,3.0,9.344891963272548,0.0,7,70,85
2,73,11,3.0,12.441326090913453,0.0,7,70,85
2,73,12,2.8,12.833829006907536,0.0,7,70,85
2,73,13,2.8,10.131302844438338,0.0,7,70,85
2,73,14,3.0,9.566252329732757,0.0,7,70,85
2,73,15,3.0,12.68574358817925,0.0,7,70,85
2,73,16,2.8,11.376235238523652,0.0,7,70,85
2,73,17,2.8,11.239605186999665,0.0,7,70,85
2,73,18,2.8,13.885078179249222,0.0,7,70,85
2,73,19,3.0,9.121952301020263,0.0,7,70,85
2,73,20,2.8,8.549482965292073,0.0,7,70,85
2,73,21,2.2,14.42027212476997,0.0,5,70,85
3,73,1,2.8,10.361618800670103,0.0,7,70,85
3,73,2,3.0,10.496447395276151,0.0,7,70,85
3,73,3,2.8,10.82713939820524,0.0,7,70,85
3,73,4,2.8,10.626836353090317,0.0,7,70,85
3,73,5,2.8,10.474077826843121,0.0,7,70,85
3,73,6,2.8,9.325635626618178,0.0,7,70,85
3,73,7,2.8,11.541066316306933,0.0,7,70,85
3,73,8,2.8,11.848095907805925,0.0,7,70,85
3,73,9,3.4,10.177642982045036,0.0,7,70,85
3,73,10,2.8,9.476867996133516,0.0,7,70,85
3,73,11,2.8,13.888719535005096,0.0,7,70,85
3,73,12,3.4,8.248774072714795,0.0,7,70,85
3,73,13,3.4,9.591062369306648,0.0,7,70,85
3,73,14,3.0,8.888645044471472,0.0,7,70,85
3,73,15,3.2,10.917082291131567,0.0,7,70,85
3,73,16,2.8,19.318734038977244,0.0,7,70,85
3,73,17,2.8,10.425576475809445,0.0,7,70,85
3,73,18,2.8,12.150601060781398,0.0,7,70,85
3,73,19,2.8,12.465017331756624,0.0,7,70,85
3,73,20,2.8,8.460627511512937,0.0,7,70,85
3,73,21,3.0,10.94825180612076,0.0,7,70,85
1,74,1,4.6,7.971957287042557,0.0,7,70,85
1,74,2,3.8,12.02120588888721,0.0,7,70,85
1,74,3,3.6,6.776138922506923,0.0,7,70,85
1,74,4,3.0,10.285490759729662,0.0,7,70,85
1,74,5,3.2,9.516901971134121,0.0,7,70,85
1,74,6,2.8,9.073811294098896,0.0,7,70,85
1,74,7,2.8,9.955503849843637,0.0,7,70,85
1,74,8,2.8,13.22758594525729,0.0,7,70,85
1,74,9,2.8,10.031707483166905,0.0,7,70,85
1,74,10,2.8,12.481573230272954,0.0,7,70,85
1,74,11,2.8,15.418996268732965,0.0,7,70,85
1,74,12,2.8,10.920551298292215,0.0,7,70,85
1,74,13,3.0,13.094072057155543,0.0,7,70,85
1,74,14,2.8,11.031984904696184,0.0,7,70,85
1,74,15,2.8,10.695954484049533,0.0,7,70,85
1,74,16,2.8,11.792363793100883,0.0,7,70,85
1,74,17,3.4,8.030513894785644,0.0,7,70,85
1,74,18,3.0,9.89551574106322,0.0,7,70,85
1,74,19,3.2,9.600194971805061,0.0,7,70,85
1,74,20,3.2,8.450311161596915,0.0,7,70,85
2,74,1,4.0,9.683675652022812,0.0,7,70,85
2,74,2,4.0,10.110840449227972,0.0,7,70,85
2,74,3,3.8,7.224122371945077,0.0,7,70,85
2,74,4,3.0,10.503244584998372,0.0,7,70,85
2,74,5,3.0,9.255910584023576,0.0,7,70,85
2,74,6,3.0,11.941580895020788,0.0,7,70,85
2,74,7,3.6,8.357998501486,0.0,7,70,85
2,74,8,2.8,12.205004911021295,0.0,7,70,85
2,74,9,2.8,9.70484010702473,0.0,7,70,85
2,74,10,3.2,10.795974792891228,0.0,7,70,85
2,74,11,2.8,10.965511863130818,0.0,7,70,85
2,74,12,2.8,10.820947888988211,0.0,7,70,85
2,74,13,3.0,9.234672954452284,0.0,7,70,85
2,74,14,3.0,10.854913823395828,0.0,7,70,85
2,74,15,2.8,13.792728435993084,0.0,7,70,85
2,74,16,2.8,9.854733080404182,0.0,7,70,85
2,74,17,3.0,13.929227376435017,0.0,7,70,85
2,74,18,3.0,9.474870589613952,0.0,7,70,85
2,74,19,2.8,8.371244528177858,0.0,7,70,85
2,74,20,2.8,10.434045576260068,0.0,6,70,85
3,74,1,3.0,9.355865035365012,0.0,7,70,85
3,74,2,3.4,8.459728475468218,0.0,7,70,85
3,74,3,3.0,10.387588930254628,0.0,7,70,85
3,74,4,2.8,9.549750307360313,0.0,7,70,85
3,74,5,3.2,7.5976295217612675,0.0,7,70,85
3,74,6,2.8,8.07700109511163,0.0,7,70,85
3,74,7,3.0,15.297685113526674,0.0,7,70,85
3,74,8,2.8,12.202979586560618,0.0,7,70,85
3,74,9,2.8,11.771722627656054,0.0,7,70,85
3,74,10,2.8,9.667036067657506,0.0,7,70,85
3,74,11,3.2,9.834458733654055,0.0,7,70,85
3,74,12,2.8,10.644458645839519,0.0,7,70,85
3,74,13,3.2,11.484306845850066,0.0,7,70,85
3,74,14,2.8,11.304289596913327,0.0,7,70,85
3,74,15,3.2,9.898974567555452,0.0,7,70,85
3,74,16,2.8,14.907036991671934,0.0,7,70,85
3,74,17,3.0,9.866507299706734,0.0,7,70,85
3,74,18,3.0,11.13319231864258,0.0,7,70,85
3,74,19,2.8,11.995200889842906,0.0,7,70,85
3,74,20,2.8,10.209056372333631,0.0,7,70,85
3,74,21,2.8,9.30324753166071,0.0,7,70,85
1,75,1,4.8,9.253005452404432,0.0,7,70,85
1,75,2,3.6,9.977933659170745,0.0,7,70,85
1,75,3,3.4,8.140920730980067,0.0,7,70,85
1,75,4,3.2,10.704125479500618,0.0,7,70,85
1,75,5,3.2,9.354394679404246,0.0,7,70,85
1,75,6,2.8,10.075081078022341,0.0,7,70,85
1,75,7,2.8,10.529562678589535,0.0,7,70,85
1,75,8,2.8,13.434006561394188,0.0,7,70,85
1,75,9,2.8,11.419460531027555,0.0,7,70,85
1,75,10,2.8,18.784731613600506,0.0,7,70,85
1,75,11,2.8,14.959662856626643,0.0,7,70,85
1,75,12,3.0,11.032032043071743,0.0,7,70,85
1,75,13,2.8,15.073115649957709,0.0,7,70,85
1,75,14,3.0,13.033550751125222,0.0,7,70,85
1,75,15,2.8,12.148678277693572,0.0,7,70,85
1,75,16,2.8,12.369412494248335,0.0,7,70,85
1,75,17,3.2,8.387124924761807,0.0,7,70,85
1,75,18,3.0,12.32403453386711,0.0,7,70,85
1,75,19,3.0,9.824122281841648,0.0,7,70,85
1,75,20,3.2,9.021857483429965,0.0,7,70,85
2,75,1,3.2,13.136608433585526,0.0,7,70,85
2,75,2,2.8,13.38883014698483,0.0,7,70,85
2,75,3,4.0,8.449062921830835,0.125,7,70,85
2,75,4,2.8,11.438778941274043,0.0,7,70,85
2,75,5,2.8,10.632846133343682,0.0,7,70,85
2,75,6,3.0,8.719022562752308,0.0,7,70,85
2,75,7,3.2,14.640402356576084,0.0,7,70,85
2,75,8,2.8,14.724844808441214,0.0,7,70,85
2,75,9,2.8,10.76176435038634,0.0,7,70,85
2,75,10,3.0,8.849730720035586,0.0,7,70,85
2,75,11,3.0,13.173628512332451,0.0,7,70,85
2,75,12,2.8,11.666894367372068,0.0,7,70,85
2,75,13,2.8,12.64676031280983,0.0,7,70,85
2,75,14,2.8,9.352092620017647,0.0,7,70,85
2,75,15,3.0,9.701315036775767,0.0,7,70,85
2,75,16,3.0,10.225550779138267,0.0,7,70,85
2,75,17,2.8,11.038812995546461,0.0,7,70,85
2,75,18,3.0,12.517745500823924,0.0,7,70,85
2,75,19,3.0,10.17050515008986,0.0,7,70,85
2,75,20,2.8,9.95318796502718,0.0,7,70,85
2,75,21,2.6,11.164604635321059,0.0,6,70,85
3,75,1,2.8,10.121555427506522,0.0,7,70,85
3,75,2,3.0,11.187652272256509,0.0,7,70,85
3,75,3,2.8,11.498887574466385,0.0,7,70,85
3,75,4,2.8,10.201434403612728,0.0,7,70,85
3,75,5,2.8,9.66319927671906,0.0,7,70,85
3,75,6,2.8,9.634119720804101,0.0,7,70,85
3,75,7,3.0,10.090738578869901,0.0,7,70,85
3,75,8,2.8,10.600259160137023,0.0,7,70,85
3,75,9,2.8,14.687527207760002,0.0,7,70,85
3,75,10,3.0,9.913203046846863,0.0,7,70,85
3,75,11,2.8,9.960347458544774,0.0,7,70,85
3,75,12,3.2,11.097065916199771,0.0,7,70,85
3,75,13,3.2,8.69590787818977,0.0,7,70,85
3,75,14,2.8,10.097938940719654,0.0,7,70,85
3,75,15,3.0,14.2738361796569,0.0,7,70,85
3,75,16,3.0,12.712857969693019,0.0,7,70,85
3,75,17,2.8,13.753939085354506,0.0,7,70,85
3,75,18,3.4,10.558949716611497,0.0,7,70,85
3,75,19,2.8,14.443933551057896,0.0,7,70,85
3,75,20,2.8,10.36318319862492,0.0,7,70,85
3,75,21,2.8,9.355649640929341,0.0,7,70,85
3,75,22,2.25,16.147572056582202,0.0,4,70,85
1,76,1,4.6,8.417378279571126,0.0,7,70,85
1,76,2,3.8,10.871750156922197,0.0,7,70,85
1,76,3,3.4,8.174049165070217,0.0,7,70,85
1,76,4,2.8,13.07851214605831,0.0,7,70,85
1,76,5,3.2,8.402344629510768,0.0,7,70,85
1,76,6,2.8,11.243695918445221,0.0,7,70,85
1,76,7,2.8,11.349159357551677,0.0,7,70,85
1,76,8,2.8,10.974060968592168,0.0,7,70,85
1,76,9,2.8,9.464201856509781,0.0,7,70,85
1,76,10,2.8,13.61243053954045,0.0,7,70,85
1,76,11,2.8,16.024312313005396,0.0,7,70,85
1,76,12,2.8,11.116339757917322,0.0,7,70,85
1,76,13,2.8,14.903498412905028,0.0,7,70,85
1,76,14,3.0,11.107152422249888,0.0,7,70,85
1,76,15,3.0,12.532259220285866,0.0,7,70,85
1,76,16,3.2,9.419105225003113,0.0,7,70,85
1,76,17,3.4,7.8242370356753685,0.0,7,70,85
1,76,18,3.2,10.009013519231992,0.0,7,70,85
1,76,19,2.8,11.161069578118935,0.0,7,70,85
1,76,20,3.4,8.755814203283908,0.0,7,70,85
2,76,1,3.2,16.50424797810883,0.0,7,70,85
2,76,2,4.2,8.018857934247823,0.0,7,70,85
2,76,3,3.6,9.84802926615611,0.0,7,70,85
2,76,4,3.4,7.679621857322889,0.0,7,70,85
2,76,5,3.0,10.546943780302627,0.0,7,70,85
2,76,6,3.0,13.157037555762978,0.0,7,70,85
2,76,7,3.4,8.188242339871403,0.0,7,70,85
2,76,8,2.8,13.031525567502698,0.0,7,70,85
2,76,9,3.0,10.66964573868738,0.0,7,70,85
2,76,10,2.8,10.411041088179706,0.0,7,70,85
2,76,11,3.0,12.010245160385438,0.0,7,70,85
2,76,12,2.8,12.158925743381975,0.0,7,70,85
2,76,13,2.8,11.110689053902801,0.0,7,70,85
2,76,14,3.0,7.941675303598862,0.0,7,70,85
2,76,15,3.0,10.53178738406496,0.0,7,70,85
2,76,16,2.8,11.081149272109382,0.0,7,70,85
2,76,17,2.8,14.769472093036256,0.0,7,70,85
2,76,18,3.2,9.866945483178151,0.0,7,70,85
2,76,19,3.0,6.779863958141022,0.0,7,70,85
2,76,20,3.0,11.962410807789162,0.0,7,70,85
3,76,1,3.4,8.942167015061903,0.0,7,70,85
3,76,2,3.6,8.7260952562038,0.0,7,70,85
3,76,3,2.8,14.470153216752333,0.0,7,70,85
3,76,4,2.8,8.97489935284166,0.0,7,70,85
3,76,5,3.2,7.526385658662815,0.0,7,70,85
3,76,6,2.8,9.06960417390853,0.0,7,70,85
3,76,7,3.0,11.677757240327423,0.0,7,70,85
3,76,8,3.0,11.87199048343429,0.0,7,70,85
3,76,9,3.0,9.501536746435642,0.0,7,70,85
3,76,10,2.8,11.603770808477194,0.0,7,70,85
3,76,11,3.2,9.178031184805295,0.0,7,70,85
3,76,12,3.0,9.375928912083035,0.0,7,70,85
3,76,13,3.2,9.110421561563058,0.0,7,70,85
3,76,14,2.8,12.996836189892015,0.0,7,70,85
3,76,15,3.2,8.698657352223055,0.0,7,70,85
3,76,16,2.8,14.006979802634001,0.0,7,70,85
3,76,17,3.0,10.330989390687442,0.0,7,70,85
3,76,18,2.8,12.863666350058933,0.0,7,70,85
3,76,19,2.8,9.33599204979431,0.0,7,70,85
3,76,20,2.8,12.273671755192042,0.0,7,70,85
3,76,21,3.0,10.568194251804215,0.0,7,70,85
1,77,1,4.8,7.455640359010026,0.0,7,70,85
1,77,2,3.6,11.771069763283199,0.0,7,70,85
1,77,3,3.4,7.713665800175878,0.0,7,70,85
1,77,4,2.8,11.729314087601567,0.0,7,70,85
1,77,5,3.2,8.509126335138857,0.0,7,70,85
1,77,6,2.8,10.284249790417118,0.0,7,70,85
1,77,7,2.8,10.799973878852002,0.0,7,70,85
1,77,8,2.8,13.068367583421411,0.0,7,70,85
1,77,9,2.8,12.801778766030894,0.0,7,70,85
1,77,10,2.8,12.668087966834642,0.0,7,70,85
1,77,11,2.8,14.767673837194955,0.0,7,70,85
1,77,12,2.8,10.264277021851763,0.0,7,70,85
1,77,13,2.8,18.637019258095442,0.0,7,70,85
1,77,14,3.0,10.20433953139479,0.0,7,70,85
1,77,15,3.0,10.02931685431142,0.0,7,70,85
1,77,16,2.8,12.02041128690658,0.0,7,70,85
1,77,17,3.2,9.04547515318879,0.0,7,70,85
1,77,18,3.0,9.859560116714286,0.0,7,70,85
1,77,19,2.8,12.572971191067362,0.0,7,70,85
1,77,20,3.4,7.950757915989407,0.0,7,70,85
2,77,1,4.0,8.464157269281772,0.0,7,70,85
2,77,2,4.2,7.999134332485612,0.0,7,70,85
2,77,3,3.8,7.074526351390445,0.0,7,70,85
2,77,4,3.0,9.925524324965265,0.0,7,70,85
2,77,5,2.8,10.326172381648627,0.0,7,70,85
2,77,6,3.0,10.783576186015027,0.0,7,70,85
2,77,7,3.2,9.580391396443872,0.0,7,70,85
2,77,8,2.8,14.004159263691648,0.0,7,70,85
2,77,9,3.0,9.962990469428632,0.0,7,70,85
2,77,10,2.8,13.437318171813683,0.0,7,70,85
2,77,11,2.8,14.022946710200365,0.0,7,70,85
2,77,12,2.8,12.848589535100242,0.0,7,70,85
2,77,13,2.8,12.999968910520701,0.0,7,70,85
2,77,14,3.0,8.014522157594687,0.0,7,70,85
2,77,15,3.2,11.16279131685152,0.0,7,70,85
2,77,16,2.8,11.956616420948112,0.0,7,70,85
2,77,17,3.8,9.420423943749455,0.125,7,70,85
2,77,18,3.0,9.201317103503134,0.0,7,70,85
2,77,19,2.8,9.420778427428251,0.0,7,70,85
2,77,20,2.4,10.782399611854386,0.0,6,70,85
3,77,1,3.0,9.105157764962637,0.0,7,70,85
3,77,2,2.8,12.842751281529113,0.0,7,70,85
3,77,3,2.8,13.156111419034033,0.0,7,70,85
3,77,4,2.8,9.715294291670794,0.0,7,70,85
3,77,5,3.0,8.577921830770935,0.0,7,70,85
3,77,6,2.8,10.64158434628119,0.0,7,70,85
3,77,7,3.0,8.61413157640072,0.0,7,70,85
3,77,8,2.8,11.336622958442454,0.0,7,70,85
3,77,9,3.0,13.079686309895921,0.0,7,70,85
3,77,10,2.8,9.580785084438304,0.0,7,70,85
3,77,11,2.8,12.272349086518345,0.0,7,70,85
3,77,12,3.0,11.926060870197514,0.0,7,70,85
3,77,13,2.8,10.210063674320262,0.0,7,70,85
3,77,14,3.0,9.157151576542546,0.0,7,70,85
3,77,15,2.8,17.436736601420375,0.0,7,70,85
3,77,16,3.0,9.975901987235867,0.0,7,70,85
3,77,17,2.8,12.427346114090152,0.0,7,70,85
3,77,18,3.0,10.50723528426716,0.0,7,70,85
3,77,19,2.8,11.884386906027384,0.0,7,70,85
3,77,20,2.8,8.967460049614436,0.0,7,70,85
3,77,21,2.8,10.364537064018176,0.0,7,70,85
3,77,22,2.6,10.690983348894653,0.0,6,70,85
1,78,1,4.4,8.066089560409997,0.0,7,70,85
1,78,2,3.6,10.197020286517443,0.0,7,70,85
1,78,3,3.2,10.076167334936967,0.0,7,70,85
1,78,4,3.4,10.352758637880573,0.0,7,70,85
1,78,5,3.2,8.425841642705086,0.0,7,70,85
1,78,6,2.8,10.898015856964701,0.0,7,70,85
1,78,7,2.8,11.724544854755422,0.0,7,70,85
1,78,8,2.8,10.663354648924352,0.0,7,70,85
1,78,9,2.8,11.333127124906625,0.0,7,70,85
1,78,10,2.8,13.736550675485228,0.0,7,70,85
1,78,11,2.8,18.53846889007088,0.0,7,70,85
1,78,12,2.8,11.432691655267783,0.0,7,70,85
1,78,13,2.8,17.602646882062476,0.0,7,70,85
1,78,14,3.0,11.168911916975423,0.0,7,70,85
1,78,15,2.8,11.13430839488433,0.0,7,70,85
1,78,16,2.8,11.17129575063594,0.0,7,70,85
1,78,17,3.0,8.936093685851523,0.0,7,70,85
1,78,18,3.2,7.9251346801416105,0.0,7,70,85
1,78,19,3.0,9.151541892372087,0.0,7,70,85
1,78,20,3.2,9.028642921166275,0.0,7,70,85
1,78,21,2.25,14.573626637336798,0.0,4,70,85
2,78,1,3.0,13.957585813691404,0.0,7,70,85
2,78,2,3.0,10.139583510094091,0.0,7,70,85
2,78,3,3.2,10.452982204078944,0.0,7,70,85
2,78,4,3.8,6.617048862807906,0.0,7,70,85
2,78,5,3.0,11.36603581144393,0.0,7,70,85
2,78,6,3.0,8.065649001949286,0.0,7,70,85
2,78,7,3.6,7.560638088150404,0.0,7,70,85
2,78,8,3.0,10.807719170884525,0.0,7,70,85
2,78,9,2.8,14.062101628324232,0.0,7,70,85
2,78,10,2.8,9.515566384569725,0.0,7,70,85
2,78,11,2.8,12.2212609228815,0.0,7,70,85
2,78,12,2.8,11.615188740083056,0.0,7,70,85
2,78,13,2.8,10.754836887884098,0.0,7,70,85
2,78,14,3.0,9.859248710210094,0.0,7,70,85
2,78,15,3.2,9.653402932362235,0.0,7,70,85
2,78,16,2.8,11.576355588678656,0.0,7,70,85
2,78,17,2.8,12.11156157673891,0.0,7,70,85
2,78,18,3.0,11.412553110943781,0.0,7,70,85
2,78,19,2.8,9.244488966249763,0.0,7,70,85
2,78,20,2.8,9.4370926385786,0.0,7,70,85
2,78,21,2.5,12.265984087818143,0.0,4,70,85
3,78,1,2.8,9.876389713243594,0.0,7,70,85
3,78,2,3.0,10.031611351823067,0.0,7,70,85
3,78,3,3.2,10.504799497568982,0.0,7,70,85
3,78,4,2.8,9.394084627876348,0.0,7,70,85
3,78,5,2.8,10.230853184024623,0.0,7,70,85
3,78,6,3.0,8.967464132354692,0.0,7,70,85
3,78,7,2.8,12.118135895627361,0.0,7,70,85
3,78,8,3.0,9.423714111753936,0.0,7,70,85
3,78,9,3.0,12.397926682420312,0.0,7,70,85
3,78,10,2.8,8.922145914609201,0.0,7,70,85
3,78,11,3.0,11.249314219708298,0.0,7,70,85
3,78,12,3.6,7.8907380478904185,0.0,7,70,85
3,78,13,3.0,10.999259714558429,0.0,7,70,85
3,78,14,2.8,11.346231478525278,0.0,7,70,85
3,78,15,3.0,10.961989836701951,0.0,7,70,85
3,78,16,3.2,12.377946805220486,0.0,7,70,85
3,78,17,3.0,8.95333058915526,0.0,7,70,85
3,78,18,2.8,15.514485624382504,0.0,7,70,85
3,78,19,3.0,9.684173492886494,0.0,7,70,85
3,78,20,2.8,9.729590148912418,0.0,7,70,85
3,78,21,3.0,9.734514802935433,0.0,7,70,85
1,79,1,4.8,8.107663328654619,0.0,7,70,85
1,79,2,3.6,11.501470056996876,0.0,7,70,85
1,79,3,3.4,9.099812163689974,0.0,7,70,85
1,79,4,2.8,11.867915350760281,0.0,7,70,85
1,79,5,3.2,9.747950532606616,0.0,7,70,85
1,79,6,2.8,10.704427268555204,0.0,7,70,85
1,79,7,2.8,12.17460801190325,0.0,7,70,85
1,79,8,2.8,10.875037752296981,0.0,7,70,85
1,79,9,2.8,11.55035419493144,0.0,7,70,85
1,79,10,2.8,15.424235998138307,0.0,7,70,85
1,79,11,2.8,18.257630062134872,0.0,7,70,85
1,79,12,2.8,11.432691655267833,0.0,7,70,85
1,79,13,2.8,14.336200536854907,0.0,7,70,85
1,79,14,2.8,11.38117051538303,0.0,7,70,85
1,79,15,3.0,10.89156158369006,0.0,7,70,85
1,79,16,2.8,13.776276025091608,0.0,7,70,85
1,79,17,3.2,8.700208548171267,0.0,7,70,85
1,79,18,3.2,9.715124385370288,0.0,7,70,85
1,79,19,2.8,11.902458149087387,0.0,7,70,85
1,79,20,3.2,8.70266829324613,0.0,7,70,85
2,79,1,3.2,12.291775468095496,0.0,7,70,85
2,79,2,2.8,10.809544105332577,0.0,7,70,85
2,79,3,3.8,7.391662720787726,0.0,7,70,85
2,79,4,3.6,7.094900066856654,0.0,7,70,85
2,79,5,2.8,11.351166044868066,0.0,7,70,85
2,79,6,2.8,11.84117344295735,0.0,7,70,85
2,79,7,3.4,8.971311849382094,0.0,7,70,85
2,79,8,3.4,9.109861596933245,0.0,7,70,85
2,79,9,2.8,12.67162088230731,0.0,7,70,85
2,79,10,2.8,8.353790577410537,0.0,7,70,85
2,79,11,3.0,10.854765276338886,0.0,7,70,85
2,79,12,2.8,11.142829312528292,0.0,7,70,85
2,79,13,2.8,11.844056528691416,0.0,7,70,85
2,79,14,2.8,9.01985416215126,0.0,7,70,85
2,79,15,3.2,9.989324333673725,0.0,7,70,85
2,79,16,2.8,12.830011121050418,0.0,7,70,85
2,79,17,3.0,10.986284140257567,0.0,7,70,85
2,79,18,3.2,8.52644545707262,0.0,7,70,85
2,79,19,2.8,9.72448163608313,0.0,7,70,85
2,79,20,3.0,8.761048301155416,0.0,7,70,85
3,79,1,3.2,8.833277235563516,0.0,7,70,85
3,79,2,3.2,9.924028728136589,0.0,7,70,85
3,79,3,3.2,10.599638544518674,0.0,7,70,85
3,79,4,2.8,10.18210327843462,0.0,7,70,85
3,79,5,3.2,7.8403218645565245,0.0,7,70,85
3,79,6,2.8,9.925574953081156,0.0,7,70,85
3,79,7,3.0,11.591200820554187,0.0,7,70,85
3,79,8,2.8,9.56079565996343,0.0,7,70,85
3,79,9,2.8,13.113903277519832,0.0,7,70,85
3,79,10,2.8,12.223950706069598,0.0,7,70,85
3,79,11,3.6,8.320521960787673,0.125,7,70,85
3,79,12,3.0,9.541006849694794,0.0,7,70,85
3,79,13,2.8,11.441082454079185,0.0,7,70,85
3,79,14,2.8,17.389670074983353,0.0,7,70,85
3,79,15,2.8,10.936729126612715,0.0,7,70,85
3,79,16,2.8,14.834722762826088,0.0,7,70,85
3,79,17,2.8,12.022390031598912,0.0,7,70,85
3,79,18,3.0,11.155741099646374,0.0,7,70,85
3,79,19,2.8,11.793293100590171,0.0,7,70,85
3,79,20,2.8,10.661721902449981,0.0,7,70,85
3,79,21,2.8,11.059040764446094,0.0,7,70,85
1,80,1,4.8,8.274659289890606,0.0,7,70,85
1,80,2,3.6,9.912282386219989,0.0,7,70,85
1,80,3,3.4,8.794366675099047,0.0,7,70,85
1,80,4,3.2,9.911831260382048,0.0,7,70,85
1,80,5,3.2,9.427568252300066,0.0,7,70,85
1,80,6,2.8,9.443525493032748,0.0,7,70,85
1,80,7,2.8,11.515521821743102,0.0,7,70,85
1,80,8,2.8,11.598212910076938,0.0,7,70,85
1,80,9,2.8,10.747365873144156,0.0,7,70,85
1,80,10,2.8,14.777139580544839,0.0,7,70,85
1,80,11,2.8,17.177056368357434,0.0,7,70,85
1,80,12,2.8,10.612825125196132,0.0,7,70,85
1,80,13,3.0,15.56267144805038,0.0,7,70,85
1,80,14,3.0,13.263041264300854,0.0,7,70,85
1,80,15,2.8,11.56575434590447,0.0,7,70,85
1,80,16,3.0,13.983550775198164,0.0,7,70,85
1,80,17,3.4,8.067211670451995,0.0,7,70,85
1,80,18,3.2,10.865178462983817,0.0,7,70,85
1,80,19,3.0,10.204759762111065,0.0,7,70,85
1,80,20,3.8,6.835599167075305,0.0,7,70,85
2,80,1,3.2,12.441803428215158,0.0,7,70,85
2,80,2,3.0,9.527458161157346,0.0,7,70,85
2,80,3,4.0,8.96186186229122,0.125,7,70,85
2,80,4,2.8,9.144848474370797,0.0,7,70,85
2,80,5,2.8,11.553228942162267,0.0,7,70,85
2,80,6,2.8,9.374060354187247,0.0,7,70,85
2,80,7,3.2,11.501741072787727,0.0,7,70,85
2,80,8,2.8,11.381786260268626,0.0,7,70,85
2,80,9,2.8,12.524829154019756,0.0,7,70,85
2,80,10,3.0,10.45297122394438,0.0,7,70,85
2,80,11,3.0,11.404930978764718,0.0,7,70,85
2,80,12,2.8,11.321355676910951,0.0,7,70,85
2,80,13,2.8,12.266301896312662,0.0,7,70,85
2,80,14,2.8,8.851318919871488,0.0,7,70,85
2,80,15,3.0,9.177268852133011,0.0,7,70,85
2,80,16,3.2,10.034013881795216,0.0,7,70,85
2,80,17,2.8,10.944621909087626,0.0,7,70,85
2,80,18,3.0,13.47393776188285,0.0,7,70,85
2,80,19,3.0,8.66673736910509,0.0,7,70,85
2,80,20,2.8,8.587452862994327,0.0,7,70,85
2,80,21,2.4,13.49445554140082,0.0,5,70,85
3,80,1,3.0,8.997994439357168,0.0,7,70,85
3,80,2,2.8,12.22658559929978,0.0,7,70,85
3,80,3,3.2,10.917323899838689,0.0,7,70,85
3,80,4,2.8,8.774157387409204,0.0,7,70,85
3,80,5,2.8,9.455803784490925,0.0,7,70,85
3,80,6,2.8,9.846724891641456,0.0,7,70,85
3,80,7,3.0,11.29247690733985,0.0,7,70,85
3,80,8,3.0,10.026198810205772,0.0,7,70,85
3,80,9,2.8,12.78009940790699,0.0,7,70,85
3,80,10,2.8,11.207516561435709,0.0,7,70,85
3,80,11,3.0,10.506042604133302,0.0,7,70,85
3,80,12,3.0,9.909505199634065,0.0,7,70,85
3,80,13,3.2,9.681486261120831,0.0,7,70,85
3,80,14,2.8,13.416636884644943,0.0,7,70,85
3,80,15,3.0,11.048266743332466,0.0,7,70,85
3,80,16,3.0,13.044123216440152,0.0,7,70,85
3,80,17,2.8,10.920433536589748,0.0,7,70,85
3,80,18,2.8,12.390526280566974,0.0,7,70,85
3,80,19,3.0,13.192711539285984,0.0,7,70,85
3,80,20,2.8,8.710219558267221,0.0,7,70,85
3,80,21,2.8,10.370952395177804,0.0,7,70,85
3,80,22,2.25,11.299704996612663,0.0,4,70,85
1,81,1,4.8,8.29744662113731,0.0,7,70,85
1,81,2,3.6,9.863608097813065,0.0,7,70,85
1,81,3,4.0,6.804961139126529,0.0,7,70,85
1,81,4,2.8,16.245884003470426,0.0,7,70,85
1,81,5,3.0,9.243665694988493,0.0,7,70,85
1,81,6,3.0,8.960424249802708,0.0,7,70,85
1,81,7,2.8,10.9752703859287,0.0,7,70,85
1,81,8,2.8,16.322387631968915,0.0,7,70,85
1,81,9,2.8,13.538118759206817,0.0,7,70,85
1,81,10,2.8,16.556896816553966,0.0,7,70,85
1,81,11,2.8,18.731018317457163,0.0,7,70,85
1,81,12,2.8,9.430892123406027,0.0,7,70,85
1,81,13,2.8,12.799916884288725,0.0,7,70,85
1,81,14,3.0,13.005421636298689,0.0,7,70,85
1,81,15,2.8,11.723257476024997,0.0,7,70,85
1,81,16,2.8,12.369412494248365,0.0,7,70,85
1,81,17,2.8,9.106305774923012,0.0,7,70,85
1,81,18,3.0,9.268155974169526,0.0,7,70,85
1,81,19,3.2,9.126076140786692,0.0,7,70,85
1,81,20,3.0,8.798479343563242,0.0,7,70,85
2,81,1,2.8,16.082415540366668,0.0,7,70,85
2,81,2,2.8,10.624908081705561,0.0,7,70,85
2,81,3,4.0,8.160900201767523,0.125,7,70,85
2,81,4,3.0,10.225988240139975,0.0,7,70,85
2,81,5,2.8,11.314910064337868,0.0,7,70,85
2,81,6,2.8,9.458489237747699,0.0,7,70,85
2,81,7,3.4,10.066756823166127,0.0,7,70,85
2,81,8,3.0,10.969655930449054,0.0,7,70,85
2,81,9,2.8,11.731997959943577,0.0,7,70,85
2,81,10,2.8,11.51288214210808,0.0,7,70,85
2,81,11,2.8,12.448824770448146,0.0,7,70,85
2,81,12,2.8,11.710994825131513,0.0,7,70,85
2,81,13,2.8,11.492344398085395,0.0,7,70,85
2,81,14,2.8,10.23282991595543,0.0,7,70,85
2,81,15,3.0,9.21487927255667,0.0,7,70,85
2,81,16,2.8,11.78993350276539,0.0,7,70,85
2,81,17,2.8,11.638093153857419,0.0,7,70,85
2,81,18,3.0,14.111996372933795,0.0,7,70,85
2,81,19,3.0,9.50028018636516,0.0,7,70,85
2,81,20,2.8,8.376815086492709,0.0,7,70,85
2,81,21,3.0,12.056736822347487,0.0,7,70,85
3,81,1,2.8,12.299467514558597,0.0,7,70,85
3,81,2,3.0,12.070854083022478,0.0,7,70,85
3,81,3,2.8,11.786975163182754,0.0,7,70,85
3,81,4,2.8,10.481147669358812,0.0,7,70,85
3,81,5,3.0,9.309059056915551,0.0,7,70,85
3,81,6,3.0,9.077117583647954,0.0,7,70,85
3,81,7,3.2,8.6047698005834,0.0,7,70,85
3,81,8,2.8,10.676816821815356,0.0,7,70,85
3,81,9,3.0,12.921798485221773,0.0,7,70,85
3,81,10,2.8,9.904665075687468,0.0,7,70,85
3,81,11,3.0,10.754786271661288,0.0,7,70,85
3,81,12,3.0,10.262632253014583,0.0,7,70,85
3,81,13,2.8,10.576949194902662,0.0,7,70,85
3,81,14,3.0,9.809166815273434,0.0,7,70,85
3,81,15,3.0,10.625978711301709,0.0,7,70,85
3,81,16,3.0,14.49731645868146,0.0,7,70,85
3,81,17,3.0,8.747190965726354,0.0,7,70,85
3,81,18,2.8,11.702705469443684,0.0,7,70,85
3,81,19,2.8,13.699800554743543,0.0,7,70,85
3,81,20,3.0,9.241256890557448,0.0,7,70,85
3,81,21,3.0,9.025635835425444,0.0,7,70,85
1,82,1,4.4,8.076900829382424,0.0,7,70,85
1,82,2,4.0,9.893255702223193,0.0,7,70,85
1,82,3,3.4,7.558853448195855,0.0,7,70,85
1,82,4,3.0,11.436309377649193,0.0,7,70,85
1,82,5,3.0,10.876888162089795,0.0,7,70,85
1,82,6,2.8,11.679542663274741,0.0,7,70,85
1,82,7,2.8,9.86310046788233,0.0,7,70,85
1,82,8,2.8,11.519496064759569,0.0,7,70,85
1,82,9,2.8,12.74761633124154,0.0,7,70,85
1,82,10,2.8,14.461807513454433,0.0,7,70,85
1,82,11,2.8,14.659895099911768,0.0,7,70,85
1,82,12,2.8,10.406076372659467,0.0,7,70,85
1,82,13,2.8,17.151729186221555,0.0,7,70,85
1,82,14,2.8,12.211452546208207,0.0,7,70,85
1,82,15,2.8,10.188301203525354,0.0,7,70,85
1,82,16,2.8,12.415981295982233,0.0,7,70,85
1,82,17,3.0,8.34605090984303,0.0,7,70,85
1,82,18,3.4,9.526106355939373,0.0,7,70,85
1,82,19,3.0,12.089016373843315,0.0,7,70,85
1,82,20,2.8,12.576208555491023,0.0,7,70,85
1,82,21,2.75,8.976245869371914,0.0,4,70,85
2,82,1,3.8,10.258182805515595,0.0,7,70,85
2,82,2,3.8,8.973121981883487,0.0,7,70,85
2,82,3,3.6,9.098382778054093,0.0,7,70,85
2,82,4,3.2,8.945476877810771,0.0,7,70,85
2,82,5,3.0,10.732011537525441,0.0,7,70,85
2,82,6,3.0,11.003081509439964,0.0,7,70,85
2,82,7,3.4,9.102188882812012,0.0,7,70,85
2,82,8,3.0,11.581989515399927,0.0,7,70,85
2,82,9,3.0,9.353526432413021,0.0,7,70,85
2,82,10,2.8,11.076735923728643,0.0,7,70,85
2,82,11,2.8,12.73791644622359,0.0,7,70,85
2,82,12,2.8,12.662384258389613,0.0,7,70,85
2,82,13,2.8,9.809782155169835,0.0,7,70,85
2,82,14,3.0,9.675414621394811,0.0,7,70,85
2,82,15,3.2,11.286386623544574,0.0,7,70,85
2,82,16,2.8,12.493962618408267,0.0,7,70,85
2,82,17,3.0,16.249043577222565,0.0,7,70,85
2,82,18,2.8,9.964242152800352,0.0,7,70,85
2,82,19,3.0,8.025340265276473,0.0,7,70,85
2,82,20,3.0,9.765823689611567,0.0,7,70,85
3,82,1,3.4,7.902333860857654,0.0,7,70,85
3,82,2,3.6,8.333725020153098,0.0,7,70,85
3,82,3,2.8,10.098089834646919,0.0,7,70,85
3,82,4,2.8,10.646548821449247,0.0,7,70,85
3,82,5,3.2,8.191700929779614,0.0,7,70,85
3,82,6,2.8,10.12009958502601,0.0,7,70,85
3,82,7,3.0,10.946254387914985,0.0,7,70,85
3,82,8,3.2,10.642901414894752,0.0,7,70,85
3,82,9,2.8,12.789775298449554,0.0,7,70,85
3,82,10,2.8,13.588944934845715,0.0,7,70,85
3,82,11,3.2,9.874472093831239,0.0,7,70,85
3,82,12,3.4,8.51307782203878,0.0,7,70,85
3,82,13,2.8,10.8017493007267,0.0,7,70,85
3,82,14,2.8,16.729655213950487,0.0,7,70,85
3,82,15,3.4,9.832254200996829,0.0,7,70,85
3,82,16,2.8,14.101228880022733,0.0,7,70,85
3,82,17,3.0,11.93467053565056,0.0,7,70,85
3,82,18,2.8,12.22319782229036,0.0,7,70,85
3,82,19,2.8,9.748830533881089,0.0,7,70,85
3,82,20,2.8,9.539425980115897,0.0,7,70,85
3,82,21,2.8,11.054647216345076,0.0,6,70,85
1,83,1,4.4,8.558705499902773,0.0,7,70,85
1,83,2,3.6,10.66629720503762,0.0,7,70,85
1,83,3,3.2,9.813616550322676,0.0,7,70,85
1,83,4,3.4,8.745163505777962,0.0,7,70,85
1,83,5,3.0,9.130385624747097,0.0,7,70,85
1,83,6,2.8,10.307848609437274,0.0,7,70,85
1,83,7,2.8,13.280615691839037,0.0,7,70,85
1,83,8,2.8,9.060558135509483,0.0,7,70,85
1,83,9,2.8,14.726509400126657,0.0,7,70,85
1,83,10,3.0,11.057154060541361,0.0,7,70,85
1,83,11,2.8,20.99256679540485,0.0,7,70,85
1,83,12,2.8,11.411042413419942,0.0,7,70,85
1,83,13,2.8,14.336200536854946,0.0,7,70,85
1,83,14,2.8,11.253644074918608,0.0,7,70,85
1,83,15,3.0,12.520968057152583,0.0,7,70,85
1,83,16,2.8,10.638785177575535,0.0,7,70,85
1,83,17,3.2,8.420588176352354,0.0,7,70,85
1,83,18,3.0,9.312563191668064,0.0,7,70,85
1,83,19,3.2,9.148219238649501,0.0,7,70,85
1,83,20,3.2,8.202253875974376,0.0,7,70,85
2,83,1,3.2,14.073686612505872,0.0,7,70,85
2,83,2,3.4,9.181748257266253,0.0,7,70,85
2,83,3,3.0,11.208154763411153,0.0,7,70,85
2,83,4,3.4,8.011573842275999,0.0,7,70,85
2,83,5,2.8,11.297148469955104,0.0,7,70,85
2,83,6,2.8,8.948872584511488,0.0,7,70,85
2,83,7,3.2,9.635390834257695,0.0,7,70,85
2,83,8,3.2,10.198976067593735,0.0,7,70,85
2,83,9,2.8,10.91842879118367,0.0,7,70,85
2,83,10,2.8,10.612452129483362,0.0,7,70,85
2,83,11,2.8,11.924639778015507,0.0,7,70,85
2,83,12,2.8,13.289303829017589,0.0,7,70,85
2,83,13,2.8,11.816042989508299,0.0,7,70,85
2,83,14,2.8,8.56618665847311,0.0,7,70,85
2,83,15,3.0,11.275147554054982,0.0,7,70,85
2,83,16,2.8,13.981915354962455,0.0,7,70,85
2,83,17,2.8,10.49747450475647,0.0,7,70,85
2,83,18,3.0,13.122318721431409,0.0,7,70,85
2,83,19,3.0,8.669082789392016,0.0,7,70,85
2,83,20,2.8,8.094275616126081,0.0,7,70,85
2,83,21,2.8,11.601804766850853,0.0,6,70,85
3,83,1,3.0,9.413464230683761,0.0,7,70,85
3,83,2,2.8,13.231729904676627,0.0,7,70,85
3,83,3,2.8,11.022261945125157,0.0,7,70,85
3,83,4,2.8,9.653954232932701,0.0,7,70,85
3,83,5,2.8,10.350004797030945,0.0,7,70,85
3,83,6,2.8,9.144376904859556,0.0,7,70,85
3,83,7,3.0,11.55920742467113,0.0,7,70,85
3,83,8,2.8,12.822630396300426,0.0,7,70,85
3,83,9,2.8,16.511489088316182,0.0,7,70,85
3,83,10,2.8,10.421902035460397,0.0,7,70,85
3,83,11,2.8,10.059858669931101,0.0,7,70,85
3,83,12,3.2,9.362306973819202,0.0,7,70,85
3,83,13,3.0,10.634992279992844,0.0,7,70,85
3,83,14,3.0,9.381898691077655,0.0,7,70,85
3,83,15,2.8,18.16162464848273,0.0,7,70,85
3,83,16,2.8,9.297283446823265,0.0,7,70,85
3,83,17,2.8,11.395166208013586,0.0,7,70,85
3,83,18,3.0,11.171678659172487,0.0,7,70,85
3,83,19,2.8,12.97520147218154,0.0,7,70,85
3,83,20,2.8,11.052500920539003,0.0,7,70,85
3,83,21,2.8,10.24233114048352,0.0,7,70,85
3,83,22,2.8,12.500692652578637,0.0,6,70,85
1,84,1,4.2,10.172353167820967,0.0,7,70,85
1,84,2,4.0,8.997950081488822,0.0,7,70,85
1,84,3,3.4,8.915916647527421,0.0,7,70,85
1,84,4,2.8,13.131504333492279,0.0,7,70,85
1,84,5,3.0,11.192171181465,0.0,7,70,85
1,84,6,2.8,10.245765742899081,0.0,7,70,85
1,84,7,2.8,12.388813414916267,0.0,7,70,85
1,84,8,2.8,10.127794662134887,0.0,7,70,85
1,84,9,2.8,14.042243832536048,0.0,7,70,85
1,84,10,2.8,12.443788909107576,0.0,7,70,85
1,84,11,2.8,14.19742689618974,0.0,7,70,85
1,84,12,2.8,12.05488648161151,0.0,7,70,85
1,84,13,2.8,14.438423637132583,0.0,7,70,85
1,84,14,3.0,11.785447817517099,0.0,7,70,85
1,84,15,3.0,10.390532249574337,0.0,7,70,85
1,84,16,2.8,13.033632420286994,0.0,7,70,85
1,84,17,3.0,7.8055185765978,0.0,7,70,85
1,84,18,2.8,8.814597418887896,0.0,7,70,85
1,84,19,3.2,10.61070886386474,0.0,7,70,85
1,84,20,3.4,7.8666809383177,0.0,7,70,85
2,84,1,3.8,9.435274723585026,0.0,7,70,85
2,84,2,3.6,10.417920594685855,0.0,7,70,85
2,84,3,3.4,10.212767739419402,0.0,7,70,85
2,84,4,3.6,7.545277044498519,0.0,7,70,85
2,84,5,3.0,10.474691614789226,0.0,7,70,85
2,84,6,3.0,9.66433045255965,0.0,7,70,85
2,84,7,3.4,9.693670067730688,0.0,7,70,85
2,84,8,3.2,9.431408024379358,0.0,7,70,85
2,84,9,2.8,9.762814630712144,0.0,7,70,85
2,84,10,3.0,12.694799460308907,0.0,7,70,85
2,84,11,2.8,12.128230912025122,0.0,7,70,85
2,84,12,2.8,11.769447277500888,0.0,7,70,85
2,84,13,3.0,12.778688440290576,0.0,7,70,85
2,84,14,3.0,9.270750412215667,0.0,7,70,85
2,84,15,3.2,11.126901356355416,0.0,7,70,85
2,84,16,2.8,10.115513994701379,0.0,7,70,85
2,84,17,3.0,14.154887324779716,0.0,7,70,85
2,84,18,3.0,9.316116873393497,0.0,7,70,85
2,84,19,2.8,8.137352483019429,0.0,7,70,85
2,84,20,2.8,11.757931589702864,0.0,6,70,85
3,84,1,4.0,7.2728924541049444,0.0,7,70,85
3,84,2,3.4,9.112897241709321,0.0,7,70,85
3,84,3,3.0,10.708958757773454,0.0,7,70,85
3,84,4,2.8,10.8970678335916,0.0,7,70,85
3,84,5,3.0,8.771038024430887,0.0,7,70,85
3,84,6,2.8,8.745876712577289,0.0,7,70,85
3,84,7,3.0,11.51724149666149,0.0,7,70,85
3,84,8,2.8,12.5524742567744,0.0,7,70,85
3,84,9,2.8,10.878833235983015,0.0,7,70,85
3,84,10,2.8,13.99311725209471,0.0,7,70,85
3,84,11,3.2,9.76412315143155,0.0,7,70,85
3,84,12,3.2,9.484871794793458,0.0,7,70,85
3,84,13,2.8,10.134181289663541,0.0,7,70,85
3,84,14,2.8,14.749633664871233,0.0,7,70,85
3,84,15,3.0,9.892894557163823,0.0,7,70,85
3,84,16,2.8,16.63696689789941,0.0,7,70,85
3,84,17,3.0,10.575890267710852,0.0,7,70,85
3,84,18,2.8,13.50028534867145,0.0,7,70,85
3,84,19,3.0,9.323900795692495,0.0,7,70,85
3,84,20,2.8,8.270475354386889,0.0,7,70,85
3,84,21,3.0,9.803171863420532,0.0,7,70,85
1,85,1,4.6,8.17750287131779,0.0,7,70,85
1,85,2,3.8,10.585291194847121,0.0,7,70,85
1,85,3,3.4,8.355388815673766,0.0,7,70,85
1,85,4,3.2,11.50086268619927,0.0,7,70,85
1,85,5,3.2,8.437543902794689,0.0,7,70,85
1,85,6,2.8,9.563421948383128,0.0,7,70,85
1,85,7,2.8,13.748759493528711,0.0,7,70,85
1,85,8,2.8,12.30893826150835,0.0,7,70,85
1,85,9,2.8,12.03525163248143,0.0,7,70,85
1,85,10,2.8,14.354728325758721,0.0,7,70,85
1,85,11,2.8,14.11848098810566,0.0,7,70,85
1,85,12,2.8,11.081204881635564,0.0,7,70,85
1,85,13,3.0,14.072587161980453,0.0,7,70,85
1,85,14,2.8,13.008648759645164,0.0,7,70,85
1,85,15,2.8,11.426063231814052,0.0,7,70,85
1,85,16,2.8,11.348216166105379,0.0,7,70,85
1,85,17,3.0,8.699984667620793,0.0,7,70,85
1,85,18,3.0,9.442427780938283,0.0,7,70,85
1,85,19,3.2,9.955296295957382,0.0,7,70,85
1,85,20,3.0,9.373280177911687,0.0,7,70,85
2,85,1,4.0,8.371474570027122,0.0,7,70,85
2,85,2,3.8,9.005854815669569,0.0,7,70,85
2,85,3,3.4,8.821423834962637,0.0,7,70,85
2,85,4,3.4,8.102338104887956,0.0,7,70,85
2,85,5,2.8,9.981476716411123,0.0,7,70,85
2,85,6,3.2,10.861976279668092,0.0,7,70,85
2,85,7,3.6,7.976732207789947,0.0,7,70,85
2,85,8,2.8,12.572763917223707,0.0,7,70,85
2,85,9,2.8,10.151724634070316,0.0,7,70,85
2,85,10,3.0,9.680756700984684,0.0,7,70,85
2,85,11,2.8,10.85789622939894,0.0,7,70,85
2,85,12,2.8,10.755307154170207,0.0,7,70,85
2,85,13,2.8,11.989951816812079,0.0,7,70,85
2,85,14,3.0,10.425301295934192,0.0,7,70,85
2,85,15,2.8,11.076696878908017,0.0,7,70,85
2,85,16,2.8,11.348442161755411,0.0,7,70,85
2,85,17,2.8,13.740833656003677,0.0,7,70,85
2,85,18,3.2,11.08274504926007,0.0,7,70,85
2,85,19,3.0,7.280221267027877,0.0,7,70,85
2,85,20,3.0,10.539981615264606,0.0,7,70,85
3,85,1,3.6,7.232235382187567,0.0,7,70,85
3,85,2,3.8,8.769607596954756,0.0,7,70,85
3,85,3,2.8,11.01472053830951,0.0,7,70,85
3,85,4,2.8,9.36505079688252,0.0,7,70,85
3,85,5,3.0,8.911256599635344,0.0,7,70,85
3,85,6,3.0,9.657166042610609,0.0,7,70,85
3,85,7,3.0,14.84348769806791,0.0,7,70,85
3,85,8,3.2,8.922786798255226,0.0,7,70,85
3,85,9,2.8,15.080064652209561,0.0,7,70,85
3,85,10,2.8,10.882367605558072,0.0,7,70,85
3,85,11,3.0,12.102018474179351,0.0,7,70,85
3,85,12,3.0,9.463033840423666,0.0,7,70,85
3,85,13,2.8,10.499524111647967,0.0,7,70,85
3,85,14,2.8,11.792105281843352,0.0,7,70,85
3,85,15,3.2,10.030348408681258,0.0,7,70,85
3,85,16,2.8,15.387258388783783,0.0,7,70,85
3,85,17,3.0,11.277368691846263,0.0,7,70,85
3,85,18,2.8,11.513354218523277,0.0,7,70,85
3,85,19,3.0,9.26990353777696,0.0,7,70,85
3,85,20,2.8,10.594133043695468,0.0,7,70,85
3,85,21,3.0,10.772957215861192,0.0,7,70,85
1,86,1,4.6,8.244632171895924,0.0,7,70,85
1,86,2,4.0,8.855421463240106,0.0,7,70,85
1,86,3,3.4,7.484874726315117,0.0,7,70,85
1,86,4,3.0,11.07977142658889,0.0,7,70,85
1,86,5,3.0,9.647701985240717,0.0,7,70,85
1,86,6,2.8,11.245799165918024,0.0,7,70,85
1,86,7,2.8,9.652143607176809,0.0,7,70,85
1,86,8,2.8,13.548878403995635,0.0,7,70,85
1,86,9,2.8,12.876263273960102,0.0,7,70,85
1,86,10,2.8,15.040192508125234,0.0,7,70,85
1,86,11,2.8,16.236543815238967,0.0,7,70,85
1,86,12,2.8,10.247245670535477,0.0,7,70,85
1,86,13,2.8,12.931971535119459,0.0,7,70,85
1,86,14,2.8,12.929957310413391,0.0,7,70,85
1,86,15,2.8,11.301360847807018,0.0,7,70,85
1,86,16,2.8,10.120622480637714,0.0,7,70,85
1,86,17,3.2,8.552042183516226,0.0,7,70,85
1,86,18,3.2,8.28578689710046,0.0,7,70,85
1,86,19,2.8,12.341227630847156,0.0,7,70,85
1,86,20,2.8,11.053667707531165,0.0,7,70,85
1,86,21,2.75,9.857233735477058,0.0,4,70,85
2,86,1,3.2,13.819292720766557,0.0,7,70,85
2,86,2,2.8,12.236950048471325,0.0,7,70,85
2,86,3,3.2,10.452982204078904,0.0,7,70,85
2,86,4,3.4,9.281154689554793,0.0,7,70,85
2,86,5,2.8,10.374460106378422,0.0,7,70,85
2,86,6,2.8,10.643621106007666,0.0,7,70,85
2,86,7,3.2,9.85160991867515,0.0,7,70,85
2,86,8,2.8,9.944812069239521,0.0,7,70,85
2,86,9,2.8,11.84243891499368,0.0,7,70,85
2,86,10,2.8,10.3932383225464,0.0,7,70,85
2,86,11,3.0,14.034827055151462,0.0,7,70,85
2,86,12,2.8,12.225200699979856,0.0,7,70,85
2,86,13,2.8,9.243593293707686,0.0,7,70,85
2,86,14,2.8,10.36448485711576,0.0,7,70,85
2,86,15,3.0,8.679521691924979,0.0,7,70,85
2,86,16,2.8,13.437260711935226,0.0,7,70,85
2,86,17,3.0,11.768587284714414,0.0,7,70,85
2,86,18,2.8,13.20564822286197,0.0,7,70,85
2,86,19,3.0,9.555525208042896,0.0,7,70,85
2,86,20,2.8,7.115000067473173,0.0,7,70,85
2,86,21,3.0,10.052890218328606,0.0,7,70,85
3,86,1,2.8,10.594961021166199,0.0,7,70,85
3,86,2,2.8,10.000969718628781,0.0,7,70,85
3,86,3,2.8,12.38554874068648,0.0,7,70,85
3,86,4,2.8,9.444934496540455,0.0,7,70,85
3,86,5,2.8,10.743769114689707,0.0,7,70,85
3,86,6,2.8,9.93304485899126,0.0,7,70,85
3,86,7,2.8,9.126173517999995,0.0,7,70,85
3,86,8,2.8,9.896146406932315,0.0,7,70,85
3,86,9,2.8,11.623210681656849,0.0,7,70,85
3,86,10,2.8,11.549083434281682,0.0,7,70,85
3,86,11,2.8,11.627136745788365,0.0,7,70,85
3,86,12,3.2,11.128028204743387,0.0,7,70,85
3,86,13,3.2,8.174894309688126,0.0,7,70,85
3,86,14,3.0,8.637989674097831,0.0,7,70,85
3,86,15,2.8,17.30981682754731,0.0,7,70,85
3,86,16,3.2,9.673590564590237,0.0,7,70,85
3,86,17,3.0,11.081484029100004,0.0,7,70,85
3,86,18,3.0,10.890348889908848,0.0,7,70,85
3,86,19,2.8,12.024578147510166,0.0,7,70,85
3,86,20,2.8,8.868901965359958,0.0,7,70,85
3,86,21,3.0,9.250285890892277,0.0,7,70,85
3,86,22,2.2,14.804462400657066,0.0,5,70,85
1,87,1,4.6,8.382252359132194,0.0,7,70,85
1,87,2,3.8,8.963526559040005,0.0,7,70,85
1,87,3,3.4,7.864674409387269,0.0,7,70,85
1,87,4,3.0,13.635994518413158,0.0,7,70,85
1,87,5,3.0,10.300527031008993,0.0,7,70,85
1,87,6,2.8,10.301831290690963,0.0,7,70,85
1,87,7,2.8,13.303462173771885,0.0,7,70,85
1,87,8,2.8,9.958474102270015,0.0,7,70,85
1,87,9,2.8,12.967063247291879,0.0,7,70,85
1,87,10,2.8,15.152741030272015,0.0,7,70,85
1,87,11,2.8,17.36330656853679,0.0,7,70,85
1,87,12,2.8,11.860218779708378,0.0,7,70,85
1,87,13,2.8,16.816675063985556,0.0,7,70,85
1,87,14,2.8,11.667642582023257,0.0,7,70,85
1,87,15,3.0,11.879215092667454,0.0,7,70,85
1,87,16,2.8,11.360846556461116,0.0,7,70,85
1,87,17,3.2,8.738055823058167,0.0,7,70,85
1,87,18,3.0,8.415231001748923,0.0,7,70,85
1,87,19,3.0,10.507984787452962,0.0,7,70,85
1,87,20,3.0,9.164661014046793,0.0,7,70,85
1,87,21,2.5,10.48696445151965,0.0,4,70,85
2,87,1,3.0,16.044664387192764,0.0,7,70,85
2,87,2,3.0,12.426271646203546,0.0,7,70,85
2,87,3,3.6,8.518339208546967,0.0,7,70,85
2,87,4,3.4,8.769753564774668,0.0,7,70,85
2,87,5,3.0,13.58820292555998,0.0,7,70,85
2,87,6,2.8,11.038496360412763,0.0,7,70,85
2,87,7,3.6,8.495048950569718,0.125,7,70,85
2,87,8,2.8,10.611353839066007,0.0,7,70,85
2,87,9,2.8,11.351846611549737,0.0,7,70,85
2,87,10,2.8,10.370226990752709,0.0,7,70,85
2,87,11,2.8,14.815130600258437,0.0,7,70,85
2,87,12,2.8,10.455888946891832,0.0,7,70,85
2,87,13,2.8,12.622256576705928,0.0,7,70,85
2,87,14,3.0,8.718737878468025,0.0,7,70,85
2,87,15,3.6,8.37073969889735,0.125,7,70,85
2,87,16,2.8,11.799695143156184,0.0,7,70,85
2,87,17,2.8,11.784842158334596,0.0,7,70,85
2,87,18,3.0,11.607486625506171,0.0,7,70,85
2,87,19,3.0,7.628090065902094,0.0,7,70,85
2,87,20,3.8,7.680646808364732,0.125,7,70,85
3,87,1,2.8,10.326629183666217,0.0,7,70,85
3,87,2,2.8,11.886279830596315,0.0,7,70,85
3,87,3,2.8,13.4772382855052,0.0,7,70,85
3,87,4,2.8,9.301297770244279,0.0,7,70,85
3,87,5,2.8,9.657978968508408,0.0,7,70,85
3,87,6,2.8,10.335915470170427,0.0,7,70,85
3,87,7,2.8,9.180970965230607,0.0,7,70,85
3,87,8,2.8,11.991669889032659,0.0,7,70,85
3,87,9,3.0,12.711871210970717,0.0,7,70,85
3,87,10,2.8,12.209316005764935,0.0,7,70,85
3,87,11,3.0,10.383802096107338,0.0,7,70,85
3,87,12,3.2,10.450069150974981,0.0,7,70,85
3,87,13,3.2,9.289237405218486,0.0,7,70,85
3,87,14,2.8,10.251779414309015,0.0,7,70,85
3,87,15,2.8,16.020829081974007,0.0,7,70,85
3,87,16,3.0,9.510529069903425,0.0,7,70,85
3,87,17,2.8,11.30207856198815,0.0,7,70,85
3,87,18,2.8,12.4362921187728,0.0,7,70,85
3,87,19,2.8,13.460660291692118,0.0,7,70,85
3,87,20,2.8,9.971344501526541,0.0,7,70,85
3,87,21,2.8,10.597263453780965,0.0,7,70,85
3,87,22,2.8,10.50406366725632,0.0,6,70,85
1,88,1,4.8,7.915955246070437,0.0,7,70,85
1,88,2,3.6,11.328494624580928,0.0,7,70,85
1,88,3,3.4,7.64516203610205,0.0,7,70,85
1,88,4,3.0,11.56803357724301,0.0,7,70,85
1,88,5,3.0,8.887667248422174,0.0,7,70,85
1,88,6,2.8,10.704427268555182,0.0,7,70,85
1,88,7,2.8,12.125612359498966,0.0,7,70,85
1,88,8,2.8,11.69839954946931,0.0,7,70,85
1,88,9,2.8,11.484316698655514,0.0,7,70,85
1,88,10,2.8,14.601980137476701,0.0,7,70,85
1,88,11,2.8,15.568905981987655,0.0,7,70,85
1,88,12,2.8,9.458714303228842,0.0,7,70,85
1,88,13,2.8,19.417724364844574,0.0,7,70,85
1,88,14,2.8,11.758711827253324,0.0,7,70,85
1,88,15,3.2,10.55524514839606,0.0,7,70,85
1,88,16,2.8,11.25694861113708,0.0,7,70,85
1,88,17,3.0,9.073895310293338,0.0,7,70,85
1,88,18,3.2,8.66714105358497,0.0,7,70,85
1,88,19,3.2,9.112276116812374,0.0,7,70,85
1,88,20,3.2,8.657928081001003,0.0,7,70,85
2,88,1,3.2,12.366334431335728,0.0,7,70,85
2,88,2,2.8,12.31084338011923,0.0,7,70,85
2,88,3,4.0,7.308229661057148,0.125,7,70,85
2,88,4,3.0,9.315915949874325,0.0,7,70,85
2,88,5,2.8,10.666669433252931,0.0,7,70,85
2,88,6,2.8,10.202857892995166,0.0,7,70,85
2,88,7,3.6,8.659318168251435,0.0,7,70,85
2,88,8,3.0,10.798771304003553,0.0,7,70,85
2,88,9,2.8,14.002818674926283,0.0,7,70,85
2,88,10,2.8,11.881104840180232,0.0,7,70,85
2,88,11,3.0,11.36874038326215,0.0,7,70,85
2,88,12,2.8,12.919730397609554,0.0,7,70,85
2,88,13,2.8,12.727518304223858,0.0,7,70,85
2,88,14,2.8,9.850368929514282,0.0,7,70,85
2,88,15,3.0,11.900514717507326,0.0,7,70,85
2,88,16,2.8,13.572237590426173,0.0,7,70,85
2,88,17,2.8,10.162636565470997,0.0,7,70,85
2,88,18,3.0,14.359708202451188,0.0,7,70,85
2,88,19,3.2,8.405467383308556,0.0,7,70,85
2,88,20,3.0,9.286363916533436,0.0,7,70,85
2,88,21,2.5,15.152987253866652,0.0,4,70,85
3,88,1,3.6,7.172862775744016,0.0,7,70,85
3,88,2,2.8,11.85261557471232,0.0,7,70,85
3,88,3,3.0,11.927113804868648,0.0,7,70,85
3,88,4,2.8,9.12243631749701,0.0,7,70,85
3,88,5,3.0,8.02990335224364,0.0,7,70,85
3,88,6,2.8,8.162973701646289,0.0,7,70,85
3,88,7,3.0,10.588428779895484,0.0,7,70,85
3,88,8,3.0,10.031472336331843,0.0,7,70,85
3,88,9,2.8,15.501091179532523,0.0,7,70,85
3,88,10,2.8,9.885789941586856,0.0,7,70,85
3,88,11,3.2,9.587791188356274,0.0,7,70,85
3,88,12,3.0,10.19187956810726,0.0,7,70,85
3,88,13,3.0,11.388396824592666,0.0,7,70,85
3,88,14,2.8,13.294631022606655,0.0,7,70,85
3,88,15,3.0,12.382338775043936,0.0,7,70,85
3,88,16,2.8,15.229765228411521,0.0,7,70,85
3,88,17,3.0,10.915079661817058,0.0,7,70,85
3,88,18,2.8,11.59657118838249,0.0,7,70,85
3,88,19,2.8,12.332471688022814,0.0,7,70,85
3,88,20,2.8,10.299926702076212,0.0,7,70,85
3,88,21,2.8,10.11403320944252,0.0,7,70,85
1,89,1,4.6,8.122391211022766,0.0,7,70,85
1,89,2,3.8,11.010804785123337,0.0,7,70,85
1,89,3,3.4,8.241121541980458,0.0,7,70,85
1,89,4,2.8,15.621268739901641,0.0,7,70,85
1,89,5,3.2,8.437639500053475,0.0,7,70,85
1,89,6,3.0,11.667591708156833,0.0,7,70,85
1,89,7,2.8,10.33056676209743,0.0,7,70,85
1,89,8,2.8,15.07403430789974,0.0,7,70,85
1,89,9,2.8,12.767141257013613,0.0,7,70,85
1,89,10,2.8,12.407873299979252,0.0,7,70,85
1,89,11,3.0,14.723395106421226,0.0,7,70,85
1,89,12,2.8,10.25172564692923,0.0,7,70,85
1,89,13,2.8,16.680380428005172,0.0,7,70,85
1,89,14,2.8,13.694664702192272,0.0,7,70,85
1,89,15,3.0,9.526651687511098,0.0,7,70,85
1,89,16,2.8,12.903395452177975,0.0,7,70,85
1,89,17,3.4,8.640812943505136,0.0,7,70,85
1,89,18,3.0,9.798968706934554,0.0,7,70,85
1,89,19,2.8,9.738463700768882,0.0,7,70,85
1,89,20,3.2,9.656899502379245,0.0,7,70,85
2,89,1,3.2,12.441803428215158,0.0,7,70,85
2,89,2,3.0,10.194437873720036,0.0,7,70,85
2,89,3,3.2,9.931304513449103,0.0,7,70,85
2,89,4,3.6,7.584256959294146,0.0,7,70,85
2,89,5,3.0,13.065698282323542,0.0,7,70,85
2,89,6,3.0,8.821846377930008,0.0,7,70,85
2,89,7,3.6,8.968672759258208,0.0,7,70,85
2,89,8,3.0,12.0182415897277,0.0,7,70,85
2,89,9,2.8,14.258803074890649,0.0,7,70,85
2,89,10,3.0,8.131691575904902,0.0,7,70,85
2,89,11,3.0,12.124324613355261,0.0,7,70,85
2,89,12,2.8,13.841002349369065,0.0,7,70,85
2,89,13,2.8,11.575071323610468,0.0,7,70,85
2,89,14,2.8,9.722430367423945,0.0,7,70,85
2,89,15,3.2,9.892382492334427,0.0,7,70,85
2,89,16,3.0,10.16265661046296,0.0,7,70,85
2,89,17,2.8,16.45948137675187,0.0,7,70,85
2,89,18,3.2,7.80802884983494,0.0,7,70,85
2,89,19,2.8,9.310007419862446,0.0,7,70,85
2,89,20,3.0,9.03276677481324,0.0,7,70,85
3,89,1,3.0,8.605523323355392,0.0,7,70,85
3,89,2,2.8,13.584393913337063,0.0,7,70,85
3,89,3,2.8,12.510266360497953,0.0,7,70,85
3,89,4,2.8,11.149909088190158,0.0,7,70,85
3,89,5,3.0,9.70801313129469,0.0,7,70,85
3,89,6,2.8,11.18656894146227,0.0,7,70,85
3,89,7,2.8,9.721461980481847,0.0,7,70,85
3,89,8,2.8,11.85343992806501,0.0,7,70,85
3,89,9,2.8,13.34186088844768,0.0,7,70,85
3,89,10,2.8,11.308292004348623,0.0,7,70,85
3,89,11,2.8,11.389997101468323,0.0,7,70,85
3,89,12,3.2,10.344025904713355,0.0,7,70,85
3,89,13,3.6,8.190092890810888,0.0,7,70,85
3,89,14,2.8,9.735071198130466,0.0,7,70,85
3,89,15,3.0,16.79922385106552,0.0,7,70,85
3,89,16,2.8,13.36675832378508,0.0,7,70,85
3,89,17,2.8,10.354353729598252,0.0,7,70,85
3,89,18,3.2,10.635327987776135,0.0,7,70,85
3,89,19,2.8,13.095209697344174,0.0,7,70,85
3,89,20,2.8,9.674487602547968,0.0,7,70,85
3,89,21,3.0,8.847648863844608,0.0,7,70,85
3,89,22,2.25,14.78166361115759,0.0,4,70,85
1,90,1,4.8,9.058278790647922,0.0,7,70,85
1,90,2,3.6,11.817236666566494,0.0,7,70,85
1,90,3,3.2,8.058442474346874,0.0,7,70,85
1,90,4,2.8,15.535063025172109,0.0,7,70,85
1,90,5,3.0,10.103757180174062,0.0,7,70,85
1,90,6,3.0,9.467866266078644,0.0,7,70,85
1,90,7,2.8,13.22233492722181,0.0,7,70,85
1,90,8,2.8,9.87738190793056,0.0,7,70,85
1,90,9,2.8,12.144452080312744,0.0,7,70,85
1,90,10,2.8,13.511310753272356,0.0,7,70,85
1,90,11,2.8,16.485215157928206,0.0,7,70,85
1,90,12,2.8,14.734757244051307,0.0,7,70,85
1,90,13,2.8,14.092754376006763,0.0,7,70,85
1,90,14,2.8,12.977373569233414,0.0,7,70,85
1,90,15,3.0,10.977296670290666,0.0,7,70,85
1,90,16,3.0,10.244336529841323,0.0,7,70,85
1,90,17,3.2,9.525354852567775,0.0,7,70,85
1,90,18,3.0,8.744959504758048,0.0,7,70,85
1,90,19,3.2,9.755424423632498,0.0,7,70,85
1,90,20,3.2,9.554817941429427,0.0,7,70,85
2,90,1,3.2,13.136608433585462,0.0,7,70,85
2,90,2,2.8,10.299839154587815,0.0,7,70,85
2,90,3,4.0,8.32259425172946,0.125,7,70,85
2,90,4,3.0,8.406765338271565,0.0,7,70,85
2,90,5,2.8,11.297148469955104,0.0,7,70,85
2,90,6,2.8,8.988326619445543,0.0,7,70,85
2,90,7,3.6,8.696255049264762,0.0,7,70,85
2,90,8,2.8,13.770989865718995,0.0,7,70,85
2,90,9,2.8,11.62395989718141,0.0,7,70,85
2,90,10,2.8,9.923686048344388,0.0,7,70,85
2,90,11,3.0,11.097126777741858,0.0,7,70,85
2,90,12,2.8,11.923535609678398,0.0,7,70,85
2,90,13,2.8,15.740855898746055,0.0,7,70,85
2,90,14,3.0,9.162843001974764,0.0,7,70,85
2,90,15,3.2,9.33707776528517,0.0,7,70,85
2,90,16,3.0,10.197015129175169,0.0,7,70,85
2,90,17,2.8,10.783805584939094,0.0,7,70,85
2,90,18,3.0,12.798484896288736,0.0,7,70,85
2,90,19,3.0,9.823418082732376,0.0,7,70,85
2,90,20,2.8,9.615124351176785,0.0,7,70,85
2,90,21,2.5,13.299539350243736,0.0,4,70,85
3,90,1,3.0,10.371217077506751,0.0,7,70,85
3,90,2,2.8,13.203165991096009,0.0,7,70,85
3,90,3,2.8,11.286687597564656,0.0,7,70,85
3,90,4,3.0,9.02016075422593,0.0,7,70,85
3,90,5,3.0,9.085746109645708,0.0,7,70,85
3,90,6,2.8,10.242484399357958,0.0,7,70,85
3,90,7,3.2,9.650184488552902,0.0,7,70,85
3,90,8,2.8,10.86651140602691,0.0,7,70,85
3,90,9,2.8,15.230668305717307,0.0,7,70,85
3,90,10,2.8,10.754263347321809,0.0,7,70,85
3,90,11,3.2,9.973723060714676,0.0,7,70,85
3,90,12,3.2,8.829073925823485,0.0,7,70,85
3,90,13,3.2,9.976383784882128,0.0,7,70,85
3,90,14,2.8,13.833806325303257,0.0,7,70,85
3,90,15,3.2,12.057786498193718,0.0,7,70,85
3,90,16,2.8,14.576424516124526,0.0,7,70,85
3,90,17,3.0,11.489192762271797,0.0,7,70,85
3,90,18,3.2,11.06952222494357,0.0,7,70,85
3,90,19,2.8,11.391957402123593,0.0,7,70,85
3,90,20,2.8,9.54022518182292,0.0,7,70,85
3,90,21,2.8,8.744589201377996,0.0,7,70,85
1,91,1,4.8,9.310188879941151,0.0,7,70,85
1,91,2,3.6,8.823715078288469,0.0,7,70,85
1,91,3,3.4,7.223594860191173,0.0,7,70,85
1,91,4,3.0,12.350425354529579,0.0,7,70,85
1,91,5,3.0,8.48710834190999,0.0,7,70,85
1,91,6,2.8,10.145729068527405,0.0,7,70,85
1,91,7,2.8,11.957190005664865,0.0,7,70,85
1,91,8,2.8,10.22893985932758,0.0,7,70,85
1,91,9,2.8,12.483536340736652,0.0,7,70,85
1,91,10,2.8,13.400533596896002,0.0,7,70,85
1,91,11,2.8,19.689342295796944,0.0,7,70,85
1,91,12,2.8,10.281790241161398,0.0,7,70,85
1,91,13,2.8,19.109835371336644,0.0,7,70,85
1,91,14,2.8,10.809532934788171,0.0,7,70,85
1,91,15,2.8,12.211651822995583,0.0,7,70,85
1,91,16,2.8,13.622930303367427,0.0,7,70,85
1,91,17,3.4,7.691008231383144,0.0,7,70,85
1,91,18,3.2,9.224366016536333,0.0,7,70,85
1,91,19,3.2,9.153801965808816,0.0,7,70,85
1,91,20,3.0,9.768332162256813,0.0,7,70,85
2,91,1,4.0,8.325890233865675,0.0,7,70,85
2,91,2,4.0,8.507526972107765,0.0,7,70,85
2,91,3,3.8,7.057404146887146,0.0,7,70,85
2,91,4,3.4,7.782787015160451,0.0,7,70,85
2,91,5,2.8,9.591073838844002,0.0,7,70,85
2,91,6,3.2,10.054893764756319,0.0,7,70,85
2,91,7,3.6,8.799123619295301,0.0,7,70,85
2,91,8,2.8,12.098694583353687,0.0,7,70,85
2,91,9,2.8,10.148977212856455,0.0,7,70,85
2,91,10,2.8,17.044905843347433,0.0,7,70,85
2,91,11,2.8,10.906847762752067,0.0,7,70,85
2,91,12,2.8,11.535252503030746,0.0,7,70,85
2,91,13,2.8,9.71175914156293,0.0,7,70,85
2,91,14,3.0,10.033921293330998,0.0,7,70,85
2,91,15,3.0,12.090444489839017,0.0,7,70,85
2,91,16,2.8,12.096088069973863,0.0,7,70,85
2,91,17,3.0,12.205747911053274,0.0,7,70,85
2,91,18,2.8,10.917854340372424,0.0,7,70,85
2,91,19,2.8,8.525175364536869,0.0,7,70,85
2,91,20,3.0,10.407281408369668,0.0,6,70,85
3,91,1,3.6,7.048861610671773,0.0,7,70,85
3,91,2,3.4,11.385414698757954,0.0,7,70,85
3,91,3,3.4,9.346788067296341,0.0,7,70,85
3,91,4,2.8,10.936037135531224,0.0,7,70,85
3,91,5,3.2,8.03265434593838,0.0,7,70,85
3,91,6,2.8,8.844998403610026,0.0,7,70,85
3,91,7,3.0,11.398519513151355,0.0,7,70,85
3,91,8,2.8,12.741189878451205,0.0,7,70,85
3,91,9,2.8,11.036018401645185,0.0,7,70,85
3,91,10,3.0,9.928272469127524,0.0,7,70,85
3,91,11,3.2,9.807544021482393,0.0,7,70,85
3,91,12,3.2,8.887654723409511,0.0,7,70,85
3,91,13,3.0,8.889075544129085,0.0,7,70,85
3,91,14,2.8,18.18474332394538,0.0,7,70,85
3,91,15,3.2,11.688726774357406,0.0,7,70,85
3,91,16,2.8,14.626606737737006,0.0,7,70,85
3,91,17,3.0,10.417749229639044,0.0,7,70,85
3,91,18,2.8,14.202558979607947,0.0,7,70,85
3,91,19,2.8,8.774483180780479,0.0,7,70,85
3,91,20,2.8,11.850630382073856,0.0,7,70,85
3,91,21,2.6,13.2359961450476,0.0,6,70,85
1,92,1,4.8,8.229458062234068,0.0,7,70,85
1,92,2,3.8,9.355115484471192,0.0,7,70,85
1,92,3,3.4,8.79591377573853,0.0,7,70,85
1,92,4,2.8,14.848500448057793,0.0,7,70,85
1,92,5,3.0,10.230576914181277,0.0,7,70,85
1,92,6,2.8,11.264714245861958,0.0,7,70,85
1,92,7,2.8,12.004831356988726,0.0,7,70,85
1,92,8,2.8,10.588407798627333,0.0,7,70,85
1,92,9,2.8,11.083002010488071,0.0,7,70,85
1,92,10,2.8,13.927033777017863,0.0,7,70,85
1,92,11,2.8,23.083337334808082,0.0,7,70,85
1,92,12,2.8,10.246823362463196,0.0,7,70,85
1,92,13,2.8,17.44972951456124,0.0,7,70,85
1,92,14,3.0,11.80334040793644,0.0,7,70,85
1,92,15,3.0,11.373269312080204,0.0,7,70,85
1,92,16,2.8,10.474287010462852,0.0,7,70,85
1,92,17,3.2,7.864900393924897,0.0,7,70,85
1,92,18,3.0,8.71838463212206,0.0,7,70,85
1,92,19,3.2,9.237999540382962,0.0,7,70,85
1,92,20,3.4,8.48089895991305,0.0,7,70,85
2,92,1,4.0,9.24456789832706,0.0,7,70,85
2,92,2,4.2,8.464071883357327,0.0,7,70,85
2,92,3,3.4,8.604220293965188,0.0,7,70,85
2,92,4,3.0,10.78897695767735,0.0,7,70,85
2,92,5,2.8,9.214536569903695,0.0,7,70,85
2,92,6,3.0,12.772374227655828,0.0,7,70,85
2,92,7,3.4,8.942487588635569,0.0,7,70,85
2,92,8,2.8,15.354297441423896,0.0,7,70,85
2,92,9,2.8,12.040446735617968,0.0,7,70,85
2,92,10,2.8,9.676861238261722,0.0,7,70,85
2,92,11,2.8,13.836078133852999,0.0,7,70,85
2,92,12,2.8,12.341381144874562,0.0,7,70,85
2,92,13,2.8,12.192058141047916,0.0,7,70,85
2,92,14,3.0,8.633772316842435,0.0,7,70,85
2,92,15,3.2,10.913534965026635,0.0,7,70,85
2,92,16,2.8,12.20880767962294,0.0,7,70,85
2,92,17,2.8,13.330137508499083,0.0,7,70,85
2,92,18,3.2,10.310259504661083,0.0,7,70,85
2,92,19,2.8,8.608448088750848,0.0,7,70,85
2,92,20,3.0,11.432784756921546,0.0,7,70,85
3,92,1,3.6,7.572501344835503,0.0,7,70,85
3,92,2,4.0,8.561369879378441,0.0,7,70,85
3,92,3,3.2,8.61315678334393,0.0,7,70,85
3,92,4,2.8,12.518935594306301,0.0,7,70,85
3,92,5,3.0,8.669706556266858,0.0,7,70,85
3,92,6,2.8,10.042666498473839,0.0,7,70,85
3,92,7,3.0,12.656905907851465,0.0,7,70,85
3,92,8,3.0,11.49356256941797,0.0,7,70,85
3,92,9,2.8,11.49779058218388,0.0,7,70,85
3,92,10,3.0,12.305926782392559,0.0,7,70,85
3,92,11,3.2,10.274518023680312,0.0,7,70,85
3,92,12,3.2,9.31754052754357,0.0,7,70,85
3,92,13,2.8,9.683672110090779,0.0,7,70,85
3,92,14,2.8,15.854707441519505,0.0,7,70,85
3,92,15,3.0,9.975901987235792,0.0,7,70,85
3,92,16,2.8,12.302360551524256,0.0,7,70,85
3,92,17,2.8,11.124344926000337,0.0,7,70,85
3,92,18,2.8,13.460660291692118,0.0,7,70,85
3,92,19,2.8,10.538316897424286,0.0,7,70,85
3,92,20,2.8,9.78357950793985,0.0,7,70,85
3,92,21,2.8,11.962779864139748,0.0,6,70,85
1,93,1,4.6,8.267254195619087,0.0,7,70,85
1,93,2,3.6,10.006676533670626,0.0,7,70,85
1,93,3,3.4,7.899122613316967,0.0,7,70,85
1,93,4,2.8,11.568525613177716,0.0,7,70,85
1,93,5,3.0,10.849603785931743,0.0,7,70,85
1,93,6,2.8,8.846868471493847,0.0,7,70,85
1,93,7,2.8,12.783019481912287,0.0,7,70,85
1,93,8,2.8,12.028023429248437,0.0,7,70,85
1,93,9,2.8,10.644140640109823,0.0,7,70,85
1,93,10,2.8,11.763614433985893,0.0,7,70,85
1,93,11,2.8,12.490598826244796,0.0,7,70,85
1,93,12,2.8,12.63629248626245,0.0,7,70,85
1,93,13,2.8,15.35839543962667,0.0,7,70,85
1,93,14,2.8,14.958163370889796,0.0,7,70,85
1,93,15,3.0,10.270408578415617,0.0,7,70,85
1,93,16,2.8,12.695310268630942,0.0,7,70,85
1,93,17,3.0,9.486186265534915,0.0,7,70,85
1,93,18,3.4,8.804321704595573,0.0,7,70,85
1,93,19,3.0,11.170993126595793,0.0,7,70,85
1,93,20,3.0,10.732699690341509,0.0,7,70,85
1,93,21,2.75,9.544965161579485,0.0,4,70,85
2,93,1,3.6,10.209768937494378,0.0,7,70,85
2,93,2,3.4,10.462971821288367,0.0,7,70,85
2,93,3,3.2,11.234790946109664,0.0,7,70,85
2,93,4,3.4,8.217275897088157,0.0,7,70,85
2,93,5,2.8,12.205186177166464,0.0,7,70,85
2,93,6,3.0,10.268416984447542,0.0,7,70,85
2,93,7,3.6,7.9523742832254065,0.0,7,70,85
2,93,8,2.8,11.156900801634528,0.0,7,70,85
2,93,9,2.8,13.66233449222365,0.0,7,70,85
2,93,10,2.8,10.225275855748583,0.0,7,70,85
2,93,11,3.0,12.148407020232305,0.0,7,70,85
2,93,12,2.8,10.60199515719805,0.0,7,70,85
2,93,13,2.8,10.648079718227152,0.0,7,70,85
2,93,14,3.0,9.194234608370513,0.0,7,70,85
2,93,15,3.2,10.931578028674249,0.0,7,70,85
2,93,16,2.8,12.890737204442196,0.0,7,70,85
2,93,17,3.0,10.97968362941314,0.0,7,70,85
2,93,18,3.2,10.389468747645653,0.0,7,70,85
2,93,19,2.8,8.9597517868866,0.0,7,70,85
2,93,20,3.0,9.575351682416168,0.0,7,70,85
3,93,1,3.0,9.471777035907643,0.0,7,70,85
3,93,2,3.4,10.177095428405941,0.0,7,70,85
3,93,3,3.0,12.04455463528992,0.0,7,70,85
3,93,4,2.8,9.841721281598218,0.0,7,70,85
3,93,5,3.2,8.981033853088622,0.0,7,70,85
3,93,6,2.8,8.660278533548965,0.0,7,70,85
3,93,7,3.0,14.78013183881513,0.0,7,70,85
3,93,8,2.8,10.415758647703797,0.0,7,70,85
3,93,9,2.8,11.794423352930409,0.0,7,70,85
3,93,10,3.0,10.059130020264815,0.0,7,70,85
3,93,11,3.6,7.770800520836768,0.125,7,70,85
3,93,12,2.8,11.873660521862039,0.0,7,70,85
3,93,13,3.0,11.442461458514856,0.0,7,70,85
3,93,14,2.8,13.048845064194657,0.0,7,70,85
3,93,15,3.0,10.235874651505178,0.0,7,70,85
3,93,16,2.8,19.863408938195867,0.0,7,70,85
3,93,17,3.2,9.50330936061384,0.0,7,70,85
3,93,18,3.0,11.302396130776836,0.0,7,70,85
3,93,19,2.8,11.197803006785383,0.0,7,70,85
3,93,20,2.8,8.822677472813114,0.0,7,70,85
3,93,21,2.8,9.713331103205597,0.0,7,70,85
1,94,1,4.8,9.099312843779437,0.0,7,70,85
1,94,2,3.4,9.83274548756811,0.0,7,70,85
1,94,3,3.4,7.7969179525142005,0.0,7,70,85
1,94,4,2.8,13.792740516029022,0.0,7,70,85
1,94,5,3.0,10.171978039816619,0.0,7,70,85
1,94,6,2.8,10.495598009505132,0.0,7,70,85
1,94,7,2.8,12.465697496795764,0.0,7,70,85
1,94,8,2.8,10.16195254363775,0.0,7,70,85
1,94,9,2.8,16.36904060613338,0.0,7,70,85
1,94,10,2.8,14.54649130161191,0.0,7,70,85
1,94,11,2.8,15.473370541018722,0.0,7,70,85
1,94,12,2.8,11.546711810919115,0.0,7,70,85
1,94,13,2.8,12.21424839472681,0.0,7,70,85
1,94,14,3.0,11.173569669145328,0.0,7,70,85
1,94,15,2.8,10.641337191320646,0.0,7,70,85
1,94,16,3.0,11.49975996539945,0.0,7,70,85
1,94,17,3.0,9.171736775514585,0.0,7,70,85
1,94,18,3.2,8.031351769416466,0.0,7,70,85
1,94,19,3.2,11.062236464386698,0.0,7,70,85
1,94,20,3.2,9.55853111251788,0.0,7,70,85
2,94,1,3.2,13.308112318814027,0.0,7,70,85
2,94,2,2.8,11.226204899456299,0.0,7,70,85
2,94,3,3.4,9.253082394308729,0.0,7,70,85
2,94,4,3.6,7.365065369662917,0.0,7,70,85
2,94,5,3.0,11.89663604540891,0.0,7,70,85
2,94,6,3.0,9.305018927052892,0.0,7,70,85
2,94,7,3.6,7.801747033253497,0.0,7,70,85
2,94,8,2.8,12.978421304474974,0.0,7,70,85
2,94,9,2.8,13.597612537198302,0.0,7,70,85
2,94,10,2.8,9.123175051265484,0.0,7,70,85
2,94,11,2.8,16.8829528055565,0.0,7,70,85
2,94,12,2.8,12.271663416431219,0.0,7,70,85
2,94,13,2.8,15.156048060917252,0.0,7,70,85
2,94,14,2.8,9.381954245480644,0.0,7,70,85
2,94,15,3.2,9.511321055620803,0.0,7,70,85
2,94,16,2.8,11.915101199527856,0.0,7,70,85
2,94,17,2.8,10.696186018443358,0.0,7,70,85
2,94,18,3.0,14.482103872228342,0.0,7,70,85
2,94,19,3.0,9.162950747800208,0.0,7,70,85
2,94,20,3.0,8.405734005266725,0.0,7,70,85
2,94,21,2.5,14.227682625449873,0.0,4,70,85
3,94,1,3.2,8.549287515298,0.0,7,70,85
3,94,2,2.8,12.13628460136803,0.0,7,70,85
3,94,3,3.0,12.589150478420567,0.0,7,70,85
3,94,4,2.8,9.525764629766334,0.0,7,70,85
3,94,5,2.8,11.309153704347997,0.0,7,70,85
3,94,6,2.8,10.708757928233569,0.0,7,70,85
3,94,7,2.8,11.100992783420288,0.0,7,70,85
3,94,8,2.8,11.010096914053332,0.0,7,70,85
3,94,9,2.8,14.022530733125826,0.0,7,70,85
3,94,10,2.8,10.334387630426205,0.0,7,70,85
3,94,11,3.0,11.708673053786281,0.0,7,70,85
3,94,12,3.4,9.068197096468829,0.0,7,70,85
3,94,13,3.2,10.623175046073351,0.0,7,70,85
3,94,14,2.8,11.37119707303919,0.0,7,70,85
3,94,15,3.0,9.473813370878808,0.0,7,70,85
3,94,16,3.0,14.67119505054099,0.0,7,70,85
3,94,17,3.0,9.479274186767316,0.0,7,70,85
3,94,18,2.8,12.216980991749958,0.0,7,70,85
3,94,19,2.8,12.837164500345894,0.0,7,70,85
3,94,20,2.8,8.965584156273877,0.0,7,70,85
3,94,21,2.8,9.500983060871794,0.0,7,70,85
3,94,22,2.25,15.6316948808433,0.0,4,70,85
1,95,1,4.6,8.671751776013272,0.0,7,70,85
1,95,2,3.6,11.857574402336912,0.0,7,70,85
1,95,3,3.6,7.47370777764978,0.0,7,70,85
1,95,4,3.2,10.408310411513858,0.0,7,70,85
1,95,5,3.0,11.208971080029354,0.0,7,70,85
1,95,6,2.8,10.687345573418845,0.0,7,70,85
1,95,7,2.8,10.492454000270142,0.0,7,70,85
1,95,8,2.8,15.381854472789222,0.0,7,70,85
1,95,9,2.8,13.695671042925937,0.0,7,70,85
1,95,10,2.8,13.195827277819966,0.0,7,70,85
1,95,11,2.8,18.5908290946097,0.0,7,70,85
1,95,12,2.8,11.389996755135401,0.0,7,70,85
1,95,13,2.8,14.45163212080073,0.0,7,70,85
1,95,14,2.8,13.787908042347294,0.0,7,70,85
1,95,15,2.8,12.788342355544845,0.0,7,70,85
1,95,16,2.8,11.852444653284993,0.0,7,70,85
1,95,17,3.2,8.999037337026937,0.0,7,70,85
1,95,18,3.2,7.7428216031856785,0.0,7,70,85
1,95,19,3.2,9.381824453613028,0.0,7,70,85
1,95,20,3.0,11.6807427215216,0.0,7,70,85
2,95,1,3.2,12.218110176848608,0.0,7,70,85
2,95,2,3.0,11.43313449369407,0.0,7,70,85
2,95,3,3.8,8.256748242387781,0.0,7,70,85
2,95,4,3.4,7.7262911126586395,0.0,7,70,85
2,95,5,2.8,11.565820508936975,0.0,7,70,85
2,95,6,2.8,10.117436796963887,0.0,7,70,85
2,95,7,3.4,8.9844905444498,0.0,7,70,85
2,95,8,2.8,10.556408452029599,0.0,7,70,85
2,95,9,2.8,12.38638497979496,0.0,7,70,85
2,95,10,2.8,9.868262263824969,0.0,7,70,85
2,95,11,3.0,11.807706390116005,0.0,7,70,85
2,95,12,2.8,11.317898141301171,0.0,7,70,85
2,95,13,2.8,11.909656535961895,0.0,7,70,85
2,95,14,2.8,11.021966670248768,0.0,7,70,85
2,95,15,3.0,9.617491247422354,0.0,7,70,85
2,95,16,3.0,12.053677910921586,0.0,7,70,85
2,95,17,2.8,10.079239180519169,0.0,7,70,85
2,95,18,3.0,14.48210387222866,0.0,7,70,85
2,95,19,3.0,8.315781231048902,0.0,7,70,85
2,95,20,2.8,7.777575185371177,0.0,7,70,85
2,95,21,2.75,11.401805071851767,0.0,4,70,85
3,95,1,3.6,6.7234139704929206,0.0,7,70,85
3,95,2,2.8,14.916834010204678,0.0,7,70,85
3,95,3,3.0,13.273077469776055,0.0,7,70,85
3,95,4,2.8,9.122436317497137,0.0,7,70,85
3,95,5,2.8,10.615196659395089,0.0,7,70,85
3,95,6,2.8,9.36587230570963,0.0,7,70,85
3,95,7,3.0,12.772239216175059,0.0,7,70,85
3,95,8,3.0,9.230118716451615,0.0,7,70,85
3,95,9,2.8,12.756082561931416,0.0,7,70,85
3,95,10,2.8,10.489282487353147,0.0,7,70,85
3,95,11,3.2,9.24317728901228,0.0,7,70,85
3,95,12,3.6,8.26433037680573,0.0,7,70,85
3,95,13,3.0,10.084108964399645,0.0,7,70,85
3,95,14,2.8,15.301399648390854,0.0,7,70,85
3,95,15,3.0,9.715560318384465,0.0,7,70,85
3,95,16,2.8,17.835996080990185,0.0,7,70,85
3,95,17,3.0,9.660418769890633,0.0,7,70,85
3,95,18,2.8,12.25135888275316,0.0,7,70,85
3,95,19,2.8,12.692188521203063,0.0,7,70,85
3,95,20,2.8,10.175087841418623,0.0,7,70,85
3,95,21,2.8,9.122849644833932,0.0,7,70,85
1,96,1,4.8,7.549040076692987,0.0,7,70,85
1,96,2,3.6,9.581313702848309,0.0,7,70,85
1,96,3,3.4,7.337945900540806,0.0,7,70,85
1,96,4,3.0,11.436309377649188,0.0,7,70,85
1,96,5,3.2,8.247488655449015,0.0,7,70,85
1,96,6,2.8,12.48020130433978,0.0,7,70,85
1,96,7,2.8,12.215247597601373,0.0,7,70,85
1,96,8,2.8,10.746139251966436,0.0,7,70,85
1,96,9,2.8,13.273332980519891,0.0,7,70,85
1,96,10,2.8,12.459181376753095,0.0,7,70,85
1,96,11,3.0,15.972190562996776,0.0,7,70,85
1,96,12,2.8,11.570576408586462,0.0,7,70,85
1,96,13,2.8,13.121042314795613,0.0,7,70,85
1,96,14,2.8,15.898659874520243,0.0,7,70,85
1,96,15,2.8,12.05942460531897,0.0,7,70,85
1,96,16,2.8,11.854878751877902,0.0,7,70,85
1,96,17,3.2,8.65569178407677,0.0,7,70,85
1,96,18,3.0,9.018484858786918,0.0,7,70,85
1,96,19,3.2,9.889941601183233,0.0,7,70,85
1,96,20,3.0,8.45290574276135,0.0,7,70,85
2,96,1,3.0,11.036083292531785,0.0,7,70,85
2,96,2,3.2,10.378056808584919,0.0,7,70,85
2,96,3,3.4,10.128454042005476,0.0,7,70,85
2,96,4,3.6,6.828371023542664,0.0,7,70,85
2,96,5,2.8,11.246531552426394,0.0,7,70,85
2,96,6,2.8,11.098589092037308,0.0,7,70,85
2,96,7,3.6,8.287842682132874,0.0,7,70,85
2,96,8,3.2,9.113529917540353,0.0,7,70,85
2,96,9,2.8,13.777018842470396,0.0,7,70,85
2,96,10,3.0,8.37671076549467,0.0,7,70,85
2,96,11,3.0,11.551830064631492,0.0,7,70,85
2,96,12,2.8,14.227366028694043,0.0,7,70,85
2,96,13,2.8,11.423731679071716,0.0,7,70,85
2,96,14,2.8,10.312587973172713,0.0,7,70,85
2,96,15,3.6,8.300252103159764,0.125,7,70,85
2,96,16,2.8,12.56800777796117,0.0,7,70,85
2,96,17,2.8,12.048455349240587,0.0,7,70,85
2,96,18,3.0,9.741242714793259,0.0,7,70,85
2,96,19,2.8,9.693656352846459,0.0,7,70,85
2,96,20,3.0,9.75296217123359,0.0,7,70,85
3,96,1,3.6,7.065146813454593,0.0,7,70,85
3,96,2,4.0,9.580600817763369,0.0,7,70,85
3,96,3,3.2,10.17503752560696,0.0,7,70,85
3,96,4,2.8,12.570395542455508,0.0,7,70,85
3,96,5,2.8,8.747455316061004,0.0,7,70,85
3,96,6,2.8,9.594246018758467,0.0,7,70,85
3,96,7,3.0,10.60774187183601,0.0,7,70,85
3,96,8,2.8,13.53041738508676,0.0,7,70,85
3,96,9,3.0,10.95674515092357,0.0,7,70,85
3,96,10,2.8,10.07563203791409,0.0,7,70,85
3,96,11,3.6,8.225530165871406,0.125,7,70,85
3,96,12,3.2,9.748213191670981,0.0,7,70,85
3,96,13,2.8,10.756622255113387,0.0,7,70,85
3,96,14,2.8,14.298003832877342,0.0,7,70,85
3,96,15,3.0,10.243222169538187,0.0,7,70,85
3,96,16,2.8,14.120088302594187,0.0,7,70,85
3,96,17,3.0,11.078189801954345,0.0,7,70,85
3,96,18,2.8,13.163278903165146,0.0,7,70,85
3,96,19,2.8,10.78614032645575,0.0,7,70,85
3,96,20,2.8,13.528217152709141,0.0,7,70,85
3,96,21,2.6,11.018405708509425,0.0,6,70,85
1,97,1,4.4,8.821826038182257,0.0,7,70,85
1,97,2,3.8,11.263135977595116,0.0,7,70,85
1,97,3,3.6,7.822993189800037,0.0,7,70,85
1,97,4,3.0,12.053968100922773,0.0,7,70,85
1,97,5,3.0,8.571614684958758,0.0,7,70,85
1,97,6,2.8,10.610189399225932,0.0,7,70,85
1,97,7,2.8,11.077931310848555,0.0,7,70,85
1,97,8,2.8,11.303417282737028,0.0,7,70,85
1,97,9,2.8,11.14449248498868,0.0,7,70,85
1,97,10,2.8,15.345678321731782,0.0,7,70,85
1,97,11,2.8,18.313115051725656,0.0,7,70,85
1,97,12,2.8,11.744641794419724,0.0,7,70,85
1,97,13,2.8,17.970094347529034,0.0,7,70,85
1,97,14,3.0,10.41599813271413,0.0,7,70,85
1,97,15,3.0,10.501209627342664,0.0,7,70,85
1,97,16,2.8,14.102032137376806,0.0,7,70,85
1,97,17,3.0,10.588587073797438,0.0,7,70,85
1,97,18,3.2,8.010428454971992,0.0,7,70,85
1,97,19,3.2,10.697557923114166,0.0,7,70,85
1,97,20,3.4,8.516858277910444,0.0,7,70,85
2,97,1,3.8,10.541059843386263,0.0,7,70,85
2,97,2,3.6,11.366626758906321,0.0,7,70,85
2,97,3,3.6,8.699410266759216,0.0,7,70,85
2,97,4,3.2,8.57059977404451,0.0,7,70,85
2,97,5,2.8,10.82763577018875,0.0,7,70,85
2,97,6,3.0,10.18199233744977,0.0,7,70,85
2,97,7,3.4,9.627150714774961,0.0,7,70,85
2,97,8,3.0,10.671247316308852,0.0,7,70,85
2,97,9,2.8,12.056308607009068,0.0,7,70,85
2,97,10,2.8,9.894194822745424,0.0,7,70,85
2,97,11,3.0,13.700170657005318,0.0,7,70,85
2,97,12,2.8,11.462463229170549,0.0,7,70,85
2,97,13,2.8,11.027034767668702,0.0,7,70,85
2,97,14,3.0,8.884609509752467,0.0,7,70,85
2,97,15,2.8,12.103465762223076,0.0,7,70,85
2,97,16,2.8,12.216555589489905,0.0,7,70,85
2,97,17,3.0,11.931963878316552,0.0,7,70,85
2,97,18,3.0,10.232269391706122,0.0,7,70,85
2,97,19,2.8,9.07945931831248,0.0,7,70,85
2,97,20,3.0,10.063779676929142,0.0,7,70,85
3,97,1,3.2,9.56547294273857,0.0,7,70,85
3,97,2,2.8,11.040861905947272,0.0,7,70,85
3,97,3,2.8,12.630460909476922,0.0,7,70,85
3,97,4,2.8,10.325954131133951,0.0,7,70,85
3,97,5,2.8,10.357657407992924,0.0,7,70,85
3,97,6,2.8,10.318426091178885,0.0,7,70,85
3,97,7,3.0,9.912509306115934,0.0,7,70,85
3,97,8,2.8,12.318440749057098,0.0,7,70,85
3,97,9,2.8,17.367250673822028,0.0,7,70,85
3,97,10,2.8,10.752251676066532,0.0,7,70,85
3,97,11,3.0,11.052735992889698,0.0,7,70,85
3,97,12,3.2,10.210123954921938,0.0,7,70,85
3,97,13,3.2,10.627177100524591,0.0,7,70,85
3,97,14,2.8,10.839255474677035,0.0,7,70,85
3,97,15,3.0,13.094616224044916,0.0,7,70,85
3,97,16,2.8,11.615199033640057,0.0,7,70,85
3,97,17,2.8,10.442749372084368,0.0,7,70,85
3,97,18,3.0,8.936670420765473,0.0,7,70,85
3,97,19,2.8,12.359823061684867,0.0,7,70,85
3,97,20,2.8,8.808012787658157,0.0,7,70,85
3,97,21,2.8,9.835103890749274,0.0,7,70,85
3,97,22,2.2,14.120855188002173,0.0,5,70,85
1,98,1,4.4,9.385142025909053,0.0,7,70,85
1,98,2,3.6,10.499043856326244,0.0,7,70,85
1,98,3,3.2,10.515754179740883,0.0,7,70,85
1,98,4,3.0,12.780460295595283,0.0,7,70,85
1,98,5,3.0,8.524433724201067,0.0,7,70,85
1,98,6,2.8,9.243747472426207,0.0,7,70,85
1,98,7,3.0,13.059200841300783,0.0,7,70,85
1,98,8,2.8,9.976883562845817,0.0,7,70,85
1,98,9,2.8,14.241360735903156,0.0,7,70,85
1,98,10,2.8,11.258134486364696,0.0,7,70,85
1,98,11,2.8,11.233261598735032,0.0,7,70,85
1,98,12,2.8,15.697580745748178,0.0,7,70,85
1,98,13,2.8,11.8772109636786,0.0,7,70,85
1,98,14,2.8,13.01914910075345,0.0,7,70,85
1,98,15,2.8,9.811235286716462,0.0,7,70,85
1,98,16,2.8,13.732146856293062,0.0,7,70,85
1,98,17,3.0,9.17128898958264,0.0,7,70,85
1,98,18,2.8,10.495676229872858,0.0,7,70,85
1,98,19,3.2,11.976934941585991,0.0,7,70,85
1,98,20,2.8,13.821683187983677,0.0,7,70,85
1,98,21,3.0,8.636882387973676,0.0,6,70,85
2,98,1,3.0,12.350979192766323,0.0,7,70,85
2,98,2,3.0,10.20727168154065,0.0,7,70,85
2,98,3,3.2,10.10749132700145,0.0,7,70,85
2,98,4,3.4,8.518480327339887,0.0,7,70,85
2,98,5,3.0,9.53135790292478,0.0,7,70,85
2,98,6,2.8,8.512196633760468,0.0,7,70,85
2,98,7,3.8,9.305464668176452,0.125,7,70,85
2,98,8,2.8,11.493645841555994,0.0,7,70,85
2,98,9,2.8,12.580337475443017,0.0,7,70,85
2,98,10,2.8,10.761839974053691,0.0,7,70,85
2,98,11,2.8,10.546898029984096,0.0,7,70,85
2,98,12,2.8,12.924236082126582,0.0,7,70,85
2,98,13,2.8,12.94111202719581,0.0,7,70,85
2,98,14,2.8,10.92194847152056,0.0,7,70,85
2,98,15,3.2,10.35622162139601,0.0,7,70,85
2,98,16,3.0,10.465518611521288,0.0,7,70,85
2,98,17,2.8,10.752214547326439,0.0,7,70,85
2,98,18,2.8,16.162659285737547,0.0,7,70,85
2,98,19,3.0,9.083008917633727,0.0,7,70,85
2,98,20,2.8,8.896324942257364,0.0,7,70,85
2,98,21,2.6,13.186590713633224,0.0,6,70,85
3,98,1,3.0,9.327328960365232,0.0,7,70,85
3,98,2,2.8,13.034339205186745,0.0,7,70,85
3,98,3,2.8,10.943375024832873,0.0,7,70,85
3,98,4,2.8,9.533568857839082,0.0,7,70,85
3,98,5,3.0,10.159541993612738,0.0,7,70,85
3,98,6,2.8,10.907273315045247,0.0,7,70,85
3,98,7,2.8,9.539507899755238,0.0,7,70,85
3,98,8,2.8,11.99289771957037,0.0,7,70,85
3,98,9,3.2,12.306040560835847,0.0,7,70,85
3,98,10,3.0,9.97983602439174,0.0,7,70,85
3,98,11,3.2,10.820711241671267,0.0,7,70,85
3,98,12,3.0,10.331978868109966,0.0,7,70,85
3,98,13,3.2,10.73274568961539,0.0,7,70,85
3,98,14,2.8,11.332922427307219,0.0,7,70,85
3,98,15,3.0,12.905705298471227,0.0,7,70,85
3,98,16,3.0,12.4476026561684,0.0,7,70,85
3,98,17,3.0,9.744979729337805,0.0,7,70,85
3,98,18,3.0,11.714493163051708,0.0,7,70,85
3,98,19,2.8,11.785880054211194,0.0,7,70,85
3,98,20,2.8,8.702479102361774,0.0,7,70,85
3,98,21,2.8,12.288361593601111,0.0,7,70,85
1,99,1,4.4,9.241216157058618,0.0,7,70,85
1,99,2,3.8,10.247959642600433,0.0,7,70,85
1,99,3,3.2,9.164312345147168,0.0,7,70,85
1,99,4,3.2,13.679937716961808,0.0,7,70,85
1,99,5,3.2,8.807611851580333,0.0,7,70,85
1,99,6,2.8,10.723476080968451,0.0,7,70,85
1,99,7,2.8,10.81936457237196,0.0,7,70,85
1,99,8,2.8,10.934236068746499,0.0,7,70,85
1,99,9,2.8,12.30509741174381,0.0,7,70,85
1,99,10,2.8,13.52080252351137,0.0,7,70,85
1,99,11,2.8,13.947352527338094,0.0,7,70,85
1,99,12,2.8,10.93479494421733,0.0,7,70,85
1,99,13,2.8,13.938282649208029,0.0,7,70,85
1,99,14,3.0,12.03915452629689,0.0,7,70,85
1,99,15,3.0,11.204100159203607,0.0,7,70,85
1,99,16,2.8,12.442340115286163,0.0,7,70,85
1,99,17,2.8,8.851097654343919,0.0,7,70,85
1,99,18,3.0,8.486146489927972,0.0,7,70,85
1,99,19,3.2,9.508695325108938,0.0,7,70,85
1,99,20,3.2,9.193943523784002,0.0,7,70,85
2,99,1,3.0,18.807631914785098,0.0,7,70,85
2,99,2,3.0,10.707633549806005,0.0,7,70,85
2,99,3,3.8,8.053512439252657,0.0,7,70,85
2,99,4,3.0,9.910601607946447,0.0,7,70,85
2,99,5,3.2,10.143729851784379,0.0,7,70,85
2,99,6,3.0,9.347683313675002,0.0,7,70,85
2,99,7,3.2,9.284498708312485,0.0,7,70,85
2,99,8,2.8,12.060246403012279,0.0,7,70,85
2,99,9,2.8,12.131187767717993,0.0,7,70,85
2,99,10,3.0,10.285574140441874,0.0,7,70,85
2,99,11,2.8,13.417569530959092,0.0,7,70,85
2,99,12,2.8,10.438044499390571,0.0,7,70,85
2,99,13,2.8,13.222599692469622,0.0,7,70,85
2,99,14,2.8,8.701488237406902,0.0,7,70,85
2,99,15,3.0,9.255993788608338,0.0,7,70,85
2,99,16,3.2,9.278389122379744,0.0,7,70,85
2,99,17,2.8,9.836094538158802,0.0,7,70,85
2,99,18,3.0,14.379955031849615,0.0,7,70,85
2,99,19,3.0,8.743764724587729,0.0,7,70,85
2,99,20,2.8,8.782746471115052,0.0,7,70,85
2,99,21,2.2,14.912510248682702,0.0,5,70,85
3,99,1,2.8,11.114823782255625,0.0,7,70,85
3,99,2,3.0,10.424883080422797,0.0,7,70,85
3,99,3,2.8,10.769942645407465,0.0,7,70,85
3,99,4,2.8,9.793074305256091,0.0,7,70,85
3,99,5,2.8,9.75568032567171,0.0,7,70,85
3,99,6,2.8,8.665031061190122,0.0,7,70,85
3,99,7,3.0,11.80461938865442,0.0,7,70,85
3,99,8,2.8,10.09296901998367,0.0,7,70,85
3,99,9,2.8,15.910160517629118,0.0,7,70,85
3,99,10,2.8,11.810539266778072,0.0,7,70,85
3,99,11,2.8,13.413334931265993,0.0,7,70,85
3,99,12,3.4,9.53653037063478,0.0,7,70,85
3,99,13,2.8,10.508280419276664,0.0,7,70,85
3,99,14,3.0,9.756032527472765,0.0,7,70,85
3,99,15,2.8,16.813587535002664,0.0,7,70,85
3,99,16,3.2,9.75799623438577,0.0,7,70,85
3,99,17,2.8,12.105575806956514,0.0,7,70,85
3,99,18,3.0,13.135731089687619,0.0,7,70,85
3,99,19,2.8,11.613587672344542,0.0,7,70,85
3,99,20,2.8,8.843255058113348,0.0,7,70,85
3,99,21,3.0,10.7266112863492,0.0,7,70,85
3,99,22,2.2,17.5686490529727,0.0,5,70,85
