session,trial,phrase,click_load,entry_rate,correction_rate,num_chars,num_clocks,win_diff
1,0,1,6.0,6.3817463645603,0.0,7,66,80
1,0,2,4.2,9.006884946114702,0.0,7,66,80
1,0,3,4.0,7.712966693547559,0.0,7,66,80
1,0,4,3.2,9.554540085080388,0.0,7,66,80
1,0,5,3.0,9.69638516040683,0.0,7,66,80
1,0,6,2.8,13.672333287571593,0.0,7,66,80
1,0,7,2.8,11.014822667976013,0.0,7,66,80
1,0,8,2.8,12.925955185761172,0.0,7,66,80
1,0,9,2.8,14.55566644428612,0.0,7,66,80
1,0,10,2.8,13.963963768722344,0.0,7,66,80
1,0,11,2.8,11.222345183937543,0.0,7,66,80
1,0,12,2.8,13.676942268737447,0.0,7,66,80
1,0,13,2.8,12.92171834273944,0.0,7,66,80
1,0,14,3.0,11.285674438021067,0.0,7,66,80
1,0,15,2.8,14.370114143368829,0.0,7,66,80
1,0,16,2.8,9.145661190159931,0.0,7,66,80
1,0,17,3.0,9.707365688599657,0.0,7,66,80
1,0,18,3.2,9.329379852959693,0.0,7,66,80
1,0,19,3.0,9.766873460797417,0.0,7,66,80
1,0,20,3.0,9.945389563650908,0.0,4,66,80
2,0,1,4.0,9.147779490924279,0.0,7,66,80
2,0,2,4.0,8.903854623272462,0.0,7,66,80
2,0,3,3.6,7.937665852095105,0.0,7,66,80
2,0,4,3.0,11.741760662541289,0.0,7,66,80
2,0,5,3.2,9.20675688234213,0.0,7,66,80
2,0,6,3.2,10.216895347768562,0.0,7,66,80
2,0,7,3.2,8.817523361278976,0.0,7,66,80
2,0,8,2.8,11.274832120795704,0.0,7,66,80
2,0,9,2.8,11.819246533723632,0.0,7,66,80
2,0,10,3.0,11.744120362630074,0.0,7,66,80
2,0,11,2.8,13.828364132237706,0.0,7,66,80
2,0,12,2.8,10.496882357500176,0.0,7,66,80
2,0,13,3.0,13.19213130974253,0.0,7,66,80
2,0,14,3.0,8.945329489119553,0.0,7,66,80
2,0,15,3.0,13.12876123663661,0.0,7,66,80
2,0,16,3.0,9.505333477938326,0.0,7,66,80
2,0,17,3.0,13.264616554424693,0.0,7,66,80
2,0,18,3.0,9.654344078719038,0.0,7,66,80
2,0,19,2.8,8.159063313054215,0.0,7,66,80
2,0,20,2.8,11.301668044460925,0.0,6,66,80
3,0,1,3.4,7.693583918632946,0.0,7,66,80
3,0,2,3.0,10.531859810128003,0.0,7,66,80
3,0,3,3.2,10.673630792727337,0.0,7,66,80
3,0,4,2.8,8.998616687323313,0.0,7,66,80
3,0,5,3.0,9.952065130192578,0.0,7,66,80
3,0,6,2.8,8.978097025984635,0.0,7,66,80
3,0,7,3.0,15.452282212388829,0.0,7,66,80
3,0,8,3.0,9.437690879818991,0.0,7,66,80
3,0,9,2.8,12.89275142953777,0.0,7,66,80
3,0,10,2.8,14.278682953387777,0.0,7,66,80
3,0,11,3.8,8.386072073863634,0.125,7,66,80
3,0,12,2.8,9.574677951865137,0.0,7,66,80
3,0,13,2.8,12.073465306735855,0.0,7,66,80
3,0,14,2.8,13.246678692853951,0.0,7,66,80
3,0,15,2.8,10.839811628278252,0.0,7,66,80
3,0,16,2.8,13.088658369158336,0.0,7,66,80
3,0,17,2.8,11.998804168219618,0.0,7,66,80
3,0,18,2.8,11.752556238359901,0.0,7,66,80
3,0,19,2.8,12.307654736537614,0.0,7,66,80
3,0,20,2.8,9.090518571868207,0.0,7,66,80
3,0,21,2.8,10.284097670803659,0.0,7,66,80
1,1,1,4.8,9.154606736124052,0.0,7,66,80
1,1,2,3.4,10.374445113351427,0.0,7,66,80
1,1,3,3.2,8.540848838969499,0.0,7,66,80
1,1,4,3.0,13.179774283341008,0.0,7,66,80
1,1,5,3.0,9.69727500764201,0.0,7,66,80
1,1,6,3.0,9.588385530307843,0.0,7,66,80
1,1,7,2.8,11.082429066577074,0.0,7,66,80
1,1,8,2.8,10.645121670609493,0.0,7,66,80
1,1,9,2.8,12.575289812844117,0.0,7,66,80
1,1,10,2.8,13.100095824716252,0.0,7,66,80
1,1,11,2.8,12.779425946550463,0.0,7,66,80
1,1,12,2.8,10.78065247344191,0.0,7,66,80
1,1,13,2.8,16.711226056927174,0.0,7,66,80
1,1,14,2.8,11.580747030005371,0.0,7,66,80
1,1,15,3.0,9.372413010507538,0.0,7,66,80
1,1,16,2.8,12.597674360341596,0.0,7,66,80
1,1,17,3.0,7.402787435040581,0.0,7,66,80
1,1,18,3.0,10.566958947090646,0.0,7,66,80
1,1,19,3.0,13.939763818597696,0.0,7,66,80
1,1,20,3.2,9.025711047097143,0.0,7,66,80
1,1,21,2.75,9.305449481264278,0.0,4,66,80
2,1,1,2.8,16.742794907434703,0.0,7,66,80
2,1,2,2.8,9.902407399003723,0.0,7,66,80
2,1,3,3.2,11.673670732675511,0.0,7,66,80
2,1,4,3.6,8.04899515572883,0.0,7,66,80
2,1,5,3.0,8.88598852739418,0.0,7,66,80
2,1,6,2.8,10.851346076341331,0.0,7,66,80
2,1,7,3.4,9.903747613421062,0.0,7,66,80
2,1,8,3.2,10.316931347501628,0.0,7,66,80
2,1,9,2.8,11.049523525189084,0.0,7,66,80
2,1,10,2.8,8.999138471918616,0.0,7,66,80
2,1,11,3.0,10.309173677394613,0.0,7,66,80
2,1,12,2.8,11.035375079425453,0.0,7,66,80
2,1,13,2.8,12.1686815895798,0.0,7,66,80
2,1,14,2.8,8.76255028275429,0.0,7,66,80
2,1,15,3.0,11.31687306605039,0.0,7,66,80
2,1,16,2.8,13.578380551465639,0.0,7,66,80
2,1,17,3.0,11.722387636781708,0.0,7,66,80
2,1,18,3.0,12.441355227725643,0.0,7,66,80
2,1,19,3.0,9.361048898572081,0.0,7,66,80
2,1,20,2.8,9.040982778406658,0.0,7,66,80
2,1,21,2.6,12.827068045897983,0.0,6,66,80
3,1,1,2.8,10.725013383726493,0.0,7,66,80
3,1,2,2.8,12.050211040146937,0.0,7,66,80
3,1,3,3.0,10.710870414864196,0.0,7,66,80
3,1,4,2.8,9.936262634407967,0.0,7,66,80
3,1,5,2.8,8.890627170801027,0.0,7,66,80
3,1,6,3.0,8.007325593449744,0.0,7,66,80
3,1,7,3.0,9.323209040384146,0.0,7,66,80
3,1,8,2.8,10.134400739491165,0.0,7,66,80
3,1,9,3.0,13.78732502280252,0.0,7,66,80
3,1,10,2.8,10.648328408660191,0.0,7,66,80
3,1,11,2.8,11.318481368822674,0.0,7,66,80
3,1,12,3.2,10.244327211001156,0.0,7,66,80
3,1,13,3.2,10.117369252595005,0.0,7,66,80
3,1,14,3.0,11.211729698696026,0.0,7,66,80
3,1,15,3.0,10.60754948902692,0.0,7,66,80
3,1,16,3.0,14.601145490001263,0.0,7,66,80
3,1,17,3.0,9.893275732716743,0.0,7,66,80
3,1,18,2.8,10.851411849666874,0.0,7,66,80
3,1,19,2.8,11.422639612704819,0.0,7,66,80
3,1,20,2.8,9.208561562917193,0.0,7,66,80
3,1,21,2.8,10.753888636551768,0.0,7,66,80
3,1,22,2.25,14.223073634466324,0.0,4,66,80
1,2,1,4.6,7.786539730301268,0.0,7,66,80
1,2,2,3.8,10.736163947273683,0.0,7,66,80
1,2,3,3.4,8.162976436084609,0.0,7,66,80
1,2,4,3.2,10.462523834976443,0.0,7,66,80
1,2,5,3.2,9.33989606116079,0.0,7,66,80
1,2,6,3.0,9.452356854667514,0.0,7,66,80
1,2,7,2.8,13.242414587418176,0.0,7,66,80
1,2,8,2.8,14.073326123941897,0.0,7,66,80
1,2,9,2.8,11.177617219603746,0.0,7,66,80
1,2,10,2.8,16.288376668250134,0.0,7,66,80
1,2,11,2.8,17.5832636852175,0.0,7,66,80
1,2,12,2.8,9.751376512091447,0.0,7,66,80
1,2,13,2.8,14.389260699333674,0.0,7,66,80
1,2,14,3.0,14.002706541577117,0.0,7,66,80
1,2,15,2.8,10.335826217744808,0.0,7,66,80
1,2,16,2.8,11.651889899573233,0.0,7,66,80
1,2,17,3.2,8.116020642009993,0.0,7,66,80
1,2,18,3.2,9.787492853967986,0.0,7,66,80
1,2,19,3.0,8.927747055342834,0.0,7,66,80
1,2,20,3.4,8.655206132381156,0.0,7,66,80
2,2,1,4.2,9.499858152453454,0.0,7,66,80
2,2,2,4.2,8.829914114137607,0.0,7,66,80
2,2,3,3.8,7.623908671371395,0.0,7,66,80
2,2,4,3.2,8.671502447830518,0.0,7,66,80
2,2,5,2.8,9.71386867352702,0.0,7,66,80
2,2,6,3.4,9.30129098523558,0.0,7,66,80
2,2,7,3.0,10.017413605273612,0.0,7,66,80
2,2,8,2.8,10.91541583123627,0.0,7,66,80
2,2,9,2.8,11.534594620275533,0.0,7,66,80
2,2,10,3.0,13.275980036792522,0.0,7,66,80
2,2,11,2.8,11.951154795987783,0.0,7,66,80
2,2,12,2.8,13.17529192635056,0.0,7,66,80
2,2,13,3.0,10.539587203360007,0.0,7,66,80
2,2,14,3.0,9.388582596289401,0.0,7,66,80
2,2,15,2.8,14.110949874510169,0.0,7,66,80
2,2,16,2.8,12.024742831821648,0.0,7,66,80
2,2,17,3.0,13.439501371253698,0.0,7,66,80
2,2,18,3.0,8.53599355881189,0.0,7,66,80
2,2,19,2.8,8.303057412620852,0.0,7,66,80
2,2,20,2.8,10.560153977560446,0.0,6,66,80
3,2,1,3.0,10.67906401367472,0.0,7,66,80
3,2,2,2.8,12.202192551510361,0.0,7,66,80
3,2,3,3.0,11.209227946850342,0.0,7,66,80
3,2,4,2.8,9.151684514195267,0.0,7,66,80
3,2,5,2.8,11.11026566212575,0.0,7,66,80
3,2,6,2.8,8.91904009777704,0.0,7,66,80
3,2,7,3.0,9.631529962800428,0.0,7,66,80
3,2,8,2.8,10.911880573154848,0.0,7,66,80
3,2,9,2.8,16.088113212936737,0.0,7,66,80
3,2,10,3.0,8.996751601530217,0.0,7,66,80
3,2,11,2.8,10.629969809880901,0.0,7,66,80
3,2,12,3.2,9.848428033860385,0.0,7,66,80
3,2,13,3.2,9.416416457082303,0.0,7,66,80
3,2,14,2.8,11.196424945834632,0.0,7,66,80
3,2,15,3.0,14.951225714872669,0.0,7,66,80
3,2,16,3.0,13.367231929073556,0.0,7,66,80
3,2,17,3.0,11.096799816661186,0.0,7,66,80
3,2,18,3.0,11.458293196458595,0.0,7,66,80
3,2,19,2.8,12.521780654724006,0.0,7,66,80
3,2,20,2.8,9.942038233282902,0.0,7,66,80
3,2,21,3.0,9.737489987431521,0.0,7,66,80
1,3,1,4.2,9.083650971547247,0.0,7,66,80
1,3,2,3.8,9.318859235410272,0.0,7,66,80
1,3,3,3.4,7.60270520268865,0.0,7,66,80
1,3,4,3.0,12.89768370775827,0.0,7,66,80
1,3,5,3.0,9.439051445124344,0.0,7,66,80
1,3,6,2.8,9.812010577513263,0.0,7,66,80
1,3,7,2.8,11.171541588819967,0.0,7,66,80
1,3,8,2.8,10.093865644545845,0.0,7,66,80
1,3,9,2.8,14.728678435510323,0.0,7,66,80
1,3,10,2.8,14.005553426484944,0.0,7,66,80
1,3,11,2.8,15.08599885134532,0.0,7,66,80
1,3,12,2.8,16.11743398446845,0.0,7,66,80
1,3,13,2.8,12.811508829306531,0.0,7,66,80
1,3,14,2.8,11.39439811984786,0.0,7,66,80
1,3,15,2.8,12.368779431523329,0.0,7,66,80
1,3,16,2.8,14.085219129918286,0.0,7,66,80
1,3,17,3.0,9.877867306739628,0.0,7,66,80
1,3,18,3.2,8.45951747357064,0.0,7,66,80
1,3,19,3.2,10.629425296027815,0.0,7,66,80
1,3,20,3.2,8.699944273127931,0.0,7,66,80
1,3,21,2.75,11.235660901134375,0.0,4,66,80
2,3,1,3.6,10.617417235814719,0.0,7,66,80
2,3,2,4.0,8.866804852173086,0.0,7,66,80
2,3,3,3.6,9.084868096085946,0.0,7,66,80
2,3,4,3.4,7.3612055364554205,0.0,7,66,80
2,3,5,2.8,9.545297182969511,0.0,7,66,80
2,3,6,3.0,11.26657667974996,0.0,7,66,80
2,3,7,3.2,9.363021463531759,0.0,7,66,80
2,3,8,2.8,12.05817663767827,0.0,7,66,80
2,3,9,2.8,12.86801485327851,0.0,7,66,80
2,3,10,3.0,8.895691514635754,0.0,7,66,80
2,3,11,2.8,13.470401022972348,0.0,7,66,80
2,3,12,2.8,11.335003246611986,0.0,7,66,80
2,3,13,2.8,15.859327191927074,0.0,7,66,80
2,3,14,3.0,8.695144333082043,0.0,7,66,80
2,3,15,2.8,13.143906109771894,0.0,7,66,80
2,3,16,2.8,11.504210725272765,0.0,7,66,80
2,3,17,3.0,9.562674864285967,0.0,7,66,80
2,3,18,3.2,9.129327907993774,0.0,7,66,80
2,3,19,2.8,9.153114971877752,0.0,7,66,80
2,3,20,3.0,9.190001583312913,0.0,7,66,80
3,3,1,3.8,7.186301031750358,0.0,7,66,80
3,3,2,3.8,8.298894214269746,0.0,7,66,80
3,3,3,3.2,8.540988769382217,0.0,7,66,80
3,3,4,3.2,8.29522340791866,0.0,7,66,80
3,3,5,3.0,8.370382025280822,0.0,7,66,80
3,3,6,3.0,9.554763246356224,0.0,7,66,80
3,3,7,2.8,11.606015132157737,0.0,7,66,80
3,3,8,3.0,16.77667223692421,0.0,7,66,80
3,3,9,2.8,11.631532967671546,0.0,7,66,80
3,3,10,2.8,12.280203539695865,0.0,7,66,80
3,3,11,3.0,11.805307473708124,0.0,7,66,80
3,3,12,3.2,8.988884696665954,0.0,7,66,80
3,3,13,3.0,9.356597929778673,0.0,7,66,80
3,3,14,3.0,12.676302371209674,0.0,7,66,80
3,3,15,3.2,9.722315120602342,0.0,7,66,80
3,3,16,3.0,12.926089636288731,0.0,7,66,80
3,3,17,2.8,10.032802141578893,0.0,7,66,80
3,3,18,2.8,11.648642040808722,0.0,7,66,80
3,3,19,2.8,9.829977979845566,0.0,7,66,80
3,3,20,3.0,8.709064236775848,0.0,7,66,80
3,3,21,2.25,13.86045796994974,0.0,4,66,80
1,4,1,4.6,8.290000703731861,0.0,7,66,80
1,4,2,3.4,10.228547205933218,0.0,7,66,80
1,4,3,3.2,9.845684698816203,0.0,7,66,80
1,4,4,3.0,12.26040423430629,0.0,7,66,80
1,4,5,3.0,10.078446196652688,0.0,7,66,80
1,4,6,2.8,7.982518062849869,0.0,7,66,80
1,4,7,2.8,12.766161730110671,0.0,7,66,80
1,4,8,2.8,9.129304730643375,0.0,7,66,80
1,4,9,3.0,13.743387573254477,0.0,7,66,80
1,4,10,2.8,11.011272582563729,0.0,7,66,80
1,4,11,2.8,15.200158420556178,0.0,7,66,80
1,4,12,2.8,14.216266636875975,0.0,7,66,80
1,4,13,2.8,13.937507486043183,0.0,7,66,80
1,4,14,2.8,10.356512108810879,0.0,7,66,80
1,4,15,2.8,11.012545257328274,0.0,7,66,80
1,4,16,2.8,12.506638251276595,0.0,7,66,80
1,4,17,3.2,8.892904763400464,0.0,7,66,80
1,4,18,3.0,11.660979102843328,0.0,7,66,80
1,4,19,3.2,8.955050849228416,0.0,7,66,80
1,4,20,3.2,8.103297479139478,0.0,7,66,80
1,4,21,2.75,10.410694717108331,0.0,4,66,80
2,4,1,3.6,12.255621052558705,0.0,7,66,80
2,4,2,4.2,8.998634082070064,0.0,7,66,80
2,4,3,3.4,8.455555286850931,0.0,7,66,80
2,4,4,3.2,8.971721012217458,0.0,7,66,80
2,4,5,3.0,12.113643156457549,0.0,7,66,80
2,4,6,3.0,11.123146457161281,0.0,7,66,80
2,4,7,3.4,8.929431738158257,0.0,7,66,80
2,4,8,3.0,10.260715952561144,0.0,7,66,80
2,4,9,3.0,10.077906624049545,0.0,7,66,80
2,4,10,3.0,10.494708658999627,0.0,7,66,80
2,4,11,2.8,14.21401272679446,0.0,7,66,80
2,4,12,2.8,10.908772989934223,0.0,7,66,80
2,4,13,3.0,10.533801030524877,0.0,7,66,80
2,4,14,3.0,9.105133211737954,0.0,7,66,80
2,4,15,2.8,12.64293607758372,0.0,7,66,80
2,4,16,2.8,11.727354798582317,0.0,7,66,80
2,4,17,2.8,12.89928195566793,0.0,7,66,80
2,4,18,3.0,11.538513280301087,0.0,7,66,80
2,4,19,3.0,8.588836189484393,0.0,7,66,80
2,4,20,3.0,11.599418101927595,0.0,7,66,80
3,4,1,3.2,8.454741497073524,0.0,7,66,80
3,4,2,3.4,8.822389250824253,0.0,7,66,80
3,4,3,3.0,11.87466276216012,0.0,7,66,80
3,4,4,2.8,9.591304099951888,0.0,7,66,80
3,4,5,3.0,9.62323134566202,0.0,7,66,80
3,4,6,2.8,9.348623042175975,0.0,7,66,80
3,4,7,3.0,14.296452399652607,0.0,7,66,80
3,4,8,3.0,9.86387200117898,0.0,7,66,80
3,4,9,2.8,11.685716002355992,0.0,7,66,80
3,4,10,3.0,10.535235226041666,0.0,7,66,80
3,4,11,3.6,8.08884190525863,0.125,7,66,80
3,4,12,2.8,9.964664722245569,0.0,7,66,80
3,4,13,2.8,10.552763677907283,0.0,7,66,80
3,4,14,3.0,13.018894685354972,0.0,7,66,80
3,4,15,3.0,9.40792816435804,0.0,7,66,80
3,4,16,2.8,13.950834501436796,0.0,7,66,80
3,4,17,2.8,9.129200147149493,0.0,7,66,80
3,4,18,2.8,11.711776366549996,0.0,7,66,80
3,4,19,3.0,9.808417222407694,0.0,7,66,80
3,4,20,2.8,10.251448653498501,0.0,7,66,80
3,4,21,3.0,9.165580779518722,0.0,7,66,80
1,5,1,4.6,8.210930318283896,0.0,7,66,80
1,5,2,3.6,10.586823966877311,0.0,7,66,80
1,5,3,3.2,8.81573385605469,0.0,7,66,80
1,5,4,3.0,12.653931480729195,0.0,7,66,80
1,5,5,3.0,10.328895286724764,0.0,7,66,80
1,5,6,2.8,8.9520087045338,0.0,7,66,80
1,5,7,2.8,13.060062746542021,0.0,7,66,80
1,5,8,2.8,9.735117008771601,0.0,7,66,80
1,5,9,2.8,14.37727244163836,0.0,7,66,80
1,5,10,2.8,12.16740536627886,0.0,7,66,80
1,5,11,2.8,13.144492612131092,0.0,7,66,80
1,5,12,3.0,11.508671544580006,0.0,7,66,80
1,5,13,2.8,12.3081238700053,0.0,7,66,80
1,5,14,2.8,13.500714806369846,0.0,7,66,80
1,5,15,3.0,12.029110920295121,0.0,7,66,80
1,5,16,2.8,13.500845843429078,0.0,7,66,80
1,5,17,3.0,8.392545627397793,0.0,7,66,80
1,5,18,3.2,9.590805289129083,0.0,7,66,80
1,5,19,2.8,12.924504126062484,0.0,7,66,80
1,5,20,3.0,10.425899515598681,0.0,7,66,80
1,5,21,3.0,9.347581655810373,0.0,4,66,80
2,5,1,4.0,9.343426354351353,0.0,7,66,80
2,5,2,4.4,7.423559089095923,0.0,7,66,80
2,5,3,3.6,7.548481219449291,0.0,7,66,80
2,5,4,3.0,10.258482415328134,0.0,7,66,80
2,5,5,2.8,9.907969482085871,0.0,7,66,80
2,5,6,3.2,10.53362769134864,0.0,7,66,80
2,5,7,2.8,10.373234839522087,0.0,7,66,80
2,5,8,3.0,10.616945762847317,0.0,7,66,80
2,5,9,3.0,10.127971953094626,0.0,7,66,80
2,5,10,2.8,11.624088356085354,0.0,7,66,80
2,5,11,2.8,12.844923624837277,0.0,7,66,80
2,5,12,2.8,10.617993565952892,0.0,7,66,80
2,5,13,2.8,10.75888270604647,0.0,7,66,80
2,5,14,3.0,8.67374997786028,0.0,7,66,80
2,5,15,3.4,10.313845166328111,0.0,7,66,80
2,5,16,3.0,10.50084031529734,0.0,7,66,80
2,5,17,3.0,16.526233708736957,0.0,7,66,80
2,5,18,3.0,9.519110466363829,0.0,7,66,80
2,5,19,2.8,8.405759796838867,0.0,7,66,80
2,5,20,2.8,12.817491246858637,0.0,6,66,80
3,5,1,4.0,7.579328473043448,0.0,7,66,80
3,5,2,3.4,9.421736946443055,0.0,7,66,80
3,5,3,3.0,10.9387963314883,0.0,7,66,80
3,5,4,2.8,11.175834375030327,0.0,7,66,80
3,5,5,3.0,8.771038024430945,0.0,7,66,80
3,5,6,2.8,9.956001732152139,0.0,7,66,80
3,5,7,3.0,12.984276510358686,0.0,7,66,80
3,5,8,2.8,11.87033455048108,0.0,7,66,80
3,5,9,3.0,10.476894439962942,0.0,7,66,80
3,5,10,2.8,12.90949265091345,0.0,7,66,80
3,5,11,3.0,9.614580130017085,0.0,7,66,80
3,5,12,3.2,8.943933610609136,0.0,7,66,80
3,5,13,2.8,12.318116522527006,0.0,7,66,80
3,5,14,2.8,12.167453203284891,0.0,7,66,80
3,5,15,3.2,10.985168650061777,0.0,7,66,80
3,5,16,2.8,15.348643548136064,0.0,7,66,80
3,5,17,3.0,11.686798967271562,0.0,7,66,80
3,5,18,2.8,10.275402561152923,0.0,7,66,80
3,5,19,2.8,11.776140918240374,0.0,7,66,80
3,5,20,2.8,8.406892900325731,0.0,7,66,80
3,5,21,2.8,10.438797357400412,0.0,7,66,80
1,6,1,4.6,8.429152431473272,0.0,7,66,80
1,6,2,3.6,11.517621463194377,0.0,7,66,80
1,6,3,3.2,8.764446320715336,0.0,7,66,80
1,6,4,3.0,12.070938618044957,0.0,7,66,80
1,6,5,3.0,10.293607829032197,0.0,7,66,80
1,6,6,2.8,10.193769809235262,0.0,7,66,80
1,6,7,2.8,11.760195871305225,0.0,7,66,80
1,6,8,2.8,9.76667335529341,0.0,7,66,80
1,6,9,2.8,15.289221915999677,0.0,7,66,80
1,6,10,2.8,12.679437039357364,0.0,7,66,80
1,6,11,2.8,14.681691415207455,0.0,7,66,80
1,6,12,2.8,11.703693203487322,0.0,7,66,80
1,6,13,2.8,15.718958306969672,0.0,7,66,80
1,6,14,2.8,10.464418896974138,0.0,7,66,80
1,6,15,2.8,10.756986617059288,0.0,7,66,80
1,6,16,2.8,12.352813365795937,0.0,7,66,80
1,6,17,3.0,8.874157239605468,0.0,7,66,80
1,6,18,3.2,10.277412527260267,0.0,7,66,80
1,6,19,3.0,10.436287645654039,0.0,7,66,80
1,6,20,3.2,8.398706350920177,0.0,7,66,80
1,6,21,2.4,12.229894100898626,0.0,5,66,80
2,6,1,3.6,10.24396981106047,0.0,7,66,80
2,6,2,3.6,9.158628367756233,0.0,7,66,80
2,6,3,3.4,8.485205250151164,0.0,7,66,80
2,6,4,3.6,7.45578578209124,0.0,7,66,80
2,6,5,2.8,11.879141644585184,0.0,7,66,80
2,6,6,3.0,11.634677034217239,0.0,7,66,80
2,6,7,3.0,10.98818750371553,0.0,7,66,80
2,6,8,2.8,12.553823684263405,0.0,7,66,80
2,6,9,2.8,13.662334492223437,0.0,7,66,80
2,6,10,2.8,9.660021189057225,0.0,7,66,80
2,6,11,2.8,13.733631017382187,0.0,7,66,80
2,6,12,2.8,10.975268318577935,0.0,7,66,80
2,6,13,2.8,11.280383520582241,0.0,7,66,80
2,6,14,2.8,10.639284463802218,0.0,7,66,80
2,6,15,3.0,11.037431489991748,0.0,7,66,80
2,6,16,2.8,12.751942050904193,0.0,7,66,80
2,6,17,2.8,12.737722462117546,0.0,7,66,80
2,6,18,2.8,13.853627152751836,0.0,7,66,80
2,6,19,3.0,8.768836982997376,0.0,7,66,80
2,6,20,2.8,8.745072792394852,0.0,7,66,80
2,6,21,2.2,13.959491622204938,0.0,5,66,80
3,6,1,3.0,9.457131209549681,0.0,7,66,80
3,6,2,2.8,11.534818034487312,0.0,7,66,80
3,6,3,2.8,11.265897558648046,0.0,7,66,80
3,6,4,2.8,10.891780236954697,0.0,7,66,80
3,6,5,2.8,10.044058439469936,0.0,7,66,80
3,6,6,2.8,9.470030853182841,0.0,7,66,80
3,6,7,3.0,9.466034921369442,0.0,7,66,80
3,6,8,2.8,9.770499477309775,0.0,7,66,80
3,6,9,2.8,12.784110453067356,0.0,7,66,80
3,6,10,2.8,10.061848519651443,0.0,7,66,80
3,6,11,2.8,12.184161285902192,0.0,7,66,80
3,6,12,3.2,10.594889159562268,0.0,7,66,80
3,6,13,3.2,9.491048619776079,0.0,7,66,80
3,6,14,2.8,9.622729458966761,0.0,7,66,80
3,6,15,3.2,12.049977638455523,0.0,7,66,80
3,6,16,3.0,10.842320073572253,0.0,7,66,80
3,6,17,2.8,12.644939322506142,0.0,7,66,80
3,6,18,3.0,10.186999436966895,0.0,7,66,80
3,6,19,2.8,14.195838251451987,0.0,7,66,80
3,6,20,2.8,9.686884769517413,0.0,7,66,80
3,6,21,2.8,9.882780168545814,0.0,7,66,80
3,6,22,2.2,17.17398956400244,0.0,5,66,80
1,7,1,4.6,8.233367522774548,0.0,7,66,80
1,7,2,3.8,11.40681458000126,0.0,7,66,80
1,7,3,3.4,7.905947171010434,0.0,7,66,80
1,7,4,3.0,12.850847077232961,0.0,7,66,80
1,7,5,3.0,9.534532629710645,0.0,7,66,80
1,7,6,2.8,9.565924551302817,0.0,7,66,80
1,7,7,2.8,12.004831356988698,0.0,7,66,80
1,7,8,2.8,11.90642634115883,0.0,7,66,80
1,7,9,2.8,10.882845935960608,0.0,7,66,80
1,7,10,2.8,14.461807513454511,0.0,7,66,80
1,7,11,2.8,22.907835551943357,0.0,7,66,80
1,7,12,2.8,9.48850142994529,0.0,7,66,80
1,7,13,2.8,18.637019258095442,0.0,7,66,80
1,7,14,3.0,11.466445923735712,0.0,7,66,80
1,7,15,2.8,11.696196898976673,0.0,7,66,80
1,7,16,2.8,13.260901796180335,0.0,7,66,80
1,7,17,3.2,9.725199216316106,0.0,7,66,80
1,7,18,2.8,9.55271258765984,0.0,7,66,80
1,7,19,3.2,10.305506140800448,0.0,7,66,80
1,7,20,3.2,8.591005669705307,0.0,7,66,80
2,7,1,3.2,11.108541743611193,0.0,7,66,80
2,7,2,2.8,10.01317449968303,0.0,7,66,80
2,7,3,3.2,11.919755731153106,0.0,7,66,80
2,7,4,3.4,8.750032243411136,0.0,7,66,80
2,7,5,2.8,10.59001927585643,0.0,7,66,80
2,7,6,2.8,11.047349982820446,0.0,7,66,80
2,7,7,3.4,9.203317473571836,0.0,7,66,80
2,7,8,3.2,10.07891041017597,0.0,7,66,80
2,7,9,2.8,10.445642100865694,0.0,7,66,80
2,7,10,2.8,11.291973918790216,0.0,7,66,80
2,7,11,3.0,11.490638674865203,0.0,7,66,80
2,7,12,2.8,12.578689476736486,0.0,7,66,80
2,7,13,2.8,13.220851678880084,0.0,7,66,80
2,7,14,2.8,9.211244801891286,0.0,7,66,80
2,7,15,3.0,9.747699978609875,0.0,7,66,80
2,7,16,3.0,10.634485542102334,0.0,7,66,80
2,7,17,2.8,11.874669060726378,0.0,7,66,80
2,7,18,3.0,11.793614249185104,0.0,7,66,80
2,7,19,3.0,9.536196400201797,0.0,7,66,80
2,7,20,2.8,7.73714328174826,0.0,7,66,80
2,7,21,2.6,12.461188689459462,0.0,6,66,80
3,7,1,2.8,10.800772632215995,0.0,7,66,80
3,7,2,3.0,11.417384147742702,0.0,7,66,80
3,7,3,2.8,10.638805030533888,0.0,7,66,80
3,7,4,2.8,10.067102637466558,0.0,7,66,80
3,7,5,2.8,10.211758322182371,0.0,7,66,80
3,7,6,2.8,9.33987669544277,0.0,7,66,80
3,7,7,3.0,10.22570609271729,0.0,7,66,80
3,7,8,2.8,12.381347633939773,0.0,7,66,80
3,7,9,2.8,15.198503252813163,0.0,7,66,80
3,7,10,3.0,10.961432416761827,0.0,7,66,80
3,7,11,3.0,10.818136801109615,0.0,7,66,80
3,7,12,3.6,7.9297114067270265,0.125,7,66,80
3,7,13,2.8,10.022321288542278,0.0,7,66,80
3,7,14,3.0,10.89225719224987,0.0,7,66,80
3,7,15,3.0,12.49253437518119,0.0,7,66,80
3,7,16,2.8,14.81687101360031,0.0,7,66,80
3,7,17,2.8,12.012151039713252,0.0,7,66,80
3,7,18,2.8,11.369916371876608,0.0,7,66,80
3,7,19,2.8,13.017484425926197,0.0,7,66,80
3,7,20,3.0,8.469993769450447,0.0,7,66,80
3,7,21,3.0,9.844531346673861,0.0,7,66,80
3,7,22,2.25,13.404786598664698,0.0,4,66,80
1,8,1,4.8,8.042737169040853,0.0,7,66,80
1,8,2,3.6,11.52346411107907,0.0,7,66,80
1,8,3,3.2,7.074541024366676,0.0,7,66,80
1,8,4,2.8,12.478870074014326,0.0,7,66,80
1,8,5,3.0,9.728586107035525,0.0,7,66,80
1,8,6,2.8,9.142145219324142,0.0,7,66,80
1,8,7,2.8,11.737289765443993,0.0,7,66,80
1,8,8,2.8,9.357200384716803,0.0,7,66,80
1,8,9,2.8,14.985061438657878,0.0,7,66,80
1,8,10,2.8,14.373013081078259,0.0,7,66,80
1,8,11,2.8,15.238596525359073,0.0,7,66,80
1,8,12,2.8,11.681006464471762,0.0,7,66,80
1,8,13,2.8,14.57814113646169,0.0,7,66,80
1,8,14,3.0,10.716541156378044,0.0,7,66,80
1,8,15,3.0,9.895707379843564,0.0,7,66,80
1,8,16,2.8,11.901044069275523,0.0,7,66,80
1,8,17,3.0,8.695297651008774,0.0,7,66,80
1,8,18,3.2,9.761705397436899,0.0,7,66,80
1,8,19,3.0,12.542850365965501,0.0,7,66,80
1,8,20,3.2,9.27320746788039,0.0,7,66,80
2,8,1,3.6,11.38844671967005,0.0,7,66,80
2,8,2,4.6,7.077675624974307,0.125,7,66,80
2,8,3,3.2,10.062872828768455,0.0,7,66,80
2,8,4,3.2,9.14323098917696,0.0,7,66,80
2,8,5,2.8,10.849048738654737,0.0,7,66,80
2,8,6,3.0,12.536748846665013,0.0,7,66,80
2,8,7,3.4,9.647796699191591,0.0,7,66,80
2,8,8,2.8,13.344281930771272,0.0,7,66,80
2,8,9,2.8,10.437699639456866,0.0,7,66,80
2,8,10,2.8,10.920946966587998,0.0,7,66,80
2,8,11,2.8,14.123635850819966,0.0,7,66,80
2,8,12,2.8,11.356049360704967,0.0,7,66,80
2,8,13,2.8,12.047957896918467,0.0,7,66,80
2,8,14,3.0,8.107320344738612,0.0,7,66,80
2,8,15,2.8,12.81346410315912,0.0,7,66,80
2,8,16,2.8,11.312701948334007,0.0,7,66,80
2,8,17,2.8,11.067360609595681,0.0,7,66,80
2,8,18,3.2,10.792810878996976,0.0,7,66,80
2,8,19,2.8,7.926322587031535,0.0,7,66,80
2,8,20,3.0,10.641617133041512,0.0,7,66,80
3,8,1,3.0,9.31312610130802,0.0,7,66,80
3,8,2,2.8,11.015449105397828,0.0,7,66,80
3,8,3,2.8,13.016119784663616,0.0,7,66,80
3,8,4,2.8,9.273379781729503,0.0,7,66,80
3,8,5,3.0,8.518187734717937,0.0,7,66,80
3,8,6,2.8,9.900837708425932,0.0,7,66,80
3,8,7,3.0,9.142043719315037,0.0,7,66,80
3,8,8,2.8,10.392710710661918,0.0,7,66,80
3,8,9,3.0,17.345540489853846,0.0,7,66,80
3,8,10,2.8,10.9338701528262,0.0,7,66,80
3,8,11,2.8,10.704387613706329,0.0,7,66,80
3,8,12,3.0,10.8089893486695,0.0,7,66,80
3,8,13,3.0,10.070272360227584,0.0,7,66,80
3,8,14,3.0,9.285571560815129,0.0,7,66,80
3,8,15,3.0,12.890029418306879,0.0,7,66,80
3,8,16,3.0,10.174931968338726,0.0,7,66,80
3,8,17,2.8,11.374994886613104,0.0,7,66,80
3,8,18,3.0,11.012397971916707,0.0,7,66,80
3,8,19,2.8,13.073133733676338,0.0,7,66,80
3,8,20,2.8,8.732556817579013,0.0,7,66,80
3,8,21,2.8,10.229911079951775,0.0,7,66,80
3,8,22,2.2,17.36907773849688,0.0,5,66,80
1,9,1,4.8,8.806752178430404,0.0,7,66,80
1,9,2,3.6,8.370233494003088,0.0,7,66,80
1,9,3,3.4,7.364850627263997,0.0,7,66,80
1,9,4,2.8,13.398381208380647,0.0,7,66,80
1,9,5,3.2,8.298209733157524,0.0,7,66,80
1,9,6,3.0,9.408674833593777,0.0,7,66,80
1,9,7,2.8,9.636708083784848,0.0,7,66,80
1,9,8,2.8,14.563991266483635,0.0,7,66,80
1,9,9,2.8,9.657171978554194,0.0,7,66,80
1,9,10,2.8,15.706621651437558,0.0,7,66,80
1,9,11,3.0,15.97219056299673,0.0,7,66,80
1,9,12,2.8,12.559295727223862,0.0,7,66,80
1,9,13,3.0,13.355251007864622,0.0,7,66,80
1,9,14,3.0,11.492434638029094,0.0,7,66,80
1,9,15,2.8,10.407228014689482,0.0,7,66,80
1,9,16,2.8,13.010353865560207,0.0,7,66,80
1,9,17,3.4,8.298319288869912,0.0,7,66,80
1,9,18,3.0,10.535058133269892,0.0,7,66,80
1,9,19,3.0,9.386666086285231,0.0,7,66,80
1,9,20,3.2,10.298910725105618,0.0,7,66,80
2,9,1,3.4,12.18311677766657,0.0,7,66,80
2,9,2,3.2,10.131402694908791,0.0,7,66,80
2,9,3,3.6,8.055049882640791,0.0,7,66,80
2,9,4,3.6,8.52113975304608,0.0,7,66,80
2,9,5,3.0,9.746433181995029,0.0,7,66,80
2,9,6,2.8,10.318133441780008,0.0,7,66,80
2,9,7,3.8,8.556644917304869,0.0,7,66,80
2,9,8,3.0,10.106949635887052,0.0,7,66,80
2,9,9,2.8,12.224996588982421,0.0,7,66,80
2,9,10,2.8,10.15709628998679,0.0,7,66,80
2,9,11,2.8,11.875949575811205,0.0,7,66,80
2,9,12,2.8,12.323290076703517,0.0,7,66,80
2,9,13,2.8,11.07758654230931,0.0,7,66,80
2,9,14,2.8,9.493532605571533,0.0,7,66,80
2,9,15,3.6,8.641034795804893,0.0,7,66,80
2,9,16,3.0,10.65266874874867,0.0,7,66,80
2,9,17,2.8,13.037837596193015,0.0,7,66,80
2,9,18,3.2,10.846883809595994,0.0,7,66,80
2,9,19,2.8,8.475663453697342,0.0,7,66,80
2,9,20,3.0,9.346233641776113,0.0,7,66,80
3,9,1,3.2,10.306986298949878,0.0,7,66,80
3,9,2,2.8,13.12603554599109,0.0,7,66,80
3,9,3,2.8,13.034216346272045,0.0,7,66,80
3,9,4,2.8,10.222402387957612,0.0,7,66,80
3,9,5,2.8,9.920833836083247,0.0,7,66,80
3,9,6,2.8,9.18698412335292,0.0,7,66,80
3,9,7,3.0,9.047379223078844,0.0,7,66,80
3,9,8,2.8,11.66083382596414,0.0,7,66,80
3,9,9,2.8,14.696423922098646,0.0,7,66,80
3,9,10,2.8,11.435797768526713,0.0,7,66,80
3,9,11,2.8,11.078984319266674,0.0,7,66,80
3,9,12,3.6,8.854071752989467,0.125,7,66,80
3,9,13,3.0,9.975998798034391,0.0,7,66,80
3,9,14,3.0,11.130117447551665,0.0,7,66,80
3,9,15,3.0,11.681304711205426,0.0,7,66,80
3,9,16,3.0,14.885435407807664,0.0,7,66,80
3,9,17,3.0,9.990235167520714,0.0,7,66,80
3,9,18,2.8,13.453121361623088,0.0,7,66,80
3,9,19,2.8,11.662226830464549,0.0,7,66,80
3,9,20,2.8,8.46899907485275,0.0,7,66,80
3,9,21,2.8,10.8300578202584,0.0,7,66,80
3,9,22,2.25,15.6316948808433,0.0,4,66,80
1,10,1,4.4,9.298253512996553,0.0,7,66,80
1,10,2,3.6,9.735735670826992,0.0,7,66,80
1,10,3,3.2,8.926818914588013,0.0,7,66,80
1,10,4,3.2,11.06126530191942,0.0,7,66,80
1,10,5,3.0,9.468714662893541,0.0,7,66,80
1,10,6,2.8,9.74851763381447,0.0,7,66,80
1,10,7,2.8,13.003697553208807,0.0,7,66,80
1,10,8,2.8,10.443740281142835,0.0,7,66,80
1,10,9,2.8,15.525570543947381,0.0,7,66,80
1,10,10,2.8,13.20744600665054,0.0,7,66,80
1,10,11,2.8,14.164056131221617,0.0,7,66,80
1,10,12,2.8,14.017845937851758,0.0,7,66,80
1,10,13,2.8,14.473101335530624,0.0,7,66,80
1,10,14,3.0,10.456210173577052,0.0,7,66,80
1,10,15,2.8,11.194868398510158,0.0,7,66,80
1,10,16,2.8,12.157444634896596,0.0,7,66,80
1,10,17,3.0,7.492800314316064,0.0,7,66,80
1,10,18,3.0,10.131718144375887,0.0,7,66,80
1,10,19,3.2,9.863866536858408,0.0,7,66,80
1,10,20,2.8,11.94137044745218,0.0,7,66,80
1,10,21,2.6,9.781223355536493,0.0,5,66,80
2,10,1,3.2,11.272330372381827,0.0,7,66,80
2,10,2,2.8,11.676274366064977,0.0,7,66,80
2,10,3,3.8,8.88408881474338,0.125,7,66,80
2,10,4,3.0,9.43657875370301,0.0,7,66,80
2,10,5,2.8,10.34508858427344,0.0,7,66,80
2,10,6,2.8,9.474825122562777,0.0,7,66,80
2,10,7,3.4,9.530946361705238,0.0,7,66,80
2,10,8,3.2,9.174001303238063,0.0,7,66,80
2,10,9,2.8,11.137128940174447,0.0,7,66,80
2,10,10,2.8,11.511276285620667,0.0,7,66,80
2,10,11,2.8,16.099374870368678,0.0,7,66,80
2,10,12,2.8,10.138978138915705,0.0,7,66,80
2,10,13,2.8,13.603116382235127,0.0,7,66,80
2,10,14,2.8,10.88307933311662,0.0,7,66,80
2,10,15,3.0,8.988448320458389,0.0,7,66,80
2,10,16,3.0,9.783893696644524,0.0,7,66,80
2,10,17,2.8,10.525872208993794,0.0,7,66,80
2,10,18,3.0,11.29277491828775,0.0,7,66,80
2,10,19,3.0,9.150958900209112,0.0,7,66,80
2,10,20,3.0,8.089359302662796,0.0,7,66,80
2,10,21,2.4,15.167737701875001,0.0,5,66,80
3,10,1,3.0,10.371217077506833,0.0,7,66,80
3,10,2,3.6,8.519165211625769,0.0,7,66,80
3,10,3,2.8,11.371734787619342,0.0,7,66,80
3,10,4,2.8,10.019064222941335,0.0,7,66,80
3,10,5,2.8,10.764662325685016,0.0,7,66,80
3,10,6,2.8,7.830922648756935,0.0,7,66,80
3,10,7,3.0,12.666434647266064,0.0,7,66,80
3,10,8,3.0,10.83215015340331,0.0,7,66,80
3,10,9,2.8,13.13975047079852,0.0,7,66,80
3,10,10,2.8,12.061379557218718,0.0,7,66,80
3,10,11,3.2,10.250073275674584,0.0,7,66,80
3,10,12,3.0,9.927974778178267,0.0,7,66,80
3,10,13,3.2,12.218473612156565,0.0,7,66,80
3,10,14,2.8,11.806173506383386,0.0,7,66,80
3,10,15,3.2,11.543026682510513,0.0,7,66,80
3,10,16,2.8,13.433637646321763,0.0,7,66,80
3,10,17,3.0,12.042277932217887,0.0,7,66,80
3,10,18,2.8,12.928053916345506,0.0,7,66,80
3,10,19,2.8,10.461882893274838,0.0,7,66,80
3,10,20,2.8,9.299933915091248,0.0,7,66,80
3,10,21,3.0,10.611000575049909,0.0,7,66,80
1,11,1,4.4,9.473669734245044,0.0,7,66,80
1,11,2,3.6,10.897770811803563,0.0,7,66,80
1,11,3,3.2,8.474858336922646,0.0,7,66,80
1,11,4,3.4,9.625169769775427,0.0,7,66,80
1,11,5,3.0,9.075383057747622,0.0,7,66,80
1,11,6,2.8,10.616572445848943,0.0,7,66,80
1,11,7,2.8,14.254484127366865,0.0,7,66,80
1,11,8,2.8,9.68684706030968,0.0,7,66,80
1,11,9,2.8,13.094482821617598,0.0,7,66,80
1,11,10,2.8,15.652070870898248,0.0,7,66,80
1,11,11,2.8,14.75010493983663,0.0,7,66,80
1,11,12,2.8,12.849580524791529,0.0,7,66,80
1,11,13,2.8,13.343799726199377,0.0,7,66,80
1,11,14,2.8,11.448734789386267,0.0,7,66,80
1,11,15,3.0,10.354823112401066,0.0,7,66,80
1,11,16,2.8,11.854221313357803,0.0,7,66,80
1,11,17,3.0,9.088737315666004,0.0,7,66,80
1,11,18,3.4,9.377858647064276,0.0,7,66,80
1,11,19,3.0,10.119761764677804,0.0,7,66,80
1,11,20,3.2,8.753233269320237,0.0,7,66,80
2,11,1,3.2,12.025918193190122,0.0,7,66,80
2,11,2,3.0,12.160565951267973,0.0,7,66,80
2,11,3,3.4,10.264439157220401,0.0,7,66,80
2,11,4,3.4,8.327929705948604,0.0,7,66,80
2,11,5,3.0,13.235343686475497,0.0,7,66,80
2,11,6,2.8,9.661023228979083,0.0,7,66,80
2,11,7,3.6,9.786369630117973,0.125,7,66,80
2,11,8,3.0,11.796853516236036,0.0,7,66,80
2,11,9,2.8,14.296890655001954,0.0,7,66,80
2,11,10,2.8,8.585308888622613,0.0,7,66,80
2,11,11,2.8,16.929685443367582,0.0,7,66,80
2,11,12,2.8,11.53128440774311,0.0,7,66,80
2,11,13,2.8,12.807474381830762,0.0,7,66,80
2,11,14,2.8,10.3504688360617,0.0,7,66,80
2,11,15,3.6,9.399945324962308,0.125,7,66,80
2,11,16,2.8,10.222010819425801,0.0,7,66,80
2,11,17,2.8,12.985888232923482,0.0,7,66,80
2,11,18,2.8,12.744516293897252,0.0,7,66,80
2,11,19,3.0,8.817859969445827,0.0,7,66,80
2,11,20,2.8,9.45167641720031,0.0,7,66,80
3,11,1,2.8,10.576639140491483,0.0,7,66,80
3,11,2,2.8,11.33553433272172,0.0,7,66,80
3,11,3,2.8,11.205566641042543,0.0,7,66,80
3,11,4,2.8,9.189496114976146,0.0,7,66,80
3,11,5,2.8,9.507840785418468,0.0,7,66,80
3,11,6,2.8,9.696819792169595,0.0,7,66,80
3,11,7,2.8,8.710269338580439,0.0,7,66,80
3,11,8,2.8,12.848160348543322,0.0,7,66,80
3,11,9,2.8,12.426114212832926,0.0,7,66,80
3,11,10,2.8,10.534570626827755,0.0,7,66,80
3,11,11,2.8,12.015452335499708,0.0,7,66,80
3,11,12,3.2,10.552058472348225,0.0,7,66,80
3,11,13,3.0,9.80630633752905,0.0,7,66,80
3,11,14,3.2,8.93495907469672,0.0,7,66,80
3,11,15,2.8,17.02078458148452,0.0,7,66,80
3,11,16,3.4,9.678321759863044,0.0,7,66,80
3,11,17,2.8,12.22657522462947,0.0,7,66,80
3,11,18,3.0,11.313384205239274,0.0,7,66,80
3,11,19,2.8,12.831874382216427,0.0,7,66,80
3,11,20,2.8,11.047616637619392,0.0,7,66,80
3,11,21,2.8,10.395767878987769,0.0,7,66,80
3,11,22,2.4,13.238908096142213,0.0,5,66,80
1,12,1,4.4,8.48638672940192,0.0,7,66,80
1,12,2,4.0,9.844767638602306,0.0,7,66,80
1,12,3,3.6,8.052945305775033,0.0,7,66,80
1,12,4,2.8,13.455937807222826,0.0,7,66,80
1,12,5,3.0,7.755292797797525,0.0,7,66,80
1,12,6,2.8,9.799259807593263,0.0,7,66,80
1,12,7,2.8,11.656506385370465,0.0,7,66,80
1,12,8,2.8,14.693486972985461,0.0,7,66,80
1,12,9,2.8,10.166770170268531,0.0,7,66,80
1,12,10,2.8,14.056984792363796,0.0,7,66,80
1,12,11,2.8,20.285877953867345,0.0,7,66,80
1,12,12,2.8,11.90708901982514,0.0,7,66,80
1,12,13,2.8,18.465689766746248,0.0,7,66,80
1,12,14,3.0,10.580595312030374,0.0,7,66,80
1,12,15,3.0,11.019701313919137,0.0,7,66,80
1,12,16,2.8,10.156518597388628,0.0,7,66,80
1,12,17,3.0,9.414110077168397,0.0,7,66,80
1,12,18,3.2,9.017316611542915,0.0,7,66,80
1,12,19,2.8,12.705517970993164,0.0,7,66,80
1,12,20,3.0,10.204461941977701,0.0,7,66,80
2,12,1,3.8,10.632686170680183,0.0,7,66,80
2,12,2,3.6,9.209960627411178,0.0,7,66,80
2,12,3,3.8,8.427329732646797,0.0,7,66,80
2,12,4,3.0,9.367361622245753,0.0,7,66,80
2,12,5,2.8,10.676428517813854,0.0,7,66,80
2,12,6,3.0,10.442765288551039,0.0,7,66,80
2,12,7,3.4,9.61202083509485,0.0,7,66,80
2,12,8,3.0,10.506268123433639,0.0,7,66,80
2,12,9,2.8,11.383144634136855,0.0,7,66,80
2,12,10,2.8,11.19855639457542,0.0,7,66,80
2,12,11,2.8,10.545028072689759,0.0,7,66,80
2,12,12,2.8,12.42341696611624,0.0,7,66,80
2,12,13,2.8,10.69033817877145,0.0,7,66,80
2,12,14,2.8,8.623477722627175,0.0,7,66,80
2,12,15,3.2,12.28868104365556,0.0,7,66,80
2,12,16,2.8,10.285386710634263,0.0,7,66,80
2,12,17,2.8,11.977669256001754,0.0,7,66,80
2,12,18,3.2,11.026301080562684,0.0,7,66,80
2,12,19,2.8,8.920547663150135,0.0,7,66,80
2,12,20,3.0,9.132139232034355,0.0,7,66,80
3,12,1,2.8,10.223063968688411,0.0,7,66,80
3,12,2,2.8,11.335534332721622,0.0,7,66,80
3,12,3,3.0,11.410246600217212,0.0,7,66,80
3,12,4,2.8,10.891780236954517,0.0,7,66,80
3,12,5,2.8,10.194736754970393,0.0,7,66,80
3,12,6,2.8,8.604081909642817,0.0,7,66,80
3,12,7,3.0,10.561198832316764,0.0,7,66,80
3,12,8,2.8,10.787219285456715,0.0,7,66,80
3,12,9,2.8,15.665650174098717,0.0,7,66,80
3,12,10,2.8,10.38650479483598,0.0,7,66,80
3,12,11,2.8,15.139914220977094,0.0,7,66,80
3,12,12,3.2,10.540113707758437,0.0,7,66,80
3,12,13,3.2,10.220628108857087,0.0,7,66,80
3,12,14,3.0,9.428719251337947,0.0,7,66,80
3,12,15,3.0,12.368678428180605,0.0,7,66,80
3,12,16,3.2,10.561774295455118,0.0,7,66,80
3,12,17,3.0,10.505897613307972,0.0,7,66,80
3,12,18,2.8,10.662460824811562,0.0,7,66,80
3,12,19,2.8,11.283313276904998,0.0,7,66,80
3,12,20,2.8,9.628795180896551,0.0,7,66,80
3,12,21,3.0,10.344023656206124,0.0,7,66,80
3,12,22,2.25,14.826454909249094,0.0,4,66,80
1,13,1,4.8,7.915955246070437,0.0,7,66,80
1,13,2,3.6,11.181353689992116,0.0,7,66,80
1,13,3,3.4,8.366990066049654,0.0,7,66,80
1,13,4,3.2,10.390363906849613,0.0,7,66,80
1,13,5,3.2,7.7836330693696585,0.0,7,66,80
1,13,6,2.8,9.796633643750244,0.0,7,66,80
1,13,7,2.8,12.265571945629283,0.0,7,66,80
1,13,8,2.8,10.23850507681158,0.0,7,66,80
1,13,9,2.8,12.56212527324958,0.0,7,66,80
1,13,10,2.8,13.308543698224462,0.0,7,66,80
1,13,11,2.8,17.031413384583573,0.0,7,66,80
1,13,12,2.8,12.63831711849529,0.0,7,66,80
1,13,13,3.0,12.292738194518439,0.0,7,66,80
1,13,14,2.8,11.99848434416659,0.0,7,66,80
1,13,15,2.8,10.138117331900485,0.0,7,66,80
1,13,16,2.8,12.1735226369027,0.0,7,66,80
1,13,17,3.0,9.63165695611192,0.0,7,66,80
1,13,18,3.0,8.820475499086221,0.0,7,66,80
1,13,19,3.2,8.976537135712654,0.0,7,66,80
1,13,20,3.2,8.670385304416612,0.0,7,66,80
2,13,1,3.0,12.252011877175754,0.0,7,66,80
2,13,2,2.8,12.8880214717206,0.0,7,66,80
2,13,3,3.2,9.701562081835885,0.0,7,66,80
2,13,4,3.0,11.170221005605574,0.0,7,66,80
2,13,5,2.8,11.546072108845607,0.0,7,66,80
2,13,6,3.0,9.726963179069724,0.0,7,66,80
2,13,7,3.2,11.148024359063456,0.0,7,66,80
2,13,8,3.2,9.591919485300744,0.0,7,66,80
2,13,9,2.8,12.809757829092328,0.0,7,66,80
2,13,10,2.8,10.4643673473242,0.0,7,66,80
2,13,11,2.8,10.32851045537502,0.0,7,66,80
2,13,12,2.8,12.529163100094198,0.0,7,66,80
2,13,13,2.8,11.201382717015544,0.0,7,66,80
2,13,14,2.8,10.500288122193297,0.0,7,66,80
2,13,15,3.0,8.849450990063803,0.0,7,66,80
2,13,16,3.0,12.16582152653499,0.0,7,66,80
2,13,17,2.8,11.45471284168162,0.0,7,66,80
2,13,18,2.8,12.32826892775208,0.0,7,66,80
2,13,19,3.0,10.4954427695999,0.0,7,66,80
2,13,20,2.8,7.631045868531693,0.0,7,66,80
2,13,21,3.0,12.136041274567775,0.0,7,66,80
3,13,1,3.4,7.912557258183676,0.0,7,66,80
3,13,2,2.8,9.95889390135749,0.0,7,66,80
3,13,3,3.2,10.238238972892226,0.0,7,66,80
3,13,4,2.8,9.670547281596612,0.0,7,66,80
3,13,5,2.8,9.974650466267434,0.0,7,66,80
3,13,6,2.8,8.401012675906953,0.0,7,66,80
3,13,7,3.0,11.225116269214721,0.0,7,66,80
3,13,8,3.0,10.26838096311405,0.0,7,66,80
3,13,9,2.8,15.703814504325042,0.0,7,66,80
3,13,10,2.8,12.279319480006988,0.0,7,66,80
3,13,11,3.8,7.312942114246043,0.125,7,66,80
3,13,12,3.0,9.70180488431579,0.0,7,66,80
3,13,13,3.0,12.88931115141305,0.0,7,66,80
3,13,14,2.8,13.218050271431832,0.0,7,66,80
3,13,15,3.0,9.37310632726964,0.0,7,66,80
3,13,16,3.0,17.128697498031347,0.0,7,66,80
3,13,17,2.8,10.437927883201565,0.0,7,66,80
3,13,18,2.8,12.789349902034036,0.0,7,66,80
3,13,19,2.8,12.85221384238905,0.0,7,66,80
3,13,20,2.8,10.294978305958722,0.0,7,66,80
3,13,21,2.8,8.884315799269128,0.0,7,66,80
1,14,1,4.8,9.939825518049487,0.0,7,66,80
1,14,2,3.8,9.25454486157731,0.0,7,66,80
1,14,3,3.4,8.899839245084273,0.0,7,66,80
1,14,4,3.0,12.663006596978203,0.0,7,66,80
1,14,5,3.2,8.032645530530894,0.0,7,66,80
1,14,6,2.8,8.706722311841535,0.0,7,66,80
1,14,7,2.8,10.891144283877646,0.0,7,66,80
1,14,8,2.8,10.290959553410216,0.0,7,66,80
1,14,9,2.8,10.98241022729388,0.0,7,66,80
1,14,10,2.8,16.42891921962409,0.0,7,66,80
1,14,11,2.8,15.147684105010654,0.0,7,66,80
1,14,12,2.8,10.269196024906186,0.0,7,66,80
1,14,13,2.8,18.469767549281364,0.0,7,66,80
1,14,14,2.8,13.852064729030879,0.0,7,66,80
1,14,15,3.2,9.890257977764396,0.0,7,66,80
1,14,16,2.8,11.518260079047733,0.0,7,66,80
1,14,17,3.6,7.441902125423029,0.0,7,66,80
1,14,18,3.2,10.787378097290006,0.0,7,66,80
1,14,19,3.0,8.714284491206573,0.0,7,66,80
1,14,20,3.4,8.155421427169783,0.0,7,66,80
2,14,1,2.8,13.986145712288046,0.0,7,66,80
2,14,2,2.8,9.48765725887105,0.0,7,66,80
2,14,3,3.2,9.913893697849362,0.0,7,66,80
2,14,4,3.2,10.885615094295547,0.0,7,66,80
2,14,5,3.0,9.508876215028046,0.0,7,66,80
2,14,6,2.8,9.492763057118854,0.0,7,66,80
2,14,7,3.2,11.482907081975721,0.0,7,66,80
2,14,8,3.0,9.424761973931712,0.0,7,66,80
2,14,9,2.8,10.477551373402328,0.0,7,66,80
2,14,10,2.8,12.17169369326592,0.0,7,66,80
2,14,11,2.8,11.865249039424635,0.0,7,66,80
2,14,12,2.8,12.345614854632599,0.0,7,66,80
2,14,13,2.8,12.793393954502505,0.0,7,66,80
2,14,14,3.0,10.595241947438785,0.0,7,66,80
2,14,15,3.0,10.057256312758607,0.0,7,66,80
2,14,16,3.0,11.928546533072513,0.0,7,66,80
2,14,17,2.8,10.67499161743664,0.0,7,66,80
2,14,18,2.8,13.292866688853882,0.0,7,66,80
2,14,19,3.2,9.022697344310666,0.0,7,66,80
2,14,20,2.8,8.094286711665838,0.0,7,66,80
2,14,21,3.0,12.396004728424856,0.0,7,66,80
3,14,1,2.8,10.038492210267854,0.0,7,66,80
3,14,2,2.8,11.44156227419671,0.0,7,66,80
3,14,3,2.8,12.963071146755354,0.0,7,66,80
3,14,4,2.8,10.391743503156402,0.0,7,66,80
3,14,5,2.8,10.800687467163774,0.0,7,66,80
3,14,6,2.8,10.249311728592279,0.0,7,66,80
3,14,7,2.8,9.598828104059788,0.0,7,66,80
3,14,8,3.0,10.245911145654818,0.0,7,66,80
3,14,9,2.8,10.878283424636585,0.0,7,66,80
3,14,10,2.8,9.865688027785938,0.0,7,66,80
3,14,11,3.0,10.075884100704103,0.0,7,66,80
3,14,12,3.2,10.291807271649242,0.0,7,66,80
3,14,13,3.0,9.451674397911091,0.0,7,66,80
3,14,14,3.2,8.321427089479034,0.0,7,66,80
3,14,15,3.0,16.032408967707497,0.0,7,66,80
3,14,16,3.0,11.647598815252993,0.0,7,66,80
3,14,17,2.8,12.966637321450522,0.0,7,66,80
3,14,18,3.0,10.324571838811412,0.0,7,66,80
3,14,19,2.8,12.614748904580493,0.0,7,66,80
3,14,20,3.0,8.388673757180097,0.0,7,66,80
3,14,21,3.0,9.003951122294737,0.0,7,66,80
3,14,22,2.25,14.561706201519552,0.0,4,66,80
1,15,1,4.6,9.187374119697852,0.0,7,66,80
1,15,2,3.8,9.017177631523088,0.0,7,66,80
1,15,3,3.4,7.437570634788584,0.0,7,66,80
1,15,4,3.2,11.522854415193521,0.0,7,66,80
1,15,5,3.2,9.654122725533094,0.0,7,66,80
1,15,6,2.8,9.639915607455663,0.0,7,66,80
1,15,7,2.8,11.406534438618964,0.0,7,66,80
1,15,8,2.8,13.198613990288521,0.0,7,66,80
1,15,9,2.8,11.963570292179108,0.0,7,66,80
1,15,10,2.8,12.691880444411403,0.0,7,66,80
1,15,11,2.8,16.983413019178993,0.0,7,66,80
1,15,12,2.8,11.438794622478161,0.0,7,66,80
1,15,13,2.8,14.581530919421182,0.0,7,66,80
1,15,14,2.8,10.857171530828767,0.0,7,66,80
1,15,15,2.8,11.354985057712968,0.0,7,66,80
1,15,16,2.8,12.391170367716468,0.0,7,66,80
1,15,17,3.0,8.694237663202081,0.0,7,66,80
1,15,18,3.2,8.366312645785026,0.0,7,66,80
1,15,19,3.2,8.793157708468174,0.0,7,66,80
1,15,20,3.2,10.516395115988178,0.0,7,66,80
2,15,1,3.4,12.984948693619025,0.0,7,66,80
2,15,2,3.0,10.765713668160064,0.0,7,66,80
2,15,3,3.2,10.206234854136893,0.0,7,66,80
2,15,4,3.6,8.190946124249256,0.0,7,66,80
2,15,5,2.8,11.973074391693748,0.0,7,66,80
2,15,6,3.0,10.705753884325645,0.0,7,66,80
2,15,7,3.2,9.024216450928858,0.0,7,66,80
2,15,8,2.8,11.736252628080065,0.0,7,66,80
2,15,9,2.8,11.60190999866039,0.0,7,66,80
2,15,10,2.8,7.919204095773937,0.0,7,66,80
2,15,11,3.0,13.895702270821868,0.0,7,66,80
2,15,12,2.8,11.060990045886248,0.0,7,66,80
2,15,13,2.8,11.335587862758166,0.0,7,66,80
2,15,14,3.0,10.001968155871031,0.0,7,66,80
2,15,15,3.0,10.367407564484736,0.0,7,66,80
2,15,16,3.0,12.946716586844465,0.0,7,66,80
2,15,17,2.8,10.458413794176991,0.0,7,66,80
2,15,18,3.0,15.510444345820005,0.0,7,66,80
2,15,19,3.0,8.1822810984804,0.0,7,66,80
2,15,20,2.8,8.339645540091805,0.0,7,66,80
2,15,21,2.2,16.659112752123736,0.0,5,66,80
3,15,1,2.8,10.240180339374279,0.0,7,66,80
3,15,2,2.8,10.2524381836052,0.0,7,66,80
3,15,3,3.0,10.960397340612516,0.0,7,66,80
3,15,4,2.8,10.445347528986375,0.0,7,66,80
3,15,5,2.8,11.519649825011241,0.0,7,66,80
3,15,6,3.0,8.222629141550474,0.0,7,66,80
3,15,7,3.0,8.92851057564231,0.0,7,66,80
3,15,8,2.8,11.442671361274687,0.0,7,66,80
3,15,9,3.0,12.291128832909843,0.0,7,66,80
3,15,10,2.8,10.973103592649066,0.0,7,66,80
3,15,11,2.8,12.371646559413223,0.0,7,66,80
3,15,12,3.6,7.991881377237876,0.125,7,66,80
3,15,13,3.0,10.474600809582986,0.0,7,66,80
3,15,14,2.8,11.456396606687655,0.0,7,66,80
3,15,15,3.0,11.189760072681345,0.0,7,66,80
3,15,16,2.8,14.034855648175299,0.0,7,66,80
3,15,17,2.8,11.941789642369315,0.0,7,66,80
3,15,18,2.8,11.433682146500573,0.0,7,66,80
3,15,19,2.8,13.476412193229997,0.0,7,66,80
3,15,20,2.8,8.949790011203929,0.0,7,66,80
3,15,21,2.8,9.157702165436586,0.0,7,66,80
3,15,22,2.2,16.435576910326514,0.0,5,66,80
1,16,1,4.6,8.83707257434398,0.0,7,66,80
1,16,2,3.6,10.776144615969665,0.0,7,66,80
1,16,3,3.4,7.993425102532453,0.0,7,66,80
1,16,4,2.8,14.454423902465798,0.0,7,66,80
1,16,5,3.0,9.604539428586056,0.0,7,66,80
1,16,6,3.0,8.778262588150824,0.0,7,66,80
1,16,7,2.8,13.61057178056204,0.0,7,66,80
1,16,8,2.8,11.304097275734527,0.0,7,66,80
1,16,9,2.8,14.375205664701785,0.0,7,66,80
1,16,10,2.8,16.330753761228323,0.0,7,66,80
1,16,11,2.8,16.13215725643672,0.0,7,66,80
1,16,12,2.8,11.159994997069566,0.0,7,66,80
1,16,13,2.8,13.833932837505198,0.0,7,66,80
1,16,14,2.8,11.029634934225678,0.0,7,66,80
1,16,15,3.0,9.5962928844128,0.0,7,66,80
1,16,16,2.8,13.873845083663397,0.0,7,66,80
1,16,17,3.0,8.796845395422844,0.0,7,66,80
1,16,18,3.0,8.950377848413996,0.0,7,66,80
1,16,19,3.0,11.515644746725616,0.0,7,66,80
1,16,20,3.0,9.460214662300723,0.0,7,66,80
1,16,21,2.4,12.0105147690474,0.0,5,66,80
2,16,1,3.2,13.279218033339069,0.0,7,66,80
2,16,2,2.8,10.369691221052085,0.0,7,66,80
2,16,3,4.2,7.381269846424372,0.125,7,66,80
2,16,4,2.8,9.94806349647382,0.0,7,66,80
2,16,5,2.8,10.953208911913087,0.0,7,66,80
2,16,6,2.8,10.15205132056806,0.0,7,66,80
2,16,7,3.2,9.836852228403124,0.0,7,66,80
2,16,8,3.2,9.759562282993475,0.0,7,66,80
2,16,9,2.8,13.496449911425719,0.0,7,66,80
2,16,10,2.8,9.304698145311,0.0,7,66,80
2,16,11,3.0,13.009017493071964,0.0,7,66,80
2,16,12,2.8,11.497652106550833,0.0,7,66,80
2,16,13,2.8,11.840316801880267,0.0,7,66,80
2,16,14,2.8,9.995582931382666,0.0,7,66,80
2,16,15,3.6,8.368871681384226,0.125,7,66,80
2,16,16,2.8,11.230017508549661,0.0,7,66,80
2,16,17,2.8,10.68956777189426,0.0,7,66,80
2,16,18,2.8,16.643333808618255,0.0,7,66,80
2,16,19,3.0,8.442041356365937,0.0,7,66,80
2,16,20,2.8,8.561450651929164,0.0,7,66,80
2,16,21,2.75,11.900990907048863,0.0,4,66,80
3,16,1,3.2,8.350846096256108,0.0,7,66,80
3,16,2,2.8,12.282518285676495,0.0,7,66,80
3,16,3,3.0,11.435749927463515,0.0,7,66,80
3,16,4,2.8,7.973451842711546,0.0,7,66,80
3,16,5,2.8,9.947962963939018,0.0,7,66,80
3,16,6,2.8,9.975202220850816,0.0,7,66,80
3,16,7,3.0,11.107896104950594,0.0,7,66,80
3,16,8,3.0,10.63647299335585,0.0,7,66,80
3,16,9,2.8,15.230668305717657,0.0,7,66,80
3,16,10,2.8,11.290272046244885,0.0,7,66,80
3,16,11,3.6,7.406652272767437,0.125,7,66,80
3,16,12,3.0,10.804926063397607,0.0,7,66,80
3,16,13,3.2,9.653530351132446,0.0,7,66,80
3,16,14,3.0,10.72157796291024,0.0,7,66,80
3,16,15,3.0,9.670544597011432,0.0,7,66,80
3,16,16,2.8,11.114483921158461,0.0,7,66,80
3,16,17,3.0,10.769956492125683,0.0,7,66,80
3,16,18,2.8,11.827985688675254,0.0,7,66,80
3,16,19,2.8,10.183183260428288,0.0,7,66,80
3,16,20,2.8,8.57017318767529,0.0,7,66,80
3,16,21,3.0,9.938540424329233,0.0,7,66,80
1,17,1,4.6,7.514657630153231,0.0,7,66,80
1,17,2,3.6,10.404040625105054,0.0,7,66,80
1,17,3,3.2,8.305419023929252,0.0,7,66,80
1,17,4,3.0,13.065470162326404,0.0,7,66,80
1,17,5,3.0,10.948162264416604,0.0,7,66,80
1,17,6,2.8,9.732772583989394,0.0,7,66,80
1,17,7,2.8,13.713944492457982,0.0,7,66,80
1,17,8,2.8,10.722488297152609,0.0,7,66,80
1,17,9,2.8,14.910902868669021,0.0,7,66,80
1,17,10,2.8,14.005553426484983,0.0,7,66,80
1,17,11,2.8,16.811579791580026,0.0,7,66,80
1,17,12,2.8,11.546711810919088,0.0,7,66,80
1,17,13,2.8,12.757264204741189,0.0,7,66,80
1,17,14,2.8,11.795877294663098,0.0,7,66,80
1,17,15,2.8,12.497033951902917,0.0,7,66,80
1,17,16,2.8,12.4292498910511,0.0,7,66,80
1,17,17,3.2,8.932450932331307,0.0,7,66,80
1,17,18,3.4,8.518079090663162,0.0,7,66,80
1,17,19,3.0,9.90413932669067,0.0,7,66,80
1,17,20,3.0,9.791027213582659,0.0,7,66,80
1,17,21,2.75,10.807457629318622,0.0,4,66,80
2,17,1,3.0,11.73484529020749,0.0,7,66,80
2,17,2,3.0,10.802191571858629,0.0,7,66,80
2,17,3,4.2,7.610900649227499,0.125,7,66,80
2,17,4,2.8,9.090480102749718,0.0,7,66,80
2,17,5,2.8,11.641188633650867,0.0,7,66,80
2,17,6,2.8,9.302769631679729,0.0,7,66,80
2,17,7,3.2,10.146927627314119,0.0,7,66,80
2,17,8,2.8,11.532009266373215,0.0,7,66,80
2,17,9,2.8,11.642665888471427,0.0,7,66,80
2,17,10,2.8,10.362067241124272,0.0,7,66,80
2,17,11,3.0,12.388569288249748,0.0,7,66,80
2,17,12,2.8,12.36179682224488,0.0,7,66,80
2,17,13,2.8,10.651344223056777,0.0,7,66,80
2,17,14,2.8,9.964930851637467,0.0,7,66,80
2,17,15,3.0,11.506317330573026,0.0,7,66,80
2,17,16,2.8,12.133938056009487,0.0,7,66,80
2,17,17,2.8,10.900923120856993,0.0,7,66,80
2,17,18,3.0,12.79383955006177,0.0,7,66,80
2,17,19,3.0,9.488180408637874,0.0,7,66,80
2,17,20,3.0,7.713355914067316,0.0,7,66,80
2,17,21,2.8,10.560153977560446,0.0,6,66,80
3,17,1,3.0,9.341575205349873,0.0,7,66,80
3,17,2,3.0,10.968097990118023,0.0,7,66,80
3,17,3,3.0,14.03343744490503,0.0,7,66,80
3,17,4,2.8,8.423704578026202,0.0,7,66,80
3,17,5,3.0,8.749816626960806,0.0,7,66,80
3,17,6,3.0,9.282553153419588,0.0,7,66,80
3,17,7,3.0,12.459998678371914,0.0,7,66,80
3,17,8,2.8,11.999003972680073,0.0,7,66,80
3,17,9,2.8,13.518579808491772,0.0,7,66,80
3,17,10,2.8,10.117668503685724,0.0,7,66,80
3,17,11,3.6,8.05078970528918,0.125,7,66,80
3,17,12,2.8,9.823791664977147,0.0,7,66,80
3,17,13,3.0,11.280222728485926,0.0,7,66,80
3,17,14,2.8,13.009866379454097,0.0,7,66,80
3,17,15,3.2,12.081605042955259,0.0,7,66,80
3,17,16,2.8,16.19778228001773,0.0,7,66,80
3,17,17,3.0,10.187817398367962,0.0,7,66,80
3,17,18,2.8,12.81110371373357,0.0,7,66,80
3,17,19,2.8,12.209377751039394,0.0,7,66,80
3,17,20,2.8,8.98369754039652,0.0,7,66,80
3,17,21,3.0,10.610762304833305,0.0,7,66,80
1,18,1,4.2,8.330230224595436,0.0,7,66,80
1,18,2,3.8,11.355965516429785,0.0,7,66,80
1,18,3,3.4,8.281876186027805,0.0,7,66,80
1,18,4,3.2,10.470922843793055,0.0,7,66,80
1,18,5,3.0,8.994110613415028,0.0,7,66,80
1,18,6,2.8,9.571112670344444,0.0,7,66,80
1,18,7,2.8,11.986224418864877,0.0,7,66,80
1,18,8,2.8,9.655803627108849,0.0,7,66,80
1,18,9,2.8,11.280557096737372,0.0,7,66,80
1,18,10,2.8,15.027547383382348,0.0,7,66,80
1,18,11,2.8,13.86755892170897,0.0,7,66,80
1,18,12,2.8,13.18701191155288,0.0,7,66,80
1,18,13,2.8,12.18369823140449,0.0,7,66,80
1,18,14,2.8,13.38080139420146,0.0,7,66,80
1,18,15,3.0,11.634297859447264,0.0,7,66,80
1,18,16,2.8,12.493204002352757,0.0,7,66,80
1,18,17,3.0,9.59525793784968,0.0,7,66,80
1,18,18,3.4,8.007155224747946,0.0,7,66,80
1,18,19,3.0,10.399182316144987,0.0,7,66,80
1,18,20,3.0,11.046215619175317,0.0,7,66,80
1,18,21,2.5,13.146622720753303,0.0,4,66,80
2,18,1,3.6,11.851887569650938,0.0,7,66,80
2,18,2,4.0,8.9840253683001,0.0,7,66,80
2,18,3,3.0,10.062390231557867,0.0,7,66,80
2,18,4,3.2,9.237438813418153,0.0,7,66,80
2,18,5,3.2,9.196073637509436,0.0,7,66,80
2,18,6,3.0,11.546815345890282,0.0,7,66,80
2,18,7,3.4,9.29079300173969,0.0,7,66,80
2,18,8,2.8,11.834394781084448,0.0,7,66,80
2,18,9,2.8,12.849718087254757,0.0,7,66,80
2,18,10,2.8,9.208181842246344,0.0,7,66,80
2,18,11,2.8,14.430150675547464,0.0,7,66,80
2,18,12,2.8,12.21779402935966,0.0,7,66,80
2,18,13,2.8,11.400542769632617,0.0,7,66,80
2,18,14,2.8,8.924238016173955,0.0,7,66,80
2,18,15,3.2,10.702040503213308,0.0,7,66,80
2,18,16,2.8,11.61748029143619,0.0,7,66,80
2,18,17,2.8,14.788012666177762,0.0,7,66,80
2,18,18,3.2,8.610471906445435,0.0,7,66,80
2,18,19,2.8,8.750561344897374,0.0,7,66,80
2,18,20,3.0,8.674072158040767,0.0,7,66,80
3,18,1,3.2,8.858866217043934,0.0,7,66,80
3,18,2,2.8,13.443400074534953,0.0,7,66,80
3,18,3,3.0,12.187763369015293,0.0,7,66,80
3,18,4,2.8,8.132483589865233,0.0,7,66,80
3,18,5,3.0,8.812855524046592,0.0,7,66,80
3,18,6,2.8,10.061956642420832,0.0,7,66,80
3,18,7,2.8,10.754414752614657,0.0,7,66,80
3,18,8,3.0,11.221950543366221,0.0,7,66,80
3,18,9,2.8,11.86292732755905,0.0,7,66,80
3,18,10,2.8,11.859473724398143,0.0,7,66,80
3,18,11,3.8,7.71042718191494,0.125,7,66,80
3,18,12,2.8,10.033294082058221,0.0,7,66,80
3,18,13,2.8,13.736994991138383,0.0,7,66,80
3,18,14,2.8,11.481849900566067,0.0,7,66,80
3,18,15,2.8,14.033925072633263,0.0,7,66,80
3,18,16,2.8,12.092437058710978,0.0,7,66,80
3,18,17,3.0,9.450700660754771,0.0,7,66,80
3,18,18,2.8,11.838891513411841,0.0,7,66,80
3,18,19,2.8,13.711729438099695,0.0,7,66,80
3,18,20,2.8,9.79848133377747,0.0,7,66,80
3,18,21,2.8,10.825453953904708,0.0,7,66,80
3,18,22,2.0,14.586289799137491,0.0,5,66,80
1,19,1,4.8,8.581018681240101,0.0,7,66,80
1,19,2,3.6,10.591760223071352,0.0,7,66,80
1,19,3,3.4,8.630625066049218,0.0,7,66,80
1,19,4,3.0,11.37156585832866,0.0,7,66,80
1,19,5,3.0,8.695299408580789,0.0,7,66,80
1,19,6,3.0,11.359667550297921,0.0,7,66,80
1,19,7,2.8,11.603685644367276,0.0,7,66,80
1,19,8,2.8,12.993790592300027,0.0,7,66,80
1,19,9,2.8,11.097757696134467,0.0,7,66,80
1,19,10,2.8,11.964437233814303,0.0,7,66,80
1,19,11,2.8,14.446062504859421,0.0,7,66,80
1,19,12,2.8,9.38541259130389,0.0,7,66,80
1,19,13,2.8,14.879850794538124,0.0,7,66,80
1,19,14,2.8,11.90793057175395,0.0,7,66,80
1,19,15,3.0,9.737597946940308,0.0,7,66,80
1,19,16,2.8,10.02139477940735,0.0,7,66,80
1,19,17,3.4,8.147107390324456,0.0,7,66,80
1,19,18,3.0,8.54597929861627,0.0,7,66,80
1,19,19,3.0,10.82056838699647,0.0,7,66,80
1,19,20,3.4,8.317026159948991,0.0,7,66,80
2,19,1,2.8,13.316222872296343,0.0,7,66,80
2,19,2,2.8,12.265602902134908,0.0,7,66,80
2,19,3,4.2,7.561197364756669,0.125,7,66,80
2,19,4,2.8,10.717718584254733,0.0,7,66,80
2,19,5,2.8,9.623560113597604,0.0,7,66,80
2,19,6,2.8,10.948470864765817,0.0,7,66,80
2,19,7,3.2,10.4580433660148,0.0,7,66,80
2,19,8,3.2,10.762499868619841,0.0,7,66,80
2,19,9,2.8,12.921753296100091,0.0,7,66,80
2,19,10,2.8,9.64320837435988,0.0,7,66,80
2,19,11,3.0,11.814239721317382,0.0,7,66,80
2,19,12,2.8,11.458564593397432,0.0,7,66,80
2,19,13,2.8,11.406177694647823,0.0,7,66,80
2,19,14,3.0,9.31909767535399,0.0,7,66,80
2,19,15,3.0,11.380043611349683,0.0,7,66,80
2,19,16,2.8,12.076916106072462,0.0,7,66,80
2,19,17,2.8,11.376121797960886,0.0,7,66,80
2,19,18,3.0,12.037587067416018,0.0,7,66,80
2,19,19,3.2,9.35203458284206,0.0,7,66,80
2,19,20,3.0,8.625553298790173,0.0,7,66,80
2,19,21,2.4,13.231709113131892,0.0,5,66,80
3,19,1,3.2,8.707518184626428,0.0,7,66,80
3,19,2,3.6,8.868371525861678,0.0,7,66,80
3,19,3,3.0,12.444176946822493,0.0,7,66,80
3,19,4,2.8,10.305699126204978,0.0,7,66,80
3,19,5,3.0,8.454035428296443,0.0,7,66,80
3,19,6,2.8,8.445372155176612,0.0,7,66,80
3,19,7,3.0,11.792338707990769,0.0,7,66,80
3,19,8,2.8,8.439425840738249,0.0,7,66,80
3,19,9,2.8,16.121160108061066,0.0,7,66,80
3,19,10,2.8,13.14336033735192,0.0,7,66,80
3,19,11,3.0,8.303537283255295,0.0,7,66,80
3,19,12,2.8,10.082916045870741,0.0,7,66,80
3,19,13,3.2,10.516690980263025,0.0,7,66,80
3,19,14,3.0,10.035482462266785,0.0,7,66,80
3,19,15,3.0,9.57966311114474,0.0,7,66,80
3,19,16,3.2,12.19908561160117,0.0,7,66,80
3,19,17,3.0,10.465313734302368,0.0,7,66,80
3,19,18,2.8,11.999718961982804,0.0,7,66,80
3,19,19,2.8,10.303040879975187,0.0,7,66,80
3,19,20,2.8,10.14937845993481,0.0,7,66,80
3,19,21,3.0,9.891956406194572,0.0,7,66,80
1,20,1,4.2,8.330230224595436,0.0,7,66,80
1,20,2,3.8,8.998790246101839,0.0,7,66,80
1,20,3,3.2,8.966667962510687,0.0,7,66,80
1,20,4,2.8,13.001670881148815,0.0,7,66,80
1,20,5,3.0,9.026310873535442,0.0,7,66,80
1,20,6,2.8,10.709848856698072,0.0,7,66,80
1,20,7,2.8,14.171016124679275,0.0,7,66,80
1,20,8,2.8,9.677665962408724,0.0,7,66,80
1,20,9,2.8,15.690350768138892,0.0,7,66,80
1,20,10,2.8,12.339206771204083,0.0,7,66,80
1,20,11,2.8,13.31348590523504,0.0,7,66,80
1,20,12,2.8,13.551940177999455,0.0,7,66,80
1,20,13,2.8,11.999263237228757,0.0,7,66,80
1,20,14,2.8,12.490390589489186,0.0,7,66,80
1,20,15,3.0,12.688462033430472,0.0,7,66,80
1,20,16,2.8,12.230873907800376,0.0,7,66,80
1,20,17,3.2,7.980012982058602,0.0,7,66,80
1,20,18,3.2,11.362637695394344,0.0,7,66,80
1,20,19,3.0,9.394954747186565,0.0,7,66,80
1,20,20,3.2,8.829412560691528,0.0,7,66,80
1,20,21,2.4,13.022791358570165,0.0,5,66,80
2,20,1,3.4,10.526597429673037,0.0,7,66,80
2,20,2,2.8,12.122911327069883,0.0,7,66,80
2,20,3,3.8,7.997626183761079,0.125,7,66,80
2,20,4,3.0,8.8189060910107,0.0,7,66,80
2,20,5,2.8,13.170326739531612,0.0,7,66,80
2,20,6,2.8,8.975136676517744,0.0,7,66,80
2,20,7,3.2,10.130121323526557,0.0,7,66,80
2,20,8,3.2,9.47237460276637,0.0,7,66,80
2,20,9,2.8,12.107173514188155,0.0,7,66,80
2,20,10,2.8,9.626904908047699,0.0,7,66,80
2,20,11,3.0,13.177184727571024,0.0,7,66,80
2,20,12,2.8,11.923535609678451,0.0,7,66,80
2,20,13,2.8,11.886338688602637,0.0,7,66,80
2,20,14,2.8,8.995853632526897,0.0,7,66,80
2,20,15,3.0,9.186480916005841,0.0,7,66,80
2,20,16,2.8,14.527955269753722,0.0,7,66,80
2,20,17,2.8,10.999109121678433,0.0,7,66,80
2,20,18,3.0,11.658726568934425,0.0,7,66,80
2,20,19,3.0,8.397131674690069,0.0,7,66,80
2,20,20,2.8,8.304436466520572,0.0,7,66,80
2,20,21,2.6,10.603291694118706,0.0,6,66,80
3,20,1,2.8,9.6428199947887,0.0,7,66,80
3,20,2,3.0,11.701351888120355,0.0,7,66,80
3,20,3,2.8,11.924864303693413,0.0,7,66,80
3,20,4,2.8,10.608404158364708,0.0,7,66,80
3,20,5,2.8,9.008482588484815,0.0,7,66,80
3,20,6,2.8,8.996418562779514,0.0,7,66,80
3,20,7,3.0,9.768409269435338,0.0,7,66,80
3,20,8,2.8,10.491161780947456,0.0,7,66,80
3,20,9,3.2,12.456419079928725,0.0,7,66,80
3,20,10,2.8,12.42169799252116,0.0,7,66,80
3,20,11,2.8,13.61055387390009,0.0,7,66,80
3,20,12,3.2,10.176148331134975,0.0,7,66,80
3,20,13,3.2,9.02726137517275,0.0,7,66,80
3,20,14,2.8,11.426520950953918,0.0,7,66,80
3,20,15,3.0,10.709909775266057,0.0,7,66,80
3,20,16,2.8,10.083262674051557,0.0,7,66,80
3,20,17,2.8,12.69744255006872,0.0,7,66,80
3,20,18,2.8,10.261248945467443,0.0,7,66,80
3,20,19,2.8,12.241178210788606,0.0,7,66,80
3,20,20,2.8,9.258232938900306,0.0,7,66,80
3,20,21,2.8,10.273532363820584,0.0,7,66,80
3,20,22,2.4,14.954539919056923,0.0,5,66,80
1,21,1,4.2,9.002231041334877,0.0,7,66,80
1,21,2,3.8,10.237053556680223,0.0,7,66,80
1,21,3,3.2,9.894181818632555,0.0,7,66,80
1,21,4,3.4,10.935145020597309,0.0,7,66,80
1,21,5,3.2,8.911815572337407,0.0,7,66,80
1,21,6,2.8,10.19723483069331,0.0,7,66,80
1,21,7,2.8,10.214179689993168,0.0,7,66,80
1,21,8,2.8,11.585939930169754,0.0,7,66,80
1,21,9,2.8,11.462471685119,0.0,7,66,80
1,21,10,2.8,16.125927417078255,0.0,7,66,80
1,21,11,2.8,15.939539994323006,0.0,7,66,80
1,21,12,2.8,10.87559059245583,0.0,7,66,80
1,21,13,2.8,18.579557263523256,0.0,7,66,80
1,21,14,3.0,12.540226662180286,0.0,7,66,80
1,21,15,2.8,12.734293316015858,0.0,7,66,80
1,21,16,2.8,11.668835502279556,0.0,7,66,80
1,21,17,3.2,8.491785154008701,0.0,7,66,80
1,21,18,3.2,7.864075883024363,0.0,7,66,80
1,21,19,2.8,12.166805396100177,0.0,7,66,80
1,21,20,3.2,8.753233269320178,0.0,7,66,80
1,21,21,2.25,11.242829195013055,0.0,4,66,80
2,21,1,3.0,13.175807029865641,0.0,7,66,80
2,21,2,2.8,11.886153321859044,0.0,7,66,80
2,21,3,3.8,8.933484276427636,0.125,7,66,80
2,21,4,3.0,9.168281397199568,0.0,7,66,80
2,21,5,2.8,9.761799292963277,0.0,7,66,80
2,21,6,2.8,9.870637765223913,0.0,7,66,80
2,21,7,3.2,9.804233187338374,0.0,7,66,80
2,21,8,2.8,12.13500589865999,0.0,7,66,80
2,21,9,2.8,11.684074892187024,0.0,7,66,80
2,21,10,3.0,9.952204296375385,0.0,7,66,80
2,21,11,2.8,11.59007668141078,0.0,7,66,80
2,21,12,2.8,14.11559796736613,0.0,7,66,80
2,21,13,2.8,10.285060187197313,0.0,7,66,80
2,21,14,3.0,12.440779087687124,0.0,7,66,80
2,21,15,3.0,8.958431903747961,0.0,7,66,80
2,21,16,2.8,13.84495644446069,0.0,7,66,80
2,21,17,2.8,10.339565897349221,0.0,7,66,80
2,21,18,3.0,11.7981064612403,0.0,7,66,80
2,21,19,3.2,8.943073476588612,0.0,7,66,80
2,21,20,2.8,8.549007998360882,0.0,7,66,80
2,21,21,3.0,10.460681441850932,0.0,7,66,80
3,21,1,3.0,9.821613556176262,0.0,7,66,80
3,21,2,2.8,13.464768855627934,0.0,7,66,80
3,21,3,2.8,11.349520667491438,0.0,7,66,80
3,21,4,2.8,9.95243133996625,0.0,7,66,80
3,21,5,2.8,8.542915290276197,0.0,7,66,80
3,21,6,2.8,10.213285667987583,0.0,7,66,80
3,21,7,2.8,10.076911188940247,0.0,7,66,80
3,21,8,2.8,13.70677733266584,0.0,7,66,80
3,21,9,2.8,13.584363835040211,0.0,7,66,80
3,21,10,2.8,11.763154856954875,0.0,7,66,80
3,21,11,2.8,10.95971969170192,0.0,7,66,80
3,21,12,3.8,7.708010760758227,0.125,7,66,80
3,21,13,3.0,9.62949247388564,0.0,7,66,80
3,21,14,3.0,9.443871709989466,0.0,7,66,80
3,21,15,3.0,12.157561908375243,0.0,7,66,80
3,21,16,2.8,15.192986013722376,0.0,7,66,80
3,21,17,2.8,13.10556090618259,0.0,7,66,80
3,21,18,3.0,10.629615154575019,0.0,7,66,80
3,21,19,2.8,16.059592118224877,0.0,7,66,80
3,21,20,2.8,8.396865842310563,0.0,7,66,80
3,21,21,2.8,10.078198953474375,0.0,7,66,80
3,21,22,2.2,17.929160757094472,0.0,5,66,80
1,22,1,4.8,7.437237069701865,0.0,7,66,80
1,22,2,3.8,9.860265761343626,0.0,7,66,80
1,22,3,3.4,8.899839245084273,0.0,7,66,80
1,22,4,3.0,12.103457935669935,0.0,7,66,80
1,22,5,3.2,8.557362675276195,0.0,7,66,80
1,22,6,2.8,10.160015119565871,0.0,7,66,80
1,22,7,2.8,11.78578842991076,0.0,7,66,80
1,22,8,2.8,14.226919144587601,0.0,7,66,80
1,22,9,2.8,11.730679216698785,0.0,7,66,80
1,22,10,2.8,14.219240507069628,0.0,7,66,80
1,22,11,2.8,16.33873863438792,0.0,7,66,80
1,22,12,2.8,9.76972650907032,0.0,7,66,80
1,22,13,2.8,15.88872466508612,0.0,7,66,80
1,22,14,2.8,11.242014285781796,0.0,7,66,80
1,22,15,2.8,10.747435709116685,0.0,7,66,80
1,22,16,3.0,11.266537043176838,0.0,7,66,80
1,22,17,3.4,7.309669265933997,0.0,7,66,80
1,22,18,3.2,9.867628014918516,0.0,7,66,80
1,22,19,3.0,9.386666086285148,0.0,7,66,80
1,22,20,3.2,8.952474088522496,0.0,7,66,80
2,22,1,3.2,13.604124829084475,0.0,7,66,80
2,22,2,3.0,10.903207621981412,0.0,7,66,80
2,22,3,4.0,7.737412689156324,0.125,7,66,80
2,22,4,3.0,10.192050957149382,0.0,7,66,80
2,22,5,2.8,12.511934227486297,0.0,7,66,80
2,22,6,2.8,9.911522508165918,0.0,7,66,80
2,22,7,3.0,11.707348188259608,0.0,7,66,80
2,22,8,2.8,14.113237209892244,0.0,7,66,80
2,22,9,2.8,10.818874039667499,0.0,7,66,80
2,22,10,2.8,11.448232406844875,0.0,7,66,80
2,22,11,3.0,11.395991134279932,0.0,7,66,80
2,22,12,2.8,12.069071885160636,0.0,7,66,80
2,22,13,2.8,11.3217207119577,0.0,7,66,80
2,22,14,3.0,9.193031630544729,0.0,7,66,80
2,22,15,3.0,10.500813813326394,0.0,7,66,80
2,22,16,2.8,14.9746773428426,0.0,7,66,80
2,22,17,2.8,11.271297694205424,0.0,7,66,80
2,22,18,3.0,12.378673613378782,0.0,7,66,80
2,22,19,3.2,7.2639062587814065,0.0,7,66,80
2,22,20,3.0,9.408402009620312,0.0,7,66,80
2,22,21,2.4,13.798910580944609,0.0,5,66,80
3,22,1,3.6,7.657833117239277,0.0,7,66,80
3,22,2,3.2,9.43299005558581,0.0,7,66,80
3,22,3,3.2,12.387870692288834,0.0,7,66,80
3,22,4,3.0,9.285480834066925,0.0,7,66,80
3,22,5,3.0,9.566354613766057,0.0,7,66,80
3,22,6,2.8,9.475255176314665,0.0,7,66,80
3,22,7,3.0,14.875641102195445,0.0,7,66,80
3,22,8,3.0,10.010416269970076,0.0,7,66,80
3,22,9,2.8,11.449040081039271,0.0,7,66,80
3,22,10,2.8,13.558819687315648,0.0,7,66,80
3,22,11,3.2,9.640991995197446,0.0,7,66,80
3,22,12,3.0,9.26233688086133,0.0,7,66,80
3,22,13,3.2,9.843555768955492,0.0,7,66,80
3,22,14,2.8,14.541921428076598,0.0,7,66,80
3,22,15,3.2,10.346820329325066,0.0,7,66,80
3,22,16,2.8,15.859327191927171,0.0,7,66,80
3,22,17,3.0,11.119875151374762,0.0,7,66,80
3,22,18,2.8,13.57758773920522,0.0,7,66,80
3,22,19,2.8,9.265276994542536,0.0,7,66,80
3,22,20,2.8,10.05424987188278,0.0,7,66,80
3,22,21,3.0,9.743251553681464,0.0,7,66,80
1,23,1,4.2,9.097364364154126,0.0,7,66,80
1,23,2,3.8,11.37740608046526,0.0,7,66,80
1,23,3,3.2,9.15743433380569,0.0,7,66,80
1,23,4,3.0,11.712323463481521,0.0,7,66,80
1,23,5,3.2,8.83973430372277,0.0,7,66,80
1,23,6,2.8,9.532620049757735,0.0,7,66,80
1,23,7,2.8,13.438692298793258,0.0,7,66,80
1,23,8,2.8,12.476273684413854,0.0,7,66,80
1,23,9,2.8,14.692766712266447,0.0,7,66,80
1,23,10,2.8,13.908575462426194,0.0,7,66,80
1,23,11,2.8,14.401000963106933,0.0,7,66,80
1,23,12,2.8,11.703693203487322,0.0,7,66,80
1,23,13,2.8,15.968888417120864,0.0,7,66,80
1,23,14,3.0,12.09290813930935,0.0,7,66,80
1,23,15,3.0,11.479160206302407,0.0,7,66,80
1,23,16,2.8,14.50850640182531,0.0,7,66,80
1,23,17,3.0,9.814034684582083,0.0,7,66,80
1,23,18,3.2,8.818839451195268,0.0,7,66,80
1,23,19,3.2,11.396987456248466,0.0,7,66,80
1,23,20,3.4,7.505153481570369,0.0,7,66,80
2,23,1,3.0,13.377538887507988,0.0,7,66,80
2,23,2,2.8,11.571323827889167,0.0,7,66,80
2,23,3,3.8,9.244035554228121,0.125,7,66,80
2,23,4,3.4,7.747705497952364,0.0,7,66,80
2,23,5,2.8,12.321291419765256,0.0,7,66,80
2,23,6,2.8,8.706822837405314,0.0,7,66,80
2,23,7,3.4,9.035377592453573,0.0,7,66,80
2,23,8,3.0,11.336066012063991,0.0,7,66,80
2,23,9,2.8,11.668312093951135,0.0,7,66,80
2,23,10,2.8,9.056689248597422,0.0,7,66,80
2,23,11,2.8,13.184197416756907,0.0,7,66,80
2,23,12,2.8,11.556669153423318,0.0,7,66,80
2,23,13,2.8,12.266301896312662,0.0,7,66,80
2,23,14,2.8,8.471268572669793,0.0,7,66,80
2,23,15,3.0,10.118614680632549,0.0,7,66,80
2,23,16,3.2,10.626772674625084,0.0,7,66,80
2,23,17,2.8,10.44019733630421,0.0,7,66,80
2,23,18,3.0,13.966222622551548,0.0,7,66,80
2,23,19,3.0,8.971858505821729,0.0,7,66,80
2,23,20,2.8,9.94141783108212,0.0,7,66,80
2,23,21,2.4,11.733970738689317,0.0,5,66,80
3,23,1,3.2,9.476546525148603,0.0,7,66,80
3,23,2,3.6,8.907117386269515,0.0,7,66,80
3,23,3,3.0,11.507619018963947,0.0,7,66,80
3,23,4,2.8,9.809812473221841,0.0,7,66,80
3,23,5,3.0,9.135957748509394,0.0,7,66,80
3,23,6,3.0,10.167740354221348,0.0,7,66,80
3,23,7,3.0,12.117342821573386,0.0,7,66,80
3,23,8,3.0,9.846097357693587,0.0,7,66,80
3,23,9,2.8,12.462881924205508,0.0,7,66,80
3,23,10,3.0,11.898327665736938,0.0,7,66,80
3,23,11,3.6,8.153385282722267,0.0,7,66,80
3,23,12,3.2,9.018710026102301,0.0,7,66,80
3,23,13,3.0,9.423200194877564,0.0,7,66,80
3,23,14,2.8,19.9656217338906,0.0,7,66,80
3,23,15,3.4,10.160676948476912,0.0,7,66,80
3,23,16,2.8,11.644615428444085,0.0,7,66,80
3,23,17,3.2,11.606562462068922,0.0,7,66,80
3,23,18,2.8,15.729181778610554,0.0,7,66,80
3,23,19,2.8,9.938744445320339,0.0,7,66,80
3,23,20,2.8,10.128267194262515,0.0,7,66,80
3,23,21,2.2,15.922135933083783,0.0,5,66,80
1,24,1,4.6,8.524544875944589,0.0,7,66,80
1,24,2,3.6,11.408594520941193,0.0,7,66,80
1,24,3,3.2,8.170289844395148,0.0,7,66,80
1,24,4,3.0,12.953131643090781,0.0,7,66,80
1,24,5,3.0,8.92196914041436,0.0,7,66,80
1,24,6,2.8,9.780161057477851,0.0,7,66,80
1,24,7,2.8,11.557203963911974,0.0,7,66,80
1,24,8,2.8,11.118152807286057,0.0,7,66,80
1,24,9,2.8,11.835799484956084,0.0,7,66,80
1,24,10,2.8,13.687433281491163,0.0,7,66,80
1,24,11,2.8,16.007721610369423,0.0,7,66,80
1,24,12,2.8,15.377125956662812,0.0,7,66,80
1,24,13,2.8,14.23379769058675,0.0,7,66,80
1,24,14,3.0,10.659670459287144,0.0,7,66,80
1,24,15,2.8,13.686657974572002,0.0,7,66,80
1,24,16,3.0,11.700721439133854,0.0,7,66,80
1,24,17,3.4,8.137606787247368,0.0,7,66,80
1,24,18,3.2,9.266922151587615,0.0,7,66,80
1,24,19,3.2,10.812728107339442,0.0,7,66,80
1,24,20,3.2,8.771348628200906,0.0,7,66,80
2,24,1,4.0,8.570909296934659,0.0,7,66,80
2,24,2,3.8,8.875170150568799,0.0,7,66,80
2,24,3,3.4,8.443881620684019,0.0,7,66,80
2,24,4,3.4,8.764122721975651,0.0,7,66,80
2,24,5,2.8,10.44157163243065,0.0,7,66,80
2,24,6,3.0,11.35020990811067,0.0,7,66,80
2,24,7,3.4,8.663803222094856,0.0,7,66,80
2,24,8,3.0,10.54373464174231,0.0,7,66,80
2,24,9,2.8,11.980947808160101,0.0,7,66,80
2,24,10,3.0,9.563073589763087,0.0,7,66,80
2,24,11,2.8,11.602224565612868,0.0,7,66,80
2,24,12,2.8,12.110773107040878,0.0,7,66,80
2,24,13,2.8,11.07046739798514,0.0,7,66,80
2,24,14,3.0,8.186155074751452,0.0,7,66,80
2,24,15,3.2,10.962706744834678,0.0,7,66,80
2,24,16,2.8,13.223297056289011,0.0,7,66,80
2,24,17,3.0,12.731346227519781,0.0,7,66,80
2,24,18,3.2,8.112700369912636,0.0,7,66,80
2,24,19,2.8,7.6507112627219644,0.0,7,66,80
2,24,20,3.0,11.187810812259812,0.0,7,66,80
3,24,1,2.8,9.989305470760007,0.0,7,66,80
3,24,2,3.0,10.679731871540437,0.0,7,66,80
3,24,3,2.8,12.71838525953562,0.0,7,66,80
3,24,4,2.8,10.287227549317915,0.0,7,66,80
3,24,5,3.0,9.754462299836403,0.0,7,66,80
3,24,6,2.8,10.063750354121085,0.0,7,66,80
3,24,7,2.8,10.671324942158597,0.0,7,66,80
3,24,8,2.8,13.125323713415598,0.0,7,66,80
3,24,9,3.0,12.39182996593024,0.0,7,66,80
3,24,10,2.8,11.609454355829797,0.0,7,66,80
3,24,11,2.8,10.654389963266722,0.0,7,66,80
3,24,12,3.8,8.148278798660398,0.125,7,66,80
3,24,13,3.2,9.339643251335419,0.0,7,66,80
3,24,14,2.8,11.953081087978983,0.0,7,66,80
3,24,15,2.8,13.101959038423917,0.0,7,66,80
3,24,16,3.0,14.29402625778232,0.0,7,66,80
3,24,17,3.0,10.469045865645821,0.0,7,66,80
3,24,18,2.8,10.533695951686946,0.0,7,66,80
3,24,19,2.8,14.478125260281947,0.0,7,66,80
3,24,20,2.8,9.320830443032552,0.0,7,66,80
3,24,21,2.8,10.7350134554228,0.0,7,66,80
3,24,22,2.25,21.180321183881656,0.0,4,66,80
1,25,1,4.4,8.380171421411175,0.0,7,66,80
1,25,2,3.6,12.374798449698616,0.0,7,66,80
1,25,3,3.2,10.300063949330408,0.0,7,66,80
1,25,4,3.2,10.447588471522101,0.0,7,66,80
1,25,5,3.0,8.603515970280336,0.0,7,66,80
1,25,6,3.0,9.408735670176354,0.0,7,66,80
1,25,7,2.8,16.75077940693141,0.0,7,66,80
1,25,8,2.8,10.025275567816387,0.0,7,66,80
1,25,9,2.8,14.548737136515767,0.0,7,66,80
1,25,10,2.8,16.026722755195212,0.0,7,66,80
1,25,11,2.8,19.594203635074408,0.0,7,66,80
1,25,12,2.8,11.45704779149167,0.0,7,66,80
1,25,13,2.8,11.664839117266034,0.0,7,66,80
1,25,14,2.8,13.873706706078567,0.0,7,66,80
1,25,15,2.8,11.342367587527328,0.0,7,66,80
1,25,16,2.8,14.223545642735584,0.0,7,66,80
1,25,17,3.0,8.794008838766139,0.0,7,66,80
1,25,18,3.4,8.295289098977875,0.0,7,66,80
1,25,19,3.2,10.765788201272445,0.0,7,66,80
1,25,20,3.0,9.95167965488532,0.0,7,66,80
1,25,21,2.5,11.219129704674081,0.0,4,66,80
2,25,1,3.0,11.98785342065937,0.0,7,66,80
2,25,2,3.2,10.120465739419103,0.0,7,66,80
2,25,3,3.6,8.659431680414041,0.0,7,66,80
2,25,4,3.2,7.861642512223041,0.0,7,66,80
2,25,5,2.8,11.959883683767224,0.0,7,66,80
2,25,6,2.8,8.489289141533188,0.0,7,66,80
2,25,7,3.4,10.438698714181028,0.0,7,66,80
2,25,8,3.0,11.528373373583962,0.0,7,66,80
2,25,9,2.8,12.764119998711717,0.0,7,66,80
2,25,10,2.8,8.990126952386206,0.0,7,66,80
2,25,11,2.8,13.56431496130412,0.0,7,66,80
2,25,12,2.8,12.057914749842984,0.0,7,66,80
2,25,13,2.8,12.440959935728468,0.0,7,66,80
2,25,14,2.8,9.833240339517388,0.0,7,66,80
2,25,15,3.0,10.052093405586323,0.0,7,66,80
2,25,16,3.2,10.218419483669306,0.0,7,66,80
2,25,17,2.8,11.043431203362752,0.0,7,66,80
2,25,18,3.0,16.80610814722641,0.0,7,66,80
2,25,19,3.2,7.784930499375027,0.0,7,66,80
2,25,20,3.0,8.779797058300973,0.0,7,66,80
2,25,21,2.0,15.031030889919512,0.0,5,66,80
3,25,1,3.0,9.471777035907643,0.0,7,66,80
3,25,2,2.8,11.156097752569291,0.0,7,66,80
3,25,3,3.2,10.956438472988427,0.0,7,66,80
3,25,4,2.8,9.423031263607667,0.0,7,66,80
3,25,5,2.8,8.931104788429742,0.0,7,66,80
3,25,6,2.8,9.55446136930724,0.0,7,66,80
3,25,7,3.0,11.313365251752789,0.0,7,66,80
3,25,8,2.8,10.661398637340897,0.0,7,66,80
3,25,9,2.8,14.500790066284308,0.0,7,66,80
3,25,10,3.0,10.128579337001995,0.0,7,66,80
3,25,11,3.2,10.292627194356173,0.0,7,66,80
3,25,12,2.8,10.488495043907639,0.0,7,66,80
3,25,13,3.0,10.074594552746403,0.0,7,66,80
3,25,14,3.0,10.374908683322273,0.0,7,66,80
3,25,15,3.2,9.744004195356721,0.0,7,66,80
3,25,16,2.8,17.190690415347316,0.0,7,66,80
3,25,17,3.0,9.523555291542726,0.0,7,66,80
3,25,18,2.8,12.265983608696601,0.0,7,66,80
3,25,19,2.8,13.82365745291563,0.0,7,66,80
3,25,20,2.8,9.524031740895033,0.0,7,66,80
3,25,21,2.8,10.753888636551768,0.0,7,66,80
3,25,22,2.25,13.743660278330182,0.0,4,66,80
1,26,1,4.6,7.422101545930879,0.0,7,66,80
1,26,2,3.8,10.911120362952605,0.0,7,66,80
1,26,3,3.2,7.807852979469622,0.0,7,66,80
1,26,4,2.8,15.988462797085749,0.0,7,66,80
1,26,5,3.0,11.212997137016501,0.0,7,66,80
1,26,6,2.8,10.315924429015567,0.0,7,66,80
1,26,7,2.8,16.860323402016792,0.0,7,66,80
1,26,8,2.8,10.703442990791473,0.0,7,66,80
1,26,9,2.8,11.697942990135665,0.0,7,66,80
1,26,10,2.8,11.36429125104016,0.0,7,66,80
1,26,11,2.8,16.355295208041515,0.0,7,66,80
1,26,12,2.8,13.606377955174183,0.0,7,66,80
1,26,13,2.8,11.971594302095825,0.0,7,66,80
1,26,14,2.8,14.811103371948194,0.0,7,66,80
1,26,15,3.0,10.558328527485894,0.0,7,66,80
1,26,16,2.8,10.467929929252842,0.0,7,66,80
1,26,17,3.0,7.753086695302554,0.0,7,66,80
1,26,18,3.4,8.482109484825484,0.0,7,66,80
1,26,19,3.2,12.082536154087505,0.0,7,66,80
1,26,20,3.2,8.830192158278344,0.0,7,66,80
2,26,1,3.0,13.676682678291094,0.0,7,66,80
2,26,2,3.0,9.90958417363787,0.0,7,66,80
2,26,3,3.2,10.900081727522146,0.0,7,66,80
2,26,4,3.4,9.54178637062111,0.0,7,66,80
2,26,5,3.0,10.478475422715855,0.0,7,66,80
2,26,6,3.0,9.345168853647795,0.0,7,66,80
2,26,7,3.4,9.72498084053394,0.0,7,66,80
2,26,8,2.8,14.476610380640636,0.0,7,66,80
2,26,9,2.8,11.638248140827034,0.0,7,66,80
2,26,10,3.0,9.45295426756837,0.0,7,66,80
2,26,11,2.8,14.095759906465803,0.0,7,66,80
2,26,12,2.8,12.275728347171597,0.0,7,66,80
2,26,13,2.8,15.819795489683305,0.0,7,66,80
2,26,14,2.8,9.91292809868462,0.0,7,66,80
2,26,15,3.0,10.358536923275665,0.0,7,66,80
2,26,16,3.0,13.263571754998747,0.0,7,66,80
2,26,17,3.0,10.995436653572622,0.0,7,66,80
2,26,18,3.2,12.109342042059307,0.0,7,66,80
2,26,19,3.0,9.74705699196152,0.0,7,66,80
2,26,20,3.0,8.303032247445437,0.0,7,66,80
2,26,21,2.5,12.913435532675193,0.0,4,66,80
3,26,1,3.0,10.459902114011362,0.0,7,66,80
3,26,2,2.8,12.656713960431718,0.0,7,66,80
3,26,3,2.8,11.434394474368508,0.0,7,66,80
3,26,4,2.8,9.984927128918137,0.0,7,66,80
3,26,5,3.0,8.366703328317941,0.0,7,66,80
3,26,6,2.8,11.269014226142273,0.0,7,66,80
3,26,7,3.0,10.059237708377735,0.0,7,66,80
3,26,8,2.8,10.134400739491165,0.0,7,66,80
3,26,9,3.0,12.83269553744129,0.0,7,66,80
3,26,10,2.8,13.520051946089259,0.0,7,66,80
3,26,11,2.8,11.072590919035202,0.0,7,66,80
3,26,12,3.0,17.2364250183946,0.0,7,66,80
3,26,13,3.0,10.63036841147667,0.0,7,66,80
3,26,14,2.8,9.592544880770864,0.0,7,66,80
3,26,15,2.8,15.572136515406106,0.0,7,66,80
3,26,16,3.0,9.768764751132727,0.0,7,66,80
3,26,17,2.8,13.234052514001496,0.0,7,66,80
3,26,18,3.2,9.317935553926675,0.0,7,66,80
3,26,19,2.8,13.663184426369796,0.0,7,66,80
3,26,20,2.8,9.079559807238907,0.0,7,66,80
3,26,21,3.0,8.952406385230892,0.0,7,66,80
3,26,22,2.2,13.587552047306206,0.0,5,66,80
1,27,1,4.2,9.498892010308774,0.0,7,66,80
1,27,2,3.4,10.538385226345824,0.0,7,66,80
1,27,3,3.0,12.700404468243486,0.0,7,66,80
1,27,4,3.4,9.388017342442152,0.0,7,66,80
1,27,5,3.0,9.465853120504041,0.0,7,66,80
1,27,6,2.8,9.868020583083844,0.0,7,66,80
1,27,7,3.0,15.19423010448985,0.0,7,66,80
1,27,8,2.8,10.195027043421934,0.0,7,66,80
1,27,9,2.8,15.19645994849747,0.0,7,66,80
1,27,10,2.8,11.0459685642871,0.0,7,66,80
1,27,11,3.0,15.175474349760607,0.0,7,66,80
1,27,12,2.8,12.453491837743007,0.0,7,66,80
1,27,13,2.8,11.807394366768753,0.0,7,66,80
1,27,14,2.8,12.85254265979577,0.0,7,66,80
1,27,15,2.8,12.788774948163725,0.0,7,66,80
1,27,16,2.8,11.773578764533593,0.0,7,66,80
1,27,17,3.0,8.682367476041641,0.0,7,66,80
1,27,18,3.2,9.761325254679294,0.0,7,66,80
1,27,19,2.8,12.988729132533004,0.0,7,66,80
1,27,20,2.8,11.792995425241353,0.0,7,66,80
1,27,21,3.0,8.839593790471165,0.0,5,66,80
2,27,1,3.6,12.557578304981936,0.0,7,66,80
2,27,2,4.0,9.932355576964062,0.0,7,66,80
2,27,3,3.4,10.499373059336186,0.0,7,66,80
2,27,4,3.4,7.797105524409413,0.0,7,66,80
2,27,5,3.0,10.368150608770424,0.0,7,66,80
2,27,6,3.0,11.521257419733217,0.0,7,66,80
2,27,7,3.4,8.725604450240997,0.0,7,66,80
2,27,8,3.0,11.67038936059297,0.0,7,66,80
2,27,9,2.8,10.253568664635225,0.0,7,66,80
2,27,10,2.8,10.219682806646121,0.0,7,66,80
2,27,11,2.8,13.57905408097656,0.0,7,66,80
2,27,12,2.8,10.862125995314633,0.0,7,66,80
2,27,13,3.0,11.034915904730898,0.0,7,66,80
2,27,14,3.0,8.153416193570099,0.0,7,66,80
2,27,15,2.8,12.754427644253527,0.0,7,66,80
2,27,16,3.0,11.450410792570219,0.0,7,66,80
2,27,17,2.8,12.156738872464045,0.0,7,66,80
2,27,18,3.2,9.756763760499188,0.0,7,66,80
2,27,19,2.8,7.4080072204017196,0.0,7,66,80
2,27,20,3.0,10.412291440953338,0.0,7,66,80
3,27,1,3.4,8.725299237648775,0.0,7,66,80
3,27,2,2.8,9.752455058755025,0.0,7,66,80
3,27,3,2.8,13.559056886976256,0.0,7,66,80
3,27,4,2.8,9.265995559936032,0.0,7,66,80
3,27,5,3.0,8.889711665291284,0.0,7,66,80
3,27,6,2.8,9.227062183848174,0.0,7,66,80
3,27,7,3.0,10.789079360612256,0.0,7,66,80
3,27,8,2.8,9.741510668158899,0.0,7,66,80
3,27,9,2.8,15.987091837269578,0.0,7,66,80
3,27,10,3.0,10.361895680885704,0.0,7,66,80
3,27,11,3.0,11.5248822922579,0.0,7,66,80
3,27,12,3.0,9.366760133021428,0.0,7,66,80
3,27,13,3.0,10.731916216122144,0.0,7,66,80
3,27,14,3.0,10.85124320656422,0.0,7,66,80
3,27,15,3.0,11.16267566781426,0.0,7,66,80
3,27,16,3.0,13.031062856898386,0.0,7,66,80
3,27,17,2.8,11.007316357527156,0.0,7,66,80
3,27,18,3.2,12.556834527596777,0.0,7,66,80
3,27,19,2.8,11.83147892069218,0.0,7,66,80
3,27,20,2.8,9.499999066193686,0.0,7,66,80
3,27,21,2.8,10.986061639346893,0.0,7,66,80
1,28,1,4.4,7.845555874486379,0.0,7,66,80
1,28,2,3.6,11.264452432811874,0.0,7,66,80
1,28,3,3.2,9.102106381983234,0.0,7,66,80
1,28,4,3.0,12.335697936572494,0.0,7,66,80
1,28,5,3.2,8.315228001239792,0.0,7,66,80
1,28,6,2.8,8.681184389590708,0.0,7,66,80
1,28,7,2.8,14.16526386288929,0.0,7,66,80
1,28,8,2.8,13.18608513032499,0.0,7,66,80
1,28,9,2.8,15.250528314451689,0.0,7,66,80
1,28,10,2.8,12.896522867668098,0.0,7,66,80
1,28,11,2.8,14.610497973651885,0.0,7,66,80
1,28,12,2.8,12.427808316337472,0.0,7,66,80
1,28,13,2.8,14.301358830712429,0.0,7,66,80
1,28,14,3.0,11.648754988351683,0.0,7,66,80
1,28,15,2.8,11.2366181112175,0.0,7,66,80
1,28,16,2.8,14.602687944518648,0.0,7,66,80
1,28,17,3.0,8.240807310966943,0.0,7,66,80
1,28,18,3.4,9.250322462972818,0.0,7,66,80
1,28,19,3.0,10.052841379017972,0.0,7,66,80
1,28,20,3.2,10.321508378880068,0.0,7,66,80
1,28,21,2.5,10.840698795765029,0.0,4,66,80
2,28,1,3.0,11.848512236865659,0.0,7,66,80
2,28,2,3.0,11.941054091718422,0.0,7,66,80
2,28,3,3.8,8.45427506010285,0.125,7,66,80
2,28,4,2.8,11.086855375567628,0.0,7,66,80
2,28,5,2.8,10.738771802557563,0.0,7,66,80
2,28,6,2.8,10.987809345001411,0.0,7,66,80
2,28,7,3.4,8.429564425690005,0.0,7,66,80
2,28,8,3.0,11.593463225662024,0.0,7,66,80
2,28,9,2.8,11.133994087313685,0.0,7,66,80
2,28,10,2.8,10.706718108344763,0.0,7,66,80
2,28,11,3.0,11.460050537765072,0.0,7,66,80
2,28,12,2.8,10.659725637374583,0.0,7,66,80
2,28,13,2.8,11.238505258935069,0.0,7,66,80
2,28,14,3.0,9.956247923582714,0.0,7,66,80
2,28,15,3.0,10.376110331573345,0.0,7,66,80
2,28,16,3.2,10.814677513436534,0.0,7,66,80
2,28,17,2.8,10.752214547326439,0.0,7,66,80
2,28,18,3.0,12.932613566901408,0.0,7,66,80
2,28,19,3.0,7.794212219311596,0.0,7,66,80
2,28,20,2.8,8.978240009676401,0.0,7,66,80
2,28,21,2.4,14.15008223180813,0.0,5,66,80
3,28,1,3.0,10.301344521911956,0.0,7,66,80
3,28,2,3.0,10.182874692107081,0.0,7,66,80
3,28,3,3.2,10.359403919908758,0.0,7,66,80
3,28,4,2.8,9.238184854616383,0.0,7,66,80
3,28,5,2.8,10.628515682930423,0.0,7,66,80
3,28,6,2.8,8.726770156702894,0.0,7,66,80
3,28,7,3.0,10.264003357255271,0.0,7,66,80
3,28,8,2.8,11.456814442617077,0.0,7,66,80
3,28,9,2.8,14.237904218261669,0.0,7,66,80
3,28,10,3.0,9.658287621034917,0.0,7,66,80
3,28,11,3.2,8.844438771295708,0.0,7,66,80
3,28,12,3.0,10.982603169625655,0.0,7,66,80
3,28,13,3.0,10.041390852527453,0.0,7,66,80
3,28,14,2.8,11.187808868041879,0.0,7,66,80
3,28,15,3.0,11.541850277010086,0.0,7,66,80
3,28,16,2.8,15.6911757326591,0.0,7,66,80
3,28,17,3.0,9.99023516752079,0.0,7,66,80
3,28,18,2.8,10.813042261055807,0.0,7,66,80
3,28,19,2.8,15.42765505701449,0.0,7,66,80
3,28,20,2.8,9.36364028095998,0.0,7,66,80
3,28,21,3.0,10.803949191417173,0.0,7,66,80
1,29,1,4.6,7.776491326531597,0.0,7,66,80
1,29,2,3.8,9.730650497167282,0.0,7,66,80
1,29,3,3.4,8.54495698223215,0.0,7,66,80
1,29,4,3.2,10.742288865119065,0.0,7,66,80
1,29,5,3.0,9.540778132696005,0.0,7,66,80
1,29,6,2.8,10.482837585118801,0.0,7,66,80
1,29,7,2.8,11.406015399716637,0.0,7,66,80
1,29,8,2.8,14.814624102401574,0.0,7,66,80
1,29,9,2.8,11.434694673578985,0.0,7,66,80
1,29,10,2.8,13.863722023711961,0.0,7,66,80
1,29,11,2.8,17.30921780390376,0.0,7,66,80
1,29,12,2.8,10.09278092051137,0.0,7,66,80
1,29,13,2.8,15.179712489307294,0.0,7,66,80
1,29,14,2.8,9.894116311169487,0.0,7,66,80
1,29,15,3.0,12.128677324532523,0.0,7,66,80
1,29,16,2.8,11.972646442980606,0.0,7,66,80
1,29,17,3.6,7.467791578737775,0.0,7,66,80
1,29,18,3.2,10.116105040980287,0.0,7,66,80
1,29,19,2.8,10.032178543337094,0.0,7,66,80
1,29,20,3.6,7.881909269938427,0.0,7,66,80
2,29,1,3.4,10.617971415698356,0.0,7,66,80
2,29,2,3.2,10.569096552236081,0.0,7,66,80
2,29,3,3.8,8.247099139691747,0.0,7,66,80
2,29,4,3.2,9.101614204494089,0.0,7,66,80
2,29,5,2.8,12.607740651090026,0.0,7,66,80
2,29,6,3.0,10.987873862094434,0.0,7,66,80
2,29,7,3.6,8.275162442052906,0.0,7,66,80
2,29,8,3.0,10.491284740477306,0.0,7,66,80
2,29,9,2.8,14.313395353516079,0.0,7,66,80
2,29,10,2.8,9.819658184630464,0.0,7,66,80
2,29,11,3.0,13.085291749531953,0.0,7,66,80
2,29,12,2.8,13.024348101703135,0.0,7,66,80
2,29,13,2.8,10.758798108331183,0.0,7,66,80
2,29,14,2.8,9.347032784317847,0.0,7,66,80
2,29,15,3.4,9.214906159865052,0.0,7,66,80
2,29,16,2.8,11.930589250473068,0.0,7,66,80
2,29,17,2.8,11.087423694212182,0.0,7,66,80
2,29,18,3.2,9.299475323020092,0.0,7,66,80
2,29,19,2.8,9.517450437533464,0.0,7,66,80
2,29,20,3.0,9.270560077304225,0.0,7,66,80
3,29,1,3.0,9.39899804497714,0.0,7,66,80
3,29,2,2.8,13.203165991095878,0.0,7,66,80
3,29,3,2.8,12.771501451159027,0.0,7,66,80
3,29,4,3.0,8.565395575958796,0.0,7,66,80
3,29,5,3.0,8.874804443698354,0.0,7,66,80
3,29,6,2.8,9.29314628061303,0.0,7,66,80
3,29,7,3.0,11.592119181382836,0.0,7,66,80
3,29,8,2.8,10.131570280558591,0.0,7,66,80
3,29,9,3.0,11.476831728119684,0.0,7,66,80
3,29,10,3.0,9.493381508552897,0.0,7,66,80
3,29,11,3.0,10.69834941500991,0.0,7,66,80
3,29,12,3.0,10.228306860561197,0.0,7,66,80
3,29,13,3.2,11.65294533568223,0.0,7,66,80
3,29,14,2.8,10.46067974214162,0.0,7,66,80
3,29,15,3.0,11.47687571366737,0.0,7,66,80
3,29,16,2.8,14.364481219856312,0.0,7,66,80
3,29,17,3.0,9.583244340637227,0.0,7,66,80
3,29,18,2.8,11.188889609220244,0.0,7,66,80
3,29,19,2.8,12.47071716200204,0.0,7,66,80
3,29,20,2.8,8.066872496261633,0.0,7,66,80
3,29,21,2.8,11.125564351751954,0.0,7,66,80
3,29,22,2.25,12.386732339038863,0.0,4,66,80
1,30,1,4.4,8.208933564316935,0.0,7,66,80
1,30,2,3.8,11.632759744895713,0.0,7,66,80
1,30,3,3.2,8.815733856054694,0.0,7,66,80
1,30,4,3.0,11.904021201194002,0.0,7,66,80
1,30,5,3.0,10.103757180174052,0.0,7,66,80
1,30,6,2.8,10.211043049399635,0.0,7,66,80
1,30,7,2.8,13.651807330240317,0.0,7,66,80
1,30,8,2.8,11.11815280728607,0.0,7,66,80
1,30,9,2.8,17.8213311255184,0.0,7,66,80
1,30,10,2.8,10.794305530984593,0.0,7,66,80
1,30,11,2.8,11.9934061986112,0.0,7,66,80
1,30,12,2.8,14.994498613595761,0.0,7,66,80
1,30,13,2.8,16.053974027731048,0.0,7,66,80
1,30,14,2.8,11.569407520482574,0.0,7,66,80
1,30,15,2.8,10.699686984410082,0.0,7,66,80
1,30,16,2.8,12.880907341958848,0.0,7,66,80
1,30,17,3.0,8.357254403871442,0.0,7,66,80
1,30,18,3.2,9.396038685945497,0.0,7,66,80
1,30,19,3.2,9.505983621083983,0.0,7,66,80
1,30,20,3.0,9.519996138723311,0.0,7,66,80
1,30,21,3.0,9.135027659236467,0.0,4,66,80
2,30,1,3.8,9.689385273536528,0.0,7,66,80
2,30,2,4.2,8.70895875591672,0.125,7,66,80
2,30,3,2.8,9.48724988889794,0.0,7,66,80
2,30,4,3.0,10.08297229401325,0.0,7,66,80
2,30,5,2.8,10.712358452726287,0.0,7,66,80
2,30,6,2.8,12.347465760918201,0.0,7,66,80
2,30,7,3.4,9.762401659876442,0.0,7,66,80
2,30,8,2.8,12.293264403084128,0.0,7,66,80
2,30,9,2.8,14.669189936942777,0.0,7,66,80
2,30,10,3.0,9.167753602083112,0.0,7,66,80
2,30,11,3.0,12.294934747202998,0.0,7,66,80
2,30,12,2.8,11.8786364311251,0.0,7,66,80
2,30,13,2.8,11.032217573958002,0.0,7,66,80
2,30,14,3.0,8.697400236042911,0.0,7,66,80
2,30,15,3.0,9.926732868934392,0.0,7,66,80
2,30,16,2.8,15.149997619984289,0.0,7,66,80
2,30,17,2.8,11.71792591258864,0.0,7,66,80
2,30,18,3.0,14.419993864519077,0.0,7,66,80
2,30,19,2.8,8.820645599310893,0.0,7,66,80
2,30,20,3.2,8.391486164317593,0.0,7,66,80
3,30,1,2.8,12.629642150346786,0.0,7,66,80
3,30,2,3.0,11.656748641956128,0.0,7,66,80
3,30,3,2.8,11.674480239056356,0.0,7,66,80
3,30,4,2.8,10.374475958937886,0.0,7,66,80
3,30,5,2.8,12.987337527983547,0.0,7,66,80
3,30,6,2.8,8.930736027148505,0.0,7,66,80
3,30,7,3.0,9.350262558949897,0.0,7,66,80
3,30,8,2.8,11.16124258368196,0.0,7,66,80
3,30,9,2.8,13.855687274124667,0.0,7,66,80
3,30,10,2.8,11.204708504356203,0.0,7,66,80
3,30,11,2.8,11.202241010392743,0.0,7,66,80
3,30,12,3.2,10.450069150974981,0.0,7,66,80
3,30,13,3.2,9.360320080809334,0.0,7,66,80
3,30,14,3.0,9.744176222137357,0.0,7,66,80
3,30,15,3.0,14.442364155134435,0.0,7,66,80
3,30,16,3.0,10.141189766474538,0.0,7,66,80
3,30,17,2.8,12.094814014190453,0.0,7,66,80
3,30,18,3.0,10.611173327318815,0.0,7,66,80
3,30,19,2.8,12.82638803664444,0.0,7,66,80
3,30,20,2.8,8.549454399664965,0.0,7,66,80
3,30,21,2.8,9.116750568464035,0.0,7,66,80
3,30,22,2.2,17.078079710733675,0.0,5,66,80
1,31,1,4.2,10.347018018556902,0.0,7,66,80
1,31,2,3.6,10.539011021418753,0.0,7,66,80
1,31,3,3.2,8.607730028154583,0.0,7,66,80
1,31,4,3.0,11.581330113928626,0.0,7,66,80
1,31,5,3.0,8.327763923092041,0.0,7,66,80
1,31,6,2.8,9.787879071794373,0.0,7,66,80
1,31,7,2.8,12.046366963044205,0.0,7,66,80
1,31,8,2.8,8.998454083840528,0.0,7,66,80
1,31,9,2.8,23.44215479773233,0.0,7,66,80
1,31,10,2.8,12.838701400584682,0.0,7,66,80
1,31,11,2.8,12.85893184449102,0.0,7,66,80
1,31,12,2.8,11.084151322545326,0.0,7,66,80
1,31,13,2.8,13.209185088240115,0.0,7,66,80
1,31,14,2.8,10.694816755253331,0.0,7,66,80
1,31,15,2.8,14.268423807468702,0.0,7,66,80
1,31,16,2.8,11.340833393059077,0.0,7,66,80
1,31,17,3.2,8.428725083039877,0.0,7,66,80
1,31,18,3.0,8.717373640152477,0.0,7,66,80
1,31,19,3.0,12.738142876545908,0.0,7,66,80
1,31,20,3.0,9.088344157587736,0.0,7,66,80
1,31,21,3.0,9.615357220702423,0.0,5,66,80
2,31,1,3.4,13.500887335550953,0.0,7,66,80
2,31,2,3.6,8.60723678277007,0.0,7,66,80
2,31,3,3.2,8.658267908615422,0.0,7,66,80
2,31,4,3.2,8.956362129232232,0.0,7,66,80
2,31,5,2.8,13.359515069119427,0.0,7,66,80
2,31,6,2.8,11.04964284626385,0.0,7,66,80
2,31,7,3.6,8.19918480219245,0.0,7,66,80
2,31,8,3.0,12.065659782823447,0.0,7,66,80
2,31,9,3.0,12.560495316839283,0.0,7,66,80
2,31,10,3.0,8.527041173036848,0.0,7,66,80
2,31,11,3.0,12.173706515152169,0.0,7,66,80
2,31,12,2.8,13.10808939121529,0.0,7,66,80
2,31,13,2.8,11.61708656973159,0.0,7,66,80
2,31,14,2.8,9.811880510001885,0.0,7,66,80
2,31,15,3.0,10.671505084038971,0.0,7,66,80
2,31,16,2.8,15.001360865348726,0.0,7,66,80
2,31,17,2.8,10.883830899329336,0.0,7,66,80
2,31,18,3.2,10.809600892124159,0.0,7,66,80
2,31,19,3.0,8.747216535970102,0.0,7,66,80
2,31,20,3.0,8.057030087206916,0.0,7,66,80
3,31,1,3.0,9.666385593521362,0.0,7,66,80
3,31,2,2.8,13.405742932859281,0.0,7,66,80
3,31,3,2.8,12.066017805894443,0.0,7,66,80
3,31,4,2.8,9.175990305027593,0.0,7,66,80
3,31,5,2.8,9.709219583948327,0.0,7,66,80
3,31,6,2.8,10.493658141993206,0.0,7,66,80
3,31,7,3.0,11.472477639978594,0.0,7,66,80
3,31,8,2.8,12.33142079947475,0.0,7,66,80
3,31,9,2.8,14.209791795788455,0.0,7,66,80
3,31,10,2.8,11.143464293482657,0.0,7,66,80
3,31,11,2.8,11.120766338697278,0.0,7,66,80
3,31,12,3.0,13.735850930522794,0.0,7,66,80
3,31,13,3.2,8.953504305460248,0.0,7,66,80
3,31,14,3.0,9.42527263514933,0.0,7,66,80
3,31,15,2.8,14.605295849248334,0.0,7,66,80
3,31,16,3.0,12.10897852025263,0.0,7,66,80
3,31,17,2.8,12.083609256090808,0.0,7,66,80
3,31,18,3.0,10.124577079905498,0.0,7,66,80
3,31,19,2.8,10.199743593653668,0.0,7,66,80
3,31,20,2.8,9.196690843986417,0.0,7,66,80
3,31,21,2.8,11.80488406091713,0.0,7,66,80
3,31,22,2.6,12.90096658397682,0.0,6,66,80
1,32,1,4.4,10.212192608793979,0.0,7,66,80
1,32,2,3.6,10.01068350856371,0.0,7,66,80
1,32,3,3.2,9.734352721016961,0.0,7,66,80
1,32,4,3.4,10.95502458139749,0.0,7,66,80
1,32,5,3.2,9.086508556818782,0.0,7,66,80
1,32,6,2.8,10.858739992980416,0.0,7,66,80
1,32,7,2.8,12.425648005819022,0.0,7,66,80
1,32,8,2.8,12.320253389001612,0.0,7,66,80
1,32,9,2.8,10.115570926985324,0.0,7,66,80
1,32,10,2.8,17.23269934550118,0.0,7,66,80
1,32,11,2.8,17.51470641399898,0.0,7,66,80
1,32,12,2.8,10.817023889501309,0.0,7,66,80
1,32,13,2.8,15.927695156328191,0.0,7,66,80
1,32,14,2.8,11.317048047829582,0.0,7,66,80
1,32,15,2.8,12.016836358061889,0.0,7,66,80
1,32,16,2.8,14.035415182684925,0.0,7,66,80
1,32,17,3.0,9.371425788411923,0.0,7,66,80
1,32,18,3.2,9.323698646066983,0.0,7,66,80
1,32,19,3.0,11.275505252634986,0.0,7,66,80
1,32,20,3.0,11.149723899421357,0.0,7,66,80
1,32,21,2.75,10.455854112315262,0.0,4,66,80
2,32,1,3.0,16.044664387192668,0.0,7,66,80
2,32,2,3.0,10.415869347144831,0.0,7,66,80
2,32,3,3.2,10.998084829854854,0.0,7,66,80
2,32,4,3.0,10.10584609316249,0.0,7,66,80
2,32,5,3.0,8.899085147540676,0.0,7,66,80
2,32,6,2.8,9.743873314282533,0.0,7,66,80
2,32,7,3.6,7.717189312774034,0.125,7,66,80
2,32,8,2.8,11.785508108394698,0.0,7,66,80
2,32,9,2.8,11.5591360238113,0.0,7,66,80
2,32,10,2.8,10.577615524320173,0.0,7,66,80
2,32,11,2.8,11.41699499935909,0.0,7,66,80
2,32,12,2.8,12.398681955867549,0.0,7,66,80
2,32,13,2.8,11.37542637907619,0.0,7,66,80
2,32,14,3.0,11.06752493091203,0.0,7,66,80
2,32,15,3.0,9.105133211737986,0.0,7,66,80
2,32,16,3.0,11.742428827224268,0.0,7,66,80
2,32,17,2.8,11.098738427188755,0.0,7,66,80
2,32,18,3.0,14.4571325171819,0.0,7,66,80
2,32,19,2.8,11.957392281324992,0.0,7,66,80
2,32,20,2.8,7.910910632032552,0.0,7,66,80
2,32,21,3.0,11.57746112556796,0.0,7,66,80
3,32,1,3.2,9.09601719557736,0.0,7,66,80
3,32,2,3.4,10.30951402660092,0.0,7,66,80
3,32,3,3.0,11.36706414380123,0.0,7,66,80
3,32,4,2.8,9.91792251465446,0.0,7,66,80
3,32,5,3.0,8.755354301399041,0.0,7,66,80
3,32,6,2.8,8.196062523819487,0.0,7,66,80
3,32,7,3.0,13.906378777579796,0.0,7,66,80
3,32,8,2.8,10.29305534403447,0.0,7,66,80
3,32,9,3.0,12.788851702790964,0.0,7,66,80
3,32,10,2.8,12.372317563826657,0.0,7,66,80
3,32,11,3.6,7.901306687096328,0.125,7,66,80
3,32,12,3.0,9.03368380101823,0.0,7,66,80
3,32,13,2.8,11.230991091266658,0.0,7,66,80
3,32,14,3.0,12.6946309074094,0.0,7,66,80
3,32,15,3.2,9.569969434875663,0.0,7,66,80
3,32,16,2.8,12.751957787363283,0.0,7,66,80
3,32,17,3.0,9.843946626906027,0.0,7,66,80
3,32,18,2.8,13.712155470719047,0.0,7,66,80
3,32,19,2.8,12.301388652442007,0.0,7,66,80
3,32,20,2.8,8.445030240618523,0.0,7,66,80
3,32,21,2.8,10.98712153275098,0.0,7,66,80
1,33,1,4.2,8.567088821025338,0.0,7,66,80
1,33,2,3.4,10.080054291129736,0.0,7,66,80
1,33,3,3.0,11.622594498628041,0.0,7,66,80
1,33,4,3.4,8.79859760221052,0.0,7,66,80
1,33,5,3.0,9.43620780101435,0.0,7,66,80
1,33,6,2.8,9.391276564678703,0.0,7,66,80
1,33,7,3.0,14.059802515220074,0.0,7,66,80
1,33,8,2.8,9.959138381619477,0.0,7,66,80
1,33,9,2.8,14.061711800246634,0.0,7,66,80
1,33,10,2.8,13.525195182052304,0.0,7,66,80
1,33,11,2.8,16.7769880246201,0.0,7,66,80
1,33,12,2.8,12.878697375196017,0.0,7,66,80
1,33,13,2.8,10.656919843118185,0.0,7,66,80
1,33,14,2.8,11.013768473256485,0.0,7,66,80
1,33,15,3.0,11.440991441830302,0.0,7,66,80
1,33,16,2.8,13.82667175677344,0.0,7,66,80
1,33,17,3.0,9.656267491874091,0.0,7,66,80
1,33,18,3.6,7.402907822969127,0.0,7,66,80
1,33,19,3.0,10.310855619546187,0.0,7,66,80
1,33,20,3.2,9.077638573217126,0.0,7,66,80
1,33,21,2.5,9.90518921544245,0.0,4,66,80
2,33,1,3.0,12.276604717031665,0.0,7,66,80
2,33,2,3.0,10.241455798435448,0.0,7,66,80
2,33,3,3.8,9.177364845442735,0.0,7,66,80
2,33,4,3.2,8.762727108102046,0.0,7,66,80
2,33,5,2.8,13.794108214297488,0.0,7,66,80
2,33,6,2.8,10.202857892995087,0.0,7,66,80
2,33,7,3.2,10.659794183967893,0.0,7,66,80
2,33,8,3.4,8.852126682398485,0.0,7,66,80
2,33,9,2.8,13.302340878430016,0.0,7,66,80
2,33,10,2.8,11.588454718800515,0.0,7,66,80
2,33,11,3.0,11.853474630488119,0.0,7,66,80
2,33,12,2.8,10.855856915291447,0.0,7,66,80
2,33,13,2.8,11.86345425756083,0.0,7,66,80
2,33,14,2.8,11.39148408099215,0.0,7,66,80
2,33,15,3.0,12.483470094819015,0.0,7,66,80
2,33,16,2.8,13.48248116864861,0.0,7,66,80
2,33,17,2.8,10.847565094780549,0.0,7,66,80
2,33,18,3.0,14.599651792607036,0.0,7,66,80
2,33,19,3.0,8.8166588694579,0.0,7,66,80
2,33,20,2.8,10.07239453070616,0.0,7,66,80
2,33,21,2.4,12.95151467725329,0.0,5,66,80
3,33,1,3.0,10.371217077506833,0.0,7,66,80
3,33,2,2.8,11.986957816317947,0.0,7,66,80
3,33,3,2.8,11.183497704662342,0.0,7,66,80
3,33,4,2.8,10.663893569211913,0.0,7,66,80
3,33,5,2.8,11.433510421349514,0.0,7,66,80
3,33,6,2.8,8.007077629440268,0.0,7,66,80
3,33,7,2.8,11.041042974274657,0.0,7,66,80
3,33,8,2.8,12.870316549464423,0.0,7,66,80
3,33,9,2.8,11.095362289783491,0.0,7,66,80
3,33,10,2.8,9.678347036166416,0.0,7,66,80
3,33,11,3.0,10.009921642428452,0.0,7,66,80
3,33,12,3.0,12.080824347556867,0.0,7,66,80
3,33,13,3.6,7.980297745613468,0.0,7,66,80
3,33,14,2.8,9.885756710059212,0.0,7,66,80
3,33,15,3.0,15.158244078128691,0.0,7,66,80
3,33,16,3.0,10.653461816457554,0.0,7,66,80
3,33,17,2.8,11.00652915492648,0.0,7,66,80
3,33,18,2.8,10.63598030903816,0.0,7,66,80
3,33,19,2.8,10.928770490154907,0.0,7,66,80
3,33,20,2.8,8.582654072253856,0.0,7,66,80
3,33,21,2.8,10.343026864267394,0.0,7,66,80
3,33,22,2.4,11.876409114011139,0.0,5,66,80
1,34,1,4.8,8.218234811534643,0.0,7,66,80
1,34,2,3.8,8.846940961557,0.0,7,66,80
1,34,3,3.4,8.926205467980163,0.0,7,66,80
1,34,4,2.8,18.10519973192311,0.0,7,66,80
1,34,5,3.0,8.346052529064577,0.0,7,66,80
1,34,6,3.0,9.292603563082492,0.0,7,66,80
1,34,7,2.8,11.40601539971665,0.0,7,66,80
1,34,8,2.8,13.078392541353358,0.0,7,66,80
1,34,9,2.8,10.443811437546687,0.0,7,66,80
1,34,10,2.8,16.390146787495276,0.0,7,66,80
1,34,11,2.8,22.06206354759261,0.0,7,66,80
1,34,12,2.8,10.282215436430313,0.0,7,66,80
1,34,13,2.8,12.660279494669918,0.0,7,66,80
1,34,14,2.8,12.792711660360402,0.0,7,66,80
1,34,15,2.8,12.217911772577347,0.0,7,66,80
1,34,16,2.8,11.970163748023614,0.0,7,66,80
1,34,17,3.0,9.111749165843035,0.0,7,66,80
1,34,18,3.0,9.38484820741616,0.0,7,66,80
1,34,19,3.2,9.931834314114507,0.0,7,66,80
1,34,20,2.8,11.607244356024836,0.0,7,66,80
1,34,21,2.75,10.25566305954691,0.0,4,66,80
2,34,1,3.0,14.31698540084877,0.0,7,66,80
2,34,2,2.8,12.073869100009155,0.0,7,66,80
2,34,3,4.0,8.309162302069172,0.125,7,66,80
2,34,4,3.0,9.752570667588056,0.0,7,66,80
2,34,5,2.8,11.578951775393316,0.0,7,66,80
2,34,6,3.0,9.330911654028048,0.0,7,66,80
2,34,7,3.2,10.014018157885017,0.0,7,66,80
2,34,8,3.2,10.407231350745816,0.0,7,66,80
2,34,9,2.8,11.646093768741876,0.0,7,66,80
2,34,10,2.8,11.154380950293168,0.0,7,66,80
2,34,11,3.0,11.668766308459197,0.0,7,66,80
2,34,12,2.8,10.961867702198528,0.0,7,66,80
2,34,13,2.8,13.137393664841522,0.0,7,66,80
2,34,14,2.8,8.995853632526897,0.0,7,66,80
2,34,15,3.0,8.403874465669906,0.0,7,66,80
2,34,16,2.8,14.702574018880503,0.0,7,66,80
2,34,17,2.8,11.82873732068592,0.0,7,66,80
2,34,18,3.0,11.169040424683525,0.0,7,66,80
2,34,19,2.8,11.102453036711603,0.0,7,66,80
2,34,20,2.8,8.247077640221853,0.0,7,66,80
2,34,21,2.8,12.083140002811831,0.0,6,66,80
3,34,1,3.0,10.130713904213959,0.0,7,66,80
3,34,2,3.4,8.005720279962926,0.0,7,66,80
3,34,3,3.0,11.74389896122814,0.0,7,66,80
3,34,4,2.8,10.991352517238983,0.0,7,66,80
3,34,5,2.8,10.505793178140769,0.0,7,66,80
3,34,6,2.8,8.902366052914248,0.0,7,66,80
3,34,7,3.0,10.65785683417039,0.0,7,66,80
3,34,8,2.8,10.641934349872097,0.0,7,66,80
3,34,9,2.8,14.938375654777293,0.0,7,66,80
3,34,10,2.8,11.06991906014816,0.0,7,66,80
3,34,11,3.0,10.568939006037322,0.0,7,66,80
3,34,12,3.0,9.786416811492854,0.0,7,66,80
3,34,13,3.2,10.457479963959202,0.0,7,66,80
3,34,14,3.0,9.927435990057557,0.0,7,66,80
3,34,15,3.2,10.782359389722318,0.0,7,66,80
3,34,16,2.8,14.105773553514574,0.0,7,66,80
3,34,17,3.0,11.709149808210725,0.0,7,66,80
3,34,18,2.8,13.459540456071462,0.0,7,66,80
3,34,19,2.8,12.63827499244452,0.0,7,66,80
3,34,20,2.8,9.063575864860475,0.0,7,66,80
3,34,21,3.0,11.29670766107282,0.0,7,66,80
1,35,1,4.8,8.286037288752347,0.0,7,66,80
1,35,2,3.6,11.567705541090522,0.0,7,66,80
1,35,3,3.4,8.743326735628262,0.0,7,66,80
1,35,4,3.0,13.304819646584543,0.0,7,66,80
1,35,5,3.0,8.848515753314652,0.0,7,66,80
1,35,6,2.8,12.274287988066346,0.0,7,66,80
1,35,7,2.8,12.273796847267576,0.0,7,66,80
1,35,8,2.8,11.519496064759569,0.0,7,66,80
1,35,9,2.8,15.228085938409494,0.0,7,66,80
1,35,10,2.8,16.615015427574992,0.0,7,66,80
1,35,11,2.8,12.44904783587572,0.0,7,66,80
1,35,12,3.0,8.696458022661341,0.0,7,66,80
1,35,13,2.8,13.481678433392084,0.0,7,66,80
1,35,14,2.8,14.244189736948378,0.0,7,66,80
1,35,15,3.0,10.64967825150674,0.0,7,66,80
1,35,16,3.0,11.39435751705587,0.0,7,66,80
1,35,17,3.0,8.158184981285512,0.0,7,66,80
1,35,18,3.0,8.820475499086193,0.0,7,66,80
1,35,19,3.2,9.793502776207987,0.0,7,66,80
1,35,20,3.0,9.344210975775026,0.0,7,66,80
2,35,1,3.2,12.887483674044223,0.0,7,66,80
2,35,2,3.0,10.093494207953453,0.0,7,66,80
2,35,3,3.8,7.925084763054042,0.125,7,66,80
2,35,4,3.0,9.578531226616267,0.0,7,66,80
2,35,5,2.8,11.753039805356828,0.0,7,66,80
2,35,6,2.8,11.171979585629785,0.0,7,66,80
2,35,7,3.4,9.995159092116198,0.0,7,66,80
2,35,8,3.0,10.535453355201238,0.0,7,66,80
2,35,9,2.8,11.758039672815494,0.0,7,66,80
2,35,10,2.8,10.594069756557651,0.0,7,66,80
2,35,11,3.0,14.557172853738884,0.0,7,66,80
2,35,12,2.8,11.285497305095923,0.0,7,66,80
2,35,13,2.8,12.097943313486077,0.0,7,66,80
2,35,14,2.8,9.296680031692365,0.0,7,66,80
2,35,15,3.6,8.346031480301253,0.125,7,66,80
2,35,16,2.8,12.241480234165458,0.0,7,66,80
2,35,17,2.8,11.036782496260921,0.0,7,66,80
2,35,18,3.0,13.686314822610198,0.0,7,66,80
2,35,19,2.8,10.329768979677668,0.0,7,66,80
2,35,20,2.8,8.1943907004174,0.0,7,66,80
3,35,1,2.8,10.877609789760509,0.0,7,66,80
3,35,2,2.8,10.75734750564021,0.0,7,66,80
3,35,3,2.8,11.565797854988546,0.0,7,66,80
3,35,4,2.8,12.341936938471921,0.0,7,66,80
3,35,5,2.8,10.935871638541803,0.0,7,66,80
3,35,6,2.8,10.097027906564248,0.0,7,66,80
3,35,7,3.0,9.382058617799872,0.0,7,66,80
3,35,8,2.8,11.711966290025128,0.0,7,66,80
3,35,9,3.0,11.686453798519615,0.0,7,66,80
3,35,10,2.8,10.012433194103975,0.0,7,66,80
3,35,11,2.8,10.50928811863557,0.0,7,66,80
3,35,12,3.2,10.038427699040131,0.0,7,66,80
3,35,13,3.2,10.036143502533195,0.0,7,66,80
3,35,14,2.8,9.547621411865432,0.0,7,66,80
3,35,15,2.8,14.570501568724668,0.0,7,66,80
3,35,16,3.0,9.975901987235792,0.0,7,66,80
3,35,17,2.8,10.746060822865772,0.0,7,66,80
3,35,18,2.8,13.597535952547396,0.0,7,66,80
3,35,19,2.8,13.794618201378753,0.0,7,66,80
3,35,20,2.8,9.842965885968546,0.0,7,66,80
3,35,21,2.8,9.690571271613885,0.0,7,66,80
3,35,22,2.8,9.552524839147821,0.0,7,66,80
1,36,1,4.6,7.367654256794766,0.0,7,66,80
1,36,2,3.8,10.52980139907189,0.0,7,66,80
1,36,3,3.4,8.66786806795943,0.0,7,66,80
1,36,4,3.0,12.478297555060298,0.0,7,66,80
1,36,5,3.0,8.07755448068917,0.0,7,66,80
1,36,6,2.8,9.40175320299676,0.0,7,66,80
1,36,7,2.8,11.567007363037986,0.0,7,66,80
1,36,8,2.8,14.208456859617046,0.0,7,66,80
1,36,9,2.8,11.375916409960194,0.0,7,66,80
1,36,10,2.8,12.694775287261425,0.0,7,66,80
1,36,11,2.8,11.520823109334112,0.0,7,66,80
1,36,12,2.8,9.733726942473735,0.0,7,66,80
1,36,13,2.8,15.597874965506215,0.0,7,66,80
1,36,14,3.0,10.273930099261488,0.0,7,66,80
1,36,15,3.0,10.939680432244906,0.0,7,66,80
1,36,16,2.8,12.677932857659634,0.0,7,66,80
1,36,17,3.2,8.41397766682896,0.0,7,66,80
1,36,18,3.2,9.757326037036048,0.0,7,66,80
1,36,19,3.0,10.536765041279214,0.0,7,66,80
1,36,20,3.2,8.608455101566456,0.0,7,66,80
2,36,1,3.6,11.221291354746041,0.0,7,66,80
2,36,2,3.8,9.508161379944989,0.0,7,66,80
2,36,3,3.8,8.245547076494129,0.0,7,66,80
2,36,4,3.0,8.390683986247096,0.0,7,66,80
2,36,5,2.8,13.50547518873193,0.0,7,66,80
2,36,6,3.0,9.966300798621571,0.0,7,66,80
2,36,7,3.4,9.03016266880239,0.0,7,66,80
2,36,8,3.0,10.311425982152974,0.0,7,66,80
2,36,9,3.0,11.063931447805242,0.0,7,66,80
2,36,10,3.0,8.678717108071648,0.0,7,66,80
2,36,11,2.8,10.052661471641795,0.0,7,66,80
2,36,12,2.8,13.011121559285987,0.0,7,66,80
2,36,13,3.0,12.708773589961815,0.0,7,66,80
2,36,14,3.0,7.789948957915647,0.0,7,66,80
2,36,15,3.0,11.975258204883092,0.0,7,66,80
2,36,16,2.8,10.92283029387398,0.0,7,66,80
2,36,17,2.8,12.712641288624503,0.0,7,66,80
2,36,18,3.2,9.062806484401678,0.0,7,66,80
2,36,19,3.0,7.780323746252394,0.0,7,66,80
2,36,20,3.0,11.77811832844108,0.0,7,66,80
3,36,1,2.8,9.828774924352489,0.0,7,66,80
3,36,2,2.8,12.243186509278354,0.0,7,66,80
3,36,3,3.0,12.231749518080678,0.0,7,66,80
3,36,4,2.8,9.533568857839015,0.0,7,66,80
3,36,5,2.8,10.788153899162307,0.0,7,66,80
3,36,6,2.8,8.323071502941064,0.0,7,66,80
3,36,7,3.0,9.926958097317774,0.0,7,66,80
3,36,8,2.8,9.92911671470576,0.0,7,66,80
3,36,9,2.8,12.784110453067232,0.0,7,66,80
3,36,10,2.8,10.457541368949942,0.0,7,66,80
3,36,11,2.8,12.063995779724522,0.0,7,66,80
3,36,12,3.2,9.152161135548003,0.0,7,66,80
3,36,13,3.2,9.136593298811261,0.0,7,66,80
3,36,14,2.8,9.400868686229614,0.0,7,66,80
3,36,15,2.8,20.068598404943796,0.0,7,66,80
3,36,16,3.0,10.312305834331596,0.0,7,66,80
3,36,17,2.8,12.427346114090152,0.0,7,66,80
3,36,18,3.0,11.098292204096305,0.0,7,66,80
3,36,19,2.8,12.315122769408665,0.0,7,66,80
3,36,20,2.8,9.912112438121136,0.0,7,66,80
3,36,21,2.8,11.96656252712587,0.0,7,66,80
3,36,22,2.6,12.205820632050086,0.0,6,66,80
1,37,1,4.2,10.003487353315567,0.0,7,66,80
1,37,2,3.8,11.800731827162277,0.0,7,66,80
1,37,3,3.2,8.510766339800591,0.0,7,66,80
1,37,4,3.2,11.460978977952843,0.0,7,66,80
1,37,5,3.0,12.237712772176446,0.0,7,66,80
1,37,6,2.8,9.796059929810783,0.0,7,66,80
1,37,7,2.8,13.590230708679258,0.0,7,66,80
1,37,8,2.8,12.223204735614257,0.0,7,66,80
1,37,9,2.8,16.06359568198949,0.0,7,66,80
1,37,10,2.8,12.868981488098271,0.0,7,66,80
1,37,11,2.8,16.6260445815749,0.0,7,66,80
1,37,12,2.8,10.705656837116548,0.0,7,66,80
1,37,13,2.8,13.380453441406779,0.0,7,66,80
1,37,14,3.0,11.85500435323404,0.0,7,66,80
1,37,15,3.0,10.517477456065706,0.0,7,66,80
1,37,16,2.8,12.214645595901896,0.0,7,66,80
1,37,17,3.0,8.346050909843017,0.0,7,66,80
1,37,18,3.2,9.057432580521223,0.0,7,66,80
1,37,19,2.8,12.367468614090125,0.0,7,66,80
1,37,20,3.0,10.535264707490647,0.0,7,66,80
1,37,21,2.4,11.332885348547453,0.0,5,66,80
2,37,1,3.0,13.555433951390727,0.0,7,66,80
2,37,2,2.8,10.42713183136058,0.0,7,66,80
2,37,3,4.0,8.613411023515615,0.125,7,66,80
2,37,4,2.8,10.19939864728607,0.0,7,66,80
2,37,5,2.8,10.795637077686678,0.0,7,66,80
2,37,6,2.8,11.127748568373711,0.0,7,66,80
2,37,7,3.2,10.299541694027,0.0,7,66,80
2,37,8,2.8,11.945399212858518,0.0,7,66,80
2,37,9,2.8,11.888477332063042,0.0,7,66,80
2,37,10,2.8,10.323069734370147,0.0,7,66,80
2,37,11,3.0,11.004543095612028,0.0,7,66,80
2,37,12,2.8,11.320114759716912,0.0,7,66,80
2,37,13,2.8,11.460689538890806,0.0,7,66,80
2,37,14,3.0,12.26612609042565,0.0,7,66,80
2,37,15,3.0,9.037859576254746,0.0,7,66,80
2,37,16,3.4,8.808280765383495,0.0,7,66,80
2,37,17,2.8,15.174356665367254,0.0,7,66,80
2,37,18,3.6,9.371110272655425,0.125,7,66,80
2,37,19,3.0,9.745157246613962,0.0,7,66,80
2,37,20,2.8,9.99212942733342,0.0,7,66,80
2,37,21,2.5,12.453298440724911,0.0,4,66,80
3,37,1,2.8,10.89699020312341,0.0,7,66,80
3,37,2,3.0,12.618752575875952,0.0,7,66,80
3,37,3,2.8,12.613467391644056,0.0,7,66,80
3,37,4,2.8,10.445347528986538,0.0,7,66,80
3,37,5,2.8,10.962178038246654,0.0,7,66,80
3,37,6,2.8,9.10354413182387,0.0,7,66,80
3,37,7,3.0,11.261242326333555,0.0,7,66,80
3,37,8,2.8,9.58672247340017,0.0,7,66,80
3,37,9,3.2,11.496436580916123,0.0,7,66,80
3,37,10,2.8,11.132893938903699,0.0,7,66,80
3,37,11,2.8,11.052581430933365,0.0,7,66,80
3,37,12,3.2,9.423551677944962,0.0,7,66,80
3,37,13,3.0,10.938348053273408,0.0,7,66,80
3,37,14,2.8,9.869803744219654,0.0,7,66,80
3,37,15,3.0,13.457265331649406,0.0,7,66,80
3,37,16,3.0,11.647598815252787,0.0,7,66,80
3,37,17,2.8,9.950072583713391,0.0,7,66,80
3,37,18,3.0,9.656247473476665,0.0,7,66,80
3,37,19,2.8,14.13024431286941,0.0,7,66,80
3,37,20,2.8,10.036601571662278,0.0,7,66,80
3,37,21,2.8,9.36810546456148,0.0,7,66,80
3,37,22,2.2,14.523227783305005,0.0,5,66,80
1,38,1,4.6,8.955267374305517,0.0,7,66,80
1,38,2,3.6,11.134552509311415,0.0,7,66,80
1,38,3,3.2,9.869774731295909,0.0,7,66,80
1,38,4,3.0,13.151011162826704,0.0,7,66,80
1,38,5,3.0,9.152330816433809,0.0,7,66,80
1,38,6,2.8,7.906636055820334,0.0,7,66,80
1,38,7,2.8,16.6277086818556,0.0,7,66,80
1,38,8,2.8,9.641659734865515,0.0,7,66,80
1,38,9,2.8,15.64650640126014,0.0,7,66,80
1,38,10,2.8,13.353785697268048,0.0,7,66,80
1,38,11,2.8,16.580298892070736,0.0,7,66,80
1,38,12,2.8,12.55729633196378,0.0,7,66,80
1,38,13,2.8,12.140425546969517,0.0,7,66,80
1,38,14,2.8,10.181529287684558,0.0,7,66,80
1,38,15,2.8,13.009653498577633,0.0,7,66,80
1,38,16,2.8,12.03217013320088,0.0,7,66,80
1,38,17,3.2,8.576486220603828,0.0,7,66,80
1,38,18,3.2,8.895851715568941,0.0,7,66,80
1,38,19,3.0,14.868415274829575,0.0,7,66,80
1,38,20,3.0,9.172226498150428,0.0,7,66,80
1,38,21,2.4,14.15459797236464,0.0,5,66,80
2,38,1,3.4,12.110744290794168,0.0,7,66,80
2,38,2,3.2,9.414058939028946,0.0,7,66,80
2,38,3,3.2,10.822586092065865,0.0,7,66,80
2,38,4,3.2,9.128946186410152,0.0,7,66,80
2,38,5,3.2,9.339233396976098,0.0,7,66,80
2,38,6,2.8,11.39976206352731,0.0,7,66,80
2,38,7,3.4,10.370836558956867,0.0,7,66,80
2,38,8,3.2,10.329478183099638,0.0,7,66,80
2,38,9,3.0,11.244254678686698,0.0,7,66,80
2,38,10,2.8,9.195275058893419,0.0,7,66,80
2,38,11,2.8,11.19474142407643,0.0,7,66,80
2,38,12,2.8,12.37419753523366,0.0,7,66,80
2,38,13,2.8,11.87156182585692,0.0,7,66,80
2,38,14,2.8,9.022666025743366,0.0,7,66,80
2,38,15,3.0,10.634414013217736,0.0,7,66,80
2,38,16,3.0,10.265826099095797,0.0,7,66,80
2,38,17,2.8,11.060254695845243,0.0,7,66,80
2,38,18,3.0,11.696277605786312,0.0,7,66,80
2,38,19,3.0,8.80283990238895,0.0,7,66,80
2,38,20,3.0,8.347369013644967,0.0,7,66,80
2,38,21,2.0,21.736545965928194,0.0,4,66,80
3,38,1,2.8,10.03849221026793,0.0,7,66,80
3,38,2,2.8,11.398913966760292,0.0,7,66,80
3,38,3,2.8,10.905852186197334,0.0,7,66,80
3,38,4,2.8,10.644954918529415,0.0,7,66,80
3,38,5,2.8,9.940526252540039,0.0,7,66,80
3,38,6,2.8,9.805644246311498,0.0,7,66,80
3,38,7,2.8,9.553845903123596,0.0,7,66,80
3,38,8,3.0,9.962199132668456,0.0,7,66,80
3,38,9,3.2,9.793690481861814,0.0,7,66,80
3,38,10,3.0,9.283526412346838,0.0,7,66,80
3,38,11,2.8,13.114422280009746,0.0,7,66,80
3,38,12,3.2,10.76734070622203,0.0,7,66,80
3,38,13,3.2,9.68481012998827,0.0,7,66,80
3,38,14,2.8,10.781930977439513,0.0,7,66,80
3,38,15,3.0,13.011046444497486,0.0,7,66,80
3,38,16,2.8,13.634949912049763,0.0,7,66,80
3,38,17,2.8,11.568636591749705,0.0,7,66,80
3,38,18,3.2,11.098507909982628,0.0,7,66,80
3,38,19,2.8,12.79388780897947,0.0,7,66,80
3,38,20,2.8,10.840518143614396,0.0,7,66,80
3,38,21,2.8,9.817589812981904,0.0,7,66,80
3,38,22,2.5,11.80985773041281,0.0,4,66,80
1,39,1,4.8,8.378200264637984,0.0,7,66,80
1,39,2,3.8,9.369661429198636,0.0,7,66,80
1,39,3,3.4,7.754567319902211,0.0,7,66,80
1,39,4,3.0,11.935646202042577,0.0,7,66,80
1,39,5,3.0,9.632280653145386,0.0,7,66,80
1,39,6,2.8,11.183188817926196,0.0,7,66,80
1,39,7,2.8,9.621321849957333,0.0,7,66,80
1,39,8,2.8,14.087334084013927,0.0,7,66,80
1,39,9,2.8,11.097757696134467,0.0,7,66,80
1,39,10,2.8,15.706621651437558,0.0,7,66,80
1,39,11,2.8,14.800880739507797,0.0,7,66,80
1,39,12,2.8,12.147702480485,0.0,7,66,80
1,39,13,2.8,17.218253129579416,0.0,7,66,80
1,39,14,2.8,14.143890696522481,0.0,7,66,80
1,39,15,3.0,12.403284392315175,0.0,7,66,80
1,39,16,2.8,11.901706711804943,0.0,7,66,80
1,39,17,3.0,10.24650047603423,0.0,7,66,80
1,39,18,3.0,10.299390926393164,0.0,7,66,80
1,39,19,3.0,10.770932661416781,0.0,7,66,80
1,39,20,3.4,8.12222163167267,0.0,7,66,80
2,39,1,3.0,14.418238433553892,0.0,7,66,80
2,39,2,3.0,12.350990385800102,0.0,7,66,80
2,39,3,4.0,8.47247131737256,0.125,7,66,80
2,39,4,3.4,9.079767936895797,0.0,7,66,80
2,39,5,2.8,11.698554731287242,0.0,7,66,80
2,39,6,2.8,11.55046309457527,0.0,7,66,80
2,39,7,3.4,10.388451760536919,0.0,7,66,80
2,39,8,3.0,11.706534844883851,0.0,7,66,80
2,39,9,2.8,12.212857001510464,0.0,7,66,80
2,39,10,3.0,9.013624413826737,0.0,7,66,80
2,39,11,3.0,14.10140877998388,0.0,7,66,80
2,39,12,2.8,13.202233393683985,0.0,7,66,80
2,39,13,2.8,10.87908350964973,0.0,7,66,80
2,39,14,2.8,9.866908029504526,0.0,7,66,80
2,39,15,3.0,10.727677636331615,0.0,7,66,80
2,39,16,2.8,11.907810447164927,0.0,7,66,80
2,39,17,3.0,10.007819962397296,0.0,7,66,80
2,39,18,3.0,12.258922264438846,0.0,7,66,80
2,39,19,3.0,8.653384015358025,0.0,7,66,80
2,39,20,3.0,8.158086778851139,0.0,7,66,80
2,39,21,2.0,31.145078451208185,0.0,4,66,80
3,39,1,3.0,9.790170403179113,0.0,7,66,80
3,39,2,2.8,12.400106441077964,0.0,7,66,80
3,39,3,2.8,13.09975495837432,0.0,7,66,80
3,39,4,2.8,9.984927128918137,0.0,7,66,80
3,39,5,2.8,8.813755267150123,0.0,7,66,80
3,39,6,2.8,9.2271512989417,0.0,7,66,80
3,39,7,2.8,10.2115065959793,0.0,7,66,80
3,39,8,2.8,12.631097464766725,0.0,7,66,80
3,39,9,3.0,12.031287014763603,0.0,7,66,80
3,39,10,2.8,10.92451770440829,0.0,7,66,80
3,39,11,2.8,11.060433864790598,0.0,7,66,80
3,39,12,3.2,9.95671775819206,0.0,7,66,80
3,39,13,3.2,11.132169689123053,0.0,7,66,80
3,39,14,2.8,8.680385639707666,0.0,7,66,80
3,39,15,2.8,19.555271670712894,0.0,7,66,80
3,39,16,3.0,11.179375861842747,0.0,7,66,80
3,39,17,2.8,10.783955689652995,0.0,7,66,80
3,39,18,3.0,9.831624269222845,0.0,7,66,80
3,39,19,2.8,10.06545605966868,0.0,7,66,80
3,39,20,2.8,10.960098985804535,0.0,7,66,80
3,39,21,2.8,10.861502973719634,0.0,7,66,80
3,39,22,2.6,11.670154220915089,0.0,6,66,80
1,40,1,4.6,8.11145789997866,0.0,7,66,80
1,40,2,4.0,9.235429924196387,0.0,7,66,80
1,40,3,3.4,7.617334646533483,0.0,7,66,80
1,40,4,2.8,15.262176749865052,0.0,7,66,80
1,40,5,3.0,9.270508066678996,0.0,7,66,80
1,40,6,2.8,10.858739992980416,0.0,7,66,80
1,40,7,2.8,11.264300574760494,0.0,7,66,80
1,40,8,2.8,11.074904078008844,0.0,7,66,80
1,40,9,2.8,15.422959045948657,0.0,7,66,80
1,40,10,2.8,12.912391155509923,0.0,7,66,80
1,40,11,2.8,17.068225773760215,0.0,7,66,80
1,40,12,2.8,9.797026740694797,0.0,7,66,80
1,40,13,2.8,15.557605388461372,0.0,7,66,80
1,40,14,2.8,10.15382847927766,0.0,7,66,80
1,40,15,3.0,10.604071454561334,0.0,7,66,80
1,40,16,2.8,11.254753837186843,0.0,7,66,80
1,40,17,3.0,8.172580805472457,0.0,7,66,80
1,40,18,3.0,8.873526634924612,0.0,7,66,80
1,40,19,2.8,15.973639071168858,0.0,7,66,80
1,40,20,3.0,10.094079382203617,0.0,7,66,80
1,40,21,2.4,11.68447706976307,0.0,5,66,80
2,40,1,3.2,12.391388829338593,0.0,7,66,80
2,40,2,2.8,10.696119345510017,0.0,7,66,80
2,40,3,4.2,8.105113742052929,0.125,7,66,80
2,40,4,2.8,9.964270661881324,0.0,7,66,80
2,40,5,2.8,12.44666389376574,0.0,7,66,80
2,40,6,2.8,8.465787851488802,0.0,7,66,80
2,40,7,3.4,9.035377592453512,0.0,7,66,80
2,40,8,3.0,10.89193304611387,0.0,7,66,80
2,40,9,2.8,12.632304502578885,0.0,7,66,80
2,40,10,2.8,10.467154883785373,0.0,7,66,80
2,40,11,3.0,12.352189789286433,0.0,7,66,80
2,40,12,2.8,10.712274585071967,0.0,7,66,80
2,40,13,2.8,14.897359335647796,0.0,7,66,80
2,40,14,2.8,9.558196686345727,0.0,7,66,80
2,40,15,3.0,10.387887913788681,0.0,7,66,80
2,40,16,2.8,12.257010135159,0.0,7,66,80
2,40,17,3.0,10.540643570843413,0.0,7,66,80
2,40,18,3.0,13.183503154538048,0.0,7,66,80
2,40,19,3.0,7.935796083749031,0.0,7,66,80
2,40,20,2.8,8.899852248990726,0.0,7,66,80
2,40,21,2.4,11.940138074714358,0.0,5,66,80
3,40,1,2.8,10.994937471509942,0.0,7,66,80
3,40,2,3.0,11.814367783614376,0.0,7,66,80
3,40,3,2.8,11.924864303693521,0.0,7,66,80
3,40,4,2.8,9.387244496527789,0.0,7,66,80
3,40,5,2.8,9.897769305961194,0.0,7,66,80
3,40,6,2.8,9.851369673654263,0.0,7,66,80
3,40,7,3.0,9.878855659884193,0.0,7,66,80
3,40,8,2.8,13.069230150647345,0.0,7,66,80
3,40,9,3.0,13.05299299267211,0.0,7,66,80
3,40,10,2.8,11.16442322223847,0.0,7,66,80
3,40,11,3.0,10.484334860195903,0.0,7,66,80
3,40,12,3.2,9.896233892338072,0.0,7,66,80
3,40,13,3.2,8.644489834822188,0.0,7,66,80
3,40,14,3.0,9.715673772465642,0.0,7,66,80
3,40,15,3.0,13.221697209554124,0.0,7,66,80
3,40,16,3.2,12.270329932367915,0.0,7,66,80
3,40,17,3.0,10.183051896584299,0.0,7,66,80
3,40,18,3.0,12.06100761636588,0.0,7,66,80
3,40,19,3.0,10.665462724922788,0.0,7,66,80
3,40,20,2.8,9.744443531077865,0.0,7,66,80
3,40,21,2.8,10.979628406338795,0.0,7,66,80
1,41,1,4.4,8.913165273402594,0.0,7,66,80
1,41,2,3.8,9.894594596558868,0.0,7,66,80
1,41,3,3.2,8.468830252040863,0.0,7,66,80
1,41,4,3.2,11.445422647549815,0.0,7,66,80
1,41,5,3.2,8.252751552379545,0.0,7,66,80
1,41,6,3.0,11.317000185383717,0.0,7,66,80
1,41,7,2.8,10.456042105836136,0.0,7,66,80
1,41,8,2.8,11.96205036635805,0.0,7,66,80
1,41,9,2.8,14.555795909768834,0.0,7,66,80
1,41,10,2.8,18.447309351125977,0.0,7,66,80
1,41,11,2.8,17.459671774815487,0.0,7,66,80
1,41,12,2.8,11.368508755751034,0.0,7,66,80
1,41,13,2.8,15.412661744072857,0.0,7,66,80
1,41,14,2.8,12.449142415223873,0.0,7,66,80
1,41,15,3.0,10.53793733452395,0.0,7,66,80
1,41,16,2.8,11.90170671180497,0.0,7,66,80
1,41,17,3.6,7.4677915787377644,0.0,7,66,80
1,41,18,3.2,9.275284679827013,0.0,7,66,80
1,41,19,3.0,9.595930499669642,0.0,7,66,80
1,41,20,3.2,8.438477866403012,0.0,7,66,80
2,41,1,4.0,9.760948202532028,0.0,7,66,80
2,41,2,4.2,7.926565674392474,0.0,7,66,80
2,41,3,3.2,9.757836120840302,0.0,7,66,80
2,41,4,3.2,8.058945996971008,0.0,7,66,80
2,41,5,2.8,10.678569982571164,0.0,7,66,80
2,41,6,3.0,10.983322232172368,0.0,7,66,80
2,41,7,3.4,8.344647001477526,0.0,7,66,80
2,41,8,2.8,12.322625103619862,0.0,7,66,80
2,41,9,2.8,12.432033268128919,0.0,7,66,80
2,41,10,2.8,9.976778487514547,0.0,7,66,80
2,41,11,2.8,13.681326861318249,0.0,7,66,80
2,41,12,2.8,12.518199222238426,0.0,7,66,80
2,41,13,2.8,13.248450110301656,0.0,7,66,80
2,41,14,3.0,8.621601729188823,0.0,7,66,80
2,41,15,3.0,11.859261227382218,0.0,7,66,80
2,41,16,2.8,12.040669052385061,0.0,7,66,80
2,41,17,3.0,13.16669743949227,0.0,7,66,80
2,41,18,3.2,9.348905777893286,0.0,7,66,80
2,41,19,2.8,7.938078214935327,0.0,7,66,80
2,41,20,3.0,10.54570407569615,0.0,7,66,80
3,41,1,3.4,8.344367857664386,0.0,7,66,80
3,41,2,3.6,8.713663178439017,0.0,7,66,80
3,41,3,3.6,9.283538396829599,0.0,7,66,80
3,41,4,3.0,10.729593717200643,0.0,7,66,80
3,41,5,2.8,7.972123406385961,0.0,7,66,80
3,41,6,3.0,9.305145027969104,0.0,7,66,80
3,41,7,3.0,13.614855139515987,0.0,7,66,80
3,41,8,2.8,11.156755722195241,0.0,7,66,80
3,41,9,3.0,10.12813724343217,0.0,7,66,80
3,41,10,2.8,12.230905549671613,0.0,7,66,80
3,41,11,3.0,10.935652798654587,0.0,7,66,80
3,41,12,3.0,9.682115741074353,0.0,7,66,80
3,41,13,3.0,10.124859259950684,0.0,7,66,80
3,41,14,2.8,18.1194301689495,0.0,7,66,80
3,41,15,3.0,12.152084414877024,0.0,7,66,80
3,41,16,2.8,18.78136764074257,0.0,7,66,80
3,41,17,3.0,12.062947012830346,0.0,7,66,80
3,41,18,2.8,12.945347668727715,0.0,7,66,80
3,41,19,2.8,9.46603720876037,0.0,7,66,80
3,41,20,2.8,9.843880571490931,0.0,7,66,80
3,41,21,3.0,10.641746625522792,0.0,7,66,80
1,42,1,4.6,7.552329659061662,0.0,7,66,80
1,42,2,3.8,9.988722374513147,0.0,7,66,80
1,42,3,3.4,8.93784924997083,0.0,7,66,80
1,42,4,3.0,14.523325259855481,0.0,7,66,80
1,42,5,3.0,7.755292797797521,0.0,7,66,80
1,42,6,2.8,11.28581130138685,0.0,7,66,80
1,42,7,2.8,11.863032762667238,0.0,7,66,80
1,42,8,2.8,10.66335464892434,0.0,7,66,80
1,42,9,2.8,11.462471685119025,0.0,7,66,80
1,42,10,2.8,17.687940989575647,0.0,7,66,80
1,42,11,2.8,12.957658118034933,0.0,7,66,80
1,42,12,2.8,9.733726942473789,0.0,7,66,80
1,42,13,2.8,20.972026515939195,0.0,7,66,80
1,42,14,3.0,13.67886076927495,0.0,7,66,80
1,42,15,2.8,12.26765769768768,0.0,7,66,80
1,42,16,3.0,9.96128217719744,0.0,7,66,80
1,42,17,3.4,7.932611726927597,0.0,7,66,80
1,42,18,3.0,10.55105858914504,0.0,7,66,80
1,42,19,3.0,10.463580979617115,0.0,7,66,80
1,42,20,3.4,8.457094302262282,0.0,7,66,80
2,42,1,3.0,15.554993026806583,0.0,7,66,80
2,42,2,3.0,8.874331042439096,0.0,7,66,80
2,42,3,3.2,11.261337876703362,0.0,7,66,80
2,42,4,3.4,8.99452412642194,0.0,7,66,80
2,42,5,3.0,9.885691782636247,0.0,7,66,80
2,42,6,3.0,9.747290861817719,0.0,7,66,80
2,42,7,3.2,11.722183457506803,0.0,7,66,80
2,42,8,3.2,10.319433462852862,0.0,7,66,80
2,42,9,2.8,12.844538064499565,0.0,7,66,80
2,42,10,2.8,10.021245413237427,0.0,7,66,80
2,42,11,3.0,12.302497359580174,0.0,7,66,80
2,42,12,2.8,13.59302962214375,0.0,7,66,80
2,42,13,2.8,13.75798594666233,0.0,7,66,80
2,42,14,3.0,9.904781947929596,0.0,7,66,80
2,42,15,3.0,10.601013521185587,0.0,7,66,80
2,42,16,2.8,12.72509458851117,0.0,7,66,80
2,42,17,2.8,11.587416282159808,0.0,7,66,80
2,42,18,3.0,17.087835133490174,0.0,7,66,80
2,42,19,3.0,8.753565744274793,0.0,7,66,80
2,42,20,2.8,10.292753458788294,0.0,7,66,80
2,42,21,2.4,12.50147206368072,0.0,5,66,80
3,42,1,2.8,9.892363993755973,0.0,7,66,80
3,42,2,2.8,10.25243818360528,0.0,7,66,80
3,42,3,3.0,12.767982023119297,0.0,7,66,80
3,42,4,2.8,10.339399601684256,0.0,7,66,80
3,42,5,2.8,10.510075516518903,0.0,7,66,80
3,42,6,2.8,9.484716691987497,0.0,7,66,80
3,42,7,3.0,11.037689501509801,0.0,7,66,80
3,42,8,2.8,12.381347633939889,0.0,7,66,80
3,42,9,2.8,14.242882698300082,0.0,7,66,80
3,42,10,3.0,9.14263380380932,0.0,7,66,80
3,42,11,2.8,10.295685443044848,0.0,7,66,80
3,42,12,3.8,7.648949819024505,0.125,7,66,80
3,42,13,2.8,10.155452718398749,0.0,7,66,80
3,42,14,2.8,10.27476570722522,0.0,7,66,80
3,42,15,2.8,16.963949956724584,0.0,7,66,80
3,42,16,3.0,11.494369243499634,0.0,7,66,80
3,42,17,2.8,11.61256681396634,0.0,7,66,80
3,42,18,3.2,9.046503212463715,0.0,7,66,80
3,42,19,2.8,12.062161492678907,0.0,7,66,80
3,42,20,2.8,10.745290898129083,0.0,7,66,80
3,42,21,2.8,10.010413845605143,0.0,7,66,80
3,42,22,2.5,14.635968112022269,0.0,4,66,80
1,43,1,4.4,10.143433088324176,0.0,7,66,80
1,43,2,3.6,10.249049469875894,0.0,7,66,80
1,43,3,3.2,8.632688776378327,0.0,7,66,80
1,43,4,2.8,11.232508605097152,0.0,7,66,80
1,43,5,3.0,9.868914684548072,0.0,7,66,80
1,43,6,2.8,10.413721741776062,0.0,7,66,80
1,43,7,2.8,12.02233364426317,0.0,7,66,80
1,43,8,2.8,10.652834164829306,0.0,7,66,80
1,43,9,2.8,17.01981821073737,0.0,7,66,80
1,43,10,2.8,10.870158888657553,0.0,7,66,80
1,43,11,2.8,15.42659789236972,0.0,7,66,80
1,43,12,2.8,10.306863757183944,0.0,7,66,80
1,43,13,2.8,14.205635159157728,0.0,7,66,80
1,43,14,2.8,10.752064097517833,0.0,7,66,80
1,43,15,2.8,13.90622515980978,0.0,7,66,80
1,43,16,2.8,12.44130167891448,0.0,7,66,80
1,43,17,3.0,9.407856041423655,0.0,7,66,80
1,43,18,3.4,8.07498195212811,0.0,7,66,80
1,43,19,3.0,11.23103412393784,0.0,7,66,80
1,43,20,2.8,11.544476234250626,0.0,7,66,80
1,43,21,3.0,9.67712194546344,0.0,6,66,80
2,43,1,3.2,11.230932072621814,0.0,7,66,80
2,43,2,3.0,9.678221450890087,0.0,7,66,80
2,43,3,3.8,8.581113025766005,0.125,7,66,80
2,43,4,3.0,8.934855289373937,0.0,7,66,80
2,43,5,2.8,11.360098390160012,0.0,7,66,80
2,43,6,2.8,8.845335573014614,0.0,7,66,80
2,43,7,3.4,8.890897636066159,0.0,7,66,80
2,43,8,3.2,10.423389455697567,0.0,7,66,80
2,43,9,2.8,15.375717256316555,0.0,7,66,80
2,43,10,2.8,9.932364966981368,0.0,7,66,80
2,43,11,3.0,14.29076196797832,0.0,7,66,80
2,43,12,2.8,13.141816736469076,0.0,7,66,80
2,43,13,2.8,12.727518304223674,0.0,7,66,80
2,43,14,2.8,9.866259080070305,0.0,7,66,80
2,43,15,3.0,10.807062630688163,0.0,7,66,80
2,43,16,3.0,11.466143505823288,0.0,7,66,80
2,43,17,2.8,11.185216995400493,0.0,7,66,80
2,43,18,3.8,8.840951295228695,0.125,7,66,80
2,43,19,2.8,10.52653780377513,0.0,7,66,80
2,43,20,3.0,8.595450173768361,0.0,7,66,80
3,43,1,2.8,9.65804706594536,0.0,7,66,80
3,43,2,2.8,9.34397025481737,0.0,7,66,80
3,43,3,2.8,12.26139830229626,0.0,7,66,80
3,43,4,2.8,9.638430328759819,0.0,7,66,80
3,43,5,2.8,10.45005933619338,0.0,7,66,80
3,43,6,2.8,9.965413967362931,0.0,7,66,80
3,43,7,2.8,9.378055454427656,0.0,7,66,80
3,43,8,3.0,11.348574360136695,0.0,7,66,80
3,43,9,3.0,12.812617256241113,0.0,7,66,80
3,43,10,2.8,11.022962693394692,0.0,7,66,80
3,43,11,2.8,13.21053021160022,0.0,7,66,80
3,43,12,3.6,9.067304744561612,0.125,7,66,80
3,43,13,3.2,9.301847265447787,0.0,7,66,80
3,43,14,2.8,11.577934997880908,0.0,7,66,80
3,43,15,2.8,15.044465588917305,0.0,7,66,80
3,43,16,3.0,11.429926674790432,0.0,7,66,80
3,43,17,2.8,13.631322818151318,0.0,7,66,80
3,43,18,2.8,12.531986214560831,0.0,7,66,80
3,43,19,2.8,14.23561616482071,0.0,7,66,80
3,43,20,2.8,9.502773210120218,0.0,7,66,80
3,43,21,3.0,10.363110247080133,0.0,7,66,80
3,43,22,2.2,15.20943094584015,0.0,5,66,80
1,44,1,4.6,7.95092041104994,0.0,7,66,80
1,44,2,3.8,10.055393515428488,0.0,7,66,80
1,44,3,3.4,7.937187145096999,0.0,7,66,80
1,44,4,3.2,10.554145551897623,0.0,7,66,80
1,44,5,3.2,10.227610161303579,0.0,7,66,80
1,44,6,3.0,8.973767827345272,0.0,7,66,80
1,44,7,2.8,11.411741315294138,0.0,7,66,80
1,44,8,2.8,12.816212260993005,0.0,7,66,80
1,44,9,2.8,11.11576168045493,0.0,7,66,80
1,44,10,2.8,14.487079520196835,0.0,7,66,80
1,44,11,2.8,16.38781886490498,0.0,7,66,80
1,44,12,2.8,10.37241180604181,0.0,7,66,80
1,44,13,2.8,14.320868477168897,0.0,7,66,80
1,44,14,2.8,16.188885160798257,0.0,7,66,80
1,44,15,2.8,9.986900742679298,0.0,7,66,80
1,44,16,2.8,12.553936500946598,0.0,7,66,80
1,44,17,3.0,9.27583389396435,0.0,7,66,80
1,44,18,3.0,10.662020830268801,0.0,7,66,80
1,44,19,2.8,12.045206481852427,0.0,7,66,80
1,44,20,3.2,8.261232174918726,0.0,7,66,80
2,44,1,3.6,11.099109914179243,0.0,7,66,80
2,44,2,2.8,12.713282588368743,0.0,7,66,80
2,44,3,3.4,8.778776974494791,0.0,7,66,80
2,44,4,3.4,8.386840158870958,0.0,7,66,80
2,44,5,2.8,12.020136140676815,0.0,7,66,80
2,44,6,3.0,8.721211323057712,0.0,7,66,80
2,44,7,3.4,9.369888040672635,0.0,7,66,80
2,44,8,3.0,11.4866751100889,0.0,7,66,80
2,44,9,2.8,12.53833642867938,0.0,7,66,80
2,44,10,2.8,10.019955318027346,0.0,7,66,80
2,44,11,3.0,13.424402169121555,0.0,7,66,80
2,44,12,2.8,14.106663741830019,0.0,7,66,80
2,44,13,2.8,11.52494041676847,0.0,7,66,80
2,44,14,2.8,9.980148670226876,0.0,7,66,80
2,44,15,3.0,10.990976260902046,0.0,7,66,80
2,44,16,3.0,11.04400980179966,0.0,7,66,80
2,44,17,2.8,11.157588094059383,0.0,7,66,80
2,44,18,3.0,14.1289516036518,0.0,7,66,80
2,44,19,3.0,8.643398797775909,0.0,7,66,80
2,44,20,2.8,9.154585201674262,0.0,7,66,80
2,44,21,2.5,14.697806595922748,0.0,4,66,80
3,44,1,3.2,8.989067658539925,0.0,7,66,80
3,44,2,3.0,10.33643224617341,0.0,7,66,80
3,44,3,2.8,13.29381349457921,0.0,7,66,80
3,44,4,2.8,8.98028614134176,0.0,7,66,80
3,44,5,3.0,9.36618829458441,0.0,7,66,80
3,44,6,2.8,8.677245846942787,0.0,7,66,80
3,44,7,3.0,10.128029712423562,0.0,7,66,80
3,44,8,3.0,12.022186102611702,0.0,7,66,80
3,44,9,3.2,10.472286810958087,0.0,7,66,80
3,44,10,2.8,9.428593797789304,0.0,7,66,80
3,44,11,3.0,9.163545432458926,0.0,7,66,80
3,44,12,3.0,10.804926063397518,0.0,7,66,80
3,44,13,3.2,10.94973656992913,0.0,7,66,80
3,44,14,2.8,11.715712615039099,0.0,7,66,80
3,44,15,3.0,10.731186863823012,0.0,7,66,80
3,44,16,3.0,11.259447175310884,0.0,7,66,80
3,44,17,3.0,10.713360727496374,0.0,7,66,80
3,44,18,2.8,12.157135089324838,0.0,7,66,80
3,44,19,2.8,11.931330966217017,0.0,7,66,80
3,44,20,2.8,8.86841593668222,0.0,7,66,80
3,44,21,3.0,8.609476264273544,0.0,7,66,80
1,45,1,4.6,8.96859558593641,0.0,7,66,80
1,45,2,3.6,12.925822742436669,0.0,7,66,80
1,45,3,3.2,9.027030323525997,0.0,7,66,80
1,45,4,3.0,12.119492544363734,0.0,7,66,80
1,45,5,3.0,9.208272916444747,0.0,7,66,80
1,45,6,3.0,8.578322534780844,0.0,7,66,80
1,45,7,2.8,13.549365750095374,0.0,7,66,80
1,45,8,2.8,11.157585333680471,0.0,7,66,80
1,45,9,2.8,12.218324053828159,0.0,7,66,80
1,45,10,2.8,15.140820711146478,0.0,7,66,80
1,45,11,2.8,15.752618104689125,0.0,7,66,80
1,45,12,2.8,13.60378837324291,0.0,7,66,80
1,45,13,2.8,13.28496431610368,0.0,7,66,80
1,45,14,2.8,11.277330116552365,0.0,7,66,80
1,45,15,2.8,13.091954102471584,0.0,7,66,80
1,45,16,2.8,12.803202658355593,0.0,7,66,80
1,45,17,3.0,8.460641655857474,0.0,7,66,80
1,45,18,3.4,9.468339706580087,0.0,7,66,80
1,45,19,3.2,9.661142115307156,0.0,7,66,80
1,45,20,3.2,8.283945511625703,0.0,7,66,80
2,45,1,3.4,13.18083505685582,0.0,7,66,80
2,45,2,3.0,12.453637163336953,0.0,7,66,80
2,45,3,3.4,8.416364765250037,0.0,7,66,80
2,45,4,3.2,8.578370651115442,0.0,7,66,80
2,45,5,2.8,13.030034029790379,0.0,7,66,80
2,45,6,2.8,9.670495341706777,0.0,7,66,80
2,45,7,3.2,10.829669203670344,0.0,7,66,80
2,45,8,3.2,9.229376354948656,0.0,7,66,80
2,45,9,2.8,11.322690664585748,0.0,7,66,80
2,45,10,3.0,9.999691962349392,0.0,7,66,80
2,45,11,3.0,10.883223711700264,0.0,7,66,80
2,45,12,2.8,11.152792321020634,0.0,7,66,80
2,45,13,2.8,11.637717659023087,0.0,7,66,80
2,45,14,2.8,10.694335788200585,0.0,7,66,80
2,45,15,3.0,9.994685597157165,0.0,7,66,80
2,45,16,2.8,11.209190802464375,0.0,7,66,80
2,45,17,2.8,10.847565094780549,0.0,7,66,80
2,45,18,3.0,15.526206040891037,0.0,7,66,80
2,45,19,3.0,9.091891928521232,0.0,7,66,80
2,45,20,2.8,8.492065533522467,0.0,7,66,80
2,45,21,2.4,12.65669493671107,0.0,5,66,80
3,45,1,3.4,7.922807142177298,0.0,7,66,80
3,45,2,3.2,11.208221394874847,0.0,7,66,80
3,45,3,3.4,9.524833043287842,0.0,7,66,80
3,45,4,2.8,10.292374816101594,0.0,7,66,80
3,45,5,2.8,11.819641632962512,0.0,7,66,80
3,45,6,2.8,8.648386058493013,0.0,7,66,80
3,45,7,3.0,11.229410204465484,0.0,7,66,80
3,45,8,2.8,12.644223585785824,0.0,7,66,80
3,45,9,3.0,13.351560142081322,0.0,7,66,80
3,45,10,2.8,13.535988247317254,0.0,7,66,80
3,45,11,3.2,10.269645737095063,0.0,7,66,80
3,45,12,3.0,9.21920950393379,0.0,7,66,80
3,45,13,2.8,13.291096572108662,0.0,7,66,80
3,45,14,2.8,14.396523127932634,0.0,7,66,80
3,45,15,3.2,9.56033693483699,0.0,7,66,80
3,45,16,3.0,12.71362060281808,0.0,7,66,80
3,45,17,3.0,10.358962444495265,0.0,7,66,80
3,45,18,3.0,13.864507267956224,0.0,7,66,80
3,45,19,2.8,11.218342253354042,0.0,7,66,80
3,45,20,2.8,9.658648055128833,0.0,7,66,80
3,45,21,2.8,11.10683652969606,0.0,7,66,80
1,46,1,4.6,8.278611824995098,0.0,7,66,80
1,46,2,3.8,10.529801399071888,0.0,7,66,80
1,46,3,3.2,7.581905898538132,0.0,7,66,80
1,46,4,2.8,13.018032335854427,0.0,7,66,80
1,46,5,3.0,10.601466483003755,0.0,7,66,80
1,46,6,2.8,9.369580119976598,0.0,7,66,80
1,46,7,2.8,12.810193761002344,0.0,7,66,80
1,46,8,2.8,8.967316450939101,0.0,7,66,80
1,46,9,2.8,11.859092082461197,0.0,7,66,80
1,46,10,2.8,12.679437039357364,0.0,7,66,80
1,46,11,2.8,15.513204670430088,0.0,7,66,80
1,46,12,2.8,13.39466793956454,0.0,7,66,80
1,46,13,2.8,13.591710816272615,0.0,7,66,80
1,46,14,2.8,11.141591325311353,0.0,7,66,80
1,46,15,2.8,10.834347651555989,0.0,7,66,80
1,46,16,2.8,11.43835694462702,0.0,7,66,80
1,46,17,3.0,8.694895177510729,0.0,7,66,80
1,46,18,3.2,10.547237827533305,0.0,7,66,80
1,46,19,2.8,13.158908402491498,0.0,7,66,80
1,46,20,2.8,10.060421204889812,0.0,7,66,80
1,46,21,3.0,9.218216014624732,0.0,6,66,80
2,46,1,3.4,10.67356122087621,0.0,7,66,80
2,46,2,3.0,10.225729083260456,0.0,7,66,80
2,46,3,4.2,7.058290219841059,0.125,7,66,80
2,46,4,2.8,8.848263687493505,0.0,7,66,80
2,46,5,2.8,13.447636371266977,0.0,7,66,80
2,46,6,2.8,10.427938853576592,0.0,7,66,80
2,46,7,3.2,9.727498890451864,0.0,7,66,80
2,46,8,2.8,13.438161225183851,0.0,7,66,80
2,46,9,2.8,10.726933224899186,0.0,7,66,80
2,46,10,3.0,8.89448407404745,0.0,7,66,80
2,46,11,2.8,12.773073705404524,0.0,7,66,80
2,46,12,2.8,10.922714423924539,0.0,7,66,80
2,46,13,2.8,11.932719734405397,0.0,7,66,80
2,46,14,3.0,9.445868213131211,0.0,7,66,80
2,46,15,3.2,9.380037322559009,0.0,7,66,80
2,46,16,2.8,13.796534299628684,0.0,7,66,80
2,46,17,2.8,11.226278344610396,0.0,7,66,80
2,46,18,3.8,8.520714408382524,0.125,7,66,80
2,46,19,3.0,8.20727155049013,0.0,7,66,80
2,46,20,3.0,8.761048301155416,0.0,7,66,80
3,46,1,3.0,9.83741099412908,0.0,7,66,80
3,46,2,2.8,11.321302179345171,0.0,7,66,80
3,46,3,2.8,11.265897558648046,0.0,7,66,80
3,46,4,2.8,9.608455106791597,0.0,7,66,80
3,46,5,3.0,9.074263911760069,0.0,7,66,80
3,46,6,2.8,10.030740330250216,0.0,7,66,80
3,46,7,3.0,9.142043719315101,0.0,7,66,80
3,46,8,2.8,11.253189103287939,0.0,7,66,80
3,46,9,3.0,12.241925502600138,0.0,7,66,80
3,46,10,2.8,11.032484531683304,0.0,7,66,80
3,46,11,2.8,12.321797774477895,0.0,7,66,80
3,46,12,3.2,10.244327211001316,0.0,7,66,80
3,46,13,3.2,9.067411193331894,0.0,7,66,80
3,46,14,2.8,10.005818203247795,0.0,7,66,80
3,46,15,3.0,13.265018298875356,0.0,7,66,80
3,46,16,3.0,13.883052145859422,0.0,7,66,80
3,46,17,2.8,12.65855069710174,0.0,7,66,80
3,46,18,3.0,11.29243391849305,0.0,7,66,80
3,46,19,2.8,12.66145995897444,0.0,7,66,80
3,46,20,2.8,10.380544260212881,0.0,7,66,80
3,46,21,3.0,8.97751836752724,0.0,7,66,80
3,46,22,2.25,13.441611726551416,0.0,4,66,80
1,47,1,4.8,9.03112774586585,0.0,7,66,80
1,47,2,3.8,10.280823283538608,0.0,7,66,80
1,47,3,3.4,8.97940937482167,0.0,7,66,80
1,47,4,2.8,11.773400356959655,0.0,7,66,80
1,47,5,3.0,8.645399645000877,0.0,7,66,80
1,47,6,2.8,10.997459885209063,0.0,7,66,80
1,47,7,2.8,12.02879468086007,0.0,7,66,80
1,47,8,2.8,10.682257433079828,0.0,7,66,80
1,47,9,2.8,11.892270832831047,0.0,7,66,80
1,47,10,2.8,14.74489663322565,0.0,7,66,80
1,47,11,2.8,15.06298648474581,0.0,7,66,80
1,47,12,2.8,11.699039273417059,0.0,7,66,80
1,47,13,2.8,17.449729514561128,0.0,7,66,80
1,47,14,3.0,11.231362058962477,0.0,7,66,80
1,47,15,2.8,12.707439760846231,0.0,7,66,80
1,47,16,2.8,11.339468300755861,0.0,7,66,80
1,47,17,3.2,8.725403530717609,0.0,7,66,80
1,47,18,3.2,9.60670924562453,0.0,7,66,80
1,47,19,3.2,8.096140068656497,0.0,7,66,80
1,47,20,3.0,10.500241058368593,0.0,7,66,80
2,47,1,3.0,13.894170241097674,0.0,7,66,80
2,47,2,3.0,10.859732286166238,0.0,7,66,80
2,47,3,3.4,10.193838422517047,0.0,7,66,80
2,47,4,3.2,8.711079662997989,0.0,7,66,80
2,47,5,3.0,9.621320860813027,0.0,7,66,80
2,47,6,3.0,8.896581275489051,0.0,7,66,80
2,47,7,3.2,10.965584398816498,0.0,7,66,80
2,47,8,3.0,10.831990001616726,0.0,7,66,80
2,47,9,2.8,13.11011728590311,0.0,7,66,80
2,47,10,2.8,11.250431475010396,0.0,7,66,80
2,47,11,3.0,10.558328948989791,0.0,7,66,80
2,47,12,2.8,13.376498295342707,0.0,7,66,80
2,47,13,2.8,13.818252122926587,0.0,7,66,80
2,47,14,2.8,10.059668991203356,0.0,7,66,80
2,47,15,3.0,9.64015081875758,0.0,7,66,80
2,47,16,3.0,12.504293962907976,0.0,7,66,80
2,47,17,2.8,12.531592157281574,0.0,7,66,80
2,47,18,3.0,11.251226591490678,0.0,7,66,80
2,47,19,3.0,9.016060615450332,0.0,7,66,80
2,47,20,2.8,8.706365112255742,0.0,7,66,80
2,47,21,2.6,11.393381268477953,0.0,5,66,80
3,47,1,3.4,8.058513557124861,0.0,7,66,80
3,47,2,3.2,12.566981153955231,0.0,7,66,80
3,47,3,3.2,9.694436580374532,0.0,7,66,80
3,47,4,2.8,8.832331815281751,0.0,7,66,80
3,47,5,3.0,7.86684191869213,0.0,7,66,80
3,47,6,2.8,8.660632436912437,0.0,7,66,80
3,47,7,3.0,11.503992083796652,0.0,7,66,80
3,47,8,2.8,11.26962288232003,0.0,7,66,80
3,47,9,2.8,14.177885800823066,0.0,7,66,80
3,47,10,3.0,11.089177580953207,0.0,7,66,80
3,47,11,3.6,7.799998858233419,0.125,7,66,80
3,47,12,3.0,10.467043178614844,0.0,7,66,80
3,47,13,3.2,9.796256285356499,0.0,7,66,80
3,47,14,2.8,17.3464842498115,0.0,7,66,80
3,47,15,3.2,10.041059427780269,0.0,7,66,80
3,47,16,2.8,15.537023290336819,0.0,7,66,80
3,47,17,2.8,11.313919664524594,0.0,7,66,80
3,47,18,2.8,12.129870865644921,0.0,7,66,80
3,47,19,2.8,12.247784044962458,0.0,7,66,80
3,47,20,2.8,9.273695619108718,0.0,7,66,80
3,47,21,3.2,9.557253818082845,0.0,7,66,80
1,48,1,4.2,10.968525371909156,0.0,7,66,80
1,48,2,3.8,9.852106680995426,0.0,7,66,80
1,48,3,3.2,8.311216642438028,0.0,7,66,80
1,48,4,3.2,11.28921023176994,0.0,7,66,80
1,48,5,3.0,10.564295387718916,0.0,7,66,80
1,48,6,2.8,10.422982718946134,0.0,7,66,80
1,48,7,2.8,10.364528068143487,0.0,7,66,80
1,48,8,2.8,10.896995657829025,0.0,7,66,80
1,48,9,2.8,14.586074639796081,0.0,7,66,80
1,48,10,2.8,13.781341509730034,0.0,7,66,80
1,48,11,2.8,14.539991652773912,0.0,7,66,80
1,48,12,2.8,13.160639935895807,0.0,7,66,80
1,48,13,2.8,16.22689467260781,0.0,7,66,80
1,48,14,3.0,11.878372676217518,0.0,7,66,80
1,48,15,2.8,11.537819008089695,0.0,7,66,80
1,48,16,3.0,12.686017679673014,0.0,7,66,80
1,48,17,3.0,7.928760131481401,0.0,7,66,80
1,48,18,3.0,9.26695166011248,0.0,7,66,80
1,48,19,3.0,10.736022622508186,0.0,7,66,80
1,48,20,3.2,8.281477276902784,0.0,7,66,80
1,48,21,2.75,9.621162673679915,0.0,4,66,80
2,48,1,3.6,11.452421095489187,0.0,7,66,80
2,48,2,4.0,8.629115336878561,0.0,7,66,80
2,48,3,3.6,8.318756997854575,0.0,7,66,80
2,48,4,3.2,8.906397304179603,0.0,7,66,80
2,48,5,3.0,9.803125464124363,0.0,7,66,80
2,48,6,3.0,13.072671698531071,0.0,7,66,80
2,48,7,3.0,9.657567628720287,0.0,7,66,80
2,48,8,3.0,9.407389968310179,0.0,7,66,80
2,48,9,2.8,12.15212716995151,0.0,7,66,80
2,48,10,2.8,10.073451122049407,0.0,7,66,80
2,48,11,2.8,16.441145999182563,0.0,7,66,80
2,48,12,2.8,14.517051244389352,0.0,7,66,80
2,48,13,2.8,10.259939922285358,0.0,7,66,80
2,48,14,3.2,8.246925497780168,0.0,7,66,80
2,48,15,2.8,13.031881213061357,0.0,7,66,80
2,48,16,2.8,12.314948627763997,0.0,7,66,80
2,48,17,2.8,10.851365392947093,0.0,7,66,80
2,48,18,3.2,10.407147354781818,0.0,7,66,80
2,48,19,2.8,8.999302021165917,0.0,7,66,80
2,48,20,3.0,9.620537100719135,0.0,7,66,80
3,48,1,3.6,8.10430852240121,0.0,7,66,80
3,48,2,3.2,9.70234285849807,0.0,7,66,80
3,48,3,3.0,13.667777778108638,0.0,7,66,80
3,48,4,2.8,10.151747676341277,0.0,7,66,80
3,48,5,2.8,9.834127250643919,0.0,7,66,80
3,48,6,2.8,7.909868035966687,0.0,7,66,80
3,48,7,3.0,12.747049709559322,0.0,7,66,80
3,48,8,2.8,12.816708573560458,0.0,7,66,80
3,48,9,2.8,11.335378590211558,0.0,7,66,80
3,48,10,2.8,12.314049478190688,0.0,7,66,80
3,48,11,3.0,8.5968146808012,0.0,7,66,80
3,48,12,3.0,10.747963146155405,0.0,7,66,80
3,48,13,3.2,13.574380885968809,0.0,7,66,80
3,48,14,3.0,10.035482462266634,0.0,7,66,80
3,48,15,3.2,9.590318840963509,0.0,7,66,80
3,48,16,3.0,14.914874864967254,0.0,7,66,80
3,48,17,3.0,9.374541215103502,0.0,7,66,80
3,48,18,3.0,10.107039582326408,0.0,7,66,80
3,48,19,2.8,11.757488071473478,0.0,7,66,80
3,48,20,2.8,9.40612614740997,0.0,7,66,80
3,48,21,2.8,12.67162075469764,0.0,7,66,80
1,49,1,4.2,8.856690762313674,0.0,7,66,80
1,49,2,3.6,10.429568439714615,0.0,7,66,80
1,49,3,3.4,8.995236389046392,0.0,7,66,80
1,49,4,3.2,11.205242255880995,0.0,7,66,80
1,49,5,3.0,9.001937250137592,0.0,7,66,80
1,49,6,2.8,9.796059929810774,0.0,7,66,80
1,49,7,2.8,13.060062746542004,0.0,7,66,80
1,49,8,2.8,9.894971411247143,0.0,7,66,80
1,49,9,2.8,13.944758864115034,0.0,7,66,80
1,49,10,2.8,11.9978281367625,0.0,7,66,80
1,49,11,2.8,18.126386763816676,0.0,7,66,80
1,49,12,2.8,11.524629009736765,0.0,7,66,80
1,49,13,2.8,10.54680483723778,0.0,7,66,80
1,49,14,2.8,10.899759056565967,0.0,7,66,80
1,49,15,3.0,13.70371172853193,0.0,7,66,80
1,49,16,3.0,12.606400543710095,0.0,7,66,80
1,49,17,3.4,8.215264604362243,0.0,7,66,80
1,49,18,3.2,8.12929793236791,0.0,7,66,80
1,49,19,3.0,12.514504937729669,0.0,7,66,80
1,49,20,3.2,10.271413634460147,0.0,7,66,80
2,49,1,3.8,8.635923596494422,0.0,7,66,80
2,49,2,3.2,10.973053270758532,0.0,7,66,80
2,49,3,3.0,9.428677654641389,0.0,7,66,80
2,49,4,3.4,8.348528362180264,0.0,7,66,80
2,49,5,2.8,12.067877503706272,0.0,7,66,80
2,49,6,2.8,9.080928362602473,0.0,7,66,80
2,49,7,3.2,10.604538717866,0.0,7,66,80
2,49,8,3.0,11.402759664402133,0.0,7,66,80
2,49,9,2.8,12.188905367286072,0.0,7,66,80
2,49,10,3.0,9.344891963272548,0.0,7,66,80
2,49,11,3.0,14.507019745179276,0.0,7,66,80
2,49,12,2.8,12.341777504372454,0.0,7,66,80
2,49,13,2.8,10.250157687810953,0.0,7,66,80
2,49,14,2.8,8.508457425605075,0.0,7,66,80
2,49,15,3.0,11.981409018490524,0.0,7,66,80
2,49,16,3.0,10.197015129175128,0.0,7,66,80
2,49,17,2.8,11.872319454579172,0.0,7,66,80
2,49,18,3.0,14.09638737740528,0.0,7,66,80
2,49,19,2.8,9.570094247286564,0.0,7,66,80
2,49,20,3.0,8.704821690093421,0.0,7,66,80
2,49,21,2.5,13.121213777561605,0.0,4,66,80
3,49,1,3.2,8.707518184626428,0.0,7,66,80
3,49,2,2.8,10.674730895325263,0.0,7,66,80
3,49,3,3.0,13.74950396635244,0.0,7,66,80
3,49,4,2.8,9.394084627876282,0.0,7,66,80
3,49,5,2.8,9.455803784490993,0.0,7,66,80
3,49,6,2.8,9.78371934531807,0.0,7,66,80
3,49,7,3.2,9.470864182766704,0.0,7,66,80
3,49,8,2.8,11.184453395193414,0.0,7,66,80
3,49,9,2.8,17.298372682148234,0.0,7,66,80
3,49,10,3.0,9.924722090634644,0.0,7,66,80
3,49,11,3.0,11.16715588689867,0.0,7,66,80
3,49,12,3.0,9.527259407771192,0.0,7,66,80
3,49,13,3.2,10.983304817007289,0.0,7,66,80
3,49,14,2.8,11.375077444801452,0.0,7,66,80
3,49,15,3.0,11.370195320383644,0.0,7,66,80
3,49,16,3.0,11.072924898123535,0.0,7,66,80
3,49,17,3.0,10.794086444433974,0.0,7,66,80
3,49,18,2.8,11.532029065225139,0.0,7,66,80
3,49,19,2.8,14.168741014438123,0.0,7,66,80
3,49,20,2.8,8.101980871120023,0.0,7,66,80
3,49,21,3.0,10.285435816542122,0.0,7,66,80
1,50,1,4.2,9.083650971547247,0.0,7,66,80
1,50,2,3.8,10.307092570953197,0.0,7,66,80
1,50,3,3.2,9.033879568213628,0.0,7,66,80
1,50,4,3.2,12.154481914411395,0.0,7,66,80
1,50,5,3.0,11.85258726619118,0.0,7,66,80
1,50,6,2.8,10.176554910017195,0.0,7,66,80
1,50,7,2.8,13.808218107783627,0.0,7,66,80
1,50,8,2.8,12.076232037301732,0.0,7,66,80
1,50,9,2.8,13.567988610859151,0.0,7,66,80
1,50,10,2.8,11.27920688030579,0.0,7,66,80
1,50,11,2.8,15.048325770583364,0.0,7,66,80
1,50,12,2.8,14.701839208176127,0.0,7,66,80
1,50,13,2.8,16.2707084565664,0.0,7,66,80
1,50,14,2.8,13.455195551354524,0.0,7,66,80
1,50,15,2.8,13.689399802703631,0.0,7,66,80
1,50,16,2.8,12.129042375119802,0.0,7,66,80
1,50,17,3.0,8.077205644257157,0.0,7,66,80
1,50,18,3.2,9.01645019990799,0.0,7,66,80
1,50,19,3.2,10.18048643123981,0.0,7,66,80
1,50,20,3.0,11.544416065262078,0.0,7,66,80
1,50,21,2.4,13.079322559380252,0.0,5,66,80
2,50,1,3.0,16.171937582728265,0.0,7,66,80
2,50,2,3.0,10.95700792672872,0.0,7,66,80
2,50,3,4.2,7.957479974179869,0.125,7,66,80
2,50,4,3.0,8.320267361298908,0.0,7,66,80
2,50,5,2.8,12.091426562390174,0.0,7,66,80
2,50,6,2.8,9.379521912891928,0.0,7,66,80
2,50,7,3.6,8.04792025618907,0.125,7,66,80
2,50,8,2.8,10.70421166018042,0.0,7,66,80
2,50,9,2.8,12.854995470874233,0.0,7,66,80
2,50,10,2.8,10.441040322274148,0.0,7,66,80
2,50,11,2.8,13.447069700400744,0.0,7,66,80
2,50,12,2.8,11.946826205507127,0.0,7,66,80
2,50,13,2.8,14.753615002969008,0.0,7,66,80
2,50,14,2.8,8.567409853668927,0.0,7,66,80
2,50,15,3.0,10.906564016647097,0.0,7,66,80
2,50,16,2.8,13.296212430563711,0.0,7,66,80
2,50,17,2.8,13.151358076589489,0.0,7,66,80
2,50,18,3.0,13.944766516623814,0.0,7,66,80
2,50,19,3.0,8.23877204205444,0.0,7,66,80
2,50,20,3.0,8.517444317359786,0.0,7,66,80
2,50,21,2.4,12.057836798757535,0.0,5,66,80
3,50,1,3.0,9.998226073164547,0.0,7,66,80
3,50,2,2.8,12.226585599299552,0.0,7,66,80
3,50,3,2.8,11.786975163182648,0.0,7,66,80
3,50,4,2.8,9.699886315260951,0.0,7,66,80
3,50,5,2.8,10.638039715920403,0.0,7,66,80
3,50,6,2.8,9.158069351151008,0.0,7,66,80
3,50,7,3.0,10.803721851294341,0.0,7,66,80
3,50,8,2.8,12.33142079947475,0.0,7,66,80
3,50,9,3.2,10.824966379938093,0.0,7,66,80
3,50,10,2.8,11.092511647285157,0.0,7,66,80
3,50,11,2.8,13.460778988173875,0.0,7,66,80
3,50,12,3.0,11.521664047703894,0.0,7,66,80
3,50,13,3.0,10.187691266854456,0.0,7,66,80
3,50,14,3.0,8.9199289506,0.0,7,66,80
3,50,15,3.0,15.543473976567704,0.0,7,66,80
3,50,16,3.0,11.827798197016545,0.0,7,66,80
3,50,17,2.8,11.999893609444442,0.0,7,66,80
3,50,18,3.0,11.597068427571148,0.0,7,66,80
3,50,19,2.8,12.310069319914543,0.0,7,66,80
3,50,20,2.8,9.506210704548456,0.0,7,66,80
3,50,21,2.8,9.116750568464097,0.0,7,66,80
3,50,22,2.2,18.753799011456184,0.0,5,66,80
1,51,1,4.2,9.589589043032678,0.0,7,66,80
1,51,2,3.6,11.020875422057486,0.0,7,66,80
1,51,3,3.4,9.373003374263508,0.0,7,66,80
1,51,4,2.8,11.23250860509716,0.0,7,66,80
1,51,5,3.0,9.632290512111929,0.0,7,66,80
1,51,6,2.8,11.291837967998799,0.0,7,66,80
1,51,7,2.8,11.472988296988982,0.0,7,66,80
1,51,8,2.8,9.261213497363318,0.0,7,66,80
1,51,9,2.8,17.514494865656005,0.0,7,66,80
1,51,10,2.8,10.969092871247492,0.0,7,66,80
1,51,11,2.8,14.12485410735631,0.0,7,66,80
1,51,12,2.8,13.613169521957552,0.0,7,66,80
1,51,13,2.8,12.549000638408087,0.0,7,66,80
1,51,14,2.8,12.674284089568486,0.0,7,66,80
1,51,15,2.8,12.28966115825306,0.0,7,66,80
1,51,16,2.8,13.262768741560507,0.0,7,66,80
1,51,17,2.8,10.249691796030922,0.0,7,66,80
1,51,18,2.8,10.837265174837723,0.0,7,66,80
1,51,19,3.2,10.250374512902468,0.0,7,66,80
1,51,20,3.2,8.928725125720348,0.0,7,66,80
1,51,21,3.2,9.324213555352829,0.0,7,66,80
2,51,1,3.0,13.707334534725506,0.0,7,66,80
2,51,2,2.8,12.050081017841364,0.0,7,66,80
2,51,3,3.8,8.510821245158485,0.125,7,66,80
2,51,4,2.8,10.103550548641172,0.0,7,66,80
2,51,5,2.8,11.622059821324864,0.0,7,66,80
2,51,6,2.8,10.869451346261506,0.0,7,66,80
2,51,7,3.2,11.665903445116097,0.0,7,66,80
2,51,8,3.4,9.326079805747675,0.0,7,66,80
2,51,9,3.0,11.124392730855817,0.0,7,66,80
2,51,10,2.8,9.216104279499765,0.0,7,66,80
2,51,11,2.8,15.451621156533902,0.0,7,66,80
2,51,12,2.8,12.695371730656905,0.0,7,66,80
2,51,13,2.8,10.577659577732746,0.0,7,66,80
2,51,14,3.0,10.20544439140888,0.0,7,66,80
2,51,15,3.2,9.134341321683845,0.0,7,66,80
2,51,16,3.0,10.447641308224867,0.0,7,66,80
2,51,17,2.8,10.548231876046309,0.0,7,66,80
2,51,18,3.0,12.69109479138694,0.0,7,66,80
2,51,19,3.0,8.268375514635105,0.0,7,66,80
2,51,20,2.8,9.957603332164403,0.0,7,66,80
2,51,21,2.4,12.924146527647336,0.0,5,66,80
3,51,1,2.8,9.781617041364845,0.0,7,66,80
3,51,2,2.8,10.480834650344509,0.0,7,66,80
3,51,3,2.8,14.997430861142641,0.0,7,66,80
3,51,4,2.8,10.11671918510208,0.0,7,66,80
3,51,5,2.8,9.73484033342394,0.0,7,66,80
3,51,6,2.8,10.16414721833633,0.0,7,66,80
3,51,7,2.8,10.596670355249767,0.0,7,66,80
3,51,8,3.0,11.021369421593443,0.0,7,66,80
3,51,9,3.0,11.215011911469869,0.0,7,66,80
3,51,10,2.8,9.867057170604559,0.0,7,66,80
3,51,11,2.8,11.785045572167052,0.0,7,66,80
3,51,12,3.2,9.657987351819902,0.0,7,66,80
3,51,13,3.2,9.732700706227464,0.0,7,66,80
3,51,14,3.0,8.630431501629468,0.0,7,66,80
3,51,15,3.0,14.442364155134278,0.0,7,66,80
3,51,16,3.0,11.240862780101097,0.0,7,66,80
3,51,17,2.8,12.191248052454638,0.0,7,66,80
3,51,18,2.8,11.582668617914571,0.0,7,66,80
3,51,19,2.8,12.491183859515766,0.0,7,66,80
3,51,20,2.8,9.093058688829238,0.0,7,66,80
3,51,21,3.0,8.69778125442878,0.0,7,66,80
3,51,22,2.2,15.637178003133972,0.0,5,66,80
1,52,1,4.4,8.847731378131629,0.0,7,66,80
1,52,2,3.6,10.878098312818992,0.0,7,66,80
1,52,3,3.2,9.976080843905144,0.0,7,66,80
1,52,4,3.4,8.770619912548486,0.0,7,66,80
1,52,5,3.2,7.410410422244286,0.0,7,66,80
1,52,6,3.0,9.423387941220591,0.0,7,66,80
1,52,7,2.8,11.406015399716662,0.0,7,66,80
1,52,8,2.8,14.186829783308356,0.0,7,66,80
1,52,9,2.8,12.821470088543121,0.0,7,66,80
1,52,10,2.8,20.381502314702995,0.0,7,66,80
1,52,11,2.8,17.71632612371805,0.0,7,66,80
1,52,12,2.8,10.352875916087806,0.0,7,66,80
1,52,13,2.8,14.417057104124536,0.0,7,66,80
1,52,14,2.8,12.321864007733058,0.0,7,66,80
1,52,15,2.8,9.843031574830139,0.0,7,66,80
1,52,16,2.8,11.53481895272796,0.0,7,66,80
1,52,17,3.2,9.406405054594803,0.0,7,66,80
1,52,18,3.2,9.071615485786614,0.0,7,66,80
1,52,19,3.2,8.949873179292705,0.0,7,66,80
1,52,20,3.2,8.254689113118511,0.0,7,66,80
2,52,1,3.4,11.693944615339301,0.0,7,66,80
2,52,2,2.8,11.485474846061207,0.0,7,66,80
2,52,3,3.2,10.334031103113643,0.0,7,66,80
2,52,4,3.6,8.384870892179995,0.0,7,66,80
2,52,5,2.8,10.798499136397004,0.0,7,66,80
2,52,6,2.8,10.446839907495889,0.0,7,66,80
2,52,7,3.6,8.43248026129832,0.0,7,66,80
2,52,8,3.0,12.497894746474454,0.0,7,66,80
2,52,9,2.8,11.789483884340417,0.0,7,66,80
2,52,10,3.0,9.274042531341905,0.0,7,66,80
2,52,11,2.8,15.43438248761706,0.0,7,66,80
2,52,12,2.8,11.821018043499606,0.0,7,66,80
2,52,13,2.8,11.377920172482424,0.0,7,66,80
2,52,14,2.8,9.602912661868892,0.0,7,66,80
2,52,15,3.6,8.246587675247724,0.125,7,66,80
2,52,16,2.8,11.133810055978481,0.0,7,66,80
2,52,17,2.8,12.331335295851433,0.0,7,66,80
2,52,18,3.0,11.78643746296365,0.0,7,66,80
2,52,19,3.0,9.131406561260878,0.0,7,66,80
2,52,20,3.8,7.661404411046339,0.125,7,66,80
3,52,1,2.8,10.396846333759123,0.0,7,66,80
3,52,2,2.8,11.12926648446895,0.0,7,66,80
3,52,3,2.8,12.486694042466624,0.0,7,66,80
3,52,4,2.8,11.886211392646024,0.0,7,66,80
3,52,5,2.8,9.657978968508408,0.0,7,66,80
3,52,6,2.8,11.248350675208064,0.0,7,66,80
3,52,7,2.8,10.345723742793588,0.0,7,66,80
3,52,8,2.8,11.283716279279414,0.0,7,66,80
3,52,9,2.8,12.605386243774579,0.0,7,66,80
3,52,10,2.8,11.008607626261007,0.0,7,66,80
3,52,11,2.8,10.960374280882915,0.0,7,66,80
3,52,12,3.0,11.052295865109983,0.0,7,66,80
3,52,13,3.0,8.82153563760218,0.0,7,66,80
3,52,14,2.8,10.990054372554647,0.0,7,66,80
3,52,15,3.0,12.186024814744767,0.0,7,66,80
3,52,16,3.0,9.623690932682031,0.0,7,66,80
3,52,17,3.0,15.167760188299997,0.0,7,66,80
3,52,18,3.0,10.508492237740981,0.0,7,66,80
3,52,19,2.8,13.949187807783664,0.0,7,66,80
3,52,20,2.8,9.569715606955333,0.0,7,66,80
3,52,21,2.8,10.360826890788527,0.0,7,66,80
3,52,22,3.0,11.459222456671473,0.0,7,66,80
1,53,1,4.6,7.971957287042554,0.0,7,66,80
1,53,2,3.8,10.566729728129822,0.0,7,66,80
1,53,3,3.4,7.539937741872801,0.0,7,66,80
1,53,4,2.8,11.729314087601567,0.0,7,66,80
1,53,5,3.0,8.822918897232006,0.0,7,66,80
1,53,6,3.0,9.892774601546611,0.0,7,66,80
1,53,7,2.8,11.957190005664865,0.0,7,66,80
1,53,8,2.8,11.324659693512968,0.0,7,66,80
1,53,9,2.8,12.457728873386571,0.0,7,66,80
1,53,10,2.8,18.502588847674613,0.0,7,66,80
1,53,11,2.8,18.039012008203976,0.0,7,66,80
1,53,12,2.8,11.813716086336703,0.0,7,66,80
1,53,13,2.8,16.585254914403812,0.0,7,66,80
1,53,14,3.0,9.935156018373743,0.0,7,66,80
1,53,15,3.0,9.979489273238967,0.0,7,66,80
1,53,16,3.0,10.782701088154278,0.0,7,66,80
1,53,17,3.2,8.391533966632524,0.0,7,66,80
1,53,18,2.8,10.323378033456063,0.0,7,66,80
1,53,19,2.8,13.442424152130718,0.0,7,66,80
1,53,20,3.2,9.394611265694811,0.0,7,66,80
1,53,21,2.25,14.573626637336998,0.0,4,66,80
2,53,1,3.0,14.62510265191694,0.0,7,66,80
2,53,2,3.0,11.036092229185533,0.0,7,66,80
2,53,3,3.2,12.712574348246811,0.0,7,66,80
2,53,4,3.4,8.459568385964795,0.0,7,66,80
2,53,5,3.0,9.576128097225805,0.0,7,66,80
2,53,6,2.8,10.834331830097387,0.0,7,66,80
2,53,7,3.8,7.719831704969278,0.125,7,66,80
2,53,8,2.8,11.472087107914174,0.0,7,66,80
2,53,9,2.8,12.035697833967602,0.0,7,66,80
2,53,10,2.8,9.070120160708168,0.0,7,66,80
2,53,11,2.8,13.327847779047312,0.0,7,66,80
2,53,12,2.8,12.762423501269073,0.0,7,66,80
2,53,13,2.8,14.68062271479416,0.0,7,66,80
2,53,14,2.8,9.616780470179073,0.0,7,66,80
2,53,15,3.6,10.340967900430606,0.125,7,66,80
2,53,16,2.8,12.733736632857715,0.0,7,66,80
2,53,17,2.8,10.248125782726284,0.0,7,66,80
2,53,18,2.8,14.487331402552218,0.0,7,66,80
2,53,19,2.8,8.652686418844802,0.0,7,66,80
2,53,20,2.8,8.83209061825916,0.0,7,66,80
2,53,21,3.25,9.449147833822531,0.2,4,66,80
3,53,1,2.8,11.05455559561394,0.0,7,66,80
3,53,2,2.8,12.026515997959992,0.0,7,66,80
3,53,3,2.8,11.65394976578061,0.0,7,66,80
3,53,4,2.8,11.210805329616857,0.0,7,66,80
3,53,5,2.8,10.85821211590255,0.0,7,66,80
3,53,6,2.8,9.997994729808157,0.0,7,66,80
3,53,7,2.8,9.36369781025469,0.0,7,66,80
3,53,8,2.8,13.411636741228493,0.0,7,66,80
3,53,9,3.0,12.503963701763077,0.0,7,66,80
3,53,10,2.8,10.922839396847708,0.0,7,66,80
3,53,11,3.0,11.784295495909726,0.0,7,66,80
3,53,12,3.6,7.355311858206979,0.125,7,66,80
3,53,13,3.2,9.98522795366983,0.0,7,66,80
3,53,14,2.8,11.135271009157815,0.0,7,66,80
3,53,15,2.8,17.39825839623648,0.0,7,66,80
3,53,16,3.2,10.141462374387142,0.0,7,66,80
3,53,17,2.8,14.38541121347696,0.0,7,66,80
3,53,18,2.8,10.011308917823701,0.0,7,66,80
3,53,19,2.8,15.144946038771748,0.0,7,66,80
3,53,20,2.8,9.506210704548456,0.0,7,66,80
3,53,21,2.8,10.212828993370783,0.0,7,66,80
3,53,22,2.2,14.352818462663146,0.0,5,66,80
1,54,1,4.2,10.734068622471721,0.0,7,66,80
1,54,2,3.8,10.202389789030267,0.0,7,66,80
1,54,3,3.2,9.06104718647716,0.0,7,66,80
1,54,4,3.2,10.594534140792167,0.0,7,66,80
1,54,5,3.0,9.097064330826916,0.0,7,66,80
1,54,6,3.0,9.423448968222765,0.0,7,66,80
1,54,7,2.8,12.40571479387749,0.0,7,66,80
1,54,8,2.8,9.443948512556563,0.0,7,66,80
1,54,9,2.8,13.122998934534092,0.0,7,66,80
1,54,10,2.8,17.88145426102515,0.0,7,66,80
1,54,11,2.8,16.13215725643667,0.0,7,66,80
1,54,12,2.8,12.740908385518882,0.0,7,66,80
1,54,13,2.8,15.388316931873888,0.0,7,66,80
1,54,14,2.8,12.289268031797862,0.0,7,66,80
1,54,15,3.0,10.077749536605594,0.0,7,66,80
1,54,16,2.8,15.204016635736982,0.0,7,66,80
1,54,17,3.4,8.973766923370462,0.0,7,66,80
1,54,18,3.2,7.853826496295675,0.0,7,66,80
1,54,19,3.2,9.93887677892481,0.0,7,66,80
1,54,20,3.4,8.528912577066716,0.0,7,66,80
2,54,1,3.0,15.359673879421925,0.0,7,66,80
2,54,2,3.0,10.362924692414513,0.0,7,66,80
2,54,3,3.8,8.608976460886405,0.0,7,66,80
2,54,4,3.2,8.506781970328715,0.0,7,66,80
2,54,5,3.0,12.55605936276867,0.0,7,66,80
2,54,6,2.8,9.350841566209157,0.0,7,66,80
2,54,7,3.4,9.527166187915997,0.0,7,66,80
2,54,8,3.0,12.030796906191481,0.0,7,66,80
2,54,9,2.8,13.187610827500048,0.0,7,66,80
2,54,10,3.0,9.274042531341806,0.0,7,66,80
2,54,11,3.0,11.90840142683177,0.0,7,66,80
2,54,12,2.8,11.571238715726519,0.0,7,66,80
2,54,13,2.8,11.02628323896998,0.0,7,66,80
2,54,14,3.0,10.377852906976544,0.0,7,66,80
2,54,15,3.2,9.653402932362305,0.0,7,66,80
2,54,16,3.2,9.50214923736684,0.0,7,66,80
2,54,17,2.8,12.29158021362181,0.0,7,66,80
2,54,18,3.0,11.03903274501943,0.0,7,66,80
2,54,19,2.8,8.541842350702263,0.0,7,66,80
2,54,20,3.0,9.026773649921758,0.0,7,66,80
3,54,1,3.8,6.894663134441112,0.0,7,66,80
3,54,2,3.2,9.010417403384967,0.0,7,66,80
3,54,3,3.0,11.43402856742704,0.0,7,66,80
3,54,4,3.0,8.3934758460677,0.0,7,66,80
3,54,5,3.0,8.250128872606748,0.0,7,66,80
3,54,6,3.0,8.455570949819586,0.0,7,66,80
3,54,7,3.2,10.316765863703598,0.0,7,66,80
3,54,8,2.8,11.019495836864959,0.0,7,66,80
3,54,9,2.8,10.745187419492815,0.0,7,66,80
3,54,10,2.8,12.411734640911433,0.0,7,66,80
3,54,11,3.6,9.326039433140231,0.125,7,66,80
3,54,12,2.8,9.805293411097317,0.0,7,66,80
3,54,13,2.8,9.674105705738341,0.0,7,66,80
3,54,14,2.8,15.383157970316045,0.0,7,66,80
3,54,15,3.0,9.54856793428467,0.0,7,66,80
3,54,16,2.8,15.31022203280616,0.0,7,66,80
3,54,17,2.8,10.528285598626155,0.0,7,66,80
3,54,18,3.0,11.63573155175828,0.0,7,66,80
3,54,19,2.8,11.255999656486216,0.0,7,66,80
3,54,20,2.8,8.512196364348396,0.0,7,66,80
3,54,21,2.8,10.29818479112352,0.0,7,66,80
1,55,1,4.8,8.29744662113731,0.0,7,66,80
1,55,2,3.6,11.119456904110482,0.0,7,66,80
1,55,3,3.4,7.539937741872801,0.0,7,66,80
1,55,4,3.2,11.180779657322374,0.0,7,66,80
1,55,5,3.0,9.121947677998607,0.0,7,66,80
1,55,6,2.8,12.202215982172744,0.0,7,66,80
1,55,7,2.8,10.330566762097419,0.0,7,66,80
1,55,8,2.8,13.892471498394368,0.0,7,66,80
1,55,9,2.8,13.361626627931987,0.0,7,66,80
1,55,10,2.8,17.23388439156678,0.0,7,66,80
1,55,11,2.8,17.409230676216428,0.0,7,66,80
1,55,12,2.8,11.454950914954365,0.0,7,66,80
1,55,13,2.8,13.072237908867308,0.0,7,66,80
1,55,14,2.8,13.601186126682828,0.0,7,66,80
1,55,15,2.8,11.78771418682112,0.0,7,66,80
1,55,16,2.8,10.791197666838917,0.0,7,66,80
1,55,17,3.2,8.853599471610467,0.0,7,66,80
1,55,18,3.2,8.990410204747368,0.0,7,66,80
1,55,19,3.4,8.721827824126864,0.0,7,66,80
1,55,20,3.4,8.482337669778545,0.0,7,66,80
2,55,1,2.8,15.240822786844957,0.0,7,66,80
2,55,2,2.8,10.569822602139217,0.0,7,66,80
2,55,3,4.0,8.419283253847949,0.125,7,66,80
2,55,4,3.2,8.755204655328649,0.0,7,66,80
2,55,5,2.8,13.062762579484946,0.0,7,66,80
2,55,6,2.8,9.888429661113136,0.0,7,66,80
2,55,7,3.4,11.524367744236178,0.0,7,66,80
2,55,8,3.0,11.312845224515648,0.0,7,66,80
2,55,9,2.8,10.627141250472466,0.0,7,66,80
2,55,10,2.8,8.92038696384433,0.0,7,66,80
2,55,11,3.0,11.599601978004362,0.0,7,66,80
2,55,12,2.8,11.756600059534257,0.0,7,66,80
2,55,13,2.8,14.336502107613718,0.0,7,66,80
2,55,14,2.8,9.64711800506465,0.0,7,66,80
2,55,15,3.0,9.2048927642571,0.0,7,66,80
2,55,16,3.2,10.40973001516815,0.0,7,66,80
2,55,17,3.0,9.887415891498692,0.0,7,66,80
2,55,18,3.8,9.25570792151422,0.125,7,66,80
2,55,19,2.8,8.712187511904647,0.0,7,66,80
2,55,20,3.0,8.383378241539358,0.0,7,66,80
3,55,1,3.6,7.648256957801255,0.0,7,66,80
3,55,2,3.4,9.87763262447172,0.0,7,66,80
3,55,3,3.2,10.535926087522373,0.0,7,66,80
3,55,4,2.8,9.350732914524114,0.0,7,66,80
3,55,5,2.8,10.122938893594133,0.0,7,66,80
3,55,6,2.8,10.004224713839276,0.0,7,66,80
3,55,7,3.0,9.60535400476166,0.0,7,66,80
3,55,8,3.0,10.860125384520178,0.0,7,66,80
3,55,9,2.8,12.04560996731461,0.0,7,66,80
3,55,10,2.8,12.085759524053923,0.0,7,66,80
3,55,11,3.8,7.94193600286426,0.125,7,66,80
3,55,12,3.0,9.790608560961523,0.0,7,66,80
3,55,13,2.8,12.709721556950562,0.0,7,66,80
3,55,14,2.8,15.267953170457822,0.0,7,66,80
3,55,15,3.2,9.321777531747058,0.0,7,66,80
3,55,16,2.8,13.482083589873048,0.0,7,66,80
3,55,17,3.0,9.91240413705007,0.0,7,66,80
3,55,18,2.8,14.511844459942335,0.0,7,66,80
3,55,19,2.8,9.14065314950262,0.0,7,66,80
3,55,20,2.8,9.448491063546527,0.0,7,66,80
3,55,21,3.0,10.60484290526507,0.0,7,66,80
1,56,1,4.8,9.224676348755672,0.0,7,66,80
1,56,2,3.8,9.958030491202045,0.0,7,66,80
1,56,3,3.4,7.938447332752643,0.0,7,66,80
1,56,4,2.8,14.739543042687297,0.0,7,66,80
1,56,5,3.0,8.633014063420966,0.0,7,66,80
1,56,6,2.8,10.214519825697211,0.0,7,66,80
1,56,7,2.8,11.701777283605647,0.0,7,66,80
1,56,8,2.8,10.875037752296993,0.0,7,66,80
1,56,9,2.8,11.662120712893234,0.0,7,66,80
1,56,10,2.8,12.829916475468705,0.0,7,66,80
1,56,11,2.8,20.285877953867423,0.0,7,66,80
1,56,12,2.8,9.702382796462228,0.0,7,66,80
1,56,13,2.8,14.685577263691423,0.0,7,66,80
1,56,14,3.0,9.88625738280896,0.0,7,66,80
1,56,15,2.8,10.972122617289033,0.0,7,66,80
1,56,16,2.8,11.233772628085886,0.0,7,66,80
1,56,17,3.0,10.190341740802186,0.0,7,66,80
1,56,18,3.0,8.770211207094011,0.0,7,66,80
1,56,19,3.0,10.61976230329494,0.0,7,66,80
1,56,20,3.2,10.979729375308494,0.0,7,66,80
2,56,1,4.0,9.93536631299328,0.0,7,66,80
2,56,2,4.2,8.382864997725912,0.0,7,66,80
2,56,3,3.8,7.845934008237109,0.0,7,66,80
2,56,4,3.0,9.05822032455242,0.0,7,66,80
2,56,5,2.8,10.503508318844025,0.0,7,66,80
2,56,6,3.4,9.666291470100276,0.0,7,66,80
2,56,7,3.6,8.553023359059319,0.0,7,66,80
2,56,8,2.8,10.85344316889216,0.0,7,66,80
2,56,9,2.8,11.439820096506114,0.0,7,66,80
2,56,10,2.8,16.627848123037175,0.0,7,66,80
2,56,11,2.8,10.513139986047527,0.0,7,66,80
2,56,12,2.8,11.342717484933072,0.0,7,66,80
2,56,13,3.0,9.53707089223686,0.0,7,66,80
2,56,14,3.2,8.717709344871793,0.0,7,66,80
2,56,15,3.0,12.731121289431107,0.0,7,66,80
2,56,16,2.8,12.360183077506505,0.0,7,66,80
2,56,17,3.0,15.685480509170977,0.0,7,66,80
2,56,18,3.0,8.49814770434958,0.0,7,66,80
2,56,19,2.8,9.877198599490793,0.0,7,66,80
2,56,20,2.4,14.182895301479128,0.0,5,66,80
3,56,1,2.8,10.468024921078039,0.0,7,66,80
3,56,2,2.8,11.356582420865744,0.0,7,66,80
3,56,3,3.0,12.355297251323467,0.0,7,66,80
3,56,4,2.8,10.891780236954697,0.0,7,66,80
3,56,5,2.8,10.17777183845433,0.0,7,66,80
3,56,6,2.8,9.269103002853747,0.0,7,66,80
3,56,7,2.8,10.438062864269927,0.0,7,66,80
3,56,8,2.8,11.15650435716888,0.0,7,66,80
3,56,9,3.0,12.653570363898718,0.0,7,66,80
3,56,10,2.8,9.076350063983217,0.0,7,66,80
3,56,11,2.8,11.694906926726029,0.0,7,66,80
3,56,12,3.4,9.81191498837703,0.0,7,66,80
3,56,13,3.4,8.509914089097535,0.0,7,66,80
3,56,14,2.8,11.054764079991052,0.0,7,66,80
3,56,15,3.0,14.1226589463947,0.0,7,66,80
3,56,16,2.8,11.462815168231426,0.0,7,66,80
3,56,17,2.8,11.546795886017424,0.0,7,66,80
3,56,18,3.2,10.435715005488394,0.0,7,66,80
3,56,19,2.8,12.255522978330793,0.0,7,66,80
3,56,20,2.8,9.04496606815175,0.0,7,66,80
3,56,21,2.8,10.296918192775667,0.0,7,66,80
3,56,22,2.5,13.142129111274784,0.0,4,66,80
1,57,1,4.2,10.036810501902298,0.0,7,66,80
1,57,2,3.8,11.442216308476604,0.0,7,66,80
1,57,3,3.2,9.385640078855516,0.0,7,66,80
1,57,4,3.2,10.06373385922572,0.0,7,66,80
1,57,5,3.0,9.015404846670593,0.0,7,66,80
1,57,6,3.0,9.603666518523502,0.0,7,66,80
1,57,7,2.8,12.43130698472575,0.0,7,66,80
1,57,8,2.8,10.460337314468475,0.0,7,66,80
1,57,9,2.8,13.355678322523449,0.0,7,66,80
1,57,10,2.8,15.45140264924566,0.0,7,66,80
1,57,11,2.8,19.09742679568039,0.0,7,66,80
1,57,12,2.8,13.72775024054061,0.0,7,66,80
1,57,13,2.8,13.584446662477598,0.0,7,66,80
1,57,14,2.8,13.23387225003552,0.0,7,66,80
1,57,15,3.0,13.482442640794078,0.0,7,66,80
1,57,16,2.8,11.405490516732703,0.0,7,66,80
1,57,17,2.8,9.201521537099152,0.0,7,66,80
1,57,18,3.4,8.961438922412322,0.0,7,66,80
1,57,19,3.2,9.834580767151595,0.0,7,66,80
1,57,20,3.0,9.23488521295907,0.0,7,66,80
2,57,1,4.2,8.689996265858214,0.0,7,66,80
2,57,2,3.8,10.23299508490888,0.0,7,66,80
2,57,3,3.2,10.001079433749332,0.0,7,66,80
2,57,4,3.2,8.439394029929124,0.0,7,66,80
2,57,5,3.0,10.212341750065107,0.0,7,66,80
2,57,6,3.0,13.242499413959601,0.0,7,66,80
2,57,7,3.4,9.663039504351882,0.0,7,66,80
2,57,8,3.0,10.435791731975867,0.0,7,66,80
2,57,9,3.0,10.456979099120568,0.0,7,66,80
2,57,10,3.0,13.130875797091146,0.0,7,66,80
2,57,11,2.8,13.612915864144203,0.0,7,66,80
2,57,12,2.8,10.165399272352124,0.0,7,66,80
2,57,13,2.8,9.293553936849367,0.0,7,66,80
2,57,14,3.0,9.759852188557465,0.0,7,66,80
2,57,15,3.0,10.360445564112782,0.0,7,66,80
2,57,16,2.8,11.049383821666899,0.0,7,66,80
2,57,17,3.0,12.57429825408823,0.0,7,66,80
2,57,18,2.8,11.903534097912832,0.0,7,66,80
2,57,19,3.0,6.705531721484585,0.0,7,66,80
2,57,20,3.0,11.21651434792901,0.0,7,66,80
3,57,1,3.6,7.275249741925858,0.0,7,66,80
3,57,2,3.6,9.836590761120016,0.0,7,66,80
3,57,3,3.2,10.387927303368908,0.0,7,66,80
3,57,4,3.0,9.011132880134364,0.0,7,66,80
3,57,5,3.2,8.013672126240554,0.0,7,66,80
3,57,6,2.8,10.824729556826748,0.0,7,66,80
3,57,7,3.0,10.379962651706524,0.0,7,66,80
3,57,8,3.0,13.647953337736235,0.0,7,66,80
3,57,9,3.0,10.245244455466066,0.0,7,66,80
3,57,10,2.8,13.325661139596443,0.0,7,66,80
3,57,11,3.2,10.576567527212383,0.0,7,66,80
3,57,12,3.6,7.773703376940164,0.0,7,66,80
3,57,13,3.0,9.969052283804276,0.0,7,66,80
3,57,14,3.0,10.775750303869643,0.0,7,66,80
3,57,15,3.0,13.935764011903228,0.0,7,66,80
3,57,16,2.8,10.900969719562875,0.0,7,66,80
3,57,17,3.0,11.950859563727697,0.0,7,66,80
3,57,18,2.8,13.854972396122145,0.0,7,66,80
3,57,19,2.8,9.861883659684075,0.0,7,66,80
3,57,20,3.0,11.057883209160675,0.0,7,66,80
3,57,21,2.0,14.664912667411382,0.0,4,66,80
1,58,1,4.8,8.378200264637984,0.0,7,66,80
1,58,2,3.8,9.79614880951191,0.0,7,66,80
1,58,3,3.2,8.940595405980854,0.0,7,66,80
1,58,4,2.8,14.186970521050664,0.0,7,66,80
1,58,5,3.0,9.089071479122696,0.0,7,66,80
1,58,6,2.8,9.647729901200792,0.0,7,66,80
1,58,7,2.8,15.304348585739037,0.0,7,66,80
1,58,8,2.8,11.368072654129854,0.0,7,66,80
1,58,9,2.8,10.643007775471116,0.0,7,66,80
1,58,10,2.8,16.927103615335955,0.0,7,66,80
1,58,11,2.8,14.536614459357448,0.0,7,66,80
1,58,12,2.8,13.573146924200852,0.0,7,66,80
1,58,13,2.8,13.833932837505198,0.0,7,66,80
1,58,14,2.8,11.900942246997937,0.0,7,66,80
1,58,15,3.0,10.87821531500979,0.0,7,66,80
1,58,16,2.8,11.131595815275219,0.0,7,66,80
1,58,17,3.4,7.651943583971093,0.0,7,66,80
1,58,18,3.0,10.041942978398973,0.0,7,66,80
1,58,19,3.0,10.809574768365305,0.0,7,66,80
1,58,20,2.8,12.169836949760562,0.0,7,66,80
1,58,21,2.75,9.938519715194454,0.0,4,66,80
2,58,1,3.0,12.40106484852741,0.0,7,66,80
2,58,2,3.0,10.996407889569683,0.0,7,66,80
2,58,3,3.4,8.787758262871394,0.0,7,66,80
2,58,4,3.2,8.612941824982896,0.0,7,66,80
2,58,5,3.0,10.267388018160226,0.0,7,66,80
2,58,6,2.8,10.777059261828825,0.0,7,66,80
2,58,7,3.2,10.445564591505105,0.0,7,66,80
2,58,8,3.2,10.771161638590415,0.0,7,66,80
2,58,9,2.8,11.772659648202861,0.0,7,66,80
2,58,10,2.8,10.182771342413211,0.0,7,66,80
2,58,11,3.0,12.977954700057264,0.0,7,66,80
2,58,12,2.8,11.075341681632406,0.0,7,66,80
2,58,13,2.8,13.818252122926587,0.0,7,66,80
2,58,14,2.8,10.227894925276702,0.0,7,66,80
2,58,15,3.0,9.826001824175696,0.0,7,66,80
2,58,16,2.8,15.160268539484882,0.0,7,66,80
2,58,17,2.8,10.233996508461065,0.0,7,66,80
2,58,18,3.2,11.768220184970136,0.0,7,66,80
2,58,19,3.0,8.950092006408068,0.0,7,66,80
2,58,20,2.8,9.969411845692706,0.0,7,66,80
2,58,21,2.6,10.847774147888844,0.0,5,66,80
3,58,1,3.4,7.984868475504015,0.0,7,66,80
3,58,2,3.0,10.926997265454318,0.0,7,66,80
3,58,3,3.2,9.394789028832548,0.0,7,66,80
3,58,4,2.8,9.03851154540097,0.0,7,66,80
3,58,5,3.0,8.973737389371767,0.0,7,66,80
3,58,6,2.8,8.33001642510084,0.0,7,66,80
3,58,7,3.0,12.694136289648178,0.0,7,66,80
3,58,8,2.8,11.492171011262778,0.0,7,66,80
3,58,9,2.8,13.455019465006908,0.0,7,66,80
3,58,10,2.8,11.270253958757971,0.0,7,66,80
3,58,11,3.6,8.914425999073941,0.125,7,66,80
3,58,12,2.8,9.348176341083871,0.0,7,66,80
3,58,13,2.8,12.022988174922544,0.0,7,66,80
3,58,14,3.0,11.684254951168489,0.0,7,66,80
3,58,15,3.2,9.85296553026821,0.0,7,66,80
3,58,16,2.8,14.127970936355984,0.0,7,66,80
3,58,17,3.0,10.524866834571265,0.0,7,66,80
3,58,18,2.8,14.76539321875597,0.0,7,66,80
3,58,19,2.8,12.771699934926918,0.0,7,66,80
3,58,20,2.8,9.086663805989774,0.0,7,66,80
3,58,21,2.8,10.220483390278346,0.0,7,66,80
1,59,1,4.2,8.665647105987055,0.0,7,66,80
1,59,2,3.8,10.468239192672065,0.0,7,66,80
1,59,3,3.2,9.074692363841887,0.0,7,66,80
1,59,4,3.6,9.017860510590253,0.0,7,66,80
1,59,5,3.0,9.270508066678996,0.0,7,66,80
1,59,6,3.0,9.727625473227151,0.0,7,66,80
1,59,7,2.8,10.122331237423674,0.0,7,66,80
1,59,8,2.8,15.826227478529056,0.0,7,66,80
1,59,9,2.8,10.535104283771608,0.0,7,66,80
1,59,10,2.8,14.673949537255321,0.0,7,66,80
1,59,11,2.8,14.480776950603499,0.0,7,66,80
1,59,12,2.8,11.17870431856711,0.0,7,66,80
1,59,13,2.8,13.303104891857418,0.0,7,66,80
1,59,14,2.8,11.884445920541754,0.0,7,66,80
1,59,15,2.8,11.92770731013988,0.0,7,66,80
1,59,16,2.8,14.265466456624198,0.0,7,66,80
1,59,17,3.0,7.883890337740113,0.0,7,66,80
1,59,18,3.2,7.998771814779073,0.0,7,66,80
1,59,19,3.2,10.430878669158389,0.0,7,66,80
1,59,20,3.2,9.176512735333617,0.0,7,66,80
2,59,1,3.0,14.350578028527778,0.0,7,66,80
2,59,2,3.0,10.52339839149546,0.0,7,66,80
2,59,3,3.2,11.804724382518774,0.0,7,66,80
2,59,4,3.4,7.821301593061281,0.0,7,66,80
2,59,5,3.0,10.131325275515982,0.0,7,66,80
2,59,6,3.0,8.794243814092928,0.0,7,66,80
2,59,7,3.2,9.900546194611891,0.0,7,66,80
2,59,8,3.2,9.853906004952178,0.0,7,66,80
2,59,9,2.8,11.713004046161595,0.0,7,66,80
2,59,10,2.8,9.448440723941607,0.0,7,66,80
2,59,11,3.0,11.646546255069723,0.0,7,66,80
2,59,12,2.8,11.060990045886292,0.0,7,66,80
2,59,13,2.8,12.942786846342733,0.0,7,66,80
2,59,14,3.0,9.519377709191609,0.0,7,66,80
2,59,15,3.0,9.897640176108805,0.0,7,66,80
2,59,16,3.0,11.936059968198215,0.0,7,66,80
2,59,17,2.8,9.948085570111175,0.0,7,66,80
2,59,18,3.0,15.393332414689924,0.0,7,66,80
2,59,19,3.0,9.359254058562005,0.0,7,66,80
2,59,20,2.8,9.33218692490984,0.0,7,66,80
2,59,21,2.2,18.582479614039997,0.0,5,66,80
3,59,1,2.8,9.64281999478877,0.0,7,66,80
3,59,2,2.8,11.356582420865939,0.0,7,66,80
3,59,3,2.8,13.719084347561697,0.0,7,66,80
3,59,4,2.8,9.871784868326555,0.0,7,66,80
3,59,5,2.8,10.104758453485278,0.0,7,66,80
3,59,6,2.8,9.384372435690512,0.0,7,66,80
3,59,7,3.0,8.943065673275674,0.0,7,66,80
3,59,8,2.8,11.963978227284876,0.0,7,66,80
3,59,9,2.8,15.673016065218059,0.0,7,66,80
3,59,10,2.8,10.509905952548316,0.0,7,66,80
3,59,11,2.8,11.560472820795956,0.0,7,66,80
3,59,12,3.6,9.405256242155225,0.125,7,66,80
3,59,13,3.0,9.988045307389536,0.0,7,66,80
3,59,14,2.8,8.382946098744215,0.0,7,66,80
3,59,15,2.8,19.555271670713182,0.0,7,66,80
3,59,16,3.0,9.19593799838411,0.0,7,66,80
3,59,17,2.8,10.689715264574984,0.0,7,66,80
3,59,18,2.8,11.3937510887392,0.0,7,66,80
3,59,19,2.8,11.510100740666328,0.0,7,66,80
3,59,20,2.8,8.585601641384425,0.0,7,66,80
3,59,21,2.8,10.578933615929422,0.0,7,66,80
3,59,22,2.8,11.892993983241286,0.0,6,66,80
1,60,1,4.8,8.69242015828995,0.0,7,66,80
1,60,2,3.6,10.685669558440548,0.0,7,66,80
1,60,3,3.4,7.885256783422918,0.0,7,66,80
1,60,4,3.2,12.077100827515782,0.0,7,66,80
1,60,5,3.2,8.58173595450712,0.0,7,66,80
1,60,6,2.8,9.44352549303273,0.0,7,66,80
1,60,7,2.8,11.785788429910745,0.0,7,66,80
1,60,8,2.8,15.08146321728653,0.0,7,66,80
1,60,9,2.8,11.376343666774012,0.0,7,66,80
1,60,10,2.8,16.035458158828124,0.0,7,66,80
1,60,11,2.8,14.597284085361046,0.0,7,66,80
1,60,12,2.8,11.592835814116231,0.0,7,66,80
1,60,13,2.8,13.594657333668966,0.0,7,66,80
1,60,14,2.8,13.757193506946653,0.0,7,66,80
1,60,15,2.8,11.573058918855901,0.0,7,66,80
1,60,16,2.8,14.439954080772182,0.0,7,66,80
1,60,17,3.0,9.893234316914175,0.0,7,66,80
1,60,18,3.0,10.143362092407342,0.0,7,66,80
1,60,19,3.2,9.64611302851395,0.0,7,66,80
1,60,20,3.2,8.72478159014916,0.0,7,66,80
2,60,1,3.6,10.92074641480435,0.0,7,66,80
2,60,2,3.6,8.840896352263234,0.0,7,66,80
2,60,3,3.8,8.93515457939645,0.0,7,66,80
2,60,4,3.4,7.1166592403249656,0.0,7,66,80
2,60,5,2.8,10.74440933287146,0.0,7,66,80
2,60,6,3.0,12.092600417863967,0.0,7,66,80
2,60,7,3.2,10.244115278927948,0.0,7,66,80
2,60,8,2.8,13.01831274785141,0.0,7,66,80
2,60,9,3.0,10.216905754582292,0.0,7,66,80
2,60,10,2.8,10.615453944087307,0.0,7,66,80
2,60,11,2.8,13.324861833116548,0.0,7,66,80
2,60,12,2.8,10.503282595491278,0.0,7,66,80
2,60,13,2.8,10.225632507425773,0.0,7,66,80
2,60,14,3.2,7.677547998180474,0.0,7,66,80
2,60,15,2.8,14.551106623331494,0.0,7,66,80
2,60,16,2.8,11.86117734795736,0.0,7,66,80
2,60,17,2.8,11.461417564436461,0.0,7,66,80
2,60,18,3.4,9.67896676814842,0.0,7,66,80
2,60,19,3.0,8.19422541239226,0.0,7,66,80
2,60,20,3.0,11.18195784920386,0.0,7,66,80
3,60,1,3.0,10.164386314873276,0.0,7,66,80
3,60,2,2.8,11.940155005358957,0.0,7,66,80
3,60,3,2.8,12.18622379761019,0.0,7,66,80
3,60,4,2.8,9.563382843980197,0.0,7,66,80
3,60,5,2.8,9.678490829166464,0.0,7,66,80
3,60,6,2.8,9.036293889532116,0.0,7,66,80
3,60,7,3.0,11.873368993823322,0.0,7,66,80
3,60,8,2.8,10.941603707149113,0.0,7,66,80
3,60,9,2.8,14.478905892140522,0.0,7,66,80
3,60,10,3.0,10.618868925797772,0.0,7,66,80
3,60,11,2.8,12.03849021651957,0.0,7,66,80
3,60,12,3.6,7.5436044455368245,0.125,7,66,80
3,60,13,3.2,10.735049945386024,0.0,7,66,80
3,60,14,2.8,10.547569508618666,0.0,7,66,80
3,60,15,3.0,10.217685364842984,0.0,7,66,80
3,60,16,3.0,13.935764011903228,0.0,7,66,80
3,60,17,3.0,9.79818027146905,0.0,7,66,80
3,60,18,2.8,13.13530310287176,0.0,7,66,80
3,60,19,2.8,12.573264043259474,0.0,7,66,80
3,60,20,2.8,8.836057214759036,0.0,7,66,80
3,60,21,2.8,10.586364310459189,0.0,7,66,80
3,60,22,2.25,13.223646683983981,0.0,4,66,80
1,61,1,4.6,7.716741346039495,0.0,7,66,80
1,61,2,3.8,11.132857045730542,0.0,7,66,80
1,61,3,3.4,7.895588422451006,0.0,7,66,80
1,61,4,3.0,12.078128191294276,0.0,7,66,80
1,61,5,3.0,10.896556280366287,0.0,7,66,80
1,61,6,3.0,9.557906196489371,0.0,7,66,80
1,61,7,2.8,11.854788311200794,0.0,7,66,80
1,61,8,2.8,12.2789180595066,0.0,7,66,80
1,61,9,2.8,11.24269243426551,0.0,7,66,80
1,61,10,2.8,18.560949579883495,0.0,7,66,80
1,61,11,2.8,19.55614829592478,0.0,7,66,80
1,61,12,2.8,10.07590514270966,0.0,7,66,80
1,61,13,2.8,14.45163212080073,0.0,7,66,80
1,61,14,2.8,13.509708916319394,0.0,7,66,80
1,61,15,3.0,10.42851693537115,0.0,7,66,80
1,61,16,2.8,9.841364703628354,0.0,7,66,80
1,61,17,3.0,9.87701871575345,0.0,7,66,80
1,61,18,3.2,8.085666673112504,0.0,7,66,80
1,61,19,3.2,9.016832302820522,0.0,7,66,80
1,61,20,3.4,9.393049391087002,0.0,7,66,80
2,61,1,3.0,13.147483793950878,0.0,7,66,80
2,61,2,3.0,10.173315006217901,0.0,7,66,80
2,61,3,4.0,7.903175397377278,0.125,7,66,80
2,61,4,3.0,9.968838353988103,0.0,7,66,80
2,61,5,2.8,11.509745681512568,0.0,7,66,80
2,61,6,2.8,10.482650296021413,0.0,7,66,80
2,61,7,3.2,10.180708086087048,0.0,7,66,80
2,61,8,3.2,9.546298847285367,0.0,7,66,80
2,61,9,2.8,12.477675651695817,0.0,7,66,80
2,61,10,2.8,9.891587012514904,0.0,7,66,80
2,61,11,2.8,13.445041722884609,0.0,7,66,80
2,61,12,2.8,11.055322259373153,0.0,7,66,80
2,61,13,2.8,13.135668105488177,0.0,7,66,80
2,61,14,2.8,9.556674241966004,0.0,7,66,80
2,61,15,3.0,11.011256026528363,0.0,7,66,80
2,61,16,3.0,11.323601161668261,0.0,7,66,80
2,61,17,2.8,12.740427128799036,0.0,7,66,80
2,61,18,3.0,11.189474196622179,0.0,7,66,80
2,61,19,3.0,8.490386521309432,0.0,7,66,80
2,61,20,2.8,8.608332874743741,0.0,7,66,80
2,61,21,2.6,11.288240322055131,0.0,6,66,80
3,61,1,2.8,9.612509443537213,0.0,7,66,80
3,61,2,3.0,11.187652272256605,0.0,7,66,80
3,61,3,2.8,12.210552978185751,0.0,7,66,80
3,61,4,3.0,9.127855877744704,0.0,7,66,80
3,61,5,2.8,9.920833836083247,0.0,7,66,80
3,61,6,2.8,10.215024523845383,0.0,7,66,80
3,61,7,3.0,8.762223048898262,0.0,7,66,80
3,61,8,2.8,11.089952225594613,0.0,7,66,80
3,61,9,2.8,17.822732303982953,0.0,7,66,80
3,61,10,2.8,10.530106728407752,0.0,7,66,80
3,61,11,3.0,10.238618938283684,0.0,7,66,80
3,61,12,3.2,8.98075879955805,0.0,7,66,80
3,61,13,3.4,8.552019782555137,0.0,7,66,80
3,61,14,2.8,11.456396606687555,0.0,7,66,80
3,61,15,3.0,12.002230298183305,0.0,7,66,80
3,61,16,3.0,13.357491829089742,0.0,7,66,80
3,61,17,3.0,10.122509905193873,0.0,7,66,80
3,61,18,3.2,10.842746230467942,0.0,7,66,80
3,61,19,2.8,13.997734965337678,0.0,7,66,80
3,61,20,2.8,10.603494047133932,0.0,7,66,80
3,61,21,3.0,10.874895331046798,0.0,7,66,80
1,62,1,4.6,8.144346493182633,0.0,7,66,80
1,62,2,3.6,10.680645402669949,0.0,7,66,80
1,62,3,3.2,8.433274505503327,0.0,7,66,80
1,62,4,3.0,12.680559126066198,0.0,7,66,80
1,62,5,3.0,9.528603954904296,0.0,7,66,80
1,62,6,2.8,10.495598009505112,0.0,7,66,80
1,62,7,2.8,11.946714367111714,0.0,7,66,80
1,62,8,2.8,10.498324385368447,0.0,7,66,80
1,62,9,2.8,16.324696365708277,0.0,7,66,80
1,62,10,2.8,12.759982335255255,0.0,7,66,80
1,62,11,2.8,14.789792062983638,0.0,7,66,80
1,62,12,2.8,14.182807352647398,0.0,7,66,80
1,62,13,2.8,12.623641247206542,0.0,7,66,80
1,62,14,2.8,12.479896245744737,0.0,7,66,80
1,62,15,2.8,12.293082586153066,0.0,7,66,80
1,62,16,2.8,13.048254759930174,0.0,7,66,80
1,62,17,2.8,11.349927970389864,0.0,7,66,80
1,62,18,3.4,10.154064852745968,0.0,7,66,80
1,62,19,3.2,8.811019905698856,0.0,7,66,80
1,62,20,3.2,8.932062701231715,0.0,7,66,80
1,62,21,2.2,13.539675670978385,0.0,5,66,80
2,62,1,3.0,12.763370742137997,0.0,7,66,80
2,62,2,3.0,9.974226600518637,0.0,7,66,80
2,62,3,3.8,9.232780632488922,0.0,7,66,80
2,62,4,3.2,7.607401291315981,0.0,7,66,80
2,62,5,3.0,11.896636045408963,0.0,7,66,80
2,62,6,2.8,9.570319774872369,0.0,7,66,80
2,62,7,3.6,9.352393937861764,0.0,7,66,80
2,62,8,3.2,10.242981831494554,0.0,7,66,80
2,62,9,3.0,12.823854426473462,0.0,7,66,80
2,62,10,2.8,10.506316076534489,0.0,7,66,80
2,62,11,3.0,12.624862802896226,0.0,7,66,80
2,62,12,2.8,12.284225548183612,0.0,7,66,80
2,62,13,2.8,10.648079718227196,0.0,7,66,80
2,62,14,3.0,8.611677064322288,0.0,7,66,80
2,62,15,3.2,9.746946337170085,0.0,7,66,80
2,62,16,2.8,11.254073034964273,0.0,7,66,80
2,62,17,2.8,11.978625807486555,0.0,7,66,80
2,62,18,3.2,8.708553146411543,0.0,7,66,80
2,62,19,2.8,9.483232459569178,0.0,7,66,80
2,62,20,3.0,8.927290819705764,0.0,7,66,80
3,62,1,3.0,9.774524203181711,0.0,7,66,80
3,62,2,2.8,11.075290483812784,0.0,7,66,80
3,62,3,2.8,11.608008121749084,0.0,7,66,80
3,62,4,2.8,10.30455963323983,0.0,7,66,80
3,62,5,2.8,11.476418489732342,0.0,7,66,80
3,62,6,3.0,9.144700312829674,0.0,7,66,80
3,62,7,3.0,8.626281068015807,0.0,7,66,80
3,62,8,2.8,10.834560210406476,0.0,7,66,80
3,62,9,2.8,15.02127474393193,0.0,7,66,80
3,62,10,2.8,11.414455299573289,0.0,7,66,80
3,62,11,2.8,11.038991470476283,0.0,7,66,80
3,62,12,3.0,12.014011513779238,0.0,7,66,80
3,62,13,3.2,8.561088693176206,0.0,7,66,80
3,62,14,2.8,9.473676762013271,0.0,7,66,80
3,62,15,2.8,14.96260199180568,0.0,7,66,80
3,62,16,3.2,9.619863984008315,0.0,7,66,80
3,62,17,2.8,11.448443391891928,0.0,7,66,80
3,62,18,3.0,10.373177338439376,0.0,7,66,80
3,62,19,2.8,13.24882212582649,0.0,7,66,80
3,62,20,2.8,10.099034794505306,0.0,7,66,80
3,62,21,3.0,10.106251431168419,0.0,7,66,80
3,62,22,2.2,14.454580770298067,0.0,5,66,80
1,63,1,4.4,7.569609857860392,0.0,7,66,80
1,63,2,4.0,9.370213742280685,0.0,7,66,80
1,63,3,3.4,8.66786806795943,0.0,7,66,80
1,63,4,3.0,11.20244700017441,0.0,7,66,80
1,63,5,3.0,9.41535493655809,0.0,7,66,80
1,63,6,3.0,10.986863404143257,0.0,7,66,80
1,63,7,2.8,11.671107103296404,0.0,7,66,80
1,63,8,2.8,14.599275492527028,0.0,7,66,80
1,63,9,2.8,12.32328932787742,0.0,7,66,80
1,63,10,2.8,13.05291061304715,0.0,7,66,80
1,63,11,2.8,14.984907298728265,0.0,7,66,80
1,63,12,2.8,11.075970801241962,0.0,7,66,80
1,63,13,2.8,16.287484005924558,0.0,7,66,80
1,63,14,2.8,13.631954447262865,0.0,7,66,80
1,63,15,2.8,12.419356048619987,0.0,7,66,80
1,63,16,2.8,10.869053335846365,0.0,7,66,80
1,63,17,3.2,9.709529340064767,0.0,7,66,80
1,63,18,3.2,8.64228093922128,0.0,7,66,80
1,63,19,3.2,9.381824453612994,0.0,7,66,80
1,63,20,3.4,7.933773825156618,0.0,7,66,80
2,63,1,3.0,13.894170241097822,0.0,7,66,80
2,63,2,3.0,10.241455798435485,0.0,7,66,80
2,63,3,4.2,7.687430388892235,0.125,7,66,80
2,63,4,2.8,8.71484390893913,0.0,7,66,80
2,63,5,2.8,10.307151553589888,0.0,7,66,80
2,63,6,2.8,9.09525841895634,0.0,7,66,80
2,63,7,3.4,9.633078178841545,0.0,7,66,80
2,63,8,3.0,11.506684288567689,0.0,7,66,80
2,63,9,2.8,11.735478652895484,0.0,7,66,80
2,63,10,2.8,9.988513187260546,0.0,7,66,80
2,63,11,3.0,11.450309705606646,0.0,7,66,80
2,63,12,2.8,11.628817409163558,0.0,7,66,80
2,63,13,2.8,11.506191638080905,0.0,7,66,80
2,63,14,2.8,9.573157463896253,0.0,7,66,80
2,63,15,3.0,10.013718474432018,0.0,7,66,80
2,63,16,2.8,10.563440956329886,0.0,7,66,80
2,63,17,2.8,9.879755619589249,0.0,7,66,80
2,63,18,3.0,12.416098572132599,0.0,7,66,80
2,63,19,3.0,10.153620717885158,0.0,7,66,80
2,63,20,2.8,8.92228104784563,0.0,7,66,80
2,63,21,2.6,11.47891481011809,0.0,6,66,80
3,63,1,3.0,9.74338135539479,0.0,7,66,80
3,63,2,2.8,10.956250914798499,0.0,7,66,80
3,63,3,2.8,11.122484516718828,0.0,7,66,80
3,63,4,2.8,10.645332711499083,0.0,7,66,80
3,63,5,2.8,10.3325196298093,0.0,7,66,80
3,63,6,2.8,9.963710798947083,0.0,7,66,80
3,63,7,2.8,10.47381300202216,0.0,7,66,80
3,63,8,2.8,11.917354341929972,0.0,7,66,80
3,63,9,2.8,13.798902157376846,0.0,7,66,80
3,63,10,2.8,10.349840358679751,0.0,7,66,80
3,63,11,3.0,11.30508837115401,0.0,7,66,80
3,63,12,3.2,8.386628195449982,0.0,7,66,80
3,63,13,3.2,10.855550250621777,0.0,7,66,80
3,63,14,3.0,9.133046918510264,0.0,7,66,80
3,63,15,3.0,14.40834094652893,0.0,7,66,80
3,63,16,3.0,11.138505304472911,0.0,7,66,80
3,63,17,2.8,12.884687969400256,0.0,7,66,80
3,63,18,3.4,9.348499594409517,0.0,7,66,80
3,63,19,2.8,12.810276987757074,0.0,7,66,80
3,63,20,2.8,8.823310065806545,0.0,7,66,80
3,63,21,2.8,11.437649493527466,0.0,7,66,80
3,63,22,2.25,13.939432249789256,0.0,4,66,80
1,64,1,4.6,8.709351337946662,0.0,7,66,80
1,64,2,3.8,10.493130283417042,0.0,7,66,80
1,64,3,3.4,8.151933665193408,0.0,7,66,80
1,64,4,2.8,11.891334651483072,0.0,7,66,80
1,64,5,3.0,8.357908789602103,0.0,7,66,80
1,64,6,3.0,11.0339680438161,0.0,7,66,80
1,64,7,2.8,9.767181860781456,0.0,7,66,80
1,64,8,2.8,14.108658644147832,0.0,7,66,80
1,64,9,2.8,11.440709619246206,0.0,7,66,80
1,64,10,2.8,14.566682852596486,0.0,7,66,80
1,64,11,2.8,16.5980983404896,0.0,7,66,80
1,64,12,2.8,10.797641577601148,0.0,7,66,80
1,64,13,2.8,16.631027993461323,0.0,7,66,80
1,64,14,3.0,12.672080322237585,0.0,7,66,80
1,64,15,3.0,10.28610953309846,0.0,7,66,80
1,64,16,2.8,12.442340115286163,0.0,7,66,80
1,64,17,3.0,9.578717032889292,0.0,7,66,80
1,64,18,3.2,8.021090930994397,0.0,7,66,80
1,64,19,2.8,11.902458149087469,0.0,7,66,80
1,64,20,3.2,8.591005669705252,0.0,7,66,80
2,64,1,2.8,14.313460550675147,0.0,7,66,80
2,64,2,2.8,10.851113888510916,0.0,7,66,80
2,64,3,4.2,8.827063611148183,0.125,7,66,80
2,64,4,3.2,8.994691358371712,0.0,7,66,80
2,64,5,2.8,11.509745681512516,0.0,7,66,80
2,64,6,2.8,9.701173266399929,0.0,7,66,80
2,64,7,3.4,10.060926492919359,0.0,7,66,80
2,64,8,3.0,9.73087326356383,0.0,7,66,80
2,64,9,2.8,13.03617970000879,0.0,7,66,80
2,64,10,2.8,11.532982701438,0.0,7,66,80
2,64,11,3.0,14.120268525633332,0.0,7,66,80
2,64,12,2.8,10.883839843273627,0.0,7,66,80
2,64,13,2.8,11.682009150911115,0.0,7,66,80
2,64,14,2.8,9.184988692843325,0.0,7,66,80
2,64,15,3.2,9.952248086929243,0.0,7,66,80
2,64,16,2.8,10.355172617541477,0.0,7,66,80
2,64,17,2.8,11.144040874793816,0.0,7,66,80
2,64,18,3.0,14.326072866434606,0.0,7,66,80
2,64,19,2.8,10.095162624529298,0.0,7,66,80
2,64,20,2.8,7.786393709103324,0.0,7,66,80
2,64,21,2.6,10.90580280628886,0.0,5,66,80
3,64,1,3.4,7.771794040958712,0.0,7,66,80
3,64,2,3.0,11.745378086010703,0.0,7,66,80
3,64,3,3.0,10.945269439969353,0.0,7,66,80
3,64,4,2.8,10.219964621773487,0.0,7,66,80
3,64,5,3.0,8.829798782416031,0.0,7,66,80
3,64,6,2.8,8.912357964058053,0.0,7,66,80
3,64,7,3.0,11.334059154310216,0.0,7,66,80
3,64,8,2.8,10.97786298847374,0.0,7,66,80
3,64,9,2.8,13.11158187428084,0.0,7,66,80
3,64,10,2.8,11.038277085333876,0.0,7,66,80
3,64,11,3.2,8.804097866336699,0.0,7,66,80
3,64,12,3.0,11.159799672396268,0.0,7,66,80
3,64,13,3.2,12.416920291177425,0.0,7,66,80
3,64,14,2.8,12.231157147003696,0.0,7,66,80
3,64,15,3.0,9.497985542791735,0.0,7,66,80
3,64,16,2.8,18.117002906473473,0.0,7,66,80
3,64,17,3.0,10.799441163635256,0.0,7,66,80
3,64,18,3.0,11.363000604582751,0.0,7,66,80
3,64,19,2.8,10.570369032619965,0.0,7,66,80
3,64,20,2.8,8.92015294904722,0.0,7,66,80
3,64,21,3.0,9.748449062801582,0.0,7,66,80
1,65,1,4.2,9.029208355356474,0.0,7,66,80
1,65,2,3.8,9.69362315677142,0.0,7,66,80
1,65,3,3.2,8.00218695013108,0.0,7,66,80
1,65,4,3.2,10.287072136883651,0.0,7,66,80
1,65,5,3.0,9.36570019987073,0.0,7,66,80
1,65,6,2.8,9.212023472150328,0.0,7,66,80
1,65,7,2.8,11.876080699556404,0.0,7,66,80
1,65,8,2.8,11.369885047389877,0.0,7,66,80
1,65,9,2.8,15.445979919446737,0.0,7,66,80
1,65,10,2.8,14.441905462306652,0.0,7,66,80
1,65,11,2.8,16.093222654911226,0.0,7,66,80
1,65,12,3.0,11.378288158348557,0.0,7,66,80
1,65,13,2.8,10.826543041076548,0.0,7,66,80
1,65,14,2.8,11.558533979146798,0.0,7,66,80
1,65,15,3.0,13.42238102355817,0.0,7,66,80
1,65,16,2.8,13.841976421824555,0.0,7,66,80
1,65,17,2.8,9.387875749532224,0.0,7,66,80
1,65,18,3.4,8.318190352699393,0.0,7,66,80
1,65,19,3.2,10.270378042947794,0.0,7,66,80
1,65,20,3.0,13.405212285313029,0.0,7,66,80
2,65,1,3.4,12.086810826863184,0.0,7,66,80
2,65,2,3.0,11.037716288199313,0.0,7,66,80
2,65,3,3.4,11.046025281062551,0.0,7,66,80
2,65,4,3.2,8.29900993622127,0.0,7,66,80
2,65,5,3.0,10.12427006198677,0.0,7,66,80
2,65,6,2.8,9.895486343197833,0.0,7,66,80
2,65,7,3.6,8.57845469979866,0.0,7,66,80
2,65,8,3.2,10.823007678936257,0.0,7,66,80
2,65,9,2.8,14.634090925812108,0.0,7,66,80
2,65,10,3.0,9.862576591257852,0.0,7,66,80
2,65,11,2.8,16.165711889296176,0.0,7,66,80
2,65,12,2.8,11.155431916347293,0.0,7,66,80
2,65,13,2.8,10.917924060032206,0.0,7,66,80
2,65,14,2.8,9.930993082947854,0.0,7,66,80
2,65,15,3.4,8.501638745000037,0.0,7,66,80
2,65,16,3.0,9.883473729273787,0.0,7,66,80
2,65,17,2.8,14.43889896654039,0.0,7,66,80
2,65,18,3.2,9.551781231808315,0.0,7,66,80
2,65,19,2.8,9.338437444540705,0.0,7,66,80
2,65,20,3.0,8.97971907728646,0.0,7,66,80
3,65,1,3.0,9.298966430286823,0.0,7,66,80
3,65,2,2.8,11.279544060776704,0.0,7,66,80
3,65,3,2.8,11.455811641960864,0.0,7,66,80
3,65,4,2.8,9.638740054561893,0.0,7,66,80
3,65,5,2.8,10.438325884306979,0.0,7,66,80
3,65,6,2.8,9.31143792009572,0.0,7,66,80
3,65,7,3.0,9.894837924794418,0.0,7,66,80
3,65,8,2.8,10.922064420024325,0.0,7,66,80
3,65,9,3.2,11.78439983292581,0.0,7,66,80
3,65,10,2.8,10.394958387504639,0.0,7,66,80
3,65,11,2.8,10.574831968326672,0.0,7,66,80
3,65,12,3.4,8.372992433147102,0.0,7,66,80
3,65,13,3.4,9.697512971933808,0.0,7,66,80
3,65,14,3.0,11.038280323621416,0.0,7,66,80
3,65,15,3.4,9.991227591038601,0.0,7,66,80
3,65,16,2.8,12.922728865167837,0.0,7,66,80
3,65,17,3.0,10.492803390455572,0.0,7,66,80
3,65,18,2.8,12.792848707668847,0.0,7,66,80
3,65,19,2.8,11.703028730703924,0.0,7,66,80
3,65,20,2.8,8.618479428144479,0.0,7,66,80
3,65,21,3.0,9.858442013596004,0.0,7,66,80
1,66,1,4.6,8.73459937846387,0.0,7,66,80
1,66,2,3.8,11.342403642968373,0.0,7,66,80
1,66,3,3.4,8.229866477422949,0.0,7,66,80
1,66,4,3.2,11.589337139633894,0.0,7,66,80
1,66,5,3.2,9.04547977717152,0.0,7,66,80
1,66,6,2.8,9.670856800976784,0.0,7,66,80
1,66,7,2.8,13.971903911391513,0.0,7,66,80
1,66,8,2.8,11.779589020530818,0.0,7,66,80
1,66,9,2.8,9.724134420963479,0.0,7,66,80
1,66,10,2.8,12.25315609184836,0.0,7,66,80
1,66,11,2.8,18.666926715873768,0.0,7,66,80
1,66,12,2.8,9.833496927415302,0.0,7,66,80
1,66,13,3.0,16.455098685578346,0.0,7,66,80
1,66,14,2.8,18.303264110008122,0.0,7,66,80
1,66,15,2.8,11.62443500160669,0.0,7,66,80
1,66,16,3.0,13.1596565251507,0.0,7,66,80
1,66,17,3.0,9.113743942976134,0.0,7,66,80
1,66,18,3.0,9.384433465536066,0.0,7,66,80
1,66,19,3.2,10.470768588569452,0.0,7,66,80
1,66,20,3.2,8.23299273330674,0.0,7,66,80
2,66,1,3.6,10.471984933316211,0.0,7,66,80
2,66,2,3.0,10.285253032996708,0.0,7,66,80
2,66,3,3.2,10.671518859804385,0.0,7,66,80
2,66,4,3.2,8.725224613477543,0.0,7,66,80
2,66,5,3.0,10.822982173588969,0.0,7,66,80
2,66,6,3.0,10.800278564489442,0.0,7,66,80
2,66,7,3.4,9.515667610711962,0.0,7,66,80
2,66,8,3.0,10.068461311322928,0.0,7,66,80
2,66,9,2.8,12.385985628081993,0.0,7,66,80
2,66,10,3.0,8.960800659418931,0.0,7,66,80
2,66,11,3.0,12.463464449005652,0.0,7,66,80
2,66,12,2.8,12.500654513932165,0.0,7,66,80
2,66,13,2.8,12.376027256109523,0.0,7,66,80
2,66,14,2.8,9.618630561800659,0.0,7,66,80
2,66,15,3.6,8.168228025191706,0.125,7,66,80
2,66,16,2.8,15.272786568053863,0.0,7,66,80
2,66,17,2.8,14.404892063283171,0.0,7,66,80
2,66,18,3.2,10.205233982293237,0.0,7,66,80
2,66,19,2.8,8.864708710432573,0.0,7,66,80
2,66,20,3.8,8.208045505068055,0.125,7,66,80
3,66,1,2.8,9.070773444420428,0.0,7,66,80
3,66,2,2.8,13.882821666813562,0.0,7,66,80
3,66,3,2.8,13.418103226934825,0.0,7,66,80
3,66,4,2.8,10.000921269082475,0.0,7,66,80
3,66,5,2.8,9.597358267540832,0.0,7,66,80
3,66,6,2.8,10.215075235908348,0.0,7,66,80
3,66,7,2.8,10.056535139154104,0.0,7,66,80
3,66,8,2.8,12.380038980756712,0.0,7,66,80
3,66,9,2.8,12.789906723353255,0.0,7,66,80
3,66,10,2.8,10.969120348946333,0.0,7,66,80
3,66,11,2.8,10.40119279216356,0.0,7,66,80
3,66,12,3.0,11.821327588981637,0.0,7,66,80
3,66,13,3.0,10.054163764374042,0.0,7,66,80
3,66,14,2.8,9.731081307407301,0.0,7,66,80
3,66,15,2.8,11.612983604332184,0.0,7,66,80
3,66,16,3.0,10.595569628944903,0.0,7,66,80
3,66,17,3.0,15.641956094444128,0.0,7,66,80
3,66,18,3.0,11.2982011290217,0.0,7,66,80
3,66,19,2.8,11.5568648007394,0.0,7,66,80
3,66,20,2.8,10.44838269259228,0.0,7,66,80
3,66,21,2.8,9.623913896782438,0.0,7,66,80
3,66,22,3.0,9.962860370311311,0.0,7,66,80
1,67,1,4.6,9.49125488735983,0.0,7,66,80
1,67,2,3.8,9.112628795007831,0.0,7,66,80
1,67,3,3.4,7.91633313594178,0.0,7,66,80
1,67,4,3.2,11.981053217517125,0.0,7,66,80
1,67,5,3.0,9.21964182566954,0.0,7,66,80
1,67,6,2.8,9.674972711490105,0.0,7,66,80
1,67,7,2.8,9.309192275735596,0.0,7,66,80
1,67,8,2.8,13.86051730672705,0.0,7,66,80
1,67,9,2.8,11.138784901322195,0.0,7,66,80
1,67,10,2.8,15.191860251493935,0.0,7,66,80
1,67,11,2.8,13.785126918174518,0.0,7,66,80
1,67,12,2.8,9.926525056815855,0.0,7,66,80
1,67,13,2.8,12.052560597813004,0.0,7,66,80
1,67,14,2.8,14.44911673685277,0.0,7,66,80
1,67,15,2.8,12.925493767530568,0.0,7,66,80
1,67,16,3.0,12.199795315472416,0.0,7,66,80
1,67,17,3.2,8.390546684814582,0.0,7,66,80
1,67,18,3.0,9.763710022461304,0.0,7,66,80
1,67,19,3.2,9.266410660539682,0.0,7,66,80
1,67,20,3.0,9.612511101946316,0.0,7,66,80
2,67,1,3.2,12.621531716636365,0.0,7,66,80
2,67,2,3.4,11.219820994571538,0.0,7,66,80
2,67,3,3.6,8.502993194935447,0.0,7,66,80
2,67,4,3.2,9.22658725892078,0.0,7,66,80
2,67,5,3.0,12.050787167656337,0.0,7,66,80
2,67,6,3.0,9.314489446127537,0.0,7,66,80
2,67,7,3.6,8.423320822577928,0.0,7,66,80
2,67,8,2.8,12.011427853424976,0.0,7,66,80
2,67,9,2.8,12.994695259834584,0.0,7,66,80
2,67,10,2.8,7.993496349563684,0.0,7,66,80
2,67,11,3.0,13.48795559253172,0.0,7,66,80
2,67,12,2.8,13.27040680040595,0.0,7,66,80
2,67,13,2.8,10.836745512588159,0.0,7,66,80
2,67,14,3.0,9.152956363031473,0.0,7,66,80
2,67,15,3.6,8.91399310366859,0.0,7,66,80
2,67,16,2.8,11.519090590411148,0.0,7,66,80
2,67,17,2.8,12.79886708766058,0.0,7,66,80
2,67,18,3.8,8.221117449102238,0.125,7,66,80
2,67,19,2.8,8.44622408507301,0.0,7,66,80
2,67,20,3.0,10.138145284167123,0.0,7,66,80
3,67,1,3.0,8.71589426517244,0.0,7,66,80
3,67,2,3.0,10.851339379448017,0.0,7,66,80
3,67,3,3.0,11.543669831587595,0.0,7,66,80
3,67,4,2.8,9.182525927433314,0.0,7,66,80
3,67,5,3.0,9.631685958096199,0.0,7,66,80
3,67,6,3.0,8.713870474650841,0.0,7,66,80
3,67,7,3.0,12.260183736057455,0.0,7,66,80
3,67,8,2.8,11.416658688781528,0.0,7,66,80
3,67,9,3.0,11.339281689642975,0.0,7,66,80
3,67,10,2.8,10.580007020437584,0.0,7,66,80
3,67,11,3.0,10.262178771520576,0.0,7,66,80
3,67,12,2.8,13.802186865782117,0.0,7,66,80
3,67,13,3.0,10.565070453860027,0.0,7,66,80
3,67,14,3.0,9.967065026059272,0.0,7,66,80
3,67,15,3.0,13.155541859947274,0.0,7,66,80
3,67,16,2.8,12.436683495122887,0.0,7,66,80
3,67,17,3.0,10.469045865645654,0.0,7,66,80
3,67,18,2.8,14.931032848686657,0.0,7,66,80
3,67,19,2.8,12.445341274533662,0.0,7,66,80
3,67,20,3.0,9.455562062170683,0.0,7,66,80
3,67,21,3.0,9.576806542542293,0.0,7,66,80
1,68,1,4.8,8.730199554943905,0.0,7,66,80
1,68,2,3.6,9.358124079204586,0.0,7,66,80
1,68,3,3.4,7.773367978612536,0.0,7,66,80
1,68,4,3.2,9.64221353024094,0.0,7,66,80
1,68,5,3.2,9.9080983211701,0.0,7,66,80
1,68,6,3.0,9.695693692746973,0.0,7,66,80
1,68,7,2.8,8.8480771545929,0.0,7,66,80
1,68,8,2.8,12.9539653379767,0.0,7,66,80
1,68,9,2.8,10.758543069920114,0.0,7,66,80
1,68,10,2.8,13.822471723568638,0.0,7,66,80
1,68,11,2.8,15.344577090716783,0.0,7,66,80
1,68,12,2.8,10.07752757495806,0.0,7,66,80
1,68,13,2.8,14.741260139899707,0.0,7,66,80
1,68,14,2.8,16.27633771782799,0.0,7,66,80
1,68,15,3.0,11.345497251416376,0.0,7,66,80
1,68,16,3.0,10.858942580208748,0.0,7,66,80
1,68,17,3.2,9.015475531620307,0.0,7,66,80
1,68,18,3.2,8.939896715589056,0.0,7,66,80
1,68,19,3.0,8.919255878817191,0.0,7,66,80
1,68,20,3.2,9.407929464151604,0.0,7,66,80
2,68,1,3.8,8.951924414341413,0.0,7,66,80
2,68,2,3.8,10.099196077752325,0.0,7,66,80
2,68,3,3.4,10.739032688955374,0.0,7,66,80
2,68,4,3.4,7.959458371973082,0.0,7,66,80
2,68,5,3.0,9.618130681389903,0.0,7,66,80
2,68,6,3.0,11.350209908110719,0.0,7,66,80
2,68,7,3.2,9.435242227368386,0.0,7,66,80
2,68,8,2.8,13.645420170054722,0.0,7,66,80
2,68,9,2.8,12.89514554094195,0.0,7,66,80
2,68,10,2.8,9.195067556797131,0.0,7,66,80
2,68,11,2.8,14.773210464278625,0.0,7,66,80
2,68,12,2.8,10.575931095959161,0.0,7,66,80
2,68,13,2.8,10.561120339351026,0.0,7,66,80
2,68,14,3.2,9.120037690506102,0.0,7,66,80
2,68,15,3.0,11.227901016424733,0.0,7,66,80
2,68,16,2.8,13.014260406780306,0.0,7,66,80
2,68,17,2.8,12.309441708358513,0.0,7,66,80
2,68,18,3.6,9.817580127147771,0.125,7,66,80
2,68,19,2.8,7.916185663058445,0.0,7,66,80
2,68,20,3.0,10.272387262300276,0.0,7,66,80
3,68,1,3.2,9.289432798398396,0.0,7,66,80
3,68,2,2.8,14.919059300217338,0.0,7,66,80
3,68,3,2.8,12.399995247510972,0.0,7,66,80
3,68,4,2.8,8.610551185233355,0.0,7,66,80
3,68,5,2.8,9.23198475113246,0.0,7,66,80
3,68,6,2.8,11.523806425516531,0.0,7,66,80
3,68,7,3.0,9.496930279160985,0.0,7,66,80
3,68,8,2.8,11.253189103287939,0.0,7,66,80
3,68,9,2.8,20.042070376380273,0.0,7,66,80
3,68,10,2.8,10.905629706175867,0.0,7,66,80
3,68,11,3.0,10.79903561032882,0.0,7,66,80
3,68,12,3.2,8.799858307772716,0.0,7,66,80
3,68,13,3.2,9.608733674264805,0.0,7,66,80
3,68,14,2.8,12.033528033512924,0.0,7,66,80
3,68,15,3.0,14.456470800211873,0.0,7,66,80
3,68,16,2.8,14.204968922538667,0.0,7,66,80
3,68,17,2.8,13.45144353579315,0.0,7,66,80
3,68,18,3.2,9.80028528357104,0.0,7,66,80
3,68,19,2.8,13.49987237962622,0.0,7,66,80
3,68,20,2.8,9.64397795595275,0.0,7,66,80
3,68,21,3.0,9.892299290594643,0.0,7,66,80
3,68,22,2.25,13.821305455513308,0.0,4,66,80
1,69,1,4.6,8.133354035535804,0.0,7,66,80
1,69,2,3.8,10.493130283417042,0.0,7,66,80
1,69,3,3.4,8.118983890192549,0.0,7,66,80
1,69,4,3.2,10.554145551897617,0.0,7,66,80
1,69,5,3.0,9.094414193046246,0.0,7,66,80
1,69,6,2.8,11.08037323704197,0.0,7,66,80
1,69,7,2.8,10.831942290074362,0.0,7,66,80
1,69,8,2.8,13.860517306727013,0.0,7,66,80
1,69,9,2.8,11.47825582496076,0.0,7,66,80
1,69,10,2.8,15.625168784072143,0.0,7,66,80
1,69,11,2.8,12.899837744245728,0.0,7,66,80
1,69,12,2.8,13.63159890128989,0.0,7,66,80
1,69,13,2.8,15.942756230496313,0.0,7,66,80
1,69,14,3.0,12.76164200602918,0.0,7,66,80
1,69,15,2.8,13.894638342211225,0.0,7,66,80
1,69,16,2.8,11.320389930539797,0.0,7,66,80
1,69,17,3.0,9.84474646240342,0.0,7,66,80
1,69,18,3.2,8.832284424388945,0.0,7,66,80
1,69,19,3.0,11.21072503115806,0.0,7,66,80
1,69,20,3.2,9.246919376941614,0.0,7,66,80
2,69,1,3.2,15.268219729383233,0.0,7,66,80
2,69,2,3.0,9.802311524648891,0.0,7,66,80
2,69,3,3.8,8.932005148181561,0.125,7,66,80
2,69,4,3.2,8.58034590144075,0.0,7,66,80
2,69,5,2.8,13.417752706105297,0.0,7,66,80
2,69,6,3.0,10.724526222558213,0.0,7,66,80
2,69,7,3.4,10.18093988925772,0.0,7,66,80
2,69,8,3.0,10.684049143530258,0.0,7,66,80
2,69,9,2.8,13.750465217294098,0.0,7,66,80
2,69,10,2.8,9.595511063132388,0.0,7,66,80
2,69,11,2.8,18.242585370369397,0.0,7,66,80
2,69,12,2.8,10.341878847216403,0.0,7,66,80
2,69,13,2.8,10.645194816922608,0.0,7,66,80
2,69,14,2.8,9.498517625022487,0.0,7,66,80
2,69,15,3.0,11.497819262119233,0.0,7,66,80
2,69,16,2.8,12.364927819106596,0.0,7,66,80
2,69,17,2.8,10.112228789510565,0.0,7,66,80
2,69,18,3.0,14.634585600452477,0.0,7,66,80
2,69,19,3.0,9.29924780349777,0.0,7,66,80
2,69,20,2.8,10.362509124471277,0.0,7,66,80
2,69,21,2.4,13.830113379032968,0.0,5,66,80
3,69,1,3.4,7.523239047556399,0.0,7,66,80
3,69,2,2.8,12.012726221973368,0.0,7,66,80
3,69,3,2.8,14.155302559911114,0.0,7,66,80
3,69,4,2.8,8.774157387409204,0.0,7,66,80
3,69,5,3.0,9.238853678616103,0.0,7,66,80
3,69,6,2.8,8.76428596708063,0.0,7,66,80
3,69,7,3.0,8.839852383232005,0.0,7,66,80
3,69,8,2.8,11.287661006499977,0.0,7,66,80
3,69,9,2.8,17.596992026143315,0.0,7,66,80
3,69,10,3.0,10.257625457626528,0.0,7,66,80
3,69,11,3.6,8.136471305069641,0.125,7,66,80
3,69,12,2.8,8.805465379635306,0.0,7,66,80
3,69,13,3.2,9.935813599746785,0.0,7,66,80
3,69,14,3.0,10.573298101408438,0.0,7,66,80
3,69,15,3.0,11.275023009931427,0.0,7,66,80
3,69,16,2.8,14.692178864233478,0.0,7,66,80
3,69,17,2.8,14.64140484567693,0.0,7,66,80
3,69,18,2.8,11.509281927090123,0.0,7,66,80
3,69,19,2.8,12.877768600739552,0.0,7,66,80
3,69,20,2.8,9.311967244104313,0.0,7,66,80
3,69,21,2.8,12.190391252931258,0.0,7,66,80
1,70,1,4.2,10.714982192513,0.0,7,66,80
1,70,2,3.8,8.576160694839626,0.0,7,66,80
1,70,3,3.4,7.583569663276169,0.0,7,66,80
1,70,4,3.0,12.707299072731425,0.0,7,66,80
1,70,5,3.0,8.869441743932624,0.0,7,66,80
1,70,6,3.0,9.91985141125074,0.0,7,66,80
1,70,7,2.8,14.055002653215158,0.0,7,66,80
1,70,8,2.8,10.778403824496491,0.0,7,66,80
1,70,9,2.8,13.385344691338414,0.0,7,66,80
1,70,10,2.8,14.55566644428612,0.0,7,66,80
1,70,11,2.8,16.90134344432119,0.0,7,66,80
1,70,12,2.8,12.90461475191038,0.0,7,66,80
1,70,13,2.8,13.140120939397203,0.0,7,66,80
1,70,14,2.8,13.41057960191646,0.0,7,66,80
1,70,15,3.0,12.960489664458501,0.0,7,66,80
1,70,16,2.8,12.866657463286174,0.0,7,66,80
1,70,17,3.0,8.62066219123386,0.0,7,66,80
1,70,18,3.2,9.606093997195156,0.0,7,66,80
1,70,19,3.2,10.595425072453114,0.0,7,66,80
1,70,20,3.2,8.318250665660006,0.0,7,66,80
2,70,1,3.8,8.772172061479669,0.0,7,66,80
2,70,2,3.6,10.312525516722403,0.0,7,66,80
2,70,3,3.8,9.560194783181913,0.0,7,66,80
2,70,4,3.4,8.233221455742784,0.0,7,66,80
2,70,5,2.8,9.077771328462264,0.0,7,66,80
2,70,6,3.0,11.350209908110719,0.0,7,66,80
2,70,7,2.8,11.304198313326891,0.0,7,66,80
2,70,8,2.8,13.280582555491488,0.0,7,66,80
2,70,9,3.0,11.336628768474412,0.0,7,66,80
2,70,10,3.0,8.312128465240866,0.0,7,66,80
2,70,11,2.8,13.86873165919446,0.0,7,66,80
2,70,12,2.8,14.4484624704431,0.0,7,66,80
2,70,13,2.8,9.737238589330467,0.0,7,66,80
2,70,14,3.2,7.7949677365163295,0.0,7,66,80
2,70,15,3.0,11.125778387865136,0.0,7,66,80
2,70,16,2.8,10.279971422635246,0.0,7,66,80
2,70,17,2.8,11.245678697389735,0.0,7,66,80
2,70,18,3.2,9.78669891805093,0.0,7,66,80
2,70,19,2.8,8.575592899381286,0.0,7,66,80
2,70,20,3.0,10.218755224246816,0.0,7,66,80
3,70,1,2.8,10.687530911977738,0.0,7,66,80
3,70,2,3.0,9.95001188854217,0.0,7,66,80
3,70,3,2.8,11.477309190869414,0.0,7,66,80
3,70,4,2.8,9.053740965821067,0.0,7,66,80
3,70,5,2.8,11.021440469586398,0.0,7,66,80
3,70,6,2.8,10.475684655550783,0.0,7,66,80
3,70,7,3.0,10.919452532535471,0.0,7,66,80
3,70,8,2.8,11.432460649767119,0.0,7,66,80
3,70,9,3.0,14.338212822093483,0.0,7,66,80
3,70,10,2.8,11.500306744172137,0.0,7,66,80
3,70,11,2.8,10.999286315046565,0.0,7,66,80
3,70,12,3.0,11.87406511720867,0.0,7,66,80
3,70,13,3.2,8.561088693176261,0.0,7,66,80
3,70,14,3.0,8.41665136358493,0.0,7,66,80
3,70,15,3.0,16.64319123779496,0.0,7,66,80
3,70,16,3.0,12.819442784434022,0.0,7,66,80
3,70,17,3.2,10.708534485376791,0.0,7,66,80
3,70,18,2.8,11.838891513411946,0.0,7,66,80
3,70,19,2.8,10.598944320470867,0.0,7,66,80
3,70,20,2.8,9.829977979845493,0.0,7,66,80
3,70,21,2.8,10.262363451185344,0.0,7,66,80
3,70,22,2.5,13.655626706947123,0.0,4,66,80
1,71,1,4.8,8.78108590132809,0.0,7,66,80
1,71,2,3.6,11.501470056996867,0.0,7,66,80
1,71,3,3.2,8.64826179689504,0.0,7,66,80
1,71,4,2.8,12.151735970086335,0.0,7,66,80
1,71,5,3.0,10.490729732417098,0.0,7,66,80
1,71,6,2.8,9.413489866016256,0.0,7,66,80
1,71,7,2.8,10.988204126121017,0.0,7,66,80
1,71,8,2.8,10.916736628015121,0.0,7,66,80
1,71,9,2.8,11.519053362696546,0.0,7,66,80
1,71,10,2.8,11.15394264209522,0.0,7,66,80
1,71,11,2.8,14.753582071146276,0.0,7,66,80
1,71,12,2.8,12.55729633196384,0.0,7,66,80
1,71,13,2.8,11.647637753112042,0.0,7,66,80
1,71,14,3.0,10.7356331456046,0.0,7,66,80
1,71,15,2.8,13.97226952075091,0.0,7,66,80
1,71,16,2.8,13.224669675836548,0.0,7,66,80
1,71,17,3.0,8.207136656268121,0.0,7,66,80
1,71,18,3.0,9.915003526302021,0.0,7,66,80
1,71,19,3.2,11.328835528981214,0.0,7,66,80
1,71,20,3.0,10.162169174532403,0.0,7,66,80
1,71,21,2.4,12.966746730878905,0.0,5,66,80
2,71,1,3.4,10.4190033334695,0.0,7,66,80
2,71,2,3.0,9.991850083670709,0.0,7,66,80
2,71,3,3.4,9.413847618319306,0.0,7,66,80
2,71,4,3.6,7.298084009234554,0.0,7,66,80
2,71,5,3.0,10.133938179426218,0.0,7,66,80
2,71,6,3.0,10.551866532141885,0.0,7,66,80
2,71,7,3.6,8.613116647058625,0.0,7,66,80
2,71,8,2.8,11.987884940142024,0.0,7,66,80
2,71,9,2.8,14.103396515910328,0.0,7,66,80
2,71,10,2.8,8.67366001193694,0.0,7,66,80
2,71,11,3.0,12.221231697149447,0.0,7,66,80
2,71,12,2.8,11.413142395665952,0.0,7,66,80
2,71,13,2.8,11.360076534938532,0.0,7,66,80
2,71,14,2.8,10.192289406407602,0.0,7,66,80
2,71,15,3.2,9.23514787458491,0.0,7,66,80
2,71,16,2.8,14.400890036667759,0.0,7,66,80
2,71,17,2.8,11.182319635109772,0.0,7,66,80
2,71,18,3.2,11.205697903050574,0.0,7,66,80
2,71,19,2.8,8.787290366057247,0.0,7,66,80
2,71,20,3.0,8.476326168506874,0.0,7,66,80
3,71,1,2.8,10.687530911977738,0.0,7,66,80
3,71,2,2.8,11.886279830596424,0.0,7,66,80
3,71,3,3.0,11.829561483180699,0.0,7,66,80
3,71,4,2.8,9.638740054562035,0.0,7,66,80
3,71,5,2.8,8.676222134581387,0.0,7,66,80
3,71,6,2.8,9.311437920095653,0.0,7,66,80
3,71,7,2.8,10.47381300202216,0.0,7,66,80
3,71,8,2.8,12.425802396706382,0.0,7,66,80
3,71,9,2.8,12.95150725650687,0.0,7,66,80
3,71,10,3.0,10.14329715639027,0.0,7,66,80
3,71,11,2.8,11.717312072126896,0.0,7,66,80
3,71,12,3.6,7.276554276274457,0.125,7,66,80
3,71,13,2.8,9.958587936132288,0.0,7,66,80
3,71,14,3.0,8.498517358453302,0.0,7,66,80
3,71,15,3.0,14.47654842581552,0.0,7,66,80
3,71,16,3.0,10.880898096109549,0.0,7,66,80
3,71,17,2.8,11.228808834305761,0.0,7,66,80
3,71,18,3.2,9.237796696728138,0.0,7,66,80
3,71,19,2.8,13.55973197319529,0.0,7,66,80
3,71,20,2.8,9.68981493067222,0.0,7,66,80
3,71,21,3.0,9.179632107135813,0.0,7,66,80
3,71,22,2.25,14.78166361115759,0.0,4,66,80
1,72,1,4.4,9.341495728724702,0.0,7,66,80
1,72,2,3.6,11.435462904058328,0.0,7,66,80
1,72,3,3.2,8.783687433553702,0.0,7,66,80
1,72,4,2.8,10.345448972004363,0.0,7,66,80
1,72,5,3.0,9.233778276146296,0.0,7,66,80
1,72,6,2.8,11.596046581335882,0.0,7,66,80
1,72,7,3.0,12.460775296033635,0.0,7,66,80
1,72,8,2.8,10.212304548201153,0.0,7,66,80
1,72,9,2.8,16.046234541679574,0.0,7,66,80
1,72,10,2.8,13.741084661145276,0.0,7,66,80
1,72,11,2.8,17.307014695821067,0.0,7,66,80
1,72,12,2.8,13.574989636808285,0.0,7,66,80
1,72,13,2.8,13.743720798925564,0.0,7,66,80
1,72,14,2.8,12.524586494373512,0.0,7,66,80
1,72,15,3.0,10.766434837339478,0.0,7,66,80
1,72,16,2.8,14.05237315449616,0.0,7,66,80
1,72,17,3.0,7.9388706362710595,0.0,7,66,80
1,72,18,3.0,10.201012034973399,0.0,7,66,80
1,72,19,3.0,11.826141688649495,0.0,7,66,80
1,72,20,2.8,12.174195761980357,0.0,7,66,80
1,72,21,3.0,10.577384659899625,0.0,6,66,80
2,72,1,3.0,12.32608777429995,0.0,7,66,80
2,72,2,3.0,11.51394063697098,0.0,7,66,80
2,72,3,4.0,7.60823792070701,0.125,7,66,80
2,72,4,3.0,9.700062043900955,0.0,7,66,80
2,72,5,2.8,12.421385701685347,0.0,7,66,80
2,72,6,2.8,10.185865959697727,0.0,7,66,80
2,72,7,3.2,10.604347316189168,0.0,7,66,80
2,72,8,2.8,10.593248361007756,0.0,7,66,80
2,72,9,2.8,11.642665888471479,0.0,7,66,80
2,72,10,2.8,11.578266195975472,0.0,7,66,80
2,72,11,3.0,13.878486476199038,0.0,7,66,80
2,72,12,2.8,14.781806701709568,0.0,7,66,80
2,72,13,2.8,12.60506511315127,0.0,7,66,80
2,72,14,2.8,10.47703332004996,0.0,7,66,80
2,72,15,3.0,9.24521710379827,0.0,7,66,80
2,72,16,3.2,10.321612902299345,0.0,7,66,80
2,72,17,2.8,12.03827795960985,0.0,7,66,80
2,72,18,3.0,10.286182263226323,0.0,7,66,80
2,72,19,3.0,9.192219090484777,0.0,7,66,80
2,72,20,3.0,8.748939149285029,0.0,7,66,80
2,72,21,2.4,13.892944242601772,0.0,5,66,80
3,72,1,3.4,8.265430972573414,0.0,7,66,80
3,72,2,3.0,11.767977221215107,0.0,7,66,80
3,72,3,3.2,9.394789028832482,0.0,7,66,80
3,72,4,2.8,9.025174012575341,0.0,7,66,80
3,72,5,2.8,10.801626805142014,0.0,7,66,80
3,72,6,2.8,9.207534377422338,0.0,7,66,80
3,72,7,3.0,10.699569207244739,0.0,7,66,80
3,72,8,3.0,11.16705287715543,0.0,7,66,80
3,72,9,2.8,14.139339298861692,0.0,7,66,80
3,72,10,2.8,12.023554900048726,0.0,7,66,80
3,72,11,3.6,7.466950287567452,0.125,7,66,80
3,72,12,2.8,10.257502124258371,0.0,7,66,80
3,72,13,2.8,12.094312531372541,0.0,7,66,80
3,72,14,2.8,12.430019392594268,0.0,7,66,80
3,72,15,3.0,11.606886023032663,0.0,7,66,80
3,72,16,2.8,23.028408136273033,0.0,7,66,80
3,72,17,3.0,10.238983490642656,0.0,7,66,80
3,72,18,2.8,14.17711831849472,0.0,7,66,80
3,72,19,2.8,12.717110250200971,0.0,7,66,80
3,72,20,2.8,8.714879264500823,0.0,7,66,80
3,72,21,2.8,12.61793224128404,0.0,7,66,80
1,73,1,4.6,8.335871305941746,0.0,7,66,80
1,73,2,3.6,10.992374895462861,0.0,7,66,80
1,73,3,3.2,8.126218648008942,0.0,7,66,80
1,73,4,3.0,14.306203070056343,0.0,7,66,80
1,73,5,3.0,8.728129742968655,0.0,7,66,80
1,73,6,2.8,9.639360101732317,0.0,7,66,80
1,73,7,2.8,13.682805366476959,0.0,7,66,80
1,73,8,2.8,10.62793355865192,0.0,7,66,80
1,73,9,2.8,13.269223512561073,0.0,7,66,80
1,73,10,2.8,10.891857387538654,0.0,7,66,80
1,73,11,2.8,13.99952809207698,0.0,7,66,80
1,73,12,2.8,12.770184828540312,0.0,7,66,80
1,73,13,2.8,14.68471675483797,0.0,7,66,80
1,73,14,2.8,12.103889139332638,0.0,7,66,80
1,73,15,2.8,10.972441058901827,0.0,7,66,80
1,73,16,2.8,15.53795382092514,0.0,7,66,80
1,73,17,2.8,10.800669902880607,0.0,7,66,80
1,73,18,3.2,9.3015640270442,0.0,7,66,80
1,73,19,3.0,12.135756820284247,0.0,7,66,80
1,73,20,2.8,9.314034133063847,0.0,7,66,80
1,73,21,3.0,9.052049342754897,0.0,6,66,80
2,73,1,3.0,13.319273618153842,0.0,7,66,80
2,73,2,2.8,11.190242176726409,0.0,7,66,80
2,73,3,3.4,11.125437396301392,0.0,7,66,80
2,73,4,3.6,7.727677078193788,0.0,7,66,80
2,73,5,3.0,11.279624867280715,0.0,7,66,80
2,73,6,2.8,9.37406035418728,0.0,7,66,80
2,73,7,3.4,9.338897799759016,0.0,7,66,80
2,73,8,3.2,9.589871554800192,0.0,7,66,80
2,73,9,2.8,12.616340308879499,0.0,7,66,80
2,73,10,2.8,9.916261342547047,0.0,7,66,80
2,73,11,2.8,16.273660954917386,0.0,7,66,80
2,73,12,2.8,10.24570143743153,0.0,7,66,80
2,73,13,2.8,13.75798594666233,0.0,7,66,80
2,73,14,3.0,9.330585610900904,0.0,7,66,80
2,73,15,3.2,10.192923369915949,0.0,7,66,80
2,73,16,3.0,11.024103386474799,0.0,7,66,80
2,73,17,2.8,11.198446469848632,0.0,7,66,80
2,73,18,3.0,14.194533513173296,0.0,7,66,80
2,73,19,2.8,10.091162172104319,0.0,7,66,80
2,73,20,2.8,9.137005558538515,0.0,7,66,80
2,73,21,2.75,10.564766547404242,0.0,4,66,80
3,73,1,3.0,9.790170403179259,0.0,7,66,80
3,73,2,3.0,10.408148251649187,0.0,7,66,80
3,73,3,3.0,13.186274032086917,0.0,7,66,80
3,73,4,2.8,8.876025188906135,0.0,7,66,80
3,73,5,2.8,10.548464979511767,0.0,7,66,80
3,73,6,2.8,9.465738624838163,0.0,7,66,80
3,73,7,3.2,9.51506656688625,0.0,7,66,80
3,73,8,2.8,11.164037939987118,0.0,7,66,80
3,73,9,2.8,15.043360094734378,0.0,7,66,80
3,73,10,2.8,9.560684771006992,0.0,7,66,80
3,73,11,3.0,12.327089638035462,0.0,7,66,80
3,73,12,3.0,8.660641510175394,0.0,7,66,80
3,73,13,3.0,10.175158663473491,0.0,7,66,80
3,73,14,2.8,11.801336086793583,0.0,7,66,80
3,73,15,3.0,11.967255229530373,0.0,7,66,80
3,73,16,2.8,11.61519903364016,0.0,7,66,80
3,73,17,2.8,11.883317887170689,0.0,7,66,80
3,73,18,2.8,11.159975789586415,0.0,7,66,80
3,73,19,3.0,11.601510712051372,0.0,7,66,80
3,73,20,2.8,9.550744418394823,0.0,7,66,80
3,73,21,2.8,9.411351672076398,0.0,7,66,80
3,73,22,2.2,18.526568195498353,0.0,5,66,80
1,74,1,4.4,8.15339887885365,0.0,7,66,80
1,74,2,4.0,8.534185397104165,0.0,7,66,80
1,74,3,3.2,7.413997578349153,0.0,7,66,80
1,74,4,2.8,13.074522137304553,0.0,7,66,80
1,74,5,3.0,10.83010464790018,0.0,7,66,80
1,74,6,2.8,10.12525731721255,0.0,7,66,80
1,74,7,2.8,11.23402122375178,0.0,7,66,80
1,74,8,2.8,10.213623576991427,0.0,7,66,80
1,74,9,2.8,12.656114813230028,0.0,7,66,80
1,74,10,2.8,10.055783651635085,0.0,7,66,80
1,74,11,2.8,12.919051394462794,0.0,7,66,80
1,74,12,2.8,17.173915595382795,0.0,7,66,80
1,74,13,2.8,10.190108543063383,0.0,7,66,80
1,74,14,3.0,11.949033690834057,0.0,7,66,80
1,74,15,3.0,11.702076561849788,0.0,7,66,80
1,74,16,2.8,10.754148835625708,0.0,7,66,80
1,74,17,3.2,8.297654378518118,0.0,7,66,80
1,74,18,3.0,9.240931281037867,0.0,7,66,80
1,74,19,3.2,10.376488200339766,0.0,7,66,80
1,74,20,3.2,8.961508924127303,0.0,7,66,80
1,74,21,2.25,14.229493910948793,0.0,4,66,80
2,74,1,3.4,11.693944615339198,0.0,7,66,80
2,74,2,3.2,10.624174444610254,0.0,7,66,80
2,74,3,4.0,7.495729077289727,0.125,7,66,80
2,74,4,3.0,8.137002576849302,0.0,7,66,80
2,74,5,2.8,11.472567464872,0.0,7,66,80
2,74,6,2.8,9.88138319159431,0.0,7,66,80
2,74,7,3.8,7.945446980629697,0.0,7,66,80
2,74,8,3.0,11.305806140362103,0.0,7,66,80
2,74,9,2.8,15.016235793666922,0.0,7,66,80
2,74,10,2.8,8.689592240672969,0.0,7,66,80
2,74,11,2.8,19.708677310031685,0.0,7,66,80
2,74,12,2.8,12.43406813959227,0.0,7,66,80
2,74,13,2.8,13.401158545081735,0.0,7,66,80
2,74,14,3.0,8.861213478845142,0.0,7,66,80
2,74,15,3.2,10.270718457440175,0.0,7,66,80
2,74,16,2.8,13.139988982636744,0.0,7,66,80
2,74,17,2.8,13.221578323883012,0.0,7,66,80
2,74,18,3.2,9.262470721767759,0.0,7,66,80
2,74,19,2.8,8.968702420162218,0.0,7,66,80
2,74,20,3.0,9.466157085763276,0.0,7,66,80
3,74,1,4.0,7.404974873013597,0.0,7,66,80
3,74,2,4.0,8.056475264824623,0.0,7,66,80
3,74,3,3.2,9.293841688092643,0.0,7,66,80
3,74,4,3.0,10.653072734294302,0.0,7,66,80
3,74,5,2.8,8.124071596213538,0.0,7,66,80
3,74,6,3.0,11.017805843365604,0.0,7,66,80
3,74,7,2.8,10.509188461573016,0.0,7,66,80
3,74,8,3.0,12.99751465796262,0.0,7,66,80
3,74,9,2.8,11.144080758895559,0.0,7,66,80
3,74,10,3.0,10.556720580672115,0.0,7,66,80
3,74,11,3.2,9.526296453779677,0.0,7,66,80
3,74,12,3.0,10.416716774001989,0.0,7,66,80
3,74,13,2.8,10.569086512598286,0.0,7,66,80
3,74,14,3.0,14.79164746910429,0.0,7,66,80
3,74,15,3.0,12.013660905915216,0.0,7,66,80
3,74,16,2.8,12.464548539830163,0.0,7,66,80
3,74,17,3.2,10.260641778869637,0.0,7,66,80
3,74,18,2.8,14.423101105092421,0.0,7,66,80
3,74,19,2.8,8.900181757433554,0.0,7,66,80
3,74,20,3.0,10.309152570622432,0.0,7,66,80
3,74,21,2.25,15.101008763041827,0.0,4,66,80
1,75,1,4.8,8.977311037496632,0.0,7,66,80
1,75,2,3.6,9.815409503946201,0.0,7,66,80
1,75,3,3.4,8.343819692180597,0.0,7,66,80
1,75,4,3.0,13.544050071371883,0.0,7,66,80
1,75,5,3.0,9.102468007693686,0.0,7,66,80
1,75,6,3.0,9.423387941220591,0.0,7,66,80
1,75,7,2.8,10.510755213357083,0.0,7,66,80
1,75,8,2.8,13.050069748038563,0.0,7,66,80
1,75,9,2.8,11.522150143170242,0.0,7,66,80
1,75,10,2.8,15.115645937492987,0.0,7,66,80
1,75,11,2.8,17.768565129962603,0.0,7,66,80
1,75,12,2.8,10.317424695370239,0.0,7,66,80
1,75,13,2.8,14.417057104124536,0.0,7,66,80
1,75,14,2.8,12.684995269355204,0.0,7,66,80
1,75,15,3.0,12.428866546282856,0.0,7,66,80
1,75,16,2.8,13.411550320708535,0.0,7,66,80
1,75,17,3.0,8.631967473436484,0.0,7,66,80
1,75,18,3.2,9.057979553007538,0.0,7,66,80
1,75,19,3.2,9.112276116812406,0.0,7,66,80
1,75,20,3.4,8.828812304132803,0.0,7,66,80
2,75,1,3.6,11.24191693668724,0.0,7,66,80
2,75,2,3.4,10.184214941295895,0.0,7,66,80
2,75,3,3.2,9.702107309926149,0.0,7,66,80
2,75,4,3.4,8.746056688455596,0.0,7,66,80
2,75,5,2.8,11.017888689522453,0.0,7,66,80
2,75,6,3.0,10.551866532141885,0.0,7,66,80
2,75,7,3.6,8.06776361605892,0.0,7,66,80
2,75,8,3.0,10.941737452041664,0.0,7,66,80
2,75,9,3.0,12.075241320871285,0.0,7,66,80
2,75,10,3.0,7.5806523101857834,0.0,7,66,80
2,75,11,2.8,15.523116406355301,0.0,7,66,80
2,75,12,2.8,14.213422704336134,0.0,7,66,80
2,75,13,3.0,10.39544695247675,0.0,7,66,80
2,75,14,3.0,8.597363202018867,0.0,7,66,80
2,75,15,2.8,14.620675735967849,0.0,7,66,80
2,75,16,3.0,10.64857316369248,0.0,7,66,80
2,75,17,2.8,14.096851017221551,0.0,7,66,80
2,75,18,3.2,11.264770347626014,0.0,7,66,80
2,75,19,3.0,8.194225412392209,0.0,7,66,80
2,75,20,3.0,10.509462332892223,0.0,7,66,80
3,75,1,3.8,8.400332662317364,0.0,7,66,80
3,75,2,3.8,10.674220302059362,0.0,7,66,80
3,75,3,3.2,9.251562109179478,0.0,7,66,80
3,75,4,2.8,10.852856120134978,0.0,7,66,80
3,75,5,2.8,9.334900145896434,0.0,7,66,80
3,75,6,3.0,10.121270735157154,0.0,7,66,80
3,75,7,3.0,10.839883851220106,0.0,7,66,80
3,75,8,2.8,12.870651074429114,0.0,7,66,80
3,75,9,2.8,13.080472893616758,0.0,7,66,80
3,75,10,2.8,12.03910375887911,0.0,7,66,80
3,75,11,3.0,10.87542181431618,0.0,7,66,80
3,75,12,3.0,9.234430027063581,0.0,7,66,80
3,75,13,2.8,10.481530542408708,0.0,7,66,80
3,75,14,2.8,11.439222208680839,0.0,7,66,80
3,75,15,3.0,10.022587463324355,0.0,7,66,80
3,75,16,2.8,14.645103294342576,0.0,7,66,80
3,75,17,3.2,10.318721191135023,0.0,7,66,80
3,75,18,2.8,12.81614954669385,0.0,7,66,80
3,75,19,2.8,10.324914082981945,0.0,7,66,80
3,75,20,2.8,9.259655504048833,0.0,7,66,80
3,75,21,2.8,9.9626866283876,0.0,7,66,80
1,76,1,4.8,8.38986499196772,0.0,7,66,80
1,76,2,3.4,10.374445113351427,0.0,7,66,80
1,76,3,3.2,9.633109809379457,0.0,7,66,80
1,76,4,3.0,12.444869673509409,0.0,7,66,80
1,76,5,3.0,8.84340930314483,0.0,7,66,80
1,76,6,2.8,10.193769809235242,0.0,7,66,80
1,76,7,2.8,14.471423052612858,0.0,7,66,80
1,76,8,2.8,10.31855824678884,0.0,7,66,80
1,76,9,2.8,12.763339204819388,0.0,7,66,80
1,76,10,2.8,14.869539377208346,0.0,7,66,80
1,76,11,2.8,14.230955276719456,0.0,7,66,80
1,76,12,2.8,13.454481242735477,0.0,7,66,80
1,76,13,2.8,10.401171091813172,0.0,7,66,80
1,76,14,2.8,11.394398119847835,0.0,7,66,80
1,76,15,2.8,9.990154702503832,0.0,7,66,80
1,76,16,2.8,14.6324486028522,0.0,7,66,80
1,76,17,2.8,8.62177864554081,0.0,7,66,80
1,76,18,3.2,9.373910215543647,0.0,7,66,80
1,76,19,3.0,13.027799713299151,0.0,7,66,80
1,76,20,3.0,9.363403331120752,0.0,7,66,80
1,76,21,2.8,12.499022161297908,0.0,6,66,80
2,76,1,4.0,8.895002034185072,0.0,7,66,80
2,76,2,4.2,7.620406081977985,0.0,7,66,80
2,76,3,3.6,8.35610882196791,0.0,7,66,80
2,76,4,3.2,8.983797465603642,0.0,7,66,80
2,76,5,2.8,9.940175104049418,0.0,7,66,80
2,76,6,3.2,10.390466274371054,0.0,7,66,80
2,76,7,3.4,8.39768420176813,0.0,7,66,80
2,76,8,2.8,13.093369633187862,0.0,7,66,80
2,76,9,3.0,9.631055669849081,0.0,7,66,80
2,76,10,3.0,11.999673216813346,0.0,7,66,80
2,76,11,2.8,11.951154795987783,0.0,7,66,80
2,76,12,2.8,12.375516882385469,0.0,7,66,80
2,76,13,2.8,11.206516992275981,0.0,7,66,80
2,76,14,3.0,11.190525360928568,0.0,7,66,80
2,76,15,2.8,11.944364477682637,0.0,7,66,80
2,76,16,2.8,11.737740667661077,0.0,7,66,80
2,76,17,3.0,12.455139054032694,0.0,7,66,80
2,76,18,3.0,9.300611526149194,0.0,7,66,80
2,76,19,2.8,8.769652762489297,0.0,7,66,80
2,76,20,3.0,11.503447432964702,0.0,7,66,80
3,76,1,3.0,10.424246715283616,0.0,7,66,80
3,76,2,2.8,12.202192551510247,0.0,7,66,80
3,76,3,2.8,11.901659176398763,0.0,7,66,80
3,76,4,2.8,8.831494836693235,0.0,7,66,80
3,76,5,2.8,9.897769305961194,0.0,7,66,80
3,76,6,2.8,9.867263055685514,0.0,7,66,80
3,76,7,3.0,9.943096510992389,0.0,7,66,80
3,76,8,2.8,11.202127777908062,0.0,7,66,80
3,76,9,3.2,10.36628338260118,0.0,7,66,80
3,76,10,2.8,9.702373464601694,0.0,7,66,80
3,76,11,2.8,11.776130963291084,0.0,7,66,80
3,76,12,3.6,8.21736975013521,0.125,7,66,80
3,76,13,3.0,9.882243083053343,0.0,7,66,80
3,76,14,3.0,9.886508038051229,0.0,7,66,80
3,76,15,3.0,11.541850277010086,0.0,7,66,80
3,76,16,2.8,15.147128226533791,0.0,7,66,80
3,76,17,3.0,10.451156520036687,0.0,7,66,80
3,76,18,2.8,12.542683200373467,0.0,7,66,80
3,76,19,2.8,12.918508540292889,0.0,7,66,80
3,76,20,3.0,8.76451383599251,0.0,7,66,80
3,76,21,2.8,9.889431158465424,0.0,7,66,80
1,77,1,4.8,8.366567928043802,0.0,7,66,80
1,77,2,3.6,9.47584828434692,0.0,7,66,80
1,77,3,3.4,7.895588422451004,0.0,7,66,80
1,77,4,2.8,14.287883658347559,0.0,7,66,80
1,77,5,3.2,8.06498419466648,0.0,7,66,80
1,77,6,2.8,12.32449499352292,0.0,7,66,80
1,77,7,2.8,11.634002037972447,0.0,7,66,80
1,77,8,2.8,10.66335464892434,0.0,7,66,80
1,77,9,2.8,11.248507028149712,0.0,7,66,80
1,77,10,2.8,13.831136421649818,0.0,7,66,80
1,77,11,2.8,15.292339873011382,0.0,7,66,80
1,77,12,2.8,9.718029595493327,0.0,7,66,80
1,77,13,2.8,23.236331226133636,0.0,7,66,80
1,77,14,3.0,10.017737606368383,0.0,7,66,80
1,77,15,3.0,11.547625303418803,0.0,7,66,80
1,77,16,2.8,11.030291555629837,0.0,7,66,80
1,77,17,3.0,9.624613661610525,0.0,7,66,80
1,77,18,3.2,8.580750144751198,0.0,7,66,80
1,77,19,3.2,10.295468790127838,0.0,7,66,80
1,77,20,3.4,8.986812673083588,0.0,7,66,80
2,77,1,2.8,13.37446139532958,0.0,7,66,80
2,77,2,2.8,12.698529484904544,0.0,7,66,80
2,77,3,3.2,11.651432014823865,0.0,7,66,80
2,77,4,3.2,9.368292850737925,0.0,7,66,80
2,77,5,3.2,8.228789215677473,0.0,7,66,80
2,77,6,3.0,9.472588964230214,0.0,7,66,80
2,77,7,3.4,10.033727105726914,0.0,7,66,80
2,77,8,3.0,11.86331386757527,0.0,7,66,80
2,77,9,2.8,10.03762631665997,0.0,7,66,80
2,77,10,3.0,9.495486233012766,0.0,7,66,80
2,77,11,3.0,13.553128099597615,0.0,7,66,80
2,77,12,2.8,10.91718742448326,0.0,7,66,80
2,77,13,2.8,12.543016010200848,0.0,7,66,80
2,77,14,2.8,9.601683142813975,0.0,7,66,80
2,77,15,3.0,11.111277641993794,0.0,7,66,80
2,77,16,3.2,10.100295295061343,0.0,7,66,80
2,77,17,2.8,9.804238272188952,0.0,7,66,80
2,77,18,3.0,15.645356318462534,0.0,7,66,80
2,77,19,3.0,8.569590525610062,0.0,7,66,80
2,77,20,2.8,9.598189347718987,0.0,7,66,80
2,77,21,2.4,12.034111786644242,0.0,5,66,80
3,77,1,2.8,9.29124949712345,0.0,7,66,80
3,77,2,2.8,12.317155406013155,0.0,7,66,80
3,77,3,3.0,13.295330885807973,0.0,7,66,80
3,77,4,2.8,11.61577976584067,0.0,7,66,80
3,77,5,2.8,9.410442446648432,0.0,7,66,80
3,77,6,3.0,9.00998512790789,0.0,7,66,80
3,77,7,3.0,10.27901505480514,0.0,7,66,80
3,77,8,2.8,9.217954710425978,0.0,7,66,80
3,77,9,3.0,14.072838911818,0.0,7,66,80
3,77,10,2.8,10.37732113179246,0.0,7,66,80
3,77,11,2.8,11.844548176481698,0.0,7,66,80
3,77,12,3.2,10.176148331135053,0.0,7,66,80
3,77,13,3.2,10.253054887116424,0.0,7,66,80
3,77,14,2.8,12.761679636662652,0.0,7,66,80
3,77,15,3.0,12.404129377323,0.0,7,66,80
3,77,16,3.0,11.089057502238742,0.0,7,66,80
3,77,17,3.0,10.938036520252556,0.0,7,66,80
3,77,18,2.8,12.241725015555412,0.0,7,66,80
3,77,19,2.8,13.440538964970033,0.0,7,66,80
3,77,20,2.8,9.421147639143983,0.0,7,66,80
3,77,21,3.0,9.179632107135749,0.0,7,66,80
3,77,22,2.25,14.692888036430988,0.0,4,66,80
1,78,1,4.8,7.9894211056961195,0.0,7,66,80
1,78,2,3.6,10.666754707197649,0.0,7,66,80
1,78,3,3.4,8.17404916507021,0.0,7,66,80
1,78,4,3.0,11.545869224333204,0.0,7,66,80
1,78,5,3.0,9.504456249740203,0.0,7,66,80
1,78,6,2.8,10.444677372280234,0.0,7,66,80
1,78,7,2.8,11.793382262075877,0.0,7,66,80
1,78,8,2.8,11.303417282737028,0.0,7,66,80
1,78,9,2.8,11.269543363472533,0.0,7,66,80
1,78,10,2.8,18.33371087253761,0.0,7,66,80
1,78,11,2.8,20.217817168673253,0.0,7,66,80
1,78,12,2.8,10.875590592455854,0.0,7,66,80
1,78,13,2.8,16.58525491440371,0.0,7,66,80
1,78,14,3.0,14.161036229818139,0.0,7,66,80
1,78,15,2.8,12.292682877653728,0.0,7,66,80
1,78,16,2.8,11.19204401825389,0.0,7,66,80
1,78,17,3.2,9.999543869044093,0.0,7,66,80
1,78,18,3.2,8.923841479435769,0.0,7,66,80
1,78,19,3.2,9.209762106557701,0.0,7,66,80
1,78,20,3.4,8.663797536185426,0.0,7,66,80
2,78,1,3.0,14.555491504276928,0.0,7,66,80
2,78,2,3.0,10.20727168154065,0.0,7,66,80
2,78,3,3.8,8.361807473147314,0.0,7,66,80
2,78,4,3.4,7.447314034155262,0.0,7,66,80
2,78,5,2.8,11.880047852988994,0.0,7,66,80
2,78,6,2.8,8.637715434736563,0.0,7,66,80
2,78,7,3.6,9.048010126686583,0.0,7,66,80
2,78,8,3.0,10.168902405523665,0.0,7,66,80
2,78,9,2.8,13.970324561219854,0.0,7,66,80
2,78,10,2.8,8.871736850444568,0.0,7,66,80
2,78,11,3.0,12.51771600511224,0.0,7,66,80
2,78,12,2.8,11.527620037394856,0.0,7,66,80
2,78,13,2.8,11.701335760522898,0.0,7,66,80
2,78,14,3.0,8.833941867602332,0.0,7,66,80
2,78,15,3.0,10.708894273595213,0.0,7,66,80
2,78,16,3.0,11.72175919374379,0.0,7,66,80
2,78,17,2.8,11.945968360362604,0.0,7,66,80
2,78,18,2.8,14.77672595411317,0.0,7,66,80
2,78,19,3.0,7.815071850798851,0.0,7,66,80
2,78,20,2.8,9.451676417200108,0.0,7,66,80
2,78,21,2.5,13.263487517730875,0.0,4,66,80
3,78,1,3.0,9.370198650733329,0.0,7,66,80
3,78,2,2.8,11.095382355627056,0.0,7,66,80
3,78,3,2.8,12.284126895690001,0.0,7,66,80
3,78,4,2.8,10.150641971841498,0.0,7,66,80
3,78,5,2.8,9.184342176508173,0.0,7,66,80
3,78,6,2.8,9.588806924110713,0.0,7,66,80
3,78,7,3.0,10.803721851294341,0.0,7,66,80
3,78,8,2.8,12.48242405156915,0.0,7,66,80
3,78,9,3.0,13.696052553301401,0.0,7,66,80
3,78,10,2.8,10.77118757863762,0.0,7,66,80
3,78,11,3.0,10.290297876361103,0.0,7,66,80
3,78,12,3.6,7.99188137723778,0.125,7,66,80
3,78,13,3.0,10.657116495122896,0.0,7,66,80
3,78,14,2.8,11.143301570065427,0.0,7,66,80
3,78,15,3.0,10.929804272623176,0.0,7,66,80
3,78,16,2.8,11.104460139591353,0.0,7,66,80
3,78,17,3.0,10.652279966062345,0.0,7,66,80
3,78,18,2.8,10.373119923508103,0.0,7,66,80
3,78,19,2.8,13.41106741141282,0.0,7,66,80
3,78,20,2.8,10.139613331924933,0.0,7,66,80
3,78,21,2.8,10.109694426945797,0.0,7,66,80
3,78,22,2.0,13.734644767577578,0.0,5,66,80
1,79,1,4.4,8.5344626795071,0.0,7,66,80
1,79,2,3.6,12.687451490559065,0.0,7,66,80
1,79,3,3.4,9.436070102117887,0.0,7,66,80
1,79,4,3.0,12.470623834973674,0.0,7,66,80
1,79,5,3.0,9.293480194610897,0.0,7,66,80
1,79,6,2.8,8.97868540598526,0.0,7,66,80
1,79,7,2.8,12.388813414916253,0.0,7,66,80
1,79,8,2.8,11.180035035032384,0.0,7,66,80
1,79,9,2.8,18.198062875302018,0.0,7,66,80
1,79,10,2.8,11.258134486364646,0.0,7,66,80
1,79,11,2.8,14.681691415207455,0.0,7,66,80
1,79,12,2.8,15.535701022306169,0.0,7,66,80
1,79,13,2.8,14.68471675483797,0.0,7,66,80
1,79,14,3.0,10.774021933119608,0.0,7,66,80
1,79,15,3.0,9.767390361810689,0.0,7,66,80
1,79,16,3.0,10.475854948496021,0.0,7,66,80
1,79,17,3.2,9.053115632513984,0.0,7,66,80
1,79,18,3.2,8.605257022272244,0.0,7,66,80
1,79,19,3.2,11.07097395415208,0.0,7,66,80
1,79,20,3.0,9.94567607929555,0.0,7,66,80
2,79,1,3.0,15.020187114983305,0.0,7,66,80
2,79,2,3.0,10.380513004332887,0.0,7,66,80
2,79,3,3.2,12.205196752346328,0.0,7,66,80
2,79,4,3.4,7.851422750045974,0.0,7,66,80
2,79,5,2.8,10.719949603700751,0.0,7,66,80
2,79,6,2.8,11.83854035881138,0.0,7,66,80
2,79,7,3.4,9.730428203430034,0.0,7,66,80
2,79,8,3.2,10.351855166069518,0.0,7,66,80
2,79,9,2.8,13.194968721942494,0.0,7,66,80
2,79,10,2.8,9.698366115011849,0.0,7,66,80
2,79,11,3.0,12.250128113313167,0.0,7,66,80
2,79,12,2.8,12.27572834717154,0.0,7,66,80
2,79,13,2.8,11.793259045717598,0.0,7,66,80
2,79,14,2.8,8.31012716394206,0.0,7,66,80
2,79,15,3.0,9.889554900469069,0.0,7,66,80
2,79,16,3.2,10.46315524383267,0.0,7,66,80
2,79,17,2.8,10.944621909087807,0.0,7,66,80
2,79,18,3.0,14.811792675844371,0.0,7,66,80
2,79,19,3.0,9.399285504464583,0.0,7,66,80
2,79,20,2.8,9.479182166258513,0.0,7,66,80
2,79,21,2.4,14.182895301479128,0.0,5,66,80
3,79,1,3.4,8.890175068012306,0.0,7,66,80
3,79,2,3.2,9.869781267328447,0.0,7,66,80
3,79,3,3.0,12.157922535016557,0.0,7,66,80
3,79,4,2.8,9.105794923274512,0.0,7,66,80
3,79,5,3.0,10.304167051713641,0.0,7,66,80
3,79,6,2.8,8.938732548385293,0.0,7,66,80
3,79,7,3.0,15.811816154682331,0.0,7,66,80
3,79,8,2.8,13.525283697544625,0.0,7,66,80
3,79,9,2.8,12.41699534456794,0.0,7,66,80
3,79,10,2.8,10.284759500294516,0.0,7,66,80
3,79,11,3.0,10.068673530945729,0.0,7,66,80
3,79,12,3.0,11.828890545411722,0.0,7,66,80
3,79,13,3.2,11.068633856342109,0.0,7,66,80
3,79,14,2.8,11.944514829742408,0.0,7,66,80
3,79,15,3.0,11.433305688116032,0.0,7,66,80
3,79,16,2.8,21.95382394456305,0.0,7,66,80
3,79,17,3.0,9.56635446830659,0.0,7,66,80
3,79,18,2.8,13.198138741970064,0.0,7,66,80
3,79,19,2.8,11.306546669970043,0.0,7,66,80
3,79,20,2.8,8.892267548136768,0.0,7,66,80
3,79,21,3.0,11.031817807541223,0.0,7,66,80
1,80,1,4.2,8.435175408701475,0.0,7,66,80
1,80,2,3.8,10.167959979685367,0.0,7,66,80
1,80,3,3.2,8.345748507325574,0.0,7,66,80
1,80,4,3.2,10.557411557163048,0.0,7,66,80
1,80,5,3.0,9.180216642701556,0.0,7,66,80
1,80,6,2.8,9.398807626589146,0.0,7,66,80
1,80,7,2.8,12.837483820965094,0.0,7,66,80
1,80,8,2.8,11.500074821098508,0.0,7,66,80
1,80,9,2.8,13.476955912806318,0.0,7,66,80
1,80,10,2.8,15.207261826300417,0.0,7,66,80
1,80,11,2.8,17.146428887559665,0.0,7,66,80
1,80,12,2.8,13.668101320599304,0.0,7,66,80
1,80,13,2.8,15.842937730858294,0.0,7,66,80
1,80,14,2.8,11.936065531304862,0.0,7,66,80
1,80,15,2.8,12.16895933985571,0.0,7,66,80
1,80,16,2.8,13.366627473489688,0.0,7,66,80
1,80,17,2.8,9.689223504112414,0.0,7,66,80
1,80,18,3.0,9.338821120256268,0.0,7,66,80
1,80,19,3.0,11.631696028974083,0.0,7,66,80
1,80,20,3.0,9.579566867642479,0.0,7,66,80
1,80,21,3.0,9.218216014624698,0.0,6,66,80
2,80,1,3.0,13.831328312958876,0.0,7,66,80
2,80,2,2.8,13.308685796034906,0.0,7,66,80
2,80,3,3.2,9.716975386744554,0.0,7,66,80
2,80,4,3.4,8.668634597046129,0.0,7,66,80
2,80,5,2.8,9.908647527385735,0.0,7,66,80
2,80,6,3.0,9.901999425909402,0.0,7,66,80
2,80,7,3.2,8.777134348535826,0.0,7,66,80
2,80,8,3.0,10.319358607069443,0.0,7,66,80
2,80,9,2.8,12.253911310040635,0.0,7,66,80
2,80,10,2.8,10.468981353495423,0.0,7,66,80
2,80,11,2.8,11.634170196099488,0.0,7,66,80
2,80,12,2.8,12.787526791680849,0.0,7,66,80
2,80,13,2.8,10.267793581689876,0.0,7,66,80
2,80,14,2.8,13.235378102942462,0.0,7,66,80
2,80,15,3.0,9.457999180496788,0.0,7,66,80
2,80,16,2.8,12.58043757667949,0.0,7,66,80
2,80,17,2.8,10.693656134510293,0.0,7,66,80
2,80,18,2.8,12.927605856650363,0.0,7,66,80
2,80,19,3.2,9.353875921614682,0.0,7,66,80
2,80,20,2.8,7.45314434961376,0.0,7,66,80
2,80,21,3.0,10.10270668703544,0.0,7,66,80
3,80,1,3.0,9.620769490668211,0.0,7,66,80
3,80,2,2.8,13.260417677354216,0.0,7,66,80
3,80,3,2.8,11.58601864342754,0.0,7,66,80
3,80,4,2.8,10.70121013677999,0.0,7,66,80
3,80,5,2.8,10.456171294731691,0.0,7,66,80
3,80,6,2.8,9.009671178160545,0.0,7,66,80
3,80,7,3.0,9.87885565988412,0.0,7,66,80
3,80,8,2.8,11.368708461033576,0.0,7,66,80
3,80,9,2.8,17.40421314082093,0.0,7,66,80
3,80,10,2.8,11.435148607380405,0.0,7,66,80
3,80,11,2.8,12.611257736376245,0.0,7,66,80
3,80,12,3.4,9.749352710829381,0.0,7,66,80
3,80,13,3.4,8.803905603085575,0.0,7,66,80
3,80,14,2.8,10.66908194278306,0.0,7,66,80
3,80,15,3.0,13.469512391903553,0.0,7,66,80
3,80,16,2.8,13.108913566560735,0.0,7,66,80
3,80,17,2.8,14.03805766042878,0.0,7,66,80
3,80,18,3.0,10.086202297586643,0.0,7,66,80
3,80,19,2.8,13.073133733676338,0.0,7,66,80
3,80,20,2.8,8.513751488920574,0.0,7,66,80
3,80,21,2.8,10.145067341352355,0.0,7,66,80
3,80,22,2.2,14.488822966091522,0.0,5,66,80
1,81,1,4.2,11.192625331082864,0.0,7,66,80
1,81,2,4.0,9.948681782469341,0.0,7,66,80
1,81,3,3.2,8.81573385605469,0.0,7,66,80
1,81,4,3.0,12.242603615655222,0.0,7,66,80
1,81,5,3.0,9.920782748539054,0.0,7,66,80
1,81,6,2.8,9.212023472150328,0.0,7,66,80
1,81,7,2.8,12.810193761002374,0.0,7,66,80
1,81,8,2.8,11.746665603595098,0.0,7,66,80
1,81,9,2.8,13.240069076685396,0.0,7,66,80
1,81,10,2.8,12.241557695540134,0.0,7,66,80
1,81,11,2.8,11.945855306362393,0.0,7,66,80
1,81,12,2.8,13.575724852510941,0.0,7,66,80
1,81,13,2.8,17.1018820903108,0.0,7,66,80
1,81,14,3.0,11.949033690834002,0.0,7,66,80
1,81,15,3.0,12.249176341693657,0.0,7,66,80
1,81,16,2.8,11.97197587781398,0.0,7,66,80
1,81,17,3.0,8.415987790613446,0.0,7,66,80
1,81,18,3.2,8.910116532015843,0.0,7,66,80
1,81,19,3.2,10.595425072453157,0.0,7,66,80
1,81,20,3.2,8.627906793043291,0.0,7,66,80
1,81,21,2.25,14.84285147649569,0.0,4,66,80
2,81,1,3.2,15.659131800042092,0.0,7,66,80
2,81,2,3.0,11.946784352172376,0.0,7,66,80
2,81,3,3.4,9.297062376679204,0.0,7,66,80
2,81,4,3.0,9.768666745364282,0.0,7,66,80
2,81,5,2.8,12.268150584069458,0.0,7,66,80
2,81,6,2.8,9.918660011760931,0.0,7,66,80
2,81,7,3.4,8.843998756407437,0.0,7,66,80
2,81,8,3.2,9.619210911693761,0.0,7,66,80
2,81,9,2.8,10.535610052739644,0.0,7,66,80
2,81,10,3.0,9.72346475455263,0.0,7,66,80
2,81,11,2.8,14.095759906465878,0.0,7,66,80
2,81,12,2.8,11.779242441110982,0.0,7,66,80
2,81,13,2.8,13.572928338546927,0.0,7,66,80
2,81,14,2.8,10.674149356590705,0.0,7,66,80
2,81,15,3.0,8.584724773357541,0.0,7,66,80
2,81,16,2.8,15.197940187980624,0.0,7,66,80
2,81,17,2.8,9.133614596224861,0.0,7,66,80
2,81,18,3.0,11.75984273765285,0.0,7,66,80
2,81,19,3.0,8.24820307306242,0.0,7,66,80
2,81,20,2.8,9.745083446825966,0.0,7,66,80
2,81,21,2.8,12.155181963971536,0.0,6,66,80
3,81,1,3.0,9.242755710591139,0.0,7,66,80
3,81,2,2.8,14.315707991170166,0.0,7,66,80
3,81,3,2.8,11.948160095636936,0.0,7,66,80
3,81,4,2.8,9.952431339966324,0.0,7,66,80
3,81,5,3.0,9.723446957463974,0.0,7,66,80
3,81,6,2.8,10.459595743260671,0.0,7,66,80
3,81,7,3.0,8.954655107904562,0.0,7,66,80
3,81,8,2.8,11.232522176467327,0.0,7,66,80
3,81,9,2.8,14.251248741621453,0.0,7,66,80
3,81,10,2.8,9.269347826238349,0.0,7,66,80
3,81,11,3.0,11.012932081290357,0.0,7,66,80
3,81,12,3.2,9.928363143267314,0.0,7,66,80
3,81,13,3.2,10.00155653968147,0.0,7,66,80
3,81,14,2.8,10.576829987765125,0.0,7,66,80
3,81,15,3.0,11.990717104187805,0.0,7,66,80
3,81,16,2.8,12.002704369376731,0.0,7,66,80
3,81,17,2.8,13.247493563737645,0.0,7,66,80
3,81,18,3.0,9.938691974298358,0.0,7,66,80
3,81,19,2.8,15.608756216017195,0.0,7,66,80
3,81,20,2.8,8.396865842310563,0.0,7,66,80
3,81,21,3.0,8.945791027752382,0.0,7,66,80
3,81,22,2.5,11.50441149878667,0.0,4,66,80
1,82,1,4.8,8.218234811534643,0.0,7,66,80
1,82,2,3.6,11.435988769498106,0.0,7,66,80
1,82,3,3.4,7.568346936929513,0.0,7,66,80
1,82,4,2.8,12.58679550808575,0.0,7,66,80
1,82,5,3.2,7.664906909722732,0.0,7,66,80
1,82,6,2.8,10.628903997230557,0.0,7,66,80
1,82,7,2.8,11.980963320999331,0.0,7,66,80
1,82,8,2.8,11.698399549469322,0.0,7,66,80
1,82,9,2.8,11.963097789407257,0.0,7,66,80
1,82,10,2.8,16.89450548659229,0.0,7,66,80
1,82,11,2.8,14.244065916472032,0.0,7,66,80
1,82,12,2.8,10.334690322990323,0.0,7,66,80
1,82,13,2.8,13.470906828796158,0.0,7,66,80
1,82,14,3.0,10.617881402713667,0.0,7,66,80
1,82,15,2.8,13.179925627976404,0.0,7,66,80
1,82,16,2.8,12.138954361644574,0.0,7,66,80
1,82,17,3.2,9.135462816849085,0.0,7,66,80
1,82,18,3.2,8.285786897100447,0.0,7,66,80
1,82,19,2.8,13.206739087791998,0.0,7,66,80
1,82,20,3.0,10.580726916174372,0.0,7,66,80
2,82,1,3.2,14.041376344843156,0.0,7,66,80
2,82,2,3.0,11.877184425943497,0.0,7,66,80
2,82,3,4.0,7.5371746270471585,0.0,7,66,80
2,82,4,3.0,8.940557779139201,0.0,7,66,80
2,82,5,2.8,13.214815384737953,0.0,7,66,80
2,82,6,3.0,9.522326360210847,0.0,7,66,80
2,82,7,3.6,8.188207830799758,0.0,7,66,80
2,82,8,3.0,10.807719170884614,0.0,7,66,80
2,82,9,2.8,13.070410560021957,0.0,7,66,80
2,82,10,2.8,8.557020886356348,0.0,7,66,80
2,82,11,3.0,11.310987359626573,0.0,7,66,80
2,82,12,2.8,13.955329697307231,0.0,7,66,80
2,82,13,2.8,11.343146225273825,0.0,7,66,80
2,82,14,2.8,8.930445194634892,0.0,7,66,80
2,82,15,3.2,9.258833469142507,0.0,7,66,80
2,82,16,2.8,16.47089306990287,0.0,7,66,80
2,82,17,2.8,10.902527956981125,0.0,7,66,80
2,82,18,3.0,11.854974834894083,0.0,7,66,80
2,82,19,3.0,8.665644562419407,0.0,7,66,80
2,82,20,3.0,8.439515786429709,0.0,7,66,80
2,82,21,2.0,18.957372634865163,0.0,4,66,80
3,82,1,3.0,9.90111222002862,0.0,7,66,80
3,82,2,2.8,10.468666642629199,0.0,7,66,80
3,82,3,2.8,12.186223797610078,0.0,7,66,80
3,82,4,2.8,10.11706041324653,0.0,7,66,80
3,82,5,2.8,9.468717704410768,0.0,7,66,80
3,82,6,2.8,9.529048778066322,0.0,7,66,80
3,82,7,3.0,10.090738578869901,0.0,7,66,80
3,82,8,2.8,11.453870566898116,0.0,7,66,80
3,82,9,2.8,14.014430991580669,0.0,7,66,80
3,82,10,2.8,10.128499397324893,0.0,7,66,80
3,82,11,2.8,9.929205673876437,0.0,7,66,80
3,82,12,3.2,9.138486337393578,0.0,7,66,80
3,82,13,3.2,9.447068589762921,0.0,7,66,80
3,82,14,2.8,9.607613461938772,0.0,7,66,80
3,82,15,2.8,20.471634376358264,0.0,7,66,80
3,82,16,3.0,10.057928399704338,0.0,7,66,80
3,82,17,2.8,14.591710966330291,0.0,7,66,80
3,82,18,3.0,12.254624063568029,0.0,7,66,80
3,82,19,2.8,12.751614314335997,0.0,7,66,80
3,82,20,2.8,9.5261486308739,0.0,7,66,80
3,82,21,2.8,10.653392687679272,0.0,7,66,80
3,82,22,2.6,10.920041735489724,0.0,6,66,80
1,83,1,4.6,8.03574118199367,0.0,7,66,80
1,83,2,3.6,10.02332101947805,0.0,7,66,80
1,83,3,3.4,8.177837098554063,0.0,7,66,80
1,83,4,2.8,11.458537415406788,0.0,7,66,80
1,83,5,3.0,8.652932032467096,0.0,7,66,80
1,83,6,2.8,9.212023472150337,0.0,7,66,80
1,83,7,2.8,12.569706417862024,0.0,7,66,80
1,83,8,2.8,9.73511700877159,0.0,7,66,80
1,83,9,2.8,15.212030068208037,0.0,7,66,80
1,83,10,2.8,14.832938323528435,0.0,7,66,80
1,83,11,2.8,15.316058912441417,0.0,7,66,80
1,83,12,2.8,13.21837690955273,0.0,7,66,80
1,83,13,2.8,11.151865631950317,0.0,7,66,80
1,83,14,3.0,11.762443332508102,0.0,7,66,80
1,83,15,3.0,10.685323321988934,0.0,7,66,80
1,83,16,2.8,14.793444740883288,0.0,7,66,80
1,83,17,3.4,7.976042889386658,0.0,7,66,80
1,83,18,3.2,8.592986110370928,0.0,7,66,80
1,83,19,3.2,9.485195884666103,0.0,7,66,80
1,83,20,3.4,8.317026159948991,0.0,7,66,80
2,83,1,3.2,12.543873398653819,0.0,7,66,80
2,83,2,2.8,9.665060071940077,0.0,7,66,80
2,83,3,4.2,7.8452017956440105,0.125,7,66,80
2,83,4,3.0,10.382366218289238,0.0,7,66,80
2,83,5,2.8,11.78845573571875,0.0,7,66,80
2,83,6,3.0,9.193128335298262,0.0,7,66,80
2,83,7,3.4,8.841620554570598,0.0,7,66,80
2,83,8,3.0,10.340832774137958,0.0,7,66,80
2,83,9,2.8,12.827604953252715,0.0,7,66,80
2,83,10,3.0,8.547539243400117,0.0,7,66,80
2,83,11,3.0,11.459335114183029,0.0,7,66,80
2,83,12,2.8,11.962744937130488,0.0,7,66,80
2,83,13,2.8,12.178875149257934,0.0,7,66,80
2,83,14,2.8,9.898846835784973,0.0,7,66,80
2,83,15,3.2,9.473964108039903,0.0,7,66,80
2,83,16,3.0,11.886630741600674,0.0,7,66,80
2,83,17,2.8,11.541033808393417,0.0,7,66,80
2,83,18,3.2,11.500692413374177,0.0,7,66,80
2,83,19,2.8,9.467399631329183,0.0,7,66,80
2,83,20,3.0,8.499886085773236,0.0,7,66,80
3,83,1,3.0,8.392960184784597,0.0,7,66,80
3,83,2,2.8,13.405742932859281,0.0,7,66,80
3,83,3,2.8,11.122484516718547,0.0,7,66,80
3,83,4,2.8,11.909829135289689,0.0,7,66,80
3,83,5,2.8,10.864810984043537,0.0,7,66,80
3,83,6,2.8,8.789557083216776,0.0,7,66,80
3,83,7,3.0,9.991828132761672,0.0,7,66,80
3,83,8,2.8,10.67426010343202,0.0,7,66,80
3,83,9,3.0,13.57446166799951,0.0,7,66,80
3,83,10,3.0,9.227501640097763,0.0,7,66,80
3,83,11,2.8,12.70576044060273,0.0,7,66,80
3,83,12,3.2,9.661735771743158,0.0,7,66,80
3,83,13,3.2,9.094376741150747,0.0,7,66,80
3,83,14,3.0,10.970406221581776,0.0,7,66,80
3,83,15,3.0,11.63685387560712,0.0,7,66,80
3,83,16,3.0,15.181015620044997,0.0,7,66,80
3,83,17,3.0,11.427514640332834,0.0,7,66,80
3,83,18,2.8,11.635912465604637,0.0,7,66,80
3,83,19,2.8,12.369829482340073,0.0,7,66,80
3,83,20,2.8,9.236374466069122,0.0,7,66,80
3,83,21,3.0,10.579685211545822,0.0,7,66,80
3,83,22,2.0,14.70899814879048,0.0,4,66,80
1,84,1,4.8,8.819641664391764,0.0,7,66,80
1,84,2,3.6,10.666754707197649,0.0,7,66,80
1,84,3,3.4,8.557091008018144,0.0,7,66,80
1,84,4,3.2,9.328749053217432,0.0,7,66,80
1,84,5,3.2,8.991492395943697,0.0,7,66,80
1,84,6,2.8,8.231017968691425,0.0,7,66,80
1,84,7,2.8,12.069046124203734,0.0,7,66,80
1,84,8,3.0,12.571231026973033,0.0,7,66,80
1,84,9,2.8,10.663354197092833,0.0,7,66,80
1,84,10,2.8,13.696801110739177,0.0,7,66,80
1,84,11,2.8,13.767048752628389,0.0,7,66,80
1,84,12,2.8,9.89549336461339,0.0,7,66,80
1,84,13,2.8,13.106144005883316,0.0,7,66,80
1,84,14,2.8,13.56503394196383,0.0,7,66,80
1,84,15,2.8,12.164131600783398,0.0,7,66,80
1,84,16,3.0,10.724056962294862,0.0,7,66,80
1,84,17,3.0,9.577251226102364,0.0,7,66,80
1,84,18,2.8,12.034572986085802,0.0,7,66,80
1,84,19,3.2,8.195234855638258,0.0,7,66,80
1,84,20,3.0,8.982083118430587,0.0,7,66,80
2,84,1,3.0,15.878050647848362,0.0,7,66,80
2,84,2,3.0,10.106074960702324,0.0,7,66,80
2,84,3,3.2,10.93907262714468,0.0,7,66,80
2,84,4,3.4,8.276407368707158,0.0,7,66,80
2,84,5,3.0,9.257255018081613,0.0,7,66,80
2,84,6,2.8,9.969018095234373,0.0,7,66,80
2,84,7,3.6,9.296935714600876,0.125,7,66,80
2,84,8,2.8,13.948367971801854,0.0,7,66,80
2,84,9,2.8,11.841036414797971,0.0,7,66,80
2,84,10,2.8,9.934667446030986,0.0,7,66,80
2,84,11,2.8,16.997535822960582,0.0,7,66,80
2,84,12,2.8,12.116892828207803,0.0,7,66,80
2,84,13,2.8,12.034601882183575,0.0,7,66,80
2,84,14,3.0,9.193031630544729,0.0,7,66,80
2,84,15,3.6,8.489360609616543,0.125,7,66,80
2,84,16,2.8,11.425417665101477,0.0,7,66,80
2,84,17,2.8,10.079239180519169,0.0,7,66,80
2,84,18,2.8,13.586240268019438,0.0,7,66,80
2,84,19,3.0,9.051525502545452,0.0,7,66,80
2,84,20,2.8,9.735695395636023,0.0,7,66,80
2,84,21,2.4,15.396838506617897,0.0,5,66,80
3,84,1,3.0,9.774524203181857,0.0,7,66,80
3,84,2,2.8,14.694037002467867,0.0,7,66,80
3,84,3,2.8,11.901659176398656,0.0,7,66,80
3,84,4,2.8,11.129619434208768,0.0,7,66,80
3,84,5,3.0,8.737224081055569,0.0,7,66,80
3,84,6,3.0,9.412377426072016,0.0,7,66,80
3,84,7,3.0,8.907708499075559,0.0,7,66,80
3,84,8,3.0,10.193297878267076,0.0,7,66,80
3,84,9,2.8,15.155188063394457,0.0,7,66,80
3,84,10,3.0,9.973273331156983,0.0,7,66,80
3,84,11,3.0,10.90823713695793,0.0,7,66,80
3,84,12,3.0,10.527605875881171,0.0,7,66,80
3,84,13,3.0,11.162837099400823,0.0,7,66,80
3,84,14,2.8,12.879815380299029,0.0,7,66,80
3,84,15,3.0,11.908751914370553,0.0,7,66,80
3,84,16,3.0,16.142649806443817,0.0,7,66,80
3,84,17,2.8,13.499513263108335,0.0,7,66,80
3,84,18,2.8,11.189133348968141,0.0,7,66,80
3,84,19,2.8,11.538759817655386,0.0,7,66,80
3,84,20,2.8,10.173345026796293,0.0,7,66,80
3,84,21,3.0,9.165875155391781,0.0,7,66,80
3,84,22,2.25,12.262558290121927,0.0,4,66,80
1,85,1,4.8,8.832568935534486,0.0,7,66,80
1,85,2,3.6,9.446140423998354,0.0,7,66,80
1,85,3,3.2,8.562244973674831,0.0,7,66,80
1,85,4,2.8,11.935126841627874,0.0,7,66,80
1,85,5,3.0,11.15075049236965,0.0,7,66,80
1,85,6,2.8,8.594514695982216,0.0,7,66,80
1,85,7,2.8,14.718852922821384,0.0,7,66,80
1,85,8,2.8,10.300919655311954,0.0,7,66,80
1,85,9,2.8,14.515803275870164,0.0,7,66,80
1,85,10,2.8,12.759982335255224,0.0,7,66,80
1,85,11,2.8,17.5458273636627,0.0,7,66,80
1,85,12,2.8,13.305938528062784,0.0,7,66,80
1,85,13,2.8,12.019350734620692,0.0,7,66,80
1,85,14,2.8,12.326724453115068,0.0,7,66,80
1,85,15,2.8,11.259464868472008,0.0,7,66,80
1,85,16,3.0,10.458114918523684,0.0,7,66,80
1,85,17,3.0,7.936895664091487,0.0,7,66,80
1,85,18,3.4,7.642978084306699,0.0,7,66,80
1,85,19,3.0,10.733254593406913,0.0,7,66,80
1,85,20,3.2,9.18836982850859,0.0,7,66,80
1,85,21,2.5,11.709647055448032,0.0,4,66,80
2,85,1,3.2,12.341381144874562,0.0,7,66,80
2,85,2,3.0,10.47376234244731,0.0,7,66,80
2,85,3,3.4,8.943591178815101,0.0,7,66,80
2,85,4,3.6,7.488888922947415,0.0,7,66,80
2,85,5,3.0,11.027931085724687,0.0,7,66,80
2,85,6,2.8,10.445748735941333,0.0,7,66,80
2,85,7,3.4,9.789831326611226,0.0,7,66,80
2,85,8,3.0,10.609912881297332,0.0,7,66,80
2,85,9,2.8,12.668188064478125,0.0,7,66,80
2,85,10,2.8,8.408266742738244,0.0,7,66,80
2,85,11,3.0,11.793588067322384,0.0,7,66,80
2,85,12,2.8,12.780194202955354,0.0,7,66,80
2,85,13,2.8,11.228716685117265,0.0,7,66,80
2,85,14,2.8,9.076672860762706,0.0,7,66,80
2,85,15,3.0,12.319274690794973,0.0,7,66,80
2,85,16,2.8,13.004488931634665,0.0,7,66,80
2,85,17,2.8,9.883780444172771,0.0,7,66,80
2,85,18,3.0,12.12740038725418,0.0,7,66,80
2,85,19,3.0,7.593105410109681,0.0,7,66,80
2,85,20,2.8,7.8777525384461,0.0,7,66,80
2,85,21,2.2,15.059382895740388,0.0,5,66,80
3,85,1,3.0,10.031022092596741,0.0,7,66,80
3,85,2,2.8,10.878302712990909,0.0,7,66,80
3,85,3,2.8,11.74171803302563,0.0,7,66,80
3,85,4,2.8,11.149909088190064,0.0,7,66,80
3,85,5,2.8,11.101461011571448,0.0,7,66,80
3,85,6,2.8,8.113294692742151,0.0,7,66,80
3,85,7,3.0,10.746771596949818,0.0,7,66,80
3,85,8,2.8,10.844600179014455,0.0,7,66,80
3,85,9,3.2,12.53299501926021,0.0,7,66,80
3,85,10,2.8,10.34222556524433,0.0,7,66,80
3,85,11,2.8,11.467027052651632,0.0,7,66,80
3,85,12,3.4,8.548536736312565,0.0,7,66,80
3,85,13,3.0,11.559835185598748,0.0,7,66,80
3,85,14,2.8,9.391264723731256,0.0,7,66,80
3,85,15,3.0,11.828389708315799,0.0,7,66,80
3,85,16,2.8,15.006597825832088,0.0,7,66,80
3,85,17,2.8,11.046286712392355,0.0,7,66,80
3,85,18,3.0,10.119578975996642,0.0,7,66,80
3,85,19,2.8,16.996818357173122,0.0,7,66,80
3,85,20,2.8,9.096206107295309,0.0,7,66,80
3,85,21,3.2,8.775148309162827,0.0,7,66,80
3,85,22,2.25,13.18800457947504,0.0,4,66,80
1,86,1,4.2,10.003487353315567,0.0,7,66,80
1,86,2,3.8,9.435591456497406,0.0,7,66,80
1,86,3,3.2,7.949405389824272,0.0,7,66,80
1,86,4,3.4,10.160740169228372,0.0,7,66,80
1,86,5,3.0,7.637579361030457,0.0,7,66,80
1,86,6,2.8,11.188197605573816,0.0,7,66,80
1,86,7,2.8,15.703163021792164,0.0,7,66,80
1,86,8,3.0,9.536894027547667,0.0,7,66,80
1,86,9,2.8,10.412718600802663,0.0,7,66,80
1,86,10,2.8,13.46039941427464,0.0,7,66,80
1,86,11,2.8,13.915145665003335,0.0,7,66,80
1,86,12,2.8,9.241135008798244,0.0,7,66,80
1,86,13,2.8,13.685052961980647,0.0,7,66,80
1,86,14,3.0,12.360175084588205,0.0,7,66,80
1,86,15,3.0,11.141951981105668,0.0,7,66,80
1,86,16,2.8,13.176937182930418,0.0,7,66,80
1,86,17,3.0,8.356646961576365,0.0,7,66,80
1,86,18,2.8,10.19945692159621,0.0,7,66,80
1,86,19,3.2,10.558296255964402,0.0,7,66,80
1,86,20,3.2,9.55853111251781,0.0,7,66,80
2,86,1,4.0,11.334733881002462,0.0,7,66,80
2,86,2,4.2,7.677803100769066,0.0,7,66,80
2,86,3,3.8,7.726985501490277,0.0,7,66,80
2,86,4,3.2,9.030696422490069,0.0,7,66,80
2,86,5,3.0,11.270519222809092,0.0,7,66,80
2,86,6,3.6,8.245588289262095,0.0,7,66,80
2,86,7,3.2,9.74401368535398,0.0,7,66,80
2,86,8,2.8,11.872158582747229,0.0,7,66,80
2,86,9,2.8,10.557495397457672,0.0,7,66,80
2,86,10,3.0,12.253203149680635,0.0,7,66,80
2,86,11,2.8,12.040905638256778,0.0,7,66,80
2,86,12,2.8,14.238416722505125,0.0,7,66,80
2,86,13,3.0,10.357673151387637,0.0,7,66,80
2,86,14,3.2,8.99382167090179,0.0,7,66,80
2,86,15,2.8,13.004488931634793,0.0,7,66,80
2,86,16,2.8,9.383378198115633,0.0,7,66,80
2,86,17,3.0,12.706907010372705,0.0,7,66,80
2,86,18,3.0,8.620523752288285,0.0,7,66,80
2,86,19,2.8,8.054109158602653,0.0,7,66,80
2,86,20,2.75,10.27631447978848,0.0,4,66,80
3,86,1,3.6,6.936933911369,0.0,7,66,80
3,86,2,3.8,8.454426150821925,0.0,7,66,80
3,86,3,3.2,8.33736332741033,0.0,7,66,80
3,86,4,3.0,9.141865075451598,0.0,7,66,80
3,86,5,3.0,8.501002479828715,0.0,7,66,80
3,86,6,2.8,10.125799096171553,0.0,7,66,80
3,86,7,3.0,12.450777891281907,0.0,7,66,80
3,86,8,2.8,11.136441165421207,0.0,7,66,80
3,86,9,2.8,11.978856795354297,0.0,7,66,80
3,86,10,2.8,11.539388475222008,0.0,7,66,80
3,86,11,3.2,10.89025628508729,0.0,7,66,80
3,86,12,3.0,10.181780468559518,0.0,7,66,80
3,86,13,3.2,8.60800161142754,0.0,7,66,80
3,86,14,2.8,17.02078458148474,0.0,7,66,80
3,86,15,3.0,8.566004354121786,0.0,7,66,80
3,86,16,2.8,12.238863133052643,0.0,7,66,80
3,86,17,3.0,11.706241702461627,0.0,7,66,80
3,86,18,2.8,14.378351245450446,0.0,7,66,80
3,86,19,2.8,10.593073626780777,0.0,7,66,80
3,86,20,2.8,8.849306208557636,0.0,7,66,80
3,86,21,2.8,10.344174625996436,0.0,6,66,80
1,87,1,4.6,7.95092041104994,0.0,7,66,80
1,87,2,3.8,9.922929521018782,0.0,7,66,80
1,87,3,3.4,8.053877021894765,0.0,7,66,80
1,87,4,3.0,12.850847077232977,0.0,7,66,80
1,87,5,3.0,8.848515753314633,0.0,7,66,80
1,87,6,2.8,11.119214839030425,0.0,7,66,80
1,87,7,2.8,14.08059371731245,0.0,7,66,80
1,87,8,2.8,11.261170642382734,0.0,7,66,80
1,87,9,2.8,12.131687785162612,0.0,7,66,80
1,87,10,2.8,15.152741030271928,0.0,7,66,80
1,87,11,2.8,14.988056561563058,0.0,7,66,80
1,87,12,2.8,11.367988975075523,0.0,7,66,80
1,87,13,2.8,21.419292270701632,0.0,7,66,80
1,87,14,2.8,10.986908514850791,0.0,7,66,80
1,87,15,3.0,10.331368013332407,0.0,7,66,80
1,87,16,2.8,12.363094617316259,0.0,7,66,80
1,87,17,3.0,9.484624921560327,0.0,7,66,80
1,87,18,3.0,8.860479283692657,0.0,7,66,80
1,87,19,2.8,14.373411002748247,0.0,7,66,80
1,87,20,3.0,10.976643782947463,0.0,7,66,80
1,87,21,3.0,9.457611598703691,0.0,4,66,80
2,87,1,3.8,9.320248979577505,0.0,7,66,80
2,87,2,4.0,9.969235180181672,0.0,7,66,80
2,87,3,3.6,8.01314224126976,0.0,7,66,80
2,87,4,3.2,7.882379815571485,0.0,7,66,80
2,87,5,2.8,11.20687455945249,0.0,7,66,80
2,87,6,3.0,11.697539178823439,0.0,7,66,80
2,87,7,3.2,9.643518407322919,0.0,7,66,80
2,87,8,2.8,13.146789991323518,0.0,7,66,80
2,87,9,2.8,12.032589602343293,0.0,7,66,80
2,87,10,2.8,10.764926906792065,0.0,7,66,80
2,87,11,2.8,16.309617424302925,0.0,7,66,80
2,87,12,2.8,11.576857900189996,0.0,7,66,80
2,87,13,2.8,12.013197323986217,0.0,7,66,80
2,87,14,2.8,10.055425855788023,0.0,7,66,80
2,87,15,3.2,11.006087030651793,0.0,7,66,80
2,87,16,2.8,12.216555589489849,0.0,7,66,80
2,87,17,2.8,12.26592425051828,0.0,7,66,80
2,87,18,3.2,12.16690919657903,0.0,7,66,80
2,87,19,2.8,8.405634146986896,0.0,7,66,80
2,87,20,3.0,10.77282451048158,0.0,7,66,80
3,87,1,3.6,7.206670049667389,0.0,7,66,80
3,87,2,3.4,10.089462520592772,0.0,7,66,80
3,87,3,3.4,9.491844166688065,0.0,7,66,80
3,87,4,2.8,11.44777070452075,0.0,7,66,80
3,87,5,3.0,9.083679832720028,0.0,7,66,80
3,87,6,2.8,8.467390452045203,0.0,7,66,80
3,87,7,3.0,12.635555239626918,0.0,7,66,80
3,87,8,2.8,12.97866330761929,0.0,7,66,80
3,87,9,2.8,11.259348589975366,0.0,7,66,80
3,87,10,2.8,14.122359567333142,0.0,7,66,80
3,87,11,3.2,10.556188951404243,0.0,7,66,80
3,87,12,3.2,8.580068576509488,0.0,7,66,80
3,87,13,2.8,10.664289910210162,0.0,7,66,80
3,87,14,2.8,13.692935903287777,0.0,7,66,80
3,87,15,3.0,11.644565932039637,0.0,7,66,80
3,87,16,2.8,14.039965891509542,0.0,7,66,80
3,87,17,3.0,10.935158330803954,0.0,7,66,80
3,87,18,2.8,12.329985941492858,0.0,7,66,80
3,87,19,2.8,11.322179152957338,0.0,7,66,80
3,87,20,2.8,8.163239476410604,0.0,7,66,80
3,87,21,2.8,11.503760012997873,0.0,7,66,80
1,88,1,4.6,9.329614858488927,0.0,7,66,80
1,88,2,3.8,10.736163947273681,0.0,7,66,80
1,88,3,3.4,7.803566976087782,0.0,7,66,80
1,88,4,3.0,9.673828566773363,0.0,7,66,80
1,88,5,3.0,9.047800277818986,0.0,7,66,80
1,88,6,2.8,10.572957217226337,0.0,7,66,80
1,88,7,2.8,12.323999826642394,0.0,7,66,80
1,88,8,2.8,13.629983158983661,0.0,7,66,80
1,88,9,2.8,11.269543363472543,0.0,7,66,80
1,88,10,2.8,13.959295757164266,0.0,7,66,80
1,88,11,2.8,13.479378461259067,0.0,7,66,80
1,88,12,2.8,9.958937679154461,0.0,7,66,80
1,88,13,2.8,16.494460497526823,0.0,7,66,80
1,88,14,3.0,12.015149948827903,0.0,7,66,80
1,88,15,2.8,13.910094232373773,0.0,7,66,80
1,88,16,2.8,12.041924358218058,0.0,7,66,80
1,88,17,3.2,8.503768533427284,0.0,7,66,80
1,88,18,3.2,8.692144604203802,0.0,7,66,80
1,88,19,3.2,9.6368840929995,0.0,7,66,80
1,88,20,3.0,9.358723003879208,0.0,7,66,80
2,88,1,4.0,9.357721852675125,0.0,7,66,80
2,88,2,4.2,8.405907523163098,0.0,7,66,80
2,88,3,3.8,8.063149943111297,0.0,7,66,80
2,88,4,3.4,8.250573888225299,0.0,7,66,80
2,88,5,2.8,10.39047238691243,0.0,7,66,80
2,88,6,3.2,9.804233187338411,0.0,7,66,80
2,88,7,3.0,10.064637404052698,0.0,7,66,80
2,88,8,3.0,11.061573380011815,0.0,7,66,80
2,88,9,2.8,10.669363183853196,0.0,7,66,80
2,88,10,2.8,12.84087082727498,0.0,7,66,80
2,88,11,2.8,12.12903253029966,0.0,7,66,80
2,88,12,2.8,10.633203829551105,0.0,7,66,80
2,88,13,2.8,10.908086873598942,0.0,7,66,80
2,88,14,3.0,8.392939322397313,0.0,7,66,80
2,88,15,2.8,14.467188431103283,0.0,7,66,80
2,88,16,2.8,11.886902221920888,0.0,7,66,80
2,88,17,3.0,11.59677344813552,0.0,7,66,80
2,88,18,3.0,10.112913056071394,0.0,7,66,80
2,88,19,2.8,8.38830392397577,0.0,7,66,80
2,88,20,3.0,12.868502671089429,0.0,7,66,80
3,88,1,3.0,11.65595300357416,0.0,7,66,80
3,88,2,3.2,8.770140929377003,0.0,7,66,80
3,88,3,2.8,13.066604605571715,0.0,7,66,80
3,88,4,2.8,7.741331669314962,0.0,7,66,80
3,88,5,2.8,9.757514441122638,0.0,7,66,80
3,88,6,3.0,9.114463836110808,0.0,7,66,80
3,88,7,3.0,9.367902292301968,0.0,7,66,80
3,88,8,2.8,10.529763982074023,0.0,7,66,80
3,88,9,2.8,14.405579796930628,0.0,7,66,80
3,88,10,2.8,10.605084316987908,0.0,7,66,80
3,88,11,3.8,7.739698801654189,0.125,7,66,80
3,88,12,2.8,10.644458645839434,0.0,7,66,80
3,88,13,2.8,13.40578779394701,0.0,7,66,80
3,88,14,3.0,9.676141882050745,0.0,7,66,80
3,88,15,3.2,11.491411622638175,0.0,7,66,80
3,88,16,3.0,13.035233004661045,0.0,7,66,80
3,88,17,2.8,12.387642999239224,0.0,7,66,80
3,88,18,2.8,11.213852267184572,0.0,7,66,80
3,88,19,2.8,11.541238560264958,0.0,7,66,80
3,88,20,2.8,9.104050082919946,0.0,7,66,80
3,88,21,2.8,11.374248975041723,0.0,7,66,80
1,89,1,4.8,9.989256823097893,0.0,7,66,80
1,89,2,3.6,10.610409808437169,0.0,7,66,80
1,89,3,3.4,7.723552396406404,0.0,7,66,80
1,89,4,3.4,10.123585496811806,0.0,7,66,80
1,89,5,3.0,10.667256230817577,0.0,7,66,80
1,89,6,2.8,9.370104965728581,0.0,7,66,80
1,89,7,2.8,9.93908364872109,0.0,7,66,80
1,89,8,2.8,13.1124546306004,0.0,7,66,80
1,89,9,2.8,11.799588886947523,0.0,7,66,80
1,89,10,2.8,18.216863503461372,0.0,7,66,80
1,89,11,2.8,13.79526931410815,0.0,7,66,80
1,89,12,2.8,12.936770630426828,0.0,7,66,80
1,89,13,2.8,17.058123114592927,0.0,7,66,80
1,89,14,2.8,12.930629611669781,0.0,7,66,80
1,89,15,3.0,10.866633104274502,0.0,7,66,80
1,89,16,2.8,12.553936500946627,0.0,7,66,80
1,89,17,3.2,8.474138491222545,0.0,7,66,80
1,89,18,2.8,9.449237538737268,0.0,7,66,80
1,89,19,3.2,9.841485938200424,0.0,7,66,80
1,89,20,3.2,8.809818743037473,0.0,7,66,80
2,89,1,3.8,9.263781447653104,0.0,7,66,80
2,89,2,4.0,8.37252172124176,0.0,7,66,80
2,89,3,3.6,8.659854837237509,0.0,7,66,80
2,89,4,3.0,9.010521916881093,0.0,7,66,80
2,89,5,3.0,9.483902634898117,0.0,7,66,80
2,89,6,3.0,11.287369227549554,0.0,7,66,80
2,89,7,3.4,9.211863550417696,0.0,7,66,80
2,89,8,2.8,13.826968442762054,0.0,7,66,80
2,89,9,2.8,11.141195098883962,0.0,7,66,80
2,89,10,2.8,10.920946966587998,0.0,7,66,80
2,89,11,2.8,14.87956744803143,0.0,7,66,80
2,89,12,2.8,10.217749286600487,0.0,7,66,80
2,89,13,2.8,11.547522590155763,0.0,7,66,80
2,89,14,3.0,8.719938138868281,0.0,7,66,80
2,89,15,2.8,15.164436648047085,0.0,7,66,80
2,89,16,3.0,9.795816603309627,0.0,7,66,80
2,89,17,2.8,12.409342775724866,0.0,7,66,80
2,89,18,3.2,9.693631644613605,0.0,7,66,80
2,89,19,2.8,8.709929539774027,0.0,7,66,80
2,89,20,3.0,10.950599866696312,0.0,7,66,80
3,89,1,3.2,8.59735793592364,0.0,7,66,80
3,89,2,2.8,12.743156474938408,0.0,7,66,80
3,89,3,2.8,11.986853908812344,0.0,7,66,80
3,89,4,2.8,8.796308386241323,0.0,7,66,80
3,89,5,2.8,11.773253615123057,0.0,7,66,80
3,89,6,2.8,10.283727088206168,0.0,7,66,80
3,89,7,3.0,9.848661816776126,0.0,7,66,80
3,89,8,2.8,11.273932221221097,0.0,7,66,80
3,89,9,2.8,13.378401625806159,0.0,7,66,80
3,89,10,3.0,9.499819474332078,0.0,7,66,80
3,89,11,2.8,12.102360861689359,0.0,7,66,80
3,89,12,3.0,10.584518250622452,0.0,7,66,80
3,89,13,3.4,9.651360834939911,0.0,7,66,80
3,89,14,2.8,9.152357661726894,0.0,7,66,80
3,89,15,3.0,12.20608807495809,0.0,7,66,80
3,89,16,2.8,12.41695792059975,0.0,7,66,80
3,89,17,2.8,12.338817330642867,0.0,7,66,80
3,89,18,3.0,10.448032214289789,0.0,7,66,80
3,89,19,2.8,13.656964363246987,0.0,7,66,80
3,89,20,2.8,9.389459593944668,0.0,7,66,80
3,89,21,2.8,10.16192331514685,0.0,7,66,80
3,89,22,2.2,14.592529937990836,0.0,5,66,80
1,90,1,4.6,8.83707257434398,0.0,7,66,80
1,90,2,4.0,9.207208173082991,0.0,7,66,80
1,90,3,3.4,8.087607391566781,0.0,7,66,80
1,90,4,2.8,18.60837961365747,0.0,7,66,80
1,90,5,3.0,9.020711918813564,0.0,7,66,80
1,90,6,3.0,9.854893005665975,0.0,7,66,80
1,90,7,2.8,10.401895660207249,0.0,7,66,80
1,90,8,2.8,12.329163027517055,0.0,7,66,80
1,90,9,2.8,11.077357221052505,0.0,7,66,80
1,90,10,2.8,14.818285264757009,0.0,7,66,80
1,90,11,2.8,17.30921780390376,0.0,7,66,80
1,90,12,2.8,12.22161412253,0.0,7,66,80
1,90,13,2.8,13.727369955671437,0.0,7,66,80
1,90,14,2.8,12.02675994946088,0.0,7,66,80
1,90,15,3.0,11.727410395036229,0.0,7,66,80
1,90,16,2.8,11.94890608914364,0.0,7,66,80
1,90,17,3.2,9.472019412262167,0.0,7,66,80
1,90,18,3.0,9.155505113952465,0.0,7,66,80
1,90,19,3.2,9.730248360329174,0.0,7,66,80
1,90,20,3.0,9.597201976875597,0.0,7,66,80
2,90,1,3.0,13.83132831295895,0.0,7,66,80
2,90,2,2.8,10.989181185426778,0.0,7,66,80
2,90,3,3.8,9.607041972621225,0.125,7,66,80
2,90,4,3.0,8.914385350259117,0.0,7,66,80
2,90,5,2.8,10.321934526021046,0.0,7,66,80
2,90,6,2.8,10.73704700048601,0.0,7,66,80
2,90,7,3.4,9.459535523257818,0.0,7,66,80
2,90,8,3.0,9.653747861924868,0.0,7,66,80
2,90,9,2.8,11.799901845863305,0.0,7,66,80
2,90,10,3.0,9.752894600728725,0.0,7,66,80
2,90,11,2.8,16.18775392513117,0.0,7,66,80
2,90,12,2.8,11.104880105530077,0.0,7,66,80
2,90,13,2.8,13.062733681938727,0.0,7,66,80
2,90,14,3.0,8.562403249984936,0.0,7,66,80
2,90,15,3.0,10.30617204945753,0.0,7,66,80
2,90,16,3.0,11.781673253533294,0.0,7,66,80
2,90,17,2.8,11.626366493922097,0.0,7,66,80
2,90,18,3.0,13.424436092466765,0.0,7,66,80
2,90,19,3.0,8.339880579414153,0.0,7,66,80
2,90,20,3.0,7.880889872099206,0.0,7,66,80
2,90,21,2.4,11.075275917022863,0.0,5,66,80
3,90,1,3.0,9.15970237345907,0.0,7,66,80
3,90,2,2.8,13.289230116498027,0.0,7,66,80
3,90,3,3.2,11.258978365249552,0.0,7,66,80
3,90,4,2.8,9.280054922616126,0.0,7,66,80
3,90,5,2.8,8.931104788429863,0.0,7,66,80
3,90,6,2.8,9.393052043838743,0.0,7,66,80
3,90,7,3.0,10.390784511159012,0.0,7,66,80
3,90,8,2.8,11.026600012416313,0.0,7,66,80
3,90,9,2.8,15.109796969183648,0.0,7,66,80
3,90,10,2.8,10.629821647735705,0.0,7,66,80
3,90,11,2.8,13.114422280009878,0.0,7,66,80
3,90,12,2.8,11.351981015750583,0.0,7,66,80
3,90,13,3.2,9.858200789776623,0.0,7,66,80
3,90,14,2.8,9.745391604873967,0.0,7,66,80
3,90,15,2.8,14.853587873074177,0.0,7,66,80
3,90,16,3.0,11.01825807589922,0.0,7,66,80
3,90,17,2.8,12.737931890187845,0.0,7,66,80
3,90,18,3.0,10.978760335141343,0.0,7,66,80
3,90,19,2.8,11.188676532638878,0.0,7,66,80
3,90,20,2.8,9.141706147017366,0.0,7,66,80
3,90,21,2.8,10.174868910289637,0.0,7,66,80
3,90,22,2.6,10.635212394643267,0.0,6,66,80
1,91,1,4.6,8.003722158622006,0.0,7,66,80
1,91,2,3.6,9.33977228148617,0.0,7,66,80
1,91,3,3.2,8.651203055684299,0.0,7,66,80
1,91,4,3.0,12.470623834973651,0.0,7,66,80
1,91,5,3.0,8.715506158528818,0.0,7,66,80
1,91,6,3.0,9.235693909003395,0.0,7,66,80
1,91,7,2.8,13.222334927221778,0.0,7,66,80
1,91,8,2.8,10.739983860178851,0.0,7,66,80
1,91,9,2.8,11.584150016340086,0.0,7,66,80
1,91,10,2.8,16.92710361533585,0.0,7,66,80
1,91,11,2.8,15.158241499297905,0.0,7,66,80
1,91,12,2.8,10.997065513430998,0.0,7,66,80
1,91,13,2.8,16.573343734924418,0.0,7,66,80
1,91,14,2.8,12.65045243829835,0.0,7,66,80
1,91,15,2.8,13.472462000502832,0.0,7,66,80
1,91,16,2.8,12.722112529748928,0.0,7,66,80
1,91,17,3.0,9.295948132986924,0.0,7,66,80
1,91,18,3.4,9.02857186670898,0.0,7,66,80
1,91,19,2.8,14.00593126148946,0.0,7,66,80
1,91,20,3.4,7.725487553098104,0.0,7,66,80
2,91,1,3.8,10.651202916035148,0.0,7,66,80
2,91,2,3.8,9.502916010657344,0.0,7,66,80
2,91,3,2.8,11.683553434617364,0.0,7,66,80
2,91,4,3.6,8.008947701584136,0.0,7,66,80
2,91,5,3.0,9.199130324214089,0.0,7,66,80
2,91,6,3.0,10.47854770017165,0.0,7,66,80
2,91,7,3.4,9.796778401937953,0.0,7,66,80
2,91,8,3.0,11.32320832440662,0.0,7,66,80
2,91,9,3.0,12.09201655295911,0.0,7,66,80
2,91,10,3.0,9.384490183222194,0.0,7,66,80
2,91,11,2.8,12.222259718589415,0.0,7,66,80
2,91,12,2.8,12.085556625060322,0.0,7,66,80
2,91,13,3.0,12.578092892171517,0.0,7,66,80
2,91,14,3.0,8.673749977860252,0.0,7,66,80
2,91,15,2.8,13.39699585056374,0.0,7,66,80
2,91,16,2.8,12.534068435107837,0.0,7,66,80
2,91,17,2.8,13.657571527119076,0.0,7,66,80
2,91,18,3.0,10.291439284832581,0.0,7,66,80
2,91,19,3.0,7.2776842585819495,0.0,7,66,80
2,91,20,3.0,10.093221627125748,0.0,7,66,80
3,91,1,3.0,9.078128341076534,0.0,7,66,80
3,91,2,3.0,10.662169524962309,0.0,7,66,80
3,91,3,2.8,13.524184593943444,0.0,7,66,80
3,91,4,2.8,9.956153657563135,0.0,7,66,80
3,91,5,2.8,11.010262183143928,0.0,7,66,80
3,91,6,2.8,9.900837708426007,0.0,7,66,80
3,91,7,2.8,9.059097056094737,0.0,7,66,80
3,91,8,2.8,11.411130623415742,0.0,7,66,80
3,91,9,2.8,16.422817009256732,0.0,7,66,80
3,91,10,2.8,10.045322636991022,0.0,7,66,80
3,91,11,2.8,10.922172061427453,0.0,7,66,80
3,91,12,3.6,8.500224984647105,0.0,7,66,80
3,91,13,3.2,9.107919749198349,0.0,7,66,80
3,91,14,2.8,11.447908606144786,0.0,7,66,80
3,91,15,3.0,13.439913779149176,0.0,7,66,80
3,91,16,2.8,12.833841573729751,0.0,7,66,80
3,91,17,3.0,11.6465390796924,0.0,7,66,80
3,91,18,3.0,11.861859097074065,0.0,7,66,80
3,91,19,2.8,14.630105882012078,0.0,7,66,80
3,91,20,2.8,9.68981493067222,0.0,7,66,80
3,91,21,3.0,8.69668060544479,0.0,7,66,80
3,91,22,2.25,15.337692824232567,0.0,4,66,80
1,92,1,4.8,8.140521095911193,0.0,7,66,80
1,92,2,3.4,11.569536051631143,0.0,7,66,80
1,92,3,3.2,8.565128005334035,0.0,7,66,80
1,92,4,3.2,12.646408608531697,0.0,7,66,80
1,92,5,3.2,8.964847568318874,0.0,7,66,80
1,92,6,2.8,11.545281472354127,0.0,7,66,80
1,92,7,2.8,12.150060791623247,0.0,7,66,80
1,92,8,2.8,10.914431816009559,0.0,7,66,80
1,92,9,2.8,11.89227083283106,0.0,7,66,80
1,92,10,2.8,12.536316943062458,0.0,7,66,80
1,92,11,2.8,16.284127192286725,0.0,7,66,80
1,92,12,2.8,11.813716086336703,0.0,7,66,80
1,92,13,2.8,16.81667506398561,0.0,7,66,80
1,92,14,2.8,10.694430444044285,0.0,7,66,80
1,92,15,2.8,11.713183530524978,0.0,7,66,80
1,92,16,2.8,13.90586082786044,0.0,7,66,80
1,92,17,3.0,8.427758050110587,0.0,7,66,80
1,92,18,3.2,9.411065593279343,0.0,7,66,80
1,92,19,3.2,10.558296255964422,0.0,7,66,80
1,92,20,3.0,10.101823507518779,0.0,7,66,80
1,92,21,2.5,11.271592732046368,0.0,4,66,80
2,92,1,3.6,10.729170256679273,0.0,7,66,80
2,92,2,4.2,8.522166659795165,0.0,7,66,80
2,92,3,3.4,8.98998756464928,0.0,7,66,80
2,92,4,3.0,8.775953510897882,0.0,7,66,80
2,92,5,2.8,11.225079888509123,0.0,7,66,80
2,92,6,3.0,10.26745741289952,0.0,7,66,80
2,92,7,3.4,9.22075843712658,0.0,7,66,80
2,92,8,3.0,10.727397842098092,0.0,7,66,80
2,92,9,2.8,12.707598263173269,0.0,7,66,80
2,92,10,3.0,9.416116493754636,0.0,7,66,80
2,92,11,2.8,13.529998967863538,0.0,7,66,80
2,92,12,2.8,11.614837675346761,0.0,7,66,80
2,92,13,2.8,11.83808307818118,0.0,7,66,80
2,92,14,3.0,8.419828690828828,0.0,7,66,80
2,92,15,3.2,11.77499050119,0.0,7,66,80
2,92,16,2.8,11.080739913081675,0.0,7,66,80
2,92,17,2.8,11.698354583517823,0.0,7,66,80
2,92,18,3.2,10.801910514738461,0.0,7,66,80
2,92,19,2.8,8.572251800416574,0.0,7,66,80
2,92,20,3.0,10.864155710894943,0.0,7,66,80
3,92,1,3.4,8.287831560394753,0.0,7,66,80
3,92,2,3.0,10.459813457370352,0.0,7,66,80
3,92,3,3.2,11.389163525100876,0.0,7,66,80
3,92,4,2.8,9.516683916868974,0.0,7,66,80
3,92,5,3.0,10.356511501292042,0.0,7,66,80
3,92,6,2.8,9.277717238333231,0.0,7,66,80
3,92,7,3.0,13.843426615151536,0.0,7,66,80
3,92,8,3.0,11.538698226732468,0.0,7,66,80
3,92,9,2.8,11.867105915544126,0.0,7,66,80
3,92,10,3.0,13.109536895103568,0.0,7,66,80
3,92,11,3.0,10.196221063464037,0.0,7,66,80
3,92,12,3.2,9.910716531166079,0.0,7,66,80
3,92,13,3.0,10.339829234919007,0.0,7,66,80
3,92,14,2.8,17.14591978869285,0.0,7,66,80
3,92,15,3.0,12.07482596384046,0.0,7,66,80
3,92,16,2.8,17.281628632061413,0.0,7,66,80
3,92,17,2.8,10.043353719199507,0.0,7,66,80
3,92,18,3.0,12.29718947578947,0.0,7,66,80
3,92,19,2.8,11.204137209989707,0.0,7,66,80
3,92,20,2.8,11.19988372065604,0.0,7,66,80
3,92,21,2.8,8.645699168972799,0.0,7,66,80
1,93,1,4.6,7.431254428798483,0.0,7,66,80
1,93,2,4.0,8.701967947463732,0.0,7,66,80
1,93,3,3.4,8.992809598630243,0.0,7,66,80
1,93,4,2.8,14.667788806561958,0.0,7,66,80
1,93,5,3.0,8.571614684958776,0.0,7,66,80
1,93,6,2.8,10.666531950899211,0.0,7,66,80
1,93,7,2.8,11.098333902463086,0.0,7,66,80
1,93,8,2.8,11.177617716067253,0.0,7,66,80
1,93,9,2.8,11.86884784808402,0.0,7,66,80
1,93,10,2.8,14.566682852596404,0.0,7,66,80
1,93,11,2.8,16.5980983404896,0.0,7,66,80
1,93,12,2.8,10.515023906949388,0.0,7,66,80
1,93,13,2.8,20.064256760269455,0.0,7,66,80
1,93,14,2.8,12.336448618525822,0.0,7,66,80
1,93,15,2.8,11.317219202147992,0.0,7,66,80
1,93,16,2.8,13.204998138435183,0.0,7,66,80
1,93,17,3.0,8.657819073790074,0.0,7,66,80
1,93,18,3.2,8.617067953071953,0.0,7,66,80
1,93,19,3.2,11.594342202752822,0.0,7,66,80
1,93,20,3.0,9.935272055886347,0.0,7,66,80
1,93,21,2.5,9.551920738296001,0.0,4,66,80
2,93,1,3.0,12.631570640849553,0.0,7,66,80
2,93,2,3.0,10.05622535048178,0.0,7,66,80
2,93,3,3.2,11.647360733398829,0.0,7,66,80
2,93,4,3.4,9.021057265069144,0.0,7,66,80
2,93,5,2.8,11.979792170266682,0.0,7,66,80
2,93,6,2.8,10.268360639546524,0.0,7,66,80
2,93,7,3.2,9.411958761233445,0.0,7,66,80
2,93,8,3.2,10.432070103913734,0.0,7,66,80
2,93,9,2.8,11.868596352588211,0.0,7,66,80
2,93,10,2.8,11.556389149569487,0.0,7,66,80
2,93,11,3.0,12.93894904432547,0.0,7,66,80
2,93,12,2.8,11.437137140655791,0.0,7,66,80
2,93,13,2.8,12.979569063169526,0.0,7,66,80
2,93,14,3.0,10.239616249735562,0.0,7,66,80
2,93,15,3.0,10.797424024228922,0.0,7,66,80
2,93,16,3.0,11.450803405762235,0.0,7,66,80
2,93,17,2.8,10.580499355183212,0.0,7,66,80
2,93,18,3.0,11.680993167877059,0.0,7,66,80
2,93,19,3.0,9.566026848355627,0.0,7,66,80
2,93,20,2.8,7.630955331898573,0.0,7,66,80
2,93,21,2.6,13.018184849170385,0.0,6,66,80
3,93,1,3.0,8.369988490952505,0.0,7,66,80
3,93,2,2.8,10.172662407971215,0.0,7,66,80
3,93,3,3.2,10.956438472988427,0.0,7,66,80
3,93,4,2.8,8.876025188906077,0.0,7,66,80
3,93,5,2.8,9.899657242497335,0.0,7,66,80
3,93,6,2.8,9.830897550087341,0.0,7,66,80
3,93,7,3.0,11.23027212913356,0.0,7,66,80
3,93,8,3.0,10.210314636988215,0.0,7,66,80
3,93,9,2.8,14.860602982381332,0.0,7,66,80
3,93,10,2.8,11.065576666063654,0.0,7,66,80
3,93,11,3.2,9.973723060714676,0.0,7,66,80
3,93,12,3.0,10.367004808552224,0.0,7,66,80
3,93,13,3.2,9.931088788926017,0.0,7,66,80
3,93,14,2.8,11.311961868894015,0.0,7,66,80
3,93,15,3.0,11.498452465809995,0.0,7,66,80
3,93,16,2.8,15.414352952884377,0.0,7,66,80
3,93,17,2.8,11.62623212720322,0.0,7,66,80
3,93,18,3.0,10.18043132454037,0.0,7,66,80
3,93,19,2.8,12.78350187184272,0.0,7,66,80
3,93,20,2.8,9.085448628639856,0.0,7,66,80
3,93,21,2.8,10.641622792517664,0.0,7,66,80
3,93,22,2.25,14.826454909248886,0.0,4,66,80
1,94,1,4.6,8.025039747080932,0.0,7,66,80
1,94,2,4.0,7.976314626589563,0.0,7,66,80
1,94,3,3.4,8.253769712210705,0.0,7,66,80
1,94,4,2.8,12.177874930024181,0.0,7,66,80
1,94,5,3.0,8.59606933360983,0.0,7,66,80
1,94,6,2.8,9.863417622947326,0.0,7,66,80
1,94,7,2.8,11.39207001982216,0.0,7,66,80
1,94,8,2.8,10.496192846130329,0.0,7,66,80
1,94,9,2.8,12.03477345073219,0.0,7,66,80
1,94,10,2.8,14.496597763282624,0.0,7,66,80
1,94,11,2.8,15.690520545255827,0.0,7,66,80
1,94,12,2.8,11.542181865542265,0.0,7,66,80
1,94,13,2.8,17.299446106865993,0.0,7,66,80
1,94,14,3.0,12.309677549798863,0.0,7,66,80
1,94,15,2.8,11.53941519062893,0.0,7,66,80
1,94,16,2.8,10.928186340693985,0.0,7,66,80
1,94,17,3.2,8.491785154008689,0.0,7,66,80
1,94,18,3.2,9.057979553007506,0.0,7,66,80
1,94,19,2.8,11.53783043094913,0.0,7,66,80
1,94,20,3.0,12.309855682475366,0.0,7,66,80
1,94,21,2.5,11.193080905542901,0.0,4,66,80
2,94,1,3.2,11.978811245759914,0.0,7,66,80
2,94,2,2.8,12.41076729252324,0.0,7,66,80
2,94,3,3.2,10.38200734577482,0.0,7,66,80
2,94,4,3.4,7.922615865996805,0.0,7,66,80
2,94,5,3.2,10.064353750121168,0.0,7,66,80
2,94,6,2.8,9.288641411201114,0.0,7,66,80
2,94,7,3.4,9.048745322657581,0.0,7,66,80
2,94,8,3.2,11.394325419654928,0.0,7,66,80
2,94,9,2.8,11.950737906123296,0.0,7,66,80
2,94,10,3.0,8.536250296956528,0.0,7,66,80
2,94,11,3.0,15.382698839058103,0.0,7,66,80
2,94,12,2.8,13.484626712645397,0.0,7,66,80
2,94,13,2.8,11.860171211238534,0.0,7,66,80
2,94,14,3.0,10.221754501640255,0.0,7,66,80
2,94,15,3.6,8.380892387547904,0.125,7,66,80
2,94,16,2.8,11.819539198282753,0.0,7,66,80
2,94,17,2.8,11.793837232985938,0.0,7,66,80
2,94,18,3.2,9.988567111671165,0.0,7,66,80
2,94,19,3.0,8.237779511300598,0.0,7,66,80
2,94,20,3.0,9.605427985291282,0.0,7,66,80
3,94,1,2.8,9.449149644122453,0.0,7,66,80
3,94,2,2.8,13.820082121884548,0.0,7,66,80
3,94,3,2.8,11.587710572333009,0.0,7,66,80
3,94,4,2.8,11.272794045302073,0.0,7,66,80
3,94,5,2.8,10.724929409216267,0.0,7,66,80
3,94,6,2.8,10.660187351648743,0.0,7,66,80
3,94,7,2.8,10.523737632378532,0.0,7,66,80
3,94,8,2.8,11.649071562809501,0.0,7,66,80
3,94,9,2.8,15.919139040114963,0.0,7,66,80
3,94,10,2.8,11.028458068605094,0.0,7,66,80
3,94,11,2.8,12.280841967920361,0.0,7,66,80
3,94,12,3.2,9.729534906472395,0.0,7,66,80
3,94,13,3.0,10.73582388851425,0.0,7,66,80
3,94,14,3.0,9.408409044756024,0.0,7,66,80
3,94,15,2.8,15.118527945528289,0.0,7,66,80
3,94,16,3.0,11.053936715832089,0.0,7,66,80
3,94,17,2.8,16.281511891363014,0.0,7,66,80
3,94,18,2.8,13.108298474853319,0.0,7,66,80
3,94,19,2.8,11.802176247436533,0.0,7,66,80
3,94,20,2.8,10.741996906994558,0.0,7,66,80
3,94,21,2.8,8.948071529655254,0.0,7,66,80
3,94,22,3.0,10.178401408449385,0.0,7,66,80
1,95,1,4.8,7.539594931753576,0.0,7,66,80
1,95,2,3.6,11.501470056996876,0.0,7,66,80
1,95,3,3.6,6.861004500316009,0.0,7,66,80
1,95,4,2.8,15.033720479617399,0.0,7,66,80
1,95,5,3.0,8.499078516076642,0.0,7,66,80
1,95,6,2.8,12.126091712335459,0.0,7,66,80
1,95,7,2.8,12.425648005819067,0.0,7,66,80
1,95,8,2.8,13.211624783576022,0.0,7,66,80
1,95,9,2.8,14.743729682919334,0.0,7,66,80
1,95,10,2.8,16.344622225824537,0.0,7,66,80
1,95,11,2.8,17.463947285646608,0.0,7,66,80
1,95,12,2.8,9.57899920394207,0.0,7,66,80
1,95,13,2.8,15.597874965506305,0.0,7,66,80
1,95,14,3.0,10.750478057985152,0.0,7,66,80
1,95,15,3.0,11.936479456494643,0.0,7,66,80
1,95,16,2.8,12.34041977266589,0.0,7,66,80
1,95,17,3.0,9.370194558415822,0.0,7,66,80
1,95,18,2.8,9.316412286373426,0.0,7,66,80
1,95,19,3.0,11.109210676916865,0.0,7,66,80
1,95,20,3.2,9.996196126382678,0.0,7,66,80
1,95,21,2.5,11.624937078106276,0.0,4,66,80
2,95,1,3.6,10.562409201287757,0.0,7,66,80
2,95,2,3.0,13.24839877969865,0.0,7,66,80
2,95,3,4.0,8.333184568336357,0.125,7,66,80
2,95,4,3.2,9.510352159674254,0.0,7,66,80
2,95,5,2.8,10.693628650349979,0.0,7,66,80
2,95,6,2.8,11.277406289455337,0.0,7,66,80
2,95,7,3.2,9.378936753472239,0.0,7,66,80
2,95,8,2.8,13.00602004650894,0.0,7,66,80
2,95,9,2.8,12.774022050890553,0.0,7,66,80
2,95,10,2.8,8.64599142570749,0.0,7,66,80
2,95,11,3.0,11.748280238863071,0.0,7,66,80
2,95,12,2.8,11.794378974046483,0.0,7,66,80
2,95,13,2.8,12.489888883023303,0.0,7,66,80
2,95,14,2.8,10.677049975028075,0.0,7,66,80
2,95,15,3.0,10.151787569381892,0.0,7,66,80
2,95,16,3.0,11.654296411038127,0.0,7,66,80
2,95,17,2.8,11.965224525174634,0.0,7,66,80
2,95,18,3.0,13.100025916779781,0.0,7,66,80
2,95,19,3.0,8.55873163621781,0.0,7,66,80
2,95,20,2.8,8.849915931514344,0.0,7,66,80
2,95,21,2.5,12.327792948334627,0.0,4,66,80
3,95,1,3.4,7.912557258183676,0.0,7,66,80
3,95,2,3.4,8.786433640050952,0.0,7,66,80
3,95,3,3.2,10.406551850972619,0.0,7,66,80
3,95,4,2.8,9.628078172814368,0.0,7,66,80
3,95,5,3.0,9.502659244971724,0.0,7,66,80
3,95,6,2.8,10.377671778257728,0.0,7,66,80
3,95,7,3.0,11.35261775265601,0.0,7,66,80
3,95,8,2.8,12.3197587660922,0.0,7,66,80
3,95,9,2.8,13.240349682985487,0.0,7,66,80
3,95,10,2.8,11.99612565656316,0.0,7,66,80
3,95,11,3.2,9.40141642924591,0.0,7,66,80
3,95,12,3.2,9.042886293655208,0.0,7,66,80
3,95,13,2.8,9.622970424661556,0.0,7,66,80
3,95,14,2.8,14.712474807567743,0.0,7,66,80
3,95,15,3.0,10.682840898143208,0.0,7,66,80
3,95,16,2.8,15.293792041579032,0.0,7,66,80
3,95,17,3.0,10.50678637306185,0.0,7,66,80
3,95,18,2.8,11.91715769887987,0.0,7,66,80
3,95,19,2.8,12.259686828131642,0.0,7,66,80
3,95,20,2.8,9.943493368146752,0.0,7,66,80
3,95,21,2.8,9.74808154210332,0.0,7,66,80
1,96,1,4.8,7.683801246169148,0.0,7,66,80
1,96,2,3.6,13.073474662351934,0.0,7,66,80
1,96,3,3.4,8.449109722784787,0.0,7,66,80
1,96,4,3.0,12.426832238253255,0.0,7,66,80
1,96,5,2.8,8.956183914409635,0.0,7,66,80
1,96,6,2.8,10.16869574409418,0.0,7,66,80
1,96,7,2.8,13.925088114049226,0.0,7,66,80
1,96,8,2.8,10.352514252983292,0.0,7,66,80
1,96,9,2.8,11.495754441446158,0.0,7,66,80
1,96,10,2.8,14.87912670193181,0.0,7,66,80
1,96,11,2.8,14.895950157798698,0.0,7,66,80
1,96,12,2.8,10.761400169498712,0.0,7,66,80
1,96,13,2.8,13.70805468379374,0.0,7,66,80
1,96,14,2.8,10.890107303691174,0.0,7,66,80
1,96,15,3.0,10.426488528601206,0.0,7,66,80
1,96,16,2.8,12.866657463286142,0.0,7,66,80
1,96,17,2.8,10.02842543353399,0.0,7,66,80
1,96,18,3.2,10.087132478075592,0.0,7,66,80
1,96,19,3.0,12.093402324678237,0.0,7,66,80
1,96,20,3.2,9.376823352859326,0.0,7,66,80
1,96,21,2.75,10.12640748316261,0.0,4,66,80
2,96,1,3.0,14.62510265191694,0.0,7,66,80
2,96,2,2.8,11.571323827889167,0.0,7,66,80
2,96,3,3.8,8.08338501530198,0.125,7,66,80
2,96,4,3.0,9.691272423332581,0.0,7,66,80
2,96,5,2.8,10.269938137258475,0.0,7,66,80
2,96,6,2.8,10.662175990398923,0.0,7,66,80
2,96,7,3.4,9.107386421504959,0.0,7,66,80
2,96,8,3.0,10.95001641465979,0.0,7,66,80
2,96,9,2.8,11.822711488771498,0.0,7,66,80
2,96,10,2.8,11.321086959546417,0.0,7,66,80
2,96,11,2.8,16.29656119811959,0.0,7,66,80
2,96,12,2.8,10.088373344107309,0.0,7,66,80
2,96,13,2.8,13.232885239809574,0.0,7,66,80
2,96,14,2.8,11.269882645213848,0.0,7,66,80
2,96,15,3.0,9.284824218699884,0.0,7,66,80
2,96,16,2.8,12.238167024422465,0.0,7,66,80
2,96,17,2.8,12.727967418754455,0.0,7,66,80
2,96,18,3.0,12.471734571004825,0.0,7,66,80
2,96,19,3.0,10.867628706828206,0.0,7,66,80
2,96,20,2.8,8.43457615209537,0.0,7,66,80
2,96,21,3.0,10.955328481417407,0.0,7,66,80
3,96,1,3.0,9.90111222002862,0.0,7,66,80
3,96,2,2.8,12.501490623645019,0.0,7,66,80
3,96,3,2.8,10.421275622351839,0.0,7,66,80
3,96,4,3.0,8.724228603485715,0.0,7,66,80
3,96,5,3.2,8.859523124651684,0.0,7,66,80
3,96,6,2.8,8.67724584694273,0.0,7,66,80
3,96,7,3.0,10.602055312384534,0.0,7,66,80
3,96,8,2.8,10.351547883425036,0.0,7,66,80
3,96,9,3.0,13.985517720218962,0.0,7,66,80
3,96,10,2.8,11.727957915370295,0.0,7,66,80
3,96,11,2.8,12.832342670559974,0.0,7,66,80
3,96,12,3.0,8.141832242151622,0.0,7,66,80
3,96,13,3.4,8.766250603726665,0.0,7,66,80
3,96,14,3.0,9.086732776254806,0.0,7,66,80
3,96,15,3.2,10.858933856697085,0.0,7,66,80
3,96,16,2.8,15.19193583947314,0.0,7,66,80
3,96,17,3.0,9.843489256757906,0.0,7,66,80
3,96,18,2.8,12.704656945405542,0.0,7,66,80
3,96,19,2.8,11.390776573720782,0.0,7,66,80
3,96,20,2.8,10.146146379631977,0.0,7,66,80
3,96,21,2.8,12.696513125547837,0.0,7,66,80
1,97,1,4.2,9.63559016799718,0.0,7,66,80
1,97,2,3.8,9.525078014175888,0.0,7,66,80
1,97,3,3.2,8.023496350556954,0.0,7,66,80
1,97,4,3.2,11.102022638422957,0.0,7,66,80
1,97,5,3.0,9.394903467694812,0.0,7,66,80
1,97,6,3.0,8.061882131998633,0.0,7,66,80
1,97,7,2.8,11.290063913815835,0.0,7,66,80
1,97,8,3.0,8.876624088182043,0.0,7,66,80
1,97,9,2.8,11.822277595574825,0.0,7,66,80
1,97,10,2.8,15.424235998138307,0.0,7,66,80
1,97,11,2.8,16.15317507558137,0.0,7,66,80
1,97,12,2.8,9.019819411433,0.0,7,66,80
1,97,13,2.8,17.97009434752897,0.0,7,66,80
1,97,14,2.8,11.087988967877775,0.0,7,66,80
1,97,15,3.0,12.97943879931482,0.0,7,66,80
1,97,16,2.8,12.701866190196304,0.0,7,66,80
1,97,17,3.0,8.962675478292377,0.0,7,66,80
1,97,18,3.0,9.877085992326489,0.0,7,66,80
1,97,19,3.2,9.98118597239545,0.0,7,66,80
1,97,20,3.2,8.88225432420046,0.0,7,66,80
2,97,1,3.4,12.71500099066672,0.0,7,66,80
2,97,2,3.2,9.399590926827376,0.0,7,66,80
2,97,3,3.6,8.044455201961386,0.0,7,66,80
2,97,4,3.2,8.379626024706246,0.0,7,66,80
2,97,5,2.8,11.351166044868116,0.0,7,66,80
2,97,6,2.8,10.535718532623783,0.0,7,66,80
2,97,7,3.6,9.088620383823416,0.0,7,66,80
2,97,8,2.8,12.500936111138243,0.0,7,66,80
2,97,9,2.8,12.747398117926725,0.0,7,66,80
2,97,10,2.8,10.186844607729032,0.0,7,66,80
2,97,11,2.8,15.752398460990001,0.0,7,66,80
2,97,12,2.8,11.255413756203033,0.0,7,66,80
2,97,13,2.8,11.593597301447158,0.0,7,66,80
2,97,14,2.8,10.35046883606174,0.0,7,66,80
2,97,15,3.2,9.511321055620803,0.0,7,66,80
2,97,16,3.0,9.604534560770738,0.0,7,66,80
2,97,17,3.0,11.137750245883783,0.0,7,66,80
2,97,18,3.0,12.258922264438846,0.0,7,66,80
2,97,19,3.0,8.905378691010068,0.0,7,66,80
2,97,20,3.0,8.093314527932819,0.0,7,66,80
3,97,1,3.4,8.626842557158932,0.0,7,66,80
3,97,2,3.0,9.696961211144467,0.0,7,66,80
3,97,3,3.2,11.09979075863983,0.0,7,66,80
3,97,4,2.8,10.114747395976288,0.0,7,66,80
3,97,5,2.8,9.643500827778938,0.0,7,66,80
3,97,6,3.0,8.4178852370893,0.0,7,66,80
3,97,7,3.0,12.188200119644002,0.0,7,66,80
3,97,8,3.0,9.800647532267996,0.0,7,66,80
3,97,9,3.0,12.819830465880768,0.0,7,66,80
3,97,10,2.8,10.51166702871938,0.0,7,66,80
3,97,11,3.2,9.968362620332329,0.0,7,66,80
3,97,12,3.0,9.595260552922642,0.0,7,66,80
3,97,13,3.0,10.720428373093746,0.0,7,66,80
3,97,14,2.8,14.167203256314039,0.0,7,66,80
3,97,15,2.8,12.50158182745816,0.0,7,66,80
3,97,16,3.2,13.984208618725985,0.0,7,66,80
3,97,17,3.0,9.374541215103502,0.0,7,66,80
3,97,18,2.8,11.63449309910581,0.0,7,66,80
3,97,19,2.8,12.266020089709787,0.0,7,66,80
3,97,20,2.8,9.607322961049848,0.0,7,66,80
3,97,21,3.0,9.151865879805756,0.0,7,66,80
1,98,1,4.8,9.281509090157256,0.0,7,66,80
1,98,2,3.6,10.898248386746031,0.0,7,66,80
1,98,3,3.4,8.667868067959427,0.0,7,66,80
1,98,4,3.2,10.094472607147766,0.0,7,66,80
1,98,5,3.0,9.33388635883566,0.0,7,66,80
1,98,6,2.8,11.287930336073288,0.0,7,66,80
1,98,7,2.8,11.050440300756332,0.0,7,66,80
1,98,8,2.8,12.855193737196435,0.0,7,66,80
1,98,9,2.8,13.481195077606976,0.0,7,66,80
1,98,10,2.8,12.060217555453503,0.0,7,66,80
1,98,11,3.0,16.36251517509807,0.0,7,66,80
1,98,12,2.8,10.269196024906208,0.0,7,66,80
1,98,13,3.0,11.834063266048647,0.0,7,66,80
1,98,14,3.0,13.747152007274078,0.0,7,66,80
1,98,15,2.8,11.769049365677375,0.0,7,66,80
1,98,16,3.0,14.147701283332674,0.0,7,66,80
1,98,17,3.0,8.699077334607239,0.0,7,66,80
1,98,18,3.2,9.819390222402175,0.0,7,66,80
1,98,19,2.8,10.634105827771798,0.0,7,66,80
1,98,20,3.0,9.264996229835948,0.0,7,66,80
2,98,1,4.0,9.919252962648422,0.0,7,66,80
2,98,2,5.0,6.0222507826330665,0.125,7,66,80
2,98,3,3.2,10.892045393708086,0.0,7,66,80
2,98,4,2.8,9.406270316548737,0.0,7,66,80
2,98,5,2.8,11.511760844107132,0.0,7,66,80
2,98,6,3.0,10.615132880478608,0.0,7,66,80
2,98,7,3.6,8.55678403759697,0.0,7,66,80
2,98,8,2.8,13.121459946775838,0.0,7,66,80
2,98,9,2.8,12.178322510885055,0.0,7,66,80
2,98,10,2.8,13.304494175951122,0.0,7,66,80
2,98,11,2.8,13.201551037477223,0.0,7,66,80
2,98,12,2.8,10.643011845425677,0.0,7,66,80
2,98,13,2.8,11.47266365989116,0.0,7,66,80
2,98,14,3.0,8.667221873304921,0.0,7,66,80
2,98,15,3.0,11.013412807973744,0.0,7,66,80
2,98,16,2.8,13.48570619602858,0.0,7,66,80
2,98,17,3.0,11.19351788142823,0.0,7,66,80
2,98,18,3.0,9.3836738089376,0.0,7,66,80
2,98,19,2.8,9.086159478485857,0.0,7,66,80
2,98,20,3.0,13.860003973053495,0.0,7,66,80
3,98,1,3.0,9.560613544194002,0.0,7,66,80
3,98,2,2.8,10.189610281174454,0.0,7,66,80
3,98,3,2.8,11.67448023905646,0.0,7,66,80
3,98,4,2.8,11.129619434208673,0.0,7,66,80
3,98,5,2.8,9.913812877107544,0.0,7,66,80
3,98,6,2.8,9.679862810536445,0.0,7,66,80
3,98,7,3.0,9.321760597588751,0.0,7,66,80
3,98,8,2.8,10.600259160137023,0.0,7,66,80
3,98,9,3.0,12.292209540549237,0.0,7,66,80
3,98,10,2.8,10.677169208366662,0.0,7,66,80
3,98,11,3.0,12.199104048596375,0.0,7,66,80
3,98,12,3.2,10.09219037312732,0.0,7,66,80
3,98,13,3.2,8.326728862764535,0.0,7,66,80
3,98,14,3.0,11.463909093691235,0.0,7,66,80
3,98,15,3.0,11.908751914370661,0.0,7,66,80
3,98,16,3.0,14.601145490001263,0.0,7,66,80
3,98,17,3.0,9.628504455496609,0.0,7,66,80
3,98,18,3.0,11.153970030831212,0.0,7,66,80
3,98,19,2.8,13.07805458754274,0.0,7,66,80
3,98,20,2.8,8.801539479585436,0.0,7,66,80
3,98,21,2.8,10.591596857785238,0.0,7,66,80
3,98,22,2.0,13.99384025033656,0.0,4,66,80
1,99,1,4.6,8.609802120692647,0.0,7,66,80
1,99,2,3.6,9.89169515621767,0.0,7,66,80
1,99,3,3.4,7.766770295775412,0.0,7,66,80
1,99,4,2.8,12.300563566081026,0.0,7,66,80
1,99,5,3.0,9.888224343027469,0.0,7,66,80
1,99,6,2.8,9.74851763381446,0.0,7,66,80
1,99,7,2.8,12.810193761002374,0.0,7,66,80
1,99,8,2.8,11.456348217129664,0.0,7,66,80
1,99,9,2.8,10.83553531844307,0.0,7,66,80
1,99,10,2.8,14.270898146369213,0.0,7,66,80
1,99,11,2.8,13.289432914190598,0.0,7,66,80
1,99,12,2.8,15.10727239552314,0.0,7,66,80
1,99,13,2.8,14.301358830712429,0.0,7,66,80
1,99,14,3.0,13.685847841072523,0.0,7,66,80
1,99,15,3.0,10.61006843185695,0.0,7,66,80
1,99,16,3.0,11.092955007882738,0.0,7,66,80
1,99,17,3.0,8.831324772749333,0.0,7,66,80
1,99,18,3.2,8.989118846516163,0.0,7,66,80
1,99,19,3.0,10.222766900491067,0.0,7,66,80
1,99,20,3.2,8.65268416119732,0.0,7,66,80
2,99,1,3.4,10.159401031015065,0.0,7,66,80
2,99,2,3.0,10.634678392810068,0.0,7,66,80
2,99,3,3.8,8.917460758817972,0.0,7,66,80
2,99,4,3.4,7.981363565053483,0.0,7,66,80
2,99,5,2.8,13.093578247504007,0.0,7,66,80
2,99,6,3.0,10.199918151145098,0.0,7,66,80
2,99,7,3.6,7.663412753660578,0.0,7,66,80
2,99,8,3.0,9.977822284963466,0.0,7,66,80
2,99,9,2.8,17.45963282018798,0.0,7,66,80
2,99,10,2.8,8.472907967369569,0.0,7,66,80
2,99,11,3.0,10.817257304589917,0.0,7,66,80
2,99,12,2.8,11.771024382703764,0.0,7,66,80
2,99,13,2.8,11.110598833208702,0.0,7,66,80
2,99,14,2.8,8.976630317614065,0.0,7,66,80
2,99,15,3.0,12.765146683057399,0.0,7,66,80
2,99,16,2.8,14.572449587324137,0.0,7,66,80
2,99,17,2.8,11.454575506001081,0.0,7,66,80
2,99,18,3.2,9.773215280151986,0.0,7,66,80
2,99,19,2.8,9.601157647768998,0.0,7,66,80
2,99,20,3.0,9.026773649921758,0.0,7,66,80
3,99,1,3.0,9.697037407542641,0.0,7,66,80
3,99,2,2.8,11.940155005359173,0.0,7,66,80
3,99,3,2.8,11.498887574466284,0.0,7,66,80
3,99,4,2.8,11.441935310266539,0.0,7,66,80
3,99,5,2.8,9.184342176508107,0.0,7,66,80
3,99,6,2.8,8.764366367301308,0.0,7,66,80
3,99,7,3.0,10.634653526614334,0.0,7,66,80
3,99,8,2.8,12.184027333006211,0.0,7,66,80
3,99,9,2.8,17.861661157550667,0.0,7,66,80
3,99,10,2.8,11.543057108863625,0.0,7,66,80
3,99,11,2.8,12.716138695169233,0.0,7,66,80
3,99,12,3.8,7.404883950751005,0.125,7,66,80
3,99,13,3.0,10.785217935681704,0.0,7,66,80
3,99,14,3.0,12.368017330071675,0.0,7,66,80
3,99,15,3.2,10.442759346471773,0.0,7,66,80
3,99,16,2.8,14.364481219856312,0.0,7,66,80
3,99,17,3.0,9.523555291542726,0.0,7,66,80
3,99,18,2.8,14.104640812054502,0.0,7,66,80
3,99,19,2.8,13.4586279252638,0.0,7,66,80
3,99,20,2.8,9.524031740895033,0.0,7,66,80
3,99,21,2.8,10.531676742438203,0.0,7,66,80
3,99,22,2.25,13.331738368976916,0.0,4,66,80
