session,trial,phrase,click_load,entry_rate,correction_rate,num_chars,num_clocks,win_diff
1,0,1,5.4,7.054212463116446,0.0,7,32,80
1,0,2,3.6,9.626675214528097,0.0,7,32,80
1,0,3,3.0,8.389638511490121,0.0,7,32,80
1,0,4,2.8,13.396111581524336,0.0,7,32,80
1,0,5,2.8,8.969514856401883,0.0,7,32,80
1,0,6,2.8,10.083617114470137,0.0,7,32,80
1,0,7,2.8,12.304391151238466,0.0,7,32,80
1,0,8,3.0,9.89715227075756,0.0,7,32,80
1,0,9,2.8,11.311852966253603,0.0,7,32,80
1,0,10,2.8,12.694775287261425,0.0,7,32,80
1,0,11,2.8,19.187791336909847,0.0,7,32,80
1,0,12,2.8,9.909805246126936,0.0,7,32,80
1,0,13,2.8,14.866730196134537,0.0,7,32,80
1,0,14,2.8,10.119725099949829,0.0,7,32,80
1,0,15,2.8,10.069132896202603,0.0,7,32,80
1,0,16,2.8,13.561613321548109,0.0,7,32,80
1,0,17,2.8,8.347516169074497,0.0,7,32,80
1,0,18,2.8,9.623783180502427,0.0,7,32,80
1,0,19,2.8,12.438007466247676,0.0,7,32,80
1,0,20,2.8,10.310040582182658,0.0,7,32,80
1,0,21,2.8,10.134415255333392,0.0,7,32,80
2,0,1,2.8,12.249430403279078,0.0,7,32,80
2,0,2,2.8,9.950740028659055,0.0,7,32,80
2,0,3,3.6,8.417974517049043,0.125,7,32,80
2,0,4,2.8,9.538221612233889,0.0,7,32,80
2,0,5,2.8,12.02269899197786,0.0,7,32,80
2,0,6,2.8,8.883129150466864,0.0,7,32,80
2,0,7,3.0,13.719862389517484,0.0,7,32,80
2,0,8,2.8,10.616838749929148,0.0,7,32,80
2,0,9,2.8,11.33015985277787,0.0,7,32,80
2,0,10,2.8,12.958619959037756,0.0,7,32,80
2,0,11,2.8,8.835707593034398,0.0,7,32,80
2,0,12,2.8,10.78979951932123,0.0,7,32,80
2,0,13,2.8,13.307737247737185,0.0,7,32,80
2,0,14,2.8,11.379331567620476,0.0,7,32,80
2,0,15,2.8,9.764884216913508,0.0,7,32,80
2,0,16,3.0,10.452650152801336,0.0,7,32,80
2,0,17,2.8,11.416975489940336,0.0,7,32,80
2,0,18,2.8,11.202802069145864,0.0,7,32,80
2,0,19,2.8,13.188710980284183,0.0,7,32,80
2,0,20,2.8,9.855229144766172,0.0,7,32,80
2,0,21,2.8,8.74864312780877,0.0,7,32,80
2,0,22,2.0,14.600445662706946,0.0,5,32,80
3,0,1,2.8,8.899195515760134,0.0,7,32,80
3,0,2,2.8,12.442443296084882,0.0,7,32,80
3,0,3,2.8,9.741981547046072,0.0,7,32,80
3,0,4,2.8,9.444934496540524,0.0,7,32,80
3,0,5,2.8,8.709059013787547,0.0,7,32,80
3,0,6,2.8,9.091431672275826,0.0,7,32,80
3,0,7,2.8,9.335114007166862,0.0,7,32,80
3,0,8,2.8,13.930956242515714,0.0,7,32,80
3,0,9,2.8,12.527925870203859,0.0,7,32,80
3,0,10,2.8,10.644577422518926,0.0,7,32,80
3,0,11,2.8,11.45295473040285,0.0,7,32,80
3,0,12,3.0,10.933747439555836,0.0,7,32,80
3,0,13,2.8,9.93183501288251,0.0,7,32,80
3,0,14,3.0,9.661791089529856,0.0,7,32,80
3,0,15,2.8,13.10609175939566,0.0,7,32,80
3,0,16,2.8,9.523087328906097,0.0,7,32,80
3,0,17,2.8,15.787388294614948,0.0,7,32,80
3,0,18,2.8,9.54225203322799,0.0,7,32,80
3,0,19,2.8,12.553103561245448,0.0,7,32,80
3,0,20,2.8,10.846483380946157,0.0,7,32,80
3,0,21,2.8,8.96676747933496,0.0,7,32,80
3,0,22,2.8,10.271978953483258,0.0,7,32,80
1,1,1,4.2,9.056347843171466,0.0,7,32,80
1,1,2,3.2,12.065831660130971,0.0,7,32,80
1,1,3,3.0,9.425763209201909,0.0,7,32,80
1,1,4,3.2,8.47821151311396,0.0,7,32,80
1,1,5,2.8,10.173951906628172,0.0,7,32,80
1,1,6,2.8,9.7669851826195,0.0,7,32,80
1,1,7,3.0,10.720829174201732,0.0,7,32,80
1,1,8,2.8,8.481522292633695,0.0,7,32,80
1,1,9,2.8,13.722221068802405,0.0,7,32,80
1,1,10,2.8,10.992636957927596,0.0,7,32,80
1,1,11,2.8,15.808380527305804,0.0,7,32,80
1,1,12,2.8,11.579061605516413,0.0,7,32,80
1,1,13,2.8,14.439526543477788,0.0,7,32,80
1,1,14,2.8,11.62732737430948,0.0,7,32,80
1,1,15,2.8,13.904802971108309,0.0,7,32,80
1,1,16,2.8,11.359728243087414,0.0,7,32,80
1,1,17,2.8,9.275807951944632,0.0,7,32,80
1,1,18,2.8,9.070640269574927,0.0,7,32,80
1,1,19,3.0,10.507612030851508,0.0,7,32,80
1,1,20,2.8,11.058658450801325,0.0,7,32,80
1,1,21,2.8,9.686582579169082,0.0,7,32,80
2,1,1,3.0,14.15135403522852,0.0,7,32,80
2,1,2,3.2,9.93954731800468,0.0,7,32,80
2,1,3,3.0,10.844794567658745,0.0,7,32,80
2,1,4,3.4,8.518480327339942,0.0,7,32,80
2,1,5,2.8,11.886661618754257,0.0,7,32,80
2,1,6,2.8,10.755929339672981,0.0,7,32,80
2,1,7,3.0,13.088294564339403,0.0,7,32,80
2,1,8,2.8,10.770792040954332,0.0,7,32,80
2,1,9,2.8,11.459078972250763,0.0,7,32,80
2,1,10,2.8,11.464419552842447,0.0,7,32,80
2,1,11,2.8,10.912584517258855,0.0,7,32,80
2,1,12,2.8,12.471485340637388,0.0,7,32,80
2,1,13,2.8,10.842869286722712,0.0,7,32,80
2,1,14,2.8,10.938752653509367,0.0,7,32,80
2,1,15,2.8,9.346571440787551,0.0,7,32,80
2,1,16,2.8,10.934928772765574,0.0,7,32,80
2,1,17,2.8,11.953907437569093,0.0,7,32,80
2,1,18,2.8,11.569824762742346,0.0,7,32,80
2,1,19,2.8,11.548755714548788,0.0,7,32,80
2,1,20,2.8,8.601909834797516,0.0,7,32,80
2,1,21,2.8,9.164025634066045,0.0,7,32,80
2,1,22,2.0,19.4085587187669,0.0,4,32,80
3,1,1,2.8,9.16593070470221,0.0,7,32,80
3,1,2,2.8,11.33553433272172,0.0,7,32,80
3,1,3,2.8,9.980439171823136,0.0,7,32,80
3,1,4,2.8,9.935933492983915,0.0,7,32,80
3,1,5,2.8,10.038418642262295,0.0,7,32,80
3,1,6,2.8,10.459648912727218,0.0,7,32,80
3,1,7,2.8,8.58796417063999,0.0,7,32,80
3,1,8,2.8,11.242234460329737,0.0,7,32,80
3,1,9,2.8,12.301153303661392,0.0,7,32,80
3,1,10,2.8,11.816848195208461,0.0,7,32,80
3,1,11,2.8,11.783950711342602,0.0,7,32,80
3,1,12,3.0,10.10294483191114,0.0,7,32,80
3,1,13,2.8,10.71481310467049,0.0,7,32,80
3,1,14,2.8,9.1356210234718,0.0,7,32,80
3,1,15,2.8,12.42251241218112,0.0,7,32,80
3,1,16,2.8,10.186067407170162,0.0,7,32,80
3,1,17,2.8,12.770957679926317,0.0,7,32,80
3,1,18,2.8,10.402061220416599,0.0,7,32,80
3,1,19,2.8,12.7661463209296,0.0,7,32,80
3,1,20,2.8,11.703028730704027,0.0,7,32,80
3,1,21,2.8,8.667333316888978,0.0,7,32,80
3,1,22,2.8,11.452494949162155,0.0,7,32,80
1,2,1,4.2,8.216645369216183,0.0,7,32,80
1,2,2,3.2,11.088893585171737,0.0,7,32,80
1,2,3,3.0,10.990092374712027,0.0,7,32,80
1,2,4,3.2,8.53827538036512,0.0,7,32,80
1,2,5,2.8,10.566424464576968,0.0,7,32,80
1,2,6,2.8,10.647081415127255,0.0,7,32,80
1,2,7,2.8,10.501916097975132,0.0,7,32,80
1,2,8,2.8,10.552962371650969,0.0,7,32,80
1,2,9,2.8,15.621097912818648,0.0,7,32,80
1,2,10,2.8,10.506189605748808,0.0,7,32,80
1,2,11,2.8,12.071664136726364,0.0,7,32,80
1,2,12,2.8,11.512959977495818,0.0,7,32,80
1,2,13,2.8,13.179475571259674,0.0,7,32,80
1,2,14,2.8,11.764437380459228,0.0,7,32,80
1,2,15,2.8,17.223555477090393,0.0,7,32,80
1,2,16,2.8,9.833943937321322,0.0,7,32,80
1,2,17,2.8,10.616053582500035,0.0,7,32,80
1,2,18,2.8,11.749054565982938,0.0,7,32,80
1,2,19,2.8,10.911250822091818,0.0,7,32,80
1,2,20,2.8,9.882196312859726,0.0,7,32,80
1,2,21,2.8,11.21309045039732,0.0,7,32,80
1,2,22,2.25,12.242088163650005,0.0,4,32,80
2,2,1,2.8,13.552274075425789,0.0,7,32,80
2,2,2,2.8,9.10625306273265,0.0,7,32,80
2,2,3,3.2,11.763481061897416,0.0,7,32,80
2,2,4,3.2,9.915031875431975,0.0,7,32,80
2,2,5,2.8,10.811323727467228,0.0,7,32,80
2,2,6,2.8,10.796139365735403,0.0,7,32,80
2,2,7,2.8,13.366675292035044,0.0,7,32,80
2,2,8,2.8,10.56236307920896,0.0,7,32,80
2,2,9,2.8,11.93317360393087,0.0,7,32,80
2,2,10,2.8,13.116267490177398,0.0,7,32,80
2,2,11,2.8,8.917650254814086,0.0,7,32,80
2,2,12,2.8,11.937950705584294,0.0,7,32,80
2,2,13,2.8,11.02234137073833,0.0,7,32,80
2,2,14,2.8,9.811112177988996,0.0,7,32,80
2,2,15,2.8,9.27988121505497,0.0,7,32,80
2,2,16,3.0,9.288918168608,0.0,7,32,80
2,2,17,2.8,11.510993051043164,0.0,7,32,80
2,2,18,2.8,11.347543037395535,0.0,7,32,80
2,2,19,3.0,10.694171112320534,0.0,7,32,80
2,2,20,2.8,9.729804229707598,0.0,7,32,80
2,2,21,2.8,7.973109974215249,0.0,7,32,80
2,2,22,2.0,14.921021041864494,0.0,5,32,80
3,2,1,2.8,9.111312114648655,0.0,7,32,80
3,2,2,2.8,12.342010724959568,0.0,7,32,80
3,2,3,2.8,9.899666726562971,0.0,7,32,80
3,2,4,2.8,9.245058947113689,0.0,7,32,80
3,2,5,2.8,8.886208030110817,0.0,7,32,80
3,2,6,2.8,10.586380728161558,0.0,7,32,80
3,2,7,2.8,9.674747167704979,0.0,7,32,80
3,2,8,2.8,11.82931686964492,0.0,7,32,80
3,2,9,2.8,10.487197401480756,0.0,7,32,80
3,2,10,2.8,11.794061149076642,0.0,7,32,80
3,2,11,2.8,11.388974409221412,0.0,7,32,80
3,2,12,3.0,10.62970566434585,0.0,7,32,80
3,2,13,2.8,10.847842932351439,0.0,7,32,80
3,2,14,2.8,11.507696895349907,0.0,7,32,80
3,2,15,2.8,12.812876946213184,0.0,7,32,80
3,2,16,2.8,11.09118175219351,0.0,7,32,80
3,2,17,2.8,16.270226317741997,0.0,7,32,80
3,2,18,2.8,11.020591930103306,0.0,7,32,80
3,2,19,2.8,12.03749946297916,0.0,7,32,80
3,2,20,2.8,9.5922623837993,0.0,7,32,80
3,2,21,2.8,8.804582558585428,0.0,7,32,80
3,2,22,2.8,10.65447259512832,0.0,7,32,80
1,3,1,4.2,9.029208355356474,0.0,7,32,80
1,3,2,3.4,11.183811641770891,0.0,7,32,80
1,3,3,3.0,11.047297911331839,0.0,7,32,80
1,3,4,2.8,9.50877007773392,0.0,7,32,80
1,3,5,3.0,10.013609755903069,0.0,7,32,80
1,3,6,2.8,9.862899907836283,0.0,7,32,80
1,3,7,2.8,10.375344002194542,0.0,7,32,80
1,3,8,2.8,10.53451401115036,0.0,7,32,80
1,3,9,2.8,12.354439907047817,0.0,7,32,80
1,3,10,2.8,10.050594333897317,0.0,7,32,80
1,3,11,2.8,12.601800915337284,0.0,7,32,80
1,3,12,2.8,11.27598470030278,0.0,7,32,80
1,3,13,2.8,12.98074500497577,0.0,7,32,80
1,3,14,2.8,10.85332623875327,0.0,7,32,80
1,3,15,2.8,13.69952465690204,0.0,7,32,80
1,3,16,2.8,10.200150279254894,0.0,7,32,80
1,3,17,2.8,8.408799819176517,0.0,7,32,80
1,3,18,2.8,10.592518787309398,0.0,7,32,80
1,3,19,2.8,11.717485436921395,0.0,7,32,80
1,3,20,2.8,13.578670722574756,0.0,7,32,80
1,3,21,2.8,12.388780796642836,0.0,7,32,80
1,3,22,2.25,11.56652621423422,0.0,4,32,80
2,3,1,3.0,12.426260316307278,0.0,7,32,80
2,3,2,3.2,10.837805393034845,0.0,7,32,80
2,3,3,3.2,10.547896172292175,0.0,7,32,80
2,3,4,2.8,9.718436843320116,0.0,7,32,80
2,3,5,2.8,9.125577807040882,0.0,7,32,80
2,3,6,2.8,10.994419632059358,0.0,7,32,80
2,3,7,3.0,12.011939825247705,0.0,7,32,80
2,3,8,2.8,10.630346209561766,0.0,7,32,80
2,3,9,2.8,11.176761290255842,0.0,7,32,80
2,3,10,2.8,10.877044816703018,0.0,7,32,80
2,3,11,2.8,9.307005645883821,0.0,7,32,80
2,3,12,2.8,12.431124172216219,0.0,7,32,80
2,3,13,2.8,11.845927110841009,0.0,7,32,80
2,3,14,2.8,10.89990859949993,0.0,7,32,80
2,3,15,2.8,10.105267520347324,0.0,7,32,80
2,3,16,2.8,12.739013860972047,0.0,7,32,80
2,3,17,2.8,11.207760446693529,0.0,7,32,80
2,3,18,2.8,10.473786228410122,0.0,7,32,80
2,3,19,2.8,11.186547581894606,0.0,7,32,80
2,3,20,2.8,9.258483091163544,0.0,7,32,80
2,3,21,2.8,9.336252864506061,0.0,7,32,80
2,3,22,2.0,14.600445662706784,0.0,5,32,80
3,3,1,2.8,10.8969902031235,0.0,7,32,80
3,3,2,2.8,11.210866210868861,0.0,7,32,80
3,3,3,2.8,10.847823003703414,0.0,7,32,80
3,3,4,2.8,10.050222748367965,0.0,7,32,80
3,3,5,2.8,9.750359645553582,0.0,7,32,80
3,3,6,2.8,9.68147031303825,0.0,7,32,80
3,3,7,2.8,9.767450445730216,0.0,7,32,80
3,3,8,2.8,11.604865237992893,0.0,7,32,80
3,3,9,2.8,13.03523738558694,0.0,7,32,80
3,3,10,2.8,11.839723464495329,0.0,7,32,80
3,3,11,2.8,10.729638617561392,0.0,7,32,80
3,3,12,3.0,10.992702046640183,0.0,7,32,80
3,3,13,2.8,9.340303236372836,0.0,7,32,80
3,3,14,3.0,9.365881329895505,0.0,7,32,80
3,3,15,2.8,12.831136935132797,0.0,7,32,80
3,3,16,2.8,9.628026122434251,0.0,7,32,80
3,3,17,2.8,13.950834501436944,0.0,7,32,80
3,3,18,2.8,10.509672025256412,0.0,7,32,80
3,3,19,2.8,12.275949098603666,0.0,7,32,80
3,3,20,2.8,11.477469486084985,0.0,7,32,80
3,3,21,2.8,7.952439232434079,0.0,7,32,80
3,3,22,2.8,10.06904869521782,0.0,7,32,80
1,4,1,4.2,8.284421514236788,0.0,7,32,80
1,4,2,3.0,12.729609655932693,0.0,7,32,80
1,4,3,3.0,11.757473799703636,0.0,7,32,80
1,4,4,3.0,8.247694270733414,0.0,7,32,80
1,4,5,2.8,10.70986959958826,0.0,7,32,80
1,4,6,2.8,10.197517719612424,0.0,7,32,80
1,4,7,3.0,8.753986076849435,0.0,7,32,80
1,4,8,2.8,9.304284289425633,0.0,7,32,80
1,4,9,2.8,12.185481173037694,0.0,7,32,80
1,4,10,2.8,12.604977467170034,0.0,7,32,80
1,4,11,2.8,17.17077359833314,0.0,7,32,80
1,4,12,2.8,13.04519661651408,0.0,7,32,80
1,4,13,2.8,11.80869263275088,0.0,7,32,80
1,4,14,2.8,11.462382970555725,0.0,7,32,80
1,4,15,2.8,15.915327702769895,0.0,7,32,80
1,4,16,2.8,10.618453654244725,0.0,7,32,80
1,4,17,2.8,10.027559326385283,0.0,7,32,80
1,4,18,2.8,9.051702224248034,0.0,7,32,80
1,4,19,3.0,10.462480296041146,0.0,7,32,80
1,4,20,2.8,10.688496599203267,0.0,7,32,80
1,4,21,2.8,10.527466292925858,0.0,7,32,80
1,4,22,2.25,10.765790053352475,0.0,4,32,80
2,4,1,2.8,14.979529870195565,0.0,7,32,80
2,4,2,2.8,9.342728124461878,0.0,7,32,80
2,4,3,3.2,11.08144811687284,0.0,7,32,80
2,4,4,2.8,11.965318654326046,0.0,7,32,80
2,4,5,3.0,8.904130319776193,0.0,7,32,80
2,4,6,2.8,10.214864678259062,0.0,7,32,80
2,4,7,2.8,11.647176181412883,0.0,7,32,80
2,4,8,2.8,10.973633097322232,0.0,7,32,80
2,4,9,2.8,10.996425538511478,0.0,7,32,80
2,4,10,2.8,12.804262479757593,0.0,7,32,80
2,4,11,2.8,9.236936755276849,0.0,7,32,80
2,4,12,2.8,12.866864068645004,0.0,7,32,80
2,4,13,2.8,12.324328232437555,0.0,7,32,80
2,4,14,2.8,11.280383520582193,0.0,7,32,80
2,4,15,2.8,9.741187566189998,0.0,7,32,80
2,4,16,3.0,10.452668482280945,0.0,7,32,80
2,4,17,2.8,9.50265466035781,0.0,7,32,80
2,4,18,2.8,11.895410202318399,0.0,7,32,80
2,4,19,3.0,10.094637100957836,0.0,7,32,80
2,4,20,2.8,8.824467493958966,0.0,7,32,80
2,4,21,2.8,8.513779816462737,0.0,7,32,80
2,4,22,2.2,15.133909494910545,0.0,5,32,80
3,4,1,2.8,10.291875080639526,0.0,7,32,80
3,4,2,2.8,11.59337785998361,0.0,7,32,80
3,4,3,3.0,11.09963477994743,0.0,7,32,80
3,4,4,2.8,9.761813328470003,0.0,7,32,80
3,4,5,2.8,9.849948647891262,0.0,7,32,80
3,4,6,2.8,8.866005631741766,0.0,7,32,80
3,4,7,2.8,9.724428964917209,0.0,7,32,80
3,4,8,2.8,12.130074591294903,0.0,7,32,80
3,4,9,2.8,12.869748434448514,0.0,7,32,80
3,4,10,2.8,10.4739094224094,0.0,7,32,80
3,4,11,2.8,11.346014970068328,0.0,7,32,80
3,4,12,3.0,10.22279643176267,0.0,7,32,80
3,4,13,2.8,10.260513670365258,0.0,7,32,80
3,4,14,2.8,9.316056326457987,0.0,7,32,80
3,4,15,2.8,13.48165472243122,0.0,7,32,80
3,4,16,2.8,11.11533726014406,0.0,7,32,80
3,4,17,2.8,14.014769571276101,0.0,7,32,80
3,4,18,2.8,12.136320900246151,0.0,7,32,80
3,4,19,2.8,12.450883935218101,0.0,7,32,80
3,4,20,2.8,11.995200889843016,0.0,7,32,80
3,4,21,2.8,9.57008087985051,0.0,7,32,80
3,4,22,2.8,10.036003961172982,0.0,7,32,80
1,5,1,4.0,9.245720711088888,0.0,7,32,80
1,5,2,3.0,14.574245669616147,0.0,7,32,80
1,5,3,2.8,11.621921953463039,0.0,7,32,80
1,5,4,3.0,8.006224623422982,0.0,7,32,80
1,5,5,2.8,12.454537840326617,0.0,7,32,80
1,5,6,2.8,9.99355986405261,0.0,7,32,80
1,5,7,3.0,8.635790125684354,0.0,7,32,80
1,5,8,2.8,9.96866497995499,0.0,7,32,80
1,5,9,2.8,14.842173056975358,0.0,7,32,80
1,5,10,2.8,10.237662862263686,0.0,7,32,80
1,5,11,2.8,13.198969731251765,0.0,7,32,80
1,5,12,2.8,12.930745050673794,0.0,7,32,80
1,5,13,2.8,10.215219792869323,0.0,7,32,80
1,5,14,2.8,13.38821037843897,0.0,7,32,80
1,5,15,2.8,11.992915709783345,0.0,7,32,80
1,5,16,2.8,11.908596881914855,0.0,7,32,80
1,5,17,2.8,10.624697424184928,0.0,7,32,80
1,5,18,3.0,9.940623010517285,0.0,7,32,80
1,5,19,2.8,10.394607352626657,0.0,7,32,80
1,5,20,2.8,9.922910374359079,0.0,7,32,80
1,5,21,3.0,9.886372280903975,0.0,7,32,80
1,5,22,2.0,13.080251468939005,0.0,5,32,80
2,5,1,2.8,13.433211568622056,0.0,7,32,80
2,5,2,2.8,9.09271500710167,0.0,7,32,80
2,5,3,3.6,9.21720170184834,0.125,7,32,80
2,5,4,2.8,11.258959593618423,0.0,7,32,80
2,5,5,2.8,10.336273832885302,0.0,7,32,80
2,5,6,2.8,10.499598761745553,0.0,7,32,80
2,5,7,2.8,11.272611679013169,0.0,7,32,80
2,5,8,2.8,10.804940185780815,0.0,7,32,80
2,5,9,2.8,11.21131919077374,0.0,7,32,80
2,5,10,2.8,12.323426665284739,0.0,7,32,80
2,5,11,2.8,9.255007643193863,0.0,7,32,80
2,5,12,2.8,13.672625446329553,0.0,7,32,80
2,5,13,2.8,10.044806636082308,0.0,7,32,80
2,5,14,2.8,10.85598045664015,0.0,7,32,80
2,5,15,2.8,10.365018230761262,0.0,7,32,80
2,5,16,3.0,11.774625840562777,0.0,7,32,80
2,5,17,2.8,9.955782220315395,0.0,7,32,80
2,5,18,2.8,9.770445799790002,0.0,7,32,80
2,5,19,3.0,11.101817411383154,0.0,7,32,80
2,5,20,2.8,9.039541030770923,0.0,7,32,80
2,5,21,2.8,8.711260831677548,0.0,7,32,80
2,5,22,2.0,14.19384287516795,0.0,5,32,80
3,5,1,2.8,9.860466940387148,0.0,7,32,80
3,5,2,2.8,11.955986708019005,0.0,7,32,80
3,5,3,2.8,12.827136356819198,0.0,7,32,80
3,5,4,2.8,10.150298474698854,0.0,7,32,80
3,5,5,2.8,9.333723818690395,0.0,7,32,80
3,5,6,2.8,9.384372435690512,0.0,7,32,80
3,5,7,2.8,9.553845903123596,0.0,7,32,80
3,5,8,2.8,11.7160161595741,0.0,7,32,80
3,5,9,2.8,14.216953312163133,0.0,7,32,80
3,5,10,2.8,11.314075631773411,0.0,7,32,80
3,5,11,2.8,12.015452335499708,0.0,7,32,80
3,5,12,3.0,10.741718881760901,0.0,7,32,80
3,5,13,2.8,9.25549561051662,0.0,7,32,80
3,5,14,2.8,10.609409814818108,0.0,7,32,80
3,5,15,2.8,12.322400044047312,0.0,7,32,80
3,5,16,2.8,11.50858193190499,0.0,7,32,80
3,5,17,2.8,13.015554984214223,0.0,7,32,80
3,5,18,2.8,10.883318245622398,0.0,7,32,80
3,5,19,2.8,14.628747122202462,0.0,7,32,80
3,5,20,2.8,10.09910965894506,0.0,7,32,80
3,5,21,2.8,9.443528196238361,0.0,7,32,80
3,5,22,2.8,10.042190636802928,0.0,7,32,80
1,6,1,4.0,9.133611276170097,0.0,7,32,80
1,6,2,2.8,12.145145240540076,0.0,7,32,80
1,6,3,2.8,14.699678241753467,0.0,7,32,80
1,6,4,3.2,7.177827603283585,0.0,7,32,80
1,6,5,2.8,13.516063027601282,0.0,7,32,80
1,6,6,2.8,9.993559864052601,0.0,7,32,80
1,6,7,2.8,8.760914902529446,0.0,7,32,80
1,6,8,2.8,11.52082869846293,0.0,7,32,80
1,6,9,2.8,13.475382372198798,0.0,7,32,80
1,6,10,2.8,12.02522497492566,0.0,7,32,80
1,6,11,2.8,13.303700390630343,0.0,7,32,80
1,6,12,2.8,14.088923983729547,0.0,7,32,80
1,6,13,2.8,9.35766714428596,0.0,7,32,80
1,6,14,2.8,13.827936630021679,0.0,7,32,80
1,6,15,2.8,10.892398188626,0.0,7,32,80
1,6,16,2.8,11.469558518955742,0.0,7,32,80
1,6,17,2.8,12.632890255574704,0.0,7,32,80
1,6,18,2.8,8.802755584191404,0.0,7,32,80
1,6,19,2.8,10.268980682631085,0.0,7,32,80
1,6,20,2.8,13.413580183451277,0.0,7,32,80
1,6,21,3.0,8.797295900805967,0.0,7,32,80
1,6,22,2.4,10.922072126518279,0.0,6,32,80
2,6,1,2.8,13.374461395329512,0.0,7,32,80
2,6,2,2.8,11.067098993297586,0.0,7,32,80
2,6,3,3.6,9.217201701848309,0.125,7,32,80
2,6,4,2.8,11.217659265649091,0.0,7,32,80
2,6,5,2.8,10.623534402681592,0.0,7,32,80
2,6,6,2.8,9.358881531451642,0.0,7,32,80
2,6,7,2.8,13.279608424059209,0.0,7,32,80
2,6,8,2.8,9.848057628871787,0.0,7,32,80
2,6,9,2.8,12.050734388927479,0.0,7,32,80
2,6,10,2.8,12.176223098828416,0.0,7,32,80
2,6,11,2.8,8.591935240475152,0.0,7,32,80
2,6,12,2.8,15.913882163038958,0.0,7,32,80
2,6,13,2.8,10.350799270435028,0.0,7,32,80
2,6,14,2.8,11.032217573958048,0.0,7,32,80
2,6,15,2.8,9.393906625226975,0.0,7,32,80
2,6,16,2.8,11.432301401533431,0.0,7,32,80
2,6,17,2.8,10.032637727418525,0.0,7,32,80
2,6,18,2.8,10.689567771894174,0.0,7,32,80
2,6,19,3.0,10.963180475379945,0.0,7,32,80
2,6,20,2.8,9.510568387248563,0.0,7,32,80
2,6,21,2.8,9.447509344641265,0.0,7,32,80
2,6,22,2.2,13.497393945334512,0.0,5,32,80
3,6,1,2.8,8.822176011864245,0.0,7,32,80
3,6,2,2.8,11.506136484638926,0.0,7,32,80
3,6,3,2.8,10.162862932919012,0.0,7,32,80
3,6,4,2.8,8.986952569855093,0.0,7,32,80
3,6,5,2.8,9.003945539620203,0.0,7,32,80
3,6,6,2.8,9.696819792169666,0.0,7,32,80
3,6,7,2.8,10.258956247795712,0.0,7,32,80
3,6,8,2.8,11.160179130563836,0.0,7,32,80
3,6,9,2.8,11.871377031712626,0.0,7,32,80
3,6,10,2.8,10.534570626827755,0.0,7,32,80
3,6,11,2.8,9.944571674490241,0.0,7,32,80
3,6,12,2.8,11.41347880968924,0.0,7,32,80
3,6,13,2.8,9.369333067176271,0.0,7,32,80
3,6,14,2.8,10.969138453410844,0.0,7,32,80
3,6,15,2.8,11.332244127754421,0.0,7,32,80
3,6,16,2.8,10.072206591473526,0.0,7,32,80
3,6,17,2.8,15.241371250400821,0.0,7,32,80
3,6,18,3.0,10.161573811616435,0.0,7,32,80
3,6,19,2.8,12.085070043166784,0.0,7,32,80
3,6,20,2.8,11.271669101001459,0.0,7,32,80
3,6,21,2.8,9.24371153357413,0.0,7,32,80
3,6,22,2.8,10.862625486712366,0.0,7,32,80
1,7,1,4.0,8.917355620009051,0.0,7,32,80
1,7,2,3.2,9.960122775166061,0.0,7,32,80
1,7,3,3.0,11.967625742978147,0.0,7,32,80
1,7,4,2.8,8.837806455476487,0.0,7,32,80
1,7,5,3.0,10.675995799917512,0.0,7,32,80
1,7,6,2.8,10.800671490514604,0.0,7,32,80
1,7,7,2.8,9.808415424595577,0.0,7,32,80
1,7,8,2.8,9.926657684946113,0.0,7,32,80
1,7,9,2.8,13.677819013095402,0.0,7,32,80
1,7,10,2.8,10.02320078152432,0.0,7,32,80
1,7,11,2.8,15.282848018349856,0.0,7,32,80
1,7,12,2.8,12.252550586586796,0.0,7,32,80
1,7,13,2.8,11.286665798208215,0.0,7,32,80
1,7,14,2.8,13.292373222878743,0.0,7,32,80
1,7,15,2.8,13.111975465470126,0.0,7,32,80
1,7,16,2.8,10.427260964359617,0.0,7,32,80
1,7,17,2.8,11.35775264322791,0.0,7,32,80
1,7,18,2.8,10.435817781328737,0.0,7,32,80
1,7,19,2.8,9.260463731020788,0.0,7,32,80
1,7,20,2.8,12.46890845744264,0.0,7,32,80
1,7,21,3.0,10.945891915221766,0.0,7,32,80
1,7,22,2.0,12.667795789504824,0.0,5,32,80
2,7,1,2.8,14.551848250141969,0.0,7,32,80
2,7,2,2.8,10.967867620636456,0.0,7,32,80
2,7,3,3.2,10.438415483332587,0.0,7,32,80
2,7,4,3.2,9.80377965276772,0.0,7,32,80
2,7,5,2.8,10.38894582480607,0.0,7,32,80
2,7,6,2.8,9.840746054570015,0.0,7,32,80
2,7,7,3.0,11.721518507294075,0.0,7,32,80
2,7,8,2.8,10.70979301100557,0.0,7,32,80
2,7,9,2.8,12.067902282936295,0.0,7,32,80
2,7,10,2.8,10.902701515733797,0.0,7,32,80
2,7,11,2.8,9.689593245651523,0.0,7,32,80
2,7,12,2.8,12.48587910084764,0.0,7,32,80
2,7,13,2.8,11.862344780223287,0.0,7,32,80
2,7,14,2.8,10.46427730222676,0.0,7,32,80
2,7,15,2.8,9.375689735817735,0.0,7,32,80
2,7,16,2.8,12.814186861271027,0.0,7,32,80
2,7,17,2.8,10.103804065317393,0.0,7,32,80
2,7,18,2.8,11.96934676166028,0.0,7,32,80
2,7,19,2.8,12.639168642779056,0.0,7,32,80
2,7,20,2.8,8.56495638232377,0.0,7,32,80
2,7,21,2.8,8.42001321523443,0.0,7,32,80
2,7,22,2.2,13.709172611343213,0.0,5,32,80
3,7,1,2.8,9.207326321671994,0.0,7,32,80
3,7,2,2.8,11.593377859983509,0.0,7,32,80
3,7,3,2.8,12.461253158947668,0.0,7,32,80
3,7,4,2.8,8.127136603254353,0.0,7,32,80
3,7,5,2.8,10.521970918498234,0.0,7,32,80
3,7,6,2.8,8.301662252780082,0.0,7,32,80
3,7,7,2.8,10.106387828335004,0.0,7,32,80
3,7,8,2.8,11.304572196259759,0.0,7,32,80
3,7,9,2.8,13.007514638187123,0.0,7,32,80
3,7,10,2.8,10.534570626827755,0.0,7,32,80
3,7,11,2.8,11.738716758939898,0.0,7,32,80
3,7,12,3.6,8.895483386659915,0.125,7,32,80
3,7,13,2.8,10.155964712209014,0.0,7,32,80
3,7,14,2.8,9.093212126510055,0.0,7,32,80
3,7,15,2.8,11.637684711986047,0.0,7,32,80
3,7,16,2.8,9.901212172367092,0.0,7,32,80
3,7,17,2.8,13.111234024965444,0.0,7,32,80
3,7,18,2.8,10.864936958655775,0.0,7,32,80
3,7,19,2.8,11.019318991242306,0.0,7,32,80
3,7,20,2.8,12.451652807241098,0.0,7,32,80
3,7,21,2.8,8.873880658039894,0.0,7,32,80
3,7,22,2.8,13.334674652193653,0.0,7,32,80
1,8,1,4.2,8.690642025239018,0.0,7,32,80
1,8,2,3.2,10.71428819461216,0.0,7,32,80
1,8,3,2.8,10.966683152363316,0.0,7,32,80
1,8,4,3.0,7.953768186235413,0.0,7,32,80
1,8,5,2.8,12.084413504764946,0.0,7,32,80
1,8,6,2.8,10.2495519922425,0.0,7,32,80
1,8,7,3.0,8.447205539505696,0.0,7,32,80
1,8,8,2.8,9.99902375029522,0.0,7,32,80
1,8,9,2.8,12.039408835936847,0.0,7,32,80
1,8,10,2.8,10.335046328863044,0.0,7,32,80
1,8,11,2.8,14.663766662086308,0.0,7,32,80
1,8,12,2.8,16.245526018213972,0.0,7,32,80
1,8,13,2.8,11.73967690058941,0.0,7,32,80
1,8,14,2.8,9.81882188289402,0.0,7,32,80
1,8,15,2.8,13.552890225924674,0.0,7,32,80
1,8,16,2.8,10.239548712958866,0.0,7,32,80
1,8,17,2.8,8.013903741580654,0.0,7,32,80
1,8,18,2.8,9.2889009735459,0.0,7,32,80
1,8,19,2.8,10.860704273499614,0.0,7,32,80
1,8,20,3.0,10.724283693020126,0.0,7,32,80
1,8,21,2.8,10.25863876528736,0.0,7,32,80
1,8,22,2.25,12.897111619382777,0.0,4,32,80
2,8,1,3.0,13.831328312958876,0.0,7,32,80
2,8,2,3.2,8.562017765232666,0.0,7,32,80
2,8,3,3.0,10.36686371535831,0.0,7,32,80
2,8,4,3.4,8.209750323450658,0.0,7,32,80
2,8,5,2.8,10.499123687112755,0.0,7,32,80
2,8,6,2.8,10.57004290795714,0.0,7,32,80
2,8,7,3.0,10.41402136991615,0.0,7,32,80
2,8,8,2.8,10.404341607753267,0.0,7,32,80
2,8,9,2.8,10.388568076366285,0.0,7,32,80
2,8,10,2.8,10.051358011393695,0.0,7,32,80
2,8,11,2.8,9.82564950607118,0.0,7,32,80
2,8,12,2.8,13.284119768882315,0.0,7,32,80
2,8,13,2.8,12.133508550874335,0.0,7,32,80
2,8,14,2.8,11.624860677984305,0.0,7,32,80
2,8,15,2.8,8.846373035552878,0.0,7,32,80
2,8,16,2.8,13.61195133434982,0.0,7,32,80
2,8,17,2.8,13.022940763716079,0.0,7,32,80
2,8,18,2.8,11.355023020217898,0.0,7,32,80
2,8,19,3.0,9.325369046146394,0.0,7,32,80
2,8,20,2.8,9.008331888632666,0.0,7,32,80
2,8,21,2.8,9.462336831154566,0.0,7,32,80
3,8,1,2.8,9.956781223484706,0.0,7,32,80
3,8,2,2.8,10.391795813385084,0.0,7,32,80
3,8,3,2.8,12.360517929650603,0.0,7,32,80
3,8,4,2.8,9.459542541099797,0.0,7,32,80
3,8,5,2.8,10.188926523957116,0.0,7,32,80
3,8,6,2.8,10.014365131100186,0.0,7,32,80
3,8,7,2.8,9.736352585667067,0.0,7,32,80
3,8,8,2.8,12.110391795659522,0.0,7,32,80
3,8,9,2.8,11.80265042570707,0.0,7,32,80
3,8,10,2.8,12.860437683939129,0.0,7,32,80
3,8,11,2.8,11.96842718409499,0.0,7,32,80
3,8,12,3.0,10.894794424978851,0.0,7,32,80
3,8,13,2.8,9.899683323721357,0.0,7,32,80
3,8,14,3.0,9.556119015175652,0.0,7,32,80
3,8,15,2.8,11.837752424396527,0.0,7,32,80
3,8,16,2.8,10.257791428010014,0.0,7,32,80
3,8,17,2.8,14.309882016128173,0.0,7,32,80
3,8,18,3.0,8.744585379829473,0.0,7,32,80
3,8,19,2.8,11.678925866558574,0.0,7,32,80
3,8,20,2.8,8.463782902514462,0.0,7,32,80
3,8,21,2.8,8.428935464808015,0.0,7,32,80
3,8,22,2.8,8.650435763651688,0.0,7,32,80
1,9,1,4.2,8.227864276121347,0.0,7,32,80
1,9,2,3.4,10.165072556615437,0.0,7,32,80
1,9,3,2.8,12.10223863147568,0.0,7,32,80
1,9,4,3.2,8.838845514223372,0.0,7,32,80
1,9,5,2.8,11.94930086920651,0.0,7,32,80
1,9,6,2.8,9.144487053445582,0.0,7,32,80
1,9,7,2.8,10.726235057693568,0.0,7,32,80
1,9,8,2.8,10.683932559212879,0.0,7,32,80
1,9,9,2.8,11.661125220395997,0.0,7,32,80
1,9,10,2.8,10.326156318515224,0.0,7,32,80
1,9,11,2.8,12.095895287742936,0.0,7,32,80
1,9,12,2.8,11.04856816207863,0.0,7,32,80
1,9,13,2.8,11.072612277753993,0.0,7,32,80
1,9,14,2.8,11.429728513039853,0.0,7,32,80
1,9,15,2.8,15.989616976871453,0.0,7,32,80
1,9,16,2.8,9.568490138366759,0.0,7,32,80
1,9,17,2.8,9.678290115566,0.0,7,32,80
1,9,18,2.8,11.502364526341186,0.0,7,32,80
1,9,19,3.0,9.102794211164076,0.0,7,32,80
1,9,20,2.8,10.883791384556112,0.0,7,32,80
1,9,21,2.8,10.622490194763444,0.0,7,32,80
1,9,22,2.0,15.050645037143344,0.0,4,32,80
2,9,1,2.8,13.03247606008092,0.0,7,32,80
2,9,2,2.8,10.302746534589746,0.0,7,32,80
2,9,3,3.8,8.442674094295661,0.125,7,32,80
2,9,4,2.8,11.424912756632152,0.0,7,32,80
2,9,5,2.8,9.208010680169487,0.0,7,32,80
2,9,6,2.8,9.597030944937364,0.0,7,32,80
2,9,7,3.0,11.096613607395444,0.0,7,32,80
2,9,8,2.8,10.342722125731239,0.0,7,32,80
2,9,9,2.8,10.936924698720047,0.0,7,32,80
2,9,10,2.8,10.521523101918806,0.0,7,32,80
2,9,11,2.8,9.675072944779393,0.0,7,32,80
2,9,12,2.8,12.15927147602242,0.0,7,32,80
2,9,13,2.8,13.004559115979934,0.0,7,32,80
2,9,14,2.8,9.436761216650753,0.0,7,32,80
2,9,15,2.8,8.697052471158733,0.0,7,32,80
2,9,16,2.8,9.154375298615287,0.0,7,32,80
2,9,17,2.8,11.836794176547787,0.0,7,32,80
2,9,18,2.8,10.245693511538446,0.0,7,32,80
2,9,19,2.8,12.18984519321812,0.0,7,32,80
2,9,20,2.8,9.71435023144515,0.0,7,32,80
2,9,21,2.8,9.046262164671907,0.0,7,32,80
2,9,22,2.0,15.142674950049509,0.0,5,32,80
3,9,1,2.8,9.111312114648593,0.0,7,32,80
3,9,2,2.8,11.14955485042037,0.0,7,32,80
3,9,3,2.8,10.162862932919012,0.0,7,32,80
3,9,4,2.8,9.430371499811958,0.0,7,32,80
3,9,5,2.8,10.138258258732739,0.0,7,32,80
3,9,6,2.8,9.868933407918737,0.0,7,32,80
3,9,7,2.8,10.398492335028855,0.0,7,32,80
3,9,8,2.8,11.099419421889632,0.0,7,32,80
3,9,9,2.8,10.956885521573405,0.0,7,32,80
3,9,10,2.8,11.703785066715696,0.0,7,32,80
3,9,11,2.8,11.283914407246534,0.0,7,32,80
3,9,12,3.0,10.704119756836038,0.0,7,32,80
3,9,13,2.8,9.665023639443168,0.0,7,32,80
3,9,14,2.8,10.42851066939872,0.0,7,32,80
3,9,15,2.8,12.347276555637187,0.0,7,32,80
3,9,16,2.8,10.591787621144546,0.0,7,32,80
3,9,17,2.8,16.534132310956934,0.0,7,32,80
3,9,18,2.8,10.981018786426073,0.0,7,32,80
3,9,19,2.8,12.608243942706887,0.0,7,32,80
3,9,20,2.8,11.250934302488178,0.0,7,32,80
3,9,21,2.8,8.933181660525378,0.0,7,32,80
3,9,22,2.8,12.404849034048127,0.0,7,32,80
1,10,1,4.2,7.893745549245627,0.0,7,32,80
1,10,2,3.4,12.327778819846703,0.0,7,32,80
1,10,3,3.0,11.489631948721838,0.0,7,32,80
1,10,4,3.0,9.669216048610974,0.0,7,32,80
1,10,5,3.0,9.853099068430232,0.0,7,32,80
1,10,6,2.8,10.187749905055611,0.0,7,32,80
1,10,7,2.8,11.85571462918792,0.0,7,32,80
1,10,8,2.8,9.919567935784972,0.0,7,32,80
1,10,9,2.8,15.52524707141827,0.0,7,32,80
1,10,10,2.8,11.176123608524874,0.0,7,32,80
1,10,11,2.8,15.325917548274127,0.0,7,32,80
1,10,12,2.8,13.589748195296592,0.0,7,32,80
1,10,13,2.8,12.977937219149949,0.0,7,32,80
1,10,14,2.8,11.153853103649114,0.0,7,32,80
1,10,15,3.0,11.31358419789144,0.0,7,32,80
1,10,16,2.8,11.694203763771112,0.0,7,32,80
1,10,17,2.8,8.939319825014904,0.0,7,32,80
1,10,18,2.8,12.618656691762776,0.0,7,32,80
1,10,19,3.0,10.958938673138901,0.0,7,32,80
1,10,20,2.8,9.588054518642458,0.0,7,32,80
1,10,21,2.8,11.981988437890262,0.0,7,32,80
2,10,1,2.8,14.58655339354101,0.0,7,32,80
2,10,2,2.8,9.414634963994608,0.0,7,32,80
2,10,3,3.6,9.23111327268389,0.125,7,32,80
2,10,4,2.8,8.92574757230351,0.0,7,32,80
2,10,5,2.8,10.907730215860783,0.0,7,32,80
2,10,6,2.8,9.190129188105493,0.0,7,32,80
2,10,7,2.8,14.71760527114456,0.0,7,32,80
2,10,8,2.8,10.489900224230823,0.0,7,32,80
2,10,9,2.8,11.863731714251655,0.0,7,32,80
2,10,10,2.8,12.949641682718907,0.0,7,32,80
2,10,11,2.8,8.380034579789632,0.0,7,32,80
2,10,12,2.8,17.116351761956043,0.0,7,32,80
2,10,13,2.8,12.879184470115248,0.0,7,32,80
2,10,14,2.8,10.722752194689662,0.0,7,32,80
2,10,15,2.8,9.943727137638884,0.0,7,32,80
2,10,16,2.8,11.305507611758419,0.0,7,32,80
2,10,17,2.8,10.718331022787925,0.0,7,32,80
2,10,18,2.8,11.056734769132998,0.0,7,32,80
2,10,19,3.0,10.144869210591885,0.0,7,32,80
2,10,20,2.8,9.14099859735478,0.0,7,32,80
2,10,21,2.8,8.97609098403252,0.0,7,32,80
2,10,22,2.2,15.361981841112673,0.0,5,32,80
3,10,1,3.0,9.821613556176334,0.0,7,32,80
3,10,2,2.8,12.010497084624266,0.0,7,32,80
3,10,3,2.8,13.043879263410227,0.0,7,32,80
3,10,4,2.8,9.459840876487904,0.0,7,32,80
3,10,5,2.8,9.129504599320432,0.0,7,32,80
3,10,6,2.8,8.789557083216717,0.0,7,32,80
3,10,7,2.8,10.349746209055215,0.0,7,32,80
3,10,8,2.8,11.802369114181973,0.0,7,32,80
3,10,9,2.8,10.344703577390433,0.0,7,32,80
3,10,10,2.8,10.473909422409317,0.0,7,32,80
3,10,11,2.8,13.352380571064158,0.0,7,32,80
3,10,12,3.0,10.005391127605087,0.0,7,32,80
3,10,13,2.8,8.365836421012474,0.0,7,32,80
3,10,14,2.8,10.590426663845518,0.0,7,32,80
3,10,15,2.8,12.645433514955183,0.0,7,32,80
3,10,16,2.8,10.415000891351909,0.0,7,32,80
3,10,17,2.8,15.428951799203805,0.0,7,32,80
3,10,18,3.0,9.625347468330833,0.0,7,32,80
3,10,19,2.8,12.070766688479898,0.0,7,32,80
3,10,20,2.8,8.742028015360916,0.0,7,32,80
3,10,21,2.8,9.202567753393659,0.0,7,32,80
3,10,22,2.8,10.244233212698532,0.0,7,32,80
1,11,1,4.2,7.904099459622497,0.0,7,32,80
1,11,2,2.8,11.983932325231997,0.0,7,32,80
1,11,3,2.8,13.346528167555846,0.0,7,32,80
1,11,4,3.0,7.728968002484765,0.0,7,32,80
1,11,5,3.0,11.25463041959452,0.0,7,32,80
1,11,6,2.8,10.356302462630552,0.0,7,32,80
1,11,7,2.8,13.20533415200589,0.0,7,32,80
1,11,8,2.8,10.309767355274657,0.0,7,32,80
1,11,9,2.8,12.632993592438838,0.0,7,32,80
1,11,10,2.8,10.237662862263697,0.0,7,32,80
1,11,11,2.8,13.198969731251795,0.0,7,32,80
1,11,12,2.8,17.618766881991352,0.0,7,32,80
1,11,13,2.8,10.11236592591103,0.0,7,32,80
1,11,14,2.8,12.270480556618253,0.0,7,32,80
1,11,15,2.8,12.089154372115422,0.0,7,32,80
1,11,16,2.8,10.230541832289909,0.0,7,32,80
1,11,17,2.8,11.765639742311512,0.0,7,32,80
1,11,18,2.8,11.021696602268257,0.0,7,32,80
1,11,19,2.8,8.82289046299693,0.0,7,32,80
1,11,20,3.0,10.75171502654951,0.0,7,32,80
1,11,21,2.8,10.142080118579097,0.0,7,32,80
1,11,22,2.2,13.013368396385415,0.0,5,32,80
2,11,1,3.2,11.08840222791016,0.0,7,32,80
2,11,2,3.2,8.523633737997143,0.0,7,32,80
2,11,3,3.6,8.319666436253838,0.0,7,32,80
2,11,4,2.8,11.353840274714063,0.0,7,32,80
2,11,5,2.8,11.115971641563647,0.0,7,32,80
2,11,6,2.8,10.95072276793678,0.0,7,32,80
2,11,7,2.8,12.708454512566021,0.0,7,32,80
2,11,8,2.8,11.43535191455821,0.0,7,32,80
2,11,9,2.8,10.697461266605014,0.0,7,32,80
2,11,10,2.8,11.030230418746699,0.0,7,32,80
2,11,11,2.8,9.905213784020235,0.0,7,32,80
2,11,12,2.8,12.00632273487493,0.0,7,32,80
2,11,13,2.8,9.615509174072665,0.0,7,32,80
2,11,14,2.8,10.107218152031143,0.0,7,32,80
2,11,15,2.8,8.92381746372947,0.0,7,32,80
2,11,16,2.8,10.612376195286341,0.0,7,32,80
2,11,17,2.8,10.928633348794278,0.0,7,32,80
2,11,18,2.8,10.320358487827244,0.0,7,32,80
2,11,19,3.0,10.195940334953747,0.0,7,32,80
2,11,20,2.8,8.590776824701587,0.0,7,32,80
2,11,21,3.0,8.331412735744728,0.0,7,32,80
3,11,1,2.8,9.291249497123385,0.0,7,32,80
3,11,2,2.8,12.050211040146937,0.0,7,32,80
3,11,3,2.8,11.16465638667829,0.0,7,32,80
3,11,4,2.8,10.201087460302245,0.0,7,32,80
3,11,5,2.8,9.333723818690395,0.0,7,32,80
3,11,6,2.8,10.283778484707117,0.0,7,32,80
3,11,7,2.8,9.406903239184125,0.0,7,32,80
3,11,8,2.8,11.410019020489727,0.0,7,32,80
3,11,9,2.8,13.147320238644033,0.0,7,32,80
3,11,10,2.8,10.462487307905935,0.0,7,32,80
3,11,11,2.8,10.729638617561392,0.0,7,32,80
3,11,12,3.6,9.203352737898525,0.125,7,32,80
3,11,13,2.8,9.73564267825165,0.0,7,32,80
3,11,14,2.8,8.25830153349383,0.0,7,32,80
3,11,15,2.8,13.63547869840683,0.0,7,32,80
3,11,16,2.8,11.39548223029216,0.0,7,32,80
3,11,17,2.8,13.282071695052512,0.0,7,32,80
3,11,18,2.8,11.74093292875547,0.0,7,32,80
3,11,19,2.8,10.400927151810944,0.0,7,32,80
3,11,20,2.8,12.106588669701972,0.0,7,32,80
3,11,21,2.8,8.759498487089255,0.0,7,32,80
3,11,22,2.8,10.148498917618234,0.0,7,32,80
1,12,1,4.2,8.603784330493179,0.0,7,32,80
1,12,2,3.2,9.166049219549281,0.0,7,32,80
1,12,3,2.8,12.186472637123007,0.0,7,32,80
1,12,4,2.8,9.359416236918406,0.0,7,32,80
1,12,5,2.8,12.011666197256202,0.0,7,32,80
1,12,6,2.8,9.913339968491028,0.0,7,32,80
1,12,7,2.8,11.34134233958005,0.0,7,32,80
1,12,8,2.8,9.649410741621642,0.0,7,32,80
1,12,9,2.8,16.286248675590343,0.0,7,32,80
1,12,10,2.8,11.004159850563978,0.0,7,32,80
1,12,11,2.8,12.35974166016348,0.0,7,32,80
1,12,12,2.8,15.139889113266483,0.0,7,32,80
1,12,13,2.8,9.315140325584519,0.0,7,32,80
1,12,14,2.8,13.538606059906627,0.0,7,32,80
1,12,15,2.8,12.412882780280842,0.0,7,32,80
1,12,16,2.8,10.23054183228993,0.0,7,32,80
1,12,17,2.8,10.074076884667795,0.0,7,32,80
1,12,18,3.2,8.974173897612829,0.0,7,32,80
1,12,19,2.8,9.690533227264662,0.0,7,32,80
1,12,20,3.0,8.772724678702321,0.0,7,32,80
1,12,21,3.0,8.659401779199806,0.0,7,32,80
1,12,22,2.0,13.124787542226189,0.0,4,32,80
2,12,1,2.8,12.922334579915075,0.0,7,32,80
2,12,2,2.8,11.43969992130191,0.0,7,32,80
2,12,3,3.6,8.619657633906122,0.125,7,32,80
2,12,4,2.8,10.02277318187914,0.0,7,32,80
2,12,5,2.8,10.336273832885343,0.0,7,32,80
2,12,6,2.8,10.067524490234067,0.0,7,32,80
2,12,7,3.0,12.88185262406108,0.0,7,32,80
2,12,8,2.8,10.260616000331344,0.0,7,32,80
2,12,9,2.8,10.867137420333865,0.0,7,32,80
2,12,10,2.8,12.716137965426233,0.0,7,32,80
2,12,11,2.8,9.689593245651556,0.0,7,32,80
2,12,12,2.8,13.129143882797285,0.0,7,32,80
2,12,13,2.8,13.850181598018159,0.0,7,32,80
2,12,14,2.8,10.664994959595953,0.0,7,32,80
2,12,15,2.8,9.361339328939145,0.0,7,32,80
2,12,16,2.8,11.985511251475021,0.0,7,32,80
2,12,17,2.8,10.649166509262399,0.0,7,32,80
2,12,18,2.8,10.787153855342984,0.0,7,32,80
2,12,19,2.8,11.809415638125765,0.0,7,32,80
2,12,20,3.0,7.629836110424273,0.0,7,32,80
2,12,21,2.8,8.388663654199263,0.0,7,32,80
2,12,22,2.0,12.960643191623197,0.0,5,32,80
3,12,1,2.8,9.097759023682455,0.0,7,32,80
3,12,2,2.8,10.184151659214615,0.0,7,32,80
3,12,3,2.8,10.566700099252264,0.0,7,32,80
3,12,4,2.8,9.459542541099797,0.0,7,32,80
3,12,5,2.8,9.097698598055173,0.0,7,32,80
3,12,6,2.8,10.388583800531748,0.0,7,32,80
3,12,7,2.8,9.099019362125084,0.0,7,32,80
3,12,8,2.8,10.940581695065609,0.0,7,32,80
3,12,9,2.8,11.940908713061258,0.0,7,32,80
3,12,10,2.8,11.794061149076851,0.0,7,32,80
3,12,11,2.8,11.325704951039866,0.0,7,32,80
3,12,12,2.8,12.852547426953466,0.0,7,32,80
3,12,13,2.8,10.265720974991586,0.0,7,32,80
3,12,14,2.8,9.577762199663747,0.0,7,32,80
3,12,15,2.8,11.83666871898923,0.0,7,32,80
3,12,16,2.8,12.105671495966986,0.0,7,32,80
3,12,17,2.8,13.433637646321763,0.0,7,32,80
3,12,18,3.0,9.296612409465036,0.0,7,32,80
3,12,19,2.8,11.058115649303707,0.0,7,32,80
3,12,20,2.8,9.807607568787683,0.0,7,32,80
3,12,21,2.8,9.90220906610121,0.0,7,32,80
3,12,22,2.8,10.673065366367668,0.0,7,32,80
1,13,1,4.2,8.205457015193986,0.0,7,32,80
1,13,2,3.6,11.205313892290937,0.0,7,32,80
1,13,3,3.2,8.368650202576443,0.0,7,32,80
1,13,4,3.0,10.640627413075348,0.0,7,32,80
1,13,5,2.8,11.681025502603765,0.0,7,32,80
1,13,6,2.8,11.17669084958365,0.0,7,32,80
1,13,7,2.8,9.257498009374052,0.0,7,32,80
1,13,8,2.8,9.197855268234827,0.0,7,32,80
1,13,9,2.8,15.57261287473718,0.0,7,32,80
1,13,10,2.8,11.59418417612796,0.0,7,32,80
1,13,11,2.8,12.437693052192843,0.0,7,32,80
1,13,12,2.8,12.556250252595182,0.0,7,32,80
1,13,13,2.8,12.075642313916374,0.0,7,32,80
1,13,14,2.8,10.988926171560514,0.0,7,32,80
1,13,15,2.8,14.63670912252983,0.0,7,32,80
1,13,16,2.8,10.584970347785498,0.0,7,32,80
1,13,17,3.0,8.31759648367304,0.0,7,32,80
1,13,18,2.8,11.283705061015526,0.0,7,32,80
1,13,19,2.8,12.528447294289057,0.0,7,32,80
1,13,20,2.8,10.085515680080746,0.0,7,32,80
1,13,21,2.8,9.736299111461806,0.0,7,32,80
2,13,1,2.8,13.986145712288193,0.0,7,32,80
2,13,2,2.8,11.271047760605672,0.0,7,32,80
2,13,3,3.6,8.97377414992715,0.125,7,32,80
2,13,4,2.8,11.055444111100181,0.0,7,32,80
2,13,5,2.8,11.065608602514953,0.0,7,32,80
2,13,6,2.8,10.777115707821286,0.0,7,32,80
2,13,7,3.0,13.389470896751739,0.0,7,32,80
2,13,8,2.8,10.364947340232268,0.0,7,32,80
2,13,9,2.8,12.163905951702926,0.0,7,32,80
2,13,10,2.8,13.744918916295015,0.0,7,32,80
2,13,11,2.8,9.377603926037628,0.0,7,32,80
2,13,12,2.8,11.521526194573402,0.0,7,32,80
2,13,13,2.8,13.573542110254767,0.0,7,32,80
2,13,14,2.8,9.716208441974047,0.0,7,32,80
2,13,15,2.8,9.332769901161859,0.0,7,32,80
2,13,16,2.8,10.800281201129868,0.0,7,32,80
2,13,17,2.8,11.598308367899962,0.0,7,32,80
2,13,18,2.8,10.637067307886102,0.0,7,32,80
2,13,19,3.0,9.978798608874529,0.0,7,32,80
2,13,20,2.8,9.577442237226482,0.0,7,32,80
2,13,21,2.8,9.046262164671907,0.0,7,32,80
2,13,22,2.0,14.063294921379384,0.0,5,32,80
3,13,1,2.8,8.43292741245363,0.0,7,32,80
3,13,2,2.8,10.64500980906745,0.0,7,32,80
3,13,3,2.8,10.714793661805063,0.0,7,32,80
3,13,4,2.8,10.427176520760678,0.0,7,32,80
3,13,5,2.8,9.419977785053401,0.0,7,32,80
3,13,6,2.8,9.132155616811518,0.0,7,32,80
3,13,7,2.8,9.30670418391311,0.0,7,32,80
3,13,8,2.8,9.816727146929523,0.0,7,32,80
3,13,9,2.8,10.898313438051588,0.0,7,32,80
3,13,10,2.8,10.39138375223361,0.0,7,32,80
3,13,11,2.8,10.82458741114593,0.0,7,32,80
3,13,12,2.8,11.810186195873777,0.0,7,32,80
3,13,13,2.8,8.957664484562985,0.0,7,32,80
3,13,14,2.8,10.969138453410844,0.0,7,32,80
3,13,15,2.8,13.16116305748891,0.0,7,32,80
3,13,16,2.8,13.524423601586415,0.0,7,32,80
3,13,17,2.8,13.67390748333397,0.0,7,32,80
3,13,18,2.8,10.660325634918706,0.0,7,32,80
3,13,19,2.8,10.722369160853946,0.0,7,32,80
3,13,20,2.8,10.314974181525244,0.0,7,32,80
3,13,21,2.8,8.840852569370977,0.0,7,32,80
3,13,22,2.8,11.52427177338761,0.0,7,32,80
1,14,1,4.0,9.133611276170095,0.0,7,32,80
1,14,2,3.0,11.600316222126118,0.0,7,32,80
1,14,3,2.8,13.258433290898385,0.0,7,32,80
1,14,4,3.0,8.30411307775304,0.0,7,32,80
1,14,5,2.8,13.366165001964715,0.0,7,32,80
1,14,6,2.8,9.911374780106968,0.0,7,32,80
1,14,7,3.0,9.568207741333115,0.0,7,32,80
1,14,8,2.8,10.906897443668072,0.0,7,32,80
1,14,9,2.8,14.73330815144044,0.0,7,32,80
1,14,10,2.8,11.530560225052678,0.0,7,32,80
1,14,11,2.8,15.196025425635678,0.0,7,32,80
1,14,12,2.8,14.732726960765135,0.0,7,32,80
1,14,13,2.8,8.955218790598465,0.0,7,32,80
1,14,14,2.8,12.499550097018526,0.0,7,32,80
1,14,15,2.8,12.137855246061616,0.0,7,32,80
1,14,16,2.8,10.178699911656217,0.0,7,32,80
1,14,17,2.8,10.45873599631232,0.0,7,32,80
1,14,18,3.0,8.898416967859513,0.0,7,32,80
1,14,19,2.8,11.290482086614421,0.0,7,32,80
1,14,20,2.8,10.871727173639961,0.0,7,32,80
1,14,21,2.8,8.991911450732056,0.0,7,32,80
1,14,22,2.2,10.442556545236195,0.0,5,32,80
2,14,1,3.0,14.910335357561525,0.0,7,32,80
2,14,2,3.0,9.34911630764931,0.0,7,32,80
2,14,3,3.4,8.566212996294322,0.0,7,32,80
2,14,4,2.8,10.593769825786078,0.0,7,32,80
2,14,5,2.8,8.8998348338742,0.0,7,32,80
2,14,6,2.8,10.668400168908596,0.0,7,32,80
2,14,7,3.0,10.802622678864038,0.0,7,32,80
2,14,8,2.8,12.102848757974199,0.0,7,32,80
2,14,9,2.8,12.68331693505876,0.0,7,32,80
2,14,10,2.8,11.319939752239122,0.0,7,32,80
2,14,11,2.8,10.242142188659326,0.0,7,32,80
2,14,12,2.8,12.15927147602242,0.0,7,32,80
2,14,13,2.8,12.423416966116356,0.0,7,32,80
2,14,14,2.8,10.208564694808967,0.0,7,32,80
2,14,15,2.8,10.725502882488795,0.0,7,32,80
2,14,16,2.8,11.494105631682766,0.0,7,32,80
2,14,17,2.8,11.882788630114662,0.0,7,32,80
2,14,18,2.8,11.243992868505108,0.0,7,32,80
2,14,19,2.8,11.677803828420569,0.0,7,32,80
2,14,20,2.8,8.631318921393127,0.0,7,32,80
2,14,21,2.8,8.297618003124352,0.0,7,32,80
2,14,22,2.0,14.531068480384368,0.0,5,32,80
3,14,1,2.8,8.538888205281479,0.0,7,32,80
3,14,2,2.8,13.337867896433798,0.0,7,32,80
3,14,3,2.8,10.56670009925235,0.0,7,32,80
3,14,4,2.8,10.589661915665307,0.0,7,32,80
3,14,5,2.8,9.642752111909369,0.0,7,32,80
3,14,6,2.8,10.097027906564248,0.0,7,32,80
3,14,7,2.8,10.241777104687074,0.0,7,32,80
3,14,8,2.8,11.47423667313334,0.0,7,32,80
3,14,9,2.8,12.034894603594866,0.0,7,32,80
3,14,10,2.8,11.230972112114918,0.0,7,32,80
3,14,11,2.8,11.539388475222111,0.0,7,32,80
3,14,12,3.0,10.89479442497903,0.0,7,32,80
3,14,13,2.8,9.574245406210755,0.0,7,32,80
3,14,14,3.0,8.57775383320271,0.0,7,32,80
3,14,15,2.8,12.541710889998573,0.0,7,32,80
3,14,16,2.8,9.79768493169718,0.0,7,32,80
3,14,17,2.8,15.049308305251955,0.0,7,32,80
3,14,18,2.8,8.86456758611418,0.0,7,32,80
3,14,19,2.8,10.76365612742174,0.0,7,32,80
3,14,20,2.8,10.421407776744548,0.0,7,32,80
3,14,21,2.8,9.322109405005893,0.0,7,32,80
3,14,22,2.8,9.068741761640652,0.0,7,32,80
1,15,1,4.0,10.784567298556068,0.0,7,32,80
1,15,2,3.4,11.116945940406822,0.0,7,32,80
1,15,3,2.8,10.34537863927847,0.0,7,32,80
1,15,4,3.0,9.149311831822782,0.0,7,32,80
1,15,5,2.8,11.73152288800002,0.0,7,32,80
1,15,6,2.8,9.689224781806635,0.0,7,32,80
1,15,7,2.8,11.276814712458584,0.0,7,32,80
1,15,8,2.8,10.702377470125922,0.0,7,32,80
1,15,9,2.8,11.42224770532805,0.0,7,32,80
1,15,10,2.8,12.047045772471524,0.0,7,32,80
1,15,11,2.8,13.382249731975438,0.0,7,32,80
1,15,12,2.8,12.799053570715618,0.0,7,32,80
1,15,13,2.8,10.463546565580772,0.0,7,32,80
1,15,14,2.8,11.1110647180275,0.0,7,32,80
1,15,15,2.8,13.995076263374912,0.0,7,32,80
1,15,16,2.8,9.929015546542667,0.0,7,32,80
1,15,17,2.8,10.711697531243852,0.0,7,32,80
1,15,18,3.2,7.935151283027605,0.0,7,32,80
1,15,19,3.2,8.522652701918306,0.0,7,32,80
1,15,20,2.8,9.799775135945785,0.0,7,32,80
1,15,21,3.0,8.866643544200638,0.0,7,32,80
2,15,1,2.8,12.448892135103494,0.0,7,32,80
2,15,2,2.8,10.812746403272042,0.0,7,32,80
2,15,3,3.6,10.46286218581271,0.125,7,32,80
2,15,4,2.8,10.878470087570603,0.0,7,32,80
2,15,5,2.8,9.80596678098781,0.0,7,32,80
2,15,6,2.8,10.084123563938038,0.0,7,32,80
2,15,7,3.0,10.5854506881746,0.0,7,32,80
2,15,8,2.8,11.55997153944813,0.0,7,32,80
2,15,9,2.8,11.063717375677468,0.0,7,32,80
2,15,10,2.8,12.849718087254695,0.0,7,32,80
2,15,11,2.8,8.810252032600449,0.0,7,32,80
2,15,12,2.8,12.019662225125403,0.0,7,32,80
2,15,13,2.8,13.787736058181704,0.0,7,32,80
2,15,14,2.8,9.841280827998304,0.0,7,32,80
2,15,15,2.8,8.872453743612748,0.0,7,32,80
2,15,16,3.0,10.671505084038971,0.0,7,32,80
2,15,17,2.8,13.421249015657375,0.0,7,32,80
2,15,18,2.8,11.45457550600118,0.0,7,32,80
2,15,19,2.8,10.734954661585117,0.0,7,32,80
2,15,20,2.8,8.92087690700402,0.0,7,32,80
2,15,21,2.8,10.008480611230668,0.0,7,32,80
2,15,22,2.0,16.62442418780446,0.0,5,32,80
3,15,1,2.8,9.797285974986039,0.0,7,32,80
3,15,2,2.8,9.840067078100567,0.0,7,32,80
3,15,3,2.8,11.926656652002624,0.0,7,32,80
3,15,4,2.8,10.050222748367965,0.0,7,32,80
3,15,5,2.8,9.434508673431578,0.0,7,32,80
3,15,6,2.8,9.327127622068893,0.0,7,32,80
3,15,7,2.8,10.056535139154027,0.0,7,32,80
3,15,8,2.8,12.767697061082405,0.0,7,32,80
3,15,9,2.8,12.301153303661279,0.0,7,32,80
3,15,10,2.8,14.576889596175787,0.0,7,32,80
3,15,11,2.8,10.980051002545197,0.0,7,32,80
3,15,12,2.8,10.86599137407795,0.0,7,32,80
3,15,13,2.8,10.231374952326616,0.0,7,32,80
3,15,14,2.8,10.44463676496471,0.0,7,32,80
3,15,15,2.8,10.869054808281499,0.0,7,32,80
3,15,16,2.8,12.275753388517533,0.0,7,32,80
3,15,17,2.8,13.31664156084756,0.0,7,32,80
3,15,18,3.0,10.33325436170384,0.0,7,32,80
3,15,19,2.8,11.199862975989273,0.0,7,32,80
3,15,20,2.8,10.851689790741766,0.0,7,32,80
3,15,21,2.8,9.243711533574,0.0,7,32,80
3,15,22,2.8,10.710446264481625,0.0,7,32,80
1,16,1,4.2,8.640795548830688,0.0,7,32,80
1,16,2,3.0,11.760703167391677,0.0,7,32,80
1,16,3,2.8,14.416227609674515,0.0,7,32,80
1,16,4,3.2,8.569971140637131,0.0,7,32,80
1,16,5,2.8,12.72223303678412,0.0,7,32,80
1,16,6,2.8,10.591845777654441,0.0,7,32,80
1,16,7,2.8,10.565060853848259,0.0,7,32,80
1,16,8,2.8,10.424660557889348,0.0,7,32,80
1,16,9,2.8,17.04341138057359,0.0,7,32,80
1,16,10,2.8,12.627677495631806,0.0,7,32,80
1,16,11,2.8,12.950842623297135,0.0,7,32,80
1,16,12,2.8,12.403873242806123,0.0,7,32,80
1,16,13,2.8,11.725915319393804,0.0,7,32,80
1,16,14,2.8,11.492491565024995,0.0,7,32,80
1,16,15,2.8,13.373876262445124,0.0,7,32,80
1,16,16,2.8,9.201294025292446,0.0,7,32,80
1,16,17,2.8,11.230747530955526,0.0,7,32,80
1,16,18,2.8,8.518111675228413,0.0,7,32,80
1,16,19,2.8,10.031235977416395,0.0,7,32,80
1,16,20,2.8,12.759322504106358,0.0,7,32,80
1,16,21,2.8,11.013263989478597,0.0,7,32,80
1,16,22,2.2,11.389969969039907,0.0,5,32,80
2,16,1,2.8,12.448892135103552,0.0,7,32,80
2,16,2,2.8,9.5918123980143,0.0,7,32,80
2,16,3,3.8,9.274867132494759,0.125,7,32,80
2,16,4,2.8,11.70925977979259,0.0,7,32,80
2,16,5,2.8,8.772187180015802,0.0,7,32,80
2,16,6,2.8,10.557902983718007,0.0,7,32,80
2,16,7,2.8,15.308835884419654,0.0,7,32,80
2,16,8,2.8,9.911433709428254,0.0,7,32,80
2,16,9,2.8,12.88122305428939,0.0,7,32,80
2,16,10,2.8,11.853566076390369,0.0,7,32,80
2,16,11,2.8,9.263971550600584,0.0,7,32,80
2,16,12,2.8,12.82627637314459,0.0,7,32,80
2,16,13,2.8,11.440743994779158,0.0,7,32,80
2,16,14,2.8,10.27097518756516,0.0,7,32,80
2,16,15,2.8,9.566330137231901,0.0,7,32,80
2,16,16,3.0,9.675473905543553,0.0,7,32,80
2,16,17,2.8,13.246835820426117,0.0,7,32,80
2,16,18,2.8,11.30635016064658,0.0,7,32,80
2,16,19,3.2,10.062646370746863,0.0,7,32,80
2,16,20,2.8,8.9940439105238,0.0,7,32,80
2,16,21,2.8,8.442953751061841,0.0,7,32,80
2,16,22,2.0,15.43014704719953,0.0,4,32,80
3,16,1,2.8,10.344094403551052,0.0,7,32,80
3,16,2,2.8,9.935981314906916,0.0,7,32,80
3,16,3,2.8,11.226134404083739,0.0,7,32,80
3,16,4,2.8,8.680821426339838,0.0,7,32,80
3,16,5,2.8,9.797215899897271,0.0,7,32,80
3,16,6,2.8,10.459648912727301,0.0,7,32,80
3,16,7,2.8,9.89385412237413,0.0,7,32,80
3,16,8,2.8,11.388772574732414,0.0,7,32,80
3,16,9,2.8,11.779918050615013,0.0,7,32,80
3,16,10,2.8,11.726224275209642,0.0,7,32,80
3,16,11,2.8,10.61787589058265,0.0,7,32,80
3,16,12,3.0,10.992702046640275,0.0,7,32,80
3,16,13,2.8,9.19980763663563,0.0,7,32,80
3,16,14,2.8,10.253677059439962,0.0,7,32,80
3,16,15,2.8,12.575768674591478,0.0,7,32,80
3,16,16,2.8,9.873632112718992,0.0,7,32,80
3,16,17,2.8,12.283623833580034,0.0,7,32,80
3,16,18,2.8,9.438867695345342,0.0,7,32,80
3,16,19,2.8,12.230064760258964,0.0,7,32,80
3,16,20,2.8,10.870977870003472,0.0,7,32,80
3,16,21,2.8,8.704338753923299,0.0,7,32,80
3,16,22,2.8,9.646232566894781,0.0,7,32,80
1,17,1,4.2,9.43937446125539,0.0,7,32,80
1,17,2,2.8,11.960147237595839,0.0,7,32,80
1,17,3,2.8,15.352731012096726,0.0,7,32,80
1,17,4,3.0,8.081383522557251,0.0,7,32,80
1,17,5,2.8,11.63680898857715,0.0,7,32,80
1,17,6,2.8,10.179253802893722,0.0,7,32,80
1,17,7,2.8,9.946716205698003,0.0,7,32,80
1,17,8,2.8,10.042457987504276,0.0,7,32,80
1,17,9,2.8,13.720842378838316,0.0,7,32,80
1,17,10,2.8,12.473262788707626,0.0,7,32,80
1,17,11,2.8,14.180264534402003,0.0,7,32,80
1,17,12,2.8,12.1808352024125,0.0,7,32,80
1,17,13,2.8,9.430892123406077,0.0,7,32,80
1,17,14,2.8,14.633865205442643,0.0,7,32,80
1,17,15,2.8,13.414053804991365,0.0,7,32,80
1,17,16,2.8,10.02011329435442,0.0,7,32,80
1,17,17,2.8,12.100189783089025,0.0,7,32,80
1,17,18,2.8,10.617400150308024,0.0,7,32,80
1,17,19,2.8,9.188560276562459,0.0,7,32,80
1,17,20,3.0,11.170993126595889,0.0,7,32,80
1,17,21,2.8,10.538710115590847,0.0,7,32,80
1,17,22,2.4,11.206432675604306,0.0,6,32,80
2,17,1,2.8,13.31622287229641,0.0,7,32,80
2,17,2,2.8,9.229934303791252,0.0,7,32,80
2,17,3,3.6,8.844012169066813,0.125,7,32,80
2,17,4,2.8,10.917306250174345,0.0,7,32,80
2,17,5,2.8,11.005871521387595,0.0,7,32,80
2,17,6,2.8,10.117486463361377,0.0,7,32,80
2,17,7,2.8,12.621884394316837,0.0,7,32,80
2,17,8,2.8,10.383051189558776,0.0,7,32,80
2,17,9,2.8,11.70480152125814,0.0,7,32,80
2,17,10,2.8,12.895036567812907,0.0,7,32,80
2,17,11,2.8,8.17833444771529,0.0,7,32,80
2,17,12,2.8,11.642528296285397,0.0,7,32,80
2,17,13,2.8,11.608096213388608,0.0,7,32,80
2,17,14,2.8,12.030434583342513,0.0,7,32,80
2,17,15,2.8,8.863004094033924,0.0,7,32,80
2,17,16,2.8,10.94145784002668,0.0,7,32,80
2,17,17,2.8,12.34027679529853,0.0,7,32,80
2,17,18,2.8,11.076759312011049,0.0,7,32,80
2,17,19,3.0,12.536156108814772,0.0,7,32,80
2,17,20,3.0,8.792506995159036,0.0,7,32,80
2,17,21,2.8,10.14124215449928,0.0,7,32,80
2,17,22,2.0,14.095706256794593,0.0,5,32,80
3,17,1,2.8,9.8923639937559,0.0,7,32,80
3,17,2,2.8,10.89144221082571,0.0,7,32,80
3,17,3,2.8,13.158293030183684,0.0,7,32,80
3,17,4,2.8,9.386950722448773,0.0,7,32,80
3,17,5,2.8,9.956708848253356,0.0,7,32,80
3,17,6,2.8,11.025304326391659,0.0,7,32,80
3,17,7,2.8,9.335114007166862,0.0,7,32,80
3,17,8,2.8,10.599299917883968,0.0,7,32,80
3,17,9,2.8,10.859612044762223,0.0,7,32,80
3,17,10,2.8,10.969120348946515,0.0,7,32,80
3,17,11,2.8,10.61787589058265,0.0,7,32,80
3,17,12,2.8,13.656065869739725,0.0,7,32,80
3,17,13,2.8,9.037078489079386,0.0,7,32,80
3,17,14,2.8,10.217798136976345,0.0,7,32,80
3,17,15,2.8,11.634028738682,0.0,7,32,80
3,17,16,3.0,9.985208127066064,0.0,7,32,80
3,17,17,2.8,14.884379079927925,0.0,7,32,80
3,17,18,2.8,9.977815112847919,0.0,7,32,80
3,17,19,2.8,12.608243942706887,0.0,7,32,80
3,17,20,2.8,11.1078995488143,0.0,7,32,80
3,17,21,2.8,9.428969532549454,0.0,7,32,80
3,17,22,2.8,13.470360983498734,0.0,7,32,80
1,18,1,4.2,9.166557135455905,0.0,7,32,80
1,18,2,3.2,11.78272306149589,0.0,7,32,80
1,18,3,3.0,10.950151245580797,0.0,7,32,80
1,18,4,3.2,8.538275380365118,0.0,7,32,80
1,18,5,2.8,12.84047045976787,0.0,7,32,80
1,18,6,2.8,10.17945675391687,0.0,7,32,80
1,18,7,2.8,13.105681761467096,0.0,7,32,80
1,18,8,2.8,10.837650711951008,0.0,7,32,80
1,18,9,2.8,13.92457321152361,0.0,7,32,80
1,18,10,2.8,11.443940684135086,0.0,7,32,80
1,18,11,2.8,15.563577717555873,0.0,7,32,80
1,18,12,2.8,12.163655818795684,0.0,7,32,80
1,18,13,2.8,11.88030922919942,0.0,7,32,80
1,18,14,2.8,10.332268952404615,0.0,7,32,80
1,18,15,2.8,17.272924845765328,0.0,7,32,80
1,18,16,2.8,10.21744516781386,0.0,7,32,80
1,18,17,2.8,10.396272214466533,0.0,7,32,80
1,18,18,3.0,10.275202655553786,0.0,7,32,80
1,18,19,3.0,10.946628830668018,0.0,7,32,80
1,18,20,2.8,10.686058763626178,0.0,7,32,80
1,18,21,3.0,9.205256875240915,0.0,7,32,80
2,18,1,3.2,12.621531716636365,0.0,7,32,80
2,18,2,2.8,9.050096721850498,0.0,7,32,80
2,18,3,3.2,10.822927893826371,0.0,7,32,80
2,18,4,3.0,9.704952511552811,0.0,7,32,80
2,18,5,2.8,8.86115216802862,0.0,7,32,80
2,18,6,2.8,10.857793141703514,0.0,7,32,80
2,18,7,3.0,11.872041408040873,0.0,7,32,80
2,18,8,2.8,12.39723442807764,0.0,7,32,80
2,18,9,2.8,13.524722670567378,0.0,7,32,80
2,18,10,2.8,10.467501692890902,0.0,7,32,80
2,18,11,2.8,9.58410672661445,0.0,7,32,80
2,18,12,2.8,11.242858643590756,0.0,7,32,80
2,18,13,2.8,10.838311426053128,0.0,7,32,80
2,18,14,2.8,9.61478030690982,0.0,7,32,80
2,18,15,2.8,10.18944410694975,0.0,7,32,80
2,18,16,3.0,11.706075062410669,0.0,7,32,80
2,18,17,2.8,11.865399393832364,0.0,7,32,80
2,18,18,2.8,12.002132331281993,0.0,7,32,80
2,18,19,2.8,10.412512956058041,0.0,7,32,80
2,18,20,2.8,8.807942846091924,0.0,7,32,80
2,18,21,2.8,9.252980531671533,0.0,7,32,80
2,18,22,2.25,15.11034230831976,0.0,4,32,80
3,18,1,2.8,10.189002314546489,0.0,7,32,80
3,18,2,3.0,11.81436778361427,0.0,7,32,80
3,18,3,2.8,10.88494691290532,0.0,7,32,80
3,18,4,3.0,8.902001578191973,0.0,7,32,80
3,18,5,2.8,8.987786072112405,0.0,7,32,80
3,18,6,2.8,9.949154978916939,0.0,7,32,80
3,18,7,2.8,11.24005720272192,0.0,7,32,80
3,18,8,2.8,9.817549966242069,0.0,7,32,80
3,18,9,2.8,13.578830003322713,0.0,7,32,80
3,18,10,2.8,10.602569992915392,0.0,7,32,80
3,18,11,2.8,13.77587859721951,0.0,7,32,80
3,18,12,3.0,11.534044578612246,0.0,7,32,80
3,18,13,2.8,9.916580187336837,0.0,7,32,80
3,18,14,3.0,8.723986434241088,0.0,7,32,80
3,18,15,2.8,13.978277853885944,0.0,7,32,80
3,18,16,2.8,10.888309187833762,0.0,7,32,80
3,18,17,2.8,15.009638822919852,0.0,7,32,80
3,18,18,2.8,13.070784364934662,0.0,7,32,80
3,18,19,2.8,10.999501405089365,0.0,7,32,80
3,18,20,2.8,11.218342253354136,0.0,7,32,80
3,18,21,2.8,8.01350016792977,0.0,7,32,80
3,18,22,2.8,12.07138283043979,0.0,7,32,80
1,19,1,4.2,8.909066791431133,0.0,7,32,80
1,19,2,3.0,11.970971601606896,0.0,7,32,80
1,19,3,3.0,12.015350455319998,0.0,7,32,80
1,19,4,3.0,8.397102403320996,0.0,7,32,80
1,19,5,3.0,10.85219775627255,0.0,7,32,80
1,19,6,2.8,10.564252161750357,0.0,7,32,80
1,19,7,2.8,10.585560714106588,0.0,7,32,80
1,19,8,2.8,8.892384707250406,0.0,7,32,80
1,19,9,2.8,13.996921662464374,0.0,7,32,80
1,19,10,2.8,12.738203514523109,0.0,7,32,80
1,19,11,2.8,14.663766662086267,0.0,7,32,80
1,19,12,2.8,12.350072484809017,0.0,7,32,80
1,19,13,2.8,9.971841640975626,0.0,7,32,80
1,19,14,2.8,10.270668178696111,0.0,7,32,80
1,19,15,3.0,15.483156934514676,0.0,7,32,80
1,19,16,2.8,9.914844683949035,0.0,7,32,80
1,19,17,2.8,10.414239152542766,0.0,7,32,80
1,19,18,2.8,11.37212319855492,0.0,7,32,80
1,19,19,2.8,11.40695716203843,0.0,7,32,80
1,19,20,2.8,9.722751084690154,0.0,7,32,80
1,19,21,3.0,8.824247549303658,0.0,7,32,80
1,19,22,2.0,19.65222536019157,0.0,4,32,80
2,19,1,2.8,13.642965287224074,0.0,7,32,80
2,19,2,2.8,10.699254782735869,0.0,7,32,80
2,19,3,3.0,12.346601009747905,0.0,7,32,80
2,19,4,2.8,9.96643360216417,0.0,7,32,80
2,19,5,2.8,9.86498643274762,0.0,7,32,80
2,19,6,2.8,10.475284323750813,0.0,7,32,80
2,19,7,3.0,10.3368694729475,0.0,7,32,80
2,19,8,2.8,9.928571829757491,0.0,7,32,80
2,19,9,2.8,10.853463305429711,0.0,7,32,80
2,19,10,2.8,15.254585639477131,0.0,7,32,80
2,19,11,2.8,8.404164534376632,0.0,7,32,80
2,19,12,2.8,12.270297948569667,0.0,7,32,80
2,19,13,2.8,12.99746893771269,0.0,7,32,80
2,19,14,2.8,12.750264779556472,0.0,7,32,80
2,19,15,2.8,9.788477669091847,0.0,7,32,80
2,19,16,2.8,11.64157436974583,0.0,7,32,80
2,19,17,2.8,10.479370322517715,0.0,7,32,80
2,19,18,2.8,10.128975727699357,0.0,7,32,80
2,19,19,3.0,13.414831600148794,0.0,7,32,80
2,19,20,2.8,8.380010756419992,0.0,7,32,80
2,19,21,2.8,8.47708827488677,0.0,7,32,80
2,19,22,2.6,13.27243818205826,0.0,6,32,80
3,19,1,2.8,9.627640862663311,0.0,7,32,80
3,19,2,2.8,11.028922204923568,0.0,7,32,80
3,19,3,2.8,10.129200598058869,0.0,7,32,80
3,19,4,2.8,9.43037149981189,0.0,7,32,80
3,19,5,2.8,10.291797751898,0.0,7,32,80
3,19,6,2.8,9.545481041637773,0.0,7,32,80
3,19,7,2.8,9.09901936212502,0.0,7,32,80
3,19,8,2.8,11.69361596509582,0.0,7,32,80
3,19,9,2.8,10.651573520208771,0.0,7,32,80
3,19,10,2.8,11.527316426446214,0.0,7,32,80
3,19,11,2.8,10.092257879488193,0.0,7,32,80
3,19,12,3.0,10.611263523301213,0.0,7,32,80
3,19,13,2.8,10.162880424325873,0.0,7,32,80
3,19,14,2.8,9.121995571027472,0.0,7,32,80
3,19,15,2.8,13.200020742659856,0.0,7,32,80
3,19,16,2.8,9.670676919575719,0.0,7,32,80
3,19,17,2.8,12.586979620037313,0.0,7,32,80
3,19,18,2.8,9.047893227784842,0.0,7,32,80
3,19,19,2.8,12.133018100172082,0.0,7,32,80
3,19,20,2.8,10.426214012251997,0.0,7,32,80
3,19,21,2.8,8.667333316889035,0.0,7,32,80
3,19,22,2.8,11.221362257499882,0.0,7,32,80
1,20,1,4.2,8.728405933491514,0.0,7,32,80
1,20,2,3.2,9.350954955748454,0.0,7,32,80
1,20,3,3.0,12.54600250055197,0.0,7,32,80
1,20,4,3.0,8.629788158826454,0.0,7,32,80
1,20,5,3.0,11.061320442726302,0.0,7,32,80
1,20,6,2.8,9.144487053445573,0.0,7,32,80
1,20,7,3.0,10.22945371386645,0.0,7,32,80
1,20,8,2.8,10.544434722438288,0.0,7,32,80
1,20,9,2.8,13.598358587969827,0.0,7,32,80
1,20,10,2.8,12.12022833164824,0.0,7,32,80
1,20,11,2.8,13.00978447269337,0.0,7,32,80
1,20,12,2.8,13.43822048580015,0.0,7,32,80
1,20,13,2.8,12.785193648047063,0.0,7,32,80
1,20,14,2.8,10.005621343735225,0.0,7,32,80
1,20,15,2.8,14.612894270461355,0.0,7,32,80
1,20,16,2.8,9.969062202801208,0.0,7,32,80
1,20,17,2.8,10.082872457417595,0.0,7,32,80
1,20,18,2.8,9.25167867621245,0.0,7,32,80
1,20,19,2.8,11.382123708781082,0.0,7,32,80
1,20,20,2.8,11.145483943298931,0.0,7,32,80
1,20,21,2.8,10.420433295609412,0.0,7,32,80
2,20,1,2.8,13.49248016452145,0.0,7,32,80
2,20,2,2.8,9.133450475285493,0.0,7,32,80
2,20,3,3.2,12.017738874301028,0.0,7,32,80
2,20,4,3.0,9.892475243538028,0.0,7,32,80
2,20,5,2.8,10.810069592493935,0.0,7,32,80
2,20,6,2.8,9.104798623270684,0.0,7,32,80
2,20,7,3.0,11.499595076718613,0.0,7,32,80
2,20,8,2.8,9.365494355204845,0.0,7,32,80
2,20,9,2.8,11.593862278993178,0.0,7,32,80
2,20,10,2.8,13.95417372463867,0.0,7,32,80
2,20,11,2.8,8.233381760624603,0.0,7,32,80
2,20,12,2.8,16.60517586479783,0.0,7,32,80
2,20,13,2.8,11.142829312528386,0.0,7,32,80
2,20,14,2.8,11.297126856275826,0.0,7,32,80
2,20,15,2.8,10.435760201241917,0.0,7,32,80
2,20,16,2.8,13.181689148183771,0.0,7,32,80
2,20,17,2.8,9.999831159906241,0.0,7,32,80
2,20,18,2.8,10.977355406331972,0.0,7,32,80
2,20,19,3.0,11.499096353480509,0.0,7,32,80
2,20,20,2.8,9.322122088685695,0.0,7,32,80
2,20,21,2.8,8.846262475745416,0.0,7,32,80
2,20,22,2.2,15.517887847674286,0.0,5,32,80
3,20,1,2.8,9.420042567588185,0.0,7,32,80
3,20,2,2.8,10.738460191235681,0.0,7,32,80
3,20,3,3.0,11.761316795818468,0.0,7,32,80
3,20,4,2.8,8.730640790493874,0.0,7,32,80
3,20,5,2.8,8.602997918526444,0.0,7,32,80
3,20,6,2.8,8.776943650320721,0.0,7,32,80
3,20,7,2.8,10.8452608207822,0.0,7,32,80
3,20,8,2.8,11.848095907805819,0.0,7,32,80
3,20,9,2.8,11.87060910797249,0.0,7,32,80
3,20,10,2.8,11.651111994509519,0.0,7,32,80
3,20,11,2.8,12.133845598595572,0.0,7,32,80
3,20,12,3.0,10.3789269047946,0.0,7,32,80
3,20,13,2.8,8.411860427037718,0.0,7,32,80
3,20,14,2.8,11.06961816448123,0.0,7,32,80
3,20,15,2.8,11.953431512054973,0.0,7,32,80
3,20,16,2.8,10.744333157767008,0.0,7,32,80
3,20,17,2.8,13.731583369236848,0.0,7,32,80
3,20,18,2.8,10.12683954854602,0.0,7,32,80
3,20,19,2.8,12.275949098603553,0.0,7,32,80
3,20,20,2.8,10.077966648583748,0.0,7,32,80
3,20,21,2.8,9.059743910008526,0.0,7,32,80
3,20,22,2.8,11.213637938993616,0.0,7,32,80
1,21,1,4.0,9.433887820022324,0.0,7,32,80
1,21,2,3.2,12.875703827943072,0.0,7,32,80
1,21,3,3.0,11.337190674122727,0.0,7,32,80
1,21,4,3.0,8.397102403321004,0.0,7,32,80
1,21,5,3.0,12.191482548673624,0.0,7,32,80
1,21,6,2.8,10.83005921934519,0.0,7,32,80
1,21,7,2.8,10.872034461211037,0.0,7,32,80
1,21,8,2.8,10.23682817512043,0.0,7,32,80
1,21,9,2.8,14.82325693655247,0.0,7,32,80
1,21,10,2.8,13.098143556904331,0.0,7,32,80
1,21,11,2.8,12.634591395610876,0.0,7,32,80
1,21,12,2.8,14.453172481486071,0.0,7,32,80
1,21,13,2.8,12.442645201545993,0.0,7,32,80
1,21,14,2.8,11.986797607825277,0.0,7,32,80
1,21,15,2.8,13.402178787741706,0.0,7,32,80
1,21,16,2.8,10.562616544984841,0.0,7,32,80
1,21,17,2.8,10.517607900069864,0.0,7,32,80
1,21,18,3.0,10.258409986015444,0.0,7,32,80
1,21,19,2.8,10.278473427966908,0.0,7,32,80
1,21,20,2.8,11.615626662980768,0.0,7,32,80
1,21,21,2.8,10.98817846621216,0.0,7,32,80
1,21,22,2.25,10.986606221678521,0.0,4,32,80
2,21,1,2.8,16.167440325201767,0.0,7,32,80
2,21,2,2.8,10.624908081705518,0.0,7,32,80
2,21,3,3.6,8.85681924879323,0.125,7,32,80
2,21,4,2.8,9.538221612233924,0.0,7,32,80
2,21,5,2.8,11.166624616151802,0.0,7,32,80
2,21,6,2.8,10.151070855086658,0.0,7,32,80
2,21,7,3.0,11.501100896273044,0.0,7,32,80
2,21,8,2.8,10.20923401885167,0.0,7,32,80
2,21,9,2.8,11.522265181976827,0.0,7,32,80
2,21,10,2.8,11.562254396331133,0.0,7,32,80
2,21,11,2.8,8.611768865969749,0.0,7,32,80
2,21,12,2.8,12.989722531876074,0.0,7,32,80
2,21,13,2.8,12.699815994481686,0.0,7,32,80
2,21,14,2.8,10.002223489538562,0.0,7,32,80
2,21,15,2.8,8.720645064779122,0.0,7,32,80
2,21,16,2.8,11.320011805275897,0.0,7,32,80
2,21,17,2.8,9.891377874601334,0.0,7,32,80
2,21,18,2.8,11.69470661261393,0.0,7,32,80
2,21,19,2.8,12.56129380819239,0.0,7,32,80
2,21,20,2.8,10.09116217210424,0.0,7,32,80
2,21,21,2.8,9.233564908984192,0.0,7,32,80
2,21,22,2.2,16.217384000638432,0.0,5,32,80
3,21,1,2.8,9.111312114648655,0.0,7,32,80
3,21,2,2.8,12.342010724959454,0.0,7,32,80
3,21,3,2.8,11.766047476257068,0.0,7,32,80
3,21,4,2.8,9.714979626510361,0.0,7,32,80
3,21,5,2.8,10.021969570954015,0.0,7,32,80
3,21,6,2.8,9.805644246311498,0.0,7,32,80
3,21,7,2.8,8.874572291270137,0.0,7,32,80
3,21,8,2.8,11.806481756612632,0.0,7,32,80
3,21,9,2.8,11.917641161609131,0.0,7,32,80
3,21,10,2.8,11.189876482630174,0.0,7,32,80
3,21,11,2.8,10.365935848733823,0.0,7,32,80
3,21,12,2.8,12.359087136252207,0.0,7,32,80
3,21,13,2.8,9.340714901724684,0.0,7,32,80
3,21,14,2.8,9.503351761976285,0.0,7,32,80
3,21,15,2.8,12.28853097073206,0.0,7,32,80
3,21,16,2.8,10.433015087299772,0.0,7,32,80
3,21,17,2.8,14.980059688608238,0.0,7,32,80
3,21,18,2.8,10.130601271063009,0.0,7,32,80
3,21,19,2.8,9.595308014206921,0.0,7,32,80
3,21,20,2.8,9.693725527761277,0.0,7,32,80
3,21,21,2.8,8.90521486938842,0.0,7,32,80
3,21,22,2.8,12.67021097178415,0.0,7,32,80
1,22,1,4.2,9.469039712474379,0.0,7,32,80
1,22,2,3.0,12.920668431555432,0.0,7,32,80
1,22,3,3.0,10.945917473231875,0.0,7,32,80
1,22,4,2.8,8.773470347402716,0.0,7,32,80
1,22,5,3.0,10.638301164026858,0.0,7,32,80
1,22,6,2.8,9.611949711739515,0.0,7,32,80
1,22,7,2.8,10.436971387085752,0.0,7,32,80
1,22,8,2.8,11.283532820776994,0.0,7,32,80
1,22,9,2.8,11.990440336541369,0.0,7,32,80
1,22,10,2.8,11.408438751641752,0.0,7,32,80
1,22,11,2.8,11.626523497650945,0.0,7,32,80
1,22,12,2.8,11.86650534128143,0.0,7,32,80
1,22,13,2.8,9.329562128112862,0.0,7,32,80
1,22,14,2.8,12.116399371312522,0.0,7,32,80
1,22,15,2.8,12.887638753155157,0.0,7,32,80
1,22,16,2.8,10.061643164825815,0.0,7,32,80
1,22,17,2.8,11.209855648849983,0.0,7,32,80
1,22,18,2.8,9.12430307686189,0.0,7,32,80
1,22,19,2.8,11.123748717957891,0.0,7,32,80
1,22,20,3.0,10.769928582608518,0.0,7,32,80
1,22,21,2.8,10.278245160162099,0.0,7,32,80
1,22,22,2.0,13.137283724849272,0.0,5,32,80
2,22,1,2.8,14.21366869733136,0.0,7,32,80
2,22,2,2.8,10.032351484224252,0.0,7,32,80
2,22,3,3.6,7.855735714732189,0.125,7,32,80
2,22,4,2.8,10.45093306906129,0.0,7,32,80
2,22,5,2.8,11.656094308229246,0.0,7,32,80
2,22,6,2.8,9.416517989159214,0.0,7,32,80
2,22,7,3.0,10.715268247884156,0.0,7,32,80
2,22,8,2.8,9.57023698464387,0.0,7,32,80
2,22,9,2.8,11.372294282701594,0.0,7,32,80
2,22,10,2.8,11.040467701347646,0.0,7,32,80
2,22,11,2.8,8.835707593034368,0.0,7,32,80
2,22,12,2.8,11.833615215507043,0.0,7,32,80
2,22,13,2.8,14.787832145129538,0.0,7,32,80
2,22,14,2.8,10.185451782922476,0.0,7,32,80
2,22,15,2.8,9.64173398604067,0.0,7,32,80
2,22,16,2.8,12.97732309073564,0.0,7,32,80
2,22,17,2.8,10.137297532304302,0.0,7,32,80
2,22,18,2.8,11.181577504794694,0.0,7,32,80
2,22,19,2.8,13.80918935572434,0.0,7,32,80
2,22,20,3.0,7.639366168262301,0.0,7,32,80
2,22,21,2.8,8.529041066730231,0.0,7,32,80
2,22,22,2.0,14.326837262280856,0.0,5,32,80
3,22,1,2.8,9.3767166357792,0.0,7,32,80
3,22,2,2.8,12.121859714802646,0.0,7,32,80
3,22,3,2.8,10.422644450896138,0.0,7,32,80
3,22,4,2.8,8.192453538213108,0.0,7,32,80
3,22,5,2.8,10.309145252124706,0.0,7,32,80
3,22,6,2.8,10.604736404313382,0.0,7,32,80
3,22,7,2.8,9.363697810254758,0.0,7,32,80
3,22,8,2.8,10.261420854308682,0.0,7,32,80
3,22,9,2.8,13.091038908777037,0.0,7,32,80
3,22,10,2.8,11.955441265842042,0.0,7,32,80
3,22,11,2.8,12.110620018135904,0.0,7,32,80
3,22,12,2.8,11.102693385458506,0.0,7,32,80
3,22,13,2.8,8.777683856824932,0.0,7,32,80
3,22,14,2.8,9.839712177722127,0.0,7,32,80
3,22,15,2.8,10.679272189753648,0.0,7,32,80
3,22,16,2.8,10.415248562993952,0.0,7,32,80
3,22,17,2.8,14.727557406235867,0.0,7,32,80
3,22,18,2.8,12.883431957026534,0.0,7,32,80
3,22,19,2.8,10.324177730990012,0.0,7,32,80
3,22,20,2.8,10.438203757887798,0.0,7,32,80
3,22,21,2.8,9.757655483852435,0.0,7,32,80
3,22,22,2.8,11.248732546928624,0.0,7,32,80
1,23,1,4.2,8.149969199560442,0.0,7,32,80
1,23,2,3.2,11.534632076390718,0.0,7,32,80
1,23,3,3.0,9.889846814998638,0.0,7,32,80
1,23,4,3.0,8.17329845967962,0.0,7,32,80
1,23,5,3.0,11.205298841494388,0.0,7,32,80
1,23,6,2.8,9.84678351304194,0.0,7,32,80
1,23,7,2.8,10.82255495166999,0.0,7,32,80
1,23,8,2.8,9.813943892859939,0.0,7,32,80
1,23,9,2.8,12.430896625290599,0.0,7,32,80
1,23,10,2.8,11.756513394584912,0.0,7,32,80
1,23,11,2.8,14.619616177548995,0.0,7,32,80
1,23,12,2.8,12.31277732464009,0.0,7,32,80
1,23,13,2.8,11.764342266579565,0.0,7,32,80
1,23,14,2.8,11.628228677123024,0.0,7,32,80
1,23,15,2.8,17.02886824673474,0.0,7,32,80
1,23,16,2.8,11.041163466614698,0.0,7,32,80
1,23,17,2.8,8.7380146789732,0.0,7,32,80
1,23,18,3.2,8.064723305296326,0.0,7,32,80
1,23,19,2.8,10.961465138052365,0.0,7,32,80
1,23,20,2.8,11.35027057553735,0.0,7,32,80
1,23,21,3.0,8.350590204046856,0.0,7,32,80
2,23,1,2.8,13.828038517437493,0.0,7,32,80
2,23,2,2.8,11.418342898398109,0.0,7,32,80
2,23,3,3.8,8.26023602629587,0.125,7,32,80
2,23,4,2.8,12.372495288562348,0.0,7,32,80
2,23,5,2.8,10.275437819625393,0.0,7,32,80
2,23,6,2.8,10.649823633774638,0.0,7,32,80
2,23,7,2.8,12.728247205586477,0.0,7,32,80
2,23,8,2.8,10.766350987865257,0.0,7,32,80
2,23,9,2.8,11.33015985277787,0.0,7,32,80
2,23,10,2.8,11.41124753293226,0.0,7,32,80
2,23,11,2.8,9.044772906936403,0.0,7,32,80
2,23,12,2.8,12.043330241370233,0.0,7,32,80
2,23,13,2.8,11.816508148409444,0.0,7,32,80
2,23,14,2.8,10.101340873570079,0.0,7,32,80
2,23,15,2.8,8.598050392516761,0.0,7,32,80
2,23,16,2.8,11.21621447359181,0.0,7,32,80
2,23,17,2.8,10.187956171091699,0.0,7,32,80
2,23,18,2.8,10.618599635834547,0.0,7,32,80
2,23,19,3.0,8.929798759028706,0.0,7,32,80
2,23,20,2.8,9.562468074802286,0.0,7,32,80
2,23,21,2.8,8.365715441567746,0.0,7,32,80
2,23,22,2.0,14.226859451308174,0.0,5,32,80
3,23,1,2.8,10.326629183666217,0.0,7,32,80
3,23,2,2.8,11.048846042626643,0.0,7,32,80
3,23,3,2.8,10.146003844405742,0.0,7,32,80
3,23,4,2.8,9.871784868326555,0.0,7,32,80
3,23,5,2.8,10.91635280021064,0.0,7,32,80
3,23,6,2.8,8.932104329826702,0.0,7,32,80
3,23,7,2.8,10.007171861505574,0.0,7,32,80
3,23,8,2.8,10.999610224541092,0.0,7,32,80
3,23,9,2.8,12.979909559480657,0.0,7,32,80
3,23,10,2.8,11.748749692618677,0.0,7,32,80
3,23,11,2.8,12.256232165789834,0.0,7,32,80
3,23,12,3.0,10.97297999715225,0.0,7,32,80
3,23,13,2.8,9.665023639443168,0.0,7,32,80
3,23,14,3.0,9.020543339926148,0.0,7,32,80
3,23,15,2.8,12.119233135091108,0.0,7,32,80
3,23,16,2.8,9.405923862337161,0.0,7,32,80
3,23,17,2.8,14.866407516989938,0.0,7,32,80
3,23,18,2.8,10.674758977802309,0.0,7,32,80
3,23,19,2.8,10.80167541135522,0.0,7,32,80
3,23,20,2.8,10.56542900577928,0.0,7,32,80
3,23,21,2.8,9.223699148324917,0.0,7,32,80
3,23,22,2.8,9.122849644833995,0.0,7,32,80
1,24,1,4.2,9.43937446125539,0.0,7,32,80
1,24,2,3.4,9.477613534360025,0.0,7,32,80
1,24,3,3.0,11.42428500466152,0.0,7,32,80
1,24,4,3.0,9.471642501900641,0.0,7,32,80
1,24,5,3.0,11.085672136451219,0.0,7,32,80
1,24,6,2.8,10.732066753052944,0.0,7,32,80
1,24,7,2.8,11.132912607123789,0.0,7,32,80
1,24,8,2.8,9.123586226081942,0.0,7,32,80
1,24,9,2.8,11.697759351736492,0.0,7,32,80
1,24,10,2.8,11.21773336625119,0.0,7,32,80
1,24,11,2.8,15.05784264306947,0.0,7,32,80
1,24,12,2.8,12.648441297723624,0.0,7,32,80
1,24,13,2.8,11.214790069547751,0.0,7,32,80
1,24,14,2.8,12.341735301264599,0.0,7,32,80
1,24,15,2.8,12.06708071674318,0.0,7,32,80
1,24,16,2.8,11.968922267186569,0.0,7,32,80
1,24,17,3.0,8.756340847189565,0.0,7,32,80
1,24,18,2.8,11.18937546642504,0.0,7,32,80
1,24,19,2.8,9.508576638255194,0.0,7,32,80
1,24,20,2.8,10.180564389603184,0.0,7,32,80
1,24,21,3.0,9.756711766733746,0.0,7,32,80
2,24,1,2.8,12.080072112736733,0.0,7,32,80
2,24,2,2.8,9.229934303791218,0.0,7,32,80
2,24,3,3.6,8.5713382219638,0.125,7,32,80
2,24,4,2.8,10.292645219484738,0.0,7,32,80
2,24,5,2.8,11.311185596694154,0.0,7,32,80
2,24,6,2.8,10.392553067244714,0.0,7,32,80
2,24,7,2.8,12.292109957811427,0.0,7,32,80
2,24,8,2.8,10.489900224230823,0.0,7,32,80
2,24,9,2.8,11.211319190773787,0.0,7,32,80
2,24,10,2.8,13.462722957969174,0.0,7,32,80
2,24,11,2.8,8.357133490202608,0.0,7,32,80
2,24,12,2.8,13.087483722375419,0.0,7,32,80
2,24,13,2.8,10.403619783223418,0.0,7,32,80
2,24,14,2.8,11.59701922766215,0.0,7,32,80
2,24,15,2.8,9.661000449506082,0.0,7,32,80
2,24,16,2.8,11.305507611758468,0.0,7,32,80
2,24,17,2.8,9.729403685688041,0.0,7,32,80
2,24,18,2.8,12.684886288809986,0.0,7,32,80
2,24,19,3.0,10.904541250909416,0.0,7,32,80
2,24,20,2.8,8.736233933915203,0.0,7,32,80
2,24,21,2.8,8.621795203560987,0.0,7,32,80
2,24,22,2.2,13.67851254306743,0.0,5,32,80
3,24,1,2.8,9.522710421331485,0.0,7,32,80
3,24,2,3.0,10.336788372068801,0.0,7,32,80
3,24,3,2.8,12.718385259535497,0.0,7,32,80
3,24,4,2.8,9.121252119463136,0.0,7,32,80
3,24,5,2.8,9.881777577694017,0.0,7,32,80
3,24,6,2.8,8.628358389177663,0.0,7,32,80
3,24,7,2.8,10.674900153701001,0.0,7,32,80
3,24,8,2.8,11.578929283076286,0.0,7,32,80
3,24,9,2.8,10.327236302094157,0.0,7,32,80
3,24,10,2.8,10.211598247311843,0.0,7,32,80
3,24,11,2.8,11.897804145334382,0.0,7,32,80
3,24,12,2.8,13.067268680130294,0.0,7,32,80
3,24,13,2.8,9.634573561178591,0.0,7,32,80
3,24,14,2.8,8.453747093824973,0.0,7,32,80
3,24,15,2.8,11.868089599498074,0.0,7,32,80
3,24,16,2.8,10.019203373411411,0.0,7,32,80
3,24,17,2.8,12.98791580411664,0.0,7,32,80
3,24,18,2.8,10.059873118908557,0.0,7,32,80
3,24,19,2.8,12.303874710320486,0.0,7,32,80
3,24,20,2.8,9.714144104966895,0.0,7,32,80
3,24,21,2.8,9.243711533574064,0.0,7,32,80
3,24,22,2.8,10.691723142317299,0.0,7,32,80
1,25,1,4.2,9.970384744449609,0.0,7,32,80
1,25,2,3.0,10.948716361499216,0.0,7,32,80
1,25,3,3.0,11.466628534919684,0.0,7,32,80
1,25,4,3.0,8.776214146431082,0.0,7,32,80
1,25,5,2.8,10.541257782635581,0.0,7,32,80
1,25,6,2.8,9.994558762629469,0.0,7,32,80
1,25,7,2.8,10.546570205778474,0.0,7,32,80
1,25,8,2.8,9.894060770184,0.0,7,32,80
1,25,9,2.8,15.468434206816916,0.0,7,32,80
1,25,10,2.8,10.95227364267785,0.0,7,32,80
1,25,11,2.8,16.678734886203248,0.0,7,32,80
1,25,12,2.8,12.585209518323014,0.0,7,32,80
1,25,13,2.8,10.573707173176405,0.0,7,32,80
1,25,14,2.8,10.812029030296287,0.0,7,32,80
1,25,15,2.8,13.433503607781423,0.0,7,32,80
1,25,16,2.8,10.028155193815621,0.0,7,32,80
1,25,17,2.8,10.617332173203879,0.0,7,32,80
1,25,18,3.2,8.66544017553275,0.0,7,32,80
1,25,19,2.8,10.475010578305362,0.0,7,32,80
1,25,20,2.8,9.691477473276086,0.0,7,32,80
1,25,21,3.0,8.73471247087075,0.0,7,32,80
1,25,22,2.0,14.819314939986304,0.0,4,32,80
2,25,1,2.8,16.167440325201664,0.0,7,32,80
2,25,2,2.8,11.838264003575402,0.0,7,32,80
2,25,3,3.8,8.096218989086843,0.125,7,32,80
2,25,4,2.8,10.993654644905217,0.0,7,32,80
2,25,5,2.8,9.166608923132394,0.0,7,32,80
2,25,6,2.8,10.649823633774679,0.0,7,32,80
2,25,7,3.0,10.957451479738038,0.0,7,32,80
2,25,8,2.8,11.03304958859721,0.0,7,32,80
2,25,9,2.8,12.400447586003846,0.0,7,32,80
2,25,10,2.8,11.094073758087132,0.0,7,32,80
2,25,11,2.8,9.830582289352009,0.0,7,32,80
2,25,12,2.8,12.98537612628083,0.0,7,32,80
2,25,13,2.8,11.01397068712712,0.0,7,32,80
2,25,14,2.8,9.072795533595858,0.0,7,32,80
2,25,15,2.8,10.138770706643779,0.0,7,32,80
2,25,16,2.8,10.861339443644082,0.0,7,32,80
2,25,17,2.8,10.660759572802831,0.0,7,32,80
2,25,18,2.8,10.922705415974688,0.0,7,32,80
2,25,19,2.8,11.1865475818947,0.0,7,32,80
2,25,20,2.8,9.547540662963337,0.0,7,32,80
2,25,21,2.8,8.748643127808828,0.0,7,32,80
2,25,22,2.0,15.332480109772321,0.0,5,32,80
3,25,1,2.8,9.688645936642732,0.0,7,32,80
3,25,2,2.8,11.272855601687514,0.0,7,32,80
3,25,3,2.8,10.847823003703237,0.0,7,32,80
3,25,4,2.8,9.684214458706279,0.0,7,32,80
3,25,5,2.8,10.432234764288522,0.0,7,32,80
3,25,6,2.8,10.047267288351577,0.0,7,32,80
3,25,7,2.8,9.990824950131486,0.0,7,32,80
3,25,8,2.8,11.649071562809501,0.0,7,32,80
3,25,9,2.8,12.350834854175824,0.0,7,32,80
3,25,10,2.8,13.193338374831658,0.0,7,32,80
3,25,11,2.8,10.092257879488114,0.0,7,32,80
3,25,12,2.8,11.586453089654505,0.0,7,32,80
3,25,13,2.8,9.355002097831049,0.0,7,32,80
3,25,14,2.8,9.518141209419186,0.0,7,32,80
3,25,15,2.8,16.022954346469476,0.0,7,32,80
3,25,16,2.8,12.951632486125074,0.0,7,32,80
3,25,17,2.8,14.587055777367814,0.0,7,32,80
3,25,18,3.0,9.558125206181762,0.0,7,32,80
3,25,19,2.8,12.739555173258047,0.0,7,32,80
3,25,20,2.8,10.588669177561895,0.0,7,32,80
3,25,21,2.8,8.894209205827345,0.0,7,32,80
3,25,22,2.8,10.526115135647455,0.0,7,32,80
1,26,1,4.2,8.30726271919251,0.0,7,32,80
1,26,2,3.4,10.286536273496123,0.0,7,32,80
1,26,3,3.0,10.188131443407459,0.0,7,32,80
1,26,4,2.8,10.270465251226929,0.0,7,32,80
1,26,5,2.8,13.732915676638715,0.0,7,32,80
1,26,6,2.8,9.969985864768823,0.0,7,32,80
1,26,7,2.8,9.988962370205794,0.0,7,32,80
1,26,8,2.8,9.49486726517834,0.0,7,32,80
1,26,9,2.8,15.197085803035419,0.0,7,32,80
1,26,10,2.8,11.055566081260043,0.0,7,32,80
1,26,11,2.8,14.114236181446028,0.0,7,32,80
1,26,12,2.8,13.422952213237156,0.0,7,32,80
1,26,13,2.8,11.626426103778359,0.0,7,32,80
1,26,14,2.8,11.684641892417119,0.0,7,32,80
1,26,15,2.8,12.969506577696936,0.0,7,32,80
1,26,16,2.8,9.15107072636997,0.0,7,32,80
1,26,17,2.8,9.657922138265087,0.0,7,32,80
1,26,18,3.0,9.498435730866097,0.0,7,32,80
1,26,19,2.8,11.786239731323901,0.0,7,32,80
1,26,20,2.8,11.163728988316667,0.0,7,32,80
1,26,21,3.0,8.609912004506903,0.0,7,32,80
1,26,22,2.0,14.639308690771392,0.0,4,32,80
2,26,1,2.8,14.14791026056279,0.0,7,32,80
2,26,2,2.8,11.127504401582229,0.0,7,32,80
2,26,3,3.8,8.39631321681224,0.125,7,32,80
2,26,4,2.8,11.215409381903735,0.0,7,32,80
2,26,5,2.8,9.40627031654877,0.0,7,32,80
2,26,6,2.8,10.994419632059358,0.0,7,32,80
2,26,7,3.0,10.840918225330805,0.0,7,32,80
2,26,8,2.8,12.248272967954266,0.0,7,32,80
2,26,9,2.8,11.689438321740083,0.0,7,32,80
2,26,10,2.8,10.121066260822953,0.0,7,32,80
2,26,11,2.8,10.123472082663858,0.0,7,32,80
2,26,12,2.8,11.899054460062061,0.0,7,32,80
2,26,13,2.8,11.468319481544802,0.0,7,32,80
2,26,14,2.8,10.057480376740374,0.0,7,32,80
2,26,15,2.8,9.876804811377772,0.0,7,32,80
2,26,16,2.8,10.346854398106672,0.0,7,32,80
2,26,17,2.8,12.69683829206079,0.0,7,32,80
2,26,18,2.8,11.877215141929083,0.0,7,32,80
2,26,19,3.0,11.077090932770087,0.0,7,32,80
2,26,20,2.8,8.096673714713642,0.0,7,32,80
2,26,21,3.0,8.168983085515451,0.0,7,32,80
2,26,22,2.0,17.162044084927047,0.0,4,32,80
3,26,1,2.8,9.8923639937559,0.0,7,32,80
3,26,2,2.8,12.218727242403855,0.0,7,32,80
3,26,3,2.8,11.743455745066278,0.0,7,32,80
3,26,4,2.8,9.093851484026038,0.0,7,32,80
3,26,5,2.8,8.771509898547542,0.0,7,32,80
3,26,6,2.8,10.423995237246473,0.0,7,32,80
3,26,7,2.8,8.991999630747166,0.0,7,32,80
3,26,8,2.8,11.76107499646147,0.0,7,32,80
3,26,9,2.8,12.73663764702561,0.0,7,32,80
3,26,10,2.8,11.41970065114863,0.0,7,32,80
3,26,11,2.8,11.671513235213064,0.0,7,32,80
3,26,12,3.0,11.488258215596648,0.0,7,32,80
3,26,13,2.8,9.426679410503134,0.0,7,32,80
3,26,14,2.8,10.912275112462897,0.0,7,32,80
3,26,15,2.8,11.709043408563788,0.0,7,32,80
3,26,16,2.8,9.549876726871698,0.0,7,32,80
3,26,17,2.8,12.185728722080057,0.0,7,32,80
3,26,18,2.8,10.143292014547315,0.0,7,32,80
3,26,19,2.8,11.85090414042237,0.0,7,32,80
3,26,20,2.8,10.01641293359563,0.0,7,32,80
3,26,21,2.8,8.817275614303384,0.0,7,32,80
3,26,22,2.8,12.08617497440588,0.0,7,32,80
1,27,1,4.2,8.665647105987055,0.0,7,32,80
1,27,2,3.2,10.435960831357727,0.0,7,32,80
1,27,3,3.0,10.890780940982014,0.0,7,32,80
1,27,4,3.2,9.133578028819183,0.0,7,32,80
1,27,5,2.8,10.603610570305268,0.0,7,32,80
1,27,6,2.8,11.037099188051075,0.0,7,32,80
1,27,7,2.8,11.728291490804587,0.0,7,32,80
1,27,8,2.8,9.102387978344618,0.0,7,32,80
1,27,9,2.8,12.303989127919536,0.0,7,32,80
1,27,10,2.8,10.74983560885416,0.0,7,32,80
1,27,11,2.8,14.619616177548952,0.0,7,32,80
1,27,12,2.8,11.760109588245198,0.0,7,32,80
1,27,13,2.8,11.279876003301442,0.0,7,32,80
1,27,14,2.8,11.451448783652792,0.0,7,32,80
1,27,15,2.8,13.046984550785789,0.0,7,32,80
1,27,16,2.8,10.688647351402151,0.0,7,32,80
1,27,17,2.8,8.420549967613043,0.0,7,32,80
1,27,18,3.0,9.588513996384865,0.0,7,32,80
1,27,19,3.0,10.068691443456347,0.0,7,32,80
1,27,20,2.8,10.215079756516193,0.0,7,32,80
1,27,21,3.0,8.420603499874662,0.0,7,32,80
2,27,1,2.8,13.032476060080857,0.0,7,32,80
2,27,2,2.8,10.032351484224252,0.0,7,32,80
2,27,3,3.6,9.65365220064642,0.125,7,32,80
2,27,4,2.8,9.72012615981095,0.0,7,32,80
2,27,5,2.8,10.40662265087358,0.0,7,32,80
2,27,6,2.8,9.700277952999592,0.0,7,32,80
2,27,7,2.8,14.439629974637567,0.0,7,32,80
2,27,8,2.8,10.383051189558694,0.0,7,32,80
2,27,9,2.8,11.170366998567308,0.0,7,32,80
2,27,10,2.8,11.892119900960413,0.0,7,32,80
2,27,11,2.8,8.266767286379574,0.0,7,32,80
2,27,12,2.8,10.649219752143424,0.0,7,32,80
2,27,13,2.8,11.832674053431054,0.0,7,32,80
2,27,14,2.8,11.132622099826833,0.0,7,32,80
2,27,15,2.8,9.555345574517027,0.0,7,32,80
2,27,16,2.8,12.281711208591036,0.0,7,32,80
2,27,17,2.8,8.792302187750092,0.0,7,32,80
2,27,18,2.8,11.51469197550722,0.0,7,32,80
2,27,19,2.8,12.269505886932023,0.0,7,32,80
2,27,20,2.8,8.203523703865656,0.0,7,32,80
2,27,21,2.8,9.598189347718987,0.0,7,32,80
2,27,22,2.4,10.432938642242537,0.0,6,32,80
3,27,1,2.8,9.097759023682391,0.0,7,32,80
3,27,2,2.8,11.59337785998361,0.0,7,32,80
3,27,3,2.8,11.743455745066278,0.0,7,32,80
3,27,4,2.8,9.699572647379794,0.0,7,32,80
3,27,5,2.8,9.597358267540832,0.0,7,32,80
3,27,6,2.8,9.789948587705851,0.0,7,32,80
3,27,7,2.8,10.123115409590294,0.0,7,32,80
3,27,8,2.8,10.636165003162727,0.0,7,32,80
3,27,9,2.8,14.085981856873866,0.0,7,32,80
3,27,10,2.8,11.398418167647849,0.0,7,32,80
3,27,11,2.8,10.29613419652597,0.0,7,32,80
3,27,12,3.0,10.377210593063305,0.0,7,32,80
3,27,13,2.8,9.93183501288251,0.0,7,32,80
3,27,14,2.8,9.402464366204617,0.0,7,32,80
3,27,15,2.8,11.489090322508195,0.0,7,32,80
3,27,16,2.8,10.518921863589231,0.0,7,32,80
3,27,17,2.8,13.80899001482544,0.0,7,32,80
3,27,18,2.8,12.13582998807259,0.0,7,32,80
3,27,19,2.8,12.955438634544288,0.0,7,32,80
3,27,20,2.8,10.461882893274838,0.0,7,32,80
3,27,21,2.8,9.257703303081,0.0,7,32,80
3,27,22,2.8,12.206784934754802,0.0,7,32,80
1,28,1,4.2,9.904832445983702,0.0,7,32,80
1,28,2,3.0,13.59090817697476,0.0,7,32,80
1,28,3,3.0,12.36038727194464,0.0,7,32,80
1,28,4,3.0,8.339001566019993,0.0,7,32,80
1,28,5,2.8,12.940799397154159,0.0,7,32,80
1,28,6,2.8,10.629211343944204,0.0,7,32,80
1,28,7,3.0,10.259246211059544,0.0,7,32,80
1,28,8,2.8,10.254247772089888,0.0,7,32,80
1,28,9,2.8,14.228261968977883,0.0,7,32,80
1,28,10,2.8,12.002429849586882,0.0,7,32,80
1,28,11,2.8,14.418169919340661,0.0,7,32,80
1,28,12,2.8,12.741777995534623,0.0,7,32,80
1,28,13,2.8,13.03476200549777,0.0,7,32,80
1,28,14,2.8,10.766107002979139,0.0,7,32,80
1,28,15,2.8,16.481197592823513,0.0,7,32,80
1,28,16,2.8,9.137195065068436,0.0,7,32,80
1,28,17,2.8,10.647696597649961,0.0,7,32,80
1,28,18,3.0,9.85573986275382,0.0,7,32,80
1,28,19,3.0,9.061728823888656,0.0,7,32,80
1,28,20,2.8,11.249517080758103,0.0,7,32,80
1,28,21,2.8,9.044157564128202,0.0,7,32,80
2,28,1,2.8,12.977171622557028,0.0,7,32,80
2,28,2,3.0,8.858129174025859,0.0,7,32,80
2,28,3,3.8,9.652527684778915,0.125,7,32,80
2,28,4,3.0,9.086555169644853,0.0,7,32,80
2,28,5,2.8,11.294016020297551,0.0,7,32,80
2,28,6,2.8,11.02743153542993,0.0,7,32,80
2,28,7,3.0,9.477999218536823,0.0,7,32,80
2,28,8,2.8,11.8336078077743,0.0,7,32,80
2,28,9,2.8,11.859018151808074,0.0,7,32,80
2,28,10,2.8,13.082966223880877,0.0,7,32,80
2,28,11,2.8,10.518469951717048,0.0,7,32,80
2,28,12,2.8,12.599948905313614,0.0,7,32,80
2,28,13,2.8,12.505649015171002,0.0,7,32,80
2,28,14,2.8,11.097536890539415,0.0,7,32,80
2,28,15,3.0,8.04450568057901,0.0,7,32,80
2,28,16,2.8,11.414718319248184,0.0,7,32,80
2,28,17,2.8,10.027167143582059,0.0,7,32,80
2,28,18,2.8,12.536522793081046,0.0,7,32,80
2,28,19,2.8,12.717999688856729,0.0,7,32,80
2,28,20,2.8,9.048313128172872,0.0,7,32,80
2,28,21,2.8,9.506459468043206,0.0,7,32,80
3,28,1,2.8,8.733988040768137,0.0,7,32,80
3,28,2,2.8,10.462905027561309,0.0,7,32,80
3,28,3,2.8,11.330116270483988,0.0,7,32,80
3,28,4,2.8,9.080350250230488,0.0,7,32,80
3,28,5,2.8,9.391049877465031,0.0,7,32,80
3,28,6,2.8,8.893141254121971,0.0,7,32,80
3,28,7,2.8,10.17363205105061,0.0,7,32,80
3,28,8,2.8,11.738502338019146,0.0,7,32,80
3,28,9,2.8,13.290163770073617,0.0,7,32,80
3,28,10,2.8,12.267169639359068,0.0,7,32,80
3,28,11,2.8,10.581137257945981,0.0,7,32,80
3,28,12,3.0,10.704119756836125,0.0,7,32,80
3,28,13,2.8,10.67740177185933,0.0,7,32,80
3,28,14,3.0,9.12824765385246,0.0,7,32,80
3,28,15,2.8,12.023930569739855,0.0,7,32,80
3,28,16,2.8,9.989720219561416,0.0,7,32,80
3,28,17,2.8,14.377158316944227,0.0,7,32,80
3,28,18,3.0,10.069043628375363,0.0,7,32,80
3,28,19,2.8,14.892345552649985,0.0,7,32,80
3,28,20,2.8,9.577047628004555,0.0,7,32,80
3,28,21,2.8,8.440567812963671,0.0,7,32,80
3,28,22,2.8,9.616080616155465,0.0,7,32,80
1,29,1,4.4,8.926368365309507,0.0,7,32,80
1,29,2,3.2,10.246115815404526,0.0,7,32,80
1,29,3,3.0,11.087952192651379,0.0,7,32,80
1,29,4,3.0,9.155066236735161,0.0,7,32,80
1,29,5,2.8,12.020810806108372,0.0,7,32,80
1,29,6,2.8,9.798748805486644,0.0,7,32,80
1,29,7,3.0,9.312561142229853,0.0,7,32,80
1,29,8,2.8,9.23544818642619,0.0,7,32,80
1,29,9,2.8,14.041979216505274,0.0,7,32,80
1,29,10,2.8,14.44440621321487,0.0,7,32,80
1,29,11,2.8,13.689544821086946,0.0,7,32,80
1,29,12,2.8,13.408319535198853,0.0,7,32,80
1,29,13,2.8,12.068260127796325,0.0,7,32,80
1,29,14,2.8,12.16729881752444,0.0,7,32,80
1,29,15,2.8,13.262163503941153,0.0,7,32,80
1,29,16,2.8,11.60027403159563,0.0,7,32,80
1,29,17,2.8,9.525059137309107,0.0,7,32,80
1,29,18,2.8,9.043415181652259,0.0,7,32,80
1,29,19,3.0,11.445628384654283,0.0,7,32,80
1,29,20,2.8,10.028088420946661,0.0,7,32,80
1,29,21,3.0,9.377149353604297,0.0,7,32,80
2,29,1,2.8,13.316222872296478,0.0,7,32,80
2,29,2,3.0,11.151582160332481,0.0,7,32,80
2,29,3,3.4,9.51567225672276,0.0,7,32,80
2,29,4,3.0,9.435456805082811,0.0,7,32,80
2,29,5,2.8,9.334490707708447,0.0,7,32,80
2,29,6,2.8,10.539708937876599,0.0,7,32,80
2,29,7,3.0,12.155174643511295,0.0,7,32,80
2,29,8,2.8,12.498571460604564,0.0,7,32,80
2,29,9,2.8,12.129920350024003,0.0,7,32,80
2,29,10,2.8,11.195612531498323,0.0,7,32,80
2,29,11,2.8,9.278766392267235,0.0,7,32,80
2,29,12,2.8,12.507388473958665,0.0,7,32,80
2,29,13,2.8,13.144300850101784,0.0,7,32,80
2,29,14,2.8,9.99175787498807,0.0,7,32,80
2,29,15,2.8,9.973440090363393,0.0,7,32,80
2,29,16,2.8,10.34685439810659,0.0,7,32,80
2,29,17,2.8,11.975858265132983,0.0,7,32,80
2,29,18,2.8,10.74992239641967,0.0,7,32,80
2,29,19,2.8,12.287806721798287,0.0,7,32,80
2,29,20,2.8,9.823570734794812,0.0,7,32,80
2,29,21,2.8,9.737591453381768,0.0,7,32,80
2,29,22,2.0,16.099304884900963,0.0,5,32,80
3,29,1,2.8,9.813005188514353,0.0,7,32,80
3,29,2,2.8,10.167221924173155,0.0,7,32,80
3,29,3,2.8,9.49987410721238,0.0,7,32,80
3,29,4,2.8,9.273093091117467,0.0,7,32,80
3,29,5,2.8,9.522644218993255,0.0,7,32,80
3,29,6,2.8,9.916939031612683,0.0,7,32,80
3,29,7,2.8,10.224655400089377,0.0,7,32,80
3,29,8,2.8,10.490222181166347,0.0,7,32,80
3,29,9,2.8,12.301153303661279,0.0,7,32,80
3,29,10,2.8,11.149080505490062,0.0,7,32,80
3,29,11,2.8,11.6050748045062,0.0,7,32,80
3,29,12,3.0,12.03060346788154,0.0,7,32,80
3,29,13,2.8,8.702387068411209,0.0,7,32,80
3,29,14,2.8,10.270896180306151,0.0,7,32,80
3,29,15,2.8,12.12693932344536,0.0,7,32,80
3,29,16,2.8,10.101946371913694,0.0,7,32,80
3,29,17,2.8,14.326532476047692,0.0,7,32,80
3,29,18,2.8,10.563758751706422,0.0,7,32,80
3,29,19,2.8,14.287025889525653,0.0,7,32,80
3,29,20,2.8,11.636232047327825,0.0,7,32,80
3,29,21,2.8,10.015719368027867,0.0,7,32,80
3,29,22,2.8,12.557667100192681,0.0,7,32,80
1,30,1,4.0,9.770395045864433,0.0,7,32,80
1,30,2,3.2,9.28487623249428,0.0,7,32,80
1,30,3,2.8,13.071555943273152,0.0,7,32,80
1,30,4,3.2,7.694541992914136,0.0,7,32,80
1,30,5,2.8,11.20785376006863,0.0,7,32,80
1,30,6,2.8,9.401993676842274,0.0,7,32,80
1,30,7,2.8,9.139024113837927,0.0,7,32,80
1,30,8,2.8,9.671741968638504,0.0,7,32,80
1,30,9,2.8,13.027295954746034,0.0,7,32,80
1,30,10,2.8,9.669369559819998,0.0,7,32,80
1,30,11,2.8,15.68052812062274,0.0,7,32,80
1,30,12,2.8,11.937024816608966,0.0,7,32,80
1,30,13,2.8,10.80113671160594,0.0,7,32,80
1,30,14,2.8,13.841966890276193,0.0,7,32,80
1,30,15,2.8,16.665730002867182,0.0,7,32,80
1,30,16,2.8,9.912682534952625,0.0,7,32,80
1,30,17,2.8,10.985072112448684,0.0,7,32,80
1,30,18,2.8,9.207956378822391,0.0,7,32,80
1,30,19,2.8,10.13243784513538,0.0,7,32,80
1,30,20,2.8,10.736141533684625,0.0,7,32,80
1,30,21,2.8,11.629645204830346,0.0,7,32,80
1,30,22,2.2,12.957404670030357,0.0,5,32,80
2,30,1,3.0,14.053802056445702,0.0,7,32,80
2,30,2,3.0,9.598545872341491,0.0,7,32,80
2,30,3,3.6,8.04758645243963,0.0,7,32,80
2,30,4,3.2,9.518219610364778,0.0,7,32,80
2,30,5,2.8,11.578951775393316,0.0,7,32,80
2,30,6,2.8,8.987518786252387,0.0,7,32,80
2,30,7,3.0,10.82898714101877,0.0,7,32,80
2,30,8,2.8,11.284223916610891,0.0,7,32,80
2,30,9,2.8,13.05585796039254,0.0,7,32,80
2,30,10,2.8,9.274283385543045,0.0,7,32,80
2,30,11,2.8,11.803555409538774,0.0,7,32,80
2,30,12,2.8,12.818003633446592,0.0,7,32,80
2,30,13,2.8,10.960499670394132,0.0,7,32,80
2,30,14,2.8,12.394060791893821,0.0,7,32,80
2,30,15,3.0,8.446165270784345,0.0,7,32,80
2,30,16,2.8,10.97004854900243,0.0,7,32,80
2,30,17,2.8,11.923199713198066,0.0,7,32,80
2,30,18,2.8,11.41453053702404,0.0,7,32,80
2,30,19,3.0,10.594499180447938,0.0,7,32,80
2,30,20,2.8,9.180593449552454,0.0,7,32,80
2,30,21,2.8,10.69358128430383,0.0,7,32,80
3,30,1,3.0,10.14752217592346,0.0,7,32,80
3,30,2,2.8,14.08493304517782,0.0,7,32,80
3,30,3,2.8,12.535907974122443,0.0,7,32,80
3,30,4,2.8,9.793074305256019,0.0,7,32,80
3,30,5,2.8,10.438325884307062,0.0,7,32,80
3,30,6,2.8,8.200319083057828,0.0,7,32,80
3,30,7,2.8,10.21150659597938,0.0,7,32,80
3,30,8,2.8,11.176892243485574,0.0,7,32,80
3,30,9,2.8,11.963487307664828,0.0,7,32,80
3,30,10,2.8,9.602371686525817,0.0,7,32,80
3,30,11,2.8,11.241742421894681,0.0,7,32,80
3,30,12,3.0,10.361343962756411,0.0,7,32,80
3,30,13,2.8,8.601134344907104,0.0,7,32,80
3,30,14,2.8,10.167876792353198,0.0,7,32,80
3,30,15,2.8,11.612983604332184,0.0,7,32,80
3,30,16,2.8,9.689036094340006,0.0,7,32,80
3,30,17,2.8,18.020094574936458,0.0,7,32,80
3,30,18,3.0,9.763638370902001,0.0,7,32,80
3,30,19,2.8,12.413762911673631,0.0,7,32,80
3,30,20,2.8,10.851440401531342,0.0,7,32,80
3,30,21,2.8,8.394230001370184,0.0,7,32,80
3,30,22,2.8,11.852240150476632,0.0,7,32,80
1,31,1,4.0,9.915078771734684,0.0,7,32,80
1,31,2,3.2,10.161671460348007,0.0,7,32,80
1,31,3,2.8,14.697517738826718,0.0,7,32,80
1,31,4,3.0,7.771800560050936,0.0,7,32,80
1,31,5,2.8,12.536431817047127,0.0,7,32,80
1,31,6,2.8,10.744060999357442,0.0,7,32,80
1,31,7,2.8,9.809059911286017,0.0,7,32,80
1,31,8,2.8,11.359212469525023,0.0,7,32,80
1,31,9,2.8,12.986929808363843,0.0,7,32,80
1,31,10,2.8,10.806816030508177,0.0,7,32,80
1,31,11,2.8,13.257044249572111,0.0,7,32,80
1,31,12,2.8,14.51973560367423,0.0,7,32,80
1,31,13,2.8,11.140602445807746,0.0,7,32,80
1,31,14,2.8,11.883322484000008,0.0,7,32,80
1,31,15,2.8,14.972776752351715,0.0,7,32,80
1,31,16,2.8,9.5647692999592,0.0,7,32,80
1,31,17,2.8,9.875954087321798,0.0,7,32,80
1,31,18,2.8,10.08131386939569,0.0,7,32,80
1,31,19,3.0,9.325527395516891,0.0,7,32,80
1,31,20,3.0,10.750714527358918,0.0,7,32,80
1,31,21,2.8,12.341095055787445,0.0,7,32,80
1,31,22,2.0,11.573010860716058,0.0,5,32,80
2,31,1,2.8,14.691669213482509,0.0,7,32,80
2,31,2,2.8,9.902407399003723,0.0,7,32,80
2,31,3,3.8,9.04177201827394,0.125,7,32,80
2,31,4,2.8,10.9739291802153,0.0,7,32,80
2,31,5,2.8,10.088987300859534,0.0,7,32,80
2,31,6,2.8,9.672921470677373,0.0,7,32,80
2,31,7,3.0,11.177733469718541,0.0,7,32,80
2,31,8,2.8,11.776592910232614,0.0,7,32,80
2,31,9,2.8,11.667139545166323,0.0,7,32,80
2,31,10,2.8,10.994360245262053,0.0,7,32,80
2,31,11,2.8,9.926310813411364,0.0,7,32,80
2,31,12,2.8,13.013004486719367,0.0,7,32,80
2,31,13,2.8,16.383661335631565,0.0,7,32,80
2,31,14,2.8,9.195563476738835,0.0,7,32,80
2,31,15,2.8,8.860852490744136,0.0,7,32,80
2,31,16,3.0,9.953426826792496,0.0,7,32,80
2,31,17,2.8,10.446722602181545,0.0,7,32,80
2,31,18,2.8,11.169240415828815,0.0,7,32,80
2,31,19,3.0,9.224295590742287,0.0,7,32,80
2,31,20,2.8,8.601909834797459,0.0,7,32,80
2,31,21,2.8,8.085772301171657,0.0,7,32,80
2,31,22,2.0,22.030150162663386,0.0,4,32,80
3,31,1,2.8,9.179687823318469,0.0,7,32,80
3,31,2,2.8,11.593377859983509,0.0,7,32,80
3,31,3,2.8,10.984197119737619,0.0,7,32,80
3,31,4,2.8,10.33904321089063,0.0,7,32,80
3,31,5,2.8,10.155091594841942,0.0,7,32,80
3,31,6,2.8,9.327127622068826,0.0,7,32,80
3,31,7,2.8,9.942103089353084,0.0,7,32,80
3,31,8,2.8,11.829316869644707,0.0,7,32,80
3,31,9,2.8,11.757273074110142,0.0,7,32,80
3,31,10,2.8,11.25163333009836,0.0,7,32,80
3,31,11,2.8,11.410221608756824,0.0,7,32,80
3,31,12,3.0,10.704119756836125,0.0,7,32,80
3,31,13,2.8,9.74199761968482,0.0,7,32,80
3,31,14,3.0,9.692413726257893,0.0,7,32,80
3,31,15,2.8,10.928235560128163,0.0,7,32,80
3,31,16,2.8,10.038911053607025,0.0,7,32,80
3,31,17,2.8,13.609363609161555,0.0,7,32,80
3,31,18,2.8,11.141455146868642,0.0,7,32,80
3,31,19,2.8,11.0555012997683,0.0,7,32,80
3,31,20,2.8,11.520708754788195,0.0,7,32,80
3,31,21,2.8,10.294978305958722,0.0,7,32,80
3,31,22,2.8,9.476218772502211,0.0,7,32,80
1,32,1,4.2,8.678126567929787,0.0,7,32,80
1,32,2,3.2,11.109336613187224,0.0,7,32,80
1,32,3,2.8,11.190707071663129,0.0,7,32,80
1,32,4,3.0,8.049387841588842,0.0,7,32,80
1,32,5,3.0,9.825871039080896,0.0,7,32,80
1,32,6,2.8,11.068774656841445,0.0,7,32,80
1,32,7,2.8,10.420810212618136,0.0,7,32,80
1,32,8,2.8,9.33310522079859,0.0,7,32,80
1,32,9,2.8,11.48853767250426,0.0,7,32,80
1,32,10,2.8,11.433127328419642,0.0,7,32,80
1,32,11,2.8,12.687795636822164,0.0,7,32,80
1,32,12,2.8,14.349919456113692,0.0,7,32,80
1,32,13,2.8,13.593431143280611,0.0,7,32,80
1,32,14,2.8,11.418941986090996,0.0,7,32,80
1,32,15,2.8,14.463723628039794,0.0,7,32,80
1,32,16,2.8,10.9265110573268,0.0,7,32,80
1,32,17,2.8,8.836509598003257,0.0,7,32,80
1,32,18,3.0,9.543564432101602,0.0,7,32,80
1,32,19,2.8,10.005416834110026,0.0,7,32,80
1,32,20,2.8,10.357803097258682,0.0,7,32,80
1,32,21,2.8,11.297176531792374,0.0,7,32,80
2,32,1,3.0,12.79006150688963,0.0,7,32,80
2,32,2,2.8,11.231340497263583,0.0,7,32,80
2,32,3,3.0,11.80465002710154,0.0,7,32,80
2,32,4,3.2,9.339681029810375,0.0,7,32,80
2,32,5,2.8,10.460015907023799,0.0,7,32,80
2,32,6,2.8,10.084123563938077,0.0,7,32,80
2,32,7,2.8,12.726942916046063,0.0,7,32,80
2,32,8,2.8,10.69161151694235,0.0,7,32,80
2,32,9,2.8,12.675083279548234,0.0,7,32,80
2,32,10,2.8,13.462722957969174,0.0,7,32,80
2,32,11,2.8,9.36841887542673,0.0,7,32,80
2,32,12,2.8,12.499074214022752,0.0,7,32,80
2,32,13,2.8,11.163167203165271,0.0,7,32,80
2,32,14,2.8,13.255932128521032,0.0,7,32,80
2,32,15,2.8,9.073378528727453,0.0,7,32,80
2,32,16,2.8,10.787077505594496,0.0,7,32,80
2,32,17,2.8,10.625229137702261,0.0,7,32,80
2,32,18,2.8,11.218988079157407,0.0,7,32,80
2,32,19,2.8,13.91667233329146,0.0,7,32,80
2,32,20,2.8,8.159745289168324,0.0,7,32,80
2,32,21,2.8,8.27379520366405,0.0,7,32,80
2,32,22,2.4,11.469906776746505,0.0,6,32,80
3,32,1,2.8,9.124905646414215,0.0,7,32,80
3,32,2,2.8,10.930371215395013,0.0,7,32,80
3,32,3,2.8,11.246777810025252,0.0,7,32,80
3,32,4,2.8,9.231105343178085,0.0,7,32,80
3,32,5,2.8,10.25727731084804,0.0,7,32,80
3,32,6,2.8,10.549859348606917,0.0,7,32,80
3,32,7,2.8,9.236430442168896,0.0,7,32,80
3,32,8,2.8,11.991669889032659,0.0,7,32,80
3,32,9,2.8,11.427753123457842,0.0,7,32,80
3,32,10,2.8,12.467214215039817,0.0,7,32,80
3,32,11,2.8,10.490393423171502,0.0,7,32,80
3,32,12,3.0,11.153067858890886,0.0,7,32,80
3,32,13,2.8,9.78877334673659,0.0,7,32,80
3,32,14,3.0,9.769826351015762,0.0,7,32,80
3,32,15,2.8,11.503769933462186,0.0,7,32,80
3,32,16,2.8,11.363151167176637,0.0,7,32,80
3,32,17,2.8,17.11255131748294,0.0,7,32,80
3,32,18,2.8,12.017092569901463,0.0,7,32,80
3,32,19,2.8,11.238330581186984,0.0,7,32,80
3,32,20,2.8,11.391957402123593,0.0,7,32,80
3,32,21,2.8,8.297686591137445,0.0,7,32,80
3,32,22,2.8,9.219108453253254,0.0,7,32,80
1,33,1,4.2,9.04275773627953,0.0,7,32,80
1,33,2,2.8,13.16179859259393,0.0,7,32,80
1,33,3,2.8,16.177027085687385,0.0,7,32,80
1,33,4,2.8,9.093067059807973,0.0,7,32,80
1,33,5,3.0,11.774091994618914,0.0,7,32,80
1,33,6,2.8,10.480210314469609,0.0,7,32,80
1,33,7,3.0,8.598821682772439,0.0,7,32,80
1,33,8,2.8,10.986437702560327,0.0,7,32,80
1,33,9,2.8,12.247846905816747,0.0,7,32,80
1,33,10,2.8,11.48660192827212,0.0,7,32,80
1,33,11,2.8,12.334442982768799,0.0,7,32,80
1,33,12,2.8,13.694794186238918,0.0,7,32,80
1,33,13,2.8,9.880243373917864,0.0,7,32,80
1,33,14,2.8,13.661377490555152,0.0,7,32,80
1,33,15,2.8,12.754426112032414,0.0,7,32,80
1,33,16,2.8,10.497879629502911,0.0,7,32,80
1,33,17,2.8,9.941123439216687,0.0,7,32,80
1,33,18,3.2,8.702027184664285,0.0,7,32,80
1,33,19,2.8,11.41624232764701,0.0,7,32,80
1,33,20,2.8,11.014094830760389,0.0,7,32,80
1,33,21,2.8,13.472319581619804,0.0,7,32,80
1,33,22,2.0,14.496215154348937,0.0,5,32,80
2,33,1,2.8,12.3984201890338,0.0,7,32,80
2,33,2,2.8,10.250942798720018,0.0,7,32,80
2,33,3,3.6,9.578062552906651,0.125,7,32,80
2,33,4,2.8,10.897853569335725,0.0,7,32,80
2,33,5,2.8,10.49591683890224,0.0,7,32,80
2,33,6,2.8,9.731145430303133,0.0,7,32,80
2,33,7,2.8,13.69592892594665,0.0,7,32,80
2,33,8,2.8,10.598971230802311,0.0,7,32,80
2,33,9,2.8,12.170634542754094,0.0,7,32,80
2,33,10,2.8,12.49972696545145,0.0,7,32,80
2,33,11,2.8,8.664970458789004,0.0,7,32,80
2,33,12,2.8,12.654237178073243,0.0,7,32,80
2,33,13,2.8,12.408841031741911,0.0,7,32,80
2,33,14,2.8,10.592754332713751,0.0,7,32,80
2,33,15,2.8,9.279881215055003,0.0,7,32,80
2,33,16,3.0,9.701475153082919,0.0,7,32,80
2,33,17,2.8,11.403680422143545,0.0,7,32,80
2,33,18,2.8,11.2847318020295,0.0,7,32,80
2,33,19,3.0,10.583142218887351,0.0,7,32,80
2,33,20,2.8,9.300720833978602,0.0,7,32,80
2,33,21,2.8,8.661911898224075,0.0,7,32,80
2,33,22,2.0,14.031032295748679,0.0,5,32,80
3,33,1,2.8,10.240180339374199,0.0,7,32,80
3,33,2,2.8,10.133530754510826,0.0,7,32,80
3,33,3,2.8,11.288293225939563,0.0,7,32,80
3,33,4,2.8,9.699572647379794,0.0,7,32,80
3,33,5,2.8,8.93815345151222,0.0,7,32,80
3,33,6,2.8,9.442324263360659,0.0,7,32,80
3,33,7,2.8,10.241777104687152,0.0,7,32,80
3,33,8,2.8,12.481093945667038,0.0,7,32,80
3,33,9,2.8,11.280216672754905,0.0,7,32,80
3,33,10,2.8,10.663135644234645,0.0,7,32,80
3,33,11,2.8,11.201251755508242,0.0,7,32,80
3,33,12,3.0,10.359633460828297,0.0,7,32,80
3,33,13,2.8,9.383292547651967,0.0,7,32,80
3,33,14,2.8,10.518182491740026,0.0,7,32,80
3,33,15,2.8,11.576072418792855,0.0,7,32,80
3,33,16,2.8,10.118659241695392,0.0,7,32,80
3,33,17,2.8,14.360169972812997,0.0,7,32,80
3,33,18,2.8,10.419782744501966,0.0,7,32,80
3,33,19,2.8,12.279172603003003,0.0,7,32,80
3,33,20,2.8,11.77059672171437,0.0,7,32,80
3,33,21,2.8,8.54622256588552,0.0,7,32,80
3,33,22,2.8,11.11935799969668,0.0,7,32,80
1,34,1,4.2,9.424611429618054,0.0,7,32,80
1,34,2,3.2,11.556753265550503,0.0,7,32,80
1,34,3,2.8,13.057906418180504,0.0,7,32,80
1,34,4,2.8,8.501173960565183,0.0,7,32,80
1,34,5,2.8,10.377513825641977,0.0,7,32,80
1,34,6,2.8,9.979005297802056,0.0,7,32,80
1,34,7,2.8,9.13958363169122,0.0,7,32,80
1,34,8,2.8,8.676823680744734,0.0,7,32,80
1,34,9,2.8,12.12463089002868,0.0,7,32,80
1,34,10,2.8,12.134237941728772,0.0,7,32,80
1,34,11,2.8,16.174959239836657,0.0,7,32,80
1,34,12,2.8,15.856997910546609,0.0,7,32,80
1,34,13,2.8,10.232565864926451,0.0,7,32,80
1,34,14,2.8,14.658316828297258,0.0,7,32,80
1,34,15,2.8,12.542058341507513,0.0,7,32,80
1,34,16,2.8,10.722024345765265,0.0,7,32,80
1,34,17,2.8,9.908431607094924,0.0,7,32,80
1,34,18,2.8,10.323095897145057,0.0,7,32,80
1,34,19,2.8,9.735112867343098,0.0,7,32,80
1,34,20,2.8,10.550360802602533,0.0,7,32,80
1,34,21,2.8,11.504457940489313,0.0,7,32,80
1,34,22,2.4,10.430537671395461,0.0,5,32,80
2,34,1,2.8,12.895089483970013,0.0,7,32,80
2,34,2,2.8,10.569822602139217,0.0,7,32,80
2,34,3,3.2,10.942663730057657,0.0,7,32,80
2,34,4,3.0,9.463872559051229,0.0,7,32,80
2,34,5,2.8,9.619872595464297,0.0,7,32,80
2,34,6,2.8,10.849048738654737,0.0,7,32,80
2,34,7,3.0,12.235780482035684,0.0,7,32,80
2,34,8,2.8,10.710334247814405,0.0,7,32,80
2,34,9,2.8,11.840763669266892,0.0,7,32,80
2,34,10,2.8,12.681144820981396,0.0,7,32,80
2,34,11,2.8,9.185509526175501,0.0,7,32,80
2,34,12,2.8,12.602089912588113,0.0,7,32,80
2,34,13,2.8,10.694688543272889,0.0,7,32,80
2,34,14,2.8,11.641165683494076,0.0,7,32,80
2,34,15,2.8,8.577130651556008,0.0,7,32,80
2,34,16,2.8,12.306423541107455,0.0,7,32,80
2,34,17,2.8,12.31542845268114,0.0,7,32,80
2,34,18,2.8,12.554693865697724,0.0,7,32,80
2,34,19,2.8,13.28201170783902,0.0,7,32,80
2,34,20,2.8,9.121075879657287,0.0,7,32,80
2,34,21,2.8,8.938874280991572,0.0,7,32,80
2,34,22,2.4,13.203145289221416,0.0,6,32,80
3,34,1,2.8,8.409736717816548,0.0,7,32,80
3,34,2,2.8,11.210866210868955,0.0,7,32,80
3,34,3,2.8,10.696055350326242,0.0,7,32,80
3,34,4,2.8,9.855876927966271,0.0,7,32,80
3,34,5,2.8,9.40549158835342,0.0,7,32,80
3,34,6,2.8,8.971410321889739,0.0,7,32,80
3,34,7,2.8,9.783073989723912,0.0,7,32,80
3,34,8,2.8,10.227103551350867,0.0,7,32,80
3,34,9,2.8,12.97990955948091,0.0,7,32,80
3,34,10,2.8,11.048380227896814,0.0,7,32,80
3,34,11,2.8,9.993317792479314,0.0,7,32,80
3,34,12,3.0,11.318181897780837,0.0,7,32,80
3,34,13,2.8,10.19676736188539,0.0,7,32,80
3,34,14,2.8,11.253608710356493,0.0,7,32,80
3,34,15,2.8,11.298080449439635,0.0,7,32,80
3,34,16,2.8,9.490601327703747,0.0,7,32,80
3,34,17,2.8,15.030695405950876,0.0,7,32,80
3,34,18,2.8,9.571815051919547,0.0,7,32,80
3,34,19,2.8,12.06123784762016,0.0,7,32,80
3,34,20,2.8,12.543054532803122,0.0,7,32,80
3,34,21,2.8,10.015719368027867,0.0,7,32,80
3,34,22,2.8,11.851966665305696,0.0,7,32,80
1,35,1,4.2,9.236810506803034,0.0,7,32,80
1,35,2,3.4,10.046443857900035,0.0,7,32,80
1,35,3,2.8,11.350018254492008,0.0,7,32,80
1,35,4,3.0,8.667023922636739,0.0,7,32,80
1,35,5,2.8,11.774143911640072,0.0,7,32,80
1,35,6,2.8,10.988042095033059,0.0,7,32,80
1,35,7,2.8,12.652581485421345,0.0,7,32,80
1,35,8,2.8,10.43176083206106,0.0,7,32,80
1,35,9,2.8,14.261936319454787,0.0,7,32,80
1,35,10,2.8,11.157919676400105,0.0,7,32,80
1,35,11,2.8,13.543254964329645,0.0,7,32,80
1,35,12,2.8,11.414345022357558,0.0,7,32,80
1,35,13,2.8,12.867758290245002,0.0,7,32,80
1,35,14,2.8,10.341169495399871,0.0,7,32,80
1,35,15,2.8,13.40217878774167,0.0,7,32,80
1,35,16,2.8,10.618453654244705,0.0,7,32,80
1,35,17,2.8,10.390659563663188,0.0,7,32,80
1,35,18,3.0,9.124494682866926,0.0,7,32,80
1,35,19,2.8,9.988831708519331,0.0,7,32,80
1,35,20,2.8,12.253346622776188,0.0,7,32,80
1,35,21,2.8,10.509106890100643,0.0,7,32,80
1,35,22,2.25,11.062238419869283,0.0,4,32,80
2,35,1,2.8,12.654957200686924,0.0,7,32,80
2,35,2,2.8,9.472962319545177,0.0,7,32,80
2,35,3,3.6,9.699581402133303,0.125,7,32,80
2,35,4,2.8,11.491659766002424,0.0,7,32,80
2,35,5,2.8,10.424359733825687,0.0,7,32,80
2,35,6,2.8,10.270392696993685,0.0,7,32,80
2,35,7,3.0,12.487338575963504,0.0,7,32,80
2,35,8,2.8,10.881278153568553,0.0,7,32,80
2,35,9,2.8,12.537942096882764,0.0,7,32,80
2,35,10,2.8,13.502169208708414,0.0,7,32,80
2,35,11,2.8,8.330264335004442,0.0,7,32,80
2,35,12,2.8,13.417162179099972,0.0,7,32,80
2,35,13,2.8,12.120941239187784,0.0,7,32,80
2,35,14,2.8,10.084685116834104,0.0,7,32,80
2,35,15,2.8,9.234135628247921,0.0,7,32,80
2,35,16,3.0,11.919323956137164,0.0,7,32,80
2,35,17,2.8,11.481271691618874,0.0,7,32,80
2,35,18,2.8,11.39057712566305,0.0,7,32,80
2,35,19,3.0,12.012614463070927,0.0,7,32,80
2,35,20,2.8,7.410006565404193,0.0,7,32,80
2,35,21,2.8,8.471208952829679,0.0,7,32,80
2,35,22,2.25,13.751390917730612,0.0,4,32,80
3,35,1,2.8,9.3480534160576,0.0,7,32,80
3,35,2,2.8,11.571443723652752,0.0,7,32,80
3,35,3,2.8,11.185074105898039,0.0,7,32,80
3,35,4,2.8,9.1757096043816,0.0,7,32,80
3,35,5,2.8,9.138478831698858,0.0,7,32,80
3,35,6,2.8,10.24931172859212,0.0,7,32,80
3,35,7,2.8,9.942103089353159,0.0,7,32,80
3,35,8,2.8,11.119599014253243,0.0,7,32,80
3,35,9,2.8,11.535521436470967,0.0,7,32,80
3,35,10,2.8,11.59286500042645,0.0,7,32,80
3,35,11,2.8,9.896298802646621,0.0,7,32,80
3,35,12,3.0,11.663523927013681,0.0,7,32,80
3,35,13,2.8,9.4266794105032,0.0,7,32,80
3,35,14,3.0,9.816870341595154,0.0,7,32,80
3,35,15,2.8,11.612983604332184,0.0,7,32,80
3,35,16,2.8,9.797684931697107,0.0,7,32,80
3,35,17,2.8,14.276479423518671,0.0,7,32,80
3,35,18,3.0,8.732100598135359,0.0,7,32,80
3,35,19,2.8,13.63109745514247,0.0,7,32,80
3,35,20,2.8,10.625221123231293,0.0,7,32,80
3,35,21,2.8,9.24429570899844,0.0,7,32,80
3,35,22,2.8,10.562689233645076,0.0,7,32,80
1,36,1,4.4,7.835354674500609,0.0,7,32,80
1,36,2,3.0,10.823770796344785,0.0,7,32,80
1,36,3,2.8,14.162727171483485,0.0,7,32,80
1,36,4,3.0,8.213967429592852,0.0,7,32,80
1,36,5,2.8,11.964447796350846,0.0,7,32,80
1,36,6,2.8,12.249745777279323,0.0,7,32,80
1,36,7,2.8,9.82440636671934,0.0,7,32,80
1,36,8,2.8,9.157330641274545,0.0,7,32,80
1,36,9,2.8,13.995487223804917,0.0,7,32,80
1,36,10,2.8,11.217309867831219,0.0,7,32,80
1,36,11,2.8,12.705096105948058,0.0,7,32,80
1,36,12,2.8,14.085486166529167,0.0,7,32,80
1,36,13,2.8,11.265565550853028,0.0,7,32,80
1,36,14,2.8,12.571385450651492,0.0,7,32,80
1,36,15,2.8,12.512984071881256,0.0,7,32,80
1,36,16,2.8,10.078471162777717,0.0,7,32,80
1,36,17,2.8,13.616137097969062,0.0,7,32,80
1,36,18,2.8,9.179902030996304,0.0,7,32,80
1,36,19,3.0,9.812297394961387,0.0,7,32,80
1,36,20,2.8,9.909279695520246,0.0,7,32,80
1,36,21,2.8,11.649235411903916,0.0,7,32,80
1,36,22,2.0,12.330815055463244,0.0,5,32,80
2,36,1,2.8,13.673466028198703,0.0,7,32,80
2,36,2,2.8,9.74463559444235,0.0,7,32,80
2,36,3,3.6,9.301305820799094,0.125,7,32,80
2,36,4,2.8,9.957502026986926,0.0,7,32,80
2,36,5,2.8,11.524316439963867,0.0,7,32,80
2,36,6,2.8,9.519108611051777,0.0,7,32,80
2,36,7,2.8,16.684953463439022,0.0,7,32,80
2,36,8,2.8,10.526006941486203,0.0,7,32,80
2,36,9,2.8,10.218557146001604,0.0,7,32,80
2,36,10,2.8,16.472153988660242,0.0,7,32,80
2,36,11,2.8,8.222313095123576,0.0,7,32,80
2,36,12,2.8,13.827178823932218,0.0,7,32,80
2,36,13,2.8,10.751086680432028,0.0,7,32,80
2,36,14,2.8,9.971061587110537,0.0,7,32,80
2,36,15,2.8,9.182355851821653,0.0,7,32,80
2,36,16,3.0,10.501001408152609,0.0,7,32,80
2,36,17,2.8,11.489369252878166,0.0,7,32,80
2,36,18,2.8,11.12058520977477,0.0,7,32,80
2,36,19,3.0,9.542847993315947,0.0,7,32,80
2,36,20,2.8,9.106839793715636,0.0,7,32,80
2,36,21,2.8,8.761175291848902,0.0,7,32,80
2,36,22,2.0,15.931560331050749,0.0,5,32,80
3,36,1,2.8,9.956781223484631,0.0,7,32,80
3,36,2,2.8,11.314564120548981,0.0,7,32,80
3,36,3,2.8,9.83598403936094,0.0,7,32,80
3,36,4,2.8,9.386950722448773,0.0,7,32,80
3,36,5,2.8,9.73484033342394,0.0,7,32,80
3,36,6,2.8,9.666169351699862,0.0,7,32,80
3,36,7,2.8,9.085502790339223,0.0,7,32,80
3,36,8,2.8,12.086459723545643,0.0,7,32,80
3,36,9,2.8,12.301153303661392,0.0,7,32,80
3,36,10,2.8,12.316576513259331,0.0,7,32,80
3,36,11,2.8,9.526356601870978,0.0,7,32,80
3,36,12,3.6,8.29244474273495,0.125,7,32,80
3,36,13,2.8,9.861219134325113,0.0,7,32,80
3,36,14,2.8,10.426335944665658,0.0,7,32,80
3,36,15,2.8,14.753826750504969,0.0,7,32,80
3,36,16,2.8,11.08566281353157,0.0,7,32,80
3,36,17,2.8,13.027452679927524,0.0,7,32,80
3,36,18,2.8,10.884272200344835,0.0,7,32,80
3,36,19,2.8,9.84825415909066,0.0,7,32,80
3,36,20,2.8,9.941853260465097,0.0,7,32,80
3,36,21,2.8,8.174149560973511,0.0,7,32,80
3,36,22,2.8,11.208610132222283,0.0,7,32,80
1,37,1,4.2,8.922257734963576,0.0,7,32,80
1,37,2,3.2,12.674923427926755,0.0,7,32,80
1,37,3,2.8,12.186472637122998,0.0,7,32,80
1,37,4,3.0,8.576366333553393,0.0,7,32,80
1,37,5,3.0,10.548258138398024,0.0,7,32,80
1,37,6,2.8,10.34658843481857,0.0,7,32,80
1,37,7,2.8,11.450478527276383,0.0,7,32,80
1,37,8,2.8,10.150610469394481,0.0,7,32,80
1,37,9,2.8,12.18548117303771,0.0,7,32,80
1,37,10,2.8,11.055566081260043,0.0,7,32,80
1,37,11,2.8,11.567453546117209,0.0,7,32,80
1,37,12,2.8,15.573762833141036,0.0,7,32,80
1,37,13,2.8,11.299415119584928,0.0,7,32,80
1,37,14,2.8,10.708710424576006,0.0,7,32,80
1,37,15,2.8,13.167890550807314,0.0,7,32,80
1,37,16,2.8,11.38048817610538,0.0,7,32,80
1,37,17,2.8,8.875554684954349,0.0,7,32,80
1,37,18,2.8,11.50588938148747,0.0,7,32,80
1,37,19,2.8,11.351725176264173,0.0,7,32,80
1,37,20,2.8,11.608167237630221,0.0,7,32,80
1,37,21,2.8,11.471821097933304,0.0,7,32,80
1,37,22,2.0,13.194815500603509,0.0,5,32,80
2,37,1,2.8,12.127980440307372,0.0,7,32,80
2,37,2,2.8,10.889754626423425,0.0,7,32,80
2,37,3,4.0,8.053441259284586,0.125,7,32,80
2,37,4,2.8,9.492017204228906,0.0,7,32,80
2,37,5,2.8,11.074893914414208,0.0,7,32,80
2,37,6,2.8,10.888802673205731,0.0,7,32,80
2,37,7,3.0,11.385723837904237,0.0,7,32,80
2,37,8,2.8,10.33816686009251,0.0,7,32,80
2,37,9,2.8,12.786333288440948,0.0,7,32,80
2,37,10,2.8,11.060602795732349,0.0,7,32,80
2,37,11,2.8,9.14169819246752,0.0,7,32,80
2,37,12,2.8,13.650791079859417,0.0,7,32,80
2,37,13,2.8,11.771317831441488,0.0,7,32,80
2,37,14,2.8,10.624762343127134,0.0,7,32,80
2,37,15,3.0,8.513591159433611,0.0,7,32,80
2,37,16,2.8,13.827368831206893,0.0,7,32,80
2,37,17,2.8,11.312701948333958,0.0,7,32,80
2,37,18,2.8,11.333980706652634,0.0,7,32,80
2,37,19,2.8,10.62580625536948,0.0,7,32,80
2,37,20,2.8,9.677113711342733,0.0,7,32,80
2,37,21,2.8,7.728178724784891,0.0,7,32,80
2,37,22,2.0,19.881744892395336,0.0,4,32,80
3,37,1,2.8,10.189002314546489,0.0,7,32,80
3,37,2,2.8,10.534994122347468,0.0,7,32,80
3,37,3,2.8,9.340288461861725,0.0,7,32,80
3,37,4,2.8,10.100012718152472,0.0,7,32,80
3,37,5,2.8,9.37665244778508,0.0,7,32,80
3,37,6,2.8,9.44232426336059,0.0,7,32,80
3,37,7,2.8,9.349384061499153,0.0,7,32,80
3,37,8,2.8,10.09209938881864,0.0,7,32,80
3,37,9,2.8,11.579200043850149,0.0,7,32,80
3,37,10,2.8,12.242614548398942,0.0,7,32,80
3,37,11,2.8,11.059469495902096,0.0,7,32,80
3,37,12,3.0,10.741718881760901,0.0,7,32,80
3,37,13,2.8,10.75248752189534,0.0,7,32,80
3,37,14,2.8,10.57272964412055,0.0,7,32,80
3,37,15,2.8,11.424706766408727,0.0,7,32,80
3,37,16,2.8,9.505351085631219,0.0,7,32,80
3,37,17,2.8,14.259728036183908,0.0,7,32,80
3,37,18,2.8,9.723996635290998,0.0,7,32,80
3,37,19,2.8,13.122214617268261,0.0,7,32,80
3,37,20,2.8,10.000035842041218,0.0,7,32,80
3,37,21,2.8,8.959353595849457,0.0,7,32,80
3,37,22,2.8,10.175853978567318,0.0,7,32,80
1,38,1,4.2,8.353325080917374,0.0,7,32,80
1,38,2,3.2,9.208067746914978,0.0,7,32,80
1,38,3,3.0,10.29536607139108,0.0,7,32,80
1,38,4,3.2,8.736331435288369,0.0,7,32,80
1,38,5,3.0,10.730353927819378,0.0,7,32,80
1,38,6,2.8,10.470990102705692,0.0,7,32,80
1,38,7,2.8,11.321152131857998,0.0,7,32,80
1,38,8,2.8,10.001889515399453,0.0,7,32,80
1,38,9,2.8,13.268987228405313,0.0,7,32,80
1,38,10,2.8,11.719511027586512,0.0,7,32,80
1,38,11,2.8,14.139233326835832,0.0,7,32,80
1,38,12,2.8,10.771833135210114,0.0,7,32,80
1,38,13,2.8,10.754452752449355,0.0,7,32,80
1,38,14,2.8,13.353657357616276,0.0,7,32,80
1,38,15,2.8,11.069576754654163,0.0,7,32,80
1,38,16,2.8,11.2747119294792,0.0,7,32,80
1,38,17,2.8,9.290108128487663,0.0,7,32,80
1,38,18,2.8,10.104948134495416,0.0,7,32,80
1,38,19,3.0,10.966550205440146,0.0,7,32,80
1,38,20,2.8,11.523916740193238,0.0,7,32,80
1,38,21,2.8,9.503269373206765,0.0,7,32,80
2,38,1,3.2,11.570890302670128,0.0,7,32,80
2,38,2,2.8,10.299839154587735,0.0,7,32,80
2,38,3,3.4,8.915862790083183,0.0,7,32,80
2,38,4,3.0,9.939153008718064,0.0,7,32,80
2,38,5,2.8,11.015056809788048,0.0,7,32,80
2,38,6,2.8,9.837912494492832,0.0,7,32,80
2,38,7,2.8,14.0369255015987,0.0,7,32,80
2,38,8,2.8,11.664295131288657,0.0,7,32,80
2,38,9,2.8,9.70477860891844,0.0,7,32,80
2,38,10,2.8,10.915870785372787,0.0,7,32,80
2,38,11,2.8,9.894194822745385,0.0,7,32,80
2,38,12,2.8,11.160794235193526,0.0,7,32,80
2,38,13,2.8,12.922131253871733,0.0,7,32,80
2,38,14,2.8,10.653097264727382,0.0,7,32,80
2,38,15,2.8,9.845007856258821,0.0,7,32,80
2,38,16,2.8,11.17897442979707,0.0,7,32,80
2,38,17,2.8,12.54063528991544,0.0,7,32,80
2,38,18,2.8,10.16058887066184,0.0,7,32,80
2,38,19,3.0,10.958012865458526,0.0,7,32,80
2,38,20,2.8,7.918468763042318,0.0,7,32,80
2,38,21,3.0,7.696135132655825,0.0,7,32,80
2,38,22,2.0,22.96056259543845,0.0,4,32,80
3,38,1,2.8,8.860518395164336,0.0,7,32,80
3,38,2,2.8,11.293671352945006,0.0,7,32,80
3,38,3,2.8,9.441215902002591,0.0,7,32,80
3,38,4,2.8,9.401379818907039,0.0,7,32,80
3,38,5,2.8,10.396767419561188,0.0,7,32,80
3,38,6,2.8,9.66616935169979,0.0,7,32,80
3,38,7,2.8,9.877875032839507,0.0,7,32,80
3,38,8,2.8,11.221607714317821,0.0,7,32,80
3,38,9,2.8,13.261347286660172,0.0,7,32,80
3,38,10,2.8,11.230972112115012,0.0,7,32,80
3,38,11,2.8,11.201251755508338,0.0,7,32,80
3,38,12,3.0,9.109776962143119,0.0,7,32,80
3,38,13,2.8,10.230881039552473,0.0,7,32,80
3,38,14,2.8,9.27414824027093,0.0,7,32,80
3,38,15,2.8,11.554203654023148,0.0,7,32,80
3,38,16,2.8,10.393790485561874,0.0,7,32,80
3,38,17,2.8,12.113325292145417,0.0,7,32,80
3,38,18,2.8,12.331579724398742,0.0,7,32,80
3,38,19,2.8,12.254569484257349,0.0,7,32,80
3,38,20,2.8,10.929255710917731,0.0,7,32,80
3,38,21,2.8,8.907162186000017,0.0,7,32,80
3,38,22,2.8,11.059040764446278,0.0,7,32,80
1,39,1,4.0,9.064913123826408,0.0,7,32,80
1,39,2,3.0,11.968967181899849,0.0,7,32,80
1,39,3,2.8,13.05733258456979,0.0,7,32,80
1,39,4,2.8,8.361287265026743,0.0,7,32,80
1,39,5,3.0,12.585582748802537,0.0,7,32,80
1,39,6,2.8,9.895099706737506,0.0,7,32,80
1,39,7,2.8,10.3748406782935,0.0,7,32,80
1,39,8,2.8,11.88436567427297,0.0,7,32,80
1,39,9,2.8,13.505583511886181,0.0,7,32,80
1,39,10,2.8,10.246332180195443,0.0,7,32,80
1,39,11,2.8,12.400286048287766,0.0,7,32,80
1,39,12,2.8,15.911823551948723,0.0,7,32,80
1,39,13,2.8,9.70426589968214,0.0,7,32,80
1,39,14,2.8,15.950882788314898,0.0,7,32,80
1,39,15,2.8,14.137891869567467,0.0,7,32,80
1,39,16,2.8,10.948587361373605,0.0,7,32,80
1,39,17,2.8,11.221423052165466,0.0,7,32,80
1,39,18,2.8,10.326293899176004,0.0,7,32,80
1,39,19,2.8,9.69097546698743,0.0,7,32,80
1,39,20,3.0,11.150322763504867,0.0,7,32,80
1,39,21,2.8,10.557173188588186,0.0,7,32,80
1,39,22,2.4,13.925627627302248,0.0,6,32,80
2,39,1,2.8,12.895089483970073,0.0,7,32,80
2,39,2,2.8,10.812746403272042,0.0,7,32,80
2,39,3,3.6,7.989134835638227,0.125,7,32,80
2,39,4,2.8,10.37998594049976,0.0,7,32,80
2,39,5,2.8,10.811323727467183,0.0,7,32,80
2,39,6,2.8,9.936673592747189,0.0,7,32,80
2,39,7,3.0,13.018955789783382,0.0,7,32,80
2,39,8,2.8,10.107998577299348,0.0,7,32,80
2,39,9,2.8,11.880370553575741,0.0,7,32,80
2,39,10,2.8,12.208481550915664,0.0,7,32,80
2,39,11,2.8,9.406448928700735,0.0,7,32,80
2,39,12,2.8,11.653239894296656,0.0,7,32,80
2,39,13,2.8,13.08005623445865,0.0,7,32,80
2,39,14,2.8,10.118051738256606,0.0,7,32,80
2,39,15,2.8,9.276151009992674,0.0,7,32,80
2,39,16,2.8,15.053470077995616,0.0,7,32,80
2,39,17,2.8,9.907400715566668,0.0,7,32,80
2,39,18,2.8,11.628004624053718,0.0,7,32,80
2,39,19,3.0,9.962544187335721,0.0,7,32,80
2,39,20,2.8,8.792629288316187,0.0,7,32,80
2,39,21,2.8,9.019580770593588,0.0,7,32,80
2,39,22,2.0,13.778164240432538,0.0,5,32,80
3,39,1,2.8,12.299467514558712,0.0,7,32,80
3,39,2,2.8,11.932660416170757,0.0,7,32,80
3,39,3,2.8,12.28602887624986,0.0,7,32,80
3,39,4,2.8,9.91981830435369,0.0,7,32,80
3,39,5,2.8,10.54010372310727,0.0,7,32,80
3,39,6,2.8,8.945168002459724,0.0,7,32,80
3,39,7,2.8,10.241777104687074,0.0,7,32,80
3,39,8,2.8,11.649071562809604,0.0,7,32,80
3,39,9,2.8,11.557319471639502,0.0,7,32,80
3,39,10,2.8,10.338687099507004,0.0,7,32,80
3,39,11,2.8,9.2665556849771,0.0,7,32,80
3,39,12,3.0,11.466719669516118,0.0,7,32,80
3,39,13,2.8,9.544363759022698,0.0,7,32,80
3,39,14,3.0,8.954509356504477,0.0,7,32,80
3,39,15,2.8,13.134236745880846,0.0,7,32,80
3,39,16,2.8,9.658434763077798,0.0,7,32,80
3,39,17,2.8,14.794485988257733,0.0,7,32,80
3,39,18,3.0,9.446940488331775,0.0,7,32,80
3,39,19,2.8,10.986611102286226,0.0,7,32,80
3,39,20,2.8,10.533722856098857,0.0,7,32,80
3,39,21,2.8,8.680148504669337,0.0,7,32,80
3,39,22,2.8,11.47423635923596,0.0,7,32,80
1,40,1,4.0,9.36061649480392,0.0,7,32,80
1,40,2,2.8,11.40930941065774,0.0,7,32,80
1,40,3,2.8,13.98335759479184,0.0,7,32,80
1,40,4,3.0,8.028585357333592,0.0,7,32,80
1,40,5,2.8,13.91503534475217,0.0,7,32,80
1,40,6,2.8,9.227494214808987,0.0,7,32,80
1,40,7,2.8,10.569900051138077,0.0,7,32,80
1,40,8,2.8,11.76278261647057,0.0,7,32,80
1,40,9,2.8,11.293892115407136,0.0,7,32,80
1,40,10,2.8,10.88323695730838,0.0,7,32,80
1,40,11,2.8,15.66040253219575,0.0,7,32,80
1,40,12,2.8,15.578440553975996,0.0,7,32,80
1,40,13,2.8,10.447231498521088,0.0,7,32,80
1,40,14,2.8,13.383309064971797,0.0,7,32,80
1,40,15,2.8,12.958435779166624,0.0,7,32,80
1,40,16,3.0,9.466786856722978,0.0,7,32,80
1,40,17,2.8,10.722259199566443,0.0,7,32,80
1,40,18,2.8,10.46982391341201,0.0,7,32,80
1,40,19,2.8,8.799452423467159,0.0,7,32,80
1,40,20,2.8,12.495695810707444,0.0,7,32,80
1,40,21,2.8,9.54037109854472,0.0,7,32,80
1,40,22,2.6,10.836596964486262,0.0,6,32,80
2,40,1,2.8,12.474282519724797,0.0,7,32,80
2,40,2,2.8,10.355076516260011,0.0,7,32,80
2,40,3,3.2,9.3244337102142,0.0,7,32,80
2,40,4,3.0,9.319663639925212,0.0,7,32,80
2,40,5,2.8,9.836473253347668,0.0,7,32,80
2,40,6,2.8,10.791620883696027,0.0,7,32,80
2,40,7,3.0,10.695225759771926,0.0,7,32,80
2,40,8,2.8,11.159814737676266,0.0,7,32,80
2,40,9,2.8,11.840763669266892,0.0,7,32,80
2,40,10,2.8,13.17276642390918,0.0,7,32,80
2,40,11,2.8,8.930671651147227,0.0,7,32,80
2,40,12,2.8,13.734030330222843,0.0,7,32,80
2,40,13,2.8,10.789017064394635,0.0,7,32,80
2,40,14,2.8,10.741584245114282,0.0,7,32,80
2,40,15,2.8,9.615435038172379,0.0,7,32,80
2,40,16,2.8,12.063687131891408,0.0,7,32,80
2,40,17,2.8,9.823162433620695,0.0,7,32,80
2,40,18,2.8,9.974790422967677,0.0,7,32,80
2,40,19,3.0,12.510513481122857,0.0,7,32,80
2,40,20,3.0,8.359856650749922,0.0,7,32,80
2,40,21,2.8,8.953560827633217,0.0,7,32,80
2,40,22,2.0,12.333389476011403,0.0,5,32,80
3,40,1,2.8,8.659789700830666,0.0,7,32,80
3,40,2,2.8,10.989289320899926,0.0,7,32,80
3,40,3,2.8,10.80947874570964,0.0,7,32,80
3,40,4,2.8,8.934440059465006,0.0,7,32,80
3,40,5,2.8,9.797215899897271,0.0,7,32,80
3,40,6,2.8,10.097027906564248,0.0,7,32,80
3,40,7,2.8,10.056535139154027,0.0,7,32,80
3,40,8,2.8,12.635808055408713,0.0,7,32,80
3,40,9,2.8,10.190159182339574,0.0,7,32,80
3,40,10,2.8,12.673891328636408,0.0,7,32,80
3,40,11,2.8,10.673464692913742,0.0,7,32,80
3,40,12,2.8,11.742164234598286,0.0,7,32,80
3,40,13,2.8,9.711506362928434,0.0,7,32,80
3,40,14,2.8,10.234896864401767,0.0,7,32,80
3,40,15,2.8,12.07026685041399,0.0,7,32,80
3,40,16,2.8,12.251163955937963,0.0,7,32,80
3,40,17,2.8,14.517805484805942,0.0,7,32,80
3,40,18,3.0,9.254411889263277,0.0,7,32,80
3,40,19,2.8,12.378580974059956,0.0,7,32,80
3,40,20,2.8,10.98816175879815,0.0,7,32,80
3,40,21,2.8,8.741661537503182,0.0,7,32,80
3,40,22,2.8,11.409765252107052,0.0,7,32,80
1,41,1,4.0,11.31087682085741,0.0,7,32,80
1,41,2,3.2,11.6104987865748,0.0,7,32,80
1,41,3,3.0,12.015350455320002,0.0,7,32,80
1,41,4,2.8,8.760715364967567,0.0,7,32,80
1,41,5,2.8,12.356488413299465,0.0,7,32,80
1,41,6,2.8,10.744060999357442,0.0,7,32,80
1,41,7,2.8,9.841098238444012,0.0,7,32,80
1,41,8,2.8,10.847993984239636,0.0,7,32,80
1,41,9,2.8,11.200647047388257,0.0,7,32,80
1,41,10,2.8,11.004159850564012,0.0,7,32,80
1,41,11,2.8,14.969530578740596,0.0,7,32,80
1,41,12,2.8,13.916176208838964,0.0,7,32,80
1,41,13,2.8,9.815867195845547,0.0,7,32,80
1,41,14,2.8,14.17556771698387,0.0,7,32,80
1,41,15,2.8,12.516008592020476,0.0,7,32,80
1,41,16,2.8,9.25623940258553,0.0,7,32,80
1,41,17,2.8,11.562461482311685,0.0,7,32,80
1,41,18,3.0,8.207585802642152,0.0,7,32,80
1,41,19,2.8,10.358870248319622,0.0,7,32,80
1,41,20,3.0,9.758378567151642,0.0,7,32,80
1,41,21,3.0,9.763566537938566,0.0,7,32,80
1,41,22,2.25,12.088598073795943,0.0,4,32,80
2,41,1,2.8,15.51139317178134,0.0,7,32,80
2,41,2,2.8,10.425682383826533,0.0,7,32,80
2,41,3,3.6,9.935942679610891,0.125,7,32,80
2,41,4,2.8,11.448637867299098,0.0,7,32,80
2,41,5,2.8,10.986102231273316,0.0,7,32,80
2,41,6,2.8,9.162593683461806,0.0,7,32,80
2,41,7,2.8,14.171960416560506,0.0,7,32,80
2,41,8,2.8,10.261112788356566,0.0,7,32,80
2,41,9,2.8,13.515360748169158,0.0,7,32,80
2,41,10,2.8,13.61254134774094,0.0,7,32,80
2,41,11,2.8,8.368568367473943,0.0,7,32,80
2,41,12,2.8,13.581540792147747,0.0,7,32,80
2,41,13,2.8,9.268482000875991,0.0,7,32,80
2,41,14,2.8,10.68528549876818,0.0,7,32,80
2,41,15,2.8,9.308127265172569,0.0,7,32,80
2,41,16,2.8,12.533392256268087,0.0,7,32,80
2,41,17,2.8,10.570140337647452,0.0,7,32,80
2,41,18,2.8,11.036782496260875,0.0,7,32,80
2,41,19,3.0,10.620509423878502,0.0,7,32,80
2,41,20,2.8,9.525380322251918,0.0,7,32,80
2,41,21,2.8,9.178139735233009,0.0,7,32,80
2,41,22,2.2,15.40066390970566,0.0,5,32,80
3,41,1,2.8,10.172056462002532,0.0,7,32,80
3,41,2,2.8,11.726749002327754,0.0,7,32,80
3,41,3,2.8,10.387242175536606,0.0,7,32,80
3,41,4,2.8,9.04008601837645,0.0,7,32,80
3,41,5,2.8,8.746422374629434,0.0,7,32,80
3,41,6,2.8,8.945168002459784,0.0,7,32,80
3,41,7,2.8,8.874572291270194,0.0,7,32,80
3,41,8,2.8,11.099419421889632,0.0,7,32,80
3,41,9,2.8,12.251869842449434,0.0,7,32,80
3,41,10,2.8,11.549083434281682,0.0,7,32,80
3,41,11,2.8,11.829534621150863,0.0,7,32,80
3,41,12,3.6,9.25908376822578,0.125,7,32,80
3,41,13,2.8,9.941362862250898,0.0,7,32,80
3,41,14,2.8,9.637712106507285,0.0,7,32,80
3,41,15,2.8,13.338115068853734,0.0,7,32,80
3,41,16,2.8,10.927215759052975,0.0,7,32,80
3,41,17,2.8,13.310978413958455,0.0,7,32,80
3,41,18,2.8,11.455064304966019,0.0,7,32,80
3,41,19,2.8,11.019318991242214,0.0,7,32,80
3,41,20,2.8,10.879112395437941,0.0,7,32,80
3,41,21,2.8,8.207055493614398,0.0,7,32,80
3,41,22,2.8,13.022363197723607,0.0,7,32,80
1,42,1,4.0,10.04733184851052,0.0,7,32,80
1,42,2,3.2,11.610498786574796,0.0,7,32,80
1,42,3,3.0,12.752757755081516,0.0,7,32,80
1,42,4,2.8,8.876863029209986,0.0,7,32,80
1,42,5,2.8,11.165901550366959,0.0,7,32,80
1,42,6,2.8,10.860240103858454,0.0,7,32,80
1,42,7,2.8,11.029956819659187,0.0,7,32,80
1,42,8,2.8,10.035067747880575,0.0,7,32,80
1,42,9,2.8,14.73330815144044,0.0,7,32,80
1,42,10,2.8,11.641942153204285,0.0,7,32,80
1,42,11,2.8,14.571359401659771,0.0,7,32,80
1,42,12,2.8,13.185385727298472,0.0,7,32,80
1,42,13,2.8,11.590592042459804,0.0,7,32,80
1,42,14,2.8,10.934553467108957,0.0,7,32,80
1,42,15,2.8,12.946236166809708,0.0,7,32,80
1,42,16,2.8,10.076576468711739,0.0,7,32,80
1,42,17,2.8,9.859795037081827,0.0,7,32,80
1,42,18,2.8,10.670402670651837,0.0,7,32,80
1,42,19,2.8,9.445195374918342,0.0,7,32,80
1,42,20,2.8,10.834906902235858,0.0,7,32,80
1,42,21,2.8,11.482536309143086,0.0,7,32,80
1,42,22,2.4,12.35526993080824,0.0,6,32,80
2,42,1,2.8,14.347036619945499,0.0,7,32,80
2,42,2,2.8,9.429149361095837,0.0,7,32,80
2,42,3,3.2,10.21184407384703,0.0,7,32,80
2,42,4,2.8,11.849410492596474,0.0,7,32,80
2,42,5,3.0,9.484035472554442,0.0,7,32,80
2,42,6,2.8,9.868736878022629,0.0,7,32,80
2,42,7,3.0,10.866240993540947,0.0,7,32,80
2,42,8,2.8,10.544153671539839,0.0,7,32,80
2,42,9,2.8,11.089353634527248,0.0,7,32,80
2,42,10,2.8,14.050342768791964,0.0,7,32,80
2,42,11,2.8,9.325565431608482,0.0,7,32,80
2,42,12,2.8,14.379840791169213,0.0,7,32,80
2,42,13,2.8,11.34960487954419,0.0,7,32,80
2,42,14,2.8,13.284725057260342,0.0,7,32,80
2,42,15,2.8,8.799248319206676,0.0,7,32,80
2,42,16,3.0,10.323749397424024,0.0,7,32,80
2,42,17,2.8,10.484864099622765,0.0,7,32,80
2,42,18,2.8,10.768161822768956,0.0,7,32,80
2,42,19,2.8,10.962715658558901,0.0,7,32,80
2,42,20,3.0,7.735992697023184,0.0,7,32,80
2,42,21,2.8,8.87560154469661,0.0,7,32,80
2,42,22,2.0,15.931560331050942,0.0,5,32,80
3,42,1,2.8,9.463770740431961,0.0,7,32,80
3,42,2,2.8,10.033783769390467,0.0,7,32,80
3,42,3,2.8,10.696055350326414,0.0,7,32,80
3,42,4,2.8,10.304205640169736,0.0,7,32,80
3,42,5,2.8,10.76267512532444,0.0,7,32,80
3,42,6,2.8,8.906091121618315,0.0,7,32,80
3,42,7,2.8,10.106387828335082,0.0,7,32,80
3,42,8,2.8,10.901580056126429,0.0,7,32,80
3,42,9,2.8,11.68985752473552,0.0,7,32,80
3,42,10,2.8,11.88574072990808,0.0,7,32,80
3,42,11,2.8,10.227266310743438,0.0,7,32,80
3,42,12,3.0,12.0781194520165,0.0,7,32,80
3,42,13,2.8,10.847842932351348,0.0,7,32,80
3,42,14,3.0,9.183070086723461,0.0,7,32,80
3,42,15,2.8,10.216314395643842,0.0,7,32,80
3,42,16,2.8,10.801257502606497,0.0,7,32,80
3,42,17,2.8,13.982728952057315,0.0,7,32,80
3,42,18,3.0,10.186433715827468,0.0,7,32,80
3,42,19,2.8,13.304916455188831,0.0,7,32,80
3,42,20,2.8,11.907800381046789,0.0,7,32,80
3,42,21,2.8,8.692485065614155,0.0,7,32,80
3,42,22,2.8,9.541075920780482,0.0,7,32,80
1,43,1,4.2,7.78161742285451,0.0,7,32,80
1,43,2,3.4,9.833323506717356,0.0,7,32,80
1,43,3,2.8,10.781427566554054,0.0,7,32,80
1,43,4,3.0,8.780684473908332,0.0,7,32,80
1,43,5,2.8,13.547670246543657,0.0,7,32,80
1,43,6,2.8,10.418139518624525,0.0,7,32,80
1,43,7,2.8,10.191691794369804,0.0,7,32,80
1,43,8,2.8,11.187037752998776,0.0,7,32,80
1,43,9,2.8,12.411358899987311,0.0,7,32,80
1,43,10,2.8,11.157919676400105,0.0,7,32,80
1,43,11,2.8,12.17510230201934,0.0,7,32,80
1,43,12,2.8,13.728759783446757,0.0,7,32,80
1,43,13,2.8,11.515339454645598,0.0,7,32,80
1,43,14,2.8,10.746906568908265,0.0,7,32,80
1,43,15,2.8,14.224727431207391,0.0,7,32,80
1,43,16,2.8,10.544134444351656,0.0,7,32,80
1,43,17,2.8,9.912100310759822,0.0,7,32,80
1,43,18,2.8,10.394466561036822,0.0,7,32,80
1,43,19,3.2,9.615696566167523,0.0,7,32,80
1,43,20,2.8,9.803681099465297,0.0,7,32,80
1,43,21,2.8,8.897269524829596,0.0,7,32,80
1,43,22,2.0,17.510734396994195,0.0,4,32,80
2,43,1,2.8,11.93859152012818,0.0,7,32,80
2,43,2,2.8,9.652362838418346,0.0,7,32,80
2,43,3,3.0,12.705685417769837,0.0,7,32,80
2,43,4,2.8,10.98693651456879,0.0,7,32,80
2,43,5,3.0,9.589770553643644,0.0,7,32,80
2,43,6,2.8,9.689098040582962,0.0,7,32,80
2,43,7,3.0,11.523027527162045,0.0,7,32,80
2,43,8,2.8,10.64882703256165,0.0,7,32,80
2,43,9,2.8,10.7452742591219,0.0,7,32,80
2,43,10,2.8,13.39307518130042,0.0,7,32,80
2,43,11,2.8,9.335631197441643,0.0,7,32,80
2,43,12,2.8,11.073134336973354,0.0,7,32,80
2,43,13,2.8,13.31721912273125,0.0,7,32,80
2,43,14,2.8,10.207302068464276,0.0,7,32,80
2,43,15,2.8,9.46970383614153,0.0,7,32,80
2,43,16,3.0,10.919200019044268,0.0,7,32,80
2,43,17,2.8,10.35538147193131,0.0,7,32,80
2,43,18,2.8,11.758197466790037,0.0,7,32,80
2,43,19,3.0,10.028429685307273,0.0,7,32,80
2,43,20,2.8,9.182168815682235,0.0,7,32,80
2,43,21,2.8,8.216407370061617,0.0,7,32,80
2,43,22,2.2,15.285197739998607,0.0,5,32,80
3,43,1,2.8,8.847700622914445,0.0,7,32,80
3,43,2,2.8,10.462905027561227,0.0,7,32,80
3,43,3,2.8,10.847823003703326,0.0,7,32,80
3,43,4,2.8,9.05346769464426,0.0,7,32,80
3,43,5,2.8,9.419977785053401,0.0,7,32,80
3,43,6,2.8,9.312925375699734,0.0,7,32,80
3,43,7,2.8,9.568793053170468,0.0,7,32,80
3,43,8,2.8,10.313330815372174,0.0,7,32,80
3,43,9,2.8,13.377369558368297,0.0,7,32,80
3,43,10,2.8,11.272370707598268,0.0,7,32,80
3,43,11,2.8,11.325704951039866,0.0,7,32,80
3,43,12,2.8,11.697249905734655,0.0,7,32,80
3,43,13,2.8,8.918478585077231,0.0,7,32,80
3,43,14,2.8,10.7192179022637,0.0,7,32,80
3,43,15,2.8,11.745741704750692,0.0,7,32,80
3,43,16,2.8,10.975983123363047,0.0,7,32,80
3,43,17,2.8,12.032882649162508,0.0,7,32,80
3,43,18,2.8,10.2152022122674,0.0,7,32,80
3,43,19,2.8,10.779060395519313,0.0,7,32,80
3,43,20,2.8,11.369601663252242,0.0,7,32,80
3,43,21,2.8,8.944284044352289,0.0,7,32,80
3,43,22,2.8,12.046330175851386,0.0,7,32,80
1,44,1,4.2,8.4233844363216,0.0,7,32,80
1,44,2,3.4,10.339485329269419,0.0,7,32,80
1,44,3,3.0,10.790142608397959,0.0,7,32,80
1,44,4,3.0,9.456778443809132,0.0,7,32,80
1,44,5,3.0,9.33418318048809,0.0,7,32,80
1,44,6,2.8,11.046849310700583,0.0,7,32,80
1,44,7,2.8,9.955761683023484,0.0,7,32,80
1,44,8,2.8,8.987512594736236,0.0,7,32,80
1,44,9,2.8,12.498404508668651,0.0,7,32,80
1,44,10,2.8,13.878856005005433,0.0,7,32,80
1,44,11,2.8,15.443751222147089,0.0,7,32,80
1,44,12,2.8,10.987888689513102,0.0,7,32,80
1,44,13,2.8,11.972352525854243,0.0,7,32,80
1,44,14,2.8,12.341735301264599,0.0,7,32,80
1,44,15,2.8,12.14001159709698,0.0,7,32,80
1,44,16,2.8,10.600378593465246,0.0,7,32,80
1,44,17,2.8,9.391457412325735,0.0,7,32,80
1,44,18,3.0,10.075464194023573,0.0,7,32,80
1,44,19,2.8,9.754854382205615,0.0,7,32,80
1,44,20,2.8,10.555036761884693,0.0,7,32,80
1,44,21,2.8,9.56359797000848,0.0,7,32,80
2,44,1,3.0,12.0825826908423,0.0,7,32,80
2,44,2,3.2,9.318641048078613,0.0,7,32,80
2,44,3,3.0,10.228169517399275,0.0,7,32,80
2,44,4,3.2,8.964887751967995,0.0,7,32,80
2,44,5,2.8,10.468312325180241,0.0,7,32,80
2,44,6,2.8,10.754772555846191,0.0,7,32,80
2,44,7,3.0,10.106377645448028,0.0,7,32,80
2,44,8,2.8,9.714205871817697,0.0,7,32,80
2,44,9,2.8,11.642379142130546,0.0,7,32,80
2,44,10,2.8,11.83083124692896,0.0,7,32,80
2,44,11,2.8,9.155382611925017,0.0,7,32,80
2,44,12,2.8,11.431119003615601,0.0,7,32,80
2,44,13,2.8,11.149041047770059,0.0,7,32,80
2,44,14,2.8,11.635395082851051,0.0,7,32,80
2,44,15,3.0,9.002304383474101,0.0,7,32,80
2,44,16,2.8,10.137447908995899,0.0,7,32,80
2,44,17,2.8,10.699218171811454,0.0,7,32,80
2,44,18,2.8,12.29057302946328,0.0,7,32,80
2,44,19,3.0,9.440521984062121,0.0,7,32,80
2,44,20,2.8,9.617441402186166,0.0,7,32,80
2,44,21,3.0,8.528920716276133,0.0,7,32,80
3,44,1,2.8,9.781617041364699,0.0,7,32,80
3,44,2,2.8,11.484530911956803,0.0,7,32,80
3,44,3,2.8,11.457465753075791,0.0,7,32,80
3,44,4,2.8,9.23110534317815,0.0,7,32,80
3,44,5,2.8,8.635281842361561,0.0,7,32,80
3,44,6,2.8,10.08038635808464,0.0,7,32,80
3,44,7,2.8,9.264412202313123,0.0,7,32,80
3,44,8,2.8,11.452750621856154,0.0,7,32,80
3,44,9,2.8,11.734714993131638,0.0,7,32,80
3,44,10,2.8,11.028458068605094,0.0,7,32,80
3,44,11,2.8,11.410221608756824,0.0,7,32,80
3,44,12,2.8,11.674921344906052,0.0,7,32,80
3,44,13,2.8,9.010451161147374,0.0,7,32,80
3,44,14,2.8,10.286538140572791,0.0,7,32,80
3,44,15,2.8,12.489278545387043,0.0,7,32,80
3,44,16,2.8,11.916973261635595,0.0,7,32,80
3,44,17,2.8,14.148382883092427,0.0,7,32,80
3,44,18,2.8,12.910627762612224,0.0,7,32,80
3,44,19,2.8,10.894260510313176,0.0,7,32,80
3,44,20,2.8,11.54123856026516,0.0,7,32,80
3,44,21,2.8,8.77741394849383,0.0,7,32,80
3,44,22,2.8,10.792207395054247,0.0,7,32,80
1,45,1,4.0,9.051297317695893,0.0,7,32,80
1,45,2,3.0,11.402759780643624,0.0,7,32,80
1,45,3,2.8,13.965131439224972,0.0,7,32,80
1,45,4,2.8,9.190140284481343,0.0,7,32,80
1,45,5,2.8,16.109843286957684,0.0,7,32,80
1,45,6,2.8,8.770854692993481,0.0,7,32,80
1,45,7,3.0,8.973767827345265,0.0,7,32,80
1,45,8,2.8,10.14388755703756,0.0,7,32,80
1,45,9,2.8,16.018665155275514,0.0,7,32,80
1,45,10,2.8,11.675732766951084,0.0,7,32,80
1,45,11,2.8,13.918248548231594,0.0,7,32,80
1,45,12,2.8,14.188442221832203,0.0,7,32,80
1,45,13,2.8,9.719918777872426,0.0,7,32,80
1,45,14,2.8,15.993216800466977,0.0,7,32,80
1,45,15,2.8,10.36767322869034,0.0,7,32,80
1,45,16,2.8,10.347009564543129,0.0,7,32,80
1,45,17,2.8,12.34813890239463,0.0,7,32,80
1,45,18,2.8,9.122583688016089,0.0,7,32,80
1,45,19,2.8,8.359979384705728,0.0,7,32,80
1,45,20,2.8,12.924504126062484,0.0,7,32,80
1,45,21,2.8,9.319062825780358,0.0,7,32,80
1,45,22,2.6,10.856119508870123,0.0,6,32,80
2,45,1,2.8,15.791744064252438,0.0,7,32,80
2,45,2,2.8,11.39706547067118,0.0,7,32,80
2,45,3,3.6,9.245066900609904,0.125,7,32,80
2,45,4,2.8,10.976083212693261,0.0,7,32,80
2,45,5,2.8,11.125997698082813,0.0,7,32,80
2,45,6,2.8,9.373224398216074,0.0,7,32,80
2,45,7,3.0,13.477989137163489,0.0,7,32,80
2,45,8,2.8,11.366617381604065,0.0,7,32,80
2,45,9,2.8,11.185116579497025,0.0,7,32,80
2,45,10,2.8,11.899691218027684,0.0,7,32,80
2,45,11,2.8,8.709879823634187,0.0,7,32,80
2,45,12,2.8,11.996087053013033,0.0,7,32,80
2,45,13,2.8,11.292874089847565,0.0,7,32,80
2,45,14,2.8,9.76273625446657,0.0,7,32,80
2,45,15,2.8,9.13756440334113,0.0,7,32,80
2,45,16,3.0,11.32349855140679,0.0,7,32,80
2,45,17,2.8,11.085871886893003,0.0,7,32,80
2,45,18,2.8,12.282705550017523,0.0,7,32,80
2,45,19,3.2,9.340379661082947,0.0,7,32,80
2,45,20,2.8,8.176425948049184,0.0,7,32,80
2,45,21,2.8,7.918279812902779,0.0,7,32,80
2,45,22,2.0,16.35874011210572,0.0,4,32,80
3,45,1,2.8,10.361618800670103,0.0,7,32,80
3,45,2,2.8,12.218727242403855,0.0,7,32,80
3,45,3,2.8,11.414699024708435,0.0,7,32,80
3,45,4,2.8,9.93593349298384,0.0,7,32,80
3,45,5,2.8,9.13847883169892,0.0,7,32,80
3,45,6,2.8,11.145857408733018,0.0,7,32,80
3,45,7,2.8,9.031835707835521,0.0,7,32,80
3,45,8,2.8,9.816727146929523,0.0,7,32,80
3,45,9,2.8,11.406440643178987,0.0,7,32,80
3,45,10,2.8,11.794061149076851,0.0,7,32,80
3,45,11,2.8,10.562863115754073,0.0,7,32,80
3,45,12,3.6,8.60754492054712,0.125,7,32,80
3,45,13,2.8,10.292694536052288,0.0,7,32,80
3,45,14,2.8,10.8904676673233,0.0,7,32,80
3,45,15,2.8,11.886476129652372,0.0,7,32,80
3,45,16,2.8,9.651227207298492,0.0,7,32,80
3,45,17,2.8,12.863061653938066,0.0,7,32,80
3,45,18,2.8,11.519791442711353,0.0,7,32,80
3,45,19,2.8,12.182626568865787,0.0,7,32,80
3,45,20,2.8,12.130600600940639,0.0,7,32,80
3,45,21,2.8,8.14150644519443,0.0,7,32,80
3,45,22,2.8,12.465017084792201,0.0,7,32,80
1,46,1,4.2,9.04275773627953,0.0,7,32,80
1,46,2,3.2,12.262251958446718,0.0,7,32,80
1,46,3,2.8,11.712737806388676,0.0,7,32,80
1,46,4,3.0,8.169425057373344,0.0,7,32,80
1,46,5,2.8,11.485560803714254,0.0,7,32,80
1,46,6,2.8,10.02782235385675,0.0,7,32,80
1,46,7,3.0,9.80838229053872,0.0,7,32,80
1,46,8,2.8,10.116528666842168,0.0,7,32,80
1,46,9,2.8,15.753282352456123,0.0,7,32,80
1,46,10,2.8,11.520558733082742,0.0,7,32,80
1,46,11,2.8,15.180946158396347,0.0,7,32,80
1,46,12,2.8,13.48301895386641,0.0,7,32,80
1,46,13,2.8,9.3965171152155,0.0,7,32,80
1,46,14,2.8,9.708093173096682,0.0,7,32,80
1,46,15,2.8,14.639411842765206,0.0,7,32,80
1,46,16,2.8,10.452685707051458,0.0,7,32,80
1,46,17,2.8,9.300191835335688,0.0,7,32,80
1,46,18,2.8,10.843363179682164,0.0,7,32,80
1,46,19,2.8,11.614270280827869,0.0,7,32,80
1,46,20,2.8,10.091826155153566,0.0,7,32,80
1,46,21,2.8,12.54665597751567,0.0,7,32,80
1,46,22,2.0,13.767590075162712,0.0,5,32,80
2,46,1,2.8,12.200559693754615,0.0,7,32,80
2,46,2,2.8,11.838264003575402,0.0,7,32,80
2,46,3,3.6,8.705540553381791,0.125,7,32,80
2,46,4,2.8,11.035496491831342,0.0,7,32,80
2,46,5,2.8,10.371328949084486,0.0,7,32,80
2,46,6,2.8,9.700277952999627,0.0,7,32,80
2,46,7,3.0,14.197588067834928,0.0,7,32,80
2,46,8,2.8,10.124731495453723,0.0,7,32,80
2,46,9,2.8,12.115713939510163,0.0,7,32,80
2,46,10,2.8,13.041515480777928,0.0,7,32,80
2,46,11,2.8,8.722301100367762,0.0,7,32,80
2,46,12,2.8,14.130108793477591,0.0,7,32,80
2,46,13,2.8,13.603732887264995,0.0,7,32,80
2,46,14,2.8,10.518265349235179,0.0,7,32,80
2,46,15,2.8,9.764884216913508,0.0,7,32,80
2,46,16,2.8,12.895239042089319,0.0,7,32,80
2,46,17,2.8,10.070531193234164,0.0,7,32,80
2,46,18,2.8,11.56205920393376,0.0,7,32,80
2,46,19,2.8,12.16165287904689,0.0,7,32,80
2,46,20,3.0,7.785228430873252,0.0,7,32,80
2,46,21,2.8,9.379204813978754,0.0,7,32,80
2,46,22,2.0,14.293355560404025,0.0,5,32,80
3,46,1,2.8,10.414550078441863,0.0,7,32,80
3,46,2,2.8,9.653688671786204,0.0,7,32,80
3,46,3,2.8,10.387242175536443,0.0,7,32,80
3,46,4,2.8,9.935933492983766,0.0,7,32,80
3,46,5,2.8,10.138258258732739,0.0,7,32,80
3,46,6,2.8,9.369995457446754,0.0,7,32,80
3,46,7,2.8,10.652036761579254,0.0,7,32,80
3,46,8,2.8,12.280607284813719,0.0,7,32,80
3,46,9,2.8,11.19760799086616,0.0,7,32,80
3,46,10,2.8,9.903428548324921,0.0,7,32,80
3,46,11,2.8,11.283914407246439,0.0,7,32,80
3,46,12,2.8,11.328914071064272,0.0,7,32,80
3,46,13,2.8,8.727581650994345,0.0,7,32,80
3,46,14,2.8,9.71467940704446,0.0,7,32,80
3,46,15,2.8,13.304309184833324,0.0,7,32,80
3,46,16,2.8,12.105671495967098,0.0,7,32,80
3,46,17,2.8,11.687959271820295,0.0,7,32,80
3,46,18,3.0,9.143727823926406,0.0,7,32,80
3,46,19,2.8,12.205657841923559,0.0,7,32,80
3,46,20,2.8,10.065867647149355,0.0,7,32,80
3,46,21,2.8,9.052175545149419,0.0,7,32,80
3,46,22,2.8,9.84815233485009,0.0,7,32,80
1,47,1,4.0,8.574753249183264,0.0,7,32,80
1,47,2,3.2,10.799034701279787,0.0,7,32,80
1,47,3,3.0,11.554575041763895,0.0,7,32,80
1,47,4,3.0,8.444169266258665,0.0,7,32,80
1,47,5,3.0,10.548258138398051,0.0,7,32,80
1,47,6,2.8,10.601422952314456,0.0,7,32,80
1,47,7,2.8,11.385574934324229,0.0,7,32,80
1,47,8,2.8,8.5516617444843,0.0,7,32,80
1,47,9,2.8,13.000431275279757,0.0,7,32,80
1,47,10,2.8,11.978571352519241,0.0,7,32,80
1,47,11,2.8,12.50351269516835,0.0,7,32,80
1,47,12,2.8,12.426474988977285,0.0,7,32,80
1,47,13,2.8,11.581735240289575,0.0,7,32,80
1,47,14,2.8,11.915690579966654,0.0,7,32,80
1,47,15,2.8,14.463723628039716,0.0,7,32,80
1,47,16,2.8,10.69382796297871,0.0,7,32,80
1,47,17,2.8,9.357961792803682,0.0,7,32,80
1,47,18,3.0,10.714401608279102,0.0,7,32,80
1,47,19,3.0,9.489843636869338,0.0,7,32,80
1,47,20,2.8,10.449700400365254,0.0,7,32,80
1,47,21,2.8,10.622490194763444,0.0,7,32,80
2,47,1,2.8,12.10397887064653,0.0,7,32,80
2,47,2,3.0,9.825835081822751,0.0,7,32,80
2,47,3,3.4,9.39869005516864,0.0,7,32,80
2,47,4,3.2,8.375603033359837,0.0,7,32,80
2,47,5,2.8,11.512676174150927,0.0,7,32,80
2,47,6,2.8,10.966901962185489,0.0,7,32,80
2,47,7,3.0,10.937768165403774,0.0,7,32,80
2,47,8,2.8,10.813394775838336,0.0,7,32,80
2,47,9,2.8,12.759658065558126,0.0,7,32,80
2,47,10,2.8,11.264310000913186,0.0,7,32,80
2,47,11,2.8,9.944335630004776,0.0,7,32,80
2,47,12,2.8,13.123555351884614,0.0,7,32,80
2,47,13,2.8,11.128754549963602,0.0,7,32,80
2,47,14,2.8,11.61330182060728,0.0,7,32,80
2,47,15,2.8,9.52427692773782,0.0,7,32,80
2,47,16,2.8,10.87650411800096,0.0,7,32,80
2,47,17,2.8,10.271282950673658,0.0,7,32,80
2,47,18,2.8,11.028262279428013,0.0,7,32,80
2,47,19,2.8,11.012459940450928,0.0,7,32,80
2,47,20,2.8,8.757495606486943,0.0,7,32,80
2,47,21,2.8,9.28106281106666,0.0,7,32,80
2,47,22,2.25,15.691860076206229,0.0,4,32,80
3,47,1,2.8,9.097759023682517,0.0,7,32,80
3,47,2,2.8,13.194002620835636,0.0,7,32,80
3,47,3,2.8,10.886440265830663,0.0,7,32,80
3,47,4,2.8,9.16196439815223,0.0,7,32,80
3,47,5,2.8,10.25727731084812,0.0,7,32,80
3,47,6,2.8,9.159508206783492,0.0,7,32,80
3,47,7,2.8,9.306704183913176,0.0,7,32,80
3,47,8,2.8,11.180580462257351,0.0,7,32,80
3,47,9,2.8,12.178680664007791,0.0,7,32,80
3,47,10,2.8,10.71920061338368,0.0,7,32,80
3,47,11,2.8,11.517657962601472,0.0,7,32,80
3,47,12,2.8,12.284615274883398,0.0,7,32,80
3,47,13,2.8,10.58553520362264,0.0,7,32,80
3,47,14,2.8,11.128812499602914,0.0,7,32,80
3,47,15,2.8,11.416858773793626,0.0,7,32,80
3,47,16,2.8,12.226672836097055,0.0,7,32,80
3,47,17,2.8,13.704546887694525,0.0,7,32,80
3,47,18,2.8,12.617645475067173,0.0,7,32,80
3,47,19,2.8,10.519506642378412,0.0,7,32,80
3,47,20,2.8,9.802480151541841,0.0,7,32,80
3,47,21,2.8,8.39201900059513,0.0,7,32,80
3,47,22,2.8,10.868922301201401,0.0,7,32,80
1,48,1,4.0,9.599193207439859,0.0,7,32,80
1,48,2,3.4,10.075994817191145,0.0,7,32,80
1,48,3,2.8,13.172077655444872,0.0,7,32,80
1,48,4,3.0,8.444169266258662,0.0,7,32,80
1,48,5,3.0,11.428476990897984,0.0,7,32,80
1,48,6,2.8,10.382240701386444,0.0,7,32,80
1,48,7,2.8,10.566998302993884,0.0,7,32,80
1,48,8,2.8,10.167737630188856,0.0,7,32,80
1,48,9,2.8,13.648207398380727,0.0,7,32,80
1,48,10,2.8,11.389907393282355,0.0,7,32,80
1,48,11,2.8,12.224499530742982,0.0,7,32,80
1,48,12,2.8,14.487921147833363,0.0,7,32,80
1,48,13,2.8,12.598729639977128,0.0,7,32,80
1,48,14,2.8,12.3554542214022,0.0,7,32,80
1,48,15,2.8,14.49852310862639,0.0,7,32,80
1,48,16,2.8,10.847833045773415,0.0,7,32,80
1,48,17,2.8,8.954689238264109,0.0,7,32,80
1,48,18,2.8,9.478847833573452,0.0,7,32,80
1,48,19,2.8,11.16247608568988,0.0,7,32,80
1,48,20,3.0,10.232598776364277,0.0,7,32,80
1,48,21,2.8,10.75288978960954,0.0,7,32,80
1,48,22,2.25,12.561066291973235,0.0,4,32,80
2,48,1,3.2,10.775821398834449,0.0,7,32,80
2,48,2,3.0,9.786626524911455,0.0,7,32,80
2,48,3,3.6,9.19308279175629,0.125,7,32,80
2,48,4,2.8,10.19939864728607,0.0,7,32,80
2,48,5,2.8,10.150626795954258,0.0,7,32,80
2,48,6,2.8,9.760374026284966,0.0,7,32,80
2,48,7,3.0,10.4496067334155,0.0,7,32,80
2,48,8,2.8,11.163998277273473,0.0,7,32,80
2,48,9,2.8,12.617428555478382,0.0,7,32,80
2,48,10,2.8,11.336916300803303,0.0,7,32,80
2,48,11,2.8,11.661637722400565,0.0,7,32,80
2,48,12,2.8,13.226663676147712,0.0,7,32,80
2,48,13,2.8,11.098657798853925,0.0,7,32,80
2,48,14,2.8,10.242629825041606,0.0,7,32,80
2,48,15,3.0,8.97732229100156,0.0,7,32,80
2,48,16,2.8,10.230878813228664,0.0,7,32,80
2,48,17,2.8,11.628596739874599,0.0,7,32,80
2,48,18,2.8,12.934200213398217,0.0,7,32,80
2,48,19,3.0,10.198146470254885,0.0,7,32,80
2,48,20,2.8,8.158944930194254,0.0,7,32,80
2,48,21,2.8,8.18104838183882,0.0,7,32,80
3,48,1,2.8,9.940598392699497,0.0,7,32,80
3,48,2,2.8,11.593377859983509,0.0,7,32,80
3,48,3,2.8,9.757523654792227,0.0,7,32,80
3,48,4,2.8,8.960619379686053,0.0,7,32,80
3,48,5,2.8,9.193424596128727,0.0,7,32,80
3,48,6,2.8,9.024359607448998,0.0,7,32,80
3,48,7,2.8,10.310841213156994,0.0,7,32,80
3,48,8,2.8,12.532242627060162,0.0,7,32,80
3,48,9,2.8,11.94090871306115,0.0,7,32,80
3,48,10,2.8,12.700208780630684,0.0,7,32,80
3,48,11,2.8,11.45295473040285,0.0,7,32,80
3,48,12,2.8,13.686625280780081,0.0,7,32,80
3,48,13,2.8,10.265720974991586,0.0,7,32,80
3,48,14,2.8,9.343650237095932,0.0,7,32,80
3,48,15,2.8,11.768342240591439,0.0,7,32,80
3,48,16,2.8,11.53489567897829,0.0,7,32,80
3,48,17,2.8,13.316641560847424,0.0,7,32,80
3,48,18,2.8,11.395207323899978,0.0,7,32,80
3,48,19,2.8,10.119200362431144,0.0,7,32,80
3,48,20,2.8,11.244187216193188,0.0,7,32,80
3,48,21,2.8,8.90521486938854,0.0,7,32,80
3,48,22,2.8,10.371292773021636,0.0,7,32,80
1,49,1,4.0,9.583926440118114,0.0,7,32,80
1,49,2,3.4,10.856576139784703,0.0,7,32,80
1,49,3,2.8,11.128706974265404,0.0,7,32,80
1,49,4,3.0,8.687646263620895,0.0,7,32,80
1,49,5,2.8,12.913068785343922,0.0,7,32,80
1,49,6,2.8,9.751945230714021,0.0,7,32,80
1,49,7,3.0,8.869954197764704,0.0,7,32,80
1,49,8,2.8,9.724707245023408,0.0,7,32,80
1,49,9,2.8,11.444898593201469,0.0,7,32,80
1,49,10,2.8,11.676824999447737,0.0,7,32,80
1,49,11,2.8,14.38375464090375,0.0,7,32,80
1,49,12,2.8,14.418590102719437,0.0,7,32,80
1,49,13,2.8,10.950353650072714,0.0,7,32,80
1,49,14,2.8,11.269457610129141,0.0,7,32,80
1,49,15,2.8,13.40217878774174,0.0,7,32,80
1,49,16,2.8,10.599775806216543,0.0,7,32,80
1,49,17,2.8,10.957477851778341,0.0,7,32,80
1,49,18,2.8,10.48489503035305,0.0,7,32,80
1,49,19,2.8,10.181734614531605,0.0,7,32,80
1,49,20,3.0,9.864100879549122,0.0,7,32,80
1,49,21,2.8,9.589323909404857,0.0,7,32,80
1,49,22,2.25,12.76055868599674,0.0,4,32,80
2,49,1,2.8,13.4627806358157,0.0,7,32,80
2,49,2,2.8,9.950740028659055,0.0,7,32,80
2,49,3,3.0,11.641577648564406,0.0,7,32,80
2,49,4,2.8,10.793051666320878,0.0,7,32,80
2,49,5,3.0,8.5686916081727,0.0,7,32,80
2,49,6,2.8,9.277570735703877,0.0,7,32,80
2,49,7,2.8,12.545577353983807,0.0,7,32,80
2,49,8,2.8,10.125823820501159,0.0,7,32,80
2,49,9,2.8,11.357320218733891,0.0,7,32,80
2,49,10,2.8,13.042538161324547,0.0,7,32,80
2,49,11,2.8,9.010873659386267,0.0,7,32,80
2,49,12,2.8,10.83555760838408,0.0,7,32,80
2,49,13,2.8,13.788633411927487,0.0,7,32,80
2,49,14,2.8,13.600874396108168,0.0,7,32,80
2,49,15,2.8,9.558999254307764,0.0,7,32,80
2,49,16,2.8,11.466962764017886,0.0,7,32,80
2,49,17,2.8,13.277596097123427,0.0,7,32,80
2,49,18,2.8,10.493936561028097,0.0,7,32,80
2,49,19,3.0,12.932613566901281,0.0,7,32,80
2,49,20,2.8,9.130629767422404,0.0,7,32,80
2,49,21,2.8,9.218126039799408,0.0,7,32,80
2,49,22,2.6,11.63172987878471,0.0,6,32,80
3,49,1,2.8,9.844595426464501,0.0,7,32,80
3,49,2,2.8,10.872081509235318,0.0,7,32,80
3,49,3,2.8,9.649758809121318,0.0,7,32,80
3,49,4,2.8,10.462851998986098,0.0,7,32,80
3,49,5,2.8,9.493083305783326,0.0,7,32,80
3,49,6,2.8,10.097027906564248,0.0,7,32,80
3,49,7,2.8,9.767450445730216,0.0,7,32,80
3,49,8,2.8,12.43036108025613,0.0,7,32,80
3,49,9,2.8,13.091038908777296,0.0,7,32,80
3,49,10,2.8,11.484027637170026,0.0,7,32,80
3,49,11,2.8,10.786406951814966,0.0,7,32,80
3,49,12,3.0,11.553362088956035,0.0,7,32,80
3,49,13,2.8,9.544363759022698,0.0,7,32,80
3,49,14,3.0,9.10108117211485,0.0,7,32,80
3,49,15,2.8,12.04761541519664,0.0,7,32,80
3,49,16,2.8,9.989720219561416,0.0,7,32,80
3,49,17,2.8,14.68789909205999,0.0,7,32,80
3,49,18,2.8,9.468390208070192,0.0,7,32,80
3,49,19,2.8,11.470170034497363,0.0,7,32,80
3,49,20,2.8,12.042437084911167,0.0,7,32,80
3,49,21,2.8,8.470054936807195,0.0,7,32,80
3,49,22,2.8,8.757109745546707,0.0,7,32,80
1,50,1,4.2,8.194299089415713,0.0,7,32,80
1,50,2,3.0,12.518060641422373,0.0,7,32,80
1,50,3,3.0,11.943905276161018,0.0,7,32,80
1,50,4,3.0,7.8297540543269495,0.0,7,32,80
1,50,5,3.0,9.47069029507817,0.0,7,32,80
1,50,6,2.8,10.003085820655635,0.0,7,32,80
1,50,7,2.8,10.71734634349009,0.0,7,32,80
1,50,8,2.8,9.333105220798574,0.0,7,32,80
1,50,9,2.8,12.889203636397342,0.0,7,32,80
1,50,10,2.8,11.411476438098662,0.0,7,32,80
1,50,11,2.8,14.315414625074212,0.0,7,32,80
1,50,12,2.8,15.219755208928682,0.0,7,32,80
1,50,13,2.8,13.2642955509956,0.0,7,32,80
1,50,14,2.8,12.64054695568059,0.0,7,32,80
1,50,15,2.8,14.058795127841098,0.0,7,32,80
1,50,16,2.8,10.88702990652221,0.0,7,32,80
1,50,17,2.8,9.863427806110298,0.0,7,32,80
1,50,18,2.8,10.06461256420919,0.0,7,32,80
1,50,19,2.8,10.19896705726634,0.0,7,32,80
1,50,20,2.8,10.758465100919015,0.0,7,32,80
1,50,21,2.8,11.97328207480981,0.0,7,32,80
1,50,22,2.0,13.311404094006722,0.0,5,32,80
2,50,1,2.8,11.598976400395456,0.0,7,32,80
2,50,2,2.8,9.429149361095837,0.0,7,32,80
2,50,3,3.0,12.497978548258377,0.0,7,32,80
2,50,4,2.8,9.96643360216417,0.0,7,32,80
2,50,5,3.2,8.738272979577605,0.0,7,32,80
2,50,6,2.8,10.772613132282677,0.0,7,32,80
2,50,7,3.0,11.371312582174424,0.0,7,32,80
2,50,8,2.8,10.436202225776027,0.0,7,32,80
2,50,9,2.8,11.909936157999303,0.0,7,32,80
2,50,10,2.8,12.44884281760422,0.0,7,32,80
2,50,11,2.8,8.776881472404279,0.0,7,32,80
2,50,12,2.8,11.13386825531404,0.0,7,32,80
2,50,13,2.8,10.350799270435028,0.0,7,32,80
2,50,14,2.8,10.894655923719357,0.0,7,32,80
2,50,15,2.8,9.510769041444355,0.0,7,32,80
2,50,16,2.8,13.23875432726501,0.0,7,32,80
2,50,17,2.8,10.016207580501431,0.0,7,32,80
2,50,18,2.8,13.95870422537153,0.0,7,32,80
2,50,19,3.0,11.456018859678434,0.0,7,32,80
2,50,20,3.0,8.041116917264585,0.0,7,32,80
2,50,21,2.8,8.81166505595727,0.0,7,32,80
2,50,22,2.0,15.105276441951522,0.0,5,32,80
3,50,1,2.8,9.704018195443044,0.0,7,32,80
3,50,2,2.8,11.272855601687608,0.0,7,32,80
3,50,3,2.8,12.773557361010415,0.0,7,32,80
3,50,4,2.8,10.218130258662354,0.0,7,32,80
3,50,5,2.8,10.613264254908485,0.0,7,32,80
3,50,6,2.8,9.696819792169666,0.0,7,32,80
3,50,7,2.8,9.085502790339223,0.0,7,32,80
3,50,8,2.8,11.180580462257256,0.0,7,32,80
3,50,9,2.8,10.398050883295843,0.0,7,32,80
3,50,10,2.8,10.269250708582295,0.0,7,32,80
3,50,11,2.8,11.62713674578816,0.0,7,32,80
3,50,12,3.0,10.760617671071273,0.0,7,32,80
3,50,13,2.8,9.634573561178522,0.0,7,32,80
3,50,14,3.0,10.562855283761841,0.0,7,32,80
3,50,15,2.8,11.701859024298974,0.0,7,32,80
3,50,16,2.8,13.061886544762253,0.0,7,32,80
3,50,17,2.8,13.313125555705073,0.0,7,32,80
3,50,18,2.8,10.297338582174904,0.0,7,32,80
3,50,19,2.8,14.76539321875597,0.0,7,32,80
3,50,20,2.8,10.510956964687823,0.0,7,32,80
3,50,21,2.8,9.379292448224868,0.0,7,32,80
3,50,22,2.8,10.429626931274454,0.0,7,32,80
1,51,1,4.2,8.975414451816594,0.0,7,32,80
1,51,2,3.4,11.183811641770895,0.0,7,32,80
1,51,3,3.0,11.19090912644171,0.0,7,32,80
1,51,4,2.8,10.270465251226929,0.0,7,32,80
1,51,5,3.0,10.74572440891924,0.0,7,32,80
1,51,6,2.8,10.647081415127277,0.0,7,32,80
1,51,7,2.8,10.429213658706107,0.0,7,32,80
1,51,8,2.8,10.46136110707163,0.0,7,32,80
1,51,9,2.8,14.021775173009013,0.0,7,32,80
1,51,10,2.8,10.866140308406356,0.0,7,32,80
1,51,11,2.8,11.765269432035995,0.0,7,32,80
1,51,12,2.8,12.018103146851814,0.0,7,32,80
1,51,13,2.8,12.680282614041463,0.0,7,32,80
1,51,14,2.8,12.653766166307356,0.0,7,32,80
1,51,15,2.8,11.912175502827473,0.0,7,32,80
1,51,16,2.8,10.080706248182146,0.0,7,32,80
1,51,17,2.8,9.51027312825642,0.0,7,32,80
1,51,18,3.0,9.179536895937696,0.0,7,32,80
1,51,19,2.8,10.120478699385215,0.0,7,32,80
1,51,20,2.8,9.787757499505611,0.0,7,32,80
1,51,21,2.8,9.637179570471115,0.0,7,32,80
1,51,22,2.0,14.001535318776572,0.0,4,32,80
2,51,1,2.8,12.10397887064653,0.0,7,32,80
2,51,2,2.8,9.854542021296455,0.0,7,32,80
2,51,3,3.8,8.373323189825685,0.125,7,32,80
2,51,4,2.8,9.764986051585767,0.0,7,32,80
2,51,5,2.8,9.957581531469694,0.0,7,32,80
2,51,6,2.8,11.054032125284197,0.0,7,32,80
2,51,7,2.8,16.46261313388841,0.0,7,32,80
2,51,8,2.8,9.676223255648408,0.0,7,32,80
2,51,9,2.8,11.788773479543165,0.0,7,32,80
2,51,10,2.8,11.000751944867105,0.0,7,32,80
2,51,11,2.8,8.835707593034368,0.0,7,32,80
2,51,12,2.8,12.588676515081149,0.0,7,32,80
2,51,13,2.8,12.049303389704772,0.0,7,32,80
2,51,14,2.8,10.664994959595996,0.0,7,32,80
2,51,15,2.8,9.137564403341162,0.0,7,32,80
2,51,16,3.0,10.364087525626545,0.0,7,32,80
2,51,17,2.8,11.929141921047616,0.0,7,32,80
2,51,18,2.8,11.497642125342889,0.0,7,32,80
2,51,19,3.2,8.55635855317765,0.0,7,32,80
2,51,20,2.8,10.227298652680293,0.0,7,32,80
2,51,21,2.8,9.28929198277391,0.0,7,32,80
2,51,22,2.0,22.23033281107442,0.0,4,32,80
3,51,1,2.8,10.361618800670103,0.0,7,32,80
3,51,2,2.8,11.527823502634321,0.0,7,32,80
3,51,3,2.8,10.24800583255984,0.0,7,32,80
3,51,4,2.8,8.960619379686175,0.0,7,32,80
3,51,5,2.8,9.01722035660364,0.0,7,32,80
3,51,6,2.8,9.696819792169666,0.0,7,32,80
3,51,7,2.8,9.12617351800012,0.0,7,32,80
3,51,8,2.8,11.325505352814583,0.0,7,32,80
3,51,9,2.8,12.202979704905921,0.0,7,32,80
3,51,10,2.8,10.813963944918271,0.0,7,32,80
3,51,11,2.8,11.160372943925626,0.0,7,32,80
3,51,12,3.0,11.193893075194104,0.0,7,32,80
3,51,13,2.8,9.544363759022769,0.0,7,32,80
3,51,14,2.8,10.873474672563182,0.0,7,32,80
3,51,15,2.8,12.322400044047427,0.0,7,32,80
3,51,16,2.8,10.323614466645678,0.0,7,32,80
3,51,17,2.8,13.594140338081747,0.0,7,32,80
3,51,18,2.8,11.24344572534176,0.0,7,32,80
3,51,19,2.8,13.235804716427806,0.0,7,32,80
3,51,20,2.8,11.087762359502632,0.0,7,32,80
3,51,21,2.8,9.428969532549454,0.0,7,32,80
3,51,22,2.8,11.760805372480718,0.0,7,32,80
1,52,1,4.0,9.898791541733033,0.0,7,32,80
1,52,2,3.2,10.996091842108806,0.0,7,32,80
1,52,3,2.8,18.041832197561632,0.0,7,32,80
1,52,4,3.2,7.616736443932475,0.0,7,32,80
1,52,5,2.8,11.640872680041445,0.0,7,32,80
1,52,6,2.8,10.685756636854299,0.0,7,32,80
1,52,7,2.8,9.82440636671934,0.0,7,32,80
1,52,8,2.8,10.664496638603605,0.0,7,32,80
1,52,9,2.8,12.461558643805024,0.0,7,32,80
1,52,10,2.8,10.853641460134996,0.0,7,32,80
1,52,11,2.8,14.036867054559758,0.0,7,32,80
1,52,12,2.8,12.327747562151965,0.0,7,32,80
1,52,13,2.8,11.934930602635408,0.0,7,32,80
1,52,14,2.8,13.500836775894726,0.0,7,32,80
1,52,15,2.8,14.712628834494412,0.0,7,32,80
1,52,16,2.8,10.536654870506649,0.0,7,32,80
1,52,17,2.8,10.506265463277021,0.0,7,32,80
1,52,18,3.0,9.645960669736626,0.0,7,32,80
1,52,19,3.0,9.075814459223096,0.0,7,32,80
1,52,20,2.8,10.447592016032884,0.0,7,32,80
1,52,21,3.0,8.622231339526381,0.0,7,32,80
2,52,1,3.2,11.908838745730513,0.0,7,32,80
2,52,2,2.8,11.457539183718223,0.0,7,32,80
2,52,3,3.2,11.759331112809052,0.0,7,32,80
2,52,4,2.8,10.223823843338295,0.0,7,32,80
2,52,5,2.8,9.399089925401698,0.0,7,32,80
2,52,6,2.8,9.669605681575128,0.0,7,32,80
2,52,7,2.8,15.57989352932971,0.0,7,32,80
2,52,8,2.8,10.729122666741139,0.0,7,32,80
2,52,9,2.8,11.886789036646155,0.0,7,32,80
2,52,10,2.8,13.00471122416466,0.0,7,32,80
2,52,11,2.8,9.558760706268988,0.0,7,32,80
2,52,12,2.8,13.642128451148434,0.0,7,32,80
2,52,13,2.8,12.25960219694415,0.0,7,32,80
2,52,14,2.8,11.44510888409893,0.0,7,32,80
2,52,15,2.8,9.630575676534967,0.0,7,32,80
2,52,16,2.8,12.281711208590806,0.0,7,32,80
2,52,17,2.8,10.049121865482746,0.0,7,32,80
2,52,18,2.8,13.233826454650988,0.0,7,32,80
2,52,19,2.8,13.196040750786185,0.0,7,32,80
2,52,20,2.8,9.148362038781434,0.0,7,32,80
2,52,21,2.8,10.24104991535423,0.0,7,32,80
2,52,22,2.4,10.577280962042964,0.0,6,32,80
3,52,1,2.8,9.828774924352562,0.0,7,32,80
3,52,2,2.8,11.909424966909565,0.0,7,32,80
3,52,3,2.8,10.146003844405742,0.0,7,32,80
3,52,4,2.8,9.372565849238065,0.0,7,32,80
3,52,5,2.8,8.696675397299312,0.0,7,32,80
3,52,6,2.8,8.593261290478365,0.0,7,32,80
3,52,7,2.8,9.465134535661742,0.0,7,32,80
3,52,8,2.8,11.67130126233893,0.0,7,32,80
3,52,9,2.8,12.202979704905921,0.0,7,32,80
3,52,10,2.8,11.748749692618782,0.0,7,32,80
3,52,11,2.8,12.13464795927463,0.0,7,32,80
3,52,12,3.0,11.297275779661199,0.0,7,32,80
3,52,13,2.8,10.334605500951994,0.0,7,32,80
3,52,14,2.8,10.084608949565757,0.0,7,32,80
3,52,15,2.8,11.709043408563788,0.0,7,32,80
3,52,16,3.0,10.399744739318715,0.0,7,32,80
3,52,17,2.8,14.758785553635661,0.0,7,32,80
3,52,18,2.8,10.160486166237101,0.0,7,32,80
3,52,19,2.8,10.820785950030162,0.0,7,32,80
3,52,20,2.8,9.679238305610442,0.0,7,32,80
3,52,21,2.8,8.811742405461066,0.0,7,32,80
3,52,22,2.8,10.778862365162384,0.0,7,32,80
1,53,1,4.2,9.111119224992766,0.0,7,32,80
1,53,2,3.0,10.294097649958095,0.0,7,32,80
1,53,3,3.0,11.643881036121156,0.0,7,32,80
1,53,4,3.0,9.094081690558507,0.0,7,32,80
1,53,5,3.0,10.679110861923306,0.0,7,32,80
1,53,6,2.8,10.364383908288016,0.0,7,32,80
1,53,7,2.8,11.15376187350503,0.0,7,32,80
1,53,8,2.8,11.46370146897879,0.0,7,32,80
1,53,9,2.8,12.30994341678046,0.0,7,32,80
1,53,10,2.8,12.026383577362092,0.0,7,32,80
1,53,11,2.8,12.45183960492189,0.0,7,32,80
1,53,12,2.8,16.5126236223048,0.0,7,32,80
1,53,13,2.8,10.77414694468623,0.0,7,32,80
1,53,14,2.8,9.802849100276202,0.0,7,32,80
1,53,15,2.8,14.463723628039675,0.0,7,32,80
1,53,16,2.8,10.507363602455953,0.0,7,32,80
1,53,17,2.8,8.69623673075269,0.0,7,32,80
1,53,18,3.0,10.418026156451909,0.0,7,32,80
1,53,19,3.0,9.672634276257904,0.0,7,32,80
1,53,20,2.8,10.377716641550705,0.0,7,32,80
1,53,21,2.8,10.208596239123304,0.0,7,32,80
1,53,22,2.0,17.19838481996593,0.0,4,32,80
2,53,1,2.8,12.200559693754615,0.0,7,32,80
2,53,2,2.8,10.987571280666097,0.0,7,32,80
2,53,3,3.8,8.032421587357513,0.125,7,32,80
2,53,4,2.8,11.576283903543933,0.0,7,32,80
2,53,5,2.8,10.258203480084177,0.0,7,32,80
2,53,6,2.8,9.627243806527058,0.0,7,32,80
2,53,7,2.8,13.252251532066419,0.0,7,32,80
2,53,8,2.8,11.118653914828492,0.0,7,32,80
2,53,9,2.8,11.522265181976726,0.0,7,32,80
2,53,10,2.8,12.769235348635663,0.0,7,32,80
2,53,11,2.8,9.70496851303445,0.0,7,32,80
2,53,12,2.8,11.720232546321348,0.0,7,32,80
2,53,13,2.8,13.976785108206643,0.0,7,32,80
2,53,14,2.8,11.010589383387039,0.0,7,32,80
2,53,15,2.8,8.72064506477915,0.0,7,32,80
2,53,16,2.8,10.724528822341906,0.0,7,32,80
2,53,17,2.8,11.424982579312505,0.0,7,32,80
2,53,18,2.8,10.09291174081457,0.0,7,32,80
2,53,19,3.0,10.4208553028539,0.0,7,32,80
2,53,20,2.8,9.637810812953193,0.0,7,32,80
2,53,21,2.8,9.10010133883077,0.0,7,32,80
2,53,22,2.0,15.527103876112683,0.0,5,32,80
3,53,1,2.8,9.449149644122388,0.0,7,32,80
3,53,2,2.8,10.757347505640384,0.0,7,32,80
3,53,3,2.8,10.944884453908864,0.0,7,32,80
3,53,4,2.8,9.87178486832648,0.0,7,32,80
3,53,5,2.8,9.507840785418605,0.0,7,32,80
3,53,6,2.8,9.868933407918814,0.0,7,32,80
3,53,7,2.8,10.398492335028774,0.0,7,32,80
3,53,8,2.8,9.800996016469023,0.0,7,32,80
3,53,9,2.8,10.633055487386628,0.0,7,32,80
3,53,10,2.8,11.293184666490683,0.0,7,32,80
3,53,11,2.8,12.506859391266346,0.0,7,32,80
3,53,12,3.0,11.33916553478094,0.0,7,32,80
3,53,13,2.8,10.512233699072189,0.0,7,32,80
3,53,14,2.8,11.443105218349912,0.0,7,32,80
3,53,15,2.8,14.379306789215903,0.0,7,32,80
3,53,16,2.8,9.921683570561983,0.0,7,32,80
3,53,17,2.8,14.42792107017581,0.0,7,32,80
3,53,18,2.8,11.222814538419403,0.0,7,32,80
3,53,19,2.8,11.5816113550108,0.0,7,32,80
3,53,20,2.8,10.18318326042821,0.0,7,32,80
3,53,21,2.8,8.522405438166189,0.0,7,32,80
3,53,22,2.8,10.710446264481625,0.0,7,32,80
1,54,1,4.0,9.770395045864433,0.0,7,32,80
1,54,2,3.2,13.099621617607761,0.0,7,32,80
1,54,3,2.8,14.079402290008453,0.0,7,32,80
1,54,4,3.2,8.033031382411444,0.0,7,32,80
1,54,5,3.0,11.07152197584536,0.0,7,32,80
1,54,6,2.8,9.760063164031134,0.0,7,32,80
1,54,7,2.8,11.472277808484145,0.0,7,32,80
1,54,8,2.8,10.150610469394461,0.0,7,32,80
1,54,9,2.8,12.779863110005095,0.0,7,32,80
1,54,10,2.8,10.856390846870628,0.0,7,32,80
1,54,11,2.8,14.147372331318795,0.0,7,32,80
1,54,12,2.8,11.934273618756384,0.0,7,32,80
1,54,13,2.8,10.547840676244077,0.0,7,32,80
1,54,14,2.8,10.8047144302873,0.0,7,32,80
1,54,15,2.8,12.886303013671506,0.0,7,32,80
1,54,16,2.8,10.544134444351636,0.0,7,32,80
1,54,17,2.8,9.799269858711714,0.0,7,32,80
1,54,18,3.0,9.635120661787017,0.0,7,32,80
1,54,19,2.8,9.778123027918857,0.0,7,32,80
1,54,20,2.8,10.322318182174046,0.0,7,32,80
1,54,21,2.8,10.223828912368248,0.0,7,32,80
1,54,22,2.25,12.495947760315403,0.0,4,32,80
2,54,1,2.8,12.760569311528766,0.0,7,32,80
2,54,2,2.8,9.69827974274388,0.0,7,32,80
2,54,3,3.6,9.593085633263886,0.125,7,32,80
2,54,4,2.8,9.598095223630585,0.0,7,32,80
2,54,5,2.8,10.11406761306894,0.0,7,32,80
2,54,6,2.8,9.504316159462485,0.0,7,32,80
2,54,7,2.8,13.634863514974798,0.0,7,32,80
2,54,8,2.8,10.672954130238425,0.0,7,32,80
2,54,9,2.8,11.02936060079813,0.0,7,32,80
2,54,10,2.8,14.621356438519532,0.0,7,32,80
2,54,11,2.8,8.266767286379574,0.0,7,32,80
2,54,12,2.8,13.115548759488698,0.0,7,32,80
2,54,13,2.8,10.694688543272932,0.0,7,32,80
2,54,14,2.8,11.708019183729116,0.0,7,32,80
2,54,15,2.8,9.40835713051888,0.0,7,32,80
2,54,16,3.0,11.01146230268878,0.0,7,32,80
2,54,17,2.8,11.424982579312505,0.0,7,32,80
2,54,18,2.8,9.526939189239359,0.0,7,32,80
2,54,19,2.8,10.492538289725134,0.0,7,32,80
2,54,20,3.0,8.41738328137543,0.0,7,32,80
2,54,21,2.8,8.423323010387778,0.0,7,32,80
2,54,22,2.0,14.921021041864156,0.0,5,32,80
3,54,1,2.8,9.01727971790565,0.0,7,32,80
3,54,2,2.8,11.149554850420463,0.0,7,32,80
3,54,3,2.8,11.0237932160412,0.0,7,32,80
3,54,4,2.8,9.040086018376572,0.0,7,32,80
3,54,5,2.8,9.305322443536536,0.0,7,32,80
3,54,6,2.8,9.590384323696432,0.0,7,32,80
3,54,7,2.8,10.652036761579254,0.0,7,32,80
3,54,8,2.8,10.960187351658202,0.0,7,32,80
3,54,9,2.8,12.350834854175941,0.0,7,32,80
3,54,10,2.8,13.337189086164893,0.0,7,32,80
3,54,11,2.8,10.296134196525887,0.0,7,32,80
3,54,12,2.8,11.564545123433005,0.0,7,32,80
3,54,13,2.8,8.702744421753646,0.0,7,32,80
3,54,14,2.8,11.21040554450576,0.0,7,32,80
3,54,15,2.8,10.98619701801446,0.0,7,32,80
3,54,16,2.8,11.847719243913442,0.0,7,32,80
3,54,17,2.8,13.11672844976805,0.0,7,32,80
3,54,18,2.8,12.214468360717621,0.0,7,32,80
3,54,19,2.8,12.811103713733818,0.0,7,32,80
3,54,20,2.8,12.6382749924444,0.0,7,32,80
3,54,21,2.8,9.867857461398717,0.0,7,32,80
3,54,22,2.8,11.085623998747456,0.0,7,32,80
1,55,1,4.2,8.665647105987055,0.0,7,32,80
1,55,2,3.4,11.416888508452395,0.0,7,32,80
1,55,3,2.8,11.702690383609616,0.0,7,32,80
1,55,4,3.0,7.926040454754085,0.0,7,32,80
1,55,5,2.8,11.705530254476885,0.0,7,32,80
1,55,6,2.8,10.545764341792129,0.0,7,32,80
1,55,7,2.8,13.14955302769169,0.0,7,32,80
1,55,8,2.8,10.116528666842179,0.0,7,32,80
1,55,9,2.8,14.12818632275861,0.0,7,32,80
1,55,10,2.8,11.907561600223703,0.0,7,32,80
1,55,11,2.8,12.687795636822134,0.0,7,32,80
1,55,12,2.8,12.102046487091748,0.0,7,32,80
1,55,13,2.8,12.34071988116155,0.0,7,32,80
1,55,14,2.8,12.034675656320633,0.0,7,32,80
1,55,15,2.8,14.710888033046942,0.0,7,32,80
1,55,16,2.8,9.335366561909101,0.0,7,32,80
1,55,17,2.8,10.87835486070004,0.0,7,32,80
1,55,18,3.0,9.001821227701422,0.0,7,32,80
1,55,19,3.0,8.9011067608884,0.0,7,32,80
1,55,20,2.8,9.949359679113218,0.0,7,32,80
1,55,21,2.8,9.071387128829892,0.0,7,32,80
2,55,1,3.2,12.36633443133567,0.0,7,32,80
2,55,2,3.2,9.45964474371423,0.0,7,32,80
2,55,3,3.4,8.741137269497358,0.0,7,32,80
2,55,4,2.8,10.389990978572527,0.0,7,32,80
2,55,5,2.8,9.548439149575543,0.0,7,32,80
2,55,6,2.8,10.77487820941704,0.0,7,32,80
2,55,7,3.0,9.110907445686617,0.0,7,32,80
2,55,8,2.8,12.187311289438204,0.0,7,32,80
2,55,9,2.8,10.513572984114402,0.0,7,32,80
2,55,10,2.8,12.07556754132427,0.0,7,32,80
2,55,11,2.8,11.050602159529081,0.0,7,32,80
2,55,12,2.8,11.936029399995103,0.0,7,32,80
2,55,13,2.8,10.823680735061924,0.0,7,32,80
2,55,14,2.8,12.845637960012455,0.0,7,32,80
2,55,15,2.8,9.289785476317105,0.0,7,32,80
2,55,16,2.8,10.308307355332888,0.0,7,32,80
2,55,17,2.8,11.907361858669121,0.0,7,32,80
2,55,18,2.8,10.890007925280837,0.0,7,32,80
2,55,19,3.0,8.764130909414856,0.0,7,32,80
2,55,20,2.8,8.507132462869643,0.0,7,32,80
2,55,21,3.0,8.67407215804088,0.0,7,32,80
3,55,1,2.8,9.734909519061137,0.0,7,32,80
3,55,2,2.8,10.719639083748758,0.0,7,32,80
3,55,3,2.8,9.931818307742333,0.0,7,32,80
3,55,4,2.8,8.831234816870412,0.0,7,32,80
3,55,5,2.8,8.847643473310312,0.0,7,32,80
3,55,6,2.8,9.011063777361501,0.0,7,32,80
3,55,7,2.8,9.153490231004028,0.0,7,32,80
3,55,8,2.8,12.03887822384138,0.0,7,32,80
3,55,9,2.8,12.710169159579074,0.0,7,32,80
3,55,10,2.8,11.95544126584226,0.0,7,32,80
3,55,11,2.8,10.581137257945981,0.0,7,32,80
3,55,12,3.0,11.597176162656513,0.0,7,32,80
3,55,13,2.8,10.49419657875036,0.0,7,32,80
3,55,14,2.8,11.443105218349912,0.0,7,32,80
3,55,15,2.8,10.5935927160406,0.0,7,32,80
3,55,16,2.8,9.85771822309666,0.0,7,32,80
3,55,17,2.8,16.098920020449974,0.0,7,32,80
3,55,18,2.8,10.47331147432224,0.0,7,32,80
3,55,19,2.8,13.235804716427406,0.0,7,32,80
3,55,20,2.8,10.355600968190764,0.0,7,32,80
3,55,21,2.8,9.243711533574064,0.0,7,32,80
3,55,22,2.8,12.158253238198082,0.0,7,32,80
1,56,1,4.2,8.530704998047149,0.0,7,32,80
1,56,2,3.4,10.234126764551489,0.0,7,32,80
1,56,3,3.0,11.23262925822935,0.0,7,32,80
1,56,4,3.0,9.501511239093583,0.0,7,32,80
1,56,5,2.8,10.420252141376032,0.0,7,32,80
1,56,6,2.8,11.956895242037296,0.0,7,32,80
1,56,7,2.8,11.913791361168963,0.0,7,32,80
1,56,8,2.8,10.318061443086009,0.0,7,32,80
1,56,9,2.8,14.321697563555226,0.0,7,32,80
1,56,10,2.8,11.966630700110056,0.0,7,32,80
1,56,11,2.8,15.171733426277278,0.0,7,32,80
1,56,12,2.8,11.624000501150364,0.0,7,32,80
1,56,13,2.8,13.237378294177455,0.0,7,32,80
1,56,14,2.8,11.343665174856044,0.0,7,32,80
1,56,15,2.8,14.525053254133796,0.0,7,32,80
1,56,16,2.8,10.097598125700246,0.0,7,32,80
1,56,17,2.8,8.985575052223442,0.0,7,32,80
1,56,18,3.2,9.62304124807477,0.0,7,32,80
1,56,19,2.8,11.752448932228138,0.0,7,32,80
1,56,20,2.8,10.267293867859658,0.0,7,32,80
1,56,21,2.8,9.006162525197732,0.0,7,32,80
2,56,1,3.0,12.980068976036453,0.0,7,32,80
2,56,2,2.8,10.682091925651308,0.0,7,32,80
2,56,3,3.4,10.829937519342694,0.0,7,32,80
2,56,4,3.0,9.19432488854132,0.0,7,32,80
2,56,5,2.8,9.643570625345037,0.0,7,32,80
2,56,6,2.8,9.765589596840579,0.0,7,32,80
2,56,7,3.0,10.451870929340197,0.0,7,32,80
2,56,8,2.8,12.322303524354545,0.0,7,32,80
2,56,9,2.8,11.427352507735186,0.0,7,32,80
2,56,10,2.8,9.781160180064624,0.0,7,32,80
2,56,11,2.8,9.480117961099792,0.0,7,32,80
2,56,12,2.8,11.627594014291768,0.0,7,32,80
2,56,13,2.8,11.033840492708103,0.0,7,32,80
2,56,14,2.8,9.926888748849795,0.0,7,32,80
2,56,15,2.8,9.193845977777075,0.0,7,32,80
2,56,16,2.8,10.998055758575614,0.0,7,32,80
2,56,17,2.8,13.048997533515754,0.0,7,32,80
2,56,18,2.8,10.942246998668493,0.0,7,32,80
2,56,19,2.8,11.881984996732655,0.0,7,32,80
2,56,20,2.8,8.382883848645893,0.0,7,32,80
2,56,21,2.8,8.64966190370748,0.0,7,32,80
2,56,22,2.0,18.882755511221088,0.0,5,32,80
3,56,1,2.8,10.95554802606392,0.0,7,32,80
3,56,2,2.8,11.272855601687514,0.0,7,32,80
3,56,3,2.8,11.45746575307589,0.0,7,32,80
3,56,4,2.8,9.358224996278558,0.0,7,32,80
3,56,5,2.8,9.36229909596214,0.0,7,32,80
3,56,6,2.8,9.341373251556101,0.0,7,32,80
3,56,7,2.8,9.767450445730216,0.0,7,32,80
3,56,8,2.8,12.380038980756943,0.0,7,32,80
3,56,9,2.8,11.779918050614908,0.0,7,32,80
3,56,10,2.8,10.929915336598485,0.0,7,32,80
3,56,11,2.8,10.472431109006676,0.0,7,32,80
3,56,12,2.8,12.640051290458358,0.0,7,32,80
3,56,13,2.8,9.773582311583462,0.0,7,32,80
3,56,14,2.8,10.099688230355538,0.0,7,32,80
3,56,15,2.8,14.642031447501914,0.0,7,32,80
3,56,16,2.8,12.683053919814078,0.0,7,32,80
3,56,17,2.8,12.977569261328737,0.0,7,32,80
3,56,18,2.8,12.992908465565236,0.0,7,32,80
3,56,19,2.8,11.011949604913353,0.0,7,32,80
3,56,20,2.8,11.519501085637181,0.0,7,32,80
3,56,21,2.8,9.470578362226133,0.0,7,32,80
3,56,22,2.8,10.927178045894692,0.0,7,32,80
1,57,1,4.2,9.01569951760869,0.0,7,32,80
1,57,2,3.4,10.080054291129743,0.0,7,32,80
1,57,3,3.0,10.69439623309252,0.0,7,32,80
1,57,4,2.8,9.584388505281954,0.0,7,32,80
1,57,5,3.0,10.881553730320705,0.0,7,32,80
1,57,6,2.8,9.490116732021963,0.0,7,32,80
1,57,7,2.8,11.020479272626767,0.0,7,32,80
1,57,8,2.8,9.959929904621047,0.0,7,32,80
1,57,9,2.8,15.540527389355974,0.0,7,32,80
1,57,10,2.8,10.08423259023635,0.0,7,32,80
1,57,11,2.8,11.92829174545915,0.0,7,32,80
1,57,12,2.8,14.4366233591118,0.0,7,32,80
1,57,13,2.8,11.386445120744877,0.0,7,32,80
1,57,14,2.8,11.903874900123002,0.0,7,32,80
1,57,15,2.8,13.606724390473108,0.0,7,32,80
1,57,16,2.8,9.389578077157378,0.0,7,32,80
1,57,17,2.8,8.972196364161247,0.0,7,32,80
1,57,18,3.2,9.638432986049521,0.0,7,32,80
1,57,19,2.8,9.630141213130946,0.0,7,32,80
1,57,20,2.8,9.642957378253856,0.0,7,32,80
1,57,21,2.8,10.058459098496789,0.0,7,32,80
2,57,1,3.2,14.237494362689148,0.0,7,32,80
2,57,2,3.0,9.338348600918955,0.0,7,32,80
2,57,3,3.4,8.414498637886483,0.0,7,32,80
2,57,4,3.0,9.15455842021794,0.0,7,32,80
2,57,5,2.8,10.287211962274052,0.0,7,32,80
2,57,6,2.8,11.591730713608682,0.0,7,32,80
2,57,7,3.0,10.239669186428769,0.0,7,32,80
2,57,8,2.8,10.94425199802036,0.0,7,32,80
2,57,9,2.8,11.905185816567299,0.0,7,32,80
2,57,10,2.8,10.951229804398489,0.0,7,32,80
2,57,11,2.8,9.609520030213917,0.0,7,32,80
2,57,12,2.8,13.371245997630735,0.0,7,32,80
2,57,13,2.8,12.037982221661403,0.0,7,32,80
2,57,14,2.8,11.624860677984355,0.0,7,32,80
2,57,15,2.8,9.375225559166395,0.0,7,32,80
2,57,16,2.8,11.446556192662326,0.0,7,32,80
2,57,17,2.8,10.9481961673186,0.0,7,32,80
2,57,18,2.8,10.851365392947272,0.0,7,32,80
2,57,19,2.8,10.462218353537926,0.0,7,32,80
2,57,20,2.8,8.242540774516439,0.0,7,32,80
2,57,21,2.8,7.887644492457758,0.0,7,32,80
2,57,22,2.0,15.829503171621255,0.0,4,32,80
3,57,1,2.8,9.152214758533088,0.0,7,32,80
3,57,2,2.8,11.549592427341773,0.0,7,32,80
3,57,3,2.8,11.720950603397483,0.0,7,32,80
3,57,4,2.8,8.730386675433044,0.0,7,32,80
3,57,5,2.8,8.363684815807193,0.0,7,32,80
3,57,6,2.8,9.011063777361501,0.0,7,32,80
3,57,7,2.8,9.045192951997421,0.0,7,32,80
3,57,8,2.8,9.848341391643254,0.0,7,32,80
3,57,9,2.8,11.177144528072759,0.0,7,32,80
3,57,10,2.8,11.008607626260913,0.0,7,32,80
3,57,11,2.8,12.405388464483728,0.0,7,32,80
3,57,12,3.0,10.119661008335429,0.0,7,32,80
3,57,13,2.8,9.383292547651967,0.0,7,32,80
3,57,14,3.0,9.616218237488216,0.0,7,32,80
3,57,15,2.8,12.414426121241883,0.0,7,32,80
3,57,16,2.8,11.23787820249106,0.0,7,32,80
3,57,17,2.8,16.60159900576794,0.0,7,32,80
3,57,18,3.0,8.936235044964244,0.0,7,32,80
3,57,19,2.8,13.600785230869466,0.0,7,32,80
3,57,20,2.8,10.909508395770557,0.0,7,32,80
3,57,21,2.8,9.983704532832101,0.0,7,32,80
3,57,22,2.8,9.210602726476308,0.0,7,32,80
1,58,1,4.2,8.728405933491517,0.0,7,32,80
1,58,2,3.2,9.9697838460611,0.0,7,32,80
1,58,3,2.8,12.567708961367645,0.0,7,32,80
1,58,4,2.8,9.507076843458783,0.0,7,32,80
1,58,5,3.0,11.49026359679711,0.0,7,32,80
1,58,6,2.8,9.566173496786183,0.0,7,32,80
1,58,7,3.0,9.499152640836563,0.0,7,32,80
1,58,8,2.8,10.43176083206105,0.0,7,32,80
1,58,9,2.8,13.345938397002103,0.0,7,32,80
1,58,10,2.8,9.765592119159232,0.0,7,32,80
1,58,11,2.8,14.954897254292208,0.0,7,32,80
1,58,12,2.8,12.74177799553456,0.0,7,32,80
1,58,13,2.8,10.348587071799363,0.0,7,32,80
1,58,14,2.8,10.766107002979139,0.0,7,32,80
1,58,15,2.8,14.819420644317278,0.0,7,32,80
1,58,16,2.8,10.599775806216524,0.0,7,32,80
1,58,17,2.8,10.481021517920183,0.0,7,32,80
1,58,18,2.8,11.062326846358877,0.0,7,32,80
1,58,19,2.8,10.841165250921287,0.0,7,32,80
1,58,20,2.8,9.733219901530434,0.0,7,32,80
1,58,21,2.8,10.697922115059137,0.0,7,32,80
1,58,22,2.5,8.754043396922286,0.0,4,32,80
2,58,1,2.8,14.798311033248986,0.0,7,32,80
2,58,2,3.0,9.06826950425646,0.0,7,32,80
2,58,3,3.0,11.30289288395704,0.0,7,32,80
2,58,4,3.2,8.91753606583633,0.0,7,32,80
2,58,5,2.8,11.146274137101305,0.0,7,32,80
2,58,6,2.8,9.952843636878805,0.0,7,32,80
2,58,7,3.0,12.18870965495992,0.0,7,32,80
2,58,8,2.8,11.018500054171755,0.0,7,32,80
2,58,9,2.8,11.522265181976778,0.0,7,32,80
2,58,10,2.8,12.159936389445015,0.0,7,32,80
2,58,11,2.8,9.406448928700769,0.0,7,32,80
2,58,12,2.8,11.225475693118174,0.0,7,32,80
2,58,13,2.8,13.543485041344782,0.0,7,32,80
2,58,14,2.8,9.985892727501545,0.0,7,32,80
2,58,15,2.8,9.042992169856333,0.0,7,32,80
2,58,16,3.0,9.086143696534327,0.0,7,32,80
2,58,17,2.8,11.768466253930047,0.0,7,32,80
2,58,18,2.8,10.693536441787547,0.0,7,32,80
2,58,19,3.2,9.441309082807146,0.0,7,32,80
2,58,20,2.8,8.601909834797459,0.0,7,32,80
2,58,21,2.8,8.962591005130472,0.0,7,32,80
2,58,22,2.0,22.33179462041066,0.0,4,32,80
3,58,1,2.8,8.964413237113074,0.0,7,32,80
3,58,2,2.8,12.366966559980828,0.0,7,32,80
3,58,3,2.8,9.354574352468514,0.0,7,32,80
3,58,4,2.8,10.000921269082552,0.0,7,32,80
3,58,5,2.8,10.205928678500507,0.0,7,32,80
3,58,6,2.8,8.958269943680088,0.0,7,32,80
3,58,7,2.8,10.615061762010122,0.0,7,32,80
3,58,8,2.8,9.944417788428236,0.0,7,32,80
3,58,9,2.8,11.449145395866923,0.0,7,32,80
3,58,10,2.8,9.216910771604136,0.0,7,32,80
3,58,11,2.8,11.388974409221609,0.0,7,32,80
3,58,12,2.8,12.666228246638118,0.0,7,32,80
3,58,13,2.8,8.815639645413063,0.0,7,32,80
3,58,14,2.8,9.935619462284665,0.0,7,32,80
3,58,15,2.8,11.374394089880429,0.0,7,32,80
3,58,16,2.8,11.734067438695803,0.0,7,32,80
3,58,17,2.8,14.148382883092578,0.0,7,32,80
3,58,18,3.0,9.694477558379152,0.0,7,32,80
3,58,19,2.8,14.024932777818771,0.0,7,32,80
3,58,20,2.8,10.699814678077448,0.0,7,32,80
3,58,21,2.8,9.092547782158409,0.0,7,32,80
3,58,22,2.8,10.95995319791116,0.0,7,32,80
1,59,1,4.2,8.640795548830688,0.0,7,32,80
1,59,2,3.4,10.51998775284189,0.0,7,32,80
1,59,3,3.0,10.946954636565115,0.0,7,32,80
1,59,4,3.0,9.875207757090068,0.0,7,32,80
1,59,5,2.8,11.808803393754236,0.0,7,32,80
1,59,6,2.8,10.213964598031732,0.0,7,32,80
1,59,7,2.8,10.650404840549607,0.0,7,32,80
1,59,8,2.8,10.443231350434491,0.0,7,32,80
1,59,9,2.8,15.743532430382318,0.0,7,32,80
1,59,10,2.8,10.866140308406322,0.0,7,32,80
1,59,11,2.8,14.444399935435829,0.0,7,32,80
1,59,12,2.8,10.830143448234994,0.0,7,32,80
1,59,13,2.8,11.495047114741125,0.0,7,32,80
1,59,14,2.8,13.474292764762007,0.0,7,32,80
1,59,15,2.8,15.416910201602919,0.0,7,32,80
1,59,16,2.8,10.940931094427441,0.0,7,32,80
1,59,17,2.8,9.149288105191717,0.0,7,32,80
1,59,18,2.8,11.099809606083296,0.0,7,32,80
1,59,19,3.0,9.580367137741508,0.0,7,32,80
1,59,20,2.8,9.91661374327809,0.0,7,32,80
1,59,21,2.8,10.348850809563276,0.0,7,32,80
2,59,1,2.8,14.414663556192702,0.0,7,32,80
2,59,2,3.0,9.794364936530517,0.0,7,32,80
2,59,3,3.6,9.066074678875554,0.125,7,32,80
2,59,4,2.8,10.137242561750964,0.0,7,32,80
2,59,5,2.8,9.221894499827878,0.0,7,32,80
2,59,6,2.8,10.308767578373901,0.0,7,32,80
2,59,7,2.8,13.636360545253208,0.0,7,32,80
2,59,8,2.8,9.61537403025956,0.0,7,32,80
2,59,9,2.8,10.548513523863429,0.0,7,32,80
2,59,10,2.8,11.284917742886481,0.0,7,32,80
2,59,11,2.8,8.991584511480346,0.0,7,32,80
2,59,12,2.8,11.435358832071856,0.0,7,32,80
2,59,13,2.8,12.266803181834172,0.0,7,32,80
2,59,14,2.8,9.359365214107513,0.0,7,32,80
2,59,15,2.8,9.083282351357553,0.0,7,32,80
2,59,16,2.8,14.870468731134633,0.0,7,32,80
2,59,17,2.8,10.239123660787726,0.0,7,32,80
2,59,18,2.8,11.453796799742321,0.0,7,32,80
2,59,19,2.8,14.741111078016994,0.0,7,32,80
2,59,20,3.0,8.382772687808387,0.0,7,32,80
2,59,21,2.8,9.540134514481572,0.0,7,32,80
2,59,22,2.0,15.606343905329078,0.0,5,32,80
3,59,1,2.8,11.447685029427769,0.0,7,32,80
3,59,2,2.8,11.704307787483426,0.0,7,32,80
3,59,3,2.8,10.752467942063234,0.0,7,32,80
3,59,4,2.8,9.871784868326408,0.0,7,32,80
3,59,5,2.8,9.750359645553582,0.0,7,32,80
3,59,6,2.8,9.47156941332501,0.0,7,32,80
3,59,7,2.8,9.139811463765291,0.0,7,32,80
3,59,8,2.8,9.785315223057294,0.0,7,32,80
3,59,9,2.8,11.177144528072759,0.0,7,32,80
3,59,10,2.8,10.794877474017149,0.0,7,32,80
3,59,11,2.8,11.367806192272889,0.0,7,32,80
3,59,12,2.8,12.066488996021892,0.0,7,32,80
3,59,13,2.8,10.214287980678705,0.0,7,32,80
3,59,14,2.8,9.343650237095865,0.0,7,32,80
3,59,15,2.8,11.481153657172857,0.0,7,32,80
3,59,16,2.8,11.4699991733902,0.0,7,32,80
3,59,17,2.8,11.9622788844238,0.0,7,32,80
3,59,18,3.0,9.184922685691506,0.0,7,32,80
3,59,19,2.8,13.52857390520359,0.0,7,32,80
3,59,20,2.8,10.44401799835971,0.0,7,32,80
3,59,21,2.8,9.052175545149483,0.0,7,32,80
3,59,22,2.8,9.707474228571838,0.0,7,32,80
1,60,1,4.2,8.518645635320617,0.0,7,32,80
1,60,2,3.0,11.297671792816667,0.0,7,32,80
1,60,3,2.8,12.450390922444392,0.0,7,32,80
1,60,4,3.2,7.694541992914136,0.0,7,32,80
1,60,5,3.0,11.428476990897959,0.0,7,32,80
1,60,6,2.8,10.036406289707207,0.0,7,32,80
1,60,7,2.8,10.174483907077132,0.0,7,32,80
1,60,8,2.8,10.184922686107344,0.0,7,32,80
1,60,9,2.8,13.964485732014442,0.0,7,32,80
1,60,10,2.8,12.098821880948007,0.0,7,32,80
1,60,11,2.8,14.628170396878641,0.0,7,32,80
1,60,12,2.8,14.88148379818517,0.0,7,32,80
1,60,13,2.8,11.949187456936963,0.0,7,32,80
1,60,14,2.8,12.107214186660919,0.0,7,32,80
1,60,15,2.8,13.58344018108628,0.0,7,32,80
1,60,16,2.8,10.828340266328384,0.0,7,32,80
1,60,17,2.8,9.912100310759804,0.0,7,32,80
1,60,18,3.0,9.483487525777555,0.0,7,32,80
1,60,19,3.0,9.565160147053223,0.0,7,32,80
1,60,20,2.8,9.932959722930589,0.0,7,32,80
1,60,21,2.8,10.736041109458649,0.0,7,32,80
1,60,22,2.0,14.292103973142808,0.0,4,32,80
2,60,1,2.8,11.938591520128288,0.0,7,32,80
2,60,2,2.8,9.98322475588753,0.0,7,32,80
2,60,3,3.6,8.960626851305813,0.125,7,32,80
2,60,4,2.8,10.055730702472994,0.0,7,32,80
2,60,5,2.8,11.416756410102801,0.0,7,32,80
2,60,6,2.8,10.270392696993726,0.0,7,32,80
2,60,7,2.8,14.612119321845116,0.0,7,32,80
2,60,8,2.8,10.959835901477742,0.0,7,32,80
2,60,9,2.8,12.493837577320601,0.0,7,32,80
2,60,10,2.8,14.72697627880715,0.0,7,32,80
2,60,11,2.8,8.102493353506185,0.0,7,32,80
2,60,12,2.8,11.195006743060015,0.0,7,32,80
2,60,13,2.8,11.741808165775154,0.0,7,32,80
2,60,14,2.8,10.221009461678115,0.0,7,32,80
2,60,15,2.8,9.182355851821653,0.0,7,32,80
2,60,16,2.8,10.806136379793653,0.0,7,32,80
2,60,17,2.8,9.791709378493273,0.0,7,32,80
2,60,18,2.8,11.36491687203782,0.0,7,32,80
2,60,19,3.0,13.967617832438153,0.0,7,32,80
2,60,20,3.0,8.137403940640459,0.0,7,32,80
2,60,21,2.8,8.540951552206703,0.0,7,32,80
2,60,22,2.0,13.685672753121528,0.0,5,32,80
3,60,1,2.8,10.93595894883954,0.0,7,32,80
3,60,2,2.8,10.930371215394924,0.0,7,32,80
3,60,3,2.8,10.714793661804975,0.0,7,32,80
3,60,4,2.8,10.682138827230212,0.0,7,32,80
3,60,5,2.8,9.89229255198142,0.0,7,32,80
3,60,6,2.8,9.545481041637773,0.0,7,32,80
3,60,7,2.8,10.345723742793588,0.0,7,32,80
3,60,8,2.8,11.806481756612527,0.0,7,32,80
3,60,9,2.8,11.779918050614908,0.0,7,32,80
3,60,10,2.8,10.269250708582534,0.0,7,32,80
3,60,11,2.8,10.490393423171502,0.0,7,32,80
3,60,12,2.8,12.79875638171628,0.0,7,32,80
3,60,13,2.8,9.25589983400722,0.0,7,32,80
3,60,14,2.8,11.028476369472628,0.0,7,32,80
3,60,15,2.8,12.263890373605332,0.0,7,32,80
3,60,16,2.8,10.897754901644609,0.0,7,32,80
3,60,17,2.8,14.347522640286002,0.0,7,32,80
3,60,18,3.0,9.663841899749606,0.0,7,32,80
3,60,19,2.8,13.264510180227369,0.0,7,32,80
3,60,20,2.8,11.14839416197128,0.0,7,32,80
3,60,21,2.8,10.032147911985865,0.0,7,32,80
3,60,22,2.8,10.009321666161417,0.0,7,32,80
1,61,1,4.2,9.856231116611877,0.0,7,32,80
1,61,2,3.4,9.598382660709118,0.0,7,32,80
1,61,3,3.0,10.907325876440265,0.0,7,32,80
1,61,4,2.8,10.323248563366189,0.0,7,32,80
1,61,5,3.0,9.217157247084687,0.0,7,32,80
1,61,6,2.8,12.528663286953213,0.0,7,32,80
1,61,7,3.0,11.157534174322796,0.0,7,32,80
1,61,8,2.8,9.572889086803404,0.0,7,32,80
1,61,9,2.8,15.022115184688879,0.0,7,32,80
1,61,10,2.8,10.587067048854347,0.0,7,32,80
1,61,11,2.8,13.752026773942537,0.0,7,32,80
1,61,12,2.8,12.065942569742843,0.0,7,32,80
1,61,13,2.8,12.867092510654174,0.0,7,32,80
1,61,14,2.8,12.573498106972357,0.0,7,32,80
1,61,15,2.8,12.623193689920619,0.0,7,32,80
1,61,16,2.8,11.82796572544536,0.0,7,32,80
1,61,17,2.8,9.693603605946912,0.0,7,32,80
1,61,18,2.8,10.38353997502728,0.0,7,32,80
1,61,19,2.8,10.364165675858626,0.0,7,32,80
1,61,20,2.8,9.479806545977352,0.0,7,32,80
1,61,21,2.8,10.07209248323169,0.0,7,32,80
2,61,1,3.0,13.377538887508056,0.0,7,32,80
2,61,2,2.8,9.824174692311466,0.0,7,32,80
2,61,3,3.4,9.743050382744103,0.0,7,32,80
2,61,4,3.4,7.943194511818693,0.0,7,32,80
2,61,5,2.8,11.506494242470275,0.0,7,32,80
2,61,6,2.8,9.760374026284895,0.0,7,32,80
2,61,7,3.0,10.48543612560934,0.0,7,32,80
2,61,8,2.8,12.236075708543817,0.0,7,32,80
2,61,9,2.8,12.16567400669924,0.0,7,32,80
2,61,10,2.8,10.034866542381792,0.0,7,32,80
2,61,11,2.8,11.233268100088846,0.0,7,32,80
2,61,12,2.8,10.447617888349626,0.0,7,32,80
2,61,13,2.8,11.430537032677188,0.0,7,32,80
2,61,14,2.8,10.277051580047136,0.0,7,32,80
2,61,15,2.8,8.573555736395448,0.0,7,32,80
2,61,16,2.8,11.777177096940202,0.0,7,32,80
2,61,17,2.8,11.79256844739959,0.0,7,32,80
2,61,18,2.8,11.747607336811898,0.0,7,32,80
2,61,19,2.8,10.58901281803067,0.0,7,32,80
2,61,20,2.8,9.556153661867187,0.0,7,32,80
2,61,21,2.8,8.183138205688905,0.0,7,32,80
2,61,22,2.0,19.962861598270514,0.0,4,32,80
3,61,1,2.8,8.72153347916377,0.0,7,32,80
3,61,2,2.8,10.480834650344509,0.0,7,32,80
3,61,3,2.8,11.144313074412299,0.0,7,32,80
3,61,4,2.8,11.1494946332553,0.0,7,32,80
3,61,5,2.8,8.184608338521603,0.0,7,32,80
3,61,6,2.8,10.030789229071392,0.0,7,32,80
3,61,7,2.8,8.991999630747227,0.0,7,32,80
3,61,8,2.8,12.134418830303675,0.0,7,32,80
3,61,9,2.8,11.601163622775356,0.0,7,32,80
3,61,10,2.8,11.681431573176331,0.0,7,32,80
3,61,11,2.8,11.242431134223665,0.0,7,32,80
3,61,12,2.8,11.266308328658932,0.0,7,32,80
3,61,13,2.8,9.214067289638626,0.0,7,32,80
3,61,14,2.8,9.147994095731033,0.0,7,32,80
3,61,15,2.8,11.311286076014271,0.0,7,32,80
3,61,16,2.8,11.847719243913442,0.0,7,32,80
3,61,17,2.8,15.630892190270963,0.0,7,32,80
3,61,18,2.8,12.829382626179825,0.0,7,32,80
3,61,19,2.8,10.68490513694891,0.0,7,32,80
3,61,20,2.8,11.101322875254024,0.0,7,32,80
3,61,21,2.8,10.387391569422297,0.0,7,32,80
3,61,22,2.8,12.514658435174754,0.0,7,32,80
1,62,1,4.4,8.619919417554181,0.0,7,32,80
1,62,2,3.2,12.220006972670792,0.0,7,32,80
1,62,3,2.8,11.479750864464574,0.0,7,32,80
1,62,4,3.2,8.058703711589724,0.0,7,32,80
1,62,5,3.0,9.741600298118163,0.0,7,32,80
1,62,6,2.8,9.806433000773204,0.0,7,32,80
1,62,7,3.0,9.98414735647619,0.0,7,32,80
1,62,8,2.8,8.582181028912334,0.0,7,32,80
1,62,9,2.8,16.466213374389238,0.0,7,32,80
1,62,10,2.8,9.997628195807945,0.0,7,32,80
1,62,11,2.8,13.376392674278215,0.0,7,32,80
1,62,12,2.8,14.181472934083356,0.0,7,32,80
1,62,13,2.8,12.903053929103983,0.0,7,32,80
1,62,14,2.8,9.574656130014672,0.0,7,32,80
1,62,15,2.8,15.190142610183388,0.0,7,32,80
1,62,16,2.8,10.716741186479155,0.0,7,32,80
1,62,17,2.8,9.115103406850622,0.0,7,32,80
1,62,18,2.8,11.210191009285897,0.0,7,32,80
1,62,19,3.0,11.959410801134835,0.0,7,32,80
1,62,20,2.8,9.88694713716129,0.0,7,32,80
1,62,21,2.8,12.715181487508195,0.0,7,32,80
2,62,1,2.8,13.116322237603008,0.0,7,32,80
2,62,2,2.8,9.229934303791252,0.0,7,32,80
2,62,3,3.0,12.150377885695598,0.0,7,32,80
2,62,4,2.8,10.793051666320878,0.0,7,32,80
2,62,5,2.8,10.01030099501203,0.0,7,32,80
2,62,6,2.8,11.972153936171356,0.0,7,32,80
2,62,7,2.8,11.433099914554656,0.0,7,32,80
2,62,8,2.8,9.477087935163672,0.0,7,32,80
2,62,9,2.8,12.399560885840787,0.0,7,32,80
2,62,10,2.8,12.720884934655961,0.0,7,32,80
2,62,11,2.8,8.923512730601182,0.0,7,32,80
2,62,12,2.8,13.523286369713652,0.0,7,32,80
2,62,13,2.8,10.556072227633338,0.0,7,32,80
2,62,14,2.8,12.622450322048957,0.0,7,32,80
2,62,15,2.8,10.161310523730268,0.0,7,32,80
2,62,16,3.0,9.129394737481816,0.0,7,32,80
2,62,17,2.8,11.815519486013299,0.0,7,32,80
2,62,18,2.8,11.393150657381227,0.0,7,32,80
2,62,19,3.0,12.234145270710998,0.0,7,32,80
2,62,20,2.8,8.80211800187787,0.0,7,32,80
2,62,21,2.8,8.453654395504927,0.0,7,32,80
2,62,22,2.6,12.335524911782793,0.0,6,32,80
3,62,1,2.8,8.746478224073998,0.0,7,32,80
3,62,2,2.8,11.726749002327962,0.0,7,32,80
3,62,3,2.8,11.164656386678384,0.0,7,32,80
3,62,4,2.8,9.518429404071378,0.0,7,32,80
3,62,5,2.8,9.124844859644412,0.0,7,32,80
3,62,6,2.8,8.60535194060856,0.0,7,32,80
3,62,7,2.8,9.085502790339287,0.0,7,32,80
3,62,8,2.8,10.526331118651385,0.0,7,32,80
3,62,9,2.8,13.615612975721524,0.0,7,32,80
3,62,10,2.8,10.03339961081621,0.0,7,32,80
3,62,11,2.8,9.84849231855573,0.0,7,32,80
3,62,12,3.0,11.173443175656677,0.0,7,32,80
3,62,13,2.8,9.665023639443097,0.0,7,32,80
3,62,14,2.8,9.969540766440248,0.0,7,32,80
3,62,15,2.8,12.62769788494968,0.0,7,32,80
3,62,16,2.8,11.131554343804348,0.0,7,32,80
3,62,17,2.8,14.776497701351131,0.0,7,32,80
3,62,18,2.8,11.411266712318351,0.0,7,32,80
3,62,19,2.8,13.351378531945137,0.0,7,32,80
3,62,20,2.8,13.02382452365719,0.0,7,32,80
3,62,21,2.8,8.224440672867319,0.0,7,32,80
3,62,22,2.8,11.304323096603682,0.0,7,32,80
1,63,1,4.0,9.41914193203165,0.0,7,32,80
1,63,2,3.4,11.158115405112131,0.0,7,32,80
1,63,3,2.8,11.316803103533225,0.0,7,32,80
1,63,4,2.8,10.321252866831571,0.0,7,32,80
1,63,5,3.0,11.254212155320811,0.0,7,32,80
1,63,6,2.8,10.078134974466513,0.0,7,32,80
1,63,7,3.0,9.138995348024686,0.0,7,32,80
1,63,8,2.8,9.261385103436075,0.0,7,32,80
1,63,9,2.8,14.261936319454787,0.0,7,32,80
1,63,10,2.8,11.411476438098662,0.0,7,32,80
1,63,11,2.8,18.263635455603065,0.0,7,32,80
1,63,12,2.8,12.905506853299956,0.0,7,32,80
1,63,13,2.8,11.030531323666278,0.0,7,32,80
1,63,14,2.8,12.058758394600702,0.0,7,32,80
1,63,15,2.8,14.710888033046901,0.0,7,32,80
1,63,16,2.8,10.362809590906338,0.0,7,32,80
1,63,17,2.8,10.517607900069864,0.0,7,32,80
1,63,18,3.0,9.871885612931802,0.0,7,32,80
1,63,19,3.0,9.99345262786381,0.0,7,32,80
1,63,20,2.8,11.312874427628508,0.0,7,32,80
1,63,21,2.8,9.396734556999961,0.0,7,32,80
1,63,22,2.0,16.95641533821877,0.0,4,32,80
2,63,1,2.8,12.249430403279078,0.0,7,32,80
2,63,2,2.8,9.25787665814587,0.0,7,32,80
2,63,3,3.0,12.626991306592775,0.0,7,32,80
2,63,4,2.8,11.228995819130011,0.0,7,32,80
2,63,5,3.2,8.57893282748313,0.0,7,32,80
2,63,6,2.8,10.513366045446954,0.0,7,32,80
2,63,7,3.0,9.8989560693444,0.0,7,32,80
2,63,8,2.8,10.729122666741095,0.0,7,32,80
2,63,9,2.8,10.53539412984744,0.0,7,32,80
2,63,10,2.8,11.687593263598343,0.0,7,32,80
2,63,11,2.8,8.11324156219611,0.0,7,32,80
2,63,12,2.8,14.726070191782886,0.0,7,32,80
2,63,13,2.8,11.477395309955494,0.0,7,32,80
2,63,14,2.8,12.811650517811975,0.0,7,32,80
2,63,15,2.8,8.888765847005365,0.0,7,32,80
2,63,16,3.0,10.835882406033024,0.0,7,32,80
2,63,17,2.8,14.114269379614573,0.0,7,32,80
2,63,18,2.8,10.863796678432557,0.0,7,32,80
2,63,19,2.8,10.788674585155094,0.0,7,32,80
2,63,20,3.0,7.755612070050718,0.0,7,32,80
2,63,21,2.8,9.569989644145128,0.0,7,32,80
2,63,22,2.0,14.128267332553081,0.0,5,32,80
3,63,1,2.8,9.688645936642661,0.0,7,32,80
3,63,2,2.8,11.794591965045653,0.0,7,32,80
3,63,3,2.8,12.589504931366857,0.0,7,32,80
3,63,4,2.8,9.871784868326408,0.0,7,32,80
3,63,5,2.8,9.165869370117857,0.0,7,32,80
3,63,6,2.8,10.716221240373875,0.0,7,32,80
3,63,7,2.8,9.37805545442779,0.0,7,32,80
3,63,8,2.8,9.19675306228575,0.0,7,32,80
3,63,9,2.8,10.596211916867363,0.0,7,32,80
3,63,10,2.8,12.779821028604514,0.0,7,32,80
3,63,11,2.8,11.019617158608597,0.0,7,32,80
3,63,12,2.8,11.52097679952785,0.0,7,32,80
3,63,13,2.8,9.757989045093552,0.0,7,32,80
3,63,14,2.8,11.592885222406762,0.0,7,32,80
3,63,15,2.8,12.263890373605332,0.0,7,32,80
3,63,16,2.8,10.688266494347108,0.0,7,32,80
3,63,17,2.8,12.200911163008236,0.0,7,32,80
3,63,18,2.8,12.312827645127292,0.0,7,32,80
3,63,19,2.8,12.395672038430538,0.0,7,32,80
3,63,20,2.8,11.497845340453654,0.0,7,32,80
3,63,21,2.8,9.340409257779376,0.0,7,32,80
3,63,22,2.8,10.605075825318957,0.0,7,32,80
1,64,1,4.2,8.61608612388492,0.0,7,32,80
1,64,2,3.0,11.947237882750056,0.0,7,32,80
1,64,3,3.0,9.984679235812926,0.0,7,32,80
1,64,4,3.0,9.421088387838639,0.0,7,32,80
1,64,5,2.8,13.371526536285927,0.0,7,32,80
1,64,6,2.8,11.286157813124333,0.0,7,32,80
1,64,7,2.8,10.294334569487859,0.0,7,32,80
1,64,8,2.8,9.765786174795277,0.0,7,32,80
1,64,9,2.8,11.825726574065536,0.0,7,32,80
1,64,10,2.8,10.699472582720636,0.0,7,32,80
1,64,11,2.8,13.562968819801283,0.0,7,32,80
1,64,12,2.8,11.682463678901804,0.0,7,32,80
1,64,13,2.8,12.127078194023088,0.0,7,32,80
1,64,14,2.8,12.571385450651523,0.0,7,32,80
1,64,15,2.8,12.751285280656562,0.0,7,32,80
1,64,16,2.8,9.736502877503991,0.0,7,32,80
1,64,17,2.8,10.769126220579645,0.0,7,32,80
1,64,18,3.0,8.661566238110625,0.0,7,32,80
1,64,19,2.8,9.865038284329225,0.0,7,32,80
1,64,20,2.8,9.991429894279422,0.0,7,32,80
1,64,21,2.8,12.417386181290917,0.0,7,32,80
1,64,22,2.0,11.75359345776213,0.0,5,32,80
2,64,1,2.8,13.582370211361695,0.0,7,32,80
2,64,2,2.8,11.50425305255422,0.0,7,32,80
2,64,3,3.6,9.824223343935865,0.125,7,32,80
2,64,4,2.8,10.78257785525655,0.0,7,32,80
2,64,5,2.8,10.907730215860692,0.0,7,32,80
2,64,6,2.8,9.700277952999665,0.0,7,32,80
2,64,7,2.8,15.192878743814177,0.0,7,32,80
2,64,8,2.8,10.226797542454388,0.0,7,32,80
2,64,9,2.8,11.44203408905699,0.0,7,32,80
2,64,10,2.8,14.050342768791964,0.0,7,32,80
2,64,11,2.8,8.007025880925088,0.0,7,32,80
2,64,12,2.8,13.491661687075704,0.0,7,32,80
2,64,13,2.8,11.56419974520448,0.0,7,32,80
2,64,14,2.8,10.519875319407802,0.0,7,32,80
2,64,15,2.8,9.661000449506117,0.0,7,32,80
2,64,16,3.0,10.952306840275355,0.0,7,32,80
2,64,17,2.8,10.256293896028613,0.0,7,32,80
2,64,18,2.8,11.389807096293952,0.0,7,32,80
2,64,19,3.0,11.349022137544383,0.0,7,32,80
2,64,20,2.8,9.106839793715698,0.0,7,32,80
2,64,21,2.8,8.966687384281686,0.0,7,32,80
2,64,22,2.0,14.293355560403716,0.0,5,32,80
3,64,1,2.8,10.762759691962918,0.0,7,32,80
3,64,2,2.8,10.8914422108258,0.0,7,32,80
3,64,3,2.8,10.584987531593551,0.0,7,32,80
3,64,4,2.8,9.518429404071378,0.0,7,32,80
3,64,5,2.8,10.706155660707289,0.0,7,32,80
3,64,6,2.8,9.590384323696503,0.0,7,32,80
3,64,7,2.8,9.47980518050575,0.0,7,32,80
3,64,8,2.8,9.960613067328929,0.0,7,32,80
3,64,9,2.8,13.676505691573077,0.0,7,32,80
3,64,10,2.8,12.267169639359182,0.0,7,32,80
3,64,11,2.8,11.28391440724634,0.0,7,32,80
3,64,12,3.0,11.052295865110354,0.0,7,32,80
3,64,13,3.0,9.448415019220898,0.0,7,32,80
3,64,14,2.8,9.71562325529697,0.0,7,32,80
3,64,15,2.8,12.167453203284891,0.0,7,32,80
3,64,16,2.8,9.766394559371308,0.0,7,32,80
3,64,17,2.8,14.046957366212618,0.0,7,32,80
3,64,18,2.8,10.564130714505678,0.0,7,32,80
3,64,19,2.8,13.494819937637903,0.0,7,32,80
3,64,20,2.8,11.855689840536364,0.0,7,32,80
3,64,21,2.8,8.674271594709019,0.0,7,32,80
3,64,22,2.8,9.655743823810106,0.0,7,32,80
1,65,1,4.0,8.611514587156359,0.0,7,32,80
1,65,2,3.0,10.713490738946934,0.0,7,32,80
1,65,3,3.0,14.786074227491703,0.0,7,32,80
1,65,4,3.2,7.597530297023109,0.0,7,32,80
1,65,5,2.8,11.2287381740229,0.0,7,32,80
1,65,6,2.8,10.898338964282262,0.0,7,32,80
1,65,7,2.8,10.138457739383593,0.0,7,32,80
1,65,8,2.8,11.699774008778556,0.0,7,32,80
1,65,9,2.8,15.508242891719838,0.0,7,32,80
1,65,10,2.8,11.810925448420884,0.0,7,32,80
1,65,11,2.8,15.439474678419499,0.0,7,32,80
1,65,12,2.8,10.78352030153984,0.0,7,32,80
1,65,13,2.8,10.99827127364765,0.0,7,32,80
1,65,14,2.8,11.995800924139004,0.0,7,32,80
1,65,15,2.8,14.260020382828127,0.0,7,32,80
1,65,16,2.8,10.743288769885437,0.0,7,32,80
1,65,17,2.8,10.524614930835458,0.0,7,32,80
1,65,18,3.0,9.21805159075599,0.0,7,32,80
1,65,19,2.8,9.301623623868053,0.0,7,32,80
1,65,20,2.8,10.369684975906958,0.0,7,32,80
1,65,21,3.2,8.72478159014916,0.0,7,32,80
1,65,22,2.0,18.51977887878813,0.0,4,32,80
2,65,1,2.8,15.670362315682203,0.0,7,32,80
2,65,2,2.8,9.443708580542028,0.0,7,32,80
2,65,3,3.6,8.742873666014775,0.125,7,32,80
2,65,4,2.8,10.105575396631439,0.0,7,32,80
2,65,5,2.8,10.966403834967034,0.0,7,32,80
2,65,6,2.8,9.77781675325458,0.0,7,32,80
2,65,7,3.0,13.018955789783448,0.0,7,32,80
2,65,8,2.8,8.94068851750147,0.0,7,32,80
2,65,9,2.8,11.083767241480134,0.0,7,32,80
2,65,10,2.8,12.533724698063658,0.0,7,32,80
2,65,11,2.8,9.071603775757714,0.0,7,32,80
2,65,12,2.8,12.359719374011139,0.0,7,32,80
2,65,13,2.8,11.955093195955259,0.0,7,32,80
2,65,14,2.8,11.706025042149982,0.0,7,32,80
2,65,15,2.8,9.206336186508942,0.0,7,32,80
2,65,16,3.0,11.58078861201173,0.0,7,32,80
2,65,17,2.8,10.927418898512249,0.0,7,32,80
2,65,18,2.8,10.367263545818878,0.0,7,32,80
2,65,19,3.0,9.11301688472015,0.0,7,32,80
2,65,20,2.8,8.770053163370894,0.0,7,32,80
2,65,21,3.0,8.268375605837095,0.0,7,32,80
2,65,22,2.0,16.46886271573304,0.0,4,32,80
3,65,1,2.8,9.348053416057533,0.0,7,32,80
3,65,2,2.8,11.571443723652854,0.0,7,32,80
3,65,3,2.8,10.112452916888996,0.0,7,32,80
3,65,4,2.8,8.693159901482527,0.0,7,32,80
3,65,5,2.8,8.93815345151216,0.0,7,32,80
3,65,6,2.8,9.298766314574022,0.0,7,32,80
3,65,7,2.8,8.913372471358345,0.0,7,32,80
3,65,8,2.8,10.29596923780797,0.0,7,32,80
3,65,9,2.8,12.400919336927387,0.0,7,32,80
3,65,10,2.8,11.505631314515023,0.0,7,32,80
3,65,11,2.8,11.898575591777421,0.0,7,32,80
3,65,12,3.0,10.97297999715225,0.0,7,32,80
3,65,13,2.8,9.695666802952568,0.0,7,32,80
3,65,14,3.0,9.169302836198662,0.0,7,32,80
3,65,15,2.8,12.265053723109704,0.0,7,32,80
3,65,16,2.8,10.450592960777715,0.0,7,32,80
3,65,17,2.8,17.16056548001366,0.0,7,32,80
3,65,18,3.0,10.135790178804399,0.0,7,32,80
3,65,19,2.8,12.142660742172833,0.0,7,32,80
3,65,20,2.8,9.823155583457583,0.0,7,32,80
3,65,21,2.8,8.704856742857514,0.0,7,32,80
3,65,22,2.8,11.898354953611122,0.0,7,32,80
1,66,1,4.0,10.502624690866252,0.0,7,32,80
1,66,2,3.4,9.829460291075835,0.0,7,32,80
1,66,3,3.0,12.06859994021978,0.0,7,32,80
1,66,4,3.0,9.098881794367802,0.0,7,32,80
1,66,5,2.8,11.59293415469876,0.0,7,32,80
1,66,6,2.8,9.351132673777185,0.0,7,32,80
1,66,7,2.8,10.191691794369804,0.0,7,32,80
1,66,8,2.8,9.420649371616278,0.0,7,32,80
1,66,9,2.8,15.630696731673149,0.0,7,32,80
1,66,10,2.8,11.325686717096762,0.0,7,32,80
1,66,11,2.8,13.604405674627316,0.0,7,32,80
1,66,12,2.8,13.855020236630564,0.0,7,32,80
1,66,13,2.8,11.762592333801232,0.0,7,32,80
1,66,14,2.8,11.594711964681037,0.0,7,32,80
1,66,15,2.8,15.003911396963012,0.0,7,32,80
1,66,16,2.8,9.422953339500996,0.0,7,32,80
1,66,17,2.8,11.058015023442538,0.0,7,32,80
1,66,18,3.0,9.3221097023123,0.0,7,32,80
1,66,19,3.0,9.59562255852402,0.0,7,32,80
1,66,20,2.8,11.463520530621038,0.0,7,32,80
1,66,21,2.8,10.660072670155573,0.0,7,32,80
2,66,1,3.0,12.426260316307221,0.0,7,32,80
2,66,2,3.0,9.925666100860557,0.0,7,32,80
2,66,3,3.2,10.653262641032084,0.0,7,32,80
2,66,4,2.8,10.03922489339368,0.0,7,32,80
2,66,5,2.8,10.98610223127327,0.0,7,32,80
2,66,6,2.8,8.781099160319775,0.0,7,32,80
2,66,7,2.8,12.806891741770187,0.0,7,32,80
2,66,8,2.8,10.295659093988233,0.0,7,32,80
2,66,9,2.8,13.081742551205739,0.0,7,32,80
2,66,10,2.8,13.673406530975113,0.0,7,32,80
2,66,11,2.8,9.063008104275747,0.0,7,32,80
2,66,12,2.8,15.66925829562575,0.0,7,32,80
2,66,13,2.8,12.484831331042107,0.0,7,32,80
2,66,14,2.8,10.972839500887304,0.0,7,32,80
2,66,15,2.8,9.265822378308215,0.0,7,32,80
2,66,16,2.8,12.331235522711934,0.0,7,32,80
2,66,17,2.8,10.149175559661046,0.0,7,32,80
2,66,18,2.8,12.503362131980804,0.0,7,32,80
2,66,19,2.8,13.698485273907972,0.0,7,32,80
2,66,20,2.8,8.921504424951916,0.0,7,32,80
2,66,21,2.8,8.93887428099163,0.0,7,32,80
2,66,22,2.4,12.47597098737033,0.0,6,32,80
3,66,1,2.8,10.522051744802859,0.0,7,32,80
3,66,2,2.8,13.279946937012248,0.0,7,32,80
3,66,3,2.8,12.236866287672829,0.0,7,32,80
3,66,4,2.8,11.35651994669248,0.0,7,32,80
3,66,5,2.8,9.908318358818963,0.0,7,32,80
3,66,6,2.8,10.16414721833633,0.0,7,32,80
3,66,7,2.8,9.27846675687953,0.0,7,32,80
3,66,8,2.8,9.993162394099885,0.0,7,32,80
3,66,9,2.8,13.737945511720227,0.0,7,32,80
3,66,10,2.8,11.614880498960323,0.0,7,32,80
3,66,11,2.8,9.977016074695479,0.0,7,32,80
3,66,12,2.8,12.745413717180647,0.0,7,32,80
3,66,13,2.8,8.727581650994402,0.0,7,32,80
3,66,14,2.8,11.169460014489275,0.0,7,32,80
3,66,15,2.8,12.696693941165117,0.0,7,32,80
3,66,16,2.8,12.17798318559629,0.0,7,32,80
3,66,17,2.8,13.49291001036534,0.0,7,32,80
3,66,18,2.8,12.8293826261802,0.0,7,32,80
3,66,19,2.8,9.095856248507394,0.0,7,32,80
3,66,20,2.8,11.718136989177856,0.0,7,32,80
3,66,21,2.8,9.559392281617347,0.0,7,32,80
3,66,22,2.8,11.723073656881779,0.0,7,32,80
1,67,1,4.0,8.864882373216401,0.0,7,32,80
1,67,2,3.4,11.907784512641506,0.0,7,32,80
1,67,3,3.0,10.401995873411519,0.0,7,32,80
1,67,4,3.0,8.568434495037321,0.0,7,32,80
1,67,5,2.8,11.843566689313823,0.0,7,32,80
1,67,6,2.8,11.028260626907791,0.0,7,32,80
1,67,7,2.8,9.77824823524514,0.0,7,32,80
1,67,8,2.8,9.509851394419117,0.0,7,32,80
1,67,9,2.8,14.933460140296953,0.0,7,32,80
1,67,10,2.8,11.564777814173356,0.0,7,32,80
1,67,11,2.8,14.592746532897245,0.0,7,32,80
1,67,12,2.8,12.634914051374357,0.0,7,32,80
1,67,13,2.8,9.857654840930783,0.0,7,32,80
1,67,14,2.8,10.651922589393127,0.0,7,32,80
1,67,15,2.8,13.342828587090278,0.0,7,32,80
1,67,16,2.8,9.903001094954467,0.0,7,32,80
1,67,17,2.8,9.035247615682756,0.0,7,32,80
1,67,18,2.8,9.676725233569524,0.0,7,32,80
1,67,19,3.2,8.852867300212962,0.0,7,32,80
1,67,20,2.8,11.270557197672813,0.0,7,32,80
1,67,21,2.8,9.455713930758492,0.0,7,32,80
2,67,1,2.8,14.147910260562714,0.0,7,32,80
2,67,2,2.8,10.443484552794422,0.0,7,32,80
2,67,3,3.2,9.929989627033942,0.0,7,32,80
2,67,4,2.8,10.578707524465674,0.0,7,32,80
2,67,5,3.0,10.42130920297028,0.0,7,32,80
2,67,6,2.8,10.113518092190091,0.0,7,32,80
2,67,7,3.0,11.719954420780908,0.0,7,32,80
2,67,8,2.8,10.999256241581028,0.0,7,32,80
2,67,9,2.8,10.757764576919053,0.0,7,32,80
2,67,10,2.8,14.018139474859707,0.0,7,32,80
2,67,11,2.8,7.893355173608301,0.0,7,32,80
2,67,12,2.8,13.703259099150582,0.0,7,32,80
2,67,13,2.8,10.492862225422911,0.0,7,32,80
2,67,14,2.8,11.27629837690332,0.0,7,32,80
2,67,15,2.8,9.943727137638884,0.0,7,32,80
2,67,16,2.8,11.762087488898137,0.0,7,32,80
2,67,17,2.8,10.25124165169345,0.0,7,32,80
2,67,18,2.8,10.14016618262227,0.0,7,32,80
2,67,19,3.0,10.298610527266332,0.0,7,32,80
2,67,20,2.8,9.706790746240491,0.0,7,32,80
2,67,21,2.8,9.565717617904465,0.0,7,32,80
2,67,22,2.2,13.467672804173338,0.0,5,32,80
3,67,1,3.0,8.569351574926301,0.0,7,32,80
3,67,2,3.0,10.03254423016728,0.0,7,32,80
3,67,3,2.8,13.203039928934219,0.0,7,32,80
3,67,4,2.8,9.907768551418247,0.0,7,32,80
3,67,5,2.8,10.75848570166309,0.0,7,32,80
3,67,6,2.8,9.270535194726857,0.0,7,32,80
3,67,7,2.8,9.799341177466875,0.0,7,32,80
3,67,8,2.8,10.210920906779073,0.0,7,32,80
3,67,9,2.8,13.88714766586905,0.0,7,32,80
3,67,10,2.8,11.062839276331854,0.0,7,32,80
3,67,11,2.8,13.592189667669114,0.0,7,32,80
3,67,12,3.0,11.688340886749101,0.0,7,32,80
3,67,13,2.8,8.841430950607577,0.0,7,32,80
3,67,14,3.0,8.71156036035387,0.0,7,32,80
3,67,15,2.8,15.307724467241204,0.0,7,32,80
3,67,16,2.8,9.384666048409002,0.0,7,32,80
3,67,17,2.8,12.36880919108441,0.0,7,32,80
3,67,18,3.0,9.939487275535232,0.0,7,32,80
3,67,19,2.8,11.01567750431308,0.0,7,32,80
3,67,20,2.8,10.30751351760949,0.0,7,32,80
3,67,21,2.8,9.000744873599366,0.0,7,32,80
3,67,22,2.8,10.826853925966123,0.0,7,32,80
1,68,1,4.0,8.736361853473262,0.0,7,32,80
1,68,2,3.2,10.66524499664472,0.0,7,32,80
1,68,3,2.8,13.302398626005072,0.0,7,32,80
1,68,4,3.2,7.568902003614106,0.0,7,32,80
1,68,5,2.8,13.138299434727989,0.0,7,32,80
1,68,6,2.8,9.475916761047397,0.0,7,32,80
1,68,7,3.0,9.395478441824826,0.0,7,32,80
1,68,8,2.8,11.207844591006692,0.0,7,32,80
1,68,9,2.8,13.617365748855063,0.0,7,32,80
1,68,10,2.8,11.837388787383025,0.0,7,32,80
1,68,11,2.8,12.503512695168322,0.0,7,32,80
1,68,12,2.8,13.69755341794671,0.0,7,32,80
1,68,13,2.8,12.117382861710409,0.0,7,32,80
1,68,14,2.8,12.034675656320688,0.0,7,32,80
1,68,15,2.8,12.56389721659433,0.0,7,32,80
1,68,16,2.8,10.618453654244767,0.0,7,32,80
1,68,17,2.8,10.937589394397786,0.0,7,32,80
1,68,18,2.8,10.539911305047719,0.0,7,32,80
1,68,19,3.0,10.179694075054678,0.0,7,32,80
1,68,20,2.8,9.785907745168258,0.0,7,32,80
1,68,21,2.8,11.469189629698663,0.0,7,32,80
1,68,22,2.25,11.909415190941704,0.0,4,32,80
2,68,1,3.2,11.128754549963556,0.0,7,32,80
2,68,2,3.0,9.102092385497697,0.0,7,32,80
2,68,3,3.6,8.550477160640042,0.0,7,32,80
2,68,4,3.2,8.332930910714202,0.0,7,32,80
2,68,5,2.8,12.198419456704753,0.0,7,32,80
2,68,6,2.8,9.095258418956309,0.0,7,32,80
2,68,7,3.0,12.621813959736055,0.0,7,32,80
2,68,8,2.8,11.584601182932264,0.0,7,32,80
2,68,9,2.8,13.037548280820994,0.0,7,32,80
2,68,10,2.8,10.055878051879015,0.0,7,32,80
2,68,11,2.8,11.269734410711763,0.0,7,32,80
2,68,12,2.8,12.348615507546278,0.0,7,32,80
2,68,13,2.8,10.032008641675963,0.0,7,32,80
2,68,14,2.8,11.669673757428479,0.0,7,32,80
2,68,15,3.0,8.428344407117603,0.0,7,32,80
2,68,16,2.8,10.505892272709424,0.0,7,32,80
2,68,17,2.8,10.674991617436685,0.0,7,32,80
2,68,18,2.8,10.543123227908161,0.0,7,32,80
2,68,19,3.0,10.197943910096908,0.0,7,32,80
2,68,20,2.8,7.631045868531605,0.0,7,32,80
2,68,21,2.8,9.657145810239513,0.0,7,32,80
3,68,1,2.8,9.62764086266338,0.0,7,32,80
3,68,2,2.8,10.852789516935818,0.0,7,32,80
3,68,3,2.8,11.478969516345616,0.0,7,32,80
3,68,4,2.8,9.968321461340857,0.0,7,32,80
3,68,5,2.8,9.319501492717968,0.0,7,32,80
3,68,6,2.8,9.270576962552518,0.0,7,32,80
3,68,7,2.8,9.264412202313123,0.0,7,32,80
3,68,8,2.8,12.957035706272528,0.0,7,32,80
3,68,9,2.8,11.757273074110351,0.0,7,32,80
3,68,10,2.8,11.86268747028316,0.0,7,32,80
3,68,11,2.8,10.244396767987448,0.0,7,32,80
3,68,12,2.8,11.586453089654505,0.0,7,32,80
3,68,13,2.8,8.415360033296485,0.0,7,32,80
3,68,14,2.8,10.066442415893667,0.0,7,32,80
3,68,15,2.8,12.749628729981119,0.0,7,32,80
3,68,16,2.8,10.088821120962267,0.0,7,32,80
3,68,17,2.8,15.053801316261389,0.0,7,32,80
3,68,18,3.0,9.803249151659523,0.0,7,32,80
3,68,19,2.8,11.827985688675254,0.0,7,32,80
3,68,20,2.8,9.517627347121913,0.0,7,32,80
3,68,21,2.8,9.487475191749123,0.0,7,32,80
3,68,22,2.8,9.511224514815192,0.0,7,32,80
1,69,1,4.2,9.71324735493543,0.0,7,32,80
1,69,2,3.2,11.068525656108417,0.0,7,32,80
1,69,3,2.8,11.600003671998302,0.0,7,32,80
1,69,4,3.0,7.592976621963836,0.0,7,32,80
1,69,5,2.8,11.870176665879441,0.0,7,32,80
1,69,6,2.8,11.590056331732791,0.0,7,32,80
1,69,7,2.8,9.71355237755495,0.0,7,32,80
1,69,8,2.8,10.702377470125922,0.0,7,32,80
1,69,9,2.8,14.159919739068952,0.0,7,32,80
1,69,10,2.8,11.322694526685043,0.0,7,32,80
1,69,11,2.8,15.360762096171749,0.0,7,32,80
1,69,12,2.8,12.637997809480174,0.0,7,32,80
1,69,13,2.8,10.518338443911642,0.0,7,32,80
1,69,14,2.8,12.83923515893407,0.0,7,32,80
1,69,15,2.8,15.156692086103213,0.0,7,32,80
1,69,16,2.8,9.145436432279677,0.0,7,32,80
1,69,17,2.8,11.87242217065963,0.0,7,32,80
1,69,18,3.2,7.92471591439061,0.0,7,32,80
1,69,19,2.8,10.296035166894889,0.0,7,32,80
1,69,20,2.8,10.357803097258723,0.0,7,32,80
1,69,21,2.8,11.068913039317728,0.0,7,32,80
1,69,22,2.25,11.998337691462087,0.0,4,32,80
2,69,1,3.0,12.0825826908423,0.0,7,32,80
2,69,2,2.8,10.46280700326328,0.0,7,32,80
2,69,3,3.6,10.082354150424187,0.125,7,32,80
2,69,4,2.8,11.403610859591828,0.0,7,32,80
2,69,5,2.8,8.623761558516986,0.0,7,32,80
2,69,6,2.8,10.594480171768788,0.0,7,32,80
2,69,7,2.8,12.943744347738242,0.0,7,32,80
2,69,8,2.8,11.282743077226293,0.0,7,32,80
2,69,9,2.8,11.926704944411913,0.0,7,32,80
2,69,10,2.8,12.282030432849048,0.0,7,32,80
2,69,11,2.8,8.53962401092254,0.0,7,32,80
2,69,12,2.8,12.18731914661969,0.0,7,32,80
2,69,13,2.8,14.171090480888894,0.0,7,32,80
2,69,14,2.8,11.617086569731539,0.0,7,32,80
2,69,15,2.8,8.898270539742516,0.0,7,32,80
2,69,16,2.8,12.298830245467524,0.0,7,32,80
2,69,17,2.8,10.360536912463878,0.0,7,32,80
2,69,18,2.8,11.080292001987122,0.0,7,32,80
2,69,19,2.8,15.217928494327044,0.0,7,32,80
2,69,20,2.8,8.686602457726698,0.0,7,32,80
2,69,21,2.8,8.69534112225739,0.0,7,32,80
2,69,22,2.2,13.527246556864833,0.0,5,32,80
3,69,1,2.8,10.432314217819822,0.0,7,32,80
3,69,2,2.8,11.704307787483426,0.0,7,32,80
3,69,3,2.8,11.522220109262244,0.0,7,32,80
3,69,4,2.8,8.767933653497398,0.0,7,32,80
3,69,5,2.8,9.030534374392246,0.0,7,32,80
3,69,6,2.8,9.545481041637634,0.0,7,32,80
3,69,7,2.8,9.465134535661742,0.0,7,32,80
3,69,8,2.8,11.53918127432454,0.0,7,32,80
3,69,9,2.8,13.925622338953726,0.0,7,32,80
3,69,10,2.8,11.703785066715696,0.0,7,32,80
3,69,11,2.8,11.283914407246534,0.0,7,32,80
3,69,12,3.0,10.62970566434585,0.0,7,32,80
3,69,13,2.8,10.71481310467049,0.0,7,32,80
3,69,14,2.8,9.519541126863134,0.0,7,32,80
3,69,15,2.8,11.073077258065675,0.0,7,32,80
3,69,16,2.8,10.15225143273264,0.0,7,32,80
3,69,17,2.8,13.9986263649354,0.0,7,32,80
3,69,18,2.8,11.4754984497321,0.0,7,32,80
3,69,19,2.8,11.85090414042237,0.0,7,32,80
3,69,20,2.8,12.26633873795093,0.0,7,32,80
3,69,21,2.8,9.713491766370815,0.0,7,32,80
3,69,22,2.8,11.159936353688433,0.0,7,32,80
1,70,1,4.2,9.856231116611877,0.0,7,32,80
1,70,2,3.2,11.89905447612985,0.0,7,32,80
1,70,3,2.8,10.926911685718535,0.0,7,32,80
1,70,4,3.0,8.999016652048597,0.0,7,32,80
1,70,5,2.8,12.642162113164552,0.0,7,32,80
1,70,6,2.8,10.91808480623926,0.0,7,32,80
1,70,7,3.0,9.905115829221813,0.0,7,32,80
1,70,8,2.8,9.10741631245383,0.0,7,32,80
1,70,9,2.8,12.752817223627035,0.0,7,32,80
1,70,10,2.8,11.814181283895357,0.0,7,32,80
1,70,11,2.8,14.180664435545406,0.0,7,32,80
1,70,12,2.8,13.275101043199081,0.0,7,32,80
1,70,13,2.8,11.604037642488258,0.0,7,32,80
1,70,14,2.8,11.57244536069356,0.0,7,32,80
1,70,15,2.8,14.258385033432537,0.0,7,32,80
1,70,16,2.8,10.731917825865283,0.0,7,32,80
1,70,17,2.8,9.86342780611028,0.0,7,32,80
1,70,18,3.0,9.322109702312284,0.0,7,32,80
1,70,19,3.0,9.766695920492266,0.0,7,32,80
1,70,20,2.8,8.7249026989309,0.0,7,32,80
1,70,21,2.8,9.560729154491483,0.0,7,32,80
1,70,22,2.0,16.214980932321964,0.0,4,32,80
2,70,1,2.8,14.762592158165347,0.0,7,32,80
2,70,2,2.8,9.065759298124801,0.0,7,32,80
2,70,3,3.6,8.30368627845521,0.125,7,32,80
2,70,4,2.8,9.449798820651624,0.0,7,32,80
2,70,5,2.8,11.065608602514953,0.0,7,32,80
2,70,6,2.8,8.948110740041658,0.0,7,32,80
2,70,7,2.8,12.674195947023675,0.0,7,32,80
2,70,8,2.8,10.295659093988233,0.0,7,32,80
2,70,9,2.8,12.701405687109833,0.0,7,32,80
2,70,10,2.8,11.154693251620087,0.0,7,32,80
2,70,11,2.8,7.580299908892228,0.0,7,32,80
2,70,12,2.8,11.777039257204878,0.0,7,32,80
2,70,13,2.8,10.31588256399061,0.0,7,32,80
2,70,14,2.8,10.93360794614303,0.0,7,32,80
2,70,15,2.8,10.525557277041402,0.0,7,32,80
2,70,16,3.0,10.46506574419647,0.0,7,32,80
2,70,17,2.8,10.857110102800943,0.0,7,32,80
2,70,18,2.8,12.159720495687994,0.0,7,32,80
2,70,19,2.8,11.94783339804594,0.0,7,32,80
2,70,20,2.8,8.186629474980574,0.0,7,32,80
2,70,21,2.8,8.513779816462792,0.0,7,32,80
2,70,22,2.2,15.798475680515075,0.0,5,32,80
3,70,1,2.8,9.434573655983131,0.0,7,32,80
3,70,2,2.8,11.817381064361022,0.0,7,32,80
3,70,3,2.8,10.964505548555433,0.0,7,32,80
3,70,4,2.8,9.638430328759888,0.0,7,32,80
3,70,5,2.8,9.084185947054774,0.0,7,32,80
3,70,6,2.8,8.790882463792936,0.0,7,32,80
3,70,7,2.8,9.194773302646743,0.0,7,32,80
3,70,8,2.8,10.729459475824475,0.0,7,32,80
3,70,9,2.8,13.799939842809351,0.0,7,32,80
3,70,10,2.8,9.935604608722565,0.0,7,32,80
3,70,11,2.8,12.355267948606507,0.0,7,32,80
3,70,12,2.8,10.789317690492094,0.0,7,32,80
3,70,13,2.8,9.441651607751114,0.0,7,32,80
3,70,14,2.8,9.607853671170309,0.0,7,32,80
3,70,15,2.8,11.836668718989124,0.0,7,32,80
3,70,16,2.8,11.666916986383388,0.0,7,32,80
3,70,17,2.8,15.203484254546467,0.0,7,32,80
3,70,18,3.0,8.35664772014298,0.0,7,32,80
3,70,19,2.8,14.320477909187936,0.0,7,32,80
3,70,20,2.8,11.047706226340209,0.0,7,32,80
3,70,21,2.8,9.621805100047538,0.0,7,32,80
3,70,22,2.8,11.715748597570226,0.0,7,32,80
1,71,1,4.0,8.7617669699189,0.0,7,32,80
1,71,2,3.0,13.001952437011768,0.0,7,32,80
1,71,3,3.0,12.513879922078521,0.0,7,32,80
1,71,4,3.0,7.6533536979707755,0.0,7,32,80
1,71,5,2.8,10.615160712016515,0.0,7,32,80
1,71,6,2.8,9.286948578314568,0.0,7,32,80
1,71,7,2.8,10.510522358697196,0.0,7,32,80
1,71,8,2.8,10.170563029928262,0.0,7,32,80
1,71,9,2.8,14.661614459553103,0.0,7,32,80
1,71,10,2.8,12.037283021829237,0.0,7,32,80
1,71,11,2.8,14.362975283907003,0.0,7,32,80
1,71,12,2.8,17.315015318695323,0.0,7,32,80
1,71,13,2.8,10.215219792869304,0.0,7,32,80
1,71,14,2.8,14.043425258826502,0.0,7,32,80
1,71,15,2.8,11.874750895834731,0.0,7,32,80
1,71,16,2.8,9.846075329212649,0.0,7,32,80
1,71,17,2.8,10.893593620258772,0.0,7,32,80
1,71,18,2.8,11.290144613498482,0.0,7,32,80
1,71,19,2.8,10.318553594080397,0.0,7,32,80
1,71,20,3.0,9.985607754265864,0.0,7,32,80
1,71,21,3.0,10.926045455810165,0.0,7,32,80
1,71,22,2.0,11.269993885462606,0.0,5,32,80
2,71,1,2.8,12.103978870646474,0.0,7,32,80
2,71,2,2.8,9.822888018638718,0.0,7,32,80
2,71,3,3.6,9.638438973488162,0.125,7,32,80
2,71,4,2.8,10.039224893393717,0.0,7,32,80
2,71,5,2.8,10.513959878258833,0.0,7,32,80
2,71,6,2.8,9.054082163609431,0.0,7,32,80
2,71,7,3.0,13.418847503734126,0.0,7,32,80
2,71,8,2.8,10.453524725290618,0.0,7,32,80
2,71,9,2.8,12.067902282936295,0.0,7,32,80
2,71,10,2.8,12.184160615939481,0.0,7,32,80
2,71,11,2.8,8.835707593034337,0.0,7,32,80
2,71,12,2.8,10.714193590025253,0.0,7,32,80
2,71,13,2.8,11.839382099903505,0.0,7,32,80
2,71,14,2.8,9.685435503236453,0.0,7,32,80
2,71,15,2.8,8.989824654271297,0.0,7,32,80
2,71,16,3.0,10.242591529648829,0.0,7,32,80
2,71,17,2.8,12.070397308703633,0.0,7,32,80
2,71,18,2.8,13.355555508570996,0.0,7,32,80
2,71,19,3.0,10.157284694895074,0.0,7,32,80
2,71,20,2.8,7.817259851025707,0.0,7,32,80
2,71,21,3.0,8.234977114591189,0.0,7,32,80
2,71,22,2.0,28.430523955394822,0.0,4,32,80
3,71,1,2.8,10.344094403551214,0.0,7,32,80
3,71,2,2.8,11.979404376242298,0.0,7,32,80
3,71,3,2.8,10.984197119737528,0.0,7,32,80
3,71,4,2.8,9.161964398152294,0.0,7,32,80
3,71,5,2.8,9.263042990424273,0.0,7,32,80
3,71,6,2.8,9.868933407918737,0.0,7,32,80
3,71,7,2.8,10.023572353931232,0.0,7,32,80
3,71,8,2.8,12.430361080256011,0.0,7,32,80
3,71,9,2.8,12.843623250919713,0.0,7,32,80
3,71,10,2.8,11.570932802830526,0.0,7,32,80
3,71,11,2.8,11.9684271840951,0.0,7,32,80
3,71,12,3.6,8.668543318076322,0.125,7,32,80
3,71,13,2.8,11.535068161776993,0.0,7,32,80
3,71,14,2.8,8.371335372277123,0.0,7,32,80
3,71,15,2.8,12.97039773224729,0.0,7,32,80
3,71,16,2.8,12.046376009722845,0.0,7,32,80
3,71,17,2.8,12.269557076913141,0.0,7,32,80
3,71,18,2.8,11.182785473892773,0.0,7,32,80
3,71,19,2.8,11.283601765922707,0.0,7,32,80
3,71,20,2.8,12.451652807241098,0.0,7,32,80
3,71,21,2.8,8.045122885347636,0.0,7,32,80
3,71,22,2.8,10.736390223380747,0.0,7,32,80
1,72,1,4.2,9.68203475374732,0.0,7,32,80
1,72,2,3.2,10.967798143104629,0.0,7,32,80
1,72,3,2.8,12.75390316289277,0.0,7,32,80
1,72,4,2.8,9.628602827356428,0.0,7,32,80
1,72,5,3.0,12.516507251074469,0.0,7,32,80
1,72,6,2.8,10.78134768354707,0.0,7,32,80
1,72,7,2.8,10.155543879523615,0.0,7,32,80
1,72,8,2.8,11.015395403612192,0.0,7,32,80
1,72,9,2.8,13.930778581272557,0.0,7,32,80
1,72,10,2.8,10.4945046681936,0.0,7,32,80
1,72,11,2.8,12.678365420125802,0.0,7,32,80
1,72,12,2.8,14.118487302610252,0.0,7,32,80
1,72,13,2.8,9.506172862506354,0.0,7,32,80
1,72,14,2.8,12.314483022706849,0.0,7,32,80
1,72,15,2.8,15.833717747414168,0.0,7,32,80
1,72,16,2.8,10.76247626746535,0.0,7,32,80
1,72,17,2.8,12.359430826295403,0.0,7,32,80
1,72,18,2.8,9.438718842782396,0.0,7,32,80
1,72,19,2.8,10.941963805682022,0.0,7,32,80
1,72,20,3.0,8.841995974410912,0.0,7,32,80
1,72,21,3.0,9.811256089490971,0.0,7,32,80
1,72,22,2.25,13.511619832985863,0.0,4,32,80
2,72,1,3.0,11.218265599394151,0.0,7,32,80
2,72,2,3.0,9.598545872341491,0.0,7,32,80
2,72,3,3.6,7.821182628047869,0.0,7,32,80
2,72,4,3.4,7.718373398834293,0.0,7,32,80
2,72,5,2.8,11.276319910957936,0.0,7,32,80
2,72,6,2.8,9.670495341706777,0.0,7,32,80
2,72,7,3.0,10.93008906990181,0.0,7,32,80
2,72,8,2.8,9.92953400310835,0.0,7,32,80
2,72,9,2.8,11.966214036974732,0.0,7,32,80
2,72,10,2.8,9.877241084505172,0.0,7,32,80
2,72,11,2.8,11.395722590121544,0.0,7,32,80
2,72,12,2.8,12.895372643384883,0.0,7,32,80
2,72,13,2.8,10.889350679638682,0.0,7,32,80
2,72,14,2.8,11.581284711826084,0.0,7,32,80
2,72,15,3.0,9.052053985409923,0.0,7,32,80
2,72,16,2.8,10.63375400756098,0.0,7,32,80
2,72,17,2.8,11.454712841681518,0.0,7,32,80
2,72,18,2.8,11.077816191247315,0.0,7,32,80
2,72,19,3.0,9.355579388360505,0.0,7,32,80
2,72,20,2.8,8.315835007347314,0.0,7,32,80
2,72,21,2.8,8.538183712181622,0.0,7,32,80
3,72,1,2.8,10.396846333759042,0.0,7,32,80
3,72,2,2.8,12.026515997959882,0.0,7,32,80
3,72,3,2.8,9.283578585764921,0.0,7,32,80
3,72,4,2.8,9.623265002504377,0.0,7,32,80
3,72,5,2.8,9.924396174475511,0.0,7,32,80
3,72,6,2.8,9.727665229818067,0.0,7,32,80
3,72,7,2.8,10.707984773176097,0.0,7,32,80
3,72,8,2.8,9.785315223057221,0.0,7,32,80
3,72,9,2.8,11.623210681656953,0.0,7,32,80
3,72,10,2.8,11.932117100199479,0.0,7,32,80
3,72,11,2.8,10.210193048214983,0.0,7,32,80
3,72,12,2.8,11.902117616971312,0.0,7,32,80
3,72,13,2.8,10.984786882493708,0.0,7,32,80
3,72,14,2.8,10.626100676189424,0.0,7,32,80
3,72,15,2.8,12.239348395915847,0.0,7,32,80
3,72,16,2.8,11.49155005294111,0.0,7,32,80
3,72,17,2.8,13.522742768750112,0.0,7,32,80
3,72,18,2.8,10.907475902807438,0.0,7,32,80
3,72,19,2.8,12.892116772958179,0.0,7,32,80
3,72,20,2.8,10.438203757887882,0.0,7,32,80
3,72,21,2.8,9.28369791929333,0.0,7,32,80
3,72,22,2.8,11.90563424111798,0.0,7,32,80
1,73,1,4.0,9.78626215655233,0.0,7,32,80
1,73,2,2.8,12.735503366872216,0.0,7,32,80
1,73,3,2.8,14.992250763697063,0.0,7,32,80
1,73,4,3.2,7.913015827672161,0.0,7,32,80
1,73,5,2.8,11.93646420330508,0.0,7,32,80
1,73,6,2.8,10.144979707340815,0.0,7,32,80
1,73,7,3.0,9.050849555860816,0.0,7,32,80
1,73,8,2.8,8.920880517416832,0.0,7,32,80
1,73,9,2.8,13.420784746644829,0.0,7,32,80
1,73,10,2.8,11.68709977545624,0.0,7,32,80
1,73,11,2.8,13.257044249572045,0.0,7,32,80
1,73,12,2.8,17.16703353010456,0.0,7,32,80
1,73,13,2.8,9.91274915726853,0.0,7,32,80
1,73,14,2.8,12.956425074292191,0.0,7,32,80
1,73,15,2.8,12.5682167525934,0.0,7,32,80
1,73,16,2.8,9.672234596888767,0.0,7,32,80
1,73,17,2.8,11.053449221955491,0.0,7,32,80
1,73,18,3.0,9.427419903564532,0.0,7,32,80
1,73,19,2.8,10.28812819946392,0.0,7,32,80
1,73,20,2.8,14.75939121117645,0.0,7,32,80
1,73,21,2.8,10.1080554791524,0.0,7,32,80
1,73,22,2.2,12.123233182727983,0.0,5,32,80
2,73,1,2.8,13.03247606008092,0.0,7,32,80
2,73,2,2.8,10.68057073405768,0.0,7,32,80
2,73,3,3.8,8.962275865673535,0.125,7,32,80
2,73,4,2.8,9.70301890534444,0.0,7,32,80
2,73,5,2.8,9.925263202369557,0.0,7,32,80
2,73,6,2.8,10.22261628301342,0.0,7,32,80
2,73,7,2.8,14.373432354107946,0.0,7,32,80
2,73,8,2.8,10.543629099583145,0.0,7,32,80
2,73,9,2.8,11.676244390380338,0.0,7,32,80
2,73,10,2.8,12.135808295757112,0.0,7,32,80
2,73,11,2.8,9.829749835173853,0.0,7,32,80
2,73,12,2.8,12.309966465334393,0.0,7,32,80
2,73,13,2.8,12.41621845482352,0.0,7,32,80
2,73,14,2.8,10.683624505543998,0.0,7,32,80
2,73,15,2.8,9.78049954579075,0.0,7,32,80
2,73,16,2.8,12.86810796139546,0.0,7,32,80
2,73,17,2.8,11.382457553916117,0.0,7,32,80
2,73,18,2.8,12.30652291313749,0.0,7,32,80
2,73,19,3.0,10.110768670303212,0.0,7,32,80
2,73,20,2.8,8.558847512717755,0.0,7,32,80
2,73,21,2.8,8.434939862096154,0.0,7,32,80
2,73,22,2.0,13.212632088924256,0.0,5,32,80
3,73,1,2.8,9.612509443537213,0.0,7,32,80
3,73,2,2.8,11.571443723652955,0.0,7,32,80
3,73,3,2.8,10.095760525735836,0.0,7,32,80
3,73,4,2.8,10.374117145976827,0.0,7,32,80
3,73,5,2.8,8.796741754466792,0.0,7,32,80
3,73,6,2.8,10.79185589007637,0.0,7,32,80
3,73,7,2.8,10.469693538916651,0.0,7,32,80
3,73,8,2.8,11.019428203165054,0.0,7,32,80
3,73,9,2.8,13.495439884045101,0.0,7,32,80
3,73,10,2.8,11.377214863374599,0.0,7,32,80
3,73,11,2.8,11.059469495902096,0.0,7,32,80
3,73,12,2.8,11.608444218671027,0.0,7,32,80
3,73,13,2.8,9.804918832162567,0.0,7,32,80
3,73,14,2.8,9.730134453490646,0.0,7,32,80
3,73,15,2.8,12.96585663496811,0.0,7,32,80
3,73,16,2.8,9.59801868801017,0.0,7,32,80
3,73,17,2.8,14.214145723574488,0.0,7,32,80
3,73,18,3.0,9.367808431733481,0.0,7,32,80
3,73,19,2.8,12.87363032658841,0.0,7,32,80
3,73,20,2.8,11.128110016067291,0.0,7,32,80
3,73,21,2.8,9.133281748660462,0.0,7,32,80
3,73,22,2.8,9.928082950716968,0.0,7,32,80
1,74,1,4.0,9.317197487481378,0.0,7,32,80
1,74,2,2.8,12.735503366872216,0.0,7,32,80
1,74,3,2.8,13.274860385238151,0.0,7,32,80
1,74,4,3.0,8.214642128716529,0.0,7,32,80
1,74,5,2.8,12.95756245745731,0.0,7,32,80
1,74,6,2.8,9.227494214808996,0.0,7,32,80
1,74,7,2.8,9.488132701294033,0.0,7,32,80
1,74,8,2.8,12.520416562618555,0.0,7,32,80
1,74,9,2.8,10.118166384276172,0.0,7,32,80
1,74,10,2.8,11.083407547612426,0.0,7,32,80
1,74,11,2.8,15.53925259762206,0.0,7,32,80
1,74,12,2.8,20.23389890604256,0.0,7,32,80
1,74,13,2.8,11.020408906265162,0.0,7,32,80
1,74,14,2.8,13.092534695429551,0.0,7,32,80
1,74,15,2.8,12.197760071576177,0.0,7,32,80
1,74,16,2.8,13.926750235806104,0.0,7,32,80
1,74,17,2.8,10.773918192933465,0.0,7,32,80
1,74,18,3.0,9.18453470541566,0.0,7,32,80
1,74,19,2.8,9.477591205479538,0.0,7,32,80
1,74,20,2.8,12.495695810707385,0.0,7,32,80
1,74,21,2.8,8.776179373667414,0.0,7,32,80
1,74,22,2.6,10.075601487501288,0.0,6,32,80
2,74,1,2.8,13.116322237602942,0.0,7,32,80
2,74,2,2.8,9.487657258871014,0.0,7,32,80
2,74,3,3.8,8.226903126628626,0.125,7,32,80
2,74,4,2.8,10.630596386200327,0.0,7,32,80
2,74,5,2.8,9.67407769065966,0.0,7,32,80
2,74,6,2.8,10.974691424566705,0.0,7,32,80
2,74,7,3.0,10.293554884360528,0.0,7,32,80
2,74,8,2.8,10.72353818456425,0.0,7,32,80
2,74,9,2.8,11.55690972032588,0.0,7,32,80
2,74,10,2.8,10.896423215123134,0.0,7,32,80
2,74,11,2.8,9.814806757996775,0.0,7,32,80
2,74,12,2.8,14.990462658904809,0.0,7,32,80
2,74,13,2.8,13.116112761203953,0.0,7,32,80
2,74,14,2.8,9.706332505953084,0.0,7,32,80
2,74,15,2.8,10.18944410694975,0.0,7,32,80
2,74,16,2.8,11.138257762569436,0.0,7,32,80
2,74,17,2.8,12.094265750769646,0.0,7,32,80
2,74,18,2.8,10.656273280276912,0.0,7,32,80
2,74,19,2.8,11.105300201247816,0.0,7,32,80
2,74,20,2.8,8.464091101273684,0.0,7,32,80
2,74,21,2.8,9.784324776529006,0.0,7,32,80
2,74,22,2.0,16.357651228607907,0.0,5,32,80
3,74,1,2.8,9.64281999478863,0.0,7,32,80
3,74,2,2.8,12.097882341211301,0.0,7,32,80
3,74,3,2.8,11.65394976578061,0.0,7,32,80
3,74,4,2.8,8.717942375400927,0.0,7,32,80
3,74,5,2.8,9.13847883169892,0.0,7,32,80
3,74,6,2.8,10.23216484378116,0.0,7,32,80
3,74,7,2.8,10.596670355249596,0.0,7,32,80
3,74,8,2.8,12.110391795659188,0.0,7,32,80
3,74,9,2.8,14.350383170794158,0.0,7,32,80
3,74,10,2.8,11.794061149076851,0.0,7,32,80
3,74,11,2.8,10.52650354157722,0.0,7,32,80
3,74,12,3.0,10.68541872779039,0.0,7,32,80
3,74,13,2.8,9.8202075120971,0.0,7,32,80
3,74,14,2.8,12.244953249042839,0.0,7,32,80
3,74,15,2.8,11.642178244445585,0.0,7,32,80
3,74,16,2.8,10.913070929559739,0.0,7,32,80
3,74,17,2.8,13.654840714333732,0.0,7,32,80
3,74,18,2.8,9.267244972433932,0.0,7,32,80
3,74,19,2.8,13.929110075688191,0.0,7,32,80
3,74,20,2.8,11.747987534116854,0.0,7,32,80
3,74,21,2.8,9.966754996485266,0.0,7,32,80
3,74,22,2.8,10.091900857545111,0.0,7,32,80
1,75,1,4.2,8.56708882102534,0.0,7,32,80
1,75,2,3.0,11.426203728935498,0.0,7,32,80
1,75,3,2.8,14.279581901579071,0.0,7,32,80
1,75,4,3.0,7.643645888913763,0.0,7,32,80
1,75,5,3.0,11.600864643672946,0.0,7,32,80
1,75,6,2.8,10.878664415854463,0.0,7,32,80
1,75,7,2.8,9.46932959009139,0.0,7,32,80
1,75,8,2.8,10.35302018190087,0.0,7,32,80
1,75,9,2.8,11.147557280537425,0.0,7,32,80
1,75,10,2.8,10.992230284620305,0.0,7,32,80
1,75,11,2.8,19.738050391512676,0.0,7,32,80
1,75,12,2.8,12.42945782838095,0.0,7,32,80
1,75,13,2.8,10.536730144164991,0.0,7,32,80
1,75,14,2.8,11.514451260911773,0.0,7,32,80
1,75,15,2.8,15.271928155594988,0.0,7,32,80
1,75,16,2.8,9.768068223808191,0.0,7,32,80
1,75,17,2.8,10.379589138496822,0.0,7,32,80
1,75,18,3.0,8.612051790646584,0.0,7,32,80
1,75,19,2.8,11.019589038405831,0.0,7,32,80
1,75,20,2.8,10.459680909193766,0.0,7,32,80
1,75,21,3.0,10.458307037733965,0.0,7,32,80
1,75,22,2.25,13.473855813956249,0.0,4,32,80
2,75,1,3.2,12.316528359107014,0.0,7,32,80
2,75,2,3.0,9.527458161157414,0.0,7,32,80
2,75,3,3.4,8.02793318561577,0.0,7,32,80
2,75,4,3.0,9.046236013256394,0.0,7,32,80
2,75,5,2.8,9.730737349843416,0.0,7,32,80
2,75,6,2.8,10.812976952043405,0.0,7,32,80
2,75,7,3.0,12.0325751679965,0.0,7,32,80
2,75,8,2.8,11.787992561863248,0.0,7,32,80
2,75,9,2.8,11.248332240657543,0.0,7,32,80
2,75,10,2.8,11.683420030171138,0.0,7,32,80
2,75,11,2.8,10.740119020401941,0.0,7,32,80
2,75,12,2.8,11.93602939999505,0.0,7,32,80
2,75,13,2.8,11.303782159573986,0.0,7,32,80
2,75,14,2.8,11.40802966513388,0.0,7,32,80
2,75,15,3.0,8.5745752031358,0.0,7,32,80
2,75,16,2.8,10.53033057094714,0.0,7,32,80
2,75,17,2.8,9.724258713621532,0.0,7,32,80
2,75,18,2.8,11.675013462586127,0.0,7,32,80
2,75,19,3.0,10.716335914097206,0.0,7,32,80
2,75,20,2.8,8.137234729337731,0.0,7,32,80
2,75,21,2.8,9.079800638268791,0.0,7,32,80
3,75,1,2.8,9.781617041364699,0.0,7,32,80
3,75,2,2.8,12.417182227102876,0.0,7,32,80
3,75,3,2.8,11.185074105898133,0.0,7,32,80
3,75,4,2.8,8.844004890654771,0.0,7,32,80
3,75,5,2.8,8.635281842361561,0.0,7,32,80
3,75,6,2.8,10.23216484378108,0.0,7,32,80
3,75,7,2.8,10.20759084641483,0.0,7,32,80
3,75,8,2.8,9.08743576977925,0.0,7,32,80
3,75,9,2.8,10.726295179066675,0.0,7,32,80
3,75,10,2.8,11.189876482630364,0.0,7,32,80
3,75,11,2.8,11.431548233753318,0.0,7,32,80
3,75,12,3.0,11.193893075194104,0.0,7,32,80
3,75,13,2.8,10.230881039552393,0.0,7,32,80
3,75,14,3.0,10.63633310174874,0.0,7,32,80
3,75,15,2.8,12.265053723109588,0.0,7,32,80
3,75,16,2.8,10.78221581919327,0.0,7,32,80
3,75,17,2.8,14.309882016128327,0.0,7,32,80
3,75,18,3.0,9.150142249246144,0.0,7,32,80
3,75,19,2.8,11.270037400678792,0.0,7,32,80
3,75,20,2.8,10.718322867250826,0.0,7,32,80
3,75,21,2.8,9.607322961049778,0.0,7,32,80
3,75,22,2.8,10.227103301980106,0.0,7,32,80
1,76,1,4.4,9.006415709241852,0.0,7,32,80
1,76,2,3.2,11.563430864785936,0.0,7,32,80
1,76,3,2.8,10.31983590818508,0.0,7,32,80
1,76,4,3.0,8.592870975149685,0.0,7,32,80
1,76,5,3.0,10.726596542683433,0.0,7,32,80
1,76,6,2.8,11.81622017483672,0.0,7,32,80
1,76,7,3.0,10.16046234127708,0.0,7,32,80
1,76,8,2.8,11.06730989310364,0.0,7,32,80
1,76,9,2.8,14.274823726106971,0.0,7,32,80
1,76,10,2.8,12.193805011127173,0.0,7,32,80
1,76,11,2.8,12.870848037743091,0.0,7,32,80
1,76,12,2.8,11.318088015740258,0.0,7,32,80
1,76,13,2.8,13.842479925204577,0.0,7,32,80
1,76,14,2.8,11.672371470629436,0.0,7,32,80
1,76,15,2.8,12.756807122570946,0.0,7,32,80
1,76,16,2.8,11.555783609406987,0.0,7,32,80
1,76,17,2.8,10.133740401470428,0.0,7,32,80
1,76,18,2.8,9.098029774042637,0.0,7,32,80
1,76,19,3.0,11.622227235204669,0.0,7,32,80
1,76,20,2.8,9.89633814015439,0.0,7,32,80
1,76,21,3.0,9.362580168383698,0.0,7,32,80
2,76,1,2.8,12.474282519724737,0.0,7,32,80
2,76,2,2.8,8.999064105079633,0.0,7,32,80
2,76,3,3.6,8.805812200520768,0.125,7,32,80
2,76,4,2.8,10.504783156531719,0.0,7,32,80
2,76,5,2.8,9.666482776056972,0.0,7,32,80
2,76,6,2.8,10.445801678006637,0.0,7,32,80
2,76,7,3.0,13.448353299181598,0.0,7,32,80
2,76,8,2.8,11.473230330953665,0.0,7,32,80
2,76,9,2.8,10.53035179682001,0.0,7,32,80
2,76,10,2.8,11.000751944867105,0.0,7,32,80
2,76,11,2.8,8.611768865969692,0.0,7,32,80
2,76,12,2.8,14.295240310420196,0.0,7,32,80
2,76,13,2.8,11.816508148409444,0.0,7,32,80
2,76,14,2.8,10.68362450554404,0.0,7,32,80
2,76,15,2.8,9.641733986040775,0.0,7,32,80
2,76,16,2.8,13.433373869621516,0.0,7,32,80
2,76,17,2.8,9.843618807454032,0.0,7,32,80
2,76,18,2.8,11.020396709677577,0.0,7,32,80
2,76,19,2.8,14.160891042485988,0.0,7,32,80
2,76,20,2.8,8.458351669948488,0.0,7,32,80
2,76,21,2.8,9.811236143647458,0.0,7,32,80
2,76,22,2.2,13.801983085230788,0.0,5,32,80
3,76,1,2.8,9.493149097737613,0.0,7,32,80
3,76,2,2.8,11.377708819594377,0.0,7,32,80
3,76,3,3.0,9.912356463725697,0.0,7,32,80
3,76,4,2.8,9.761813328470003,0.0,7,32,80
3,76,5,2.8,9.410442446648565,0.0,7,32,80
3,76,6,2.8,8.616203049468316,0.0,7,32,80
3,76,7,2.8,10.367289777602489,0.0,7,32,80
3,76,8,2.8,11.197354781663,0.0,7,32,80
3,76,9,2.8,10.309827915173802,0.0,7,32,80
3,76,10,2.8,9.63261823733878,0.0,7,32,80
3,76,11,2.8,12.206495278728955,0.0,7,32,80
3,76,12,3.0,10.66859637209735,0.0,7,32,80
3,76,13,2.8,9.336403543027787,0.0,7,32,80
3,76,14,2.8,10.481530542408791,0.0,7,32,80
3,76,15,2.8,12.724358383980979,0.0,7,32,80
3,76,16,2.8,9.508282518696712,0.0,7,32,80
3,76,17,2.8,15.27481885220314,0.0,7,32,80
3,76,18,3.0,9.417846999381887,0.0,7,32,80
3,76,19,2.8,13.75370964978067,0.0,7,32,80
3,76,20,2.8,10.216984875577502,0.0,7,32,80
3,76,21,2.8,9.133852049350484,0.0,7,32,80
3,76,22,2.8,10.313330561778752,0.0,7,32,80
1,77,1,4.0,9.389788018772869,0.0,7,32,80
1,77,2,3.4,10.64560416723034,0.0,7,32,80
1,77,3,3.0,9.938781052424957,0.0,7,32,80
1,77,4,3.0,10.64138590881154,0.0,7,32,80
1,77,5,2.8,13.048948907221396,0.0,7,32,80
1,77,6,2.8,9.468679937601694,0.0,7,32,80
1,77,7,2.8,12.191806809622088,0.0,7,32,80
1,77,8,2.8,10.634261530448299,0.0,7,32,80
1,77,9,2.8,13.586663174398417,0.0,7,32,80
1,77,10,2.8,12.123162290647496,0.0,7,32,80
1,77,11,2.8,14.214113597714928,0.0,7,32,80
1,77,12,2.8,15.29702567657779,0.0,7,32,80
1,77,13,2.8,11.030531323666303,0.0,7,32,80
1,77,14,2.8,11.484227645629488,0.0,7,32,80
1,77,15,2.8,15.193053601725573,0.0,7,32,80
1,77,16,2.8,10.507363602455953,0.0,7,32,80
1,77,17,2.8,10.197245714797893,0.0,7,32,80
1,77,18,2.8,9.645746537563975,0.0,7,32,80
1,77,19,2.8,10.251016159594224,0.0,7,32,80
1,77,20,2.8,10.816397711549271,0.0,7,32,80
1,77,21,2.8,11.2365190404232,0.0,7,32,80
1,77,22,2.0,13.282064214563269,0.0,5,32,80
2,77,1,2.8,13.433211568622193,0.0,7,32,80
2,77,2,2.8,10.90917837899464,0.0,7,32,80
2,77,3,3.0,11.867465469496583,0.0,7,32,80
2,77,4,2.8,11.046467667767734,0.0,7,32,80
2,77,5,2.8,9.467933823797386,0.0,7,32,80
2,77,6,2.8,11.586587037638283,0.0,7,32,80
2,77,7,3.0,11.590579684892084,0.0,7,32,80
2,77,8,2.8,11.22198680370772,0.0,7,32,80
2,77,9,2.8,12.219581317707243,0.0,7,32,80
2,77,10,2.8,14.258803074890572,0.0,7,32,80
2,77,11,2.8,8.778084807706424,0.0,7,32,80
2,77,12,2.8,10.854788331926828,0.0,7,32,80
2,77,13,2.8,11.726538454524913,0.0,7,32,80
2,77,14,2.8,10.496434418036523,0.0,7,32,80
2,77,15,2.8,9.604030109555838,0.0,7,32,80
2,77,16,3.0,11.911406254818088,0.0,7,32,80
2,77,17,2.8,9.448547457542498,0.0,7,32,80
2,77,18,2.8,10.476328014397758,0.0,7,32,80
2,77,19,3.0,12.75992717147589,0.0,7,32,80
2,77,20,2.8,9.189598761962221,0.0,7,32,80
2,77,21,2.8,8.88692050518486,0.0,7,32,80
2,77,22,2.4,11.279528951742977,0.0,6,32,80
3,77,1,2.8,9.734909519061137,0.0,7,32,80
3,77,2,2.8,9.919865971276495,0.0,7,32,80
3,77,3,2.8,10.440436237797947,0.0,7,32,80
3,77,4,2.8,11.484467022131502,0.0,7,32,80
3,77,5,2.8,9.2072644318341,0.0,7,32,80
3,77,6,2.8,9.442324263360659,0.0,7,32,80
3,77,7,2.8,8.68553040781478,0.0,7,32,80
3,77,8,2.8,11.304572196259663,0.0,7,32,80
3,77,9,2.8,11.57920004385025,0.0,7,32,80
3,77,10,2.8,12.341429493558039,0.0,7,32,80
3,77,11,2.8,10.45453020211397,0.0,7,32,80
3,77,12,3.6,8.831261170825801,0.125,7,32,80
3,77,13,2.8,9.75116455072741,0.0,7,32,80
3,77,14,2.8,8.920792339376879,0.0,7,32,80
3,77,15,2.8,11.615582762059667,0.0,7,32,80
3,77,16,2.8,9.727980717293761,0.0,7,32,80
3,77,17,2.8,11.705958228565455,0.0,7,32,80
3,77,18,2.8,13.503664388663298,0.0,7,32,80
3,77,19,2.8,12.609613546685098,0.0,7,32,80
3,77,20,2.8,10.745319261323168,0.0,7,32,80
3,77,21,2.8,8.912674777418557,0.0,7,32,80
3,77,22,2.8,10.869959711722752,0.0,7,32,80
1,78,1,4.0,9.433887820022324,0.0,7,32,80
1,78,2,3.4,11.433332831504261,0.0,7,32,80
1,78,3,3.0,9.793409829560458,0.0,7,32,80
1,78,4,3.2,8.246175342329177,0.0,7,32,80
1,78,5,2.8,10.812905026525533,0.0,7,32,80
1,78,6,2.8,11.24302317265112,0.0,7,32,80
1,78,7,2.8,11.122181235724659,0.0,7,32,80
1,78,8,2.8,9.54955422861098,0.0,7,32,80
1,78,9,2.8,11.461509984019065,0.0,7,32,80
1,78,10,2.8,12.038348828718554,0.0,7,32,80
1,78,11,2.8,13.505585414472074,0.0,7,32,80
1,78,12,2.8,11.297124032169084,0.0,7,32,80
1,78,13,2.8,11.301029941590434,0.0,7,32,80
1,78,14,2.8,10.71819632877532,0.0,7,32,80
1,78,15,2.8,15.299484201171332,0.0,7,32,80
1,78,16,2.8,10.862046028120947,0.0,7,32,80
1,78,17,2.8,9.480349365053346,0.0,7,32,80
1,78,18,2.8,10.53695338815096,0.0,7,32,80
1,78,19,3.2,9.115703209311208,0.0,7,32,80
1,78,20,2.8,10.518189973652657,0.0,7,32,80
1,78,21,3.0,8.408853202142653,0.0,7,32,80
2,78,1,2.8,16.167440325201564,0.0,7,32,80
2,78,2,3.2,9.660786706524046,0.0,7,32,80
2,78,3,3.2,9.2793968543001,0.0,7,32,80
2,78,4,3.4,8.068946917524235,0.0,7,32,80
2,78,5,2.8,10.833883024257355,0.0,7,32,80
2,78,6,2.8,10.625130689814059,0.0,7,32,80
2,78,7,3.0,9.596976512613043,0.0,7,32,80
2,78,8,2.8,11.996079440472199,0.0,7,32,80
2,78,9,2.8,10.35339652433387,0.0,7,32,80
2,78,10,2.8,10.410647728640111,0.0,7,32,80
2,78,11,2.8,9.825649506071144,0.0,7,32,80
2,78,12,2.8,11.662898631392583,0.0,7,32,80
2,78,13,2.8,13.898102961442932,0.0,7,32,80
2,78,14,2.8,9.364410577393457,0.0,7,32,80
2,78,15,2.8,8.46673818571948,0.0,7,32,80
2,78,16,2.8,10.120672966999287,0.0,7,32,80
2,78,17,2.8,10.812709011533853,0.0,7,32,80
2,78,18,2.8,11.007604661817842,0.0,7,32,80
2,78,19,2.8,12.04930022334429,0.0,7,32,80
2,78,20,2.8,8.876563520895852,0.0,7,32,80
2,78,21,2.8,8.621475136848602,0.0,7,32,80
2,78,22,2.0,20.8119819483873,0.0,4,32,80
3,78,1,2.8,9.138539800255149,0.0,7,32,80
3,78,2,2.8,11.377708819594574,0.0,7,32,80
3,78,3,2.8,10.584987531593551,0.0,7,32,80
3,78,4,2.8,9.3154645474943,0.0,7,32,80
3,78,5,2.8,8.586787594448612,0.0,7,32,80
3,78,6,2.8,9.635712065149388,0.0,7,32,80
3,78,7,2.8,11.036465331106948,0.0,7,32,80
3,78,8,2.8,10.454360128938598,0.0,7,32,80
3,78,9,2.8,12.870651074429242,0.0,7,32,80
3,78,10,2.8,11.908883764735599,0.0,7,32,80
3,78,11,2.8,9.880311821944403,0.0,7,32,80
3,78,12,2.8,12.211035524636996,0.0,7,32,80
3,78,13,2.8,8.616916390911147,0.0,7,32,80
3,78,14,2.8,10.373774806924121,0.0,7,32,80
3,78,15,2.8,11.723227809008089,0.0,7,32,80
3,78,16,2.8,10.486680208497665,0.0,7,32,80
3,78,17,2.8,13.060708173143956,0.0,7,32,80
3,78,18,2.8,10.147409168716466,0.0,7,32,80
3,78,19,2.8,10.394361433860041,0.0,7,32,80
3,78,20,2.8,12.160825476273805,0.0,7,32,80
3,78,21,2.8,8.167874287808194,0.0,7,32,80
3,78,22,2.8,11.025671203558113,0.0,7,32,80
1,79,1,4.2,8.494628907220683,0.0,7,32,80
1,79,2,3.2,9.5283842626657,0.0,7,32,80
1,79,3,3.0,10.208163697975285,0.0,7,32,80
1,79,4,3.2,8.943794005642719,0.0,7,32,80
1,79,5,2.8,10.474590361920022,0.0,7,32,80
1,79,6,2.8,9.49011673202197,0.0,7,32,80
1,79,7,2.8,11.225777786284988,0.0,7,32,80
1,79,8,2.8,10.608697188645037,0.0,7,32,80
1,79,9,2.8,14.528877014679404,0.0,7,32,80
1,79,10,2.8,10.90546982119082,0.0,7,32,80
1,79,11,2.8,14.172625449218817,0.0,7,32,80
1,79,12,2.8,12.287670345667095,0.0,7,32,80
1,79,13,2.8,13.179475571259674,0.0,7,32,80
1,79,14,2.8,11.583523981365252,0.0,7,32,80
1,79,15,2.8,14.847139298622286,0.0,7,32,80
1,79,16,2.8,10.080706248182127,0.0,7,32,80
1,79,17,2.8,9.247571905830853,0.0,7,32,80
1,79,18,2.8,12.583200087027912,0.0,7,32,80
1,79,19,3.0,9.313833510372755,0.0,7,32,80
1,79,20,2.8,9.83568424241475,0.0,7,32,80
1,79,21,2.8,10.278245076205163,0.0,7,32,80
2,79,1,2.8,13.03247606008092,0.0,7,32,80
2,79,2,2.8,9.91846602190027,0.0,7,32,80
2,79,3,3.2,10.942663730057657,0.0,7,32,80
2,79,4,3.2,9.48451491071788,0.0,7,32,80
2,79,5,2.8,10.336273832885343,0.0,7,32,80
2,79,6,2.8,9.162593683461806,0.0,7,32,80
2,79,7,3.0,11.721518507294126,0.0,7,32,80
2,79,8,2.8,9.94366189273526,0.0,7,32,80
2,79,9,2.8,10.714832638847737,0.0,7,32,80
2,79,10,2.8,11.73980260804274,0.0,7,32,80
2,79,11,2.8,8.899994730589578,0.0,7,32,80
2,79,12,2.8,12.409876085103026,0.0,7,32,80
2,79,13,2.8,13.10808939121529,0.0,7,32,80
2,79,14,2.8,9.594275238639726,0.0,7,32,80
2,79,15,2.8,11.073139813942324,0.0,7,32,80
2,79,16,3.0,10.524597519434266,0.0,7,32,80
2,79,17,2.8,12.313406547014976,0.0,7,32,80
2,79,18,2.8,11.306350160646677,0.0,7,32,80
2,79,19,3.0,10.578936412428197,0.0,7,32,80
2,79,20,2.8,8.46654427200616,0.0,7,32,80
2,79,21,3.0,8.12557157392334,0.0,7,32,80
2,79,22,2.0,17.530987407369345,0.0,4,32,80
3,79,1,2.8,9.420042567588117,0.0,7,32,80
3,79,2,2.8,11.377708819594377,0.0,7,32,80
3,79,3,2.8,12.115664104343416,0.0,7,32,80
3,79,4,2.8,10.116719185102236,0.0,7,32,80
3,79,5,2.8,9.78154719023992,0.0,7,32,80
3,79,6,2.8,10.301098938716077,0.0,7,32,80
3,79,7,2.8,9.194773302646807,0.0,7,32,80
3,79,8,2.8,12.532242627060041,0.0,7,32,80
3,79,9,2.8,11.406440643178987,0.0,7,32,80
3,79,10,2.8,12.49267946942468,0.0,7,32,80
3,79,11,2.8,11.03950736089463,0.0,7,32,80
3,79,12,2.8,11.674921344906052,0.0,7,32,80
3,79,13,2.8,10.146507030896256,0.0,7,32,80
3,79,14,2.8,10.498421819608643,0.0,7,32,80
3,79,15,2.8,13.189545325347073,0.0,7,32,80
3,79,16,2.8,11.916973261635487,0.0,7,32,80
3,79,17,2.8,14.247256931145253,0.0,7,32,80
3,79,18,3.0,9.709868342653518,0.0,7,32,80
3,79,19,2.8,15.519634625167694,0.0,7,32,80
3,79,20,2.8,10.320651913459573,0.0,7,32,80
3,79,21,2.8,8.704338753923299,0.0,7,32,80
3,79,22,2.8,10.009321666161417,0.0,7,32,80
1,80,1,4.0,9.508315274791471,0.0,7,32,80
1,80,2,3.4,11.076079160175366,0.0,7,32,80
1,80,3,2.8,13.172077655444868,0.0,7,32,80
1,80,4,3.0,9.631907658363158,0.0,7,32,80
1,80,5,2.8,14.123684616433314,0.0,7,32,80
1,80,6,2.8,10.24955199224251,0.0,7,32,80
1,80,7,2.8,9.620506708005943,0.0,7,32,80
1,80,8,2.8,9.992500150081192,0.0,7,32,80
1,80,9,2.8,13.58531158791504,0.0,7,32,80
1,80,10,2.8,10.314868199110428,0.0,7,32,80
1,80,11,2.8,12.813155599541656,0.0,7,32,80
1,80,12,2.8,11.395272311384371,0.0,7,32,80
1,80,13,2.8,11.77172801542601,0.0,7,32,80
1,80,14,2.8,13.033623969479793,0.0,7,32,80
1,80,15,2.8,15.917365246026407,0.0,7,32,80
1,80,16,2.8,9.783927771749351,0.0,7,32,80
1,80,17,2.8,9.571730133297624,0.0,7,32,80
1,80,18,2.8,9.728232787556287,0.0,7,32,80
1,80,19,2.8,11.082831999359689,0.0,7,32,80
1,80,20,2.8,11.559963901228233,0.0,7,32,80
1,80,21,2.8,10.1080554791524,0.0,7,32,80
1,80,22,2.2,10.664320079883025,0.0,5,32,80
2,80,1,2.8,13.765792039842077,0.0,7,32,80
2,80,2,3.0,9.624820092444606,0.0,7,32,80
2,80,3,3.6,10.032737703463404,0.125,7,32,80
2,80,4,2.8,10.360479494181597,0.0,7,32,80
2,80,5,2.8,9.29194638856655,0.0,7,32,80
2,80,6,2.8,10.239731153366181,0.0,7,32,80
2,80,7,2.8,12.3679044796492,0.0,7,32,80
2,80,8,2.8,11.241268400295452,0.0,7,32,80
2,80,9,2.8,10.80951841466639,0.0,7,32,80
2,80,10,2.8,12.20848155091555,0.0,7,32,80
2,80,11,2.8,8.623911689001666,0.0,7,32,80
2,80,12,2.8,12.666892299745042,0.0,7,32,80
2,80,13,2.8,12.441475598642231,0.0,7,32,80
2,80,14,2.8,10.873563222286117,0.0,7,32,80
2,80,15,2.8,9.110342521031104,0.0,7,32,80
2,80,16,2.8,17.410302036328,0.0,7,32,80
2,80,17,2.8,10.705084294758201,0.0,7,32,80
2,80,18,2.8,10.863796678432646,0.0,7,32,80
2,80,19,2.8,13.386061103969581,0.0,7,32,80
2,80,20,3.0,7.545123691576608,0.0,7,32,80
2,80,21,2.8,8.862740127909005,0.0,7,32,80
2,80,22,2.0,13.998917358779924,0.0,5,32,80
3,80,1,2.8,8.951293333110238,0.0,7,32,80
3,80,2,2.8,10.516878879105413,0.0,7,32,80
3,80,3,2.8,10.213778049104288,0.0,7,32,80
3,80,4,2.8,9.855876927966198,0.0,7,32,80
3,80,5,2.8,8.684326947918994,0.0,7,32,80
3,80,6,2.8,8.880228991356539,0.0,7,32,80
3,80,7,2.8,9.524091257934716,0.0,7,32,80
3,80,8,2.8,13.237471664376294,0.0,7,32,80
3,80,9,2.8,12.034894603594976,0.0,7,32,80
3,80,10,2.8,11.169441242729508,0.0,7,32,80
3,80,11,2.8,11.180774984873041,0.0,7,32,80
3,80,12,3.0,10.779583077975934,0.0,7,32,80
3,80,13,2.8,10.213795716211456,0.0,7,32,80
3,80,14,3.0,8.980806594327731,0.0,7,32,80
3,80,15,2.8,11.086712405130772,0.0,7,32,80
3,80,16,2.8,10.540646583650648,0.0,7,32,80
3,80,17,2.8,16.9231517410684,0.0,7,32,80
3,80,18,2.8,11.223234362248007,0.0,7,32,80
3,80,19,2.8,12.816149546694101,0.0,7,32,80
3,80,20,2.8,10.846483380946157,0.0,7,32,80
3,80,21,2.8,8.14302103079766,0.0,7,32,80
3,80,22,2.8,9.779254491691592,0.0,7,32,80
1,81,1,4.0,9.119788471490146,0.0,7,32,80
1,81,2,2.8,11.835056997140915,0.0,7,32,80
1,81,3,2.8,12.175199477949873,0.0,7,32,80
1,81,4,3.2,7.830752850950978,0.0,7,32,80
1,81,5,2.8,11.681926720650905,0.0,7,32,80
1,81,6,2.8,11.909355049265415,0.0,7,32,80
1,81,7,2.8,9.432900020702172,0.0,7,32,80
1,81,8,2.8,9.488984662672193,0.0,7,32,80
1,81,9,2.8,13.038047803193804,0.0,7,32,80
1,81,10,2.8,10.835926573648525,0.0,7,32,80
1,81,11,2.8,17.21925073485694,0.0,7,32,80
1,81,12,2.8,12.995143225445837,0.0,7,32,80
1,81,13,2.8,10.780652565807229,0.0,7,32,80
1,81,14,2.8,13.827936630021716,0.0,7,32,80
1,81,15,2.8,12.980626913947457,0.0,7,32,80
1,81,16,2.8,10.472887089124235,0.0,7,32,80
1,81,17,2.8,13.043039264047088,0.0,7,32,80
1,81,18,2.8,9.60229007325605,0.0,7,32,80
1,81,19,3.0,9.702407290178526,0.0,7,32,80
1,81,20,2.8,12.446152229839761,0.0,7,32,80
1,81,21,2.8,10.822619662124474,0.0,7,32,80
1,81,22,2.4,11.001834676169842,0.0,5,32,80
2,81,1,2.8,12.867959031939394,0.0,7,32,80
2,81,2,2.8,10.048834680904706,0.0,7,32,80
2,81,3,3.8,8.832843807118474,0.125,7,32,80
2,81,4,2.8,10.630596386200372,0.0,7,32,80
2,81,5,2.8,8.709726685082428,0.0,7,32,80
2,81,6,2.8,10.256903427814196,0.0,7,32,80
2,81,7,2.8,14.579003703209866,0.0,7,32,80
2,81,8,2.8,10.635300292163697,0.0,7,32,80
2,81,9,2.8,11.372294282701546,0.0,7,32,80
2,81,10,2.8,14.257580772308332,0.0,7,32,80
2,81,11,2.8,9.23599244821776,0.0,7,32,80
2,81,12,2.8,12.853231160610019,0.0,7,32,80
2,81,13,2.8,13.513560794253362,0.0,7,32,80
2,81,14,2.8,10.428592120122403,0.0,7,32,80
2,81,15,2.8,9.462724685396884,0.0,7,32,80
2,81,16,2.8,11.134537156201668,0.0,7,32,80
2,81,17,2.8,11.75434046925249,0.0,7,32,80
2,81,18,2.8,12.063782622466233,0.0,7,32,80
2,81,19,3.0,10.583142218887437,0.0,7,32,80
2,81,20,2.8,8.062419417453237,0.0,7,32,80
2,81,21,2.8,8.698870957218146,0.0,7,32,80
2,81,22,2.0,15.294139373065066,0.0,5,32,80
3,81,1,2.8,9.291249497123385,0.0,7,32,80
3,81,2,2.8,12.544523808548492,0.0,7,32,80
3,81,3,2.8,10.494177928293256,0.0,7,32,80
3,81,4,2.8,9.386950722448708,0.0,7,32,80
3,81,5,2.8,10.450059336193464,0.0,7,32,80
3,81,6,2.8,9.270576962552258,0.0,7,32,80
3,81,7,2.8,9.126173517999995,0.0,7,32,80
3,81,8,2.8,10.401024449922174,0.0,7,32,80
3,81,9,2.8,12.736637647025734,0.0,7,32,80
3,81,10,2.8,9.839697609534927,0.0,7,32,80
3,81,11,2.8,11.140045224324256,0.0,7,32,80
3,81,12,2.8,10.846720969881822,0.0,7,32,80
3,81,13,2.8,8.777683856824874,0.0,7,32,80
3,81,14,2.8,9.053206967717292,0.0,7,32,80
3,81,15,2.8,13.161163057488778,0.0,7,32,80
3,81,16,2.8,10.379896427369074,0.0,7,32,80
3,81,17,2.8,13.316641560847424,0.0,7,32,80
3,81,18,3.0,10.06127672443528,0.0,7,32,80
3,81,19,2.8,13.588688866116245,0.0,7,32,80
3,81,20,2.8,11.614135609535278,0.0,7,32,80
3,81,21,2.8,9.606692004683408,0.0,7,32,80
3,81,22,2.8,10.843367008622534,0.0,7,32,80
1,82,1,4.2,8.830733008263934,0.0,7,32,80
1,82,2,3.4,9.507520002068816,0.0,7,32,80
1,82,3,2.8,11.88737492465152,0.0,7,32,80
1,82,4,3.2,8.291560906005724,0.0,7,32,80
1,82,5,2.8,9.857732025375912,0.0,7,32,80
1,82,6,2.8,10.819123237455278,0.0,7,32,80
1,82,7,2.8,11.040670597509672,0.0,7,32,80
1,82,8,2.8,10.975828869960322,0.0,7,32,80
1,82,9,2.8,13.548878258105653,0.0,7,32,80
1,82,10,2.8,12.014347460861051,0.0,7,32,80
1,82,11,2.8,13.597006602137657,0.0,7,32,80
1,82,12,2.8,13.088322105797767,0.0,7,32,80
1,82,13,2.8,12.217525017182727,0.0,7,32,80
1,82,14,2.8,10.512517306688547,0.0,7,32,80
1,82,15,2.8,15.576311123680302,0.0,7,32,80
1,82,16,2.8,9.722875825393876,0.0,7,32,80
1,82,17,2.8,9.191152751262269,0.0,7,32,80
1,82,18,2.8,10.68644163406067,0.0,7,32,80
1,82,19,2.8,10.871879676292226,0.0,7,32,80
1,82,20,2.8,10.165599195167598,0.0,7,32,80
1,82,21,2.8,11.276037003633354,0.0,7,32,80
2,82,1,3.0,14.316985400848692,0.0,7,32,80
2,82,2,3.0,9.659181624391614,0.0,7,32,80
2,82,3,3.2,9.910945995283111,0.0,7,32,80
2,82,4,3.0,9.782566360595798,0.0,7,32,80
2,82,5,2.8,9.877177149442847,0.0,7,32,80
2,82,6,2.8,11.054032125284197,0.0,7,32,80
2,82,7,2.8,13.852557451754574,0.0,7,32,80
2,82,8,2.8,9.393848396025717,0.0,7,32,80
2,82,9,2.8,10.013152454979881,0.0,7,32,80
2,82,10,2.8,12.742631344282163,0.0,7,32,80
2,82,11,2.8,9.377603926037628,0.0,7,32,80
2,82,12,2.8,13.24285449729477,0.0,7,32,80
2,82,13,2.8,13.543485041344713,0.0,7,32,80
2,82,14,2.8,11.295270216094531,0.0,7,32,80
2,82,15,2.8,10.187789803356042,0.0,7,32,80
2,82,16,2.8,13.172977713853312,0.0,7,32,80
2,82,17,2.8,9.37583063713148,0.0,7,32,80
2,82,18,2.8,12.559232349855485,0.0,7,32,80
2,82,19,3.0,9.5577607234884,0.0,7,32,80
2,82,20,2.8,9.855229144766247,0.0,7,32,80
2,82,21,2.8,8.966687384281625,0.0,7,32,80
2,82,22,2.0,14.394273459564582,0.0,5,32,80
3,82,1,2.8,9.797285974986112,0.0,7,32,80
3,82,2,2.8,12.050211040146937,0.0,7,32,80
3,82,3,2.8,12.77355736101017,0.0,7,32,80
3,82,4,2.8,9.245058947113755,0.0,7,32,80
3,82,5,2.8,11.299543593430869,0.0,7,32,80
3,82,6,2.8,9.341373251556101,0.0,7,32,80
3,82,7,2.8,9.126173518000057,0.0,7,32,80
3,82,8,2.8,12.688235325033503,0.0,7,32,80
3,82,9,2.8,11.535521436470967,0.0,7,32,80
3,82,10,2.8,10.516456838731228,0.0,7,32,80
3,82,11,2.8,10.075632037914167,0.0,7,32,80
3,82,12,3.0,12.731831597684055,0.0,7,32,80
3,82,13,2.8,10.213795716211456,0.0,7,32,80
3,82,14,2.8,9.670051981963557,0.0,7,32,80
3,82,15,2.8,13.795497731270332,0.0,7,32,80
3,82,16,2.8,9.986484464059364,0.0,7,32,80
3,82,17,2.8,13.099182876506395,0.0,7,32,80
3,82,18,2.8,9.616967019463825,0.0,7,32,80
3,82,19,2.8,12.303874710320716,0.0,7,32,80
3,82,20,2.8,11.570193539498616,0.0,7,32,80
3,82,21,2.8,8.804582558585428,0.0,7,32,80
3,82,22,2.8,10.490007677397656,0.0,7,32,80
1,83,1,4.0,9.28847456839272,0.0,7,32,80
1,83,2,3.0,9.871112356804002,0.0,7,32,80
1,83,3,2.8,16.26435122917135,0.0,7,32,80
1,83,4,3.0,7.679718066272776,0.0,7,32,80
1,83,5,3.0,11.318045538604443,0.0,7,32,80
1,83,6,2.8,9.674606423245937,0.0,7,32,80
1,83,7,2.8,10.419653211628585,0.0,7,32,80
1,83,8,2.8,9.263729183102807,0.0,7,32,80
1,83,9,2.8,11.263453580646008,0.0,7,32,80
1,83,10,2.8,10.768193609698262,0.0,7,32,80
1,83,11,2.8,14.028604918647812,0.0,7,32,80
1,83,12,2.8,15.293584508049003,0.0,7,32,80
1,83,13,2.8,10.267435339465685,0.0,7,32,80
1,83,14,2.8,13.328983555346305,0.0,7,32,80
1,83,15,2.8,12.040842742693918,0.0,7,32,80
1,83,16,2.8,11.499541140659378,0.0,7,32,80
1,83,17,2.8,10.700160715839663,0.0,7,32,80
1,83,18,2.8,10.030969583347611,0.0,7,32,80
1,83,19,2.8,9.766669186972567,0.0,7,32,80
1,83,20,2.8,10.159058558674213,0.0,7,32,80
1,83,21,2.8,11.04073794257973,0.0,7,32,80
1,83,22,2.4,10.047912019642864,0.0,6,32,80
2,83,1,2.8,13.734878479524992,0.0,7,32,80
2,83,2,2.8,9.314272008415534,0.0,7,32,80
2,83,3,3.6,9.35823314567939,0.125,7,32,80
2,83,4,2.8,9.813705324760623,0.0,7,32,80
2,83,5,2.8,11.085665329746607,0.0,7,32,80
2,83,6,2.8,9.60883939601974,0.0,7,32,80
2,83,7,3.0,12.827816516033627,0.0,7,32,80
2,83,8,2.8,10.435688339748543,0.0,7,32,80
2,83,9,2.8,11.8803705535759,0.0,7,32,80
2,83,10,2.8,13.502169208708347,0.0,7,32,80
2,83,11,2.8,9.598355066739877,0.0,7,32,80
2,83,12,2.8,12.962192839875332,0.0,7,32,80
2,83,13,2.8,11.25132503464663,0.0,7,32,80
2,83,14,2.8,10.536385373275131,0.0,7,32,80
2,83,15,2.8,8.795894435016836,0.0,7,32,80
2,83,16,2.8,13.004917157276811,0.0,7,32,80
2,83,17,2.8,11.467826544487489,0.0,7,32,80
2,83,18,2.8,12.958374773709647,0.0,7,32,80
2,83,19,3.0,10.077449987713019,0.0,7,32,80
2,83,20,2.8,9.134040716364634,0.0,7,32,80
2,83,21,2.8,8.888500344152998,0.0,7,32,80
2,83,22,2.0,14.193842875168103,0.0,5,32,80
3,83,1,2.8,9.956781223484631,0.0,7,32,80
3,83,2,2.8,11.955986708019113,0.0,7,32,80
3,83,3,2.8,9.649758809121389,0.0,7,32,80
3,83,4,2.8,9.777100127318533,0.0,7,32,80
3,83,5,2.8,11.175661540738089,0.0,7,32,80
3,83,6,2.8,10.266516178776085,0.0,7,32,80
3,83,7,2.8,9.877875032839507,0.0,7,32,80
3,83,8,2.8,14.026804434439933,0.0,7,32,80
3,83,9,2.8,12.058622705467654,0.0,7,32,80
3,83,10,2.8,10.775858259033596,0.0,7,32,80
3,83,11,2.8,11.201251755508148,0.0,7,32,80
3,83,12,3.0,10.501940681777906,0.0,7,32,80
3,83,13,2.8,9.470469365190898,0.0,7,32,80
3,83,14,2.8,9.534381045476641,0.0,7,32,80
3,83,15,2.8,13.25724509614748,0.0,7,32,80
3,83,16,2.8,10.702998941482614,0.0,7,32,80
3,83,17,2.8,13.654840714333872,0.0,7,32,80
3,83,18,2.8,11.2228145384195,0.0,7,32,80
3,83,19,2.8,13.12221461726852,0.0,7,32,80
3,83,20,2.8,10.75626703593933,0.0,7,32,80
3,83,21,2.8,8.77930576739842,0.0,7,32,80
3,83,22,2.8,10.901348399833694,0.0,7,32,80
1,84,1,4.2,8.728405933491514,0.0,7,32,80
1,84,2,3.0,11.994799804334084,0.0,7,32,80
1,84,3,2.8,15.692654172943438,0.0,7,32,80
1,84,4,3.2,7.1132433654381195,0.0,7,32,80
1,84,5,2.8,11.61842859970401,0.0,7,32,80
1,84,6,2.8,9.831496990342856,0.0,7,32,80
1,84,7,2.8,9.666805650410414,0.0,7,32,80
1,84,8,2.8,9.959470096893558,0.0,7,32,80
1,84,9,2.8,14.74909424419589,0.0,7,32,80
1,84,10,2.8,11.280303935855134,0.0,7,32,80
1,84,11,2.8,16.81838378023342,0.0,7,32,80
1,84,12,2.8,16.163447213485398,0.0,7,32,80
1,84,13,2.8,9.536260124925594,0.0,7,32,80
1,84,14,2.8,13.380921206671154,0.0,7,32,80
1,84,15,2.8,15.750944806448562,0.0,7,32,80
1,84,16,2.8,11.058739653210477,0.0,7,32,80
1,84,17,2.8,11.168304203747942,0.0,7,32,80
1,84,18,2.8,10.171591781150628,0.0,7,32,80
1,84,19,2.8,10.863063900492428,0.0,7,32,80
1,84,20,2.8,11.15343845432434,0.0,7,32,80
1,84,21,2.8,10.074258368061122,0.0,7,32,80
1,84,22,2.2,12.55254009302632,0.0,5,32,80
2,84,1,3.2,13.543873519159499,0.0,7,32,80
2,84,2,2.8,9.804502725494682,0.0,7,32,80
2,84,3,3.2,11.261337876703362,0.0,7,32,80
2,84,4,3.0,9.363232768870116,0.0,7,32,80
2,84,5,2.8,9.291946388566583,0.0,7,32,80
2,84,6,2.8,9.765589596840615,0.0,7,32,80
2,84,7,3.0,10.708057142223993,0.0,7,32,80
2,84,8,2.8,10.761274091423816,0.0,7,32,80
2,84,9,2.8,11.491765971326146,0.0,7,32,80
2,84,10,2.8,11.319939752239122,0.0,7,32,80
2,84,11,2.8,9.814806757996775,0.0,7,32,80
2,84,12,2.8,11.716694062925889,0.0,7,32,80
2,84,13,2.8,11.215948148431929,0.0,7,32,80
2,84,14,2.8,11.261153082812967,0.0,7,32,80
2,84,15,2.8,10.257801861557315,0.0,7,32,80
2,84,16,2.8,12.792302857051078,0.0,7,32,80
2,84,17,2.8,12.215038050381397,0.0,7,32,80
2,84,18,2.8,11.695518421872846,0.0,7,32,80
2,84,19,3.0,11.157924572323706,0.0,7,32,80
2,84,20,2.8,9.922531381616341,0.0,7,32,80
2,84,21,3.0,7.461411569342145,0.0,7,32,80
2,84,22,2.0,18.38744141332003,0.0,4,32,80
3,84,1,2.8,9.65804706594536,0.0,7,32,80
3,84,2,2.8,11.527823502634321,0.0,7,32,80
3,84,3,2.8,10.07912315125283,0.0,7,32,80
3,84,4,2.8,10.100012718152552,0.0,7,32,80
3,84,5,2.8,8.610966442868069,0.0,7,32,80
3,84,6,2.8,9.442324263360725,0.0,7,32,80
3,84,7,2.8,9.598828104059717,0.0,7,32,80
3,84,8,2.8,12.03887822384127,0.0,7,32,80
3,84,9,2.8,13.091038908777296,0.0,7,32,80
3,84,10,2.8,9.653333066455161,0.0,7,32,80
3,84,11,2.8,10.824587411146018,0.0,7,32,80
3,84,12,2.8,11.371039218683855,0.0,7,32,80
3,84,13,2.8,9.50031524397943,0.0,7,32,80
3,84,14,2.8,9.683916137656324,0.0,7,32,80
3,84,15,2.8,11.524420741535678,0.0,7,32,80
3,84,16,2.8,13.924710420630603,0.0,7,32,80
3,84,17,2.8,12.681575703369958,0.0,7,32,80
3,84,18,3.0,10.385895506276423,0.0,7,32,80
3,84,19,2.8,11.89700852760201,0.0,7,32,80
3,84,20,2.8,10.718566175273342,0.0,7,32,80
3,84,21,2.8,8.4168507980803,0.0,7,32,80
3,84,22,2.8,10.729235076761741,0.0,7,32,80
1,85,1,4.0,9.553538127155804,0.0,7,32,80
1,85,2,3.0,12.541918010000652,0.0,7,32,80
1,85,3,2.8,15.591062534236194,0.0,7,32,80
1,85,4,3.0,7.76882510531872,0.0,7,32,80
1,85,5,2.8,14.019171248305847,0.0,7,32,80
1,85,6,2.8,11.036860598619123,0.0,7,32,80
1,85,7,2.8,8.73551471989268,0.0,7,32,80
1,85,8,2.8,10.47904479778062,0.0,7,32,80
1,85,9,2.8,14.040535528241515,0.0,7,32,80
1,85,10,2.8,10.994081925001337,0.0,7,32,80
1,85,11,2.8,13.016337852933331,0.0,7,32,80
1,85,12,2.8,14.600983054570326,0.0,7,32,80
1,85,13,2.8,9.46050399983516,0.0,7,32,80
1,85,14,2.8,13.827936630021716,0.0,7,32,80
1,85,15,2.8,12.094812758587889,0.0,7,32,80
1,85,16,2.8,11.028739077123594,0.0,7,32,80
1,85,17,2.8,13.214654061644127,0.0,7,32,80
1,85,18,2.8,9.541473890018692,0.0,7,32,80
1,85,19,2.8,9.418339455050393,0.0,7,32,80
1,85,20,3.0,9.823412476493239,0.0,7,32,80
1,85,21,2.8,10.650467508723898,0.0,7,32,80
1,85,22,2.4,12.431736954563577,0.0,6,32,80
2,85,1,2.8,12.499776686942107,0.0,7,32,80
2,85,2,2.8,10.065372130649475,0.0,7,32,80
2,85,3,3.6,8.934447487490216,0.125,7,32,80
2,85,4,2.8,9.263729496515587,0.0,7,32,80
2,85,5,2.8,11.524316439963917,0.0,7,32,80
2,85,6,2.8,9.533947180155725,0.0,7,32,80
2,85,7,3.0,13.750708316428613,0.0,7,32,80
2,85,8,2.8,9.927521645181509,0.0,7,32,80
2,85,9,2.8,10.566738006303453,0.0,7,32,80
2,85,10,2.8,11.899691218027684,0.0,7,32,80
2,85,11,2.8,9.363247663337816,0.0,7,32,80
2,85,12,2.8,12.772704546402307,0.0,7,32,80
2,85,13,2.8,13.080056234458716,0.0,7,32,80
2,85,14,2.8,9.905032343636613,0.0,7,32,80
2,85,15,2.8,9.939444278590399,0.0,7,32,80
2,85,16,3.0,9.690804361510486,0.0,7,32,80
2,85,17,2.8,12.856981624664561,0.0,7,32,80
2,85,18,2.8,11.369402956027763,0.0,7,32,80
2,85,19,2.8,10.096960958506656,0.0,7,32,80
2,85,20,2.8,8.869131520723549,0.0,7,32,80
2,85,21,2.8,9.540134514481501,0.0,7,32,80
2,85,22,2.0,14.741206595602701,0.0,5,32,80
3,85,1,2.8,9.152214758533088,0.0,7,32,80
3,85,2,2.8,10.445036644627745,0.0,7,32,80
3,85,3,2.8,12.163855719295128,0.0,7,32,80
3,85,4,2.8,8.947510570245186,0.0,7,32,80
3,85,5,2.8,9.78154719023992,0.0,7,32,80
3,85,6,2.8,9.774303096124477,0.0,7,32,80
3,85,7,2.8,10.328253025089898,0.0,7,32,80
3,85,8,2.8,11.2629371751615,0.0,7,32,80
3,85,9,2.8,13.615612975721664,0.0,7,32,80
3,85,10,2.8,10.516456838731228,0.0,7,32,80
3,85,11,2.8,10.490393423171588,0.0,7,32,80
3,85,12,2.8,12.536416578986962,0.0,7,32,80
3,85,13,2.8,10.387769575328303,0.0,7,32,80
3,85,14,2.8,9.903443305837312,0.0,7,32,80
3,85,15,2.8,11.146371707889704,0.0,7,32,80
3,85,16,2.8,9.973657342532677,0.0,7,32,80
3,85,17,2.8,11.915668217080784,0.0,7,32,80
3,85,18,2.8,12.19012359061688,0.0,7,32,80
3,85,19,2.8,11.618600779057179,0.0,7,32,80
3,85,20,2.8,10.127099223931049,0.0,7,32,80
3,85,21,2.8,8.496947852457758,0.0,7,32,80
3,85,22,2.8,10.181379548783173,0.0,7,32,80
1,86,1,4.0,10.131796715084317,0.0,7,32,80
1,86,2,3.0,13.288673154428492,0.0,7,32,80
1,86,3,2.8,11.532951197198878,0.0,7,32,80
1,86,4,3.0,8.191234508539065,0.0,7,32,80
1,86,5,2.8,12.104299101164083,0.0,7,32,80
1,86,6,2.8,10.231101380182947,0.0,7,32,80
1,86,7,2.8,9.769335523975634,0.0,7,32,80
1,86,8,2.8,8.926720315600486,0.0,7,32,80
1,86,9,2.8,13.535920329750448,0.0,7,32,80
1,86,10,2.8,11.01417654900657,0.0,7,32,80
1,86,11,2.8,14.080860578567428,0.0,7,32,80
1,86,12,2.8,15.62305307882939,0.0,7,32,80
1,86,13,2.8,10.704053723932862,0.0,7,32,80
1,86,14,2.8,13.27943446317834,0.0,7,32,80
1,86,15,2.8,12.600625944283376,0.0,7,32,80
1,86,16,2.8,9.544017864911098,0.0,7,32,80
1,86,17,2.8,12.501846666967047,0.0,7,32,80
1,86,18,2.8,9.262809994055221,0.0,7,32,80
1,86,19,2.8,10.080029033381177,0.0,7,32,80
1,86,20,2.8,13.973453609045897,0.0,7,32,80
1,86,21,3.0,9.034709044048906,0.0,7,32,80
1,86,22,2.4,11.26930429241497,0.0,5,32,80
2,86,1,3.0,13.03539816409731,0.0,7,32,80
2,86,2,3.2,9.506945213309898,0.0,7,32,80
2,86,3,3.8,7.525292698801227,0.125,7,32,80
2,86,4,2.8,10.371880989146035,0.0,7,32,80
2,86,5,2.8,11.4275113067789,0.0,7,32,80
2,86,6,2.8,9.474825122562809,0.0,7,32,80
2,86,7,3.0,10.622109153361226,0.0,7,32,80
2,86,8,2.8,11.739051721258871,0.0,7,32,80
2,86,9,2.8,12.394412021510421,0.0,7,32,80
2,86,10,2.8,11.55137430303918,0.0,7,32,80
2,86,11,2.8,11.076735923728691,0.0,7,32,80
2,86,12,2.8,13.036576851541751,0.0,7,32,80
2,86,13,2.8,12.01560302783642,0.0,7,32,80
2,86,14,2.8,12.245175130967242,0.0,7,32,80
2,86,15,2.8,8.342159230275122,0.0,7,32,80
2,86,16,2.8,11.857311188253435,0.0,7,32,80
2,86,17,2.8,10.143577181947055,0.0,7,32,80
2,86,18,2.8,11.742257416460808,0.0,7,32,80
2,86,19,2.8,9.694242316859878,0.0,7,32,80
2,86,20,2.8,9.15668558283123,0.0,7,32,80
2,86,21,3.0,8.48161045019794,0.0,7,32,80
3,86,1,2.8,9.01727971790565,0.0,7,32,80
3,86,2,2.8,10.75734750564021,0.0,7,32,80
3,86,3,2.8,11.12404376310583,0.0,7,32,80
3,86,4,2.8,10.930313342512022,0.0,7,32,80
3,86,5,2.8,11.404896189753963,0.0,7,32,80
3,86,6,2.8,9.774303096124477,0.0,7,32,80
3,86,7,2.8,9.690075318951905,0.0,7,32,80
3,86,8,2.8,9.646413950511317,0.0,7,32,80
3,86,9,2.8,12.25186984244932,0.0,7,32,80
3,86,10,2.8,12.049656967105577,0.0,7,32,80
3,86,11,2.8,10.581137257945981,0.0,7,32,80
3,86,12,2.8,11.122884895037817,0.0,7,32,80
3,86,13,2.8,9.214067289638498,0.0,7,32,80
3,86,14,2.8,9.372286419558073,0.0,7,32,80
3,86,15,2.8,10.642108200857635,0.0,7,32,80
3,86,16,2.8,11.666916986383491,0.0,7,32,80
3,86,17,2.8,13.735323909097435,0.0,7,32,80
3,86,18,3.0,10.492803390455489,0.0,7,32,80
3,86,19,2.8,12.766146320929352,0.0,7,32,80
3,86,20,2.8,12.440997834002856,0.0,7,32,80
3,86,21,2.8,9.174382328100032,0.0,7,32,80
3,86,22,2.8,10.295762604565441,0.0,7,32,80
1,87,1,4.2,8.330230224595436,0.0,7,32,80
1,87,2,2.8,13.857962224784824,0.0,7,32,80
1,87,3,3.0,12.592329061557196,0.0,7,32,80
1,87,4,3.0,7.663086197182647,0.0,7,32,80
1,87,5,3.0,10.771411512618247,0.0,7,32,80
1,87,6,2.8,10.23214833217061,0.0,7,32,80
1,87,7,2.8,9.71355237755495,0.0,7,32,80
1,87,8,2.8,9.241593441346346,0.0,7,32,80
1,87,9,2.8,12.384725450120982,0.0,7,32,80
1,87,10,2.8,11.764807748357317,0.0,7,32,80
1,87,11,2.8,13.235288953539435,0.0,7,32,80
1,87,12,2.8,12.327747562151993,0.0,7,32,80
1,87,13,2.8,10.481746987910471,0.0,7,32,80
1,87,14,2.8,12.92183007489517,0.0,7,32,80
1,87,15,2.8,15.54774979619281,0.0,7,32,80
1,87,16,2.8,11.371775484676842,0.0,7,32,80
1,87,17,2.8,12.11103257990893,0.0,7,32,80
1,87,18,2.8,9.728232787556323,0.0,7,32,80
1,87,19,3.0,9.812297394961425,0.0,7,32,80
1,87,20,2.8,11.095212094627314,0.0,7,32,80
1,87,21,2.8,11.15333017061998,0.0,7,32,80
1,87,22,2.0,13.704966941427337,0.0,5,32,80
2,87,1,2.8,13.890850487219652,0.0,7,32,80
2,87,2,2.8,10.661951827321522,0.0,7,32,80
2,87,3,3.8,9.136318599209051,0.125,7,32,80
2,87,4,2.8,10.43115931260539,0.0,7,32,80
2,87,5,2.8,9.208010680169519,0.0,7,32,80
2,87,6,2.8,10.668400168908596,0.0,7,32,80
2,87,7,3.0,10.46976272284897,0.0,7,32,80
2,87,8,2.8,11.235733843634442,0.0,7,32,80
2,87,9,2.8,12.350366906073894,0.0,7,32,80
2,87,10,2.8,10.087679787067108,0.0,7,32,80
2,87,11,2.8,9.321189829021035,0.0,7,32,80
2,87,12,2.8,10.863438265935144,0.0,7,32,80
2,87,13,2.8,11.754858345790222,0.0,7,32,80
2,87,14,2.8,9.846977283386355,0.0,7,32,80
2,87,15,2.8,9.493532605571566,0.0,7,32,80
2,87,16,3.0,9.685469745702962,0.0,7,32,80
2,87,17,2.8,10.759135800767782,0.0,7,32,80
2,87,18,2.8,12.391190397356665,0.0,7,32,80
2,87,19,2.8,12.626646437936046,0.0,7,32,80
2,87,20,2.8,8.695243410455378,0.0,7,32,80
2,87,21,3.0,8.55760018502018,0.0,7,32,80
2,87,22,2.0,17.9819858928055,0.0,4,32,80
3,87,1,2.8,9.719439311817016,0.0,7,32,80
3,87,2,2.8,10.050271676775782,0.0,7,32,80
3,87,3,2.8,10.964505548555614,0.0,7,32,80
3,87,4,2.8,10.356550482798006,0.0,7,32,80
3,87,5,2.8,9.193424596128663,0.0,7,32,80
3,87,6,2.8,10.549859348607,0.0,7,32,80
3,87,7,2.8,9.194773302646743,0.0,7,32,80
3,87,8,2.8,11.560993156349296,0.0,7,32,80
3,87,9,2.8,13.525283842927227,0.0,7,32,80
3,87,10,2.8,10.2177824277306,0.0,7,32,80
3,87,11,2.8,10.8630391240603,0.0,7,32,80
3,87,12,2.8,12.309339307231054,0.0,7,32,80
3,87,13,2.8,8.790299418855875,0.0,7,32,80
3,87,14,2.8,9.87147487938014,0.0,7,32,80
3,87,15,2.8,13.189545325347073,0.0,7,32,80
3,87,16,2.8,12.9516324861252,0.0,7,32,80
3,87,17,2.8,12.34871588674627,0.0,7,32,80
3,87,18,2.8,11.459257890979304,0.0,7,32,80
3,87,19,2.8,11.011949604913443,0.0,7,32,80
3,87,20,2.8,10.263047717720795,0.0,7,32,80
3,87,21,2.8,9.297811094037092,0.0,7,32,80
3,87,22,2.8,11.416712573408219,0.0,7,32,80
1,88,1,4.0,9.051297317695893,0.0,7,32,80
1,88,2,3.0,10.257574994786577,0.0,7,32,80
1,88,3,2.8,14.228932300786004,0.0,7,32,80
1,88,4,3.0,8.63738796873475,0.0,7,32,80
1,88,5,2.8,14.884890077027467,0.0,7,32,80
1,88,6,2.8,9.342807448337886,0.0,7,32,80
1,88,7,3.0,10.393342168410141,0.0,7,32,80
1,88,8,2.8,11.107947373075575,0.0,7,32,80
1,88,9,2.8,13.390961251008305,0.0,7,32,80
1,88,10,2.8,10.36087806851425,0.0,7,32,80
1,88,11,2.8,16.484694770256926,0.0,7,32,80
1,88,12,2.8,14.915052205117787,0.0,7,32,80
1,88,13,2.8,9.090308953900374,0.0,7,32,80
1,88,14,2.8,13.299566216014885,0.0,7,32,80
1,88,15,2.8,11.804963132492977,0.0,7,32,80
1,88,16,2.8,10.590124353299354,0.0,7,32,80
1,88,17,2.8,11.430863428287566,0.0,7,32,80
1,88,18,2.8,9.584256910258489,0.0,7,32,80
1,88,19,2.8,10.144840353041989,0.0,7,32,80
1,88,20,2.8,10.176214264405559,0.0,7,32,80
1,88,21,2.8,10.063517262024238,0.0,7,32,80
1,88,22,2.4,12.509156384798054,0.0,5,32,80
2,88,1,2.8,13.796845070482838,0.0,7,32,80
2,88,2,2.8,10.081964101754046,0.0,7,32,80
2,88,3,3.2,9.632836977951333,0.0,7,32,80
2,88,4,3.2,8.878699707745408,0.0,7,32,80
2,88,5,3.0,9.583373528944083,0.0,7,32,80
2,88,6,2.8,12.152199722861752,0.0,7,32,80
2,88,7,2.8,12.122760823382349,0.0,7,32,80
2,88,8,2.8,9.645702678162314,0.0,7,32,80
2,88,9,2.8,11.45751032059968,0.0,7,32,80
2,88,10,2.8,14.459828302661792,0.0,7,32,80
2,88,11,2.8,8.772342522883008,0.0,7,32,80
2,88,12,2.8,14.06511948330648,0.0,7,32,80
2,88,13,2.8,11.885396706645304,0.0,7,32,80
2,88,14,2.8,10.536385373275172,0.0,7,32,80
2,88,15,2.8,9.796164896572014,0.0,7,32,80
2,88,16,2.8,10.72452882234208,0.0,7,32,80
2,88,17,2.8,11.709333121274467,0.0,7,32,80
2,88,18,2.8,10.961145472256444,0.0,7,32,80
2,88,19,3.0,10.144308404286667,0.0,7,32,80
2,88,20,2.8,9.503036751774838,0.0,7,32,80
2,88,21,2.8,8.446588800337528,0.0,7,32,80
2,88,22,2.0,14.32683726228101,0.0,5,32,80
3,88,1,2.8,9.0573405989251,0.0,7,32,80
3,88,2,2.8,12.026515997959992,0.0,7,32,80
3,88,3,2.8,9.326046138276858,0.0,7,32,80
3,88,4,2.8,8.303679862226168,0.0,7,32,80
3,88,5,2.8,10.800687467163861,0.0,7,32,80
3,88,6,2.8,9.916939031612756,0.0,7,32,80
3,88,7,2.8,9.16721000327291,0.0,7,32,80
3,88,8,2.8,9.848341391643327,0.0,7,32,80
3,88,9,2.8,12.502316866870329,0.0,7,32,80
3,88,10,2.8,8.986683508074885,0.0,7,32,80
3,88,11,2.8,11.671513235213064,0.0,7,32,80
3,88,12,3.0,11.318181897780935,0.0,7,32,80
3,88,13,2.8,10.129217973784517,0.0,7,32,80
3,88,14,2.8,9.969540766440323,0.0,7,32,80
3,88,15,2.8,13.031273868739085,0.0,7,32,80
3,88,16,2.8,11.401314044732263,0.0,7,32,80
3,88,17,2.8,12.87852306022393,0.0,7,32,80
3,88,18,2.8,11.650372086343687,0.0,7,32,80
3,88,19,2.8,12.479612040605945,0.0,7,32,80
3,88,20,2.8,10.988161758798242,0.0,7,32,80
3,88,21,2.8,8.667333316888978,0.0,7,32,80
3,88,22,2.8,10.526115135647371,0.0,7,32,80
1,89,1,4.4,8.142381988070296,0.0,7,32,80
1,89,2,2.8,10.61485300201894,0.0,7,32,80
1,89,3,2.8,12.848588438845548,0.0,7,32,80
1,89,4,3.2,7.320637609897446,0.0,7,32,80
1,89,5,3.0,12.840958152835803,0.0,7,32,80
1,89,6,2.8,9.807718414164343,0.0,7,32,80
1,89,7,2.8,10.991013011976644,0.0,7,32,80
1,89,8,2.8,11.166308025676923,0.0,7,32,80
1,89,9,2.8,12.436974407029412,0.0,7,32,80
1,89,10,2.8,11.95480751938553,0.0,7,32,80
1,89,11,2.8,15.533129819025447,0.0,7,32,80
1,89,12,2.8,12.741777995534592,0.0,7,32,80
1,89,13,2.8,11.73967690058941,0.0,7,32,80
1,89,14,2.8,11.939299000230283,0.0,7,32,80
1,89,15,2.8,12.777011485697988,0.0,7,32,80
1,89,16,2.8,11.274030013854224,0.0,7,32,80
1,89,17,2.8,9.720236681054892,0.0,7,32,80
1,89,18,3.0,10.06984357152418,0.0,7,32,80
1,89,19,2.8,9.470768513477243,0.0,7,32,80
1,89,20,2.8,10.21730741418145,0.0,7,32,80
1,89,21,3.0,8.100651252840848,0.0,7,32,80
2,89,1,2.8,13.004765044274787,0.0,7,32,80
2,89,2,2.8,10.048834680904744,0.0,7,32,80
2,89,3,3.2,10.177857020273912,0.0,7,32,80
2,89,4,3.2,9.588600689680538,0.0,7,32,80
2,89,5,2.8,10.21542526801638,0.0,7,32,80
2,89,6,2.8,9.548832082777537,0.0,7,32,80
2,89,7,2.8,14.542631419326796,0.0,7,32,80
2,89,8,2.8,10.400707944787587,0.0,7,32,80
2,89,9,2.8,11.335997443389616,0.0,7,32,80
2,89,10,2.8,14.551780863213562,0.0,7,32,80
2,89,11,2.8,8.508268429068298,0.0,7,32,80
2,89,12,2.8,13.734030330222629,0.0,7,32,80
2,89,13,2.8,12.01869123790138,0.0,7,32,80
2,89,14,2.8,11.913267608286741,0.0,7,32,80
2,89,15,2.8,10.260685470900425,0.0,7,32,80
2,89,16,3.0,10.102075570412117,0.0,7,32,80
2,89,17,2.8,10.649166509262399,0.0,7,32,80
2,89,18,2.8,12.087624885621876,0.0,7,32,80
2,89,19,2.8,11.629771692930863,0.0,7,32,80
2,89,20,3.0,7.301909141500984,0.0,7,32,80
2,89,21,2.8,10.29487272534655,0.0,7,32,80
2,89,22,2.0,15.255989909433547,0.0,5,32,80
3,89,1,2.8,9.567399225046522,0.0,7,32,80
3,89,2,2.8,11.377708819594377,0.0,7,32,80
3,89,3,2.8,9.996752086853835,0.0,7,32,80
3,89,4,2.8,9.808459246119979,0.0,7,32,80
3,89,5,2.8,10.432234764288522,0.0,7,32,80
3,89,6,2.8,9.500996284655232,0.0,7,32,80
3,89,7,2.8,10.023572353931154,0.0,7,32,80
3,89,8,2.8,11.201056519738563,0.0,7,32,80
3,89,9,2.8,12.301153303661508,0.0,7,32,80
3,89,10,2.8,11.614880498960323,0.0,7,32,80
3,89,11,2.8,9.816877106406281,0.0,7,32,80
3,89,12,3.0,12.07811945201661,0.0,7,32,80
3,89,13,2.8,8.91810329550695,0.0,7,32,80
3,89,14,2.8,10.28817323100033,0.0,7,32,80
3,89,15,2.8,10.954085005156765,0.0,7,32,80
3,89,16,2.8,10.13542750335605,0.0,7,32,80
3,89,17,2.8,14.496314495647674,0.0,7,32,80
3,89,18,2.8,10.194010732810058,0.0,7,32,80
3,89,19,2.8,12.660442256680561,0.0,7,32,80
3,89,20,2.8,10.87097787000356,0.0,7,32,80
3,89,21,2.8,8.66733331688909,0.0,7,32,80
3,89,22,2.8,11.079073668409173,0.0,7,32,80
1,90,1,4.2,8.295826394361315,0.0,7,32,80
1,90,2,3.2,10.527115880656302,0.0,7,32,80
1,90,3,3.0,10.773951001676807,0.0,7,32,80
1,90,4,3.0,9.23837481646334,0.0,7,32,80
1,90,5,2.8,11.548499907991168,0.0,7,32,80
1,90,6,2.8,10.8300592193452,0.0,7,32,80
1,90,7,2.8,10.27861177704408,0.0,7,32,80
1,90,8,2.8,9.20479779087575,0.0,7,32,80
1,90,9,2.8,13.199769706450494,0.0,7,32,80
1,90,10,2.8,11.52055873308273,0.0,7,32,80
1,90,11,2.8,13.604405674627351,0.0,7,32,80
1,90,12,2.8,14.2481312391509,0.0,7,32,80
1,90,13,2.8,11.257198334321094,0.0,7,32,80
1,90,14,2.8,11.165057045631134,0.0,7,32,80
1,90,15,2.8,14.360320332774274,0.0,7,32,80
1,90,16,2.8,10.770279999809237,0.0,7,32,80
1,90,17,2.8,10.761789942054063,0.0,7,32,80
1,90,18,3.0,9.438923881616837,0.0,7,32,80
1,90,19,3.0,9.256605440838074,0.0,7,32,80
1,90,20,2.8,10.431611002754886,0.0,7,32,80
1,90,21,2.8,9.411410315241023,0.0,7,32,80
1,90,22,2.0,15.738547216146152,0.0,4,32,80
2,90,1,2.8,15.090407364206088,0.0,7,32,80
2,90,2,2.8,8.754328703455132,0.0,7,32,80
2,90,3,4.0,8.442526702195737,0.125,7,32,80
2,90,4,2.8,10.070279343501188,0.0,7,32,80
2,90,5,2.8,10.309501591942043,0.0,7,32,80
2,90,6,2.8,9.966158465641533,0.0,7,32,80
2,90,7,2.8,12.438308765284718,0.0,7,32,80
2,90,8,2.8,11.575987236760445,0.0,7,32,80
2,90,9,2.8,12.843117217127686,0.0,7,32,80
2,90,10,2.8,10.34358349067954,0.0,7,32,80
2,90,11,2.8,8.87484640760967,0.0,7,32,80
2,90,12,2.8,11.305203321048369,0.0,7,32,80
2,90,13,2.8,11.154581342071465,0.0,7,32,80
2,90,14,2.8,11.53730859975909,0.0,7,32,80
2,90,15,2.8,9.235494696157948,0.0,7,32,80
2,90,16,3.0,11.030491393041654,0.0,7,32,80
2,90,17,2.8,10.32329299230921,0.0,7,32,80
2,90,18,2.8,11.272166162327226,0.0,7,32,80
2,90,19,2.8,12.446773492579542,0.0,7,32,80
2,90,20,2.8,8.408346043594856,0.0,7,32,80
2,90,21,3.0,7.824124768772832,0.0,7,32,80
2,90,22,2.0,18.739555669190853,0.0,4,32,80
3,90,1,2.8,9.362363087593822,0.0,7,32,80
3,90,2,2.8,10.989289320899651,0.0,7,32,80
3,90,3,2.8,10.33458741343684,0.0,7,32,80
3,90,4,2.8,9.488894612385304,0.0,7,32,80
3,90,5,2.8,9.627573193329098,0.0,7,32,80
3,90,6,2.8,9.884883558088987,0.0,7,32,80
3,90,7,2.8,8.939428294394155,0.0,7,32,80
3,90,8,2.8,10.544478967441963,0.0,7,32,80
3,90,9,2.8,11.513805472209391,0.0,7,32,80
3,90,10,2.8,11.462504936550946,0.0,7,32,80
3,90,11,2.8,11.410221608756824,0.0,7,32,80
3,90,12,3.0,11.318181897781031,0.0,7,32,80
3,90,13,2.8,9.883685414935456,0.0,7,32,80
3,90,14,3.0,9.526350231530428,0.0,7,32,80
3,90,15,2.8,11.883754339698825,0.0,7,32,80
3,90,16,2.8,10.121981231083947,0.0,7,32,80
3,90,17,2.8,14.445070189752856,0.0,7,32,80
3,90,18,3.0,9.70168827358589,0.0,7,32,80
3,90,19,2.8,10.642496752542574,0.0,7,32,80
3,90,20,2.8,10.098893660916445,0.0,7,32,80
3,90,21,2.8,9.24429570899844,0.0,7,32,80
3,90,22,2.8,9.047108620352825,0.0,7,32,80
1,91,1,4.0,9.770395045864433,0.0,7,32,80
1,91,2,3.4,11.455066816099707,0.0,7,32,80
1,91,3,2.8,13.229915249949551,0.0,7,32,80
1,91,4,3.0,8.236421258281313,0.0,7,32,80
1,91,5,3.0,12.678852738478902,0.0,7,32,80
1,91,6,2.8,10.714521512162856,0.0,7,32,80
1,91,7,2.8,9.50074993166087,0.0,7,32,80
1,91,8,2.8,10.767270175502679,0.0,7,32,80
1,91,9,2.8,12.56665449659357,0.0,7,32,80
1,91,10,2.8,11.262186182195615,0.0,7,32,80
1,91,11,2.8,13.697174207829187,0.0,7,32,80
1,91,12,2.8,13.604779765423592,0.0,7,32,80
1,91,13,2.8,11.173704124640485,0.0,7,32,80
1,91,14,2.8,11.248421594649896,0.0,7,32,80
1,91,15,2.8,13.492200721414056,0.0,7,32,80
1,91,16,2.8,9.806308655320255,0.0,7,32,80
1,91,17,2.8,9.076072801166095,0.0,7,32,80
1,91,18,3.0,9.096945843339473,0.0,7,32,80
1,91,19,2.8,10.793983656627292,0.0,7,32,80
1,91,20,2.8,10.21730741418145,0.0,7,32,80
1,91,21,2.8,9.336742618339999,0.0,7,32,80
1,91,22,2.25,12.18022676041738,0.0,4,32,80
2,91,1,3.2,12.726584342974672,0.0,7,32,80
2,91,2,3.0,8.877495554541014,0.0,7,32,80
2,91,3,3.6,9.070380635908217,0.125,7,32,80
2,91,4,2.8,10.774360522702064,0.0,7,32,80
2,91,5,2.8,10.017621036913452,0.0,7,32,80
2,91,6,2.8,10.718230842081411,0.0,7,32,80
2,91,7,3.0,11.236737793228203,0.0,7,32,80
2,91,8,2.8,12.211644816787947,0.0,7,32,80
2,91,9,2.8,12.617428555478321,0.0,7,32,80
2,91,10,2.8,10.051358011393656,0.0,7,32,80
2,91,11,2.8,9.59444547262105,0.0,7,32,80
2,91,12,2.8,12.006322734874983,0.0,7,32,80
2,91,13,2.8,11.692770616950567,0.0,7,32,80
2,91,14,2.8,10.784448109914319,0.0,7,32,80
2,91,15,2.8,9.671735411099162,0.0,7,32,80
2,91,16,2.8,10.895967355399629,0.0,7,32,80
2,91,17,2.8,10.425647621194463,0.0,7,32,80
2,91,18,2.8,12.168309930698568,0.0,7,32,80
2,91,19,2.8,11.08813915874937,0.0,7,32,80
2,91,20,2.8,9.308894077677973,0.0,7,32,80
2,91,21,2.8,8.27167552386066,0.0,7,32,80
2,91,22,2.0,18.739555669191184,0.0,4,32,80
3,91,1,2.8,9.111312114648529,0.0,7,32,80
3,91,2,2.8,12.050211040146937,0.0,7,32,80
3,91,3,2.8,10.603338372561662,0.0,7,32,80
3,91,4,2.8,9.714979626510292,0.0,7,32,80
3,91,5,2.8,9.56733239989496,0.0,7,32,80
3,91,6,2.8,9.743161655026183,0.0,7,32,80
3,91,7,2.8,9.479805180505817,0.0,7,32,80
3,91,8,2.8,11.875253119386096,0.0,7,32,80
3,91,9,2.8,12.683810454315823,0.0,7,32,80
3,91,10,2.8,9.839697609534927,0.0,7,32,80
3,91,11,2.8,10.436690388133607,0.0,7,32,80
3,91,12,2.8,12.019064297874866,0.0,7,32,80
3,91,13,2.8,9.529921284253376,0.0,7,32,80
3,91,14,2.8,10.166843033050343,0.0,7,32,80
3,91,15,2.8,12.14215493238237,0.0,7,32,80
3,91,16,2.8,11.963594159429007,0.0,7,32,80
3,91,17,2.8,14.449209600387164,0.0,7,32,80
3,91,18,3.0,9.787561153524264,0.0,7,32,80
3,91,19,2.8,13.46898848645056,0.0,7,32,80
3,91,20,2.8,10.832470034880673,0.0,7,32,80
3,91,21,2.8,8.716744220040985,0.0,7,32,80
3,91,22,2.8,10.508030388704686,0.0,7,32,80
1,92,1,4.2,10.070356401530823,0.0,7,32,80
1,92,2,3.2,12.728468607293095,0.0,7,32,80
1,92,3,3.0,10.366208034405549,0.0,7,32,80
1,92,4,3.2,8.673458994918905,0.0,7,32,80
1,92,5,2.8,11.449804726284624,0.0,7,32,80
1,92,6,2.8,10.936940259135412,0.0,7,32,80
1,92,7,2.8,10.269257125070338,0.0,7,32,80
1,92,8,2.8,10.265331026184548,0.0,7,32,80
1,92,9,2.8,13.64088849225843,0.0,7,32,80
1,92,10,2.8,10.433428190318729,0.0,7,32,80
1,92,11,2.8,12.523234081956655,0.0,7,32,80
1,92,12,2.8,13.031713251238166,0.0,7,32,80
1,92,13,2.8,11.71858692785892,0.0,7,32,80
1,92,14,2.8,11.787449673506977,0.0,7,32,80
1,92,15,2.8,17.272924845765328,0.0,7,32,80
1,92,16,2.8,9.850018295716634,0.0,7,32,80
1,92,17,2.8,8.814705022969683,0.0,7,32,80
1,92,18,3.0,9.74355175632435,0.0,7,32,80
1,92,19,3.0,11.577568583984647,0.0,7,32,80
1,92,20,2.8,10.302400835018409,0.0,7,32,80
1,92,21,3.0,9.950032349623488,0.0,7,32,80
2,92,1,2.8,13.462780635815562,0.0,7,32,80
2,92,2,2.8,9.13345047528543,0.0,7,32,80
2,92,3,3.6,9.231113272683857,0.125,7,32,80
2,92,4,2.8,10.522856718352388,0.0,7,32,80
2,92,5,2.8,9.774623572268245,0.0,7,32,80
2,92,6,2.8,9.402042423391075,0.0,7,32,80
2,92,7,2.8,12.467508979303497,0.0,7,32,80
2,92,8,2.8,10.901232354449018,0.0,7,32,80
2,92,9,2.8,11.637984657216094,0.0,7,32,80
2,92,10,2.8,13.060251142504168,0.0,7,32,80
2,92,11,2.8,8.300424664291087,0.0,7,32,80
2,92,12,2.8,14.869275682915058,0.0,7,32,80
2,92,13,2.8,12.484831331041988,0.0,7,32,80
2,92,14,2.8,12.652627476454683,0.0,7,32,80
2,92,15,2.8,9.422852162295195,0.0,7,32,80
2,92,16,2.8,12.406275426049207,0.0,7,32,80
2,92,17,2.8,10.47958421691202,0.0,7,32,80
2,92,18,2.8,10.68956777189426,0.0,7,32,80
2,92,19,2.8,13.196040750786054,0.0,7,32,80
2,92,20,2.8,8.59551295056164,0.0,7,32,80
2,92,21,2.8,8.551432548909066,0.0,7,32,80
2,92,22,2.4,11.342282120906578,0.0,6,32,80
3,92,1,2.8,9.376716635779134,0.0,7,32,80
3,92,2,2.8,11.44156227419671,0.0,7,32,80
3,92,3,2.8,10.458288870862535,0.0,7,32,80
3,92,4,2.8,9.05346769464426,0.0,7,32,80
3,92,5,2.8,9.734840333423866,0.0,7,32,80
3,92,6,2.8,9.442324263360659,0.0,7,32,80
3,92,7,2.8,9.363697810254758,0.0,7,32,80
3,92,8,2.8,10.025925147919997,0.0,7,32,80
3,92,9,2.8,12.95242140189003,0.0,7,32,80
3,92,10,2.8,11.955441265842042,0.0,7,32,80
3,92,11,2.8,10.176216965356094,0.0,7,32,80
3,92,12,3.0,10.394847472715696,0.0,7,32,80
3,92,13,2.8,10.640250777330971,0.0,7,32,80
3,92,14,2.8,9.50474733205071,0.0,7,32,80
3,92,15,2.8,11.73150280415907,0.0,7,32,80
3,92,16,2.8,10.740590179076394,0.0,7,32,80
3,92,17,2.8,16.401117772893297,0.0,7,32,80
3,92,18,2.8,11.20225892730813,0.0,7,32,80
3,92,19,2.8,11.990301919489967,0.0,7,32,80
3,92,20,2.8,12.9685933332543,0.0,7,32,80
3,92,21,2.8,8.382244574302549,0.0,7,32,80
3,92,22,2.8,10.843367008622625,0.0,7,32,80
1,93,1,4.2,9.79216645461049,0.0,7,32,80
1,93,2,3.4,11.309751452760924,0.0,7,32,80
1,93,3,2.8,13.073722468627697,0.0,7,32,80
1,93,4,3.0,9.309737620428661,0.0,7,32,80
1,93,5,2.8,12.936893093622912,0.0,7,32,80
1,93,6,2.8,10.40015913160354,0.0,7,32,80
1,93,7,2.8,10.123207138413125,0.0,7,32,80
1,93,8,2.8,10.289265426734392,0.0,7,32,80
1,93,9,2.8,12.488523939274701,0.0,7,32,80
1,93,10,2.8,12.196774704211784,0.0,7,32,80
1,93,11,2.8,12.960682692138809,0.0,7,32,80
1,93,12,2.8,13.275101043199081,0.0,7,32,80
1,93,13,2.8,10.156721882836548,0.0,7,32,80
1,93,14,2.8,11.418941986090946,0.0,7,32,80
1,93,15,2.8,13.864715832218373,0.0,7,32,80
1,93,16,2.8,11.8972671353626,0.0,7,32,80
1,93,17,2.8,9.994297477233754,0.0,7,32,80
1,93,18,2.8,9.260351986394546,0.0,7,32,80
1,93,19,2.8,9.65946620134049,0.0,7,32,80
1,93,20,3.0,9.929113376756948,0.0,7,32,80
1,93,21,2.8,10.328974465351708,0.0,7,32,80
2,93,1,2.8,14.44871666648809,0.0,7,32,80
2,93,2,3.0,9.937591285798936,0.0,7,32,80
2,93,3,3.2,9.794782427921376,0.0,7,32,80
2,93,4,3.6,8.002272410507917,0.0,7,32,80
2,93,5,2.8,10.663876819835682,0.0,7,32,80
2,93,6,2.8,9.934771434158302,0.0,7,32,80
2,93,7,3.0,9.41961001080741,0.0,7,32,80
2,93,8,2.8,10.944251998020405,0.0,7,32,80
2,93,9,2.8,10.926800298313184,0.0,7,32,80
2,93,10,2.8,10.518068432498044,0.0,7,32,80
2,93,11,2.8,9.475530537957342,0.0,7,32,80
2,93,12,2.8,13.226663676147846,0.0,7,32,80
2,93,13,2.8,10.691239243987456,0.0,7,32,80
2,93,14,2.8,12.352697915913364,0.0,7,32,80
2,93,15,2.8,9.702421216578323,0.0,7,32,80
2,93,16,2.8,12.423064336035404,0.0,7,32,80
2,93,17,2.8,11.439658067704189,0.0,7,32,80
2,93,18,2.8,11.271319108200396,0.0,7,32,80
2,93,19,2.8,11.54875571454889,0.0,7,32,80
2,93,20,2.8,8.57778174871907,0.0,7,32,80
2,93,21,2.8,8.807709063261234,0.0,7,32,80
2,93,22,2.0,18.456801681027756,0.0,4,32,80
3,93,1,2.8,10.725013383726406,0.0,7,32,80
3,93,2,2.8,9.824261115287262,0.0,7,32,80
3,93,3,2.8,10.828616930447273,0.0,7,32,80
3,93,4,2.8,9.203324116395994,0.0,7,32,80
3,93,5,2.8,10.576557473376484,0.0,7,32,80
3,93,6,2.8,9.93304485899126,0.0,7,32,80
3,93,7,2.8,8.92638136888721,0.0,7,32,80
3,93,8,2.8,13.774087373307859,0.0,7,32,80
3,93,9,2.8,12.897792891276204,0.0,7,32,80
3,93,10,2.8,11.659163304397163,0.0,7,32,80
3,93,11,2.8,10.90176499155012,0.0,7,32,80
3,93,12,2.8,12.71890877935543,0.0,7,32,80
3,93,13,2.8,9.456249491242087,0.0,7,32,80
3,93,14,2.8,8.97351049972006,0.0,7,32,80
3,93,15,2.8,10.73550742121283,0.0,7,32,80
3,93,16,2.8,11.77926549784633,0.0,7,32,80
3,93,17,2.8,13.144919187947902,0.0,7,32,80
3,93,18,3.0,9.212592763124917,0.0,7,32,80
3,93,19,2.8,11.64778063742464,0.0,7,32,80
3,93,20,2.8,10.032843754776447,0.0,7,32,80
3,93,21,2.8,9.285814300032591,0.0,7,32,80
3,93,22,2.8,9.76949847651578,0.0,7,32,80
1,94,1,4.0,8.800152898675055,0.0,7,32,80
1,94,2,3.2,10.608916004102491,0.0,7,32,80
1,94,3,3.0,11.086888141079779,0.0,7,32,80
1,94,4,2.8,9.30162837592108,0.0,7,32,80
1,94,5,2.8,10.690488112764763,0.0,7,32,80
1,94,6,2.8,10.80183816972951,0.0,7,32,80
1,94,7,2.8,9.29465123572881,0.0,7,32,80
1,94,8,2.8,10.693984364209955,0.0,7,32,80
1,94,9,2.8,15.570845189805357,0.0,7,32,80
1,94,10,2.8,11.801541495278666,0.0,7,32,80
1,94,11,2.8,12.062842360122248,0.0,7,32,80
1,94,12,2.8,17.069776285296985,0.0,7,32,80
1,94,13,2.8,10.879136380184363,0.0,7,32,80
1,94,14,2.8,14.658316828297176,0.0,7,32,80
1,94,15,2.8,11.945368699079513,0.0,7,32,80
1,94,16,2.8,9.719033972461665,0.0,7,32,80
1,94,17,2.8,12.268678574289385,0.0,7,32,80
1,94,18,3.0,9.623133775366227,0.0,7,32,80
1,94,19,2.8,9.36116373754797,0.0,7,32,80
1,94,20,3.0,10.488740881615119,0.0,7,32,80
1,94,21,2.8,13.382561869759014,0.0,7,32,80
1,94,22,2.5,9.135594066431686,0.0,4,32,80
2,94,1,3.0,11.757403872620419,0.0,7,32,80
2,94,2,3.0,9.751585420263947,0.0,7,32,80
2,94,3,3.8,8.536878188996166,0.125,7,32,80
2,94,4,2.8,9.91822132962827,0.0,7,32,80
2,94,5,2.8,11.335881560050755,0.0,7,32,80
2,94,6,2.8,9.5470755007619,0.0,7,32,80
2,94,7,2.8,11.342992396654532,0.0,7,32,80
2,94,8,2.8,9.967506827072404,0.0,7,32,80
2,94,9,2.8,13.461766342995023,0.0,7,32,80
2,94,10,2.8,12.406814408208772,0.0,7,32,80
2,94,11,2.8,9.800916210780283,0.0,7,32,80
2,94,12,2.8,11.671065795948069,0.0,7,32,80
2,94,13,2.8,12.833400413205291,0.0,7,32,80
2,94,14,2.8,11.291692220386462,0.0,7,32,80
2,94,15,2.8,8.612301470535364,0.0,7,32,80
2,94,16,2.8,11.382552449693002,0.0,7,32,80
2,94,17,2.8,11.358575516476275,0.0,7,32,80
2,94,18,2.8,13.052283357327354,0.0,7,32,80
2,94,19,2.8,11.775766562635031,0.0,7,32,80
2,94,20,2.8,8.573356898989951,0.0,7,32,80
2,94,21,2.8,9.739211228542203,0.0,7,32,80
2,94,22,2.25,13.159633881458321,0.0,4,32,80
3,94,1,2.8,9.362363087593822,0.0,7,32,80
3,94,2,2.8,10.96957950410182,0.0,7,32,80
3,94,3,2.8,10.013118415739234,0.0,7,32,80
3,94,4,2.8,8.441204099305672,0.0,7,32,80
3,94,5,2.8,8.623107001534542,0.0,7,32,80
3,94,6,2.8,9.981677762292113,0.0,7,32,80
3,94,7,2.8,9.278466756879594,0.0,7,32,80
3,94,8,2.8,11.47423667313334,0.0,7,32,80
3,94,9,2.8,13.495439884044687,0.0,7,32,80
3,94,10,2.8,11.862687470283053,0.0,7,32,80
3,94,11,2.8,10.673464692913742,0.0,7,32,80
3,94,12,2.8,12.211035524636882,0.0,7,32,80
3,94,13,2.8,10.387769575328385,0.0,7,32,80
3,94,14,2.8,9.518141209419117,0.0,7,32,80
3,94,15,2.8,14.503149229974666,0.0,7,32,80
3,94,16,2.8,10.450842328111,0.0,7,32,80
3,94,17,2.8,13.552707739623195,0.0,7,32,80
3,94,18,3.0,9.97919591187876,0.0,7,32,80
3,94,19,2.8,13.439392173636525,0.0,7,32,80
3,94,20,2.8,11.376500145231153,0.0,7,32,80
3,94,21,2.8,8.522405438166244,0.0,7,32,80
3,94,22,2.8,11.099179281305203,0.0,7,32,80
1,95,1,4.0,10.080948233498274,0.0,7,32,80
1,95,2,3.2,9.976612624341398,0.0,7,32,80
1,95,3,2.8,12.50205196485924,0.0,7,32,80
1,95,4,3.0,7.538463038474913,0.0,7,32,80
1,95,5,3.0,11.75933204463698,0.0,7,32,80
1,95,6,2.8,11.657319042517111,0.0,7,32,80
1,95,7,2.8,9.666805650410398,0.0,7,32,80
1,95,8,2.8,9.656243749283655,0.0,7,32,80
1,95,9,2.8,13.803139945436618,0.0,7,32,80
1,95,10,2.8,11.155015464508898,0.0,7,32,80
1,95,11,2.8,13.68618451375807,0.0,7,32,80
1,95,12,2.8,14.885761859838528,0.0,7,32,80
1,95,13,2.8,11.436610077809483,0.0,7,32,80
1,95,14,2.8,13.938015010722575,0.0,7,32,80
1,95,15,2.8,14.093268495349577,0.0,7,32,80
1,95,16,2.8,9.536198467160172,0.0,7,32,80
1,95,17,2.8,11.147643781209837,0.0,7,32,80
1,95,18,2.8,9.438718842782345,0.0,7,32,80
1,95,19,2.8,9.7709912520344,0.0,7,32,80
1,95,20,2.8,11.515781555107614,0.0,7,32,80
1,95,21,3.0,9.664394988726041,0.0,7,32,80
1,95,22,2.0,12.641221663960652,0.0,5,32,80
2,95,1,2.8,14.656462676564008,0.0,7,32,80
2,95,2,2.8,10.443484552794379,0.0,7,32,80
2,95,3,3.6,9.638438973488162,0.125,7,32,80
2,95,4,2.8,11.427247489669984,0.0,7,32,80
2,95,5,2.8,11.481050137303313,0.0,7,32,80
2,95,6,2.8,9.148887715079505,0.0,7,32,80
2,95,7,3.0,12.461895068656608,0.0,7,32,80
2,95,8,2.8,10.72857952940432,0.0,7,32,80
2,95,9,2.8,11.436086806959372,0.0,7,32,80
2,95,10,2.8,13.125478385958695,0.0,7,32,80
2,95,11,2.8,9.320441407163665,0.0,7,32,80
2,95,12,2.8,12.163082371574356,0.0,7,32,80
2,95,13,2.8,11.862344780223394,0.0,7,32,80
2,95,14,2.8,12.052031304341972,0.0,7,32,80
2,95,15,2.8,9.09679231231056,0.0,7,32,80
2,95,16,3.0,11.713868593729082,0.0,7,32,80
2,95,17,2.8,11.502864991526712,0.0,7,32,80
2,95,18,2.8,12.382171364273091,0.0,7,32,80
2,95,19,3.0,10.506246759565435,0.0,7,32,80
2,95,20,2.8,10.153139107598415,0.0,7,32,80
2,95,21,2.8,8.864081907481188,0.0,7,32,80
2,95,22,2.25,13.37547656654838,0.0,4,32,80
3,95,1,2.8,9.582388847236185,0.0,7,32,80
3,95,2,2.8,13.222526857020522,0.0,7,32,80
3,95,3,3.0,9.88033056086838,0.0,7,32,80
3,95,4,2.8,9.608455106791597,0.0,7,32,80
3,95,5,2.8,9.617613170739672,0.0,7,32,80
3,95,6,2.8,8.665031061190236,0.0,7,32,80
3,95,7,2.8,10.69356435065983,0.0,7,32,80
3,95,8,2.8,11.645067834539795,0.0,7,32,80
3,95,9,2.8,12.01047357234238,0.0,7,32,80
3,95,10,2.8,10.75005217198686,0.0,7,32,80
3,95,11,2.8,11.737965901551169,0.0,7,32,80
3,95,12,3.0,11.014428023919411,0.0,7,32,80
3,95,13,2.8,9.54029184583872,0.0,7,32,80
3,95,14,2.8,9.176283759704138,0.0,7,32,80
3,95,15,2.8,10.569414776780903,0.0,7,32,80
3,95,16,2.8,9.084589190622532,0.0,7,32,80
3,95,17,2.8,13.950834501436796,0.0,7,32,80
3,95,18,2.8,10.693422680663545,0.0,7,32,80
3,95,19,2.8,11.07552137104702,0.0,7,32,80
3,95,20,2.8,9.803354623302951,0.0,7,32,80
3,95,21,2.8,9.350613502676223,0.0,7,32,80
3,95,22,2.8,9.84220236029312,0.0,7,32,80
1,96,1,4.0,8.761766969918899,0.0,7,32,80
1,96,2,3.6,9.696788686634207,0.0,7,32,80
1,96,3,3.0,10.907325876440256,0.0,7,32,80
1,96,4,3.0,10.549439368446516,0.0,7,32,80
1,96,5,2.8,10.313249649702861,0.0,7,32,80
1,96,6,2.8,10.17945675391687,0.0,7,32,80
1,96,7,3.0,11.586599171437447,0.0,7,32,80
1,96,8,2.8,9.919567935784972,0.0,7,32,80
1,96,9,2.8,12.194887861905732,0.0,7,32,80
1,96,10,2.8,12.293308174548804,0.0,7,32,80
1,96,11,2.8,14.07319176364687,0.0,7,32,80
1,96,12,2.8,12.837053278119456,0.0,7,32,80
1,96,13,2.8,12.04413946039605,0.0,7,32,80
1,96,14,2.8,11.364198303610369,0.0,7,32,80
1,96,15,2.8,12.364191257726251,0.0,7,32,80
1,96,16,2.8,12.700468302923845,0.0,7,32,80
1,96,17,2.8,9.039268896920715,0.0,7,32,80
1,96,18,3.0,10.855960120468657,0.0,7,32,80
1,96,19,3.0,10.574329008605012,0.0,7,32,80
1,96,20,2.8,8.77798514709641,0.0,7,32,80
1,96,21,2.8,10.319886295653022,0.0,7,32,80
2,96,1,2.8,14.018202009988661,0.0,7,32,80
2,96,2,2.8,10.199657410239597,0.0,7,32,80
2,96,3,3.8,8.962275865673535,0.125,7,32,80
2,96,4,2.8,11.822429220149784,0.0,7,32,80
2,96,5,2.8,9.277850998819572,0.0,7,32,80
2,96,6,2.8,11.29908986942332,0.0,7,32,80
2,96,7,2.8,13.397396872173976,0.0,7,32,80
2,96,8,2.8,11.038386220318388,0.0,7,32,80
2,96,9,2.8,11.522265181976877,0.0,7,32,80
2,96,10,2.8,11.694906309487742,0.0,7,32,80
2,96,11,2.8,8.648300355809145,0.0,7,32,80
2,96,12,2.8,11.308497590586038,0.0,7,32,80
2,96,13,2.8,11.703451495803169,0.0,7,32,80
2,96,14,2.8,9.778344708862502,0.0,7,32,80
2,96,15,2.8,8.898270539742516,0.0,7,32,80
2,96,16,3.0,10.470544616484528,0.0,7,32,80
2,96,17,2.8,10.532251500159092,0.0,7,32,80
2,96,18,2.8,10.093516390957667,0.0,7,32,80
2,96,19,2.8,11.767678008902388,0.0,7,32,80
2,96,20,2.8,8.54688709752549,0.0,7,32,80
2,96,21,2.8,9.265533873104694,0.0,7,32,80
2,96,22,2.0,14.7768219338033,0.0,5,32,80
3,96,1,2.8,10.361618800670103,0.0,7,32,80
3,96,2,2.8,10.534994122347637,0.0,7,32,80
3,96,3,2.8,10.146003844405742,0.0,7,32,80
3,96,4,2.8,9.608147324219281,0.0,7,32,80
3,96,5,2.8,9.097698598055237,0.0,7,32,80
3,96,6,2.8,9.284650242018493,0.0,7,32,80
3,96,7,2.8,9.335114007166927,0.0,7,32,80
3,96,8,2.8,11.180580462257351,0.0,7,32,80
3,96,9,2.8,12.50231686687021,0.0,7,32,80
3,96,10,2.8,10.775858259033596,0.0,7,32,80
3,96,11,2.8,11.34671651832288,0.0,7,32,80
3,96,12,3.0,10.779583077976023,0.0,7,32,80
3,96,13,2.8,10.790427808423628,0.0,7,32,80
3,96,14,2.8,9.778273098729258,0.0,7,32,80
3,96,15,2.8,11.66438161791228,0.0,7,32,80
3,96,16,2.8,10.665669919023216,0.0,7,32,80
3,96,17,2.8,12.458779032178487,0.0,7,32,80
3,96,18,2.8,10.177048230524147,0.0,7,32,80
3,96,19,2.8,12.582305861770497,0.0,7,32,80
3,96,20,2.8,9.902886999564268,0.0,7,32,80
3,96,21,2.8,9.99934454253599,0.0,7,32,80
3,96,22,2.8,10.805054190117588,0.0,7,32,80
1,97,1,4.0,9.346098598407618,0.0,7,32,80
1,97,2,3.2,10.627626106304296,0.0,7,32,80
1,97,3,2.8,13.821066461520106,0.0,7,32,80
1,97,4,3.2,8.275735778495815,0.0,7,32,80
1,97,5,3.0,12.73243119188205,0.0,7,32,80
1,97,6,2.8,10.508982150875998,0.0,7,32,80
1,97,7,2.8,9.126630235800182,0.0,7,32,80
1,97,8,2.8,10.844779726154266,0.0,7,32,80
1,97,9,2.8,15.120819180675706,0.0,7,32,80
1,97,10,2.8,10.759470434566152,0.0,7,32,80
1,97,11,2.8,15.10484103810764,0.0,7,32,80
1,97,12,2.8,13.045196616513982,0.0,7,32,80
1,97,13,2.8,11.215295834862506,0.0,7,32,80
1,97,14,2.8,11.39734473720558,0.0,7,32,80
1,97,15,2.8,14.058795127841023,0.0,7,32,80
1,97,16,2.8,10.599775806216524,0.0,7,32,80
1,97,17,2.8,9.460805160170501,0.0,7,32,80
1,97,18,2.8,9.739283439887899,0.0,7,32,80
1,97,19,2.8,9.96289814604252,0.0,7,32,80
1,97,20,2.8,10.316426957029876,0.0,7,32,80
1,97,21,2.8,10.174124680492941,0.0,7,32,80
1,97,22,2.0,13.108705564399694,0.0,5,32,80
2,97,1,2.8,13.201254272323574,0.0,7,32,80
2,97,2,2.8,9.271911375223096,0.0,7,32,80
2,97,3,3.8,7.556091576557959,0.125,7,32,80
2,97,4,2.8,10.705022994010127,0.0,7,32,80
2,97,5,2.8,9.658800069122094,0.0,7,32,80
2,97,6,2.8,10.021612645034686,0.0,7,32,80
2,97,7,3.0,11.198199091048414,0.0,7,32,80
2,97,8,2.8,10.876092316412114,0.0,7,32,80
2,97,9,2.8,12.010817128616006,0.0,7,32,80
2,97,10,2.8,9.448723310874323,0.0,7,32,80
2,97,11,2.8,9.349688294820925,0.0,7,32,80
2,97,12,2.8,13.775024369742841,0.0,7,32,80
2,97,13,2.8,10.80003426189673,0.0,7,32,80
2,97,14,2.8,9.690952919831263,0.0,7,32,80
2,97,15,2.8,9.628035314195639,0.0,7,32,80
2,97,16,3.0,10.410880207511463,0.0,7,32,80
2,97,17,2.8,12.028751201009204,0.0,7,32,80
2,97,18,2.8,12.121062519570396,0.0,7,32,80
2,97,19,2.8,11.75313752910827,0.0,7,32,80
2,97,20,2.8,7.959689936384555,0.0,7,32,80
2,97,21,2.8,8.851253830549682,0.0,7,32,80
2,97,22,2.25,16.10505955204836,0.0,4,32,80
3,97,1,3.0,8.071739646115537,0.0,7,32,80
3,97,2,3.2,8.833474083262962,0.0,7,32,80
3,97,3,2.8,11.670369988383106,0.0,7,32,80
3,97,4,2.8,8.389042088162867,0.0,7,32,80
3,97,5,2.8,10.179768114069846,0.0,7,32,80
3,97,6,2.8,9.675378310071977,0.0,7,32,80
3,97,7,2.8,10.367140875954785,0.0,7,32,80
3,97,8,2.8,9.985487654163446,0.0,7,32,80
3,97,9,2.8,15.284038802465913,0.0,7,32,80
3,97,10,2.8,10.548267609391672,0.0,7,32,80
3,97,11,2.8,11.5825284824602,0.0,7,32,80
3,97,12,2.8,13.589015975076125,0.0,7,32,80
3,97,13,2.8,10.063430024245243,0.0,7,32,80
3,97,14,2.8,10.139193831843983,0.0,7,32,80
3,97,15,2.8,12.07323042414615,0.0,7,32,80
3,97,16,2.8,9.928771273288033,0.0,7,32,80
3,97,17,2.8,14.786730796858183,0.0,7,32,80
3,97,18,2.8,10.055949805537743,0.0,7,32,80
3,97,19,2.8,13.600785230869185,0.0,7,32,80
3,97,20,2.8,10.32042633497772,0.0,7,32,80
3,97,21,2.8,9.314689640746163,0.0,7,32,80
3,97,22,2.8,11.13985182047537,0.0,7,32,80
1,98,1,4.0,9.834174220542248,0.0,7,32,80
1,98,2,3.2,11.979807523766972,0.0,7,32,80
1,98,3,2.8,14.381821591895566,0.0,7,32,80
1,98,4,3.0,7.4916036637281005,0.0,7,32,80
1,98,5,2.8,12.721693581385058,0.0,7,32,80
1,98,6,2.8,9.567088707491134,0.0,7,32,80
1,98,7,2.8,9.841098238444012,0.0,7,32,80
1,98,8,2.8,10.309767355274646,0.0,7,32,80
1,98,9,2.8,17.119051415033148,0.0,7,32,80
1,98,10,2.8,10.653965165880344,0.0,7,32,80
1,98,11,2.8,13.835352540597386,0.0,7,32,80
1,98,12,2.8,16.154563786753513,0.0,7,32,80
1,98,13,2.8,10.93837944838212,0.0,7,32,80
1,98,14,2.8,12.84594596807172,0.0,7,32,80
1,98,15,2.8,12.16235312275713,0.0,7,32,80
1,98,16,2.8,9.927176624273713,0.0,7,32,80
1,98,17,2.8,10.681194573343348,0.0,7,32,80
1,98,18,2.8,9.46384075967552,0.0,7,32,80
1,98,19,2.8,10.230959649875032,0.0,7,32,80
1,98,20,2.8,11.952421797360978,0.0,7,32,80
1,98,21,2.8,10.74542542422023,0.0,7,32,80
1,98,22,2.4,10.689576038914133,0.0,6,32,80
2,98,1,2.8,14.246777679929174,0.0,7,32,80
2,98,2,2.8,9.760186178499252,0.0,7,32,80
2,98,3,3.0,11.575478623899334,0.0,7,32,80
2,98,4,2.8,10.267598363741325,0.0,7,32,80
2,98,5,2.8,9.72383042136306,0.0,7,32,80
2,98,6,2.8,11.902258963054186,0.0,7,32,80
2,98,7,3.0,9.636541183740436,0.0,7,32,80
2,98,8,2.8,11.605270664526852,0.0,7,32,80
2,98,9,2.8,11.572209704147237,0.0,7,32,80
2,98,10,2.8,14.739895491327939,0.0,7,32,80
2,98,11,2.8,9.821164465659338,0.0,7,32,80
2,98,12,2.8,10.185911748202576,0.0,7,32,80
2,98,13,2.8,11.108862868856379,0.0,7,32,80
2,98,14,2.8,10.250157687810953,0.0,7,32,80
2,98,15,2.8,10.230558050782946,0.0,7,32,80
2,98,16,2.8,10.556525094671574,0.0,7,32,80
2,98,17,2.8,13.663197085574254,0.0,7,32,80
2,98,18,2.8,12.335254584747341,0.0,7,32,80
2,98,19,3.0,11.924071829643337,0.0,7,32,80
2,98,20,2.8,10.247389763087224,0.0,7,32,80
2,98,21,2.8,8.084884671730855,0.0,7,32,80
2,98,22,2.6,10.584941014579881,0.0,6,32,80
3,98,1,2.8,9.797285974985964,0.0,7,32,80
3,98,2,2.8,12.145932320954884,0.0,7,32,80
3,98,3,2.8,10.658774662352684,0.0,7,32,80
3,98,4,2.8,8.767933653497456,0.0,7,32,80
3,98,5,2.8,9.812934888382575,0.0,7,32,80
3,98,6,2.8,10.249311728592199,0.0,7,32,80
3,98,7,2.8,9.598828104059926,0.0,7,32,80
3,98,8,2.8,11.716016159574307,0.0,7,32,80
3,98,9,2.8,12.082444557238546,0.0,7,32,80
3,98,10,2.8,9.6078397814502,0.0,7,32,80
3,98,11,2.8,11.201251755508242,0.0,7,32,80
3,98,12,3.0,9.858668986189432,0.0,7,32,80
3,98,13,2.8,10.12921797378444,0.0,7,32,80
3,98,14,2.8,10.253677059439644,0.0,7,32,80
3,98,15,2.8,11.40340563678815,0.0,7,32,80
3,98,16,2.8,11.662193204065632,0.0,7,32,80
3,98,17,2.8,15.931183444810916,0.0,7,32,80
3,98,18,2.8,11.100600106294195,0.0,7,32,80
3,98,19,2.8,14.628747122202299,0.0,7,32,80
3,98,20,2.8,10.303265699084616,0.0,7,32,80
3,98,21,2.8,8.729185097288564,0.0,7,32,80
3,98,22,2.8,11.829044107717447,0.0,7,32,80
1,99,1,4.2,8.318730618955485,0.0,7,32,80
1,99,2,3.2,9.87178933424884,0.0,7,32,80
1,99,3,3.0,11.070855178137515,0.0,7,32,80
1,99,4,3.2,8.349000274541007,0.0,7,32,80
1,99,5,3.0,10.616922647935038,0.0,7,32,80
1,99,6,2.8,10.187749905055622,0.0,7,32,80
1,99,7,2.8,11.879085755175955,0.0,7,32,80
1,99,8,2.8,9.71174088392981,0.0,7,32,80
1,99,9,2.8,12.446773543685893,0.0,7,32,80
1,99,10,2.8,9.732151147488661,0.0,7,32,80
1,99,11,2.8,13.627628070296717,0.0,7,32,80
1,99,12,2.8,15.011608072642444,0.0,7,32,80
1,99,13,2.8,11.785038893711603,0.0,7,32,80
1,99,14,2.8,11.450574675882429,0.0,7,32,80
1,99,15,2.8,12.440769092124896,0.0,7,32,80
1,99,16,2.8,10.507955924647804,0.0,7,32,80
1,99,17,2.8,10.032512642424646,0.0,7,32,80
1,99,18,2.8,10.909913019027886,0.0,7,32,80
1,99,19,3.0,10.789826069665969,0.0,7,32,80
1,99,20,2.8,10.044804272869763,0.0,7,32,80
1,99,21,3.0,8.750761410354254,0.0,7,32,80
2,99,1,2.8,13.316222872296343,0.0,7,32,80
2,99,2,2.8,9.886400691901475,0.0,7,32,80
2,99,3,3.2,10.693934444028871,0.0,7,32,80
2,99,4,2.8,11.343922513599558,0.0,7,32,80
2,99,5,3.0,9.60316531344207,0.0,7,32,80
2,99,6,2.8,9.789755190997093,0.0,7,32,80
2,99,7,3.0,9.996027423062861,0.0,7,32,80
2,99,8,2.8,11.058921337511993,0.0,7,32,80
2,99,9,2.8,11.727244631275235,0.0,7,32,80
2,99,10,2.8,13.796784494701157,0.0,7,32,80
2,99,11,2.8,7.423880978991326,0.0,7,32,80
2,99,12,2.8,12.759837221198648,0.0,7,32,80
2,99,13,2.8,12.988588498318256,0.0,7,32,80
2,99,14,2.8,12.125840688210573,0.0,7,32,80
2,99,15,2.8,9.540440374106419,0.0,7,32,80
2,99,16,2.8,13.238754327264811,0.0,7,32,80
2,99,17,2.8,9.667885894936298,0.0,7,32,80
2,99,18,2.8,10.652332215895179,0.0,7,32,80
2,99,19,3.0,12.090099704564834,0.0,7,32,80
2,99,20,2.8,9.182168815682235,0.0,7,32,80
2,99,21,2.8,8.271970144843683,0.0,7,32,80
2,99,22,2.2,14.285545547228578,0.0,5,32,80
3,99,1,2.8,11.074572238844667,0.0,7,32,80
3,99,2,2.8,10.989289320899744,0.0,7,32,80
3,99,3,2.8,12.163855719295352,0.0,7,32,80
3,99,4,2.8,9.053467694644322,0.0,7,32,80
3,99,5,2.8,9.249035088039687,0.0,7,32,80
3,99,6,2.8,9.635712065149317,0.0,7,32,80
3,99,7,2.8,9.942103089353084,0.0,7,32,80
3,99,8,2.8,10.383366620959716,0.0,7,32,80
3,99,9,2.8,13.119119211930972,0.0,7,32,80
3,99,10,2.8,12.073443373412056,0.0,7,32,80
3,99,11,2.8,11.263134574083594,0.0,7,32,80
3,99,12,3.6,9.792786986692004,0.125,7,32,80
3,99,13,2.8,10.088953067645507,0.0,7,32,80
3,99,14,2.8,9.400696489320351,0.0,7,32,80
3,99,15,2.8,10.427380253121576,0.0,7,32,80
3,99,16,2.8,10.181412289638448,0.0,7,32,80
3,99,17,2.8,11.841947406468169,0.0,7,32,80
3,99,18,2.8,10.04416610006125,0.0,7,32,80
3,99,19,2.8,11.715892703749326,0.0,7,32,80
3,99,20,2.8,10.802254083239493,0.0,7,32,80
3,99,21,2.8,8.398643554209734,0.0,7,32,80
3,99,22,2.8,10.496847206005741,0.0,7,32,80
