session,trial,phrase,click_load,entry_rate,correction_rate,num_chars,num_clocks
1,0,1,6.0,6.664043340456017,0.0,7,58
1,0,2,4.2,8.59575645222939,0.0,7,58
1,0,3,3.4,8.082162484213052,0.0,7,58
1,0,4,3.6,7.985706052202998,0.0,7,58
1,0,5,2.8,10.232630179771888,0.0,7,58
1,0,6,3.2,10.334466487749555,0.0,7,58
1,0,7,3.0,9.737227965870343,0.0,7,58
1,0,8,2.8,11.915786450171815,0.0,7,58
1,0,9,2.8,13.520802523511405,0.0,7,58
1,0,10,2.8,17.463947285646608,0.0,7,58
1,0,11,2.8,11.055158707329557,0.0,7,58
1,0,12,2.8,16.360117611669303,0.0,7,58
1,0,13,2.8,12.11326477328113,0.0,7,58
1,0,14,3.0,9.794041076060779,0.0,7,58
1,0,15,2.8,13.031484675163094,0.0,7,58
1,0,16,3.2,8.97223974315395,0.0,7,58
1,0,17,2.8,8.812320534957484,0.0,7,58
1,0,18,3.2,8.514481618941938,0.0,7,58
1,0,19,3.0,10.309207477795587,0.0,7,58
1,0,20,2.5,11.16715278745506,0.0,4,58
2,0,1,3.0,14.4865398743304,0.0,7,58
2,0,2,2.8,10.814305481101872,0.0,7,58
2,0,3,3.8,9.400321527161204,0.125,7,58
2,0,4,2.8,11.382135812180211,0.0,7,58
2,0,5,2.8,11.094984346102613,0.0,7,58
2,0,6,2.8,10.131245755706175,0.0,7,58
2,0,7,3.0,10.996766256833952,0.0,7,58
2,0,8,3.0,10.58258895917259,0.0,7,58
2,0,9,2.8,14.068585158710935,0.0,7,58
2,0,10,2.8,10.873352777641275,0.0,7,58
2,0,11,2.8,11.070604475279703,0.0,7,58
2,0,12,2.8,12.345614854632656,0.0,7,58
2,0,13,2.8,13.77291448128779,0.0,7,58
2,0,14,2.8,12.278302801646221,0.0,7,58
2,0,15,3.0,9.043694412614363,0.0,7,58
2,0,16,2.8,11.205585235055306,0.0,7,58
2,0,17,2.8,11.785450355108535,0.0,7,58
2,0,18,2.8,13.686751879236617,0.0,7,58
2,0,19,3.2,10.712327669397904,0.0,7,58
2,0,20,2.8,7.3848295190098385,0.0,7,58
2,0,21,3.0,8.934917857737236,0.0,7,58
3,0,1,3.2,8.043343949832407,0.0,7,58
3,0,2,2.8,13.12603554599109,0.0,7,58
3,0,3,2.8,14.872535600786662,0.0,7,58
3,0,4,2.8,10.171401466443651,0.0,7,58
3,0,5,2.8,10.609190319668942,0.0,7,58
3,0,6,2.8,10.35336004731891,0.0,7,58
3,0,7,3.0,9.571239798340232,0.0,7,58
3,0,8,2.8,10.340000632700775,0.0,7,58
3,0,9,3.0,13.135869857851157,0.0,7,58
3,0,10,2.8,11.153195544584909,0.0,7,58
3,0,11,2.8,12.65318854487142,0.0,7,58
3,0,12,3.2,10.261514917244144,0.0,7,58
3,0,13,3.2,9.231646575880987,0.0,7,58
3,0,14,2.8,11.556059201867447,0.0,7,58
3,0,15,3.0,12.928536584434047,0.0,7,58
3,0,16,2.8,14.074217167430104,0.0,7,58
3,0,17,2.8,11.72386602272175,0.0,7,58
3,0,18,2.8,11.139649515410659,0.0,7,58
3,0,19,2.8,15.90109370439539,0.0,7,58
3,0,20,2.8,8.57062707513498,0.0,7,58
3,0,21,2.8,8.84691959557445,0.0,7,58
3,0,22,2.4,12.40641046427334,0.0,5,58
1,1,1,4.6,8.747278373156533,0.0,7,58
1,1,2,4.0,8.050910394905612,0.0,7,58
1,1,3,3.4,8.164309346702684,0.0,7,58
1,1,4,2.8,15.418377831176686,0.0,7,58
1,1,5,3.0,10.230576914181274,0.0,7,58
1,1,6,2.8,11.414071977163314,0.0,7,58
1,1,7,2.8,12.02879468086007,0.0,7,58
1,1,8,2.8,10.835927040222995,0.0,7,58
1,1,9,2.8,13.519821280242283,0.0,7,58
1,1,10,2.8,12.132477870501711,0.0,7,58
1,1,11,2.8,17.363306568536846,0.0,7,58
1,1,12,2.8,10.701762663060482,0.0,7,58
1,1,13,2.8,17.863553270134403,0.0,7,58
1,1,14,2.8,13.806172212435404,0.0,7,58
1,1,15,2.8,10.018909892836918,0.0,7,58
1,1,16,2.8,13.715952511437818,0.0,7,58
1,1,17,3.0,9.284789890069915,0.0,7,58
1,1,18,2.8,9.093943717086066,0.0,7,58
1,1,19,3.0,11.852668884202988,0.0,7,58
1,1,20,3.2,8.777966208331707,0.0,7,58
1,1,21,2.4,14.121428005556986,0.0,5,58
2,1,1,3.0,16.388606740345736,0.0,7,58
2,1,2,2.8,10.201044687859168,0.0,7,58
2,1,3,3.4,9.981560975387472,0.0,7,58
2,1,4,3.4,9.047747408211047,0.0,7,58
2,1,5,2.8,11.528182610377057,0.0,7,58
2,1,6,2.8,10.643621106007707,0.0,7,58
2,1,7,3.2,9.514449523233111,0.0,7,58
2,1,8,3.0,10.031621570260608,0.0,7,58
2,1,9,2.8,13.833749038705449,0.0,7,58
2,1,10,2.8,10.937002804157922,0.0,7,58
2,1,11,3.0,10.880278993374894,0.0,7,58
2,1,12,2.8,12.42470890832301,0.0,7,58
2,1,13,2.8,10.879083603709448,0.0,7,58
2,1,14,2.8,11.701102937192664,0.0,7,58
2,1,15,3.0,9.697009558411374,0.0,7,58
2,1,16,2.8,12.828565614817398,0.0,7,58
2,1,17,2.8,10.795835539650975,0.0,7,58
2,1,18,3.0,11.214041396864266,0.0,7,58
2,1,19,3.0,10.640741028102592,0.0,7,58
2,1,20,2.8,8.422960301500082,0.0,7,58
2,1,21,3.0,12.551596118360205,0.0,7,58
3,1,1,3.4,8.220991113467724,0.0,7,58
3,1,2,3.0,10.926997265454135,0.0,7,58
3,1,3,3.2,10.227418813311171,0.0,7,58
3,1,4,2.8,9.472466539540711,0.0,7,58
3,1,5,3.2,8.862843436030992,0.0,7,58
3,1,6,2.8,8.759866340098563,0.0,7,58
3,1,7,2.8,12.654711621288481,0.0,7,58
3,1,8,3.0,9.210295163392047,0.0,7,58
3,1,9,2.8,12.838624039473402,0.0,7,58
3,1,10,2.8,12.732921237620927,0.0,7,58
3,1,11,3.0,9.984388610198831,0.0,7,58
3,1,12,2.8,10.62596532206115,0.0,7,58
3,1,13,3.0,13.261355656305046,0.0,7,58
3,1,14,2.8,11.199350762518206,0.0,7,58
3,1,15,3.2,12.202123357582748,0.0,7,58
3,1,16,2.8,17.29720776775442,0.0,7,58
3,1,17,3.0,10.238983490642736,0.0,7,58
3,1,18,2.8,11.27587477596071,0.0,7,58
3,1,19,2.8,13.32672806981136,0.0,7,58
3,1,20,2.8,8.508768810521016,0.0,7,58
3,1,21,2.8,10.532027752255486,0.0,7,58
1,2,1,4.6,8.536620958732845,0.0,7,58
1,2,2,3.8,9.044244736569322,0.0,7,58
1,2,3,3.4,7.8852567834229195,0.0,7,58
1,2,4,3.0,12.375789703403212,0.0,7,58
1,2,5,3.0,10.1787346389021,0.0,7,58
1,2,6,3.0,9.854893005665975,0.0,7,58
1,2,7,2.8,11.878155781637991,0.0,7,58
1,2,8,2.8,13.398255681670447,0.0,7,58
1,2,9,2.8,10.3897912632481,0.0,7,58
1,2,10,2.8,12.940787040380748,0.0,7,58
1,2,11,2.8,17.359080187329283,0.0,7,58
1,2,12,2.8,10.264700769833905,0.0,7,58
1,2,13,2.8,13.5727751565958,0.0,7,58
1,2,14,2.8,14.210599039778598,0.0,7,58
1,2,15,2.8,12.04693369617579,0.0,7,58
1,2,16,2.8,13.145192333462376,0.0,7,58
1,2,17,3.2,7.759197664310479,0.0,7,58
1,2,18,2.8,9.659905609978242,0.0,7,58
1,2,19,2.8,13.473562887639424,0.0,7,58
1,2,20,3.0,9.271006396123568,0.0,7,58
1,2,21,2.4,14.221407592128635,0.0,5,58
2,2,1,2.8,15.355616985053402,0.0,7,58
2,2,2,2.8,10.302746534589746,0.0,7,58
2,2,3,3.2,10.40290617146106,0.0,7,58
2,2,4,3.0,9.522813512144964,0.0,7,58
2,2,5,2.8,10.622323454755696,0.0,7,58
2,2,6,2.8,11.501931840563996,0.0,7,58
2,2,7,3.0,11.308238662836748,0.0,7,58
2,2,8,3.4,8.877587348385921,0.0,7,58
2,2,9,2.8,12.921400084684816,0.0,7,58
2,2,10,2.8,13.041751115472122,0.0,7,58
2,2,11,3.0,9.651041209809959,0.0,7,58
2,2,12,2.8,12.246733144188276,0.0,7,58
2,2,13,2.8,10.691239243987456,0.0,7,58
2,2,14,2.8,11.178670301774781,0.0,7,58
2,2,15,3.0,9.165670764906624,0.0,7,58
2,2,16,2.8,13.046049012077464,0.0,7,58
2,2,17,2.8,9.9294930074234,0.0,7,58
2,2,18,2.8,11.675013462586334,0.0,7,58
2,2,19,3.2,10.01096479432568,0.0,7,58
2,2,20,2.8,8.991637495586957,0.0,7,58
2,2,21,3.0,9.344450562437883,0.0,7,58
3,2,1,2.8,10.76275969196283,0.0,7,58
3,2,2,2.8,10.930371215394924,0.0,7,58
3,2,3,2.8,14.229785042085918,0.0,7,58
3,2,4,2.8,11.048786908373934,0.0,7,58
3,2,5,2.8,9.582321812526114,0.0,7,58
3,2,6,2.8,10.697477939756268,0.0,7,58
3,2,7,2.8,8.991999630747166,0.0,7,58
3,2,8,2.8,10.921046054687192,0.0,7,58
3,2,9,2.8,15.634287411103537,0.0,7,58
3,2,10,2.8,10.391383752233528,0.0,7,58
3,2,11,2.8,11.304771057317428,0.0,7,58
3,2,12,3.2,10.968376502147661,0.0,7,58
3,2,13,3.0,10.267241972371583,0.0,7,58
3,2,14,3.0,9.525634817908749,0.0,7,58
3,2,15,2.8,16.550417442778556,0.0,7,58
3,2,16,3.0,9.844104606605848,0.0,7,58
3,2,17,2.8,14.235186669777224,0.0,7,58
3,2,18,2.8,12.621388186781704,0.0,7,58
3,2,19,2.8,10.504834790043958,0.0,7,58
3,2,20,2.8,11.821664310045685,0.0,7,58
3,2,21,2.8,8.453371007826021,0.0,7,58
3,2,22,3.2,9.978246060741643,0.0,7,58
1,3,1,4.6,8.244632171895924,0.0,7,58
1,3,2,3.6,10.07358836789941,0.0,7,58
1,3,3,3.4,7.638780100038245,0.0,7,58
1,3,4,3.0,12.708264727878166,0.0,7,58
1,3,5,3.0,8.523412623380853,0.0,7,58
1,3,6,3.0,8.656416216358593,0.0,7,58
1,3,7,2.8,12.004831356988726,0.0,7,58
1,3,8,2.8,11.43208072768642,0.0,7,58
1,3,9,2.8,10.323525542638377,0.0,7,58
1,3,10,2.8,15.152741030272015,0.0,7,58
1,3,11,2.8,16.024312313005396,0.0,7,58
1,3,12,2.8,11.34658385577286,0.0,7,58
1,3,13,2.8,15.969906014062143,0.0,7,58
1,3,14,2.8,12.01664338872966,0.0,7,58
1,3,15,2.8,11.578152265227455,0.0,7,58
1,3,16,2.8,14.20079280408007,0.0,7,58
1,3,17,2.8,9.049520420452048,0.0,7,58
1,3,18,3.0,9.629802145257804,0.0,7,58
1,3,19,3.2,10.44518075632256,0.0,7,58
1,3,20,3.2,8.699944273127961,0.0,7,58
1,3,21,2.75,10.00036945803945,0.0,4,58
2,3,1,3.0,13.707334534725364,0.0,7,58
2,3,2,3.2,10.52087412065081,0.0,7,58
2,3,3,3.4,9.19917745863023,0.0,7,58
2,3,4,3.0,10.225988240139975,0.0,7,58
2,3,5,3.0,9.917752506822833,0.0,7,58
2,3,6,3.0,9.825586108374278,0.0,7,58
2,3,7,3.0,10.409226452395174,0.0,7,58
2,3,8,2.8,11.740262221686146,0.0,7,58
2,3,9,2.8,13.093369633187862,0.0,7,58
2,3,10,2.8,10.275507014542034,0.0,7,58
2,3,11,2.8,12.07041911517361,0.0,7,58
2,3,12,2.8,12.176522750257348,0.0,7,58
2,3,13,2.8,9.025346586554653,0.0,7,58
2,3,14,3.0,10.497640914144835,0.0,7,58
2,3,15,3.0,8.984752219630796,0.0,7,58
2,3,16,3.0,11.995767601570023,0.0,7,58
2,3,17,2.8,10.823757417627833,0.0,7,58
2,3,18,3.0,13.236865365992845,0.0,7,58
2,3,19,3.0,7.916243691215634,0.0,7,58
2,3,20,2.8,8.40797798874565,0.0,7,58
2,3,21,3.0,11.546883027884382,0.0,7,58
3,3,1,3.0,8.945353188041661,0.0,7,58
3,3,2,2.8,13.892967164125642,0.0,7,58
3,3,3,2.8,10.82713939820524,0.0,7,58
3,3,4,2.8,12.292830577811724,0.0,7,58
3,3,5,2.8,10.942565265472435,0.0,7,58
3,3,6,2.8,7.694789499834647,0.0,7,58
3,3,7,2.8,11.411862095359776,0.0,7,58
3,3,8,2.8,12.27615776071749,0.0,7,58
3,3,9,3.0,12.422268304741552,0.0,7,58
3,3,10,2.8,9.996069103285464,0.0,7,58
3,3,11,2.8,11.41124812059166,0.0,7,58
3,3,12,3.6,8.225849428347807,0.125,7,58
3,3,13,2.8,11.4500733812349,0.0,7,58
3,3,14,2.8,9.776547325285458,0.0,7,58
3,3,15,2.8,13.65935995318489,0.0,7,58
3,3,16,3.0,10.243222169538107,0.0,7,58
3,3,17,2.8,12.632692616399998,0.0,7,58
3,3,18,3.0,9.831624269222917,0.0,7,58
3,3,19,2.8,12.389966102213103,0.0,7,58
3,3,20,2.8,9.880088109545401,0.0,7,58
3,3,21,2.8,12.254276759012983,0.0,7,58
3,3,22,2.6,12.793027537713236,0.0,6,58
1,4,1,4.6,7.993105778836229,0.0,7,58
1,4,2,3.8,10.174234913996973,0.0,7,58
1,4,3,3.4,7.654873699151693,0.0,7,58
1,4,4,3.0,14.082114426976304,0.0,7,58
1,4,5,3.0,9.088739235887491,0.0,7,58
1,4,6,3.0,8.778209631611192,0.0,7,58
1,4,7,2.8,11.67110710329643,0.0,7,58
1,4,8,2.8,13.280147486576238,0.0,7,58
1,4,9,2.8,9.782590801953056,0.0,7,58
1,4,10,2.8,12.996607004720866,0.0,7,58
1,4,11,2.8,16.36885667970391,0.0,7,58
1,4,12,2.8,11.564869941065162,0.0,7,58
1,4,13,2.8,15.571974371707682,0.0,7,58
1,4,14,2.8,15.609382849570123,0.0,7,58
1,4,15,2.8,11.408338242563012,0.0,7,58
1,4,16,2.8,13.620583970425248,0.0,7,58
1,4,17,3.2,8.373783094572678,0.0,7,58
1,4,18,2.8,9.897905258824187,0.0,7,58
1,4,19,3.2,10.727457961985557,0.0,7,58
1,4,20,3.0,10.488645119766971,0.0,7,58
1,4,21,2.5,11.245300029369028,0.0,4,58
2,4,1,2.8,14.482931051483822,0.0,7,58
2,4,2,2.8,12.339843731519917,0.0,7,58
2,4,3,3.4,10.995474839367652,0.0,7,58
2,4,4,3.6,8.526609479387748,0.0,7,58
2,4,5,2.8,10.535294036915895,0.0,7,58
2,4,6,2.8,11.52619492975215,0.0,7,58
2,4,7,3.4,10.000913424979075,0.0,7,58
2,4,8,3.0,11.314645429600263,0.0,7,58
2,4,9,2.8,10.07068175275851,0.0,7,58
2,4,10,2.8,10.82036895847988,0.0,7,58
2,4,11,2.8,13.522231537413854,0.0,7,58
2,4,12,2.8,12.65610271075921,0.0,7,58
2,4,13,2.8,11.802833197093456,0.0,7,58
2,4,14,2.8,11.54647173346667,0.0,7,58
2,4,15,3.0,9.132323925454768,0.0,7,58
2,4,16,2.8,13.72071929887952,0.0,7,58
2,4,17,2.8,10.664070466881086,0.0,7,58
2,4,18,3.0,12.678562828715975,0.0,7,58
2,4,19,3.0,9.574642343284415,0.0,7,58
2,4,20,2.8,8.6615283514962,0.0,7,58
2,4,21,3.0,10.138145284166887,0.0,7,58
3,4,1,3.2,9.748428370611446,0.0,7,58
3,4,2,3.2,10.431828751587151,0.0,7,58
3,4,3,3.2,10.04269119349935,0.0,7,58
3,4,4,2.8,9.66710372258947,0.0,7,58
3,4,5,3.0,8.742838772859416,0.0,7,58
3,4,6,2.8,9.031125504116744,0.0,7,58
3,4,7,3.0,11.500647227718934,0.0,7,58
3,4,8,3.0,10.20965265389425,0.0,7,58
3,4,9,2.8,12.705273279084798,0.0,7,58
3,4,10,2.8,11.868148353455776,0.0,7,58
3,4,11,3.0,9.839819956178928,0.0,7,58
3,4,12,2.8,11.334909346220188,0.0,7,58
3,4,13,3.0,11.136447067765758,0.0,7,58
3,4,14,2.8,9.975507882121375,0.0,7,58
3,4,15,3.2,11.847572099665488,0.0,7,58
3,4,16,2.8,15.079566910642042,0.0,7,58
3,4,17,3.0,9.97188161403099,0.0,7,58
3,4,18,2.8,12.625975534188008,0.0,7,58
3,4,19,2.8,10.060466712129708,0.0,7,58
3,4,20,2.8,8.970521169919994,0.0,7,58
3,4,21,2.8,11.416712573408121,0.0,7,58
1,5,1,4.6,8.4056369749285,0.0,7,58
1,5,2,3.6,10.107380976168942,0.0,7,58
1,5,3,3.4,8.256268355962725,0.0,7,58
1,5,4,3.0,14.341477598435743,0.0,7,58
1,5,5,3.0,9.830434867953954,0.0,7,58
1,5,6,3.0,10.280968644587277,0.0,7,58
1,5,7,2.8,12.52898691565504,0.0,7,58
1,5,8,2.8,10.644518645424714,0.0,7,58
1,5,9,2.8,11.639594702894314,0.0,7,58
1,5,10,2.8,12.884782031229726,0.0,7,58
1,5,11,2.8,21.51727732932576,0.0,7,58
1,5,12,2.8,10.008559733127855,0.0,7,58
1,5,13,2.8,16.315821637993597,0.0,7,58
1,5,14,2.8,10.453261322245403,0.0,7,58
1,5,15,2.8,10.868176171654909,0.0,7,58
1,5,16,2.8,12.67718096449613,0.0,7,58
1,5,17,3.4,8.083029773937536,0.0,7,58
1,5,18,3.2,7.464672977013679,0.0,7,58
1,5,19,3.2,9.745985237559204,0.0,7,58
1,5,20,3.0,9.13180850127419,0.0,7,58
2,5,1,3.6,10.365498701130331,0.0,7,58
2,5,2,3.6,10.28266941404809,0.0,7,58
2,5,3,3.4,11.24703299014485,0.0,7,58
2,5,4,3.4,8.012502898387073,0.0,7,58
2,5,5,2.8,12.032424587972843,0.0,7,58
2,5,6,2.8,9.821078302482137,0.0,7,58
2,5,7,3.2,9.316348958121617,0.0,7,58
2,5,8,2.8,11.089613883781897,0.0,7,58
2,5,9,2.8,17.628926347334207,0.0,7,58
2,5,10,2.8,10.567826991302082,0.0,7,58
2,5,11,2.8,13.730226791911624,0.0,7,58
2,5,12,2.8,15.08058425435005,0.0,7,58
2,5,13,2.8,10.319335251012937,0.0,7,58
2,5,14,2.8,9.440955942462278,0.0,7,58
2,5,15,3.0,10.288404186058354,0.0,7,58
2,5,16,2.8,10.37847611730985,0.0,7,58
2,5,17,2.8,11.063815623644725,0.0,7,58
2,5,18,3.0,12.706907010372705,0.0,7,58
2,5,19,3.0,8.768836982997376,0.0,7,58
2,5,20,2.8,9.31796927868947,0.0,7,58
2,5,21,2.2,14.386352802787961,0.0,5,58
3,5,1,3.0,10.047500917586675,0.0,7,58
3,5,2,2.8,10.66955433745706,0.0,7,58
3,5,3,2.8,9.94672554507295,0.0,7,58
3,5,4,2.8,10.287227549317995,0.0,7,58
3,5,5,2.8,10.211758322182371,0.0,7,58
3,5,6,2.8,8.789557083216835,0.0,7,58
3,5,7,2.8,10.922734533874468,0.0,7,58
3,5,8,2.8,11.197354781662904,0.0,7,58
3,5,9,2.8,10.292478119330141,0.0,7,58
3,5,10,2.8,9.945904706457927,0.0,7,58
3,5,11,2.8,13.993946366713589,0.0,7,58
3,5,12,3.0,10.838754290964985,0.0,7,58
3,5,13,3.0,10.081086072367713,0.0,7,58
3,5,14,3.0,8.863050164292485,0.0,7,58
3,5,15,2.8,16.550417442778766,0.0,7,58
3,5,16,3.0,10.705658846619688,0.0,7,58
3,5,17,2.8,15.003431128451355,0.0,7,58
3,5,18,3.2,9.594163083155799,0.0,7,58
3,5,19,2.8,11.194103916421165,0.0,7,58
3,5,20,2.8,9.318104525202205,0.0,7,58
3,5,21,2.8,10.057069314096163,0.0,7,58
3,5,22,2.8,11.96277986413964,0.0,6,58
1,6,1,4.4,8.310826089808648,0.0,7,58
1,6,2,3.8,8.73309257593736,0.0,7,58
1,6,3,3.2,8.082620347893364,0.0,7,58
1,6,4,3.0,11.696077711393045,0.0,7,58
1,6,5,3.0,9.888224343027487,0.0,7,58
1,6,6,2.8,11.905660932007262,0.0,7,58
1,6,7,2.8,11.255003362329626,0.0,7,58
1,6,8,2.8,10.354017271206606,0.0,7,58
1,6,9,2.8,14.65702968427022,0.0,7,58
1,6,10,2.8,11.01127258256375,0.0,7,58
1,6,11,2.8,16.811579791580083,0.0,7,58
1,6,12,2.8,12.58351841050085,0.0,7,58
1,6,13,2.8,12.21424839472684,0.0,7,58
1,6,14,2.8,13.336085813559102,0.0,7,58
1,6,15,2.8,12.144434869773917,0.0,7,58
1,6,16,2.8,12.454939377326397,0.0,7,58
1,6,17,3.0,9.610069197771452,0.0,7,58
1,6,18,2.8,11.976749803215583,0.0,7,58
1,6,19,3.0,13.098079443657358,0.0,7,58
1,6,20,3.0,9.129651676408187,0.0,7,58
1,6,21,3.0,9.289266523180867,0.0,6,58
2,6,1,3.2,14.860156493110825,0.0,7,58
2,6,2,3.0,11.161884834070486,0.0,7,58
2,6,3,3.8,8.179452721336448,0.125,7,58
2,6,4,2.8,10.869568320195215,0.0,7,58
2,6,5,2.8,11.238526648886362,0.0,7,58
2,6,6,2.8,9.094431251147434,0.0,7,58
2,6,7,3.4,9.636059386380976,0.0,7,58
2,6,8,3.0,11.312845224515648,0.0,7,58
2,6,9,2.8,12.027318685091272,0.0,7,58
2,6,10,2.8,9.039037966992382,0.0,7,58
2,6,11,2.8,15.297037218697485,0.0,7,58
2,6,12,2.8,12.616804930619052,0.0,7,58
2,6,13,2.8,11.363792282020436,0.0,7,58
2,6,14,2.8,11.06460225397553,0.0,7,58
2,6,15,3.0,10.663724869480516,0.0,7,58
2,6,16,3.0,10.885413475837948,0.0,7,58
2,6,17,2.8,10.285628676428276,0.0,7,58
2,6,18,3.0,12.428984591107769,0.0,7,58
2,6,19,3.0,10.050982041305426,0.0,7,58
2,6,20,2.8,8.907696854971759,0.0,7,58
2,6,21,2.8,10.08978473496257,0.0,6,58
3,6,1,3.2,8.466445230917794,0.0,7,58
3,6,2,2.8,10.04366507565677,0.0,7,58
3,6,3,2.8,13.062053150291344,0.0,7,58
3,6,4,2.8,8.783675582945758,0.0,7,58
3,6,5,2.8,11.274105505973068,0.0,7,58
3,6,6,2.8,8.91904009777692,0.0,7,58
3,6,7,2.8,12.302706723279838,0.0,7,58
3,6,8,2.8,11.040358265728386,0.0,7,58
3,6,9,2.8,15.665650174098717,0.0,7,58
3,6,10,2.8,10.07842886643249,0.0,7,58
3,6,11,2.8,13.29669068358214,0.0,7,58
3,6,12,3.6,7.906822741951088,0.125,7,58
3,6,13,3.2,9.13512713323444,0.0,7,58
3,6,14,3.0,10.553937021827311,0.0,7,58
3,6,15,3.0,10.66302993581161,0.0,7,58
3,6,16,2.8,12.642341243965086,0.0,7,58
3,6,17,3.0,11.690708413101108,0.0,7,58
3,6,18,3.0,10.622464086211378,0.0,7,58
3,6,19,2.8,11.706872090115152,0.0,7,58
3,6,20,2.8,9.320830443032486,0.0,7,58
3,6,21,2.8,10.568072124662587,0.0,7,58
3,6,22,2.25,12.808257164502045,0.0,4,58
1,7,1,4.4,8.74501227446715,0.0,7,58
1,7,2,3.8,10.461450579030142,0.0,7,58
1,7,3,3.4,8.722337301661995,0.0,7,58
1,7,4,3.0,12.0236365957917,0.0,7,58
1,7,5,3.0,9.401022323538522,0.0,7,58
1,7,6,3.0,10.796735475340824,0.0,7,58
1,7,7,2.8,14.663049653813186,0.0,7,58
1,7,8,2.8,11.303417282737042,0.0,7,58
1,7,9,2.8,10.359018773538606,0.0,7,58
1,7,10,2.8,16.660953151561692,0.0,7,58
1,7,11,2.8,18.36893830738996,0.0,7,58
1,7,12,2.8,10.126290202859325,0.0,7,58
1,7,13,2.8,16.95865325217418,0.0,7,58
1,7,14,2.8,10.48965381806926,0.0,7,58
1,7,15,2.8,12.754431653178019,0.0,7,58
1,7,16,2.8,13.561613321548144,0.0,7,58
1,7,17,2.8,8.76010192184933,0.0,7,58
1,7,18,3.0,8.748987381030625,0.0,7,58
1,7,19,3.0,12.363338586157194,0.0,7,58
1,7,20,3.2,8.283259380665909,0.0,7,58
1,7,21,2.4,14.925909656199327,0.0,6,58
2,7,1,3.0,12.301296483369399,0.0,7,58
2,7,2,2.8,11.571323827889218,0.0,7,58
2,7,3,3.8,9.079362995821212,0.125,7,58
2,7,4,2.8,9.08320970362499,0.0,7,58
2,7,5,2.8,11.733541947028657,0.0,7,58
2,7,6,2.8,9.697524697483423,0.0,7,58
2,7,7,3.6,10.150688869546109,0.125,7,58
2,7,8,2.8,11.717769306758363,0.0,7,58
2,7,9,2.8,11.386970356034318,0.0,7,58
2,7,10,2.8,11.055622215291827,0.0,7,58
2,7,11,2.8,11.700943141932513,0.0,7,58
2,7,12,3.0,10.336866802963241,0.0,7,58
2,7,13,2.8,11.322147968312091,0.0,7,58
2,7,14,2.8,12.776623109563577,0.0,7,58
2,7,15,3.0,8.906251200441398,0.0,7,58
2,7,16,3.0,10.695203438712253,0.0,7,58
2,7,17,2.8,11.582146043880144,0.0,7,58
2,7,18,3.0,14.12329045633279,0.0,7,58
2,7,19,3.0,10.016505304585097,0.0,7,58
2,7,20,2.8,9.432360216595482,0.0,7,58
2,7,21,3.0,9.243364215567208,0.0,6,58
3,7,1,3.2,8.633767006049828,0.0,7,58
3,7,2,3.0,10.33643224617341,0.0,7,58
3,7,3,2.8,15.800954528312502,0.0,7,58
3,7,4,2.8,8.057486600860898,0.0,7,58
3,7,5,2.8,9.741972362704843,0.0,7,58
3,7,6,2.8,9.736991791679818,0.0,7,58
3,7,7,3.0,8.907708499075559,0.0,7,58
3,7,8,2.8,11.006756252229799,0.0,7,58
3,7,9,2.8,14.398378383508248,0.0,7,58
3,7,10,2.8,9.447590166960877,0.0,7,58
3,7,11,2.8,14.831772986502145,0.0,7,58
3,7,12,3.6,9.672936745273404,0.125,7,58
3,7,13,3.0,11.585750811126454,0.0,7,58
3,7,14,2.8,13.328920063582721,0.0,7,58
3,7,15,2.8,11.4359145938299,0.0,7,58
3,7,16,2.8,13.604620570574927,0.0,7,58
3,7,17,2.8,10.25023447557995,0.0,7,58
3,7,18,2.8,10.244062129455438,0.0,7,58
3,7,19,2.8,12.88594475454743,0.0,7,58
3,7,20,2.8,9.300468394121692,0.0,7,58
3,7,21,3.0,9.568670780875141,0.0,7,58
3,7,22,2.2,16.304137069197424,0.0,5,58
1,8,1,4.4,9.82907818335146,0.0,7,58
1,8,2,3.8,9.656752220949173,0.0,7,58
1,8,3,3.4,7.296554536822866,0.0,7,58
1,8,4,3.0,13.415565492309467,0.0,7,58
1,8,5,3.4,8.586374976641386,0.0,7,58
1,8,6,2.8,10.164558028972795,0.0,7,58
1,8,7,2.8,12.092683339380544,0.0,7,58
1,8,8,2.8,16.25308414604518,0.0,7,58
1,8,9,2.8,13.043489259880412,0.0,7,58
1,8,10,2.8,14.15685040943704,0.0,7,58
1,8,11,2.8,18.364208256766766,0.0,7,58
1,8,12,2.8,11.884175687256434,0.0,7,58
1,8,13,2.8,16.19991195237352,0.0,7,58
1,8,14,2.8,12.221899919835232,0.0,7,58
1,8,15,3.0,11.204100159203607,0.0,7,58
1,8,16,2.8,10.832017797313014,0.0,7,58
1,8,17,3.0,8.001567158693474,0.0,7,58
1,8,18,3.2,8.950350321565546,0.0,7,58
1,8,19,2.8,12.443161373325434,0.0,7,58
1,8,20,3.0,9.192622142353823,0.0,7,58
1,8,21,2.5,11.014072060130225,0.0,4,58
2,8,1,3.2,11.462463229170549,0.0,7,58
2,8,2,2.8,11.479043222881723,0.0,7,58
2,8,3,3.8,7.7671423659561025,0.0,7,58
2,8,4,3.2,9.309587650483172,0.0,7,58
2,8,5,2.8,13.640289134396706,0.0,7,58
2,8,6,2.8,10.306012049946519,0.0,7,58
2,8,7,3.2,9.916598776594357,0.0,7,58
2,8,8,3.0,10.588210508409352,0.0,7,58
2,8,9,2.8,12.195190759291934,0.0,7,58
2,8,10,2.8,11.680136150988657,0.0,7,58
2,8,11,2.8,14.065745071568347,0.0,7,58
2,8,12,2.8,14.33152301166189,0.0,7,58
2,8,13,2.8,12.300847486863834,0.0,7,58
2,8,14,2.8,11.06460225397553,0.0,7,58
2,8,15,3.0,10.57156513269824,0.0,7,58
2,8,16,3.0,12.066591113291564,0.0,7,58
2,8,17,2.8,11.067339963575852,0.0,7,58
2,8,18,3.0,14.628876502600859,0.0,7,58
2,8,19,2.8,10.258603002172848,0.0,7,58
2,8,20,2.8,8.670198268161837,0.0,7,58
2,8,21,3.0,9.385203575642416,0.0,7,58
3,8,1,2.8,10.631795878222883,0.0,7,58
3,8,2,2.8,10.852789516935818,0.0,7,58
3,8,3,3.0,11.039530754805664,0.0,7,58
3,8,4,2.8,9.563382843980268,0.0,7,58
3,8,5,2.8,10.420541283155933,0.0,7,58
3,8,6,2.8,9.38286207141567,0.0,7,58
3,8,7,2.8,10.903262521022654,0.0,7,58
3,8,8,2.8,11.779637821667698,0.0,7,58
3,8,9,2.8,14.836581254530344,0.0,7,58
3,8,10,2.8,12.534604207763511,0.0,7,58
3,8,11,2.8,10.54404610970848,0.0,7,58
3,8,12,3.0,11.577363178476329,0.0,7,58
3,8,13,3.0,9.119113042752605,0.0,7,58
3,8,14,3.0,10.025282074603613,0.0,7,58
3,8,15,2.8,15.620489551377794,0.0,7,58
3,8,16,3.0,10.46746997024914,0.0,7,58
3,8,17,2.8,14.644195738740851,0.0,7,58
3,8,18,2.8,10.852196589697158,0.0,7,58
3,8,19,2.8,12.153975332377861,0.0,7,58
3,8,20,2.8,10.914523203967667,0.0,7,58
3,8,21,2.8,9.533902667471866,0.0,7,58
3,8,22,3.0,10.76986320947215,0.0,7,58
1,9,1,4.2,8.843692837715677,0.0,7,58
1,9,2,3.6,9.463235305898115,0.0,7,58
1,9,3,3.4,9.049268874641875,0.0,7,58
1,9,4,3.2,11.660575557557983,0.0,7,58
1,9,5,3.0,9.1523308164338,0.0,7,58
1,9,6,2.8,9.59332305975009,0.0,7,58
1,9,7,2.8,12.864890403337695,0.0,7,58
1,9,8,2.8,11.200815808205816,0.0,7,58
1,9,9,2.8,14.764766138098567,0.0,7,58
1,9,10,2.8,13.207446006650509,0.0,7,58
1,9,11,2.8,11.875231766625628,0.0,7,58
1,9,12,2.8,12.127669593170912,0.0,7,58
1,9,13,2.8,14.613494040891661,0.0,7,58
1,9,14,2.8,12.505795734266023,0.0,7,58
1,9,15,3.0,9.866814479906756,0.0,7,58
1,9,16,2.8,13.895561495386891,0.0,7,58
1,9,17,3.0,8.032107640992683,0.0,7,58
1,9,18,3.4,8.216118281185954,0.0,7,58
1,9,19,2.8,12.266766223873503,0.0,7,58
1,9,20,2.8,9.788320060374671,0.0,7,58
1,9,21,2.6,11.304146260435699,0.0,5,58
2,9,1,3.0,16.980098348906605,0.0,7,58
2,9,2,3.0,10.596326396063738,0.0,7,58
2,9,3,3.2,12.205196752346271,0.0,7,58
2,9,4,3.4,9.07459595354661,0.0,7,58
2,9,5,2.8,10.39208762999525,0.0,7,58
2,9,6,2.8,9.42932468237186,0.0,7,58
2,9,7,3.2,8.802398619669772,0.0,7,58
2,9,8,3.2,11.93900047583085,0.0,7,58
2,9,9,2.8,11.938095369047963,0.0,7,58
2,9,10,2.8,10.72549383119232,0.0,7,58
2,9,11,2.8,13.954151049028429,0.0,7,58
2,9,12,2.8,13.174062829761384,0.0,7,58
2,9,13,2.8,12.553846771443107,0.0,7,58
2,9,14,2.8,10.605450792896573,0.0,7,58
2,9,15,3.0,9.02452396607564,0.0,7,58
2,9,16,2.8,11.227229130614566,0.0,7,58
2,9,17,2.8,11.336100382427933,0.0,7,58
2,9,18,3.0,12.149659350228532,0.0,7,58
2,9,19,3.0,9.172578492143254,0.0,7,58
2,9,20,2.8,8.785952995472956,0.0,7,58
2,9,21,3.0,9.812829047861353,0.0,7,58
3,9,1,3.0,10.966278757480469,0.0,7,58
3,9,2,2.8,13.554288818339083,0.0,7,58
3,9,3,2.8,11.122484516718547,0.0,7,58
3,9,4,2.8,10.553489234821496,0.0,7,58
3,9,5,2.8,9.253822563365276,0.0,7,58
3,9,6,2.8,9.819736014948532,0.0,7,58
3,9,7,3.0,10.524850695143963,0.0,7,58
3,9,8,2.8,10.600259160137195,0.0,7,58
3,9,9,2.8,12.320560558073874,0.0,7,58
3,9,10,2.8,11.478068995403511,0.0,7,58
3,9,11,2.8,14.563120095977279,0.0,7,58
3,9,12,3.6,8.214800992393386,0.125,7,58
3,9,13,3.0,9.436351742648723,0.0,7,58
3,9,14,2.8,10.442765954025218,0.0,7,58
3,9,15,3.0,11.773441668818153,0.0,7,58
3,9,16,2.8,12.040126456121804,0.0,7,58
3,9,17,2.8,10.688191901146299,0.0,7,58
3,9,18,2.8,13.765298940249625,0.0,7,58
3,9,19,2.8,11.97748167717345,0.0,7,58
3,9,20,2.8,10.075399393218232,0.0,7,58
3,9,21,2.8,12.504823201381953,0.0,7,58
3,9,22,2.6,12.713251177657641,0.0,6,58
1,10,1,4.6,8.876122647591977,0.0,7,58
1,10,2,3.8,9.841897322360316,0.0,7,58
1,10,3,3.4,8.655418071607002,0.0,7,58
1,10,4,2.8,15.188173490274,0.0,7,58
1,10,5,3.0,8.887984953445756,0.0,7,58
1,10,6,2.8,10.579295531610738,0.0,7,58
1,10,7,2.8,11.661486330419658,0.0,7,58
1,10,8,2.8,10.194884019828644,0.0,7,58
1,10,9,2.8,14.040272249483614,0.0,7,58
1,10,10,2.8,16.879688592421047,0.0,7,58
1,10,11,2.8,15.234887048094816,0.0,7,58
1,10,12,2.8,11.139365277367473,0.0,7,58
1,10,13,2.8,13.314317023664715,0.0,7,58
1,10,14,2.8,12.54510854745744,0.0,7,58
1,10,15,3.0,9.704471723187659,0.0,7,58
1,10,16,2.8,13.292382012555091,0.0,7,58
1,10,17,3.4,8.215264604362243,0.0,7,58
1,10,18,2.8,8.786621838266718,0.0,7,58
1,10,19,3.2,9.770796336179894,0.0,7,58
1,10,20,3.0,9.951679654885377,0.0,7,58
1,10,21,2.5,11.766809582661988,0.0,4,58
2,10,1,3.8,10.468887995745746,0.0,7,58
2,10,2,3.8,9.147590322431746,0.0,7,58
2,10,3,3.6,9.363023654130739,0.0,7,58
2,10,4,3.2,8.545518415328553,0.0,7,58
2,10,5,3.0,10.298319226549413,0.0,7,58
2,10,6,3.0,13.072671698531071,0.0,7,58
2,10,7,3.0,10.55780753026753,0.0,7,58
2,10,8,3.0,10.506268123433598,0.0,7,58
2,10,9,2.8,12.249480987214005,0.0,7,58
2,10,10,2.8,11.849441252404857,0.0,7,58
2,10,11,2.8,11.474886885081615,0.0,7,58
2,10,12,2.8,15.750772996987283,0.0,7,58
2,10,13,2.8,12.060575642490305,0.0,7,58
2,10,14,2.8,8.938551756771632,0.0,7,58
2,10,15,3.0,11.842066970633454,0.0,7,58
2,10,16,2.8,12.94530583634465,0.0,7,58
2,10,17,2.8,12.673632758778929,0.0,7,58
2,10,18,3.2,8.696170967468307,0.0,7,58
2,10,19,2.8,9.367041634938468,0.0,7,58
2,10,20,3.0,9.569838124302791,0.0,7,58
3,10,1,2.8,10.121555427506522,0.0,7,58
3,10,2,2.8,11.886279830596424,0.0,7,58
3,10,3,2.8,12.96307114675548,0.0,7,58
3,10,4,2.8,9.840020174990354,0.0,7,58
3,10,5,2.8,9.89229255198142,0.0,7,58
3,10,6,2.8,9.789948587705778,0.0,7,58
3,10,7,2.8,10.726764942729114,0.0,7,58
3,10,8,3.0,9.978452427358238,0.0,7,58
3,10,9,2.8,13.494447485442322,0.0,7,58
3,10,10,2.8,11.001429463662426,0.0,7,58
3,10,11,2.8,12.635186474830943,0.0,7,58
3,10,12,3.6,8.68412630799613,0.125,7,58
3,10,13,2.8,10.2100636743205,0.0,7,58
3,10,14,2.8,9.167194317764785,0.0,7,58
3,10,15,2.8,16.695546599790976,0.0,7,58
3,10,16,3.0,11.140482702115127,0.0,7,58
3,10,17,2.8,13.660300305500515,0.0,7,58
3,10,18,3.0,10.101502204418422,0.0,7,58
3,10,19,2.8,12.52353990674032,0.0,7,58
3,10,20,2.8,9.536030741873331,0.0,7,58
3,10,21,2.8,9.659960257658858,0.0,7,58
3,10,22,2.8,11.07466419167563,0.0,6,58
1,11,1,4.6,7.736555725655955,0.0,7,58
1,11,2,3.6,11.32284796328744,0.0,7,58
1,11,3,3.4,8.111786750186559,0.0,7,58
1,11,4,3.0,11.409003151805116,0.0,7,58
1,11,5,3.0,9.214151007693332,0.0,7,58
1,11,6,3.0,8.89931031511312,0.0,7,58
1,11,7,2.8,11.701777283605647,0.0,7,58
1,11,8,2.8,9.518053280293245,0.0,7,58
1,11,9,2.8,12.305097411743825,0.0,7,58
1,11,10,2.8,12.967965891830726,0.0,7,58
1,11,11,2.8,17.93165460692601,0.0,7,58
1,11,12,2.8,10.701762663060482,0.0,7,58
1,11,13,2.8,17.299446106865993,0.0,7,58
1,11,14,2.8,12.08896405121927,0.0,7,58
1,11,15,3.0,11.031126720931125,0.0,7,58
1,11,16,2.8,10.418071373549049,0.0,7,58
1,11,17,3.2,7.839956366312208,0.0,7,58
1,11,18,3.2,8.297195539475199,0.0,7,58
1,11,19,3.2,9.425849308332882,0.0,7,58
1,11,20,3.0,9.022428204018025,0.0,7,58
2,11,1,3.0,12.579609639070544,0.0,7,58
2,11,2,2.8,10.000880158733356,0.0,7,58
2,11,3,3.8,9.314425508867618,0.125,7,58
2,11,4,3.2,9.343725789814162,0.0,7,58
2,11,5,2.8,11.964002240407924,0.0,7,58
2,11,6,2.8,9.533903005439646,0.0,7,58
2,11,7,3.6,9.144040582688513,0.125,7,58
2,11,8,2.8,13.281973060868037,0.0,7,58
2,11,9,2.8,11.029597246272695,0.0,7,58
2,11,10,2.8,11.482775625247678,0.0,7,58
2,11,11,2.8,14.464938685507196,0.0,7,58
2,11,12,2.8,9.159167335365936,0.0,7,58
2,11,13,2.8,12.553321501268508,0.0,7,58
2,11,14,3.0,9.419565213595845,0.0,7,58
2,11,15,3.0,10.03559952531349,0.0,7,58
2,11,16,3.0,12.20486325378909,0.0,7,58
2,11,17,2.8,13.35233625393532,0.0,7,58
2,11,18,3.0,10.968733778852311,0.0,7,58
2,11,19,3.0,9.843142380068672,0.0,7,58
2,11,20,2.8,9.4751808012637,0.0,7,58
2,11,21,2.6,11.788668599148574,0.0,6,58
3,11,1,3.0,10.181306600063994,0.0,7,58
3,11,2,2.8,11.300384543176518,0.0,7,58
3,11,3,2.8,12.665709054489287,0.0,7,58
3,11,4,2.8,9.95243133996625,0.0,7,58
3,11,5,2.8,9.849948647891262,0.0,7,58
3,11,6,2.8,10.4756846555507,0.0,7,58
3,11,7,2.8,10.280161688844377,0.0,7,58
3,11,8,2.8,10.976306397028317,0.0,7,58
3,11,9,2.8,13.924565666801477,0.0,7,58
3,11,10,2.8,9.693686605456056,0.0,7,58
3,11,11,2.8,13.039248923179079,0.0,7,58
3,11,12,3.2,12.73612379524942,0.0,7,58
3,11,13,2.8,10.013999201597063,0.0,7,58
3,11,14,2.8,9.523469617568725,0.0,7,58
3,11,15,2.8,14.041150902029901,0.0,7,58
3,11,16,3.2,10.041059427780192,0.0,7,58
3,11,17,2.8,14.96671641703476,0.0,7,58
3,11,18,2.8,11.272215888047082,0.0,7,58
3,11,19,2.8,11.802176247436428,0.0,7,58
3,11,20,2.8,10.25566195308712,0.0,7,58
3,11,21,2.8,9.054042018997617,0.0,7,58
3,11,22,3.2,9.381339090569709,0.0,7,58
1,12,1,4.6,8.23336752277455,0.0,7,58
1,12,2,3.6,9.296545983203526,0.0,7,58
1,12,3,3.2,8.007438548436692,0.0,7,58
1,12,4,3.2,12.41197520085452,0.0,7,58
1,12,5,3.2,7.447041941831821,0.0,7,58
1,12,6,2.8,10.761777819449621,0.0,7,58
1,12,7,2.8,13.950207850321437,0.0,7,58
1,12,8,2.8,14.208456859617066,0.0,7,58
1,12,9,2.8,10.804793256649125,0.0,7,58
1,12,10,2.8,17.432102467833417,0.0,7,58
1,12,11,2.8,15.609234157408892,0.0,7,58
1,12,12,2.8,11.586567413257058,0.0,7,58
1,12,13,2.8,23.058504280549677,0.0,7,58
1,12,14,2.8,14.263683591653532,0.0,7,58
1,12,15,2.8,12.673956196600653,0.0,7,58
1,12,16,3.0,10.75634293006621,0.0,7,58
1,12,17,3.2,7.526604973828908,0.0,7,58
1,12,18,2.8,10.01303189461219,0.0,7,58
1,12,19,3.0,11.446854036145167,0.0,7,58
1,12,20,3.2,9.817062186633429,0.0,7,58
1,12,21,2.5,9.45821871645103,0.0,4,58
2,12,1,3.0,13.98951117685398,0.0,7,58
2,12,2,3.2,9.796264986709,0.0,7,58
2,12,3,3.6,8.809098350057539,0.0,7,58
2,12,4,3.2,9.541974571973771,0.0,7,58
2,12,5,2.8,12.838571716717277,0.0,7,58
2,12,6,2.8,9.388449818772703,0.0,7,58
2,12,7,3.2,10.441414416754977,0.0,7,58
2,12,8,2.8,12.62720859584415,0.0,7,58
2,12,9,2.8,11.113762260968109,0.0,7,58
2,12,10,2.8,11.801680189598406,0.0,7,58
2,12,11,2.8,14.380680688176458,0.0,7,58
2,12,12,2.8,11.09491260881434,0.0,7,58
2,12,13,2.8,12.401121107219769,0.0,7,58
2,12,14,2.8,11.701102937192612,0.0,7,58
2,12,15,3.0,9.159677525180706,0.0,7,58
2,12,16,2.8,12.021672567875251,0.0,7,58
2,12,17,2.8,14.239225354405301,0.0,7,58
2,12,18,2.8,13.991077784915431,0.0,7,58
2,12,19,3.0,10.672715915893301,0.0,7,58
2,12,20,2.8,7.6393306999440735,0.0,7,58
2,12,21,3.0,10.685152331741717,0.0,7,58
3,12,1,3.0,8.880411497896459,0.0,7,58
3,12,2,2.8,11.035324250444843,0.0,7,58
3,12,3,2.8,13.534587931438445,0.0,7,58
3,12,4,2.8,9.47449510322493,0.0,7,58
3,12,5,2.8,9.468717704410768,0.0,7,58
3,12,6,2.8,8.802206822067815,0.0,7,58
3,12,7,2.8,10.637766535142696,0.0,7,58
3,12,8,2.8,12.325637207715465,0.0,7,58
3,12,9,2.8,13.00659269989114,0.0,7,58
3,12,10,2.8,10.263004089278192,0.0,7,58
3,12,11,3.0,11.284230551295108,0.0,7,58
3,12,12,3.0,11.447690570735379,0.0,7,58
3,12,13,3.4,8.833047312617927,0.0,7,58
3,12,14,2.8,9.532740280497276,0.0,7,58
3,12,15,2.8,13.53841681814726,0.0,7,58
3,12,16,3.0,11.36635987190175,0.0,7,58
3,12,17,2.8,11.580269737446121,0.0,7,58
3,12,18,2.8,10.512483929715854,0.0,7,58
3,12,19,2.8,12.600945885279138,0.0,7,58
3,12,20,2.8,10.003964117360653,0.0,7,58
3,12,21,2.8,10.671222430718828,0.0,7,58
3,12,22,2.8,10.897079230637507,0.0,7,58
1,13,1,4.8,8.43685052959677,0.0,7,58
1,13,2,3.6,9.928614078109561,0.0,7,58
1,13,3,3.4,8.09716495541515,0.0,7,58
1,13,4,2.8,14.924854263978508,0.0,7,58
1,13,5,3.2,7.80387467984757,0.0,7,58
1,13,6,2.8,11.017566870653916,0.0,7,58
1,13,7,2.8,11.65650638537045,0.0,7,58
1,13,8,2.8,11.608258544457454,0.0,7,58
1,13,9,2.8,12.535473386957419,0.0,7,58
1,13,10,2.8,14.637448899235869,0.0,7,58
1,13,11,2.8,17.668769754398287,0.0,7,58
1,13,12,2.8,10.025210489531574,0.0,7,58
1,13,13,2.8,16.723336323916477,0.0,7,58
1,13,14,2.8,12.211452546208236,0.0,7,58
1,13,15,3.0,11.010970257031804,0.0,7,58
1,13,16,2.8,11.737018397655858,0.0,7,58
1,13,17,3.2,7.860409397915495,0.0,7,58
1,13,18,3.2,8.472174716487517,0.0,7,58
1,13,19,2.8,11.537830430949105,0.0,7,58
1,13,20,3.0,10.170018169111128,0.0,7,58
1,13,21,2.5,10.963973553141926,0.0,4,58
2,13,1,3.0,12.790061506889693,0.0,7,58
2,13,2,3.2,9.641830945309263,0.0,7,58
2,13,3,3.6,9.234724580200734,0.0,7,58
2,13,4,3.2,8.122663085998752,0.0,7,58
2,13,5,2.8,12.271846787678834,0.0,7,58
2,13,6,2.8,9.747556849308461,0.0,7,58
2,13,7,3.4,10.367917033993065,0.0,7,58
2,13,8,2.8,14.580141973000416,0.0,7,58
2,13,9,2.8,10.815059239229164,0.0,7,58
2,13,10,2.8,10.443584708585073,0.0,7,58
2,13,11,2.8,13.073558178367406,0.0,7,58
2,13,12,2.8,10.130059419675263,0.0,7,58
2,13,13,2.8,12.227073743584361,0.0,7,58
2,13,14,3.0,10.80014509245132,0.0,7,58
2,13,15,3.0,10.25433394653084,0.0,7,58
2,13,16,3.0,11.240358165093815,0.0,7,58
2,13,17,2.8,11.452207382675654,0.0,7,58
2,13,18,3.0,12.64716879115918,0.0,7,58
2,13,19,3.0,9.042721156424353,0.0,7,58
2,13,20,2.8,9.373529788572197,0.0,7,58
2,13,21,2.6,12.615406657696994,0.0,6,58
3,13,1,2.8,10.0220428980575,0.0,7,58
3,13,2,2.8,10.553171880005339,0.0,7,58
3,13,3,2.8,12.310758604683688,0.0,7,58
3,13,4,2.8,12.145860860339075,0.0,7,58
3,13,5,2.8,9.4490844606261,0.0,7,58
3,13,6,2.8,9.077937617365542,0.0,7,58
3,13,7,2.8,10.123115409590294,0.0,7,58
3,13,8,3.0,12.483584360755739,0.0,7,58
3,13,9,3.0,14.378979722242242,0.0,7,58
3,13,10,2.8,11.564883659762112,0.0,7,58
3,13,11,2.8,11.99302750279557,0.0,7,58
3,13,12,3.6,8.500224984647051,0.125,7,58
3,13,13,3.0,9.752328198861948,0.0,7,58
3,13,14,3.0,10.49745926869809,0.0,7,58
3,13,15,2.8,14.172902983923441,0.0,7,58
3,13,16,2.8,12.016471018238928,0.0,7,58
3,13,17,2.8,12.034118934210426,0.0,7,58
3,13,18,3.0,11.067712770612342,0.0,7,58
3,13,19,2.8,14.67980001164187,0.0,7,58
3,13,20,2.8,10.570287018325608,0.0,7,58
3,13,21,2.8,10.120533325139045,0.0,7,58
3,13,22,2.4,15.406587079302017,0.0,6,58
1,14,1,4.6,8.65929062853882,0.0,7,58
1,14,2,4.0,8.894634228159966,0.0,7,58
1,14,3,3.4,7.991082995470211,0.0,7,58
1,14,4,3.0,11.912052211167769,0.0,7,58
1,14,5,3.0,8.959202894544157,0.0,7,58
1,14,6,2.8,9.644005217427425,0.0,7,58
1,14,7,3.0,9.170001419749443,0.0,7,58
1,14,8,2.8,12.618230613944684,0.0,7,58
1,14,9,2.8,10.883236957308357,0.0,7,58
1,14,10,2.8,13.077489541902345,0.0,7,58
1,14,11,2.8,14.849074013578678,0.0,7,58
1,14,12,2.8,11.3955319103547,0.0,7,58
1,14,13,2.8,14.27074512179413,0.0,7,58
1,14,14,2.8,14.346749061151252,0.0,7,58
1,14,15,2.8,12.20598599910767,0.0,7,58
1,14,16,2.8,12.442340115286134,0.0,7,58
1,14,17,3.0,9.82868929171011,0.0,7,58
1,14,18,2.8,9.492520813742338,0.0,7,58
1,14,19,3.2,10.08137543991505,0.0,7,58
1,14,20,3.0,12.284760604985069,0.0,7,58
1,14,21,2.5,10.24188810211473,0.0,4,58
2,14,1,3.0,12.011396210019191,0.0,7,58
2,14,2,2.8,11.659560315570362,0.0,7,58
2,14,3,3.4,9.774191111404818,0.0,7,58
2,14,4,3.0,10.596074785223367,0.0,7,58
2,14,5,2.8,9.22189449982791,0.0,7,58
2,14,6,2.8,10.93544664989875,0.0,7,58
2,14,7,3.2,11.418592613614885,0.0,7,58
2,14,8,3.4,8.911594406293721,0.0,7,58
2,14,9,2.8,12.352909437845051,0.0,7,58
2,14,10,2.8,9.464552457162922,0.0,7,58
2,14,11,2.8,10.550436446547687,0.0,7,58
2,14,12,2.8,12.629098349316106,0.0,7,58
2,14,13,2.8,10.533037239229714,0.0,7,58
2,14,14,2.8,11.408463564092031,0.0,7,58
2,14,15,3.0,10.06501692784065,0.0,7,58
2,14,16,2.8,9.450696339084358,0.0,7,58
2,14,17,2.8,12.612135307064914,0.0,7,58
2,14,18,2.8,11.827610635858683,0.0,7,58
2,14,19,3.2,10.17895105938365,0.0,7,58
2,14,20,2.8,8.072918795882597,0.0,7,58
2,14,21,3.0,11.91310207489487,0.0,7,58
3,14,1,3.0,9.681687240004786,0.0,7,58
3,14,2,2.8,11.217481291003995,0.0,7,58
3,14,3,2.8,12.852012848235177,0.0,7,58
3,14,4,2.8,10.017635817700482,0.0,7,58
3,14,5,2.8,10.263165779872523,0.0,7,58
3,14,6,2.8,9.283171804165562,0.0,7,58
3,14,7,2.8,11.161942368965219,0.0,7,58
3,14,8,2.8,11.68958156420457,0.0,7,58
3,14,9,2.8,14.519585413245103,0.0,7,58
3,14,10,2.8,12.586193315770235,0.0,7,58
3,14,11,2.8,15.21215597073161,0.0,7,58
3,14,12,3.0,11.577363178476329,0.0,7,58
3,14,13,3.2,8.00372832305789,0.0,7,58
3,14,14,2.8,8.999551036733177,0.0,7,58
3,14,15,2.8,12.942949804575369,0.0,7,58
3,14,16,3.0,10.274050974126194,0.0,7,58
3,14,17,2.8,14.6793432964204,0.0,7,58
3,14,18,3.0,9.848557998149639,0.0,7,58
3,14,19,2.8,11.465069768161863,0.0,7,58
3,14,20,2.8,10.074120329252095,0.0,7,58
3,14,21,2.8,10.52123512314591,0.0,7,58
3,14,22,3.0,10.08048258750583,0.0,7,58
1,15,1,4.8,7.874578198035477,0.0,7,58
1,15,2,3.8,9.65489046374095,0.0,7,58
1,15,3,3.4,7.969945192097604,0.0,7,58
1,15,4,3.0,12.27605572879166,0.0,7,58
1,15,5,3.2,9.957213787974746,0.0,7,58
1,15,6,2.8,10.441693929819296,0.0,7,58
1,15,7,2.8,10.420315224876221,0.0,7,58
1,15,8,2.8,11.919388073923779,0.0,7,58
1,15,9,2.8,10.132918912839937,0.0,7,58
1,15,10,2.8,17.376393696193382,0.0,7,58
1,15,11,2.8,16.163438937286895,0.0,7,58
1,15,12,2.8,10.165257876277419,0.0,7,58
1,15,13,2.8,18.815789790262173,0.0,7,58
1,15,14,2.8,12.739278310654887,0.0,7,58
1,15,15,2.8,11.707970714880187,0.0,7,58
1,15,16,2.8,11.648633719296406,0.0,7,58
1,15,17,3.0,9.212617419175745,0.0,7,58
1,15,18,2.8,9.146719190254958,0.0,7,58
1,15,19,3.0,11.623491002632813,0.0,7,58
1,15,20,3.2,9.05037152209164,0.0,7,58
2,15,1,4.0,10.48015035245636,0.0,7,58
2,15,2,4.2,7.275919282989008,0.0,7,58
2,15,3,3.8,8.127438350973607,0.0,7,58
2,15,4,3.0,9.47940058709227,0.0,7,58
2,15,5,2.8,10.539708937876554,0.0,7,58
2,15,6,3.4,10.388724854533923,0.0,7,58
2,15,7,3.2,12.501977820922933,0.0,7,58
2,15,8,2.8,12.06060027614348,0.0,7,58
2,15,9,2.8,11.622884453788554,0.0,7,58
2,15,10,2.8,12.338269508045116,0.0,7,58
2,15,11,2.8,14.24712331402652,0.0,7,58
2,15,12,2.8,9.299814232535898,0.0,7,58
2,15,13,3.0,12.805443375382378,0.0,7,58
2,15,14,3.0,9.885080756580086,0.0,7,58
2,15,15,3.0,11.456488241455405,0.0,7,58
2,15,16,3.0,9.85769928576007,0.0,7,58
2,15,17,3.0,13.929227376434868,0.0,7,58
2,15,18,3.0,9.190130917394702,0.0,7,58
2,15,19,2.8,8.54671477947789,0.0,7,58
2,15,20,2.8,10.860173842021393,0.0,7,58
3,15,1,2.8,9.892363993755824,0.0,7,58
3,15,2,2.8,11.909424966909565,0.0,7,58
3,15,3,2.8,12.800290791902853,0.0,7,58
3,15,4,2.8,10.757291450463313,0.0,7,58
3,15,5,2.8,9.812934888382648,0.0,7,58
3,15,6,2.8,9.284650242018493,0.0,7,58
3,15,7,2.8,10.615061762010207,0.0,7,58
3,15,8,3.0,11.541309951908339,0.0,7,58
3,15,9,2.8,12.105562091242824,0.0,7,58
3,15,10,2.8,11.32743399873092,0.0,7,58
3,15,11,2.8,12.45507186832348,0.0,7,58
3,15,12,3.6,9.860137296737854,0.125,7,58
3,15,13,2.8,10.313364325842999,0.0,7,58
3,15,14,2.8,9.20860137488185,0.0,7,58
3,15,15,2.8,18.79959645287731,0.0,7,58
3,15,16,3.2,8.964643619391095,0.0,7,58
3,15,17,2.8,13.408127039556975,0.0,7,58
3,15,18,3.0,10.804213502778671,0.0,7,58
3,15,19,2.8,11.250420099244813,0.0,7,58
3,15,20,2.8,9.496565990134517,0.0,7,58
3,15,21,2.8,9.92714526690425,0.0,7,58
3,15,22,2.6,11.538060053853393,0.0,5,58
1,16,1,4.6,8.9155193687874,0.0,7,58
1,16,2,3.6,10.422034447334543,0.0,7,58
1,16,3,3.2,8.42148884310515,0.0,7,58
1,16,4,3.2,9.6185427531511,0.0,7,58
1,16,5,3.2,8.75641850152955,0.0,7,58
1,16,6,2.8,9.243121827139632,0.0,7,58
1,16,7,2.8,12.150060791623218,0.0,7,58
1,16,8,2.8,11.074904078008844,0.0,7,58
1,16,9,2.8,12.131687785162612,0.0,7,58
1,16,10,2.8,14.601980137476783,0.0,7,58
1,16,11,2.8,20.016347701434736,0.0,7,58
1,16,12,2.8,10.994647415450483,0.0,7,58
1,16,13,2.8,16.315821637993444,0.0,7,58
1,16,14,2.8,13.001883100693252,0.0,7,58
1,16,15,2.8,11.211935966683608,0.0,7,58
1,16,16,2.8,14.20079280408007,0.0,7,58
1,16,17,3.0,8.822604017317554,0.0,7,58
1,16,18,3.2,9.396390909270378,0.0,7,58
1,16,19,3.2,9.915492035218934,0.0,7,58
1,16,20,3.0,10.693381980140055,0.0,7,58
1,16,21,2.5,12.5969811684058,0.0,4,58
2,16,1,3.0,15.206915125163318,0.0,7,58
2,16,2,3.2,9.626654924375245,0.0,7,58
2,16,3,3.6,8.924788099812849,0.0,7,58
2,16,4,2.8,10.870106004099723,0.0,7,58
2,16,5,3.0,9.576128097225837,0.0,7,58
2,16,6,3.0,10.101462569483392,0.0,7,58
2,16,7,3.2,10.06344916813845,0.0,7,58
2,16,8,3.0,11.569645898092695,0.0,7,58
2,16,9,2.8,10.739100143459101,0.0,7,58
2,16,10,3.0,9.452954267568403,0.0,7,58
2,16,11,2.8,15.371077358421774,0.0,7,58
2,16,12,2.8,10.744577556364973,0.0,7,58
2,16,13,2.8,13.249492249637107,0.0,7,58
2,16,14,2.8,9.115149279947872,0.0,7,58
2,16,15,3.0,10.874213375512783,0.0,7,58
2,16,16,2.8,15.992745484198133,0.0,7,58
2,16,17,2.8,10.606703898697289,0.0,7,58
2,16,18,2.8,13.942245234349583,0.0,7,58
2,16,19,3.0,9.202652252512305,0.0,7,58
2,16,20,2.8,8.549007998360826,0.0,7,58
2,16,21,3.0,10.114689851582336,0.0,6,58
3,16,1,3.4,7.841543991846017,0.0,7,58
3,16,2,2.8,11.240044474528661,0.0,7,58
3,16,3,2.8,16.89195851643629,0.0,7,58
3,16,4,2.8,8.724095316212011,0.0,7,58
3,16,5,3.0,8.889711665291284,0.0,7,58
3,16,6,3.0,8.288737318070002,0.0,7,58
3,16,7,3.0,11.350103288834553,0.0,7,58
3,16,8,2.8,11.18695571295381,0.0,7,58
3,16,9,2.8,13.639167203684055,0.0,7,58
3,16,10,2.8,10.990350958283457,0.0,7,58
3,16,11,3.6,8.427983078890223,0.125,7,58
3,16,12,2.8,11.29305097403728,0.0,7,58
3,16,13,3.0,12.55364750096617,0.0,7,58
3,16,14,2.8,10.191602446486826,0.0,7,58
3,16,15,3.0,12.700741528477646,0.0,7,58
3,16,16,2.8,14.246861591266715,0.0,7,58
3,16,17,3.0,9.079515885067037,0.0,7,58
3,16,18,2.8,11.360663945523669,0.0,7,58
3,16,19,2.8,11.90687922956378,0.0,7,58
3,16,20,2.8,11.042072496635459,0.0,7,58
3,16,21,2.8,10.306037662166334,0.0,7,58
3,16,22,2.0,14.114947585854068,0.0,4,58
1,17,1,4.6,8.111457899978658,0.0,7,58
1,17,2,3.8,12.021205888887202,0.0,7,58
1,17,3,3.4,7.916333135941773,0.0,7,58
1,17,4,2.8,12.329269320963874,0.0,7,58
1,17,5,3.0,9.256612725170354,0.0,7,58
1,17,6,3.0,9.89277460154662,0.0,7,58
1,17,7,2.8,11.370574204399416,0.0,7,58
1,17,8,2.8,11.698399549469295,0.0,7,58
1,17,9,2.8,12.010786323320026,0.0,7,58
1,17,10,2.8,16.800303192064913,0.0,7,58
1,17,11,2.8,19.06637086932465,0.0,7,58
1,17,12,2.8,10.797641577601127,0.0,7,58
1,17,13,2.8,17.65421666591102,0.0,7,58
1,17,14,3.0,10.98566004791133,0.0,7,58
1,17,15,2.8,10.853550488921016,0.0,7,58
1,17,16,2.8,12.782697605872723,0.0,7,58
1,17,17,3.2,8.491785154008701,0.0,7,58
1,17,18,2.8,9.316412286373426,0.0,7,58
1,17,19,3.0,11.027889346349992,0.0,7,58
1,17,20,3.2,9.374186331737935,0.0,7,58
1,17,21,2.5,9.421250644462994,0.0,4,58
2,17,1,3.0,14.053802056445777,0.0,7,58
2,17,2,2.8,10.184058788454852,0.0,7,58
2,17,3,3.8,8.180693088711832,0.125,7,58
2,17,4,2.8,11.256446220756878,0.0,7,58
2,17,5,2.8,12.374521707132589,0.0,7,58
2,17,6,2.8,10.661039283678463,0.0,7,58
2,17,7,3.2,11.362484484399573,0.0,7,58
2,17,8,3.2,9.973909379466956,0.0,7,58
2,17,9,2.8,11.781805257411026,0.0,7,58
2,17,10,2.8,10.937002804157967,0.0,7,58
2,17,11,3.0,10.090461517930034,0.0,7,58
2,17,12,2.8,12.708698875358577,0.0,7,58
2,17,13,2.8,14.086242187143034,0.0,7,58
2,17,14,2.8,12.644550582886302,0.0,7,58
2,17,15,3.0,9.32730319429737,0.0,7,58
2,17,16,2.8,10.96554984135807,0.0,7,58
2,17,17,2.8,12.195020583852516,0.0,7,58
2,17,18,3.0,11.031995151296229,0.0,7,58
2,17,19,3.0,9.589654688030478,0.0,7,58
2,17,20,2.8,8.67381200440356,0.0,7,58
2,17,21,3.0,10.594755690578278,0.0,7,58
3,17,1,3.0,9.256744584489935,0.0,7,58
3,17,2,2.8,10.55903336637978,0.0,7,58
3,17,3,2.8,11.022261945125067,0.0,7,58
3,17,4,2.8,10.321950218464883,0.0,7,58
3,17,5,2.8,9.693830854626375,0.0,7,58
3,17,6,2.8,9.339876695442838,0.0,7,58
3,17,7,3.0,9.019335271900555,0.0,7,58
3,17,8,2.8,12.533583657681223,0.0,7,58
3,17,9,2.8,11.935856266881274,0.0,7,58
3,17,10,2.8,11.184219104911675,0.0,7,58
3,17,11,2.8,12.040246548455148,0.0,7,58
3,17,12,3.6,7.527307462511133,0.125,7,58
3,17,13,3.0,11.117291685374001,0.0,7,58
3,17,14,3.2,9.528406335168349,0.0,7,58
3,17,15,2.8,12.773397903980896,0.0,7,58
3,17,16,2.8,11.108872284545873,0.0,7,58
3,17,17,2.8,10.198956156598495,0.0,7,58
3,17,18,2.8,10.508065351878262,0.0,7,58
3,17,19,2.8,14.302194348116984,0.0,7,58
3,17,20,2.8,9.807536963755275,0.0,7,58
3,17,21,3.0,10.879253489534655,0.0,7,58
3,17,22,2.2,16.84292720426967,0.0,5,58
1,18,1,4.6,7.677415519156247,0.0,7,58
1,18,2,3.8,10.366768603264363,0.0,7,58
1,18,3,3.4,7.947655405827666,0.0,7,58
1,18,4,2.8,14.220449474373284,0.0,7,58
1,18,5,3.0,8.901113496456768,0.0,7,58
1,18,6,2.8,10.749136206409698,0.0,7,58
1,18,7,2.8,13.25141122897627,0.0,7,58
1,18,8,2.8,11.219908522998814,0.0,7,58
1,18,9,2.8,11.093653975098281,0.0,7,58
1,18,10,2.8,14.046725567776155,0.0,7,58
1,18,11,2.8,16.854072425277284,0.0,7,58
1,18,12,2.8,11.037350248711613,0.0,7,58
1,18,13,2.8,12.085954489380294,0.0,7,58
1,18,14,2.8,11.580747030005371,0.0,7,58
1,18,15,2.8,13.323524188898208,0.0,7,58
1,18,16,2.8,13.461000872710425,0.0,7,58
1,18,17,3.0,8.320456958767375,0.0,7,58
1,18,18,3.0,9.80210734577869,0.0,7,58
1,18,19,3.2,11.078897723154654,0.0,7,58
1,18,20,3.2,9.376823352859358,0.0,7,58
1,18,21,2.75,8.397702595414003,0.0,4,58
2,18,1,3.0,13.063240021685987,0.0,7,58
2,18,2,2.8,13.193846744120943,0.0,7,58
2,18,3,3.4,11.125437396301392,0.0,7,58
2,18,4,3.4,8.389940797743868,0.0,7,58
2,18,5,2.8,11.170254476819439,0.0,7,58
2,18,6,2.8,9.147275184865832,0.0,7,58
2,18,7,3.2,9.17201110677626,0.0,7,58
2,18,8,2.8,12.183351812386647,0.0,7,58
2,18,9,2.8,11.72888790712552,0.0,7,58
2,18,10,2.8,9.762814630712182,0.0,7,58
2,18,11,3.0,12.590268765494475,0.0,7,58
2,18,12,2.8,10.916033521848941,0.0,7,58
2,18,13,2.8,10.81234814929979,0.0,7,58
2,18,14,3.0,10.662347149541052,0.0,7,58
2,18,15,3.0,8.301801340633768,0.0,7,58
2,18,16,2.8,12.565014953922292,0.0,7,58
2,18,17,2.8,11.294233229339577,0.0,7,58
2,18,18,3.0,10.501610439001478,0.0,7,58
2,18,19,2.8,12.990711219292255,0.0,7,58
2,18,20,2.8,7.24135997659583,0.0,7,58
2,18,21,3.0,9.98722749756635,0.0,7,58
3,18,1,2.8,9.597425512796697,0.0,7,58
3,18,2,2.8,11.028922204923568,0.0,7,58
3,18,3,3.0,11.561226798523546,0.0,7,58
3,18,4,2.8,10.701210136779903,0.0,7,58
3,18,5,2.8,11.651320381898472,0.0,7,58
3,18,6,2.8,9.241092942659717,0.0,7,58
3,18,7,2.8,10.527899742675507,0.0,7,58
3,18,8,2.8,9.813883740850837,0.0,7,58
3,18,9,2.8,13.706132974583129,0.0,7,58
3,18,10,2.8,13.41434141263284,0.0,7,58
3,18,11,3.0,12.305926782392904,0.0,7,58
3,18,12,3.6,7.9376075094539615,0.125,7,58
3,18,13,3.0,10.140386574675766,0.0,7,58
3,18,14,2.8,11.634677860272161,0.0,7,58
3,18,15,3.0,12.19602992408738,0.0,7,58
3,18,16,3.0,10.672051057033306,0.0,7,58
3,18,17,2.8,11.656831945266495,0.0,7,58
3,18,18,3.0,10.412457555545519,0.0,7,58
3,18,19,2.8,12.139041820434613,0.0,7,58
3,18,20,2.8,8.260770883817774,0.0,7,58
3,18,21,3.0,9.065123317719046,0.0,7,58
3,18,22,2.0,17.409653897730266,0.0,5,58
1,19,1,4.6,9.201402719383598,0.0,7,58
1,19,2,3.8,8.64215327924176,0.0,7,58
1,19,3,3.4,7.958151315951313,0.0,7,58
1,19,4,3.2,10.196960962223825,0.0,7,58
1,19,5,3.2,8.924907703028545,0.0,7,58
1,19,6,2.8,9.593873271864659,0.0,7,58
1,19,7,2.8,12.840566250128717,0.0,7,58
1,19,8,2.8,12.88810166190189,0.0,7,58
1,19,9,2.8,13.673822568836691,0.0,7,58
1,19,10,2.8,14.562871477571038,0.0,7,58
1,19,11,2.8,12.558975402083664,0.0,7,58
1,19,12,2.8,11.438794622478136,0.0,7,58
1,19,13,2.8,14.304621103556329,0.0,7,58
1,19,14,2.8,13.331111566780955,0.0,7,58
1,19,15,2.8,11.66265197545708,0.0,7,58
1,19,16,2.8,9.857463350691829,0.0,7,58
1,19,17,3.2,9.383522400397318,0.0,7,58
1,19,18,3.0,10.643189534491727,0.0,7,58
1,19,19,2.8,11.809157545591074,0.0,7,58
1,19,20,2.8,10.874147632518051,0.0,7,58
1,19,21,2.75,10.664016239456153,0.0,4,58
2,19,1,3.6,12.687830868679116,0.0,7,58
2,19,2,3.6,9.354744538441333,0.0,7,58
2,19,3,3.4,9.711235644277751,0.0,7,58
2,19,4,3.2,8.275079061156532,0.0,7,58
2,19,5,2.8,10.864592404579794,0.0,7,58
2,19,6,2.8,13.373417239218345,0.0,7,58
2,19,7,3.6,8.564870335976961,0.0,7,58
2,19,8,2.8,13.261552264249847,0.0,7,58
2,19,9,2.8,15.615771372548998,0.0,7,58
2,19,10,3.0,8.734048579639492,0.0,7,58
2,19,11,3.0,11.531058690974554,0.0,7,58
2,19,12,2.8,11.14877780425898,0.0,7,58
2,19,13,2.8,13.139485303988112,0.0,7,58
2,19,14,2.8,8.834008218468437,0.0,7,58
2,19,15,3.2,11.750670865657215,0.0,7,58
2,19,16,2.8,13.577541720930357,0.0,7,58
2,19,17,2.8,10.832929114231094,0.0,7,58
2,19,18,3.2,9.463108024901887,0.0,7,58
2,19,19,2.8,11.121418342763258,0.0,7,58
2,19,20,3.0,8.748516500152926,0.0,7,58
3,19,1,2.8,10.054995608199642,0.0,7,58
3,19,2,2.8,11.33553433272172,0.0,7,58
3,19,3,2.8,10.714793661804888,0.0,7,58
3,19,4,2.8,10.427176520760513,0.0,7,58
3,19,5,2.8,10.467944922665202,0.0,7,58
3,19,6,2.8,9.17324603868979,0.0,7,58
3,19,7,2.8,9.990824950131486,0.0,7,58
3,19,8,2.8,10.12551517191706,0.0,7,58
3,19,9,3.2,12.552232638756893,0.0,7,58
3,19,10,3.0,9.929296731644872,0.0,7,58
3,19,11,2.8,10.635862144750504,0.0,7,58
3,19,12,3.0,11.692464025240852,0.0,7,58
3,19,13,3.2,8.884425151736187,0.0,7,58
3,19,14,2.8,9.079873428041688,0.0,7,58
3,19,15,2.8,16.496145877781956,0.0,7,58
3,19,16,3.0,9.895202667928478,0.0,7,58
3,19,17,2.8,10.997249302368088,0.0,7,58
3,19,18,2.8,11.124344926000337,0.0,7,58
3,19,19,2.8,13.580212033009353,0.0,7,58
3,19,20,2.8,8.770272374957107,0.0,7,58
3,19,21,2.8,10.040559113849161,0.0,7,58
3,19,22,2.8,12.201432330344272,0.0,6,58
1,20,1,4.6,8.17750287131779,0.0,7,58
1,20,2,3.6,9.562076991748267,0.0,7,58
1,20,3,3.4,8.01468780183596,0.0,7,58
1,20,4,3.0,13.975608120755272,0.0,7,58
1,20,5,3.2,8.718412336338941,0.0,7,58
1,20,6,2.8,9.879588559094397,0.0,7,58
1,20,7,2.8,9.580834712940549,0.0,7,58
1,20,8,2.8,9.226587148446493,0.0,7,58
1,20,9,2.8,10.804793256649102,0.0,7,58
1,20,10,2.8,14.056984792363796,0.0,7,58
1,20,11,2.8,15.568905981987655,0.0,7,58
1,20,12,2.8,10.89525401411341,0.0,7,58
1,20,13,2.8,15.127984499368887,0.0,7,58
1,20,14,2.8,13.058232531368072,0.0,7,58
1,20,15,3.0,11.133026206435805,0.0,7,58
1,20,16,2.8,10.60135238844117,0.0,7,58
1,20,17,3.2,8.070966347549795,0.0,7,58
1,20,18,2.8,10.556819456327368,0.0,7,58
1,20,19,3.2,9.981185972395432,0.0,7,58
1,20,20,3.0,10.32687448803293,0.0,7,58
1,20,21,2.5,10.049731248506369,0.0,4,58
2,20,1,3.0,13.204252561058171,0.0,7,58
2,20,2,2.8,10.321551240598565,0.0,7,58
2,20,3,3.8,8.817570428271711,0.125,7,58
2,20,4,3.0,11.038018237136011,0.0,7,58
2,20,5,2.8,11.049175928268888,0.0,7,58
2,20,6,2.8,10.049033803950273,0.0,7,58
2,20,7,3.4,9.315457741801417,0.0,7,58
2,20,8,2.8,12.088325496217083,0.0,7,58
2,20,9,2.8,13.065399333699379,0.0,7,58
2,20,10,2.8,12.3504665041498,0.0,7,58
2,20,11,2.8,11.546316133691535,0.0,7,58
2,20,12,2.8,12.577157643675761,0.0,7,58
2,20,13,2.8,11.026777543916571,0.0,7,58
2,20,14,2.8,10.435219522316496,0.0,7,58
2,20,15,3.0,9.806799941543767,0.0,7,58
2,20,16,2.8,11.343772427263515,0.0,7,58
2,20,17,2.8,15.48621994902074,0.0,7,58
2,20,18,2.8,15.248155800044636,0.0,7,58
2,20,19,3.2,12.019264240512419,0.0,7,58
2,20,20,2.8,7.825033353249528,0.0,7,58
2,20,21,3.0,9.906345583300467,0.0,7,58
3,20,1,3.0,8.617648527612603,0.0,7,58
3,20,2,2.8,10.632457836786903,0.0,7,58
3,20,3,2.8,11.764303072358617,0.0,7,58
3,20,4,2.8,9.080625146695194,0.0,7,58
3,20,5,2.8,10.420541283155933,0.0,7,58
3,20,6,2.8,9.996280407523146,0.0,7,58
3,20,7,3.0,11.240545836004774,0.0,7,58
3,20,8,2.8,9.723897815173626,0.0,7,58
3,20,9,2.8,15.58580829493908,0.0,7,58
3,20,10,2.8,13.535644546866358,0.0,7,58
3,20,11,2.8,12.016590639138991,0.0,7,58
3,20,12,3.2,10.088100580509234,0.0,7,58
3,20,13,3.2,10.7411630578454,0.0,7,58
3,20,14,2.8,8.907954328193423,0.0,7,58
3,20,15,2.8,18.107854073355046,0.0,7,58
3,20,16,3.0,9.615189755863899,0.0,7,58
3,20,17,2.8,13.708655763404975,0.0,7,58
3,20,18,2.8,14.780509760558074,0.0,7,58
3,20,19,2.8,12.174535789517629,0.0,7,58
3,20,20,2.8,9.360889269471496,0.0,7,58
3,20,21,2.8,11.017227116165252,0.0,7,58
3,20,22,2.8,11.986224176929166,0.0,7,58
1,21,1,4.6,8.78553717854615,0.0,7,58
1,21,2,3.8,9.238362017814845,0.0,7,58
1,21,3,3.4,7.773367978612536,0.0,7,58
1,21,4,2.8,13.078512146058296,0.0,7,58
1,21,5,3.2,9.369056248624636,0.0,7,58
1,21,6,2.8,10.57295721722635,0.0,7,58
1,21,7,2.8,10.517235702114561,0.0,7,58
1,21,8,2.8,10.514507115709748,0.0,7,58
1,21,9,2.8,10.098618914433159,0.0,7,58
1,21,10,2.8,15.746677900290257,0.0,7,58
1,21,11,2.8,17.772993281343588,0.0,7,58
1,21,12,2.8,10.645048296212554,0.0,7,58
1,21,13,2.8,17.00651356491263,0.0,7,58
1,21,14,2.8,11.46780606666951,0.0,7,58
1,21,15,3.0,11.80937500170836,0.0,7,58
1,21,16,2.8,10.714449434678535,0.0,7,58
1,21,17,3.2,8.060170949227091,0.0,7,58
1,21,18,3.2,8.274409585408439,0.0,7,58
1,21,19,3.2,10.678600998274742,0.0,7,58
1,21,20,3.0,9.816068393788063,0.0,7,58
2,21,1,3.0,12.925207495990582,0.0,7,58
2,21,2,3.0,10.840484056400557,0.0,7,58
2,21,3,3.4,8.981325930834535,0.0,7,58
2,21,4,3.4,9.147893467198285,0.0,7,58
2,21,5,2.8,11.1769132009862,0.0,7,58
2,21,6,2.8,10.796082720291817,0.0,7,58
2,21,7,3.4,9.681820940893424,0.0,7,58
2,21,8,3.0,10.06545315135023,0.0,7,58
2,21,9,2.8,12.571183109775106,0.0,7,58
2,21,10,2.8,10.948344573165135,0.0,7,58
2,21,11,2.8,13.937532202956612,0.0,7,58
2,21,12,2.8,9.948800904601796,0.0,7,58
2,21,13,2.8,11.779637601114834,0.0,7,58
2,21,14,2.8,11.06460225397553,0.0,7,58
2,21,15,3.0,9.372728398606384,0.0,7,58
2,21,16,2.8,15.212301291334832,0.0,7,58
2,21,17,2.8,9.073498429403509,0.0,7,58
2,21,18,3.0,13.559677763793177,0.0,7,58
2,21,19,2.8,10.951119229291079,0.0,7,58
2,21,20,2.8,7.596489033094154,0.0,7,58
2,21,21,3.0,10.631589117446309,0.0,7,58
3,21,1,2.8,9.55245642580407,0.0,7,58
3,21,2,2.8,11.210866210868861,0.0,7,58
3,21,3,2.8,12.188095579533343,0.0,7,58
3,21,4,2.8,9.259054799038454,0.0,7,58
3,21,5,2.8,9.15215360737362,0.0,7,58
3,21,6,2.8,10.8492862529013,0.0,7,58
3,21,7,2.8,8.965636898283938,0.0,7,58
3,21,8,3.0,9.755624659604669,0.0,7,58
3,21,9,3.0,12.975713268827358,0.0,7,58
3,21,10,2.8,10.230147967078834,0.0,7,58
3,21,11,2.8,12.184161285902078,0.0,7,58
3,21,12,3.2,8.912112187154486,0.0,7,58
3,21,13,3.2,8.431269868774104,0.0,7,58
3,21,14,3.0,8.336347546264943,0.0,7,58
3,21,15,3.0,10.931708447489502,0.0,7,58
3,21,16,2.8,11.672474431262815,0.0,7,58
3,21,17,2.8,10.240787150676057,0.0,7,58
3,21,18,2.8,13.672979520663839,0.0,7,58
3,21,19,2.8,12.265727534566565,0.0,7,58
3,21,20,2.8,8.470672900031701,0.0,7,58
3,21,21,2.8,11.75948956552241,0.0,7,58
3,21,22,2.6,11.473128037403043,0.0,6,58
1,22,1,4.8,7.915955246070437,0.0,7,58
1,22,2,3.8,8.782472277866589,0.0,7,58
1,22,3,3.4,7.665785180373491,0.0,7,58
1,22,4,3.0,11.591266944381694,0.0,7,58
1,22,5,3.2,9.716388091016587,0.0,7,58
1,22,6,2.8,8.795681561934435,0.0,7,58
1,22,7,2.8,11.996962867732584,0.0,7,58
1,22,8,2.8,11.872421148474826,0.0,7,58
1,22,9,2.8,12.406940907325417,0.0,7,58
1,22,10,2.8,14.669223136374768,0.0,7,58
1,22,11,2.8,17.62932430448952,0.0,7,58
1,22,12,2.8,10.063402635005202,0.0,7,58
1,22,13,2.8,14.476442440107883,0.0,7,58
1,22,14,2.8,13.214179016337685,0.0,7,58
1,22,15,3.2,10.122856865463646,0.0,7,58
1,22,16,2.8,13.536412403038053,0.0,7,58
1,22,17,3.4,9.19759222350382,0.0,7,58
1,22,18,3.0,8.980699658355627,0.0,7,58
1,22,19,2.8,12.306306138127335,0.0,7,58
1,22,20,3.2,8.47618302552003,0.0,7,58
2,22,1,3.6,9.646180172143813,0.0,7,58
2,22,2,3.4,10.589784660082058,0.0,7,58
2,22,3,3.2,9.858493949640648,0.0,7,58
2,22,4,3.2,10.111292858748378,0.0,7,58
2,22,5,2.8,12.115688963546358,0.0,7,58
2,22,6,2.8,9.301904359664633,0.0,7,58
2,22,7,3.4,10.18093988925772,0.0,7,58
2,22,8,3.0,11.29574486867755,0.0,7,58
2,22,9,2.8,13.597612537198302,0.0,7,58
2,22,10,2.8,9.906349526462748,0.0,7,58
2,22,11,3.0,14.203806301574955,0.0,7,58
2,22,12,2.8,11.50593378422133,0.0,7,58
2,22,13,2.8,12.094707103224597,0.0,7,58
2,22,14,2.8,10.566374467130206,0.0,7,58
2,22,15,3.0,10.500365538268502,0.0,7,58
2,22,16,3.0,10.129462469195557,0.0,7,58
2,22,17,2.8,11.87231945457944,0.0,7,58
2,22,18,3.0,10.924017835446518,0.0,7,58
2,22,19,3.0,9.839221330820129,0.0,7,58
2,22,20,2.8,9.086581554694334,0.0,7,58
2,22,21,2.5,12.485075124263409,0.0,4,58
3,22,1,3.0,8.854698077897796,0.0,7,58
3,22,2,2.8,12.527096238768848,0.0,7,58
3,22,3,2.8,12.74488801320625,0.0,7,58
3,22,4,2.8,10.06710263746671,0.0,7,58
3,22,5,2.8,9.709219583948398,0.0,7,58
3,22,6,2.8,9.283171804165432,0.0,7,58
3,22,7,3.0,9.815439581000827,0.0,7,58
3,22,8,2.8,9.865055797411827,0.0,7,58
3,22,9,2.8,14.90224831110302,0.0,7,58
3,22,10,2.8,11.742513250059885,0.0,7,58
3,22,11,2.8,11.432578586614307,0.0,7,58
3,22,12,3.0,11.962678623087017,0.0,7,58
3,22,13,3.4,8.609241705662264,0.0,7,58
3,22,14,2.8,10.303591627664108,0.0,7,58
3,22,15,2.8,15.978973165603097,0.0,7,58
3,22,16,3.0,10.52526336491985,0.0,7,58
3,22,17,2.8,11.40747865422006,0.0,7,58
3,22,18,3.0,9.911285731446885,0.0,7,58
3,22,19,2.8,12.725083607968049,0.0,7,58
3,22,20,2.8,9.42340702647341,0.0,7,58
3,22,21,2.8,9.480879079530853,0.0,7,58
3,22,22,2.6,10.025078709288135,0.0,6,58
1,23,1,4.2,8.909066791431135,0.0,7,58
1,23,2,3.6,9.404162359776468,0.0,7,58
1,23,3,4.0,7.302283797497414,0.0,7,58
1,23,4,3.2,10.214245028002594,0.0,7,58
1,23,5,3.2,8.286706093686975,0.0,7,58
1,23,6,2.8,8.952487810231164,0.0,7,58
1,23,7,2.8,12.290588608060046,0.0,7,58
1,23,8,2.8,11.509603405327393,0.0,7,58
1,23,9,2.8,10.485553414932008,0.0,7,58
1,23,10,2.8,14.669223136374768,0.0,7,58
1,23,11,2.8,16.472729200245915,0.0,7,58
1,23,12,2.8,9.963568310431972,0.0,7,58
1,23,13,2.8,14.203472236624465,0.0,7,58
1,23,14,2.8,12.986361793757986,0.0,7,58
1,23,15,3.0,10.543416133901085,0.0,7,58
1,23,16,2.8,12.686080140597952,0.0,7,58
1,23,17,3.0,9.304478567727303,0.0,7,58
1,23,18,3.0,8.833405216500193,0.0,7,58
1,23,19,3.2,9.252183289667553,0.0,7,58
1,23,20,3.0,9.387882708869505,0.0,7,58
2,23,1,3.6,10.881885816491476,0.0,7,58
2,23,2,2.8,11.625814312441182,0.0,7,58
2,23,3,3.6,8.887898671120011,0.0,7,58
2,23,4,3.6,9.087587440235877,0.0,7,58
2,23,5,2.8,11.472567464871949,0.0,7,58
2,23,6,3.0,10.216957039372872,0.0,7,58
2,23,7,3.6,7.88064776186453,0.0,7,58
2,23,8,2.8,12.058792188369157,0.0,7,58
2,23,9,2.8,16.280866777193495,0.0,7,58
2,23,10,2.8,9.085992691407212,0.0,7,58
2,23,11,3.0,12.100337497145716,0.0,7,58
2,23,12,2.8,13.77863936768703,0.0,7,58
2,23,13,2.8,10.685285498768135,0.0,7,58
2,23,14,2.8,10.59851531090837,0.0,7,58
2,23,15,3.2,9.627658384431298,0.0,7,58
2,23,16,2.8,12.166440836851109,0.0,7,58
2,23,17,2.8,11.740419429324838,0.0,7,58
2,23,18,2.8,13.274586147580829,0.0,7,58
2,23,19,3.0,7.63761575971748,0.0,7,58
2,23,20,3.0,7.998061960109487,0.0,7,58
2,23,21,2.0,19.4085587187669,0.0,4,58
3,23,1,3.0,9.853259332291243,0.0,7,58
3,23,2,2.8,12.425298010625182,0.0,7,58
3,23,3,2.8,12.23497949705376,0.0,7,58
3,23,4,2.8,11.93306616319226,0.0,7,58
3,23,5,2.8,9.602513230810477,0.0,7,58
3,23,6,2.8,9.788304863179022,0.0,7,58
3,23,7,2.8,12.184861252132281,0.0,7,58
3,23,8,2.8,11.217892382468929,0.0,7,58
3,23,9,2.8,11.64460273738605,0.0,7,58
3,23,10,2.8,9.424807551733942,0.0,7,58
3,23,11,3.0,14.190329601818195,0.0,7,58
3,23,12,3.2,10.021978598075071,0.0,7,58
3,23,13,3.0,10.417617168017733,0.0,7,58
3,23,14,3.0,9.367529285648569,0.0,7,58
3,23,15,2.8,14.067794740726967,0.0,7,58
3,23,16,3.0,10.05792839970449,0.0,7,58
3,23,17,2.8,13.120492358747653,0.0,7,58
3,23,18,2.8,11.857632543061046,0.0,7,58
3,23,19,2.8,13.030489082943582,0.0,7,58
3,23,20,2.8,9.275709104156967,0.0,7,58
3,23,21,2.8,10.59726345378088,0.0,7,58
3,23,22,2.8,12.603735140746167,0.0,6,58
1,24,1,4.2,11.110082733387983,0.0,7,58
1,24,2,3.6,9.914767862297161,0.0,7,58
1,24,3,3.2,9.765523634996146,0.0,7,58
1,24,4,3.2,10.773369497965223,0.0,7,58
1,24,5,3.2,8.788167948868008,0.0,7,58
1,24,6,3.0,8.987745300865912,0.0,7,58
1,24,7,2.8,14.022297289423514,0.0,7,58
1,24,8,2.8,10.334759481260313,0.0,7,58
1,24,9,2.8,13.180405390906945,0.0,7,58
1,24,10,2.8,13.726753682483636,0.0,7,58
1,24,11,2.8,14.363370334065559,0.0,7,58
1,24,12,2.8,10.444321649320342,0.0,7,58
1,24,13,2.8,13.802247061928384,0.0,7,58
1,24,14,2.8,11.193538117949208,0.0,7,58
1,24,15,3.0,10.87821531500979,0.0,7,58
1,24,16,3.0,11.998538144520387,0.0,7,58
1,24,17,3.2,7.7492196604150765,0.0,7,58
1,24,18,3.2,8.977017125354111,0.0,7,58
1,24,19,3.2,9.745985237559223,0.0,7,58
1,24,20,3.0,9.768332162256776,0.0,7,58
1,24,21,2.0,19.9779888344268,0.0,4,58
2,24,1,3.0,11.016205415711454,0.0,7,58
2,24,2,2.8,9.653605223760504,0.0,7,58
2,24,3,3.8,8.510821245158485,0.125,7,58
2,24,4,3.0,9.645421691071018,0.0,7,58
2,24,5,2.8,12.146330971691539,0.0,7,58
2,24,6,2.8,11.188819681204777,0.0,7,58
2,24,7,3.2,8.380265105000499,0.0,7,58
2,24,8,2.8,11.201556746671645,0.0,7,58
2,24,9,2.8,11.842438914993627,0.0,7,58
2,24,10,2.8,10.554659542211052,0.0,7,58
2,24,11,3.0,11.566442515111067,0.0,7,58
2,24,12,2.8,11.38332160139436,0.0,7,58
2,24,13,2.8,10.032008641675963,0.0,7,58
2,24,14,2.8,11.759422360031843,0.0,7,58
2,24,15,3.0,10.569430904144683,0.0,7,58
2,24,16,2.8,14.022611554874011,0.0,7,58
2,24,17,2.8,12.770135779922361,0.0,7,58
2,24,18,2.8,12.278768391625464,0.0,7,58
2,24,19,3.2,11.204564482152154,0.0,7,58
2,24,20,2.8,8.06227708871373,0.0,7,58
2,24,21,3.0,11.641007625342908,0.0,7,58
3,24,1,3.0,9.901112220028695,0.0,7,58
3,24,2,2.8,13.14640654645879,0.0,7,58
3,24,3,2.8,11.63008122787024,0.0,7,58
3,24,4,2.8,9.14853933463539,0.0,7,58
3,24,5,2.8,9.647955967891477,0.0,7,58
3,24,6,2.8,8.380091262052595,0.0,7,58
3,24,7,3.0,9.691019011003867,0.0,7,58
3,24,8,2.8,12.184027333006323,0.0,7,58
3,24,9,3.0,13.396070118434888,0.0,7,58
3,24,10,2.8,9.726311908522113,0.0,7,58
3,24,11,2.8,12.929196694751294,0.0,7,58
3,24,12,3.0,12.73973191295654,0.0,7,58
3,24,13,3.0,10.65351706536092,0.0,7,58
3,24,14,3.2,7.831295965752021,0.0,7,58
3,24,15,3.0,12.862920231833366,0.0,7,58
3,24,16,2.8,10.902603580076951,0.0,7,58
3,24,17,2.8,11.34228847028169,0.0,7,58
3,24,18,3.2,9.632392501246162,0.0,7,58
3,24,19,2.8,15.975694957033813,0.0,7,58
3,24,20,2.8,8.949790011203866,0.0,7,58
3,24,21,3.0,9.71295248017045,0.0,7,58
3,24,22,2.5,12.101958939003302,0.0,4,58
1,25,1,4.6,8.684248839587777,0.0,7,58
1,25,2,3.8,10.40256031962336,0.0,7,58
1,25,3,3.4,8.964441503371852,0.0,7,58
1,25,4,3.2,11.43538829471782,0.0,7,58
1,25,5,3.0,9.48073619050973,0.0,7,58
1,25,6,2.8,11.141834464311659,0.0,7,58
1,25,7,2.8,10.295267902197367,0.0,7,58
1,25,8,2.8,11.310916473559043,0.0,7,58
1,25,9,2.8,9.927638633157986,0.0,7,58
1,25,10,2.8,16.943149305705457,0.0,7,58
1,25,11,2.8,17.01595704400448,0.0,7,58
1,25,12,2.8,10.497150995513195,0.0,7,58
1,25,13,2.8,13.5727751565958,0.0,7,58
1,25,14,2.8,12.79271166036037,0.0,7,58
1,25,15,2.8,12.57485309002616,0.0,7,58
1,25,16,2.8,10.88869310411889,0.0,7,58
1,25,17,3.2,8.67515864990567,0.0,7,58
1,25,18,2.8,8.838169997269832,0.0,7,58
1,25,19,3.2,9.523723165606551,0.0,7,58
1,25,20,3.0,10.75061392217335,0.0,7,58
1,25,21,2.5,10.155585502091418,0.0,4,58
2,25,1,3.0,13.769052280713028,0.0,7,58
2,25,2,2.8,12.78029802920331,0.0,7,58
2,25,3,3.4,12.069493006042935,0.0,7,58
2,25,4,3.4,8.712638100534154,0.0,7,58
2,25,5,3.0,10.792819240857519,0.0,7,58
2,25,6,3.0,9.345168853647827,0.0,7,58
2,25,7,3.2,9.186733130063844,0.0,7,58
2,25,8,2.8,11.798973734924042,0.0,7,58
2,25,9,2.8,10.780733803074916,0.0,7,58
2,25,10,2.8,11.075084515748902,0.0,7,58
2,25,11,2.8,13.144436124482995,0.0,7,58
2,25,12,2.8,12.399519725039292,0.0,7,58
2,25,13,2.8,13.495678843473973,0.0,7,58
2,25,14,2.8,12.166635754860373,0.0,7,58
2,25,15,3.0,9.666357920170835,0.0,7,58
2,25,16,3.0,11.456488241455405,0.0,7,58
2,25,17,3.0,9.122535458443952,0.0,7,58
2,25,18,3.0,11.943559283142257,0.0,7,58
2,25,19,2.8,11.096122611374335,0.0,7,58
2,25,20,2.8,9.417835940411395,0.0,7,58
2,25,21,3.0,9.385203575642482,0.0,7,58
3,25,1,3.2,8.645971988199523,0.0,7,58
3,25,2,2.8,12.257901771413348,0.0,7,58
3,25,3,2.8,12.475876913059643,0.0,7,58
3,25,4,2.8,8.733505148812796,0.0,7,58
3,25,5,2.8,10.151361747540937,0.0,7,58
3,25,6,2.8,8.854478523810185,0.0,7,58
3,25,7,2.8,10.416872439875357,0.0,7,58
3,25,8,2.8,9.786132784800278,0.0,7,58
3,25,9,2.8,15.198503252813163,0.0,7,58
3,25,10,2.8,10.4041733079743,0.0,7,58
3,25,11,2.8,13.18205765562578,0.0,7,58
3,25,12,3.2,11.114744695601939,0.0,7,58
3,25,13,3.0,10.80407146138051,0.0,7,58
3,25,14,3.0,9.694178604696685,0.0,7,58
3,25,15,2.8,16.10520221283486,0.0,7,58
3,25,16,3.0,9.927325212364297,0.0,7,58
3,25,17,2.8,11.646423646823582,0.0,7,58
3,25,18,2.8,11.35145780923911,0.0,7,58
3,25,19,2.8,10.741913033131375,0.0,7,58
3,25,20,2.8,9.748830533881016,0.0,7,58
3,25,21,2.8,9.480279842284418,0.0,7,58
3,25,22,2.8,11.258133090443232,0.0,6,58
1,26,1,4.6,9.104092683817973,0.0,7,58
1,26,2,3.8,10.260856123826487,0.0,7,58
1,26,3,3.4,7.81368551886554,0.0,7,58
1,26,4,3.0,13.760546711860027,0.0,7,58
1,26,5,3.0,9.088739235887498,0.0,7,58
1,26,6,2.8,11.058002224289009,0.0,7,58
1,26,7,2.8,11.909925290473813,0.0,7,58
1,26,8,2.8,10.954112321820157,0.0,7,58
1,26,9,2.8,12.56160430874845,0.0,7,58
1,26,10,2.8,14.256522934545675,0.0,7,58
1,26,11,2.8,15.025428107205762,0.0,7,58
1,26,12,2.8,10.934794944217355,0.0,7,58
1,26,13,2.8,16.271764884485414,0.0,7,58
1,26,14,2.8,11.94518287849305,0.0,7,58
1,26,15,2.8,13.086819668937315,0.0,7,58
1,26,16,3.0,9.778858781894945,0.0,7,58
1,26,17,3.2,8.180532393022972,0.0,7,58
1,26,18,2.8,9.259152619718067,0.0,7,58
1,26,19,2.8,15.481193282241502,0.0,7,58
1,26,20,3.0,8.784471599154257,0.0,7,58
1,26,21,2.4,12.229894100898626,0.0,5,58
2,26,1,3.8,9.973800206015063,0.0,7,58
2,26,2,3.4,11.107572050678359,0.0,7,58
2,26,3,2.8,11.422979154820972,0.0,7,58
2,26,4,3.0,9.518900691499395,0.0,7,58
2,26,5,2.8,12.321291419765199,0.0,7,58
2,26,6,2.8,9.246513062212639,0.0,7,58
2,26,7,3.4,10.456545400501474,0.0,7,58
2,26,8,2.8,12.444221905030544,0.0,7,58
2,26,9,2.8,10.911532656811122,0.0,7,58
2,26,10,2.8,10.443584708585032,0.0,7,58
2,26,11,3.0,12.056935483365642,0.0,7,58
2,26,12,2.8,11.644681435850078,0.0,7,58
2,26,13,2.8,14.236389832912556,0.0,7,58
2,26,14,2.8,9.8808985078899,0.0,7,58
2,26,15,3.0,9.794530612501473,0.0,7,58
2,26,16,2.8,12.837376467448864,0.0,7,58
2,26,17,2.8,11.29210768708045,0.0,7,58
2,26,18,2.8,14.71369059705383,0.0,7,58
2,26,19,3.0,8.511114043320333,0.0,7,58
2,26,20,3.0,7.665022241574041,0.0,7,58
2,26,21,2.8,12.898585367077334,0.0,6,58
3,26,1,3.0,9.869158817064227,0.0,7,58
3,26,2,2.8,12.129593927323745,0.0,7,58
3,26,3,2.8,12.798226268226486,0.0,7,58
3,26,4,2.8,10.269953672000078,0.0,7,58
3,26,5,2.8,8.890627170801027,0.0,7,58
3,26,6,2.8,9.297283378127403,0.0,7,58
3,26,7,3.0,9.127010567177857,0.0,7,58
3,26,8,2.8,9.632015525176573,0.0,7,58
3,26,9,2.8,15.428541443217874,0.0,7,58
3,26,10,2.8,10.80868020051107,0.0,7,58
3,26,11,2.8,11.762380896684242,0.0,7,58
3,26,12,3.2,9.434516673278262,0.0,7,58
3,26,13,3.0,12.108871475256358,0.0,7,58
3,26,14,2.8,10.918232197112482,0.0,7,58
3,26,15,2.8,16.4707411739486,0.0,7,58
3,26,16,3.2,11.534420345195919,0.0,7,58
3,26,17,2.8,14.385783634227101,0.0,7,58
3,26,18,3.0,11.058160091344776,0.0,7,58
3,26,19,2.8,12.568189150044345,0.0,7,58
3,26,20,2.8,9.616012815282163,0.0,7,58
3,26,21,2.8,10.746990958051077,0.0,7,58
3,26,22,2.6,10.998591404235864,0.0,5,58
1,27,1,4.6,8.87612264759198,0.0,7,58
1,27,2,3.8,9.545681500162832,0.0,7,58
1,27,3,3.4,8.27507220404652,0.0,7,58
1,27,4,3.2,10.858429440283405,0.0,7,58
1,27,5,3.2,9.732080131181982,0.0,7,58
1,27,6,3.0,9.497047730568468,0.0,7,58
1,27,7,2.8,11.199648866183365,0.0,7,58
1,27,8,2.8,13.267698104136956,0.0,7,58
1,27,9,2.8,12.195583040415588,0.0,7,58
1,27,10,2.8,13.573395043617314,0.0,7,58
1,27,11,2.8,17.89658488872179,0.0,7,58
1,27,12,2.8,9.767181860781465,0.0,7,58
1,27,13,2.8,12.799916884288725,0.0,7,58
1,27,14,3.0,12.784685540988706,0.0,7,58
1,27,15,2.8,12.222601830652298,0.0,7,58
1,27,16,2.8,11.366181381399631,0.0,7,58
1,27,17,3.0,8.911576370264115,0.0,7,58
1,27,18,2.8,10.064744561870393,0.0,7,58
1,27,19,3.2,9.922511334941433,0.0,7,58
1,27,20,3.0,8.573164318464869,0.0,7,58
2,27,1,3.2,12.83340041320523,0.0,7,58
2,27,2,3.0,10.693511543009919,0.0,7,58
2,27,3,3.8,7.976764906787502,0.0,7,58
2,27,4,3.6,7.984293920901785,0.0,7,58
2,27,5,2.8,11.472567464871949,0.0,7,58
2,27,6,2.8,10.437885824020196,0.0,7,58
2,27,7,3.6,7.5492034531578724,0.125,7,58
2,27,8,2.8,10.853463305429711,0.0,7,58
2,27,9,2.8,13.746054894695222,0.0,7,58
2,27,10,2.8,11.437362360189367,0.0,7,58
2,27,11,2.8,12.703561881064058,0.0,7,58
2,27,12,2.8,14.969850535273839,0.0,7,58
2,27,13,2.8,12.644822464845124,0.0,7,58
2,27,14,2.8,9.89938090797478,0.0,7,58
2,27,15,3.0,11.295453044656167,0.0,7,58
2,27,16,3.0,9.867971163264697,0.0,7,58
2,27,17,2.8,11.758197466790037,0.0,7,58
2,27,18,3.0,12.210788399803132,0.0,7,58
2,27,19,3.0,8.236024856873346,0.0,7,58
2,27,20,2.8,9.350526403524572,0.0,7,58
2,27,21,2.5,12.390227879055606,0.0,4,58
3,27,1,3.6,7.706075881367782,0.0,7,58
3,27,2,2.8,12.158936121056305,0.0,7,58
3,27,3,3.0,11.124441456402346,0.0,7,58
3,27,4,2.8,10.051997315904668,0.0,7,58
3,27,5,2.8,10.578476533033816,0.0,7,58
3,27,6,2.8,8.26478435230356,0.0,7,58
3,27,7,2.8,11.543264165327244,0.0,7,58
3,27,8,2.8,10.316626134674337,0.0,7,58
3,27,9,2.8,15.15518806339411,0.0,7,58
3,27,10,2.8,10.353743759495043,0.0,7,58
3,27,11,3.0,12.632622781329495,0.0,7,58
3,27,12,2.8,12.287182059526284,0.0,7,58
3,27,13,3.2,9.203862096201158,0.0,7,58
3,27,14,2.8,10.32681111502603,0.0,7,58
3,27,15,3.0,11.73758935726726,0.0,7,58
3,27,16,2.8,12.5700763177304,0.0,7,58
3,27,17,2.8,10.698483151932374,0.0,7,58
3,27,18,3.0,10.10286307035797,0.0,7,58
3,27,19,2.8,12.511526987975378,0.0,7,58
3,27,20,2.8,9.27554146181245,0.0,7,58
3,27,21,2.8,9.296904944437427,0.0,7,58
3,27,22,2.2,14.985832850388498,0.0,5,58
1,28,1,4.6,8.34741838301118,0.0,7,58
1,28,2,3.8,11.21573965702224,0.0,7,58
1,28,3,3.4,7.4837544191939775,0.0,7,58
1,28,4,3.2,9.475436008931894,0.0,7,58
1,28,5,3.0,9.191516336121587,0.0,7,58
1,28,6,3.0,9.883648737434081,0.0,7,58
1,28,7,2.8,11.449880891337184,0.0,7,58
1,28,8,2.8,11.189040442339522,0.0,7,58
1,28,9,2.8,11.002462168741957,0.0,7,58
1,28,10,2.8,15.579427098667448,0.0,7,58
1,28,11,2.8,18.38221228122903,0.0,7,58
1,28,12,2.8,9.706777866295099,0.0,7,58
1,28,13,2.8,14.005406039476185,0.0,7,58
1,28,14,2.8,13.127816987499543,0.0,7,58
1,28,15,3.0,9.617882148715164,0.0,7,58
1,28,16,2.8,12.34813890239463,0.0,7,58
1,28,17,3.4,8.20547270127132,0.0,7,58
1,28,18,3.0,11.264329569878246,0.0,7,58
1,28,19,2.8,10.538951257908396,0.0,7,58
1,28,20,3.0,8.57316431846484,0.0,7,58
2,28,1,3.8,9.084896161251098,0.0,7,58
2,28,2,3.6,13.066479189580603,0.0,7,58
2,28,3,3.2,10.818333010563522,0.0,7,58
2,28,4,3.4,8.217034254552718,0.0,7,58
2,28,5,3.0,11.163679986844592,0.0,7,58
2,28,6,3.0,10.7549383056094,0.0,7,58
2,28,7,3.4,8.758598487890614,0.0,7,58
2,28,8,3.0,11.781247991231918,0.0,7,58
2,28,9,2.8,11.732523532112356,0.0,7,58
2,28,10,2.8,11.758318655329228,0.0,7,58
2,28,11,2.8,16.530016652469403,0.0,7,58
2,28,12,2.8,13.827805691302435,0.0,7,58
2,28,13,2.8,9.495363909270955,0.0,7,58
2,28,14,2.8,9.098111249968724,0.0,7,58
2,28,15,3.0,9.985929127433463,0.0,7,58
2,28,16,2.8,12.294735134627063,0.0,7,58
2,28,17,2.8,12.94180824658462,0.0,7,58
2,28,18,3.2,8.859937471687987,0.0,7,58
2,28,19,2.8,8.83908601435607,0.0,7,58
2,28,20,3.0,8.388547232754068,0.0,7,58
3,28,1,2.8,9.391114262726736,0.0,7,58
3,28,2,2.8,10.930371215394924,0.0,7,58
3,28,3,2.8,12.067852840316887,0.0,7,58
3,28,4,2.8,10.066764770896665,0.0,7,58
3,28,5,2.8,9.23506948817813,0.0,7,58
3,28,6,2.8,10.23216484378108,0.0,7,58
3,28,7,2.8,9.126173517999995,0.0,7,58
3,28,8,2.8,9.252403950759543,0.0,7,58
3,28,9,2.8,11.917641161609131,0.0,7,58
3,28,10,2.8,13.16493979785481,0.0,7,58
3,28,11,2.8,11.605074804505996,0.0,7,58
3,28,12,3.0,12.102018474179463,0.0,7,58
3,28,13,3.0,11.113807347742334,0.0,7,58
3,28,14,2.8,12.146866900862333,0.0,7,58
3,28,15,2.8,12.567481698672902,0.0,7,58
3,28,16,3.0,10.744479218650277,0.0,7,58
3,28,17,2.8,12.913503411431432,0.0,7,58
3,28,18,2.8,9.674205432668607,0.0,7,58
3,28,19,2.8,12.023308425426261,0.0,7,58
3,28,20,2.8,10.234080878968749,0.0,7,58
3,28,21,2.8,8.148199913775766,0.0,7,58
3,28,22,3.0,9.507530259293539,0.0,7,58
1,29,1,4.6,8.889216144283758,0.0,7,58
1,29,2,3.6,11.495649685126843,0.0,7,58
1,29,3,3.4,7.404137232086606,0.0,7,58
1,29,4,3.0,12.318585517201997,0.0,7,58
1,29,5,3.0,8.758798572627901,0.0,7,58
1,29,6,3.0,8.847048602541426,0.0,7,58
1,29,7,2.8,9.673110901349245,0.0,7,58
1,29,8,2.8,9.958474102270005,0.0,7,58
1,29,9,2.8,9.26058242815258,0.0,7,58
1,29,10,2.8,17.432102467833243,0.0,7,58
1,29,11,2.8,13.724985397222968,0.0,7,58
1,29,12,2.8,10.855998018819534,0.0,7,58
1,29,13,2.8,15.359336715773214,0.0,7,58
1,29,14,3.0,10.256443623682438,0.0,7,58
1,29,15,2.8,12.654070989606637,0.0,7,58
1,29,16,2.8,11.579147781487807,0.0,7,58
1,29,17,3.2,9.219321813423479,0.0,7,58
1,29,18,2.8,10.575346092177789,0.0,7,58
1,29,19,3.2,10.503088384849404,0.0,7,58
1,29,20,3.0,10.827882993577623,0.0,7,58
1,29,21,2.5,12.09145468715258,0.0,4,58
2,29,1,2.8,14.018202009988885,0.0,7,58
2,29,2,3.0,11.63970519812623,0.0,7,58
2,29,3,3.8,9.870618028805906,0.125,7,58
2,29,4,2.8,10.204696466629718,0.0,7,58
2,29,5,2.8,10.172327843762211,0.0,7,58
2,29,6,2.8,9.07855541253478,0.0,7,58
2,29,7,3.2,10.326521763369069,0.0,7,58
2,29,8,3.0,11.42059845105496,0.0,7,58
2,29,9,2.8,12.419580435770985,0.0,7,58
2,29,10,2.8,11.030547032245751,0.0,7,58
2,29,11,2.8,12.898873617324561,0.0,7,58
2,29,12,2.8,13.437568469950143,0.0,7,58
2,29,13,2.8,10.786528392431414,0.0,7,58
2,29,14,2.8,11.639293257900789,0.0,7,58
2,29,15,3.0,8.698421750604329,0.0,7,58
2,29,16,2.8,12.86171358154555,0.0,7,58
2,29,17,2.8,11.121036384494175,0.0,7,58
2,29,18,2.8,11.372083138769918,0.0,7,58
2,29,19,3.0,11.51178328686514,0.0,7,58
2,29,20,2.8,8.480467403836805,0.0,7,58
2,29,21,3.0,8.383773203583468,0.0,7,58
3,29,1,3.4,8.005772215347731,0.0,7,58
3,29,2,2.8,10.803258699127356,0.0,7,58
3,29,3,2.8,16.09196829317034,0.0,7,58
3,29,4,2.8,9.496184370241293,0.0,7,58
3,29,5,3.0,8.762352155638428,0.0,7,58
3,29,6,2.8,9.81963508609502,0.0,7,58
3,29,7,2.8,11.085794157000196,0.0,7,58
3,29,8,2.8,10.869824887470452,0.0,7,58
3,29,9,2.8,15.571423971489724,0.0,7,58
3,29,10,2.8,11.25582443449549,0.0,7,58
3,29,11,2.8,13.170905283973847,0.0,7,58
3,29,12,3.2,9.15552713050288,0.0,7,58
3,29,13,3.2,8.895959236093171,0.0,7,58
3,29,14,2.8,10.450325370809052,0.0,7,58
3,29,15,3.0,13.649878489872703,0.0,7,58
3,29,16,2.8,13.484640586299324,0.0,7,58
3,29,17,2.8,12.884687969400256,0.0,7,58
3,29,18,3.0,10.39476091828363,0.0,7,58
3,29,19,2.8,15.934074236383005,0.0,7,58
3,29,20,2.8,8.478345532044358,0.0,7,58
3,29,21,2.8,10.111522596990099,0.0,7,58
3,29,22,2.2,17.824656465575476,0.0,5,58
1,30,1,4.6,9.300815446529915,0.0,7,58
1,30,2,4.0,8.410481438009173,0.0,7,58
1,30,3,3.4,8.153262971667997,0.0,7,58
1,30,4,2.8,15.033720479617399,0.0,7,58
1,30,5,3.0,8.927166745842749,0.0,7,58
1,30,6,2.8,10.077858670270023,0.0,7,58
1,30,7,2.8,12.248848425751337,0.0,7,58
1,30,8,2.8,9.844591490235986,0.0,7,58
1,30,9,2.8,9.771123397513648,0.0,7,58
1,30,10,2.8,17.845080694566253,0.0,7,58
1,30,11,2.8,16.46206890829038,0.0,7,58
1,30,12,2.8,10.551848477281542,0.0,7,58
1,30,13,2.8,15.28143706047035,0.0,7,58
1,30,14,2.8,12.387166488569767,0.0,7,58
1,30,15,2.8,11.828139164267974,0.0,7,58
1,30,16,2.8,12.784764121102272,0.0,7,58
1,30,17,3.0,7.84617118476766,0.0,7,58
1,30,18,3.2,7.427500408381795,0.0,7,58
1,30,19,3.2,9.948230551195635,0.0,7,58
1,30,20,3.0,10.118786289572652,0.0,7,58
1,30,21,2.5,9.925582993854432,0.0,4,58
2,30,1,3.0,12.451558372693533,0.0,7,58
2,30,2,2.8,11.840132867763886,0.0,7,58
2,30,3,3.6,8.742109349093427,0.125,7,58
2,30,4,2.8,11.093355301202811,0.0,7,58
2,30,5,2.8,11.1972230495775,0.0,7,58
2,30,6,2.8,9.87597187506162,0.0,7,58
2,30,7,3.2,12.120050670789684,0.0,7,58
2,30,8,3.2,9.50250296015277,0.0,7,58
2,30,9,2.8,12.294750243415068,0.0,7,58
2,30,10,2.8,10.79687887901818,0.0,7,58
2,30,11,3.0,10.659322172628697,0.0,7,58
2,30,12,2.8,13.828364132237779,0.0,7,58
2,30,13,2.8,10.267793581689876,0.0,7,58
2,30,14,2.8,11.261421559127385,0.0,7,58
2,30,15,3.0,8.80446755760958,0.0,7,58
2,30,16,3.0,9.657027741735098,0.0,7,58
2,30,17,2.8,12.367640310204457,0.0,7,58
2,30,18,3.0,12.892366749688524,0.0,7,58
2,30,19,3.0,9.665428139479872,0.0,7,58
2,30,20,2.8,7.531012253728568,0.0,7,58
2,30,21,3.0,10.613140446052935,0.0,7,58
3,30,1,3.6,7.8143796257975175,0.0,7,58
3,30,2,3.2,8.72018018484957,0.0,7,58
3,30,3,3.2,11.228041952242808,0.0,7,58
3,30,4,2.8,9.0981495205625,0.0,7,58
3,30,5,2.8,10.70273739572204,0.0,7,58
3,30,6,2.8,9.125841344912592,0.0,7,58
3,30,7,3.0,11.333453045010387,0.0,7,58
3,30,8,2.8,10.679291232009657,0.0,7,58
3,30,9,2.8,15.587055023934877,0.0,7,58
3,30,10,2.8,11.984425182367143,0.0,7,58
3,30,11,3.2,10.02572897199109,0.0,7,58
3,30,12,3.2,10.024423081062974,0.0,7,58
3,30,13,3.0,11.52873629702215,0.0,7,58
3,30,14,3.0,11.880855200232833,0.0,7,58
3,30,15,3.0,11.850578783987526,0.0,7,58
3,30,16,2.8,19.329999402049655,0.0,7,58
3,30,17,3.0,11.15229012531832,0.0,7,58
3,30,18,2.8,12.618657067596912,0.0,7,58
3,30,19,2.8,12.51705188032333,0.0,7,58
3,30,20,2.8,9.174957773308485,0.0,7,58
3,30,21,3.0,11.054046615025017,0.0,7,58
1,31,1,4.6,9.15944485951947,0.0,7,58
1,31,2,3.8,10.529801399071888,0.0,7,58
1,31,3,3.4,8.196284986293659,0.0,7,58
1,31,4,3.2,11.222424156677722,0.0,7,58
1,31,5,3.0,10.290214823891723,0.0,7,58
1,31,6,3.0,9.190267377177268,0.0,7,58
1,31,7,2.8,13.686307159327418,0.0,7,58
1,31,8,2.8,11.025267984465476,0.0,7,58
1,31,9,2.8,11.572977941128245,0.0,7,58
1,31,10,2.8,16.984585541784124,0.0,7,58
1,31,11,2.8,15.74121684793385,0.0,7,58
1,31,12,2.8,10.304316023612133,0.0,7,58
1,31,13,2.8,13.064150682478374,0.0,7,58
1,31,14,2.8,12.32247455810684,0.0,7,58
1,31,15,2.8,12.939874073782867,0.0,7,58
1,31,16,2.8,13.501698618285065,0.0,7,58
1,31,17,3.0,9.51819814224916,0.0,7,58
1,31,18,3.0,9.269587805092167,0.0,7,58
1,31,19,3.2,9.405227604890802,0.0,7,58
1,31,20,3.2,8.47924807410276,0.0,7,58
2,31,1,3.0,14.350578028527854,0.0,7,58
2,31,2,3.2,9.641830945309227,0.0,7,58
2,31,3,3.6,9.907921330370991,0.0,7,58
2,31,4,3.2,8.83870763589062,0.0,7,58
2,31,5,2.8,14.14503236650291,0.0,7,58
2,31,6,2.8,10.721538418009319,0.0,7,58
2,31,7,3.0,12.097536703747684,0.0,7,58
2,31,8,3.0,11.356664334946982,0.0,7,58
2,31,9,2.8,11.256949014162656,0.0,7,58
2,31,10,2.8,10.172488644070063,0.0,7,58
2,31,11,2.8,12.103915187126114,0.0,7,58
2,31,12,2.8,12.424708908323128,0.0,7,58
2,31,13,2.8,13.676751106223929,0.0,7,58
2,31,14,2.8,13.846892563482797,0.0,7,58
2,31,15,3.0,9.727856205279025,0.0,7,58
2,31,16,3.0,13.686984761671841,0.0,7,58
2,31,17,3.0,10.101926484596794,0.0,7,58
2,31,18,2.8,16.367461039344562,0.0,7,58
2,31,19,3.0,8.582775962760548,0.0,7,58
2,31,20,2.8,8.657924841261018,0.0,7,58
2,31,21,3.0,11.375079454651013,0.0,7,58
3,31,1,2.8,11.175752721920112,0.0,7,58
3,31,2,2.8,12.39202352205061,0.0,7,58
3,31,3,2.8,11.063675819059668,0.0,7,58
3,31,4,2.8,10.339043210890468,0.0,7,58
3,31,5,2.8,9.876318502011959,0.0,7,58
3,31,6,2.8,10.047267288351655,0.0,7,58
3,31,7,2.8,9.958290823650026,0.0,7,58
3,31,8,2.8,11.019428203164779,0.0,7,58
3,31,9,2.8,13.831147301173482,0.0,7,58
3,31,10,2.8,12.00236422661675,0.0,7,58
3,31,11,2.8,12.662216906466249,0.0,7,58
3,31,12,3.6,8.583385256032098,0.125,7,58
3,31,13,3.0,11.990179229024804,0.0,7,58
3,31,14,2.8,9.659450017959998,0.0,7,58
3,31,15,2.8,15.790366205164378,0.0,7,58
3,31,16,3.0,10.109298920252241,0.0,7,58
3,31,17,2.8,12.022344265200767,0.0,7,58
3,31,18,3.0,12.148014942373297,0.0,7,58
3,31,19,2.8,12.447079111862385,0.0,7,58
3,31,20,2.8,11.07251011686753,0.0,7,58
3,31,21,2.8,9.059023179630877,0.0,7,58
3,31,22,2.8,12.37423490615876,0.0,6,58
1,32,1,4.6,8.48852075823274,0.0,7,58
1,32,2,3.8,8.629776990881503,0.0,7,58
1,32,3,3.4,7.11275311651416,0.0,7,58
1,32,4,3.2,10.319192533357048,0.0,7,58
1,32,5,3.2,8.96473965152892,0.0,7,58
1,32,6,2.8,12.220401731443642,0.0,7,58
1,32,7,2.8,11.05092748199104,0.0,7,58
1,32,8,2.8,10.273415110204777,0.0,7,58
1,32,9,2.8,11.707887838175083,0.0,7,58
1,32,10,2.8,12.455773870653344,0.0,7,58
1,32,11,2.8,15.185856940952055,0.0,7,58
1,32,12,2.8,11.246655829140765,0.0,7,58
1,32,13,2.8,16.91448156807651,0.0,7,58
1,32,14,2.8,14.346749061151252,0.0,7,58
1,32,15,2.8,10.577648342748839,0.0,7,58
1,32,16,2.8,11.515078147373035,0.0,7,58
1,32,17,3.0,9.796731578670702,0.0,7,58
1,32,18,2.8,9.418339455050393,0.0,7,58
1,32,19,2.8,14.204012419478765,0.0,7,58
1,32,20,3.0,10.857974445373081,0.0,7,58
1,32,21,2.4,13.86156189069413,0.0,5,58
2,32,1,2.8,14.621424471376498,0.0,7,58
2,32,2,2.8,11.229658863949398,0.0,7,58
2,32,3,4.0,7.698638907477935,0.125,7,58
2,32,4,3.2,8.030941619706963,0.0,7,58
2,32,5,2.8,12.657264186485747,0.0,7,58
2,32,6,3.0,9.2323164478544,0.0,7,58
2,32,7,3.4,9.528029829397385,0.0,7,58
2,32,8,3.0,11.08941925187682,0.0,7,58
2,32,9,2.8,12.953351780421677,0.0,7,58
2,32,10,2.8,11.013775315595772,0.0,7,58
2,32,11,2.8,13.56431496130412,0.0,7,58
2,32,12,2.8,11.36342452903292,0.0,7,58
2,32,13,2.8,13.512952434937988,0.0,7,58
2,32,14,2.8,9.295239750898007,0.0,7,58
2,32,15,3.0,9.778870483974998,0.0,7,58
2,32,16,3.2,10.100295295061304,0.0,7,58
2,32,17,2.8,9.788547110677005,0.0,7,58
2,32,18,2.8,17.064564774282484,0.0,7,58
2,32,19,3.0,11.1943316932709,0.0,7,58
2,32,20,2.8,9.48988262957902,0.0,7,58
2,32,21,2.6,11.587654824727016,0.0,6,58
3,32,1,2.8,9.973016829974481,0.0,7,58
3,32,2,2.8,10.374169278899451,0.0,7,58
3,32,3,2.8,11.76604747625728,0.0,7,58
3,32,4,2.8,8.326288534023728,0.0,7,58
3,32,5,2.8,10.171980923305176,0.0,7,58
3,32,6,2.8,10.907331133301453,0.0,7,58
3,32,7,2.8,9.942103089353159,0.0,7,58
3,32,8,3.0,11.54130995190844,0.0,7,58
3,32,9,2.8,14.800677618016085,0.0,7,58
3,32,10,2.8,10.384987712530238,0.0,7,58
3,32,11,2.8,12.901720266226656,0.0,7,58
3,32,12,3.4,9.166543380217204,0.0,7,58
3,32,13,3.2,9.795048768772775,0.0,7,58
3,32,14,2.8,9.175222714962072,0.0,7,58
3,32,15,2.8,14.165541747239299,0.0,7,58
3,32,16,3.0,9.831577216108755,0.0,7,58
3,32,17,2.8,11.602237378425691,0.0,7,58
3,32,18,2.8,10.197002799142885,0.0,7,58
3,32,19,2.8,13.763575182832687,0.0,7,58
3,32,20,2.8,10.973182119988781,0.0,7,58
3,32,21,2.8,9.22295209669668,0.0,7,58
3,32,22,2.8,11.733284087870747,0.0,7,58
1,33,1,4.4,9.046980175327407,0.0,7,58
1,33,2,3.6,9.831034624439026,0.0,7,58
1,33,3,3.2,9.284415636687616,0.0,7,58
1,33,4,3.0,11.08738253336186,0.0,7,58
1,33,5,3.0,8.772629393175208,0.0,7,58
1,33,6,2.8,10.611013805794276,0.0,7,58
1,33,7,2.8,12.847816167838127,0.0,7,58
1,33,8,2.8,8.939696409911086,0.0,7,58
1,33,9,2.8,15.234879326571411,0.0,7,58
1,33,10,2.8,12.360045348143672,0.0,7,58
1,33,11,2.8,16.68408810319543,0.0,7,58
1,33,12,2.8,11.725919675082253,0.0,7,58
1,33,13,2.8,11.556140042073537,0.0,7,58
1,33,14,2.8,11.929518705530745,0.0,7,58
1,33,15,2.8,11.914916520423324,0.0,7,58
1,33,16,2.8,12.484263812547985,0.0,7,58
1,33,17,3.0,8.110209757508565,0.0,7,58
1,33,18,3.4,8.829866723787827,0.0,7,58
1,33,19,3.2,10.998017963675737,0.0,7,58
1,33,20,3.0,9.504980048682974,0.0,7,58
1,33,21,2.4,15.827589374472351,0.0,5,58
2,33,1,4.0,10.534302734232833,0.0,7,58
2,33,2,3.8,10.59752276547651,0.0,7,58
2,33,3,3.8,7.909130943955457,0.0,7,58
2,33,4,3.0,10.350762355577572,0.0,7,58
2,33,5,2.8,10.549634763511863,0.0,7,58
2,33,6,3.0,11.972313947695088,0.0,7,58
2,33,7,3.0,11.383097335578968,0.0,7,58
2,33,8,2.8,13.073969153063365,0.0,7,58
2,33,9,2.8,12.457139869117581,0.0,7,58
2,33,10,3.0,9.131169346495993,0.0,7,58
2,33,11,2.8,12.159271476022306,0.0,7,58
2,33,12,2.8,13.088045312886623,0.0,7,58
2,33,13,2.8,11.117860040065551,0.0,7,58
2,33,14,3.2,8.76706772011282,0.0,7,58
2,33,15,3.0,11.48081660665309,0.0,7,58
2,33,16,2.8,10.600688042968136,0.0,7,58
2,33,17,2.8,12.614089842071651,0.0,7,58
2,33,18,3.2,10.010964794325604,0.0,7,58
2,33,19,2.8,9.004876018376068,0.0,7,58
2,33,20,3.0,8.512122373737697,0.0,7,58
3,33,1,3.0,9.457131209549681,0.0,7,58
3,33,2,2.8,15.130242633612331,0.0,7,58
3,33,3,2.8,11.022261945125157,0.0,7,58
3,33,4,2.8,10.795654243522863,0.0,7,58
3,33,5,2.8,9.647955967891477,0.0,7,58
3,33,6,2.8,8.814893023852148,0.0,7,58
3,33,7,3.0,10.364333037797952,0.0,7,58
3,33,8,2.8,11.49693187561528,0.0,7,58
3,33,9,2.8,15.625627243668323,0.0,7,58
3,33,10,2.8,13.300167256099327,0.0,7,58
3,33,11,2.8,11.45398894588896,0.0,7,58
3,33,12,3.6,9.000586894096612,0.125,7,58
3,33,13,3.0,10.634053920207474,0.0,7,58
3,33,14,2.8,10.11463854221668,0.0,7,58
3,33,15,3.0,11.594882249065659,0.0,7,58
3,33,16,2.8,10.922073237307831,0.0,7,58
3,33,17,2.8,11.279535231054455,0.0,7,58
3,33,18,3.0,11.027801109782537,0.0,7,58
3,33,19,2.8,12.315122769408894,0.0,7,58
3,33,20,2.8,9.244239569611292,0.0,7,58
3,33,21,2.8,8.950493910315,0.0,7,58
3,33,22,2.4,12.71593763713719,0.0,5,58
1,34,1,4.6,7.081919516515984,0.0,7,58
1,34,2,3.6,8.872234104411145,0.0,7,58
1,34,3,3.2,8.15922729107606,0.0,7,58
1,34,4,3.2,11.211191221883084,0.0,7,58
1,34,5,3.2,8.521158742024776,0.0,7,58
1,34,6,2.8,10.162839746588954,0.0,7,58
1,34,7,2.8,12.248848425751365,0.0,7,58
1,34,8,2.8,13.477561901355491,0.0,7,58
1,34,9,2.8,10.68979114528792,0.0,7,58
1,34,10,2.8,15.345678321731826,0.0,7,58
1,34,11,2.8,19.06637086932465,0.0,7,58
1,34,12,2.8,9.861155222984282,0.0,7,58
1,34,13,2.8,17.810755076691965,0.0,7,58
1,34,14,3.0,14.432362173108174,0.0,7,58
1,34,15,2.8,12.734293316015858,0.0,7,58
1,34,16,3.0,10.781074819791343,0.0,7,58
1,34,17,3.0,8.570582928176362,0.0,7,58
1,34,18,2.8,9.10525743230705,0.0,7,58
1,34,19,3.2,9.964681014139165,0.0,7,58
1,34,20,3.0,10.84737412524446,0.0,7,58
1,34,21,2.0,14.222505815778588,0.0,5,58
2,34,1,3.2,12.621531716636365,0.0,7,58
2,34,2,3.0,11.080994012055308,0.0,7,58
2,34,3,3.8,7.274671493453952,0.125,7,58
2,34,4,2.8,11.791634244885865,0.0,7,58
2,34,5,2.8,11.535275037478547,0.0,7,58
2,34,6,2.8,9.700232223483443,0.0,7,58
2,34,7,3.4,9.88524907478964,0.0,7,58
2,34,8,3.0,10.372724218174385,0.0,7,58
2,34,9,2.8,12.728152793334248,0.0,7,58
2,34,10,2.8,9.886490447469805,0.0,7,58
2,34,11,3.0,10.540133436283348,0.0,7,58
2,34,12,2.8,10.6140531748217,0.0,7,58
2,34,13,2.8,11.0877322573904,0.0,7,58
2,34,14,2.8,9.993917976010128,0.0,7,58
2,34,15,3.0,9.732189125191907,0.0,7,58
2,34,16,2.8,14.687001366487156,0.0,7,58
2,34,17,2.8,11.067339963575714,0.0,7,58
2,34,18,3.0,12.254660276702825,0.0,7,58
2,34,19,3.0,9.578743637984175,0.0,7,58
2,34,20,2.8,8.094275616125984,0.0,7,58
2,34,21,2.8,11.076523359056099,0.0,6,58
3,34,1,3.0,11.524178312266056,0.0,7,58
3,34,2,2.8,12.325140920473384,0.0,7,58
3,34,3,2.8,11.498887574466385,0.0,7,58
3,34,4,3.0,8.954132351545413,0.0,7,58
3,34,5,2.8,10.13454076429795,0.0,7,58
3,34,6,2.8,11.289815780239339,0.0,7,58
3,34,7,3.0,9.409267883858682,0.0,7,58
3,34,8,2.8,11.442671361274687,0.0,7,58
3,34,9,2.8,18.867361235243518,0.0,7,58
3,34,10,2.8,9.574058415316223,0.0,7,58
3,34,11,2.8,13.01171500756084,0.0,7,58
3,34,12,3.0,10.823418025221477,0.0,7,58
3,34,13,2.8,10.039271811356919,0.0,7,58
3,34,14,2.8,10.338216783733095,0.0,7,58
3,34,15,2.8,15.501716290606502,0.0,7,58
3,34,16,3.0,10.83846005325212,0.0,7,58
3,34,17,2.8,14.368960607816785,0.0,7,58
3,34,18,2.8,11.681265313396656,0.0,7,58
3,34,19,2.8,10.55924323019894,0.0,7,58
3,34,20,2.8,10.85640195506738,0.0,7,58
3,34,21,2.8,9.301903969180763,0.0,7,58
3,34,22,3.2,10.126941629186316,0.0,7,58
1,35,1,4.2,9.697615939303928,0.0,7,58
1,35,2,3.4,11.040381363398534,0.0,7,58
1,35,3,3.0,10.11969446710429,0.0,7,58
1,35,4,3.2,8.569436467488524,0.0,7,58
1,35,5,3.2,8.389384923798543,0.0,7,58
1,35,6,2.8,12.563064240514016,0.0,7,58
1,35,7,2.8,11.386274723908416,0.0,7,58
1,35,8,2.8,9.261213497363318,0.0,7,58
1,35,9,2.8,19.248827835961844,0.0,7,58
1,35,10,2.8,11.947768830861019,0.0,7,58
1,35,11,2.8,14.026222788526496,0.0,7,58
1,35,12,2.8,13.613169521957586,0.0,7,58
1,35,13,2.8,11.387055700193235,0.0,7,58
1,35,14,2.8,11.828424752166304,0.0,7,58
1,35,15,2.8,10.716117635015484,0.0,7,58
1,35,16,2.8,13.905468286847764,0.0,7,58
1,35,17,2.8,8.370380160644547,0.0,7,58
1,35,18,3.0,9.15596013463587,0.0,7,58
1,35,19,3.0,11.86746861269655,0.0,7,58
1,35,20,3.0,9.16226659359587,0.0,7,58
1,35,21,3.4,8.375528900800767,0.0,7,58
2,35,1,2.8,13.890850487219652,0.0,7,58
2,35,2,2.8,10.889754626423425,0.0,7,58
2,35,3,3.8,8.477782129975369,0.125,7,58
2,35,4,2.8,11.013451149712258,0.0,7,58
2,35,5,2.8,10.039305708249744,0.0,7,58
2,35,6,2.8,10.594480171768788,0.0,7,58
2,35,7,3.2,9.950929676710592,0.0,7,58
2,35,8,2.8,11.008017784064084,0.0,7,58
2,35,9,2.8,11.868298369560959,0.0,7,58
2,35,10,2.8,11.28509417549342,0.0,7,58
2,35,11,2.8,9.785235672528302,0.0,7,58
2,35,12,2.8,12.404882989753746,0.0,7,58
2,35,13,3.0,8.966260940490262,0.0,7,58
2,35,14,2.8,11.60280736512711,0.0,7,58
2,35,15,3.0,8.329349497027778,0.0,7,58
2,35,16,2.8,12.02043883864552,0.0,7,58
2,35,17,2.8,11.020928560181316,0.0,7,58
2,35,18,2.8,12.23556515176419,0.0,7,58
2,35,19,3.2,11.0211829585868,0.0,7,58
2,35,20,2.8,9.377661557154497,0.0,7,58
2,35,21,3.0,10.572027264478523,0.0,7,58
3,35,1,2.8,10.994937471509942,0.0,7,58
3,35,2,2.8,11.681952299078965,0.0,7,58
3,35,3,2.8,11.788726297668992,0.0,7,58
3,35,4,2.8,11.190293646694958,0.0,7,58
3,35,5,2.8,10.240103785503132,0.0,7,58
3,35,6,2.8,9.530606576380158,0.0,7,58
3,35,7,2.8,10.07309796491218,0.0,7,58
3,35,8,3.0,12.088795126971869,0.0,7,58
3,35,9,2.8,12.70928888821637,0.0,7,58
3,35,10,2.8,11.946975712094336,0.0,7,58
3,35,11,2.8,12.713983085958471,0.0,7,58
3,35,12,3.6,7.94005183617792,0.125,7,58
3,35,13,2.8,10.617735978953373,0.0,7,58
3,35,14,2.8,10.487625925712187,0.0,7,58
3,35,15,2.8,12.89417072777075,0.0,7,58
3,35,16,2.8,11.737751070085286,0.0,7,58
3,35,17,2.8,13.24845011030139,0.0,7,58
3,35,18,3.0,10.59955081773202,0.0,7,58
3,35,19,2.8,10.778124978140362,0.0,7,58
3,35,20,2.8,8.927184202292581,0.0,7,58
3,35,21,2.8,11.361662238653643,0.0,7,58
3,35,22,3.0,10.51369376703931,0.0,7,58
1,36,1,4.6,8.86306766667027,0.0,7,58
1,36,2,3.8,9.606551503898793,0.0,7,58
1,36,3,3.4,8.118983890192549,0.0,7,58
1,36,4,2.8,11.68383028839333,0.0,7,58
1,36,5,3.0,9.186058957770161,0.0,7,58
1,36,6,3.0,10.700872580373828,0.0,7,58
1,36,7,2.8,12.101262120381488,0.0,7,58
1,36,8,2.8,9.226587148446484,0.0,7,58
1,36,9,2.8,11.61715554552157,0.0,7,58
1,36,10,2.8,18.445951560390906,0.0,7,58
1,36,11,2.8,15.609234157408986,0.0,7,58
1,36,12,2.8,8.926292652267394,0.0,7,58
1,36,13,2.8,15.969906014062143,0.0,7,58
1,36,14,2.8,12.438303104945474,0.0,7,58
1,36,15,3.2,10.958334238359711,0.0,7,58
1,36,16,2.8,12.365742998672847,0.0,7,58
1,36,17,3.0,8.847416263475658,0.0,7,58
1,36,18,2.8,11.309719656585722,0.0,7,58
1,36,19,3.2,9.584312558994823,0.0,7,58
1,36,20,3.0,10.204461941977742,0.0,7,58
1,36,21,2.0,15.954677181066547,0.0,5,58
2,36,1,3.0,12.710322019151398,0.0,7,58
2,36,2,3.0,9.628768288130429,0.0,7,58
2,36,3,4.0,7.423545756418106,0.125,7,58
2,36,4,3.0,9.715470579038548,0.0,7,58
2,36,5,2.8,12.101872381205652,0.0,7,58
2,36,6,2.8,9.986290833383752,0.0,7,58
2,36,7,3.4,9.310464976259617,0.0,7,58
2,36,8,3.2,10.370368517385657,0.0,7,58
2,36,9,2.8,11.632523600482054,0.0,7,58
2,36,10,2.8,9.742507507763186,0.0,7,58
2,36,11,3.0,10.980922547613977,0.0,7,58
2,36,12,2.8,10.48369536770789,0.0,7,58
2,36,13,2.8,10.269825330865697,0.0,7,58
2,36,14,2.8,11.741382953744605,0.0,7,58
2,36,15,3.2,8.863483473186514,0.0,7,58
2,36,16,3.0,10.334860012151147,0.0,7,58
2,36,17,2.8,10.381123696762485,0.0,7,58
2,36,18,3.0,10.713528253796987,0.0,7,58
2,36,19,3.0,8.80516523244689,0.0,7,58
2,36,20,2.8,9.32202283606263,0.0,7,58
2,36,21,2.5,13.086120982886325,0.0,4,58
3,36,1,2.8,11.490699753793267,0.0,7,58
3,36,2,2.8,12.170100728158843,0.0,7,58
3,36,3,2.8,9.255481103084692,0.0,7,58
3,36,4,2.8,10.083361337419024,0.0,7,58
3,36,5,2.8,9.434508673431578,0.0,7,58
3,36,6,2.8,9.53060657638009,0.0,7,58
3,36,7,2.8,9.292564019092838,0.0,7,58
3,36,8,3.0,11.541309951908541,0.0,7,58
3,36,9,2.8,11.893693196737745,0.0,7,58
3,36,10,2.8,10.693664859508136,0.0,7,58
3,36,11,2.8,11.71548177627735,0.0,7,58
3,36,12,3.6,8.456003920550211,0.125,7,58
3,36,13,2.8,10.56272465016484,0.0,7,58
3,36,14,2.8,10.652015583360779,0.0,7,58
3,36,15,2.8,15.431796011775424,0.0,7,58
3,36,16,3.0,10.059417578199282,0.0,7,58
3,36,17,2.8,14.747246715942286,0.0,7,58
3,36,18,2.8,15.027315424312267,0.0,7,58
3,36,19,2.8,11.131211512688072,0.0,7,58
3,36,20,2.8,8.43472697368253,0.0,7,58
3,36,21,2.8,9.333144821884519,0.0,7,58
3,36,22,3.0,10.424098138832004,0.0,7,58
1,37,1,4.2,9.872378477700343,0.0,7,58
1,37,2,3.6,10.881567923980876,0.0,7,58
1,37,3,3.2,8.06619787363047,0.0,7,58
1,37,4,3.0,11.536984606201951,0.0,7,58
1,37,5,3.0,11.778628003726798,0.0,7,58
1,37,6,2.8,11.291837967998799,0.0,7,58
1,37,7,2.8,14.582529527587965,0.0,7,58
1,37,8,2.8,8.866060338146958,0.0,7,58
1,37,9,2.8,16.109812177401995,0.0,7,58
1,37,10,2.8,11.405062838131508,0.0,7,58
1,37,11,2.8,12.723181944455336,0.0,7,58
1,37,12,2.8,16.126964507221523,0.0,7,58
1,37,13,2.8,14.40944637700062,0.0,7,58
1,37,14,3.0,11.356578159729244,0.0,7,58
1,37,15,3.0,10.485427160297146,0.0,7,58
1,37,16,2.8,13.51653593046805,0.0,7,58
1,37,17,3.0,8.012764439984348,0.0,7,58
1,37,18,2.8,10.993515616275547,0.0,7,58
1,37,19,3.2,10.108477284056235,0.0,7,58
1,37,20,2.8,12.633615141368026,0.0,7,58
1,37,21,3.0,9.661606493148497,0.0,6,58
2,37,1,3.0,13.862678059049625,0.0,7,58
2,37,2,2.8,12.073869100009208,0.0,7,58
2,37,3,3.8,8.830300986398571,0.125,7,58
2,37,4,3.0,9.279564315860185,0.0,7,58
2,37,5,2.8,9.653940505871292,0.0,7,58
2,37,6,2.8,11.107539412803526,0.0,7,58
2,37,7,3.2,9.72627652280472,0.0,7,58
2,37,8,3.2,10.485725478982816,0.0,7,58
2,37,9,2.8,10.934931316046638,0.0,7,58
2,37,10,2.8,11.321086959546417,0.0,7,58
2,37,11,2.8,12.602734972258245,0.0,7,58
2,37,12,2.8,13.033690937878408,0.0,7,58
2,37,13,2.8,13.119345030278254,0.0,7,58
2,37,14,2.8,9.18756128471093,0.0,7,58
2,37,15,3.0,9.651104652313288,0.0,7,58
2,37,16,2.8,11.610877296756458,0.0,7,58
2,37,17,2.8,11.089452142869176,0.0,7,58
2,37,18,2.8,12.738089730694577,0.0,7,58
2,37,19,3.0,9.96011533234834,0.0,7,58
2,37,20,2.8,7.207227221641884,0.0,7,58
2,37,21,3.0,11.821001545109874,0.0,7,58
3,37,1,2.8,9.319564900638735,0.0,7,58
3,37,2,2.8,12.050211040146829,0.0,7,58
3,37,3,2.8,11.267497276927829,0.0,7,58
3,37,4,2.8,10.553117932496244,0.0,7,58
3,37,5,2.8,10.071479305659226,0.0,7,58
3,37,6,3.0,8.703916737200387,0.0,7,58
3,37,7,3.0,8.992812247002519,0.0,7,58
3,37,8,2.8,10.314238992949553,0.0,7,58
3,37,9,2.8,19.390637241217096,0.0,7,58
3,37,10,2.8,11.123198066782026,0.0,7,58
3,37,11,2.8,11.830637969265169,0.0,7,58
3,37,12,3.2,11.490615227683005,0.0,7,58
3,37,13,3.0,10.747117530854094,0.0,7,58
3,37,14,3.2,8.447860020648653,0.0,7,58
3,37,15,3.0,14.75596071585309,0.0,7,58
3,37,16,3.0,12.013660905915106,0.0,7,58
3,37,17,2.8,11.249462086327531,0.0,7,58
3,37,18,3.0,10.06959638537082,0.0,7,58
3,37,19,2.8,14.567775757948985,0.0,7,58
3,37,20,2.8,9.59569735003325,0.0,7,58
3,37,21,2.8,9.484322846362666,0.0,7,58
3,37,22,2.2,16.04746506190897,0.0,5,58
1,38,1,4.6,8.025039747080935,0.0,7,58
1,38,2,3.6,9.169234929315039,0.0,7,58
1,38,3,3.2,8.456945070501458,0.0,7,58
1,38,4,3.2,12.726533503207857,0.0,7,58
1,38,5,3.0,9.41571148851471,0.0,7,58
1,38,6,3.0,9.1146810506671,0.0,7,58
1,38,7,2.8,13.158217364132138,0.0,7,58
1,38,8,2.8,10.663354648924352,0.0,7,58
1,38,9,2.8,12.330275730444917,0.0,7,58
1,38,10,2.8,14.024270213958816,0.0,7,58
1,38,11,2.8,15.100733098739676,0.0,7,58
1,38,12,2.8,11.411042413419967,0.0,7,58
1,38,13,2.8,13.062110393762367,0.0,7,58
1,38,14,2.8,11.211767982000534,0.0,7,58
1,38,15,2.8,11.402880206658676,0.0,7,58
1,38,16,2.8,13.778676309527134,0.0,7,58
1,38,17,3.0,8.439561278532732,0.0,7,58
1,38,18,3.2,8.117906651720153,0.0,7,58
1,38,19,3.2,10.843276340260994,0.0,7,58
1,38,20,3.0,12.23487615902329,0.0,7,58
1,38,21,2.5,10.602282710137274,0.0,4,58
2,38,1,3.0,12.605536593365356,0.0,7,58
2,38,2,2.8,11.008961568112964,0.0,7,58
2,38,3,3.8,9.760354728350006,0.125,7,58
2,38,4,3.0,11.408630801375518,0.0,7,58
2,38,5,2.8,11.356930938891793,0.0,7,58
2,38,6,2.8,10.425896721951002,0.0,7,58
2,38,7,3.2,11.12376600705172,0.0,7,58
2,38,8,3.0,12.070868878166031,0.0,7,58
2,38,9,2.8,13.093369633187926,0.0,7,58
2,38,10,2.8,10.91747993131104,0.0,7,58
2,38,11,2.8,12.803178068793878,0.0,7,58
2,38,12,2.8,14.313809427905163,0.0,7,58
2,38,13,2.8,11.312306941670123,0.0,7,58
2,38,14,3.0,11.087588611841399,0.0,7,58
2,38,15,3.0,8.854674856886263,0.0,7,58
2,38,16,3.0,12.04300826886859,0.0,7,58
2,38,17,2.8,11.388055612376743,0.0,7,58
2,38,18,3.0,11.738025573467025,0.0,7,58
2,38,19,3.0,8.920776345130927,0.0,7,58
2,38,20,2.8,8.910187907391972,0.0,7,58
2,38,21,3.0,10.165122227681127,0.0,7,58
3,38,1,2.8,10.361618800670021,0.0,7,58
3,38,2,2.8,12.753793604851074,0.0,7,58
3,38,3,2.8,12.615472732794858,0.0,7,58
3,38,4,2.8,10.066764770896588,0.0,7,58
3,38,5,2.8,9.750359645553582,0.0,7,58
3,38,6,2.8,9.132155616811328,0.0,7,58
3,38,7,2.8,9.2784667568794,0.0,7,58
3,38,8,2.8,11.626926381727747,0.0,7,58
3,38,9,2.8,12.952421401889902,0.0,7,58
3,38,10,2.8,12.073443373412056,0.0,7,58
3,38,11,2.8,11.561201141315165,0.0,7,58
3,38,12,3.2,10.461810584584038,0.0,7,58
3,38,13,3.2,8.952702782929086,0.0,7,58
3,38,14,2.8,9.683489397156704,0.0,7,58
3,38,15,2.8,14.338757607263883,0.0,7,58
3,38,16,3.0,10.256821282506593,0.0,7,58
3,38,17,2.8,12.645810829255028,0.0,7,58
3,38,18,3.0,10.940849012444193,0.0,7,58
3,38,19,2.8,11.31657446161046,0.0,7,58
3,38,20,2.8,8.331319876227553,0.0,7,58
3,38,21,2.8,10.485161079325906,0.0,7,58
3,38,22,3.0,9.79003935182977,0.0,7,58
1,39,1,4.2,8.882801570808498,0.0,7,58
1,39,2,3.6,9.34582234791217,0.0,7,58
1,39,3,3.4,8.370491881660918,0.0,7,58
1,39,4,3.2,11.37444615965741,0.0,7,58
1,39,5,3.0,10.509024925727951,0.0,7,58
1,39,6,3.0,7.721008583713781,0.0,7,58
1,39,7,2.8,12.508721043049732,0.0,7,58
1,39,8,2.8,10.194884019828644,0.0,7,58
1,39,9,2.8,11.673915545094857,0.0,7,58
1,39,10,2.8,13.244053319157162,0.0,7,58
1,39,11,2.8,12.087317843223936,0.0,7,58
1,39,12,2.8,11.30657064493865,0.0,7,58
1,39,13,2.8,14.857158834927311,0.0,7,58
1,39,14,2.8,11.090533027389768,0.0,7,58
1,39,15,2.8,11.582170942874775,0.0,7,58
1,39,16,2.8,12.615576816377217,0.0,7,58
1,39,17,3.0,7.693694454985952,0.0,7,58
1,39,18,3.2,8.183118092162557,0.0,7,58
1,39,19,3.0,13.264700622951768,0.0,7,58
1,39,20,3.0,10.12800983911719,0.0,7,58
1,39,21,2.4,11.290418560440452,0.0,5,58
2,39,1,3.2,12.753121314043968,0.0,7,58
2,39,2,3.0,11.141551611540956,0.0,7,58
2,39,3,3.6,9.206921597597624,0.0,7,58
2,39,4,3.4,7.96108656805658,0.0,7,58
2,39,5,2.8,11.675932683536852,0.0,7,58
2,39,6,3.0,9.567011550846217,0.0,7,58
2,39,7,3.6,7.752302805668435,0.0,7,58
2,39,8,2.8,15.017980844948264,0.0,7,58
2,39,9,2.8,11.698921317609527,0.0,7,58
2,39,10,2.8,9.50602787592696,0.0,7,58
2,39,11,3.0,12.914182294234086,0.0,7,58
2,39,12,2.8,11.909207808367057,0.0,7,58
2,39,13,2.8,11.086242708405898,0.0,7,58
2,39,14,2.8,10.145703624797326,0.0,7,58
2,39,15,3.0,10.202591495319416,0.0,7,58
2,39,16,3.0,9.634794760280867,0.0,7,58
2,39,17,2.8,12.580518111965494,0.0,7,58
2,39,18,3.0,10.439234799260182,0.0,7,58
2,39,19,3.0,7.865322597498546,0.0,7,58
2,39,20,2.8,9.140903164087243,0.0,7,58
2,39,21,2.5,11.821457547042904,0.0,4,58
3,39,1,3.0,10.232407151091497,0.0,7,58
3,39,2,3.0,10.390466246793917,0.0,7,58
3,39,3,2.8,11.779084192057475,0.0,7,58
3,39,4,2.8,9.347500237334987,0.0,7,58
3,39,5,3.0,8.760398610276555,0.0,7,58
3,39,6,2.8,9.644863054173967,0.0,7,58
3,39,7,3.0,10.588666048134744,0.0,7,58
3,39,8,2.8,11.679347000422581,0.0,7,58
3,39,9,2.8,12.801168247305311,0.0,7,58
3,39,10,2.8,12.947623233971813,0.0,7,58
3,39,11,2.8,12.812225778621176,0.0,7,58
3,39,12,3.6,8.977239565727755,0.125,7,58
3,39,13,3.0,10.657116495122809,0.0,7,58
3,39,14,2.8,12.11446859724719,0.0,7,58
3,39,15,3.0,11.088326948547474,0.0,7,58
3,39,16,3.0,12.210766756093024,0.0,7,58
3,39,17,3.0,9.19427375909284,0.0,7,58
3,39,18,2.8,11.127817735104275,0.0,7,58
3,39,19,2.8,12.651287830548098,0.0,7,58
3,39,20,2.8,8.660882388242204,0.0,7,58
3,39,21,2.8,9.821376182929226,0.0,7,58
3,39,22,2.25,13.590958010629363,0.0,4,58
1,40,1,4.2,9.222673815811616,0.0,7,58
1,40,2,3.4,9.462730744138447,0.0,7,58
1,40,3,3.0,10.907325876440256,0.0,7,58
1,40,4,3.4,9.597342681207673,0.0,7,58
1,40,5,3.0,10.787599260546331,0.0,7,58
1,40,6,3.0,8.297676738234236,0.0,7,58
1,40,7,3.0,12.28700155795344,0.0,7,58
1,40,8,2.8,10.996420983448303,0.0,7,58
1,40,9,2.8,13.153369414542741,0.0,7,58
1,40,10,2.8,12.266476396206022,0.0,7,58
1,40,11,2.8,13.437605280041295,0.0,7,58
1,40,12,2.8,13.018480338409562,0.0,7,58
1,40,13,2.8,13.778170878416276,0.0,7,58
1,40,14,2.8,12.825188606012814,0.0,7,58
1,40,15,2.8,12.627976138394471,0.0,7,58
1,40,16,2.8,12.327543013973083,0.0,7,58
1,40,17,3.0,8.510695218311978,0.0,7,58
1,40,18,2.8,9.860244750220225,0.0,7,58
1,40,19,3.2,9.686028828526826,0.0,7,58
1,40,20,2.8,10.897298373600867,0.0,7,58
1,40,21,3.0,10.201353134447098,0.0,6,58
2,40,1,3.8,9.03123622392963,0.0,7,58
2,40,2,3.6,9.691562905371022,0.0,7,58
2,40,3,3.6,9.570642380735741,0.0,7,58
2,40,4,3.2,7.804994596425144,0.0,7,58
2,40,5,2.8,10.943882111957079,0.0,7,58
2,40,6,3.0,10.947444033890445,0.0,7,58
2,40,7,3.2,10.347901063802974,0.0,7,58
2,40,8,2.8,12.545090975666785,0.0,7,58
2,40,9,2.8,17.262516670023903,0.0,7,58
2,40,10,2.8,8.222313095123576,0.0,7,58
2,40,11,2.8,16.08125269854859,0.0,7,58
2,40,12,2.8,11.674569342484963,0.0,7,58
2,40,13,2.8,11.844056528691416,0.0,7,58
2,40,14,3.0,8.83561095495402,0.0,7,58
2,40,15,3.2,10.572541322292013,0.0,7,58
2,40,16,2.8,11.706424815570172,0.0,7,58
2,40,17,2.8,12.049423240720639,0.0,7,58
2,40,18,3.2,11.533054591251528,0.0,7,58
2,40,19,2.8,9.483232459569178,0.0,7,58
2,40,20,3.0,9.046126775076663,0.0,7,58
3,40,1,2.8,10.70623934148225,0.0,7,58
3,40,2,2.8,12.861068830899796,0.0,7,58
3,40,3,2.8,10.65877466235277,0.0,7,58
3,40,4,2.8,9.608147324219212,0.0,7,58
3,40,5,2.8,8.925110244243045,0.0,7,58
3,40,6,2.8,8.462472366723091,0.0,7,58
3,40,7,2.8,9.75187672369012,0.0,7,58
3,40,8,2.8,11.221607714317821,0.0,7,58
3,40,9,2.8,11.779918050614908,0.0,7,58
3,40,10,2.8,11.978856795354407,0.0,7,58
3,40,11,2.8,10.980051002545197,0.0,7,58
3,40,12,3.6,8.693185437799315,0.125,7,58
3,40,13,2.8,11.734245929448019,0.0,7,58
3,40,14,2.8,10.149501944695299,0.0,7,58
3,40,15,2.8,15.987986660715531,0.0,7,58
3,40,16,3.0,9.304947131679228,0.0,7,58
3,40,17,2.8,14.679343296420239,0.0,7,58
3,40,18,2.8,11.885568603518674,0.0,7,58
3,40,19,2.8,12.400395869767745,0.0,7,58
3,40,20,2.8,10.704395839113838,0.0,7,58
3,40,21,2.8,10.084073765640241,0.0,7,58
3,40,22,2.8,10.044494968299585,0.0,7,58
1,41,1,4.6,8.536620958732845,0.0,7,58
1,41,2,3.8,9.746388676240091,0.0,7,58
1,41,3,3.4,7.874952147644091,0.0,7,58
1,41,4,3.0,12.504190401607849,0.0,7,58
1,41,5,3.0,8.620663918763336,0.0,7,58
1,41,6,2.8,10.957465284301128,0.0,7,58
1,41,7,2.8,11.839724697919605,0.0,7,58
1,41,8,2.8,8.744582159519664,0.0,7,58
1,41,9,2.8,11.572535787126549,0.0,7,58
1,41,10,2.8,14.32430049259641,0.0,7,58
1,41,11,2.8,14.950870457200272,0.0,7,58
1,41,12,2.8,10.93479494421733,0.0,7,58
1,41,13,2.8,20.266696691641343,0.0,7,58
1,41,14,3.0,12.063255211305504,0.0,7,58
1,41,15,2.8,14.548152591306096,0.0,7,58
1,41,16,2.8,11.212869500127146,0.0,7,58
1,41,17,3.0,8.03098824101835,0.0,7,58
1,41,18,3.0,9.909570969411327,0.0,7,58
1,41,19,3.2,10.28791210572024,0.0,7,58
1,41,20,3.2,9.321946428735627,0.0,7,58
2,41,1,2.8,15.630315335050213,0.0,7,58
2,41,2,3.0,10.482626048363755,0.0,7,58
2,41,3,3.4,10.53156297904001,0.0,7,58
2,41,4,3.2,8.746929946816294,0.0,7,58
2,41,5,3.0,9.220909638220405,0.0,7,58
2,41,6,2.8,10.082164539931435,0.0,7,58
2,41,7,3.4,10.116711158297765,0.0,7,58
2,41,8,3.0,12.80731076032239,0.0,7,58
2,41,9,2.8,11.598508075118993,0.0,7,58
2,41,10,2.8,11.756310283840024,0.0,7,58
2,41,11,2.8,14.018116590883752,0.0,7,58
2,41,12,2.8,14.484431413827508,0.0,7,58
2,41,13,2.8,11.69003681945086,0.0,7,58
2,41,14,2.8,10.4069472907298,0.0,7,58
2,41,15,3.0,8.893300867755368,0.0,7,58
2,41,16,2.8,12.437259132943266,0.0,7,58
2,41,17,2.8,13.45603644864788,0.0,7,58
2,41,18,2.8,12.131688869534516,0.0,7,58
2,41,19,3.0,11.56032263466736,0.0,7,58
2,41,20,2.8,8.348403194220115,0.0,7,58
2,41,21,3.0,10.359383061132203,0.0,7,58
3,41,1,2.8,10.223063968688411,0.0,7,58
3,41,2,2.8,11.377708819594476,0.0,7,58
3,41,3,2.8,9.867722637815687,0.0,7,58
3,41,4,2.8,9.189496114976274,0.0,7,58
3,41,5,2.8,9.249035088039752,0.0,7,58
3,41,6,2.8,9.545481041637773,0.0,7,58
3,41,7,2.8,8.399263088245785,0.0,7,58
3,41,8,2.8,10.636165003162642,0.0,7,58
3,41,9,2.8,14.910125002265167,0.0,7,58
3,41,10,2.8,11.549083434281583,0.0,7,58
3,41,11,2.8,14.844179463715141,0.0,7,58
3,41,12,3.2,10.588595105656925,0.0,7,58
3,41,13,3.0,9.759363299139345,0.0,7,58
3,41,14,3.0,9.784702644369586,0.0,7,58
3,41,15,2.8,13.544886662596209,0.0,7,58
3,41,16,3.0,10.877010563195316,0.0,7,58
3,41,17,2.8,14.574403151284859,0.0,7,58
3,41,18,3.2,10.51813055108777,0.0,7,58
3,41,19,2.8,10.741913033131375,0.0,7,58
3,41,20,2.8,9.59587676494588,0.0,7,58
3,41,21,2.8,9.942625176524809,0.0,7,58
3,41,22,2.8,11.490798746744861,0.0,7,58
1,42,1,4.6,7.533446548869764,0.0,7,58
1,42,2,3.6,9.638549050863558,0.0,7,58
1,42,3,3.6,7.128888586129216,0.0,7,58
1,42,4,3.2,11.264380038254759,0.0,7,58
1,42,5,3.0,9.108160127503817,0.0,7,58
1,42,6,3.0,8.788182844089361,0.0,7,58
1,42,7,2.8,12.391684123225051,0.0,7,58
1,42,8,2.8,11.444029737947728,0.0,7,58
1,42,9,2.8,12.641182386839752,0.0,7,58
1,42,10,2.8,13.457144909759732,0.0,7,58
1,42,11,2.8,13.608349317531951,0.0,7,58
1,42,12,2.8,11.417122282894193,0.0,7,58
1,42,13,3.0,12.292738194518439,0.0,7,58
1,42,14,2.8,14.006447638245087,0.0,7,58
1,42,15,2.8,10.734059524150538,0.0,7,58
1,42,16,2.8,13.63320734782253,0.0,7,58
1,42,17,3.4,7.399425497626515,0.0,7,58
1,42,18,3.2,9.900050706556783,0.0,7,58
1,42,19,3.0,10.936977572359913,0.0,7,58
1,42,20,3.0,9.205256875240915,0.0,7,58
2,42,1,2.8,17.559986828612445,0.0,7,58
2,42,2,3.0,11.274928002950466,0.0,7,58
2,42,3,3.4,10.45952067345984,0.0,7,58
2,42,4,3.0,9.893334932028335,0.0,7,58
2,42,5,2.8,10.072372224478348,0.0,7,58
2,42,6,2.8,10.800272920404904,0.0,7,58
2,42,7,3.2,12.365083623419837,0.0,7,58
2,42,8,3.0,10.942320022128905,0.0,7,58
2,42,9,2.8,10.459632972697728,0.0,7,58
2,42,10,2.8,12.755543046303613,0.0,7,58
2,42,11,2.8,13.457843357980888,0.0,7,58
2,42,12,2.8,12.919332877835817,0.0,7,58
2,42,13,2.8,10.979118097054895,0.0,7,58
2,42,14,2.8,12.036663561604358,0.0,7,58
2,42,15,3.0,9.030341590674055,0.0,7,58
2,42,16,2.8,12.115685841362719,0.0,7,58
2,42,17,2.8,9.978091051617897,0.0,7,58
2,42,18,2.8,12.562272263191414,0.0,7,58
2,42,19,3.2,10.656334384967892,0.0,7,58
2,42,20,3.0,8.833293810933196,0.0,7,58
2,42,21,3.0,10.768514561769791,0.0,7,58
3,42,1,3.6,6.91341029200248,0.0,7,58
3,42,2,3.2,9.521097097615016,0.0,7,58
3,42,3,3.0,13.224484723079788,0.0,7,58
3,42,4,2.8,10.002328127183207,0.0,7,58
3,42,5,2.8,9.865853847990747,0.0,7,58
3,42,6,2.8,8.49193761567795,0.0,7,58
3,42,7,3.0,13.750059821417455,0.0,7,58
3,42,8,3.2,9.538478440490227,0.0,7,58
3,42,9,2.8,12.560564607486159,0.0,7,58
3,42,10,2.8,13.476337643013169,0.0,7,58
3,42,11,2.8,10.377425633746245,0.0,7,58
3,42,12,2.8,10.570868907720087,0.0,7,58
3,42,13,2.8,14.909005363436185,0.0,7,58
3,42,14,2.8,11.5468809568648,0.0,7,58
3,42,15,2.8,11.023822326964902,0.0,7,58
3,42,16,3.2,13.311888039792837,0.0,7,58
3,42,17,3.0,9.547226083334426,0.0,7,58
3,42,18,2.8,11.173865751971297,0.0,7,58
3,42,19,2.8,14.168741014438273,0.0,7,58
3,42,20,2.8,9.268362989928931,0.0,7,58
3,42,21,2.8,11.358745305633782,0.0,7,58
3,42,22,2.0,15.501189416394917,0.0,4,58
1,43,1,4.6,7.657902532018385,0.0,7,58
1,43,2,3.6,10.776144615969677,0.0,7,58
1,43,3,3.4,8.2789543684594,0.0,7,58
1,43,4,2.8,11.935126841627874,0.0,7,58
1,43,5,3.0,10.908524776240133,0.0,7,58
1,43,6,2.8,8.606789977076012,0.0,7,58
1,43,7,2.8,11.02842384631062,0.0,7,58
1,43,8,2.8,9.814393335967324,0.0,7,58
1,43,9,2.8,14.141101391567984,0.0,7,58
1,43,10,2.8,15.13089328956568,0.0,7,58
1,43,11,2.8,12.286855736489779,0.0,7,58
1,43,12,2.8,11.841686059818512,0.0,7,58
1,43,13,2.8,14.792862122170389,0.0,7,58
1,43,14,2.8,11.5916624245145,0.0,7,58
1,43,15,2.8,12.168959339855654,0.0,7,58
1,43,16,2.8,13.732146856292953,0.0,7,58
1,43,17,3.0,7.795097679467747,0.0,7,58
1,43,18,3.2,10.29497063798155,0.0,7,58
1,43,19,3.2,10.12914929502633,0.0,7,58
1,43,20,3.0,10.780276845667023,0.0,7,58
1,43,21,3.0,9.329491756570958,0.0,4,58
2,43,1,3.6,11.262618481011218,0.0,7,58
2,43,2,3.8,8.835139713093119,0.0,7,58
2,43,3,3.2,10.914865103593637,0.0,7,58
2,43,4,3.2,8.97975181352243,0.0,7,58
2,43,5,2.8,10.060392741252965,0.0,7,58
2,43,6,2.8,11.298238865665791,0.0,7,58
2,43,7,3.4,8.974532341052335,0.0,7,58
2,43,8,2.8,11.129975041153926,0.0,7,58
2,43,9,2.8,13.533144032844456,0.0,7,58
2,43,10,2.8,9.270375736449225,0.0,7,58
2,43,11,2.8,12.419798888194032,0.0,7,58
2,43,12,2.8,10.626341678575145,0.0,7,58
2,43,13,2.8,12.388692026361742,0.0,7,58
2,43,14,3.0,10.120271834076924,0.0,7,58
2,43,15,3.0,11.281745611198593,0.0,7,58
2,43,16,2.8,10.909516844847452,0.0,7,58
2,43,17,2.8,12.871758839211331,0.0,7,58
2,43,18,2.8,16.33222892931228,0.0,7,58
2,43,19,3.0,8.806716135107843,0.0,7,58
2,43,20,2.8,9.002515321729016,0.0,7,58
2,43,21,2.2,14.219121917528307,0.0,5,58
3,43,1,3.2,8.621596433358334,0.0,7,58
3,43,2,2.8,12.381981054727548,0.0,7,58
3,43,3,2.8,12.924045573082466,0.0,7,58
3,43,4,2.8,8.977061455566542,0.0,7,58
3,43,5,2.8,9.953123279173234,0.0,7,58
3,43,6,2.8,9.270535194726794,0.0,7,58
3,43,7,3.0,8.838194797774893,0.0,7,58
3,43,8,2.8,9.969211451579437,0.0,7,58
3,43,9,2.8,15.797237604895955,0.0,7,58
3,43,10,3.0,8.866329084780183,0.0,7,58
3,43,11,2.8,12.812225778621052,0.0,7,58
3,43,12,3.6,8.659480703114268,0.125,7,58
3,43,13,2.8,11.801484493708323,0.0,7,58
3,43,14,2.8,11.135271009157723,0.0,7,58
3,43,15,3.0,11.828389708316012,0.0,7,58
3,43,16,2.8,13.308586720935104,0.0,7,58
3,43,17,2.8,11.046286712392355,0.0,7,58
3,43,18,3.0,10.972883547194204,0.0,7,58
3,43,19,2.8,14.498707970176058,0.0,7,58
3,43,20,2.8,8.707691303631325,0.0,7,58
3,43,21,2.8,9.46963822622498,0.0,7,58
3,43,22,2.2,17.078079710733235,0.0,5,58
1,44,1,4.6,9.00881932650477,0.0,7,58
1,44,2,3.6,11.696466273659878,0.0,7,58
1,44,3,3.4,8.336218604334277,0.0,7,58
1,44,4,3.0,11.629176911961338,0.0,7,58
1,44,5,3.0,7.7655289854109135,0.0,7,58
1,44,6,2.8,11.271909368821015,0.0,7,58
1,44,7,2.8,12.354845234060605,0.0,7,58
1,44,8,2.8,11.261845561765373,0.0,7,58
1,44,9,2.8,11.951757907266055,0.0,7,58
1,44,10,2.8,16.739024029955672,0.0,7,58
1,44,11,2.8,13.963963768722381,0.0,7,58
1,44,12,2.8,10.97703322001498,0.0,7,58
1,44,13,2.8,16.71122605692728,0.0,7,58
1,44,14,2.8,11.341002023663803,0.0,7,58
1,44,15,3.0,10.111570115411883,0.0,7,58
1,44,16,2.8,12.811945826130033,0.0,7,58
1,44,17,2.8,8.02513012592605,0.0,7,58
1,44,18,3.0,10.08087044945402,0.0,7,58
1,44,19,3.2,10.648207873410596,0.0,7,58
1,44,20,3.0,8.720906873311087,0.0,7,58
1,44,21,2.4,12.380654202866582,0.0,5,58
2,44,1,3.0,13.957585813691331,0.0,7,58
2,44,2,2.8,10.852684051103806,0.0,7,58
2,44,3,3.4,10.423867870738816,0.0,7,58
2,44,4,3.4,8.687885731529068,0.0,7,58
2,44,5,2.8,10.719949603700751,0.0,7,58
2,44,6,2.8,10.588341922720387,0.0,7,58
2,44,7,3.0,10.291358753966723,0.0,7,58
2,44,8,3.2,9.071511797902062,0.0,7,58
2,44,9,2.8,13.037548280820928,0.0,7,58
2,44,10,2.8,10.451092228171994,0.0,7,58
2,44,11,3.0,10.090461517929995,0.0,7,58
2,44,12,2.8,12.374432469490273,0.0,7,58
2,44,13,2.8,11.301227209495542,0.0,7,58
2,44,14,2.8,11.106164623842306,0.0,7,58
2,44,15,3.0,9.214879272556638,0.0,7,58
2,44,16,3.0,9.963440089170689,0.0,7,58
2,44,17,3.0,9.97018564239887,0.0,7,58
2,44,18,2.8,14.573452164034219,0.0,7,58
2,44,19,3.0,8.907783767590896,0.0,7,58
2,44,20,2.8,8.694849811234596,0.0,7,58
2,44,21,3.0,10.233152946785143,0.0,7,58
3,44,1,3.0,9.313126101307889,0.0,7,58
3,44,2,2.8,11.779184528680867,0.0,7,58
3,44,3,2.8,11.630081227870136,0.0,7,58
3,44,4,2.8,10.911211222695067,0.0,7,58
3,44,5,2.8,10.962178038246746,0.0,7,58
3,44,6,2.8,8.233436476331429,0.0,7,58
3,44,7,3.0,11.408279620242295,0.0,7,58
3,44,8,2.8,10.730442422840426,0.0,7,58
3,44,9,2.8,13.141195566334998,0.0,7,58
3,44,10,2.8,11.082885956762727,0.0,7,58
3,44,11,2.8,12.356471551920428,0.0,7,58
3,44,12,3.2,11.733092741702684,0.0,7,58
3,44,13,3.0,10.382248978509532,0.0,7,58
3,44,14,3.0,8.507534687141835,0.0,7,58
3,44,15,2.8,13.4787448545754,0.0,7,58
3,44,16,3.0,10.525263364920017,0.0,7,58
3,44,17,2.8,12.036050152800476,0.0,7,58
3,44,18,2.8,13.301806991365835,0.0,7,58
3,44,19,2.8,13.142489943974164,0.0,7,58
3,44,20,2.8,10.086454566122557,0.0,7,58
3,44,21,2.8,8.887885293175279,0.0,7,58
3,44,22,2.8,10.668973091203382,0.0,7,58
1,45,1,4.6,8.29000070373186,0.0,7,58
1,45,2,3.8,10.005307136735311,0.0,7,58
1,45,3,3.4,8.390289484228765,0.0,7,58
1,45,4,3.2,10.91744658933479,0.0,7,58
1,45,5,3.2,9.486936544237226,0.0,7,58
1,45,6,2.8,10.77785281467039,0.0,7,58
1,45,7,2.8,16.317604420903567,0.0,7,58
1,45,8,2.8,12.15990916910264,0.0,7,58
1,45,9,2.8,10.065219223015252,0.0,7,58
1,45,10,2.8,15.783456372453248,0.0,7,58
1,45,11,2.8,12.455143260815582,0.0,7,58
1,45,12,2.8,10.650339120715593,0.0,7,58
1,45,13,3.0,12.24278907040377,0.0,7,58
1,45,14,2.8,13.84553995366568,0.0,7,58
1,45,15,2.8,12.491942447028899,0.0,7,58
1,45,16,2.8,13.128285843614638,0.0,7,58
1,45,17,3.2,7.29447925331068,0.0,7,58
1,45,18,2.8,9.390338677798196,0.0,7,58
1,45,19,3.2,10.03821443477413,0.0,7,58
1,45,20,3.0,9.929288254534875,0.0,7,58
2,45,1,3.0,14.874074309006184,0.0,7,58
2,45,2,2.8,11.506017938391448,0.0,7,58
2,45,3,3.8,8.881592954537236,0.125,7,58
2,45,4,2.8,11.01321481099467,0.0,7,58
2,45,5,2.8,11.893258910055104,0.0,7,58
2,45,6,2.8,11.208069598165983,0.0,7,58
2,45,7,3.6,8.656533177853362,0.125,7,58
2,45,8,2.8,11.001155511262652,0.0,7,58
2,45,9,2.8,11.669408524328112,0.0,7,58
2,45,10,2.8,11.25914431552551,0.0,7,58
2,45,11,2.8,11.813951103800193,0.0,7,58
2,45,12,2.8,11.80062369960494,0.0,7,58
2,45,13,2.8,11.63510869453808,0.0,7,58
2,45,14,2.8,11.323972851969776,0.0,7,58
2,45,15,3.0,10.250574377991468,0.0,7,58
2,45,16,3.0,10.993616440880015,0.0,7,58
2,45,17,2.8,12.834806804409741,0.0,7,58
2,45,18,2.8,15.962962001167506,0.0,7,58
2,45,19,3.0,10.295437423807492,0.0,7,58
2,45,20,2.8,6.89055496101271,0.0,7,58
2,45,21,3.0,10.972699070093826,0.0,7,58
3,45,1,3.0,9.15970237345907,0.0,7,58
3,45,2,2.8,12.35002851105471,0.0,7,58
3,45,3,2.8,13.840877108190288,0.0,7,58
3,45,4,2.8,9.904082318791279,0.0,7,58
3,45,5,2.8,9.86583744142564,0.0,7,58
3,45,6,2.8,10.493658141993206,0.0,7,58
3,45,7,2.8,9.483182369357932,0.0,7,58
3,45,8,2.8,12.502001214665736,0.0,7,58
3,45,9,3.0,12.007666264056367,0.0,7,58
3,45,10,2.8,10.963683934912677,0.0,7,58
3,45,11,2.8,12.849718832409476,0.0,7,58
3,45,12,3.2,10.450069150974981,0.0,7,58
3,45,13,3.2,9.906101803128607,0.0,7,58
3,45,14,2.8,9.20283429203463,0.0,7,58
3,45,15,2.8,15.732359588777676,0.0,7,58
3,45,16,3.0,9.706749789768912,0.0,7,58
3,45,17,2.8,14.152762251365038,0.0,7,58
3,45,18,2.8,11.043995338359377,0.0,7,58
3,45,19,2.8,13.88859317147416,0.0,7,58
3,45,20,2.8,9.906739305719745,0.0,7,58
3,45,21,2.8,9.894371154338122,0.0,7,58
3,45,22,2.8,10.668973091203382,0.0,6,58
1,46,1,4.4,7.876319476186459,0.0,7,58
1,46,2,3.6,9.535462501337301,0.0,7,58
1,46,3,3.2,9.313113419464937,0.0,7,58
1,46,4,2.8,10.656463184195154,0.0,7,58
1,46,5,3.0,10.151545400808791,0.0,7,58
1,46,6,2.8,11.291837967998786,0.0,7,58
1,46,7,2.8,12.022333644263142,0.0,7,58
1,46,8,2.8,10.133335463394102,0.0,7,58
1,46,9,2.8,13.570317003042257,0.0,7,58
1,46,10,2.8,13.440026598839085,0.0,7,58
1,46,11,2.8,13.196861001436226,0.0,7,58
1,46,12,2.8,12.642149939079426,0.0,7,58
1,46,13,2.8,11.975417315214031,0.0,7,58
1,46,14,2.8,14.230684969299167,0.0,7,58
1,46,15,3.0,10.337625563464494,0.0,7,58
1,46,16,2.8,15.543423123364853,0.0,7,58
1,46,17,3.0,6.9663651388260295,0.0,7,58
1,46,18,3.4,9.307186572897553,0.0,7,58
1,46,19,3.2,10.762312233741072,0.0,7,58
1,46,20,3.0,9.357384062739452,0.0,7,58
1,46,21,2.4,13.310442064406146,0.0,5,58
2,46,1,3.2,16.112924748964222,0.0,7,58
2,46,2,3.4,10.690323929447736,0.0,7,58
2,46,3,4.0,8.39034345275583,0.125,7,58
2,46,4,2.8,9.09835436635046,0.0,7,58
2,46,5,2.8,12.188120736858544,0.0,7,58
2,46,6,2.8,10.535718532623783,0.0,7,58
2,46,7,3.4,9.932924144936127,0.0,7,58
2,46,8,2.8,12.05443118592912,0.0,7,58
2,46,9,2.8,12.33641759362028,0.0,7,58
2,46,10,2.8,11.744220030093839,0.0,7,58
2,46,11,2.8,12.211990144992852,0.0,7,58
2,46,12,2.8,12.184836226254856,0.0,7,58
2,46,13,2.8,12.467872113079663,0.0,7,58
2,46,14,2.8,9.46940487834186,0.0,7,58
2,46,15,3.0,10.300414722709101,0.0,7,58
2,46,16,3.0,11.93605996819854,0.0,7,58
2,46,17,2.8,12.615123924694467,0.0,7,58
2,46,18,2.8,18.073074893382046,0.0,7,58
2,46,19,3.0,9.70260634772852,0.0,7,58
2,46,20,2.8,8.453654395504927,0.0,7,58
2,46,21,2.6,11.543912528950562,0.0,6,58
3,46,1,3.0,9.727884231871169,0.0,7,58
3,46,2,2.8,11.279544060776798,0.0,7,58
3,46,3,2.8,11.477309190869315,0.0,7,58
3,46,4,2.8,10.13382337189991,0.0,7,58
3,46,5,3.0,8.17655322776413,0.0,7,58
3,46,6,2.8,11.269014226142273,0.0,7,58
3,46,7,2.8,11.19889518106071,0.0,7,58
3,46,8,2.8,10.279568097861574,0.0,7,58
3,46,9,2.8,13.37102872582188,0.0,7,58
3,46,10,2.8,11.022962693394692,0.0,7,58
3,46,11,2.8,12.356471551920428,0.0,7,58
3,46,12,3.6,8.441564403214599,0.125,7,58
3,46,13,2.8,14.218384236175188,0.0,7,58
3,46,14,2.8,9.967746824990499,0.0,7,58
3,46,15,2.8,15.337828933316054,0.0,7,58
3,46,16,3.0,10.785104782040266,0.0,7,58
3,46,17,2.8,12.204167759016007,0.0,7,58
3,46,18,2.8,10.659051159181612,0.0,7,58
3,46,19,2.8,11.402804670925637,0.0,7,58
3,46,20,2.8,8.70783904793721,0.0,7,58
3,46,21,2.8,9.736853286843504,0.0,7,58
3,46,22,2.8,11.86991260592498,0.0,7,58
1,47,1,4.6,8.597518252194254,0.0,7,58
1,47,2,3.6,10.073588367899404,0.0,7,58
1,47,3,3.2,8.77721217739498,0.0,7,58
1,47,4,3.2,13.317155720771764,0.0,7,58
1,47,5,3.0,8.311796002063215,0.0,7,58
1,47,6,2.8,10.61657244584893,0.0,7,58
1,47,7,2.8,12.56086829740626,0.0,7,58
1,47,8,2.8,11.52020230487135,0.0,7,58
1,47,9,2.8,13.910628626639557,0.0,7,58
1,47,10,2.8,15.899861732411235,0.0,7,58
1,47,11,2.8,12.671932234447521,0.0,7,58
1,47,12,2.8,10.609822313179313,0.0,7,58
1,47,13,2.8,13.962144241641901,0.0,7,58
1,47,14,2.8,11.214369165629607,0.0,7,58
1,47,15,2.8,12.391971707746618,0.0,7,58
1,47,16,2.8,11.312964693871526,0.0,7,58
1,47,17,3.0,8.064354637803273,0.0,7,58
1,47,18,3.0,10.42982921195951,0.0,7,58
1,47,19,3.0,10.733717857634847,0.0,7,58
1,47,20,3.2,8.960705967864273,0.0,7,58
1,47,21,2.4,13.429092136435035,0.0,5,58
2,47,1,2.8,13.345278596184453,0.0,7,58
2,47,2,2.8,10.199657410239556,0.0,7,58
2,47,3,3.2,11.87770613328443,0.0,7,58
2,47,4,3.2,10.095050861495082,0.0,7,58
2,47,5,3.0,9.004874121043821,0.0,7,58
2,47,6,2.8,10.378741211331466,0.0,7,58
2,47,7,3.0,10.633588485385907,0.0,7,58
2,47,8,3.0,10.562078169722835,0.0,7,58
2,47,9,2.8,12.127157299689383,0.0,7,58
2,47,10,2.8,12.823005813612594,0.0,7,58
2,47,11,2.8,9.114451711216354,0.0,7,58
2,47,12,2.8,15.212656904924216,0.0,7,58
2,47,13,2.8,10.303818222738657,0.0,7,58
2,47,14,2.8,11.724615186495452,0.0,7,58
2,47,15,3.0,8.769952373844118,0.0,7,58
2,47,16,3.0,11.836310472013043,0.0,7,58
2,47,17,2.8,10.110042275021431,0.0,7,58
2,47,18,2.8,12.066587396457852,0.0,7,58
2,47,19,3.2,9.410254713642074,0.0,7,58
2,47,20,2.8,8.45701486419259,0.0,7,58
2,47,21,3.0,9.401908865969238,0.0,7,58
3,47,1,2.8,9.65804706594529,0.0,7,58
3,47,2,2.8,12.442443296084765,0.0,7,58
3,47,3,2.8,11.54396785646612,0.0,7,58
3,47,4,2.8,10.498772435036205,0.0,7,58
3,47,5,2.8,10.432234764288522,0.0,7,58
3,47,6,2.8,11.065197883932328,0.0,7,58
3,47,7,2.8,9.990824950131337,0.0,7,58
3,47,8,3.0,10.67510859119003,0.0,7,58
3,47,9,2.8,16.83802856436172,0.0,7,58
3,47,10,2.8,10.332355746584536,0.0,7,58
3,47,11,2.8,12.014665659670898,0.0,7,58
3,47,12,3.0,11.93895530570886,0.0,7,58
3,47,13,3.2,9.22270381485541,0.0,7,58
3,47,14,3.0,9.100704252317067,0.0,7,58
3,47,15,2.8,13.858312039495166,0.0,7,58
3,47,16,3.2,10.595282836022111,0.0,7,58
3,47,17,2.8,13.46717400502794,0.0,7,58
3,47,18,3.2,10.136405112430673,0.0,7,58
3,47,19,2.8,12.913151180963608,0.0,7,58
3,47,20,2.8,10.200089866762653,0.0,7,58
3,47,21,3.0,8.887362617094361,0.0,7,58
3,47,22,2.2,12.377637606147257,0.0,5,58
1,48,1,4.6,8.560876059630457,0.0,7,58
1,48,2,3.6,11.155164390211596,0.0,7,58
1,48,3,3.6,7.266429451793518,0.0,7,58
1,48,4,2.8,12.938111816731036,0.0,7,58
1,48,5,3.2,8.000737076552795,0.0,7,58
1,48,6,2.8,11.328243372759136,0.0,7,58
1,48,7,2.8,10.723101205721298,0.0,7,58
1,48,8,2.8,11.47562192746088,0.0,7,58
1,48,9,2.8,11.684734080751506,0.0,7,58
1,48,10,2.8,13.959295757164229,0.0,7,58
1,48,11,2.8,15.98181374002354,0.0,7,58
1,48,12,2.8,10.645048296212554,0.0,7,58
1,48,13,2.8,16.449435055604564,0.0,7,58
1,48,14,2.8,12.568011049093865,0.0,7,58
1,48,15,2.8,12.673956196600681,0.0,7,58
1,48,16,2.8,12.9774946441173,0.0,7,58
1,48,17,2.8,9.53644284232894,0.0,7,58
1,48,18,3.2,8.753703653857542,0.0,7,58
1,48,19,3.2,9.696292349244903,0.0,7,58
1,48,20,3.2,10.233864474354194,0.0,7,58
1,48,21,2.5,9.686266527814439,0.0,4,58
2,48,1,3.2,15.344832922095033,0.0,7,58
2,48,2,3.0,9.35262855360476,0.0,7,58
2,48,3,3.6,7.89894694754756,0.125,7,58
2,48,4,3.0,9.614590894980925,0.0,7,58
2,48,5,2.8,11.757017110929423,0.0,7,58
2,48,6,2.8,10.287616617062605,0.0,7,58
2,48,7,3.2,11.77256119436739,0.0,7,58
2,48,8,3.2,10.351855166069518,0.0,7,58
2,48,9,2.8,11.29437919303887,0.0,7,58
2,48,10,2.8,8.843001808532206,0.0,7,58
2,48,11,2.8,14.96028330578829,0.0,7,58
2,48,12,2.8,11.373332930652117,0.0,7,58
2,48,13,2.8,10.55939743544877,0.0,7,58
2,48,14,3.0,9.376243662600517,0.0,7,58
2,48,15,3.0,10.30617204945753,0.0,7,58
2,48,16,3.0,11.017625536387802,0.0,7,58
2,48,17,2.8,10.400576400828587,0.0,7,58
2,48,18,3.0,13.164382972065587,0.0,7,58
2,48,19,2.8,10.40368826871267,0.0,7,58
2,48,20,2.8,8.65557282564396,0.0,7,58
2,48,21,2.8,10.505736175599232,0.0,6,58
3,48,1,3.4,8.36719894168114,0.0,7,58
3,48,2,2.8,10.25959629324479,0.0,7,58
3,48,3,3.2,9.890552256188593,0.0,7,58
3,48,4,2.8,10.358434885628792,0.0,7,58
3,48,5,3.2,8.401218799216077,0.0,7,58
3,48,6,2.8,7.950999479762006,0.0,7,58
3,48,7,3.0,12.908470216490127,0.0,7,58
3,48,8,2.8,11.218146421366374,0.0,7,58
3,48,9,2.8,14.439777481651538,0.0,7,58
3,48,10,2.8,10.442803035896423,0.0,7,58
3,48,11,3.6,7.653835694507733,0.125,7,58
3,48,12,3.0,9.640634508897323,0.0,7,58
3,48,13,3.0,11.52873629702215,0.0,7,58
3,48,14,2.8,13.304309184833459,0.0,7,58
3,48,15,3.0,10.28752582010564,0.0,7,58
3,48,16,2.8,14.635065218978932,0.0,7,58
3,48,17,2.8,10.825527982680464,0.0,7,58
3,48,18,2.8,12.061237847620049,0.0,7,58
3,48,19,3.0,9.675100543177521,0.0,7,58
3,48,20,2.8,8.110625569862536,0.0,7,58
3,48,21,2.8,11.011742925025272,0.0,7,58
1,49,1,4.6,7.657902532018387,0.0,7,58
1,49,2,3.6,10.718641247874073,0.0,7,58
1,49,3,3.2,8.339902629197267,0.0,7,58
1,49,4,2.8,14.11464107281846,0.0,7,58
1,49,5,3.2,8.575560409121769,0.0,7,58
1,49,6,2.8,10.007550723780335,0.0,7,58
1,49,7,2.8,16.26858741763418,0.0,7,58
1,49,8,2.8,11.980198190615388,0.0,7,58
1,49,9,2.8,12.145927146930743,0.0,7,58
1,49,10,2.8,12.14288715302666,0.0,7,58
1,49,11,2.8,14.826180233846685,0.0,7,58
1,49,12,2.8,14.737795348951272,0.0,7,58
1,49,13,2.8,13.118297503890547,0.0,7,58
1,49,14,2.8,11.437652207274553,0.0,7,58
1,49,15,2.8,12.318211709906562,0.0,7,58
1,49,16,2.8,11.204411674327304,0.0,7,58
1,49,17,3.0,8.276902094571147,0.0,7,58
1,49,18,2.8,11.563079931210131,0.0,7,58
1,49,19,3.2,10.459383201258856,0.0,7,58
1,49,20,2.8,11.588879463686158,0.0,7,58
1,49,21,3.0,9.434704766474832,0.0,6,58
2,49,1,3.0,14.91033535756161,0.0,7,58
2,49,2,3.0,9.363429235935874,0.0,7,58
2,49,3,4.0,7.627213847834986,0.125,7,58
2,49,4,3.0,9.315915949874393,0.0,7,58
2,49,5,2.8,11.798384423109939,0.0,7,58
2,49,6,2.8,9.534812051529826,0.0,7,58
2,49,7,3.4,9.07559979958884,0.0,7,58
2,49,8,2.8,13.546739468530259,0.0,7,58
2,49,9,2.8,12.808116868084266,0.0,7,58
2,49,10,2.8,9.357101885375732,0.0,7,58
2,49,11,3.0,11.014682476989364,0.0,7,58
2,49,12,2.8,13.26049107058664,0.0,7,58
2,49,13,2.8,14.105061675040789,0.0,7,58
2,49,14,2.8,9.482589844514463,0.0,7,58
2,49,15,3.0,8.731798234911397,0.0,7,58
2,49,16,2.8,15.160268539484882,0.0,7,58
2,49,17,2.8,10.115513994701342,0.0,7,58
2,49,18,2.8,15.379675359497648,0.0,7,58
2,49,19,3.0,9.30061152614939,0.0,7,58
2,49,20,2.8,9.686311691295744,0.0,7,58
2,49,21,3.0,9.243364215567208,0.0,7,58
3,49,1,2.8,9.844595426464428,0.0,7,58
3,49,2,2.8,12.170100728158955,0.0,7,58
3,49,3,2.8,12.537888727724399,0.0,7,58
3,49,4,2.8,10.100012718152552,0.0,7,58
3,49,5,2.8,8.847643473310253,0.0,7,58
3,49,6,2.8,9.620555284917971,0.0,7,58
3,49,7,2.8,11.157263947802418,0.0,7,58
3,49,8,3.0,10.884076488041604,0.0,7,58
3,49,9,2.8,10.223658970312423,0.0,7,58
3,49,10,2.8,9.89761892357648,0.0,7,58
3,49,11,2.8,12.58319578195526,0.0,7,58
3,49,12,3.2,12.870126352609388,0.0,7,58
3,49,13,2.8,9.852680414331662,0.0,7,58
3,49,14,3.2,7.5646298100123275,0.0,7,58
3,49,15,2.8,15.392957592415243,0.0,7,58
3,49,16,3.2,8.991000502278839,0.0,7,58
3,49,17,2.8,14.251697732137488,0.0,7,58
3,49,18,3.0,10.277699332359585,0.0,7,58
3,49,19,2.8,11.147889288622915,0.0,7,58
3,49,20,2.8,8.799732169923024,0.0,7,58
3,49,21,2.8,11.736922986566087,0.0,7,58
3,49,22,2.6,11.64792888642704,0.0,6,58
1,50,1,4.2,8.653203484345875,0.0,7,58
1,50,2,3.6,9.374901592250712,0.0,7,58
1,50,3,3.6,7.821115592807234,0.0,7,58
1,50,4,3.2,12.834959519532259,0.0,7,58
1,50,5,3.0,9.357228541010318,0.0,7,58
1,50,6,3.0,11.281860070798409,0.0,7,58
1,50,7,2.8,11.793382262075887,0.0,7,58
1,50,8,2.8,10.387633170201992,0.0,7,58
1,50,9,2.8,12.856403418490277,0.0,7,58
1,50,10,2.8,14.566682852596443,0.0,7,58
1,50,11,2.8,16.55250609611516,0.0,7,58
1,50,12,2.8,10.406076372659445,0.0,7,58
1,50,13,2.8,18.811557803400376,0.0,7,58
1,50,14,3.0,11.107152422249888,0.0,7,58
1,50,15,2.8,13.355185715223964,0.0,7,58
1,50,16,2.8,11.601440210114111,0.0,7,58
1,50,17,3.2,8.180532393022984,0.0,7,58
1,50,18,3.2,9.324278251554118,0.0,7,58
1,50,19,3.2,9.683341183374205,0.0,7,58
1,50,20,3.0,9.461583195196114,0.0,7,58
2,50,1,3.8,10.956493367633499,0.0,7,58
2,50,2,3.8,9.77633486863154,0.0,7,58
2,50,3,3.4,8.607923602272654,0.0,7,58
2,50,4,3.2,7.804994596425144,0.0,7,58
2,50,5,2.8,11.586587037638182,0.0,7,58
2,50,6,3.0,10.371928636300373,0.0,7,58
2,50,7,3.4,8.023258200498491,0.0,7,58
2,50,8,2.8,11.973402165941517,0.0,7,58
2,50,9,2.8,13.069383503962703,0.0,7,58
2,50,10,2.8,10.173100665491358,0.0,7,58
2,50,11,2.8,13.417162179099902,0.0,7,58
2,50,12,2.8,14.40472077471695,0.0,7,58
2,50,13,2.8,11.661386230542723,0.0,7,58
2,50,14,2.8,9.404522945687935,0.0,7,58
2,50,15,3.0,10.50651798242049,0.0,7,58
2,50,16,2.8,14.928130856376976,0.0,7,58
2,50,17,2.8,11.223359675413233,0.0,7,58
2,50,18,3.2,9.5444435595738,0.0,7,58
2,50,19,2.8,9.101112597786754,0.0,7,58
2,50,20,3.0,7.805623621307592,0.0,7,58
3,50,1,3.8,7.70214066534061,0.0,7,58
3,50,2,3.0,10.527424932683752,0.0,7,58
3,50,3,3.0,12.368679240169774,0.0,7,58
3,50,4,2.8,9.359456833486494,0.0,7,58
3,50,5,2.8,10.280434625734776,0.0,7,58
3,50,6,2.8,9.420621001115855,0.0,7,58
3,50,7,3.0,14.034016494810487,0.0,7,58
3,50,8,2.8,10.745139595600701,0.0,7,58
3,50,9,2.8,14.238086546498973,0.0,7,58
3,50,10,2.8,11.546861496770642,0.0,7,58
3,50,11,3.0,9.232710332227898,0.0,7,58
3,50,12,3.0,10.40069485932503,0.0,7,58
3,50,13,3.2,11.008864195629721,0.0,7,58
3,50,14,2.8,11.079041490442599,0.0,7,58
3,50,15,3.0,11.454718773386281,0.0,7,58
3,50,16,2.8,13.818935344641062,0.0,7,58
3,50,17,2.8,9.052261444371535,0.0,7,58
3,50,18,2.8,12.498214675404844,0.0,7,58
3,50,19,2.8,13.601567768219098,0.0,7,58
3,50,20,2.8,8.243949666492371,0.0,7,58
3,50,21,3.0,9.5618343662933,0.0,7,58
1,51,1,4.6,9.187374119697852,0.0,7,58
1,51,2,3.8,10.105983879998334,0.0,7,58
1,51,3,3.4,8.108059744043825,0.0,7,58
1,51,4,2.8,11.549471070317901,0.0,7,58
1,51,5,3.0,8.994110613415016,0.0,7,58
1,51,6,2.8,9.480763148586858,0.0,7,58
1,51,7,3.0,10.770469669735231,0.0,7,58
1,51,8,2.8,10.532885408262475,0.0,7,58
1,51,9,2.8,13.281438470576804,0.0,7,58
1,51,10,2.8,14.392725577578345,0.0,7,58
1,51,11,2.8,18.595676621955327,0.0,7,58
1,51,12,2.8,11.198975700952849,0.0,7,58
1,51,13,2.8,20.473263327651352,0.0,7,58
1,51,14,3.0,11.51024979091586,0.0,7,58
1,51,15,2.8,11.113773444049007,0.0,7,58
1,51,16,2.8,10.657600877294788,0.0,7,58
1,51,17,3.2,7.996000189506123,0.0,7,58
1,51,18,3.0,8.120391780867614,0.0,7,58
1,51,19,3.0,11.128988186115237,0.0,7,58
1,51,20,2.8,10.477115960892535,0.0,7,58
1,51,21,2.75,9.21649820213272,0.0,4,58
2,51,1,3.0,13.175807029865576,0.0,7,58
2,51,2,3.0,10.505322970520567,0.0,7,58
2,51,3,3.4,10.902521922126263,0.0,7,58
2,51,4,3.6,7.2173164630179425,0.0,7,58
2,51,5,2.8,11.663388229008124,0.0,7,58
2,51,6,2.8,9.564633825929032,0.0,7,58
2,51,7,3.4,8.87799188292648,0.0,7,58
2,51,8,3.0,9.936389808087306,0.0,7,58
2,51,9,2.8,14.4191945868022,0.0,7,58
2,51,10,2.8,10.239347762452944,0.0,7,58
2,51,11,2.8,13.445041722884747,0.0,7,58
2,51,12,2.8,10.706958451443636,0.0,7,58
2,51,13,2.8,12.466317941154868,0.0,7,58
2,51,14,2.8,10.366581625897807,0.0,7,58
2,51,15,3.0,8.92288169009543,0.0,7,58
2,51,16,3.0,12.229266991271077,0.0,7,58
2,51,17,2.8,12.42972114327666,0.0,7,58
2,51,18,3.0,13.543342402347628,0.0,7,58
2,51,19,3.0,9.164671079638083,0.0,7,58
2,51,20,2.8,8.46535511775301,0.0,7,58
2,51,21,2.6,10.98414702781646,0.0,5,58
3,51,1,3.4,8.61469148497286,0.0,7,58
3,51,2,3.6,9.240246779248489,0.0,7,58
3,51,3,2.8,14.85679971702249,0.0,7,58
3,51,4,2.8,8.97489935284166,0.0,7,58
3,51,5,3.2,8.083434697721037,0.0,7,58
3,51,6,2.8,9.702679981182769,0.0,7,58
3,51,7,3.0,10.965880399084327,0.0,7,58
3,51,8,2.8,10.53689856856746,0.0,7,58
3,51,9,2.8,13.414590998525535,0.0,7,58
3,51,10,2.8,13.300499101828652,0.0,7,58
3,51,11,3.2,8.895489424087732,0.0,7,58
3,51,12,3.0,9.01536855654388,0.0,7,58
3,51,13,3.0,10.117471767059369,0.0,7,58
3,51,14,2.8,14.167203256314039,0.0,7,58
3,51,15,3.0,10.017918659881174,0.0,7,58
3,51,16,2.8,18.538818780484068,0.0,7,58
3,51,17,2.8,9.601869106827323,0.0,7,58
3,51,18,2.8,11.282505055638184,0.0,7,58
3,51,19,3.0,11.471651924481087,0.0,7,58
3,51,20,2.8,10.107824436392876,0.0,7,58
3,51,21,2.8,9.520471269365604,0.0,7,58
1,52,1,4.6,8.370608775737765,0.0,7,58
1,52,2,3.8,9.988722374513149,0.0,7,58
1,52,3,3.4,9.086091396015517,0.0,7,58
1,52,4,3.0,12.635283386191608,0.0,7,58
1,52,5,2.8,8.39473361425832,0.0,7,58
1,52,6,2.8,9.163587108729223,0.0,7,58
1,52,7,2.8,10.595285989980272,0.0,7,58
1,52,8,2.8,10.334759481260322,0.0,7,58
1,52,9,2.8,10.91284335802656,0.0,7,58
1,52,10,2.8,15.027547383382306,0.0,7,58
1,52,11,2.8,16.17546025550861,0.0,7,58
1,52,12,2.8,12.87703883693777,0.0,7,58
1,52,13,2.8,13.43303649707011,0.0,7,58
1,52,14,2.8,11.235277890554157,0.0,7,58
1,52,15,2.8,13.382702397256244,0.0,7,58
1,52,16,2.8,13.16687783651449,0.0,7,58
1,52,17,3.0,8.496429033169358,0.0,7,58
1,52,18,3.0,9.754506475568132,0.0,7,58
1,52,19,2.8,13.635310608610062,0.0,7,58
1,52,20,2.8,11.180353680786082,0.0,7,58
1,52,21,3.0,9.692687310071324,0.0,6,58
2,52,1,2.8,18.186570752883558,0.0,7,58
2,52,2,2.8,11.838264003575453,0.0,7,58
2,52,3,3.8,8.657795106982931,0.125,7,58
2,52,4,2.8,12.759673691677301,0.0,7,58
2,52,5,2.8,9.89315397934864,0.0,7,58
2,52,6,2.8,10.378741211331466,0.0,7,58
2,52,7,3.2,12.491353442728384,0.0,7,58
2,52,8,2.8,10.851766870694336,0.0,7,58
2,52,9,2.8,13.257505599942423,0.0,7,58
2,52,10,2.8,12.849946842044526,0.0,7,58
2,52,11,2.8,10.348141254387897,0.0,7,58
2,52,12,2.8,19.854840699488346,0.0,7,58
2,52,13,2.8,12.806528649604306,0.0,7,58
2,52,14,2.8,10.569678370814147,0.0,7,58
2,52,15,3.0,8.525458503542254,0.0,7,58
2,52,16,2.8,14.447985514249762,0.0,7,58
2,52,17,2.8,10.182642965629514,0.0,7,58
2,52,18,2.8,11.591752756075932,0.0,7,58
2,52,19,3.2,9.38509455925407,0.0,7,58
2,52,20,2.8,8.946645513931129,0.0,7,58
2,52,21,3.0,9.997975090794805,0.0,7,58
3,52,1,3.0,10.406510016605,0.0,7,58
3,52,2,3.8,7.661141425680549,0.0,7,58
3,52,3,3.2,11.228041952242714,0.0,7,58
3,52,4,2.8,9.111703775880313,0.0,7,58
3,52,5,3.0,8.779684794113841,0.0,7,58
3,52,6,2.8,9.36111743907134,0.0,7,58
3,52,7,3.0,11.95159256306831,0.0,7,58
3,52,8,2.8,12.076501213342514,0.0,7,58
3,52,9,2.8,13.56333412322433,0.0,7,58
3,52,10,2.8,14.000777836749236,0.0,7,58
3,52,11,3.2,8.742898214375577,0.0,7,58
3,52,12,3.0,10.394305738746569,0.0,7,58
3,52,13,3.0,10.050965469146432,0.0,7,58
3,52,14,2.8,12.670391039015321,0.0,7,58
3,52,15,3.0,9.315998459796392,0.0,7,58
3,52,16,2.8,18.99953991019175,0.0,7,58
3,52,17,2.8,10.160142084567289,0.0,7,58
3,52,18,2.8,14.559101359651553,0.0,7,58
3,52,19,2.8,10.968455982839501,0.0,7,58
3,52,20,2.8,9.999344542535914,0.0,7,58
3,52,21,3.0,10.289669111288296,0.0,7,58
1,53,1,4.6,8.06801741962439,0.0,7,58
1,53,2,3.6,13.355536926715278,0.0,7,58
1,53,3,3.2,7.759962396301215,0.0,7,58
1,53,4,3.2,11.599643607657873,0.0,7,58
1,53,5,3.4,7.53429781890257,0.0,7,58
1,53,6,3.0,9.246675629319023,0.0,7,58
1,53,7,2.8,10.492893222757829,0.0,7,58
1,53,8,2.8,10.965082578023052,0.0,7,58
1,53,9,2.8,12.484050849837281,0.0,7,58
1,53,10,2.8,13.338000809566397,0.0,7,58
1,53,11,2.8,19.64037164831403,0.0,7,58
1,53,12,2.8,11.705429994364739,0.0,7,58
1,53,13,2.8,14.070811457478726,0.0,7,58
1,53,14,2.8,12.322474558106899,0.0,7,58
1,53,15,3.0,10.808162577112546,0.0,7,58
1,53,16,2.8,13.302166201802143,0.0,7,58
1,53,17,3.2,7.959270898027853,0.0,7,58
1,53,18,2.8,10.270593400718651,0.0,7,58
1,53,19,3.2,9.971770154476468,0.0,7,58
1,53,20,3.0,8.38235651139337,0.0,7,58
2,53,1,4.0,10.166577964137701,0.0,7,58
2,53,2,3.4,13.450743401606466,0.0,7,58
2,53,3,3.6,9.046845410634646,0.0,7,58
2,53,4,3.2,8.213787825541955,0.0,7,58
2,53,5,2.8,12.666388324123487,0.0,7,58
2,53,6,3.0,11.29101596545203,0.0,7,58
2,53,7,3.4,9.448677501468763,0.0,7,58
2,53,8,3.0,11.580485046401087,0.0,7,58
2,53,9,2.8,11.665390698692452,0.0,7,58
2,53,10,2.8,12.452584365902968,0.0,7,58
2,53,11,2.8,12.087181174595827,0.0,7,58
2,53,12,2.8,12.24924770132527,0.0,7,58
2,53,13,2.8,10.822757208008232,0.0,7,58
2,53,14,3.2,9.314487093490337,0.0,7,58
2,53,15,2.8,13.921792081406545,0.0,7,58
2,53,16,2.8,12.143786464592198,0.0,7,58
2,53,17,2.8,12.8590689293314,0.0,7,58
2,53,18,3.0,10.145202461785226,0.0,7,58
2,53,19,2.8,9.91363036560396,0.0,7,58
2,53,20,3.0,8.773616055983725,0.0,7,58
3,53,1,3.0,9.885109696443074,0.0,7,58
3,53,2,2.8,13.736947885969656,0.0,7,58
3,53,3,2.8,13.504702944275243,0.0,7,58
3,53,4,2.8,10.18444720742214,0.0,7,58
3,53,5,2.8,9.771266208474545,0.0,7,58
3,53,6,2.8,9.009671178160545,0.0,7,58
3,53,7,2.8,10.349746209055134,0.0,7,58
3,53,8,2.8,12.400608783964064,0.0,7,58
3,53,9,2.8,12.896886440414423,0.0,7,58
3,53,10,2.8,10.280254576725422,0.0,7,58
3,53,11,2.8,13.095084870564467,0.0,7,58
3,53,12,3.0,12.373728141093082,0.0,7,58
3,53,13,3.2,9.52430557879813,0.0,7,58
3,53,14,3.4,7.7237508440021765,0.0,7,58
3,53,15,3.0,14.40834094652893,0.0,7,58
3,53,16,3.0,12.254368224826834,0.0,7,58
3,53,17,2.8,9.728496435444688,0.0,7,58
3,53,18,3.0,10.359547491830947,0.0,7,58
3,53,19,2.8,17.091815121994735,0.0,7,58
3,53,20,2.8,8.129017170564316,0.0,7,58
3,53,21,2.8,10.061619362537003,0.0,7,58
3,53,22,2.2,15.79874925036188,0.0,5,58
1,54,1,4.4,8.120437282070036,0.0,7,58
1,54,2,3.6,9.228790090509529,0.0,7,58
1,54,3,3.2,8.209314598912464,0.0,7,58
1,54,4,3.4,11.157869206571393,0.0,7,58
1,54,5,3.2,8.152269455779932,0.0,7,58
1,54,6,2.8,11.74785110965248,0.0,7,58
1,54,7,2.8,11.413647263897518,0.0,7,58
1,54,8,2.8,11.475621927460868,0.0,7,58
1,54,9,2.8,11.845516949659958,0.0,7,58
1,54,10,2.8,12.64151261672023,0.0,7,58
1,54,11,2.8,15.772657976260154,0.0,7,58
1,54,12,2.8,11.389475007738284,0.0,7,58
1,54,13,2.8,18.297481633363947,0.0,7,58
1,54,14,2.8,12.620654860131529,0.0,7,58
1,54,15,2.8,12.18695514678331,0.0,7,58
1,54,16,3.0,12.733820132711829,0.0,7,58
1,54,17,3.0,8.519196310453655,0.0,7,58
1,54,18,3.0,9.624677543631018,0.0,7,58
1,54,19,3.0,11.109210676916911,0.0,7,58
1,54,20,3.0,9.665393366003553,0.0,7,58
1,54,21,2.75,10.1051809831489,0.0,4,58
2,54,1,3.0,13.862678059049625,0.0,7,58
2,54,2,2.8,13.514538911895846,0.0,7,58
2,54,3,3.6,8.90762711485068,0.125,7,58
2,54,4,2.8,11.215409381903687,0.0,7,58
2,54,5,2.8,10.897948799179728,0.0,7,58
2,54,6,2.8,9.463387085420154,0.0,7,58
2,54,7,3.2,10.182874718593494,0.0,7,58
2,54,8,3.2,9.314372988157057,0.0,7,58
2,54,9,2.8,12.052469579624677,0.0,7,58
2,54,10,2.8,11.337250765654622,0.0,7,58
2,54,11,2.8,13.58656853227615,0.0,7,58
2,54,12,2.8,14.984947765347307,0.0,7,58
2,54,13,2.8,12.902801163856758,0.0,7,58
2,54,14,2.8,11.706125192003116,0.0,7,58
2,54,15,3.0,9.660132780250686,0.0,7,58
2,54,16,3.0,11.310865321007654,0.0,7,58
2,54,17,2.8,12.87768725720509,0.0,7,58
2,54,18,2.8,13.292866688854017,0.0,7,58
2,54,19,3.2,10.386381038458733,0.0,7,58
2,54,20,2.8,6.992974423735542,0.0,7,58
2,54,21,3.0,13.11361898571869,0.0,7,58
3,54,1,3.0,8.89332429179927,0.0,7,58
3,54,2,2.8,12.03412898484002,0.0,7,58
3,54,3,2.8,10.368276132173447,0.0,7,58
3,54,4,2.8,9.623573754398395,0.0,7,58
3,54,5,2.8,10.21175832218245,0.0,7,58
3,54,6,3.0,8.739615021896828,0.0,7,58
3,54,7,2.8,12.555257848325788,0.0,7,58
3,54,8,2.8,10.806278661102201,0.0,7,58
3,54,9,3.0,13.337643665897488,0.0,7,58
3,54,10,2.8,10.045823586178123,0.0,7,58
3,54,11,2.8,11.738133450799722,0.0,7,58
3,54,12,3.4,11.340087947714606,0.0,7,58
3,54,13,3.2,9.904378291825196,0.0,7,58
3,54,14,2.8,10.762957315201014,0.0,7,58
3,54,15,3.0,12.037917922758357,0.0,7,58
3,54,16,2.8,13.366758323785216,0.0,7,58
3,54,17,2.8,12.215597318550286,0.0,7,58
3,54,18,2.8,12.956761616637108,0.0,7,58
3,54,19,2.8,13.023135504053098,0.0,7,58
3,54,20,2.8,10.200089866762653,0.0,7,58
3,54,21,3.0,9.538823866626728,0.0,7,58
3,54,22,2.2,13.20614933520367,0.0,5,58
1,55,1,4.4,8.913165273402596,0.0,7,58
1,55,2,3.6,9.642266575236171,0.0,7,58
1,55,3,3.4,7.932989440979376,0.0,7,58
1,55,4,2.8,12.274605431816811,0.0,7,58
1,55,5,3.0,8.759876854025634,0.0,7,58
1,55,6,2.8,9.272194013114119,0.0,7,58
1,55,7,2.8,15.982832172926567,0.0,7,58
1,55,8,2.8,10.552073789264968,0.0,7,58
1,55,9,2.8,13.867552523998526,0.0,7,58
1,55,10,2.8,12.514051523367204,0.0,7,58
1,55,11,2.8,14.307347749491914,0.0,7,58
1,55,12,2.8,10.215223098533308,0.0,7,58
1,55,13,2.8,10.417420606906802,0.0,7,58
1,55,14,2.8,11.281825726870915,0.0,7,58
1,55,15,2.8,11.439907671725038,0.0,7,58
1,55,16,2.8,16.433581036559296,0.0,7,58
1,55,17,3.0,8.583871182157331,0.0,7,58
1,55,18,3.0,8.75537073017413,0.0,7,58
1,55,19,3.0,13.126611240660539,0.0,7,58
1,55,20,2.8,8.410584108320355,0.0,7,58
1,55,21,3.2,8.377892041614171,0.0,6,58
2,55,1,3.0,14.151354035228595,0.0,7,58
2,55,2,2.8,11.527704509090887,0.0,7,58
2,55,3,3.4,9.932929207330078,0.0,7,58
2,55,4,3.0,9.377588985860896,0.0,7,58
2,55,5,2.8,9.084912376940625,0.0,7,58
2,55,6,2.8,12.249554707264124,0.0,7,58
2,55,7,3.2,11.725055959291545,0.0,7,58
2,55,8,2.8,11.047786116076688,0.0,7,58
2,55,9,3.0,10.63540767757527,0.0,7,58
2,55,10,2.8,12.469479213340234,0.0,7,58
2,55,11,3.0,10.44497860487525,0.0,7,58
2,55,12,2.8,12.632677426573908,0.0,7,58
2,55,13,2.8,13.012608500962596,0.0,7,58
2,55,14,2.8,11.337239009341113,0.0,7,58
2,55,15,3.0,8.576446742378653,0.0,7,58
2,55,16,2.8,12.545137210968225,0.0,7,58
2,55,17,2.8,13.210911286610093,0.0,7,58
2,55,18,2.8,11.329950270512827,0.0,7,58
2,55,19,3.0,11.777801318209331,0.0,7,58
2,55,20,2.8,8.823012467550285,0.0,7,58
2,55,21,3.0,8.3380551977754,0.0,7,58
3,55,1,3.0,9.398998044977276,0.0,7,58
3,55,2,2.8,11.666837554385257,0.0,7,58
3,55,3,2.8,12.137855133248296,0.0,7,58
3,55,4,2.8,9.489194802088633,0.0,7,58
3,55,5,2.8,9.572455149835285,0.0,7,58
3,55,6,2.8,11.063098088024095,0.0,7,58
3,55,7,3.0,10.47079519828917,0.0,7,58
3,55,8,2.8,10.262319912257208,0.0,7,58
3,55,9,2.8,16.378837161772292,0.0,7,58
3,55,10,2.8,11.653021582425799,0.0,7,58
3,55,11,2.8,15.683434334368735,0.0,7,58
3,55,12,3.2,10.558309152291189,0.0,7,58
3,55,13,3.0,11.118317269790973,0.0,7,58
3,55,14,3.2,8.928842759502919,0.0,7,58
3,55,15,3.0,12.028134905191898,0.0,7,58
3,55,16,3.0,11.990109246643149,0.0,7,58
3,55,17,2.8,10.811958316206441,0.0,7,58
3,55,18,3.0,9.53580525467476,0.0,7,58
3,55,19,2.8,12.18741996186902,0.0,7,58
3,55,20,2.8,10.187054562611673,0.0,7,58
3,55,21,2.8,9.3968919736232,0.0,7,58
3,55,22,2.2,14.876481196327248,0.0,5,58
1,56,1,4.6,8.29000070373186,0.0,7,58
1,56,2,3.8,9.730650497167282,0.0,7,58
1,56,3,3.4,8.520791875599809,0.0,7,58
1,56,4,2.8,12.800693919205496,0.0,7,58
1,56,5,3.2,8.185490507071176,0.0,7,58
1,56,6,2.8,9.021712195097159,0.0,7,58
1,56,7,2.8,11.980963320999331,0.0,7,58
1,56,8,2.8,11.13630447887821,0.0,7,58
1,56,9,2.8,13.642250716753455,0.0,7,58
1,56,10,2.8,14.927525081106513,0.0,7,58
1,56,11,2.8,14.553678164684984,0.0,7,58
1,56,12,2.8,13.538976249366103,0.0,7,58
1,56,13,2.8,24.462590301733567,0.0,7,58
1,56,14,3.0,12.972149529009618,0.0,7,58
1,56,15,2.8,11.429977215091329,0.0,7,58
1,56,16,2.8,11.008038544499993,0.0,7,58
1,56,17,3.2,7.59299134810398,0.0,7,58
1,56,18,2.8,10.57534609217781,0.0,7,58
1,56,19,3.2,11.001647878691774,0.0,7,58
1,56,20,3.0,10.543700859715921,0.0,7,58
1,56,21,2.5,11.193080905542962,0.0,4,58
2,56,1,3.0,13.52545693735561,0.0,7,58
2,56,2,3.0,10.821303938595937,0.0,7,58
2,56,3,3.4,10.143121414580778,0.0,7,58
2,56,4,3.8,7.398187388197526,0.0,7,58
2,56,5,2.8,11.880047852988994,0.0,7,58
2,56,6,3.0,9.361991851287053,0.0,7,58
2,56,7,3.4,9.605333229481316,0.0,7,58
2,56,8,3.2,8.76105376968853,0.0,7,58
2,56,9,2.8,14.847241134133297,0.0,7,58
2,56,10,2.8,8.816044071393739,0.0,7,58
2,56,11,3.0,13.721764628432098,0.0,7,58
2,56,12,2.8,12.475156769462512,0.0,7,58
2,56,13,2.8,10.651722289349056,0.0,7,58
2,56,14,2.8,9.69486443569476,0.0,7,58
2,56,15,3.0,13.23475956173735,0.0,7,58
2,56,16,2.8,11.504629451467752,0.0,7,58
2,56,17,2.8,12.580518111965374,0.0,7,58
2,56,18,3.0,13.967617832438298,0.0,7,58
2,56,19,3.0,7.865322597498546,0.0,7,58
2,56,20,2.8,10.690763503096097,0.0,7,58
2,56,21,2.5,12.581385683245939,0.0,4,58
3,56,1,3.4,7.8015343558800145,0.0,7,58
3,56,2,3.0,10.266674702986569,0.0,7,58
3,56,3,3.2,9.817017615513983,0.0,7,58
3,56,4,2.8,8.893932146743492,0.0,7,58
3,56,5,3.0,9.189465423912392,0.0,7,58
3,56,6,2.8,9.2078789258907,0.0,7,58
3,56,7,3.0,11.479062245615697,0.0,7,58
3,56,8,2.8,11.03596795390614,0.0,7,58
3,56,9,2.8,13.514481080007682,0.0,7,58
3,56,10,2.8,10.182028223104638,0.0,7,58
3,56,11,3.6,8.354301751615067,0.125,7,58
3,56,12,3.0,9.6103376739051,0.0,7,58
3,56,13,3.0,11.864191166349821,0.0,7,58
3,56,14,2.8,12.993401908371494,0.0,7,58
3,56,15,3.0,11.069536463176783,0.0,7,58
3,56,16,2.8,18.48279496217468,0.0,7,58
3,56,17,2.8,11.141041418813419,0.0,7,58
3,56,18,2.8,14.287025889525653,0.0,7,58
3,56,19,2.8,12.699318183205225,0.0,7,58
3,56,20,2.8,8.766721718535194,0.0,7,58
3,56,21,2.8,13.35272716340764,0.0,7,58
1,57,1,4.6,8.15536870427591,0.0,7,58
1,57,2,3.6,8.768948597365648,0.0,7,58
1,57,3,3.2,7.912807079146128,0.0,7,58
1,57,4,3.2,11.380576195115898,0.0,7,58
1,57,5,3.2,10.073868630691647,0.0,7,58
1,57,6,2.8,10.24926620903705,0.0,7,58
1,57,7,2.8,12.15006079162323,0.0,7,58
1,57,8,2.8,14.446902047986589,0.0,7,58
1,57,9,2.8,9.361285030201788,0.0,7,58
1,57,10,2.8,13.460399414274537,0.0,7,58
1,57,11,2.8,16.284127192286874,0.0,7,58
1,57,12,2.8,9.82898638258799,0.0,7,58
1,57,13,2.8,21.419292270701632,0.0,7,58
1,57,14,2.8,12.890630723988977,0.0,7,58
1,57,15,2.8,11.067788051846383,0.0,7,58
1,57,16,2.8,12.703906650746038,0.0,7,58
1,57,17,3.0,8.077552963974657,0.0,7,58
1,57,18,3.2,8.483622911547894,0.0,7,58
1,57,19,3.2,10.72745796198547,0.0,7,58
1,57,20,3.0,9.123036807356357,0.0,7,58
1,57,21,2.5,10.532789410783488,0.0,4,58
2,57,1,3.4,12.039226568140862,0.0,7,58
2,57,2,3.2,9.531426424383808,0.0,7,58
2,57,3,3.0,10.181914060574664,0.0,7,58
2,57,4,3.0,10.04131182815913,0.0,7,58
2,57,5,3.0,10.267388018160185,0.0,7,58
2,57,6,2.8,10.41018951300774,0.0,7,58
2,57,7,3.2,10.427755336527744,0.0,7,58
2,57,8,2.8,12.959179962348374,0.0,7,58
2,57,9,2.8,13.557759059458608,0.0,7,58
2,57,10,2.8,13.289737261509746,0.0,7,58
2,57,11,3.0,10.822520917050579,0.0,7,58
2,57,12,2.8,11.733461714650032,0.0,7,58
2,57,13,2.8,11.579375960159046,0.0,7,58
2,57,14,2.8,11.590233462875528,0.0,7,58
2,57,15,3.0,9.22878382847816,0.0,7,58
2,57,16,2.8,11.3945627627361,0.0,7,58
2,57,17,2.8,12.26840687900118,0.0,7,58
2,57,18,3.0,12.345859079542127,0.0,7,58
2,57,19,2.8,12.13980521730257,0.0,7,58
2,57,20,2.8,8.062277088713582,0.0,7,58
2,57,21,3.0,10.74144967113619,0.0,7,58
3,57,1,2.8,9.3480534160576,0.0,7,58
3,57,2,2.8,12.366966559980714,0.0,7,58
3,57,3,2.8,10.548475747455958,0.0,7,58
3,57,4,2.8,10.553117932496413,0.0,7,58
3,57,5,2.8,10.138258258732739,0.0,7,58
3,57,6,2.8,9.20084570207692,0.0,7,58
3,57,7,2.8,11.198119945273707,0.0,7,58
3,57,8,2.8,12.688235325033624,0.0,7,58
3,57,9,2.8,11.601163622775356,0.0,7,58
3,57,10,2.8,9.967990429505752,0.0,7,58
3,57,11,2.8,12.481336354020343,0.0,7,58
3,57,12,3.2,10.89025628508729,0.0,7,58
3,57,13,3.2,9.958525131808472,0.0,7,58
3,57,14,2.8,10.268786688894469,0.0,7,58
3,57,15,2.8,14.543331245755347,0.0,7,58
3,57,16,3.0,10.431763046760288,0.0,7,58
3,57,17,2.8,14.609216090481246,0.0,7,58
3,57,18,2.8,10.910272698870575,0.0,7,58
3,57,19,2.8,13.034658998448327,0.0,7,58
3,57,20,2.8,9.289861054516937,0.0,7,58
3,57,21,2.8,9.56371874473621,0.0,7,58
3,57,22,3.2,9.542342668457813,0.0,7,58
1,58,1,4.6,8.721957086439875,0.0,7,58
1,58,2,3.6,9.442214046086868,0.0,7,58
1,58,3,3.6,7.40028288783266,0.0,7,58
1,58,4,3.2,12.125704439813056,0.0,7,58
1,58,5,3.0,9.901335428583954,0.0,7,58
1,58,6,2.8,11.636695297928483,0.0,7,58
1,58,7,2.8,11.13209579101997,0.0,7,58
1,58,8,2.8,12.405306244582052,0.0,7,58
1,58,9,2.8,12.348542225500784,0.0,7,58
1,58,10,2.8,12.668728354326685,0.0,7,58
1,58,11,2.8,17.510406016483945,0.0,7,58
1,58,12,2.8,9.38541259130389,0.0,7,58
1,58,13,2.8,13.634193341930976,0.0,7,58
1,58,14,2.8,13.127124025751074,0.0,7,58
1,58,15,2.8,12.144044769212254,0.0,7,58
1,58,16,2.8,12.114550561066629,0.0,7,58
1,58,17,3.0,9.514575724207642,0.0,7,58
1,58,18,3.0,8.821566431884753,0.0,7,58
1,58,19,2.8,15.284855153909954,0.0,7,58
1,58,20,3.0,9.626452090692904,0.0,7,58
1,58,21,2.4,11.986624150647511,0.0,5,58
2,58,1,3.4,12.355397292895821,0.0,7,58
2,58,2,3.2,11.375026190440222,0.0,7,58
2,58,3,4.0,7.1789892434474325,0.125,7,58
2,58,4,2.8,9.583049308338834,0.0,7,58
2,58,5,2.8,10.905872328627993,0.0,7,58
2,58,6,2.8,9.762163743374476,0.0,7,58
2,58,7,3.2,11.16598719124238,0.0,7,58
2,58,8,2.8,14.319080276569288,0.0,7,58
2,58,9,2.8,12.980843891319884,0.0,7,58
2,58,10,2.8,9.672579348733409,0.0,7,58
2,58,11,2.8,15.218092824277537,0.0,7,58
2,58,12,2.8,10.397524480714184,0.0,7,58
2,58,13,2.8,12.49177953051414,0.0,7,58
2,58,14,2.8,9.73929003250295,0.0,7,58
2,58,15,3.0,11.44392334863025,0.0,7,58
2,58,16,2.8,11.29622298877678,0.0,7,58
2,58,17,2.8,9.30027902043707,0.0,7,58
2,58,18,3.0,13.29344726306241,0.0,7,58
2,58,19,3.0,9.148889428882722,0.0,7,58
2,58,20,2.8,8.269378723585323,0.0,7,58
2,58,21,2.8,12.131072715624683,0.0,6,58
3,58,1,3.0,9.159702373459005,0.0,7,58
3,58,2,3.6,9.088859610463862,0.0,7,58
3,58,3,3.4,10.073927737766292,0.0,7,58
3,58,4,3.0,8.855272039953011,0.0,7,58
3,58,5,2.8,8.35325625770291,0.0,7,58
3,58,6,2.8,8.745391060738921,0.0,7,58
3,58,7,3.0,12.695865717282988,0.0,7,58
3,58,8,2.8,11.25428901230228,0.0,7,58
3,58,9,2.8,13.326900839656119,0.0,7,58
3,58,10,2.8,12.693223882948816,0.0,7,58
3,58,11,3.0,9.368457679236052,0.0,7,58
3,58,12,3.2,9.086201730035874,0.0,7,58
3,58,13,3.0,10.050965469146432,0.0,7,58
3,58,14,3.0,10.659203337555015,0.0,7,58
3,58,15,3.0,10.124302355110116,0.0,7,58
3,58,16,2.8,15.626048150618892,0.0,7,58
3,58,17,3.0,10.610559514921107,0.0,7,58
3,58,18,2.8,13.753709649780527,0.0,7,58
3,58,19,2.8,11.591838349542773,0.0,7,58
3,58,20,2.8,10.23429462386407,0.0,7,58
3,58,21,2.8,10.009516722772606,0.0,7,58
1,59,1,4.8,8.000027693336444,0.0,7,58
1,59,2,3.6,10.957700357961357,0.0,7,58
1,59,3,3.4,8.151933665193402,0.0,7,58
1,59,4,2.8,12.53443320328819,0.0,7,58
1,59,5,3.0,8.901113496456766,0.0,7,58
1,59,6,2.8,10.083617114470108,0.0,7,58
1,59,7,2.8,12.508721043049732,0.0,7,58
1,59,8,2.8,10.915065811668864,0.0,7,58
1,59,9,2.8,11.196717315778821,0.0,7,58
1,59,10,2.8,13.884896463773407,0.0,7,58
1,59,11,2.8,14.29522342174347,0.0,7,58
1,59,12,2.8,10.231522143718877,0.0,7,58
1,59,13,2.8,12.435117116133183,0.0,7,58
1,59,14,2.8,10.401381344053704,0.0,7,58
1,59,15,2.8,11.926001907691417,0.0,7,58
1,59,16,2.8,11.988143005696037,0.0,7,58
1,59,17,3.0,7.6255433889844735,0.0,7,58
1,59,18,3.0,9.523272495941203,0.0,7,58
1,59,19,2.8,13.697297348649196,0.0,7,58
1,59,20,2.8,9.672850654209883,0.0,7,58
1,59,21,3.0,8.737062454263695,0.0,6,58
2,59,1,3.0,11.712373106990322,0.0,7,58
2,59,2,2.8,11.04873673189772,0.0,7,58
2,59,3,3.8,8.3940154916441,0.125,7,58
2,59,4,3.0,9.927223999255716,0.0,7,58
2,59,5,2.8,9.623560113597604,0.0,7,58
2,59,6,2.8,10.132272288291382,0.0,7,58
2,59,7,3.2,9.29749735789123,0.0,7,58
2,59,8,3.0,11.612497834953942,0.0,7,58
2,59,9,2.8,11.158448527929087,0.0,7,58
2,59,10,2.8,11.015797550284372,0.0,7,58
2,59,11,2.8,10.21561628736528,0.0,7,58
2,59,12,2.8,15.016691532263478,0.0,7,58
2,59,13,2.8,12.216094942676014,0.0,7,58
2,59,14,2.8,11.804816335567454,0.0,7,58
2,59,15,3.0,9.271609966046093,0.0,7,58
2,59,16,2.8,11.40724447493277,0.0,7,58
2,59,17,3.0,11.678699267779324,0.0,7,58
2,59,18,3.0,12.678562828715975,0.0,7,58
2,59,19,3.0,8.702715003362384,0.0,7,58
2,59,20,2.8,8.13178988333219,0.0,7,58
2,59,21,3.0,11.62145852056801,0.0,7,58
3,59,1,2.8,10.17205646200261,0.0,7,58
3,59,2,2.8,11.979404376242407,0.0,7,58
3,59,3,2.8,11.903444555351134,0.0,7,58
3,59,4,2.8,10.083361337418946,0.0,7,58
3,59,5,2.8,10.450059336193464,0.0,7,58
3,59,6,2.8,10.83007500251798,0.0,7,58
3,59,7,2.8,9.87787503283936,0.0,7,58
3,59,8,2.8,11.388772574732219,0.0,7,58
3,59,9,2.8,13.525283842927227,0.0,7,58
3,59,10,2.8,10.871630479613295,0.0,7,58
3,59,11,2.8,12.558219903514566,0.0,7,58
3,59,12,3.6,8.429594009691712,0.125,7,58
3,59,13,2.8,10.072338103925487,0.0,7,58
3,59,14,2.8,9.592365590428406,0.0,7,58
3,59,15,2.8,13.367266512490264,0.0,7,58
3,59,16,3.0,9.056925138644164,0.0,7,58
3,59,17,2.8,12.0006784664147,0.0,7,58
3,59,18,2.8,10.116253529846018,0.0,7,58
3,59,19,2.8,11.342539552692832,0.0,7,58
3,59,20,2.8,9.890790099084954,0.0,7,58
3,59,21,2.8,9.80913335678981,0.0,7,58
3,59,22,3.0,10.385808757965778,0.0,7,58
1,60,1,4.6,8.089679342850694,0.0,7,58
1,60,2,3.8,10.603917986280177,0.0,7,58
1,60,3,3.4,8.437279789838252,0.0,7,58
1,60,4,2.8,13.221993065613649,0.0,7,58
1,60,5,3.2,8.402344629510761,0.0,7,58
1,60,6,2.8,10.027548801498659,0.0,7,58
1,60,7,2.8,11.306570746535584,0.0,7,58
1,60,8,2.8,11.58593993016973,0.0,7,58
1,60,9,2.8,11.572535787126549,0.0,7,58
1,60,10,2.8,16.847272656249753,0.0,7,58
1,60,11,2.8,19.006235080115186,0.0,7,58
1,60,12,2.8,10.551848477281563,0.0,7,58
1,60,13,2.8,23.975940028311605,0.0,7,58
1,60,14,2.8,12.113264773281106,0.0,7,58
1,60,15,2.8,12.38737154156263,0.0,7,58
1,60,16,2.8,12.866657463286174,0.0,7,58
1,60,17,3.0,8.439561278532732,0.0,7,58
1,60,18,3.2,9.560373407435657,0.0,7,58
1,60,19,3.2,9.80258479304861,0.0,7,58
1,60,20,3.0,9.93527205588633,0.0,7,58
1,60,21,2.0,18.16728686457873,0.0,5,58
2,60,1,3.0,13.585544139106903,0.0,7,58
2,60,2,2.8,9.6232269383568,0.0,7,58
2,60,3,3.4,9.666059831048681,0.0,7,58
2,60,4,3.0,9.704952511552776,0.0,7,58
2,60,5,2.8,9.877177149442812,0.0,7,58
2,60,6,2.8,11.643250090077933,0.0,7,58
2,60,7,3.2,10.115508663166075,0.0,7,58
2,60,8,3.0,10.06037285633871,0.0,7,58
2,60,9,2.8,12.802304344963085,0.0,7,58
2,60,10,2.8,10.683421348685362,0.0,7,58
2,60,11,3.0,10.15029357139406,0.0,7,58
2,60,12,2.8,14.218546661158017,0.0,7,58
2,60,13,2.8,11.263266986625544,0.0,7,58
2,60,14,2.8,11.1512040453712,0.0,7,58
2,60,15,3.0,7.962353209827207,0.0,7,58
2,60,16,3.2,10.195194023786335,0.0,7,58
2,60,17,2.8,11.336100382428127,0.0,7,58
2,60,18,3.0,12.395903133645117,0.0,7,58
2,60,19,3.0,9.470857743856659,0.0,7,58
2,60,20,2.8,8.888096468901084,0.0,7,58
2,60,21,3.0,12.104459872345124,0.0,7,58
3,60,1,3.2,8.032780019845166,0.0,7,58
3,60,2,2.8,13.268414437872117,0.0,7,58
3,60,3,2.8,13.464637748499287,0.0,7,58
3,60,4,2.8,9.611924524268401,0.0,7,58
3,60,5,2.8,9.135458273892505,0.0,7,58
3,60,6,2.8,10.926759668996281,0.0,7,58
3,60,7,2.8,10.918991416195086,0.0,7,58
3,60,8,2.8,10.844600179014455,0.0,7,58
3,60,9,2.8,15.506776136510451,0.0,7,58
3,60,10,2.8,11.83339009309217,0.0,7,58
3,60,11,2.8,12.663481059312401,0.0,7,58
3,60,12,3.0,13.20215262585935,0.0,7,58
3,60,13,2.8,10.14690816449883,0.0,7,58
3,60,14,2.8,10.632742224729899,0.0,7,58
3,60,15,2.8,14.073460130985538,0.0,7,58
3,60,16,3.2,8.824158742300172,0.0,7,58
3,60,17,2.8,15.73690830453585,0.0,7,58
3,60,18,2.8,10.968973747234326,0.0,7,58
3,60,19,2.8,11.98722827963421,0.0,7,58
3,60,20,3.0,8.905469607395371,0.0,7,58
3,60,21,2.8,10.819016470554326,0.0,7,58
3,60,22,3.0,9.727754842733251,0.0,7,58
1,61,1,4.6,9.076666717580874,0.0,7,58
1,61,2,3.6,11.927987454304349,0.0,7,58
1,61,3,3.4,9.0498147964534,0.0,7,58
1,61,4,3.0,12.575660931265759,0.0,7,58
1,61,5,3.0,9.595630386195094,0.0,7,58
1,61,6,3.0,9.701651186001257,0.0,7,58
1,61,7,2.8,12.988055852022585,0.0,7,58
1,61,8,2.8,13.240653948861144,0.0,7,58
1,61,9,2.8,12.355557298642655,0.0,7,58
1,61,10,2.8,15.913007709934261,0.0,7,58
1,61,11,2.8,18.48161206633832,0.0,7,58
1,61,12,2.8,11.389475007738236,0.0,7,58
1,61,13,2.8,18.579557263523057,0.0,7,58
1,61,14,2.8,13.588248895040488,0.0,7,58
1,61,15,3.2,11.958690971315331,0.0,7,58
1,61,16,2.8,12.39117036771644,0.0,7,58
1,61,17,3.0,8.299102692247157,0.0,7,58
1,61,18,2.8,8.41837393327543,0.0,7,58
1,61,19,3.2,10.670471647018914,0.0,7,58
1,61,20,2.8,10.007337662411514,0.0,7,58
1,61,21,2.75,10.021157463694758,0.0,4,58
2,61,1,3.0,13.232821181319727,0.0,7,58
2,61,2,2.8,10.321551240598565,0.0,7,58
2,61,3,3.4,10.13035609442217,0.0,7,58
2,61,4,3.4,8.737531914844526,0.0,7,58
2,61,5,2.8,10.553472830465301,0.0,7,58
2,61,6,2.8,10.755929339672893,0.0,7,58
2,61,7,3.2,10.196516374203771,0.0,7,58
2,61,8,3.0,12.338739453962944,0.0,7,58
2,61,9,2.8,13.321518410000662,0.0,7,58
2,61,10,2.8,11.711912063786938,0.0,7,58
2,61,11,2.8,12.993578354373176,0.0,7,58
2,61,12,2.8,14.050741763047515,0.0,7,58
2,61,13,2.8,10.032008641675963,0.0,7,58
2,61,14,2.8,13.037879353276987,0.0,7,58
2,61,15,3.0,9.052053985409954,0.0,7,58
2,61,16,2.8,11.558144710194783,0.0,7,58
2,61,17,2.8,11.327424208898583,0.0,7,58
2,61,18,2.8,13.865436981950944,0.0,7,58
2,61,19,3.2,9.396990550237192,0.0,7,58
2,61,20,2.8,7.926444955733748,0.0,7,58
2,61,21,3.0,12.731453395192613,0.0,7,58
3,61,1,3.0,8.803715388326902,0.0,7,58
3,61,2,2.8,11.300384543176518,0.0,7,58
3,61,3,2.8,11.520547249540243,0.0,7,58
3,61,4,2.8,11.528202184853345,0.0,7,58
3,61,5,2.8,10.675175245035177,0.0,7,58
3,61,6,2.8,8.970029951131563,0.0,7,58
3,61,7,2.8,10.043814913093346,0.0,7,58
3,61,8,2.8,12.106064740371032,0.0,7,58
3,61,9,2.8,13.034311513412346,0.0,7,58
3,61,10,2.8,9.771119645561642,0.0,7,58
3,61,11,3.0,10.125929286765869,0.0,7,58
3,61,12,3.6,8.095198498786003,0.125,7,58
3,61,13,3.0,10.784054843730434,0.0,7,58
3,61,14,2.8,10.1146385422166,0.0,7,58
3,61,15,2.8,13.631851323210713,0.0,7,58
3,61,16,2.8,11.158609342497975,0.0,7,58
3,61,17,2.8,10.93824604161192,0.0,7,58
3,61,18,2.8,12.48707350811451,0.0,7,58
3,61,19,2.8,12.57503779239341,0.0,7,58
3,61,20,2.8,9.109916271516653,0.0,7,58
3,61,21,2.8,8.874988277459531,0.0,7,58
3,61,22,2.8,10.877698500882241,0.0,7,58
1,62,1,4.8,9.501016304671253,0.0,7,58
1,62,2,3.4,11.373017727823282,0.0,7,58
1,62,3,3.4,8.068342756913824,0.0,7,58
1,62,4,2.8,15.031305041398165,0.0,7,58
1,62,5,3.0,10.069988758388288,0.0,7,58
1,62,6,2.8,8.521592081318499,0.0,7,58
1,62,7,2.8,10.50913036129963,0.0,7,58
1,62,8,2.8,11.88567967390905,0.0,7,58
1,62,9,2.8,11.882476539400296,0.0,7,58
1,62,10,2.8,13.71859349930056,0.0,7,58
1,62,11,2.8,14.064878493342722,0.0,7,58
1,62,12,2.8,13.247435787190694,0.0,7,58
1,62,13,2.8,12.189541225480943,0.0,7,58
1,62,14,2.8,12.716926914307052,0.0,7,58
1,62,15,3.0,10.902162846842288,0.0,7,58
1,62,16,2.8,14.324981634843844,0.0,7,58
1,62,17,3.0,8.331961341101112,0.0,7,58
1,62,18,3.0,9.56863807681721,0.0,7,58
1,62,19,3.0,11.691693125055432,0.0,7,58
1,62,20,3.2,9.263760734386752,0.0,7,58
1,62,21,2.4,12.304812386300236,0.0,5,58
2,62,1,3.0,14.520933836777402,0.0,7,58
2,62,2,2.8,10.589615822637768,0.0,7,58
2,62,3,3.2,10.519164146039522,0.0,7,58
2,62,4,3.0,10.553442953519887,0.0,7,58
2,62,5,3.0,10.487151262761989,0.0,7,58
2,62,6,2.8,10.27413339564658,0.0,7,58
2,62,7,3.2,11.209318842066951,0.0,7,58
2,62,8,3.2,9.314372988157091,0.0,7,58
2,62,9,2.8,13.547485300235769,0.0,7,58
2,62,10,2.8,11.050476746212915,0.0,7,58
2,62,11,2.8,12.035835554511115,0.0,7,58
2,62,12,2.8,12.81800363344647,0.0,7,58
2,62,13,2.8,11.453091643738155,0.0,7,58
2,62,14,2.8,12.0284348507552,0.0,7,58
2,62,15,3.0,9.307321819867791,0.0,7,58
2,62,16,3.0,12.514319052912583,0.0,7,58
2,62,17,2.8,11.223491522652813,0.0,7,58
2,62,18,2.8,12.60781777636344,0.0,7,58
2,62,19,3.2,9.185302419081347,0.0,7,58
2,62,20,2.8,7.3281232446637,0.0,7,58
2,62,21,3.0,12.125669194803825,0.0,7,58
3,62,1,3.2,9.38925830532719,0.0,7,58
3,62,2,2.8,12.112250184747293,0.0,7,58
3,62,3,3.2,10.324429234694204,0.0,7,58
3,62,4,2.8,9.707389248977924,0.0,7,58
3,62,5,2.8,10.306138642990815,0.0,7,58
3,62,6,2.8,8.03858194157838,0.0,7,58
3,62,7,2.8,10.532181339937289,0.0,7,58
3,62,8,3.0,9.33739202202449,0.0,7,58
3,62,9,2.8,13.19363506086778,0.0,7,58
3,62,10,2.8,10.424331391538196,0.0,7,58
3,62,11,3.2,11.4486155659099,0.0,7,58
3,62,12,3.4,8.051909479529515,0.0,7,58
3,62,13,3.0,12.20298679192329,0.0,7,58
3,62,14,2.8,12.765480829548178,0.0,7,58
3,62,15,3.2,11.196886931211166,0.0,7,58
3,62,16,2.8,15.460757919856299,0.0,7,58
3,62,17,2.8,11.333581174282296,0.0,7,58
3,62,18,2.8,10.993111062124798,0.0,7,58
3,62,19,2.8,12.967144641939909,0.0,7,58
3,62,20,2.8,9.3391253391827,0.0,7,58
3,62,21,2.8,13.225458969144329,0.0,7,58
1,63,1,4.6,9.257948168420098,0.0,7,58
1,63,2,3.6,11.40859452094119,0.0,7,58
1,63,3,3.2,8.42148884310515,0.0,7,58
1,63,4,3.2,12.015980849253193,0.0,7,58
1,63,5,3.2,8.09749624905349,0.0,7,58
1,63,6,2.8,10.742592809975523,0.0,7,58
1,63,7,2.8,11.457047895810868,0.0,7,58
1,63,8,2.8,10.35194392255651,0.0,7,58
1,63,9,2.8,10.115570926985333,0.0,7,58
1,63,10,2.8,15.997497298700988,0.0,7,58
1,63,11,2.8,18.769438056024406,0.0,7,58
1,63,12,2.8,11.47623751769171,0.0,7,58
1,63,13,2.8,16.631027993461377,0.0,7,58
1,63,14,2.8,12.137663388682538,0.0,7,58
1,63,15,3.2,10.180758251969591,0.0,7,58
1,63,16,2.8,12.290083200965277,0.0,7,58
1,63,17,3.2,8.425742300512386,0.0,7,58
1,63,18,3.0,9.239734167039849,0.0,7,58
1,63,19,3.2,8.716840218179305,0.0,7,58
1,63,20,3.2,8.323096941977129,0.0,7,58
2,63,1,3.8,9.8295358031237,0.0,7,58
2,63,2,3.8,10.988264062772979,0.0,7,58
2,63,3,3.0,10.640063562232845,0.0,7,58
2,63,4,3.4,7.929398988378199,0.0,7,58
2,63,5,3.0,9.311167955695765,0.0,7,58
2,63,6,3.2,10.787912712618631,0.0,7,58
2,63,7,3.2,9.993049932131674,0.0,7,58
2,63,8,2.8,10.847862954593449,0.0,7,58
2,63,9,2.8,12.482563942897295,0.0,7,58
2,63,10,2.8,9.320441407163665,0.0,7,58
2,63,11,3.0,11.419142513709053,0.0,7,58
2,63,12,2.8,11.446855564269155,0.0,7,58
2,63,13,2.8,10.294478317651143,0.0,7,58
2,63,14,3.2,8.280421174252183,0.0,7,58
2,63,15,2.8,13.432579578168161,0.0,7,58
2,63,16,2.8,11.271007131979617,0.0,7,58
2,63,17,2.8,12.024767204401828,0.0,7,58
2,63,18,3.0,13.27113997784266,0.0,7,58
2,63,19,2.8,9.142997270944445,0.0,7,58
2,63,20,3.0,9.251376838678137,0.0,7,58
3,63,1,3.0,9.284849750611038,0.0,7,58
3,63,2,2.8,13.203165991095878,0.0,7,58
3,63,3,2.8,11.608008121749084,0.0,7,58
3,63,4,2.8,11.817779009418228,0.0,7,58
3,63,5,2.8,8.639454875285475,0.0,7,58
3,63,6,2.8,8.628358389177777,0.0,7,58
3,63,7,3.0,9.784035883409711,0.0,7,58
3,63,8,2.8,11.694783515530634,0.0,7,58
3,63,9,2.8,17.70652981318998,0.0,7,58
3,63,10,2.8,9.947296206021218,0.0,7,58
3,63,11,2.8,11.368825086210768,0.0,7,58
3,63,12,3.6,8.780911037965836,0.125,7,58
3,63,13,3.0,10.746159281308522,0.0,7,58
3,63,14,2.8,10.097938940719578,0.0,7,58
3,63,15,3.0,17.550604856060207,0.0,7,58
3,63,16,2.8,11.496941645496234,0.0,7,58
3,63,17,2.8,11.196936493159239,0.0,7,58
3,63,18,3.0,11.107914376235836,0.0,7,58
3,63,19,2.8,13.542173856305407,0.0,7,58
3,63,20,2.8,9.216379350364738,0.0,7,58
3,63,21,2.8,9.641892289414079,0.0,7,58
3,63,22,2.4,14.224170948358857,0.0,5,58
1,64,1,4.6,8.166420789780476,0.0,7,58
1,64,2,3.8,9.560826569357525,0.0,7,58
1,64,3,3.4,8.557091008018144,0.0,7,58
1,64,4,2.8,11.706528008199193,0.0,7,58
1,64,5,3.2,8.521158742024776,0.0,7,58
1,64,6,2.8,10.180008236149058,0.0,7,58
1,64,7,2.8,12.528986915655056,0.0,7,58
1,64,8,2.8,10.569835409866752,0.0,7,58
1,64,9,2.8,10.727852205309368,0.0,7,58
1,64,10,2.8,19.02842038169289,0.0,7,58
1,64,11,2.8,16.736394581666218,0.0,7,58
1,64,12,2.8,10.460266465306658,0.0,7,58
1,64,13,2.8,16.585254914403812,0.0,7,58
1,64,14,2.8,9.193396954043388,0.0,7,58
1,64,15,2.8,12.673956196600681,0.0,7,58
1,64,16,2.8,11.854221313357803,0.0,7,58
1,64,17,3.0,8.346050909843017,0.0,7,58
1,64,18,3.2,8.754778192148578,0.0,7,58
1,64,19,3.2,10.632815941422558,0.0,7,58
1,64,20,3.0,9.602792100936998,0.0,7,58
2,64,1,3.2,11.57089030267023,0.0,7,58
2,64,2,3.0,9.453824298826456,0.0,7,58
2,64,3,3.8,9.384262955899533,0.125,7,58
2,64,4,3.0,10.445551306215384,0.0,7,58
2,64,5,2.8,13.08579091732118,0.0,7,58
2,64,6,2.8,9.316940896275007,0.0,7,58
2,64,7,3.4,9.43979502592822,0.0,7,58
2,64,8,3.0,11.069348951083027,0.0,7,58
2,64,9,2.8,11.322690664585796,0.0,7,58
2,64,10,2.8,8.8343001280442,0.0,7,58
2,64,11,2.8,14.161033336451652,0.0,7,58
2,64,12,2.8,12.05791474984293,0.0,7,58
2,64,13,2.8,13.365306271076868,0.0,7,58
2,64,14,2.8,9.662358664033405,0.0,7,58
2,64,15,3.0,11.911983106688457,0.0,7,58
2,64,16,2.8,13.823903250001242,0.0,7,58
2,64,17,2.8,10.551806531151632,0.0,7,58
2,64,18,3.0,12.40377808585058,0.0,7,58
2,64,19,3.0,9.731147369189417,0.0,7,58
2,64,20,2.8,8.511034698877985,0.0,7,58
2,64,21,2.8,11.239362245359763,0.0,7,58
3,64,1,3.0,10.927094018629761,0.0,7,58
3,64,2,2.8,11.89371625401228,0.0,7,58
3,64,3,2.8,10.751011115957807,0.0,7,58
3,64,4,2.8,9.217477040792302,0.0,7,58
3,64,5,3.0,8.518187734717882,0.0,7,58
3,64,6,2.8,10.623100999905557,0.0,7,58
3,64,7,3.0,8.662936046381446,0.0,7,58
3,64,8,2.8,11.253189103287843,0.0,7,58
3,64,9,2.8,15.399487397213349,0.0,7,58
3,64,10,2.8,11.926390574345554,0.0,7,58
3,64,11,2.8,9.960347458544774,0.0,7,58
3,64,12,3.6,7.9350881172895305,0.125,7,58
3,64,13,2.8,10.605166096437536,0.0,7,58
3,64,14,2.8,10.831123128096282,0.0,7,58
3,64,15,3.0,12.835924833407708,0.0,7,58
3,64,16,2.8,11.14092087305563,0.0,7,58
3,64,17,2.8,11.986947844326785,0.0,7,58
3,64,18,3.0,10.552145414755843,0.0,7,58
3,64,19,2.8,12.048265546757532,0.0,7,58
3,64,20,2.8,9.444079308271963,0.0,7,58
3,64,21,2.8,10.120533325139045,0.0,7,58
3,64,22,2.4,13.296470848128909,0.0,6,58
1,65,1,4.2,9.308149052153507,0.0,7,58
1,65,2,3.8,10.342472702022361,0.0,7,58
1,65,3,3.4,8.038816783060632,0.0,7,58
1,65,4,3.2,11.827310311240646,0.0,7,58
1,65,5,3.0,8.58412094518947,0.0,7,58
1,65,6,2.8,11.965764009524804,0.0,7,58
1,65,7,2.8,11.96243024093389,0.0,7,58
1,65,8,2.8,9.671300432574768,0.0,7,58
1,65,9,2.8,11.430338034092374,0.0,7,58
1,65,10,2.8,16.155624444736073,0.0,7,58
1,65,11,2.8,13.804025149838132,0.0,7,58
1,65,12,2.8,17.024269924239306,0.0,7,58
1,65,13,2.8,14.125789618447758,0.0,7,58
1,65,14,2.8,11.427024803205855,0.0,7,58
1,65,15,2.8,10.990688596885793,0.0,7,58
1,65,16,2.8,14.223545642735507,0.0,7,58
1,65,17,3.0,8.520455955677736,0.0,7,58
1,65,18,3.4,8.387659146840045,0.0,7,58
1,65,19,3.2,12.483002500343124,0.0,7,58
1,65,20,3.0,12.462605942038088,0.0,7,58
2,65,1,3.8,9.798041986046888,0.0,7,58
2,65,2,3.2,12.86584410738427,0.0,7,58
2,65,3,3.6,9.252155629338384,0.0,7,58
2,65,4,3.6,7.043636458367091,0.0,7,58
2,65,5,2.8,10.963499609714052,0.0,7,58
2,65,6,3.0,9.69765946076782,0.0,7,58
2,65,7,3.0,10.813343172162085,0.0,7,58
2,65,8,2.8,12.035063420155247,0.0,7,58
2,65,9,2.8,13.847937174749388,0.0,7,58
2,65,10,2.8,9.4364574703416,0.0,7,58
2,65,11,3.0,11.011103169670724,0.0,7,58
2,65,12,2.8,11.391884327161282,0.0,7,58
2,65,13,2.8,11.012353607809345,0.0,7,58
2,65,14,2.8,9.322314869891017,0.0,7,58
2,65,15,3.0,12.197300633807153,0.0,7,58
2,65,16,3.0,12.544914662185294,0.0,7,58
2,65,17,2.8,11.433162955865985,0.0,7,58
2,65,18,3.0,10.542466289821014,0.0,7,58
2,65,19,2.8,9.042339164296523,0.0,7,58
2,65,20,3.0,8.741055426869613,0.0,7,58
3,65,1,3.4,8.11195441816117,0.0,7,58
3,65,2,3.0,9.805788857325737,0.0,7,58
3,65,3,3.0,9.529769243239047,0.0,7,58
3,65,4,2.8,12.34461317990425,0.0,7,58
3,65,5,2.8,9.598938408851968,0.0,7,58
3,65,6,2.8,9.323042102738079,0.0,7,58
3,65,7,3.0,10.316294315961038,0.0,7,58
3,65,8,2.8,9.981937278146074,0.0,7,58
3,65,9,2.8,15.625330338835976,0.0,7,58
3,65,10,2.8,9.402199628333802,0.0,7,58
3,65,11,3.0,11.524882292258203,0.0,7,58
3,65,12,2.8,12.012961940393511,0.0,7,58
3,65,13,3.4,10.442595424610989,0.0,7,58
3,65,14,2.8,11.525122242607265,0.0,7,58
3,65,15,3.0,10.474458670113695,0.0,7,58
3,65,16,2.8,12.43668349512324,0.0,7,58
3,65,17,2.8,11.018804599946865,0.0,7,58
3,65,18,2.8,10.55208600158395,0.0,7,58
3,65,19,2.8,14.595193432202889,0.0,7,58
3,65,20,2.8,9.494271389225522,0.0,7,58
3,65,21,3.0,9.781553778818386,0.0,7,58
3,65,22,2.25,13.117293683530123,0.0,4,58
1,66,1,4.6,7.961424952370034,0.0,7,58
1,66,2,3.8,8.377824301907433,0.0,7,58
1,66,3,3.4,8.229866477422949,0.0,7,58
1,66,4,2.8,13.82884349601004,0.0,7,58
1,66,5,3.0,9.657141127702694,0.0,7,58
1,66,6,2.8,9.88512258860309,0.0,7,58
1,66,7,2.8,11.79847987281224,0.0,7,58
1,66,8,2.8,9.749536630398964,0.0,7,58
1,66,9,2.8,10.776236669354775,0.0,7,58
1,66,10,2.8,14.347727730263932,0.0,7,58
1,66,11,2.8,14.859219130093836,0.0,7,58
1,66,12,2.8,10.17967031258901,0.0,7,58
1,66,13,2.8,13.314317023664751,0.0,7,58
1,66,14,2.8,11.761573020676344,0.0,7,58
1,66,15,3.0,12.005146337661161,0.0,7,58
1,66,16,2.8,11.715937858020315,0.0,7,58
1,66,17,3.0,7.907950322708521,0.0,7,58
1,66,18,2.8,11.464132290317092,0.0,7,58
1,66,19,3.2,9.131459752399659,0.0,7,58
1,66,20,3.2,10.066006245348888,0.0,7,58
1,66,21,2.75,10.343682338169275,0.0,4,58
2,66,1,3.0,14.555491504276928,0.0,7,58
2,66,2,2.8,12.59605269851886,0.0,7,58
2,66,3,3.8,8.20263611590235,0.125,7,58
2,66,4,2.8,11.891111515660164,0.0,7,58
2,66,5,2.8,9.658291713669009,0.0,7,58
2,66,6,3.0,9.065417350318038,0.0,7,58
2,66,7,3.2,9.28338513485062,0.0,7,58
2,66,8,3.0,10.25018073177347,0.0,7,58
2,66,9,2.8,12.303211229376226,0.0,7,58
2,66,10,2.8,11.406126469819895,0.0,7,58
2,66,11,2.8,13.161344089215264,0.0,7,58
2,66,12,2.8,12.89537264338482,0.0,7,58
2,66,13,2.8,11.701892444527125,0.0,7,58
2,66,14,2.8,10.95875211540857,0.0,7,58
2,66,15,3.0,10.267783070950726,0.0,7,58
2,66,16,2.8,9.894059200719292,0.0,7,58
2,66,17,2.8,12.160752937857156,0.0,7,58
2,66,18,2.8,13.710031965728897,0.0,7,58
2,66,19,3.2,9.772353108097292,0.0,7,58
2,66,20,2.8,8.115768043567616,0.0,7,58
2,66,21,3.0,13.02980725532601,0.0,7,58
3,66,1,3.0,9.284849750611167,0.0,7,58
3,66,2,2.8,10.450778591910353,0.0,7,58
3,66,3,2.8,11.163085735047689,0.0,7,58
3,66,4,2.8,10.517194054837121,0.0,7,58
3,66,5,2.8,10.01117726074495,0.0,7,58
3,66,6,2.8,9.618967945671168,0.0,7,58
3,66,7,2.8,12.209184987076075,0.0,7,58
3,66,8,2.8,10.577659755572032,0.0,7,58
3,66,9,2.8,13.494447485442322,0.0,7,58
3,66,10,2.8,10.731190444138491,0.0,7,58
3,66,11,3.0,10.490666665602568,0.0,7,58
3,66,12,3.6,7.999901840882815,0.125,7,58
3,66,13,2.8,10.879766170253555,0.0,7,58
3,66,14,2.8,8.920947403648315,0.0,7,58
3,66,15,2.8,13.449105696762812,0.0,7,58
3,66,16,3.0,11.303340731324452,0.0,7,58
3,66,17,2.8,12.981253717935365,0.0,7,58
3,66,18,2.8,10.79069145860785,0.0,7,58
3,66,19,2.8,12.421799234916286,0.0,7,58
3,66,20,2.8,9.938936917866865,0.0,7,58
3,66,21,2.8,9.721376906025945,0.0,7,58
3,66,22,2.8,13.434269449479716,0.0,7,58
1,67,1,4.8,7.874578198035479,0.0,7,58
1,67,2,3.4,9.674879259035635,0.0,7,58
1,67,3,3.4,7.367925561386583,0.0,7,58
1,67,4,2.8,13.131504333492297,0.0,7,58
1,67,5,3.0,8.690368219414355,0.0,7,58
1,67,6,3.0,9.903548510596057,0.0,7,58
1,67,7,2.8,11.440099095605797,0.0,7,58
1,67,8,2.8,10.126356600074644,0.0,7,58
1,67,9,2.8,12.095698361169237,0.0,7,58
1,67,10,2.8,18.598922800270106,0.0,7,58
1,67,11,2.8,13.345461648849234,0.0,7,58
1,67,12,2.8,11.933510735075124,0.0,7,58
1,67,13,2.8,14.93078246245673,0.0,7,58
1,67,14,2.8,11.558533979146798,0.0,7,58
1,67,15,3.0,10.704304142833362,0.0,7,58
1,67,16,2.8,12.019735360782054,0.0,7,58
1,67,17,3.0,8.620662191233832,0.0,7,58
1,67,18,3.2,9.683274564140318,0.0,7,58
1,67,19,2.8,15.207707282177653,0.0,7,58
1,67,20,3.0,8.784471599154287,0.0,7,58
1,67,21,2.4,11.440463230906891,0.0,5,58
2,67,1,3.2,15.986575092470746,0.0,7,58
2,67,2,3.4,9.30750291265638,0.0,7,58
2,67,3,3.6,7.919459118652607,0.0,7,58
2,67,4,3.4,8.860085795847997,0.0,7,58
2,67,5,2.8,10.765767283439635,0.0,7,58
2,67,6,3.0,10.46162191349646,0.0,7,58
2,67,7,3.2,9.407789968742382,0.0,7,58
2,67,8,2.8,13.987597284809432,0.0,7,58
2,67,9,2.8,12.991085189908688,0.0,7,58
2,67,10,2.8,9.432723618700539,0.0,7,58
2,67,11,2.8,16.47368767543496,0.0,7,58
2,67,12,2.8,11.052025283853546,0.0,7,58
2,67,13,2.8,12.942990556663009,0.0,7,58
2,67,14,2.8,11.061836034067845,0.0,7,58
2,67,15,3.0,10.619420019983725,0.0,7,58
2,67,16,2.8,12.095931347238343,0.0,7,58
2,67,17,2.8,11.329834918837726,0.0,7,58
2,67,18,3.0,13.533567075784688,0.0,7,58
2,67,19,3.0,7.946106302279155,0.0,7,58
2,67,20,2.8,9.435311787895918,0.0,7,58
2,67,21,2.4,13.347211102781372,0.0,5,58
3,67,1,3.0,10.080621530112474,0.0,7,58
3,67,2,2.8,10.504627083355443,0.0,7,58
3,67,3,2.8,14.03139631038633,0.0,7,58
3,67,4,2.8,10.18444720742214,0.0,7,58
3,67,5,2.8,8.602997918526388,0.0,7,58
3,67,6,2.8,9.499448150251279,0.0,7,58
3,67,7,2.8,10.076911188940324,0.0,7,58
3,67,8,2.8,10.31019249713123,0.0,7,58
3,67,9,2.8,14.3156745871825,0.0,7,58
3,67,10,2.8,10.110316145215949,0.0,7,58
3,67,11,2.8,13.470008257571358,0.0,7,58
3,67,12,3.6,9.193199742930027,0.125,7,58
3,67,13,2.8,10.78626256350383,0.0,7,58
3,67,14,2.8,9.861929321155362,0.0,7,58
3,67,15,2.8,13.826982015045552,0.0,7,58
3,67,16,3.0,10.279202870263774,0.0,7,58
3,67,17,2.8,13.13234397503896,0.0,7,58
3,67,18,3.0,11.52969953127517,0.0,7,58
3,67,19,2.8,11.381585059181623,0.0,7,58
3,67,20,2.8,9.626082348480573,0.0,7,58
3,67,21,2.8,9.830756360843836,0.0,7,58
3,67,22,2.8,11.29973253558295,0.0,7,58
1,68,1,4.6,8.721957086439877,0.0,7,58
1,68,2,3.6,10.834268300091498,0.0,7,58
1,68,3,3.6,8.085405152578643,0.0,7,58
1,68,4,3.2,10.1797352921994,0.0,7,58
1,68,5,3.2,9.11388258393844,0.0,7,58
1,68,6,2.8,9.414019642724819,0.0,7,58
1,68,7,2.8,14.069770112003491,0.0,7,58
1,68,8,2.8,12.062545224908648,0.0,7,58
1,68,9,2.8,11.730679216698759,0.0,7,58
1,68,10,2.8,15.459521991550956,0.0,7,58
1,68,11,2.8,19.513174752383804,0.0,7,58
1,68,12,2.8,12.129534506784996,0.0,7,58
1,68,13,2.8,12.626182941652457,0.0,7,58
1,68,14,2.8,14.144695166134735,0.0,7,58
1,68,15,3.2,9.352985250591633,0.0,7,58
1,68,16,2.8,11.56246148231166,0.0,7,58
1,68,17,3.2,9.49750254048018,0.0,7,58
1,68,18,3.0,10.301509565661958,0.0,7,58
1,68,19,2.8,11.226121021941555,0.0,7,58
1,68,20,3.0,10.267655475201597,0.0,7,58
2,68,1,2.8,15.317160592995716,0.0,7,58
2,68,2,2.8,11.067098993297494,0.0,7,58
2,68,3,3.6,10.498782691928565,0.0,7,58
2,68,4,3.0,10.821041530236995,0.0,7,58
2,68,5,3.0,9.390991355762653,0.0,7,58
2,68,6,2.8,10.51441774976798,0.0,7,58
2,68,7,3.2,10.800655121187987,0.0,7,58
2,68,8,3.0,9.669236948173083,0.0,7,58
2,68,9,2.8,13.399087684957891,0.0,7,58
2,68,10,2.8,9.519683518665277,0.0,7,58
2,68,11,2.8,15.797419595712338,0.0,7,58
2,68,12,2.8,12.554882315091014,0.0,7,58
2,68,13,2.8,10.882491216577728,0.0,7,58
2,68,14,2.8,11.010677987183847,0.0,7,58
2,68,15,3.0,9.42202674090184,0.0,7,58
2,68,16,2.8,12.342604481792849,0.0,7,58
2,68,17,2.8,10.491501434601979,0.0,7,58
2,68,18,2.8,13.38849807320263,0.0,7,58
2,68,19,3.0,11.07406763964566,0.0,7,58
2,68,20,3.0,8.107329624695295,0.0,7,58
2,68,21,3.0,9.662680927092627,0.0,7,58
3,68,1,3.6,7.895077837110952,0.0,7,58
3,68,2,3.2,10.15333216370475,0.0,7,58
3,68,3,3.2,9.457165759041603,0.0,7,58
3,68,4,2.8,8.503614435892434,0.0,7,58
3,68,5,2.8,10.035413411159976,0.0,7,58
3,68,6,3.0,8.780945188756796,0.0,7,58
3,68,7,3.0,13.217152635801625,0.0,7,58
3,68,8,2.8,10.306079003148634,0.0,7,58
3,68,9,2.8,12.382556202179085,0.0,7,58
3,68,10,2.8,15.033175841150896,0.0,7,58
3,68,11,3.2,9.40141642924591,0.0,7,58
3,68,12,3.0,9.28922045192644,0.0,7,58
3,68,13,3.0,9.273725387878061,0.0,7,58
3,68,14,2.8,10.830560571803295,0.0,7,58
3,68,15,3.0,10.517505810308602,0.0,7,58
3,68,16,2.8,14.063001244991089,0.0,7,58
3,68,17,3.0,11.037707252092451,0.0,7,58
3,68,18,2.8,12.95185034050891,0.0,7,58
3,68,19,2.8,11.16323737329351,0.0,7,58
3,68,20,2.8,9.223699148324917,0.0,7,58
3,68,21,2.8,10.42962693127437,0.0,7,58
1,69,1,4.4,8.186629154494495,0.0,7,58
1,69,2,4.2,9.323717432757888,0.0,7,58
1,69,3,3.4,8.49820721636033,0.0,7,58
1,69,4,3.0,14.11655881062352,0.0,7,58
1,69,5,3.2,9.51690197113413,0.0,7,58
1,69,6,2.8,10.739436771436198,0.0,7,58
1,69,7,2.8,17.251918005782798,0.0,7,58
1,69,8,2.8,10.506264662802543,0.0,7,58
1,69,9,2.8,13.370430507131118,0.0,7,58
1,69,10,2.8,10.901038242021986,0.0,7,58
1,69,11,2.8,15.618818203425091,0.0,7,58
1,69,12,2.8,9.801507993815312,0.0,7,58
1,69,13,2.8,14.170073080132235,0.0,7,58
1,69,14,2.8,14.07860268999761,0.0,7,58
1,69,15,2.8,13.830856771714016,0.0,7,58
1,69,16,2.8,12.624811127112944,0.0,7,58
1,69,17,3.0,8.93928893765065,0.0,7,58
1,69,18,3.2,8.642280939221296,0.0,7,58
1,69,19,3.2,10.225587123669992,0.0,7,58
1,69,20,3.0,8.837188335905267,0.0,7,58
2,69,1,3.0,14.25026975979012,0.0,7,58
2,69,2,2.8,13.080972602019253,0.0,7,58
2,69,3,3.4,10.23204212190497,0.0,7,58
2,69,4,3.4,8.378447479086056,0.0,7,58
2,69,5,2.8,9.904067871195725,0.0,7,58
2,69,6,2.8,10.032549954552337,0.0,7,58
2,69,7,3.6,8.545115249235632,0.0,7,58
2,69,8,3.0,9.822965182619736,0.0,7,58
2,69,9,2.8,14.441187412815168,0.0,7,58
2,69,10,2.8,10.461448119945631,0.0,7,58
2,69,11,2.8,12.641217894121498,0.0,7,58
2,69,12,2.8,12.165094237914603,0.0,7,58
2,69,13,2.8,11.156504159333071,0.0,7,58
2,69,14,2.8,10.791289323416871,0.0,7,58
2,69,15,3.0,10.571565132698199,0.0,7,58
2,69,16,3.0,11.22504253885369,0.0,7,58
2,69,17,2.8,9.823077852295189,0.0,7,58
2,69,18,3.0,11.943559283142365,0.0,7,58
2,69,19,3.0,9.027356357099658,0.0,7,58
2,69,20,2.8,7.865274523402663,0.0,7,58
2,69,21,2.8,12.401651928551658,0.0,6,58
3,69,1,2.8,9.92446808070633,0.0,7,58
3,69,2,2.8,10.498825828346497,0.0,7,58
3,69,3,3.0,11.30479558898159,0.0,7,58
3,69,4,2.8,11.069191123277585,0.0,7,58
3,69,5,2.8,9.498126831159093,0.0,7,58
3,69,6,2.8,8.94379569473282,0.0,7,58
3,69,7,2.8,11.041042974274657,0.0,7,58
3,69,8,2.8,13.435780773840266,0.0,7,58
3,69,9,2.8,12.762328969659192,0.0,7,58
3,69,10,2.8,13.098331278019561,0.0,7,58
3,69,11,2.8,11.897804145334275,0.0,7,58
3,69,12,3.0,10.93565279865468,0.0,7,58
3,69,13,3.0,9.63635140633365,0.0,7,58
3,69,14,3.0,9.006619169855945,0.0,7,58
3,69,15,2.8,13.727290704075255,0.0,7,58
3,69,16,3.0,9.956279153726864,0.0,7,58
3,69,17,2.8,13.571834700536552,0.0,7,58
3,69,18,2.8,11.440903270255841,0.0,7,58
3,69,19,2.8,11.156332021317866,0.0,7,58
3,69,20,3.0,8.690356758126914,0.0,7,58
3,69,21,2.8,8.950702320650409,0.0,7,58
3,69,22,2.8,10.812063363595863,0.0,7,58
1,70,1,4.4,10.856110006116122,0.0,7,58
1,70,2,3.6,11.078078185416,0.0,7,58
1,70,3,3.2,8.534874534270678,0.0,7,58
1,70,4,3.0,10.170456234935576,0.0,7,58
1,70,5,3.2,8.891909382444455,0.0,7,58
1,70,6,2.8,9.398807626589146,0.0,7,58
1,70,7,2.8,14.40224944185481,0.0,7,58
1,70,8,2.8,10.265822764914327,0.0,7,58
1,70,9,2.8,17.92736766413878,0.0,7,58
1,70,10,2.8,12.679437039357392,0.0,7,58
1,70,11,2.8,15.3550861820308,0.0,7,58
1,70,12,2.8,11.372383195660936,0.0,7,58
1,70,13,2.8,13.118297503890515,0.0,7,58
1,70,14,2.8,12.935309430891525,0.0,7,58
1,70,15,3.0,10.064567073878564,0.0,7,58
1,70,16,2.8,12.562975272036809,0.0,7,58
1,70,17,3.0,8.69252619450823,0.0,7,58
1,70,18,3.0,9.133547424374601,0.0,7,58
1,70,19,3.2,11.545896536825797,0.0,7,58
1,70,20,3.0,9.735315823260537,0.0,7,58
1,70,21,2.4,10.981785019777922,0.0,5,58
2,70,1,3.4,12.50699192899161,0.0,7,58
2,70,2,2.8,10.664383340053107,0.0,7,58
2,70,3,3.6,8.809098350057598,0.0,7,58
2,70,4,3.2,9.23927052111746,0.0,7,58
2,70,5,2.8,12.421385701685347,0.0,7,58
2,70,6,2.8,9.937613077534245,0.0,7,58
2,70,7,3.2,10.604347316189125,0.0,7,58
2,70,8,3.4,9.36731918696332,0.0,7,58
2,70,9,2.8,11.458181360614972,0.0,7,58
2,70,10,2.8,9.789288143104942,0.0,7,58
2,70,11,3.0,11.181678687573061,0.0,7,58
2,70,12,2.8,11.959709516929104,0.0,7,58
2,70,13,2.8,13.165884183892283,0.0,7,58
2,70,14,2.8,10.846054301250895,0.0,7,58
2,70,15,3.0,9.663076194871827,0.0,7,58
2,70,16,3.0,9.748254550039078,0.0,7,58
2,70,17,2.8,11.457615686984516,0.0,7,58
2,70,18,3.0,14.7617327262592,0.0,7,58
2,70,19,3.0,8.327103148911435,0.0,7,58
2,70,20,2.8,8.782746471114994,0.0,7,58
2,70,21,2.2,15.361981841112673,0.0,5,58
3,70,1,3.2,8.833277235563633,0.0,7,58
3,70,2,3.0,10.232671296933876,0.0,7,58
3,70,3,2.8,13.23627369880824,0.0,7,58
3,70,4,2.8,8.37755122995851,0.0,7,58
3,70,5,2.8,11.478956764908375,0.0,7,58
3,70,6,2.8,9.78371934531807,0.0,7,58
3,70,7,2.8,10.674742284836144,0.0,7,58
3,70,8,2.8,9.985487654163446,0.0,7,58
3,70,9,3.0,12.001701958541876,0.0,7,58
3,70,10,2.8,10.741837322452131,0.0,7,58
3,70,11,2.8,11.890603026742241,0.0,7,58
3,70,12,3.0,11.063163134478854,0.0,7,58
3,70,13,2.8,11.693659045569929,0.0,7,58
3,70,14,2.8,10.207571398606992,0.0,7,58
3,70,15,2.8,14.146804316532398,0.0,7,58
3,70,16,3.2,9.813281252939518,0.0,7,58
3,70,17,2.8,14.626606737737006,0.0,7,58
3,70,18,2.8,13.537342862323824,0.0,7,58
3,70,19,2.8,15.200234661464538,0.0,7,58
3,70,20,2.8,10.086454566122557,0.0,7,58
3,70,21,2.8,10.416774758798873,0.0,7,58
3,70,22,2.8,11.599765100155507,0.0,7,58
1,71,1,4.2,9.574352785530982,0.0,7,58
1,71,2,3.4,13.076834999108842,0.0,7,58
1,71,3,3.4,7.598664951796874,0.0,7,58
1,71,4,3.2,12.866649359187676,0.0,7,58
1,71,5,3.2,9.98186079566676,0.0,7,58
1,71,6,3.0,9.69638516040683,0.0,7,58
1,71,7,2.8,11.206083285484308,0.0,7,58
1,71,8,2.8,10.663959810223998,0.0,7,58
1,71,9,2.8,12.49705217632497,0.0,7,58
1,71,10,2.8,17.828550353564438,0.0,7,58
1,71,11,2.8,10.92579503358951,0.0,7,58
1,71,12,2.8,10.390296210446767,0.0,7,58
1,71,13,2.8,13.929869108842308,0.0,7,58
1,71,14,2.8,10.81195080537287,0.0,7,58
1,71,15,3.0,13.303848987937153,0.0,7,58
1,71,16,2.8,14.793444740883247,0.0,7,58
1,71,17,2.8,8.057321008683381,0.0,7,58
1,71,18,3.4,8.530136848257614,0.0,7,58
1,71,19,3.2,10.235488611937209,0.0,7,58
1,71,20,3.0,9.854038974825324,0.0,7,58
1,71,21,2.5,10.15558550209137,0.0,4,58
2,71,1,2.8,15.2029385142937,0.0,7,58
2,71,2,2.8,11.087161128541162,0.0,7,58
2,71,3,4.0,8.182737034994185,0.125,7,58
2,71,4,3.0,11.920032051316399,0.0,7,58
2,71,5,2.8,11.593741063622335,0.0,7,58
2,71,6,2.8,11.977645721413957,0.0,7,58
2,71,7,3.2,9.664798146069922,0.0,7,58
2,71,8,3.4,11.149503588692141,0.0,7,58
2,71,9,2.8,12.392875742542767,0.0,7,58
2,71,10,2.8,9.216104279499733,0.0,7,58
2,71,11,2.8,13.842896045953367,0.0,7,58
2,71,12,2.8,13.720659838559389,0.0,7,58
2,71,13,2.8,10.937049901967557,0.0,7,58
2,71,14,3.0,9.070330831299195,0.0,7,58
2,71,15,3.0,9.260642503937452,0.0,7,58
2,71,16,3.2,10.017579230888156,0.0,7,58
2,71,17,2.8,10.078900498832098,0.0,7,58
2,71,18,2.8,16.691987589899533,0.0,7,58
2,71,19,3.0,8.443501615925825,0.0,7,58
2,71,20,2.8,9.108303090425306,0.0,7,58
2,71,21,2.6,10.247962230208143,0.0,6,58
3,71,1,3.0,10.388833572854587,0.0,7,58
3,71,2,2.8,13.347232258897016,0.0,7,58
3,71,3,2.8,11.78697516318286,0.0,7,58
3,71,4,2.8,9.231389443408514,0.0,7,58
3,71,5,2.8,9.184342176508107,0.0,7,58
3,71,6,3.0,8.060087471700198,0.0,7,58
3,71,7,2.8,9.975146428725909,0.0,7,58
3,71,8,2.8,10.491161780947456,0.0,7,58
3,71,9,2.8,14.242882698300239,0.0,7,58
3,71,10,2.8,14.429815923092077,0.0,7,58
3,71,11,2.8,12.232900449987763,0.0,7,58
3,71,12,2.8,10.29076384219802,0.0,7,58
3,71,13,2.8,10.417807225930805,0.0,7,58
3,71,14,2.8,10.001603344716123,0.0,7,58
3,71,15,2.8,12.414426121242116,0.0,7,58
3,71,16,2.8,10.206437661007506,0.0,7,58
3,71,17,2.8,17.86221114976878,0.0,7,58
3,71,18,3.0,8.858575875257676,0.0,7,58
3,71,19,2.8,12.215416335964585,0.0,7,58
3,71,20,2.8,10.082245966803717,0.0,7,58
3,71,21,2.8,9.652811340293516,0.0,7,58
3,71,22,2.8,10.490221918799195,0.0,7,58
1,72,1,4.6,8.759994230581102,0.0,7,58
1,72,2,3.8,8.262946772931203,0.0,7,58
1,72,3,3.6,7.596142018131831,0.0,7,58
1,72,4,3.0,12.45364729400269,0.0,7,58
1,72,5,3.2,8.533127450704916,0.0,7,58
1,72,6,2.8,9.812586161353082,0.0,7,58
1,72,7,2.8,12.16651546588711,0.0,7,58
1,72,8,2.8,11.147642880018708,0.0,7,58
1,72,9,2.8,10.652373810434451,0.0,7,58
1,72,10,2.8,15.341448457207647,0.0,7,58
1,72,11,2.8,15.782443819684737,0.0,7,58
1,72,12,2.8,9.7381504617377,0.0,7,58
1,72,13,2.8,14.796352508486745,0.0,7,58
1,72,14,2.8,15.026473778600964,0.0,7,58
1,72,15,2.8,11.397939868079565,0.0,7,58
1,72,16,2.8,11.739405312885115,0.0,7,58
1,72,17,3.2,9.81130136410558,0.0,7,58
1,72,18,3.2,8.789549220682005,0.0,7,58
1,72,19,3.2,9.137134340590617,0.0,7,58
1,72,20,3.4,8.376223059693219,0.0,7,58
2,72,1,3.0,14.086169600323304,0.0,7,58
2,72,2,2.8,10.949832899258858,0.0,7,58
2,72,3,3.8,8.779598047676116,0.125,7,58
2,72,4,2.8,10.290544719283025,0.0,7,58
2,72,5,2.8,10.801078598444592,0.0,7,58
2,72,6,2.8,12.070755881792877,0.0,7,58
2,72,7,3.6,8.619932249171276,0.125,7,58
2,72,8,3.0,10.776375133803255,0.0,7,58
2,72,9,2.8,12.786679154145602,0.0,7,58
2,72,10,2.8,12.05760993043888,0.0,7,58
2,72,11,2.8,14.979432333829086,0.0,7,58
2,72,12,2.8,9.876588700387337,0.0,7,58
2,72,13,2.8,11.197772503513704,0.0,7,58
2,72,14,2.8,13.846892563482871,0.0,7,58
2,72,15,3.6,8.458273267619061,0.125,7,58
2,72,16,2.8,10.882980932770865,0.0,7,58
2,72,17,2.8,9.992748794612286,0.0,7,58
2,72,18,2.8,14.29112380355233,0.0,7,58
2,72,19,2.8,9.320595848288747,0.0,7,58
2,72,20,3.0,8.101614944778843,0.0,7,58
2,72,21,2.8,12.42684978437377,0.0,6,58
3,72,1,2.8,9.956781223484555,0.0,7,58
3,72,2,2.8,10.427229188325562,0.0,7,58
3,72,3,2.8,10.179778142432017,0.0,7,58
3,72,4,2.8,12.073929019486448,0.0,7,58
3,72,5,2.8,10.800687467163774,0.0,7,58
3,72,6,2.8,10.047267288351655,0.0,7,58
3,72,7,2.8,9.81447150295465,0.0,7,58
3,72,8,2.8,11.47423667313344,0.0,7,58
3,72,9,2.8,12.178680664007791,0.0,7,58
3,72,10,2.8,14.270779212975594,0.0,7,58
3,72,11,2.8,11.852459081673949,0.0,7,58
3,72,12,3.2,10.851611993281564,0.0,7,58
3,72,13,3.0,10.460402271295425,0.0,7,58
3,72,14,3.0,10.939815940034094,0.0,7,58
3,72,15,2.8,11.252292353259078,0.0,7,58
3,72,16,3.0,10.021534225270461,0.0,7,58
3,72,17,2.8,13.848403886927619,0.0,7,58
3,72,18,2.8,10.217655221279049,0.0,7,58
3,72,19,2.8,12.105861820411167,0.0,7,58
3,72,20,2.8,11.575550512037948,0.0,7,58
3,72,21,2.8,10.392500176142583,0.0,7,58
3,72,22,2.8,9.198520755141873,0.0,7,58
1,73,1,4.6,9.117867913499238,0.0,7,58
1,73,2,3.6,11.21746046151992,0.0,7,58
1,73,3,3.2,8.445093201609163,0.0,7,58
1,73,4,3.2,12.69971263075161,0.0,7,58
1,73,5,3.0,8.810019837456585,0.0,7,58
1,73,6,3.0,10.758184946090935,0.0,7,58
1,73,7,2.8,10.780652565807205,0.0,7,58
1,73,8,2.8,10.81647698741648,0.0,7,58
1,73,9,2.8,11.868847848084044,0.0,7,58
1,73,10,2.8,15.543592255811477,0.0,7,58
1,73,11,2.8,14.9880565615631,0.0,7,58
1,73,12,2.8,10.442140499258048,0.0,7,58
1,73,13,2.8,20.684084150946546,0.0,7,58
1,73,14,2.8,12.863114477949726,0.0,7,58
1,73,15,2.8,11.55594915775712,0.0,7,58
1,73,16,2.8,13.531161357232817,0.0,7,58
1,73,17,3.0,8.346050909843003,0.0,7,58
1,73,18,3.2,8.251294500651754,0.0,7,58
1,73,19,3.0,13.558842232766107,0.0,7,58
1,73,20,3.2,9.202401471463086,0.0,7,58
2,73,1,3.4,13.237892825235857,0.0,7,58
2,73,2,3.8,9.063218073909413,0.0,7,58
2,73,3,3.4,10.585213564009974,0.0,7,58
2,73,4,3.2,9.645335271684964,0.0,7,58
2,73,5,2.8,9.802409925767703,0.0,7,58
2,73,6,2.8,12.29781125675078,0.0,7,58
2,73,7,3.4,8.948271780706516,0.0,7,58
2,73,8,2.8,11.727535682602158,0.0,7,58
2,73,9,2.8,13.684542680805842,0.0,7,58
2,73,10,2.8,10.567826991302082,0.0,7,58
2,73,11,2.8,10.912892258367147,0.0,7,58
2,73,12,2.8,13.250905848273371,0.0,7,58
2,73,13,2.8,13.421792533917834,0.0,7,58
2,73,14,2.8,9.980148670226763,0.0,7,58
2,73,15,3.0,10.288404186058395,0.0,7,58
2,73,16,3.0,10.476482783620598,0.0,7,58
2,73,17,2.8,12.898905333327756,0.0,7,58
2,73,18,3.0,11.87876697867048,0.0,7,58
2,73,19,3.0,8.126591659914647,0.0,7,58
2,73,20,2.8,8.121329674426743,0.0,7,58
2,73,21,2.5,13.086120982886488,0.0,4,58
3,73,1,2.8,10.155166882901186,0.0,7,58
3,73,2,2.8,11.979404376242407,0.0,7,58
3,73,3,2.8,10.146003844405664,0.0,7,58
3,73,4,2.8,11.088850892677506,0.0,7,58
3,73,5,2.8,11.577608455507221,0.0,7,58
3,73,6,2.8,10.014365131100186,0.0,7,58
3,73,7,2.8,9.292564019092838,0.0,7,58
3,73,8,2.8,9.30873244272776,0.0,7,58
3,73,9,2.8,15.71462803367878,0.0,7,58
3,73,10,2.8,11.636979773914623,0.0,7,58
3,73,11,2.8,11.180774984872947,0.0,7,58
3,73,12,3.6,8.281216811572524,0.125,7,58
3,73,13,2.8,10.32745418299887,0.0,7,58
3,73,14,3.0,9.944114711458385,0.0,7,58
3,73,15,2.8,16.080986493498408,0.0,7,58
3,73,16,3.2,10.76309178124393,0.0,7,58
3,73,17,2.8,12.764516254695337,0.0,7,58
3,73,18,2.8,10.046257987117908,0.0,7,58
3,73,19,2.8,12.626960954392509,0.0,7,58
3,73,20,2.8,8.846384375505318,0.0,7,58
3,73,21,2.8,11.198782283177682,0.0,7,58
3,73,22,2.8,11.577806811327575,0.0,7,58
1,74,1,4.6,8.452799829960256,0.0,7,58
1,74,2,3.8,11.174144661027368,0.0,7,58
1,74,3,3.4,8.032406157359885,0.0,7,58
1,74,4,3.0,12.769154231488486,0.0,7,58
1,74,5,3.0,9.270508066679005,0.0,7,58
1,74,6,2.8,10.027548801498659,0.0,7,58
1,74,7,2.8,12.298847105961194,0.0,7,58
1,74,8,2.8,13.269810963389565,0.0,7,58
1,74,9,2.8,10.376857068335438,0.0,7,58
1,74,10,2.8,15.829405883439733,0.0,7,58
1,74,11,2.8,18.368938307390025,0.0,7,58
1,74,12,2.8,9.893535322656962,0.0,7,58
1,74,13,2.8,17.970094347529034,0.0,7,58
1,74,14,2.8,10.435159604642479,0.0,7,58
1,74,15,2.8,9.969185409355724,0.0,7,58
1,74,16,2.8,13.09025798577261,0.0,7,58
1,74,17,2.8,9.286603338224447,0.0,7,58
1,74,18,3.4,7.976847570903487,0.0,7,58
1,74,19,3.2,9.948230551195653,0.0,7,58
1,74,20,3.0,9.618119079788295,0.0,7,58
1,74,21,2.5,10.988965707373268,0.0,4,58
2,74,1,2.8,14.656462676564008,0.0,7,58
2,74,2,2.8,9.637153671609052,0.0,7,58
2,74,3,3.8,8.682376069942164,0.125,7,58
2,74,4,2.8,12.706655632699864,0.0,7,58
2,74,5,2.8,9.845377800760152,0.0,7,58
2,74,6,2.8,9.940175104049457,0.0,7,58
2,74,7,3.2,10.355281889845829,0.0,7,58
2,74,8,3.2,9.854655055423885,0.0,7,58
2,74,9,2.8,13.949158684631108,0.0,7,58
2,74,10,2.8,10.70241343773951,0.0,7,58
2,74,11,2.8,12.953511302527781,0.0,7,58
2,74,12,2.8,11.668630272027219,0.0,7,58
2,74,13,2.8,13.530791389021198,0.0,7,58
2,74,14,2.8,12.34403158226719,0.0,7,58
2,74,15,3.0,9.614575533850779,0.0,7,58
2,74,16,2.8,12.342604481792849,0.0,7,58
2,74,17,2.8,11.223071579483468,0.0,7,58
2,74,18,2.8,12.880952162677755,0.0,7,58
2,74,19,3.0,10.361177078566534,0.0,7,58
2,74,20,2.8,8.120172576724084,0.0,7,58
2,74,21,3.0,8.259237137701573,0.0,7,58
3,74,1,3.6,7.266605985537425,0.0,7,58
3,74,2,3.4,10.156480955460756,0.0,7,58
3,74,3,3.2,9.06761918179578,0.0,7,58
3,74,4,2.8,9.127458729423862,0.0,7,58
3,74,5,3.2,8.514169681100515,0.0,7,58
3,74,6,2.8,9.492440506874496,0.0,7,58
3,74,7,3.0,13.47042736243861,0.0,7,58
3,74,8,3.0,10.162707132221223,0.0,7,58
3,74,9,2.8,10.74518741949299,0.0,7,58
3,74,10,2.8,12.361562935699034,0.0,7,58
3,74,11,3.0,10.765355659582458,0.0,7,58
3,74,12,3.0,10.667867973964228,0.0,7,58
3,74,13,3.0,11.180766209759588,0.0,7,58
3,74,14,2.8,12.912404362620338,0.0,7,58
3,74,15,3.0,10.39743239305109,0.0,7,58
3,74,16,2.8,13.512641069158256,0.0,7,58
3,74,17,2.8,13.147025494532002,0.0,7,58
3,74,18,2.8,13.021646155714267,0.0,7,58
3,74,19,2.8,10.47957642065145,0.0,7,58
3,74,20,2.8,10.01640519901225,0.0,7,58
3,74,21,3.0,10.104407713463049,0.0,7,58
1,75,1,4.2,9.208580330348862,0.0,7,58
1,75,2,4.0,10.503591355504602,0.0,7,58
1,75,3,3.4,7.982836003759429,0.0,7,58
1,75,4,3.0,11.858015829653617,0.0,7,58
1,75,5,3.2,8.820503855926685,0.0,7,58
1,75,6,2.8,12.175091246460868,0.0,7,58
1,75,7,2.8,12.660603081639989,0.0,7,58
1,75,8,2.8,11.303417282737028,0.0,7,58
1,75,9,2.8,11.41903002949182,0.0,7,58
1,75,10,2.8,13.166302374115283,0.0,7,58
1,75,11,2.8,16.328251005329587,0.0,7,58
1,75,12,2.8,9.893535322656998,0.0,7,58
1,75,13,2.8,21.495697933845605,0.0,7,58
1,75,14,3.0,12.360175084588205,0.0,7,58
1,75,15,3.0,11.68194133024708,0.0,7,58
1,75,16,2.8,10.930255583822923,0.0,7,58
1,75,17,3.2,8.075701239320793,0.0,7,58
1,75,18,3.0,9.82740166554705,0.0,7,58
1,75,19,2.8,12.625656650638925,0.0,7,58
1,75,20,3.0,10.398152231670178,0.0,7,58
1,75,21,2.0,13.25285338767146,0.0,5,58
2,75,1,3.0,11.076055034036898,0.0,7,58
2,75,2,2.8,10.871975668118317,0.0,7,58
2,75,3,3.4,9.965297560722979,0.0,7,58
2,75,4,3.4,8.955015784701612,0.0,7,58
2,75,5,2.8,10.269938137258515,0.0,7,58
2,75,6,2.8,10.497475002068645,0.0,7,58
2,75,7,3.2,9.574024128765913,0.0,7,58
2,75,8,3.2,10.955278811279923,0.0,7,58
2,75,9,2.8,11.033564923782501,0.0,7,58
2,75,10,2.8,10.956049350476533,0.0,7,58
2,75,11,2.8,13.986060683401744,0.0,7,58
2,75,12,2.8,13.174062829761384,0.0,7,58
2,75,13,2.8,12.40112110721971,0.0,7,58
2,75,14,2.8,12.118422152768819,0.0,7,58
2,75,15,3.0,9.560586473146962,0.0,7,58
2,75,16,3.0,10.565868667823487,0.0,7,58
2,75,17,2.8,10.580344177134588,0.0,7,58
2,75,18,3.0,11.715541219808252,0.0,7,58
2,75,19,3.0,10.049421549514141,0.0,7,58
2,75,20,2.8,7.959360110522654,0.0,7,58
2,75,21,3.0,10.587438430910172,0.0,7,58
3,75,1,3.0,9.933273206329694,0.0,7,58
3,75,2,2.8,12.129593927323745,0.0,7,58
3,75,3,2.8,12.13785513324852,0.0,7,58
3,75,4,2.8,10.252737708563883,0.0,7,58
3,75,5,2.8,12.13685896245655,0.0,7,58
3,75,6,2.8,9.603863754708659,0.0,7,58
3,75,7,3.0,11.344796084619226,0.0,7,58
3,75,8,2.8,9.833334324345337,0.0,7,58
3,75,9,3.0,14.473939357194624,0.0,7,58
3,75,10,2.8,11.478723038923516,0.0,7,58
3,75,11,2.8,11.180245807056531,0.0,7,58
3,75,12,3.0,11.118557386594588,0.0,7,58
3,75,13,3.2,9.303367440173314,0.0,7,58
3,75,14,2.8,8.631384915866478,0.0,7,58
3,75,15,2.8,18.49107587348793,0.0,7,58
3,75,16,3.0,10.785104782040266,0.0,7,58
3,75,17,2.8,11.758375923251467,0.0,7,58
3,75,18,2.8,11.83468808501668,0.0,7,58
3,75,19,2.8,11.79875751402989,0.0,7,58
3,75,20,2.8,9.346584099380195,0.0,7,58
3,75,21,2.8,9.67524155253207,0.0,7,58
3,75,22,2.8,10.839143123023588,0.0,6,58
1,76,1,4.6,8.622121141038624,0.0,7,58
1,76,2,4.0,8.714552316418978,0.0,7,58
1,76,3,3.4,7.9175867097892745,0.0,7,58
1,76,4,3.0,11.912052211167776,0.0,7,58
1,76,5,3.0,9.46584359930205,0.0,7,58
1,76,6,3.0,9.260886053622517,0.0,7,58
1,76,7,2.8,13.78019988275936,0.0,7,58
1,76,8,2.8,13.256685371295143,0.0,7,58
1,76,9,2.8,11.376343666774012,0.0,7,58
1,76,10,2.8,13.859503078168377,0.0,7,58
1,76,11,2.8,17.733081627396086,0.0,7,58
1,76,12,2.8,11.797092394750678,0.0,7,58
1,76,13,2.8,16.543004551243044,0.0,7,58
1,76,14,2.8,16.737691966367848,0.0,7,58
1,76,15,2.8,12.939874073782867,0.0,7,58
1,76,16,2.8,11.320389930539822,0.0,7,58
1,76,17,3.0,8.356646961576406,0.0,7,58
1,76,18,2.8,8.647915929668418,0.0,7,58
1,76,19,3.0,10.01941187467458,0.0,7,58
1,76,20,3.2,10.233864474354194,0.0,7,58
1,76,21,2.5,11.971349832745425,0.0,4,58
2,76,1,2.8,13.116322237603008,0.0,7,58
2,76,2,3.0,10.323384025465737,0.0,7,58
2,76,3,3.8,9.95091522421063,0.125,7,58
2,76,4,3.0,10.260298046041175,0.0,7,58
2,76,5,2.8,10.03405582510567,0.0,7,58
2,76,6,2.8,9.160976318586204,0.0,7,58
2,76,7,3.2,9.52927355923067,0.0,7,58
2,76,8,2.8,12.903032077197206,0.0,7,58
2,76,9,2.8,13.949158684631035,0.0,7,58
2,76,10,2.8,10.740000555393316,0.0,7,58
2,76,11,2.8,10.957665447923912,0.0,7,58
2,76,12,2.8,11.302066403554075,0.0,7,58
2,76,13,2.8,11.039634567558208,0.0,7,58
2,76,14,2.8,12.546611533766885,0.0,7,58
2,76,15,3.0,9.307321819867791,0.0,7,58
2,76,16,2.8,12.19494514490356,0.0,7,58
2,76,17,2.8,11.518993615266881,0.0,7,58
2,76,18,2.8,11.67602180913777,0.0,7,58
2,76,19,2.8,11.47320516744347,0.0,7,58
2,76,20,2.8,8.336887946823097,0.0,7,58
2,76,21,3.0,9.605427985291282,0.0,7,58
3,76,1,2.8,9.333787420290966,0.0,7,58
3,76,2,2.8,10.872081509235228,0.0,7,58
3,76,3,2.8,12.641547880856974,0.0,7,58
3,76,4,2.8,10.62645987179389,0.0,7,58
3,76,5,2.8,10.188926523957036,0.0,7,58
3,76,6,2.8,10.62315584466805,0.0,7,58
3,76,7,2.8,10.977041647458911,0.0,7,58
3,76,8,3.0,9.771210364399268,0.0,7,58
3,76,9,3.0,16.337903684981235,0.0,7,58
3,76,10,2.8,12.852965573021004,0.0,7,58
3,76,11,2.8,14.391778853348667,0.0,7,58
3,76,12,3.2,9.972953157539806,0.0,7,58
3,76,13,3.0,11.303247456326776,0.0,7,58
3,76,14,3.2,8.675537299049791,0.0,7,58
3,76,15,3.0,14.374477664387776,0.0,7,58
3,76,16,3.0,14.320203072982746,0.0,7,58
3,76,17,2.8,10.967056760199842,0.0,7,58
3,76,18,2.8,10.82421379549073,0.0,7,58
3,76,19,2.8,11.591577069886972,0.0,7,58
3,76,20,2.8,8.920644665260824,0.0,7,58
3,76,21,3.0,9.292448704299565,0.0,7,58
3,76,22,2.2,14.73313754845045,0.0,5,58
1,77,1,4.6,8.48852075823274,0.0,7,58
1,77,2,3.8,10.456713703175307,0.0,7,58
1,77,3,3.4,7.91633313594178,0.0,7,58
1,77,4,3.0,11.79444903873115,0.0,7,58
1,77,5,3.0,8.967018906173958,0.0,7,58
1,77,6,2.8,10.55443894310101,0.0,7,58
1,77,7,2.8,12.767903859586387,0.0,7,58
1,77,8,2.8,11.282254414338844,0.0,7,58
1,77,9,2.8,10.521805991530162,0.0,7,58
1,77,10,2.8,16.478709705229438,0.0,7,58
1,77,11,2.8,16.87701476941378,0.0,7,58
1,77,12,2.8,11.034914404165775,0.0,7,58
1,77,13,2.8,15.052408145797637,0.0,7,58
1,77,14,2.8,10.563204331669954,0.0,7,58
1,77,15,3.0,10.106123273592416,0.0,7,58
1,77,16,2.8,11.468958471576649,0.0,7,58
1,77,17,3.2,8.213984662987194,0.0,7,58
1,77,18,2.8,9.345308518704298,0.0,7,58
1,77,19,3.2,9.120138096727102,0.0,7,58
1,77,20,3.0,10.488645119767096,0.0,7,58
1,77,21,2.5,11.653037228204463,0.0,4,58
2,77,1,2.8,13.922470945291337,0.0,7,58
2,77,2,3.0,9.417342115844221,0.0,7,58
2,77,3,3.2,10.797730048957737,0.0,7,58
2,77,4,3.2,9.287654374382646,0.0,7,58
2,77,5,2.8,9.13921397110028,0.0,7,58
2,77,6,2.8,9.907969482085795,0.0,7,58
2,77,7,3.0,12.376548463522097,0.0,7,58
2,77,8,3.0,10.435924081685725,0.0,7,58
2,77,9,2.8,14.516128453343597,0.0,7,58
2,77,10,2.8,12.533942340264717,0.0,7,58
2,77,11,3.0,8.79098578891902,0.0,7,58
2,77,12,2.8,12.97414439344314,0.0,7,58
2,77,13,2.8,13.122788302108885,0.0,7,58
2,77,14,2.8,10.191427374584906,0.0,7,58
2,77,15,3.0,9.0705188737293,0.0,7,58
2,77,16,3.0,11.069883028063924,0.0,7,58
2,77,17,2.8,11.993341572811506,0.0,7,58
2,77,18,2.8,11.329950270512729,0.0,7,58
2,77,19,3.0,9.030258383005766,0.0,7,58
2,77,20,2.8,8.087958297599954,0.0,7,58
2,77,21,3.0,10.553784548424714,0.0,7,58
3,77,1,2.8,10.274585605035947,0.0,7,58
3,77,2,2.8,11.088910456562186,0.0,7,58
3,77,3,2.8,11.788726297668992,0.0,7,58
3,77,4,2.8,10.814353550881474,0.0,7,58
3,77,5,2.8,8.52693038831811,0.0,7,58
3,77,6,3.0,9.065135290735325,0.0,7,58
3,77,7,3.0,9.847045519834035,0.0,7,58
3,77,8,2.8,10.883194457807171,0.0,7,58
3,77,9,2.8,13.113020780215976,0.0,7,58
3,77,10,2.8,11.082885956762727,0.0,7,58
3,77,11,2.8,12.876772343827692,0.0,7,58
3,77,12,3.6,8.818894801530323,0.125,7,58
3,77,13,2.8,11.471549378938166,0.0,7,58
3,77,14,2.8,10.268992156939712,0.0,7,58
3,77,15,2.8,15.854707441520077,0.0,7,58
3,77,16,2.8,10.334083400748844,0.0,7,58
3,77,17,2.8,14.199442680179011,0.0,7,58
3,77,18,3.0,11.842237504986684,0.0,7,58
3,77,19,2.8,13.460660291691982,0.0,7,58
3,77,20,2.8,8.490255205005125,0.0,7,58
3,77,21,2.8,9.599314760124091,0.0,7,58
3,77,22,2.8,10.781819811003619,0.0,7,58
1,78,1,4.6,7.898810779477064,0.0,7,58
1,78,2,3.6,9.471897176057054,0.0,7,58
1,78,3,3.2,9.234531180341351,0.0,7,58
1,78,4,3.0,14.689824227809291,0.0,7,58
1,78,5,3.0,9.18021664270156,0.0,7,58
1,78,6,2.8,9.547723668223053,0.0,7,58
1,78,7,2.8,11.78319155758333,0.0,7,58
1,78,8,2.8,10.026685061769502,0.0,7,58
1,78,9,2.8,15.687238121569143,0.0,7,58
1,78,10,2.8,12.21674003167899,0.0,7,58
1,78,11,2.8,13.407707064080551,0.0,7,58
1,78,12,2.8,11.95919048238126,0.0,7,58
1,78,13,2.8,13.033180170080461,0.0,7,58
1,78,14,3.0,10.038178358569624,0.0,7,58
1,78,15,2.8,11.973394563468942,0.0,7,58
1,78,16,2.8,13.024584173563913,0.0,7,58
1,78,17,3.0,8.593359043914791,0.0,7,58
1,78,18,3.2,7.801718288067587,0.0,7,58
1,78,19,3.2,10.471352087571606,0.0,7,58
1,78,20,3.2,9.70637293842449,0.0,7,58
1,78,21,2.5,10.509826979879417,0.0,4,58
2,78,1,3.2,12.467164875789772,0.0,7,58
2,78,2,2.8,9.899721546806694,0.0,7,58
2,78,3,3.8,9.001769802159686,0.0,7,58
2,78,4,3.2,8.254209241381917,0.0,7,58
2,78,5,2.8,12.222797406389496,0.0,7,58
2,78,6,2.8,9.50517566299624,0.0,7,58
2,78,7,3.2,9.74283322010288,0.0,7,58
2,78,8,2.8,10.430653733171411,0.0,7,58
2,78,9,2.8,11.576554540611989,0.0,7,58
2,78,10,2.8,11.688905743535297,0.0,7,58
2,78,11,3.0,12.289001071841557,0.0,7,58
2,78,12,2.8,10.113308900771589,0.0,7,58
2,78,13,2.8,11.622937644037272,0.0,7,58
2,78,14,3.0,10.25678813847031,0.0,7,58
2,78,15,3.0,10.61011307312879,0.0,7,58
2,78,16,3.2,11.571749769983592,0.0,7,58
2,78,17,2.8,10.33435333146849,0.0,7,58
2,78,18,3.0,14.461568577510429,0.0,7,58
2,78,19,2.8,9.963596991624039,0.0,7,58
2,78,20,2.8,8.338401906572027,0.0,7,58
2,78,21,2.6,12.43585152557679,0.0,6,58
3,78,1,3.2,8.658211525941141,0.0,7,58
3,78,2,2.8,11.97001929279431,0.0,7,58
3,78,3,2.8,15.205306786068606,0.0,7,58
3,78,4,2.8,10.273917339323122,0.0,7,58
3,78,5,2.8,12.05163928114554,0.0,7,58
3,78,6,2.8,9.758661249355695,0.0,7,58
3,78,7,3.0,8.994160260152576,0.0,7,58
3,78,8,2.8,9.44573347861982,0.0,7,58
3,78,9,3.0,12.779070187209655,0.0,7,58
3,78,10,2.8,9.955049702959908,0.0,7,58
3,78,11,2.8,11.597490579849438,0.0,7,58
3,78,12,3.6,7.632827218457264,0.125,7,58
3,78,13,2.8,10.071834506946939,0.0,7,58
3,78,14,2.8,10.85849933790858,0.0,7,58
3,78,15,2.8,14.825656702839321,0.0,7,58
3,78,16,3.0,11.45132709318616,0.0,7,58
3,78,17,2.8,11.92967531538287,0.0,7,58
3,78,18,2.8,10.091933106385268,0.0,7,58
3,78,19,2.8,11.375974400697334,0.0,7,58
3,78,20,2.8,9.386106001720192,0.0,7,58
3,78,21,2.8,10.07054132991871,0.0,7,58
3,78,22,2.4,16.05361383134855,0.0,6,58
1,79,1,4.6,8.199757512286347,0.0,7,58
1,79,2,3.8,9.281047689287936,0.0,7,58
1,79,3,3.4,8.35538881567377,0.0,7,58
1,79,4,3.0,13.951700525438932,0.0,7,58
1,79,5,3.0,8.583824591971638,0.0,7,58
1,79,6,3.0,9.72762547322716,0.0,7,58
1,79,7,2.8,9.252021052294317,0.0,7,58
1,79,8,2.8,12.910276160192572,0.0,7,58
1,79,9,2.8,9.960457541164018,0.0,7,58
1,79,10,2.8,13.895691010509054,0.0,7,58
1,79,11,2.8,15.852135514968353,0.0,7,58
1,79,12,2.8,10.645504067383628,0.0,7,58
1,79,13,2.8,14.080193475065267,0.0,7,58
1,79,14,2.8,12.929957310413327,0.0,7,58
1,79,15,3.0,12.428866546282798,0.0,7,58
1,79,16,2.8,13.77956454474769,0.0,7,58
1,79,17,3.2,9.654117458347741,0.0,7,58
1,79,18,3.0,8.286773274430253,0.0,7,58
1,79,19,3.2,10.225587123669992,0.0,7,58
1,79,20,3.0,10.743608041979927,0.0,7,58
2,79,1,4.0,9.202837490953941,0.0,7,58
2,79,2,3.0,14.562035953105553,0.0,7,58
2,79,3,3.4,11.105891104503236,0.0,7,58
2,79,4,3.8,6.99258973217442,0.0,7,58
2,79,5,2.8,11.542852787866751,0.0,7,58
2,79,6,3.0,10.250249810606968,0.0,7,58
2,79,7,3.4,9.405088375425079,0.0,7,58
2,79,8,3.0,11.602453505040447,0.0,7,58
2,79,9,2.8,11.9619892664184,0.0,7,58
2,79,10,2.8,9.783407103129317,0.0,7,58
2,79,11,2.8,12.715410835749273,0.0,7,58
2,79,12,2.8,12.127801343253179,0.0,7,58
2,79,13,2.8,10.841942482392678,0.0,7,58
2,79,14,2.8,9.628035314195744,0.0,7,58
2,79,15,3.2,9.636188718073273,0.0,7,58
2,79,16,2.8,12.192202506822575,0.0,7,58
2,79,17,2.8,9.400353923734565,0.0,7,58
2,79,18,3.2,10.514495462193594,0.0,7,58
2,79,19,2.8,8.41720222596186,0.0,7,58
2,79,20,3.0,9.500978549614143,0.0,7,58
3,79,1,3.8,6.547746012667844,0.0,7,58
3,79,2,3.0,11.305833736291623,0.0,7,58
3,79,3,3.0,12.495022880801093,0.0,7,58
3,79,4,2.8,9.190683929740175,0.0,7,58
3,79,5,2.8,9.6938466940953,0.0,7,58
3,79,6,2.8,8.130688258229206,0.0,7,58
3,79,7,3.0,13.046143583975079,0.0,7,58
3,79,8,2.8,10.327817432121433,0.0,7,58
3,79,9,2.8,12.366781185901857,0.0,7,58
3,79,10,2.8,12.414025654832507,0.0,7,58
3,79,11,3.0,9.10895518110877,0.0,7,58
3,79,12,2.8,15.919594503943452,0.0,7,58
3,79,13,3.0,10.939399140201617,0.0,7,58
3,79,14,2.8,11.006606451173688,0.0,7,58
3,79,15,3.0,11.021862158551547,0.0,7,58
3,79,16,2.8,15.298682196150335,0.0,7,58
3,79,17,2.8,9.006721547486752,0.0,7,58
3,79,18,2.8,10.37311992350794,0.0,7,58
3,79,19,2.8,13.323423162844998,0.0,7,58
3,79,20,2.8,8.422199259106081,0.0,7,58
3,79,21,3.0,12.104631010098387,0.0,7,58
3,79,22,2.25,14.648898927505167,0.0,4,58
1,80,1,4.6,7.993105778836227,0.0,7,58
1,80,2,3.8,11.321094675678568,0.0,7,58
1,80,3,3.4,8.705433886004421,0.0,7,58
1,80,4,3.0,12.582517721284617,0.0,7,58
1,80,5,3.0,9.270508066679001,0.0,7,58
1,80,6,2.8,9.97773874330728,0.0,7,58
1,80,7,2.8,11.457047895810893,0.0,7,58
1,80,8,2.8,10.758543529854393,0.0,7,58
1,80,9,2.8,11.594802739430158,0.0,7,58
1,80,10,2.8,14.81740913391247,0.0,7,58
1,80,11,2.8,14.012215592296753,0.0,7,58
1,80,12,2.8,10.682790846238406,0.0,7,58
1,80,13,2.8,23.326277230028392,0.0,7,58
1,80,14,2.8,10.713443662244142,0.0,7,58
1,80,15,2.8,12.568222133123113,0.0,7,58
1,80,16,2.8,15.089799323278596,0.0,7,58
1,80,17,3.0,8.695297651008774,0.0,7,58
1,80,18,2.8,10.560087205575263,0.0,7,58
1,80,19,3.2,11.24427926840152,0.0,7,58
1,80,20,2.8,9.884656339598008,0.0,7,58
1,80,21,2.6,10.042020692666084,0.0,5,58
2,80,1,3.0,13.290330898714592,0.0,7,58
2,80,2,2.8,12.2676091379349,0.0,7,58
2,80,3,3.4,10.849148281539321,0.0,7,58
2,80,4,3.4,9.64713995306778,0.0,7,58
2,80,5,2.8,12.292808320601507,0.0,7,58
2,80,6,2.8,10.515523403559621,0.0,7,58
2,80,7,3.2,10.062313245421656,0.0,7,58
2,80,8,3.4,8.94751633765471,0.0,7,58
2,80,9,2.8,12.701719522936369,0.0,7,58
2,80,10,2.8,11.188687783884125,0.0,7,58
2,80,11,2.8,16.0602326400624,0.0,7,58
2,80,12,2.8,13.075341908070982,0.0,7,58
2,80,13,2.8,9.86135385753411,0.0,7,58
2,80,14,2.8,10.906752377321313,0.0,7,58
2,80,15,3.0,9.416017397186963,0.0,7,58
2,80,16,2.8,11.828859967664457,0.0,7,58
2,80,17,2.8,10.747676519932774,0.0,7,58
2,80,18,3.0,13.681002761230717,0.0,7,58
2,80,19,2.8,10.253471729336642,0.0,7,58
2,80,20,2.8,8.376815086492655,0.0,7,58
2,80,21,3.0,10.104646224284743,0.0,7,58
3,80,1,3.8,7.6924534417831305,0.0,7,58
3,80,2,3.4,11.153333555477952,0.0,7,58
3,80,3,3.2,10.476899576653107,0.0,7,58
3,80,4,2.8,11.643919490917153,0.0,7,58
3,80,5,3.0,8.586335385270477,0.0,7,58
3,80,6,2.8,9.124250960545677,0.0,7,58
3,80,7,3.0,11.898131123711691,0.0,7,58
3,80,8,3.2,9.624869669746607,0.0,7,58
3,80,9,2.8,12.753172942621777,0.0,7,58
3,80,10,2.8,10.786406951815055,0.0,7,58
3,80,11,3.6,9.259083768225846,0.125,7,58
3,80,12,2.8,12.400395503152058,0.0,7,58
3,80,13,2.8,9.502940786612948,0.0,7,58
3,80,14,2.8,11.12943857577734,0.0,7,58
3,80,15,2.8,9.7590250356807,0.0,7,58
3,80,16,2.8,13.822383250407206,0.0,7,58
3,80,17,2.8,11.740932928755575,0.0,7,58
3,80,18,2.8,11.99154055557658,0.0,7,58
3,80,19,2.8,11.514011657431142,0.0,7,58
3,80,20,2.8,8.2180830909039,0.0,7,58
3,80,21,2.8,12.047604534572667,0.0,7,58
1,81,1,4.8,7.587058494282227,0.0,7,58
1,81,2,3.4,9.800761434785,0.0,7,58
1,81,3,3.6,7.06205240424032,0.0,7,58
1,81,4,3.2,11.222424156677722,0.0,7,58
1,81,5,3.0,8.552317547556928,0.0,7,58
1,81,6,3.0,8.674329344903137,0.0,7,58
1,81,7,2.8,11.406534438618989,0.0,7,58
1,81,8,2.8,12.135421126916198,0.0,7,58
1,81,9,2.8,11.6176011157527,0.0,7,58
1,81,10,2.8,19.265168876100947,0.0,7,58
1,81,11,2.8,14.668348495773666,0.0,7,58
1,81,12,2.8,10.803085212535043,0.0,7,58
1,81,13,2.8,15.362157837210894,0.0,7,58
1,81,14,2.8,13.571296956117564,0.0,7,58
1,81,15,2.8,12.562220684993562,0.0,7,58
1,81,16,2.8,11.091196919856936,0.0,7,58
1,81,17,3.6,7.533140007461302,0.0,7,58
1,81,18,3.0,8.683468677624772,0.0,7,58
1,81,19,2.8,11.184449132136127,0.0,7,58
1,81,20,3.0,8.659401779199806,0.0,7,58
1,81,21,2.0,21.023470236003206,0.0,4,58
2,81,1,2.8,15.511393171781428,0.0,7,58
2,81,2,2.8,13.220039665472697,0.0,7,58
2,81,3,3.6,8.441210729823887,0.0,7,58
2,81,4,3.4,9.912951272832311,0.0,7,58
2,81,5,2.8,10.989615659701805,0.0,7,58
2,81,6,2.8,10.32034101546414,0.0,7,58
2,81,7,3.2,9.269315687409033,0.0,7,58
2,81,8,2.8,14.701980032266555,0.0,7,58
2,81,9,2.8,12.419580435770866,0.0,7,58
2,81,10,2.8,11.443310969396503,0.0,7,58
2,81,11,3.0,11.95064765198902,0.0,7,58
2,81,12,2.8,11.938834230180829,0.0,7,58
2,81,13,2.8,10.35471126192154,0.0,7,58
2,81,14,2.8,9.51031996060564,0.0,7,58
2,81,15,3.0,7.967216723994976,0.0,7,58
2,81,16,3.0,10.95423644311897,0.0,7,58
2,81,17,2.8,11.485111940386831,0.0,7,58
2,81,18,2.8,12.402295875908209,0.0,7,58
2,81,19,3.0,12.255244861299573,0.0,7,58
2,81,20,2.8,7.601352952635333,0.0,7,58
2,81,21,3.0,10.069441030222016,0.0,7,58
3,81,1,2.8,9.55245642580407,0.0,7,58
3,81,2,3.0,11.08625718503764,0.0,7,58
3,81,3,2.8,10.281131533394223,0.0,7,58
3,81,4,2.8,10.218478362226756,0.0,7,58
3,81,5,2.8,9.572455149835216,0.0,7,58
3,81,6,2.8,9.514225440869792,0.0,7,58
3,81,7,2.8,9.662973868464572,0.0,7,58
3,81,8,2.8,10.669926248894125,0.0,7,58
3,81,9,2.8,13.062148724358826,0.0,7,58
3,81,10,2.8,10.456003465610909,0.0,7,58
3,81,11,2.8,11.967646653678957,0.0,7,58
3,81,12,3.6,9.537251823044164,0.125,7,58
3,81,13,2.8,11.452791945860351,0.0,7,58
3,81,14,2.8,8.185664767909598,0.0,7,58
3,81,15,2.8,20.163083970676738,0.0,7,58
3,81,16,3.2,10.450452138580783,0.0,7,58
3,81,17,2.8,13.556726058019946,0.0,7,58
3,81,18,3.0,9.379309871709696,0.0,7,58
3,81,19,2.8,11.569649740606447,0.0,7,58
3,81,20,2.8,9.832437739530508,0.0,7,58
3,81,21,2.8,12.013572998045632,0.0,7,58
3,81,22,2.6,16.00732745358919,0.0,6,58
1,82,1,4.6,8.941978717947924,0.0,7,58
1,82,2,4.0,8.614884848012856,0.0,7,58
1,82,3,3.2,9.782394576968798,0.0,7,58
1,82,4,2.8,13.106958666529382,0.0,7,58
1,82,5,3.2,8.086629811216216,0.0,7,58
1,82,6,2.8,10.01089028329174,0.0,7,58
1,82,7,2.8,13.727750390308112,0.0,7,58
1,82,8,2.8,11.69839954946931,0.0,7,58
1,82,9,2.8,13.73553786862715,0.0,7,58
1,82,10,2.8,14.290331348542638,0.0,7,58
1,82,11,2.8,20.285877953867267,0.0,7,58
1,82,12,2.8,13.478411015333826,0.0,7,58
1,82,13,2.8,13.292616640141913,0.0,7,58
1,82,14,2.8,12.515804593935309,0.0,7,58
1,82,15,3.0,12.95154251937347,0.0,7,58
1,82,16,2.8,12.809870515030484,0.0,7,58
1,82,17,3.2,7.379138382220623,0.0,7,58
1,82,18,3.0,8.265182818822309,0.0,7,58
1,82,19,3.0,11.274745158156046,0.0,7,58
1,82,20,3.0,10.693381980140055,0.0,7,58
1,82,21,2.5,10.60228271013722,0.0,4,58
2,82,1,3.0,14.25026975979012,0.0,7,58
2,82,2,2.8,12.78029802920325,0.0,7,58
2,82,3,3.8,9.079362995821276,0.125,7,58
2,82,4,2.8,13.19995621563001,0.0,7,58
2,82,5,2.8,11.556181621985505,0.0,7,58
2,82,6,2.8,10.869451346261506,0.0,7,58
2,82,7,3.2,9.688551379218183,0.0,7,58
2,82,8,2.8,11.742727633586783,0.0,7,58
2,82,9,2.8,11.26905744055789,0.0,7,58
2,82,10,2.8,11.357969526168281,0.0,7,58
2,82,11,3.0,8.85680821604413,0.0,7,58
2,82,12,2.8,12.352037351384437,0.0,7,58
2,82,13,2.8,12.231876964335695,0.0,7,58
2,82,14,2.8,13.253504274994993,0.0,7,58
2,82,15,3.0,9.279080650463685,0.0,7,58
2,82,16,3.2,11.629761661445349,0.0,7,58
2,82,17,2.8,11.550180057806605,0.0,7,58
2,82,18,3.0,14.866649250135037,0.0,7,58
2,82,19,3.0,8.752531298445684,0.0,7,58
2,82,20,2.8,8.308537561999216,0.0,7,58
2,82,21,3.0,11.665791594564661,0.0,7,58
3,82,1,2.8,8.375188848916833,0.0,7,58
3,82,2,2.8,10.75734750564021,0.0,7,58
3,82,3,2.8,11.54396785646612,0.0,7,58
3,82,4,2.8,9.134597158520924,0.0,7,58
3,82,5,2.8,9.876318502011811,0.0,7,58
3,82,6,2.8,9.545481041637704,0.0,7,58
3,82,7,2.8,10.36325366569959,0.0,7,58
3,82,8,3.0,11.121575689093792,0.0,7,58
3,82,9,2.8,11.491451466830899,0.0,7,58
3,82,10,2.8,9.755534229939506,0.0,7,58
3,82,11,2.8,11.452239984004208,0.0,7,58
3,82,12,3.6,8.574553409319442,0.125,7,58
3,82,13,3.0,10.153864527596006,0.0,7,58
3,82,14,3.0,8.855354554432937,0.0,7,58
3,82,15,3.0,16.64319123779517,0.0,7,58
3,82,16,2.8,12.232776483773758,0.0,7,58
3,82,17,2.8,12.896902007893075,0.0,7,58
3,82,18,2.8,13.890348387744854,0.0,7,58
3,82,19,2.8,12.389966102213103,0.0,7,58
3,82,20,2.8,8.967460049614436,0.0,7,58
3,82,21,2.8,9.58488463494322,0.0,7,58
3,82,22,2.6,12.505298895454112,0.0,6,58
1,83,1,4.8,8.389864991967718,0.0,7,58
1,83,2,3.6,9.76767966507487,0.0,7,58
1,83,3,3.4,8.207448324680957,0.0,7,58
1,83,4,3.2,9.535410624953077,0.0,7,58
1,83,5,3.2,7.9374208765933565,0.0,7,58
1,83,6,2.8,9.32659809424046,0.0,7,58
1,83,7,2.8,10.641125121672987,0.0,7,58
1,83,8,2.8,12.513420457076894,0.0,7,58
1,83,9,2.8,11.419460531027555,0.0,7,58
1,83,10,2.8,11.774324448881755,0.0,7,58
1,83,11,2.8,18.16061864245662,0.0,7,58
1,83,12,2.8,10.707110028494156,0.0,7,58
1,83,13,2.8,16.144126326919988,0.0,7,58
1,83,14,2.8,14.278759403319404,0.0,7,58
1,83,15,3.0,10.731173703315282,0.0,7,58
1,83,16,2.8,13.820815559447311,0.0,7,58
1,83,17,3.2,8.41497047073071,0.0,7,58
1,83,18,2.8,9.834778236186517,0.0,7,58
1,83,19,3.0,12.235006461764277,0.0,7,58
1,83,20,3.0,10.972467077296752,0.0,7,58
2,83,1,3.0,14.48653987433032,0.0,7,58
2,83,2,3.0,9.798453484810302,0.0,7,58
2,83,3,4.0,8.091375333972223,0.125,7,58
2,83,4,3.0,10.409993511277568,0.0,7,58
2,83,5,2.8,15.66683179484206,0.0,7,58
2,83,6,2.8,10.323407542023888,0.0,7,58
2,83,7,3.4,9.528029829397353,0.0,7,58
2,83,8,2.8,13.167592567246496,0.0,7,58
2,83,9,2.8,9.920412072519547,0.0,7,58
2,83,10,2.8,10.515406902595192,0.0,7,58
2,83,11,2.8,15.530090684280086,0.0,7,58
2,83,12,2.8,12.828513635591545,0.0,7,58
2,83,13,2.8,10.523061675507032,0.0,7,58
2,83,14,2.8,9.742699847749526,0.0,7,58
2,83,15,3.0,9.563247166871486,0.0,7,58
2,83,16,3.0,12.588131772656661,0.0,7,58
2,83,17,2.8,9.775974490899381,0.0,7,58
2,83,18,3.0,13.741454020941156,0.0,7,58
2,83,19,2.8,9.829921616250154,0.0,7,58
2,83,20,2.8,8.2827271603823,0.0,7,58
2,83,21,3.0,10.148255648704449,0.0,7,58
3,83,1,2.8,10.155166882901266,0.0,7,58
3,83,2,2.8,10.480834650344425,0.0,7,58
3,83,3,2.8,11.267497276927733,0.0,7,58
3,83,4,2.8,9.287174016683316,0.0,7,58
3,83,5,2.8,9.84452467298241,0.0,7,58
3,83,6,2.8,10.477567368092462,0.0,7,58
3,83,7,2.8,10.310841213156912,0.0,7,58
3,83,8,2.8,9.707657922645136,0.0,7,58
3,83,9,2.8,12.979909559480783,0.0,7,58
3,83,10,2.8,10.356193164395856,0.0,7,58
3,83,11,2.8,12.280841967920361,0.0,7,58
3,83,12,3.2,11.483212319281797,0.0,7,58
3,83,13,3.2,9.910117029082066,0.0,7,58
3,83,14,3.0,8.980439570805382,0.0,7,58
3,83,15,2.8,16.338740553095278,0.0,7,58
3,83,16,3.0,10.980476004152568,0.0,7,58
3,83,17,2.8,14.434016497987518,0.0,7,58
3,83,18,2.8,11.326150925527013,0.0,7,58
3,83,19,2.8,11.508215484385582,0.0,7,58
3,83,20,2.8,9.525005211794479,0.0,7,58
3,83,21,2.8,10.222293095144233,0.0,7,58
3,83,22,3.0,9.681559076859282,0.0,7,58
1,84,1,4.6,8.798364593900777,0.0,7,58
1,84,2,3.6,11.584043642805598,0.0,7,58
1,84,3,3.6,7.436814103151736,0.0,7,58
1,84,4,3.2,9.490358822659559,0.0,7,58
1,84,5,3.2,8.58173595450712,0.0,7,58
1,84,6,2.8,9.942101300345065,0.0,7,58
1,84,7,2.8,14.202411163542392,0.0,7,58
1,84,8,2.8,11.293892115407136,0.0,7,58
1,84,9,2.8,14.289909359280129,0.0,7,58
1,84,10,2.8,13.077489541902345,0.0,7,58
1,84,11,2.8,15.618818203425182,0.0,7,58
1,84,12,2.8,11.352595213370494,0.0,7,58
1,84,13,2.8,11.153849162591106,0.0,7,58
1,84,14,2.8,11.565663706499173,0.0,7,58
1,84,15,3.0,10.61772518258886,0.0,7,58
1,84,16,2.8,11.815485576312113,0.0,7,58
1,84,17,3.2,7.794548329671375,0.0,7,58
1,84,18,2.8,9.645867776905163,0.0,7,58
1,84,19,3.2,8.666693628542165,0.0,7,58
1,84,20,3.0,8.70946377748943,0.0,7,58
2,84,1,3.0,12.502464767797486,0.0,7,58
2,84,2,2.8,11.068732289015493,0.0,7,58
2,84,3,3.4,11.025161841867101,0.0,7,58
2,84,4,3.4,8.700244310821093,0.0,7,58
2,84,5,2.8,11.06917307653652,0.0,7,58
2,84,6,2.8,10.774878209416997,0.0,7,58
2,84,7,3.2,9.297497357891197,0.0,7,58
2,84,8,2.8,11.347029482552777,0.0,7,58
2,84,9,2.8,14.511812939976537,0.0,7,58
2,84,10,2.8,10.79687887901818,0.0,7,58
2,84,11,2.8,12.554663819811026,0.0,7,58
2,84,12,2.8,11.407466267956096,0.0,7,58
2,84,13,2.8,11.852605713341372,0.0,7,58
2,84,14,2.8,11.27454147733821,0.0,7,58
2,84,15,3.0,8.056752113398257,0.0,7,58
2,84,16,2.8,10.911336027144486,0.0,7,58
2,84,17,2.8,12.23322720926601,0.0,7,58
2,84,18,2.8,12.486492422484938,0.0,7,58
2,84,19,3.0,9.734519614003478,0.0,7,58
2,84,20,2.8,9.49411763255359,0.0,7,58
2,84,21,3.0,9.06738111630624,0.0,7,58
3,84,1,3.6,7.131047127542492,0.0,7,58
3,84,2,3.4,8.90020462867286,0.0,7,58
3,84,3,2.8,14.573592141047062,0.0,7,58
3,84,4,2.8,9.316685152442735,0.0,7,58
3,84,5,3.2,7.755433817944361,0.0,7,58
3,84,6,2.8,8.46693523525086,0.0,7,58
3,84,7,3.0,10.926698501926776,0.0,7,58
3,84,8,2.8,10.874109789799904,0.0,7,58
3,84,9,2.8,12.717267575108957,0.0,7,58
3,84,10,2.8,13.905283794824069,0.0,7,58
3,84,11,3.2,9.48893190748867,0.0,7,58
3,84,12,3.0,9.56524778895207,0.0,7,58
3,84,13,3.0,10.499582934396159,0.0,7,58
3,84,14,2.8,12.313270782931255,0.0,7,58
3,84,15,3.0,9.60871531460184,0.0,7,58
3,84,16,2.8,13.240976672772494,0.0,7,58
3,84,17,2.8,12.306766359015295,0.0,7,58
3,84,18,2.8,11.873911580299529,0.0,7,58
3,84,19,2.8,11.770596721714265,0.0,7,58
3,84,20,2.8,9.531833128635705,0.0,7,58
3,84,21,3.0,9.732935827255329,0.0,7,58
1,85,1,4.6,7.72663583274502,0.0,7,58
1,85,2,3.8,10.603917986280177,0.0,7,58
1,85,3,3.6,6.768527857981339,0.0,7,58
1,85,4,3.0,12.63645253982766,0.0,7,58
1,85,5,3.0,9.33388635883566,0.0,7,58
1,85,6,2.8,9.930061005872734,0.0,7,58
1,85,7,2.8,10.75461547942824,0.0,7,58
1,85,8,2.8,12.61302981619266,0.0,7,58
1,85,9,2.8,12.348542225500784,0.0,7,58
1,85,10,2.8,16.990922025440714,0.0,7,58
1,85,11,2.8,17.359080187329223,0.0,7,58
1,85,12,2.8,10.00896262976095,0.0,7,58
1,85,13,2.8,15.412661744072857,0.0,7,58
1,85,14,2.8,13.66286229037848,0.0,7,58
1,85,15,2.8,10.680420785323063,0.0,7,58
1,85,16,2.8,11.829178135450839,0.0,7,58
1,85,17,3.2,7.4245971264063675,0.0,7,58
1,85,18,3.2,8.977017125354125,0.0,7,58
1,85,19,2.8,11.926014112111698,0.0,7,58
1,85,20,3.0,10.32687448803297,0.0,7,58
1,85,21,2.5,11.486444932082392,0.0,4,58
2,85,1,3.0,14.766341715255015,0.0,7,58
2,85,2,2.8,10.516779840869127,0.0,7,58
2,85,3,3.8,9.06590471673938,0.125,7,58
2,85,4,2.8,10.9736945346479,0.0,7,58
2,85,5,2.8,12.500985345465057,0.0,7,58
2,85,6,2.8,9.7750193120798,0.0,7,58
2,85,7,3.0,10.040016641679554,0.0,7,58
2,85,8,3.0,9.802391047610614,0.0,7,58
2,85,9,2.8,12.093507991494711,0.0,7,58
2,85,10,2.8,10.375326766078757,0.0,7,58
2,85,11,3.0,10.462846789061526,0.0,7,58
2,85,12,2.8,12.427331414076361,0.0,7,58
2,85,13,2.8,12.183145939348142,0.0,7,58
2,85,14,2.8,12.598299730840937,0.0,7,58
2,85,15,3.0,8.710810344568097,0.0,7,58
2,85,16,2.8,12.194945144903503,0.0,7,58
2,85,17,2.8,11.34801281629828,0.0,7,58
2,85,18,2.8,11.72077295359401,0.0,7,58
2,85,19,3.2,9.798222232030255,0.0,7,58
2,85,20,2.8,8.204285000197665,0.0,7,58
2,85,21,3.0,9.961706252070984,0.0,7,58
3,85,1,2.8,10.55838051853015,0.0,7,58
3,85,2,2.8,10.738460191235768,0.0,7,58
3,85,3,2.8,10.458288870862535,0.0,7,58
3,85,4,2.8,10.626459871793974,0.0,7,58
3,85,5,2.8,9.828704398092105,0.0,7,58
3,85,6,2.8,9.590384323696503,0.0,7,58
3,85,7,2.8,10.879411550195046,0.0,7,58
3,85,8,2.8,9.928275088879566,0.0,7,58
3,85,9,3.0,12.13192204111674,0.0,7,58
3,85,10,2.8,9.70907487643355,0.0,7,58
3,85,11,2.8,12.404549902112569,0.0,7,58
3,85,12,3.0,11.383431671741064,0.0,7,58
3,85,13,3.2,9.584004062617531,0.0,7,58
3,85,14,2.8,11.067835448451234,0.0,7,58
3,85,15,2.8,14.93395109295564,0.0,7,58
3,85,16,3.0,10.954940182040982,0.0,7,58
3,85,17,2.8,12.912797777090104,0.0,7,58
3,85,18,3.2,9.041050428212657,0.0,7,58
3,85,19,3.0,10.420609991610764,0.0,7,58
3,85,20,2.8,8.902198149879775,0.0,7,58
3,85,21,2.8,10.347002802661306,0.0,7,58
3,85,22,2.6,10.672328152581867,0.0,6,58
1,86,1,4.8,8.107663328654617,0.0,7,58
1,86,2,3.6,9.720411775982306,0.0,7,58
1,86,3,3.4,6.948716351395544,0.0,7,58
1,86,4,2.8,17.788597262176523,0.0,7,58
1,86,5,3.2,8.344171477316529,0.0,7,58
1,86,6,2.8,9.460795791387756,0.0,7,58
1,86,7,2.8,10.799973878852002,0.0,7,58
1,86,8,2.8,10.058205854724982,0.0,7,58
1,86,9,2.8,10.90253562591296,0.0,7,58
1,86,10,2.8,12.484372921035925,0.0,7,58
1,86,11,2.8,15.100733098739633,0.0,7,58
1,86,12,2.8,9.828986382587972,0.0,7,58
1,86,13,2.8,16.494460497526873,0.0,7,58
1,86,14,2.8,11.645095256024064,0.0,7,58
1,86,15,3.0,9.470792644759422,0.0,7,58
1,86,16,2.8,10.49061800892425,0.0,7,58
1,86,17,3.2,8.339019328066271,0.0,7,58
1,86,18,3.2,8.096530520924649,0.0,7,58
1,86,19,3.2,9.209762106557653,0.0,7,58
1,86,20,3.0,9.201528222885722,0.0,7,58
2,86,1,3.0,15.960922715247007,0.0,7,58
2,86,2,3.0,12.657724202320514,0.0,7,58
2,86,3,3.6,8.712490475575402,0.0,7,58
2,86,4,3.0,9.350498463361252,0.0,7,58
2,86,5,2.8,11.170254476819391,0.0,7,58
2,86,6,2.8,10.082164539931435,0.0,7,58
2,86,7,3.2,10.078895125090328,0.0,7,58
2,86,8,3.0,11.837247669358097,0.0,7,58
2,86,9,2.8,12.818942760364573,0.0,7,58
2,86,10,2.8,10.614329663065677,0.0,7,58
2,86,11,3.0,10.191344230628406,0.0,7,58
2,86,12,2.8,12.978376210878002,0.0,7,58
2,86,13,2.8,11.322147968312091,0.0,7,58
2,86,14,2.8,13.722620824049192,0.0,7,58
2,86,15,3.0,8.919239304410507,0.0,7,58
2,86,16,2.8,12.312075098705503,0.0,7,58
2,86,17,2.8,10.682696780352622,0.0,7,58
2,86,18,3.0,11.55296241154167,0.0,7,58
2,86,19,2.8,9.788817672811414,0.0,7,58
2,86,20,2.8,8.062277088713682,0.0,7,58
2,86,21,3.0,11.072018282563715,0.0,7,58
3,86,1,2.8,10.005647406124481,0.0,7,58
3,86,2,2.8,11.794591965045864,0.0,7,58
3,86,3,2.8,10.265205895201618,0.0,7,58
3,86,4,2.8,9.43037149981189,0.0,7,58
3,86,5,2.8,10.687447523398939,0.0,7,58
3,86,6,2.8,10.283778484707197,0.0,7,58
3,86,7,2.8,10.089715437672963,0.0,7,58
3,86,8,2.8,13.180417518677256,0.0,7,58
3,86,9,3.0,12.981684625764323,0.0,7,58
3,86,10,2.8,9.929757183061755,0.0,7,58
3,86,11,3.0,11.898927116646517,0.0,7,58
3,86,12,3.6,8.281540411565436,0.125,7,58
3,86,13,2.8,11.690824942734881,0.0,7,58
3,86,14,2.8,10.166574060141983,0.0,7,58
3,86,15,2.8,14.889748982493265,0.0,7,58
3,86,16,3.0,9.495763250392287,0.0,7,58
3,86,17,2.8,11.735813614173912,0.0,7,58
3,86,18,3.0,11.494594332454133,0.0,7,58
3,86,19,2.8,11.027292486621198,0.0,7,58
3,86,20,2.8,8.928188588431842,0.0,7,58
3,86,21,2.8,11.494288771009384,0.0,7,58
3,86,22,2.6,10.598353901133867,0.0,6,58
1,87,1,4.6,8.417378279571128,0.0,7,58
1,87,2,3.8,9.25254688104998,0.0,7,58
1,87,3,3.4,8.508760504036646,0.0,7,58
1,87,4,3.2,10.628606451537443,0.0,7,58
1,87,5,3.0,9.966841294140227,0.0,7,58
1,87,6,3.0,8.479043117516136,0.0,7,58
1,87,7,2.8,11.132590198915182,0.0,7,58
1,87,8,2.8,11.379199023496824,0.0,7,58
1,87,9,2.8,10.395113637575967,0.0,7,58
1,87,10,2.8,12.585848349930563,0.0,7,58
1,87,11,2.8,15.340491820705717,0.0,7,58
1,87,12,2.8,9.613861316207014,0.0,7,58
1,87,13,2.8,12.67931624155557,0.0,7,58
1,87,14,2.8,13.852064729030879,0.0,7,58
1,87,15,2.8,11.892823271565675,0.0,7,58
1,87,16,2.8,10.640746266286643,0.0,7,58
1,87,17,3.4,8.292861253518831,0.0,7,58
1,87,18,2.8,9.332169523643703,0.0,7,58
1,87,19,3.0,10.309299991107363,0.0,7,58
1,87,20,3.2,7.921901104480217,0.0,7,58
2,87,1,3.8,9.363053464175875,0.0,7,58
2,87,2,3.8,9.745180500153547,0.0,7,58
2,87,3,3.4,10.050773145506641,0.0,7,58
2,87,4,3.4,8.525288093077808,0.0,7,58
2,87,5,2.8,13.034162552150448,0.0,7,58
2,87,6,3.0,11.7668894293088,0.0,7,58
2,87,7,3.2,9.960501336776593,0.0,7,58
2,87,8,2.8,13.046081591229127,0.0,7,58
2,87,9,2.8,12.663480335600694,0.0,7,58
2,87,10,2.8,9.058168472707367,0.0,7,58
2,87,11,2.8,13.74893860716343,0.0,7,58
2,87,12,2.8,10.813679167024555,0.0,7,58
2,87,13,2.8,10.721079533801342,0.0,7,58
2,87,14,2.8,8.885343388728913,0.0,7,58
2,87,15,3.2,10.853979258617787,0.0,7,58
2,87,16,2.8,12.59864676670707,0.0,7,58
2,87,17,2.8,14.041121550293768,0.0,7,58
2,87,18,3.2,9.536887140557182,0.0,7,58
2,87,19,2.8,8.460062941667426,0.0,7,58
2,87,20,3.0,9.019446178461138,0.0,7,58
3,87,1,3.0,9.011251701410144,0.0,7,58
3,87,2,2.8,13.892967164125642,0.0,7,58
3,87,3,3.0,10.533547424035751,0.0,7,58
3,87,4,2.8,8.783675582945639,0.0,7,58
3,87,5,2.8,11.84163730156781,0.0,7,58
3,87,6,2.8,10.335863551207332,0.0,7,58
3,87,7,2.8,9.958903893367408,0.0,7,58
3,87,8,2.8,9.833334324345337,0.0,7,58
3,87,9,2.8,13.488986654590668,0.0,7,58
3,87,10,2.8,12.114660920403388,0.0,7,58
3,87,11,2.8,11.141023697185723,0.0,7,58
3,87,12,3.6,7.668882271887411,0.125,7,58
3,87,13,2.8,12.155524052109921,0.0,7,58
3,87,14,3.0,8.136719901262339,0.0,7,58
3,87,15,2.8,17.196335580343185,0.0,7,58
3,87,16,2.8,10.69050513828807,0.0,7,58
3,87,17,2.8,11.942046283483613,0.0,7,58
3,87,18,2.8,11.124344926000523,0.0,7,58
3,87,19,3.0,10.474147243106671,0.0,7,58
3,87,20,2.8,9.707588599565252,0.0,7,58
3,87,21,2.8,10.803943543495585,0.0,7,58
3,87,22,2.6,12.429059996495418,0.0,6,58
1,88,1,4.6,8.440959568667346,0.0,7,58
1,88,2,4.0,8.89463422815996,0.0,7,58
1,88,3,3.4,7.588557191515905,0.0,7,58
1,88,4,3.0,15.299280823236412,0.0,7,58
1,88,5,3.0,8.738343296342666,0.0,7,58
1,88,6,2.8,10.59340690643589,0.0,7,58
1,88,7,2.8,10.950040192244717,0.0,7,58
1,88,8,2.8,11.439751670205373,0.0,7,58
1,88,9,2.8,10.553554713547221,0.0,7,58
1,88,10,2.8,14.090644557200436,0.0,7,58
1,88,11,2.8,17.309217803903707,0.0,7,58
1,88,12,2.8,10.895731462836133,0.0,7,58
1,88,13,2.8,14.843199023152305,0.0,7,58
1,88,14,2.8,12.050810986065615,0.0,7,58
1,88,15,2.8,10.62393179997673,0.0,7,58
1,88,16,2.8,11.028184266539476,0.0,7,58
1,88,17,3.2,8.750744861656498,0.0,7,58
1,88,18,2.8,8.969725920142332,0.0,7,58
1,88,19,3.2,10.031030540456118,0.0,7,58
1,88,20,3.0,10.034537307578356,0.0,7,58
1,88,21,2.5,10.91432873771359,0.0,4,58
2,88,1,3.2,12.39138882933865,0.0,7,58
2,88,2,3.0,11.36937481042365,0.0,7,58
2,88,3,3.4,10.808628548977323,0.0,7,58
2,88,4,3.6,7.956521624643229,0.0,7,58
2,88,5,3.0,10.390915893349877,0.0,7,58
2,88,6,2.8,9.107974487591923,0.0,7,58
2,88,7,3.4,9.442215181853982,0.0,7,58
2,88,8,2.8,11.423988637530565,0.0,7,58
2,88,9,2.8,14.132241088326875,0.0,7,58
2,88,10,2.8,10.0300958909791,0.0,7,58
2,88,11,2.8,13.447069700400812,0.0,7,58
2,88,12,2.8,11.85420552027386,0.0,7,58
2,88,13,2.8,12.888239404339338,0.0,7,58
2,88,14,2.8,8.640026951983897,0.0,7,58
2,88,15,3.0,9.090898712958639,0.0,7,58
2,88,16,3.0,11.487679885447893,0.0,7,58
2,88,17,2.8,11.39315065738113,0.0,7,58
2,88,18,3.0,13.070805167252676,0.0,7,58
2,88,19,3.0,8.029562625496892,0.0,7,58
2,88,20,2.8,9.658820581164973,0.0,7,58
2,88,21,2.4,11.711501901666129,0.0,5,58
3,88,1,3.4,9.06140199531209,0.0,7,58
3,88,2,3.2,9.25729217919698,0.0,7,58
3,88,3,3.4,10.329125369036081,0.0,7,58
3,88,4,3.0,8.753877317592359,0.0,7,58
3,88,5,2.8,9.659306716026558,0.0,7,58
3,88,6,2.8,10.556796312012823,0.0,7,58
3,88,7,3.0,13.245777164842895,0.0,7,58
3,88,8,3.0,9.306727556416176,0.0,7,58
3,88,9,2.8,13.814030570925597,0.0,7,58
3,88,10,2.8,11.920866301429982,0.0,7,58
3,88,11,3.2,10.653318219664904,0.0,7,58
3,88,12,3.0,9.646343124003469,0.0,7,58
3,88,13,2.8,10.929933311878818,0.0,7,58
3,88,14,2.8,14.26634144814472,0.0,7,58
3,88,15,3.0,9.985208127066064,0.0,7,58
3,88,16,2.8,15.88979402809083,0.0,7,58
3,88,17,2.8,11.368843539959311,0.0,7,58
3,88,18,2.8,13.528573905203453,0.0,7,58
3,88,19,2.8,12.001568809391538,0.0,7,58
3,88,20,2.8,8.169512454116315,0.0,7,58
3,88,21,3.0,10.324408292318843,0.0,7,58
1,89,1,4.6,9.187374119697852,0.0,7,58
1,89,2,3.6,11.322847963287431,0.0,7,58
1,89,3,3.2,7.871462849836209,0.0,7,58
1,89,4,3.0,16.916693494670117,0.0,7,58
1,89,5,3.0,9.138451336447506,0.0,7,58
1,89,6,2.8,9.860175714384074,0.0,7,58
1,89,7,2.8,14.864077729373003,0.0,7,58
1,89,8,2.8,9.814393335967333,0.0,7,58
1,89,9,2.8,16.50353067857556,0.0,7,58
1,89,10,2.8,13.844666168865029,0.0,7,58
1,89,11,2.8,13.115883113553897,0.0,7,58
1,89,12,2.8,12.300963546742828,0.0,7,58
1,89,13,2.8,17.248737980276843,0.0,7,58
1,89,14,2.8,12.584143230123896,0.0,7,58
1,89,15,2.8,11.495739020408248,0.0,7,58
1,89,16,2.8,15.26247655866085,0.0,7,58
1,89,17,2.8,10.591844250819236,0.0,7,58
1,89,18,3.4,8.375768880296045,0.0,7,58
1,89,19,2.8,11.285904400797348,0.0,7,58
1,89,20,2.8,10.665844622878849,0.0,7,58
1,89,21,3.0,8.788029070182557,0.0,6,58
2,89,1,3.0,11.385330160498764,0.0,7,58
2,89,2,2.8,11.06873228901554,0.0,7,58
2,89,3,3.0,12.036973679631352,0.0,7,58
2,89,4,3.2,9.144189344657356,0.0,7,58
2,89,5,2.8,10.946775951807487,0.0,7,58
2,89,6,2.8,10.018053534843249,0.0,7,58
2,89,7,3.0,12.361149502807521,0.0,7,58
2,89,8,3.2,9.965674592744103,0.0,7,58
2,89,9,3.0,11.366740043184468,0.0,7,58
2,89,10,2.8,11.796088138708212,0.0,7,58
2,89,11,2.8,11.110827129082203,0.0,7,58
2,89,12,2.8,15.428830727318765,0.0,7,58
2,89,13,2.8,11.139084934549725,0.0,7,58
2,89,14,2.8,12.845637960012516,0.0,7,58
2,89,15,3.0,8.771328015411632,0.0,7,58
2,89,16,2.8,12.461276153714103,0.0,7,58
2,89,17,2.8,10.545852769604279,0.0,7,58
2,89,18,2.8,13.04454491973644,0.0,7,58
2,89,19,3.2,10.06036559090942,0.0,7,58
2,89,20,2.8,8.810302901198272,0.0,7,58
2,89,21,3.0,10.720271233827273,0.0,7,58
3,89,1,2.8,11.01473860077272,0.0,7,58
3,89,2,2.8,11.704307787483323,0.0,7,58
3,89,3,2.8,14.001749943869482,0.0,7,58
3,89,4,2.8,9.730435628967061,0.0,7,58
3,89,5,2.8,10.414470895266025,0.0,7,58
3,89,6,2.8,10.887913952347875,0.0,7,58
3,89,7,2.8,10.505661046997652,0.0,7,58
3,89,8,2.8,9.114520729053671,0.0,7,58
3,89,9,2.8,14.151164550186506,0.0,7,58
3,89,10,2.8,11.189876482630174,0.0,7,58
3,89,11,2.8,13.04017549695336,0.0,7,58
3,89,12,3.2,11.047625592961872,0.0,7,58
3,89,13,3.0,10.407005080739653,0.0,7,58
3,89,14,3.0,8.993375524949789,0.0,7,58
3,89,15,2.8,13.605147007056765,0.0,7,58
3,89,16,3.0,10.668311300238134,0.0,7,58
3,89,17,2.8,12.885592838242166,0.0,7,58
3,89,18,2.8,12.341243915918604,0.0,7,58
3,89,19,2.8,11.600705495697111,0.0,7,58
3,89,20,2.8,10.466262535364146,0.0,7,58
3,89,21,2.8,8.430067891778641,0.0,7,58
3,89,22,3.0,13.241441127870296,0.0,7,58
1,90,1,4.4,9.25540979304573,0.0,7,58
1,90,2,4.0,9.255083686095759,0.0,7,58
1,90,3,3.4,8.593700736969286,0.0,7,58
1,90,4,2.8,12.106342820404345,0.0,7,58
1,90,5,3.0,9.445227961722091,0.0,7,58
1,90,6,2.8,10.5238684139152,0.0,7,58
1,90,7,2.8,10.047631134418504,0.0,7,58
1,90,8,2.8,10.299432012052042,0.0,7,58
1,90,9,2.8,11.387139144931806,0.0,7,58
1,90,10,2.8,16.026722755195138,0.0,7,58
1,90,11,2.8,15.196467631125634,0.0,7,58
1,90,12,2.8,12.477103370144516,0.0,7,58
1,90,13,2.8,15.194312759507744,0.0,7,58
1,90,14,2.8,11.256264728012436,0.0,7,58
1,90,15,3.0,12.299177704449205,0.0,7,58
1,90,16,2.8,13.09025798577264,0.0,7,58
1,90,17,3.4,8.192925824075434,0.0,7,58
1,90,18,3.2,9.683899739086868,0.0,7,58
1,90,19,2.8,12.868310336192577,0.0,7,58
1,90,20,3.0,9.206666785733477,0.0,7,58
1,90,21,2.5,9.804464613721382,0.0,4,58
2,90,1,2.8,13.49248016452152,0.0,7,58
2,90,2,3.0,9.905402377409148,0.0,7,58
2,90,3,3.8,8.83030098639854,0.125,7,58
2,90,4,2.8,11.05302077004699,0.0,7,58
2,90,5,2.8,11.963047909193142,0.0,7,58
2,90,6,2.8,11.678915750095964,0.0,7,58
2,90,7,3.6,10.083746600152388,0.125,7,58
2,90,8,2.8,12.064480471865458,0.0,7,58
2,90,9,2.8,13.379803363701361,0.0,7,58
2,90,10,2.8,10.595940790855312,0.0,7,58
2,90,11,2.8,11.791175218756834,0.0,7,58
2,90,12,2.8,13.582684359088557,0.0,7,58
2,90,13,2.8,12.750925744033639,0.0,7,58
2,90,14,2.8,11.736856038763372,0.0,7,58
2,90,15,3.0,9.68259692159126,0.0,7,58
2,90,16,2.8,12.131280848791807,0.0,7,58
2,90,17,2.8,12.04104644661592,0.0,7,58
2,90,18,2.8,12.556051609132064,0.0,7,58
2,90,19,3.2,10.69514225107367,0.0,7,58
2,90,20,3.0,7.152513438495599,0.0,7,58
2,90,21,3.0,10.379005623284913,0.0,7,58
3,90,1,3.2,7.827179520918486,0.0,7,58
3,90,2,4.0,7.395087134572798,0.0,7,58
3,90,3,3.2,11.124829538645734,0.0,7,58
3,90,4,3.0,9.486336611335474,0.0,7,58
3,90,5,3.2,7.859209053604571,0.0,7,58
3,90,6,2.8,10.526637966281207,0.0,7,58
3,90,7,3.0,10.956394749409208,0.0,7,58
3,90,8,2.8,14.520734325301504,0.0,7,58
3,90,9,2.8,11.356090297282506,0.0,7,58
3,90,10,2.8,10.88236760555816,0.0,7,58
3,90,11,3.6,8.326311960435813,0.125,7,58
3,90,12,2.8,11.075521078585698,0.0,7,58
3,90,13,2.8,9.258392001610401,0.0,7,58
3,90,14,2.8,13.94640368270141,0.0,7,58
3,90,15,2.8,9.355954282164117,0.0,7,58
3,90,16,2.8,13.637460356214902,0.0,7,58
3,90,17,3.0,10.103684863861393,0.0,7,58
3,90,18,2.8,11.03555347431122,0.0,7,58
3,90,19,2.8,12.29703457513763,0.0,7,58
3,90,20,2.8,8.870207393169299,0.0,7,58
3,90,21,2.8,11.061835450589731,0.0,7,58
1,91,1,4.6,7.667646611215936,0.0,7,58
1,91,2,3.6,9.827170147413387,0.0,7,58
1,91,3,3.2,8.815733856054685,0.0,7,58
1,91,4,3.2,13.711063777156028,0.0,7,58
1,91,5,3.0,8.311796002063227,0.0,7,58
1,91,6,2.8,11.59730730522192,0.0,7,58
1,91,7,2.8,11.594175659391496,0.0,7,58
1,91,8,2.8,9.503523938617686,0.0,7,58
1,91,9,2.8,11.517726620342351,0.0,7,58
1,91,10,2.8,15.102873672594455,0.0,7,58
1,91,11,2.8,16.53043695692553,0.0,7,58
1,91,12,2.8,10.609822313179292,0.0,7,58
1,91,13,2.8,13.92986910884227,0.0,7,58
1,91,14,2.8,10.734908145733053,0.0,7,58
1,91,15,2.8,11.694557051402178,0.0,7,58
1,91,16,2.8,14.928264801276462,0.0,7,58
1,91,17,3.0,8.378298773225698,0.0,7,58
1,91,18,3.0,10.06403444507464,0.0,7,58
1,91,19,3.2,10.302320999555219,0.0,7,58
1,91,20,3.2,8.600608761734351,0.0,7,58
1,91,21,2.75,10.212212788483214,0.0,4,58
2,91,1,3.2,11.771317831441435,0.0,7,58
2,91,2,3.0,11.080994012055447,0.0,7,58
2,91,3,3.8,8.629543019372615,0.125,7,58
2,91,4,3.0,8.74326416670614,0.0,7,58
2,91,5,2.8,15.429687564310143,0.0,7,58
2,91,6,2.8,10.759260227153492,0.0,7,58
2,91,7,3.2,10.697082016621742,0.0,7,58
2,91,8,3.0,10.302831421834405,0.0,7,58
2,91,9,2.8,9.623823798890013,0.0,7,58
2,91,10,2.8,10.082057443378678,0.0,7,58
2,91,11,3.0,10.540133436283348,0.0,7,58
2,91,12,2.8,14.28236336704503,0.0,7,58
2,91,13,2.8,11.047676341331403,0.0,7,58
2,91,14,2.8,10.126290901500546,0.0,7,58
2,91,15,3.0,9.26064250393742,0.0,7,58
2,91,16,2.8,13.638939955028546,0.0,7,58
2,91,17,2.8,10.479487953845915,0.0,7,58
2,91,18,3.0,12.157224443748024,0.0,7,58
2,91,19,3.0,8.073986154544661,0.0,7,58
2,91,20,2.8,8.169962230222882,0.0,7,58
2,91,21,2.8,11.260054373368252,0.0,6,58
3,91,1,2.8,10.76275969196283,0.0,7,58
3,91,2,2.8,12.366966559980945,0.0,7,58
3,91,3,2.8,11.54396785646612,0.0,7,58
3,91,4,2.8,10.930313342511932,0.0,7,58
3,91,5,2.8,12.104620920379537,0.0,7,58
3,91,6,2.8,9.48626002812409,0.0,7,58
3,91,7,2.8,9.705452117476952,0.0,7,58
3,91,8,2.8,11.517451541346933,0.0,7,58
3,91,9,2.8,12.22737590309369,0.0,7,58
3,91,10,2.8,14.13881875752509,0.0,7,58
3,91,11,2.8,10.980051002545288,0.0,7,58
3,91,12,3.2,11.209609707479244,0.0,7,58
3,91,13,3.2,8.480959471581583,0.0,7,58
3,91,14,2.8,9.668182058124486,0.0,7,58
3,91,15,2.8,11.886476129652479,0.0,7,58
3,91,16,3.0,9.477982165883887,0.0,7,58
3,91,17,2.8,12.2900553837519,0.0,7,58
3,91,18,2.8,10.23475346998997,0.0,7,58
3,91,19,2.8,11.917157698879764,0.0,7,58
3,91,20,2.8,11.297583307681546,0.0,7,58
3,91,21,2.8,9.593721899097268,0.0,7,58
3,91,22,3.2,9.881518078325838,0.0,7,58
1,92,1,4.6,9.104092683817973,0.0,7,58
1,92,2,3.6,9.155304170935917,0.0,7,58
1,92,3,3.2,8.75171754424138,0.0,7,58
1,92,4,2.8,15.105304759311382,0.0,7,58
1,92,5,3.2,9.661774354996394,0.0,7,58
1,92,6,2.8,9.8925493711863,0.0,7,58
1,92,7,2.8,13.745225673650422,0.0,7,58
1,92,8,2.8,10.16195254363774,0.0,7,58
1,92,9,2.8,13.096197712970609,0.0,7,58
1,92,10,2.8,12.787058653647016,0.0,7,58
1,92,11,2.8,14.16405613122154,0.0,7,58
1,92,12,2.8,14.283661062171342,0.0,7,58
1,92,13,2.8,12.239055926083667,0.0,7,58
1,92,14,2.8,11.569407520482523,0.0,7,58
1,92,15,2.8,11.408682508290095,0.0,7,58
1,92,16,2.8,13.278267941049084,0.0,7,58
1,92,17,3.0,8.796433466708717,0.0,7,58
1,92,18,3.2,9.15340816635586,0.0,7,58
1,92,19,2.8,12.555719912584367,0.0,7,58
1,92,20,3.0,9.136264564636566,0.0,7,58
1,92,21,2.8,11.906323638133859,0.0,6,58
2,92,1,3.0,16.566167532719906,0.0,7,58
2,92,2,3.2,10.378056808584878,0.0,7,58
2,92,3,3.4,8.930532108053326,0.0,7,58
2,92,4,3.4,7.82702552271881,0.0,7,58
2,92,5,3.0,10.488885767558955,0.0,7,58
2,92,6,2.8,10.453623503135223,0.0,7,58
2,92,7,3.6,9.142687894998597,0.125,7,58
2,92,8,2.8,11.86731465100021,0.0,7,58
2,92,9,2.8,11.835110695070043,0.0,7,58
2,92,10,2.8,10.441040322274189,0.0,7,58
2,92,11,2.8,14.362845455078157,0.0,7,58
2,92,12,2.8,11.562862795837704,0.0,7,58
2,92,13,2.8,14.042273468307078,0.0,7,58
2,92,14,2.8,9.04909269621291,0.0,7,58
2,92,15,3.0,10.640909181377777,0.0,7,58
2,92,16,3.0,10.798104474135151,0.0,7,58
2,92,17,2.8,10.196521874101059,0.0,7,58
2,92,18,3.0,12.04145246704683,0.0,7,58
2,92,19,3.0,8.234977024124602,0.0,7,58
2,92,20,2.8,9.973841622024992,0.0,7,58
2,92,21,2.4,13.736925476376339,0.0,5,58
3,92,1,3.2,8.695138946518993,0.0,7,58
3,92,2,3.0,9.285067239400815,0.0,7,58
3,92,3,3.0,11.657721712605346,0.0,7,58
3,92,4,2.8,9.196511924172459,0.0,7,58
3,92,5,2.8,11.465334916681497,0.0,7,58
3,92,6,2.8,9.33978538967401,0.0,7,58
3,92,7,3.0,10.529048700931966,0.0,7,58
3,92,8,2.8,10.56614612242421,0.0,7,58
3,92,9,2.8,13.665292154922719,0.0,7,58
3,92,10,2.8,9.837486404957357,0.0,7,58
3,92,11,3.2,10.917285970764576,0.0,7,58
3,92,12,3.0,10.228306860561117,0.0,7,58
3,92,13,3.0,10.962750900854749,0.0,7,58
3,92,14,3.0,10.479392509198423,0.0,7,58
3,92,15,3.0,10.564925848472793,0.0,7,58
3,92,16,2.8,17.535705110086173,0.0,7,58
3,92,17,2.8,10.453798840105971,0.0,7,58
3,92,18,2.8,11.526527798961558,0.0,7,58
3,92,19,2.8,12.4298720123071,0.0,7,58
3,92,20,2.8,10.139613331924854,0.0,7,58
3,92,21,3.0,9.084191629674942,0.0,7,58
3,92,22,2.25,14.306246597565474,0.0,4,58
1,93,1,4.6,8.659290628538818,0.0,7,58
1,93,2,3.8,10.79385598658615,0.0,7,58
1,93,3,3.2,8.112686849235438,0.0,7,58
1,93,4,3.0,10.124684253736458,0.0,7,58
1,93,5,3.0,9.911277651557139,0.0,7,58
1,93,6,3.0,10.681903916456289,0.0,7,58
1,93,7,2.8,12.425648005819022,0.0,7,58
1,93,8,2.8,11.743997073637967,0.0,7,58
1,93,9,2.8,11.20666908651316,0.0,7,58
1,93,10,2.8,14.056984792363831,0.0,7,58
1,93,11,2.8,18.147662656724684,0.0,7,58
1,93,12,2.8,10.701762663060482,0.0,7,58
1,93,13,2.8,18.07791390590318,0.0,7,58
1,93,14,2.8,10.5447201758018,0.0,7,58
1,93,15,2.8,14.789053641486934,0.0,7,58
1,93,16,2.8,13.90586082786044,0.0,7,58
1,93,17,2.8,9.201521537099152,0.0,7,58
1,93,18,3.0,10.632254196701739,0.0,7,58
1,93,19,3.0,11.150822730701282,0.0,7,58
1,93,20,3.4,8.163582767194576,0.0,7,58
1,93,21,2.2,11.199454243021103,0.0,5,58
2,93,1,3.2,11.108541743611053,0.0,7,58
2,93,2,2.8,10.013174499682993,0.0,7,58
2,93,3,4.2,6.813860589063693,0.125,7,58
2,93,4,2.8,10.44053642175766,0.0,7,58
2,93,5,2.8,11.936542198179298,0.0,7,58
2,93,6,2.8,10.288675083912748,0.0,7,58
2,93,7,3.2,11.247912926425442,0.0,7,58
2,93,8,3.0,12.516742730782536,0.0,7,58
2,93,9,2.8,10.795968905191714,0.0,7,58
2,93,10,2.8,10.355174983506952,0.0,7,58
2,93,11,3.0,12.056935483365642,0.0,7,58
2,93,12,2.8,10.80150449778161,0.0,7,58
2,93,13,2.8,13.394576823074766,0.0,7,58
2,93,14,2.8,10.883079333116708,0.0,7,58
2,93,15,3.0,10.628551212002181,0.0,7,58
2,93,16,2.8,11.254649332558452,0.0,7,58
2,93,17,2.8,11.188819116231596,0.0,7,58
2,93,18,2.8,14.30084508528784,0.0,7,58
2,93,19,3.0,8.69256045701598,0.0,7,58
2,93,20,2.8,8.769652762489297,0.0,7,58
2,93,21,3.0,9.576235013872973,0.0,7,58
3,93,1,3.2,8.561254654371016,0.0,7,58
3,93,2,2.8,10.637598452271192,0.0,7,58
3,93,3,2.8,15.396695226913565,0.0,7,58
3,93,4,2.8,10.021407078681941,0.0,7,58
3,93,5,2.8,9.330572834990846,0.0,7,58
3,93,6,2.8,9.900837708425785,0.0,7,58
3,93,7,2.8,9.991442032362057,0.0,7,58
3,93,8,2.8,9.29532373274214,0.0,7,58
3,93,9,2.8,13.918751249164917,0.0,7,58
3,93,10,2.8,11.653021582425595,0.0,7,58
3,93,11,2.8,12.822778759050868,0.0,7,58
3,93,12,3.6,8.127470594128855,0.125,7,58
3,93,13,3.0,11.493337415888346,0.0,7,58
3,93,14,3.0,9.314430696728017,0.0,7,58
3,93,15,2.8,13.914942479960184,0.0,7,58
3,93,16,2.8,11.284812820235675,0.0,7,58
3,93,17,2.8,10.725679017508206,0.0,7,58
3,93,18,3.0,10.285950678191082,0.0,7,58
3,93,19,2.8,16.819382619591206,0.0,7,58
3,93,20,2.8,9.517560855491705,0.0,7,58
3,93,21,3.0,9.349267332202372,0.0,7,58
3,93,22,2.2,13.093065498255788,0.0,5,58
1,94,1,4.4,8.474452253881143,0.0,7,58
1,94,2,3.6,10.162626647264158,0.0,7,58
1,94,3,3.2,10.740671016937515,0.0,7,58
1,94,4,3.0,9.727194071149219,0.0,7,58
1,94,5,3.0,10.958159849889308,0.0,7,58
1,94,6,2.8,9.929142945018082,0.0,7,58
1,94,7,3.0,11.713779263922538,0.0,7,58
1,94,8,2.8,11.348472793876217,0.0,7,58
1,94,9,2.8,13.096197712970625,0.0,7,58
1,94,10,2.8,10.623045841023346,0.0,7,58
1,94,11,2.8,16.31102530906414,0.0,7,58
1,94,12,2.8,11.982971760997316,0.0,7,58
1,94,13,2.8,11.214124762026005,0.0,7,58
1,94,14,2.8,15.146146691620904,0.0,7,58
1,94,15,2.8,12.870719846120814,0.0,7,58
1,94,16,2.8,15.37933299746565,0.0,7,58
1,94,17,3.0,8.357254403871442,0.0,7,58
1,94,18,2.8,10.662821446847035,0.0,7,58
1,94,19,3.2,10.81607935161066,0.0,7,58
1,94,20,2.8,10.819038993843243,0.0,7,58
1,94,21,3.0,9.81903634790677,0.0,6,58
2,94,1,3.0,12.476959645530878,0.0,7,58
2,94,2,2.8,10.42713183136058,0.0,7,58
2,94,3,3.6,8.37118293507237,0.125,7,58
2,94,4,2.8,12.297862241052403,0.0,7,58
2,94,5,2.8,9.194168602623455,0.0,7,58
2,94,6,2.8,11.643250090077984,0.0,7,58
2,94,7,3.0,12.658316139426029,0.0,7,58
2,94,8,3.2,10.501580854979657,0.0,7,58
2,94,9,2.8,12.591452709949815,0.0,7,58
2,94,10,2.8,11.485949450815907,0.0,7,58
2,94,11,2.8,11.422074460534589,0.0,7,58
2,94,12,2.8,13.79342339852048,0.0,7,58
2,94,13,2.8,10.862125995314678,0.0,7,58
2,94,14,3.0,11.60000095373087,0.0,7,58
2,94,15,3.0,8.004033750269796,0.0,7,58
2,94,16,2.8,11.682484243822168,0.0,7,58
2,94,17,2.8,12.769592124972624,0.0,7,58
2,94,18,2.8,11.023636070679146,0.0,7,58
2,94,19,3.2,10.996116635287004,0.0,7,58
2,94,20,2.8,8.000379963769682,0.0,7,58
2,94,21,3.0,9.92936118652252,0.0,7,58
3,94,1,3.0,9.31312610130802,0.0,7,58
3,94,2,2.8,12.325140920473498,0.0,7,58
3,94,3,2.8,10.07784306100066,0.0,7,58
3,94,4,2.8,10.757677259372523,0.0,7,58
3,94,5,2.8,10.582818342548602,0.0,7,58
3,94,6,2.8,8.591994825568513,0.0,7,58
3,94,7,2.8,10.922734533874376,0.0,7,58
3,94,8,2.8,11.279959713787212,0.0,7,58
3,94,9,2.8,11.733964647578622,0.0,7,58
3,94,10,2.8,9.70907487643355,0.0,7,58
3,94,11,2.8,11.560472820796058,0.0,7,58
3,94,12,3.6,9.220919788254935,0.125,7,58
3,94,13,2.8,12.380087267391634,0.0,7,58
3,94,14,2.8,9.524074327375468,0.0,7,58
3,94,15,2.8,16.16599612885156,0.0,7,58
3,94,16,3.2,9.597689580701916,0.0,7,58
3,94,17,2.8,12.402146247458314,0.0,7,58
3,94,18,2.8,11.610034513717583,0.0,7,58
3,94,19,2.8,14.244403213010049,0.0,7,58
3,94,20,2.8,9.580844948162268,0.0,7,58
3,94,21,2.8,9.894371154338272,0.0,7,58
3,94,22,2.8,10.975297717398185,0.0,7,58
1,95,1,4.6,8.560876059630456,0.0,7,58
1,95,2,3.8,9.606551503898796,0.0,7,58
1,95,3,3.4,7.693968346323958,0.0,7,58
1,95,4,2.8,13.797181003114858,0.0,7,58
1,95,5,3.4,8.279639840857595,0.0,7,58
1,95,6,2.8,10.303596898551536,0.0,7,58
1,95,7,2.8,10.474216408154877,0.0,7,58
1,95,8,2.8,12.253948835486007,0.0,7,58
1,95,9,2.8,12.273092125114903,0.0,7,58
1,95,10,2.8,16.43484780528696,0.0,7,58
1,95,11,2.8,12.955304241619471,0.0,7,58
1,95,12,2.8,13.479141706605688,0.0,7,58
1,95,13,2.8,15.817215808998789,0.0,7,58
1,95,14,2.8,14.951006870798633,0.0,7,58
1,95,15,2.8,12.522589895063872,0.0,7,58
1,95,16,2.8,12.287467125277908,0.0,7,58
1,95,17,3.2,8.613160482665837,0.0,7,58
1,95,18,3.2,8.556382456912031,0.0,7,58
1,95,19,3.2,9.084800897833754,0.0,7,58
1,95,20,3.0,8.902465805498677,0.0,7,58
1,95,21,2.0,19.65222536019193,0.0,4,58
2,95,1,3.0,14.730776817533078,0.0,7,58
2,95,2,2.8,11.008961568112872,0.0,7,58
2,95,3,3.8,8.00928673197176,0.125,7,58
2,95,4,3.0,11.28235862190445,0.0,7,58
2,95,5,2.8,10.553472830465301,0.0,7,58
2,95,6,2.8,11.702628971519461,0.0,7,58
2,95,7,3.4,9.053461266387133,0.0,7,58
2,95,8,2.8,11.785508108394593,0.0,7,58
2,95,9,2.8,13.178003719282328,0.0,7,58
2,95,10,2.8,10.504943960065864,0.0,7,58
2,95,11,2.8,11.374529303950212,0.0,7,58
2,95,12,2.8,11.599205498057211,0.0,7,58
2,95,13,2.8,11.12708262431822,0.0,7,58
2,95,14,3.0,12.832310579966656,0.0,7,58
2,95,15,3.0,9.515961142334932,0.0,7,58
2,95,16,3.2,9.966472105616818,0.0,7,58
2,95,17,2.8,11.271297694205424,0.0,7,58
2,95,18,3.0,11.118497503789095,0.0,7,58
2,95,19,2.8,9.628741100788996,0.0,7,58
2,95,20,2.8,8.845753962258724,0.0,7,58
2,95,21,3.0,9.285463810988995,0.0,7,58
3,95,1,2.8,8.623161287238979,0.0,7,58
3,95,2,2.8,11.190354305369212,0.0,7,58
3,95,3,2.8,11.69853155438319,0.0,7,58
3,95,4,2.8,10.252387266962877,0.0,7,58
3,95,5,2.8,9.235069488178066,0.0,7,58
3,95,6,2.8,10.586380728161558,0.0,7,58
3,95,7,2.8,10.505661046997568,0.0,7,58
3,95,8,2.8,11.283716279279608,0.0,7,58
3,95,9,2.8,14.624900267723007,0.0,7,58
3,95,10,2.8,11.59286500042645,0.0,7,58
3,95,11,2.8,10.383534392092123,0.0,7,58
3,95,12,3.6,8.61967582635994,0.125,7,58
3,95,13,2.8,9.941362862250898,0.0,7,58
3,95,14,2.8,11.48344734724415,0.0,7,58
3,95,15,2.8,13.251418663738708,0.0,7,58
3,95,16,3.0,11.216107313307798,0.0,7,58
3,95,17,2.8,14.57440315128502,0.0,7,58
3,95,18,3.0,10.49046794348917,0.0,7,58
3,95,19,2.8,10.591477231096912,0.0,7,58
3,95,20,2.8,9.451409113842969,0.0,7,58
3,95,21,2.8,10.915560815434374,0.0,7,58
3,95,22,3.0,9.998089392595931,0.0,7,58
1,96,1,4.6,9.00881932650477,0.0,7,58
1,96,2,3.6,9.442214046086866,0.0,7,58
1,96,3,3.2,8.137191813749878,0.0,7,58
1,96,4,3.2,10.544210001632575,0.0,7,58
1,96,5,3.2,9.398280481898606,0.0,7,58
1,96,6,2.8,10.162839746588954,0.0,7,58
1,96,7,2.8,15.33469633410998,0.0,7,58
1,96,8,2.8,9.4286980472917,0.0,7,58
1,96,9,2.8,11.269543363472556,0.0,7,58
1,96,10,2.8,12.331091894742308,0.0,7,58
1,96,11,2.8,17.214501738962007,0.0,7,58
1,96,12,2.8,9.89353532265698,0.0,7,58
1,96,13,2.8,17.3492521268468,0.0,7,58
1,96,14,3.0,9.587405836517124,0.0,7,58
1,96,15,2.8,11.628486092703634,0.0,7,58
1,96,16,2.8,12.595667879792007,0.0,7,58
1,96,17,3.2,8.420588176352366,0.0,7,58
1,96,18,2.8,9.119036189598669,0.0,7,58
1,96,19,3.0,11.007744700802096,0.0,7,58
1,96,20,3.2,8.91645702028085,0.0,7,58
1,96,21,2.5,10.696379557304978,0.0,4,58
2,96,1,3.0,12.451558372693533,0.0,7,58
2,96,2,2.8,10.949832899258858,0.0,7,58
2,96,3,3.4,11.352595344574643,0.0,7,58
2,96,4,3.4,9.034382624109256,0.0,7,58
2,96,5,3.0,10.114570573511129,0.0,7,58
2,96,6,3.0,9.190696325435296,0.0,7,58
2,96,7,3.6,9.828167499437933,0.0,7,58
2,96,8,2.8,11.365495305204469,0.0,7,58
2,96,9,2.8,13.926697786713628,0.0,7,58
2,96,10,2.8,9.463059624747977,0.0,7,58
2,96,11,2.8,14.360531876053077,0.0,7,58
2,96,12,2.8,11.321355676910951,0.0,7,58
2,96,13,2.8,13.10751699080227,0.0,7,58
2,96,14,2.8,9.66235866403344,0.0,7,58
2,96,15,3.0,10.411436638438559,0.0,7,58
2,96,16,2.8,14.013952241396577,0.0,7,58
2,96,17,3.0,10.370755836961038,0.0,7,58
2,96,18,3.0,14.236907454015522,0.0,7,58
2,96,19,3.0,9.78018252516469,0.0,7,58
2,96,20,3.0,8.60129257912757,0.0,7,58
2,96,21,2.4,13.49445554140082,0.0,5,58
3,96,1,3.8,7.350395025947357,0.0,7,58
3,96,2,3.8,9.281188011681293,0.0,7,58
3,96,3,3.2,9.81577948762337,0.0,7,58
3,96,4,3.0,9.186417511127214,0.0,7,58
3,96,5,3.0,10.022113422731408,0.0,7,58
3,96,6,2.8,8.387744231855944,0.0,7,58
3,96,7,3.0,11.285751738643533,0.0,7,58
3,96,8,3.0,12.422268304741317,0.0,7,58
3,96,9,2.8,10.770611677155562,0.0,7,58
3,96,10,2.8,12.356471551920544,0.0,7,58
3,96,11,3.2,11.299555068755078,0.0,7,58
3,96,12,3.2,10.429777633299599,0.0,7,58
3,96,13,2.8,9.05299369148571,0.0,7,58
3,96,14,2.8,12.801649807579286,0.0,7,58
3,96,15,3.0,9.223674584277225,0.0,7,58
3,96,16,2.8,11.260461873287882,0.0,7,58
3,96,17,2.8,10.440701522772738,0.0,7,58
3,96,18,2.8,13.114309613229343,0.0,7,58
3,96,19,2.8,10.395028857991608,0.0,7,58
3,96,20,2.8,9.37851998125189,0.0,7,58
3,96,21,2.8,12.815001781098827,0.0,7,58
1,97,1,4.8,8.806752178430402,0.0,7,58
1,97,2,3.4,14.318604231287866,0.0,7,58
1,97,3,3.2,8.688624251229434,0.0,7,58
1,97,4,3.2,13.40603529658775,0.0,7,58
1,97,5,3.2,8.85940731336144,0.0,7,58
1,97,6,2.8,10.51759632134125,0.0,7,58
1,97,7,2.8,12.101262120381488,0.0,7,58
1,97,8,2.8,11.563706972945647,0.0,7,58
1,97,9,2.8,10.882845935960574,0.0,7,58
1,97,10,2.8,16.040079434646707,0.0,7,58
1,97,11,2.8,19.753885813322263,0.0,7,58
1,97,12,2.8,9.283846368454412,0.0,7,58
1,97,13,2.8,18.63701925809538,0.0,7,58
1,97,14,2.8,13.086590805922386,0.0,7,58
1,97,15,3.0,12.266101217575159,0.0,7,58
1,97,16,2.8,10.771907714538404,0.0,7,58
1,97,17,3.2,9.421111058655189,0.0,7,58
1,97,18,3.2,8.19563492471858,0.0,7,58
1,97,19,3.2,9.590870642088914,0.0,7,58
1,97,20,3.0,10.045150377875807,0.0,7,58
2,97,1,3.4,15.885353146850376,0.0,7,58
2,97,2,4.2,7.685430874501073,0.0,7,58
2,97,3,3.4,9.793277138939327,0.0,7,58
2,97,4,3.2,7.7555093274101825,0.0,7,58
2,97,5,2.8,11.002946356904499,0.0,7,58
2,97,6,3.0,12.313996990948974,0.0,7,58
2,97,7,3.4,10.071016970777455,0.0,7,58
2,97,8,2.8,11.267540378813035,0.0,7,58
2,97,9,2.8,13.502169208708278,0.0,7,58
2,97,10,3.0,9.757581291967147,0.0,7,58
2,97,11,2.8,11.922249421537385,0.0,7,58
2,97,12,2.8,15.355329877708932,0.0,7,58
2,97,13,2.8,10.919368624042791,0.0,7,58
2,97,14,2.8,10.275034850509476,0.0,7,58
2,97,15,3.0,10.554608600285173,0.0,7,58
2,97,16,2.8,13.225228788040596,0.0,7,58
2,97,17,2.8,15.19206948198668,0.0,7,58
2,97,18,3.2,9.30474493909121,0.0,7,58
2,97,19,2.8,9.170414942706207,0.0,7,58
2,97,20,3.0,9.15444655028835,0.0,7,58
3,97,1,2.8,9.235131752384344,0.0,7,58
3,97,2,2.8,11.190354305369212,0.0,7,58
3,97,3,2.8,12.26139830229626,0.0,7,58
3,97,4,2.8,9.120974757744419,0.0,7,58
3,97,5,2.8,9.719370345896685,0.0,7,58
3,97,6,2.8,9.620555284917971,0.0,7,58
3,97,7,2.8,9.085502790339223,0.0,7,58
3,97,8,2.8,11.626926381727541,0.0,7,58
3,97,9,2.8,12.789906723353255,0.0,7,58
3,97,10,2.8,11.59286500042645,0.0,7,58
3,97,11,2.8,11.806698668234544,0.0,7,58
3,97,12,3.2,10.217136988714925,0.0,7,58
3,97,13,3.0,10.850096786493273,0.0,7,58
3,97,14,3.0,9.196211955564454,0.0,7,58
3,97,15,2.8,14.89757522942278,0.0,7,58
3,97,16,3.0,9.940097953609882,0.0,7,58
3,97,17,2.8,13.050563962545867,0.0,7,58
3,97,18,3.0,11.410309770379465,0.0,7,58
3,97,19,2.8,13.668619201081196,0.0,7,58
3,97,20,2.8,9.768411705292747,0.0,7,58
3,97,21,2.8,10.17129326145681,0.0,7,58
3,97,22,3.0,10.791966182602593,0.0,7,58
1,98,1,4.6,7.816841356647989,0.0,7,58
1,98,2,3.6,9.197224016984237,0.0,7,58
1,98,3,3.4,7.847687530440651,0.0,7,58
1,98,4,2.8,15.415837217837286,0.0,7,58
1,98,5,3.0,10.869173265330158,0.0,7,58
1,98,6,3.2,9.089030638678771,0.0,7,58
1,98,7,2.8,10.554075793030119,0.0,7,58
1,98,8,2.8,11.054587460922999,0.0,7,58
1,98,9,2.8,11.939395250706447,0.0,7,58
1,98,10,2.8,15.384856878399374,0.0,7,58
1,98,11,2.8,20.704064004648977,0.0,7,58
1,98,12,2.8,13.47841101533379,0.0,7,58
1,98,13,2.8,15.638353552506723,0.0,7,58
1,98,14,3.0,11.688863965893479,0.0,7,58
1,98,15,2.8,14.834665688968373,0.0,7,58
1,98,16,2.8,12.212759264291991,0.0,7,58
1,98,17,3.2,8.136350927886703,0.0,7,58
1,98,18,3.2,8.12929793236791,0.0,7,58
1,98,19,3.2,10.603440433673,0.0,7,58
1,98,20,3.2,9.24219408426458,0.0,7,58
2,98,1,2.8,14.906512325948285,0.0,7,58
2,98,2,3.0,10.168907711311276,0.0,7,58
2,98,3,3.4,9.57526222345128,0.0,7,58
2,98,4,3.0,10.65143495189854,0.0,7,58
2,98,5,2.8,9.334490707708413,0.0,7,58
2,98,6,2.8,9.734503566030112,0.0,7,58
2,98,7,3.2,11.482907081975672,0.0,7,58
2,98,8,3.2,9.012419060404769,0.0,7,58
2,98,9,2.8,12.34437998205708,0.0,7,58
2,98,10,2.8,11.617197547619675,0.0,7,58
2,98,11,3.0,12.04478751811242,0.0,7,58
2,98,12,2.8,11.320114759716912,0.0,7,58
2,98,13,2.8,10.717613010210894,0.0,7,58
2,98,14,3.0,10.049185843516113,0.0,7,58
2,98,15,3.0,9.398971881427363,0.0,7,58
2,98,16,3.0,10.92444463382391,0.0,7,58
2,98,17,3.0,9.12253545844389,0.0,7,58
2,98,18,3.0,12.55656960413841,0.0,7,58
2,98,19,3.0,9.856607138165318,0.0,7,58
2,98,20,2.8,8.534788225986468,0.0,7,58
2,98,21,2.8,13.23348965700198,0.0,6,58
3,98,1,3.0,8.803715388326843,0.0,7,58
3,98,2,3.6,9.008536982085381,0.0,7,58
3,98,3,2.8,12.334981451718392,0.0,7,58
3,98,4,2.8,9.670547281596683,0.0,7,58
3,98,5,3.0,8.94603647513589,0.0,7,58
3,98,6,3.0,8.406315281952411,0.0,7,58
3,98,7,3.0,13.906378777579944,0.0,7,58
3,98,8,2.8,11.579199937294527,0.0,7,58
3,98,9,2.8,13.696061629728872,0.0,7,58
3,98,10,2.8,11.249524361580125,0.0,7,58
3,98,11,3.0,9.317099007824773,0.0,7,58
3,98,12,2.8,15.131864408492897,0.0,7,58
3,98,13,2.8,13.3209532132183,0.0,7,58
3,98,14,2.8,12.235646743009958,0.0,7,58
3,98,15,3.0,10.166731382872173,0.0,7,58
3,98,16,3.0,13.475209984979454,0.0,7,58
3,98,17,3.0,10.327622732594927,0.0,7,58
3,98,18,2.8,11.027499460697099,0.0,7,58
3,98,19,2.8,14.793293697825433,0.0,7,58
3,98,20,2.8,9.846007588371963,0.0,7,58
3,98,21,2.8,9.635698463704347,0.0,7,58
3,98,22,2.25,14.059595642999053,0.0,4,58
1,99,1,4.8,9.607045837564337,0.0,7,58
1,99,2,3.4,10.181628830885433,0.0,7,58
1,99,3,3.6,7.683349770657549,0.0,7,58
1,99,4,2.8,12.639597132766342,0.0,7,58
1,99,5,3.0,9.242415402259534,0.0,7,58
1,99,6,3.0,9.578286082020542,0.0,7,58
1,99,7,2.8,12.477103493866363,0.0,7,58
1,99,8,2.8,14.801762031390163,0.0,7,58
1,99,9,2.8,11.462471685118988,0.0,7,58
1,99,10,2.8,14.853933495173392,0.0,7,58
1,99,11,2.8,16.328251005329538,0.0,7,58
1,99,12,2.8,11.136884202183905,0.0,7,58
1,99,13,2.8,18.63701925809538,0.0,7,58
1,99,14,3.0,11.554389618685537,0.0,7,58
1,99,15,3.0,12.506250118075219,0.0,7,58
1,99,16,2.8,13.411550320708571,0.0,7,58
1,99,17,3.0,9.860856184283335,0.0,7,58
1,99,18,3.2,8.240464349107638,0.0,7,58
1,99,19,3.2,9.793502776207987,0.0,7,58
1,99,20,3.0,9.329743883908753,0.0,7,58
2,99,1,3.0,12.476959645530878,0.0,7,58
2,99,2,2.8,12.366829612260767,0.0,7,58
2,99,3,3.4,9.500890474927107,0.0,7,58
2,99,4,3.2,7.920072459544513,0.0,7,58
2,99,5,2.8,12.010030715705936,0.0,7,58
2,99,6,2.8,10.532524508150484,0.0,7,58
2,99,7,3.2,10.687415852130018,0.0,7,58
2,99,8,3.0,10.287250676155626,0.0,7,58
2,99,9,2.8,12.78298488108195,0.0,7,58
2,99,10,2.8,12.028448084258372,0.0,7,58
2,99,11,2.8,11.177956127440861,0.0,7,58
2,99,12,2.8,17.269807170165944,0.0,7,58
2,99,13,2.8,11.852605713341266,0.0,7,58
2,99,14,2.8,10.951530928792584,0.0,7,58
2,99,15,3.0,9.53959422415389,0.0,7,58
2,99,16,3.0,11.928546533072513,0.0,7,58
2,99,17,3.0,9.80621243467151,0.0,7,58
2,99,18,3.0,10.501610439001478,0.0,7,58
2,99,19,2.8,12.13980521730268,0.0,7,58
2,99,20,2.8,8.10501314424037,0.0,7,58
2,99,21,3.0,12.600308267824731,0.0,7,58
3,99,1,3.0,10.13071390421388,0.0,7,58
3,99,2,2.8,13.614633037384401,0.0,7,58
3,99,3,2.8,12.718385259535497,0.0,7,58
3,99,4,2.8,10.017635817700482,0.0,7,58
3,99,5,2.8,10.228836824324402,0.0,7,58
3,99,6,2.8,10.658238443342706,0.0,7,58
3,99,7,3.0,9.046015211399947,0.0,7,58
3,99,8,2.8,13.996381126587437,0.0,7,58
3,99,9,2.8,13.887147665869197,0.0,7,58
3,99,10,2.8,10.714009044460637,0.0,7,58
3,99,11,2.8,15.215242019462371,0.0,7,58
3,99,12,3.2,11.490615227683206,0.0,7,58
3,99,13,3.0,11.03805441827347,0.0,7,58
3,99,14,3.0,8.83952024193738,0.0,7,58
3,99,15,2.8,16.7216500719019,0.0,7,58
3,99,16,3.0,10.939428252068307,0.0,7,58
3,99,17,2.8,12.503563924385407,0.0,7,58
3,99,18,2.8,9.980681595023354,0.0,7,58
3,99,19,2.8,14.795749179523792,0.0,7,58
3,99,20,2.8,9.447648377763297,0.0,7,58
3,99,21,2.8,9.12661342621315,0.0,7,58
3,99,22,2.8,12.2258223357187,0.0,6,58
1,100,1,4.2,9.454183816083901,0.0,7,58
1,100,2,3.4,9.492543213025593,0.0,7,58
1,100,3,3.0,9.649746077362883,0.0,7,58
1,100,4,3.6,9.799898085035318,0.0,7,58
1,100,5,3.2,8.826786065104995,0.0,7,58
1,100,6,2.8,11.607530989783108,0.0,7,58
1,100,7,2.8,13.468729018882236,0.0,7,58
1,100,8,2.8,10.780033060758637,0.0,7,58
1,100,9,2.8,12.817635614129077,0.0,7,58
1,100,10,2.8,11.407316632511778,0.0,7,58
1,100,11,2.8,14.09778302310476,0.0,7,58
1,100,12,2.8,12.609850231808364,0.0,7,58
1,100,13,2.8,13.089801797430518,0.0,7,58
1,100,14,3.0,13.843044096244258,0.0,7,58
1,100,15,3.0,9.928315163208406,0.0,7,58
1,100,16,2.8,15.638028810241149,0.0,7,58
1,100,17,3.0,8.034473912477976,0.0,7,58
1,100,18,2.8,9.525180307977845,0.0,7,58
1,100,19,3.2,10.64820787341053,0.0,7,58
1,100,20,3.2,8.90566191596665,0.0,7,58
1,100,21,2.75,10.711405085366183,0.0,4,58
2,100,1,3.6,12.038514105995205,0.0,7,58
2,100,2,3.8,10.038776016898547,0.0,7,58
2,100,3,3.2,8.872332903677394,0.0,7,58
2,100,4,3.4,8.14047706280637,0.0,7,58
2,100,5,2.8,12.224826255135154,0.0,7,58
2,100,6,2.8,11.247941414695136,0.0,7,58
2,100,7,3.0,9.67574908080403,0.0,7,58
2,100,8,2.8,11.986448008497192,0.0,7,58
2,100,9,2.8,11.997249204826511,0.0,7,58
2,100,10,2.8,8.82055833085924,0.0,7,58
2,100,11,3.2,10.403836494334708,0.0,7,58
2,100,12,2.8,12.349212537766624,0.0,7,58
2,100,13,2.8,10.76420245384538,0.0,7,58
2,100,14,2.8,9.353842261758292,0.0,7,58
2,100,15,3.0,10.123928265888505,0.0,7,58
2,100,16,2.8,9.886678667022013,0.0,7,58
2,100,17,2.8,12.302165201174818,0.0,7,58
2,100,18,2.8,14.899865248911636,0.0,7,58
2,100,19,3.0,7.583690351648931,0.0,7,58
2,100,20,2.8,9.550780066921016,0.0,7,58
2,100,21,2.2,13.037060440859701,0.0,5,58
3,100,1,3.2,8.719932721542428,0.0,7,58
3,100,2,2.8,11.369242504884394,0.0,7,58
3,100,3,2.8,12.399995247511205,0.0,7,58
3,100,4,2.8,10.360939165990514,0.0,7,58
3,100,5,2.8,10.202161400911656,0.0,7,58
3,100,6,2.8,10.586326262462661,0.0,7,58
3,100,7,2.8,10.671324942158682,0.0,7,58
3,100,8,2.8,10.262319912257208,0.0,7,58
3,100,9,3.0,12.39182996593024,0.0,7,58
3,100,10,2.8,9.996565151955451,0.0,7,58
3,100,11,2.8,10.058632558286304,0.0,7,58
3,100,12,3.6,8.392397475480221,0.125,7,58
3,100,13,2.8,9.949581295647498,0.0,7,58
3,100,14,2.8,10.216007697911099,0.0,7,58
3,100,15,3.0,15.662890453852686,0.0,7,58
3,100,16,3.0,11.345118935047076,0.0,7,58
3,100,17,2.8,11.066273394579907,0.0,7,58
3,100,18,2.8,12.430108819807177,0.0,7,58
3,100,19,2.8,12.072046454544147,0.0,7,58
3,100,20,2.8,9.622377217137368,0.0,7,58
3,100,21,2.8,9.003195861073715,0.0,7,58
3,100,22,2.4,13.900880936902919,0.0,6,58
1,101,1,4.6,7.716741346039493,0.0,7,58
1,101,2,3.8,9.972192502992424,0.0,7,58
1,101,3,3.4,7.793474605976703,0.0,7,58
1,101,4,3.0,13.017409276853765,0.0,7,58
1,101,5,3.0,9.143904307845615,0.0,7,58
1,101,6,2.8,12.0774850015926,0.0,7,58
1,101,7,2.8,12.248848425751337,0.0,7,58
1,101,8,2.8,11.475621927460855,0.0,7,58
1,101,9,2.8,11.639594702894327,0.0,7,58
1,101,10,2.8,13.08056298247392,0.0,7,58
1,101,11,2.8,16.328251005329587,0.0,7,58
1,101,12,2.8,12.02590151862215,0.0,7,58
1,101,13,2.8,16.81667506398561,0.0,7,58
1,101,14,2.8,11.87456726577976,0.0,7,58
1,101,15,2.8,10.713597046001397,0.0,7,58
1,101,16,2.8,14.685290885886547,0.0,7,58
1,101,17,3.4,7.997213092585057,0.0,7,58
1,101,18,2.8,8.50151033462623,0.0,7,58
1,101,19,3.2,11.206238865946268,0.0,7,58
1,101,20,3.2,8.702668293246102,0.0,7,58
2,101,1,3.8,9.334473588835364,0.0,7,58
2,101,2,4.0,8.644702317899496,0.0,7,58
2,101,3,3.8,8.129909438905866,0.0,7,58
2,101,4,3.0,9.528361175867545,0.0,7,58
2,101,5,2.8,10.014162766331843,0.0,7,58
2,101,6,3.8,8.671813284612863,0.125,7,58
2,101,7,2.8,10.963870823069719,0.0,7,58
2,101,8,2.8,12.910400652392452,0.0,7,58
2,101,9,2.8,10.609293768467355,0.0,7,58
2,101,10,2.8,11.01081358781266,0.0,7,58
2,101,11,2.8,11.889622672110095,0.0,7,58
2,101,12,2.8,11.805620011858982,0.0,7,58
2,101,13,3.0,11.074879175016582,0.0,7,58
2,101,14,3.6,7.23732682112611,0.125,7,58
2,101,15,2.8,10.347880567083811,0.0,7,58
2,101,16,2.8,10.507635243490313,0.0,7,58
2,101,17,2.8,11.480040215462829,0.0,7,58
2,101,18,3.0,9.72691455682472,0.0,7,58
2,101,19,2.8,7.558935005793412,0.0,7,58
2,101,20,3.0,9.972834898214069,0.0,7,58
3,101,1,2.8,10.206004722243625,0.0,7,58
3,101,2,2.8,13.222526857020258,0.0,7,58
3,101,3,2.8,11.063675819059576,0.0,7,58
3,101,4,2.8,9.593077069699213,0.0,7,58
3,101,5,2.8,9.78154719023999,0.0,7,58
3,101,6,2.8,10.641639382061042,0.0,7,58
3,101,7,2.8,10.523737632378616,0.0,7,58
3,101,8,2.8,10.617700461353062,0.0,7,58
3,101,9,2.8,13.20408759029839,0.0,7,58
3,101,10,2.8,12.467214215039817,0.0,7,58
3,101,11,2.8,12.929904388283907,0.0,7,58
3,101,12,3.6,8.947537622744871,0.125,7,58
3,101,13,2.8,11.870896979239161,0.0,7,58
3,101,14,2.8,11.128248918247834,0.0,7,58
3,101,15,2.8,13.485157778197248,0.0,7,58
3,101,16,3.0,9.688170543521405,0.0,7,58
3,101,17,2.8,13.219814039949014,0.0,7,58
3,101,18,3.0,10.748573118238358,0.0,7,58
3,101,19,2.8,11.358607722383887,0.0,7,58
3,101,20,2.8,9.894840424112544,0.0,7,58
3,101,21,2.8,10.3960490302454,0.0,7,58
3,101,22,2.8,11.503479857629953,0.0,7,58
1,102,1,4.6,9.329614858488927,0.0,7,58
1,102,2,3.8,11.604512765831732,0.0,7,58
1,102,3,3.4,8.140920730980056,0.0,7,58
1,102,4,2.8,11.867915350760281,0.0,7,58
1,102,5,3.2,8.44947044243005,0.0,7,58
1,102,6,2.8,11.370995718071152,0.0,7,58
1,102,7,2.8,12.660603081639943,0.0,7,58
1,102,8,2.8,10.835927040222995,0.0,7,58
1,102,9,2.8,12.747616331241508,0.0,7,58
1,102,10,2.8,18.50258884767474,0.0,7,58
1,102,11,2.8,16.69004047900572,0.0,7,58
1,102,12,2.8,12.371553293233259,0.0,7,58
1,102,13,2.8,15.638353552506771,0.0,7,58
1,102,14,2.8,13.086590805922418,0.0,7,58
1,102,15,2.8,11.467981811398854,0.0,7,58
1,102,16,2.8,11.319790436634868,0.0,7,58
1,102,17,3.0,7.785349836398855,0.0,7,58
1,102,18,3.4,9.220025801745654,0.0,7,58
1,102,19,3.2,8.944536353314957,0.0,7,58
1,102,20,3.2,8.649641312657222,0.0,7,58
2,102,1,3.0,12.65771244643097,0.0,7,58
2,102,2,2.8,12.317019559250081,0.0,7,58
2,102,3,3.4,10.406132460136726,0.0,7,58
2,102,4,3.4,8.590266868934945,0.0,7,58
2,102,5,2.8,10.950264267652583,0.0,7,58
2,102,6,2.8,10.87063293268261,0.0,7,58
2,102,7,3.0,10.800203983427078,0.0,7,58
2,102,8,3.2,10.156092335209067,0.0,7,58
2,102,9,2.8,13.350597273224276,0.0,7,58
2,102,10,2.8,9.363128140660459,0.0,7,58
2,102,11,2.8,11.166852865238383,0.0,7,58
2,102,12,2.8,14.48328823909427,0.0,7,58
2,102,13,2.8,10.551208238626462,0.0,7,58
2,102,14,3.0,9.918808131837984,0.0,7,58
2,102,15,3.0,9.697009558411374,0.0,7,58
2,102,16,2.8,11.699720356725745,0.0,7,58
2,102,17,2.8,11.66028093345362,0.0,7,58
2,102,18,2.8,11.7585104209613,0.0,7,58
2,102,19,3.0,9.57047761726416,0.0,7,58
2,102,20,2.8,7.7851915951990875,0.0,7,58
2,102,21,3.0,10.501683355584515,0.0,7,58
3,102,1,3.0,9.681687240004857,0.0,7,58
3,102,2,2.8,13.376423612359623,0.0,7,58
3,102,3,2.8,9.588082245420606,0.0,7,58
3,102,4,2.8,10.034070654430993,0.0,7,58
3,102,5,2.8,9.978510665406295,0.0,7,58
3,102,6,2.8,8.89178486195242,0.0,7,58
3,102,7,2.8,12.136503381935961,0.0,7,58
3,102,8,2.8,12.154179868525858,0.0,7,58
3,102,9,3.0,10.255905234238842,0.0,7,58
3,102,10,2.8,11.608785330088844,0.0,7,58
3,102,11,2.8,12.381485960726982,0.0,7,58
3,102,12,3.2,9.003952825949478,0.0,7,58
3,102,13,3.4,8.962680871855557,0.0,7,58
3,102,14,3.0,10.182865784841026,0.0,7,58
3,102,15,3.0,13.529102456408559,0.0,7,58
3,102,16,2.8,13.604620570574644,0.0,7,58
3,102,17,2.8,12.047166843721012,0.0,7,58
3,102,18,2.8,12.110152354785075,0.0,7,58
3,102,19,2.8,13.817523233147302,0.0,7,58
3,102,20,2.8,8.792403675961951,0.0,7,58
3,102,21,2.8,10.4669316499643,0.0,7,58
3,102,22,2.4,13.622232807962453,0.0,6,58
1,103,1,4.2,9.424611429618054,0.0,7,58
1,103,2,3.4,11.000074539218478,0.0,7,58
1,103,3,3.0,10.966877198278796,0.0,7,58
1,103,4,3.4,8.500712417804802,0.0,7,58
1,103,5,3.0,11.486748202815221,0.0,7,58
1,103,6,2.8,9.740415957050303,0.0,7,58
1,103,7,2.8,12.367777405930228,0.0,7,58
1,103,8,2.8,11.964150954196636,0.0,7,58
1,103,9,2.8,15.85548651635155,0.0,7,58
1,103,10,2.8,12.492690862558549,0.0,7,58
1,103,11,2.8,13.64509772377798,0.0,7,58
1,103,12,2.8,14.29114576871781,0.0,7,58
1,103,13,2.8,12.26797648805246,0.0,7,58
1,103,14,2.8,13.743836373607005,0.0,7,58
1,103,15,2.8,12.949922658327154,0.0,7,58
1,103,16,2.8,14.13377074280815,0.0,7,58
1,103,17,3.0,10.56213058482476,0.0,7,58
1,103,18,3.0,9.05829001015139,0.0,7,58
1,103,19,3.4,9.902103008163673,0.0,7,58
1,103,20,2.8,12.028392246541506,0.0,7,58
1,103,21,3.0,9.630724368166412,0.0,6,58
2,103,1,3.4,12.662352757370254,0.0,7,58
2,103,2,4.0,7.919570420579055,0.0,7,58
2,103,3,3.6,8.850474133124152,0.0,7,58
2,103,4,3.2,7.444011997194746,0.0,7,58
2,103,5,2.8,11.87914164458529,0.0,7,58
2,103,6,3.0,11.353897370975007,0.0,7,58
2,103,7,3.0,11.087788573257985,0.0,7,58
2,103,8,3.0,9.677843219595859,0.0,7,58
2,103,9,2.8,16.516637086052086,0.0,7,58
2,103,10,2.8,9.144309412027427,0.0,7,58
2,103,11,2.8,13.491661687075704,0.0,7,58
2,103,12,2.8,11.809825989775229,0.0,7,58
2,103,13,2.8,11.597019227661997,0.0,7,58
2,103,14,2.8,9.006571594965408,0.0,7,58
2,103,15,3.0,12.496355833218256,0.0,7,58
2,103,16,2.8,12.055537863101504,0.0,7,58
2,103,17,2.8,11.222612087924574,0.0,7,58
2,103,18,3.0,10.807554337642998,0.0,7,58
2,103,19,3.0,7.534123886446378,0.0,7,58
2,103,20,3.0,8.061312578503971,0.0,7,58
2,103,21,2.0,22.853320608798438,0.0,4,58
3,103,1,3.0,7.904822010810535,0.0,7,58
3,103,2,2.8,10.379833553579514,0.0,7,58
3,103,3,2.8,12.210552978185524,0.0,7,58
3,103,4,2.8,10.719966529683491,0.0,7,58
3,103,5,2.8,9.962257181149715,0.0,7,58
3,103,6,2.8,9.60386375470859,0.0,7,58
3,103,7,3.0,11.365878613679143,0.0,7,58
3,103,8,2.8,9.267155217721582,0.0,7,58
3,103,9,2.8,13.982391918697667,0.0,7,58
3,103,10,2.8,11.042864985675356,0.0,7,58
3,103,11,2.8,12.559463375199075,0.0,7,58
3,103,12,3.2,9.876327268653956,0.0,7,58
3,103,13,3.0,10.861632258242206,0.0,7,58
3,103,14,2.8,10.224635887203453,0.0,7,58
3,103,15,2.8,16.338740553095278,0.0,7,58
3,103,16,3.0,9.662126717923284,0.0,7,58
3,103,17,2.8,12.992855011869876,0.0,7,58
3,103,18,3.0,10.16868121244429,0.0,7,58
3,103,19,2.8,11.173653247216846,0.0,7,58
3,103,20,2.8,9.433077017306152,0.0,7,58
3,103,21,2.8,9.92648829159672,0.0,7,58
3,103,22,2.8,11.939427083569274,0.0,6,58
1,104,1,4.6,8.15536870427591,0.0,7,58
1,104,2,3.8,9.699326129428345,0.0,7,58
1,104,3,3.4,8.390289484228772,0.0,7,58
1,104,4,2.8,13.458227753111698,0.0,7,58
1,104,5,3.2,7.958471331590497,0.0,7,58
1,104,6,2.8,11.017566870653928,0.0,7,58
1,104,7,2.8,11.37057420439943,0.0,7,58
1,104,8,2.8,10.058205854724962,0.0,7,58
1,104,9,2.8,11.227549081610407,0.0,7,58
1,104,10,2.8,14.461807513454353,0.0,7,58
1,104,11,2.8,15.25363050812839,0.0,7,58
1,104,12,2.8,11.813716086336676,0.0,7,58
1,104,13,2.8,19.293385854612396,0.0,7,58
1,104,14,2.8,10.471425950544138,0.0,7,58
1,104,15,2.8,9.379536461780418,0.0,7,58
1,104,16,2.8,13.531161357232783,0.0,7,58
1,104,17,3.0,8.198437986966823,0.0,7,58
1,104,18,2.8,11.420678070571762,0.0,7,58
1,104,19,3.2,9.612124670856867,0.0,7,58
1,104,20,3.0,10.196559712142575,0.0,7,58
1,104,21,2.4,13.829749568946484,0.0,5,58
2,104,1,3.6,10.862559044874338,0.0,7,58
2,104,2,3.8,8.72174770392067,0.0,7,58
2,104,3,3.4,11.062490386114057,0.0,7,58
2,104,4,3.0,12.341354097209182,0.0,7,58
2,104,5,2.8,11.001391140310574,0.0,7,58
2,104,6,2.8,11.961105772760327,0.0,7,58
2,104,7,3.2,9.959284556947397,0.0,7,58
2,104,8,2.8,12.399560885840787,0.0,7,58
2,104,9,2.8,12.668188064478064,0.0,7,58
2,104,10,2.8,10.153023481319922,0.0,7,58
2,104,11,2.8,13.82905847091153,0.0,7,58
2,104,12,2.8,11.936368710497655,0.0,7,58
2,104,13,2.8,10.304430425728988,0.0,7,58
2,104,14,2.8,9.866259080070378,0.0,7,58
2,104,15,3.2,10.192923369915988,0.0,7,58
2,104,16,2.8,9.688012838429207,0.0,7,58
2,104,17,2.8,12.11583175972656,0.0,7,58
2,104,18,3.0,12.813391644673109,0.0,7,58
2,104,19,3.0,7.46338558807518,0.0,7,58
2,104,20,2.8,9.123375978892696,0.0,7,58
2,104,21,2.2,13.32100908778738,0.0,5,58
3,104,1,2.8,8.796798248381274,0.0,7,58
3,104,2,2.8,12.170100728158955,0.0,7,58
3,104,3,2.8,12.067852840316778,0.0,7,58
3,104,4,2.8,9.593077069699143,0.0,7,58
3,104,5,2.8,10.29179775189792,0.0,7,58
3,104,6,2.8,10.697477939756268,0.0,7,58
3,104,7,2.8,10.310841213156912,0.0,7,58
3,104,8,2.8,10.058903434866545,0.0,7,58
3,104,9,2.8,14.053615174802204,0.0,7,58
3,104,10,2.8,11.356090297282506,0.0,7,58
3,104,11,2.8,10.508417461128698,0.0,7,58
3,104,12,3.2,12.168620019876585,0.0,7,58
3,104,13,3.2,8.410980770298313,0.0,7,58
3,104,14,2.8,9.951335398130118,0.0,7,58
3,104,15,2.8,17.153861772372768,0.0,7,58
3,104,16,3.0,11.340892676331094,0.0,7,58
3,104,17,2.8,14.785805603650719,0.0,7,58
3,104,18,2.8,9.887299428719105,0.0,7,58
3,104,19,2.8,10.206810808280771,0.0,7,58
3,104,20,2.8,11.798858703720452,0.0,7,58
3,104,21,2.8,10.410189110057907,0.0,7,58
3,104,22,2.8,9.756092147203088,0.0,7,58
1,105,1,4.8,8.308887416656601,0.0,7,58
1,105,2,3.6,10.214724102495543,0.0,7,58
1,105,3,3.2,7.98370771149803,0.0,7,58
1,105,4,3.0,12.047675129409315,0.0,7,58
1,105,5,3.2,8.978204333061345,0.0,7,58
1,105,6,2.8,11.017566870653916,0.0,7,58
1,105,7,2.8,9.911769734019877,0.0,7,58
1,105,8,2.8,9.37005416647376,0.0,7,58
1,105,9,2.8,12.457728873386616,0.0,7,58
1,105,10,2.8,14.461807513454433,0.0,7,58
1,105,11,2.8,13.41934408076734,0.0,7,58
1,105,12,2.8,10.720801984747785,0.0,7,58
1,105,13,2.8,16.677054426860664,0.0,7,58
1,105,14,2.8,11.945182878493076,0.0,7,58
1,105,15,2.8,12.464237672640918,0.0,7,58
1,105,16,3.0,11.429595998234092,0.0,7,58
1,105,17,3.0,8.194808627810326,0.0,7,58
1,105,18,3.2,8.792382839217925,0.0,7,58
1,105,19,3.0,10.544759984797539,0.0,7,58
1,105,20,3.0,10.655564688031806,0.0,7,58
1,105,21,2.5,9.6090384487845,0.0,4,58
2,105,1,2.8,13.859373335270845,0.0,7,58
2,105,2,3.0,10.375924396639153,0.0,7,58
2,105,3,3.4,11.373706897979634,0.0,7,58
2,105,4,3.2,9.031075458331202,0.0,7,58
2,105,5,2.8,10.763063508276439,0.0,7,58
2,105,6,2.8,13.049416606732624,0.0,7,58
2,105,7,3.0,11.301568367167565,0.0,7,58
2,105,8,2.8,11.793384137425232,0.0,7,58
2,105,9,2.8,13.85829840563597,0.0,7,58
2,105,10,2.8,13.125717064538687,0.0,7,58
2,105,11,3.0,9.037803940034106,0.0,7,58
2,105,12,3.0,12.788756389329274,0.0,7,58
2,105,13,2.8,12.01560302783642,0.0,7,58
2,105,14,2.8,13.760418267030978,0.0,7,58
2,105,15,3.0,8.399766148851244,0.0,7,58
2,105,16,3.2,10.22929715733499,0.0,7,58
2,105,17,2.8,11.910049784516326,0.0,7,58
2,105,18,3.0,11.338780539587617,0.0,7,58
2,105,19,2.8,9.964242152800203,0.0,7,58
2,105,20,2.8,7.835057591736873,0.0,7,58
2,105,21,3.0,10.501683355584683,0.0,7,58
3,105,1,2.8,9.463770740431961,0.0,7,58
3,105,2,2.8,11.59337785998361,0.0,7,58
3,105,3,2.8,14.2963085662599,0.0,7,58
3,105,4,2.8,9.474195842833701,0.0,7,58
3,105,5,2.8,9.642752111909438,0.0,7,58
3,105,6,2.8,10.586380728161473,0.0,7,58
3,105,7,2.8,10.089715437672886,0.0,7,58
3,105,8,2.8,11.944830346366299,0.0,7,58
3,105,9,2.8,11.964267295612236,0.0,7,58
3,105,10,2.8,12.96952210076706,0.0,7,58
3,105,11,2.8,11.496009140200977,0.0,7,58
3,105,12,3.2,12.672898314854425,0.0,7,58
3,105,13,3.2,8.7478239075314,0.0,7,58
3,105,14,2.8,9.244398151849591,0.0,7,58
3,105,15,2.8,13.544886662596209,0.0,7,58
3,105,16,3.0,8.659409910698358,0.0,7,58
3,105,17,2.8,14.609216090481084,0.0,7,58
3,105,18,2.8,11.462344850220465,0.0,7,58
3,105,19,2.8,10.78263225573847,0.0,7,58
3,105,20,2.8,12.321808673360247,0.0,7,58
3,105,21,2.8,9.416474566241334,0.0,7,58
3,105,22,3.2,10.712265982762805,0.0,7,58
1,106,1,4.2,10.791738084552838,0.0,7,58
1,106,2,3.4,9.675438866280308,0.0,7,58
1,106,3,3.0,11.087952192651379,0.0,7,58
1,106,4,3.2,10.192875073048386,0.0,7,58
1,106,5,3.2,8.49583539845019,0.0,7,58
1,106,6,2.8,10.94323726672506,0.0,7,58
1,106,7,2.8,14.761133643522916,0.0,7,58
1,106,8,2.8,9.247002068916913,0.0,7,58
1,106,9,2.8,15.649602903322414,0.0,7,58
1,106,10,2.8,12.784226751549864,0.0,7,58
1,106,11,2.8,13.342964923017615,0.0,7,58
1,106,12,2.8,12.749136836305702,0.0,7,58
1,106,13,2.8,11.719233648971109,0.0,7,58
1,106,14,2.8,11.490117337631728,0.0,7,58
1,106,15,2.8,12.339994265807833,0.0,7,58
1,106,16,2.8,12.364717307993358,0.0,7,58
1,106,17,3.0,9.000365359193085,0.0,7,58
1,106,18,2.8,9.192394767255871,0.0,7,58
1,106,19,3.0,11.93799957144328,0.0,7,58
1,106,20,3.0,9.600163302847994,0.0,7,58
1,106,21,3.4,7.7011881475858806,0.0,6,58
2,106,1,3.6,11.473905909201928,0.0,7,58
2,106,2,3.6,9.354744538441265,0.0,7,58
2,106,3,2.8,11.797558160674647,0.0,7,58
2,106,4,3.8,7.659732098078837,0.0,7,58
2,106,5,2.8,11.061079462705559,0.0,7,58
2,106,6,2.8,11.174385263184282,0.0,7,58
2,106,7,3.4,9.38778854336531,0.0,7,58
2,106,8,3.2,12.07363807596927,0.0,7,58
2,106,9,2.8,14.942860842217122,0.0,7,58
2,106,10,2.8,9.049598231211995,0.0,7,58
2,106,11,3.0,13.60939610609643,0.0,7,58
2,106,12,2.8,12.86003492445747,0.0,7,58
2,106,13,2.8,11.050376331826335,0.0,7,58
2,106,14,2.8,10.187789803356042,0.0,7,58
2,106,15,3.0,9.89461415155755,0.0,7,58
2,106,16,2.8,10.830665608081848,0.0,7,58
2,106,17,2.8,10.546025861072883,0.0,7,58
2,106,18,3.2,9.726587769485974,0.0,7,58
2,106,19,2.8,10.15934549238071,0.0,7,58
2,106,20,3.0,8.780549388467701,0.0,7,58
3,106,1,3.2,7.949257150243448,0.0,7,58
3,106,2,2.8,11.628639342605211,0.0,7,58
3,106,3,3.0,10.299542567191775,0.0,7,58
3,106,4,2.8,9.00673522109589,0.0,7,58
3,106,5,2.8,9.773106189603167,0.0,7,58
3,106,6,3.0,8.412421686428079,0.0,7,58
3,106,7,2.8,11.045752217725452,0.0,7,58
3,106,8,3.0,9.586188059198292,0.0,7,58
3,106,9,2.8,12.674165112140633,0.0,7,58
3,106,10,2.8,10.966372468577891,0.0,7,58
3,106,11,3.0,11.117132224380274,0.0,7,58
3,106,12,2.8,11.974448725922088,0.0,7,58
3,106,13,3.2,8.620122624746179,0.0,7,58
3,106,14,2.8,13.174004873299966,0.0,7,58
3,106,15,3.0,10.70990977526597,0.0,7,58
3,106,16,3.0,12.218905778910843,0.0,7,58
3,106,17,2.8,11.965151674933727,0.0,7,58
3,106,18,2.8,10.438469016016526,0.0,7,58
3,106,19,2.8,14.707904440389715,0.0,7,58
3,106,20,2.8,8.682966994198098,0.0,7,58
3,106,21,3.0,8.474756673323705,0.0,7,58
3,106,22,2.0,18.078648239237992,0.0,5,58
1,107,1,4.4,9.992059065489054,0.0,7,58
1,107,2,3.6,10.354717098141064,0.0,7,58
1,107,3,3.2,7.676002926825001,0.0,7,58
1,107,4,3.0,12.386409621678414,0.0,7,58
1,107,5,3.2,9.332581614132561,0.0,7,58
1,107,6,2.8,8.925490052562592,0.0,7,58
1,107,7,2.8,12.213053077100186,0.0,7,58
1,107,8,2.8,11.056951853030968,0.0,7,58
1,107,9,2.8,14.107994576557829,0.0,7,58
1,107,10,2.8,14.724208350148785,0.0,7,58
1,107,11,2.8,12.863894225909029,0.0,7,58
1,107,12,2.8,12.03081919073359,0.0,7,58
1,107,13,2.8,12.140425546969489,0.0,7,58
1,107,14,2.8,11.203735468883714,0.0,7,58
1,107,15,3.0,9.981214812443294,0.0,7,58
1,107,16,2.8,14.709624087426636,0.0,7,58
1,107,17,3.0,8.21832959435175,0.0,7,58
1,107,18,3.0,9.738742090016862,0.0,7,58
1,107,19,3.2,11.794477539948275,0.0,7,58
1,107,20,2.8,10.049501027115415,0.0,7,58
1,107,21,2.6,10.570472835248706,0.0,5,58
2,107,1,3.0,12.130510973376781,0.0,7,58
2,107,2,2.8,12.467668164837955,0.0,7,58
2,107,3,3.4,11.655479345019293,0.0,7,58
2,107,4,3.2,8.575236860021793,0.0,7,58
2,107,5,2.8,11.279132729483647,0.0,7,58
2,107,6,3.0,10.048414553432528,0.0,7,58
2,107,7,3.2,9.947750410150906,0.0,7,58
2,107,8,3.2,11.237070098250063,0.0,7,58
2,107,9,2.8,11.154299709246734,0.0,7,58
2,107,10,2.8,9.892772735399637,0.0,7,58
2,107,11,3.0,10.986572755344262,0.0,7,58
2,107,12,2.8,12.213680672943006,0.0,7,58
2,107,13,2.8,11.73443669181319,0.0,7,58
2,107,14,3.0,9.718931133004727,0.0,7,58
2,107,15,3.0,10.74053997190268,0.0,7,58
2,107,16,2.8,12.651493703655746,0.0,7,58
2,107,17,2.8,11.18881911623136,0.0,7,58
2,107,18,3.0,15.325338880228287,0.0,7,58
2,107,19,3.0,8.819086147421874,0.0,7,58
2,107,20,2.8,7.967738679479697,0.0,7,58
2,107,21,2.8,13.008320654971422,0.0,6,58
3,107,1,2.8,11.196211084043096,0.0,7,58
3,107,2,2.8,10.37416927889937,0.0,7,58
3,107,3,2.8,11.653949765780713,0.0,7,58
3,107,4,2.8,9.28717401668325,0.0,7,58
3,107,5,2.8,9.16586937011792,0.0,7,58
3,107,6,2.8,8.99780706783988,0.0,7,58
3,107,7,2.8,8.965636898283877,0.0,7,58
3,107,8,2.8,11.716016159573995,0.0,7,58
3,107,9,2.8,14.183982645514721,0.0,7,58
3,107,10,3.0,10.178704142683511,0.0,7,58
3,107,11,2.8,13.680921699592542,0.0,7,58
3,107,12,3.0,10.838754290965074,0.0,7,58
3,107,13,3.2,8.319452683780867,0.0,7,58
3,107,14,3.0,9.84804414255525,0.0,7,58
3,107,15,2.8,13.641936874797258,0.0,7,58
3,107,16,3.2,9.860745681744344,0.0,7,58
3,107,17,2.8,12.253067435759869,0.0,7,58
3,107,18,2.8,11.811832250303366,0.0,7,58
3,107,19,2.8,13.857126237419118,0.0,7,58
3,107,20,2.8,9.029222688457304,0.0,7,58
3,107,21,2.8,10.12365668125137,0.0,7,58
3,107,22,2.8,11.237448016667914,0.0,6,58
1,108,1,4.2,9.498892010308774,0.0,7,58
1,108,2,3.6,10.411548615436736,0.0,7,58
1,108,3,3.2,8.757849224027446,0.0,7,58
1,108,4,3.2,9.454894957317052,0.0,7,58
1,108,5,3.2,8.97133714675069,0.0,7,58
1,108,6,2.8,11.58521517038412,0.0,7,58
1,108,7,2.8,12.543541811939543,0.0,7,58
1,108,8,2.8,11.056951853030956,0.0,7,58
1,108,9,2.8,13.446882528752647,0.0,7,58
1,108,10,2.8,11.472469048929202,0.0,7,58
1,108,11,2.8,12.041337159695889,0.0,7,58
1,108,12,2.8,13.824887830264188,0.0,7,58
1,108,13,2.8,13.061429619997574,0.0,7,58
1,108,14,2.8,13.82564201170812,0.0,7,58
1,108,15,3.0,11.483903074378844,0.0,7,58
1,108,16,2.8,11.61832809628118,0.0,7,58
1,108,17,3.0,8.692526194508247,0.0,7,58
1,108,18,3.2,8.715721000830065,0.0,7,58
1,108,19,3.0,12.240795809517385,0.0,7,58
1,108,20,3.0,10.162169174532364,0.0,7,58
1,108,21,3.0,8.981849431151968,0.0,4,58
2,108,1,3.6,9.615848526152455,0.0,7,58
2,108,2,3.0,10.948044705806357,0.0,7,58
2,108,3,3.4,8.705334356664556,0.0,7,58
2,108,4,3.0,9.888252814111642,0.0,7,58
2,108,5,3.0,11.179062375549806,0.0,7,58
2,108,6,2.8,9.753462431940745,0.0,7,58
2,108,7,3.2,10.017076185259555,0.0,7,58
2,108,8,3.0,10.626981818415976,0.0,7,58
2,108,9,2.8,13.49644991142565,0.0,7,58
2,108,10,2.8,9.6879006261584,0.0,7,58
2,108,11,2.8,12.87881413481842,0.0,7,58
2,108,12,2.8,11.513160041611672,0.0,7,58
2,108,13,2.8,12.859483982554938,0.0,7,58
2,108,14,2.8,9.616780470179108,0.0,7,58
2,108,15,3.0,9.432018506858274,0.0,7,58
2,108,16,2.8,12.029409570903464,0.0,7,58
2,108,17,2.8,9.667803966450714,0.0,7,58
2,108,18,3.0,14.663950475235003,0.0,7,58
2,108,19,2.8,9.071750080347035,0.0,7,58
2,108,20,2.8,8.327838804678375,0.0,7,58
2,108,21,3.0,10.031738819979385,0.0,7,58
3,108,1,3.0,10.406510016605,0.0,7,58
3,108,2,2.8,11.07529048381297,0.0,7,58
3,108,3,2.8,10.88494691290523,0.0,7,58
3,108,4,2.8,10.201434403612808,0.0,7,58
3,108,5,2.8,9.296017696781908,0.0,7,58
3,108,6,2.8,7.77302425968821,0.0,7,58
3,108,7,3.0,10.765688185411827,0.0,7,58
3,108,8,2.8,10.245129511486143,0.0,7,58
3,108,9,2.8,16.248299677012863,0.0,7,58
3,108,10,2.8,10.028850950530511,0.0,7,58
3,108,11,2.8,12.06399577972441,0.0,7,58
3,108,12,3.0,12.788091237181002,0.0,7,58
3,108,13,3.0,9.334401939166993,0.0,7,58
3,108,14,2.8,12.466530313569269,0.0,7,58
3,108,15,2.8,13.425953353989044,0.0,7,58
3,108,16,3.2,10.088722350720872,0.0,7,58
3,108,17,2.8,12.463323914080446,0.0,7,58
3,108,18,3.0,10.971278222400093,0.0,7,58
3,108,19,2.8,12.497948813118896,0.0,7,58
3,108,20,2.8,9.404068724518446,0.0,7,58
3,108,21,2.8,9.40737062833177,0.0,7,58
3,108,22,2.8,10.76284653967223,0.0,7,58
1,109,1,4.6,8.671751776013274,0.0,7,58
1,109,2,3.8,10.95077675043712,0.0,7,58
1,109,3,3.4,7.616174339445408,0.0,7,58
1,109,4,2.8,11.123100865245362,0.0,7,58
1,109,5,3.2,7.437850151566789,0.0,7,58
1,109,6,3.0,9.919783785444404,0.0,7,58
1,109,7,2.8,11.83151260022379,0.0,7,58
1,109,8,2.8,12.430896748097735,0.0,7,58
1,109,9,2.8,10.283410251395118,0.0,7,58
1,109,10,2.8,15.307633749699212,0.0,7,58
1,109,11,2.8,18.823112979357138,0.0,7,58
1,109,12,2.8,9.656118248582036,0.0,7,58
1,109,13,2.8,14.179587979034018,0.0,7,58
1,109,14,2.8,13.479489344025346,0.0,7,58
1,109,15,2.8,11.012224483691469,0.0,7,58
1,109,16,3.0,11.934028242908365,0.0,7,58
1,109,17,3.2,8.833324470774283,0.0,7,58
1,109,18,3.0,8.286773274430267,0.0,7,58
1,109,19,3.2,9.084800897833832,0.0,7,58
1,109,20,3.0,8.476686793552147,0.0,7,58
2,109,1,3.6,10.10852293968987,0.0,7,58
2,109,2,3.8,8.479897142589204,0.0,7,58
2,109,3,3.4,9.411299654968968,0.0,7,58
2,109,4,3.2,8.334862204211332,0.0,7,58
2,109,5,2.8,10.800082668381092,0.0,7,58
2,109,6,2.8,9.711912906918288,0.0,7,58
2,109,7,3.4,9.032954998416201,0.0,7,58
2,109,8,3.0,11.120792905313037,0.0,7,58
2,109,9,2.8,14.11519528126215,0.0,7,58
2,109,10,2.8,8.904666774979516,0.0,7,58
2,109,11,2.8,15.052247486137281,0.0,7,58
2,109,12,2.8,10.510894755199992,0.0,7,58
2,109,13,2.8,10.648079718227196,0.0,7,58
2,109,14,2.8,8.774002102621202,0.0,7,58
2,109,15,3.2,9.658064698563221,0.0,7,58
2,109,16,2.8,12.094265750769646,0.0,7,58
2,109,17,2.8,10.21148114661101,0.0,7,58
2,109,18,2.8,10.82999798073136,0.0,7,58
2,109,19,3.0,9.090689282236035,0.0,7,58
2,109,20,3.0,8.347369013644967,0.0,7,58
2,109,21,2.0,27.16765019357134,0.0,4,58
3,109,1,3.0,9.341575205350006,0.0,7,58
3,109,2,2.8,12.578623436637546,0.0,7,58
3,109,3,2.8,11.142748140988653,0.0,7,58
3,109,4,2.8,11.863625520313994,0.0,7,58
3,109,5,2.8,10.332519629809218,0.0,7,58
3,109,6,2.8,9.213251658185065,0.0,7,58
3,109,7,2.8,9.483182369357863,0.0,7,58
3,109,8,2.8,12.276157760717375,0.0,7,58
3,109,9,2.8,11.963487307664936,0.0,7,58
3,109,10,2.8,10.245811398222322,0.0,7,58
3,109,11,3.0,10.655152409544764,0.0,7,58
3,109,12,3.6,9.121395430292258,0.125,7,58
3,109,13,2.8,12.764369842901862,0.0,7,58
3,109,14,2.8,9.473676762013271,0.0,7,58
3,109,15,2.8,22.67238437399369,0.0,7,58
3,109,16,3.0,9.895202667928478,0.0,7,58
3,109,17,2.8,11.80376180460043,0.0,7,58
3,109,18,2.8,13.102335697676097,0.0,7,58
3,109,19,2.8,11.25590756391865,0.0,7,58
3,109,20,2.8,10.377391363345263,0.0,7,58
3,109,21,2.8,10.560667077970109,0.0,7,58
3,109,22,2.8,12.68213874411834,0.0,6,58
1,110,1,4.6,9.117867913499238,0.0,7,58
1,110,2,3.6,9.74768811081118,0.0,7,58
1,110,3,3.2,8.374673776072637,0.0,7,58
1,110,4,3.2,11.274116393822435,0.0,7,58
1,110,5,3.2,8.000737076552795,0.0,7,58
1,110,6,2.8,9.879588559094387,0.0,7,58
1,110,7,2.8,12.52898691565504,0.0,7,58
1,110,8,2.8,13.040088146965912,0.0,7,58
1,110,9,2.8,10.922296691786217,0.0,7,58
1,110,10,2.8,15.913007709934334,0.0,7,58
1,110,11,2.8,15.40965581085015,0.0,7,58
1,110,12,2.8,10.126290202859325,0.0,7,58
1,110,13,2.8,19.231811831126997,0.0,7,58
1,110,14,3.0,10.380114046115875,0.0,7,58
1,110,15,3.0,11.547625303418803,0.0,7,58
1,110,16,2.8,12.572132709135074,0.0,7,58
1,110,17,3.2,9.35438973419855,0.0,7,58
1,110,18,3.0,9.501983961530492,0.0,7,58
1,110,19,3.2,9.237999540382978,0.0,7,58
1,110,20,3.0,9.229715111299866,0.0,7,58
2,110,1,3.0,14.350578028527854,0.0,7,58
2,110,2,2.8,11.190242176726361,0.0,7,58
2,110,3,3.2,9.986702839731223,0.0,7,58
2,110,4,3.6,8.317879653770014,0.0,7,58
2,110,5,2.8,10.571714467965215,0.0,7,58
2,110,6,2.8,9.41480974593287,0.0,7,58
2,110,7,3.2,9.28338513485062,0.0,7,58
2,110,8,2.8,11.099910611806846,0.0,7,58
2,110,9,2.8,11.934875102114232,0.0,7,58
2,110,10,2.8,9.969696938584091,0.0,7,58
2,110,11,2.8,12.012196957884797,0.0,7,58
2,110,12,2.8,12.25305314515497,0.0,7,58
2,110,13,2.8,12.280999390608168,0.0,7,58
2,110,14,2.8,13.791447030643884,0.0,7,58
2,110,15,3.0,9.407534246528062,0.0,7,58
2,110,16,2.8,13.223208359104094,0.0,7,58
2,110,17,2.8,11.12103638449413,0.0,7,58
2,110,18,2.8,13.24354444240901,0.0,7,58
2,110,19,3.0,11.257516609629775,0.0,7,58
2,110,20,3.0,7.5657683166790495,0.0,7,58
2,110,21,3.0,9.786370266212689,0.0,7,58
3,110,1,3.2,8.11807667673672,0.0,7,58
3,110,2,2.8,12.769762674356588,0.0,7,58
3,110,3,3.0,12.236531413188557,0.0,7,58
3,110,4,2.8,8.589324732541604,0.0,7,58
3,110,5,2.8,10.548464979511852,0.0,7,58
3,110,6,2.8,9.614539677743185,0.0,7,58
3,110,7,3.0,9.502836974778628,0.0,7,58
3,110,8,2.8,9.966472500321117,0.0,7,58
3,110,9,2.8,13.844318034487793,0.0,7,58
3,110,10,2.8,11.25582443449549,0.0,7,58
3,110,11,2.8,11.913765018901394,0.0,7,58
3,110,12,3.6,8.771249043004408,0.125,7,58
3,110,13,2.8,10.257645738721187,0.0,7,58
3,110,14,2.8,11.847054860594838,0.0,7,58
3,110,15,2.8,12.098288234696865,0.0,7,58
3,110,16,2.8,11.717198335424008,0.0,7,58
3,110,17,2.8,11.556604140031853,0.0,7,58
3,110,18,3.0,10.183195721884982,0.0,7,58
3,110,19,3.0,11.941276429654799,0.0,7,58
3,110,20,2.8,9.462090371459222,0.0,7,58
3,110,21,2.8,9.469638226224845,0.0,7,58
3,110,22,2.2,15.798749250362258,0.0,5,58
1,111,1,4.4,8.886875917038147,0.0,7,58
1,111,2,3.6,9.271387150074318,0.0,7,58
1,111,3,3.2,7.312717945893386,0.0,7,58
1,111,4,3.2,10.04695499800366,0.0,7,58
1,111,5,3.0,9.33667792126409,0.0,7,58
1,111,6,3.0,9.096281223964615,0.0,7,58
1,111,7,2.8,12.354845234060617,0.0,7,58
1,111,8,2.8,10.895330878304838,0.0,7,58
1,111,9,2.8,13.878590949970029,0.0,7,58
1,111,10,2.8,13.758093392650476,0.0,7,58
1,111,11,2.8,12.779425946550463,0.0,7,58
1,111,12,2.8,12.96012242546247,0.0,7,58
1,111,13,2.8,13.833932837505198,0.0,7,58
1,111,14,2.8,10.75406569273418,0.0,7,58
1,111,15,2.8,13.35304772671337,0.0,7,58
1,111,16,3.0,12.247691554621555,0.0,7,58
1,111,17,3.0,8.380873450097008,0.0,7,58
1,111,18,3.2,8.43611643784286,0.0,7,58
1,111,19,3.0,10.472120850302757,0.0,7,58
1,111,20,3.0,8.702293678545477,0.0,7,58
1,111,21,2.2,15.025087316143699,0.0,5,58
2,111,1,3.0,12.476959645530934,0.0,7,58
2,111,2,2.8,10.700781301555756,0.0,7,58
2,111,3,3.4,9.442219756415446,0.0,7,58
2,111,4,3.0,9.348920440756977,0.0,7,58
2,111,5,2.8,11.917205124324672,0.0,7,58
2,111,6,2.8,10.539708937876599,0.0,7,58
2,111,7,3.0,15.095183809785201,0.0,7,58
2,111,8,3.0,10.260843898770997,0.0,7,58
2,111,9,2.8,14.7258315683932,0.0,7,58
2,111,10,2.8,11.432759076757845,0.0,7,58
2,111,11,2.8,10.490130756675685,0.0,7,58
2,111,12,2.8,11.921301852365525,0.0,7,58
2,111,13,2.8,12.267121870763566,0.0,7,58
2,111,14,2.8,10.699106997454333,0.0,7,58
2,111,15,3.0,9.331960254882985,0.0,7,58
2,111,16,2.8,13.734217786088262,0.0,7,58
2,111,17,2.8,10.66191547123973,0.0,7,58
2,111,18,2.8,11.107559652282557,0.0,7,58
2,111,19,3.2,10.131317907244021,0.0,7,58
2,111,20,2.8,9.44397058871408,0.0,7,58
2,111,21,3.0,10.266495470686714,0.0,7,58
3,111,1,3.4,9.211523372944958,0.0,7,58
3,111,2,3.0,10.792031052935462,0.0,7,58
3,111,3,3.0,11.50097921987728,0.0,7,58
3,111,4,2.8,9.889461893116444,0.0,7,58
3,111,5,3.2,8.687621717934476,0.0,7,58
3,111,6,2.8,9.334355309078552,0.0,7,58
3,111,7,3.0,12.360625448508944,0.0,7,58
3,111,8,2.8,11.25945034316349,0.0,7,58
3,111,9,2.8,12.194185273606324,0.0,7,58
3,111,10,2.8,13.1904388000774,0.0,7,58
3,111,11,3.6,7.890828960776402,0.125,7,58
3,111,12,3.0,11.618531191938972,0.0,7,58
3,111,13,3.0,9.593753757904011,0.0,7,58
3,111,14,3.0,13.719794528591105,0.0,7,58
3,111,15,3.2,11.58147032002418,0.0,7,58
3,111,16,2.8,12.542747738380879,0.0,7,58
3,111,17,2.8,11.62298031267492,0.0,7,58
3,111,18,2.8,12.697247008258321,0.0,7,58
3,111,19,2.8,10.968201197869302,0.0,7,58
3,111,20,2.8,10.373156112318567,0.0,7,58
3,111,21,3.0,9.65765855808987,0.0,7,58
1,112,1,4.4,7.825179968328271,0.0,7,58
1,112,2,3.6,11.457204995352923,0.0,7,58
1,112,3,3.6,7.3137122829969945,0.0,7,58
1,112,4,3.0,14.273537776350851,0.0,7,58
1,112,5,3.2,8.344171477316518,0.0,7,58
1,112,6,2.8,11.957656134493412,0.0,7,58
1,112,7,2.8,10.094408792458957,0.0,7,58
1,112,8,2.8,9.101172055540186,0.0,7,58
1,112,9,2.8,14.289235237495005,0.0,7,58
1,112,10,2.8,14.927525081106555,0.0,7,58
1,112,11,2.8,12.957658118034901,0.0,7,58
1,112,12,2.8,11.653789516931543,0.0,7,58
1,112,13,2.8,18.465689766746316,0.0,7,58
1,112,14,3.0,11.444668779007252,0.0,7,58
1,112,15,2.8,13.657878492582535,0.0,7,58
1,112,16,2.8,9.791721509568193,0.0,7,58
1,112,17,3.0,8.56764577724618,0.0,7,58
1,112,18,3.0,8.979305246321681,0.0,7,58
1,112,19,2.8,12.521660986531165,0.0,7,58
1,112,20,3.0,10.060375511133426,0.0,7,58
1,112,21,2.4,10.88262298998204,0.0,5,58
2,112,1,3.0,15.634518696047907,0.0,7,58
2,112,2,2.8,10.71953618990251,0.0,7,58
2,112,3,3.4,10.549728887785948,0.0,7,58
2,112,4,3.4,7.801348890466026,0.0,7,58
2,112,5,3.0,9.885691782636211,0.0,7,58
2,112,6,3.0,8.62070668582851,0.0,7,58
2,112,7,3.2,9.78961699095549,0.0,7,58
2,112,8,3.4,9.008588589752241,0.0,7,58
2,112,9,2.8,11.610441231273514,0.0,7,58
2,112,10,2.8,8.777734227567425,0.0,7,58
2,112,11,3.0,11.922796145846124,0.0,7,58
2,112,12,2.8,13.057645340514256,0.0,7,58
2,112,13,2.8,10.218351304409245,0.0,7,58
2,112,14,3.2,9.64708861035152,0.0,7,58
2,112,15,3.0,11.558924455982227,0.0,7,58
2,112,16,2.8,11.188928852033019,0.0,7,58
2,112,17,2.8,12.401947715269532,0.0,7,58
2,112,18,2.8,14.374584015267722,0.0,7,58
2,112,19,3.0,8.000330190002657,0.0,7,58
2,112,20,2.8,8.454932647985213,0.0,7,58
2,112,21,2.2,14.557564101633144,0.0,5,58
3,112,1,3.2,7.847264741003897,0.0,7,58
3,112,2,2.8,9.678125577800815,0.0,7,58
3,112,3,3.0,10.714536911640046,0.0,7,58
3,112,4,2.8,8.036312284749648,0.0,7,58
3,112,5,2.8,10.35206921496858,0.0,7,58
3,112,6,2.8,10.615821556063278,0.0,7,58
3,112,7,3.0,10.390784511159012,0.0,7,58
3,112,8,2.8,10.165248393759079,0.0,7,58
3,112,9,2.8,15.375694565889905,0.0,7,58
3,112,10,2.8,11.619346636067954,0.0,7,58
3,112,11,2.8,13.25654797979059,0.0,7,58
3,112,12,2.8,11.18588659092978,0.0,7,58
3,112,13,3.2,10.289406323021684,0.0,7,58
3,112,14,3.0,8.959127624326731,0.0,7,58
3,112,15,3.0,14.476548425815361,0.0,7,58
3,112,16,2.8,11.650240266822165,0.0,7,58
3,112,17,2.8,12.47597866945078,0.0,7,58
3,112,18,3.0,10.44403110637489,0.0,7,58
3,112,19,2.8,12.339969877267533,0.0,7,58
3,112,20,2.8,10.032769869564836,0.0,7,58
3,112,21,2.8,9.46287716514159,0.0,7,58
3,112,22,2.4,14.77392157757386,0.0,5,58
1,113,1,4.2,9.544025057673432,0.0,7,58
1,113,2,3.6,9.931107752212982,0.0,7,58
1,113,3,3.4,9.799801974686705,0.0,7,58
1,113,4,3.4,10.352758637880587,0.0,7,58
1,113,5,3.0,9.474930073985394,0.0,7,58
1,113,6,2.8,9.392103440631704,0.0,7,58
1,113,7,2.8,10.727315391638697,0.0,7,58
1,113,8,2.8,9.71809074675849,0.0,7,58
1,113,9,2.8,16.23408887747249,0.0,7,58
1,113,10,2.8,12.173824072197558,0.0,7,58
1,113,11,2.8,14.536614459357407,0.0,7,58
1,113,12,2.8,10.723101114339523,0.0,7,58
1,113,13,2.8,13.083064100196161,0.0,7,58
1,113,14,2.8,12.289268031797834,0.0,7,58
1,113,15,3.0,10.077749536605634,0.0,7,58
1,113,16,2.8,13.90586082786044,0.0,7,58
1,113,17,3.0,9.007226587675303,0.0,7,58
1,113,18,2.8,10.710237249936212,0.0,7,58
1,113,19,3.2,9.815665423401171,0.0,7,58
1,113,20,3.0,9.342876183556067,0.0,7,58
1,113,21,2.4,13.136346697494526,0.0,5,58
2,113,1,3.0,16.521417602979017,0.0,7,58
2,113,2,2.8,11.506017938391548,0.0,7,58
2,113,3,3.8,9.202309941922337,0.125,7,58
2,113,4,3.0,11.261584513168579,0.0,7,58
2,113,5,2.8,11.817758439209731,0.0,7,58
2,113,6,2.8,10.42589672195096,0.0,7,58
2,113,7,3.2,9.426464901429528,0.0,7,58
2,113,8,3.0,11.086269664993285,0.0,7,58
2,113,9,2.8,13.065399333699379,0.0,7,58
2,113,10,2.8,10.669881242640422,0.0,7,58
2,113,11,2.8,12.438640952835826,0.0,7,58
2,113,12,2.8,10.631410511549849,0.0,7,58
2,113,13,2.8,10.425312131638139,0.0,7,58
2,113,14,3.0,10.408317513334644,0.0,7,58
2,113,15,3.0,10.181275899915105,0.0,7,58
2,113,16,2.8,11.352263468385143,0.0,7,58
2,113,17,2.8,10.738968179239821,0.0,7,58
2,113,18,3.0,11.640918029204528,0.0,7,58
2,113,19,3.0,9.200174132723046,0.0,7,58
2,113,20,2.8,8.263634220093293,0.0,7,58
2,113,21,3.0,11.014516677432372,0.0,7,58
3,113,1,3.0,8.89332429179921,0.0,7,58
3,113,2,2.8,10.155770818267461,0.0,7,58
3,113,3,2.8,11.855518806822923,0.0,7,58
3,113,4,2.8,9.824536143953056,0.0,7,58
3,113,5,2.8,8.495450071911781,0.0,7,58
3,113,6,2.8,8.222367663813127,0.0,7,58
3,113,7,3.0,10.208638034659213,0.0,7,58
3,113,8,2.8,11.120654747310114,0.0,7,58
3,113,9,2.8,13.19790992614891,0.0,7,58
3,113,10,2.8,11.12319806678212,0.0,7,58
3,113,11,2.8,11.562254999646523,0.0,7,58
3,113,12,3.2,10.762685536112418,0.0,7,58
3,113,13,3.2,9.580248697289267,0.0,7,58
3,113,14,3.0,9.078818366578222,0.0,7,58
3,113,15,3.0,14.408340946528773,0.0,7,58
3,113,16,3.0,9.959536290299704,0.0,7,58
3,113,17,2.8,10.736042619708435,0.0,7,58
3,113,18,3.0,9.686834924150004,0.0,7,58
3,113,19,2.8,15.451028259828965,0.0,7,58
3,113,20,2.8,9.123343449563395,0.0,7,58
3,113,21,2.8,9.882780168545889,0.0,7,58
3,113,22,2.2,14.840384424131688,0.0,5,58
1,114,1,4.6,8.100553983382067,0.0,7,58
1,114,2,3.8,10.089063957934712,0.0,7,58
1,114,3,3.4,7.947655405827668,0.0,7,58
1,114,4,2.8,12.130713531238953,0.0,7,58
1,114,5,3.2,9.100230585369822,0.0,7,58
1,114,6,2.8,10.111679982807008,0.0,7,58
1,114,7,2.8,11.634002037972474,0.0,7,58
1,114,8,2.8,12.295115943015853,0.0,7,58
1,114,9,2.8,12.230175666093569,0.0,7,58
1,114,10,2.8,15.503602118869745,0.0,7,58
1,114,11,2.8,14.518613733368744,0.0,7,58
1,114,12,2.8,9.926128769535525,0.0,7,58
1,114,13,2.8,17.970094347529034,0.0,7,58
1,114,14,2.8,11.067624358804968,0.0,7,58
1,114,15,3.0,10.641523481819997,0.0,7,58
1,114,16,2.8,10.967967103677314,0.0,7,58
1,114,17,3.0,8.250910789267895,0.0,7,58
1,114,18,3.0,8.462312406440416,0.0,7,58
1,114,19,3.2,11.375473096819949,0.0,7,58
1,114,20,3.0,11.231510349877368,0.0,7,58
1,114,21,2.5,11.404922314491,0.0,4,58
2,114,1,3.6,10.881885816491431,0.0,7,58
2,114,2,3.0,11.907182695916806,0.0,7,58
2,114,3,3.4,9.315236520775075,0.0,7,58
2,114,4,3.2,7.793165633626992,0.0,7,58
2,114,5,2.8,15.976358933529724,0.0,7,58
2,114,6,3.0,9.290883878878684,0.0,7,58
2,114,7,3.2,10.791651165834125,0.0,7,58
2,114,8,2.8,12.453142879967508,0.0,7,58
2,114,9,2.8,11.218844425543123,0.0,7,58
2,114,10,3.0,10.812916152904817,0.0,7,58
2,114,11,2.8,14.262366218682967,0.0,7,58
2,114,12,2.8,12.483273052276546,0.0,7,58
2,114,13,2.8,12.596260868693754,0.0,7,58
2,114,14,3.0,9.731426650385497,0.0,7,58
2,114,15,3.0,10.177635299283553,0.0,7,58
2,114,16,2.8,11.375983176355351,0.0,7,58
2,114,17,2.8,10.866838501121467,0.0,7,58
2,114,18,3.0,11.22384427864192,0.0,7,58
2,114,19,3.0,7.864366962080559,0.0,7,58
2,114,20,2.8,9.377445741991584,0.0,7,58
2,114,21,2.4,11.578475384630616,0.0,5,58
3,114,1,3.0,8.509736365898945,0.0,7,58
3,114,2,2.8,11.321302179345365,0.0,7,58
3,114,3,2.8,12.51026636049807,0.0,7,58
3,114,4,2.8,11.069191123277678,0.0,7,58
3,114,5,2.8,10.492045795199234,0.0,7,58
3,114,6,2.8,8.956893613294243,0.0,7,58
3,114,7,2.8,9.662973868464643,0.0,7,58
3,114,8,2.8,10.275548755281957,0.0,7,58
3,114,9,2.8,11.847614451969145,0.0,7,58
3,114,10,2.8,10.491876812488677,0.0,7,58
3,114,11,2.8,11.760536494966551,0.0,7,58
3,114,12,3.0,13.613073275284938,0.0,7,58
3,114,13,3.0,9.3706000224724,0.0,7,58
3,114,14,3.2,9.190045187284955,0.0,7,58
3,114,15,2.8,16.926573579167727,0.0,7,58
3,114,16,3.2,11.556214215289735,0.0,7,58
3,114,17,2.8,11.536583074804634,0.0,7,58
3,114,18,2.8,10.47646976847355,0.0,7,58
3,114,19,2.8,10.953530464015207,0.0,7,58
3,114,20,2.8,9.565860152014197,0.0,7,58
3,114,21,2.8,8.516599017823436,0.0,7,58
3,114,22,2.8,12.08092759824613,0.0,6,58
1,115,1,4.6,7.867871577374885,0.0,7,58
1,115,2,3.6,10.262296371611892,0.0,7,58
1,115,3,3.2,7.499221911938539,0.0,7,58
1,115,4,3.2,13.28779050931114,0.0,7,58
1,115,5,3.0,9.846497747324722,0.0,7,58
1,115,6,2.8,11.271909368821015,0.0,7,58
1,115,7,2.8,14.778872368166509,0.0,7,58
1,115,8,2.8,10.778403824496468,0.0,7,58
1,115,9,2.8,13.910628626639538,0.0,7,58
1,115,10,2.8,13.421034482293187,0.0,7,58
1,115,11,2.8,13.804025149838132,0.0,7,58
1,115,12,2.8,12.932309026862889,0.0,7,58
1,115,13,2.8,14.158980102573565,0.0,7,58
1,115,14,2.8,11.341002023663828,0.0,7,58
1,115,15,3.0,12.3495889533293,0.0,7,58
1,115,16,2.8,14.757216882969379,0.0,7,58
1,115,17,2.8,8.824241400537762,0.0,7,58
1,115,18,3.0,9.538346484715882,0.0,7,58
1,115,19,3.2,11.307577464240714,0.0,7,58
1,115,20,3.0,9.5957939336569,0.0,7,58
1,115,21,2.4,11.164906555418975,0.0,5,58
2,115,1,3.2,14.93271950253409,0.0,7,58
2,115,2,3.0,10.693511543009919,0.0,7,58
2,115,3,3.6,9.304972268136055,0.0,7,58
2,115,4,3.4,7.930119766749887,0.0,7,58
2,115,5,2.8,10.69583261907424,0.0,7,58
2,115,6,2.8,9.992489325617042,0.0,7,58
2,115,7,3.4,9.366670027519051,0.0,7,58
2,115,8,2.8,12.352538203672035,0.0,7,58
2,115,9,2.8,13.378361989142197,0.0,7,58
2,115,10,2.8,9.37601854207825,0.0,7,58
2,115,11,2.8,14.531125495306505,0.0,7,58
2,115,12,2.8,11.2795971644226,0.0,7,58
2,115,13,2.8,12.24175027566138,0.0,7,58
2,115,14,2.8,9.007752021714092,0.0,7,58
2,115,15,3.0,10.288834545564077,0.0,7,58
2,115,16,3.0,10.861103692794481,0.0,7,58
2,115,17,2.8,9.992748794612286,0.0,7,58
2,115,18,3.0,10.871250750275996,0.0,7,58
2,115,19,3.0,9.056110640984576,0.0,7,58
2,115,20,3.0,8.589213325230032,0.0,7,58
2,115,21,2.4,11.82471489569606,0.0,5,58
3,115,1,3.2,8.658211525941141,0.0,7,58
3,115,2,2.8,11.831089989296553,0.0,7,58
3,115,3,2.8,13.347103430686527,0.0,7,58
3,115,4,2.8,9.16539886992075,0.0,7,58
3,115,5,2.8,10.236311240492931,0.0,7,58
3,115,6,2.8,10.791799289573165,0.0,7,58
3,115,7,2.8,9.799341177466657,0.0,7,58
3,115,8,2.8,10.711649385467169,0.0,7,58
3,115,9,2.8,13.113020780215844,0.0,7,58
3,115,10,2.8,11.83339009309217,0.0,7,58
3,115,11,2.8,12.016590639139102,0.0,7,58
3,115,12,3.0,14.116285747225586,0.0,7,58
3,115,13,3.0,9.406180177554619,0.0,7,58
3,115,14,2.8,10.099224060497164,0.0,7,58
3,115,15,2.8,13.605147007056624,0.0,7,58
3,115,16,3.0,10.915836286890988,0.0,7,58
3,115,17,2.8,11.815214141042246,0.0,7,58
3,115,18,2.8,11.419541758194338,0.0,7,58
3,115,19,2.8,11.622750811692658,0.0,7,58
3,115,20,2.8,12.102371375835627,0.0,7,58
3,115,21,2.8,9.054042018997679,0.0,7,58
3,115,22,3.2,10.297444129100322,0.0,7,58
1,116,1,4.6,7.806714644041674,0.0,7,58
1,116,2,3.8,10.105983879998337,0.0,7,58
1,116,3,3.4,8.460972875871706,0.0,7,58
1,116,4,2.8,12.719635465496662,0.0,7,58
1,116,5,3.4,8.036709761053624,0.0,7,58
1,116,6,2.8,11.569669690353125,0.0,7,58
1,116,7,3.0,10.351406739000131,0.0,7,58
1,116,8,2.8,10.654877271411557,0.0,7,58
1,116,9,2.8,11.312275424336741,0.0,7,58
1,116,10,2.8,15.8665722713239,0.0,7,58
1,116,11,2.8,14.9596628566266,0.0,7,58
1,116,12,2.8,11.890201697802187,0.0,7,58
1,116,13,2.8,12.951834754670525,0.0,7,58
1,116,14,2.8,11.768955511884299,0.0,7,58
1,116,15,2.8,14.817088179823367,0.0,7,58
1,116,16,3.0,10.70607323659233,0.0,7,58
1,116,17,3.2,8.669196262178653,0.0,7,58
1,116,18,3.0,9.670576315893596,0.0,7,58
1,116,19,3.0,10.355691382517414,0.0,7,58
1,116,20,3.2,9.59539182907489,0.0,7,58
2,116,1,3.2,14.646637958587643,0.0,7,58
2,116,2,3.0,10.43801254993549,0.0,7,58
2,116,3,3.4,10.012388872312883,0.0,7,58
2,116,4,3.0,10.561499797533882,0.0,7,58
2,116,5,2.8,9.730737349843452,0.0,7,58
2,116,6,2.8,9.517362946744354,0.0,7,58
2,116,7,3.6,8.931971805825166,0.0,7,58
2,116,8,3.0,10.372724218174346,0.0,7,58
2,116,9,2.8,11.00974270653011,0.0,7,58
2,116,10,2.8,10.048927410091682,0.0,7,58
2,116,11,2.8,14.26254917397513,0.0,7,58
2,116,12,2.8,11.310236658736207,0.0,7,58
2,116,13,2.8,9.798161562194222,0.0,7,58
2,116,14,2.8,10.197536684727533,0.0,7,58
2,116,15,3.0,11.932854918372822,0.0,7,58
2,116,16,2.8,12.480585308502128,0.0,7,58
2,116,17,2.8,11.692860108452464,0.0,7,58
2,116,18,3.6,9.386264430562921,0.125,7,58
2,116,19,3.0,8.753565744274793,0.0,7,58
2,116,20,2.8,8.912821682724273,0.0,7,58
2,116,21,2.4,11.870615341773854,0.0,5,58
3,116,1,3.2,8.795169745807783,0.0,7,58
3,116,2,2.8,12.233383732187292,0.0,7,58
3,116,3,3.0,11.903127680874613,0.0,7,58
3,116,4,2.8,9.466787252562566,0.0,7,58
3,116,5,2.8,10.029528686715043,0.0,7,58
3,116,6,2.8,9.991498006922612,0.0,7,58
3,116,7,3.0,10.149383526085401,0.0,7,58
3,116,8,2.8,9.79097017082079,0.0,7,58
3,116,9,2.8,13.07482649389035,0.0,7,58
3,116,10,2.8,9.082804827811499,0.0,7,58
3,116,11,2.8,11.960360768793251,0.0,7,58
3,116,12,3.6,8.317950453317101,0.125,7,58
3,116,13,3.2,9.411502430286701,0.0,7,58
3,116,14,3.0,9.847515749233255,0.0,7,58
3,116,15,3.0,11.593308895117419,0.0,7,58
3,116,16,2.8,12.681262478762694,0.0,7,58
3,116,17,2.8,11.747278966762964,0.0,7,58
3,116,18,2.8,10.443760547922933,0.0,7,58
3,116,19,2.8,13.429077076902942,0.0,7,58
3,116,20,2.8,9.09896503915284,0.0,7,58
3,116,21,2.8,11.700213268358693,0.0,7,58
3,116,22,2.25,14.648898927504964,0.0,4,58
1,117,1,4.4,8.71970408670335,0.0,7,58
1,117,2,3.6,10.897770811803559,0.0,7,58
1,117,3,3.4,7.9749842473701635,0.0,7,58
1,117,4,3.2,13.057450161466374,0.0,7,58
1,117,5,3.2,8.196624440692833,0.0,7,58
1,117,6,2.8,11.181108922516179,0.0,7,58
1,117,7,2.8,11.392070019822208,0.0,7,58
1,117,8,2.8,13.599223726405045,0.0,7,58
1,117,9,2.8,12.034773450732233,0.0,7,58
1,117,10,2.8,15.705637329660881,0.0,7,58
1,117,11,2.8,18.36893830738996,0.0,7,58
1,117,12,2.8,9.640296227905635,0.0,7,58
1,117,13,2.8,17.10304921216074,0.0,7,58
1,117,14,2.8,11.827952207599521,0.0,7,58
1,117,15,2.8,11.08815326387369,0.0,7,58
1,117,16,2.8,12.239454742380278,0.0,7,58
1,117,17,2.8,10.705426249497044,0.0,7,58
1,117,18,3.0,9.94773881116066,0.0,7,58
1,117,19,3.2,9.627481479362475,0.0,7,58
1,117,20,3.2,8.649991337419715,0.0,7,58
1,117,21,2.75,10.524332610904565,0.0,4,58
2,117,1,3.2,12.647631943468946,0.0,7,58
2,117,2,3.0,9.587196296321213,0.0,7,58
2,117,3,3.6,9.234724580200766,0.125,7,58
2,117,4,2.8,11.167832108343855,0.0,7,58
2,117,5,2.8,11.549952892650929,0.0,7,58
2,117,6,2.8,10.643621106007666,0.0,7,58
2,117,7,3.4,8.717936414782418,0.0,7,58
2,117,8,3.2,10.387016228794197,0.0,7,58
2,117,9,2.8,11.910212099576723,0.0,7,58
2,117,10,2.8,9.807225474561543,0.0,7,58
2,117,11,2.8,15.609361279619007,0.0,7,58
2,117,12,2.8,10.848808013197338,0.0,7,58
2,117,13,2.8,10.763816360923343,0.0,7,58
2,117,14,2.8,10.715662587236706,0.0,7,58
2,117,15,3.0,9.37272839860635,0.0,7,58
2,117,16,3.0,12.309445576309018,0.0,7,58
2,117,17,2.8,10.49747450475651,0.0,7,58
2,117,18,3.0,13.06625078567119,0.0,7,58
2,117,19,2.8,9.392161101879225,0.0,7,58
2,117,20,2.8,9.122835108514758,0.0,7,58
2,117,21,3.0,9.18782169105435,0.0,7,58
3,117,1,2.8,11.404991149923788,0.0,7,58
3,117,2,2.8,12.050211040146937,0.0,7,58
3,117,3,2.8,10.317154255412186,0.0,7,58
3,117,4,2.8,10.100012718152552,0.0,7,58
3,117,5,2.8,10.121480636995646,0.0,7,58
3,117,6,2.8,10.318477835106433,0.0,7,58
3,117,7,2.8,9.925967897700883,0.0,7,58
3,117,8,2.8,12.015227685732953,0.0,7,58
3,117,9,2.8,13.707156753806448,0.0,7,58
3,117,10,2.8,11.614880498960323,0.0,7,58
3,117,11,2.8,11.58309642764195,0.0,7,58
3,117,12,3.6,8.04167230928689,0.125,7,58
3,117,13,2.8,10.68841458666091,0.0,7,58
3,117,14,3.0,8.625807201942782,0.0,7,58
3,117,15,2.8,15.052014258669086,0.0,7,58
3,117,16,3.2,10.105125725586348,0.0,7,58
3,117,17,2.8,14.875630043298663,0.0,7,58
3,117,18,2.8,10.867384738044674,0.0,7,58
3,117,19,2.8,11.776040117838887,0.0,7,58
3,117,20,2.8,9.002641565817836,0.0,7,58
3,117,21,2.8,9.20906509477017,0.0,7,58
3,117,22,2.8,11.341640545541566,0.0,7,58
1,118,1,4.8,8.251996777842088,0.0,7,58
1,118,2,3.2,10.822792158961864,0.0,7,58
1,118,3,3.4,7.932989440979376,0.0,7,58
1,118,4,3.2,10.84791301824644,0.0,7,58
1,118,5,3.2,8.321127138299826,0.0,7,58
1,118,6,3.0,9.055218095796638,0.0,7,58
1,118,7,2.8,9.425680923375003,0.0,7,58
1,118,8,2.8,13.76553066479306,0.0,7,58
1,118,9,2.8,11.077357221052505,0.0,7,58
1,118,10,2.8,14.532398455872011,0.0,7,58
1,118,11,2.8,23.344047005267196,0.0,7,58
1,118,12,2.8,9.877711134993406,0.0,7,58
1,118,13,2.8,14.770434504715853,0.0,7,58
1,118,14,2.8,14.210599039778561,0.0,7,58
1,118,15,2.8,11.495389480721961,0.0,7,58
1,118,16,2.8,13.11657979217784,0.0,7,58
1,118,17,3.2,8.03866655836632,0.0,7,58
1,118,18,3.2,8.18450367733916,0.0,7,58
1,118,19,2.8,13.87576687411439,0.0,7,58
1,118,20,2.8,10.532050415440834,0.0,7,58
1,118,21,2.75,8.844500029766738,0.0,4,58
2,118,1,3.0,13.52545693735568,0.0,7,58
2,118,2,3.2,8.989908945267503,0.0,7,58
2,118,3,3.6,8.950910804364357,0.0,7,58
2,118,4,3.2,8.344299607153586,0.0,7,58
2,118,5,3.0,13.928599483238699,0.0,7,58
2,118,6,3.0,10.205563569015007,0.0,7,58
2,118,7,3.2,10.130295988890968,0.0,7,58
2,118,8,2.8,11.624719232070131,0.0,7,58
2,118,9,2.8,13.064024899774374,0.0,7,58
2,118,10,2.8,8.77095517112646,0.0,7,58
2,118,11,2.8,15.973236795758261,0.0,7,58
2,118,12,2.8,13.347306616273691,0.0,7,58
2,118,13,2.8,11.526550193745775,0.0,7,58
2,118,14,2.8,10.45518706530266,0.0,7,58
2,118,15,3.0,9.778870483974998,0.0,7,58
2,118,16,2.8,12.599369000499212,0.0,7,58
2,118,17,2.8,11.312994664316506,0.0,7,58
2,118,18,3.0,12.846689778946384,0.0,7,58
2,118,19,3.0,8.85740161915536,0.0,7,58
2,118,20,2.8,8.325662690408311,0.0,7,58
2,118,21,2.8,12.30187415488408,0.0,6,58
3,118,1,3.0,10.113961222589438,0.0,7,58
3,118,2,2.8,12.4252980106253,0.0,7,58
3,118,3,2.8,11.520547249540243,0.0,7,58
3,118,4,2.8,9.315753864078378,0.0,7,58
3,118,5,2.8,12.509208125979818,0.0,7,58
3,118,6,3.0,8.113549279172666,0.0,7,58
3,118,7,3.0,9.183223373652908,0.0,7,58
3,118,8,2.8,11.63864394417582,0.0,7,58
3,118,9,2.8,15.595826894709832,0.0,7,58
3,118,10,2.8,10.925110182556551,0.0,7,58
3,118,11,2.8,12.740664868398362,0.0,7,58
3,118,12,3.0,12.01401151377902,0.0,7,58
3,118,13,3.2,10.237736317019602,0.0,7,58
3,118,14,2.8,10.607378227970766,0.0,7,58
3,118,15,2.8,17.000529075804874,0.0,7,58
3,118,16,3.0,10.175057948667327,0.0,7,58
3,118,17,2.8,13.739451263345865,0.0,7,58
3,118,18,3.0,11.199908564686554,0.0,7,58
3,118,19,2.8,12.119891019323553,0.0,7,58
3,118,20,2.8,9.294522569574546,0.0,7,58
3,118,21,2.8,12.132731153062709,0.0,7,58
3,118,22,2.6,10.312435154902621,0.0,6,58
1,119,1,4.6,9.272193288132282,0.0,7,58
1,119,2,3.8,9.988722374513152,0.0,7,58
1,119,3,3.4,8.064655555971017,0.0,7,58
1,119,4,2.8,11.375059757491702,0.0,7,58
1,119,5,3.2,8.96484756831888,0.0,7,58
1,119,6,2.8,9.68896939076343,0.0,7,58
1,119,7,2.8,9.960921696997914,0.0,7,58
1,119,8,2.8,12.90050718142007,0.0,7,58
1,119,9,2.8,10.670861712799518,0.0,7,58
1,119,10,2.8,13.736550675485299,0.0,7,58
1,119,11,2.8,19.187791336909914,0.0,7,58
1,119,12,2.8,10.388137564601829,0.0,7,58
1,119,13,2.8,16.76987581742389,0.0,7,58
1,119,14,2.8,13.086590805922418,0.0,7,58
1,119,15,2.8,11.600440857149946,0.0,7,58
1,119,16,2.8,12.314490566680727,0.0,7,58
1,119,17,3.0,7.949679751443875,0.0,7,58
1,119,18,2.8,12.695946880131812,0.0,7,58
1,119,19,3.2,9.536069683712347,0.0,7,58
1,119,20,3.0,8.198829284207353,0.0,7,58
1,119,21,2.4,11.206432675604352,0.0,5,58
2,119,1,3.0,15.131669550014553,0.0,7,58
2,119,2,2.8,12.050081017841364,0.0,7,58
2,119,3,4.0,8.435219990990324,0.125,7,58
2,119,4,2.8,11.1069892675607,0.0,7,58
2,119,5,2.8,11.571805554241193,0.0,7,58
2,119,6,2.8,10.551807033625028,0.0,7,58
2,119,7,3.4,9.401372887099196,0.0,7,58
2,119,8,2.8,13.326252514622494,0.0,7,58
2,119,9,2.8,12.180697812150548,0.0,7,58
2,119,10,2.8,9.877241084505172,0.0,7,58
2,119,11,2.8,12.07041911517361,0.0,7,58
2,119,12,2.8,12.922618937141008,0.0,7,58
2,119,13,2.8,10.587738974090705,0.0,7,58
2,119,14,3.0,12.315524541827468,0.0,7,58
2,119,15,3.0,9.201016552228287,0.0,7,58
2,119,16,2.8,11.545125451313714,0.0,7,58
2,119,17,2.8,10.891964776055563,0.0,7,58
2,119,18,2.8,14.768087150765188,0.0,7,58
2,119,19,3.0,10.058395828467718,0.0,7,58
2,119,20,2.8,7.765422472860661,0.0,7,58
2,119,21,3.0,11.466412892876146,0.0,7,58
3,119,1,3.0,9.02454808647673,0.0,7,58
3,119,2,2.8,12.10558597729859,0.0,7,58
3,119,3,2.8,11.948160095636936,0.0,7,58
3,119,4,2.8,10.608404158364536,0.0,7,58
3,119,5,2.8,11.85456843870008,0.0,7,58
3,119,6,2.8,9.144376904859556,0.0,7,58
3,119,7,2.8,10.438062864270009,0.0,7,58
3,119,8,2.8,10.93705009209671,0.0,7,58
3,119,9,2.8,11.940131767679967,0.0,7,58
3,119,10,2.8,11.390722830526306,0.0,7,58
3,119,11,2.8,13.095084870564596,0.0,7,58
3,119,12,3.2,11.075550365862247,0.0,7,58
3,119,13,2.8,11.722157482633675,0.0,7,58
3,119,14,2.8,10.43322538384374,0.0,7,58
3,119,15,2.8,15.344563681391643,0.0,7,58
3,119,16,3.2,10.543015097124389,0.0,7,58
3,119,17,2.8,14.470952754922685,0.0,7,58
3,119,18,3.0,9.677148168767442,0.0,7,58
3,119,19,2.8,12.677026996204907,0.0,7,58
3,119,20,2.8,9.086334502761705,0.0,7,58
3,119,21,2.8,11.75471371870475,0.0,7,58
3,119,22,3.0,9.457008922625372,0.0,7,58
1,120,1,4.6,7.756472122516777,0.0,7,58
1,120,2,3.8,10.402560319623356,0.0,7,58
1,120,3,3.4,7.703804482423694,0.0,7,58
1,120,4,2.8,13.797181003114865,0.0,7,58
1,120,5,3.0,8.535485496156118,0.0,7,58
1,120,6,3.0,9.226323413369146,0.0,7,58
1,120,7,2.8,12.00483135698874,0.0,7,58
1,120,8,2.8,13.538119487498783,0.0,7,58
1,120,9,2.8,11.227549081610382,0.0,7,58
1,120,10,2.8,17.63617428196451,0.0,7,58
1,120,11,2.8,11.814459308268988,0.0,7,58
1,120,12,2.8,9.355916141058653,0.0,7,58
1,120,13,2.8,26.86156287003107,0.0,7,58
1,120,14,2.8,14.23000099932508,0.0,7,58
1,120,15,2.8,13.966421538518636,0.0,7,58
1,120,16,2.8,12.441615906386769,0.0,7,58
1,120,17,3.0,7.570182644035201,0.0,7,58
1,120,18,2.8,10.049378133690643,0.0,7,58
1,120,19,3.2,10.21500126865115,0.0,7,58
1,120,20,3.2,8.385190018458642,0.0,7,58
1,120,21,2.75,8.516384534817165,0.0,4,58
2,120,1,3.4,10.940869379487502,0.0,7,58
2,120,2,4.2,7.343982854209683,0.0,7,58
2,120,3,3.4,9.358702206920823,0.0,7,58
2,120,4,3.2,8.104940858956876,0.0,7,58
2,120,5,2.8,11.371168232252105,0.0,7,58
2,120,6,3.0,10.18199233744977,0.0,7,58
2,120,7,3.2,9.879859864276918,0.0,7,58
2,120,8,2.8,12.074525053353199,0.0,7,58
2,120,9,2.8,14.906441614230705,0.0,7,58
2,120,10,2.8,9.063008104275747,0.0,7,58
2,120,11,3.0,11.707642806120985,0.0,7,58
2,120,12,2.8,12.44147559864229,0.0,7,58
2,120,13,2.8,10.536385373275131,0.0,7,58
2,120,14,2.8,9.718335977210483,0.0,7,58
2,120,15,3.0,11.323498551406837,0.0,7,58
2,120,16,2.8,13.661071942949318,0.0,7,58
2,120,17,2.8,12.13646743314224,0.0,7,58
2,120,18,3.0,11.407662398638244,0.0,7,58
2,120,19,2.8,9.082623514239984,0.0,7,58
2,120,20,3.0,7.705831637095203,0.0,7,58
2,120,21,2.0,19.40855871876726,0.0,4,58
3,120,1,3.0,8.816405942068055,0.0,7,58
3,120,2,2.8,15.055752055940214,0.0,7,58
3,120,3,2.8,13.184471879713362,0.0,7,58
3,120,4,2.8,9.372858723614721,0.0,7,58
3,120,5,2.8,9.994817271652074,0.0,7,58
3,120,6,2.8,10.145517975909113,0.0,7,58
3,120,7,3.0,10.435065623695504,0.0,7,58
3,120,8,2.8,11.739678869478363,0.0,7,58
3,120,9,2.8,13.429748679316555,0.0,7,58
3,120,10,2.8,10.808680200510981,0.0,7,58
3,120,11,2.8,14.391778853348509,0.0,7,58
3,120,12,3.0,12.177034543508805,0.0,7,58
3,120,13,3.2,9.706616702843943,0.0,7,58
3,120,14,3.0,7.902922184406681,0.0,7,58
3,120,15,2.8,17.48658983474093,0.0,7,58
3,120,16,3.0,9.831577216108755,0.0,7,58
3,120,17,2.8,13.43758565708166,0.0,7,58
3,120,18,2.8,11.90378939898705,0.0,7,58
3,120,19,2.8,13.227762305489097,0.0,7,58
3,120,20,2.8,9.687067610606125,0.0,7,58
3,120,21,2.8,9.307161668914869,0.0,7,58
3,120,22,2.8,13.829159500925044,0.0,6,58
1,121,1,4.8,7.693611387188964,0.0,7,58
1,121,2,3.4,10.782849094956894,0.0,7,58
1,121,3,3.4,7.796917952514193,0.0,7,58
1,121,4,3.0,12.735121773511294,0.0,7,58
1,121,5,3.2,7.8241396401351455,0.0,7,58
1,121,6,2.8,8.9413939280423,0.0,7,58
1,121,7,2.8,11.611584418065895,0.0,7,58
1,121,8,2.8,10.2289398593276,0.0,7,58
1,121,9,2.8,12.305097411743782,0.0,7,58
1,121,10,2.8,16.212699276803455,0.0,7,58
1,121,11,2.8,21.214276088347738,0.0,7,58
1,121,12,2.8,11.883607684616356,0.0,7,58
1,121,13,2.8,19.293385854612463,0.0,7,58
1,121,14,2.8,12.438303104945502,0.0,7,58
1,121,15,2.8,12.3873715415626,0.0,7,58
1,121,16,2.8,13.38093011384353,0.0,7,58
1,121,17,3.0,8.277266800863869,0.0,7,58
1,121,18,3.2,8.377476343309025,0.0,7,58
1,121,19,3.0,11.38199140898925,0.0,7,58
1,121,20,3.2,9.59815194493563,0.0,7,58
1,121,21,2.5,9.84450762909505,0.0,4,58
2,121,1,3.0,11.75740387262047,0.0,7,58
2,121,2,2.8,12.002784955180513,0.0,7,58
2,121,3,3.8,9.473121095073799,0.125,7,58
2,121,4,2.8,10.667458144264636,0.0,7,58
2,121,5,2.8,10.29215289345678,0.0,7,58
2,121,6,2.8,10.514417749767938,0.0,7,58
2,121,7,3.6,9.416189285098872,0.125,7,58
2,121,8,2.8,12.432334547423531,0.0,7,58
2,121,9,2.8,12.303211229376169,0.0,7,58
2,121,10,2.8,10.50494396006578,0.0,7,58
2,121,11,2.8,13.10494288565357,0.0,7,58
2,121,12,2.8,15.51180289052562,0.0,7,58
2,121,13,2.8,9.621676989748233,0.0,7,58
2,121,14,3.0,11.861711601395534,0.0,7,58
2,121,15,3.6,8.035967991906075,0.125,7,58
2,121,16,2.8,10.581717099677245,0.0,7,58
2,121,17,2.8,11.304042922934057,0.0,7,58
2,121,18,3.0,12.859906318247889,0.0,7,58
2,121,19,3.0,8.351268259715859,0.0,7,58
2,121,20,2.8,8.361200310698514,0.0,7,58
2,121,21,2.6,12.335524911782677,0.0,6,58
3,121,1,2.8,10.781732656826803,0.0,7,58
3,121,2,2.8,10.150348382375746,0.0,7,58
3,121,3,2.8,12.990604573620528,0.0,7,58
3,121,4,2.8,10.48078143987048,0.0,7,58
3,121,5,2.8,8.696675397299254,0.0,7,58
3,121,6,2.8,9.312925375699734,0.0,7,58
3,121,7,2.8,9.538945377315303,0.0,7,58
3,121,8,2.8,12.062622052089257,0.0,7,58
3,121,9,2.8,13.147320238643772,0.0,7,58
3,121,10,2.8,12.14536941055913,0.0,7,58
3,121,11,2.8,10.092257879488193,0.0,7,58
3,121,12,3.2,11.292396220616373,0.0,7,58
3,121,13,3.0,9.257136295275883,0.0,7,58
3,121,14,3.2,9.47477946484682,0.0,7,58
3,121,15,2.8,19.58207715688604,0.0,7,58
3,121,16,3.2,9.643086566644763,0.0,7,58
3,121,17,2.8,12.871972698043699,0.0,7,58
3,121,18,2.8,10.530584022559323,0.0,7,58
3,121,19,2.8,12.102264913222148,0.0,7,58
3,121,20,2.8,9.389631379433444,0.0,7,58
3,121,21,2.8,9.95881461237549,0.0,7,58
3,121,22,2.8,12.374234906158643,0.0,6,58
1,122,1,4.6,8.089679342850694,0.0,7,58
1,122,2,3.8,10.40256031962336,0.0,7,58
1,122,3,3.4,8.630625066049216,0.0,7,58
1,122,4,3.2,9.596149293720423,0.0,7,58
1,122,5,3.0,9.586311047185095,0.0,7,58
1,122,6,3.0,9.932521507262217,0.0,7,58
1,122,7,2.8,13.780199882759378,0.0,7,58
1,122,8,2.8,11.531628606703636,0.0,7,58
1,122,9,2.8,11.462905468479597,0.0,7,58
1,122,10,2.8,16.121256549098693,0.0,7,58
1,122,11,2.8,12.429452934342958,0.0,7,58
1,122,12,2.8,10.465375158632396,0.0,7,58
1,122,13,2.8,14.796352508486702,0.0,7,58
1,122,14,2.8,16.645225527430046,0.0,7,58
1,122,15,2.8,10.785909102172575,0.0,7,58
1,122,16,2.8,13.352117273294345,0.0,7,58
1,122,17,3.0,9.593967194810407,0.0,7,58
1,122,18,2.8,8.513521197001298,0.0,7,58
1,122,19,2.8,12.733332735464058,0.0,7,58
1,122,20,3.0,10.372064002139549,0.0,7,58
1,122,21,2.4,12.509156384798054,0.0,5,58
2,122,1,3.2,14.337622227035745,0.0,7,58
2,122,2,3.0,9.512639768410287,0.0,7,58
2,122,3,3.8,7.823707739850133,0.125,7,58
2,122,4,3.0,8.857219994812711,0.0,7,58
2,122,5,2.8,12.548813955657232,0.0,7,58
2,122,6,2.8,10.932345966708,0.0,7,58
2,122,7,3.2,10.388210411772972,0.0,7,58
2,122,8,3.0,11.333809059727,0.0,7,58
2,122,9,2.8,10.235862227317767,0.0,7,58
2,122,10,2.8,10.6993599044339,0.0,7,58
2,122,11,2.8,14.77952704085509,0.0,7,58
2,122,12,2.8,13.50852886140991,0.0,7,58
2,122,13,2.8,12.657237055184671,0.0,7,58
2,122,14,2.8,10.079892030781293,0.0,7,58
2,122,15,3.0,11.17008775312698,0.0,7,58
2,122,16,2.8,11.430918210775388,0.0,7,58
2,122,17,2.8,11.897572735629474,0.0,7,58
2,122,18,3.0,15.025397798610364,0.0,7,58
2,122,19,3.0,8.907783767590896,0.0,7,58
2,122,20,2.8,8.597075266899392,0.0,7,58
2,122,21,3.0,10.850397145386008,0.0,7,58
3,122,1,2.8,10.206004722243625,0.0,7,58
3,122,2,2.8,11.704307787483426,0.0,7,58
3,122,3,2.8,12.908352955613204,0.0,7,58
3,122,4,2.8,9.533265854078916,0.0,7,58
3,122,5,2.8,9.657978968508479,0.0,7,58
3,122,6,2.8,9.868933407918737,0.0,7,58
3,122,7,2.8,9.81447150295465,0.0,7,58
3,122,8,2.8,16.61848932723491,0.0,7,58
3,122,9,2.8,13.495439884044826,0.0,7,58
3,122,10,2.8,12.341429493558039,0.0,7,58
3,122,11,2.8,11.367806192272791,0.0,7,58
3,122,12,3.6,9.548179434102613,0.125,7,58
3,122,13,3.0,11.94335130795325,0.0,7,58
3,122,14,2.8,10.207571398606992,0.0,7,58
3,122,15,2.8,18.023974441452776,0.0,7,58
3,122,16,3.0,11.347170379284226,0.0,7,58
3,122,17,2.8,12.965312054739046,0.0,7,58
3,122,18,3.0,10.13498038681609,0.0,7,58
3,122,19,2.8,13.401670306198183,0.0,7,58
3,122,20,2.8,9.082858630175073,0.0,7,58
3,122,21,2.8,8.516599017823381,0.0,7,58
3,122,22,2.8,13.061305383620084,0.0,6,58
1,123,1,4.6,8.452799829960258,0.0,7,58
1,123,2,3.6,10.795449759439467,0.0,7,58
1,123,3,3.6,7.510969332649,0.0,7,58
1,123,4,3.2,10.336893812563483,0.0,7,58
1,123,5,3.2,8.87234580165547,0.0,7,58
1,123,6,2.8,10.496256589794468,0.0,7,58
1,123,7,2.8,12.215842900439867,0.0,7,58
1,123,8,2.8,12.724811342813203,0.0,7,58
1,123,9,2.8,8.813872123651393,0.0,7,58
1,123,10,2.8,13.955795563212533,0.0,7,58
1,123,11,2.8,19.387614785173344,0.0,7,58
1,123,12,2.8,11.24665582914074,0.0,7,58
1,123,13,2.8,15.207088062098343,0.0,7,58
1,123,14,2.8,12.527410488302678,0.0,7,58
1,123,15,2.8,12.66785337014831,0.0,7,58
1,123,16,2.8,12.651316229298722,0.0,7,58
1,123,17,3.0,8.992649390843267,0.0,7,58
1,123,18,3.2,8.240464349107626,0.0,7,58
1,123,19,3.0,10.101912336185395,0.0,7,58
1,123,20,3.2,8.551444710731706,0.0,7,58
2,123,1,2.8,13.060305423301635,0.0,7,58
2,123,2,2.8,11.74731257250929,0.0,7,58
2,123,3,3.4,10.613847204302992,0.0,7,58
2,123,4,3.6,8.65940397025764,0.0,7,58
2,123,5,2.8,10.481131489127357,0.0,7,58
2,123,6,2.8,10.497475002068645,0.0,7,58
2,123,7,3.2,9.411958761233375,0.0,7,58
2,123,8,2.8,12.715256995621536,0.0,7,58
2,123,9,2.8,16.075672216682417,0.0,7,58
2,123,10,2.8,10.118135923362168,0.0,7,58
2,123,11,2.8,12.401918396038404,0.0,7,58
2,123,12,2.8,12.9812376783104,0.0,7,58
2,123,13,2.8,10.59959200744565,0.0,7,58
2,123,14,2.8,11.911306634492133,0.0,7,58
2,123,15,3.0,8.434517499912259,0.0,7,58
2,123,16,2.8,11.933215438750787,0.0,7,58
2,123,17,2.8,11.454275417655264,0.0,7,58
2,123,18,2.8,13.388498073202358,0.0,7,58
2,123,19,3.0,9.582011063825632,0.0,7,58
2,123,20,2.8,7.643233150565367,0.0,7,58
2,123,21,3.0,9.608699898865652,0.0,7,58
3,123,1,3.0,8.854698077897796,0.0,7,58
3,123,2,2.8,12.129593927323745,0.0,7,58
3,123,3,2.8,13.1278727060179,0.0,7,58
3,123,4,2.8,10.269953672000078,0.0,7,58
3,123,5,2.8,9.647955967891477,0.0,7,58
3,123,6,2.8,9.618967945671168,0.0,7,58
3,123,7,3.0,9.466034921369442,0.0,7,58
3,123,8,2.8,12.356333783490797,0.0,7,58
3,123,9,2.8,14.046617229514117,0.0,7,58
3,123,10,2.8,10.145300315390815,0.0,7,58
3,123,11,2.8,13.806977202677333,0.0,7,58
3,123,12,3.2,10.613274378650782,0.0,7,58
3,123,13,3.2,10.237736317019522,0.0,7,58
3,123,14,2.8,9.039613415367215,0.0,7,58
3,123,15,2.8,13.689934125442763,0.0,7,58
3,123,16,3.0,10.672189648266828,0.0,7,58
3,123,17,2.8,11.558385126187721,0.0,7,58
3,123,18,3.2,10.170115429474489,0.0,7,58
3,123,19,2.8,11.930752691480192,0.0,7,58
3,123,20,2.8,9.562201226544412,0.0,7,58
3,123,21,3.0,10.10625143116834,0.0,7,58
3,123,22,2.2,16.04746506190917,0.0,5,58
1,124,1,4.6,7.533446548869766,0.0,7,58
1,124,2,3.8,10.260856123826489,0.0,7,58
1,124,3,3.4,7.693968346323955,0.0,7,58
1,124,4,2.8,12.882792121758134,0.0,7,58
1,124,5,3.2,8.911815572337401,0.0,7,58
1,124,6,2.8,11.747851109652455,0.0,7,58
1,124,7,2.8,11.118811784995714,0.0,7,58
1,124,8,2.8,11.11576217143887,0.0,7,58
1,124,9,2.8,9.56940674760504,0.0,7,58
1,124,10,2.8,13.46039941427464,0.0,7,58
1,124,11,2.8,16.507163634411945,0.0,7,58
1,124,12,2.8,10.551848477281563,0.0,7,58
1,124,13,2.8,20.899291949753398,0.0,7,58
1,124,14,2.8,11.446023760158061,0.0,7,58
1,124,15,2.8,12.361959744946404,0.0,7,58
1,124,16,2.8,13.715952511437818,0.0,7,58
1,124,17,3.0,7.375605330069357,0.0,7,58
1,124,18,3.2,8.704195416899642,0.0,7,58
1,124,19,2.8,14.760693778102874,0.0,7,58
1,124,20,3.0,10.162169174532403,0.0,7,58
1,124,21,2.4,13.925627627302248,0.0,5,58
2,124,1,3.4,13.743590538571333,0.0,7,58
2,124,2,3.8,10.299464644459565,0.0,7,58
2,124,3,3.4,9.383455259379021,0.0,7,58
2,124,4,3.4,7.392672803996488,0.0,7,58
2,124,5,2.8,11.96182618277349,0.0,7,58
2,124,6,2.8,10.715849785347388,0.0,7,58
2,124,7,3.6,9.920222409956157,0.0,7,58
2,124,8,2.8,11.211319190773693,0.0,7,58
2,124,9,2.8,13.088199380349025,0.0,7,58
2,124,10,2.8,8.102493353506235,0.0,7,58
2,124,11,2.8,13.581540792147887,0.0,7,58
2,124,12,2.8,11.630169654849183,0.0,7,58
2,124,13,2.8,10.538000895706803,0.0,7,58
2,124,14,3.0,8.087834455515411,0.0,7,58
2,124,15,3.0,11.896140365294073,0.0,7,58
2,124,16,2.8,12.91126424307334,0.0,7,58
2,124,17,2.8,10.98154068594572,0.0,7,58
2,124,18,3.2,8.44996643180749,0.0,7,58
2,124,19,2.8,8.412602160603718,0.0,7,58
2,124,20,3.0,7.968335094874199,0.0,7,58
3,124,1,3.0,9.575581894502879,0.0,7,58
3,124,2,2.8,12.057854064831679,0.0,7,58
3,124,3,2.8,12.08986891361435,0.0,7,58
3,124,4,2.8,9.518731465431754,0.0,7,58
3,124,5,3.0,8.8254777436827,0.0,7,58
3,124,6,3.0,8.853736458953673,0.0,7,58
3,124,7,3.0,11.680674315234704,0.0,7,58
3,124,8,3.0,9.294821312121206,0.0,7,58
3,124,9,2.8,13.080764525170165,0.0,7,58
3,124,10,2.8,11.700656830012802,0.0,7,58
3,124,11,3.0,10.764924195289298,0.0,7,58
3,124,12,3.0,8.587678941990008,0.0,7,58
3,124,13,3.0,10.598326576290724,0.0,7,58
3,124,14,3.0,13.397529291727498,0.0,7,58
3,124,15,3.0,11.128678721700224,0.0,7,58
3,124,16,3.0,10.865778553698217,0.0,7,58
3,124,17,3.0,10.52308325553753,0.0,7,58
3,124,18,2.8,14.43759139324897,0.0,7,58
3,124,19,2.8,13.028584531037604,0.0,7,58
3,124,20,2.8,9.27841027011143,0.0,7,58
3,124,21,2.8,10.318462237834089,0.0,7,58
3,124,22,2.25,13.782373511198378,0.0,4,58
1,125,1,4.8,8.460541201458827,0.0,7,58
1,125,2,3.6,10.027745668325204,0.0,7,58
1,125,3,3.4,7.577864302211331,0.0,7,58
1,125,4,3.2,10.145457959628153,0.0,7,58
1,125,5,3.2,8.11922845144569,0.0,7,58
1,125,6,2.8,8.979167371453542,0.0,7,58
1,125,7,2.8,11.515521821743063,0.0,7,58
1,125,8,2.8,14.22691914458762,0.0,7,58
1,125,9,2.8,11.91625522297791,0.0,7,58
1,125,10,2.8,14.669223136374809,0.0,7,58
1,125,11,2.8,15.45855057358393,0.0,7,58
1,125,12,2.8,11.163317354071447,0.0,7,58
1,125,13,2.8,13.876402547145902,0.0,7,58
1,125,14,2.8,12.297328056695275,0.0,7,58
1,125,15,3.2,10.474779217505764,0.0,7,58
1,125,16,3.0,11.328463857574853,0.0,7,58
1,125,17,3.2,8.715572218989893,0.0,7,58
1,125,18,3.0,9.342713723211663,0.0,7,58
1,125,19,3.0,10.179489077552459,0.0,7,58
1,125,20,3.4,7.171865408030772,0.0,7,58
2,125,1,3.0,14.053802056445777,0.0,7,58
2,125,2,2.8,10.083319546512227,0.0,7,58
2,125,3,3.0,10.15779670944577,0.0,7,58
2,125,4,2.8,13.677879526227578,0.0,7,58
2,125,5,3.0,9.962959039396733,0.0,7,58
2,125,6,2.8,11.085005162835653,0.0,7,58
2,125,7,3.0,12.409564266014144,0.0,7,58
2,125,8,3.0,10.037974258595746,0.0,7,58
2,125,9,2.8,12.139762118044823,0.0,7,58
2,125,10,2.8,11.518703298409141,0.0,7,58
2,125,11,2.8,8.504002986234582,0.0,7,58
2,125,12,2.8,16.856093966404597,0.0,7,58
2,125,13,2.8,11.592537722155521,0.0,7,58
2,125,14,2.8,9.98589272750147,0.0,7,58
2,125,15,2.8,9.611430251041455,0.0,7,58
2,125,16,3.0,10.470544616484489,0.0,7,58
2,125,17,2.8,12.02294194445451,0.0,7,58
2,125,18,2.8,12.307421888199999,0.0,7,58
2,125,19,3.2,10.029643576937053,0.0,7,58
2,125,20,2.8,10.824623641258402,0.0,7,58
2,125,21,3.0,8.07352002336318,0.0,7,58
3,125,1,3.2,7.464189609860301,0.0,7,58
3,125,2,2.8,13.502758808463147,0.0,7,58
3,125,3,2.8,10.956164108101953,0.0,7,58
3,125,4,2.8,8.75851852005826,0.0,7,58
3,125,5,2.8,11.98081588097182,0.0,7,58
3,125,6,2.8,10.887856339763305,0.0,7,58
3,125,7,3.0,10.159493944766925,0.0,7,58
3,125,8,2.8,10.499759669440095,0.0,7,58
3,125,9,2.8,15.838145627026995,0.0,7,58
3,125,10,2.8,12.537594679000119,0.0,7,58
3,125,11,2.8,10.672982445859418,0.0,7,58
3,125,12,3.0,11.647928381961735,0.0,7,58
3,125,13,3.2,10.324143726669332,0.0,7,58
3,125,14,2.8,9.547621411865432,0.0,7,58
3,125,15,2.8,16.859936423303836,0.0,7,58
3,125,16,3.0,11.038143367823466,0.0,7,58
3,125,17,2.8,15.133279639503371,0.0,7,58
3,125,18,3.0,10.672245091587024,0.0,7,58
3,125,19,2.8,10.082048307703227,0.0,7,58
3,125,20,2.8,8.412418093450214,0.0,7,58
3,125,21,2.8,11.38728592387861,0.0,7,58
3,125,22,2.6,11.828138560369675,0.0,6,58
1,126,1,4.2,8.482671254689606,0.0,7,58
1,126,2,3.4,10.428955573943323,0.0,7,58
1,126,3,3.0,10.45322863686961,0.0,7,58
1,126,4,3.6,8.585220180616995,0.0,7,58
1,126,5,3.2,9.724138778502416,0.0,7,58
1,126,6,2.8,10.333614488341762,0.0,7,58
1,126,7,2.8,12.755960248436153,0.0,7,58
1,126,8,2.8,13.695548676673912,0.0,7,58
1,126,9,2.8,17.874192133894642,0.0,7,58
1,126,10,2.8,13.503404636140996,0.0,7,58
1,126,11,2.8,12.891413811627585,0.0,7,58
1,126,12,2.8,14.559752149550468,0.0,7,58
1,126,13,2.8,14.335380483635397,0.0,7,58
1,126,14,3.0,10.950224516068783,0.0,7,58
1,126,15,3.0,10.337060427107575,0.0,7,58
1,126,16,2.8,14.33592762296042,0.0,7,58
1,126,17,3.0,8.571612977031663,0.0,7,58
1,126,18,2.8,10.963553270344486,0.0,7,58
1,126,19,2.8,11.264806997526899,0.0,7,58
1,126,20,2.8,10.35429057059645,0.0,7,58
1,126,21,3.0,9.70830282820748,0.0,6,58
2,126,1,3.2,14.304090156426941,0.0,7,58
2,126,2,2.8,12.773648630208566,0.0,7,58
2,126,3,3.4,9.26710256816711,0.0,7,58
2,126,4,3.4,9.592673685286506,0.0,7,58
2,126,5,2.8,10.937070159803634,0.0,7,58
2,126,6,3.0,9.905149355429904,0.0,7,58
2,126,7,3.2,10.531309244206112,0.0,7,58
2,126,8,3.2,10.31943346285278,0.0,7,58
2,126,9,2.8,13.378361989142197,0.0,7,58
2,126,10,2.8,8.432362771838523,0.0,7,58
2,126,11,2.8,13.903500804027471,0.0,7,58
2,126,12,2.8,13.090204542645727,0.0,7,58
2,126,13,2.8,12.72570179648154,0.0,7,58
2,126,14,2.8,9.074576533399808,0.0,7,58
2,126,15,3.0,10.2543339465308,0.0,7,58
2,126,16,2.8,14.143581495368453,0.0,7,58
2,126,17,2.8,12.144123769620656,0.0,7,58
2,126,18,2.8,14.965713545199936,0.0,7,58
2,126,19,3.0,9.47348384996358,0.0,7,58
2,126,20,2.8,8.361996340949274,0.0,7,58
2,126,21,3.0,9.885805723557157,0.0,7,58
3,126,1,3.0,9.651132238396873,0.0,7,58
3,126,2,2.8,11.196945194036658,0.0,7,58
3,126,3,2.8,13.071757400500225,0.0,7,58
3,126,4,2.8,9.134875349364226,0.0,7,58
3,126,5,2.8,10.675175245035263,0.0,7,58
3,126,6,2.8,9.339876695442904,0.0,7,58
3,126,7,3.0,10.024582124030903,0.0,7,58
3,126,8,2.8,10.279568097861574,0.0,7,58
3,126,9,3.2,10.618240523391348,0.0,7,58
3,126,10,2.8,11.553499104708612,0.0,7,58
3,126,11,2.8,12.679419999070634,0.0,7,58
3,126,12,3.2,10.418839407861508,0.0,7,58
3,126,13,3.2,9.330227398582451,0.0,7,58
3,126,14,2.8,9.537715420700131,0.0,7,58
3,126,15,3.0,11.45188154802933,0.0,7,58
3,126,16,2.8,12.002704369376623,0.0,7,58
3,126,17,2.8,11.290997358226582,0.0,7,58
3,126,18,2.8,10.295796169454603,0.0,7,58
3,126,19,2.8,11.657860601499832,0.0,7,58
3,126,20,2.8,8.417288590092314,0.0,7,58
3,126,21,3.0,9.70532632774124,0.0,7,58
3,126,22,2.2,16.704918591698124,0.0,5,58
1,127,1,4.6,8.824132126524146,0.0,7,58
1,127,2,3.6,11.787987793508254,0.0,7,58
1,127,3,3.4,7.6973243066923045,0.0,7,58
1,127,4,3.0,11.904868625378093,0.0,7,58
1,127,5,3.0,8.822918897232013,0.0,7,58
1,127,6,2.8,10.944360032205234,0.0,7,58
1,127,7,2.8,14.254484127366865,0.0,7,58
1,127,8,2.8,9.749536630398964,0.0,7,58
1,127,9,2.8,12.788794033410069,0.0,7,58
1,127,10,2.8,16.87968859242099,0.0,7,58
1,127,11,2.8,15.83540867954002,0.0,7,58
1,127,12,2.8,9.863100390570535,0.0,7,58
1,127,13,2.8,15.791577273799168,0.0,7,58
1,127,14,2.8,12.921718342739378,0.0,7,58
1,127,15,3.0,10.800228805975319,0.0,7,58
1,127,16,2.8,13.233998158348264,0.0,7,58
1,127,17,2.8,8.500596325079083,0.0,7,58
1,127,18,3.0,9.915003526302058,0.0,7,58
1,127,19,3.2,9.58155756045369,0.0,7,58
1,127,20,3.0,8.077932806754974,0.0,7,58
1,127,21,2.4,14.15459797236464,0.0,5,58
2,127,1,3.0,13.119282066333502,0.0,7,58
2,127,2,2.8,11.771766505817716,0.0,7,58
2,127,3,3.8,8.767013161504243,0.125,7,58
2,127,4,3.0,11.581457054313951,0.0,7,58
2,127,5,2.8,10.989615659701805,0.0,7,58
2,127,6,2.8,10.662175990398968,0.0,7,58
2,127,7,3.2,9.819974719529979,0.0,7,58
2,127,8,3.0,10.698424604866164,0.0,7,58
2,127,9,2.8,13.771451254841862,0.0,7,58
2,127,10,2.8,10.50494396006578,0.0,7,58
2,127,11,2.8,13.60034396220901,0.0,7,58
2,127,12,2.8,12.298951774287664,0.0,7,58
2,127,13,2.8,12.265090437697584,0.0,7,58
2,127,14,2.8,11.966492933959136,0.0,7,58
2,127,15,3.0,9.65203618694148,0.0,7,58
2,127,16,2.8,13.17671530847739,0.0,7,58
2,127,17,3.0,10.605400976059464,0.0,7,58
2,127,18,3.0,11.466325964143813,0.0,7,58
2,127,19,3.0,10.129662262651738,0.0,7,58
2,127,20,2.8,8.297266038965013,0.0,7,58
2,127,21,3.0,11.68808521398255,0.0,7,58
3,127,1,3.0,9.427975015424765,0.0,7,58
3,127,2,3.0,10.320334957952333,0.0,7,58
3,127,3,3.2,9.874377398479337,0.0,7,58
3,127,4,2.8,8.91500629282183,0.0,7,58
3,127,5,3.0,9.463199591250454,0.0,7,58
3,127,6,3.0,8.778025173275331,0.0,7,58
3,127,7,2.8,12.712024111485299,0.0,7,58
3,127,8,2.8,11.29020972424604,0.0,7,58
3,127,9,2.8,14.829712983584601,0.0,7,58
3,127,10,2.8,10.322583189063312,0.0,7,58
3,127,11,3.0,10.60559283399341,0.0,7,58
3,127,12,3.0,10.314554502135882,0.0,7,58
3,127,13,3.2,10.230089203481398,0.0,7,58
3,127,14,3.0,9.019729770264206,0.0,7,58
3,127,15,3.2,10.577242255681067,0.0,7,58
3,127,16,2.8,13.51360579932365,0.0,7,58
3,127,17,2.8,10.870284782872714,0.0,7,58
3,127,18,2.8,11.913913622602497,0.0,7,58
3,127,19,2.8,11.612973708965251,0.0,7,58
3,127,20,2.8,8.555305954567466,0.0,7,58
3,127,21,3.0,10.73683632047151,0.0,7,58
1,128,1,4.4,9.718119335317702,0.0,7,58
1,128,2,4.2,8.074411346712502,0.0,7,58
1,128,3,3.4,7.8047850878700675,0.0,7,58
1,128,4,2.8,16.11952422809479,0.0,7,58
1,128,5,3.0,8.953695376851464,0.0,7,58
1,128,6,2.8,11.702223711164915,0.0,7,58
1,128,7,2.8,11.567007363037973,0.0,7,58
1,128,8,2.8,11.766929392075086,0.0,7,58
1,128,9,2.8,12.205404084318237,0.0,7,58
1,128,10,2.8,14.637448899235869,0.0,7,58
1,128,11,2.8,15.409655810850197,0.0,7,58
1,128,12,2.8,9.655743257214821,0.0,7,58
1,128,13,2.8,14.903498412905028,0.0,7,58
1,128,14,2.8,10.770891126398054,0.0,7,58
1,128,15,3.0,10.072339060648217,0.0,7,58
1,128,16,2.8,11.44717179117659,0.0,7,58
1,128,17,3.0,8.962675478292377,0.0,7,58
1,128,18,3.0,8.782993875236944,0.0,7,58
1,128,19,3.2,8.930906405808145,0.0,7,58
1,128,20,3.2,9.179937642376675,0.0,7,58
2,128,1,3.8,9.658781740060123,0.0,7,58
2,128,2,3.2,13.285038396918925,0.0,7,58
2,128,3,3.2,10.537930482359673,0.0,7,58
2,128,4,3.2,8.507847274962167,0.0,7,58
2,128,5,2.8,11.653972766371984,0.0,7,58
2,128,6,2.8,11.550463094575322,0.0,7,58
2,128,7,3.4,9.696704751388854,0.0,7,58
2,128,8,3.2,9.83135580666781,0.0,7,58
2,128,9,2.8,13.777018842470467,0.0,7,58
2,128,10,2.8,10.985414824537271,0.0,7,58
2,128,11,3.0,13.160758647624867,0.0,7,58
2,128,12,2.8,12.39928383724018,0.0,7,58
2,128,13,2.8,10.670305454519184,0.0,7,58
2,128,14,2.8,10.65782421808281,0.0,7,58
2,128,15,3.0,9.321576571152136,0.0,7,58
2,128,16,2.8,13.849196922343907,0.0,7,58
2,128,17,2.8,12.477853352058334,0.0,7,58
2,128,18,3.0,11.163282498066549,0.0,7,58
2,128,19,3.0,8.440616225774066,0.0,7,58
2,128,20,2.8,9.645451421549094,0.0,7,58
2,128,21,2.0,14.226859451308327,0.0,5,58
3,128,1,3.0,8.906274692754792,0.0,7,58
3,128,2,2.8,12.656713960431718,0.0,7,58
3,128,3,2.8,11.102294459417418,0.0,7,58
3,128,4,2.8,9.273379781729503,0.0,7,58
3,128,5,2.8,9.865837441425565,0.0,7,58
3,128,6,2.8,9.963710798947083,0.0,7,58
3,128,7,3.0,9.799712573567188,0.0,7,58
3,128,8,2.8,10.41966927666459,0.0,7,58
3,128,9,3.2,11.389393927386815,0.0,7,58
3,128,10,2.8,10.103049604831114,0.0,7,58
3,128,11,2.8,12.893253074457483,0.0,7,58
3,128,12,3.0,12.772873965711458,0.0,7,58
3,128,13,3.4,7.844145005229616,0.0,7,58
3,128,14,2.8,10.10500719721636,0.0,7,58
3,128,15,3.0,11.943884989859244,0.0,7,58
3,128,16,2.8,13.851101736748745,0.0,7,58
3,128,17,2.8,12.047166843721012,0.0,7,58
3,128,18,3.0,9.002440597730528,0.0,7,58
3,128,19,2.8,13.566087558935783,0.0,7,58
3,128,20,2.8,8.537520204254612,0.0,7,58
3,128,21,2.8,9.725628209798048,0.0,7,58
3,128,22,2.2,14.523227783305165,0.0,5,58
1,129,1,4.8,8.520354075899515,0.0,7,58
1,129,2,3.2,10.745595469085991,0.0,7,58
1,129,3,3.2,8.59574682467059,0.0,7,58
1,129,4,3.4,9.42937391620399,0.0,7,58
1,129,5,3.0,8.64570026525243,0.0,7,58
1,129,6,3.0,9.53282918859329,0.0,7,58
1,129,7,2.8,12.528986915655027,0.0,7,58
1,129,8,2.8,10.85544716871911,0.0,7,58
1,129,9,2.8,10.081723624324395,0.0,7,58
1,129,10,2.8,17.95140088339427,0.0,7,58
1,129,11,2.8,14.624317605839998,0.0,7,58
1,129,12,2.8,12.00194970919149,0.0,7,58
1,129,13,2.8,18.637019258095442,0.0,7,58
1,129,14,2.8,13.93386719301528,0.0,7,58
1,129,15,2.8,11.511797436514486,0.0,7,58
1,129,16,2.8,12.214645595901867,0.0,7,58
1,129,17,3.0,8.499076836933444,0.0,7,58
1,129,18,2.8,10.324872518034477,0.0,7,58
1,129,19,3.2,10.610708863864762,0.0,7,58
1,129,20,3.0,8.266310624019358,0.0,7,58
1,129,21,2.4,11.594549669335365,0.0,5,58
2,129,1,3.0,13.261513691326828,0.0,7,58
2,129,2,2.8,12.727108795473619,0.0,7,58
2,129,3,3.8,8.667618189026197,0.125,7,58
2,129,4,3.0,10.399870884604796,0.0,7,58
2,129,5,2.8,11.273198999655392,0.0,7,58
2,129,6,2.8,10.68079568073639,0.0,7,58
2,129,7,3.2,9.44101582569892,0.0,7,58
2,129,8,3.0,11.612497834953942,0.0,7,58
2,129,9,2.8,11.138127811678133,0.0,7,58
2,129,10,2.8,10.258272443082213,0.0,7,58
2,129,11,2.8,13.391888747023817,0.0,7,58
2,129,12,2.8,14.181055682003496,0.0,7,58
2,129,13,2.8,12.000373814237488,0.0,7,58
2,129,14,2.8,11.037861688793623,0.0,7,58
2,129,15,3.0,9.188039608029195,0.0,7,58
2,129,16,3.0,11.235973419609495,0.0,7,58
2,129,17,3.0,10.106566699712987,0.0,7,58
2,129,18,3.0,14.321719530309105,0.0,7,58
2,129,19,3.0,9.093195508020754,0.0,7,58
2,129,20,2.8,8.238101619631937,0.0,7,58
2,129,21,3.0,9.88580572355723,0.0,7,58
3,129,1,3.0,9.284849750611103,0.0,7,58
3,129,2,2.8,11.940155005359065,0.0,7,58
3,129,3,2.8,11.28668759756456,0.0,7,58
3,129,4,2.8,9.777418829537792,0.0,7,58
3,129,5,2.8,10.228836824324402,0.0,7,58
3,129,6,2.8,8.917714443224188,0.0,7,58
3,129,7,3.0,10.597798900033078,0.0,7,58
3,129,8,2.8,9.994015057419354,0.0,7,58
3,129,9,2.8,11.707382476260147,0.0,7,58
3,129,10,2.8,10.213065090032666,0.0,7,58
3,129,11,2.8,13.354758111290497,0.0,7,58
3,129,12,3.6,9.094269658307322,0.125,7,58
3,129,13,2.8,11.941918131551054,0.0,7,58
3,129,14,2.8,8.292023842786364,0.0,7,58
3,129,15,2.8,16.233441482681414,0.0,7,58
3,129,16,2.8,10.334083400748844,0.0,7,58
3,129,17,2.8,12.937885624689315,0.0,7,58
3,129,18,3.0,10.500381865564682,0.0,7,58
3,129,19,2.8,13.460660291692118,0.0,7,58
3,129,20,2.8,9.987627675578786,0.0,7,58
3,129,21,2.8,9.126613426213215,0.0,7,58
3,129,22,2.8,10.877698500882241,0.0,7,58
1,130,1,4.4,8.474452253881145,0.0,7,58
1,130,2,3.6,10.094530744909102,0.0,7,58
1,130,3,3.2,9.504061978801072,0.0,7,58
1,130,4,3.4,9.781404835441373,0.0,7,58
1,130,5,3.2,7.958471331590497,0.0,7,58
1,130,6,2.8,11.058002224288998,0.0,7,58
1,130,7,2.8,13.101003602796236,0.0,7,58
1,130,8,2.8,12.220315326482465,0.0,7,58
1,130,9,2.8,11.042383954535287,0.0,7,58
1,130,10,2.8,14.392725577578345,0.0,7,58
1,130,11,2.8,12.711655336665801,0.0,7,58
1,130,12,2.8,11.198975700952825,0.0,7,58
1,130,13,2.8,18.242091192187324,0.0,7,58
1,130,14,3.0,10.398025130078501,0.0,7,58
1,130,15,2.8,13.296250077939852,0.0,7,58
1,130,16,2.8,11.579147781487782,0.0,7,58
1,130,17,3.0,8.08486240069659,0.0,7,58
1,130,18,3.0,9.326746845194226,0.0,7,58
1,130,19,3.0,10.25819863966536,0.0,7,58
1,130,20,3.2,9.403442627551707,0.0,7,58
1,130,21,2.5,11.37800465262287,0.0,4,58
2,130,1,2.8,16.60641571401095,0.0,7,58
2,130,2,3.0,10.13520538683885,0.0,7,58
2,130,3,3.0,11.199407819221447,0.0,7,58
2,130,4,3.0,9.044040465187939,0.0,7,58
2,130,5,2.8,10.696633862372591,0.0,7,58
2,130,6,2.8,10.513366045446913,0.0,7,58
2,130,7,3.0,11.102953998799006,0.0,7,58
2,130,8,3.0,11.447011456746418,0.0,7,58
2,130,9,2.8,14.131220305925115,0.0,7,58
2,130,10,2.8,14.391777918614181,0.0,7,58
2,130,11,2.8,9.377603926037594,0.0,7,58
2,130,12,2.8,13.417162179099835,0.0,7,58
2,130,13,2.8,16.027926816588337,0.0,7,58
2,130,14,2.8,10.322982104555823,0.0,7,58
2,130,15,2.8,9.332769901161859,0.0,7,58
2,130,16,3.2,10.99050918016862,0.0,7,58
2,130,17,2.8,12.005140396492912,0.0,7,58
2,130,18,2.8,14.932431332983953,0.0,7,58
2,130,19,3.2,9.09714657633115,0.0,7,58
2,130,20,2.8,10.211564675694605,0.0,7,58
2,130,21,3.0,8.458151596734524,0.0,7,58
3,130,1,3.0,8.854698077897854,0.0,7,58
3,130,2,2.8,10.763438059669971,0.0,7,58
3,130,3,2.8,11.696807111053046,0.0,7,58
3,130,4,2.8,10.150641971841498,0.0,7,58
3,130,5,2.8,9.994817271652074,0.0,7,58
3,130,6,2.8,9.022962895972762,0.0,7,58
3,130,7,2.8,10.245719131722842,0.0,7,58
3,130,8,2.8,13.09069282954818,0.0,7,58
3,130,9,2.8,12.709288888216127,0.0,7,58
3,130,10,2.8,10.280254576725422,0.0,7,58
3,130,11,2.8,11.64854326879482,0.0,7,58
3,130,12,3.0,12.104352805367087,0.0,7,58
3,130,13,3.2,9.798974455576655,0.0,7,58
3,130,14,2.8,10.479932199301395,0.0,7,58
3,130,15,2.8,13.51495622828119,0.0,7,58
3,130,16,3.0,8.696347576051762,0.0,7,58
3,130,17,2.8,17.245596726967257,0.0,7,58
3,130,18,3.0,9.912404137050219,0.0,7,58
3,130,19,2.8,9.794306940219414,0.0,7,58
3,130,20,2.8,8.86250509779074,0.0,7,58
3,130,21,2.8,10.5393653896256,0.0,7,58
3,130,22,3.0,9.078015659204187,0.0,7,58
1,131,1,4.6,8.111457899978658,0.0,7,58
1,131,2,3.6,10.175650945864511,0.0,7,58
1,131,3,3.6,7.154279472698941,0.0,7,58
1,131,4,2.8,12.082069835185564,0.0,7,58
1,131,5,3.2,7.854735191046616,0.0,7,58
1,131,6,2.8,11.306987528186282,0.0,7,58
1,131,7,2.8,12.00483135698874,0.0,7,58
1,131,8,2.8,11.198389495531504,0.0,7,58
1,131,9,2.8,10.942129522395978,0.0,7,58
1,131,10,2.8,16.615015427574992,0.0,7,58
1,131,11,2.8,17.068225773760215,0.0,7,58
1,131,12,2.8,12.44822263131518,0.0,7,58
1,131,13,2.8,11.807950690192518,0.0,7,58
1,131,14,2.8,10.986908514850768,0.0,7,58
1,131,15,2.8,13.68104658164765,0.0,7,58
1,131,16,2.8,15.927358286228866,0.0,7,58
1,131,17,3.0,8.066739950281592,0.0,7,58
1,131,18,2.8,8.972084880653787,0.0,7,58
1,131,19,3.2,11.702855611662722,0.0,7,58
1,131,20,3.0,9.67280841326987,0.0,7,58
1,131,21,2.4,10.804573497144585,0.0,5,58
2,131,1,3.2,10.286488630708073,0.0,7,58
2,131,2,3.0,10.619244360485965,0.0,7,58
2,131,3,3.4,9.694966865053827,0.0,7,58
2,131,4,3.4,7.767384401557377,0.0,7,58
2,131,5,2.8,11.983316635110365,0.0,7,58
2,131,6,2.8,10.874035252837878,0.0,7,58
2,131,7,3.2,11.024883765621562,0.0,7,58
2,131,8,2.8,13.171061076992864,0.0,7,58
2,131,9,2.8,13.257877425750719,0.0,7,58
2,131,10,2.8,11.939915613744112,0.0,7,58
2,131,11,2.8,13.522231537413854,0.0,7,58
2,131,12,2.8,12.033576389695098,0.0,7,58
2,131,13,2.8,12.203175085363924,0.0,7,58
2,131,14,2.8,10.735762388967341,0.0,7,58
2,131,15,3.0,8.201608456486737,0.0,7,58
2,131,16,2.8,10.248918095865246,0.0,7,58
2,131,17,2.8,11.59396995451673,0.0,7,58
2,131,18,3.0,11.775391569648773,0.0,7,58
2,131,19,2.8,12.385645683326981,0.0,7,58
2,131,20,2.8,7.293169631868298,0.0,7,58
2,131,21,3.0,9.389277686272534,0.0,7,58
3,131,1,3.0,8.715894265172496,0.0,7,58
3,131,2,2.8,12.630576274749183,0.0,7,58
3,131,3,2.8,11.328498723238031,0.0,7,58
3,131,4,2.8,10.930711662276298,0.0,7,58
3,131,5,2.8,9.483399467557588,0.0,7,58
3,131,6,2.8,8.866005631741826,0.0,7,58
3,131,7,3.0,9.645170670895466,0.0,7,58
3,131,8,2.8,10.787219285456626,0.0,7,58
3,131,9,3.2,11.389393927386914,0.0,7,58
3,131,10,2.8,10.484051660074329,0.0,7,58
3,131,11,2.8,12.396722508781481,0.0,7,58
3,131,12,3.6,8.911835763970004,0.125,7,58
3,131,13,3.2,10.145242522505185,0.0,7,58
3,131,14,2.8,10.514630578259082,0.0,7,58
3,131,15,3.0,11.629636134242876,0.0,7,58
3,131,16,2.8,13.448503511823619,0.0,7,58
3,131,17,2.8,11.430673792536076,0.0,7,58
3,131,18,2.8,9.886838332010168,0.0,7,58
3,131,19,2.8,11.346108678200896,0.0,7,58
3,131,20,2.8,10.67030527355096,0.0,7,58
3,131,21,2.8,10.059809191424678,0.0,7,58
3,131,22,2.5,11.753121445054006,0.0,4,58
1,132,1,4.6,8.089679342850694,0.0,7,58
1,132,2,3.8,9.606551503898794,0.0,7,58
1,132,3,3.4,8.532857320016053,0.0,7,58
1,132,4,3.2,10.742288865119054,0.0,7,58
1,132,5,3.2,8.378884030739219,0.0,7,58
1,132,6,2.8,10.142913943553838,0.0,7,58
1,132,7,2.8,12.732045885511317,0.0,7,58
1,132,8,2.8,10.169391970899976,0.0,7,58
1,132,9,2.8,11.042786524549252,0.0,7,58
1,132,10,2.8,17.839361013500714,0.0,7,58
1,132,11,2.8,18.215514676152726,0.0,7,58
1,132,12,2.8,11.000291555561125,0.0,7,58
1,132,13,2.8,14.476442440107803,0.0,7,58
1,132,14,2.8,16.553775126740348,0.0,7,58
1,132,15,2.8,11.312352794801805,0.0,7,58
1,132,16,2.8,12.49393422962009,0.0,7,58
1,132,17,3.2,8.54522375289614,0.0,7,58
1,132,18,3.0,8.668220322507912,0.0,7,58
1,132,19,3.0,10.90637437464629,0.0,7,58
1,132,20,3.2,9.066065363392399,0.0,7,58
2,132,1,3.6,9.73833419407451,0.0,7,58
2,132,2,3.6,8.905259292090523,0.0,7,58
2,132,3,3.6,8.659128767479546,0.0,7,58
2,132,4,3.0,10.681702208021408,0.0,7,58
2,132,5,2.8,10.712358452726287,0.0,7,58
2,132,6,2.8,12.079220278351627,0.0,7,58
2,132,7,3.4,8.259477406415566,0.0,7,58
2,132,8,2.8,11.864029579867891,0.0,7,58
2,132,9,2.8,14.52979448804259,0.0,7,58
2,132,10,2.8,10.28353087071293,0.0,7,58
2,132,11,2.8,15.235095332986896,0.0,7,58
2,132,12,2.8,12.493036062702203,0.0,7,58
2,132,13,2.8,10.605642055628392,0.0,7,58
2,132,14,2.8,9.634287125478679,0.0,7,58
2,132,15,3.0,11.233215564289734,0.0,7,58
2,132,16,3.0,9.589475628383873,0.0,7,58
2,132,17,2.8,11.407310689866836,0.0,7,58
2,132,18,3.0,10.58375259608796,0.0,7,58
2,132,19,3.0,8.667897965864933,0.0,7,58
2,132,20,2.8,9.209725402532724,0.0,7,58
2,132,21,2.5,13.121213777561769,0.0,4,58
3,132,1,3.4,8.700474978963298,0.0,7,58
3,132,2,2.8,10.977774433147925,0.0,7,58
3,132,3,3.4,9.607462418226268,0.0,7,58
3,132,4,2.8,9.728611527987137,0.0,7,58
3,132,5,2.8,10.206767408276011,0.0,7,58
3,132,6,2.8,9.537783478468288,0.0,7,58
3,132,7,3.0,10.832218439737261,0.0,7,58
3,132,8,2.8,9.95896678129056,0.0,7,58
3,132,9,2.8,12.394184454184506,0.0,7,58
3,132,10,2.8,12.530901509002078,0.0,7,58
3,132,11,3.8,8.033340214734107,0.125,7,58
3,132,12,2.8,10.820044654856337,0.0,7,58
3,132,13,2.8,10.371544146034207,0.0,7,58
3,132,14,2.8,11.039048229643997,0.0,7,58
3,132,15,3.0,11.519441995288796,0.0,7,58
3,132,16,2.8,17.54530964105575,0.0,7,58
3,132,17,3.0,9.596374188405964,0.0,7,58
3,132,18,2.8,12.149437345119699,0.0,7,58
3,132,19,2.8,11.18251185663471,0.0,7,58
3,132,20,2.8,9.297811094037092,0.0,7,58
3,132,21,2.8,11.678304975599174,0.0,7,58
1,133,1,4.8,8.401562245511695,0.0,7,58
1,133,2,3.6,9.912282386219989,0.0,7,58
1,133,3,3.4,8.021713597396596,0.0,7,58
1,133,4,3.0,11.41464644538812,0.0,7,58
1,133,5,3.0,9.31349200644123,0.0,7,58
1,133,6,2.8,10.301831290690954,0.0,7,58
1,133,7,2.8,10.858355601045218,0.0,7,58
1,133,8,2.8,10.298867515179362,0.0,7,58
1,133,9,2.8,12.457728873386602,0.0,7,58
1,133,10,2.8,14.427183849431064,0.0,7,58
1,133,11,2.8,14.244065916472032,0.0,7,58
1,133,12,2.8,10.352444856886848,0.0,7,58
1,133,13,2.8,20.473263327651196,0.0,7,58
1,133,14,2.8,12.973890363778793,0.0,7,58
1,133,15,2.8,11.446198837886389,0.0,7,58
1,133,16,2.8,15.43771817714363,0.0,7,58
1,133,17,3.0,8.254590023312568,0.0,7,58
1,133,18,3.2,8.654193791511936,0.0,7,58
1,133,19,3.0,11.969816295342506,0.0,7,58
1,133,20,3.2,9.244754717955534,0.0,7,58
1,133,21,2.5,10.177024509893185,0.0,4,58
2,133,1,3.6,10.940280982243024,0.0,7,58
2,133,2,4.0,7.924724055309624,0.0,7,58
2,133,3,3.4,9.87231589426517,0.0,7,58
2,133,4,3.2,8.224833534529623,0.0,7,58
2,133,5,2.8,11.392348983759424,0.0,7,58
2,133,6,3.0,10.6057406790541,0.0,7,58
2,133,7,3.2,9.452326011983487,0.0,7,58
2,133,8,2.8,11.863731714251708,0.0,7,58
2,133,9,2.8,13.642906055138893,0.0,7,58
2,133,10,2.8,8.677263883657275,0.0,7,58
2,133,11,3.0,14.68793694383163,0.0,7,58
2,133,12,2.8,11.398101776013275,0.0,7,58
2,133,13,2.8,10.815876236421303,0.0,7,58
2,133,14,2.8,11.361106637175078,0.0,7,58
2,133,15,3.2,11.010294348193662,0.0,7,58
2,133,16,2.8,10.236899762849024,0.0,7,58
2,133,17,2.8,14.859871117350973,0.0,7,58
2,133,18,3.2,9.843878304130392,0.0,7,58
2,133,19,2.8,10.637829564930618,0.0,7,58
2,133,20,3.0,8.674072158040767,0.0,7,58
3,133,1,2.8,9.62764086266338,0.0,7,58
3,133,2,2.8,11.70430778748353,0.0,7,58
3,133,3,2.8,12.310758604683802,0.0,7,58
3,133,4,2.8,9.563077942141694,0.0,7,58
3,133,5,2.8,9.765928518562795,0.0,7,58
3,133,6,3.0,9.385070978979117,0.0,7,58
3,133,7,3.0,10.277254430911618,0.0,7,58
3,133,8,2.8,9.352177632331706,0.0,7,58
3,133,9,2.8,13.669878179427103,0.0,7,58
3,133,10,2.8,10.299054797791246,0.0,7,58
3,133,11,2.8,13.932788500869597,0.0,7,58
3,133,12,3.6,8.360786769723159,0.125,7,58
3,133,13,3.0,9.450933229677599,0.0,7,58
3,133,14,3.2,9.035716169215304,0.0,7,58
3,133,15,3.0,10.321141080694684,0.0,7,58
3,133,16,3.0,13.96758951272371,0.0,7,58
3,133,17,2.8,10.52576207526195,0.0,7,58
3,133,18,2.8,11.02773621960775,0.0,7,58
3,133,19,2.8,13.93034196940177,0.0,7,58
3,133,20,2.8,9.829977979845493,0.0,7,58
3,133,21,2.8,9.034476453097541,0.0,7,58
3,133,22,2.0,15.393973371220962,0.0,5,58
1,134,1,4.4,8.52239269792405,0.0,7,58
1,134,2,3.6,9.783153073294157,0.0,7,58
1,134,3,3.4,8.081942543131602,0.0,7,58
1,134,4,3.2,11.897363329648883,0.0,7,58
1,134,5,3.4,8.418441049777336,0.0,7,58
1,134,6,2.8,10.687345573418845,0.0,7,58
1,134,7,2.8,9.20960135347492,0.0,7,58
1,134,8,2.8,11.10252100053215,0.0,7,58
1,134,9,2.8,11.909261732494572,0.0,7,58
1,134,10,2.8,18.675998593920742,0.0,7,58
1,134,11,2.8,14.837323562259694,0.0,7,58
1,134,12,2.8,11.347101680826198,0.0,7,58
1,134,13,2.8,17.267592062239416,0.0,7,58
1,134,14,2.8,14.414553740669863,0.0,7,58
1,134,15,2.8,10.97212261728901,0.0,7,58
1,134,16,2.8,12.72869616935522,0.0,7,58
1,134,17,3.0,8.779856199146842,0.0,7,58
1,134,18,3.0,8.899736953845515,0.0,7,58
1,134,19,2.8,14.137365755587917,0.0,7,58
1,134,20,3.2,9.803977835765599,0.0,7,58
1,134,21,2.75,10.388260988669712,0.0,4,58
2,134,1,3.0,15.91937882977317,0.0,7,58
2,134,2,3.0,11.343108699321945,0.0,7,58
2,134,3,3.6,9.101443215238936,0.0,7,58
2,134,4,3.2,10.321348337779941,0.0,7,58
2,134,5,2.8,13.090721578549845,0.0,7,58
2,134,6,3.0,9.534557547776792,0.0,7,58
2,134,7,3.4,9.85028063105509,0.0,7,58
2,134,8,3.0,10.795804367315096,0.0,7,58
2,134,9,2.8,13.120073693414948,0.0,7,58
2,134,10,2.8,10.686624005751813,0.0,7,58
2,134,11,2.8,14.462403978330244,0.0,7,58
2,134,12,2.8,12.275728347171654,0.0,7,58
2,134,13,2.8,12.725701796481415,0.0,7,58
2,134,14,2.8,10.73033050713939,0.0,7,58
2,134,15,3.0,10.971749781683926,0.0,7,58
2,134,16,3.2,10.427477701138516,0.0,7,58
2,134,17,2.8,9.931602115756759,0.0,7,58
2,134,18,2.8,17.454154063254418,0.0,7,58
2,134,19,3.0,9.843142380068745,0.0,7,58
2,134,20,2.8,7.979405343210581,0.0,7,58
2,134,21,2.6,11.85723199683152,0.0,6,58
3,134,1,3.0,10.181306600063836,0.0,7,58
3,134,2,3.0,11.229900362144628,0.0,7,58
3,134,3,2.8,13.736811424854029,0.0,7,58
3,134,4,2.8,8.860021410829374,0.0,7,58
3,134,5,2.8,10.739594393759663,0.0,7,58
3,134,6,2.8,10.830018000406978,0.0,7,58
3,134,7,2.8,11.53688749142748,0.0,7,58
3,134,8,2.8,12.35633378349091,0.0,7,58
3,134,9,2.8,12.445918083422871,0.0,7,58
3,134,10,2.8,11.948983522372762,0.0,7,58
3,134,11,2.8,11.946177374549439,0.0,7,58
3,134,12,2.8,10.915189605009413,0.0,7,58
3,134,13,3.2,9.644455648796894,0.0,7,58
3,134,14,2.8,8.742275594682333,0.0,7,58
3,134,15,2.8,14.010298054124187,0.0,7,58
3,134,16,3.0,10.649735074321466,0.0,7,58
3,134,17,2.8,14.071431711668069,0.0,7,58
3,134,18,2.8,10.871486472197986,0.0,7,58
3,134,19,2.8,13.09045555920647,0.0,7,58
3,134,20,2.8,10.484203676959694,0.0,7,58
3,134,21,2.8,9.746606433410438,0.0,7,58
3,134,22,2.8,11.122183257925236,0.0,7,58
1,135,1,4.6,8.46467335493882,0.0,7,58
1,135,2,3.8,11.174144661027372,0.0,7,58
1,135,3,3.4,7.6065605615155905,0.0,7,58
1,135,4,3.0,14.523325259855481,0.0,7,58
1,135,5,3.0,10.043022992792615,0.0,7,58
1,135,6,3.0,9.774963715931442,0.0,7,58
1,135,7,2.8,12.020318302915934,0.0,7,58
1,135,8,2.8,12.482395806237207,0.0,7,58
1,135,9,2.8,10.33632704742537,0.0,7,58
1,135,10,2.8,12.668728354326715,0.0,7,58
1,135,11,2.8,16.503343717422634,0.0,7,58
1,135,12,2.8,11.745196590074222,0.0,7,58
1,135,13,2.8,13.696169901010276,0.0,7,58
1,135,14,2.8,14.177166397278668,0.0,7,58
1,135,15,3.0,10.880423308932366,0.0,7,58
1,135,16,2.8,13.176937182930418,0.0,7,58
1,135,17,3.0,8.498064146588936,0.0,7,58
1,135,18,2.8,9.433082828588574,0.0,7,58
1,135,19,2.8,14.339208812742323,0.0,7,58
1,135,20,3.0,8.99425429885796,0.0,7,58
1,135,21,2.4,12.509156384797993,0.0,5,58
2,135,1,2.8,13.172821644005731,0.0,7,58
2,135,2,2.8,11.93063477344069,0.0,7,58
2,135,3,3.6,10.218139974530631,0.0,7,58
2,135,4,3.4,8.675562212823252,0.0,7,58
2,135,5,2.8,9.904067871195762,0.0,7,58
2,135,6,2.8,10.851346076341287,0.0,7,58
2,135,7,3.4,10.10000471783674,0.0,7,58
2,135,8,3.0,12.780548029608754,0.0,7,58
2,135,9,2.8,12.224425970061406,0.0,7,58
2,135,10,2.8,10.540648858532904,0.0,7,58
2,135,11,2.8,14.5864609076144,0.0,7,58
2,135,12,2.8,10.839294708876047,0.0,7,58
2,135,13,2.8,9.861677999026801,0.0,7,58
2,135,14,2.8,10.888667004216611,0.0,7,58
2,135,15,3.0,8.666470725805363,0.0,7,58
2,135,16,2.8,10.79141948159117,0.0,7,58
2,135,17,2.8,13.194769500574473,0.0,7,58
2,135,18,3.0,10.779235143253269,0.0,7,58
2,135,19,2.8,11.33019739512415,0.0,7,58
2,135,20,2.8,8.337023320786423,0.0,7,58
2,135,21,3.0,11.234723762301682,0.0,7,58
3,135,1,3.0,9.697037407542641,0.0,7,58
3,135,2,2.8,11.342297398524979,0.0,7,58
3,135,3,2.8,11.542288676327946,0.0,7,58
3,135,4,2.8,10.304559633239911,0.0,7,58
3,135,5,2.8,9.946056559721491,0.0,7,58
3,135,6,2.8,8.244535130318852,0.0,7,58
3,135,7,2.8,9.557276061678303,0.0,7,58
3,135,8,2.8,10.84012693031601,0.0,7,58
3,135,9,2.8,13.554258873210852,0.0,7,58
3,135,10,2.8,10.712394788835734,0.0,7,58
3,135,11,2.8,11.82877210101659,0.0,7,58
3,135,12,3.0,12.200939619823224,0.0,7,58
3,135,13,3.2,8.91356018716239,0.0,7,58
3,135,14,2.8,10.515970210489746,0.0,7,58
3,135,15,2.8,14.042465289251766,0.0,7,58
3,135,16,3.2,11.015402166845274,0.0,7,58
3,135,17,2.8,12.829330509527237,0.0,7,58
3,135,18,3.0,10.990994149570323,0.0,7,58
3,135,19,2.8,11.821562728806652,0.0,7,58
3,135,20,2.8,8.56156482869332,0.0,7,58
3,135,21,2.8,10.328816456587576,0.0,7,58
3,135,22,2.8,11.175846362648763,0.0,7,58
1,136,1,4.8,7.773003614197284,0.0,7,58
1,136,2,3.4,11.373017727823287,0.0,7,58
1,136,3,3.4,7.982836003759431,0.0,7,58
1,136,4,3.0,11.155555067783549,0.0,7,58
1,136,5,3.2,8.13027149356728,0.0,7,58
1,136,6,2.8,10.231863518643049,0.0,7,58
1,136,7,2.8,14.486797039628783,0.0,7,58
1,136,8,2.8,11.541559180612126,0.0,7,58
1,136,9,2.8,10.521805991530162,0.0,7,58
1,136,10,2.8,16.660953151561745,0.0,7,58
1,136,11,2.8,22.90783555194316,0.0,7,58
1,136,12,2.8,11.282849433074604,0.0,7,58
1,136,13,2.8,23.326277230028598,0.0,7,58
1,136,14,3.0,10.985660047911306,0.0,7,58
1,136,15,3.0,10.999586544142119,0.0,7,58
1,136,16,3.0,11.080094379072694,0.0,7,58
1,136,17,3.2,7.794548329671388,0.0,7,58
1,136,18,3.0,9.340793743205456,0.0,7,58
1,136,19,3.2,9.482197942173586,0.0,7,58
1,136,20,3.4,7.831902905289821,0.0,7,58
2,136,1,3.0,15.919378829773263,0.0,7,58
2,136,2,2.8,12.145800224782453,0.0,7,58
2,136,3,3.0,11.850394530904698,0.0,7,58
2,136,4,3.2,9.664357419742817,0.0,7,58
2,136,5,3.2,9.40566737276499,0.0,7,58
2,136,6,2.8,9.621249145420014,0.0,7,58
2,136,7,3.6,8.511963243604438,0.125,7,58
2,136,8,2.8,11.040874187029813,0.0,7,58
2,136,9,2.8,13.679049570610296,0.0,7,58
2,136,10,2.8,12.527546881522602,0.0,7,58
2,136,11,2.8,12.857006365840435,0.0,7,58
2,136,12,2.8,13.2875940415881,0.0,7,58
2,136,13,2.8,10.717613010210849,0.0,7,58
2,136,14,3.0,10.049185843516113,0.0,7,58
2,136,15,3.6,7.682669803557901,0.125,7,58
2,136,16,2.8,12.822333989095483,0.0,7,58
2,136,17,2.8,11.94423942381633,0.0,7,58
2,136,18,2.8,14.668137420871506,0.0,7,58
2,136,19,2.8,7.992902734153477,0.0,7,58
2,136,20,2.8,7.757453593943116,0.0,7,58
2,136,21,3.0,11.525124305829022,0.0,7,58
3,136,1,2.8,9.434573655983197,0.0,7,58
3,136,2,2.8,10.969579504101912,0.0,7,58
3,136,3,2.8,10.905852186197334,0.0,7,58
3,136,4,2.8,10.321595029567952,0.0,7,58
3,136,5,2.8,10.20592867850035,0.0,7,58
3,136,6,2.8,9.916939031612756,0.0,7,58
3,136,7,2.8,10.056535139154027,0.0,7,58
3,136,8,2.8,10.075474069000785,0.0,7,58
3,136,9,2.8,15.436984468233772,0.0,7,58
3,136,10,2.8,13.395611547412969,0.0,7,58
3,136,11,2.8,11.898575591777528,0.0,7,58
3,136,12,3.2,10.643876939491,0.0,7,58
3,136,13,3.2,8.673391301860715,0.0,7,58
3,136,14,3.0,8.902013565042092,0.0,7,58
3,136,15,2.8,14.832987337989218,0.0,7,58
3,136,16,3.2,10.877949004460891,0.0,7,58
3,136,17,2.8,15.28455522903983,0.0,7,58
3,136,18,3.0,10.453360117917443,0.0,7,58
3,136,19,2.8,13.306471310171835,0.0,7,58
3,136,20,2.8,8.8634949819185,0.0,7,58
3,136,21,2.8,10.435272444246793,0.0,7,58
3,136,22,2.6,12.279337360020113,0.0,6,58
1,137,1,4.6,8.73459937846387,0.0,7,58
1,137,2,3.6,11.764973401351785,0.0,7,58
1,137,3,3.4,9.077078488011965,0.0,7,58
1,137,4,3.0,12.789177860753954,0.0,7,58
1,137,5,3.0,9.007554784129502,0.0,7,58
1,137,6,2.8,9.276438166876869,0.0,7,58
1,137,7,2.8,13.488707735873176,0.0,7,58
1,137,8,2.8,10.334759481260322,0.0,7,58
1,137,9,2.8,12.898288088254997,0.0,7,58
1,137,10,2.8,13.789576534397417,0.0,7,58
1,137,11,2.8,11.422853863726278,0.0,7,58
1,137,12,2.8,11.24328368911339,0.0,7,58
1,137,13,2.8,12.538614243169214,0.0,7,58
1,137,14,2.8,11.172784315451668,0.0,7,58
1,137,15,2.8,12.315991594994237,0.0,7,58
1,137,16,2.8,10.615452401933032,0.0,7,58
1,137,17,3.0,8.630280430458289,0.0,7,58
1,137,18,3.2,9.54395245319444,0.0,7,58
1,137,19,3.0,14.371962795083942,0.0,7,58
1,137,20,3.0,9.782729126165217,0.0,7,58
1,137,21,2.4,11.822014498379719,0.0,5,58
2,137,1,3.0,13.80012003867094,0.0,7,58
2,137,2,2.8,10.304161998623615,0.0,7,58
2,137,3,3.6,9.230261210857268,0.125,7,58
2,137,4,2.8,10.520876886538224,0.0,7,58
2,137,5,2.8,11.8022227621355,0.0,7,58
2,137,6,2.8,9.537170569493584,0.0,7,58
2,137,7,3.2,10.832120893687067,0.0,7,58
2,137,8,3.0,10.110263696154929,0.0,7,58
2,137,9,2.8,13.33255108183621,0.0,7,58
2,137,10,2.8,12.294025141109316,0.0,7,58
2,137,11,2.8,10.873781880957646,0.0,7,58
2,137,12,2.8,14.41092862166125,0.0,7,58
2,137,13,2.8,11.560166873773715,0.0,7,58
2,137,14,3.0,11.491030189946535,0.0,7,58
2,137,15,3.0,8.862273838047194,0.0,7,58
2,137,16,2.8,11.727285034676639,0.0,7,58
2,137,17,2.8,11.080739913081628,0.0,7,58
2,137,18,2.8,11.698354583517926,0.0,7,58
2,137,19,3.2,10.763889578685935,0.0,7,58
2,137,20,2.8,7.355716034007852,0.0,7,58
2,137,21,3.0,10.563918843378525,0.0,7,58
3,137,1,3.2,8.064555385539597,0.0,7,58
3,137,2,3.2,9.844163117149625,0.0,7,58
3,137,3,3.2,10.692290547321049,0.0,7,58
3,137,4,2.8,9.79090704299833,0.0,7,58
3,137,5,3.0,9.5481154942085,0.0,7,58
3,137,6,2.8,8.978097025984635,0.0,7,58
3,137,7,3.0,13.812163782754808,0.0,7,58
3,137,8,2.8,12.843623119822476,0.0,7,58
3,137,9,2.8,12.002739337923895,0.0,7,58
3,137,10,2.8,10.389584914678622,0.0,7,58
3,137,11,3.6,8.388677162128888,0.125,7,58
3,137,12,3.0,10.069169237307527,0.0,7,58
3,137,13,2.8,13.120028157306427,0.0,7,58
3,137,14,2.8,13.417455950748785,0.0,7,58
3,137,15,3.2,10.388506964093999,0.0,7,58
3,137,16,2.8,15.52674588286582,0.0,7,58
3,137,17,3.0,8.862514536543781,0.0,7,58
3,137,18,3.0,10.997146861906693,0.0,7,58
3,137,19,2.8,12.048547820179772,0.0,7,58
3,137,20,2.8,8.511041766460558,0.0,7,58
3,137,21,2.8,10.862855218830497,0.0,7,58
1,138,1,4.8,8.378200264637984,0.0,7,58
1,138,2,3.6,12.224780966363147,0.0,7,58
1,138,3,3.6,7.240201664442125,0.0,7,58
1,138,4,3.0,11.524762140811168,0.0,7,58
1,138,5,3.2,8.449374576899045,0.0,7,58
1,138,6,2.8,8.644273799919281,0.0,7,58
1,138,7,2.8,12.44285812278528,0.0,7,58
1,138,8,2.8,11.779589020530818,0.0,7,58
1,138,9,2.8,9.494321197364606,0.0,7,58
1,138,10,2.8,14.74099144088642,0.0,7,58
1,138,11,2.8,14.996892765570003,0.0,7,58
1,138,12,2.8,12.17856192463496,0.0,7,58
1,138,13,2.8,12.418029482233958,0.0,7,58
1,138,14,2.8,12.272283979310142,0.0,7,58
1,138,15,2.8,10.633644911395901,0.0,7,58
1,138,16,3.0,12.663428441585882,0.0,7,58
1,138,17,3.4,7.5857172069810455,0.0,7,58
1,138,18,3.2,8.971487818585901,0.0,7,58
1,138,19,2.8,10.3243763026981,0.0,7,58
1,138,20,3.2,8.734177568192086,0.0,7,58
2,138,1,3.0,13.232821181319792,0.0,7,58
2,138,2,2.8,11.210753670787824,0.0,7,58
2,138,3,3.0,10.803747514414837,0.0,7,58
2,138,4,3.2,11.879339924440782,0.0,7,58
2,138,5,2.8,9.560708611563136,0.0,7,58
2,138,6,3.0,9.104350854543384,0.0,7,58
2,138,7,3.2,10.016114414859171,0.0,7,58
2,138,8,3.0,9.994612669829737,0.0,7,58
2,138,9,2.8,13.217301582575363,0.0,7,58
2,138,10,2.8,10.41064772864003,0.0,7,58
2,138,11,2.8,11.422074460534539,0.0,7,58
2,138,12,2.8,12.222259718589472,0.0,7,58
2,138,13,2.8,10.141670243776499,0.0,7,58
2,138,14,3.0,11.196524799877082,0.0,7,58
2,138,15,3.0,8.319782683230923,0.0,7,58
2,138,16,3.2,10.195194023786335,0.0,7,58
2,138,17,2.8,10.701388274674875,0.0,7,58
2,138,18,3.0,12.704899705269437,0.0,7,58
2,138,19,3.0,10.046466480412446,0.0,7,58
2,138,20,2.8,8.422960301500082,0.0,7,58
2,138,21,3.0,11.665791594564766,0.0,7,58
3,138,1,2.8,12.05700273100744,0.0,7,58
3,138,2,2.8,11.726749002327649,0.0,7,58
3,138,3,2.8,12.90835295561333,0.0,7,58
3,138,4,2.8,12.366892474796726,0.0,7,58
3,138,5,2.8,10.819794507126042,0.0,7,58
3,138,6,2.8,9.242558006873528,0.0,7,58
3,138,7,2.8,9.406903239184125,0.0,7,58
3,138,8,2.8,10.43652089489074,0.0,7,58
3,138,9,2.8,12.897792891276204,0.0,7,58
3,138,10,2.8,11.816848195208461,0.0,7,58
3,138,11,2.8,12.558219903514683,0.0,7,58
3,138,12,3.0,11.708179137303217,0.0,7,58
3,138,13,3.2,9.31020599152407,0.0,7,58
3,138,14,3.0,10.074824623944744,0.0,7,58
3,138,15,2.8,15.155992181443503,0.0,7,58
3,138,16,3.0,10.005140396253603,0.0,7,58
3,138,17,2.8,13.248450110301656,0.0,7,58
3,138,18,2.8,11.355933169526349,0.0,7,58
3,138,19,2.8,11.75680253488015,0.0,7,58
3,138,20,2.8,12.396733540611795,0.0,7,58
3,138,21,2.8,9.65429652632292,0.0,7,58
3,138,22,3.2,10.160588926337237,0.0,7,58
1,139,1,4.2,9.351483571207291,0.0,7,58
1,139,2,3.4,10.483384840594146,0.0,7,58
1,139,3,3.0,10.274990448903218,0.0,7,58
1,139,4,3.4,9.315454080257586,0.0,7,58
1,139,5,3.0,9.571094930104275,0.0,7,58
1,139,6,2.8,10.69084838449255,0.0,7,58
1,139,7,2.8,11.407829999542558,0.0,7,58
1,139,8,2.8,9.70885035667958,0.0,7,58
1,139,9,2.8,14.277674622768586,0.0,7,58
1,139,10,2.8,11.009172553500338,0.0,7,58
1,139,11,2.8,13.139311425693585,0.0,7,58
1,139,12,2.8,14.891522647413293,0.0,7,58
1,139,13,2.8,12.095604208767877,0.0,7,58
1,139,14,2.8,12.065252290603684,0.0,7,58
1,139,15,2.8,11.808028231850011,0.0,7,58
1,139,16,2.8,12.83890872629986,0.0,7,58
1,139,17,3.0,9.277499451214691,0.0,7,58
1,139,18,3.0,9.98927046731697,0.0,7,58
1,139,19,3.2,13.773969372666603,0.0,7,58
1,139,20,3.0,9.400244221802946,0.0,7,58
1,139,21,3.0,9.998242998332977,0.0,6,58
2,139,1,3.0,11.322101073417974,0.0,7,58
2,139,2,2.8,10.949832899258904,0.0,7,58
2,139,3,3.4,9.981560975387472,0.0,7,58
2,139,4,3.0,11.116049532180313,0.0,7,58
2,139,5,3.0,8.733881732308431,0.0,7,58
2,139,6,3.0,9.561440774878145,0.0,7,58
2,139,7,3.2,10.112223380171043,0.0,7,58
2,139,8,2.8,12.688877205439569,0.0,7,58
2,139,9,2.8,12.1001587875383,0.0,7,58
2,139,10,2.8,9.937300046037334,0.0,7,58
2,139,11,3.0,10.549011984607636,0.0,7,58
2,139,12,2.8,11.599205498057263,0.0,7,58
2,139,13,2.8,11.635108694538028,0.0,7,58
2,139,14,2.8,12.278805428008216,0.0,7,58
2,139,15,3.0,9.713351796631905,0.0,7,58
2,139,16,3.0,10.004553393222546,0.0,7,58
2,139,17,2.8,11.506719701330649,0.0,7,58
2,139,18,2.8,13.349768961117675,0.0,7,58
2,139,19,2.8,10.332293304992024,0.0,7,58
2,139,20,2.8,8.694106668462494,0.0,7,58
2,139,21,3.0,8.838797382317512,0.0,7,58
3,139,1,3.8,7.531420874974125,0.0,7,58
3,139,2,3.8,8.851367703443415,0.0,7,58
3,139,3,3.2,9.154627958787025,0.0,7,58
3,139,4,2.8,11.210937281595742,0.0,7,58
3,139,5,3.2,8.418705966190734,0.0,7,58
3,139,6,2.8,9.958290823650026,0.0,7,58
3,139,7,3.0,10.127154192235983,0.0,7,58
3,139,8,2.8,12.709288888216127,0.0,7,58
3,139,9,2.8,10.712394788835908,0.0,7,58
3,139,10,2.8,12.429759547569155,0.0,7,58
3,139,11,3.0,11.511989294345097,0.0,7,58
3,139,12,3.2,9.450720250284173,0.0,7,58
3,139,13,2.8,10.77534732872403,0.0,7,58
3,139,14,2.8,13.309090495947569,0.0,7,58
3,139,15,3.0,9.765515132674254,0.0,7,58
3,139,16,2.8,11.79243339046454,0.0,7,58
3,139,17,3.0,10.142535913603785,0.0,7,58
3,139,18,2.8,11.233434364240074,0.0,7,58
3,139,19,2.8,9.127012693657749,0.0,7,58
3,139,20,2.8,11.642830835825674,0.0,7,58
3,139,21,2.8,10.42504736900938,0.0,7,58
1,140,1,4.8,8.5810186812401,0.0,7,58
1,140,2,3.8,8.570136904309535,0.0,7,58
1,140,3,3.4,7.980500096981004,0.0,7,58
1,140,4,2.8,15.740572293072702,0.0,7,58
1,140,5,3.0,8.95369537685147,0.0,7,58
1,140,6,2.8,11.612023990228087,0.0,7,58
1,140,7,2.8,14.84364381966515,0.0,7,58
1,140,8,2.8,13.3285119335364,0.0,7,58
1,140,9,2.8,11.52825747294344,0.0,7,58
1,140,10,2.8,13.55120782804724,0.0,7,58
1,140,11,2.8,18.039012008203976,0.0,7,58
1,140,12,2.8,10.759084589025534,0.0,7,58
1,140,13,2.8,18.694837786933704,0.0,7,58
1,140,14,2.8,11.446023760158086,0.0,7,58
1,140,15,2.8,11.992920609006982,0.0,7,58
1,140,16,2.8,12.839243359543444,0.0,7,58
1,140,17,3.0,8.002464967260076,0.0,7,58
1,140,18,3.0,9.606740957783822,0.0,7,58
1,140,19,3.0,11.320937532136881,0.0,7,58
1,140,20,3.0,10.516878118212265,0.0,7,58
1,140,21,2.4,11.021957676555049,0.0,5,58
2,140,1,3.0,14.660158508948458,0.0,7,58
2,140,2,3.2,9.462818077760794,0.0,7,58
2,140,3,3.4,9.588571846208138,0.0,7,58
2,140,4,3.4,7.959443145568602,0.0,7,58
2,140,5,2.8,12.054169691712392,0.0,7,58
2,140,6,2.8,9.274556039021839,0.0,7,58
2,140,7,3.2,11.186196800563227,0.0,7,58
2,140,8,3.4,8.615212948193887,0.0,7,58
2,140,9,2.8,12.33641759362028,0.0,7,58
2,140,10,2.8,10.214356188642922,0.0,7,58
2,140,11,2.8,12.211990144992908,0.0,7,58
2,140,12,2.8,11.081030018923586,0.0,7,58
2,140,13,2.8,14.305021165370375,0.0,7,58
2,140,14,3.0,9.969361533865392,0.0,7,58
2,140,15,3.0,10.52802120735491,0.0,7,58
2,140,16,2.8,11.007454452497216,0.0,7,58
2,140,17,2.8,9.023168741686481,0.0,7,58
2,140,18,3.0,11.081493137025262,0.0,7,58
2,140,19,3.0,8.20184726151886,0.0,7,58
2,140,20,2.8,9.166627397939877,0.0,7,58
2,140,21,2.4,11.196930305476263,0.0,6,58
3,140,1,2.8,11.216744485796097,0.0,7,58
3,140,2,3.0,11.146872481975153,0.0,7,58
3,140,3,2.8,14.227233697886744,0.0,7,58
3,140,4,2.8,9.793074305256091,0.0,7,58
3,140,5,2.8,9.542584659110231,0.0,7,58
3,140,6,2.8,10.602807716658742,0.0,7,58
3,140,7,3.0,11.450998169775692,0.0,7,58
3,140,8,2.8,9.497402364661031,0.0,7,58
3,140,9,2.8,12.24655088026048,0.0,7,58
3,140,10,2.8,11.143464293482563,0.0,7,58
3,140,11,2.8,12.356471551920196,0.0,7,58
3,140,12,3.2,9.111258969889874,0.0,7,58
3,140,13,3.2,10.913662356037708,0.0,7,58
3,140,14,2.8,9.653104598641704,0.0,7,58
3,140,15,2.8,15.337828933316054,0.0,7,58
3,140,16,3.0,10.226095637061249,0.0,7,58
3,140,17,2.8,13.092406183382,0.0,7,58
3,140,18,2.8,10.752749321272658,0.0,7,58
3,140,19,2.8,11.13297526243978,0.0,7,58
3,140,20,2.8,9.874749631039787,0.0,7,58
3,140,21,2.8,11.536767676033117,0.0,7,58
3,140,22,2.8,11.512427931124478,0.0,6,58
1,141,1,4.8,8.053485886826723,0.0,7,58
1,141,2,3.8,9.114566798715597,0.0,7,58
1,141,3,3.4,9.212785560537512,0.0,7,58
1,141,4,3.0,13.545393459798971,0.0,7,58
1,141,5,3.2,8.680633482542236,0.0,7,58
1,141,6,2.8,9.812586161353082,0.0,7,58
1,141,7,2.8,12.417218398493352,0.0,7,58
1,141,8,2.8,14.969072997086208,0.0,7,58
1,141,9,2.8,10.805178689135765,0.0,7,58
1,141,10,2.8,13.923549741274572,0.0,7,58
1,141,11,2.8,14.562009472887997,0.0,7,58
1,141,12,2.8,9.629223678750318,0.0,7,58
1,141,13,2.8,13.353651708722404,0.0,7,58
1,141,14,2.8,14.449956303144711,0.0,7,58
1,141,15,2.8,11.312352794801805,0.0,7,58
1,141,16,2.8,12.704661717586845,0.0,7,58
1,141,17,3.0,9.384787469366202,0.0,7,58
1,141,18,2.8,8.761072592034104,0.0,7,58
1,141,19,2.8,15.764695819601496,0.0,7,58
1,141,20,3.0,10.425899515598598,0.0,7,58
1,141,21,2.4,12.666924536427455,0.0,5,58
2,141,1,4.2,8.102844627214441,0.0,7,58
2,141,2,4.2,8.667245440038574,0.0,7,58
2,141,3,3.8,7.340264358550849,0.0,7,58
2,141,4,3.4,8.074507910707005,0.0,7,58
2,141,5,2.8,10.701631149270359,0.0,7,58
2,141,6,3.2,11.840936813987003,0.0,7,58
2,141,7,3.0,10.930447096379108,0.0,7,58
2,141,8,2.8,13.344658640112845,0.0,7,58
2,141,9,2.8,9.782016682166711,0.0,7,58
2,141,10,3.0,10.232924234139606,0.0,7,58
2,141,11,2.8,12.336861826301739,0.0,7,58
2,141,12,2.8,12.400608539545367,0.0,7,58
2,141,13,2.8,10.945791100436322,0.0,7,58
2,141,14,3.0,9.952284399428054,0.0,7,58
2,141,15,3.0,10.529353437011972,0.0,7,58
2,141,16,2.8,10.182880121377922,0.0,7,58
2,141,17,3.0,13.710649552479289,0.0,7,58
2,141,18,2.8,8.926113930803764,0.0,7,58
2,141,19,2.8,8.694849811234596,0.0,7,58
2,141,20,3.0,10.081345363141233,0.0,7,58
3,141,1,3.2,7.612842197451752,0.0,7,58
3,141,2,2.8,11.020966826713302,0.0,7,58
3,141,3,2.8,12.081567320757344,0.0,7,58
3,141,4,2.8,9.749827228041779,0.0,7,58
3,141,5,2.8,9.8410194331017,0.0,7,58
3,141,6,2.8,11.186568941462362,0.0,7,58
3,141,7,3.0,10.244580167730614,0.0,7,58
3,141,8,2.8,12.26901894759317,0.0,7,58
3,141,9,3.0,13.543088439822604,0.0,7,58
3,141,10,2.8,10.875543221853668,0.0,7,58
3,141,11,2.8,13.763699281672823,0.0,7,58
3,141,12,3.6,7.9297114067270265,0.125,7,58
3,141,13,3.2,10.51139771442499,0.0,7,58
3,141,14,2.8,12.439296453481537,0.0,7,58
3,141,15,3.0,11.28626839939281,0.0,7,58
3,141,16,2.8,13.507907421879825,0.0,7,58
3,141,17,2.8,9.976349995169107,0.0,7,58
3,141,18,2.8,11.355324923476587,0.0,7,58
3,141,19,2.8,11.283313276904902,0.0,7,58
3,141,20,2.8,9.720615748922196,0.0,7,58
3,141,21,3.0,9.070719042503791,0.0,7,58
3,141,22,2.25,11.84689037494229,0.0,4,58
1,142,1,4.8,8.8067521784304,0.0,7,58
1,142,2,3.8,8.001178392058476,0.0,7,58
1,142,3,3.4,8.21999326657671,0.0,7,58
1,142,4,3.0,12.006992313203714,0.0,7,58
1,142,5,3.0,9.163561924226284,0.0,7,58
1,142,6,2.8,9.25874702329274,0.0,7,58
1,142,7,2.8,9.485025372698002,0.0,7,58
1,142,8,2.8,13.702926221890843,0.0,7,58
1,142,9,2.8,10.127861578378063,0.0,7,58
1,142,10,2.8,15.077824826163296,0.0,7,58
1,142,11,2.8,16.503343717422634,0.0,7,58
1,142,12,2.8,9.992365756711255,0.0,7,58
1,142,13,2.8,12.767574764534952,0.0,7,58
1,142,14,2.8,16.372778177332833,0.0,7,58
1,142,15,2.8,10.99213697538338,0.0,7,58
1,142,16,2.8,10.275947164763117,0.0,7,58
1,142,17,3.2,7.769201396970036,0.0,7,58
1,142,18,3.2,8.704700556601646,0.0,7,58
1,142,19,2.8,14.54563377812067,0.0,7,58
1,142,20,3.0,9.206666785733509,0.0,7,58
2,142,1,4.2,9.57421367683817,0.0,7,58
2,142,2,3.8,9.38507079147966,0.0,7,58
2,142,3,3.6,8.170964276214711,0.0,7,58
2,142,4,3.2,8.59713800869378,0.0,7,58
2,142,5,2.8,10.834388877627848,0.0,7,58
2,142,6,3.6,10.454960043576714,0.125,7,58
2,142,7,2.8,11.414011108201459,0.0,7,58
2,142,8,2.8,12.141523160762048,0.0,7,58
2,142,9,2.8,11.315940979896016,0.0,7,58
2,142,10,2.8,12.123973519164954,0.0,7,58
2,142,11,2.8,13.371245997630735,0.0,7,58
2,142,12,2.8,14.55980756388918,0.0,7,58
2,142,13,3.0,12.250573095266851,0.0,7,58
2,142,14,3.6,7.203231987305571,0.125,7,58
2,142,15,2.8,13.381706923338509,0.0,7,58
2,142,16,2.8,10.525718629166418,0.0,7,58
2,142,17,3.0,12.767133031128564,0.0,7,58
2,142,18,2.8,10.481914760608348,0.0,7,58
2,142,19,2.8,8.13178988333229,0.0,7,58
2,142,20,3.0,10.449939305768275,0.0,7,58
3,142,1,2.8,10.819879973769513,0.0,7,58
3,142,2,3.0,11.59047771841934,0.0,7,58
3,142,3,3.2,10.088920756955396,0.0,7,58
3,142,4,2.8,8.505708507387432,0.0,7,58
3,142,5,2.8,10.69604427897467,0.0,7,58
3,142,6,3.0,8.482424466159982,0.0,7,58
3,142,7,3.0,11.434549923707673,0.0,7,58
3,142,8,2.8,10.86651140602691,0.0,7,58
3,142,9,3.0,13.521723989718097,0.0,7,58
3,142,10,2.8,11.273972737459841,0.0,7,58
3,142,11,3.0,11.568480215488018,0.0,7,58
3,142,12,3.0,10.825753063465664,0.0,7,58
3,142,13,3.2,10.584158907475809,0.0,7,58
3,142,14,2.8,12.966744600002428,0.0,7,58
3,142,15,3.0,10.492427946264796,0.0,7,58
3,142,16,2.8,12.462024052730584,0.0,7,58
3,142,17,2.8,9.350981860635876,0.0,7,58
3,142,18,2.8,12.85945610881924,0.0,7,58
3,142,19,2.8,11.806040548415746,0.0,7,58
3,142,20,2.8,8.599834807126944,0.0,7,58
3,142,21,3.0,10.57656517647239,0.0,7,58
3,142,22,2.25,12.774816283151617,0.0,4,58
1,143,1,4.4,8.066089560409997,0.0,7,58
1,143,2,3.6,10.480783368467485,0.0,7,58
1,143,3,3.2,9.943159070244203,0.0,7,58
1,143,4,3.0,12.210716998939871,0.0,7,58
1,143,5,3.2,9.038619031062137,0.0,7,58
1,143,6,2.8,9.860175714384091,0.0,7,58
1,143,7,2.8,12.363395708227342,0.0,7,58
1,143,8,2.8,10.571996967388102,0.0,7,58
1,143,9,2.8,14.44620575856145,0.0,7,58
1,143,10,2.8,14.652602976717835,0.0,7,58
1,143,11,2.8,15.881160032206646,0.0,7,58
1,143,12,2.8,13.160639935895741,0.0,7,58
1,143,13,2.8,13.470182777946539,0.0,7,58
1,143,14,2.8,11.330126935672569,0.0,7,58
1,143,15,2.8,11.651328150154662,0.0,7,58
1,143,16,2.8,15.147382543753528,0.0,7,58
1,143,17,3.0,8.77082721235451,0.0,7,58
1,143,18,3.2,10.58428877317196,0.0,7,58
1,143,19,3.2,10.743125320518716,0.0,7,58
1,143,20,3.0,10.936800168844567,0.0,7,58
1,143,21,2.4,11.729965914603568,0.0,5,58
2,143,1,3.2,11.771317831441488,0.0,7,58
2,143,2,2.8,10.458350052516787,0.0,7,58
2,143,3,3.8,7.565382649298002,0.125,7,58
2,143,4,2.8,12.143466819680174,0.0,7,58
2,143,5,2.8,10.287211962274093,0.0,7,58
2,143,6,2.8,11.52619492975215,0.0,7,58
2,143,7,3.0,9.70355916657691,0.0,7,58
2,143,8,3.0,12.09833138894411,0.0,7,58
2,143,9,2.8,11.981636449027768,0.0,7,58
2,143,10,2.8,10.5729052859414,0.0,7,58
2,143,11,2.8,11.988651032505022,0.0,7,58
2,143,12,2.8,14.767854235159176,0.0,7,58
2,143,13,2.8,10.193285144349192,0.0,7,58
2,143,14,2.8,11.35829343440808,0.0,7,58
2,143,15,3.0,8.588490089774197,0.0,7,58
2,143,16,3.0,10.791955004367837,0.0,7,58
2,143,17,2.8,9.724504866210824,0.0,7,58
2,143,18,2.8,12.504708794845028,0.0,7,58
2,143,19,3.2,11.434998600272108,0.0,7,58
2,143,20,2.8,7.677689840281982,0.0,7,58
2,143,21,3.0,11.48795028542,0.0,7,58
3,143,1,2.8,10.468024921077957,0.0,7,58
3,143,2,2.8,12.493275034992811,0.0,7,58
3,143,3,2.8,11.26749727692802,0.0,7,58
3,143,4,2.8,10.304205640169815,0.0,7,58
3,143,5,2.8,10.274508535886648,0.0,7,58
3,143,6,2.8,8.867354169760679,0.0,7,58
3,143,7,2.8,10.783502792599197,0.0,7,58
3,143,8,2.8,11.283716279279608,0.0,7,58
3,143,9,2.8,13.737945511720227,0.0,7,58
3,143,10,2.8,10.719200613383592,0.0,7,58
3,143,11,2.8,13.47099706471419,0.0,7,58
3,143,12,3.2,12.699211638724405,0.0,7,58
3,143,13,3.0,9.869604073761032,0.0,7,58
3,143,14,3.0,9.059986112488673,0.0,7,58
3,143,15,2.8,13.727290704075399,0.0,7,58
3,143,16,3.0,9.765515132674254,0.0,7,58
3,143,17,2.8,12.885592838242166,0.0,7,58
3,143,18,3.0,12.481441844654988,0.0,7,58
3,143,19,2.8,11.958231464886635,0.0,7,58
3,143,20,2.8,9.27933417508404,0.0,7,58
3,143,21,2.8,10.396049030245155,0.0,7,58
3,143,22,2.8,10.679904290838977,0.0,7,58
1,144,1,4.6,8.244632171895924,0.0,7,58
1,144,2,3.8,9.762177847081531,0.0,7,58
1,144,3,3.4,7.80356697608778,0.0,7,58
1,144,4,3.2,10.572662795595997,0.0,7,58
1,144,5,3.2,9.183327811080941,0.0,7,58
1,144,6,2.8,9.488132701294024,0.0,7,58
1,144,7,2.8,10.697797581404904,0.0,7,58
1,144,8,2.8,12.33413231681508,0.0,7,58
1,144,9,2.8,12.3055973169476,0.0,7,58
1,144,10,2.8,14.562871477570999,0.0,7,58
1,144,11,2.8,15.498308337446723,0.0,7,58
1,144,12,2.8,9.833496927415284,0.0,7,58
1,144,13,2.8,15.362157837210894,0.0,7,58
1,144,14,2.8,12.501421487177504,0.0,7,58
1,144,15,2.8,11.462984913142655,0.0,7,58
1,144,16,2.8,11.80841784245398,0.0,7,58
1,144,17,3.0,8.719398025372222,0.0,7,58
1,144,18,2.8,8.903462023676942,0.0,7,58
1,144,19,2.8,14.237571948484163,0.0,7,58
1,144,20,3.2,8.801601211802668,0.0,7,58
1,144,21,2.2,14.311415614954127,0.0,5,58
2,144,1,2.8,13.704103452019895,0.0,7,58
2,144,2,3.0,11.529990719656947,0.0,7,58
2,144,3,3.4,10.477438689077221,0.0,7,58
2,144,4,3.4,7.95352397595693,0.0,7,58
2,144,5,2.8,11.294016020297502,0.0,7,58
2,144,6,2.8,11.61374190011529,0.0,7,58
2,144,7,3.4,10.150290394521035,0.0,7,58
2,144,8,3.0,11.682038974147847,0.0,7,58
2,144,9,2.8,11.868596352588158,0.0,7,58
2,144,10,2.8,11.135577365392539,0.0,7,58
2,144,11,2.8,14.3806806881763,0.0,7,58
2,144,12,2.8,12.299776119835181,0.0,7,58
2,144,13,2.8,10.293194435300572,0.0,7,58
2,144,14,2.8,12.438821532313641,0.0,7,58
2,144,15,3.0,9.037859576254746,0.0,7,58
2,144,16,2.8,11.881548674157198,0.0,7,58
2,144,17,2.8,10.46338727893435,0.0,7,58
2,144,18,2.8,12.899281955668059,0.0,7,58
2,144,19,3.0,8.914834150632023,0.0,7,58
2,144,20,2.8,7.526519108663978,0.0,7,58
2,144,21,3.0,11.57491505514699,0.0,7,58
3,144,1,3.2,7.9286471199091215,0.0,7,58
3,144,2,2.8,10.656132325895216,0.0,7,58
3,144,3,2.8,10.878217137067764,0.0,7,58
3,144,4,2.8,9.206789672388034,0.0,7,58
3,144,5,2.8,8.974597714428189,0.0,7,58
3,144,6,2.8,9.965365703855374,0.0,7,58
3,144,7,3.0,8.92851057564231,0.0,7,58
3,144,8,2.8,10.873082933919095,0.0,7,58
3,144,9,3.0,12.217471268877484,0.0,7,58
3,144,10,2.8,11.153195544585003,0.0,7,58
3,144,11,2.8,13.460778988173738,0.0,7,58
3,144,12,3.6,7.201438367213938,0.125,7,58
3,144,13,2.8,11.42666008058887,0.0,7,58
3,144,14,2.8,10.486159699719892,0.0,7,58
3,144,15,2.8,12.367390710560777,0.0,7,58
3,144,16,3.0,9.525230476935615,0.0,7,58
3,144,17,2.8,13.161967441005762,0.0,7,58
3,144,18,3.0,10.036548062294404,0.0,7,58
3,144,19,2.8,15.934074236383198,0.0,7,58
3,144,20,2.8,8.454904710688414,0.0,7,58
3,144,21,2.8,8.917366277911604,0.0,7,58
3,144,22,2.2,18.034897673123783,0.0,5,58
1,145,1,4.4,8.808930171381645,0.0,7,58
1,145,2,3.6,9.242945552393717,0.0,7,58
1,145,3,3.6,7.165861347930863,0.0,7,58
1,145,4,2.8,15.106669100656658,0.0,7,58
1,145,5,3.0,9.619871990203501,0.0,7,58
1,145,6,2.8,9.005521574087386,0.0,7,58
1,145,7,2.8,12.595980405580997,0.0,7,58
1,145,8,2.8,10.857727133738043,0.0,7,58
1,145,9,2.8,13.240069076685446,0.0,7,58
1,145,10,2.8,13.876547231488125,0.0,7,58
1,145,11,2.8,17.49488795497718,0.0,7,58
1,145,12,2.8,11.959190482381286,0.0,7,58
1,145,13,2.8,14.06765494529784,0.0,7,58
1,145,14,2.8,12.128249962448576,0.0,7,58
1,145,15,2.8,11.45204531951803,0.0,7,58
1,145,16,2.8,15.262476558660895,0.0,7,58
1,145,17,3.0,8.70745908340984,0.0,7,58
1,145,18,2.8,11.4968972565181,0.0,7,58
1,145,19,2.8,13.447125765916413,0.0,7,58
1,145,20,2.8,10.227117672116282,0.0,7,58
1,145,21,3.2,8.880422097923818,0.0,7,58
2,145,1,3.2,12.753121314043968,0.0,7,58
2,145,2,2.8,10.265264838607928,0.0,7,58
2,145,3,3.2,10.919542370805866,0.0,7,58
2,145,4,3.4,8.675562212823252,0.0,7,58
2,145,5,2.8,10.626819719920269,0.0,7,58
2,145,6,2.8,10.098811964920774,0.0,7,58
2,145,7,3.0,10.467490769308924,0.0,7,58
2,145,8,3.2,9.766854024418292,0.0,7,58
2,145,9,2.8,12.253911310040692,0.0,7,58
2,145,10,2.8,10.48693182542569,0.0,7,58
2,145,11,2.8,12.830035758534285,0.0,7,58
2,145,12,2.8,11.892405732052623,0.0,7,58
2,145,13,2.8,10.717613010210894,0.0,7,58
2,145,14,3.0,12.3653224794214,0.0,7,58
2,145,15,3.0,9.384550169685905,0.0,7,58
2,145,16,2.8,11.835563800457814,0.0,7,58
2,145,17,2.8,10.701388274674875,0.0,7,58
2,145,18,3.0,12.246973472507793,0.0,7,58
2,145,19,2.8,10.67745451112482,0.0,7,58
2,145,20,2.8,7.498834893569767,0.0,7,58
2,145,21,3.0,11.707859304968176,0.0,7,58
3,145,1,3.2,7.409930700510014,0.0,7,58
3,145,2,2.8,11.369242504884491,0.0,7,58
3,145,3,2.8,14.117300184949476,0.0,7,58
3,145,4,2.8,9.859851456553208,0.0,7,58
3,145,5,2.8,9.259939540560204,0.0,7,58
3,145,6,2.8,9.837140003390331,0.0,7,58
3,145,7,2.8,10.191225163793018,0.0,7,58
3,145,8,2.8,11.89956408604898,0.0,7,58
3,145,9,2.8,14.444710500072393,0.0,7,58
3,145,10,2.8,12.434858816576583,0.0,7,58
3,145,11,2.8,12.25741655013154,0.0,7,58
3,145,12,3.2,10.975130294955283,0.0,7,58
3,145,13,3.0,9.364841670627799,0.0,7,58
3,145,14,3.2,8.389917497413041,0.0,7,58
3,145,15,3.0,12.572074819054547,0.0,7,58
3,145,16,2.8,11.040367275041465,0.0,7,58
3,145,17,2.8,13.26040547402591,0.0,7,58
3,145,18,3.0,11.680694519420268,0.0,7,58
3,145,19,2.8,13.277584142368939,0.0,7,58
3,145,20,2.8,8.522854279910389,0.0,7,58
3,145,21,3.0,10.345580808958875,0.0,7,58
3,145,22,2.2,15.247347622690373,0.0,5,58
1,146,1,4.6,8.210930318283896,0.0,7,58
1,146,2,3.8,10.038642430580152,0.0,7,58
1,146,3,3.4,8.021713597396587,0.0,7,58
1,146,4,3.2,10.628606451537436,0.0,7,58
1,146,5,3.2,8.63090142250651,0.0,7,58
1,146,6,2.8,9.08749497092052,0.0,7,58
1,146,7,2.8,10.330992535410092,0.0,7,58
1,146,8,2.8,12.671296864561315,0.0,7,58
1,146,9,2.8,11.662569739099595,0.0,7,58
1,146,10,2.8,15.035227273092689,0.0,7,58
1,146,11,2.8,14.457201174462487,0.0,7,58
1,146,12,2.8,11.482387077004212,0.0,7,58
1,146,13,2.8,14.203472236624428,0.0,7,58
1,146,14,2.8,10.916174969678165,0.0,7,58
1,146,15,2.8,12.66785337014831,0.0,7,58
1,146,16,2.8,12.020411286906633,0.0,7,58
1,146,17,3.0,9.073895310293338,0.0,7,58
1,146,18,3.0,8.345306645996356,0.0,7,58
1,146,19,3.0,10.275059827818001,0.0,7,58
1,146,20,3.0,10.034537307578393,0.0,7,58
1,146,21,2.5,10.720165325564357,0.0,4,58
2,146,1,2.8,15.630315335050213,0.0,7,58
2,146,2,2.8,11.547694743014395,0.0,7,58
2,146,3,3.2,10.769253716700282,0.0,7,58
2,146,4,3.2,9.882988710171349,0.0,7,58
2,146,5,2.8,10.811323727467183,0.0,7,58
2,146,6,3.0,9.470903839871031,0.0,7,58
2,146,7,3.2,10.082158784752961,0.0,7,58
2,146,8,3.0,10.332300968493001,0.0,7,58
2,146,9,2.8,11.48058879712078,0.0,7,58
2,146,10,2.8,12.051772772701426,0.0,7,58
2,146,11,2.8,11.379571040781707,0.0,7,58
2,146,12,2.8,16.077766497907454,0.0,7,58
2,146,13,2.8,11.241453112448292,0.0,7,58
2,146,14,3.0,11.015042229232474,0.0,7,58
2,146,15,3.0,9.554496778706392,0.0,7,58
2,146,16,2.8,13.223208359104227,0.0,7,58
2,146,17,2.8,10.922432548293028,0.0,7,58
2,146,18,2.8,12.163664390061749,0.0,7,58
2,146,19,3.2,10.878763920625694,0.0,7,58
2,146,20,2.8,7.4091810142413586,0.0,7,58
2,146,21,3.0,9.15637583668583,0.0,7,58
3,146,1,2.8,10.054995608199642,0.0,7,58
3,146,2,2.8,10.989289320899744,0.0,7,58
3,146,3,2.8,11.743455745066173,0.0,7,58
3,146,4,2.8,10.663514457702092,0.0,7,58
3,146,5,2.8,10.222987670520743,0.0,7,58
3,146,6,2.8,9.47156941332501,0.0,7,58
3,146,7,2.8,11.601713144146641,0.0,7,58
3,146,8,3.0,10.942495230751085,0.0,7,58
3,146,9,2.8,11.427041519022328,0.0,7,58
3,146,10,2.8,10.2458113982224,0.0,7,58
3,146,11,2.8,11.221117479726816,0.0,7,58
3,146,12,3.0,12.922760788652033,0.0,7,58
3,146,13,3.0,9.27116876599715,0.0,7,58
3,146,14,2.8,11.01575435048065,0.0,7,58
3,146,15,2.8,12.941833182197888,0.0,7,58
3,146,16,3.2,10.00819784969832,0.0,7,58
3,146,17,2.8,13.724105140413915,0.0,7,58
3,146,18,2.8,10.968973747234418,0.0,7,58
3,146,19,2.8,11.0956140813426,0.0,7,58
3,146,20,2.8,10.484203676959694,0.0,7,58
3,146,21,2.8,10.682938382908247,0.0,7,58
3,146,22,3.2,9.35264764681323,0.0,7,58
1,147,1,4.6,8.382252359132197,0.0,7,58
1,147,2,3.8,10.83266304562862,0.0,7,58
1,147,3,3.4,7.723552396406407,0.0,7,58
1,147,4,2.8,13.398381208380613,0.0,7,58
1,147,5,3.2,8.163313137043254,0.0,7,58
1,147,6,3.0,11.12889755912678,0.0,7,58
1,147,7,2.8,10.419882057340647,0.0,7,58
1,147,8,2.8,11.527284807384806,0.0,7,58
1,147,9,2.8,9.11660006805511,0.0,7,58
1,147,10,2.8,15.706621651437512,0.0,7,58
1,147,11,2.8,14.910750250582197,0.0,7,58
1,147,12,2.8,10.042322327122976,0.0,7,58
1,147,13,2.8,13.727369955671437,0.0,7,58
1,147,14,2.8,12.631814462117756,0.0,7,58
1,147,15,3.0,10.725498085638158,0.0,7,58
1,147,16,2.8,14.235285059517519,0.0,7,58
1,147,17,3.0,9.198554628575785,0.0,7,58
1,147,18,2.8,8.101476092107545,0.0,7,58
1,147,19,3.2,9.931834314114564,0.0,7,58
1,147,20,3.0,9.854038974825361,0.0,7,58
1,147,21,2.5,10.768055637350898,0.0,4,58
2,147,1,3.0,12.925207495990644,0.0,7,58
2,147,2,3.0,10.451467362657784,0.0,7,58
2,147,3,4.0,7.432567141697706,0.125,7,58
2,147,4,2.8,8.65469230184505,0.0,7,58
2,147,5,2.8,11.342739273412679,0.0,7,58
2,147,6,2.8,8.76847260710808,0.0,7,58
2,147,7,3.0,11.997293709999834,0.0,7,58
2,147,8,3.0,11.146885098774993,0.0,7,58
2,147,9,2.8,14.024070706979114,0.0,7,58
2,147,10,2.8,11.645014226008822,0.0,7,58
2,147,11,2.8,10.869178274648878,0.0,7,58
2,147,12,2.8,13.005053040892397,0.0,7,58
2,147,13,2.8,9.775460941923635,0.0,7,58
2,147,14,2.8,11.28219506611446,0.0,7,58
2,147,15,3.0,11.613003073580746,0.0,7,58
2,147,16,2.8,11.343772427263515,0.0,7,58
2,147,17,2.8,11.327424208898535,0.0,7,58
2,147,18,2.8,12.90033855199209,0.0,7,58
2,147,19,3.2,9.819421494288761,0.0,7,58
2,147,20,2.8,7.049394647503686,0.0,7,58
2,147,21,3.0,11.889942657866492,0.0,7,58
3,147,1,2.8,10.189002314546489,0.0,7,58
3,147,2,2.8,11.659682046832277,0.0,7,58
3,147,3,2.8,10.387242175536443,0.0,7,58
3,147,4,2.8,8.755382161252534,0.0,7,58
3,147,5,2.8,10.309145252124544,0.0,7,58
3,147,6,2.8,10.966000447541118,0.0,7,58
3,147,7,2.8,9.194773302646807,0.0,7,58
3,147,8,2.8,10.490222181166178,0.0,7,58
3,147,9,2.8,13.204087590298258,0.0,7,58
3,147,10,2.8,11.527316426446315,0.0,7,58
3,147,11,2.8,11.649282728978745,0.0,7,58
3,147,12,3.2,10.099042278004173,0.0,7,58
3,147,13,3.2,8.874758376348975,0.0,7,58
3,147,14,2.8,10.32077138930443,0.0,7,58
3,147,15,2.8,13.396545660536058,0.0,7,58
3,147,16,3.0,9.859974536687222,0.0,7,58
3,147,17,2.8,14.574403151284859,0.0,7,58
3,147,18,2.8,13.881851452880893,0.0,7,58
3,147,19,2.8,11.321543437851915,0.0,7,58
3,147,20,2.8,9.550988824822218,0.0,7,58
3,147,21,2.8,8.138414374197778,0.0,7,58
3,147,22,2.8,9.962686628387523,0.0,7,58
1,148,1,4.4,8.36853361444611,0.0,7,58
1,148,2,3.8,11.01605709231196,0.0,7,58
1,148,3,3.2,9.349147305877498,0.0,7,58
1,148,4,3.2,11.467202664055002,0.0,7,58
1,148,5,3.0,8.980706514920271,0.0,7,58
1,148,6,3.0,8.847048602541433,0.0,7,58
1,148,7,2.8,11.701777283605633,0.0,7,58
1,148,8,2.8,13.35805760464029,0.0,7,58
1,148,9,2.8,9.883302904168389,0.0,7,58
1,148,10,2.8,13.166302374115283,0.0,7,58
1,148,11,2.8,19.498217839064285,0.0,7,58
1,148,12,2.8,10.143335321721999,0.0,7,58
1,148,13,2.8,14.614346222594108,0.0,7,58
1,148,14,3.0,10.866796734744412,0.0,7,58
1,148,15,2.8,12.343040790258767,0.0,7,58
1,148,16,2.8,11.806002783668836,0.0,7,58
1,148,17,3.2,8.2251963003203,0.0,7,58
1,148,18,2.8,9.345308518704316,0.0,7,58
1,148,19,3.2,10.323160456403198,0.0,7,58
1,148,20,3.0,10.309207477795546,0.0,7,58
1,148,21,2.5,10.26369342856648,0.0,4,58
2,148,1,3.0,12.476959645530819,0.0,7,58
2,148,2,2.8,11.441445054808245,0.0,7,58
2,148,3,3.2,12.704157384853165,0.0,7,58
2,148,4,3.2,10.59028646238322,0.0,7,58
2,148,5,2.8,10.172891752421265,0.0,7,58
2,148,6,2.8,10.205558529397344,0.0,7,58
2,148,7,3.2,11.333952360608727,0.0,7,58
2,148,8,2.8,9.983777459490238,0.0,7,58
2,148,9,3.0,11.018615317428623,0.0,7,58
2,148,10,2.8,11.864738119558103,0.0,7,58
2,148,11,2.8,10.759012175645784,0.0,7,58
2,148,12,2.8,12.678305263536776,0.0,7,58
2,148,13,2.8,11.139084934549771,0.0,7,58
2,148,14,3.0,10.240442766337438,0.0,7,58
2,148,15,3.0,8.493079844393325,0.0,7,58
2,148,16,2.8,10.834023354048806,0.0,7,58
2,148,17,2.8,12.534068435107837,0.0,7,58
2,148,18,2.8,10.94472955018501,0.0,7,58
2,148,19,3.0,12.17641821257773,0.0,7,58
2,148,20,2.8,8.772392954657997,0.0,7,58
2,148,21,3.0,9.460078154618847,0.0,7,58
3,148,1,2.8,11.074572238844667,0.0,7,58
3,148,2,2.8,9.887791603504354,0.0,7,58
3,148,3,2.8,11.103848049712328,0.0,7,58
3,148,4,2.8,10.852732462676569,0.0,7,58
3,148,5,2.8,9.56733239989489,0.0,7,58
3,148,6,2.8,10.335915470170589,0.0,7,58
3,148,7,2.8,9.613916447393196,0.0,7,58
3,148,8,2.8,11.019428203164962,0.0,7,58
3,148,9,2.8,14.87386497560158,0.0,7,58
3,148,10,2.8,11.570932802830628,0.0,7,58
3,148,11,2.8,10.599474739595443,0.0,7,58
3,148,12,3.2,10.285868066960525,0.0,7,58
3,148,13,3.0,9.25713629527569,0.0,7,58
3,148,14,3.0,8.774047252251124,0.0,7,58
3,148,15,2.8,17.250627103973514,0.0,7,58
3,148,16,3.0,10.36107507421503,0.0,7,58
3,148,17,2.8,14.470952754923001,0.0,7,58
3,148,18,2.8,11.251479079651492,0.0,7,58
3,148,19,2.8,11.893982526003027,0.0,7,58
3,148,20,2.8,8.963120751531601,0.0,7,58
3,148,21,2.8,8.89601109921974,0.0,7,58
3,148,22,2.8,9.61801341791772,0.0,7,58
1,149,1,4.6,8.981963529715339,0.0,7,58
1,149,2,4.0,9.000919686301527,0.0,7,58
1,149,3,3.4,8.242480097087359,0.0,7,58
1,149,4,3.0,12.852056465658391,0.0,7,58
1,149,5,3.0,9.6169085427097,0.0,7,58
1,149,6,2.8,10.130382658780572,0.0,7,58
1,149,7,2.8,9.057335385252154,0.0,7,58
1,149,8,2.8,14.021775329260766,0.0,7,58
1,149,9,2.8,11.456433840942527,0.0,7,58
1,149,10,2.8,14.156850409436924,0.0,7,58
1,149,11,2.8,15.893946307504406,0.0,7,58
1,149,12,2.8,10.975108353143208,0.0,7,58
1,149,13,2.8,15.452183514073848,0.0,7,58
1,149,14,2.8,15.21525789605321,0.0,7,58
1,149,15,2.8,11.975113547999385,0.0,7,58
1,149,16,2.8,10.733533965007833,0.0,7,58
1,149,17,3.0,8.909669101435306,0.0,7,58
1,149,18,3.0,9.488286649578821,0.0,7,58
1,149,19,2.8,13.564549599044964,0.0,7,58
1,149,20,3.0,9.672808413269834,0.0,7,58
1,149,21,3.0,9.589299320518009,0.0,4,58
2,149,1,3.2,13.757124779130663,0.0,7,58
2,149,2,3.0,10.491729227483034,0.0,7,58
2,149,3,3.6,8.937830364843506,0.0,7,58
2,149,4,3.0,8.600579599958838,0.0,7,58
2,149,5,2.8,14.150793744210452,0.0,7,58
2,149,6,3.0,8.32727384108485,0.0,7,58
2,149,7,3.4,8.75096556240716,0.0,7,58
2,149,8,3.2,10.791206599624065,0.0,7,58
2,149,9,2.8,12.56450427689776,0.0,7,58
2,149,10,2.8,9.96472963711707,0.0,7,58
2,149,11,2.8,13.84272369854964,0.0,7,58
2,149,12,2.8,12.457846092775757,0.0,7,58
2,149,13,2.8,13.63529783518705,0.0,7,58
2,149,14,2.8,8.484217696245066,0.0,7,58
2,149,15,3.0,9.228062781800226,0.0,7,58
2,149,16,3.0,11.234465151554247,0.0,7,58
2,149,17,3.0,10.200737967044603,0.0,7,58
2,149,18,3.0,13.953467799109426,0.0,7,58
2,149,19,3.0,8.500708589731675,0.0,7,58
2,149,20,2.8,8.373900197428734,0.0,7,58
2,149,21,2.2,14.876238633811079,0.0,5,58
3,149,1,3.0,9.949432176393595,0.0,7,58
3,149,2,2.8,14.282278226432327,0.0,7,58
3,149,3,2.8,10.788940965790857,0.0,7,58
3,149,4,2.8,10.3393996016845,0.0,7,58
3,149,5,2.8,9.310168382235757,0.0,7,58
3,149,6,2.8,9.26910300285381,0.0,7,58
3,149,7,3.0,10.364333037798113,0.0,7,58
3,149,8,2.8,10.059767354238206,0.0,7,58
3,149,9,3.0,12.366773785813258,0.0,7,58
3,149,10,2.8,12.693721472649472,0.0,7,58
3,149,11,3.0,9.971535833243706,0.0,7,58
3,149,12,3.2,9.723175070912193,0.0,7,58
3,149,13,3.2,8.595892401801068,0.0,7,58
3,149,14,3.0,9.824924206902999,0.0,7,58
3,149,15,3.0,10.480313381144315,0.0,7,58
3,149,16,2.8,12.827953186136057,0.0,7,58
3,149,17,3.0,10.560317092049461,0.0,7,58
3,149,18,2.8,11.504845651260174,0.0,7,58
3,149,19,2.8,14.058421976828788,0.0,7,58
3,149,20,2.8,9.363454666959148,0.0,7,58
3,149,21,3.0,9.319507473555007,0.0,7,58
3,149,22,2.25,12.808257164502045,0.0,4,58
1,150,1,4.2,9.250990602306917,0.0,7,58
1,150,2,3.6,11.396030726797312,0.0,7,58
1,150,3,3.4,8.133243673947351,0.0,7,58
1,150,4,3.0,9.742921062449925,0.0,7,58
1,150,5,3.0,9.30068312960026,0.0,7,58
1,150,6,2.8,9.995018492606599,0.0,7,58
1,150,7,3.0,12.8093645196705,0.0,7,58
1,150,8,2.8,10.896995657829025,0.0,7,58
1,150,9,2.8,14.009597751245343,0.0,7,58
1,150,10,2.8,15.207261826300288,0.0,7,58
1,150,11,2.8,12.674498503169811,0.0,7,58
1,150,12,2.8,13.606377955174217,0.0,7,58
1,150,13,2.8,11.362135170449084,0.0,7,58
1,150,14,2.8,12.27649931847187,0.0,7,58
1,150,15,2.8,11.40868250829012,0.0,7,58
1,150,16,2.8,11.57012858821866,0.0,7,58
1,150,17,2.8,8.96822501204743,0.0,7,58
1,150,18,3.4,8.422596225791647,0.0,7,58
1,150,19,3.2,9.928875934903646,0.0,7,58
1,150,20,3.0,10.996674653702597,0.0,7,58
1,150,21,3.0,9.27563973546825,0.0,4,58
2,150,1,3.2,10.794840483588226,0.0,7,58
2,150,2,3.0,9.28166220675774,0.0,7,58
2,150,3,3.4,11.102950918394747,0.0,7,58
2,150,4,3.0,9.97579978118914,0.0,7,58
2,150,5,3.0,10.250180648274313,0.0,7,58
2,150,6,3.0,10.375646766203369,0.0,7,58
2,150,7,3.2,10.848879013127087,0.0,7,58
2,150,8,3.0,10.62499836073482,0.0,7,58
2,150,9,2.8,12.754696312569237,0.0,7,58
2,150,10,2.8,10.736925539349906,0.0,7,58
2,150,11,3.0,13.005551455539047,0.0,7,58
2,150,12,2.8,10.878352105769311,0.0,7,58
2,150,13,2.8,11.747953740394166,0.0,7,58
2,150,14,2.8,10.109552832818562,0.0,7,58
2,150,15,3.0,9.232683476410303,0.0,7,58
2,150,16,3.0,10.861103692794526,0.0,7,58
2,150,17,2.8,13.123139743466385,0.0,7,58
2,150,18,2.8,15.764559596138554,0.0,7,58
2,150,19,3.0,10.034491804982194,0.0,7,58
2,150,20,2.8,8.105002019273847,0.0,7,58
2,150,21,2.8,11.712896789418869,0.0,6,58
3,150,1,3.0,10.735297046943671,0.0,7,58
3,150,2,2.8,12.400106441077964,0.0,7,58
3,150,3,2.8,13.778515252551372,0.0,7,58
3,150,4,2.8,9.638740054561893,0.0,7,58
3,150,5,2.8,10.923022547002203,0.0,7,58
3,150,6,2.8,9.679862810536589,0.0,7,58
3,150,7,2.8,9.88154185691701,0.0,7,58
3,150,8,2.8,11.055670534536613,0.0,7,58
3,150,9,2.8,12.226561233358812,0.0,7,58
3,150,10,2.8,10.656400804571573,0.0,7,58
3,150,11,2.8,12.354436148275031,0.0,7,58
3,150,12,3.0,12.950123063483401,0.0,7,58
3,150,13,3.0,10.811736480764484,0.0,7,58
3,150,14,3.0,8.54123948332036,0.0,7,58
3,150,15,2.8,14.64782280946663,0.0,7,58
3,150,16,3.0,10.97459737980294,0.0,7,58
3,150,17,2.8,13.191301494368917,0.0,7,58
3,150,18,2.8,11.398259866383595,0.0,7,58
3,150,19,2.8,11.622750811692862,0.0,7,58
3,150,20,2.8,9.205962846152737,0.0,7,58
3,150,21,2.8,9.287778375966319,0.0,7,58
3,150,22,2.8,9.850368466840205,0.0,7,58
1,151,1,4.6,7.776491326531599,0.0,7,58
1,151,2,4.0,8.352195952587978,0.0,7,58
1,151,3,3.2,10.976222593712501,0.0,7,58
1,151,4,3.4,10.852889521586011,0.0,7,58
1,151,5,3.0,9.736534652949574,0.0,7,58
1,151,6,2.8,8.939207395626719,0.0,7,58
1,151,7,2.8,10.871495680277405,0.0,7,58
1,151,8,2.8,10.905550691652536,0.0,7,58
1,151,9,2.8,10.982410227293888,0.0,7,58
1,151,10,2.8,14.185767239306063,0.0,7,58
1,151,11,2.8,13.426426976808312,0.0,7,58
1,151,12,2.8,10.980247517992744,0.0,7,58
1,151,13,2.8,13.533594031314818,0.0,7,58
1,151,14,2.8,13.94825352342702,0.0,7,58
1,151,15,2.8,12.35615361950507,0.0,7,58
1,151,16,2.8,12.365742998672818,0.0,7,58
1,151,17,3.0,9.458439174107788,0.0,7,58
1,151,18,3.0,8.66947277311989,0.0,7,58
1,151,19,3.0,10.581793493300554,0.0,7,58
1,151,20,3.0,9.437363806994266,0.0,7,58
1,151,21,2.5,10.307583818276923,0.0,4,58
2,151,1,3.0,12.203120608330263,0.0,7,58
2,151,2,2.8,10.235187039361076,0.0,7,58
2,151,3,3.4,11.633309817705843,0.0,7,58
2,151,4,3.4,10.043174048343273,0.0,7,58
2,151,5,2.8,9.459827695899982,0.0,7,58
2,151,6,2.8,11.792887151120851,0.0,7,58
2,151,7,3.4,9.259048075519598,0.0,7,58
2,151,8,3.0,11.356664334947078,0.0,7,58
2,151,9,2.8,12.372804434991332,0.0,7,58
2,151,10,2.8,10.155597630948353,0.0,7,58
2,151,11,3.0,13.021592287233151,0.0,7,58
2,151,12,2.8,11.437137140655741,0.0,7,58
2,151,13,2.8,11.259194228665216,0.0,7,58
2,151,14,2.8,9.398363860624858,0.0,7,58
2,151,15,3.0,10.480984702015776,0.0,7,58
2,151,16,2.8,9.769372875058796,0.0,7,58
2,151,17,2.8,11.283012482816563,0.0,7,58
2,151,18,3.0,13.067181201080526,0.0,7,58
2,151,19,3.0,8.767323852863326,0.0,7,58
2,151,20,2.8,7.89769313345553,0.0,7,58
2,151,21,3.0,10.773942604721483,0.0,7,58
3,151,1,2.8,11.034611179666438,0.0,7,58
3,151,2,2.8,11.549592427341773,0.0,7,58
3,151,3,2.8,10.230863313290094,0.0,7,58
3,151,4,2.8,8.844004890654771,0.0,7,58
3,151,5,2.8,10.222987670520743,0.0,7,58
3,151,6,2.8,9.949203085530632,0.0,7,58
3,151,7,2.8,9.50928332852535,0.0,7,58
3,151,8,2.8,10.227103551350945,0.0,7,58
3,151,9,2.8,12.45141167372646,0.0,7,58
3,151,10,2.8,12.097323875713242,0.0,7,58
3,151,11,2.8,11.991893658730529,0.0,7,58
3,151,12,3.6,8.499884069226466,0.125,7,58
3,151,13,2.8,10.87852517780202,0.0,7,58
3,151,14,2.8,10.39090862991884,0.0,7,58
3,151,15,2.8,14.139859401844847,0.0,7,58
3,151,16,3.0,10.343552514679796,0.0,7,58
3,151,17,2.8,13.571834700536693,0.0,7,58
3,151,18,2.8,11.21023351325255,0.0,7,58
3,151,19,2.8,11.03555347431122,0.0,7,58
3,151,20,2.8,9.987700580284715,0.0,7,58
3,151,21,2.8,8.793686679454057,0.0,7,58
3,151,22,2.8,10.86532177166302,0.0,7,58
1,152,1,4.6,8.089679342850692,0.0,7,58
1,152,2,4.0,8.170993364132295,0.0,7,58
1,152,3,3.2,9.580217105096535,0.0,7,58
1,152,4,2.8,14.25408681127359,0.0,7,58
1,152,5,3.0,8.404536087344034,0.0,7,58
1,152,6,2.8,11.188197605573828,0.0,7,58
1,152,7,2.8,11.79847987281224,0.0,7,58
1,152,8,2.8,10.478526564384223,0.0,7,58
1,152,9,2.8,13.267463010927528,0.0,7,58
1,152,10,2.8,14.95296875197693,0.0,7,58
1,152,11,2.8,11.872978926898561,0.0,7,58
1,152,12,2.8,12.174607894107705,0.0,7,58
1,152,13,2.8,15.709243191277361,0.0,7,58
1,152,14,2.8,12.467244845359671,0.0,7,58
1,152,15,3.0,12.503333044787563,0.0,7,58
1,152,16,2.8,16.35976220204175,0.0,7,58
1,152,17,2.8,8.684354676539657,0.0,7,58
1,152,18,3.0,9.707365688599674,0.0,7,58
1,152,19,3.0,11.829401486887619,0.0,7,58
1,152,20,3.0,9.212096693166648,0.0,7,58
1,152,21,2.6,15.527750223034335,0.0,6,58
2,152,1,3.4,11.627251293973787,0.0,7,58
2,152,2,3.0,10.174695044556916,0.0,7,58
2,152,3,3.2,9.643025429042822,0.0,7,58
2,152,4,3.4,8.769753564774668,0.0,7,58
2,152,5,3.0,12.9824960309036,0.0,7,58
2,152,6,3.0,9.151860000469872,0.0,7,58
2,152,7,3.2,9.54532087443604,0.0,7,58
2,152,8,2.8,15.096653868247657,0.0,7,58
2,152,9,2.8,12.528796262577131,0.0,7,58
2,152,10,2.8,9.290564070964656,0.0,7,58
2,152,11,2.8,14.326892685796038,0.0,7,58
2,152,12,2.8,12.979089298585963,0.0,7,58
2,152,13,2.8,14.040302033598206,0.0,7,58
2,152,14,2.8,10.509081113509074,0.0,7,58
2,152,15,3.0,10.610113073128748,0.0,7,58
2,152,16,2.8,12.148883649235598,0.0,7,58
2,152,17,2.8,12.048430880540685,0.0,7,58
2,152,18,3.0,14.154887324779716,0.0,7,58
2,152,19,3.0,9.762211934226517,0.0,7,58
2,152,20,2.8,7.905942308288699,0.0,7,58
2,152,21,2.8,12.580213746214618,0.0,6,58
3,152,1,3.2,8.769946894196556,0.0,7,58
3,152,2,3.2,11.362038631739592,0.0,7,58
3,152,3,3.0,12.286513994461135,0.0,7,58
3,152,4,2.8,12.86389481267674,0.0,7,58
3,152,5,2.8,9.598938408851899,0.0,7,58
3,152,6,2.8,9.238546223021203,0.0,7,58
3,152,7,3.0,10.827669620250479,0.0,7,58
3,152,8,2.8,9.24278051216169,0.0,7,58
3,152,9,2.8,15.274132945808006,0.0,7,58
3,152,10,2.8,10.990350958283365,0.0,7,58
3,152,11,3.0,11.837155620005554,0.0,7,58
3,152,12,2.8,11.407975759011647,0.0,7,58
3,152,13,3.0,10.260508576331596,0.0,7,58
3,152,14,2.8,10.172232987649025,0.0,7,58
3,152,15,3.0,11.62603067382422,0.0,7,58
3,152,16,2.8,12.145717707156672,0.0,7,58
3,152,17,2.8,11.679091300936278,0.0,7,58
3,152,18,2.8,12.038641602454224,0.0,7,58
3,152,19,2.8,11.250420099244813,0.0,7,58
3,152,20,2.8,9.357385437397312,0.0,7,58
3,152,21,3.0,9.05848018192575,0.0,7,58
3,152,22,2.2,14.523227783305165,0.0,5,58
1,153,1,4.6,7.776491326531601,0.0,7,58
1,153,2,3.8,10.278357661450125,0.0,7,58
1,153,3,3.4,8.263724278122268,0.0,7,58
1,153,4,2.8,11.311005934730575,0.0,7,58
1,153,5,3.2,7.979548236596594,0.0,7,58
1,153,6,3.0,10.694387703112051,0.0,7,58
1,153,7,2.8,8.4007506673213,0.0,7,58
1,153,8,2.8,15.342691186815951,0.0,7,58
1,153,9,2.8,10.89707312461703,0.0,7,58
1,153,10,2.8,12.803312610878741,0.0,7,58
1,153,11,2.8,17.112600235428992,0.0,7,58
1,153,12,2.8,10.042322327122996,0.0,7,58
1,153,13,2.8,11.327565976911247,0.0,7,58
1,153,14,2.8,15.13880922999674,0.0,7,58
1,153,15,3.0,11.503537043699552,0.0,7,58
1,153,16,2.8,11.299163519884159,0.0,7,58
1,153,17,3.0,8.27630627643056,0.0,7,58
1,153,18,2.8,9.522521583734779,0.0,7,58
1,153,19,3.2,11.290221834934302,0.0,7,58
1,153,20,2.8,11.674707296222834,0.0,7,58
1,153,21,2.75,9.469965101309008,0.0,4,58
2,153,1,3.2,11.703741585019026,0.0,7,58
2,153,2,2.8,10.640294933052598,0.0,7,58
2,153,3,3.8,8.128435121620551,0.0,7,58
2,153,4,3.2,8.602502054965859,0.0,7,58
2,153,5,2.8,11.052174016896878,0.0,7,58
2,153,6,2.8,10.168930529343424,0.0,7,58
2,153,7,3.4,8.367838995132427,0.0,7,58
2,153,8,3.0,11.399451608352903,0.0,7,58
2,153,9,2.8,13.708198721673222,0.0,7,58
2,153,10,2.8,9.796523856922606,0.0,7,58
2,153,11,2.8,14.60050322335396,0.0,7,58
2,153,12,2.8,13.203238751945886,0.0,7,58
2,153,13,2.8,12.64676031280971,0.0,7,58
2,153,14,2.8,11.000525672289777,0.0,7,58
2,153,15,3.0,9.014945572113032,0.0,7,58
2,153,16,2.8,13.950024611613237,0.0,7,58
2,153,17,2.8,10.46156293442905,0.0,7,58
2,153,18,2.8,16.237104102835723,0.0,7,58
2,153,19,3.0,10.016505304585023,0.0,7,58
2,153,20,2.8,8.172057703120823,0.0,7,58
2,153,21,3.0,9.45776827004821,0.0,6,58
3,153,1,3.2,8.33945956645358,0.0,7,58
3,153,2,3.0,11.836766426659747,0.0,7,58
3,153,3,2.8,13.43987569460895,0.0,7,58
3,153,4,2.8,7.682984487887532,0.0,7,58
3,153,5,2.8,9.604290200803687,0.0,7,58
3,153,6,2.8,9.569410446736747,0.0,7,58
3,153,7,3.0,9.714141471116244,0.0,7,58
3,153,8,3.0,10.43681743129281,0.0,7,58
3,153,9,2.8,15.461688600029913,0.0,7,58
3,153,10,2.8,10.114040932944059,0.0,7,58
3,153,11,3.6,8.00790275239162,0.125,7,58
3,153,12,2.8,12.63170642822556,0.0,7,58
3,153,13,3.0,10.091093135906597,0.0,7,58
3,153,14,3.0,9.379365932300491,0.0,7,58
3,153,15,3.2,11.342237613217181,0.0,7,58
3,153,16,2.8,19.257905035135398,0.0,7,58
3,153,17,2.8,10.624798087416856,0.0,7,58
3,153,18,2.8,11.214843649129474,0.0,7,58
3,153,19,2.8,11.375385302974317,0.0,7,58
3,153,20,2.8,9.787479629543691,0.0,7,58
3,153,21,3.0,10.048849258734208,0.0,7,58
1,154,1,4.6,8.560876059630456,0.0,7,58
1,154,2,3.4,9.608771835823623,0.0,7,58
1,154,3,3.2,10.300063949330415,0.0,7,58
1,154,4,3.4,9.356172419548535,0.0,7,58
1,154,5,3.2,7.937505476887802,0.0,7,58
1,154,6,2.8,10.390648262759859,0.0,7,58
1,154,7,2.8,12.528986915655056,0.0,7,58
1,154,8,2.8,11.836266868720815,0.0,7,58
1,154,9,2.8,11.002062533393643,0.0,7,58
1,154,10,2.8,15.345678321731826,0.0,7,58
1,154,11,2.8,18.481612066338514,0.0,7,58
1,154,12,2.8,9.56379655216195,0.0,7,58
1,154,13,2.8,15.969906014062097,0.0,7,58
1,154,14,2.8,10.946990482448227,0.0,7,58
1,154,15,2.8,9.855059085710925,0.0,7,58
1,154,16,3.0,11.237763510223964,0.0,7,58
1,154,17,3.0,9.484624921560345,0.0,7,58
1,154,18,3.0,9.019625324858575,0.0,7,58
1,154,19,3.2,11.549897182340912,0.0,7,58
1,154,20,3.2,8.318250665659992,0.0,7,58
2,154,1,3.2,12.441803428215099,0.0,7,58
2,154,2,2.8,12.641637273337327,0.0,7,58
2,154,3,4.0,6.982819858087547,0.125,7,58
2,154,4,2.8,10.031643162230079,0.0,7,58
2,154,5,2.8,11.448902673008993,0.0,7,58
2,154,6,2.8,9.669560240794477,0.0,7,58
2,154,7,3.4,10.266910464380647,0.0,7,58
2,154,8,2.8,12.83926952383945,0.0,7,58
2,154,9,2.8,10.78073380307483,0.0,7,58
2,154,10,2.8,10.669363183853196,0.0,7,58
2,154,11,2.8,12.152013196207484,0.0,7,58
2,154,12,2.8,11.893176478572249,0.0,7,58
2,154,13,2.8,11.036127848039639,0.0,7,58
2,154,14,2.8,12.190886707395446,0.0,7,58
2,154,15,3.0,10.568313885698862,0.0,7,58
2,154,16,2.8,13.361035204007985,0.0,7,58
2,154,17,2.8,13.72785899337858,0.0,7,58
2,154,18,3.0,11.64091802920463,0.0,7,58
2,154,19,2.8,11.721037421408056,0.0,7,58
2,154,20,2.8,7.480491616425125,0.0,7,58
2,154,21,3.0,10.341866219327242,0.0,7,58
3,154,1,3.2,8.172313113713495,0.0,7,58
3,154,2,2.8,12.79648020740412,0.0,7,58
3,154,3,2.8,11.384428593147216,0.0,7,58
3,154,4,2.8,7.939866480247231,0.0,7,58
3,154,5,2.8,9.920833836083395,0.0,7,58
3,154,6,2.8,8.841678207737191,0.0,7,58
3,154,7,2.8,9.480360749235885,0.0,7,58
3,154,8,2.8,11.853439928064903,0.0,7,58
3,154,9,2.8,21.428775759044587,0.0,7,58
3,154,10,3.0,10.563845887027714,0.0,7,58
3,154,11,2.8,10.710362762123681,0.0,7,58
3,154,12,3.6,7.543604445536954,0.125,7,58
3,154,13,2.8,11.70075637898055,0.0,7,58
3,154,14,2.8,10.198971973342488,0.0,7,58
3,154,15,3.0,14.580079128850608,0.0,7,58
3,154,16,2.8,11.717198335423905,0.0,7,58
3,154,17,2.8,11.666828107900294,0.0,7,58
3,154,18,3.0,11.793309814265623,0.0,7,58
3,154,19,2.8,12.095921425667935,0.0,7,58
3,154,20,2.8,9.870850639160272,0.0,7,58
3,154,21,2.8,9.110483855762295,0.0,7,58
3,154,22,2.4,14.738320202131533,0.0,6,58
1,155,1,4.6,8.166420789780474,0.0,7,58
1,155,2,3.8,11.051190428228402,0.0,7,58
1,155,3,3.4,7.674371234244556,0.0,7,58
1,155,4,2.8,14.120483311552466,0.0,7,58
1,155,5,3.2,9.354512181405086,0.0,7,58
1,155,6,2.8,9.243121827139614,0.0,7,58
1,155,7,2.8,11.567007363037973,0.0,7,58
1,155,8,2.8,10.56983540986673,0.0,7,58
1,155,9,2.8,11.44070961924623,0.0,7,58
1,155,10,2.8,13.767935188013292,0.0,7,58
1,155,11,2.8,15.814050020543037,0.0,7,58
1,155,12,2.8,9.958937679154424,0.0,7,58
1,155,13,2.8,21.41929227070172,0.0,7,58
1,155,14,2.8,11.253644074918608,0.0,7,58
1,155,15,2.8,11.781887201888921,0.0,7,58
1,155,16,2.8,11.0095710559067,0.0,7,58
1,155,17,3.0,8.535190798048548,0.0,7,58
1,155,18,3.2,8.857728195699538,0.0,7,58
1,155,19,3.2,11.35403981066506,0.0,7,58
1,155,20,3.0,10.769827617493076,0.0,7,58
1,155,21,2.5,12.339042285532283,0.0,4,58
2,155,1,3.6,10.418469727803851,0.0,7,58
2,155,2,3.0,11.188374606545569,0.0,7,58
2,155,3,3.4,8.64381891864253,0.0,7,58
2,155,4,3.4,8.643487562376198,0.0,7,58
2,155,5,2.8,13.21518495854372,0.0,7,58
2,155,6,2.8,12.003854317535026,0.0,7,58
2,155,7,3.6,7.882183201937478,0.0,7,58
2,155,8,2.8,11.73349857218948,0.0,7,58
2,155,9,2.8,13.906793443559526,0.0,7,58
2,155,10,2.8,8.884624411168623,0.0,7,58
2,155,11,3.0,13.603554141581121,0.0,7,58
2,155,12,2.8,12.595951844273182,0.0,7,58
2,155,13,2.8,10.831019552584136,0.0,7,58
2,155,14,3.0,9.2620305274242,0.0,7,58
2,155,15,3.0,11.558924455982227,0.0,7,58
2,155,16,2.8,13.023477346446857,0.0,7,58
2,155,17,2.8,11.558212688563678,0.0,7,58
2,155,18,2.8,12.469627287222963,0.0,7,58
2,155,19,3.0,8.524404433098042,0.0,7,58
2,155,20,2.8,8.032952566666799,0.0,7,58
2,155,21,2.75,10.233329438289067,0.0,4,58
3,155,1,3.6,7.498231724504768,0.0,7,58
3,155,2,3.2,10.289990635789838,0.0,7,58
3,155,3,3.2,9.545727116871527,0.0,7,58
3,155,4,2.8,9.673763773604575,0.0,7,58
3,155,5,3.0,9.622260365171927,0.0,7,58
3,155,6,2.8,9.85908523183323,0.0,7,58
3,155,7,3.0,10.567976991261425,0.0,7,58
3,155,8,2.8,12.945591605011117,0.0,7,58
3,155,9,2.8,13.326900839656119,0.0,7,58
3,155,10,2.8,10.404376372856929,0.0,7,58
3,155,11,3.6,9.293343606620459,0.125,7,58
3,155,12,3.0,10.467043178614762,0.0,7,58
3,155,13,2.8,10.777670100036602,0.0,7,58
3,155,14,2.8,12.223888376474273,0.0,7,58
3,155,15,3.2,9.615103950833111,0.0,7,58
3,155,16,2.8,13.724902232639629,0.0,7,58
3,155,17,3.0,9.76535966531757,0.0,7,58
3,155,18,2.8,11.139740504383083,0.0,7,58
3,155,19,2.8,11.78013387697028,0.0,7,58
3,155,20,2.8,9.362927840081758,0.0,7,58
3,155,21,3.0,10.01066225756752,0.0,7,58
1,156,1,4.8,8.977311037496634,0.0,7,58
1,156,2,3.4,11.636560106334224,0.0,7,58
1,156,3,3.2,8.421488843105148,0.0,7,58
1,156,4,3.2,11.667017967118712,0.0,7,58
1,156,5,3.2,7.916649797139334,0.0,7,58
1,156,6,2.8,10.214519825697211,0.0,7,58
1,156,7,2.8,12.07700948389284,0.0,7,58
1,156,8,2.8,10.954112321820144,0.0,7,58
1,156,9,2.8,13.58076008127539,0.0,7,58
1,156,10,2.8,17.38182030988295,0.0,7,58
1,156,11,2.8,12.711655336665832,0.0,7,58
1,156,12,2.8,12.196278889264486,0.0,7,58
1,156,13,2.8,16.449435055604564,0.0,7,58
1,156,14,2.8,12.946017903270667,0.0,7,58
1,156,15,2.8,11.23283561094136,0.0,7,58
1,156,16,2.8,16.31546815032442,0.0,7,58
1,156,17,3.0,8.392545627397807,0.0,7,58
1,156,18,2.8,11.023721843695974,0.0,7,58
1,156,19,3.2,10.573473042469644,0.0,7,58
1,156,20,3.0,8.165500093495424,0.0,7,58
1,156,21,2.4,10.902311872486997,0.0,5,58
2,156,1,3.0,12.843779337350279,0.0,7,58
2,156,2,2.8,10.79521780563421,0.0,7,58
2,156,3,3.4,10.549728887785905,0.0,7,58
2,156,4,3.4,8.638800534571319,0.0,7,58
2,156,5,2.8,10.167501264181373,0.0,7,58
2,156,6,2.8,11.547957698355603,0.0,7,58
2,156,7,3.2,9.947750410150906,0.0,7,58
2,156,8,3.4,9.623271673969969,0.0,7,58
2,156,9,2.8,13.280925665735953,0.0,7,58
2,156,10,2.8,9.622077378155792,0.0,7,58
2,156,11,2.8,14.673154804326787,0.0,7,58
2,156,12,2.8,9.997588594635912,0.0,7,58
2,156,13,2.8,10.976306205531445,0.0,7,58
2,156,14,2.8,10.73446972152191,0.0,7,58
2,156,15,3.0,9.669077819928818,0.0,7,58
2,156,16,3.0,10.333662080114587,0.0,7,58
2,156,17,2.8,11.168387734601835,0.0,7,58
2,156,18,3.0,12.739653294322611,0.0,7,58
2,156,19,3.0,9.040700345674212,0.0,7,58
2,156,20,2.8,7.284474280593622,0.0,7,58
2,156,21,2.8,10.745689702809472,0.0,6,58
3,156,1,3.6,7.591299207139836,0.0,7,58
3,156,2,3.8,8.215929046941138,0.0,7,58
3,156,3,3.0,9.768260838509276,0.0,7,58
3,156,4,2.8,10.78180865377786,0.0,7,58
3,156,5,3.0,8.329087994024924,0.0,7,58
3,156,6,3.0,9.93559468862705,0.0,7,58
3,156,7,3.0,13.882236578805248,0.0,7,58
3,156,8,2.8,13.353174033595558,0.0,7,58
3,156,9,2.8,11.177196175480912,0.0,7,58
3,156,10,2.8,11.206425475935667,0.0,7,58
3,156,11,3.8,7.704717711915668,0.125,7,58
3,156,12,2.8,11.802175915339946,0.0,7,58
3,156,13,2.8,9.652923037380674,0.0,7,58
3,156,14,2.8,14.61282585226464,0.0,7,58
3,156,15,3.0,9.828285680705982,0.0,7,58
3,156,16,2.8,12.240860630240679,0.0,7,58
3,156,17,2.8,11.505470021313691,0.0,7,58
3,156,18,2.8,10.240991833150947,0.0,7,58
3,156,19,2.8,10.395107831676368,0.0,7,58
3,156,20,2.8,9.027314780576114,0.0,7,58
3,156,21,2.8,11.04186478137248,0.0,7,58
1,157,1,4.6,7.919572451400411,0.0,7,58
1,157,2,3.6,9.155304170935919,0.0,7,58
1,157,3,3.2,9.013527997341434,0.0,7,58
1,157,4,3.0,11.71882308763577,0.0,7,58
1,157,5,3.0,9.166252520859286,0.0,7,58
1,157,6,2.8,9.812010577513263,0.0,7,58
1,157,7,2.8,12.439963657930507,0.0,7,58
1,157,8,2.8,9.927574336557074,0.0,7,58
1,157,9,2.8,13.327919273977194,0.0,7,58
1,157,10,2.8,12.814250126743895,0.0,7,58
1,157,11,2.8,15.316058912441507,0.0,7,58
1,157,12,2.8,12.58351841050085,0.0,7,58
1,157,13,2.8,11.924215868509076,0.0,7,58
1,157,14,2.8,11.4594026322685,0.0,7,58
1,157,15,2.8,11.696558757397458,0.0,7,58
1,157,16,2.8,14.21815300493401,0.0,7,58
1,157,17,3.0,8.926740669555357,0.0,7,58
1,157,18,3.0,10.323341328856078,0.0,7,58
1,157,19,2.8,17.242594707744267,0.0,7,58
1,157,20,3.0,9.102071734966879,0.0,7,58
1,157,21,3.0,8.135489649345885,0.0,6,58
2,157,1,3.0,13.862678059049625,0.0,7,58
2,157,2,2.8,12.194232357678693,0.0,7,58
2,157,3,3.8,9.934751440435763,0.125,7,58
2,157,4,2.8,12.223833040016233,0.0,7,58
2,157,5,2.8,10.39712984261935,0.0,7,58
2,157,6,2.8,9.837912494492869,0.0,7,58
2,157,7,3.6,9.315793364379951,0.125,7,58
2,157,8,2.8,12.30724912934593,0.0,7,58
2,157,9,2.8,11.26117455906127,0.0,7,58
2,157,10,2.8,11.217842634830006,0.0,7,58
2,157,11,2.8,11.311419793833814,0.0,7,58
2,157,12,2.8,14.621788522967014,0.0,7,58
2,157,13,2.8,11.04669362668161,0.0,7,58
2,157,14,3.0,10.625300661641882,0.0,7,58
2,157,15,3.6,7.385789048792651,0.125,7,58
2,157,16,2.8,13.041056175010644,0.0,7,58
2,157,17,2.8,10.804798218054698,0.0,7,58
2,157,18,2.8,12.611435287648437,0.0,7,58
2,157,19,2.8,9.767130236694333,0.0,7,58
2,157,20,2.8,10.085635033107282,0.0,7,58
2,157,21,3.0,12.777126712249554,0.16666666666666666,5,58
3,157,1,2.8,9.892363993755973,0.0,7,58
3,157,2,2.8,10.05027167677563,0.0,7,58
3,157,3,2.8,12.13971208484893,0.0,7,58
3,157,4,2.8,8.895456648011868,0.0,7,58
3,157,5,2.8,9.43450867343151,0.0,7,58
3,157,6,2.8,10.215075235908506,0.0,7,58
3,157,7,2.8,10.20759084641491,0.0,7,58
3,157,8,2.8,14.492113489399143,0.0,7,58
3,157,9,2.8,15.51530502768099,0.0,7,58
3,157,10,2.8,10.303851924548095,0.0,7,58
3,157,11,2.8,11.92176868454417,0.0,7,58
3,157,12,3.6,8.742892382300504,0.125,7,58
3,157,13,2.8,12.105861471004467,0.0,7,58
3,157,14,2.8,9.652923037380532,0.0,7,58
3,157,15,2.8,16.242744430688905,0.0,7,58
3,157,16,3.0,10.705658846619688,0.0,7,58
3,157,17,2.8,18.723870553535704,0.0,7,58
3,157,18,2.8,11.63681477706779,0.0,7,58
3,157,19,2.8,11.156332021317773,0.0,7,58
3,157,20,2.8,11.194195000442008,0.0,7,58
3,157,21,2.8,9.121557679189493,0.0,7,58
3,157,22,3.2,9.647708603574678,0.0,7,58
1,158,1,4.6,8.46467335493882,0.0,7,58
1,158,2,3.8,9.530584336941459,0.0,7,58
1,158,3,3.4,8.460972875871702,0.0,7,58
1,158,4,3.2,10.554145551897612,0.0,7,58
1,158,5,3.2,8.63090142250651,0.0,7,58
1,158,6,2.8,9.428749484407511,0.0,7,58
1,158,7,2.8,11.649087745308377,0.0,7,58
1,158,8,2.8,13.34475694443884,0.0,7,58
1,158,9,2.8,9.539410716556768,0.0,7,58
1,158,10,2.8,14.52776278647709,0.0,7,58
1,158,11,2.8,17.99789803294723,0.0,7,58
1,158,12,2.8,9.801507993815292,0.0,7,58
1,158,13,2.8,15.130721266206063,0.0,7,58
1,158,14,2.8,13.420178147625563,0.0,7,58
1,158,15,3.0,10.506650293066695,0.0,7,58
1,158,16,2.8,12.712843401624195,0.0,7,58
1,158,17,3.4,7.852614120202434,0.0,7,58
1,158,18,3.2,9.376309033996622,0.0,7,58
1,158,19,3.0,11.500548418035375,0.0,7,58
1,158,20,3.2,7.754376539534263,0.0,7,58
2,158,1,3.4,13.682100328866609,0.0,7,58
2,158,2,4.2,8.438271532711122,0.0,7,58
2,158,3,3.6,8.52753141073486,0.0,7,58
2,158,4,3.0,8.288347424556411,0.0,7,58
2,158,5,2.8,10.904856980389937,0.0,7,58
2,158,6,3.0,10.015260696565612,0.0,7,58
2,158,7,3.4,9.376251703678152,0.0,7,58
2,158,8,2.8,11.004000657076244,0.0,7,58
2,158,9,2.8,12.111775763760656,0.0,7,58
2,158,10,3.0,10.079184650393506,0.0,7,58
2,158,11,2.8,11.201676138743263,0.0,7,58
2,158,12,2.8,12.867757413423131,0.0,7,58
2,158,13,2.8,10.399502951499125,0.0,7,58
2,158,14,3.2,8.463761857345663,0.0,7,58
2,158,15,3.2,9.122875931629917,0.0,7,58
2,158,16,2.8,12.585653123937133,0.0,7,58
2,158,17,2.8,14.74406645496234,0.0,7,58
2,158,18,3.0,13.088424816212413,0.0,7,58
2,158,19,2.8,9.86151188028176,0.0,7,58
2,158,20,3.0,8.668967705051042,0.0,7,58
3,158,1,3.0,9.605659645865076,0.0,7,58
3,158,2,2.8,13.861480429390603,0.0,7,58
3,158,3,2.8,11.608008121749084,0.0,7,58
3,158,4,2.8,10.13382337189991,0.0,7,58
3,158,5,2.8,12.560587970232412,0.0,7,58
3,158,6,2.8,8.472965912983735,0.0,7,58
3,158,7,3.0,10.70913715373919,0.0,7,58
3,158,8,2.8,10.863863041615025,0.0,7,58
3,158,9,2.8,16.646307250608675,0.0,7,58
3,158,10,2.8,10.299054797791246,0.0,7,58
3,158,11,2.8,12.849718832409726,0.0,7,58
3,158,12,3.6,7.463012805696181,0.125,7,58
3,158,13,3.0,10.841401987252917,0.0,7,58
3,158,14,2.8,9.96630140475485,0.0,7,58
3,158,15,3.0,12.80904250810921,0.0,7,58
3,158,16,3.0,11.220241062559875,0.0,7,58
3,158,17,2.8,10.908376172878253,0.0,7,58
3,158,18,2.8,11.13964951541075,0.0,7,58
3,158,19,2.8,11.188676532638784,0.0,7,58
3,158,20,2.8,9.854945707168977,0.0,7,58
3,158,21,2.8,9.016468465967774,0.0,7,58
3,158,22,2.4,12.507898179201224,0.0,6,58
1,159,1,4.4,8.391841641979113,0.0,7,58
1,159,2,4.0,8.450411856408747,0.0,7,58
1,159,3,3.4,8.730659185682933,0.0,7,58
1,159,4,3.2,10.878030799136118,0.0,7,58
1,159,5,3.0,10.710889831934198,0.0,7,58
1,159,6,2.8,10.164558028972795,0.0,7,58
1,159,7,2.8,9.621321849957342,0.0,7,58
1,159,8,2.8,13.221870822222144,0.0,7,58
1,159,9,2.8,13.885014271810125,0.0,7,58
1,159,10,2.8,17.63741547140934,0.0,7,58
1,159,11,2.8,16.236543815238967,0.0,7,58
1,159,12,2.8,9.67161606476036,0.0,7,58
1,159,13,2.8,17.267592062239473,0.0,7,58
1,159,14,2.8,14.624448125472487,0.0,7,58
1,159,15,2.8,12.343040790258796,0.0,7,58
1,159,16,2.8,11.171295750635892,0.0,7,58
1,159,17,3.2,7.442937837183463,0.0,7,58
1,159,18,3.2,8.667141053584984,0.0,7,58
1,159,19,3.0,10.712491358237495,0.0,7,58
1,159,20,3.2,8.575784242308796,0.0,7,58
2,159,1,4.0,8.348620178603703,0.0,7,58
2,159,2,4.2,8.429077074737624,0.0,7,58
2,159,3,3.2,11.024192045776468,0.0,7,58
2,159,4,3.2,9.602599793711647,0.0,7,58
2,159,5,2.8,9.077771328462328,0.0,7,58
2,159,6,3.0,13.242499413959534,0.0,7,58
2,159,7,3.2,11.0156498911214,0.0,7,58
2,159,8,2.8,12.300689112583623,0.0,7,58
2,159,9,2.8,11.07398662100367,0.0,7,58
2,159,10,2.8,8.564169406917518,0.0,7,58
2,159,11,2.8,12.456442056858055,0.0,7,58
2,159,12,2.8,13.258275302644664,0.0,7,58
2,159,13,2.8,9.29337109104396,0.0,7,58
2,159,14,2.8,10.995451920050112,0.0,7,58
2,159,15,3.0,10.971131849977288,0.0,7,58
2,159,16,2.8,12.27006967537953,0.0,7,58
2,159,17,2.8,14.171256258219898,0.0,7,58
2,159,18,3.2,9.642131966539242,0.0,7,58
2,159,19,2.8,9.310007419862512,0.0,7,58
2,159,20,3.0,8.388547232754068,0.0,7,58
3,159,1,3.6,7.86462144229253,0.0,7,58
3,159,2,3.4,10.22439567282705,0.0,7,58
3,159,3,3.0,10.546762348562217,0.0,7,58
3,159,4,2.8,9.18008538516779,0.0,7,58
3,159,5,3.0,8.394094785899817,0.0,7,58
3,159,6,2.8,9.687311958497627,0.0,7,58
3,159,7,3.0,12.312491824713089,0.0,7,58
3,159,8,2.8,10.62845225366473,0.0,7,58
3,159,9,2.8,11.541368136379283,0.0,7,58
3,159,10,2.8,12.826320504708121,0.0,7,58
3,159,11,3.0,9.4117071461925,0.0,7,58
3,159,12,3.0,10.076486334779592,0.0,7,58
3,159,13,2.8,11.63419322625197,0.0,7,58
3,159,14,3.0,10.323444204548215,0.0,7,58
3,159,15,3.0,9.505223248626637,0.0,7,58
3,159,16,2.8,14.214145723574333,0.0,7,58
3,159,17,2.8,12.263450782877921,0.0,7,58
3,159,18,2.8,12.00633691400295,0.0,7,58
3,159,19,2.8,11.141769463871475,0.0,7,58
3,159,20,2.8,8.665489442205631,0.0,7,58
3,159,21,2.8,10.01466781200962,0.0,7,58
1,160,1,4.6,9.736624584182314,0.0,7,58
1,160,2,3.6,10.332682407538373,0.0,7,58
1,160,3,3.2,7.82038618442736,0.0,7,58
1,160,4,3.2,12.917499257375905,0.0,7,58
1,160,5,3.0,8.733410642315551,0.0,7,58
1,160,6,2.8,10.71092423966663,0.0,7,58
1,160,7,2.8,18.219496944799452,0.0,7,58
1,160,8,2.8,10.281858693241473,0.0,7,58
1,160,9,2.8,13.151639518714575,0.0,7,58
1,160,10,2.8,16.78565100100086,0.0,7,58
1,160,11,2.8,12.185083727612515,0.0,7,58
1,160,12,2.8,10.858355507343607,0.0,7,58
1,160,13,2.8,13.403158585825242,0.0,7,58
1,160,14,2.8,14.369965689217912,0.0,7,58
1,160,15,2.8,11.855612226680853,0.0,7,58
1,160,16,2.8,11.573699347548235,0.0,7,58
1,160,17,3.0,8.343497580834802,0.0,7,58
1,160,18,3.4,7.801291598830031,0.0,7,58
1,160,19,3.2,9.47878147447878,0.0,7,58
1,160,20,3.2,8.765966458420943,0.0,7,58
2,160,1,3.2,12.726584342974794,0.0,7,58
2,160,2,3.2,10.553245131544546,0.0,7,58
2,160,3,3.4,9.271147719573246,0.0,7,58
2,160,4,3.2,8.20988964620957,0.0,7,58
2,160,5,2.8,13.34271794447818,0.0,7,58
2,160,6,2.8,8.64528643551386,0.0,7,58
2,160,7,3.4,8.801337381528734,0.0,7,58
2,160,8,3.0,10.463357996885335,0.0,7,58
2,160,9,2.8,14.419194586802043,0.0,7,58
2,160,10,2.8,10.915493629766427,0.0,7,58
2,160,11,2.8,12.358351662584623,0.0,7,58
2,160,12,2.8,11.427117304232214,0.0,7,58
2,160,13,2.8,12.29095219458953,0.0,7,58
2,160,14,2.8,9.677647554032891,0.0,7,58
2,160,15,3.0,11.233728597193041,0.0,7,58
2,160,16,2.8,14.444201901374537,0.0,7,58
2,160,17,2.8,11.312994664316603,0.0,7,58
2,160,18,3.0,14.220710786169839,0.0,7,58
2,160,19,3.0,9.162595402403898,0.0,7,58
2,160,20,2.8,7.517258782749008,0.0,7,58
2,160,21,2.8,13.20491815341031,0.0,6,58
3,160,1,3.4,8.06914532480401,0.0,7,58
3,160,2,2.8,9.91048222212286,0.0,7,58
3,160,3,2.8,13.649839206089581,0.0,7,58
3,160,4,2.8,8.953991946907415,0.0,7,58
3,160,5,2.8,10.809467438306804,0.0,7,58
3,160,6,2.8,9.569410446736677,0.0,7,58
3,160,7,3.0,9.56226579123638,0.0,7,58
3,160,8,3.0,10.26170752369234,0.0,7,58
3,160,9,2.8,16.07110905849278,0.0,7,58
3,160,10,2.8,9.998303969681341,0.0,7,58
3,160,11,3.6,8.29011488962022,0.125,7,58
3,160,12,2.8,11.579441016896357,0.0,7,58
3,160,13,2.8,11.804101118174783,0.0,7,58
3,160,14,2.8,12.28479951315837,0.0,7,58
3,160,15,3.0,10.000495088241955,0.0,7,58
3,160,16,3.0,12.692223469218751,0.0,7,58
3,160,17,2.8,12.109638606288366,0.0,7,58
3,160,18,2.8,12.542989491510491,0.0,7,58
3,160,19,2.8,12.455184791582655,0.0,7,58
3,160,20,2.8,10.089433128830535,0.0,7,58
3,160,21,2.8,9.865096030711701,0.0,7,58
3,160,22,2.5,13.284859251138208,0.0,4,58
1,161,1,4.6,9.063015606555089,0.0,7,58
1,161,2,3.6,10.073588367899404,0.0,7,58
1,161,3,3.4,7.252645574495498,0.0,7,58
1,161,4,3.0,11.584464938950738,0.0,7,58
1,161,5,3.2,9.517023591181765,0.0,7,58
1,161,6,2.8,9.328978269966854,0.0,7,58
1,161,7,2.8,14.047769285640028,0.0,7,58
1,161,8,2.8,9.578570322960013,0.0,7,58
1,161,9,2.8,11.617155545521557,0.0,7,58
1,161,10,2.8,11.485024710241378,0.0,7,58
1,161,11,2.8,19.62521918148161,0.0,7,58
1,161,12,2.8,9.909805246126956,0.0,7,58
1,161,13,2.8,12.57160317759451,0.0,7,58
1,161,14,3.0,10.452131182778164,0.0,7,58
1,161,15,3.0,9.59801110600916,0.0,7,58
1,161,16,2.8,11.716580047108963,0.0,7,58
1,161,17,3.0,8.757412803610642,0.0,7,58
1,161,18,2.8,8.32532989883189,0.0,7,58
1,161,19,2.8,13.503755863052556,0.0,7,58
1,161,20,3.0,9.460214662300723,0.0,7,58
1,161,21,2.4,10.503258635677682,0.0,5,58
2,161,1,3.0,12.502464767797486,0.0,7,58
2,161,2,2.8,9.903714990443364,0.0,7,58
2,161,3,3.4,11.700072859486648,0.0,7,58
2,161,4,3.2,8.697177211909345,0.0,7,58
2,161,5,2.8,10.576932539718157,0.0,7,58
2,161,6,3.0,10.443030778570746,0.0,7,58
2,161,7,3.4,8.973760340791559,0.0,7,58
2,161,8,3.0,13.251286219115071,0.0,7,58
2,161,9,2.8,11.68716122188117,0.0,7,58
2,161,10,2.8,11.824496714879032,0.0,7,58
2,161,11,2.8,14.082671266778181,0.0,7,58
2,161,12,2.8,11.824197968356538,0.0,7,58
2,161,13,2.8,13.007736630762933,0.0,7,58
2,161,14,2.8,10.371651390630943,0.0,7,58
2,161,15,3.0,9.398971881427395,0.0,7,58
2,161,16,3.2,10.37211417156135,0.0,7,58
2,161,17,2.8,8.881608577973429,0.0,7,58
2,161,18,3.0,13.094224734743932,0.0,7,58
2,161,19,2.8,8.900135552155842,0.0,7,58
2,161,20,2.8,9.068727397240588,0.0,7,58
2,161,21,3.0,12.803875101269023,0.0,7,58
3,161,1,2.8,10.781732656826803,0.0,7,58
3,161,2,2.8,11.886279830596637,0.0,7,58
3,161,3,2.8,12.04408843552681,0.0,7,58
3,161,4,2.8,9.25905479903839,0.0,7,58
3,161,5,2.8,9.347989619888471,0.0,7,58
3,161,6,2.8,10.604736404313126,0.0,7,58
3,161,7,2.8,9.830245955738258,0.0,7,58
3,161,8,2.8,11.039317722719193,0.0,7,58
3,161,9,2.8,12.22737590309369,0.0,7,58
3,161,10,2.8,11.128793864221514,0.0,7,58
3,161,11,2.8,10.193176694439085,0.0,7,58
3,161,12,3.6,8.326311960435866,0.125,7,58
3,161,13,2.8,9.583099212166086,0.0,7,58
3,161,14,2.8,10.890467667323211,0.0,7,58
3,161,15,2.8,13.605147007056765,0.0,7,58
3,161,16,2.8,10.424357508861522,0.0,7,58
3,161,17,2.8,12.97219077809018,0.0,7,58
3,161,18,3.0,12.92131046581101,0.0,7,58
3,161,19,2.8,10.782632255738294,0.0,7,58
3,161,20,2.8,10.629977921318375,0.0,7,58
3,161,21,2.8,10.445748243518297,0.0,7,58
3,161,22,3.2,11.001293613144766,0.0,7,58
1,162,1,4.2,8.715781550702395,0.0,7,58
1,162,2,3.6,9.231287233329573,0.0,7,58
1,162,3,3.2,9.033553997612358,0.0,7,58
1,162,4,3.2,11.00956512236401,0.0,7,58
1,162,5,3.0,10.820423424056496,0.0,7,58
1,162,6,2.8,10.095487247200742,0.0,7,58
1,162,7,3.0,13.289603504066678,0.0,7,58
1,162,8,2.8,12.198461355736905,0.0,7,58
1,162,9,2.8,13.598606748220403,0.0,7,58
1,162,10,2.8,13.32425889967071,0.0,7,58
1,162,11,2.8,15.923124274767119,0.0,7,58
1,162,12,2.8,13.793243427822613,0.0,7,58
1,162,13,2.8,11.877210963678626,0.0,7,58
1,162,14,2.8,12.852542659795802,0.0,7,58
1,162,15,2.8,12.981627328772325,0.0,7,58
1,162,16,2.8,14.151373888809422,0.0,7,58
1,162,17,2.8,9.62730469934067,0.0,7,58
1,162,18,3.4,8.364143289531244,0.0,7,58
1,162,19,3.2,10.18048643123981,0.0,7,58
1,162,20,3.0,9.357384062739353,0.0,7,58
1,162,21,2.4,12.535177589246954,0.0,5,58
2,162,1,3.0,14.350578028527933,0.0,7,58
2,162,2,3.0,10.996407889569774,0.0,7,58
2,162,3,3.8,8.769445031018108,0.125,7,58
2,162,4,2.8,10.7365329425574,0.0,7,58
2,162,5,2.8,10.356892282682908,0.0,7,58
2,162,6,2.8,10.268360639546485,0.0,7,58
2,162,7,3.2,9.851609918675186,0.0,7,58
2,162,8,3.0,11.52496954898741,0.0,7,58
2,162,9,2.8,11.281947153954984,0.0,7,58
2,162,10,2.8,10.34502832268441,0.0,7,58
2,162,11,2.8,12.264047562646562,0.0,7,58
2,162,12,2.8,12.868241001095686,0.0,7,58
2,162,13,2.8,11.724324389352272,0.0,7,58
2,162,14,2.8,11.827645000588786,0.0,7,58
2,162,15,3.0,10.04848064431606,0.0,7,58
2,162,16,3.0,12.008076325889338,0.0,7,58
2,162,17,3.0,9.46529142810537,0.0,7,58
2,162,18,3.0,12.354502252660222,0.0,7,58
2,162,19,3.0,8.986311924758299,0.0,7,58
2,162,20,2.8,8.83297884056888,0.0,7,58
2,162,21,3.0,9.56126462320552,0.0,7,58
3,162,1,3.2,8.216226852161542,0.0,7,58
3,162,2,2.8,11.993492017256603,0.0,7,58
3,162,3,2.8,13.347103430686527,0.0,7,58
3,162,4,2.8,9.507334523276686,0.0,7,58
3,162,5,2.8,10.185171785492384,0.0,7,58
3,162,6,2.8,10.266464954677856,0.0,7,58
3,162,7,3.0,10.075809444775194,0.0,7,58
3,162,8,2.8,9.825078805559329,0.0,7,58
3,162,9,2.8,13.990454657495517,0.0,7,58
3,162,10,2.8,9.368739818824709,0.0,7,58
3,162,11,3.0,11.13321327793258,0.0,7,58
3,162,12,3.2,11.019536676237228,0.0,7,58
3,162,13,3.2,9.053988296891621,0.0,7,58
3,162,14,3.0,11.399806666468397,0.0,7,58
3,162,15,3.0,10.756798369340999,0.0,7,58
3,162,16,2.8,12.774367380565202,0.0,7,58
3,162,17,3.0,8.992172938215722,0.0,7,58
3,162,18,2.8,11.461725151836816,0.0,7,58
3,162,19,2.8,14.491448733297451,0.0,7,58
3,162,20,2.8,9.674487602547897,0.0,7,58
3,162,21,3.0,9.734846859231656,0.0,7,58
3,162,22,2.25,15.834039093069164,0.0,4,58
1,163,1,4.6,7.657902532018387,0.0,7,58
1,163,2,3.6,9.827170147413387,0.0,7,58
1,163,3,3.2,9.12269129838484,0.0,7,58
1,163,4,3.0,11.810696187353027,0.0,7,58
1,163,5,3.0,9.855878941320967,0.0,7,58
1,163,6,3.0,9.527744792475142,0.0,7,58
1,163,7,2.8,13.797553255674892,0.0,7,58
1,163,8,2.8,9.655803627108849,0.0,7,58
1,163,9,2.8,11.951757907266055,0.0,7,58
1,163,10,2.8,15.06511636983115,0.0,7,58
1,163,11,2.8,15.429935376238145,0.0,7,58
1,163,12,2.8,9.798946688682987,0.0,7,58
1,163,13,2.8,12.617374782486676,0.0,7,58
1,163,14,2.8,13.7471070005769,0.0,7,58
1,163,15,2.8,11.385226809433767,0.0,7,58
1,163,16,2.8,13.312314960094156,0.0,7,58
1,163,17,3.0,7.8643882297954315,0.0,7,58
1,163,18,3.0,8.917294756034336,0.0,7,58
1,163,19,3.2,10.284737829156276,0.0,7,58
1,163,20,2.8,9.191138556731492,0.0,7,58
1,163,21,2.6,10.740028077848882,0.0,5,58
2,163,1,3.6,10.158893684314691,0.0,7,58
2,163,2,4.4,8.160791680612357,0.125,7,58
2,163,3,3.0,10.885725167844365,0.0,7,58
2,163,4,3.0,8.64323126583522,0.0,7,58
2,163,5,2.8,13.144372551674042,0.0,7,58
2,163,6,2.8,11.331297184537839,0.0,7,58
2,163,7,3.6,8.559636939000487,0.0,7,58
2,163,8,2.8,9.77749095898782,0.0,7,58
2,163,9,2.8,15.27882205027127,0.0,7,58
2,163,10,2.8,8.840312368778617,0.0,7,58
2,163,11,3.0,13.342198983283332,0.0,7,58
2,163,12,2.8,11.931770387084326,0.0,7,58
2,163,13,2.8,11.233034744916935,0.0,7,58
2,163,14,2.8,9.641733986040705,0.0,7,58
2,163,15,3.0,11.515376146659044,0.0,7,58
2,163,16,2.8,11.905920158962267,0.0,7,58
2,163,17,2.8,10.80690613819096,0.0,7,58
2,163,18,3.2,9.695749153662431,0.0,7,58
2,163,19,2.8,8.18737133187439,0.0,7,58
2,163,20,3.0,8.767961776753848,0.0,7,58
3,163,1,3.0,8.450944887739109,0.0,7,58
3,163,2,2.8,14.945381377888422,0.0,7,58
3,163,3,2.8,11.391799486530175,0.0,7,58
3,163,4,2.8,12.194789249494681,0.0,7,58
3,163,5,2.8,9.338599391487124,0.0,7,58
3,163,6,2.8,8.853171990219105,0.0,7,58
3,163,7,2.8,10.619296437175601,0.0,7,58
3,163,8,2.8,11.32172091569644,0.0,7,58
3,163,9,2.8,15.167727524212006,0.0,7,58
3,163,10,2.8,11.12145816339644,0.0,7,58
3,163,11,3.0,11.945406647811627,0.0,7,58
3,163,12,3.6,8.656628149055352,0.125,7,58
3,163,13,3.0,11.758493805776606,0.0,7,58
3,163,14,2.8,9.869803744219654,0.0,7,58
3,163,15,3.0,13.698388692004272,0.0,7,58
3,163,16,3.0,13.065918769878918,0.0,7,58
3,163,17,2.8,12.994185915531665,0.0,7,58
3,163,18,2.8,12.182517746003553,0.0,7,58
3,163,19,2.8,12.024578147510166,0.0,7,58
3,163,20,2.8,10.183107144333846,0.0,7,58
3,163,21,3.0,9.03172677316837,0.0,7,58
3,163,22,2.2,17.222349597767064,0.0,5,58
1,164,1,4.4,8.796071952258535,0.0,7,58
1,164,2,4.0,8.834462579743853,0.0,7,58
1,164,3,3.4,8.449109722784787,0.0,7,58
1,164,4,2.8,12.009831390230016,0.0,7,58
1,164,5,3.0,8.835855784325549,0.0,7,58
1,164,6,3.0,10.569489294914375,0.0,7,58
1,164,7,2.8,11.933510848251375,0.0,7,58
1,164,8,2.8,10.994082405294918,0.0,7,58
1,164,9,2.8,10.614473531575573,0.0,7,58
1,164,10,2.8,13.341197934219066,0.0,7,58
1,164,11,2.8,18.31311505172572,0.0,7,58
1,164,12,2.8,10.626276853828404,0.0,7,58
1,164,13,2.8,15.16605798733272,0.0,7,58
1,164,14,2.8,10.637793559633065,0.0,7,58
1,164,15,2.8,11.804967879358918,0.0,7,58
1,164,16,2.8,12.624065521569394,0.0,7,58
1,164,17,3.0,8.620662191233789,0.0,7,58
1,164,18,2.8,11.08455447822108,0.0,7,58
1,164,19,2.8,13.216630151028669,0.0,7,58
1,164,20,2.8,10.628221509827998,0.0,7,58
1,164,21,3.0,8.674179529525526,0.0,6,58
2,164,1,3.0,13.738124092197697,0.0,7,58
2,164,2,2.8,10.776197392445223,0.0,7,58
2,164,3,3.4,11.79029146266031,0.0,7,58
2,164,4,3.4,9.512106678133952,0.0,7,58
2,164,5,3.0,9.790741361712701,0.0,7,58
2,164,6,2.8,9.401999462554981,0.0,7,58
2,164,7,3.6,9.157732021052151,0.125,7,58
2,164,8,2.8,15.083545466718878,0.0,7,58
2,164,9,2.8,11.772659648202756,0.0,7,58
2,164,10,2.8,10.337672357797521,0.0,7,58
2,164,11,2.8,17.044905843347653,0.0,7,58
2,164,12,2.8,14.198442019817785,0.0,7,58
2,164,13,2.8,11.987427013545881,0.0,7,58
2,164,14,3.0,8.250539574367167,0.0,7,58
2,164,15,3.6,7.969455045934338,0.125,7,58
2,164,16,2.8,10.935152354803188,0.0,7,58
2,164,17,2.8,10.828750857526293,0.0,7,58
2,164,18,2.8,13.349014703347938,0.0,7,58
2,164,19,2.8,10.808793322139696,0.0,7,58
2,164,20,3.0,9.265865907887985,0.0,7,58
2,164,21,2.4,13.644984976907622,0.0,5,58
3,164,1,2.8,9.207326321671928,0.0,7,58
3,164,2,2.8,10.608083492303857,0.0,7,58
3,164,3,2.8,10.771404607049451,0.0,7,58
3,164,4,2.8,9.968321461340931,0.0,7,58
3,164,5,2.8,9.734840333423866,0.0,7,58
3,164,6,2.8,9.104965903842661,0.0,7,58
3,164,7,2.8,9.538945377315303,0.0,7,58
3,164,8,2.8,11.94483034636619,0.0,7,58
3,164,9,3.0,13.009297263277542,0.0,7,58
3,164,10,2.8,9.115769809928759,0.0,7,58
3,164,11,2.8,12.506007055077779,0.0,7,58
3,164,12,3.0,9.924215943819515,0.0,7,58
3,164,13,3.0,9.173825480400543,0.0,7,58
3,164,14,3.2,8.512159782250812,0.0,7,58
3,164,15,2.8,18.130835971319406,0.0,7,58
3,164,16,3.2,9.567661643200061,0.0,7,58
3,164,17,2.8,13.77038543451154,0.0,7,58
3,164,18,2.8,10.548746551343264,0.0,7,58
3,164,19,2.8,10.760812506222218,0.0,7,58
3,164,20,2.8,9.971344501526392,0.0,7,58
3,164,21,2.8,10.381412279371139,0.0,7,58
3,164,22,2.8,11.986224176929058,0.0,6,58
1,165,1,4.4,9.488586980718797,0.0,7,58
1,165,2,3.6,10.572726571983758,0.0,7,58
1,165,3,3.2,8.940062517867618,0.0,7,58
1,165,4,3.0,10.599813466114682,0.0,7,58
1,165,5,3.0,9.521108980304964,0.0,7,58
1,165,6,2.8,9.880303336085394,0.0,7,58
1,165,7,2.8,15.17771514041056,0.0,7,58
1,165,8,2.8,11.262020088867844,0.0,7,58
1,165,9,2.8,14.261385117357879,0.0,7,58
1,165,10,2.8,10.101616890161763,0.0,7,58
1,165,11,2.8,15.248658459839199,0.0,7,58
1,165,12,2.8,13.07429205704159,0.0,7,58
1,165,13,2.8,15.35462722849863,0.0,7,58
1,165,14,2.8,11.720691277024589,0.0,7,58
1,165,15,2.8,11.821421265269574,0.0,7,58
1,165,16,2.8,15.91283044265651,0.0,7,58
1,165,17,3.0,7.97075170325327,0.0,7,58
1,165,18,3.0,8.520166512354438,0.0,7,58
1,165,19,3.2,10.007751103197547,0.0,7,58
1,165,20,3.0,9.726107823434349,0.0,7,58
1,165,21,2.8,10.855361796584072,0.0,6,58
2,165,1,2.8,15.511393171781428,0.0,7,58
2,165,2,3.0,10.219883565105292,0.0,7,58
2,165,3,3.4,11.206980776947383,0.0,7,58
2,165,4,3.4,8.65101976206896,0.0,7,58
2,165,5,2.8,12.050603432062477,0.0,7,58
2,165,6,2.8,10.372850337918667,0.0,7,58
2,165,7,3.2,10.3693897121974,0.0,7,58
2,165,8,3.2,11.823599183409334,0.0,7,58
2,165,9,2.8,12.733436903671297,0.0,7,58
2,165,10,2.8,11.939915613744112,0.0,7,58
2,165,11,3.0,12.966379987928905,0.0,7,58
2,165,12,2.8,11.024810443304593,0.0,7,58
2,165,13,2.8,11.055670340260772,0.0,7,58
2,165,14,2.8,10.985110291357431,0.0,7,58
2,165,15,3.0,9.920000390188001,0.0,7,58
2,165,16,3.2,9.593092508483942,0.0,7,58
2,165,17,2.8,11.760502114746597,0.0,7,58
2,165,18,3.0,12.779296303711764,0.0,7,58
2,165,19,3.0,8.525893327622786,0.0,7,58
2,165,20,2.8,8.596233852535804,0.0,7,58
2,165,21,2.6,13.27243818205786,0.0,6,58
3,165,1,2.8,10.819879973769513,0.0,7,58
3,165,2,2.8,11.84025839876691,0.0,7,58
3,165,3,3.0,11.26315892537571,0.0,7,58
3,165,4,2.8,10.30455963323983,0.0,7,58
3,165,5,2.8,9.83411094942947,0.0,7,58
3,165,6,2.8,9.022962895972702,0.0,7,58
3,165,7,3.0,10.09073857886998,0.0,7,58
3,165,8,2.8,11.830511676842084,0.0,7,58
3,165,9,3.2,12.741877139565196,0.0,7,58
3,165,10,2.8,9.922747779720332,0.0,7,58
3,165,11,2.8,13.114422280009878,0.0,7,58
3,165,12,3.6,8.771249043004467,0.125,7,58
3,165,13,2.8,11.155713903060983,0.0,7,58
3,165,14,2.8,10.897192786564698,0.0,7,58
3,165,15,2.8,15.346459332060606,0.0,7,58
3,165,16,3.0,10.728210063727468,0.0,7,58
3,165,17,2.8,12.490002894564693,0.0,7,58
3,165,18,2.8,11.325295942707728,0.0,7,58
3,165,19,2.8,13.848810359185173,0.0,7,58
3,165,20,2.8,9.371723715365585,0.0,7,58
3,165,21,3.0,9.23631651632296,0.0,7,58
3,165,22,2.2,16.614162494215723,0.0,5,58
1,166,1,4.2,9.029208355356474,0.0,7,58
1,166,2,3.6,11.63813278785917,0.0,7,58
1,166,3,3.2,9.101775875270777,0.0,7,58
1,166,4,3.2,10.401453826764428,0.0,7,58
1,166,5,3.2,9.376144457947976,0.0,7,58
1,166,6,2.8,9.226127506927055,0.0,7,58
1,166,7,2.8,13.49890030944303,0.0,7,58
1,166,8,2.8,10.213623576991417,0.0,7,58
1,166,9,2.8,14.308993862111489,0.0,7,58
1,166,10,2.8,11.856193959427342,0.0,7,58
1,166,11,2.8,15.238596525359116,0.0,7,58
1,166,12,2.8,13.074974036443038,0.0,7,58
1,166,13,2.8,13.809746080724034,0.0,7,58
1,166,14,3.0,12.624953573085097,0.0,7,58
1,166,15,2.8,10.474859591257486,0.0,7,58
1,166,16,2.8,14.781789227216512,0.0,7,58
1,166,17,3.0,8.263408321109587,0.0,7,58
1,166,18,3.2,9.029143372350173,0.0,7,58
1,166,19,3.0,12.599095080449997,0.0,7,58
1,166,20,3.0,9.130533697335572,0.0,7,58
1,166,21,2.4,11.042154424122197,0.0,5,58
2,166,1,3.4,12.015574662702907,0.0,7,58
2,166,2,3.6,8.009809812885212,0.0,7,58
2,166,3,3.2,9.671423486857694,0.0,7,58
2,166,4,3.0,8.96677301600204,0.0,7,58
2,166,5,3.0,11.72562850059564,0.0,7,58
2,166,6,2.8,10.253124255336353,0.0,7,58
2,166,7,3.4,9.789831326611226,0.0,7,58
2,166,8,3.0,11.465142494147907,0.0,7,58
2,166,9,2.8,13.301880280997084,0.0,7,58
2,166,10,2.8,8.670505314122886,0.0,7,58
2,166,11,2.8,14.415771887445853,0.0,7,58
2,166,12,2.8,12.73147253286087,0.0,7,58
2,166,13,2.8,12.622450322048957,0.0,7,58
2,166,14,2.8,9.528112444987082,0.0,7,58
2,166,15,3.0,10.922865280193884,0.0,7,58
2,166,16,2.8,12.46573523339753,0.0,7,58
2,166,17,2.8,10.440197336304294,0.0,7,58
2,166,18,3.0,11.629327448290487,0.0,7,58
2,166,19,2.8,11.246035808757116,0.0,7,58
2,166,20,2.8,8.384123724929387,0.0,7,58
2,166,21,2.6,11.743398488836702,0.0,6,58
3,166,1,2.8,10.781732656826803,0.0,7,58
3,166,2,3.0,10.336788372068883,0.0,7,58
3,166,3,2.8,10.011855035287702,0.0,7,58
3,166,4,2.8,11.273217717799543,0.0,7,58
3,166,5,2.8,9.212008751153427,0.0,7,58
3,166,6,2.8,10.621220451904167,0.0,7,58
3,166,7,2.8,9.897532821639771,0.0,7,58
3,166,8,2.8,11.217892382468833,0.0,7,58
3,166,9,2.8,12.400081378622735,0.0,7,58
3,166,10,2.8,10.349840358679671,0.0,7,58
3,166,11,2.8,12.793768660632338,0.0,7,58
3,166,12,3.6,9.750106724454744,0.125,7,58
3,166,13,3.0,9.123854125852137,0.0,7,58
3,166,14,2.8,9.27259581224181,0.0,7,58
3,166,15,2.8,19.87297349705801,0.0,7,58
3,166,16,2.8,9.325635695733524,0.0,7,58
3,166,17,2.8,14.036504347568076,0.0,7,58
3,166,18,3.0,11.508005460692099,0.0,7,58
3,166,19,2.8,10.685610849280346,0.0,7,58
3,166,20,2.8,8.397003227168499,0.0,7,58
3,166,21,2.8,10.416774758798708,0.0,7,58
3,166,22,2.8,11.383860566278845,0.0,6,58
1,167,1,4.8,8.107663328654615,0.0,7,58
1,167,2,3.6,10.197438416715928,0.0,7,58
1,167,3,3.4,7.703804482423694,0.0,7,58
1,167,4,2.8,12.74654064426491,0.0,7,58
1,167,5,3.0,8.535485496156104,0.0,7,58
1,167,6,3.0,9.369782165956883,0.0,7,58
1,167,7,2.8,10.094408792458935,0.0,7,58
1,167,8,2.8,10.02474072242035,0.0,7,58
1,167,9,2.8,10.394756904416106,0.0,7,58
1,167,10,2.8,12.802658545353733,0.0,7,58
1,167,11,2.8,21.51727732932576,0.0,7,58
1,167,12,2.8,11.411042413419942,0.0,7,58
1,167,13,2.8,16.53973310353094,0.0,7,58
1,167,14,2.8,13.347468421538057,0.0,7,58
1,167,15,3.0,11.832563607807417,0.0,7,58
1,167,16,3.0,11.612074273505424,0.0,7,58
1,167,17,3.2,8.581731792495443,0.0,7,58
1,167,18,3.0,9.113963846057391,0.0,7,58
1,167,19,3.0,12.944627368691513,0.0,7,58
1,167,20,3.2,8.179985700776854,0.0,7,58
2,167,1,3.0,11.259570400411139,0.0,7,58
2,167,2,2.8,11.549472983966007,0.0,7,58
2,167,3,3.8,9.18848498564139,0.125,7,58
2,167,4,2.8,10.27325970942516,0.0,7,58
2,167,5,2.8,11.176080302268703,0.0,7,58
2,167,6,2.8,10.947272297465632,0.0,7,58
2,167,7,3.0,11.712789726362734,0.0,7,58
2,167,8,2.8,11.88505315233287,0.0,7,58
2,167,9,2.8,11.382375815241026,0.0,7,58
2,167,10,2.8,10.787484976579233,0.0,7,58
2,167,11,2.8,11.180476608639493,0.0,7,58
2,167,12,2.8,12.182503501539172,0.0,7,58
2,167,13,2.8,10.929877414923709,0.0,7,58
2,167,14,2.8,10.302609499945204,0.0,7,58
2,167,15,3.0,9.31774329879466,0.0,7,58
2,167,16,2.8,12.576334300904076,0.0,7,58
2,167,17,2.8,13.786158920560098,0.0,7,58
2,167,18,2.8,10.49749307935591,0.0,7,58
2,167,19,3.0,9.835230880563325,0.0,7,58
2,167,20,2.8,9.225746577161088,0.0,7,58
2,167,21,3.0,9.113524000134001,0.0,7,58
3,167,1,3.0,9.31312610130802,0.0,7,58
3,167,2,3.0,10.098806164670268,0.0,7,58
3,167,3,3.0,15.37390008377453,0.0,7,58
3,167,4,2.8,10.108272093170898,0.0,7,58
3,167,5,3.0,9.423915062047294,0.0,7,58
3,167,6,2.8,8.591917556747422,0.0,7,58
3,167,7,3.0,12.613656552872376,0.0,7,58
3,167,8,2.8,10.695487727514438,0.0,7,58
3,167,9,2.8,17.446404626954877,0.0,7,58
3,167,10,2.8,10.318807218258389,0.0,7,58
3,167,11,3.0,10.899209039006223,0.0,7,58
3,167,12,3.0,10.122719096427952,0.0,7,58
3,167,13,3.0,9.959753488990598,0.0,7,58
3,167,14,3.0,9.578728732339174,0.0,7,58
3,167,15,3.0,10.426713237543558,0.0,7,58
3,167,16,3.0,13.90408321177209,0.0,7,58
3,167,17,2.8,10.842992345770867,0.0,7,58
3,167,18,2.8,11.27161657682756,0.0,7,58
3,167,19,2.8,13.011632366711838,0.0,7,58
3,167,20,2.8,10.006894152820712,0.0,7,58
3,167,21,3.0,9.26304889901573,0.0,7,58
3,167,22,2.25,11.566829956216079,0.0,4,58
1,168,1,4.6,8.255927687164748,0.0,7,58
1,168,2,4.0,8.934195814434954,0.0,7,58
1,168,3,3.4,7.531649698159147,0.0,7,58
1,168,4,3.0,11.681143232984994,0.0,7,58
1,168,5,3.2,9.383527376452964,0.0,7,58
1,168,6,2.8,9.548268662036886,0.0,7,58
1,168,7,2.8,12.494456542114962,0.0,7,58
1,168,8,2.8,12.539459423025761,0.0,7,58
1,168,9,2.8,9.079470959237641,0.0,7,58
1,168,10,2.8,14.527762786477052,0.0,7,58
1,168,11,2.8,16.563283876414932,0.0,7,58
1,168,12,2.8,10.841958782967799,0.0,7,58
1,168,13,2.8,15.722899457454973,0.0,7,58
1,168,14,2.8,11.815105799682263,0.0,7,58
1,168,15,2.8,11.270039459924448,0.0,7,58
1,168,16,2.8,12.978282583999425,0.0,7,58
1,168,17,3.0,8.582789893884243,0.0,7,58
1,168,18,3.0,9.22700724000855,0.0,7,58
1,168,19,3.0,12.286198415649451,0.0,7,58
1,168,20,3.0,11.046215619175177,0.0,7,58
1,168,21,2.5,11.766809582661924,0.0,4,58
2,168,1,2.8,14.482931051483822,0.0,7,58
2,168,2,2.8,12.593937607059829,0.0,7,58
2,168,3,3.2,10.110557119494155,0.0,7,58
2,168,4,3.0,11.643984986309786,0.0,7,58
2,168,5,2.8,10.300316252201103,0.0,7,58
2,168,6,2.8,11.812945913640851,0.0,7,58
2,168,7,3.0,12.138643451452333,0.0,7,58
2,168,8,3.4,9.632601907325824,0.0,7,58
2,168,9,3.0,9.4374177130162,0.0,7,58
2,168,10,2.8,12.520532547827113,0.0,7,58
2,168,11,3.0,9.952096412814857,0.0,7,58
2,168,12,2.8,14.661649353223133,0.0,7,58
2,168,13,2.8,10.824709713011483,0.0,7,58
2,168,14,2.8,13.54706568088896,0.0,7,58
2,168,15,3.0,8.96621009274644,0.0,7,58
2,168,16,3.0,11.227808781948925,0.0,7,58
2,168,17,2.8,12.209304632247157,0.0,7,58
2,168,18,2.8,13.771774059364745,0.0,7,58
2,168,19,3.0,10.388481369172567,0.0,7,58
2,168,20,2.8,8.338510008301649,0.0,7,58
2,168,21,3.0,10.419938502024241,0.0,7,58
3,168,1,3.0,9.821613556176407,0.0,7,58
3,168,2,2.8,10.995645423809325,0.0,7,58
3,168,3,2.8,11.832582520275542,0.0,7,58
3,168,4,2.8,9.301586207509729,0.0,7,58
3,168,5,3.0,8.889615565763389,0.0,7,58
3,168,6,2.8,9.369952788975885,0.0,7,58
3,168,7,2.8,10.784221682164304,0.0,7,58
3,168,8,2.8,9.977711066568496,0.0,7,58
3,168,9,2.8,15.31265844538337,0.0,7,58
3,168,10,2.8,11.608785330088741,0.0,7,58
3,168,11,2.8,13.996557894163821,0.0,7,58
3,168,12,3.6,9.067304744561675,0.125,7,58
3,168,13,2.8,10.7648707725969,0.0,7,58
3,168,14,2.8,9.216702494430809,0.0,7,58
3,168,15,2.8,19.369480072033046,0.0,7,58
3,168,16,2.8,8.73931969173774,0.0,7,58
3,168,17,2.8,12.696171736051719,0.0,7,58
3,168,18,3.0,10.358116601015825,0.0,7,58
3,168,19,2.8,13.520171884285357,0.0,7,58
3,168,20,2.8,8.683113900688149,0.0,7,58
3,168,21,2.8,9.018947445950664,0.0,7,58
3,168,22,2.8,12.03338956022124,0.0,7,58
1,169,1,4.6,7.468092824741341,0.0,7,58
1,169,2,3.8,10.384633621570208,0.0,7,58
1,169,3,3.4,7.664610067069952,0.0,7,58
1,169,4,2.8,13.48835196164356,0.0,7,58
1,169,5,3.0,9.610934493784402,0.0,7,58
1,169,6,2.8,9.348392521068657,0.0,7,58
1,169,7,2.8,11.021619694573282,0.0,7,58
1,169,8,2.8,9.115380609694858,0.0,7,58
1,169,9,2.8,17.013260776867952,0.0,7,58
1,169,10,2.8,12.63321486970417,0.0,7,58
1,169,11,2.8,12.725452090861873,0.0,7,58
1,169,12,2.8,10.319125761181565,0.0,7,58
1,169,13,2.8,14.32729990375485,0.0,7,58
1,169,14,2.8,13.56148110224103,0.0,7,58
1,169,15,3.0,10.95733626876633,0.0,7,58
1,169,16,2.8,12.839243359543476,0.0,7,58
1,169,17,3.0,7.835968385642703,0.0,7,58
1,169,18,3.2,8.424322836350873,0.0,7,58
1,169,19,2.8,14.546898886991537,0.0,7,58
1,169,20,3.0,10.162169174532442,0.0,7,58
1,169,21,2.4,12.58754612653143,0.0,5,58
2,169,1,3.2,11.54904109447538,0.0,7,58
2,169,2,3.0,9.366952246219213,0.0,7,58
2,169,3,3.8,7.956012177187503,0.125,7,58
2,169,4,3.0,9.203764715886384,0.0,7,58
2,169,5,2.8,12.94728393936838,0.0,7,58
2,169,6,2.8,10.101748237953847,0.0,7,58
2,169,7,3.4,8.814021075464616,0.0,7,58
2,169,8,2.8,11.957628951519876,0.0,7,58
2,169,9,2.8,13.19496872194256,0.0,7,58
2,169,10,2.8,11.127618106966116,0.0,7,58
2,169,11,2.8,14.81532801200606,0.0,7,58
2,169,12,2.8,11.69967712279473,0.0,7,58
2,169,13,2.8,11.19735458237571,0.0,7,58
2,169,14,2.8,12.021511041483393,0.0,7,58
2,169,15,3.0,9.14841517304029,0.0,7,58
2,169,16,2.8,13.208313298331683,0.0,7,58
2,169,17,2.8,10.471654239446751,0.0,7,58
2,169,18,3.0,14.090752290289753,0.0,7,58
2,169,19,3.0,8.224970616702729,0.0,7,58
2,169,20,2.8,8.193954367470951,0.0,7,58
2,169,21,3.0,9.713108249515829,0.0,7,58
3,169,1,2.8,11.362614538868453,0.0,7,58
3,169,2,2.8,13.137321765063811,0.0,7,58
3,169,3,3.0,11.452979909407986,0.0,7,58
3,169,4,2.8,9.372858723614655,0.0,7,58
3,169,5,2.8,11.348649689343187,0.0,7,58
3,169,6,2.8,8.739319631039779,0.0,7,58
3,169,7,2.8,11.202832699566386,0.0,7,58
3,169,8,2.8,10.87868931984625,0.0,7,58
3,169,9,2.8,13.034311513412346,0.0,7,58
3,169,10,2.8,9.755534229939578,0.0,7,58
3,169,11,2.8,11.737965901551169,0.0,7,58
3,169,12,3.8,7.698308774868176,0.125,7,58
3,169,13,3.0,10.727311199715889,0.0,7,58
3,169,14,2.8,11.228828006555993,0.0,7,58
3,169,15,3.0,16.159487036985706,0.0,7,58
3,169,16,3.2,9.100278662095997,0.0,7,58
3,169,17,3.0,11.177922411459406,0.0,7,58
3,169,18,2.8,11.570138196337094,0.0,7,58
3,169,19,2.8,12.1822902782376,0.0,7,58
3,169,20,2.8,10.293194182696407,0.0,7,58
3,169,21,3.0,9.419983895547936,0.0,7,58
3,169,22,2.25,12.577781467730484,0.0,4,58
1,170,1,4.6,8.646865242554263,0.0,7,58
1,170,2,3.8,8.806336771368702,0.0,7,58
1,170,3,3.6,7.004556664456413,0.0,7,58
1,170,4,3.0,12.907111948962807,0.0,7,58
1,170,5,3.2,9.239650646664176,0.0,7,58
1,170,6,2.8,10.177174058885939,0.0,7,58
1,170,7,2.8,10.208482920090539,0.0,7,58
1,170,8,2.8,13.554879783599024,0.0,7,58
1,170,9,2.8,10.942524815550641,0.0,7,58
1,170,10,2.8,12.612189933443206,0.0,7,58
1,170,11,2.8,15.78244381968464,0.0,7,58
1,170,12,2.8,12.328051385975346,0.0,7,58
1,170,13,2.8,15.440884761052514,0.0,7,58
1,170,14,2.8,11.015952193697418,0.0,7,58
1,170,15,2.8,11.354985057712968,0.0,7,58
1,170,16,2.8,10.793215352943168,0.0,7,58
1,170,17,3.4,8.038428924506121,0.0,7,58
1,170,18,3.0,11.198085960965061,0.0,7,58
1,170,19,3.0,10.011594124752815,0.0,7,58
1,170,20,3.2,9.35700169032099,0.0,7,58
2,170,1,4.2,8.52050934773581,0.0,7,58
2,170,2,4.0,9.610843301818408,0.0,7,58
2,170,3,3.6,8.436795652714054,0.0,7,58
2,170,4,2.8,11.247417430803178,0.0,7,58
2,170,5,2.8,10.370751118253263,0.0,7,58
2,170,6,3.0,11.143412495627748,0.0,7,58
2,170,7,3.0,11.361950939660113,0.0,7,58
2,170,8,2.8,14.329873834778295,0.0,7,58
2,170,9,2.8,13.069383503962767,0.0,7,58
2,170,10,2.8,9.031416902410193,0.0,7,58
2,170,11,2.8,14.228726704355537,0.0,7,58
2,170,12,2.8,13.66451915031558,0.0,7,58
2,170,13,2.8,11.573122209212384,0.0,7,58
2,170,14,2.8,9.361339328939179,0.0,7,58
2,170,15,3.4,8.557363304191485,0.0,7,58
2,170,16,2.8,12.290202079631761,0.0,7,58
2,170,17,2.8,9.637352049582377,0.0,7,58
2,170,18,3.2,9.697590803585264,0.0,7,58
2,170,19,2.8,8.46379471092227,0.0,7,58
2,170,20,3.0,9.28463330546574,0.0,7,58
3,170,1,2.8,9.124905646414152,0.0,7,58
3,170,2,2.8,11.615395308308239,0.0,7,58
3,170,3,2.8,10.752467942063234,0.0,7,58
3,170,4,2.8,10.891384749441158,0.0,7,58
3,170,5,2.8,9.43450867343151,0.0,7,58
3,170,6,2.8,10.772847311529265,0.0,7,58
3,170,7,2.8,11.056416456218034,0.0,7,58
3,170,8,2.8,12.207075395437776,0.0,7,58
3,170,9,3.0,13.864520914035069,0.0,7,58
3,170,10,2.8,10.4739094224094,0.0,7,58
3,170,11,2.8,11.582365345924869,0.0,7,58
3,170,12,3.8,7.708010760758227,0.125,7,58
3,170,13,2.8,11.965280667343803,0.0,7,58
3,170,14,2.8,9.622729458966761,0.0,7,58
3,170,15,2.8,15.532589377016588,0.0,7,58
3,170,16,3.0,9.495763250392354,0.0,7,58
3,170,17,2.8,11.690947762198572,0.0,7,58
3,170,18,2.8,11.104148120061616,0.0,7,58
3,170,19,2.8,13.0583099518286,0.0,7,58
3,170,20,2.8,9.565860152014197,0.0,7,58
3,170,21,2.8,8.153293291212144,0.0,7,58
3,170,22,2.8,11.09475378915883,0.0,7,58
1,171,1,4.4,8.860741185376586,0.0,7,58
1,171,2,3.8,11.3693875298248,0.0,7,58
1,171,3,3.4,7.930308570477602,0.0,7,58
1,171,4,3.0,12.293454869849032,0.0,7,58
1,171,5,3.2,8.15226945577992,0.0,7,58
1,171,6,2.8,11.457475845240328,0.0,7,58
1,171,7,2.8,15.452665557984396,0.0,7,58
1,171,8,2.8,11.388868690032025,0.0,7,58
1,171,9,2.8,10.376857068335447,0.0,7,58
1,171,10,2.8,16.256436333801936,0.0,7,58
1,171,11,2.8,14.588912376808025,0.0,7,58
1,171,12,2.8,10.855998018819491,0.0,7,58
1,171,13,2.8,19.417724364844428,0.0,7,58
1,171,14,2.8,12.541853493377307,0.0,7,58
1,171,15,2.8,10.399288114816562,0.0,7,58
1,171,16,2.8,11.80776554687901,0.0,7,58
1,171,17,3.0,8.066739950281603,0.0,7,58
1,171,18,3.2,8.365846015424992,0.0,7,58
1,171,19,3.2,11.062236464386721,0.0,7,58
1,171,20,2.8,9.84386205679128,0.0,7,58
1,171,21,2.2,14.277507482378004,0.0,5,58
2,171,1,3.0,13.063240021685921,0.0,7,58
2,171,2,2.8,10.682091925651266,0.0,7,58
2,171,3,3.8,7.81484441883169,0.125,7,58
2,171,4,3.0,9.555009582733257,0.0,7,58
2,171,5,2.8,12.970618593412198,0.0,7,58
2,171,6,2.8,9.854733518681599,0.0,7,58
2,171,7,3.4,9.401372887099162,0.0,7,58
2,171,8,2.8,12.585834753895497,0.0,7,58
2,171,9,2.8,12.792131444961973,0.0,7,58
2,171,10,2.8,9.292002971652675,0.0,7,58
2,171,11,2.8,14.964689790901499,0.0,7,58
2,171,12,2.8,12.734277496741765,0.0,7,58
2,171,13,2.8,11.930149916597287,0.0,7,58
2,171,14,3.0,10.533801030524796,0.0,7,58
2,171,15,3.0,10.147491679179712,0.0,7,58
2,171,16,2.8,10.549442292346582,0.0,7,58
2,171,17,2.8,11.795204791206395,0.0,7,58
2,171,18,2.8,15.798032075814369,0.0,7,58
2,171,19,3.0,9.322485848560946,0.0,7,58
2,171,20,3.0,7.013088669464349,0.0,7,58
2,171,21,2.8,11.651908409873352,0.0,7,58
3,171,1,3.0,10.181306600063836,0.0,7,58
3,171,2,2.8,12.656713960431597,0.0,7,58
3,171,3,2.8,10.9238294164825,0.0,7,58
3,171,4,2.8,9.189777659774887,0.0,7,58
3,171,5,2.8,10.093787199475921,0.0,7,58
3,171,6,2.8,8.616203049468202,0.0,7,58
3,171,7,3.0,9.554763246356291,0.0,7,58
3,171,8,2.8,10.563642126524698,0.0,7,58
3,171,9,2.8,14.513263571931022,0.0,7,58
3,171,10,2.8,12.989451273727479,0.0,7,58
3,171,11,2.8,14.324365973428035,0.0,7,58
3,171,12,3.2,11.53395378846845,0.0,7,58
3,171,13,3.2,9.10937719364679,0.0,7,58
3,171,14,2.8,9.532740280497276,0.0,7,58
3,171,15,2.8,17.436736601420606,0.0,7,58
3,171,16,3.0,10.52526336491985,0.0,7,58
3,171,17,2.8,12.981253717935491,0.0,7,58
3,171,18,2.8,11.288603348115952,0.0,7,58
3,171,19,2.8,12.07836491867686,0.0,7,58
3,171,20,2.8,9.375238295493867,0.0,7,58
3,171,21,2.8,10.841464796476142,0.0,7,58
3,171,22,2.8,11.114916404725733,0.0,6,58
1,172,1,4.6,7.638488482181742,0.0,7,58
1,172,2,3.8,11.671943864759324,0.0,7,58
1,172,3,3.4,8.756031098369089,0.0,7,58
1,172,4,2.8,12.666164421457687,0.0,7,58
1,172,5,3.0,8.511373854907852,0.0,7,58
1,172,6,3.0,11.074524095873155,0.0,7,58
1,172,7,2.8,11.544846938640083,0.0,7,58
1,172,8,2.8,10.125810915315668,0.0,7,58
1,172,9,2.8,10.183951953264366,0.0,7,58
1,172,10,2.8,15.424235998138355,0.0,7,58
1,172,11,2.8,14.210475802598928,0.0,7,58
1,172,12,2.8,12.499865643976115,0.0,7,58
1,172,13,2.8,14.830142953612725,0.0,7,58
1,172,14,2.8,12.162160490149814,0.0,7,58
1,172,15,3.0,10.475040098486154,0.0,7,58
1,172,16,2.8,9.760003355990515,0.0,7,58
1,172,17,3.2,8.316003398694503,0.0,7,58
1,172,18,2.8,11.22544744834688,0.0,7,58
1,172,19,3.2,10.961622866357631,0.0,7,58
1,172,20,3.0,9.633495063517953,0.0,7,58
1,172,21,2.5,9.925582993854384,0.0,4,58
2,172,1,3.0,14.946773637575507,0.0,7,58
2,172,2,3.0,10.523398391495501,0.0,7,58
2,172,3,3.8,8.442604926168713,0.125,7,58
2,172,4,2.8,10.47899875744423,0.0,7,58
2,172,5,2.8,12.292808320601507,0.0,7,58
2,172,6,2.8,11.59173071360863,0.0,7,58
2,172,7,3.0,9.940116709666937,0.0,7,58
2,172,8,2.8,11.043054583061462,0.0,7,58
2,172,9,2.8,11.859018151808021,0.0,7,58
2,172,10,2.8,12.36861148160511,0.0,7,58
2,172,11,2.8,11.35843773227727,0.0,7,58
2,172,12,2.8,11.59655796058043,0.0,7,58
2,172,13,2.8,13.589304064074744,0.0,7,58
2,172,14,2.8,12.428000056547566,0.0,7,58
2,172,15,3.0,7.709861793970902,0.0,7,58
2,172,16,3.0,11.841449599738521,0.0,7,58
2,172,17,2.8,11.141294727710175,0.0,7,58
2,172,18,2.8,11.003802967440357,0.0,7,58
2,172,19,3.0,11.425761049525326,0.0,7,58
2,172,20,2.8,9.420996241763579,0.0,7,58
2,172,21,3.0,9.731002359398206,0.0,7,58
3,172,1,3.0,9.355865035365143,0.0,7,58
3,172,2,2.8,11.556613408866081,0.0,7,58
3,172,3,2.8,11.764303072358512,0.0,7,58
3,172,4,2.8,9.445231911207546,0.0,7,58
3,172,5,2.8,10.144010830003621,0.0,7,58
3,172,6,2.8,8.652772248858106,0.0,7,58
3,172,7,2.8,12.088527828705914,0.0,7,58
3,172,8,2.8,11.197354781662904,0.0,7,58
3,172,9,2.8,12.501465149689757,0.0,7,58
3,172,10,2.8,10.367384246679848,0.0,7,58
3,172,11,3.0,12.087049772715597,0.0,7,58
3,172,12,3.6,8.020884470512879,0.125,7,58
3,172,13,3.0,9.94257235026804,0.0,7,58
3,172,14,2.8,11.999915505230852,0.0,7,58
3,172,15,3.0,12.343715690748576,0.0,7,58
3,172,16,2.8,12.016471018239146,0.0,7,58
3,172,17,2.8,12.1536870409699,0.0,7,58
3,172,18,3.0,10.200178740009097,0.0,7,58
3,172,19,2.8,12.095921425667825,0.0,7,58
3,172,20,2.8,8.487372729158906,0.0,7,58
3,172,21,3.0,10.74545690634043,0.0,7,58
3,172,22,2.2,14.985832850388498,0.0,5,58
1,173,1,4.6,8.405636974928502,0.0,7,58
1,173,2,3.6,12.815862695865238,0.0,7,58
1,173,3,3.2,8.082620347893362,0.0,7,58
1,173,4,2.8,13.18794543839606,0.0,7,58
1,173,5,3.2,8.813875703567408,0.0,7,58
1,173,6,2.8,10.074474288540863,0.0,7,58
1,173,7,2.8,13.145532724266264,0.0,7,58
1,173,8,2.8,9.911246062241489,0.0,7,58
1,173,9,2.8,16.020888761997142,0.0,7,58
1,173,10,2.8,11.428951726023943,0.0,7,58
1,173,11,2.8,14.032127205675327,0.0,7,58
1,173,12,2.8,13.824887830264188,0.0,7,58
1,173,13,2.8,13.873332646584666,0.0,7,58
1,173,14,2.8,12.128249962448576,0.0,7,58
1,173,15,2.8,11.259464868471985,0.0,7,58
1,173,16,2.8,13.858469904147645,0.0,7,58
1,173,17,3.0,8.164757080939898,0.0,7,58
1,173,18,3.2,9.938412536214088,0.0,7,58
1,173,19,2.8,11.957760648307223,0.0,7,58
1,173,20,2.8,10.590862890242384,0.0,7,58
1,173,21,3.0,9.723968742664317,0.0,6,58
2,173,1,3.0,13.555433951390658,0.0,7,58
2,173,2,2.8,11.048736731897671,0.0,7,58
2,173,3,3.4,9.500890474927141,0.0,7,58
2,173,4,3.0,9.320426648571638,0.0,7,58
2,173,5,3.0,10.205859560131492,0.0,7,58
2,173,6,2.8,10.301894440612681,0.0,7,58
2,173,7,3.6,8.644298381437336,0.125,7,58
2,173,8,2.8,12.208978595451388,0.0,7,58
2,173,9,2.8,12.954703024489225,0.0,7,58
2,173,10,2.8,11.363741437187688,0.0,7,58
2,173,11,2.8,12.142309016271208,0.0,7,58
2,173,12,2.8,15.01669153226365,0.0,7,58
2,173,13,2.8,11.27061503162305,0.0,7,58
2,173,14,3.0,10.606873789210763,0.0,7,58
2,173,15,3.6,7.485218969703227,0.125,7,58
2,173,16,2.8,10.419473552585512,0.0,7,58
2,173,17,2.8,11.897768957867518,0.0,7,58
2,173,18,3.0,10.408720778472587,0.0,7,58
2,173,19,3.0,9.491797938211391,0.0,7,58
2,173,20,2.8,8.693989150183596,0.0,7,58
2,173,21,2.6,12.746867903655748,0.0,6,58
3,173,1,2.8,9.940598392699497,0.0,7,58
3,173,2,2.8,10.719639083748758,0.0,7,58
3,173,3,2.8,11.45746575307589,0.0,7,58
3,173,4,2.8,9.430371499811958,0.0,7,58
3,173,5,2.8,9.23506948817813,0.0,7,58
3,173,6,2.8,9.605446112418111,0.0,7,58
3,173,7,2.8,9.598828104059926,0.0,7,58
3,173,8,2.8,10.999610224541,0.0,7,58
3,173,9,3.0,12.529579459009842,0.0,7,58
3,173,10,2.8,11.041150121185904,0.0,7,58
3,173,11,2.8,12.901720266226656,0.0,7,58
3,173,12,3.6,9.165645862776847,0.125,7,58
3,173,13,2.8,9.707687612732832,0.0,7,58
3,173,14,2.8,9.925949508201677,0.0,7,58
3,173,15,2.8,14.65527579968855,0.0,7,58
3,173,16,3.2,9.76627157266694,0.0,7,58
3,173,17,2.8,13.61709202871259,0.0,7,58
3,173,18,2.8,10.677659927614048,0.0,7,58
3,173,19,2.8,12.893144175772717,0.0,7,58
3,173,20,2.8,9.955114335095184,0.0,7,58
3,173,21,2.8,10.578933615929422,0.0,7,58
3,173,22,2.8,10.631880625216086,0.0,6,58
1,174,1,4.6,9.17338823133018,0.0,7,58
1,174,2,4.0,7.29110585972092,0.0,7,58
1,174,3,3.4,7.607717940954853,0.0,7,58
1,174,4,2.8,18.381333307580253,0.0,7,58
1,174,5,3.0,9.256268120622096,0.0,7,58
1,174,6,2.8,8.875546439435135,0.0,7,58
1,174,7,2.8,12.052853864378529,0.0,7,58
1,174,8,2.8,9.79657811446834,0.0,7,58
1,174,9,2.8,11.397432447877831,0.0,7,58
1,174,10,2.8,15.543592255811523,0.0,7,58
1,174,11,2.8,17.617115037751383,0.0,7,58
1,174,12,2.8,10.21209351224045,0.0,7,58
1,174,13,2.8,20.13128587364171,0.0,7,58
1,174,14,2.8,13.933867193015317,0.0,7,58
1,174,15,2.8,11.149701070520653,0.0,7,58
1,174,16,2.8,13.715952511437818,0.0,7,58
1,174,17,3.0,8.695297651008774,0.0,7,58
1,174,18,3.2,9.294935691512643,0.0,7,58
1,174,19,3.2,8.984166533690207,0.0,7,58
1,174,20,3.0,11.066501447385662,0.0,7,58
2,174,1,3.8,10.4331714136911,0.0,7,58
2,174,2,4.0,9.373373610705146,0.0,7,58
2,174,3,3.6,9.249171843996017,0.0,7,58
2,174,4,3.6,8.080081018196234,0.0,7,58
2,174,5,2.8,10.27413339564662,0.0,7,58
2,174,6,3.4,10.030920734210348,0.0,7,58
2,174,7,3.0,9.80880102171912,0.0,7,58
2,174,8,2.8,11.5081956619657,0.0,7,58
2,174,9,2.8,10.518356325867769,0.0,7,58
2,174,10,2.8,11.988651032505077,0.0,7,58
2,174,11,2.8,12.402131607000868,0.0,7,58
2,174,12,2.8,12.532650966610335,0.0,7,58
2,174,13,2.8,11.706125192003219,0.0,7,58
2,174,14,3.0,8.411318070944874,0.0,7,58
2,174,15,2.8,10.795776418431718,0.0,7,58
2,174,16,2.8,12.160259929672453,0.0,7,58
2,174,17,2.8,11.164495199647511,0.0,7,58
2,174,18,3.0,12.08021771711443,0.0,7,58
2,174,19,2.8,9.264027793494362,0.0,7,58
2,174,20,3.0,11.009736841396354,0.0,7,58
3,174,1,3.0,10.014597232674381,0.0,7,58
3,174,2,3.4,8.775312766051673,0.0,7,58
3,174,3,3.0,9.820501108460151,0.0,7,58
3,174,4,2.8,9.889461893116367,0.0,7,58
3,174,5,2.8,10.310968489157347,0.0,7,58
3,174,6,2.8,9.020534968949235,0.0,7,58
3,174,7,3.0,13.358043004684136,0.0,7,58
3,174,8,2.8,10.38886490643017,0.0,7,58
3,174,9,3.0,11.052406217081542,0.0,7,58
3,174,10,2.8,10.672314646281531,0.0,7,58
3,174,11,3.0,10.473049836880383,0.0,7,58
3,174,12,2.8,13.379481064809049,0.0,7,58
3,174,13,3.0,10.657116495122896,0.0,7,58
3,174,14,2.8,9.898868535802588,0.0,7,58
3,174,15,3.0,10.813855224903927,0.0,7,58
3,174,16,2.8,12.044808577421433,0.0,7,58
3,174,17,3.0,9.208798960502863,0.0,7,58
3,174,18,2.8,10.775169097297177,0.0,7,58
3,174,19,2.8,14.123349265865981,0.0,7,58
3,174,20,2.8,10.879083321530388,0.0,7,58
3,174,21,3.0,9.797222509600667,0.0,7,58
3,174,22,2.25,13.29551199540119,0.0,4,58
1,175,1,4.6,8.068017419624388,0.0,7,58
1,175,2,3.6,11.517621463194388,0.0,7,58
1,175,3,3.2,8.159227291076064,0.0,7,58
1,175,4,3.2,11.96825113890434,0.0,7,58
1,175,5,3.2,8.769160966074796,0.0,7,58
1,175,6,2.8,10.898015856964701,0.0,7,58
1,175,7,2.8,12.199254620307284,0.0,7,58
1,175,8,2.8,9.269163827416511,0.0,7,58
1,175,9,2.8,9.59989625670542,0.0,7,58
1,175,10,2.8,14.089852354992775,0.0,7,58
1,175,11,2.8,14.414426940648065,0.0,7,58
1,175,12,2.8,9.312540626727658,0.0,7,58
1,175,13,2.8,16.53973310353094,0.0,7,58
1,175,14,2.8,15.714328113455068,0.0,7,58
1,175,15,2.8,13.03022378203854,0.0,7,58
1,175,16,2.8,13.561613321548144,0.0,7,58
1,175,17,3.0,8.288651976659594,0.0,7,58
1,175,18,3.2,8.354247935200224,0.0,7,58
1,175,19,3.0,12.439283583714426,0.0,7,58
1,175,20,3.2,10.538107108866384,0.0,7,58
1,175,21,2.5,11.795600644409877,0.0,4,58
2,175,1,3.0,15.131669550014466,0.0,7,58
2,175,2,2.8,11.527704509090837,0.0,7,58
2,175,3,3.4,10.19792071372359,0.0,7,58
2,175,4,3.4,8.366985606577039,0.0,7,58
2,175,5,3.0,11.634587927796046,0.0,7,58
2,175,6,3.0,9.176906216084086,0.0,7,58
2,175,7,3.2,11.104954496751077,0.0,7,58
2,175,8,3.2,9.933930424658577,0.0,7,58
2,175,9,2.8,14.119603415633605,0.0,7,58
2,175,10,2.8,10.360766360394233,0.0,7,58
2,175,11,2.8,13.415550440965154,0.0,7,58
2,175,12,2.8,12.578689476736606,0.0,7,58
2,175,13,2.8,13.787102763139172,0.0,7,58
2,175,14,2.8,8.737513910575316,0.0,7,58
2,175,15,3.0,11.151796933961673,0.0,7,58
2,175,16,2.8,13.855219308094643,0.0,7,58
2,175,17,2.8,11.209325388961052,0.0,7,58
2,175,18,3.0,16.661293746274076,0.0,7,58
2,175,19,3.0,9.10801643603993,0.0,7,58
2,175,20,2.8,8.202834390595196,0.0,7,58
2,175,21,2.8,11.78057910537613,0.0,6,58
3,175,1,3.0,9.313126101308086,0.0,7,58
3,175,2,2.8,11.916890388239095,0.0,7,58
3,175,3,2.8,10.827139398205151,0.0,7,58
3,175,4,2.8,9.107669462862972,0.0,7,58
3,175,5,2.8,9.802587855017164,0.0,7,58
3,175,6,2.8,9.171802864042954,0.0,7,58
3,175,7,2.8,9.80235589705477,0.0,7,58
3,175,8,2.8,12.870316549464423,0.0,7,58
3,175,9,2.8,13.146378376458458,0.0,7,58
3,175,10,2.8,10.194577213295524,0.0,7,58
3,175,11,2.8,11.85169360339556,0.0,7,58
3,175,12,3.0,12.707955982591347,0.0,7,58
3,175,13,3.2,9.407112318267714,0.0,7,58
3,175,14,2.8,10.794364738591533,0.0,7,58
3,175,15,2.8,13.6965496321924,0.0,7,58
3,175,16,3.0,9.812517513499067,0.0,7,58
3,175,17,2.8,12.364593417943473,0.0,7,58
3,175,18,3.0,10.67354183689276,0.0,7,58
3,175,19,2.8,12.394435014429597,0.0,7,58
3,175,20,2.8,9.032657623162411,0.0,7,58
3,175,21,2.8,11.21581647836216,0.0,7,58
3,175,22,3.0,10.441894893300374,0.0,7,58
1,176,1,4.8,8.520354075899515,0.0,7,58
1,176,2,3.6,9.566103709416785,0.0,7,58
1,176,3,3.4,8.807219905467559,0.0,7,58
1,176,4,3.0,13.393534086654231,0.0,7,58
1,176,5,3.0,8.758490035974873,0.0,7,58
1,176,6,2.8,11.13976992154545,0.0,7,58
1,176,7,2.8,13.69654860825752,0.0,7,58
1,176,8,2.8,10.720264768986722,0.0,7,58
1,176,9,2.8,11.684734080751468,0.0,7,58
1,176,10,2.8,13.224089150842577,0.0,7,58
1,176,11,2.8,17.02001797789088,0.0,7,58
1,176,12,2.8,11.954331181484934,0.0,7,58
1,176,13,2.8,15.477686822202749,0.0,7,58
1,176,14,2.8,11.5779731276207,0.0,7,58
1,176,15,3.0,11.538038009232615,0.0,7,58
1,176,16,2.8,11.192044018253936,0.0,7,58
1,176,17,3.0,9.043378259273583,0.0,7,58
1,176,18,3.0,10.211844724978388,0.0,7,58
1,176,19,3.0,11.946087152758336,0.0,7,58
1,176,20,3.2,9.753504060517438,0.0,7,58
1,176,21,2.5,10.220175230540034,0.0,4,58
2,176,1,3.2,13.726250090687696,0.0,7,58
2,176,2,3.2,10.133598296242603,0.0,7,58
2,176,3,3.2,9.552658027779794,0.0,7,58
2,176,4,3.4,8.011573842276023,0.0,7,58
2,176,5,2.8,12.865578261391708,0.0,7,58
2,176,6,2.8,10.89340291959635,0.0,7,58
2,176,7,3.4,9.296313389879886,0.0,7,58
2,176,8,3.0,10.218612862674135,0.0,7,58
2,176,9,2.8,12.711065060178706,0.0,7,58
2,176,10,2.8,10.79984640641875,0.0,7,58
2,176,11,2.8,13.967001772696769,0.0,7,58
2,176,12,2.8,12.32520432572437,0.0,7,58
2,176,13,2.8,12.266301896312719,0.0,7,58
2,176,14,2.8,10.31413559062107,0.0,7,58
2,176,15,3.0,10.411436638438639,0.0,7,58
2,176,16,2.8,12.470917200186847,0.0,7,58
2,176,17,2.8,9.487834356405655,0.0,7,58
2,176,18,2.8,12.77717882321458,0.0,7,58
2,176,19,2.8,10.287966517013947,0.0,7,58
2,176,20,2.8,7.5682886597548045,0.0,7,58
2,176,21,3.0,10.800559246959919,0.0,7,58
3,176,1,3.2,9.289432798398265,0.0,7,58
3,176,2,3.0,9.949681914282333,0.0,7,58
3,176,3,2.8,12.279576241816644,0.0,7,58
3,176,4,2.8,9.100546685965169,0.0,7,58
3,176,5,3.0,9.723561930561694,0.0,7,58
3,176,6,2.8,9.130638078958732,0.0,7,58
3,176,7,2.8,10.38905896759184,0.0,7,58
3,176,8,2.8,9.74417349651736,0.0,7,58
3,176,9,2.8,16.720828449964582,0.0,7,58
3,176,10,2.8,10.538244470783525,0.0,7,58
3,176,11,2.8,11.51018752929222,0.0,7,58
3,176,12,3.6,8.284151084149766,0.125,7,58
3,176,13,2.8,10.763080754809087,0.0,7,58
3,176,14,3.0,9.489556825127973,0.0,7,58
3,176,15,3.0,11.462382785143586,0.0,7,58
3,176,16,3.0,12.510490761843755,0.0,7,58
3,176,17,2.8,11.920817640847682,0.0,7,58
3,176,18,3.0,12.936708918243369,0.0,7,58
3,176,19,2.8,12.197149067029194,0.0,7,58
3,176,20,2.8,8.587915778487497,0.0,7,58
3,176,21,2.8,10.164132084142883,0.0,7,58
3,176,22,2.25,14.826454909248678,0.0,4,58
1,177,1,4.6,8.772747111732908,0.0,7,58
1,177,2,3.6,10.386108829075113,0.0,7,58
1,177,3,3.4,8.100881950045311,0.0,7,58
1,177,4,3.0,11.05324465111191,0.0,7,58
1,177,5,3.2,7.979548236596589,0.0,7,58
1,177,6,3.0,10.435118910968303,0.0,7,58
1,177,7,2.8,9.77743100926021,0.0,7,58
1,177,8,2.8,15.342691186815951,0.0,7,58
1,177,9,2.8,10.162019912018687,0.0,7,58
1,177,10,2.8,14.462642095355118,0.0,7,58
1,177,11,2.8,16.19291358858633,0.0,7,58
1,177,12,2.8,11.116836780390624,0.0,7,58
1,177,13,2.8,13.696169901010204,0.0,7,58
1,177,14,2.8,13.725100357596212,0.0,7,58
1,177,15,2.8,12.168567662190538,0.0,7,58
1,177,16,2.8,12.837159196296357,0.0,7,58
1,177,17,3.2,8.576385121164373,0.0,7,58
1,177,18,2.8,10.725933465038894,0.0,7,58
1,177,19,3.2,11.082581232435013,0.0,7,58
1,177,20,3.2,8.66512628819833,0.0,7,58
2,177,1,3.2,13.977198841368226,0.0,7,58
2,177,2,3.2,9.203420857500909,0.0,7,58
2,177,3,3.4,9.651535230121643,0.0,7,58
2,177,4,3.4,7.778830433088696,0.0,7,58
2,177,5,2.8,15.183141164091383,0.0,7,58
2,177,6,3.0,8.363439618227813,0.0,7,58
2,177,7,3.2,10.441599981896557,0.0,7,58
2,177,8,2.8,10.95822605801767,0.0,7,58
2,177,9,2.8,11.735478652895484,0.0,7,58
2,177,10,2.8,9.891587012514869,0.0,7,58
2,177,11,2.8,16.445692145853254,0.0,7,58
2,177,12,2.8,11.801972206238567,0.0,7,58
2,177,13,2.8,12.699278694782427,0.0,7,58
2,177,14,2.8,10.01027501880713,0.0,7,58
2,177,15,3.0,10.913019096910762,0.0,7,58
2,177,16,2.8,13.730798735096622,0.0,7,58
2,177,17,2.8,9.775974490899346,0.0,7,58
2,177,18,3.0,13.410034362870944,0.0,7,58
2,177,19,3.0,8.743441147556647,0.0,7,58
2,177,20,2.8,8.487413023681997,0.0,7,58
2,177,21,2.8,11.757931589702759,0.0,6,58
3,177,1,3.4,8.614691484972804,0.0,7,58
3,177,2,2.8,10.363906791727732,0.0,7,58
3,177,3,2.8,18.418001494215535,0.0,7,58
3,177,4,2.8,8.505708507387487,0.0,7,58
3,177,5,2.8,11.226122208184762,0.0,7,58
3,177,6,2.8,10.416933282668115,0.0,7,58
3,177,7,2.8,10.143619882690208,0.0,7,58
3,177,8,2.8,10.572359275309001,0.0,7,58
3,177,9,3.0,12.466499655977264,0.0,7,58
3,177,10,2.8,10.72300438540916,0.0,7,58
3,177,11,2.8,15.508736059680285,0.0,7,58
3,177,12,3.0,14.637581807335335,0.0,7,58
3,177,13,2.8,11.039356117058336,0.0,7,58
3,177,14,3.2,8.165883531367436,0.0,7,58
3,177,15,3.0,14.72044574592328,0.0,7,58
3,177,16,3.0,11.8507159214805,0.0,7,58
3,177,17,2.8,12.80376795431503,0.0,7,58
3,177,18,3.0,10.377124332093612,0.0,7,58
3,177,19,2.8,18.375601487376308,0.0,7,58
3,177,20,2.8,9.641075446912335,0.0,7,58
3,177,21,2.8,9.144010816278616,0.0,7,58
3,177,22,2.2,13.587552047306348,0.0,5,58
1,178,1,4.8,7.723192686973451,0.0,7,58
1,178,2,3.2,12.854415568883953,0.0,7,58
1,178,3,3.2,10.282488475818367,0.0,7,58
1,178,4,3.0,9.968562382877197,0.0,7,58
1,178,5,3.0,8.324250138599542,0.0,7,58
1,178,6,2.8,9.44661913874302,0.0,7,58
1,178,7,2.8,15.410602625956075,0.0,7,58
1,178,8,2.8,8.694623101239815,0.0,7,58
1,178,9,2.8,17.190623489588088,0.0,7,58
1,178,10,2.8,14.194221651361698,0.0,7,58
1,178,11,2.8,17.81877778130665,0.0,7,58
1,178,12,2.8,11.703146769353355,0.0,7,58
1,178,13,2.8,14.332097497238415,0.0,7,58
1,178,14,2.8,11.789483308609569,0.0,7,58
1,178,15,2.8,12.534510625736088,0.0,7,58
1,178,16,2.8,15.152580296675675,0.0,7,58
1,178,17,3.0,8.463314153512744,0.0,7,58
1,178,18,3.0,8.472251040258085,0.0,7,58
1,178,19,3.2,8.860032794343585,0.0,7,58
1,178,20,3.0,8.986394221748515,0.0,7,58
1,178,21,2.8,10.334113735136011,0.0,5,58
2,178,1,3.6,10.920746414804396,0.0,7,58
2,178,2,3.6,9.326215287806454,0.0,7,58
2,178,3,3.4,10.659003857096033,0.0,7,58
2,178,4,3.2,8.55280402201781,0.0,7,58
2,178,5,2.8,9.26768593561726,0.0,7,58
2,178,6,2.8,11.053217633503504,0.0,7,58
2,178,7,3.4,8.548068945648946,0.0,7,58
2,178,8,3.2,10.81412014399411,0.0,7,58
2,178,9,2.8,14.69160052536549,0.0,7,58
2,178,10,3.2,7.458618069277929,0.0,7,58
2,178,11,2.8,12.610541833672643,0.0,7,58
2,178,12,2.8,11.07379595999945,0.0,7,58
2,178,13,2.8,10.470718043363402,0.0,7,58
2,178,14,2.8,10.415011647156135,0.0,7,58
2,178,15,3.0,11.529537879496171,0.0,7,58
2,178,16,2.8,10.79712310174682,0.0,7,58
2,178,17,2.8,13.336902743480847,0.0,7,58
2,178,18,3.2,9.522039425700434,0.0,7,58
2,178,19,2.8,8.651536956673569,0.0,7,58
2,178,20,3.0,10.294697382514348,0.0,7,58
3,178,1,3.0,8.39296018478465,0.0,7,58
3,178,2,2.8,11.940155005358957,0.0,7,58
3,178,3,2.8,11.67448023905646,0.0,7,58
3,178,4,2.8,10.167516490567737,0.0,7,58
3,178,5,2.8,9.818324099969292,0.0,7,58
3,178,6,2.8,9.835527408812947,0.0,7,58
3,178,7,2.8,11.5628853320342,0.0,7,58
3,178,8,2.8,10.976306397028136,0.0,7,58
3,178,9,2.8,11.622474527609095,0.0,7,58
3,178,10,2.8,10.883963928202988,0.0,7,58
3,178,11,3.0,11.326023441168534,0.0,7,58
3,178,12,3.0,12.603622760295272,0.0,7,58
3,178,13,3.2,8.901380823507933,0.0,7,58
3,178,14,3.0,9.1434618724353,0.0,7,58
3,178,15,2.8,16.020829081974206,0.0,7,58
3,178,16,3.0,10.107794937552713,0.0,7,58
3,178,17,2.8,13.46717400502794,0.0,7,58
3,178,18,3.0,10.998503187126913,0.0,7,58
3,178,19,2.8,11.680123889644848,0.0,7,58
3,178,20,2.8,9.692205035804815,0.0,7,58
3,178,21,2.8,11.62537690947525,0.0,7,58
3,178,22,2.6,11.737342050343317,0.0,6,58
1,179,1,4.4,8.834759718246158,0.0,7,58
1,179,2,3.8,10.443320512546872,0.0,7,58
1,179,3,3.2,8.137191813749878,0.0,7,58
1,179,4,3.0,12.522453270220582,0.0,7,58
1,179,5,3.0,10.77202550977525,0.0,7,58
1,179,6,2.8,9.311667069373485,0.0,7,58
1,179,7,2.8,13.682805366476959,0.0,7,58
1,179,8,2.8,10.722488297152609,0.0,7,58
1,179,9,2.8,17.2105508026988,0.0,7,58
1,179,10,2.8,12.979858884734657,0.0,7,58
1,179,11,2.8,13.144492612131158,0.0,7,58
1,179,12,2.8,13.247435787190662,0.0,7,58
1,179,13,2.8,13.321295077147576,0.0,7,58
1,179,14,2.8,11.43765220727448,0.0,7,58
1,179,15,2.8,11.217545525359348,0.0,7,58
1,179,16,2.8,15.109402647832361,0.0,7,58
1,179,17,3.0,9.370958292131293,0.0,7,58
1,179,18,3.0,9.981355059744576,0.0,7,58
1,179,19,3.0,10.543281174178498,0.0,7,58
1,179,20,2.8,11.15964869448715,0.0,7,58
1,179,21,3.0,9.317994348005106,0.0,6,58
2,179,1,3.0,12.736791143914035,0.0,7,58
2,179,2,3.0,9.877576153375971,0.0,7,58
2,179,3,3.8,8.794664991788599,0.0,7,58
2,179,4,3.2,8.424757440852733,0.0,7,58
2,179,5,3.0,12.180957645473848,0.0,7,58
2,179,6,2.8,9.769041223182084,0.0,7,58
2,179,7,3.8,7.839537613128561,0.125,7,58
2,179,8,2.8,11.279092649171766,0.0,7,58
2,179,9,2.8,13.812572849004031,0.0,7,58
2,179,10,2.8,9.954720740002301,0.0,7,58
2,179,11,2.8,13.434174106868833,0.0,7,58
2,179,12,2.8,12.173958092530887,0.0,7,58
2,179,13,2.8,12.170342545512304,0.0,7,58
2,179,14,2.8,10.127658455112408,0.0,7,58
2,179,15,3.6,8.570138996485085,0.125,7,58
2,179,16,2.8,10.954338562526729,0.0,7,58
2,179,17,2.8,13.996270975345954,0.0,7,58
2,179,18,2.8,13.778080795461356,0.0,7,58
2,179,19,3.0,8.159115045624908,0.0,7,58
2,179,20,2.8,9.127261962602942,0.0,7,58
2,179,21,2.5,12.485075124263263,0.0,4,58
3,179,1,2.8,9.673322303595596,0.0,7,58
3,179,2,2.8,13.367018258472115,0.0,7,58
3,179,3,2.8,11.393435162469075,0.0,7,58
3,179,4,2.8,10.409429859127963,0.0,7,58
3,179,5,2.8,9.860395958583696,0.0,7,58
3,179,6,2.8,9.916939031612756,0.0,7,58
3,179,7,2.8,9.072026316658754,0.0,7,58
3,179,8,2.8,11.388772574732316,0.0,7,58
3,179,9,2.8,12.325944016902342,0.0,7,58
3,179,10,2.8,12.073443373412168,0.0,7,58
3,179,11,2.8,11.38897440922151,0.0,7,58
3,179,12,3.2,11.504812926309466,0.0,7,58
3,179,13,3.2,9.524305578798268,0.0,7,58
3,179,14,2.8,10.251574634484934,0.0,7,58
3,179,15,2.8,14.372452603197047,0.0,7,58
3,179,16,3.0,9.84410460660592,0.0,7,58
3,179,17,2.8,13.306096050170433,0.0,7,58
3,179,18,2.8,10.607517001277248,0.0,7,58
3,179,19,2.8,10.87852545995217,0.0,7,58
3,179,20,2.8,11.445577372264996,0.0,7,58
3,179,21,2.8,9.121557679189555,0.0,7,58
3,179,22,3.2,8.775611003862457,0.0,7,58
1,180,1,4.8,8.910935438116267,0.0,7,58
1,180,2,3.2,11.705786872092036,0.0,7,58
1,180,3,3.2,9.157434333805686,0.0,7,58
1,180,4,3.4,9.533801659364531,0.0,7,58
1,180,5,3.0,10.627969881631135,0.0,7,58
1,180,6,3.0,9.311866625367756,0.0,7,58
1,180,7,2.8,12.714027081840648,0.0,7,58
1,180,8,2.8,9.86070070451899,0.0,7,58
1,180,9,2.8,9.554234504484766,0.0,7,58
1,180,10,2.8,13.89492057735502,0.0,7,58
1,180,11,2.8,19.884250704597086,0.0,7,58
1,180,12,2.8,9.443890762708666,0.0,7,58
1,180,13,2.8,14.940448950003294,0.0,7,58
1,180,14,2.8,11.381170515383053,0.0,7,58
1,180,15,3.0,10.604071454561355,0.0,7,58
1,180,16,2.8,11.08906629735749,0.0,7,58
1,180,17,3.2,8.259015606604201,0.0,7,58
1,180,18,3.2,9.396979588068566,0.0,7,58
1,180,19,3.2,8.870823348517705,0.0,7,58
1,180,20,3.0,8.928847616392662,0.0,7,58
2,180,1,2.8,14.213668697331514,0.0,7,58
2,180,2,3.0,9.953764319240562,0.0,7,58
2,180,3,3.0,11.759257328135371,0.0,7,58
2,180,4,3.0,9.50800955262525,0.0,7,58
2,180,5,2.8,11.927375944051175,0.0,7,58
2,180,6,2.8,9.242385632338996,0.0,7,58
2,180,7,3.0,12.879963571978635,0.0,7,58
2,180,8,3.0,11.361950939660066,0.0,7,58
2,180,9,3.0,10.381435831623547,0.0,7,58
2,180,10,2.8,12.576941611116911,0.0,7,58
2,180,11,2.8,9.181264336616193,0.0,7,58
2,180,12,2.8,12.405908996693306,0.0,7,58
2,180,13,2.8,12.103800481760578,0.0,7,58
2,180,14,2.8,9.75276555511397,0.0,7,58
2,180,15,2.8,9.207687083167476,0.0,7,58
2,180,16,3.2,10.642220753847454,0.0,7,58
2,180,17,2.8,10.793626966341574,0.0,7,58
2,180,18,2.8,12.24137414008497,0.0,7,58
2,180,19,3.0,10.751567897242767,0.0,7,58
2,180,20,2.8,9.048313128172934,0.0,7,58
2,180,21,3.2,7.879131306012957,0.0,7,58
3,180,1,3.0,10.031022092596665,0.0,7,58
3,180,2,3.0,10.737040443928553,0.0,7,58
3,180,3,3.0,13.157905826178188,0.0,7,58
3,180,4,2.8,9.322490169707201,0.0,7,58
3,180,5,2.8,10.905840676270197,0.0,7,58
3,180,6,2.8,11.07726712519186,0.0,7,58
3,180,7,3.0,11.418976945823726,0.0,7,58
3,180,8,2.8,9.759722604591744,0.0,7,58
3,180,9,2.8,12.164648086369098,0.0,7,58
3,180,10,2.8,11.619346636067853,0.0,7,58
3,180,11,2.8,12.371646559413108,0.0,7,58
3,180,12,3.2,11.16029039239615,0.0,7,58
3,180,13,3.2,8.441656666676895,0.0,7,58
3,180,14,2.8,10.613538664169589,0.0,7,58
3,180,15,3.0,12.901265357536388,0.0,7,58
3,180,16,2.8,12.09766942208774,0.0,7,58
3,180,17,2.8,11.837319344275055,0.0,7,58
3,180,18,3.0,10.894699344584698,0.0,7,58
3,180,19,2.8,12.826388036644191,0.0,7,58
3,180,20,2.8,9.779821915296198,0.0,7,58
3,180,21,2.8,9.60345995216208,0.0,7,58
3,180,22,2.2,18.195862349219812,0.0,5,58
1,181,1,4.6,9.117867913499236,0.0,7,58
1,181,2,4.0,7.8824130558672945,0.0,7,58
1,181,3,3.6,7.985488745627023,0.0,7,58
1,181,4,2.8,15.089655889125691,0.0,7,58
1,181,5,3.0,9.205557598185036,0.0,7,58
1,181,6,2.8,10.35672218969895,0.0,7,58
1,181,7,2.8,9.338043668206607,0.0,7,58
1,181,8,2.8,11.505276180204708,0.0,7,58
1,181,9,2.8,10.818816968478336,0.0,7,58
1,181,10,2.8,12.331698663462824,0.0,7,58
1,181,11,2.8,14.30885331675649,0.0,7,58
1,181,12,2.8,11.17870431856711,0.0,7,58
1,181,13,2.8,15.858842357659475,0.0,7,58
1,181,14,2.8,12.738625759497113,0.0,7,58
1,181,15,2.8,10.756680558305371,0.0,7,58
1,181,16,2.8,12.090244685005036,0.0,7,58
1,181,17,3.0,7.946267250215122,0.0,7,58
1,181,18,3.0,8.952624866982394,0.0,7,58
1,181,19,3.2,10.23548861193715,0.0,7,58
1,181,20,3.2,9.409280387223607,0.0,7,58
2,181,1,3.0,11.406563752158739,0.0,7,58
2,181,2,3.0,10.840484056400557,0.0,7,58
2,181,3,3.4,8.902884510788665,0.0,7,58
2,181,4,3.6,7.718250211409398,0.0,7,58
2,181,5,2.8,12.149954124184745,0.0,7,58
2,181,6,2.8,9.190932802767563,0.0,7,58
2,181,7,3.2,9.981333050415746,0.0,7,58
2,181,8,3.0,10.909273553516213,0.0,7,58
2,181,9,2.8,12.545397134252172,0.0,7,58
2,181,10,2.8,10.182771342413211,0.0,7,58
2,181,11,2.8,12.720089985284934,0.0,7,58
2,181,12,2.8,12.539204589289763,0.0,7,58
2,181,13,2.8,12.276157521180087,0.0,7,58
2,181,14,2.8,10.283264008565498,0.0,7,58
2,181,15,3.0,8.535580715172616,0.0,7,58
2,181,16,3.2,9.287188486545327,0.0,7,58
2,181,17,2.8,10.710194755271438,0.0,7,58
2,181,18,3.0,12.025499454906143,0.0,7,58
2,181,19,3.0,8.351268259715754,0.0,7,58
2,181,20,2.8,9.245996836158726,0.0,7,58
2,181,21,2.6,13.93785268464541,0.0,6,58
3,181,1,3.0,9.666385593521433,0.0,7,58
3,181,2,2.8,10.650973786174417,0.0,7,58
3,181,3,2.8,11.741718033025734,0.0,7,58
3,181,4,2.8,10.626836353090402,0.0,7,58
3,181,5,2.8,9.02177079695545,0.0,7,58
3,181,6,2.8,9.455390422257336,0.0,7,58
3,181,7,2.8,10.45590737461671,0.0,7,58
3,181,8,2.8,11.055670534536521,0.0,7,58
3,181,9,3.0,12.422268304741552,0.0,7,58
3,181,10,2.8,11.350263646319211,0.0,7,58
3,181,11,2.8,11.785045572167157,0.0,7,58
3,181,12,3.2,10.34402590471368,0.0,7,58
3,181,13,3.0,9.722110591265578,0.0,7,58
3,181,14,3.2,8.851311462649237,0.0,7,58
3,181,15,3.0,12.028134905192008,0.0,7,58
3,181,16,3.0,10.141189766474616,0.0,7,58
3,181,17,2.8,11.701435830154297,0.0,7,58
3,181,18,3.0,9.317889226210202,0.0,7,58
3,181,19,2.8,14.228864122012174,0.0,7,58
3,181,20,2.8,9.261495761320862,0.0,7,58
3,181,21,2.8,9.725628209798048,0.0,7,58
3,181,22,2.2,16.174782869930947,0.0,5,58
1,182,1,4.4,8.821826038182257,0.0,7,58
1,182,2,4.0,9.942223762825739,0.0,7,58
1,182,3,3.4,8.297861812705088,0.0,7,58
1,182,4,3.2,9.144711831123626,0.0,7,58
1,182,5,3.2,8.367249796697052,0.0,7,58
1,182,6,3.0,9.249241321323343,0.0,7,58
1,182,7,2.8,10.60817544045451,0.0,7,58
1,182,8,2.8,16.501171087842167,0.0,7,58
1,182,9,2.8,10.777785143294098,0.0,7,58
1,182,10,2.8,13.542890205221601,0.0,7,58
1,182,11,2.8,18.22127499825096,0.0,7,58
1,182,12,2.8,9.430892123406027,0.0,7,58
1,182,13,2.8,16.16482406952569,0.0,7,58
1,182,14,2.8,12.292185477144745,0.0,7,58
1,182,15,2.8,10.400584633606103,0.0,7,58
1,182,16,2.8,12.766710126692981,0.0,7,58
1,182,17,3.4,8.106131673162734,0.0,7,58
1,182,18,3.2,8.750029602415529,0.0,7,58
1,182,19,3.0,9.520130555754546,0.0,7,58
1,182,20,3.0,9.319142984506758,0.0,7,58
2,182,1,3.8,10.006435916988496,0.0,7,58
2,182,2,4.0,8.620333911596774,0.0,7,58
2,182,3,3.0,9.937682575922363,0.0,7,58
2,182,4,3.6,7.017206116422857,0.0,7,58
2,182,5,2.8,10.432838391241114,0.0,7,58
2,182,6,3.0,12.116556838301182,0.0,7,58
2,182,7,3.6,8.606029008205077,0.0,7,58
2,182,8,2.8,12.75965806555819,0.0,7,58
2,182,9,2.8,11.518887116977643,0.0,7,58
2,182,10,2.8,10.348141254387897,0.0,7,58
2,182,11,2.8,12.609481701491498,0.0,7,58
2,182,12,2.8,11.210346742015528,0.0,7,58
2,182,13,2.8,11.907224159558762,0.0,7,58
2,182,14,3.0,9.177920486676435,0.0,7,58
2,182,15,2.8,14.585808225146272,0.0,7,58
2,182,16,2.8,12.751427609627516,0.0,7,58
2,182,17,2.8,10.390490097547712,0.0,7,58
2,182,18,3.2,8.778897082711282,0.0,7,58
2,182,19,2.8,8.202714734156242,0.0,7,58
2,182,20,3.0,9.758688821230447,0.0,7,58
3,182,1,2.8,10.432314217819822,0.0,7,58
3,182,2,2.8,12.36696655998106,0.0,7,58
3,182,3,3.0,9.928447397623096,0.0,7,58
3,182,4,2.8,11.089260851228003,0.0,7,58
3,182,5,2.8,10.315093441390315,0.0,7,58
3,182,6,2.8,9.022962895972702,0.0,7,58
3,182,7,2.8,10.228584255436303,0.0,7,58
3,182,8,2.8,11.779637821667805,0.0,7,58
3,182,9,2.8,14.248971133612917,0.0,7,58
3,182,10,2.8,11.497790582183779,0.0,7,58
3,182,11,3.0,10.331182116631213,0.0,7,58
3,182,12,3.6,7.463012805696139,0.125,7,58
3,182,13,3.0,9.799203420724961,0.0,7,58
3,182,14,2.8,9.201602185757375,0.0,7,58
3,182,15,3.0,14.649926218372563,0.0,7,58
3,182,16,2.8,11.060332522853173,0.0,7,58
3,182,17,2.8,11.779174899388066,0.0,7,58
3,182,18,3.0,10.408483642924843,0.0,7,58
3,182,19,2.8,12.46572469589782,0.0,7,58
3,182,20,2.8,9.400532499384612,0.0,7,58
3,182,21,3.0,9.814342871424678,0.0,7,58
3,182,22,2.2,14.69773222435614,0.0,5,58
1,183,1,4.6,8.759994230581103,0.0,7,58
1,183,2,3.6,9.891695156217668,0.0,7,58
1,183,3,3.2,8.589545602532118,0.0,7,58
1,183,4,3.0,15.562371777726282,0.0,7,58
1,183,5,3.0,10.928307578685747,0.0,7,58
1,183,6,3.0,9.055274447314101,0.0,7,58
1,183,7,2.8,13.892983876105653,0.0,7,58
1,183,8,2.8,11.304097275734515,0.0,7,58
1,183,9,2.8,13.942814558648355,0.0,7,58
1,183,10,2.8,14.450949104035942,0.0,7,58
1,183,11,2.8,15.50936031164615,0.0,7,58
1,183,12,2.8,13.332896628378828,0.0,7,58
1,183,13,2.8,15.709243191277361,0.0,7,58
1,183,14,2.8,14.793287411295339,0.0,7,58
1,183,15,2.8,11.051156200444943,0.0,7,58
1,183,16,2.8,13.737177066486433,0.0,7,58
1,183,17,3.0,8.162668135995434,0.0,7,58
1,183,18,3.0,9.419074025640178,0.0,7,58
1,183,19,3.2,10.319964394600905,0.0,7,58
1,183,20,2.8,9.177141213583509,0.0,7,58
1,183,21,2.6,11.744783988380423,0.0,5,58
2,183,1,3.4,11.627251293973837,0.0,7,58
2,183,2,3.2,9.966310331870348,0.0,7,58
2,183,3,3.6,8.758706969647848,0.125,7,58
2,183,4,3.0,8.613197946258813,0.0,7,58
2,183,5,2.8,11.023556626406052,0.0,7,58
2,183,6,2.8,9.570319774872404,0.0,7,58
2,183,7,3.6,9.632244969214472,0.125,7,58
2,183,8,2.8,11.531685626438701,0.0,7,58
2,183,9,2.8,12.747821115539159,0.0,7,58
2,183,10,2.8,10.734236229926545,0.0,7,58
2,183,11,2.8,13.626831242012482,0.0,7,58
2,183,12,2.8,11.18232907635618,0.0,7,58
2,183,13,2.8,12.544589366009529,0.0,7,58
2,183,14,3.0,10.287982358692851,0.0,7,58
2,183,15,3.0,9.483280923353208,0.0,7,58
2,183,16,2.8,10.987679480404648,0.0,7,58
2,183,17,2.8,10.404675921040797,0.0,7,58
2,183,18,2.8,15.049121406328025,0.0,7,58
2,183,19,3.0,8.172717418801717,0.0,7,58
2,183,20,2.8,8.042360062309205,0.0,7,58
2,183,21,2.6,14.131069605098645,0.0,6,58
3,183,1,2.8,11.094661502419294,0.0,7,58
3,183,2,2.8,11.794591965045864,0.0,7,58
3,183,3,3.0,9.571097298876461,0.0,7,58
3,183,4,2.8,10.287227549317835,0.0,7,58
3,183,5,2.8,8.96885179700173,0.0,7,58
3,183,6,2.8,8.996418562779514,0.0,7,58
3,183,7,2.8,11.454607528679745,0.0,7,58
3,183,8,2.8,12.476497981738829,0.0,7,58
3,183,9,2.8,14.28224497827071,0.0,7,58
3,183,10,2.8,10.546150760325844,0.0,7,58
3,183,11,2.8,12.53163119365926,0.0,7,58
3,183,12,3.0,10.539900436036405,0.0,7,58
3,183,13,3.2,8.92656963303224,0.0,7,58
3,183,14,3.0,8.48225322565949,0.0,7,58
3,183,15,2.8,15.510063798650975,0.0,7,58
3,183,16,3.2,9.125144351843055,0.0,7,58
3,183,17,2.8,12.606653948626494,0.0,7,58
3,183,18,3.0,11.303402926390238,0.0,7,58
3,183,19,2.8,13.632729486413492,0.0,7,58
3,183,20,2.8,8.787089537658575,0.0,7,58
3,183,21,2.8,11.494288771009384,0.0,7,58
3,183,22,2.6,12.157296587693214,0.0,6,58
1,184,1,4.6,8.646865242554263,0.0,7,58
1,184,2,3.8,8.629776990881503,0.0,7,58
1,184,3,3.4,7.606560561515594,0.0,7,58
1,184,4,2.8,12.431004802943844,0.0,7,58
1,184,5,3.0,8.822918897232013,0.0,7,58
1,184,6,2.8,11.335519906830163,0.0,7,58
1,184,7,2.8,11.527637569973196,0.0,7,58
1,184,8,2.8,13.040993149900855,0.0,7,58
1,184,9,2.8,13.066090370300948,0.0,7,58
1,184,10,2.8,16.464612858071533,0.0,7,58
1,184,11,2.8,14.397688020267788,0.0,7,58
1,184,12,2.8,11.285395978163095,0.0,7,58
1,184,13,2.8,15.627763202115815,0.0,7,58
1,184,14,2.8,10.909823301337067,0.0,7,58
1,184,15,2.8,12.652151571060882,0.0,7,58
1,184,16,2.8,13.166877836514455,0.0,7,58
1,184,17,3.0,8.129631703131487,0.0,7,58
1,184,18,3.4,8.387659146840045,0.0,7,58
1,184,19,3.2,10.115220400777734,0.0,7,58
1,184,20,2.8,12.497959522138062,0.0,7,58
1,184,21,2.75,8.86075637742968,0.0,4,58
2,184,1,2.8,17.214025412924645,0.0,7,58
2,184,2,2.8,12.49105460326237,0.0,7,58
2,184,3,4.0,7.66967646069023,0.125,7,58
2,184,4,3.0,9.847307157895386,0.0,7,58
2,184,5,2.8,11.069173076536659,0.0,7,58
2,184,6,2.8,9.133614972707267,0.0,7,58
2,184,7,3.2,9.574024128765878,0.0,7,58
2,184,8,3.0,11.612497834953889,0.0,7,58
2,184,9,2.8,13.263739054380165,0.0,7,58
2,184,10,2.8,11.756939277510547,0.0,7,58
2,184,11,2.8,12.118250756155412,0.0,7,58
2,184,12,2.8,13.060595885135209,0.0,7,58
2,184,13,2.8,10.587738974090705,0.0,7,58
2,184,14,2.8,12.254203779144115,0.0,7,58
2,184,15,3.0,9.728802615826769,0.0,7,58
2,184,16,3.0,12.422707173284872,0.0,7,58
2,184,17,2.8,10.571904782262939,0.0,7,58
2,184,18,3.0,11.889849188867373,0.0,7,58
2,184,19,3.0,10.984740013098705,0.0,7,58
2,184,20,2.8,7.849989243901102,0.0,7,58
2,184,21,3.0,10.379005623284913,0.0,7,58
3,184,1,3.6,6.99244988482153,0.0,7,58
3,184,2,3.0,10.509335688646464,0.0,7,58
3,184,3,2.8,12.511614884301615,0.0,7,58
3,184,4,2.8,10.721602261709375,0.0,7,58
3,184,5,3.0,9.051958483059245,0.0,7,58
3,184,6,2.8,8.938407847491103,0.0,7,58
3,184,7,3.0,11.313094394757936,0.0,7,58
3,184,8,3.0,10.14798293887277,0.0,7,58
3,184,9,2.8,11.169766096944093,0.0,7,58
3,184,10,2.8,9.457753825151162,0.0,7,58
3,184,11,3.0,9.85770654550048,0.0,7,58
3,184,12,2.8,12.73692920293175,0.0,7,58
3,184,13,3.0,12.4036286661724,0.0,7,58
3,184,14,2.8,9.546339549913531,0.0,7,58
3,184,15,3.0,10.788557925273096,0.0,7,58
3,184,16,2.8,13.907202735908246,0.0,7,58
3,184,17,3.0,9.72031945243247,0.0,7,58
3,184,18,2.8,10.968172028267606,0.0,7,58
3,184,19,2.8,12.344862103215842,0.0,7,58
3,184,20,2.8,8.077526346210727,0.0,7,58
3,184,21,2.8,10.335899820136913,0.0,7,58
3,184,22,2.25,12.708455660868188,0.0,4,58
1,185,1,4.6,8.941978717947924,0.0,7,58
1,185,2,3.6,10.297369112829362,0.0,7,58
1,185,3,3.2,7.954587916221534,0.0,7,58
1,185,4,3.0,12.981034776441776,0.0,7,58
1,185,5,3.0,9.483616296658482,0.0,7,58
1,185,6,2.8,9.29730049618625,0.0,7,58
1,185,7,2.8,14.132043946888954,0.0,7,58
1,185,8,2.8,10.62793355865192,0.0,7,58
1,185,9,2.8,15.978408322415632,0.0,7,58
1,185,10,2.8,11.672469527510374,0.0,7,58
1,185,11,2.8,14.47016255277056,0.0,7,58
1,185,12,2.8,12.50517867035007,0.0,7,58
1,185,13,2.8,13.84146633616713,0.0,7,58
1,185,14,3.0,12.572273968837544,0.0,7,58
1,185,15,3.0,11.306850150732352,0.0,7,58
1,185,16,2.8,12.339707379420839,0.0,7,58
1,185,17,3.0,8.243298165548039,0.0,7,58
1,185,18,3.2,8.910116532015858,0.0,7,58
1,185,19,2.8,14.617472374516648,0.0,7,58
1,185,20,3.2,9.261531816526473,0.0,7,58
1,185,21,2.75,9.877430319667438,0.0,4,58
2,185,1,2.8,14.34703661994542,0.0,7,58
2,185,2,2.8,10.699254782735782,0.0,7,58
2,185,3,4.2,7.9339192975187895,0.125,7,58
2,185,4,2.8,13.162704393993655,0.0,7,58
2,185,5,2.8,10.757660214095745,0.0,7,58
2,185,6,2.8,10.032549954552337,0.0,7,58
2,185,7,3.4,8.908407040561604,0.0,7,58
2,185,8,2.8,11.369255527366533,0.0,7,58
2,185,9,2.8,13.648523942477665,0.0,7,58
2,185,10,2.8,10.559353534019486,0.0,7,58
2,185,11,3.0,9.706142449518339,0.0,7,58
2,185,12,2.8,10.522277599964148,0.0,7,58
2,185,13,2.8,12.058813490665607,0.0,7,58
2,185,14,2.8,10.754640206176727,0.0,7,58
2,185,15,3.0,9.355839111398602,0.0,7,58
2,185,16,3.0,12.485533031275983,0.0,7,58
2,185,17,2.8,10.691314061411004,0.0,7,58
2,185,18,3.6,9.592360307722984,0.125,7,58
2,185,19,3.0,9.743690266426047,0.0,7,58
2,185,20,2.8,9.36308996324791,0.0,7,58
2,185,21,2.4,11.940138074714252,0.0,5,58
3,185,1,3.4,8.177026568868984,0.0,7,58
3,185,2,3.2,9.95006479388323,0.0,7,58
3,185,3,3.0,10.747831485342951,0.0,7,58
3,185,4,2.8,8.985396548945054,0.0,7,58
3,185,5,3.4,7.38435743609747,0.0,7,58
3,185,6,2.8,11.890877996924386,0.0,7,58
3,185,7,3.0,11.767630700953147,0.0,7,58
3,185,8,3.0,9.89388053700097,0.0,7,58
3,185,9,2.8,12.38715777468038,0.0,7,58
3,185,10,2.8,13.039095870875023,0.0,7,58
3,185,11,3.2,9.251366553461944,0.0,7,58
3,185,12,2.8,9.768606592660424,0.0,7,58
3,185,13,3.0,11.933638450490637,0.0,7,58
3,185,14,2.8,10.86905480828159,0.0,7,58
3,185,15,3.0,9.121486607948547,0.0,7,58
3,185,16,2.8,16.62401380757206,0.0,7,58
3,185,17,2.8,9.632112486581324,0.0,7,58
3,185,18,3.0,11.619671661325429,0.0,7,58
3,185,19,2.8,9.819093332137488,0.0,7,58
3,185,20,2.8,8.637520830163025,0.0,7,58
3,185,21,2.8,9.403371769456378,0.0,7,58
1,186,1,4.4,7.8150316528915145,0.0,7,58
1,186,2,3.8,10.127399906696558,0.0,7,58
1,186,3,3.2,7.769968102227667,0.0,7,58
1,186,4,3.0,11.880551952265002,0.0,7,58
1,186,5,3.0,9.604539428586056,0.0,7,58
1,186,6,2.8,8.808074816235367,0.0,7,58
1,186,7,2.8,13.682805366476959,0.0,7,58
1,186,8,2.8,11.263624239403896,0.0,7,58
1,186,9,2.8,20.487238960454594,0.0,7,58
1,186,10,2.8,12.469538592940705,0.0,7,58
1,186,11,2.8,15.593491399521968,0.0,7,58
1,186,12,2.8,12.743179847455856,0.0,7,58
1,186,13,2.8,14.200255930949508,0.0,7,58
1,186,14,3.0,11.515196651573092,0.0,7,58
1,186,15,2.8,16.542077618977164,0.0,7,58
1,186,16,2.8,13.705932466734016,0.0,7,58
1,186,17,3.0,9.113190149218392,0.0,7,58
1,186,18,3.0,10.86223667004983,0.0,7,58
1,186,19,3.2,9.945262397540997,0.0,7,58
1,186,20,3.0,9.76687346079747,0.0,7,58
1,186,21,2.4,12.25476529153024,0.0,6,58
2,186,1,3.0,13.348342671427611,0.0,7,58
2,186,2,2.8,10.444938954851022,0.0,7,58
2,186,3,3.6,8.667773545396939,0.125,7,58
2,186,4,2.8,12.706655632699926,0.0,7,58
2,186,5,2.8,10.61425582969116,0.0,7,58
2,186,6,2.8,9.828361105230504,0.0,7,58
2,186,7,3.2,12.440537307689311,0.0,7,58
2,186,8,2.8,11.680767429916393,0.0,7,58
2,186,9,2.8,12.008108066401011,0.0,7,58
2,186,10,2.8,10.366931461545114,0.0,7,58
2,186,11,2.8,10.042303431850982,0.0,7,58
2,186,12,2.8,14.526169189927353,0.0,7,58
2,186,13,2.8,10.33865316943524,0.0,7,58
2,186,14,2.8,12.095611337282032,0.0,7,58
2,186,15,3.0,8.385198025641568,0.0,7,58
2,186,16,2.8,14.380046290997608,0.0,7,58
2,186,17,2.8,12.167946324255116,0.0,7,58
2,186,18,2.8,11.127768881567771,0.0,7,58
2,186,19,3.0,9.819440438099841,0.0,7,58
2,186,20,2.8,9.849768480249876,0.0,7,58
2,186,21,3.0,9.630110575895346,0.0,7,58
3,186,1,3.0,8.984776127899254,0.0,7,58
3,186,2,2.8,11.644624838992724,0.0,7,58
3,186,3,2.8,12.186223797610078,0.0,7,58
3,186,4,2.8,10.356908081599341,0.0,7,58
3,186,5,2.8,9.512900007993315,0.0,7,58
3,186,6,2.8,10.128716337527706,0.0,7,58
3,186,7,3.0,10.542993435266585,0.0,7,58
3,186,8,2.8,11.264020303010422,0.0,7,58
3,186,9,2.8,16.646307250608253,0.0,7,58
3,186,10,2.8,10.457541368950189,0.0,7,58
3,186,11,2.8,11.432578586614307,0.0,7,58
3,186,12,3.6,8.547743723383084,0.125,7,58
3,186,13,2.8,11.34388836972257,0.0,7,58
3,186,14,2.8,10.625806854646221,0.0,7,58
3,186,15,2.8,14.535872675428486,0.0,7,58
3,186,16,2.8,9.049664398265756,0.0,7,58
3,186,17,2.8,14.366208276841716,0.0,7,58
3,186,18,2.8,12.087194964799854,0.0,7,58
3,186,19,2.8,10.646789242118913,0.0,7,58
3,186,20,2.8,9.436826159462587,0.0,7,58
3,186,21,2.8,10.239406882435693,0.0,7,58
3,186,22,2.8,10.605825340021358,0.0,7,58
1,187,1,4.6,7.340729079593061,0.0,7,58
1,187,2,3.6,9.113764722361386,0.0,7,58
1,187,3,3.6,8.074571120106345,0.0,7,58
1,187,4,2.8,12.855309294317093,0.0,7,58
1,187,5,3.2,7.713966454821568,0.0,7,58
1,187,6,3.0,8.987689786687845,0.0,7,58
1,187,7,2.8,9.777431009260201,0.0,7,58
1,187,8,2.8,14.021775329260729,0.0,7,58
1,187,9,2.8,11.862374419463793,0.0,7,58
1,187,10,2.8,14.745764209693718,0.0,7,58
1,187,11,2.8,15.76917040366657,0.0,7,58
1,187,12,2.8,10.497150995513195,0.0,7,58
1,187,13,2.8,14.521282059165951,0.0,7,58
1,187,14,2.8,14.44911673685277,0.0,7,58
1,187,15,3.0,10.939680432244929,0.0,7,58
1,187,16,2.8,13.091059678617055,0.0,7,58
1,187,17,3.0,9.533256058640141,0.0,7,58
1,187,18,3.2,8.484102773495291,0.0,7,58
1,187,19,2.8,13.563449579587557,0.0,7,58
1,187,20,3.0,10.084917501924929,0.0,7,58
1,187,21,2.5,11.37800465262287,0.0,4,58
2,187,1,4.0,10.498139179216503,0.0,7,58
2,187,2,4.2,8.607005930661035,0.0,7,58
2,187,3,3.4,9.544088645001166,0.0,7,58
2,187,4,3.0,10.16159341279499,0.0,7,58
2,187,5,2.8,10.249099757196744,0.0,7,58
2,187,6,3.0,12.825943277749133,0.0,7,58
2,187,7,3.4,9.25367604150021,0.0,7,58
2,187,8,2.8,12.37248059637003,0.0,7,58
2,187,9,2.8,11.36900356895349,0.0,7,58
2,187,10,2.8,9.832428537504253,0.0,7,58
2,187,11,2.8,14.630413401924285,0.0,7,58
2,187,12,2.8,12.75312131404403,0.0,7,58
2,187,13,2.8,12.967553737621829,0.0,7,58
2,187,14,3.0,9.30356959500847,0.0,7,58
2,187,15,3.0,11.589592826488964,0.0,7,58
2,187,16,2.8,11.100941641978523,0.0,7,58
2,187,17,2.8,11.995588714823281,0.0,7,58
2,187,18,3.2,10.211537256734996,0.0,7,58
2,187,19,2.8,7.624177529693068,0.0,7,58
2,187,20,3.0,9.445468457031373,0.0,7,58
3,187,1,2.8,9.781617041364699,0.0,7,58
3,187,2,2.8,10.589716237447748,0.0,7,58
3,187,3,2.8,10.01311841573931,0.0,7,58
3,187,4,2.8,9.808459246119979,0.0,7,58
3,187,5,2.8,9.4637053550577,0.0,7,58
3,187,6,2.8,11.677893381274174,0.0,7,58
3,187,7,2.8,9.524091257934716,0.0,7,58
3,187,8,2.8,11.852240485396775,0.0,7,58
3,187,9,3.0,13.29202471416973,0.0,7,58
3,187,10,2.8,10.491876812488677,0.0,7,58
3,187,11,2.8,10.489793766434508,0.0,7,58
3,187,12,3.0,12.950123063483149,0.0,7,58
3,187,13,3.0,8.945718987733445,0.0,7,58
3,187,14,3.0,9.510822092030276,0.0,7,58
3,187,15,2.8,16.114358719000627,0.0,7,58
3,187,16,3.0,10.087650324818346,0.0,7,58
3,187,17,2.8,13.335107549687335,0.0,7,58
3,187,18,2.8,10.552611238405138,0.0,7,58
3,187,19,2.8,10.936884469385875,0.0,7,58
3,187,20,2.8,10.593155638336086,0.0,7,58
3,187,21,2.8,9.80913335678981,0.0,7,58
3,187,22,3.2,9.802332498036801,0.0,7,58
1,188,1,4.6,8.100553983382067,0.0,7,58
1,188,2,3.8,8.729791338172094,0.0,7,58
1,188,3,3.4,8.032406157359887,0.0,7,58
1,188,4,3.2,10.162567722485555,0.0,7,58
1,188,5,3.2,9.486936544237219,0.0,7,58
1,188,6,2.8,9.458347885988958,0.0,7,58
1,188,7,2.8,12.166515465887082,0.0,7,58
1,188,8,2.8,11.336385086954863,0.0,7,58
1,188,9,2.8,11.44114175702125,0.0,7,58
1,188,10,2.8,15.186794387937123,0.0,7,58
1,188,11,2.8,19.450192134004883,0.0,7,58
1,188,12,2.8,10.269196024906186,0.0,7,58
1,188,13,2.8,14.441748748410257,0.0,7,58
1,188,14,2.8,12.197760071576148,0.0,7,58
1,188,15,2.8,12.802418938093897,0.0,7,58
1,188,16,2.8,11.854878751877981,0.0,7,58
1,188,17,3.2,8.964735109725305,0.0,7,58
1,188,18,3.0,8.275393255624518,0.0,7,58
1,188,19,3.2,8.729467670232365,0.0,7,58
1,188,20,3.0,8.772861194149295,0.0,7,58
2,188,1,3.0,16.171937582728066,0.0,7,58
2,188,2,3.0,10.745257407154094,0.0,7,58
2,188,3,3.2,11.199474745451488,0.0,7,58
2,188,4,3.2,9.406078539319576,0.0,7,58
2,188,5,2.8,9.179908836320555,0.0,7,58
2,188,6,2.8,10.966901962185398,0.0,7,58
2,188,7,3.0,11.301568367167565,0.0,7,58
2,188,8,2.8,10.049394673338519,0.0,7,58
2,188,9,3.0,10.507506410877099,0.0,7,58
2,188,10,2.8,13.139178013536027,0.0,7,58
2,188,11,2.8,13.3988780056812,0.0,7,58
2,188,12,2.8,12.395656924806447,0.0,7,58
2,188,13,2.8,11.282929154896383,0.0,7,58
2,188,14,3.0,11.362937649324909,0.0,7,58
2,188,15,3.0,8.72323427739309,0.0,7,58
2,188,16,3.0,11.186736256969708,0.0,7,58
2,188,17,2.8,14.062004634961168,0.0,7,58
2,188,18,2.8,12.76570941353572,0.0,7,58
2,188,19,3.2,11.392399119763898,0.0,7,58
2,188,20,2.8,7.444072973906719,0.0,7,58
2,188,21,3.0,10.87514586030178,0.0,7,58
3,188,1,3.6,7.479891394517029,0.0,7,58
3,188,2,3.4,9.392238027045094,0.0,7,58
3,188,3,3.0,12.771044966070797,0.0,7,58
3,188,4,3.0,7.3275446263370005,0.0,7,58
3,188,5,2.8,9.893685510999559,0.0,7,58
3,188,6,2.8,10.255858954608811,0.0,7,58
3,188,7,3.0,13.18865155694404,0.0,7,58
3,188,8,2.8,9.825917246014809,0.0,7,58
3,188,9,2.8,16.66832831934208,0.0,7,58
3,188,10,3.0,11.931545940690231,0.0,7,58
3,188,11,3.0,9.529731554259332,0.0,7,58
3,188,12,3.0,10.152743015893902,0.0,7,58
3,188,13,3.0,12.649392026040626,0.0,7,58
3,188,14,2.8,15.456072213461226,0.0,7,58
3,188,15,3.0,9.872384457447364,0.0,7,58
3,188,16,2.8,18.371757037860245,0.0,7,58
3,188,17,2.8,10.437564754362336,0.0,7,58
3,188,18,2.8,13.264510180227369,0.0,7,58
3,188,19,2.8,11.355378230687995,0.0,7,58
3,188,20,2.8,8.393748319969545,0.0,7,58
3,188,21,3.0,8.833294225074917,0.0,7,58
1,189,1,4.4,8.58308643995939,0.0,7,58
1,189,2,3.8,10.627498853114783,0.0,7,58
1,189,3,3.4,8.26759579982126,0.0,7,58
1,189,4,2.8,15.575215838076298,0.0,7,58
1,189,5,3.0,10.564295387718909,0.0,7,58
1,189,6,2.8,11.65242153877965,0.0,7,58
1,189,7,2.8,16.00926423066775,0.0,7,58
1,189,8,2.8,10.83819881214732,0.0,7,58
1,189,9,2.8,16.686326589944635,0.0,7,58
1,189,10,2.8,9.154481201300934,0.0,7,58
1,189,11,2.8,17.91088189536038,0.0,7,58
1,189,12,2.8,13.985313069387509,0.0,7,58
1,189,13,2.8,12.703476992842019,0.0,7,58
1,189,14,2.8,13.104082667325008,0.0,7,58
1,189,15,2.8,10.531393117804795,0.0,7,58
1,189,16,2.8,14.456926478732441,0.0,7,58
1,189,17,2.8,8.798007953792617,0.0,7,58
1,189,18,3.0,10.511740208743685,0.0,7,58
1,189,19,3.2,9.019162652796526,0.0,7,58
1,189,20,2.8,12.273377852740246,0.0,7,58
1,189,21,3.0,8.865603739537619,0.0,6,58
2,189,1,2.8,16.25336890918075,0.0,7,58
2,189,2,3.0,10.835479885434879,0.0,7,58
2,189,3,3.4,10.423867870738773,0.0,7,58
2,189,4,3.4,9.253071854993344,0.0,7,58
2,189,5,3.0,10.233030858403367,0.0,7,58
2,189,6,2.8,9.63908161537255,0.0,7,58
2,189,7,3.4,9.901252050009266,0.0,7,58
2,189,8,3.2,9.414054462145687,0.0,7,58
2,189,9,2.8,14.91135789426225,0.0,7,58
2,189,10,2.8,8.950657145538193,0.0,7,58
2,189,11,2.8,14.22691410399044,0.0,7,58
2,189,12,2.8,11.342351094696305,0.0,7,58
2,189,13,2.8,14.96804642159446,0.0,7,58
2,189,14,2.8,10.674149356590748,0.0,7,58
2,189,15,3.0,9.889554900469031,0.0,7,58
2,189,16,2.8,13.312388013670965,0.0,7,58
2,189,17,2.8,10.082164081191186,0.0,7,58
2,189,18,2.8,13.81626386414078,0.0,7,58
2,189,19,3.0,8.881911820226039,0.0,7,58
2,189,20,2.8,8.396435232928642,0.0,7,58
2,189,21,3.0,10.319482679441077,0.0,7,58
3,189,1,2.8,9.3480534160576,0.0,7,58
3,189,2,2.8,11.886279830596424,0.0,7,58
3,189,3,2.8,12.188095579533568,0.0,7,58
3,189,4,2.8,11.068782647270995,0.0,7,58
3,189,5,2.8,10.396767419561105,0.0,7,58
3,189,6,3.0,8.998449245030441,0.0,7,58
3,189,7,3.0,11.387039645790585,0.0,7,58
3,189,8,2.8,11.606015132157838,0.0,7,58
3,189,9,2.8,16.646307250608253,0.0,7,58
3,189,10,2.8,10.751677797636722,0.0,7,58
3,189,11,2.8,11.694906926726132,0.0,7,58
3,189,12,3.2,10.414480643311595,0.0,7,58
3,189,13,3.2,9.191516323638883,0.0,7,58
3,189,14,2.8,9.807902892381126,0.0,7,58
3,189,15,2.8,17.63787475210668,0.0,7,58
3,189,16,3.0,10.260406164842585,0.0,7,58
3,189,17,2.8,15.517225626053136,0.0,7,58
3,189,18,3.2,9.275541666937409,0.0,7,58
3,189,19,2.8,13.050924947658615,0.0,7,58
3,189,20,2.8,9.415003412531957,0.0,7,58
3,189,21,3.0,11.623581864849482,0.0,7,58
3,189,22,2.2,16.089681041735695,0.0,5,58
1,190,1,4.4,7.825179968328268,0.0,7,58
1,190,2,3.6,10.249049469875894,0.0,7,58
1,190,3,3.2,8.34574850732557,0.0,7,58
1,190,4,3.4,10.177901559732664,0.0,7,58
1,190,5,3.2,7.844510121801694,0.0,7,58
1,190,6,2.8,9.343442985703836,0.0,7,58
1,190,7,2.8,15.532325275083673,0.0,7,58
1,190,8,2.8,10.701227353665361,0.0,7,58
1,190,9,2.8,11.776071373668785,0.0,7,58
1,190,10,2.8,11.249186261907377,0.0,7,58
1,190,11,2.8,16.24024120801344,0.0,7,58
1,190,12,2.8,10.406076372659467,0.0,7,58
1,190,13,2.8,21.80685048763296,0.0,7,58
1,190,14,3.0,16.003864478572154,0.0,7,58
1,190,15,2.8,11.517360263186397,0.0,7,58
1,190,16,2.8,11.028184266539453,0.0,7,58
1,190,17,3.2,8.725403530717594,0.0,7,58
1,190,18,2.8,9.62903433999116,0.0,7,58
1,190,19,2.8,16.589281232906394,0.0,7,58
1,190,20,2.8,10.254720445495394,0.0,7,58
1,190,21,2.6,12.57830171491457,0.0,6,58
2,190,1,3.0,14.91033535756161,0.0,7,58
2,190,2,2.8,11.169805602343434,0.0,7,58
2,190,3,3.8,8.42871917768156,0.125,7,58
2,190,4,2.8,10.395488697943891,0.0,7,58
2,190,5,2.8,13.259849190682877,0.0,7,58
2,190,6,2.8,10.015116961726589,0.0,7,58
2,190,7,3.2,10.104730141559267,0.0,7,58
2,190,8,3.2,10.156092335209067,0.0,7,58
2,190,9,2.8,13.409137518238476,0.0,7,58
2,190,10,2.8,11.115902064383413,0.0,7,58
2,190,11,2.8,12.118250756155467,0.0,7,58
2,190,12,2.8,11.257605964587762,0.0,7,58
2,190,13,2.8,11.066681782735497,0.0,7,58
2,190,14,2.8,12.378207830021372,0.0,7,58
2,190,15,3.0,9.342422093588599,0.0,7,58
2,190,16,2.8,12.52889554526777,0.0,7,58
2,190,17,2.8,12.69064377998415,0.0,7,58
2,190,18,2.8,11.691948650395503,0.0,7,58
2,190,19,3.2,10.88549437322186,0.0,7,58
2,190,20,2.8,7.7555755141014675,0.0,7,58
2,190,21,3.0,9.610585260776077,0.0,7,58
3,190,1,3.0,9.758927933462278,0.0,7,58
3,190,2,2.8,13.645007087532154,0.0,7,58
3,190,3,2.8,9.850604766581718,0.0,7,58
3,190,4,2.8,8.418204176090601,0.0,7,58
3,190,5,2.8,10.638039715920403,0.0,7,58
3,190,6,2.8,8.311760538206702,0.0,7,58
3,190,7,2.8,11.454607528679942,0.0,7,58
3,190,8,2.8,12.325637207715465,0.0,7,58
3,190,9,3.0,13.520727576561516,0.0,7,58
3,190,10,2.8,12.04309706910263,0.0,7,58
3,190,11,2.8,11.475479648118213,0.0,7,58
3,190,12,3.2,11.533953788468652,0.0,7,58
3,190,13,3.2,10.574031894956434,0.0,7,58
3,190,14,2.8,9.329171179621948,0.0,7,58
3,190,15,2.8,15.073228103977218,0.0,7,58
3,190,16,3.2,9.836464249735783,0.0,7,58
3,190,17,2.8,10.223668753066297,0.0,7,58
3,190,18,3.0,9.488108343243015,0.0,7,58
3,190,19,2.8,14.268827593634521,0.0,7,58
3,190,20,2.8,9.729527960572701,0.0,7,58
3,190,21,2.8,9.972024505674813,0.0,7,58
3,190,22,2.4,14.425465043912048,0.0,6,58
1,191,1,4.4,8.322303836707295,0.0,7,58
1,191,2,3.6,11.656669002532364,0.0,7,58
1,191,3,3.2,9.298742386351591,0.0,7,58
1,191,4,3.4,10.68312497253236,0.0,7,58
1,191,5,3.0,8.733410642315542,0.0,7,58
1,191,6,2.8,10.904750021175527,0.0,7,58
1,191,7,2.8,11.18528298045647,0.0,7,58
1,191,8,2.8,11.055237844287433,0.0,7,58
1,191,9,2.8,14.690608240373649,0.0,7,58
1,191,10,2.8,18.428289825471847,0.0,7,58
1,191,11,2.8,13.804025149838097,0.0,7,58
1,191,12,2.8,10.97703322001498,0.0,7,58
1,191,13,2.8,16.80442928603818,0.0,7,58
1,191,14,2.8,13.470535413194046,0.0,7,58
1,191,15,2.8,11.559952434500923,0.0,7,58
1,191,16,2.8,12.83046290791065,0.0,7,58
1,191,17,3.0,8.00011750967955,0.0,7,58
1,191,18,3.0,8.917294756034352,0.0,7,58
1,191,19,3.2,11.202472712054444,0.0,7,58
1,191,20,3.0,9.475089532869347,0.0,7,58
1,191,21,2.4,11.63933967377062,0.0,5,58
2,191,1,2.8,17.920139475868655,0.0,7,58
2,191,2,3.0,9.825835081822714,0.0,7,58
2,191,3,3.6,9.202485057070506,0.125,7,58
2,191,4,2.8,11.11351282949825,0.0,7,58
2,191,5,2.8,10.707164669568138,0.0,7,58
2,191,6,2.8,11.114294588701075,0.0,7,58
2,191,7,3.2,12.672526555823763,0.0,7,58
2,191,8,3.0,9.818126660186087,0.0,7,58
2,191,9,2.8,13.04811542016253,0.0,7,58
2,191,10,2.8,12.09945645561526,0.0,7,58
2,191,11,3.0,10.409424702270414,0.0,7,58
2,191,12,2.8,16.30308941824686,0.0,7,58
2,191,13,2.8,10.599592007445736,0.0,7,58
2,191,14,2.8,12.836266420081337,0.0,7,58
2,191,15,3.0,8.811204124832031,0.0,7,58
2,191,16,3.0,13.132335493333256,0.0,7,58
2,191,17,2.8,11.519435996362104,0.0,7,58
2,191,18,2.8,14.913527091226937,0.0,7,58
2,191,19,3.2,9.819421494288761,0.0,7,58
2,191,20,2.8,7.275817569028701,0.0,7,58
2,191,21,3.0,10.519746243344887,0.0,7,58
3,191,1,3.2,9.136782323143496,0.0,7,58
3,191,2,2.8,11.60657170415314,0.0,7,58
3,191,3,2.8,11.77908419205737,0.0,7,58
3,191,4,2.8,8.872874932418695,0.0,7,58
3,191,5,2.8,12.571860387624445,0.0,7,58
3,191,6,2.8,8.369792315653573,0.0,7,58
3,191,7,2.8,9.393002573705042,0.0,7,58
3,191,8,2.8,9.556763014351628,0.0,7,58
3,191,9,2.8,13.639393424991614,0.0,7,58
3,191,10,2.8,11.564883659762213,0.0,7,58
3,191,11,2.8,12.986135221590908,0.0,7,58
3,191,12,3.0,14.116285747225433,0.0,7,58
3,191,13,3.4,8.249272583417044,0.0,7,58
3,191,14,2.8,9.134114622300435,0.0,7,58
3,191,15,2.8,14.675385334046767,0.0,7,58
3,191,16,3.0,10.417696399044386,0.0,7,58
3,191,17,2.8,12.818019272223163,0.0,7,58
3,191,18,2.8,11.309477351451267,0.0,7,58
3,191,19,2.8,11.867438658902598,0.0,7,58
3,191,20,2.8,10.395028857991608,0.0,7,58
3,191,21,2.8,9.421862618207347,0.0,7,58
3,191,22,2.8,9.892437362481235,0.0,6,58
1,192,1,4.6,8.452799829960256,0.0,7,58
1,192,2,3.8,9.793910158573754,0.0,7,58
1,192,3,3.4,9.031619610370392,0.0,7,58
1,192,4,3.0,13.363831446171943,0.0,7,58
1,192,5,3.0,9.371427829941009,0.0,7,58
1,192,6,2.8,9.895812606366686,0.0,7,58
1,192,7,2.8,10.31912584580773,0.0,7,58
1,192,8,2.8,11.813063759813671,0.0,7,58
1,192,9,2.8,12.058856580800654,0.0,7,58
1,192,10,2.8,12.536316943062488,0.0,7,58
1,192,11,2.8,16.109991153456054,0.0,7,58
1,192,12,2.8,10.388137564601829,0.0,7,58
1,192,13,2.8,20.473263327651274,0.0,7,58
1,192,14,2.8,12.162160490149814,0.0,7,58
1,192,15,3.2,10.163587234660378,0.0,7,58
1,192,16,2.8,13.471514831454758,0.0,7,58
1,192,17,3.0,8.886558007974827,0.0,7,58
1,192,18,3.2,9.044384552208037,0.0,7,58
1,192,19,3.2,9.003360444346518,0.0,7,58
1,192,20,3.0,8.942097244285053,0.0,7,58
2,192,1,3.6,10.454085550416103,0.0,7,58
2,192,2,3.6,8.532550456001314,0.0,7,58
2,192,3,3.4,10.585213564009932,0.0,7,58
2,192,4,3.0,10.048777285370099,0.0,7,58
2,192,5,2.8,12.013397378695483,0.0,7,58
2,192,6,3.0,10.851409000839045,0.0,7,58
2,192,7,3.4,9.231915574248045,0.0,7,58
2,192,8,3.0,12.116210445471593,0.0,7,58
2,192,9,2.8,12.38926718752059,0.0,7,58
2,192,10,2.8,8.979277374731938,0.0,7,58
2,192,11,2.8,14.016902554084416,0.0,7,58
2,192,12,2.8,12.033354219685945,0.0,7,58
2,192,13,2.8,12.376027256109406,0.0,7,58
2,192,14,2.8,9.69486443569476,0.0,7,58
2,192,15,3.2,8.895252359627555,0.0,7,58
2,192,16,2.8,14.27902873105449,0.0,7,58
2,192,17,2.8,12.903696139323243,0.0,7,58
2,192,18,3.0,10.694171112320275,0.0,7,58
2,192,19,3.0,8.168012103872483,0.0,7,58
2,192,20,3.0,9.327612168703693,0.0,7,58
2,192,21,2.0,17.981985892805195,0.0,4,58
3,192,1,2.8,10.257354121710097,0.0,7,58
3,192,2,2.8,12.417182227102758,0.0,7,58
3,192,3,2.8,10.566700099252264,0.0,7,58
3,192,4,2.8,10.409429859127963,0.0,7,58
3,192,5,2.8,10.896903513950601,0.0,7,58
3,192,6,2.8,10.441791640054898,0.0,7,58
3,192,7,2.8,10.156737243704985,0.0,7,58
3,192,8,2.8,12.48109394566692,0.0,7,58
3,192,9,3.0,10.899564792395838,0.0,7,58
3,192,10,2.8,11.900483993442776,0.0,7,58
3,192,11,3.0,12.355646976294612,0.0,7,58
3,192,12,3.0,13.375383478042325,0.0,7,58
3,192,13,3.4,7.9079593998826985,0.0,7,58
3,192,14,2.8,9.473676762013271,0.0,7,58
3,192,15,2.8,17.84370743727904,0.0,7,58
3,192,16,3.0,10.998444302117598,0.0,7,58
3,192,17,2.8,14.948344617618286,0.0,7,58
3,192,18,2.8,10.925623957543326,0.0,7,58
3,192,19,2.8,14.44627441517061,0.0,7,58
3,192,20,2.8,9.748830533881161,0.0,7,58
3,192,21,2.8,10.918884091269499,0.0,7,58
3,192,22,2.8,12.788206931354278,0.0,6,58
1,193,1,4.6,9.257948168420096,0.0,7,58
1,193,2,4.2,8.203491119119244,0.0,7,58
1,193,3,3.2,7.551266208509036,0.0,7,58
1,193,4,3.0,11.818601726271515,0.0,7,58
1,193,5,3.0,9.601585418651329,0.0,7,58
1,193,6,2.8,10.782965177560385,0.0,7,58
1,193,7,2.8,10.735455975315965,0.0,7,58
1,193,8,2.8,12.329163027517069,0.0,7,58
1,193,9,2.8,10.213691632219788,0.0,7,58
1,193,10,2.8,16.213748185043837,0.0,7,58
1,193,11,2.8,15.211871223634486,0.0,7,58
1,193,12,2.8,9.640670020404745,0.0,7,58
1,193,13,2.8,15.452183514073894,0.0,7,58
1,193,14,2.8,13.359951015536382,0.0,7,58
1,193,15,2.8,12.242734202163124,0.0,7,58
1,193,16,2.8,11.534818952727935,0.0,7,58
1,193,17,3.0,9.016316332508431,0.0,7,58
1,193,18,3.0,9.518260619438422,0.0,7,58
1,193,19,3.2,9.754979296838837,0.0,7,58
1,193,20,3.0,10.051274683694702,0.0,7,58
1,193,21,2.5,10.177024509893233,0.0,4,58
2,193,1,3.0,12.89795029712042,0.0,7,58
2,193,2,3.0,9.877576153375896,0.0,7,58
2,193,3,3.4,9.088090235173379,0.0,7,58
2,193,4,3.2,10.057615325671847,0.0,7,58
2,193,5,2.8,13.338348630700372,0.0,7,58
2,193,6,2.8,10.774878209416997,0.0,7,58
2,193,7,3.2,10.029312633116836,0.0,7,58
2,193,8,2.8,11.761626494665238,0.0,7,58
2,193,9,2.8,10.99116764455833,0.0,7,58
2,193,10,2.8,10.572905285941358,0.0,7,58
2,193,11,2.8,13.233793070250211,0.0,7,58
2,193,12,2.8,12.632677426573848,0.0,7,58
2,193,13,2.8,12.532650966610275,0.0,7,58
2,193,14,2.8,11.07046739798528,0.0,7,58
2,193,15,3.0,8.422901810753324,0.0,7,58
2,193,16,2.8,12.268330529381311,0.0,7,58
2,193,17,2.8,11.285196394552903,0.0,7,58
2,193,18,2.8,13.129822029962195,0.0,7,58
2,193,19,3.2,9.494028126010344,0.0,7,58
2,193,20,2.8,7.83637063000925,0.0,7,58
2,193,21,3.0,10.194159813616903,0.0,7,58
3,193,1,3.6,7.8243765695711645,0.0,7,58
3,193,2,3.2,10.574648982323543,0.0,7,58
3,193,3,3.2,10.371258628598323,0.0,7,58
3,193,4,3.0,8.829703787976497,0.0,7,58
3,193,5,3.2,9.056274588334922,0.0,7,58
3,193,6,2.8,9.179025253209575,0.0,7,58
3,193,7,3.0,14.123664806847808,0.0,7,58
3,193,8,2.8,13.434809942996813,0.0,7,58
3,193,9,2.8,11.712133097846783,0.0,7,58
3,193,10,2.8,14.287308954100448,0.0,7,58
3,193,11,3.2,9.764123151431695,0.0,7,58
3,193,12,3.2,8.789690283267436,0.0,7,58
3,193,13,3.0,9.172003858707747,0.0,7,58
3,193,14,2.8,12.391213256300315,0.0,7,58
3,193,15,3.2,8.735931325538495,0.0,7,58
3,193,16,2.8,13.51186844029818,0.0,7,58
3,193,17,2.8,12.441663956911446,0.0,7,58
3,193,18,2.8,12.375305072371127,0.0,7,58
3,193,19,2.8,10.187332621115123,0.0,7,58
3,193,20,2.8,9.273695619108652,0.0,7,58
3,193,21,3.2,9.075099108031017,0.0,7,58
1,194,1,4.2,8.542798552686794,0.0,7,58
1,194,2,3.6,9.614216345584818,0.0,7,58
1,194,3,3.4,7.667548526101392,0.0,7,58
1,194,4,3.0,11.968201805853411,0.0,7,58
1,194,5,3.2,9.835235911542545,0.0,7,58
1,194,6,2.8,11.720412191339332,0.0,7,58
1,194,7,2.8,13.408789250859355,0.0,7,58
1,194,8,2.8,10.684465221098318,0.0,7,58
1,194,9,2.8,14.241360735903136,0.0,7,58
1,194,10,2.8,14.338812782538884,0.0,7,58
1,194,11,2.8,15.433740456345674,0.0,7,58
1,194,12,2.8,14.883396038935642,0.0,7,58
1,194,13,2.8,11.715572428625235,0.0,7,58
1,194,14,3.0,10.62209081486089,0.0,7,58
1,194,15,3.0,11.545138243480437,0.0,7,58
1,194,16,2.8,14.473659038358644,0.0,7,58
1,194,17,3.0,7.598820644270967,0.0,7,58
1,194,18,2.8,11.187448030104479,0.0,7,58
1,194,19,3.2,9.372912741676448,0.0,7,58
1,194,20,2.8,9.362499260668107,0.0,7,58
1,194,21,2.6,10.496821420001055,0.0,5,58
2,194,1,2.8,15.016307550884791,0.0,7,58
2,194,2,3.0,11.379819956184598,0.0,7,58
2,194,3,3.4,10.75377002185962,0.0,7,58
2,194,4,3.2,8.456668602748111,0.0,7,58
2,194,5,3.0,10.08780854002218,0.0,7,58
2,194,6,2.8,10.812976952043405,0.0,7,58
2,194,7,3.2,9.68009476321024,0.0,7,58
2,194,8,3.0,12.41387099142882,0.0,7,58
2,194,9,2.8,13.00981571359339,0.0,7,58
2,194,10,2.8,11.09573587590077,0.0,7,58
2,194,11,2.8,12.413395305123332,0.0,7,58
2,194,12,2.8,13.552586832487178,0.0,7,58
2,194,13,2.8,9.918130918816733,0.0,7,58
2,194,14,3.0,12.241575172833695,0.0,7,58
2,194,15,3.0,8.841873973566578,0.0,7,58
2,194,16,2.8,10.985245167057803,0.0,7,58
2,194,17,2.8,11.150102477955933,0.0,7,58
2,194,18,3.0,12.600203296613222,0.0,7,58
2,194,19,3.0,10.317633212317423,0.0,7,58
2,194,20,2.8,9.293250981677312,0.0,7,58
2,194,21,3.0,11.034388454832193,0.0,7,58
3,194,1,3.2,8.396704861750028,0.0,7,58
3,194,2,2.8,10.367130133382295,0.0,7,58
3,194,3,3.0,15.335352176270929,0.0,7,58
3,194,4,2.8,9.294157014877237,0.0,7,58
3,194,5,2.8,10.07911332022562,0.0,7,58
3,194,6,2.8,11.536962121186223,0.0,7,58
3,194,7,2.8,9.602162907088193,0.0,7,58
3,194,8,2.8,11.594516576260016,0.0,7,58
3,194,9,3.0,14.472441001122583,0.0,7,58
3,194,10,2.8,9.842902701841208,0.0,7,58
3,194,11,2.8,10.723155156585182,0.0,7,58
3,194,12,3.0,9.835578820887473,0.0,7,58
3,194,13,3.0,10.070272360227507,0.0,7,58
3,194,14,3.0,8.842551707230383,0.0,7,58
3,194,15,3.0,15.23375484025045,0.0,7,58
3,194,16,3.0,12.530538118798987,0.0,7,58
3,194,17,2.8,11.906451478617592,0.0,7,58
3,194,18,3.0,10.020105115702918,0.0,7,58
3,194,19,2.8,11.653332067159546,0.0,7,58
3,194,20,2.8,8.795346367688605,0.0,7,58
3,194,21,2.8,10.602315544611326,0.0,7,58
3,194,22,2.2,17.078079710733675,0.0,5,58
1,195,1,4.6,7.667646611215936,0.0,7,58
1,195,2,3.6,10.297369112829362,0.0,7,58
1,195,3,3.2,8.374673776072639,0.0,7,58
1,195,4,2.8,14.453174826433713,0.0,7,58
1,195,5,3.0,9.159316534375574,0.0,7,58
1,195,6,2.8,9.373150686378095,0.0,7,58
1,195,7,2.8,12.027248398236791,0.0,7,58
1,195,8,2.8,9.06067110270072,0.0,7,58
1,195,9,2.8,14.432163157020316,0.0,7,58
1,195,10,2.8,13.315984552789493,0.0,7,58
1,195,11,2.8,14.479234988574865,0.0,7,58
1,195,12,2.8,13.364247710483872,0.0,7,58
1,195,13,2.8,13.497448885673919,0.0,7,58
1,195,14,2.8,11.28182572687094,0.0,7,58
1,195,15,2.8,10.784741991744918,0.0,7,58
1,195,16,2.8,13.581621057756703,0.0,7,58
1,195,17,3.0,7.6665313049091495,0.0,7,58
1,195,18,3.0,8.60533576269909,0.0,7,58
1,195,19,2.8,14.874395763969137,0.0,7,58
1,195,20,3.0,10.086693891630915,0.0,7,58
1,195,21,3.2,9.68382995622373,0.0,6,58
2,195,1,3.6,9.992911507165969,0.0,7,58
2,195,2,4.0,8.879678077513704,0.0,7,58
2,195,3,3.4,9.504131218367998,0.0,7,58
2,195,4,3.2,7.89567794358902,0.0,7,58
2,195,5,2.8,12.384265172880621,0.0,7,58
2,195,6,3.0,10.850337382021891,0.0,7,58
2,195,7,3.0,11.168778988271415,0.0,7,58
2,195,8,2.8,13.290369639457557,0.0,7,58
2,195,9,2.8,13.24802296023902,0.0,7,58
2,195,10,2.8,9.706011158392394,0.0,7,58
2,195,11,2.8,15.996587912235231,0.0,7,58
2,195,12,2.8,13.613641408968524,0.0,7,58
2,195,13,2.8,11.156918937714336,0.0,7,58
2,195,14,2.8,10.866109369418645,0.0,7,58
2,195,15,3.0,11.178645651188713,0.0,7,58
2,195,16,2.8,10.199953280331819,0.0,7,58
2,195,17,2.8,12.55469386569784,0.0,7,58
2,195,18,3.0,11.674695443094537,0.0,7,58
2,195,19,3.0,8.546771544656176,0.0,7,58
2,195,20,2.8,8.966687384281686,0.0,7,58
2,195,21,2.5,12.358931561901016,0.0,4,58
3,195,1,3.6,7.327547224347594,0.0,7,58
3,195,2,3.6,8.190076253268423,0.0,7,58
3,195,3,3.2,9.326598423329122,0.0,7,58
3,195,4,3.0,10.301189243538214,0.0,7,58
3,195,5,3.2,8.56346644791685,0.0,7,58
3,195,6,2.8,9.896417613488765,0.0,7,58
3,195,7,3.0,11.135934176803444,0.0,7,58
3,195,8,2.8,15.79579862124241,0.0,7,58
3,195,9,2.8,10.681758689396885,0.0,7,58
3,195,10,2.8,10.882367605558251,0.0,7,58
3,195,11,2.8,11.697249905734655,0.0,7,58
3,195,12,3.0,8.872667933281525,0.0,7,58
3,195,13,3.2,9.390168176084849,0.0,7,58
3,195,14,2.8,11.908676580806038,0.0,7,58
3,195,15,3.0,8.559673033231116,0.0,7,58
3,195,16,2.8,15.00963882292002,0.0,7,58
3,195,17,2.8,11.433649929032544,0.0,7,58
3,195,18,2.8,11.626804796295803,0.0,7,58
3,195,19,2.8,12.22760843725769,0.0,7,58
3,195,20,2.8,10.725754500583763,0.0,7,58
3,195,21,3.0,9.352430609585973,0.0,7,58
1,196,1,4.6,8.524544875944587,0.0,7,58
1,196,2,3.8,9.353073848032453,0.0,7,58
1,196,3,3.4,8.355388815673763,0.0,7,58
1,196,4,3.2,10.53569305798406,0.0,7,58
1,196,5,3.2,8.355647826550266,0.0,7,58
1,196,6,2.8,9.958531482050553,0.0,7,58
1,196,7,2.8,11.671650549514565,0.0,7,58
1,196,8,2.8,10.32622882525561,0.0,7,58
1,196,9,2.8,10.395113637575976,0.0,7,58
1,196,10,2.8,13.427159777566919,0.0,7,58
1,196,11,2.8,14.776252024135337,0.0,7,58
1,196,12,2.8,10.861500668593019,0.0,7,58
1,196,13,3.0,14.072587161980488,0.0,7,58
1,196,14,2.8,14.171139316789052,0.0,7,58
1,196,15,2.8,10.070348393564593,0.0,7,58
1,196,16,2.8,12.793815035300579,0.0,7,58
1,196,17,3.2,8.356622965626226,0.0,7,58
1,196,18,2.8,9.47896491361955,0.0,7,58
1,196,19,3.2,10.56625551915683,0.0,7,58
1,196,20,3.0,9.022428204018055,0.0,7,58
2,196,1,3.2,12.316528359107071,0.0,7,58
2,196,2,3.0,9.945772081647501,0.0,7,58
2,196,3,3.6,8.526636346172793,0.125,7,58
2,196,4,2.8,11.482326590945078,0.0,7,58
2,196,5,2.8,9.984912444495231,0.0,7,58
2,196,6,2.8,10.165955076466028,0.0,7,58
2,196,7,3.4,8.869649983788653,0.0,7,58
2,196,8,3.2,9.589048368825193,0.0,7,58
2,196,9,2.8,12.443302465832577,0.0,7,58
2,196,10,2.8,9.286067894148616,0.0,7,58
2,196,11,2.8,14.673154804326868,0.0,7,58
2,196,12,2.8,11.352222764231056,0.0,7,58
2,196,13,2.8,11.470351993618317,0.0,7,58
2,196,14,3.0,8.911735764240733,0.0,7,58
2,196,15,3.0,9.594781404961676,0.0,7,58
2,196,16,3.0,11.323601161668066,0.0,7,58
2,196,17,2.8,11.920958903042218,0.0,7,58
2,196,18,3.0,12.543417814246427,0.0,7,58
2,196,19,2.8,9.58820051639538,0.0,7,58
2,196,20,2.8,8.180890303994161,0.0,7,58
2,196,21,2.8,13.64687849185605,0.0,6,58
3,196,1,3.2,7.908143684412768,0.0,7,58
3,196,2,2.8,11.900149169368794,0.0,7,58
3,196,3,3.0,12.460905890881065,0.0,7,58
3,196,4,2.8,9.555529747925718,0.0,7,58
3,196,5,2.8,10.145993882477011,0.0,7,58
3,196,6,2.8,9.942769597392903,0.0,7,58
3,196,7,2.8,11.785507998008116,0.0,7,58
3,196,8,2.8,9.608974159653023,0.0,7,58
3,196,9,3.0,15.658082356219678,0.0,7,58
3,196,10,2.8,11.072430161457627,0.0,7,58
3,196,11,2.8,12.421900316918025,0.0,7,58
3,196,12,3.2,10.313425832401002,0.0,7,58
3,196,13,3.2,8.921913204628295,0.0,7,58
3,196,14,2.8,11.824151280279844,0.0,7,58
3,196,15,3.0,12.404129377323,0.0,7,58
3,196,16,2.8,12.780206664959133,0.0,7,58
3,196,17,2.8,10.967056760199933,0.0,7,58
3,196,18,2.8,11.180376377173493,0.0,7,58
3,196,19,2.8,11.680123889644848,0.0,7,58
3,196,20,2.8,9.400532499384612,0.0,7,58
3,196,21,3.0,10.614911289146848,0.0,7,58
3,196,22,2.2,16.132119722120272,0.0,5,58
1,197,1,4.6,7.746501122751862,0.0,7,58
1,197,2,3.8,12.11790095331809,0.0,7,58
1,197,3,3.4,7.753364831701668,0.0,7,58
1,197,4,3.2,9.580892199383255,0.0,7,58
1,197,5,3.2,10.04016400470679,0.0,7,58
1,197,6,2.8,8.66914539730389,0.0,7,58
1,197,7,2.8,11.299590711613323,0.0,7,58
1,197,8,2.8,10.673749985452744,0.0,7,58
1,197,9,2.8,12.967618386309884,0.0,7,58
1,197,10,2.8,14.598150271419419,0.0,7,58
1,197,11,2.8,15.538271134194634,0.0,7,58
1,197,12,2.8,10.745294736644976,0.0,7,58
1,197,13,2.8,13.353651708722438,0.0,7,58
1,197,14,2.8,12.003384063982974,0.0,7,58
1,197,15,3.0,11.210293748644036,0.0,7,58
1,197,16,2.8,11.117906490342762,0.0,7,58
1,197,17,3.2,8.474138491222533,0.0,7,58
1,197,18,2.8,9.72369138415796,0.0,7,58
1,197,19,3.2,10.004881978638691,0.0,7,58
1,197,20,3.0,9.28661014822285,0.0,7,58
2,197,1,3.8,9.277834087063493,0.0,7,58
2,197,2,3.8,10.032929043215582,0.0,7,58
2,197,3,3.8,7.332107812768062,0.0,7,58
2,197,4,3.2,8.425299663025395,0.0,7,58
2,197,5,2.8,9.949003345685473,0.0,7,58
2,197,6,3.0,11.630804966863138,0.0,7,58
2,197,7,3.2,10.189782089010613,0.0,7,58
2,197,8,2.8,13.318561566607643,0.0,7,58
2,197,9,2.8,11.55519376112585,0.0,7,58
2,197,10,2.8,9.942447120844667,0.0,7,58
2,197,11,2.8,13.442003040246496,0.0,7,58
2,197,12,2.8,12.348170185654217,0.0,7,58
2,197,13,2.8,9.737238589330504,0.0,7,58
2,197,14,2.8,9.152571214107283,0.0,7,58
2,197,15,3.2,9.651394836890661,0.0,7,58
2,197,16,2.8,13.022940763716079,0.0,7,58
2,197,17,2.8,10.551825298522806,0.0,7,58
2,197,18,3.2,10.532602488462995,0.0,7,58
2,197,19,2.8,8.115639759550866,0.0,7,58
2,197,20,3.0,9.384355133368798,0.0,7,58
3,197,1,3.0,9.457131209549681,0.0,7,58
3,197,2,2.8,14.215884906832192,0.0,7,58
3,197,3,2.8,8.567343662249769,0.0,7,58
3,197,4,2.8,10.184447207422219,0.0,7,58
3,197,5,2.8,10.981861242684317,0.0,7,58
3,197,6,2.8,8.56792225218004,0.0,7,58
3,197,7,2.8,10.143762432716425,0.0,7,58
3,197,8,2.8,11.491904410166477,0.0,7,58
3,197,9,2.8,12.55278127675206,0.0,7,58
3,197,10,2.8,11.946975712094442,0.0,7,58
3,197,11,2.8,12.038313983091689,0.0,7,58
3,197,12,3.0,10.819580288222674,0.0,7,58
3,197,13,3.2,8.93961710928616,0.0,7,58
3,197,14,2.8,10.390908629918922,0.0,7,58
3,197,15,2.8,13.789188693307507,0.0,7,58
3,197,16,3.0,9.703541292619875,0.0,7,58
3,197,17,2.8,13.191301494368785,0.0,7,58
3,197,18,2.8,11.210233513252646,0.0,7,58
3,197,19,2.8,11.75680253488015,0.0,7,58
3,197,20,2.8,10.395107831676286,0.0,7,58
3,197,21,2.8,9.121557679189555,0.0,7,58
3,197,22,3.2,8.955505765597636,0.0,7,58
1,198,1,4.6,8.166420789780476,0.0,7,58
1,198,2,3.8,10.660193775705602,0.0,7,58
1,198,3,3.4,7.530515346153303,0.0,7,58
1,198,4,3.2,10.111410690514107,0.0,7,58
1,198,5,3.4,9.417475523193094,0.0,7,58
1,198,6,2.8,9.582906972283688,0.0,7,58
1,198,7,2.8,10.62688292829788,0.0,7,58
1,198,8,2.8,13.267698104136938,0.0,7,58
1,198,9,2.8,10.588407353124833,0.0,7,58
1,198,10,2.8,14.699106889195706,0.0,7,58
1,198,11,2.8,13.489682280505999,0.0,7,58
1,198,12,2.8,9.56562623902279,0.0,7,58
1,198,13,2.8,12.179047020318764,0.0,7,58
1,198,14,2.8,13.295668149229561,0.0,7,58
1,198,15,3.0,9.925297185383467,0.0,7,58
1,198,16,2.8,11.562461482311685,0.0,7,58
1,198,17,3.0,9.638525809567852,0.0,7,58
1,198,18,2.8,10.941963805681999,0.0,7,58
1,198,19,3.0,9.1926957007182,0.0,7,58
1,198,20,3.2,8.373210268858017,0.0,7,58
2,198,1,3.0,12.326087774300008,0.0,7,58
2,198,2,2.8,10.44493895485098,0.0,7,58
2,198,3,3.8,9.230085037012568,0.125,7,58
2,198,4,3.0,10.294838856636758,0.0,7,58
2,198,5,2.8,10.738771802557519,0.0,7,58
2,198,6,2.8,10.57004290795714,0.0,7,58
2,198,7,3.4,9.533258726423067,0.0,7,58
2,198,8,3.0,11.23153356998065,0.0,7,58
2,198,9,2.8,11.277706008559447,0.0,7,58
2,198,10,2.8,10.34454132837863,0.0,7,58
2,198,11,2.8,11.643078860086884,0.0,7,58
2,198,12,2.8,15.054887132550947,0.0,7,58
2,198,13,2.8,10.651722379518317,0.0,7,58
2,198,14,2.8,10.947135167569792,0.0,7,58
2,198,15,3.0,9.370172647272664,0.0,7,58
2,198,16,2.8,13.844956444460836,0.0,7,58
2,198,17,2.8,10.201596290874223,0.0,7,58
2,198,18,3.0,11.596773448135622,0.0,7,58
2,198,19,3.0,9.398092825240035,0.0,7,58
2,198,20,2.8,8.353931566063133,0.0,7,58
2,198,21,3.0,11.134832678968253,0.0,7,58
3,198,1,3.6,7.407418573729056,0.0,7,58
3,198,2,3.8,8.293918791655793,0.0,7,58
3,198,3,2.8,11.8697859974639,0.0,7,58
3,198,4,2.8,8.761356590762613,0.0,7,58
3,198,5,3.2,8.478760253118239,0.0,7,58
3,198,6,2.8,9.566679506848914,0.0,7,58
3,198,7,3.0,12.255760576334747,0.0,7,58
3,198,8,2.8,11.300114916254202,0.0,7,58
3,198,9,2.8,11.667447779064563,0.0,7,58
3,198,10,2.8,13.619204346177579,0.0,7,58
3,198,11,3.2,8.633870277698332,0.0,7,58
3,198,12,3.2,8.300599063779382,0.0,7,58
3,198,13,2.8,9.731081307407447,0.0,7,58
3,198,14,2.8,12.4650287324379,0.0,7,58
3,198,15,3.0,9.9898464840506,0.0,7,58
3,198,16,2.8,18.115269000619772,0.0,7,58
3,198,17,2.8,11.578971416106985,0.0,7,58
3,198,18,2.8,12.191067790647331,0.0,7,58
3,198,19,2.8,11.635945295005232,0.0,7,58
3,198,20,2.8,8.920696943105328,0.0,7,58
3,198,21,3.0,9.434202918811435,0.0,7,58
1,199,1,4.6,8.48852075823274,0.0,7,58
1,199,2,3.8,11.537856316852148,0.0,7,58
1,199,3,3.4,8.833039408922787,0.0,7,58
1,199,4,2.8,13.82884349601001,0.0,7,58
1,199,5,3.0,9.285138625728562,0.0,7,58
1,199,6,3.0,9.991188262763963,0.0,7,58
1,199,7,2.8,11.435306400195293,0.0,7,58
1,199,8,2.8,10.816476987416468,0.0,7,58
1,199,9,2.8,11.083002010488094,0.0,7,58
1,199,10,2.8,13.282385414939318,0.0,7,58
1,199,11,2.8,14.767673837194998,0.0,7,58
1,199,12,2.8,9.991964195110857,0.0,7,58
1,199,13,2.8,16.769875817423838,0.0,7,58
1,199,14,2.8,13.527243019682796,0.0,7,58
1,199,15,2.8,11.088153263873666,0.0,7,58
1,199,16,2.8,12.415981295982203,0.0,7,58
1,199,17,2.8,8.359095552651512,0.0,7,58
1,199,18,3.0,9.147412000934304,0.0,7,58
1,199,19,3.2,12.102415334502556,0.0,7,58
1,199,20,3.0,10.283563101263253,0.0,7,58
1,199,21,2.4,13.251899802201178,0.0,5,58
2,199,1,3.2,12.595538991182412,0.0,7,58
2,199,2,2.8,11.246848564900565,0.0,7,58
2,199,3,4.0,8.156116425026136,0.125,7,58
2,199,4,3.0,9.761991308102866,0.0,7,58
2,199,5,2.8,14.01537663791625,0.0,7,58
2,199,6,2.8,9.921492444593902,0.0,7,58
2,199,7,3.2,9.442015797015852,0.0,7,58
2,199,8,3.0,12.02457399687334,0.0,7,58
2,199,9,2.8,10.49943753670339,0.0,7,58
2,199,10,2.8,9.591896884300263,0.0,7,58
2,199,11,2.8,18.48753478983699,0.0,7,58
2,199,12,3.0,9.982654707958327,0.0,7,58
2,199,13,2.8,15.078753353110805,0.0,7,58
2,199,14,2.8,10.844485869388471,0.0,7,58
2,199,15,3.0,11.4439233486303,0.0,7,58
2,199,16,2.8,14.046136277799816,0.0,7,58
2,199,17,2.8,10.699480000495809,0.0,7,58
2,199,18,2.8,18.440063548506494,0.0,7,58
2,199,19,3.0,9.286489855013047,0.0,7,58
2,199,20,2.8,8.204946762029682,0.0,7,58
2,199,21,3.0,9.5166329762315,0.0,7,58
3,199,1,3.0,9.214904421239423,0.0,7,58
3,199,2,2.8,11.448452488039958,0.0,7,58
3,199,3,2.8,12.08986891361435,0.0,7,58
3,199,4,2.8,9.43066799801355,0.0,7,58
3,199,5,2.8,10.903549508167723,0.0,7,58
3,199,6,2.8,10.885880896094637,0.0,7,58
3,199,7,2.8,10.65630099498281,0.0,7,58
3,199,8,2.8,11.711966290025128,0.0,7,58
3,199,9,2.8,13.40571364049064,0.0,7,58
3,199,10,2.8,11.02125400417556,0.0,7,58
3,199,11,2.8,12.557360552806518,0.0,7,58
3,199,12,3.8,8.282084469092055,0.125,7,58
3,199,13,3.0,11.965531391469838,0.0,7,58
3,199,14,2.8,9.901761330246865,0.0,7,58
3,199,15,3.0,11.95758668156012,0.0,7,58
3,199,16,2.8,10.787227886365613,0.0,7,58
3,199,17,2.8,9.957354911355411,0.0,7,58
3,199,18,2.8,15.873059664784996,0.0,7,58
3,199,19,2.8,11.61358767234434,0.0,7,58
3,199,20,2.8,8.298279657900828,0.0,7,58
3,199,21,2.8,9.753013153038507,0.0,7,58
3,199,22,2.6,11.782565388358748,0.0,6,58
