session,trial,phrase,click_load,entry_rate,correction_rate,num_chars,num_clocks
1,0,1,3.6,10.626473933548203,0.0,7,9
1,0,2,2.8,14.76420369856062,0.0,7,9
1,0,3,2.8,14.204552322718985,0.0,7,9
1,0,4,2.8,9.68772488654372,0.0,7,9
1,0,5,2.8,13.33681498585969,0.0,7,9
1,0,6,2.2,12.690236548345483,0.0,7,9
1,0,7,1.6,18.683719729764523,0.0,7,9
1,0,8,1.8,17.31336730371966,0.0,7,9
1,0,9,1.8,24.249011988797644,0.0,7,9
1,0,10,1.4,18.43549294617707,0.0,7,9
1,0,11,1.4,28.077930285727124,0.0,7,9
1,0,12,1.6,32.26393407166908,0.0,7,9
1,0,13,1.6,29.499016242845713,0.0,7,9
1,0,14,1.6,17.449181374128884,0.0,7,9
1,0,15,1.6,32.73490172585371,0.0,7,9
1,0,16,1.6,22.165481783113826,0.0,7,9
1,0,17,1.8,27.694362738498945,0.0,7,9
1,0,18,1.4,22.318021673039034,0.0,7,9
1,0,19,1.6,26.908924301976388,0.0,7,9
1,0,20,1.6,26.54475796632458,0.0,7,9
1,0,21,1.6,19.496769689130687,0.0,7,9
1,0,22,1.4,23.128836651526328,0.0,7,9
1,0,23,1.6,33.40221821784832,0.0,7,9
1,0,24,1.6,20.508043265596527,0.0,7,9
1,0,25,1.8,23.85389589809204,0.0,7,9
1,0,26,1.8,17.2494823888097,0.0,7,9
1,0,27,1.6,18.050578657561314,0.0,7,9
1,0,28,2.0,16.915686929286863,0.0,7,9
1,0,29,2.0,13.811669436030419,0.0,7,9
1,0,30,2.0,30.24155071972239,0.0,7,9
1,0,31,1.8,14.344114121793629,0.0,7,9
1,0,32,1.8,14.608019132793165,0.0,7,9
1,0,33,2.4,12.19410709719771,0.0,7,9
2,0,1,2.2,16.489053021084334,0.0,7,9
2,0,2,2.0,13.80952848209138,0.0,7,9
2,0,3,1.6,19.54407048574415,0.0,7,9
2,0,4,2.4,15.311853888849054,0.0,7,9
2,0,5,1.8,13.866284873655367,0.0,7,9
2,0,6,1.8,17.684039728420775,0.0,7,9
2,0,7,2.0,12.968277842692986,0.0,7,9
2,0,8,1.8,16.829534903454306,0.0,7,9
2,0,9,2.2,11.517035267282287,0.0,7,9
2,0,10,1.6,22.337206510381638,0.0,7,9
2,0,11,2.2,12.658129385457032,0.125,7,9
2,0,12,1.4,28.458121505599443,0.0,7,9
2,0,13,1.4,20.182810476903207,0.0,7,9
2,0,14,1.4,24.646314166479986,0.0,7,9
2,0,15,1.4,23.801821956074118,0.0,7,9
2,0,16,1.4,24.691385229598936,0.0,7,9
2,0,17,1.6,13.286129242118115,0.0,7,9
2,0,18,2.0,15.907889061386125,0.0,7,9
2,0,19,1.8,18.567925204156694,0.0,7,9
2,0,20,1.4,24.908753034167013,0.0,7,9
2,0,21,1.6,23.255416928074656,0.0,7,9
2,0,22,1.4,23.395525527500602,0.0,7,9
2,0,23,1.4,32.572686554583235,0.0,7,9
2,0,24,1.6,17.235777671622802,0.0,7,9
2,0,25,1.4,14.488001639625796,0.0,7,9
2,0,26,1.8,17.066160127328118,0.125,7,9
2,0,27,1.4,20.060187662269406,0.0,7,9
2,0,28,1.4,22.892920245142246,0.0,7,9
2,0,29,1.4,18.44750618740248,0.0,7,9
2,0,30,1.4,18.788632731768203,0.0,7,9
2,0,31,1.4,25.979261684234203,0.0,7,9
2,0,32,1.6,31.586813293290465,0.0,7,9
2,0,33,1.6,14.384933898018874,0.0,7,9
2,0,34,1.6,18.775851928732493,0.0,7,9
2,0,35,1.4,15.544310317144603,0.0,7,9
2,0,36,1.4,13.895637177266233,0.0,7,9
2,0,37,1.8,17.127378204388634,0.125,7,9
3,0,1,1.4,18.55109673606603,0.0,7,9
3,0,2,1.4,18.335001550152143,0.0,7,9
3,0,3,1.4,18.294341892680873,0.0,7,9
3,0,4,1.4,20.037409991558476,0.0,7,9
3,0,5,1.4,17.37316840453144,0.0,7,9
3,0,6,2.0,19.521030303393655,0.0,7,9
3,0,7,1.4,17.034366002773215,0.0,7,9
3,0,8,1.4,15.522572204700625,0.0,7,9
3,0,9,1.4,19.713649402631365,0.0,7,9
3,0,10,1.4,15.821788618863508,0.0,7,9
3,0,11,1.4,18.950860373773747,0.0,7,9
3,0,12,1.4,16.830430802152637,0.0,7,9
3,0,13,1.4,16.70675312430506,0.0,7,9
3,0,14,1.4,27.078564802793522,0.0,7,9
3,0,15,1.4,30.18915145509402,0.0,7,9
3,0,16,1.4,18.59524365710086,0.0,7,9
3,0,17,1.8,21.784253601026595,0.0,7,9
3,0,18,1.6,22.84439019038271,0.0,7,9
3,0,19,1.6,21.45612870673351,0.0,7,9
3,0,20,1.6,20.439407482670074,0.0,7,9
3,0,21,1.4,27.785287258883873,0.0,7,9
3,0,22,1.8,14.50051938841977,0.125,5,9
3,0,23,1.4,38.36197862958343,0.0,7,9
3,0,24,1.4,13.408115088421981,0.0,7,9
3,0,25,1.8,23.98974996252759,0.0,7,9
3,0,26,1.6,15.16772281373141,0.0,7,9
3,0,27,1.4,20.826240884088644,0.0,7,9
3,0,28,1.4,26.80637382935581,0.0,7,9
3,0,29,1.4,35.85036984588558,0.0,7,9
3,0,30,2.0,11.544192163491443,0.0,7,9
3,0,31,1.6,24.359034408871082,0.0,7,9
3,0,32,1.4,22.524490686805667,0.0,7,9
3,0,33,1.6,19.01609452485961,0.0,7,9
3,0,34,1.4,23.827874644738923,0.0,7,9
3,0,35,1.4,17.578434542285148,0.0,7,9
3,0,36,1.6,20.68358668526866,0.0,7,9
3,0,37,1.4,17.331088645054603,0.0,7,9
3,0,38,1.4,20.423399651795265,0.0,7,9
3,0,39,1.4,16.67829901338587,0.0,7,9
3,0,40,1.4,19.49041715088629,0.0,7,9
3,0,41,1.8,17.108628042020804,0.0,7,9
3,0,42,1.4,17.755792493808002,0.0,7,9
1,1,1,2.8,15.77296579995725,0.0,7,9
1,1,2,2.8,15.227941450152295,0.0,7,9
1,1,3,2.6,13.810576536710855,0.0,7,9
1,1,4,2.4,12.487078338197728,0.0,7,9
1,1,5,2.4,10.619142526385984,0.0,7,9
1,1,6,1.4,49.50644640692956,0.0,7,9
1,1,7,1.6,18.557363444345196,0.0,7,9
1,1,8,1.6,18.229975154163313,0.0,7,9
1,1,9,1.4,45.14504431188718,0.0,7,9
1,1,10,1.8,16.45640819804403,0.0,7,9
1,1,11,1.4,32.147530918871134,0.0,7,9
1,1,12,1.6,18.445332628811858,0.0,7,9
1,1,13,1.4,23.748990127700765,0.0,7,9
1,1,14,1.8,23.92804364481702,0.0,7,9
1,1,15,1.4,45.47479802705084,0.0,7,9
1,1,16,1.6,19.396222264343074,0.0,7,9
1,1,17,1.6,56.82268270265959,0.0,7,9
1,1,18,1.8,26.031018567228507,0.0,7,9
1,1,19,1.4,165.47167677304807,0.0,7,9
1,1,20,1.6,24.683280305682043,0.0,7,9
1,1,21,1.6,21.65775764085534,0.0,7,9
1,1,22,1.6,24.790907104880116,0.0,7,9
1,1,23,1.4,18.227873941259993,0.0,7,9
1,1,24,1.4,34.328172953345955,0.0,7,9
1,1,25,1.6,29.336868151304206,0.0,7,9
1,1,26,1.8,17.64544303778904,0.0,7,9
1,1,27,1.4,25.76866628375594,0.0,7,9
1,1,28,1.4,24.546589261721618,0.0,7,9
1,1,29,1.4,16.732457752024246,0.0,7,9
1,1,30,1.8,20.283328249643862,0.0,7,9
1,1,31,1.4,24.287178955266103,0.0,7,9
1,1,32,2.0,17.04962272528673,0.0,7,9
1,1,33,2.2,16.961083560593984,0.0,7,9
1,1,34,1.6,19.274623455663303,0.0,7,9
1,1,35,1.8,19.659544222706145,0.0,7,9
1,1,36,1.4,25.318672186820283,0.0,7,9
1,1,37,1.0,43.0211035758883,0.0,4,9
2,1,1,2.0,20.753456471238913,0.0,7,9
2,1,2,2.0,14.227278363252733,0.0,7,9
2,1,3,1.8,16.749114360568438,0.0,7,9
2,1,4,2.2,18.43614355349144,0.0,7,9
2,1,5,1.8,13.64221424832053,0.0,7,9
2,1,6,1.6,17.516768039375442,0.0,7,9
2,1,7,1.8,13.066014129170586,0.0,7,9
2,1,8,2.2,14.062010311320067,0.0,7,9
2,1,9,2.0,12.672297625814025,0.0,7,9
2,1,10,1.6,18.787671453607615,0.0,7,9
2,1,11,1.6,19.26112709268565,0.0,7,9
2,1,12,2.0,12.974226200447262,0.0,7,9
2,1,13,2.0,18.899427989203453,0.0,7,9
2,1,14,1.4,20.993142183334154,0.0,7,9
2,1,15,2.2,14.057027954149417,0.0,7,9
2,1,16,2.0,13.009469551849234,0.0,7,9
2,1,17,2.0,14.51137344547393,0.0,7,9
2,1,18,1.6,26.01934460953655,0.0,7,9
2,1,19,1.4,23.981141027519346,0.0,7,9
2,1,20,1.4,21.50875644560271,0.0,7,9
2,1,21,1.6,19.324639689633184,0.0,7,9
2,1,22,1.6,18.41242419500383,0.0,7,9
2,1,23,1.6,18.103048040723557,0.0,7,9
2,1,24,1.4,22.639630811811813,0.0,7,9
2,1,25,1.8,15.469085599991942,0.0,7,9
2,1,26,1.6,15.632135421526293,0.0,7,9
2,1,27,2.0,20.286221497433687,0.0,7,9
2,1,28,1.6,16.398246137890393,0.0,7,9
2,1,29,1.6,18.610003050727855,0.0,7,9
2,1,30,1.6,24.911803368724367,0.0,7,9
2,1,31,1.8,12.972560146691947,0.0,7,9
2,1,32,1.6,15.612551312696425,0.0,7,9
2,1,33,1.6,12.585364957600994,0.0,7,9
2,1,34,1.4,17.27738016386743,0.0,7,9
2,1,35,1.8,17.26177143087027,0.0,7,9
3,1,1,1.6,22.55222638549985,0.0,7,9
3,1,2,2.0,12.944797058593199,0.0,7,9
3,1,3,1.6,22.82581493240321,0.0,7,9
3,1,4,1.4,20.591421219654332,0.0,7,9
3,1,5,1.4,24.035879005081853,0.0,7,9
3,1,6,1.4,22.12959906040674,0.0,7,9
3,1,7,1.4,17.744829511099745,0.0,7,9
3,1,8,1.4,19.616933325776973,0.0,7,9
3,1,9,1.4,21.253376556561502,0.0,7,9
3,1,10,1.4,16.7383987112403,0.0,7,9
3,1,11,1.4,20.066406924566785,0.0,7,9
3,1,12,1.4,19.159095271005683,0.0,7,9
3,1,13,1.4,17.87033666684129,0.0,7,9
3,1,14,1.6,25.313982519958497,0.0,7,9
3,1,15,1.4,19.86004305897251,0.0,7,9
3,1,16,1.4,25.942383156967885,0.0,7,9
3,1,17,1.6,30.905194663606576,0.0,7,9
3,1,18,1.8,15.977005590162069,0.0,7,9
3,1,19,1.6,26.11337690406422,0.0,7,9
3,1,20,1.4,24.33543966627015,0.0,7,9
3,1,21,1.4,17.589146765179994,0.0,7,9
3,1,22,2.0,15.478260552626729,0.125,7,9
3,1,23,1.6,17.443406181865356,0.0,7,9
3,1,24,1.8,15.121822026697565,0.0,7,9
3,1,25,1.6,19.03952706420526,0.0,7,9
3,1,26,1.8,13.872145265251781,0.0,7,9
3,1,27,1.4,39.84818587114013,0.0,7,9
3,1,28,1.4,28.600463158793936,0.0,7,9
3,1,29,1.8,14.737390547743686,0.0,7,9
3,1,30,2.2,20.377932152429416,0.0,7,9
3,1,31,1.4,20.46768299764592,0.0,7,9
3,1,32,1.4,23.59217057931455,0.0,7,9
3,1,33,1.4,31.74247686052179,0.0,7,9
3,1,34,1.4,19.237121955468048,0.0,7,9
3,1,35,1.6,22.346133654644227,0.0,7,9
3,1,36,1.4,19.000130051535763,0.0,7,9
3,1,37,1.8,11.273530559514782,0.0,7,9
3,1,38,1.4,15.51411665470809,0.0,7,9
3,1,39,1.6,15.965152443853338,0.0,7,9
3,1,40,1.6,16.10918139115038,0.0,7,9
3,1,41,1.25,24.172555123948715,0.0,4,9
1,2,1,3.0,13.0662433553322,0.0,7,9
1,2,2,2.8,16.78807762582754,0.0,7,9
1,2,3,2.6,14.731802702328737,0.0,7,9
1,2,4,2.2,14.787846898340906,0.0,7,9
1,2,5,2.4,12.808570903659279,0.0,7,9
1,2,6,1.8,30.718688003036018,0.0,7,9
1,2,7,1.8,16.412166243782746,0.0,7,9
1,2,8,1.8,20.238460266200754,0.0,7,9
1,2,9,1.4,24.240043544295837,0.0,7,9
1,2,10,1.6,16.103811073849926,0.0,7,9
1,2,11,1.4,37.10587990696354,0.0,7,9
1,2,12,1.4,17.615015497510207,0.0,7,9
1,2,13,1.4,22.914471363437656,0.0,7,9
1,2,14,1.4,26.660539020999646,0.0,7,9
1,2,15,1.4,30.979986460037015,0.0,7,9
1,2,16,1.6,19.843315723669228,0.0,7,9
1,2,17,1.6,26.7764321132178,0.0,7,9
1,2,18,1.6,26.932583783431838,0.0,7,9
1,2,19,1.4,35.80512317229766,0.0,7,9
1,2,20,1.4,27.25330257454408,0.0,7,9
1,2,21,1.4,20.853070079085434,0.0,7,9
1,2,22,1.4,30.243153962149037,0.0,7,9
1,2,23,1.6,22.354388974744953,0.0,7,9
1,2,24,1.8,27.469246606815798,0.0,7,9
1,2,25,1.4,62.13948650172449,0.0,7,9
1,2,26,1.6,18.77582959068028,0.0,7,9
1,2,27,1.4,33.62884173626843,0.0,7,9
1,2,28,1.8,27.02693663211776,0.0,7,9
1,2,29,1.4,17.9367821834476,0.0,7,9
1,2,30,2.0,16.30325559224303,0.0,7,9
1,2,31,1.8,15.52667963748042,0.0,7,9
1,2,32,1.4,45.90868291977576,0.0,7,9
1,2,33,2.2,16.692397530994022,0.0,7,9
1,2,34,2.0,14.728993825226144,0.0,7,9
1,2,35,2.0,13.924172701059316,0.0,7,9
1,2,36,1.8,15.072950958760499,0.0,5,9
2,2,1,2.2,18.261429537660334,0.0,7,9
2,2,2,1.6,15.832636663911808,0.0,7,9
2,2,3,1.6,18.280680931820523,0.0,7,9
2,2,4,2.8,12.52270743602842,0.125,7,9
2,2,5,1.6,17.95518938465219,0.0,7,9
2,2,6,1.4,22.887732076885943,0.0,7,9
2,2,7,1.6,14.993934804270335,0.0,7,9
2,2,8,1.4,16.529538159835674,0.0,7,9
2,2,9,1.4,22.719752201316645,0.0,7,9
2,2,10,1.4,20.07499280796785,0.0,7,9
2,2,11,1.4,16.53680206581001,0.0,7,9
2,2,12,1.4,20.725639824655854,0.0,7,9
2,2,13,1.8,17.01645852872652,0.0,7,9
2,2,14,1.6,21.893552094082747,0.0,7,9
2,2,15,1.8,20.557597808148934,0.0,7,9
2,2,16,1.6,19.372459598153032,0.0,7,9
2,2,17,1.8,17.17077611238491,0.0,7,9
2,2,18,1.8,11.914472566547317,0.0,7,9
2,2,19,2.0,16.202891853828394,0.0,7,9
2,2,20,1.6,27.17544630574478,0.0,7,9
2,2,21,1.4,19.984797822939097,0.0,7,9
2,2,22,1.4,24.429793107994303,0.0,7,9
2,2,23,1.6,19.024095438223224,0.0,7,9
2,2,24,1.6,16.74853383136439,0.0,7,9
2,2,25,1.8,17.092057984978112,0.0,7,9
2,2,26,1.4,15.99795151072023,0.0,7,9
2,2,27,2.0,14.924543496636343,0.0,7,9
2,2,28,1.6,19.21357750059395,0.0,7,9
2,2,29,1.8,20.363755692328986,0.0,7,9
2,2,30,1.6,19.906221590442733,0.0,7,9
2,2,31,1.4,19.736586508008216,0.0,7,9
2,2,32,1.6,22.863070203117385,0.0,7,9
2,2,33,2.0,12.722484038457461,0.0,7,9
2,2,34,1.4,23.038245384723115,0.0,7,9
2,2,35,1.4,13.311440300536514,0.0,7,9
2,2,36,1.6,15.045690161632532,0.0,7,9
2,2,37,1.8,14.414077802205492,0.0,7,9
3,2,1,2.0,16.4697203194606,0.0,7,9
3,2,2,2.6,13.326326028516577,0.0,7,9
3,2,3,2.0,14.27866197911966,0.0,7,9
3,2,4,2.0,17.027330314133263,0.0,7,9
3,2,5,1.6,16.732401368652244,0.0,7,9
3,2,6,1.8,12.522151333536922,0.0,7,9
3,2,7,1.6,17.184409706240615,0.0,7,9
3,2,8,2.0,11.744607414511725,0.0,7,9
3,2,9,1.6,24.69567216880925,0.0,7,9
3,2,10,1.4,16.143380732487504,0.0,7,9
3,2,11,1.6,20.65226028774859,0.0,7,9
3,2,12,1.4,30.040870145079698,0.0,7,9
3,2,13,1.4,19.5460771348123,0.0,7,9
3,2,14,1.8,22.92752931269814,0.0,7,9
3,2,15,1.4,23.800210008364687,0.0,7,9
3,2,16,1.6,15.37507436113681,0.0,7,9
3,2,17,1.4,16.644488688815926,0.0,7,9
3,2,18,1.4,24.240238732972408,0.0,7,9
3,2,19,1.6,18.07495203747563,0.0,7,9
3,2,20,1.8,19.509150249792828,0.0,7,9
3,2,21,2.0,11.60670378766053,0.0,7,9
3,2,22,2.0,16.062812588192223,0.0,7,9
3,2,23,2.0,15.09958981366798,0.0,7,9
3,2,24,1.6,16.44421930444729,0.0,7,9
3,2,25,1.6,26.475944530380353,0.0,7,9
3,2,26,2.2,10.790751390045065,0.0,7,9
3,2,27,1.4,26.127218304334104,0.0,7,9
3,2,28,1.4,23.29666296488568,0.0,7,9
3,2,29,1.6,16.325827435845657,0.0,7,9
3,2,30,1.8,23.749570853611225,0.0,7,9
3,2,31,1.4,17.627839824497958,0.0,7,9
3,2,32,1.4,23.388722318091553,0.0,7,9
3,2,33,1.8,14.677823934469833,0.0,7,9
3,2,34,1.8,13.31129779812857,0.0,7,9
3,2,35,1.4,16.337528215267923,0.0,7,9
3,2,36,2.0,14.32392679491796,0.0,7,9
3,2,37,1.4,24.023107719019208,0.0,7,9
1,3,1,2.8,12.957865869358585,0.0,7,9
1,3,2,2.8,16.845572407550712,0.0,7,9
1,3,3,2.8,13.031596677234187,0.0,7,9
1,3,4,2.0,15.81841783227272,0.0,7,9
1,3,5,2.0,14.894365484907773,0.0,7,9
1,3,6,2.0,28.403939189113135,0.0,7,9
1,3,7,1.6,19.45609956052867,0.0,7,9
1,3,8,1.8,14.815319759992315,0.0,7,9
1,3,9,1.6,23.388929416007812,0.0,7,9
1,3,10,2.0,15.649955244007932,0.0,7,9
1,3,11,1.6,23.194082474953742,0.0,7,9
1,3,12,1.4,25.20169344007954,0.0,7,9
1,3,13,1.6,24.734111549883057,0.0,7,9
1,3,14,1.6,30.253808217311256,0.0,7,9
1,3,15,1.4,18.298570374611643,0.0,7,9
1,3,16,1.8,25.07491275818539,0.0,7,9
1,3,17,1.4,28.210413610115985,0.0,7,9
1,3,18,1.6,44.057312597241,0.0,7,9
1,3,19,1.4,35.592817553521265,0.0,7,9
1,3,20,1.6,19.915209544222453,0.0,7,9
1,3,21,1.4,26.205666046486733,0.0,7,9
1,3,22,1.4,41.414443484510585,0.0,7,9
1,3,23,1.6,23.451056425239702,0.0,7,9
1,3,24,1.8,23.21070734924334,0.0,7,9
1,3,25,1.6,30.597358731617184,0.0,7,9
1,3,26,1.4,22.457617591987617,0.0,7,9
1,3,27,1.4,28.140075206397178,0.0,7,9
1,3,28,1.6,19.96689081887925,0.0,7,9
1,3,29,1.4,17.807980610583513,0.0,7,9
1,3,30,2.0,15.362202880719561,0.0,7,9
1,3,31,1.8,17.988560560396223,0.0,7,9
1,3,32,2.4,16.552158197196118,0.0,7,9
1,3,33,1.4,24.302862604250716,0.0,7,9
1,3,34,1.8,15.860137350592092,0.0,7,9
1,3,35,2.0,15.506318671424316,0.0,7,9
1,3,36,1.2,29.73470323819144,0.0,5,9
2,3,1,1.8,24.074130254481055,0.0,7,9
2,3,2,1.8,16.620243460603547,0.0,7,9
2,3,3,1.6,19.93838939890809,0.0,7,9
2,3,4,2.2,22.444585249656555,0.125,7,9
2,3,5,1.4,18.064719840291612,0.0,7,9
2,3,6,1.4,30.25934000437247,0.0,7,9
2,3,7,1.4,22.40085379847917,0.0,7,9
2,3,8,1.6,15.250023496577553,0.0,7,9
2,3,9,1.6,21.433213103271562,0.0,7,9
2,3,10,1.4,24.83747941714858,0.0,7,9
2,3,11,1.4,16.08387104292932,0.0,7,9
2,3,12,1.6,22.786624120771396,0.0,7,9
2,3,13,1.8,16.508199022285293,0.0,7,9
2,3,14,1.6,15.751311152650583,0.0,7,9
2,3,15,2.0,14.302906467452669,0.0,7,9
2,3,16,1.8,16.476705244659875,0.0,7,9
2,3,17,1.8,17.923516479535465,0.0,7,9
2,3,18,1.6,17.31522119204517,0.0,7,9
2,3,19,1.6,16.58813268763181,0.0,7,9
2,3,20,1.8,24.184696610962156,0.0,7,9
2,3,21,1.4,19.315912555036792,0.0,7,9
2,3,22,1.4,33.95515914624581,0.0,7,9
2,3,23,1.4,22.613111693645322,0.0,7,9
2,3,24,1.4,22.59010613710924,0.0,7,9
2,3,25,1.6,15.450709583587212,0.0,7,9
2,3,26,1.6,15.834515974684946,0.0,7,9
2,3,27,2.0,15.473709368863508,0.125,7,9
2,3,28,1.6,22.195312998566017,0.0,7,9
2,3,29,1.4,19.467522367260912,0.0,7,9
2,3,30,1.4,19.57459970941031,0.0,7,9
2,3,31,1.6,20.302697522691908,0.0,7,9
2,3,32,1.4,27.564042271817442,0.0,7,9
2,3,33,1.4,35.098320329732296,0.0,7,9
2,3,34,1.6,16.324679293484316,0.0,7,9
2,3,35,1.4,26.430217069673205,0.0,7,9
2,3,36,1.4,13.063331847804806,0.0,7,9
2,3,37,1.4,15.868739999665213,0.0,7,9
2,3,38,2.0,14.858588614949406,0.125,5,9
2,3,39,1.4,25.70316342278737,0.0,5,9
3,3,1,1.4,19.435349026399056,0.0,7,9
3,3,2,1.4,19.629609571259106,0.0,7,9
3,3,3,1.4,22.965500562764955,0.0,7,9
3,3,4,1.4,18.690298610253226,0.0,7,9
3,3,5,1.4,21.762129972002317,0.0,7,9
3,3,6,1.6,22.242398622663295,0.0,7,9
3,3,7,1.6,14.93465232298773,0.0,7,9
3,3,8,1.4,17.70097925452519,0.0,7,9
3,3,9,1.4,16.41670443415791,0.0,7,9
3,3,10,1.4,21.616484860572974,0.0,7,9
3,3,11,1.4,16.084626372578548,0.0,7,9
3,3,12,1.4,19.386028561546855,0.0,7,9
3,3,13,1.4,18.541421717494245,0.0,7,9
3,3,14,1.6,15.596478036217817,0.0,7,9
3,3,15,1.4,26.638937193493025,0.0,7,9
3,3,16,1.4,15.84866298561222,0.0,7,9
3,3,17,1.8,21.10762920868559,0.0,7,9
3,3,18,1.4,23.081653875570648,0.0,7,9
3,3,19,1.6,18.052588112172483,0.0,7,9
3,3,20,1.6,18.935852058489992,0.0,7,9
3,3,21,1.6,21.063158807000438,0.0,7,9
3,3,22,2.0,12.950740121241779,0.125,7,9
3,3,23,1.6,23.982245591576593,0.0,7,9
3,3,24,1.8,13.237488855741608,0.0,7,9
3,3,25,2.0,16.297447074986536,0.0,7,9
3,3,26,1.8,13.840752733805482,0.0,7,9
3,3,27,1.6,23.808248252555202,0.0,7,9
3,3,28,1.4,30.33771070638378,0.0,7,9
3,3,29,1.8,13.770773979756596,0.0,7,9
3,3,30,1.4,32.76915309995746,0.0,7,9
3,3,31,1.4,26.219506857362305,0.0,7,9
3,3,32,1.4,20.948085655832422,0.0,7,9
3,3,33,1.6,19.912760130878237,0.0,7,9
3,3,34,1.4,18.451880061646875,0.0,7,9
3,3,35,1.4,25.403778323333643,0.0,7,9
3,3,36,1.6,16.96911459777298,0.0,7,9
3,3,37,1.8,14.740604554186952,0.0,7,9
3,3,38,1.4,14.891536095195992,0.0,7,9
3,3,39,1.4,19.00588541479327,0.0,7,9
3,3,40,1.8,18.675886668512074,0.0,7,9
3,3,41,1.4,16.96765000515249,0.0,6,9
1,4,1,2.8,14.951147039761215,0.0,7,9
1,4,2,2.8,16.25485324428057,0.0,7,9
1,4,3,2.6,15.597963542001244,0.0,7,9
1,4,4,2.2,15.139536395919533,0.0,7,9
1,4,5,2.2,11.808572538927066,0.0,7,9
1,4,6,1.8,29.622198816489366,0.0,7,9
1,4,7,1.6,16.751792773067596,0.0,7,9
1,4,8,1.6,18.85750124735307,0.0,7,9
1,4,9,1.6,22.73750472530249,0.0,7,9
1,4,10,1.8,15.713794267723483,0.0,7,9
1,4,11,1.4,53.862186127297335,0.0,7,9
1,4,12,1.6,14.500275043867823,0.0,7,9
1,4,13,1.4,26.94739508801155,0.0,7,9
1,4,14,1.8,23.376694680938773,0.0,7,9
1,4,15,1.4,45.84158166671635,0.0,7,9
1,4,16,1.6,21.130722143915698,0.0,7,9
1,4,17,1.4,35.11143417371775,0.0,7,9
1,4,18,1.8,22.527701620645153,0.0,7,9
1,4,19,1.4,40.601928626493205,0.0,7,9
1,4,20,1.4,29.394217367866016,0.0,7,9
1,4,21,1.4,22.068841839048513,0.0,7,9
1,4,22,1.4,51.826672733509284,0.0,7,9
1,4,23,1.4,32.275433445851746,0.0,7,9
1,4,24,1.6,22.033982274734118,0.0,7,9
1,4,25,1.4,49.92130033690751,0.0,7,9
1,4,26,1.4,35.240771595214575,0.0,7,9
1,4,27,1.4,20.658407758263788,0.0,7,9
1,4,28,1.6,20.839014165671063,0.0,7,9
1,4,29,1.8,20.82528113455199,0.0,7,9
1,4,30,2.0,11.130535440289288,0.0,7,9
1,4,31,2.2,14.211515574284732,0.0,7,9
1,4,32,2.2,18.9468477741148,0.0,7,9
1,4,33,1.6,26.606399951105985,0.0,7,9
1,4,34,1.6,18.08801484529844,0.0,7,9
1,4,35,1.8,20.646359882791533,0.0,7,9
1,4,36,2.0,15.99703136316644,0.0,7,9
2,4,1,1.8,30.120696096745966,0.0,7,9
2,4,2,1.6,18.996388937023212,0.0,7,9
2,4,3,1.6,16.349004947858752,0.0,7,9
2,4,4,1.8,26.446014990024114,0.0,7,9
2,4,5,1.6,18.698640772202182,0.0,7,9
2,4,6,1.6,13.781366652510572,0.0,7,9
2,4,7,1.8,20.329097026749263,0.0,7,9
2,4,8,2.0,16.111086702414124,0.0,7,9
2,4,9,1.8,14.582476204246758,0.0,7,9
2,4,10,1.6,13.687751792508417,0.0,7,9
2,4,11,1.8,20.373710731533897,0.0,7,9
2,4,12,1.6,24.2186967179426,0.0,7,9
2,4,13,2.0,12.1979562221014,0.0,7,9
2,4,14,1.6,22.37552502901645,0.0,7,9
2,4,15,1.6,20.604552420538557,0.0,7,9
2,4,16,1.8,20.103310556656705,0.0,7,9
2,4,17,1.8,19.342408966586753,0.0,7,9
2,4,18,1.6,14.815097923474612,0.0,7,9
2,4,19,2.0,18.364773751856614,0.0,7,9
2,4,20,1.6,14.952898025616552,0.0,7,9
2,4,21,1.4,29.107281301458475,0.0,7,9
2,4,22,1.4,29.76677442339906,0.0,7,9
2,4,23,1.4,22.59010613710924,0.0,7,9
2,4,24,1.8,13.772670596359433,0.0,7,9
2,4,25,1.4,16.529027297212487,0.0,7,9
2,4,26,2.0,14.69307199988435,0.125,7,9
2,4,27,1.6,20.34914800000131,0.0,7,9
2,4,28,1.4,18.637024916236953,0.0,7,9
2,4,29,1.4,21.653667277022922,0.0,7,9
2,4,30,1.6,24.53841040471708,0.0,7,9
2,4,31,1.4,20.192715641479797,0.0,7,9
2,4,32,1.6,28.91632005177461,0.0,7,9
2,4,33,1.4,19.269400128868597,0.0,7,9
2,4,34,1.6,18.912960197595726,0.0,7,9
2,4,35,1.4,17.160494936980857,0.0,7,9
2,4,36,1.4,16.235284007004886,0.0,7,9
2,4,37,1.8,14.352698902986168,0.125,7,9
2,4,38,1.4,28.72063838422932,0.0,5,9
3,4,1,1.4,23.194301332594794,0.0,7,9
3,4,2,1.4,16.54901345077684,0.0,7,9
3,4,3,1.4,21.06699148815129,0.0,7,9
3,4,4,1.4,20.64617069114898,0.0,7,9
3,4,5,1.4,19.537566290332347,0.0,7,9
3,4,6,1.4,18.161306764494686,0.0,7,9
3,4,7,1.4,22.66031424465442,0.0,7,9
3,4,8,1.4,17.053116710798573,0.0,7,9
3,4,9,1.4,20.467683330578435,0.0,7,9
3,4,10,1.4,15.991833127163542,0.0,7,9
3,4,11,1.4,18.619733017400286,0.0,7,9
3,4,12,1.6,16.257163351354137,0.0,7,9
3,4,13,1.4,16.37450496382204,0.0,7,9
3,4,14,1.8,17.911065860407287,0.0,7,9
3,4,15,1.4,24.117840229421564,0.0,7,9
3,4,16,1.4,18.5952436571006,0.0,7,9
3,4,17,1.4,31.27806895240763,0.0,7,9
3,4,18,1.4,44.44085576482503,0.0,7,9
3,4,19,1.8,12.854433319599073,0.0,7,9
3,4,20,1.6,17.17891579002301,0.0,7,9
3,4,21,1.6,15.739904610992346,0.0,7,9
3,4,22,1.8,13.571746014983669,0.125,7,9
3,4,23,1.4,33.06674640588966,0.0,7,9
3,4,24,1.6,13.264591947556056,0.0,7,9
3,4,25,1.6,24.072312519090616,0.0,7,9
3,4,26,1.6,19.572186233782396,0.0,7,9
3,4,27,1.4,16.822923180965393,0.0,7,9
3,4,28,1.4,25.86257563786514,0.0,7,9
3,4,29,1.4,26.72582099625953,0.0,7,9
3,4,30,1.8,14.027575032799739,0.0,7,9
3,4,31,1.8,20.658936339102794,0.0,7,9
3,4,32,1.4,20.923642352679384,0.0,7,9
3,4,33,1.4,18.625454434527768,0.0,7,9
3,4,34,1.4,27.355721951015607,0.0,7,9
3,4,35,1.8,14.340315280738414,0.0,7,9
3,4,36,1.6,27.712448671507136,0.0,7,9
3,4,37,1.6,19.426464249688575,0.0,7,9
3,4,38,1.8,11.58782209492966,0.0,7,9
3,4,39,1.4,24.82459316784393,0.0,7,9
3,4,40,1.4,18.60545450298339,0.0,7,9
3,4,41,1.4,27.265730043238566,0.0,7,9
3,4,42,1.2,22.098447024018327,0.0,5,9
1,5,1,2.8,16.46240422985126,0.0,7,9
1,5,2,2.8,17.738127283254357,0.0,7,9
1,5,3,2.6,15.05249063545641,0.0,7,9
1,5,4,2.8,8.461816546385535,0.0,7,9
1,5,5,2.0,18.210695627160554,0.0,7,9
1,5,6,1.6,43.983881005282086,0.0,7,9
1,5,7,1.4,20.891712427680766,0.0,7,9
1,5,8,1.8,16.037631050265333,0.0,7,9
1,5,9,1.4,18.493886747667872,0.0,7,9
1,5,10,1.6,15.078760293133305,0.0,7,9
1,5,11,1.4,33.39460083129214,0.0,7,9
1,5,12,1.8,15.33889237903534,0.0,7,9
1,5,13,1.4,29.02404657128154,0.0,7,9
1,5,14,1.8,26.928442654010947,0.0,7,9
1,5,15,1.6,20.548493352080214,0.0,7,9
1,5,16,1.6,23.12758905576326,0.0,7,9
1,5,17,1.6,27.118063206838634,0.0,7,9
1,5,18,1.6,27.223826176665344,0.0,7,9
1,5,19,1.4,33.677895722699986,0.0,7,9
1,5,20,1.4,17.41670227518269,0.0,7,9
1,5,21,1.4,25.995000992677536,0.0,7,9
1,5,22,1.6,42.73358788944107,0.0,7,9
1,5,23,1.6,23.170055261688624,0.0,7,9
1,5,24,1.4,27.957588574443363,0.0,7,9
1,5,25,1.8,23.685504746459674,0.0,7,9
1,5,26,1.4,19.639827559555457,0.0,7,9
1,5,27,1.4,24.83134253959285,0.0,7,9
1,5,28,1.4,43.04694133471832,0.0,7,9
1,5,29,1.4,19.89055597046255,0.0,7,9
1,5,30,1.6,17.972950798948826,0.0,7,9
1,5,31,2.4,10.71958860830045,0.0,7,9
1,5,32,2.4,14.763313410755913,0.0,7,9
1,5,33,2.0,12.901193977347283,0.0,7,9
1,5,34,1.8,19.611027894864453,0.0,7,9
1,5,35,2.0,12.94436018566958,0.0,7,9
2,5,1,2.4,17.354680986217545,0.0,7,9
2,5,2,2.2,14.458267452508474,0.0,7,9
2,5,3,2.0,17.11963814033504,0.0,7,9
2,5,4,2.2,13.708139919182129,0.125,7,9
2,5,5,1.6,18.397580914502285,0.0,7,9
2,5,6,1.8,13.919406071345577,0.0,7,9
2,5,7,1.4,20.08007257196732,0.0,7,9
2,5,8,1.4,20.61862081414447,0.0,7,9
2,5,9,1.4,26.76904424957798,0.0,7,9
2,5,10,1.6,16.34149105879736,0.0,7,9
2,5,11,1.4,27.260900433812782,0.0,7,9
2,5,12,1.6,18.771503467428314,0.0,7,9
2,5,13,2.2,12.046369103445087,0.0,7,9
2,5,14,2.0,13.361196333107548,0.0,7,9
2,5,15,1.8,21.717410207317098,0.0,7,9
2,5,16,2.4,14.001701940306102,0.0,7,9
2,5,17,1.8,14.991293545354411,0.0,7,9
2,5,18,1.8,27.19632376084566,0.0,7,9
2,5,19,1.6,16.44004200963906,0.0,7,9
2,5,20,1.4,22.72609444641063,0.0,7,9
2,5,21,1.4,20.02214423855246,0.0,7,9
2,5,22,1.4,19.30939644079178,0.0,7,9
2,5,23,1.4,17.845158865560546,0.0,7,9
2,5,24,1.8,14.244507486601485,0.0,7,9
2,5,25,1.6,14.480421252265138,0.0,7,9
2,5,26,1.6,32.67596264648095,0.0,7,9
2,5,27,2.0,13.849459025173044,0.0,7,9
2,5,28,1.8,17.791855902223084,0.0,7,9
2,5,29,2.0,16.144476559058827,0.0,7,9
2,5,30,1.4,24.881594635988403,0.0,7,9
2,5,31,1.4,34.09945644379222,0.0,7,9
2,5,32,1.8,16.359995927990997,0.0,7,9
2,5,33,1.6,14.114914599556446,0.0,7,9
2,5,34,1.4,13.918643449144998,0.0,7,9
2,5,35,1.4,18.83771819568387,0.0,7,9
2,5,36,1.8,18.197579375421583,0.0,7,9
3,5,1,1.8,14.530740906573266,0.0,7,9
3,5,2,2.0,13.92650014392505,0.0,7,9
3,5,3,2.0,17.78608057699874,0.0,7,9
3,5,4,2.2,13.863987859264947,0.0,7,9
3,5,5,1.8,18.39811661604173,0.0,7,9
3,5,6,1.6,14.923199482985464,0.0,7,9
3,5,7,1.6,15.249526774091324,0.0,7,9
3,5,8,1.4,19.606863676088928,0.0,7,9
3,5,9,2.0,12.702042165599421,0.0,7,9
3,5,10,1.6,16.44296877002427,0.0,7,9
3,5,11,1.4,27.386728023990216,0.0,7,9
3,5,12,1.4,29.151504681320326,0.0,7,9
3,5,13,1.4,23.347429645656312,0.0,7,9
3,5,14,1.6,19.623994298940215,0.0,7,9
3,5,15,1.6,26.485060364966746,0.0,7,9
3,5,16,1.6,19.060920572133465,0.0,7,9
3,5,17,1.8,18.63499773050072,0.0,7,9
3,5,18,1.6,30.268096738062503,0.0,7,9
3,5,19,2.0,12.546761320097168,0.125,7,9
3,5,20,1.6,24.39942335497116,0.0,7,9
3,5,21,1.4,16.299877275801325,0.0,7,9
3,5,22,1.4,27.4439854965022,0.0,7,9
3,5,23,2.0,15.345304190620801,0.0,7,9
3,5,24,1.6,15.7514092343506,0.0,7,9
3,5,25,1.4,26.689397003795058,0.0,7,9
3,5,26,1.4,30.641693191484496,0.0,7,9
3,5,27,2.0,10.677574358628988,0.0,7,9
3,5,28,1.4,28.04292687009835,0.0,7,9
3,5,29,1.4,28.14508834552158,0.0,7,9
3,5,30,1.4,21.736591786993092,0.0,7,9
3,5,31,1.8,16.217007382104523,0.0,7,9
3,5,32,1.4,18.939272780294687,0.0,7,9
3,5,33,1.4,33.221181700435324,0.0,7,9
3,5,34,1.6,21.20006377668532,0.0,7,9
3,5,35,1.6,13.564749396457671,0.0,7,9
3,5,36,1.4,22.573355756072846,0.0,7,9
3,5,37,1.6,16.14457897684851,0.0,7,9
3,5,38,1.6,23.211485803605253,0.0,7,9
3,5,39,1.2,20.89074796796778,0.0,5,9
1,6,1,2.8,14.311978240471099,0.0,7,9
1,6,2,2.8,15.582334430252487,0.0,7,9
1,6,3,2.4,17.1061914603248,0.0,7,9
1,6,4,2.0,22.175618783469957,0.0,7,9
1,6,5,2.0,12.011099882444185,0.0,7,9
1,6,6,1.6,26.266885807600342,0.0,7,9
1,6,7,1.6,29.722284249155365,0.0,7,9
1,6,8,1.8,15.312764680944067,0.0,7,9
1,6,9,1.4,32.561823459000415,0.0,7,9
1,6,10,1.6,17.014673748822194,0.0,7,9
1,6,11,1.8,28.49208860610131,0.0,7,9
1,6,12,1.6,26.389321889597607,0.0,7,9
1,6,13,1.6,28.093409830140622,0.0,7,9
1,6,14,1.6,21.77246484818791,0.0,7,9
1,6,15,1.6,26.168384102154533,0.0,7,9
1,6,16,1.4,19.84713091525129,0.0,7,9
1,6,17,1.6,73.339623730657,0.0,7,9
1,6,18,1.6,33.396365763080176,0.0,7,9
1,6,19,1.8,34.27867572410545,0.0,7,9
1,6,20,1.4,34.810027721483905,0.0,7,9
1,6,21,1.6,22.928595303106356,0.0,7,9
1,6,22,1.4,33.24288396803168,0.0,7,9
1,6,23,1.4,56.47301155357526,0.0,7,9
1,6,24,1.6,22.033982274734214,0.0,7,9
1,6,25,1.4,35.507678343784235,0.0,7,9
1,6,26,1.8,19.68666139611156,0.0,7,9
1,6,27,1.4,27.617973512205165,0.0,7,9
1,6,28,2.0,20.268399859379933,0.0,7,9
1,6,29,1.4,15.525396391908716,0.0,7,9
1,6,30,2.2,15.512507936117393,0.0,7,9
1,6,31,2.0,13.838553615883244,0.0,7,9
1,6,32,1.8,27.139360380724597,0.0,7,9
1,6,33,1.8,18.113863304579652,0.0,7,9
1,6,34,1.8,20.775935213901267,0.0,7,9
1,6,35,1.8,13.597443523527419,0.0,7,9
1,6,36,1.6,21.809200156712272,0.0,5,9
2,6,1,1.8,31.517657629121384,0.0,7,9
2,6,2,2.4,12.069118008014376,0.0,7,9
2,6,3,1.6,17.57809592155449,0.0,7,9
2,6,4,2.2,27.581594841921,0.125,7,9
2,6,5,2.0,11.084563015887097,0.0,7,9
2,6,6,1.6,22.020280847777943,0.0,7,9
2,6,7,1.8,15.411693996086193,0.0,7,9
2,6,8,1.6,19.351671794483334,0.0,7,9
2,6,9,1.4,25.973286615700683,0.0,7,9
2,6,10,1.4,14.603372998351155,0.0,7,9
2,6,11,1.6,18.772130680560853,0.0,7,9
2,6,12,1.4,27.88147105758864,0.0,7,9
2,6,13,1.8,14.890095335137636,0.0,7,9
2,6,14,2.4,12.959711570532308,0.0,7,9
2,6,15,1.8,18.677957630341083,0.0,7,9
2,6,16,2.0,23.626330358938322,0.0,7,9
2,6,17,1.8,12.737659656971873,0.0,7,9
2,6,18,1.8,18.261284580680773,0.0,7,9
2,6,19,1.6,23.10577734648237,0.0,7,9
2,6,20,1.4,30.196933754943657,0.0,7,9
2,6,21,1.4,18.532509247793843,0.0,7,9
2,6,22,1.4,20.52434751905612,0.0,7,9
2,6,23,1.4,20.139216818425105,0.0,7,9
2,6,24,1.8,14.797124237582539,0.0,7,9
2,6,25,1.4,16.259755230758003,0.0,7,9
2,6,26,2.0,14.780010804112777,0.125,7,9
2,6,27,1.4,21.625492249047625,0.0,7,9
2,6,28,1.4,31.427450823985087,0.0,7,9
2,6,29,1.4,18.265382458513024,0.0,7,9
2,6,30,1.4,17.739201036824355,0.0,7,9
2,6,31,1.4,24.78108064559572,0.0,7,9
2,6,32,1.4,29.422906024485265,0.0,7,9
2,6,33,1.6,15.715584080336845,0.0,7,9
2,6,34,1.4,19.702186330774943,0.0,7,9
2,6,35,1.4,15.005556917272212,0.0,7,9
2,6,36,1.4,17.140235893013248,0.0,7,9
2,6,37,1.4,15.461264682984222,0.0,7,9
2,6,38,1.6,24.454705997232583,0.0,7,9
3,6,1,1.4,19.87750474888003,0.0,7,9
3,6,2,1.4,20.347980346914245,0.0,7,9
3,6,3,1.4,22.965500562764955,0.0,7,9
3,6,4,1.4,19.21887744205093,0.0,7,9
3,6,5,1.4,20.049951733566818,0.0,7,9
3,6,6,2.0,19.90216394590132,0.0,7,9
3,6,7,1.4,17.674299030379032,0.0,7,9
3,6,8,1.4,17.131284332842622,0.0,7,9
3,6,9,1.4,21.746355086852518,0.0,7,9
3,6,10,1.4,16.86911519402739,0.0,7,9
3,6,11,1.4,16.45287540514811,0.0,7,9
3,6,12,1.6,14.906507776316179,0.0,7,9
3,6,13,1.4,16.70954454432558,0.0,7,9
3,6,14,1.8,18.768478524647488,0.0,7,9
3,6,15,1.4,20.526572953694966,0.0,7,9
3,6,16,1.8,16.387157244093615,0.0,7,9
3,6,17,1.4,22.961345371404292,0.0,7,9
3,6,18,1.4,23.688044137058426,0.0,7,9
3,6,19,1.6,16.85916493187478,0.0,7,9
3,6,20,1.4,25.999527793494778,0.0,7,9
3,6,21,1.6,17.78345810842671,0.0,7,9
3,6,22,1.8,16.718400563514418,0.0,7,9
3,6,23,1.6,25.53656563259149,0.0,7,9
3,6,24,1.4,17.28175368604453,0.0,7,9
3,6,25,1.6,30.85232203326257,0.0,7,9
3,6,26,1.6,15.734060955671254,0.0,7,9
3,6,27,1.8,17.039557407450005,0.0,7,9
3,6,28,1.4,23.751904254619234,0.0,7,9
3,6,29,1.6,16.120180540630233,0.0,7,9
3,6,30,1.6,17.194453652706432,0.0,7,9
3,6,31,1.6,25.313202284926685,0.0,7,9
3,6,32,1.4,19.05054036235657,0.0,7,9
3,6,33,1.6,19.155407193117394,0.0,7,9
3,6,34,1.6,19.699712817575787,0.0,7,9
3,6,35,1.4,29.435379848272632,0.0,7,9
3,6,36,1.6,22.473440470654694,0.0,7,9
3,6,37,1.6,15.695251371210654,0.0,7,9
3,6,38,1.4,16.084480489399223,0.0,7,9
3,6,39,1.4,18.914257710765096,0.0,7,9
3,6,40,1.6,14.481972614108301,0.0,7,9
3,6,41,1.4,21.691014100510344,0.0,7,9
1,7,1,2.8,16.15349793115103,0.0,7,9
1,7,2,2.8,17.68606683409865,0.0,7,9
1,7,3,2.6,16.315918556259106,0.0,7,9
1,7,4,2.4,12.409931107077497,0.0,7,9
1,7,5,2.4,10.907461538352187,0.0,7,9
1,7,6,1.4,46.81424996892435,0.0,7,9
1,7,7,1.6,15.502058864750365,0.0,7,9
1,7,8,1.6,19.851453013736197,0.0,7,9
1,7,9,1.4,25.4820269942384,0.0,7,9
1,7,10,1.6,17.433761963879956,0.0,7,9
1,7,11,1.4,30.793058420513,0.0,7,9
1,7,12,1.4,30.70235043248499,0.0,7,9
1,7,13,1.4,27.052315819598956,0.0,7,9
1,7,14,1.4,30.226717750496597,0.0,7,9
1,7,15,1.4,31.483760269009306,0.0,7,9
1,7,16,1.4,22.12873548307019,0.0,7,9
1,7,17,1.6,44.97118891299893,0.0,7,9
1,7,18,1.6,29.694591833697636,0.0,7,9
1,7,19,1.6,30.163768737845643,0.0,7,9
1,7,20,1.8,26.423466528703507,0.0,7,9
1,7,21,1.6,19.85906551233356,0.0,7,9
1,7,22,1.6,23.01087473342256,0.0,7,9
1,7,23,1.6,29.748173590897064,0.0,7,9
1,7,24,1.6,24.850838044085897,0.0,7,9
1,7,25,1.4,37.26428251513595,0.0,7,9
1,7,26,1.8,16.02253653793679,0.0,7,9
1,7,27,1.4,29.951590056181857,0.0,7,9
1,7,28,1.4,45.13958795336054,0.0,7,9
1,7,29,1.4,22.941082812848855,0.0,7,9
1,7,30,1.6,17.15138938211486,0.0,7,9
1,7,31,1.8,19.01968698090526,0.0,7,9
1,7,32,1.8,14.906409619570992,0.0,7,9
1,7,33,1.8,45.74222113821908,0.0,7,9
1,7,34,2.0,14.37964680489732,0.0,7,9
1,7,35,1.4,34.25366493248407,0.0,7,9
1,7,36,1.6,17.2186666896659,0.0,7,9
1,7,37,1.6,27.229307788016854,0.0,6,9
2,7,1,1.8,23.97974196593249,0.0,7,9
2,7,2,2.0,14.087092398960511,0.0,7,9
2,7,3,2.0,15.15643506645667,0.0,7,9
2,7,4,2.6,14.747622494830244,0.125,7,9
2,7,5,1.8,14.971585954081869,0.0,7,9
2,7,6,1.6,19.40783285669565,0.0,7,9
2,7,7,1.6,16.586391543912974,0.0,7,9
2,7,8,1.6,18.41920708752517,0.0,7,9
2,7,9,1.4,26.76904424957798,0.0,7,9
2,7,10,1.4,14.74419065319848,0.0,7,9
2,7,11,1.4,25.79137653182494,0.0,7,9
2,7,12,1.4,26.664010164242246,0.0,7,9
2,7,13,1.4,21.85800478927906,0.0,7,9
2,7,14,1.6,26.920886476284007,0.0,7,9
2,7,15,1.8,17.491696810324008,0.0,7,9
2,7,16,1.6,23.74780224643662,0.0,7,9
2,7,17,1.8,25.97564854783883,0.0,7,9
2,7,18,1.4,15.605472945731954,0.0,7,9
2,7,19,2.0,16.464600445026772,0.0,7,9
2,7,20,1.8,16.163468221143965,0.0,7,9
2,7,21,1.4,31.765267029378442,0.0,7,9
2,7,22,1.4,23.34207126099196,0.0,7,9
2,7,23,1.6,16.970424856337477,0.0,7,9
2,7,24,1.4,26.38894552703169,0.0,7,9
2,7,25,1.8,14.3626901899122,0.0,7,9
2,7,26,1.4,18.460606137543234,0.0,7,9
2,7,27,1.8,19.072880269771844,0.0,7,9
2,7,28,2.0,15.400197342913586,0.0,7,9
2,7,29,1.8,22.668672283883147,0.0,7,9
2,7,30,1.6,18.00281048268139,0.0,7,9
2,7,31,1.4,53.45163363990946,0.0,7,9
2,7,32,1.6,24.114457272353516,0.0,7,9
2,7,33,1.8,13.886303473269745,0.0,7,9
2,7,34,1.4,20.287204149885692,0.0,7,9
2,7,35,1.4,13.517379295512574,0.0,7,9
2,7,36,1.4,18.303679207952936,0.0,7,9
2,7,37,1.8,13.741128620088903,0.0,7,9
3,7,1,2.4,10.871677016080968,0.0,7,9
3,7,2,2.4,13.559830035262998,0.0,7,9
3,7,3,1.8,13.836613779633067,0.0,7,9
3,7,4,1.6,20.128722795868743,0.0,7,9
3,7,5,1.6,15.443220892937635,0.0,7,9
3,7,6,1.8,11.821916333493741,0.0,7,9
3,7,7,1.4,18.729231160964794,0.0,7,9
3,7,8,1.4,19.05703305117954,0.0,7,9
3,7,9,1.4,18.189397992835612,0.0,7,9
3,7,10,1.4,27.244347511527284,0.0,7,9
3,7,11,1.4,14.36173169923147,0.0,7,9
3,7,12,1.6,20.175378946133968,0.0,7,9
3,7,13,1.4,28.237811333845276,0.0,7,9
3,7,14,1.4,17.37989768805525,0.0,7,9
3,7,15,1.8,22.341274735410884,0.0,7,9
3,7,16,1.6,25.61943582334779,0.0,7,9
3,7,17,1.4,15.802194753826019,0.0,7,9
3,7,18,1.6,23.434156788772235,0.0,7,9
3,7,19,1.6,22.29146037436546,0.0,7,9
3,7,20,2.0,13.829230174226335,0.125,7,9
3,7,21,1.6,23.43098785773984,0.0,7,9
3,7,22,1.8,11.58290081651254,0.0,7,9
3,7,23,1.6,19.313561555071967,0.0,7,9
3,7,24,1.4,17.557581565688317,0.0,7,9
3,7,25,1.8,18.5372572524817,0.0,7,9
3,7,26,1.4,27.365156556671728,0.0,7,9
3,7,27,2.0,12.402430949758848,0.0,7,9
3,7,28,2.0,20.457494622825774,0.0,7,9
3,7,29,1.4,24.730904719619563,0.0,7,9
3,7,30,1.4,21.736591786993447,0.0,7,9
3,7,31,1.8,18.414148027080415,0.0,7,9
3,7,32,1.4,17.57843454228491,0.0,7,9
3,7,33,1.6,26.860506456361236,0.0,7,9
3,7,34,1.4,25.601274826241607,0.0,7,9
3,7,35,1.6,12.718511780743118,0.0,7,9
3,7,36,1.4,23.52858502565794,0.0,7,9
3,7,37,1.4,21.063353661172645,0.0,7,9
3,7,38,1.6,19.712184112601683,0.0,7,9
3,7,39,1.4,18.124106042895427,0.0,6,9
1,8,1,2.8,14.804224291927898,0.0,7,9
1,8,2,2.8,16.567685713231523,0.0,7,9
1,8,3,2.8,14.900541880482452,0.0,7,9
1,8,4,1.8,27.007950856327923,0.0,7,9
1,8,5,2.2,11.601589638017016,0.0,7,9
1,8,6,1.8,30.6089608645914,0.0,7,9
1,8,7,1.6,15.642169234053476,0.0,7,9
1,8,8,1.4,30.955104710445184,0.0,7,9
1,8,9,1.4,26.758481788158374,0.0,7,9
1,8,10,1.6,19.146481610234233,0.0,7,9
1,8,11,1.4,35.983642646656214,0.0,7,9
1,8,12,1.4,37.21078658167567,0.0,7,9
1,8,13,1.4,17.928629172906817,0.0,7,9
1,8,14,1.4,29.997103838024625,0.0,7,9
1,8,15,1.4,29.878804497658745,0.0,7,9
1,8,16,1.4,29.33039938514682,0.0,7,9
1,8,17,1.4,27.052314656390127,0.0,7,9
1,8,18,1.4,37.082044663302995,0.0,7,9
1,8,19,1.8,23.51259996310072,0.0,7,9
1,8,20,1.4,34.572593826668495,0.0,7,9
1,8,21,1.4,20.915585485142895,0.0,7,9
1,8,22,1.4,18.891816055010636,0.0,7,9
1,8,23,1.6,30.571238550963066,0.0,7,9
1,8,24,1.4,28.873238855349392,0.0,7,9
1,8,25,2.0,19.037144669340982,0.0,7,9
1,8,26,1.8,34.35231703345113,0.0,7,9
1,8,27,1.6,16.308785180080058,0.0,7,9
1,8,28,1.4,26.68143336061939,0.0,7,9
1,8,29,1.4,30.512539550272724,0.0,7,9
1,8,30,1.4,20.34857591908145,0.0,7,9
1,8,31,1.6,23.73559973651346,0.0,7,9
1,8,32,2.4,12.017238363797263,0.0,7,9
1,8,33,2.4,17.288302403998987,0.0,7,9
1,8,34,1.6,18.258364117784318,0.0,7,9
1,8,35,1.8,15.860137350592092,0.0,7,9
1,8,36,1.8,15.061714798685655,0.0,7,9
1,8,37,1.75,16.499029274563014,0.0,4,9
2,8,1,1.8,29.116932002253776,0.0,7,9
2,8,2,2.0,14.83901313782221,0.0,7,9
2,8,3,2.0,15.905321776975974,0.0,7,9
2,8,4,2.4,15.786103482783982,0.0,7,9
2,8,5,1.8,16.091722864443454,0.0,7,9
2,8,6,2.0,14.20871061581066,0.0,7,9
2,8,7,1.8,17.829775217369072,0.0,7,9
2,8,8,2.0,14.68692916256542,0.0,7,9
2,8,9,1.6,17.061626400211416,0.0,7,9
2,8,10,1.8,18.21906938286354,0.0,7,9
2,8,11,1.8,21.498538409063446,0.0,7,9
2,8,12,1.8,17.004434591586605,0.0,7,9
2,8,13,2.0,17.702045981686332,0.0,7,9
2,8,14,2.2,14.49630466158599,0.0,7,9
2,8,15,1.8,25.122086506567364,0.0,7,9
2,8,16,1.6,13.781615289660502,0.0,7,9
2,8,17,1.8,17.544607218904414,0.0,7,9
2,8,18,1.6,28.177024359137654,0.0,7,9
2,8,19,1.4,24.85835960151026,0.0,7,9
2,8,20,1.4,21.358532313495232,0.0,7,9
2,8,21,1.4,24.201785862043295,0.0,7,9
2,8,22,1.4,22.75093959290346,0.0,7,9
2,8,23,1.4,22.796267999914303,0.0,7,9
2,8,24,1.4,20.830905500288086,0.0,7,9
2,8,25,2.0,12.42563713641354,0.125,7,9
2,8,26,1.4,26.59291527995772,0.0,7,9
2,8,27,1.4,17.566458081528964,0.0,7,9
2,8,28,1.4,22.203945923317143,0.0,7,9
2,8,29,1.6,16.29893957479668,0.0,7,9
2,8,30,1.4,19.119602508203577,0.0,7,9
2,8,31,1.6,26.4182739031579,0.0,7,9
2,8,32,1.8,14.685759019465095,0.0,7,9
2,8,33,1.4,18.509665463559923,0.0,7,9
2,8,34,1.4,16.503718475828624,0.0,7,9
2,8,35,1.6,17.16392853773352,0.0,7,9
2,8,36,1.8,13.618739640673606,0.125,7,9
2,8,37,1.0,41.02750513646056,0.0,5,9
3,8,1,1.4,15.654648644304453,0.0,7,9
3,8,2,1.4,17.495815743441558,0.0,7,9
3,8,3,1.4,19.213891376390528,0.0,7,9
3,8,4,1.4,22.54914345119881,0.0,7,9
3,8,5,1.4,19.170140189693186,0.0,7,9
3,8,6,1.4,22.259323699639022,0.0,7,9
3,8,7,1.6,15.71709268022648,0.0,7,9
3,8,8,1.4,18.27857437108088,0.0,7,9
3,8,9,1.4,17.101723641297813,0.0,7,9
3,8,10,1.4,23.5872833731451,0.0,7,9
3,8,11,1.6,14.27917405728341,0.0,7,9
3,8,12,1.6,17.34828670112635,0.0,7,9
3,8,13,1.4,18.144052894947322,0.0,7,9
3,8,14,1.6,24.316318545694887,0.0,7,9
3,8,15,1.4,25.41747761492393,0.0,7,9
3,8,16,1.4,17.129927196086904,0.0,7,9
3,8,17,1.6,25.813747509582544,0.0,7,9
3,8,18,1.6,18.662098672044678,0.0,7,9
3,8,19,1.6,22.075681724423355,0.0,7,9
3,8,20,1.6,20.103489880287636,0.0,7,9
3,8,21,1.6,18.25314978901406,0.0,7,9
3,8,22,1.8,14.380418874231522,0.125,5,9
3,8,23,1.4,23.43685415602048,0.0,7,9
3,8,24,1.6,14.35683025128297,0.0,7,9
3,8,25,2.0,15.073146859006378,0.0,7,9
3,8,26,1.4,24.33341003493424,0.0,7,9
3,8,27,1.6,21.59919531036,0.0,7,9
3,8,28,1.4,23.4299334881466,0.0,7,9
3,8,29,1.6,17.34857923812201,0.0,7,9
3,8,30,2.0,17.437892978788398,0.0,7,9
3,8,31,1.4,28.22621303747202,0.0,7,9
3,8,32,1.6,17.640064956554347,0.0,7,9
3,8,33,1.8,15.03034962711133,0.0,7,9
3,8,34,1.4,25.648038771702794,0.0,7,9
3,8,35,1.6,21.945820102029874,0.0,7,9
3,8,36,1.6,20.70499849554414,0.0,7,9
3,8,37,1.8,12.124778794832462,0.0,7,9
3,8,38,1.4,29.55441802678013,0.0,7,9
3,8,39,1.4,17.259249494668925,0.0,7,9
3,8,40,1.4,20.868261207471722,0.0,7,9
3,8,41,1.6,18.007314111497582,0.0,7,9
1,9,1,2.8,14.311978240471102,0.0,7,9
1,9,2,2.8,16.892795691415373,0.0,7,9
1,9,3,2.8,13.807968278069202,0.0,7,9
1,9,4,2.4,12.870199671250193,0.0,7,9
1,9,5,2.2,12.204576337122187,0.0,7,9
1,9,6,1.4,33.90702847741668,0.0,7,9
1,9,7,1.6,18.05690168508237,0.0,7,9
1,9,8,1.8,18.219667842364583,0.0,7,9
1,9,9,1.4,23.739575536889536,0.0,7,9
1,9,10,1.6,23.75849028107959,0.0,7,9
1,9,11,1.4,26.610951699514303,0.0,7,9
1,9,12,1.6,21.622177762494058,0.0,7,9
1,9,13,1.4,29.14809957496331,0.0,7,9
1,9,14,1.4,28.995414765947615,0.0,7,9
1,9,15,1.6,38.80775986398851,0.0,7,9
1,9,16,1.4,17.04086813358649,0.0,7,9
1,9,17,1.4,47.17336551579903,0.0,7,9
1,9,18,1.8,20.36759269211809,0.0,7,9
1,9,19,1.4,50.78814507943327,0.0,7,9
1,9,20,1.6,34.96289390319254,0.0,7,9
1,9,21,1.4,26.28553288035586,0.0,7,9
1,9,22,1.4,51.925348464687616,0.0,7,9
1,9,23,1.4,62.416242062451786,0.0,7,9
1,9,24,1.8,16.26872388608793,0.0,7,9
1,9,25,1.4,46.53528010669214,0.0,7,9
1,9,26,1.6,25.41097316106076,0.0,7,9
1,9,27,1.6,16.306471464417072,0.0,7,9
1,9,28,1.8,22.884001235206316,0.0,7,9
1,9,29,1.4,19.996595259396823,0.0,7,9
1,9,30,1.6,17.281368858882537,0.0,7,9
1,9,31,1.6,39.72110337660403,0.0,7,9
1,9,32,2.4,11.001337882995301,0.0,7,9
1,9,33,2.2,15.206277071033764,0.0,7,9
1,9,34,1.8,15.077934665741282,0.0,7,9
1,9,35,2.2,11.342924855586226,0.0,7,9
1,9,36,2.0,15.289311804091042,0.0,4,9
2,9,1,2.4,21.65617628873114,0.0,7,9
2,9,2,2.8,9.874621851149177,0.0,7,9
2,9,3,2.4,16.618703656805906,0.0,7,9
2,9,4,2.0,14.304802627191357,0.0,7,9
2,9,5,2.0,15.577066007742038,0.0,7,9
2,9,6,2.2,12.117664099160931,0.0,7,9
2,9,7,1.8,15.351098595772518,0.0,7,9
2,9,8,1.4,16.50046610178371,0.0,7,9
2,9,9,1.4,21.547073769184955,0.0,7,9
2,9,10,1.8,20.31308186586808,0.0,7,9
2,9,11,1.8,14.331143620511778,0.0,7,9
2,9,12,1.8,19.48384677652423,0.0,7,9
2,9,13,2.0,16.10098300453653,0.0,7,9
2,9,14,1.4,22.824738417884337,0.0,7,9
2,9,15,1.6,31.185580332454236,0.0,7,9
2,9,16,1.8,11.895355428798457,0.0,7,9
2,9,17,1.6,21.000855715793364,0.0,7,9
2,9,18,1.6,23.338586287999977,0.0,7,9
2,9,19,1.4,18.991885664494408,0.0,7,9
2,9,20,1.4,21.358532313495058,0.0,7,9
2,9,21,1.4,25.72894259416632,0.0,7,9
2,9,22,1.4,22.666623752512553,0.0,7,9
2,9,23,1.8,19.085457317352404,0.0,7,9
2,9,24,1.4,21.802292457008836,0.0,7,9
2,9,25,2.2,13.87033690313177,0.125,7,9
2,9,26,1.4,24.287666554939896,0.0,7,9
2,9,27,1.4,22.031294041692895,0.0,7,9
2,9,28,1.4,17.532355293934447,0.0,7,9
2,9,29,1.6,22.577112173742723,0.0,7,9
2,9,30,1.4,23.331443774365088,0.0,7,9
2,9,31,2.4,12.342689817467477,0.125,7,9
2,9,32,1.6,18.4563780023187,0.0,7,9
2,9,33,1.4,15.546550512870459,0.0,7,9
2,9,34,1.4,15.494920916997389,0.0,7,9
2,9,35,2.0,14.03200031741553,0.125,7,9
2,9,36,1.2,28.02821960988111,0.0,6,9
3,9,1,1.4,16.065865056396547,0.0,7,9
3,9,2,1.4,19.380800412930657,0.0,7,9
3,9,3,1.4,20.164075810988,0.0,7,9
3,9,4,1.4,17.36375112354676,0.0,7,9
3,9,5,1.4,23.163241328003217,0.0,7,9
3,9,6,1.4,33.46405157094677,0.0,7,9
3,9,7,1.6,19.346343347276573,0.0,7,9
3,9,8,1.4,15.698224760018762,0.0,7,9
3,9,9,1.4,16.546521864093283,0.0,7,9
3,9,10,1.6,16.60295542615414,0.0,7,9
3,9,11,1.4,14.83608412406164,0.0,7,9
3,9,12,1.4,19.955290857255164,0.0,7,9
3,9,13,1.4,18.541421717494245,0.0,7,9
3,9,14,1.6,17.66910920315294,0.0,7,9
3,9,15,1.4,27.231984292942414,0.0,7,9
3,9,16,1.4,16.993579574230626,0.0,7,9
3,9,17,1.8,24.293567405766893,0.0,7,9
3,9,18,1.4,37.52732397427859,0.0,7,9
3,9,19,1.8,15.297789262893868,0.0,7,9
3,9,20,1.8,19.259089375018796,0.0,7,9
3,9,21,1.4,23.5476875456035,0.0,7,9
3,9,22,2.0,13.931296063618218,0.125,7,9
3,9,23,1.6,19.323975606563483,0.0,7,9
3,9,24,1.4,15.332229465902467,0.0,7,9
3,9,25,1.8,18.726039337130743,0.0,7,9
3,9,26,1.6,19.73659799958208,0.0,7,9
3,9,27,1.6,19.453562837080735,0.0,7,9
3,9,28,1.4,24.126686585467567,0.0,7,9
3,9,29,1.6,17.810081742982156,0.0,7,9
3,9,30,2.0,16.670242966538986,0.0,7,9
3,9,31,1.4,23.51976614317853,0.0,7,9
3,9,32,1.4,17.419475837127642,0.0,7,9
3,9,33,1.6,16.362946645550476,0.0,7,9
3,9,34,1.4,21.66472936767924,0.0,7,9
3,9,35,1.6,24.75646804364626,0.0,7,9
3,9,36,1.6,20.290570147345413,0.0,7,9
3,9,37,1.8,14.956891793654986,0.0,7,9
3,9,38,1.4,15.18736104737798,0.0,7,9
3,9,39,1.4,17.78969312999982,0.0,7,9
3,9,40,1.8,18.230544462550075,0.0,7,9
3,9,41,1.4,19.70032580125976,0.0,5,9
1,10,1,2.8,15.063267231064097,0.0,7,9
1,10,2,2.8,14.60070286783438,0.0,7,9
1,10,3,2.8,14.165000946324524,0.0,7,9
1,10,4,1.6,42.55784103018124,0.0,7,9
1,10,5,2.2,10.022779577788384,0.0,7,9
1,10,6,1.8,36.844200847395584,0.0,7,9
1,10,7,1.6,24.232053803841968,0.0,7,9
1,10,8,1.4,20.642248358024847,0.0,7,9
1,10,9,1.6,20.741622911090538,0.0,7,9
1,10,10,1.8,18.946414406739557,0.0,7,9
1,10,11,1.8,24.249011988797697,0.0,7,9
1,10,12,1.8,12.907586283673588,0.0,7,9
1,10,13,1.4,26.243262022800778,0.0,7,9
1,10,14,1.6,29.862398891767246,0.0,7,9
1,10,15,1.6,24.65243579219898,0.0,7,9
1,10,16,1.4,23.10995680905385,0.0,7,9
1,10,17,1.6,33.28383371732629,0.0,7,9
1,10,18,1.4,47.704089736968754,0.0,7,9
1,10,19,1.6,29.00969661013442,0.0,7,9
1,10,20,1.4,33.27241297351833,0.0,7,9
1,10,21,1.6,16.747472848629396,0.0,7,9
1,10,22,1.4,30.392622673255534,0.0,7,9
1,10,23,1.4,35.30055234461722,0.0,7,9
1,10,24,1.8,18.184995886464858,0.0,7,9
1,10,25,1.4,56.86228853775041,0.0,7,9
1,10,26,1.8,15.862303940765933,0.0,7,9
1,10,27,1.4,30.964018728163087,0.0,7,9
1,10,28,1.6,29.453871848255282,0.0,7,9
1,10,29,1.4,22.916204560233368,0.0,7,9
1,10,30,1.8,15.676047242590146,0.0,7,9
1,10,31,2.2,11.56573289108739,0.0,7,9
1,10,32,2.0,21.59970587343783,0.0,7,9
1,10,33,1.8,21.869055734237822,0.0,7,9
1,10,34,1.4,23.076548943398187,0.0,7,9
1,10,35,2.0,15.535524607692654,0.0,7,9
1,10,36,2.0,14.155685901342007,0.0,7,9
2,10,1,1.6,48.85083876334277,0.0,7,9
2,10,2,1.6,18.739350067040107,0.0,7,9
2,10,3,1.6,19.051679071540637,0.0,7,9
2,10,4,2.0,17.73943813597356,0.0,7,9
2,10,5,1.6,21.083591154948607,0.0,7,9
2,10,6,1.8,15.270631818787045,0.0,7,9
2,10,7,2.0,18.003739399415014,0.0,7,9
2,10,8,2.0,11.846930943702404,0.0,7,9
2,10,9,1.8,21.926747218239164,0.0,7,9
2,10,10,1.8,11.868724207116127,0.0,7,9
2,10,11,1.4,19.848638431320033,0.0,7,9
2,10,12,2.0,16.327570153870088,0.0,7,9
2,10,13,1.8,17.718858442792033,0.0,7,9
2,10,14,1.8,16.760759641634287,0.0,7,9
2,10,15,1.6,20.190315548697225,0.0,7,9
2,10,16,1.8,18.298894740920502,0.0,7,9
2,10,17,2.0,11.537058904203995,0.0,7,9
2,10,18,1.8,15.923839701199547,0.0,7,9
2,10,19,1.8,21.80858605769412,0.0,7,9
2,10,20,1.4,34.546753830712206,0.0,7,9
2,10,21,1.4,23.673322614866237,0.0,7,9
2,10,22,1.6,18.562197117586017,0.0,7,9
2,10,23,1.4,21.039857855158182,0.0,7,9
2,10,24,1.6,16.628165379870048,0.0,7,9
2,10,25,1.4,16.330284072846283,0.0,7,9
2,10,26,1.8,17.489084318668624,0.0,7,9
2,10,27,2.0,13.859696494397808,0.0,7,9
2,10,28,1.6,21.80517012734731,0.0,7,9
2,10,29,2.0,14.239897359776517,0.0,7,9
2,10,30,1.4,25.180867515113164,0.0,7,9
2,10,31,1.4,33.557713963346295,0.0,7,9
2,10,32,2.2,12.135461348910782,0.0,7,9
2,10,33,1.6,20.055791323299204,0.0,7,9
2,10,34,1.4,14.684830252619468,0.0,7,9
2,10,35,1.4,18.36695575064234,0.0,7,9
2,10,36,1.8,13.921924509074119,0.0,7,9
3,10,1,2.0,14.689664522853048,0.0,7,9
3,10,2,2.8,11.23738338984429,0.0,7,9
3,10,3,2.0,14.275661786470975,0.0,7,9
3,10,4,2.0,17.855539690544695,0.0,7,9
3,10,5,1.8,10.900374202002874,0.0,7,9
3,10,6,1.8,15.574623022388346,0.0,7,9
3,10,7,1.6,16.84498582493177,0.0,7,9
3,10,8,1.8,11.964922507447309,0.0,7,9
3,10,9,1.6,18.903226294209958,0.0,7,9
3,10,10,1.4,14.59392982138931,0.0,7,9
3,10,11,1.8,20.072864529531557,0.0,7,9
3,10,12,1.4,31.17517624293048,0.0,7,9
3,10,13,1.4,19.133461402432644,0.0,7,9
3,10,14,1.6,26.688789683161176,0.0,7,9
3,10,15,1.6,18.416228247680436,0.0,7,9
3,10,16,1.8,16.51078684680521,0.0,7,9
3,10,17,1.6,32.80469658041828,0.0,7,9
3,10,18,1.6,20.521662941348605,0.0,7,9
3,10,19,2.0,20.381216234342546,0.125,7,9
3,10,20,2.0,12.260882791123977,0.0,7,9
3,10,21,1.6,22.154015105249464,0.0,7,9
3,10,22,1.6,17.20474582546699,0.0,7,9
3,10,23,1.4,15.863008363047605,0.0,7,9
3,10,24,1.6,25.602153252560527,0.0,7,9
3,10,25,1.4,29.319675029395693,0.0,7,9
3,10,26,2.2,11.104211583954116,0.0,7,9
3,10,27,1.4,22.6447567221203,0.0,7,9
3,10,28,1.4,17.398482118250037,0.0,7,9
3,10,29,1.6,19.075403176885516,0.0,7,9
3,10,30,1.6,25.263598576570075,0.0,7,9
3,10,31,1.6,16.923816316640167,0.0,7,9
3,10,32,1.4,25.644245298221342,0.0,7,9
3,10,33,1.6,18.80861498475435,0.0,7,9
3,10,34,1.6,13.301889219164982,0.0,7,9
3,10,35,1.4,19.090607446989843,0.0,7,9
3,10,36,1.6,15.451429907428446,0.0,7,9
3,10,37,1.4,22.77330388978153,0.0,7,9
1,11,1,2.8,15.529084032366923,0.0,7,9
1,11,2,2.8,13.704183697597374,0.0,7,9
1,11,3,2.6,15.597963542001244,0.0,7,9
1,11,4,2.4,14.857763519991867,0.0,7,9
1,11,5,2.0,13.078423473603062,0.0,7,9
1,11,6,1.6,43.620666385010956,0.0,7,9
1,11,7,1.6,17.659079625169596,0.0,7,9
1,11,8,1.6,19.224515475942713,0.0,7,9
1,11,9,1.4,21.052313310059198,0.0,7,9
1,11,10,1.6,19.238291002472636,0.0,7,9
1,11,11,1.4,31.199604560242168,0.0,7,9
1,11,12,1.4,26.47619258864271,0.0,7,9
1,11,13,1.6,20.815018415963184,0.0,7,9
1,11,14,1.4,28.921096711387968,0.0,7,9
1,11,15,1.6,36.626179545097514,0.0,7,9
1,11,16,1.4,18.205770696717064,0.0,7,9
1,11,17,1.4,31.85135975500789,0.0,7,9
1,11,18,1.4,26.26069786354547,0.0,7,9
1,11,19,1.6,30.38058995062954,0.0,7,9
1,11,20,1.6,35.40672473112031,0.0,7,9
1,11,21,1.4,26.979351874943053,0.0,7,9
1,11,22,1.8,19.8028459347373,0.0,7,9
1,11,23,1.4,32.368705644739286,0.0,7,9
1,11,24,1.4,23.615142130754286,0.0,7,9
1,11,25,1.4,29.15598371039726,0.0,7,9
1,11,26,1.8,26.844572501852586,0.0,7,9
1,11,27,1.6,20.104393827183245,0.0,7,9
1,11,28,1.6,34.00106698928957,0.0,7,9
1,11,29,1.6,23.70036531256074,0.0,7,9
1,11,30,1.6,14.77542480193771,0.0,7,9
1,11,31,1.6,25.080572360720133,0.0,7,9
1,11,32,1.6,18.40527627417866,0.0,7,9
1,11,33,2.2,18.72882646231072,0.0,7,9
1,11,34,1.8,15.18458947499871,0.0,7,9
1,11,35,2.0,14.537479986933839,0.0,7,9
1,11,36,1.8,20.28631488541199,0.0,7,9
1,11,37,1.5,19.948800047514027,0.0,4,9
2,11,1,2.0,21.86642391550462,0.0,7,9
2,11,2,1.8,15.742309792589417,0.0,7,9
2,11,3,1.4,20.34784990383093,0.0,7,9
2,11,4,2.8,14.46914392995467,0.125,7,9
2,11,5,1.8,14.413825153713633,0.0,7,9
2,11,6,1.8,15.39826437842079,0.0,7,9
2,11,7,1.8,15.182154182118346,0.0,7,9
2,11,8,1.4,24.605781565729966,0.0,7,9
2,11,9,1.4,18.862625773855644,0.0,7,9
2,11,10,1.6,18.227990436317732,0.0,7,9
2,11,11,1.4,23.15500744318133,0.0,7,9
2,11,12,2.0,16.683883168321124,0.0,7,9
2,11,13,1.8,19.467189572626733,0.0,7,9
2,11,14,1.4,23.98137969614806,0.0,7,9
2,11,15,1.6,21.92665314178037,0.0,7,9
2,11,16,2.2,15.32503123609713,0.0,7,9
2,11,17,1.6,17.02600994579112,0.0,7,9
2,11,18,1.6,16.36619138514707,0.0,7,9
2,11,19,2.2,16.50395809285312,0.0,7,9
2,11,20,1.4,21.08071529079639,0.0,7,9
2,11,21,1.4,18.376867616990815,0.0,7,9
2,11,22,1.4,21.553717359550106,0.0,7,9
2,11,23,1.4,32.39663461493461,0.0,7,9
2,11,24,1.8,15.32819842282576,0.0,7,9
2,11,25,1.4,17.274788289416815,0.0,7,9
2,11,26,1.6,19.98202832942657,0.0,7,9
2,11,27,2.2,14.283212902984056,0.0,7,9
2,11,28,2.0,18.506147036274385,0.0,7,9
2,11,29,2.0,13.520154049427205,0.0,7,9
2,11,30,1.8,16.54632715734115,0.0,7,9
2,11,31,1.6,30.061237168138582,0.0,7,9
2,11,32,1.8,14.143193267781614,0.0,7,9
2,11,33,1.6,13.630608872297243,0.0,7,9
2,11,34,1.4,16.150776956188352,0.0,7,9
2,11,35,1.6,16.806040865057096,0.0,7,9
2,11,36,2.0,14.848571405459687,0.14285714285714285,6,9
3,11,1,1.8,16.18410245731918,0.0,7,9
3,11,2,2.0,14.947573491041704,0.0,7,9
3,11,3,1.6,28.500092510368667,0.0,7,9
3,11,4,1.4,18.855365172118436,0.0,7,9
3,11,5,1.6,22.27446319148987,0.0,7,9
3,11,6,1.6,19.407733216005497,0.0,7,9
3,11,7,1.6,15.92238962717256,0.0,7,9
3,11,8,1.8,14.388882090690343,0.0,7,9
3,11,9,1.4,19.095850223054352,0.0,7,9
3,11,10,1.4,16.685334485604415,0.0,7,9
3,11,11,1.6,15.23976123390674,0.0,7,9
3,11,12,1.4,20.575680403543554,0.0,7,9
3,11,13,1.6,29.039969427283594,0.0,7,9
3,11,14,1.4,20.665283927074505,0.0,7,9
3,11,15,1.8,16.085468998806952,0.0,7,9
3,11,16,1.6,29.336003363798458,0.0,7,9
3,11,17,1.6,17.062617382947096,0.0,7,9
3,11,18,2.0,15.385809037329684,0.0,7,9
3,11,19,1.4,20.098150622282567,0.0,7,9
3,11,20,1.8,15.320598596412712,0.125,7,9
3,11,21,1.6,26.864367098324273,0.0,7,9
3,11,22,1.6,14.287120749115836,0.0,7,9
3,11,23,1.8,20.255600461604963,0.0,7,9
3,11,24,1.4,20.90152157970354,0.0,7,9
3,11,25,1.4,15.307191023892702,0.0,7,9
3,11,26,1.6,23.002376990701677,0.0,7,9
3,11,27,1.4,43.81131479913158,0.0,7,9
3,11,28,1.6,15.144639680911052,0.0,7,9
3,11,29,1.4,34.31351265229173,0.0,7,9
3,11,30,1.4,28.843933858410143,0.0,7,9
3,11,31,1.4,22.983570424847155,0.0,7,9
3,11,32,1.6,16.146950975431274,0.0,7,9
3,11,33,1.6,20.8312744424168,0.0,7,9
3,11,34,1.4,24.197696993717326,0.0,7,9
3,11,35,1.6,22.045889401025775,0.0,7,9
3,11,36,1.8,14.920404223675291,0.0,7,9
3,11,37,1.4,16.723904009374984,0.0,7,9
3,11,38,1.4,24.882349474444943,0.0,7,9
3,11,39,1.4,20.32378057836065,0.0,7,9
3,11,40,1.4,19.9242577931783,0.0,7,9
1,12,1,2.8,20.56328919348831,0.0,7,9
1,12,2,2.8,12.640555285397427,0.0,7,9
1,12,3,2.8,12.212857634959118,0.0,7,9
1,12,4,2.2,12.726599418975216,0.0,7,9
1,12,5,2.0,12.827858168055176,0.0,7,9
1,12,6,2.0,23.47381651089747,0.0,7,9
1,12,7,1.8,14.484123202699916,0.0,7,9
1,12,8,1.4,25.198701884792467,0.0,7,9
1,12,9,1.4,20.43837405540475,0.0,7,9
1,12,10,1.6,21.783173685646737,0.0,7,9
1,12,11,1.4,23.13705928001,0.0,7,9
1,12,12,1.4,23.64344364671738,0.0,7,9
1,12,13,1.4,34.70855340207816,0.0,7,9
1,12,14,1.4,24.98931618476826,0.0,7,9
1,12,15,1.4,64.10695521986607,0.0,7,9
1,12,16,1.4,20.358513017776342,0.0,7,9
1,12,17,1.6,25.478348776893156,0.0,7,9
1,12,18,1.4,27.19203327256048,0.0,7,9
1,12,19,1.4,41.880228459241756,0.0,7,9
1,12,20,1.6,48.5209137551743,0.0,7,9
1,12,21,1.4,23.598441251257782,0.0,7,9
1,12,22,1.4,29.59595326091881,0.0,7,9
1,12,23,1.6,28.414725819809078,0.0,7,9
1,12,24,1.4,26.132618147614377,0.0,7,9
1,12,25,1.4,31.460647927653643,0.0,7,9
1,12,26,1.6,30.99680775169279,0.0,7,9
1,12,27,1.6,15.781663971137315,0.0,7,9
1,12,28,1.4,27.43114833446281,0.0,7,9
1,12,29,1.4,26.315983788917848,0.0,7,9
1,12,30,1.4,20.361005530013284,0.0,7,9
1,12,31,1.6,18.873615959614582,0.0,7,9
1,12,32,1.4,42.09883542099242,0.0,7,9
1,12,33,1.4,19.437548180963052,0.0,7,9
1,12,34,2.2,18.206820344694716,0.0,7,9
1,12,35,2.0,13.787440198677256,0.0,7,9
1,12,36,1.6,24.056744118548547,0.0,7,9
1,12,37,1.8,17.06853508881456,0.0,7,9
1,12,38,1.2,37.27599170345574,0.0,5,9
2,12,1,2.4,16.73727924612892,0.0,7,9
2,12,2,2.2,11.921827442721343,0.0,7,9
2,12,3,3.2,10.378974301780891,0.125,7,9
2,12,4,1.6,13.364198587349255,0.0,7,9
2,12,5,2.2,13.422884731422243,0.0,7,9
2,12,6,1.6,14.91531370730711,0.0,7,9
2,12,7,1.4,23.182106742793774,0.0,7,9
2,12,8,1.4,18.647087021927998,0.0,7,9
2,12,9,1.6,13.265808052242283,0.0,7,9
2,12,10,1.6,27.623697231597518,0.0,7,9
2,12,11,1.8,16.734035128224154,0.0,7,9
2,12,12,2.0,15.631284795260571,0.0,7,9
2,12,13,1.6,19.255335003651158,0.0,7,9
2,12,14,1.8,18.411063222379635,0.0,7,9
2,12,15,1.8,17.462935520911877,0.0,7,9
2,12,16,2.0,13.009469551849234,0.0,7,9
2,12,17,1.4,21.927636378889378,0.0,7,9
2,12,18,1.6,32.74719628820793,0.0,7,9
2,12,19,1.4,19.625822926856145,0.0,7,9
2,12,20,1.4,27.047717511663794,0.0,7,9
2,12,21,1.4,20.560611877044117,0.0,7,9
2,12,22,1.4,20.964049242195372,0.0,7,9
2,12,23,1.4,16.814876212165277,0.0,7,9
2,12,24,1.6,14.074068816288229,0.0,7,9
2,12,25,1.4,18.052920653742575,0.0,7,9
2,12,26,1.6,18.955667376535096,0.0,7,9
2,12,27,2.2,15.239014699545322,0.0,7,9
2,12,28,2.0,15.685085896311248,0.0,7,9
2,12,29,1.8,18.41734902291091,0.0,7,9
2,12,30,1.4,23.174943581472768,0.0,7,9
2,12,31,1.8,20.308305568538145,0.0,7,9
2,12,32,1.6,16.366667373685445,0.0,7,9
2,12,33,1.6,14.833823145816174,0.0,7,9
2,12,34,1.4,11.959115483862432,0.0,7,9
2,12,35,1.4,23.195739555872745,0.0,7,9
2,12,36,1.8,16.984730931486716,0.0,7,9
3,12,1,2.0,13.702359195649992,0.0,7,9
3,12,2,1.4,22.769632425109716,0.0,7,9
3,12,3,1.6,20.190076691663716,0.0,7,9
3,12,4,1.6,16.407914778421837,0.0,7,9
3,12,5,1.6,33.63265256246843,0.0,7,9
3,12,6,1.4,24.154735339839625,0.0,7,9
3,12,7,1.4,19.531549071983825,0.0,7,9
3,12,8,1.4,20.41885465688918,0.0,7,9
3,12,9,1.6,19.597757606838943,0.0,7,9
3,12,10,1.4,21.128299406254662,0.0,7,9
3,12,11,1.4,19.09739344493584,0.0,7,9
3,12,12,1.4,15.683674527755985,0.0,7,9
3,12,13,1.6,25.385667944613978,0.0,7,9
3,12,14,1.4,32.55354705195113,0.0,7,9
3,12,15,1.4,16.65009820202449,0.0,7,9
3,12,16,1.6,17.639936562084305,0.0,7,9
3,12,17,1.4,31.263532965705675,0.0,7,9
3,12,18,1.6,17.255169309584588,0.0,7,9
3,12,19,1.8,14.391492845094708,0.0,7,9
3,12,20,1.4,50.300773064690766,0.0,7,9
3,12,21,1.8,15.040899873023413,0.0,7,9
3,12,22,1.8,15.783539523488287,0.0,7,9
3,12,23,2.2,10.690658216124426,0.0,7,9
3,12,24,2.0,16.608134810024758,0.0,7,9
3,12,25,1.8,13.430162260207654,0.0,7,9
3,12,26,1.6,18.2608143494431,0.0,7,9
3,12,27,1.4,25.606871272240454,0.0,7,9
3,12,28,2.0,13.433238290399197,0.0,7,9
3,12,29,1.4,30.789572785321013,0.0,7,9
3,12,30,1.6,21.655675062823793,0.0,7,9
3,12,31,1.8,13.15754833192905,0.0,7,9
3,12,32,1.8,23.65770557656717,0.0,7,9
3,12,33,1.4,18.763519053796188,0.0,7,9
3,12,34,2.0,18.49285064655917,0.0,7,9
3,12,35,1.8,15.456758296091595,0.0,7,9
3,12,36,1.4,17.377883608312594,0.0,7,9
3,12,37,1.4,20.50470880436047,0.0,7,9
3,12,38,1.6,17.18050160283115,0.0,7,9
3,12,39,1.4,20.80535459878927,0.0,7,9
1,13,1,2.8,15.77296579995725,0.0,7,9
1,13,2,2.8,17.036067591535264,0.0,7,9
1,13,3,2.8,12.864673542299153,0.0,7,9
1,13,4,2.2,14.503122084744307,0.0,7,9
1,13,5,2.0,12.204340739262904,0.0,7,9
1,13,6,2.0,25.4571332576323,0.0,7,9
1,13,7,1.6,19.75347325562822,0.0,7,9
1,13,8,1.6,20.418741317306388,0.0,7,9
1,13,9,1.4,23.014256999754252,0.0,7,9
1,13,10,1.6,17.137078645885353,0.0,7,9
1,13,11,1.4,31.312309524555847,0.0,7,9
1,13,12,1.8,15.657739074896764,0.0,7,9
1,13,13,1.4,30.339190683919316,0.0,7,9
1,13,14,1.4,46.87109054204155,0.0,7,9
1,13,15,1.4,33.38640054558543,0.0,7,9
1,13,16,1.4,18.7947978956313,0.0,7,9
1,13,17,1.6,31.196100135708946,0.0,7,9
1,13,18,1.4,25.307532587114856,0.0,7,9
1,13,19,1.4,44.61341482567417,0.0,7,9
1,13,20,1.4,52.88255957186181,0.0,7,9
1,13,21,1.6,17.94329887849864,0.0,7,9
1,13,22,1.6,21.772159037038772,0.0,7,9
1,13,23,1.4,54.02288780028943,0.0,7,9
1,13,24,1.6,16.950668023659112,0.0,7,9
1,13,25,1.8,24.642056248445055,0.0,7,9
1,13,26,1.8,13.818090660476054,0.0,7,9
1,13,27,1.6,29.172693862413567,0.0,7,9
1,13,28,1.4,35.19619837841995,0.0,7,9
1,13,29,1.6,16.76976543781248,0.0,7,9
1,13,30,1.4,19.972602262200294,0.0,7,9
1,13,31,1.8,18.992959134658662,0.0,7,9
1,13,32,1.6,16.660797559433092,0.0,7,9
1,13,33,2.0,26.106430043697117,0.0,7,9
1,13,34,1.4,22.239919021175382,0.0,7,9
1,13,35,2.0,14.228549234483513,0.0,7,9
1,13,36,2.2,11.893831322698981,0.0,7,9
2,13,1,1.8,27.920641871734695,0.0,7,9
2,13,2,1.4,24.609716146383537,0.0,7,9
2,13,3,1.6,18.31021017324015,0.0,7,9
2,13,4,1.8,16.349362113608827,0.0,7,9
2,13,5,2.4,11.98106031091006,0.125,7,9
2,13,6,1.4,18.304828901951623,0.0,7,9
2,13,7,1.4,16.583025647275413,0.0,7,9
2,13,8,1.6,16.631494623184494,0.0,7,9
2,13,9,1.4,26.29860998501248,0.0,7,9
2,13,10,1.4,20.506999863945676,0.0,7,9
2,13,11,1.6,14.897949619765384,0.0,7,9
2,13,12,1.6,27.573844098494337,0.0,7,9
2,13,13,1.4,22.455904392968744,0.0,7,9
2,13,14,1.8,12.801905827774362,0.0,7,9
2,13,15,2.2,15.56705995628254,0.0,7,9
2,13,16,1.6,21.771478816113582,0.0,7,9
2,13,17,1.8,20.03744916482867,0.0,7,9
2,13,18,1.8,14.050347701719467,0.0,7,9
2,13,19,2.0,14.599948342743374,0.0,7,9
2,13,20,1.6,22.796027605877576,0.0,7,9
2,13,21,1.4,19.978921390783846,0.0,7,9
2,13,22,1.4,23.722771973432145,0.0,7,9
2,13,23,1.4,21.784022973540047,0.0,7,9
2,13,24,1.4,28.212358604009765,0.0,7,9
2,13,25,1.6,16.271316412181744,0.0,7,9
2,13,26,1.4,22.435583158072863,0.0,7,9
2,13,27,1.4,17.587060790757135,0.0,7,9
2,13,28,2.4,13.391234226199781,0.0,7,9
2,13,29,1.8,20.826776183588755,0.0,7,9
2,13,30,1.6,19.036228324731628,0.0,7,9
2,13,31,1.6,23.459902908349054,0.0,7,9
2,13,32,1.6,20.30075176625666,0.0,7,9
2,13,33,2.0,17.382462798771456,0.0,7,9
2,13,34,1.8,13.519073320796325,0.0,7,9
2,13,35,1.4,15.744384078863405,0.0,7,9
2,13,36,1.6,15.233056762818038,0.0,7,9
2,13,37,1.6,18.776083993031847,0.0,7,9
2,13,38,1.25,25.474074612577382,0.0,4,9
3,13,1,2.6,10.32040331267612,0.0,7,9
3,13,2,2.8,12.661299496426118,0.0,7,9
3,13,3,1.8,14.067588914211859,0.0,7,9
3,13,4,2.2,15.100288259208202,0.0,7,9
3,13,5,2.0,13.015950745405618,0.0,7,9
3,13,6,1.8,16.660316066397854,0.0,7,9
3,13,7,1.8,14.137618583455358,0.0,7,9
3,13,8,1.4,15.650504979754627,0.0,7,9
3,13,9,1.4,15.28159596378672,0.0,7,9
3,13,10,1.4,17.024699410439307,0.0,7,9
3,13,11,1.6,20.8307460719364,0.0,7,9
3,13,12,1.4,22.82465143290221,0.0,7,9
3,13,13,1.4,19.618187004394677,0.0,7,9
3,13,14,1.6,24.376792339589098,0.0,7,9
3,13,15,1.8,15.811786841167013,0.0,7,9
3,13,16,1.6,20.304905949182128,0.0,7,9
3,13,17,1.4,26.786823073834853,0.0,7,9
3,13,18,1.6,15.761889021830788,0.0,7,9
3,13,19,1.6,17.650086971327386,0.0,7,9
3,13,20,1.8,18.09837527678027,0.0,7,9
3,13,21,2.0,14.735298548473752,0.0,7,9
3,13,22,1.6,14.71664235501385,0.0,7,9
3,13,23,1.6,17.4286439663116,0.0,7,9
3,13,24,1.4,33.70032925833832,0.0,7,9
3,13,25,1.4,28.600463158793936,0.0,7,9
3,13,26,1.8,15.641969037391462,0.0,7,9
3,13,27,1.6,24.471030478678266,0.0,7,9
3,13,28,1.4,32.486566827239294,0.0,7,9
3,13,29,1.4,19.1149348482844,0.0,7,9
3,13,30,1.6,20.0432729282161,0.0,7,9
3,13,31,1.4,20.9124335094719,0.0,7,9
3,13,32,1.8,18.359121193613646,0.0,7,9
3,13,33,1.6,19.76159185980786,0.0,7,9
3,13,34,2.0,11.998475116157916,0.0,7,9
3,13,35,1.4,23.39993383228083,0.0,7,9
3,13,36,1.8,14.334117961840274,0.0,7,9
3,13,37,1.4,26.646897770628815,0.0,7,9
1,14,1,2.8,17.72111683144339,0.0,7,9
1,14,2,2.8,16.892795691415373,0.0,7,9
1,14,3,2.8,13.031596677234191,0.0,7,9
1,14,4,2.2,13.900914445690706,0.0,7,9
1,14,5,2.4,11.211873720924807,0.0,7,9
1,14,6,1.8,27.6210259753143,0.0,7,9
1,14,7,1.8,14.008533971397805,0.0,7,9
1,14,8,1.4,19.222902188848877,0.0,7,9
1,14,9,1.4,21.753377304693704,0.0,7,9
1,14,10,1.6,23.028149395218037,0.0,7,9
1,14,11,1.6,35.36253770923319,0.0,7,9
1,14,12,1.4,17.565943087824863,0.0,7,9
1,14,13,1.4,28.884923847738495,0.0,7,9
1,14,14,1.4,63.056201718413995,0.0,7,9
1,14,15,1.6,20.94255971653942,0.0,7,9
1,14,16,1.4,19.947126364995462,0.0,7,9
1,14,17,1.4,50.03308295335822,0.0,7,9
1,14,18,1.6,33.030257070748796,0.0,7,9
1,14,19,1.4,35.73090795219303,0.0,7,9
1,14,20,1.4,40.67025299002079,0.0,7,9
1,14,21,1.4,30.32503277934453,0.0,7,9
1,14,22,1.4,19.80993654872032,0.0,7,9
1,14,23,1.4,40.94649943281029,0.0,7,9
1,14,24,1.6,18.420426775363936,0.0,7,9
1,14,25,1.6,37.27573931959743,0.0,7,9
1,14,26,2.0,17.0845767773744,0.0,7,9
1,14,27,1.4,24.693202953008534,0.0,7,9
1,14,28,1.8,21.419837893205223,0.0,7,9
1,14,29,1.4,25.60424448220338,0.0,7,9
1,14,30,1.8,14.40705267838097,0.0,7,9
1,14,31,2.2,12.542572513138422,0.0,7,9
1,14,32,1.8,27.040493589216272,0.0,7,9
1,14,33,2.2,16.582805753462026,0.0,7,9
1,14,34,1.4,24.68347132884003,0.0,7,9
1,14,35,1.6,19.766913328129238,0.0,7,9
1,14,36,2.2,12.664416572689593,0.0,7,9
2,14,1,1.6,31.821686710117383,0.0,7,9
2,14,2,2.2,12.481400757481163,0.0,7,9
2,14,3,1.6,23.382561893211825,0.0,7,9
2,14,4,2.4,17.834796363841477,0.125,7,9
2,14,5,1.4,17.688127562503617,0.0,7,9
2,14,6,1.8,16.18655601876316,0.0,7,9
2,14,7,1.8,11.748114786999064,0.0,7,9
2,14,8,1.4,17.27660975750805,0.0,7,9
2,14,9,1.4,27.4021598098566,0.0,7,9
2,14,10,1.4,18.330200963353878,0.0,7,9
2,14,11,1.4,19.612431105317636,0.0,7,9
2,14,12,1.6,29.28739797997743,0.0,7,9
2,14,13,1.6,17.79534536077967,0.0,7,9
2,14,14,1.6,21.972204654385465,0.0,7,9
2,14,15,1.6,17.70395275051082,0.0,7,9
2,14,16,2.0,15.94832634507796,0.0,7,9
2,14,17,1.4,25.84328748021008,0.0,7,9
2,14,18,2.0,11.558862755786269,0.0,7,9
2,14,19,1.6,15.38709283797358,0.0,7,9
2,14,20,1.8,20.326123534299175,0.0,7,9
2,14,21,1.4,19.1051967414691,0.0,7,9
2,14,22,1.4,24.580852169266247,0.0,7,9
2,14,23,1.4,24.886372516240872,0.0,7,9
2,14,24,1.4,25.400369278473715,0.0,7,9
2,14,25,1.6,15.333099045703559,0.0,7,9
2,14,26,1.4,20.689969805359443,0.0,7,9
2,14,27,1.4,18.89075850018712,0.0,7,9
2,14,28,2.2,15.256273354349968,0.0,7,9
2,14,29,2.2,14.193269342149037,0.0,7,9
2,14,30,1.8,16.2772506697424,0.0,7,9
2,14,31,1.6,21.949346090746438,0.0,7,9
2,14,32,1.6,32.10375353331911,0.0,7,9
2,14,33,1.4,18.567421271307975,0.0,7,9
2,14,34,1.6,19.832901288689822,0.0,7,9
2,14,35,1.4,16.923083136432766,0.0,7,9
2,14,36,1.4,16.632646392528695,0.0,7,9
2,14,37,1.6,15.603044602524385,0.0,7,9
2,14,38,1.6,26.01497743548412,0.0,7,9
3,14,1,1.8,15.807640429517193,0.0,7,9
3,14,2,1.6,16.939593346465607,0.0,7,9
3,14,3,2.4,14.493594424729412,0.0,7,9
3,14,4,1.8,16.218440847256943,0.0,7,9
3,14,5,1.6,19.87812978923664,0.0,7,9
3,14,6,1.4,14.159803643444148,0.0,7,9
3,14,7,1.4,18.58369229382375,0.0,7,9
3,14,8,1.6,19.118188822946884,0.0,7,9
3,14,9,1.4,17.915103357796095,0.0,7,9
3,14,10,1.6,16.939153325188506,0.0,7,9
3,14,11,1.4,15.614722933903613,0.0,7,9
3,14,12,1.4,22.793775738752476,0.0,7,9
3,14,13,1.4,27.952430473105657,0.0,7,9
3,14,14,1.4,23.436896502005954,0.0,7,9
3,14,15,1.4,16.45190670701052,0.0,7,9
3,14,16,1.8,19.550643136683796,0.0,7,9
3,14,17,1.6,14.706736473972668,0.0,7,9
3,14,18,1.6,18.03027971808306,0.0,7,9
3,14,19,1.4,31.800833229173932,0.0,7,9
3,14,20,1.6,17.523079386710812,0.0,7,9
3,14,21,1.8,16.27356428459992,0.125,7,9
3,14,22,1.6,21.412989865600142,0.0,7,9
3,14,23,1.4,15.95197257741409,0.0,7,9
3,14,24,1.8,19.520047933927096,0.0,7,9
3,14,25,1.6,16.02975488047028,0.0,7,9
3,14,26,1.6,21.574342913194215,0.0,7,9
3,14,27,1.4,45.67396712762525,0.0,7,9
3,14,28,2.0,13.061911809652583,0.0,7,9
3,14,29,1.6,23.349936037399452,0.0,7,9
3,14,30,1.6,21.810123259538365,0.0,7,9
3,14,31,1.4,21.062879148207774,0.0,7,9
3,14,32,1.6,16.61791840543672,0.0,7,9
3,14,33,1.4,21.50980477233139,0.0,7,9
3,14,34,1.6,24.387046501739206,0.0,7,9
3,14,35,1.4,22.57310811778999,0.0,7,9
3,14,36,1.6,19.29287258297507,0.0,7,9
3,14,37,1.4,16.365897857523635,0.0,7,9
3,14,38,1.4,18.105671491901223,0.0,7,9
3,14,39,1.6,20.711623730401488,0.0,7,9
3,14,40,1.6,15.497725205748928,0.0,7,9
1,15,1,2.8,16.783355408418423,0.0,7,9
1,15,2,2.8,15.953615698254811,0.0,7,9
1,15,3,2.4,18.30107814610046,0.0,7,9
1,15,4,2.0,19.645320133777002,0.0,7,9
1,15,5,2.6,8.91868183862925,0.0,7,9
1,15,6,1.8,38.770179075814504,0.0,7,9
1,15,7,1.4,26.43468045821525,0.0,7,9
1,15,8,1.6,23.04801622335729,0.0,7,9
1,15,9,1.4,26.87303977972509,0.0,7,9
1,15,10,1.6,18.0836387928136,0.0,7,9
1,15,11,1.4,34.40606171047908,0.0,7,9
1,15,12,1.4,32.29352242511506,0.0,7,9
1,15,13,1.4,22.14963937886692,0.0,7,9
1,15,14,1.6,34.08291318284425,0.0,7,9
1,15,15,1.4,44.504999002391386,0.0,7,9
1,15,16,1.4,19.418950505472825,0.0,7,9
1,15,17,1.4,41.20292371210388,0.0,7,9
1,15,18,1.4,24.653063266850438,0.0,7,9
1,15,19,1.8,29.960479904232212,0.0,7,9
1,15,20,1.6,24.77864077888508,0.0,7,9
1,15,21,1.6,26.020893421173493,0.0,7,9
1,15,22,1.4,23.004379263869712,0.0,7,9
1,15,23,1.4,56.579518645673915,0.0,7,9
1,15,24,1.6,23.09160076625048,0.0,7,9
1,15,25,1.6,29.665218055039404,0.0,7,9
1,15,26,1.6,32.048845978202394,0.0,7,9
1,15,27,1.4,19.074093072727695,0.0,7,9
1,15,28,1.8,21.83026605674647,0.0,7,9
1,15,29,1.4,26.232690515067098,0.0,7,9
1,15,30,1.4,17.599936868244523,0.0,7,9
1,15,31,2.0,16.820110993235385,0.0,7,9
1,15,32,1.8,17.881801055998007,0.0,7,9
1,15,33,1.6,21.370588135706647,0.0,7,9
1,15,34,2.0,16.844834242324215,0.0,7,9
1,15,35,1.8,20.218282635457875,0.0,7,9
1,15,36,1.8,14.173100147763341,0.0,7,9
1,15,37,1.6,26.51056142773768,0.0,6,9
2,15,1,2.0,18.95274705226191,0.0,7,9
2,15,2,1.6,22.62361654953025,0.0,7,9
2,15,3,2.0,13.415712744585798,0.0,7,9
2,15,4,2.6,12.424825467858252,0.125,7,9
2,15,5,1.4,18.750078552060074,0.0,7,9
2,15,6,1.8,18.06302827935292,0.0,7,9
2,15,7,1.4,16.012011229339105,0.0,7,9
2,15,8,1.4,17.574471724579706,0.0,7,9
2,15,9,1.4,22.71975220131645,0.0,7,9
2,15,10,1.6,14.09791175177189,0.0,7,9
2,15,11,1.4,20.343881137826372,0.0,7,9
2,15,12,1.6,24.161321370125897,0.0,7,9
2,15,13,2.2,12.817623662221816,0.0,7,9
2,15,14,1.4,24.03062294715009,0.0,7,9
2,15,15,2.0,16.447370213635214,0.0,7,9
2,15,16,2.0,15.486781496924577,0.0,7,9
2,15,17,2.0,14.385108900393302,0.0,7,9
2,15,18,1.6,17.743075962022584,0.0,7,9
2,15,19,2.2,16.914747407548436,0.0,7,9
2,15,20,1.4,26.692932417244318,0.0,7,9
2,15,21,1.4,26.046384550921506,0.0,7,9
2,15,22,1.4,18.324815794199036,0.0,7,9
2,15,23,1.4,28.082818842287494,0.0,7,9
2,15,24,1.4,19.61180374586649,0.0,7,9
2,15,25,1.4,20.660951366164515,0.0,7,9
2,15,26,1.4,18.986025495177202,0.0,7,9
2,15,27,2.2,15.226357510383416,0.0,7,9
2,15,28,1.8,18.124961137339255,0.0,7,9
2,15,29,2.4,11.837626166970514,0.0,7,9
2,15,30,1.4,22.348465516857267,0.0,7,9
2,15,31,1.4,33.34221294204088,0.0,7,9
2,15,32,1.8,17.65352128439068,0.0,7,9
2,15,33,1.6,16.38031293406302,0.0,7,9
2,15,34,1.4,14.144366091360588,0.0,7,9
2,15,35,1.4,16.4980485229595,0.0,7,9
2,15,36,1.6,14.29058800738499,0.0,7,9
2,15,37,1.4,47.30334615336863,0.0,7,9
3,15,1,1.6,18.92375934469267,0.0,7,9
3,15,2,2.6,10.03652101476881,0.0,7,9
3,15,3,1.6,21.209493023586017,0.0,7,9
3,15,4,2.0,14.372096632207564,0.0,7,9
3,15,5,1.8,16.88628229326538,0.0,7,9
3,15,6,1.4,22.22906827816431,0.0,7,9
3,15,7,1.4,19.569521765961554,0.0,7,9
3,15,8,1.6,17.128028736578724,0.0,7,9
3,15,9,1.6,16.353135463649096,0.0,7,9
3,15,10,1.4,15.735499905951563,0.0,7,9
3,15,11,1.4,18.61748087458372,0.0,7,9
3,15,12,1.6,19.691482090891594,0.0,7,9
3,15,13,1.4,22.731890414518737,0.0,7,9
3,15,14,1.4,17.42863524659899,0.0,7,9
3,15,15,1.6,21.464812814644983,0.0,7,9
3,15,16,1.8,22.14410781431871,0.0,7,9
3,15,17,1.4,21.00127408558706,0.0,7,9
3,15,18,1.4,25.971909977590194,0.0,7,9
3,15,19,1.4,27.979774944806408,0.0,7,9
3,15,20,1.8,17.850366914241356,0.125,5,9
3,15,21,1.8,16.779480860164455,0.0,7,9
3,15,22,1.4,15.397122920646783,0.0,7,9
3,15,23,1.6,20.699805569012035,0.0,7,9
3,15,24,1.4,24.21041091660804,0.0,7,9
3,15,25,1.6,16.465702830687313,0.0,7,9
3,15,26,1.6,19.733782979116828,0.0,7,9
3,15,27,1.4,27.5691068036108,0.0,7,9
3,15,28,1.8,15.101269598950147,0.0,7,9
3,15,29,2.0,19.47587023027686,0.0,7,9
3,15,30,1.6,18.999058625983018,0.0,7,9
3,15,31,1.6,16.24936683172287,0.0,7,9
3,15,32,1.4,22.08430480362846,0.0,7,9
3,15,33,1.4,17.14735903676583,0.0,7,9
3,15,34,1.6,27.77402277319507,0.0,7,9
3,15,35,1.4,19.976619170714166,0.0,7,9
3,15,36,2.0,12.592891985956905,0.0,7,9
3,15,37,1.4,20.98332518193331,0.0,7,9
3,15,38,1.4,17.187234238101038,0.0,7,9
3,15,39,1.6,21.891873023611165,0.0,7,9
1,16,1,2.8,15.897802012042167,0.0,7,9
1,16,2,2.8,15.227941450152295,0.0,7,9
1,16,3,2.4,19.739881138527377,0.0,7,9
1,16,4,2.0,27.80288045960663,0.0,7,9
1,16,5,2.2,9.891167841165775,0.0,7,9
1,16,6,1.6,49.446649793482166,0.0,7,9
1,16,7,1.4,30.015740553001685,0.0,7,9
1,16,8,1.8,15.045145690472818,0.0,7,9
1,16,9,1.8,18.241138589880524,0.0,7,9
1,16,10,1.6,18.138069725073365,0.0,7,9
1,16,11,1.4,30.108406022018986,0.0,7,9
1,16,12,1.8,18.876597149549397,0.0,7,9
1,16,13,1.4,30.805086440835026,0.0,7,9
1,16,14,1.4,30.259625330554456,0.0,7,9
1,16,15,1.6,35.08298435400709,0.0,7,9
1,16,16,1.6,18.728051996787332,0.0,7,9
1,16,17,1.8,27.7939324445875,0.0,7,9
1,16,18,1.4,30.620872189221732,0.0,7,9
1,16,19,1.8,25.129889643006646,0.0,7,9
1,16,20,1.4,29.236689638813658,0.0,7,9
1,16,21,1.8,18.444981637999508,0.0,7,9
1,16,22,1.6,43.3483984112206,0.0,7,9
1,16,23,1.6,22.067035489878627,0.0,7,9
1,16,24,1.8,25.697101953245728,0.0,7,9
1,16,25,1.4,44.16034258634458,0.0,7,9
1,16,26,1.6,16.762442363097303,0.0,7,9
1,16,27,1.4,24.8136855564779,0.0,7,9
1,16,28,1.4,29.759119254076627,0.0,7,9
1,16,29,1.4,16.640048976644124,0.0,7,9
1,16,30,2.2,14.681067368087263,0.0,7,9
1,16,31,1.4,18.72960635059953,0.0,7,9
1,16,32,2.2,21.545252533638212,0.0,7,9
1,16,33,2.0,14.81552287919165,0.0,7,9
1,16,34,2.2,13.954951534358013,0.0,7,9
1,16,35,2.0,13.617124122158684,0.0,7,9
2,16,1,2.0,18.952747052261774,0.0,7,9
2,16,2,2.6,11.331728066506557,0.0,7,9
2,16,3,2.4,14.52218657389203,0.0,7,9
2,16,4,2.2,15.849034887533186,0.0,7,9
2,16,5,2.0,15.043949853790064,0.0,7,9
2,16,6,2.2,13.33004255386265,0.0,7,9
2,16,7,1.8,18.4159962492357,0.0,7,9
2,16,8,1.6,22.297724734332945,0.0,7,9
2,16,9,1.4,22.13003952598341,0.0,7,9
2,16,10,1.8,17.23511869304142,0.0,7,9
2,16,11,1.8,16.271437692891574,0.0,7,9
2,16,12,2.0,13.26536635602234,0.0,7,9
2,16,13,1.6,17.730981666500618,0.0,7,9
2,16,14,1.6,22.036528093194672,0.0,7,9
2,16,15,1.6,31.358513324211856,0.0,7,9
2,16,16,2.0,10.516429670873048,0.0,7,9
2,16,17,1.8,19.79821309042263,0.0,7,9
2,16,18,1.6,23.10577734648237,0.0,7,9
2,16,19,1.4,28.244619983311516,0.0,7,9
2,16,20,1.4,21.30894500982498,0.0,7,9
2,16,21,1.4,19.857959797175575,0.0,7,9
2,16,22,1.6,21.447003180084042,0.0,7,9
2,16,23,1.6,18.827501945097488,0.0,7,9
2,16,24,1.4,15.208525892215885,0.0,7,9
2,16,25,2.0,15.108608666163875,0.0,7,9
2,16,26,1.8,19.145493431667997,0.0,7,9
2,16,27,1.8,20.50026755828915,0.0,7,9
2,16,28,1.8,18.318109367393607,0.0,7,9
2,16,29,1.8,20.411814547931552,0.0,7,9
2,16,30,2.0,17.67055270607189,0.0,7,9
2,16,31,1.6,18.273779577345806,0.0,7,9
2,16,32,1.4,14.53486121826534,0.0,7,9
2,16,33,1.4,16.23652803290195,0.0,7,9
2,16,34,1.6,17.528519329380796,0.0,7,9
2,16,35,1.8,18.98854259928882,0.0,7,9
3,16,1,2.0,15.509158553315537,0.0,7,9
3,16,2,2.0,15.539232690587935,0.0,7,9
3,16,3,1.8,18.094805063663728,0.0,7,9
3,16,4,1.8,14.769351232855675,0.0,7,9
3,16,5,1.8,15.085894713777474,0.0,7,9
3,16,6,1.8,13.480372442947045,0.0,7,9
3,16,7,1.6,15.852245744419427,0.0,7,9
3,16,8,1.4,26.790140865287263,0.0,7,9
3,16,9,1.6,14.550947711953022,0.0,7,9
3,16,10,1.4,18.96523591893589,0.0,7,9
3,16,11,1.4,16.186103541893164,0.0,7,9
3,16,12,1.6,22.980163734890915,0.0,7,9
3,16,13,1.4,22.11233476150831,0.0,7,9
3,16,14,1.4,13.777915507516878,0.0,7,9
3,16,15,1.8,23.820487028140136,0.0,7,9
3,16,16,1.6,21.556158662898817,0.0,7,9
3,16,17,1.4,21.15992113325597,0.0,7,9
3,16,18,1.4,20.630762046795137,0.0,7,9
3,16,19,1.6,18.11785034884516,0.0,7,9
3,16,20,2.0,13.557706378808787,0.125,7,9
3,16,21,1.6,22.784298342422666,0.0,7,9
3,16,22,1.4,19.944194207474126,0.0,7,9
3,16,23,1.8,23.45607490351363,0.0,7,9
3,16,24,1.6,14.382025206097817,0.0,7,9
3,16,25,1.6,20.63773389616241,0.0,7,9
3,16,26,1.4,32.117124720759136,0.0,7,9
3,16,27,1.6,16.025915144843186,0.0,7,9
3,16,28,1.6,15.950017056484153,0.0,7,9
3,16,29,1.8,22.927667954861192,0.0,7,9
3,16,30,1.4,23.34379559188895,0.0,7,9
3,16,31,1.6,16.637271698712752,0.0,7,9
3,16,32,1.4,22.78723000924246,0.0,7,9
3,16,33,1.4,15.970736665462614,0.0,7,9
3,16,34,2.0,19.069437512136016,0.0,7,9
3,16,35,1.6,19.374441040985754,0.0,7,9
3,16,36,1.4,22.220235189000835,0.0,7,9
3,16,37,1.4,18.914257710765096,0.0,7,9
3,16,38,1.6,17.558577886725736,0.0,7,9
3,16,39,1.4,22.909764409739303,0.0,7,9
1,17,1,2.8,13.47960327910386,0.0,7,9
1,17,2,2.8,18.220838644376077,0.0,7,9
1,17,3,2.6,14.16774584571414,0.0,7,9
1,17,4,2.2,13.820133887687021,0.0,7,9
1,17,5,2.2,11.949064488477571,0.0,7,9
1,17,6,1.8,26.151291052942376,0.0,7,9
1,17,7,1.6,17.58272434912689,0.0,7,9
1,17,8,1.8,16.342079994376725,0.0,7,9
1,17,9,1.4,21.767272341108132,0.0,7,9
1,17,10,1.6,20.111106094212058,0.0,7,9
1,17,11,1.4,22.616050482680887,0.0,7,9
1,17,12,1.4,21.686423138863915,0.0,7,9
1,17,13,1.4,29.594777129547982,0.0,7,9
1,17,14,1.8,20.31987328998486,0.0,7,9
1,17,15,1.4,35.34462208736444,0.0,7,9
1,17,16,1.4,20.87860757929419,0.0,7,9
1,17,17,1.6,24.28223957038197,0.0,7,9
1,17,18,1.6,28.10127885653446,0.0,7,9
1,17,19,1.4,47.20732013676655,0.0,7,9
1,17,20,1.4,56.22976048719238,0.0,7,9
1,17,21,1.4,47.934179938198696,0.0,7,9
1,17,22,1.4,18.820034194206833,0.0,7,9
1,17,23,1.6,33.26899948655948,0.0,7,9
1,17,24,1.4,21.58503058390544,0.0,7,9
1,17,25,1.6,39.21641528712741,0.0,7,9
1,17,26,1.4,49.5814075980503,0.0,7,9
1,17,27,1.4,20.71317008495064,0.0,7,9
1,17,28,1.4,28.57955836905862,0.0,7,9
1,17,29,1.4,35.34462208736421,0.0,7,9
1,17,30,1.4,15.852126453256911,0.0,7,9
1,17,31,1.6,26.443699455664635,0.0,7,9
1,17,32,1.8,20.692886803482608,0.0,7,9
1,17,33,1.6,25.280373192930558,0.0,7,9
1,17,34,2.2,16.286370980497566,0.0,7,9
1,17,35,1.4,19.947388471182748,0.0,7,9
1,17,36,1.4,22.00183007678251,0.0,7,9
1,17,37,2.0,14.09488100314843,0.0,7,9
2,17,1,2.0,17.389986601988078,0.0,7,9
2,17,2,1.6,19.39518570915863,0.0,7,9
2,17,3,2.0,12.56154806520337,0.0,7,9
2,17,4,2.6,16.000304439038207,0.125,7,9
2,17,5,1.4,16.611242481168155,0.0,7,9
2,17,6,1.6,18.275445489238194,0.0,7,9
2,17,7,1.8,12.937400837843093,0.0,7,9
2,17,8,1.4,28.320131711809264,0.0,7,9
2,17,9,1.4,29.486252732905285,0.0,7,9
2,17,10,1.4,15.811501894494778,0.0,7,9
2,17,11,1.4,19.43866700560905,0.0,7,9
2,17,12,1.6,17.77236093275663,0.0,7,9
2,17,13,1.8,14.297641811294982,0.0,7,9
2,17,14,2.0,14.416554928199906,0.0,7,9
2,17,15,1.8,17.106869052377675,0.0,7,9
2,17,16,1.8,17.363780300615133,0.0,7,9
2,17,17,2.2,12.019236165614249,0.0,7,9
2,17,18,1.6,16.678603854096778,0.0,7,9
2,17,19,1.8,27.075390742242583,0.0,7,9
2,17,20,1.6,16.512392253999536,0.0,7,9
2,17,21,1.4,21.59045742556704,0.0,7,9
2,17,22,1.4,27.300829249273942,0.0,7,9
2,17,23,1.4,19.949208300734274,0.0,7,9
2,17,24,1.4,24.808619956135786,0.0,7,9
2,17,25,1.4,25.330536744111892,0.0,7,9
2,17,26,1.4,15.936181881362062,0.0,7,9
2,17,27,1.8,18.773433961848163,0.0,7,9
2,17,28,2.0,16.171047705702712,0.0,7,9
2,17,29,1.8,19.551980744181,0.0,7,9
2,17,30,1.8,16.484700982504172,0.0,7,9
2,17,31,1.8,18.950220875184165,0.0,7,9
2,17,32,2.0,15.807202113132428,0.0,7,9
2,17,33,1.8,14.044102351789597,0.0,7,9
2,17,34,1.4,16.548372447604535,0.0,7,9
2,17,35,1.4,15.033671005977775,0.0,7,9
2,17,36,2.0,11.885118909245465,0.0,7,9
3,17,1,1.8,17.232915845147875,0.0,7,9
3,17,2,1.8,15.611667762593813,0.0,7,9
3,17,3,2.2,17.263684287415952,0.0,7,9
3,17,4,2.0,12.861013595618743,0.0,7,9
3,17,5,1.4,25.565351236952683,0.0,7,9
3,17,6,1.4,15.369628545845337,0.0,7,9
3,17,7,1.4,16.34836172167351,0.0,7,9
3,17,8,1.4,28.9644936815104,0.0,7,9
3,17,9,1.4,18.4062329056125,0.0,7,9
3,17,10,1.4,19.139386657621728,0.0,7,9
3,17,11,1.4,17.920641157941123,0.0,7,9
3,17,12,1.4,20.59121515732918,0.0,7,9
3,17,13,1.8,21.77546937488036,0.0,7,9
3,17,14,1.4,19.115202470961513,0.0,7,9
3,17,15,1.8,15.205667115229499,0.0,7,9
3,17,16,1.6,21.3488364593936,0.0,7,9
3,17,17,1.4,16.76783699094163,0.0,7,9
3,17,18,1.6,20.858900354141205,0.0,7,9
3,17,19,1.4,20.639868017945254,0.0,7,9
3,17,20,1.6,16.395688964090535,0.0,7,9
3,17,21,2.0,18.144092194631433,0.125,7,9
3,17,22,1.8,15.329746897019476,0.0,7,9
3,17,23,1.8,19.35884555296832,0.0,7,9
3,17,24,1.4,20.723780343595596,0.0,7,9
3,17,25,1.4,16.55344657629738,0.0,7,9
3,17,26,1.6,18.206455713489976,0.0,7,9
3,17,27,1.4,33.087480672860146,0.0,7,9
3,17,28,1.8,13.931716345240856,0.0,7,9
3,17,29,1.6,26.033452242352894,0.0,7,9
3,17,30,1.4,28.150370556789863,0.0,7,9
3,17,31,1.4,20.457606890287526,0.0,7,9
3,17,32,1.8,18.169623628019828,0.0,7,9
3,17,33,1.4,16.649714362538045,0.0,7,9
3,17,34,1.4,34.87995745967188,0.0,7,9
3,17,35,1.8,17.18293675732762,0.0,7,9
3,17,36,1.6,14.849151538202776,0.0,7,9
3,17,37,1.4,20.527740134848738,0.0,7,9
3,17,38,1.6,16.31686355227639,0.0,7,9
3,17,39,1.6,22.52752775948091,0.0,7,9
3,17,40,1.2,18.89050708545938,0.0,5,9
1,18,1,2.8,14.804224291927898,0.0,7,9
1,18,2,2.8,15.305295274236848,0.0,7,9
1,18,3,2.8,13.807968278069207,0.0,7,9
1,18,4,2.0,15.1426720212029,0.0,7,9
1,18,5,2.4,10.911346723919948,0.0,7,9
1,18,6,1.8,28.729483371493203,0.0,7,9
1,18,7,1.6,21.28874436880441,0.0,7,9
1,18,8,1.8,16.1231034779463,0.0,7,9
1,18,9,1.4,23.723049358070938,0.0,7,9
1,18,10,1.6,17.23293165613402,0.0,7,9
1,18,11,1.6,35.156230403446955,0.0,7,9
1,18,12,1.4,18.887304359656298,0.0,7,9
1,18,13,1.4,35.950121744920146,0.0,7,9
1,18,14,1.6,31.419409580463903,0.0,7,9
1,18,15,1.6,25.379219219069963,0.0,7,9
1,18,16,1.4,22.25641797651483,0.0,7,9
1,18,17,1.4,56.57962005605534,0.0,7,9
1,18,18,1.4,21.53731299574699,0.0,7,9
1,18,19,1.6,25.94172004790462,0.0,7,9
1,18,20,1.4,23.751239099638525,0.0,7,9
1,18,21,1.4,30.705461274903257,0.0,7,9
1,18,22,1.4,25.420726027860873,0.0,7,9
1,18,23,1.6,45.6830586781231,0.0,7,9
1,18,24,1.6,17.068867070489713,0.0,7,9
1,18,25,1.4,41.41777839025432,0.0,7,9
1,18,26,1.8,18.79286522482743,0.0,7,9
1,18,27,1.4,25.748306233940074,0.0,7,9
1,18,28,1.4,40.087783269799125,0.0,7,9
1,18,29,1.8,14.335357582853984,0.0,7,9
1,18,30,1.6,17.085379878887284,0.0,7,9
1,18,31,2.2,14.316743223940346,0.0,7,9
1,18,32,1.6,27.221786045071628,0.0,7,9
1,18,33,2.0,22.241366020955404,0.0,7,9
1,18,34,1.8,18.514844132250836,0.0,7,9
1,18,35,1.8,17.746610092464493,0.0,7,9
1,18,36,2.2,12.826150695678491,0.0,7,9
2,18,1,1.8,27.29756404554895,0.0,7,9
2,18,2,1.6,19.480430426155113,0.0,7,9
2,18,3,1.6,15.135265095283133,0.0,7,9
2,18,4,2.2,16.67739210022373,0.0,7,9
2,18,5,1.8,17.659634338026656,0.0,7,9
2,18,6,1.8,19.79408424849791,0.0,7,9
2,18,7,1.8,15.510912732475381,0.0,7,9
2,18,8,2.0,12.946191255075425,0.0,7,9
2,18,9,1.8,17.20466618645241,0.0,7,9
2,18,10,2.0,11.447439893646917,0.0,7,9
2,18,11,1.6,26.268488354656817,0.0,7,9
2,18,12,1.8,15.567372047340017,0.0,7,9
2,18,13,1.8,17.11565250520766,0.0,7,9
2,18,14,1.8,16.109534087467516,0.0,7,9
2,18,15,1.8,17.734034568654906,0.0,7,9
2,18,16,2.0,16.8499774319347,0.0,7,9
2,18,17,1.8,13.059367463492888,0.0,7,9
2,18,18,1.6,26.364014968596578,0.0,7,9
2,18,19,1.8,17.57526941630792,0.0,7,9
2,18,20,1.4,23.769761642691787,0.0,7,9
2,18,21,1.4,24.119353509149438,0.0,7,9
2,18,22,1.6,20.695521606317712,0.0,7,9
2,18,23,1.4,21.10951509081578,0.0,7,9
2,18,24,1.8,16.648526699564815,0.0,7,9
2,18,25,1.6,17.708796134105345,0.0,7,9
2,18,26,1.8,21.514926122475426,0.0,7,9
2,18,27,1.8,15.502851838566215,0.0,7,9
2,18,28,1.6,21.793423980827093,0.0,7,9
2,18,29,1.6,17.23341326744248,0.0,7,9
2,18,30,1.6,21.29126004876721,0.0,7,9
2,18,31,2.0,16.175108184441367,0.0,7,9
2,18,32,2.0,11.165108624024652,0.0,7,9
2,18,33,1.4,16.556592044637544,0.0,7,9
2,18,34,1.4,18.719881151221347,0.0,7,9
2,18,35,2.0,12.019039948407114,0.125,7,9
2,18,36,1.2,29.094877197718006,0.0,6,9
3,18,1,1.4,18.551096736065766,0.0,7,9
3,18,2,2.0,15.166188616650247,0.0,7,9
3,18,3,1.6,20.12364617330338,0.0,7,9
3,18,4,1.6,20.96324574443799,0.0,7,9
3,18,5,1.6,25.288843748264895,0.0,7,9
3,18,6,1.6,15.10007214767613,0.0,7,9
3,18,7,1.6,16.017502985636654,0.0,7,9
3,18,8,1.4,21.79409601356417,0.0,7,9
3,18,9,1.4,23.77062944180475,0.0,7,9
3,18,10,1.4,16.703575644582564,0.0,7,9
3,18,11,1.4,19.435807777916747,0.0,7,9
3,18,12,1.4,14.544366881054478,0.0,7,9
3,18,13,1.6,23.742944927303427,0.0,7,9
3,18,14,1.4,28.308196829002622,0.0,7,9
3,18,15,1.4,16.312977801841118,0.0,7,9
3,18,16,1.6,20.807587409689095,0.0,7,9
3,18,17,1.6,29.395317646994602,0.0,7,9
3,18,18,1.4,25.0243485931409,0.0,7,9
3,18,19,1.6,16.782195549383506,0.0,7,9
3,18,20,1.6,23.537303298233216,0.0,7,9
3,18,21,1.8,13.289880475723093,0.125,7,9
3,18,22,1.6,19.43683652618879,0.0,7,9
3,18,23,1.6,12.955516635792813,0.0,7,9
3,18,24,1.4,27.4750642479345,0.0,7,9
3,18,25,1.8,15.178101881585489,0.0,7,9
3,18,26,1.4,15.863008363047605,0.0,7,9
3,18,27,1.4,27.004482363017605,0.0,7,9
3,18,28,1.4,34.78092259967197,0.0,7,9
3,18,29,1.8,15.641969037391462,0.0,7,9
3,18,30,1.8,25.16381768971169,0.0,7,9
3,18,31,1.8,18.652349828052202,0.0,7,9
3,18,32,1.6,17.707797117799696,0.0,7,9
3,18,33,1.6,20.028065856083632,0.0,7,9
3,18,34,1.4,19.480690320198768,0.0,7,9
3,18,35,1.4,22.694435578126498,0.0,7,9
3,18,36,1.6,16.00339569988027,0.0,7,9
3,18,37,1.4,16.549172836757396,0.0,7,9
3,18,38,1.4,19.46386154901613,0.0,7,9
3,18,39,1.4,17.281485074230766,0.0,7,9
3,18,40,1.6,20.35346133993308,0.0,7,9
3,18,41,1.2,20.002557967159497,0.0,6,9
1,19,1,2.8,17.264187923496596,0.0,7,9
1,19,2,2.8,15.189557011957138,0.0,7,9
1,19,3,2.8,11.99408360953331,0.0,7,9
1,19,4,2.2,13.742408661241903,0.0,7,9
1,19,5,2.4,11.992849389609122,0.0,7,9
1,19,6,1.6,25.53343501631022,0.0,7,9
1,19,7,1.8,15.897977636156021,0.0,7,9
1,19,8,1.4,26.184136506332436,0.0,7,9
1,19,9,1.6,19.21292665580288,0.0,7,9
1,19,10,1.8,17.164025882866873,0.0,7,9
1,19,11,1.6,32.86321958725517,0.0,7,9
1,19,12,1.4,15.567266235036481,0.0,7,9
1,19,13,1.4,28.030757081560342,0.0,7,9
1,19,14,1.6,35.65399233868527,0.0,7,9
1,19,15,1.6,18.81611558111966,0.0,7,9
1,19,16,1.4,33.40870951919015,0.0,7,9
1,19,17,1.4,35.736097237557125,0.0,7,9
1,19,18,1.6,30.628638168567754,0.0,7,9
1,19,19,1.6,47.76249567489724,0.0,7,9
1,19,20,1.4,29.538301549158955,0.0,7,9
1,19,21,1.4,21.440672388112294,0.0,7,9
1,19,22,1.4,52.27627327913589,0.0,7,9
1,19,23,1.4,24.625548929726342,0.0,7,9
1,19,24,1.8,19.047188354496775,0.0,7,9
1,19,25,1.8,26.248632059942267,0.0,7,9
1,19,26,1.8,15.96272629203168,0.0,7,9
1,19,27,1.6,21.0734545973163,0.0,7,9
1,19,28,1.4,21.123450259009104,0.0,7,9
1,19,29,1.6,14.523576107834197,0.0,7,9
1,19,30,2.0,19.422305512985467,0.0,7,9
1,19,31,1.6,17.4967896950695,0.0,7,9
1,19,32,1.6,34.46572541027261,0.0,7,9
1,19,33,2.0,18.52614847146805,0.0,7,9
1,19,34,1.4,23.805861399503602,0.0,7,9
1,19,35,1.8,18.859673414311086,0.0,7,9
1,19,36,2.0,14.800196985918996,0.0,7,9
2,19,1,1.6,30.703455793222453,0.0,7,9
2,19,2,1.6,23.31028555589975,0.0,7,9
2,19,3,1.4,20.128110980306396,0.0,7,9
2,19,4,1.8,17.292369207116693,0.0,7,9
2,19,5,2.6,10.979464216430717,0.125,7,9
2,19,6,1.6,20.560807771632035,0.0,7,9
2,19,7,1.6,15.842552944454747,0.0,7,9
2,19,8,1.8,15.512692768259505,0.0,7,9
2,19,9,1.4,22.076097239530615,0.0,7,9
2,19,10,1.4,20.101895809898622,0.0,7,9
2,19,11,1.4,20.29426815456674,0.0,7,9
2,19,12,1.4,20.705749266390217,0.0,7,9
2,19,13,2.2,14.211574962037798,0.125,7,9
2,19,14,1.4,17.77072460186046,0.0,7,9
2,19,15,1.4,19.90978050024687,0.0,7,9
2,19,16,1.4,21.9736380471782,0.0,7,9
2,19,17,1.4,31.529529771047574,0.0,7,9
2,19,18,1.4,27.38727619579574,0.0,7,9
2,19,19,1.8,11.281018307318238,0.0,7,9
2,19,20,1.6,18.980493722112048,0.0,7,9
2,19,21,1.8,19.269942886979297,0.0,7,9
2,19,22,1.4,23.748144102872892,0.0,7,9
2,19,23,1.4,20.31790342970767,0.0,7,9
2,19,24,1.4,20.94608923359038,0.0,7,9
2,19,25,1.6,19.22259000323185,0.0,7,9
2,19,26,1.6,19.61235583987871,0.0,7,9
2,19,27,1.4,15.021758565154927,0.0,7,9
2,19,28,2.0,15.297555453949686,0.125,7,9
2,19,29,1.4,22.922273347332407,0.0,7,9
2,19,30,1.4,38.080369714286334,0.0,7,9
2,19,31,1.4,19.739117871232697,0.0,7,9
2,19,32,1.6,17.331080738813732,0.0,7,9
2,19,33,1.6,18.143531624673717,0.0,7,9
2,19,34,1.4,30.203150105243353,0.0,7,9
2,19,35,1.8,12.973202882111119,0.0,7,9
2,19,36,1.4,14.962276597475409,0.0,7,9
2,19,37,1.4,17.913173616581457,0.0,7,9
2,19,38,1.4,17.636659194182595,0.0,7,9
2,19,39,2.0,14.915460973232562,0.125,7,9
3,19,1,1.4,17.74380482509935,0.0,7,9
3,19,2,1.4,24.70397110627689,0.0,7,9
3,19,3,1.4,18.85842783308781,0.0,7,9
3,19,4,1.4,25.78082686093567,0.0,7,9
3,19,5,1.4,17.57283427417936,0.0,7,9
3,19,6,1.6,30.737991664723417,0.0,7,9
3,19,7,1.6,15.15671441906396,0.0,7,9
3,19,8,1.4,17.154844561847415,0.0,7,9
3,19,9,1.4,16.113937328303162,0.0,7,9
3,19,10,1.4,19.35862715510375,0.0,7,9
3,19,11,1.6,14.079511798019253,0.0,7,9
3,19,12,1.6,15.240818030853866,0.0,7,9
3,19,13,1.4,19.35323911550554,0.0,7,9
3,19,14,1.6,25.28837636019412,0.0,7,9
3,19,15,1.4,27.16036189454864,0.0,7,9
3,19,16,1.4,16.41225937407577,0.0,7,9
3,19,17,1.8,23.362332261322457,0.0,7,9
3,19,18,1.6,20.044319027550213,0.0,7,9
3,19,19,1.4,17.896778963596955,0.0,7,9
3,19,20,1.8,26.196228694702437,0.0,7,9
3,19,21,1.4,15.980616130518706,0.0,7,9
3,19,22,2.0,18.195009087504598,0.0,7,9
3,19,23,1.8,19.95730522191247,0.0,7,9
3,19,24,1.4,17.518896284970694,0.0,7,9
3,19,25,1.8,17.741246190641355,0.0,7,9
3,19,26,2.0,12.365197316359753,0.0,7,9
3,19,27,1.6,26.433208958241927,0.0,7,9
3,19,28,1.6,20.511326929559903,0.0,7,9
3,19,29,2.0,11.72752983193154,0.0,7,9
3,19,30,1.8,26.339731851265867,0.0,7,9
3,19,31,1.4,17.08189263130289,0.0,7,9
3,19,32,1.6,18.517454663922024,0.0,7,9
3,19,33,1.4,22.145658909157987,0.0,7,9
3,19,34,1.8,17.86553673431599,0.0,7,9
3,19,35,1.6,19.028041241415384,0.0,7,9
3,19,36,1.6,17.669284502645127,0.0,7,9
3,19,37,1.4,15.10345613658647,0.0,7,9
3,19,38,1.4,19.96912717050585,0.0,7,9
3,19,39,1.8,18.18343373208981,0.0,7,9
3,19,40,1.4,15.861598980408525,0.0,7,9
1,20,1,2.8,16.15349793115103,0.0,7,9
1,20,2,2.8,15.037935024332903,0.0,7,9
1,20,3,2.4,17.866981205599664,0.0,7,9
1,20,4,2.2,17.352799046744167,0.0,7,9
1,20,5,2.0,13.22341578649753,0.0,7,9
1,20,6,2.2,19.32287688693168,0.0,7,9
1,20,7,1.6,20.038376656015682,0.0,7,9
1,20,8,1.6,25.154985406540867,0.0,7,9
1,20,9,1.4,28.227401455078866,0.0,7,9
1,20,10,2.0,14.144579089227255,0.0,7,9
1,20,11,1.4,42.17584952452949,0.0,7,9
1,20,12,1.6,15.233389288881904,0.0,7,9
1,20,13,1.4,39.74378187840257,0.0,7,9
1,20,14,1.6,27.66858161082533,0.0,7,9
1,20,15,1.6,26.849236469590124,0.0,7,9
1,20,16,1.4,21.540405587963427,0.0,7,9
1,20,17,1.4,56.053323802143645,0.0,7,9
1,20,18,1.4,27.924807957471913,0.0,7,9
1,20,19,1.6,26.747753377763786,0.0,7,9
1,20,20,1.4,38.20851908974007,0.0,7,9
1,20,21,1.6,18.779844573140014,0.0,7,9
1,20,22,1.6,30.727123368851174,0.0,7,9
1,20,23,1.4,26.6985321572718,0.0,7,9
1,20,24,1.4,22.10916659668887,0.0,7,9
1,20,25,1.4,32.662503944436224,0.0,7,9
1,20,26,1.6,24.481842507034973,0.0,7,9
1,20,27,1.4,25.785472695362824,0.0,7,9
1,20,28,1.6,24.986589363035712,0.0,7,9
1,20,29,1.4,27.182201035906036,0.0,7,9
1,20,30,1.6,15.071050629387125,0.0,7,9
1,20,31,1.4,30.93334873230644,0.0,7,9
1,20,32,1.4,17.73727451541998,0.0,7,9
1,20,33,2.0,21.146136474608998,0.0,7,9
1,20,34,2.2,15.161401839780666,0.0,7,9
1,20,35,1.6,28.843473583641256,0.0,7,9
1,20,36,1.8,16.609038903930838,0.0,7,9
1,20,37,1.8,18.49661503196234,0.0,6,9
2,20,1,2.4,19.20776630368585,0.0,7,9
2,20,2,2.4,12.451713523345049,0.0,7,9
2,20,3,2.8,15.320283718732549,0.0,7,9
2,20,4,2.2,12.281421754843532,0.0,7,9
2,20,5,2.4,11.349720941259097,0.0,7,9
2,20,6,2.0,11.688447561934654,0.0,7,9
2,20,7,1.8,20.878819827423747,0.0,7,9
2,20,8,1.6,12.430030689880308,0.0,7,9
2,20,9,1.8,22.814627882937927,0.0,7,9
2,20,10,1.8,16.40071178899854,0.0,7,9
2,20,11,2.0,14.236237560083604,0.0,7,9
2,20,12,1.8,16.825118333995594,0.0,7,9
2,20,13,1.8,18.79273928212482,0.0,7,9
2,20,14,1.6,28.125943918004968,0.0,7,9
2,20,15,2.0,11.075869683979295,0.0,7,9
2,20,16,1.4,25.95786787695737,0.0,7,9
2,20,17,2.0,20.659258929075957,0.0,7,9
2,20,18,1.4,20.94284402366933,0.0,7,9
2,20,19,1.4,21.972381266490395,0.0,7,9
2,20,20,1.4,21.865657416547826,0.0,7,9
2,20,21,1.4,19.48868798619494,0.0,7,9
2,20,22,1.8,18.396576903551267,0.0,7,9
2,20,23,1.4,19.695974680735752,0.0,7,9
2,20,24,1.8,17.097951604170728,0.0,7,9
2,20,25,2.0,16.340664987269378,0.0,7,9
2,20,26,1.8,19.461860269601978,0.0,7,9
2,20,27,1.8,17.690266703009204,0.0,7,9
2,20,28,1.4,22.330773719613454,0.0,7,9
2,20,29,1.8,19.06512972528442,0.0,7,9
2,20,30,1.6,17.8742148217871,0.0,7,9
2,20,31,1.4,23.04243056741014,0.0,7,9
2,20,32,1.4,16.112420058101385,0.0,7,9
2,20,33,1.4,14.779373496674326,0.0,7,9
2,20,34,1.8,13.517366179011027,0.0,7,9
2,20,35,1.2,32.669311751269646,0.0,5,9
3,20,1,2.2,12.186842382039131,0.0,7,9
3,20,2,2.0,14.712047936584105,0.0,7,9
3,20,3,1.8,17.740019196080326,0.0,7,9
3,20,4,1.8,16.302773417551283,0.0,7,9
3,20,5,1.8,15.206871595163197,0.0,7,9
3,20,6,1.4,18.695697069531544,0.0,7,9
3,20,7,1.6,16.981552824153145,0.0,7,9
3,20,8,1.6,15.873686194402254,0.0,7,9
3,20,9,1.4,15.8795797392861,0.0,7,9
3,20,10,1.4,16.679585750459225,0.0,7,9
3,20,11,1.4,20.908740424754463,0.0,7,9
3,20,12,1.8,16.826957462844717,0.0,7,9
3,20,13,1.4,22.11233476150831,0.0,7,9
3,20,14,1.4,16.99357957423041,0.0,7,9
3,20,15,1.4,33.87676913047434,0.0,7,9
3,20,16,1.8,20.860158965389726,0.0,7,9
3,20,17,1.6,16.674510731785404,0.0,7,9
3,20,18,1.6,20.4558258941611,0.0,7,9
3,20,19,1.4,21.840233808997787,0.0,7,9
3,20,20,1.8,15.576476218031521,0.125,5,9
3,20,21,1.6,25.817491007310743,0.0,7,9
3,20,22,1.8,13.621289991254732,0.0,7,9
3,20,23,1.8,18.624525274934655,0.0,7,9
3,20,24,1.6,17.389244947812276,0.0,7,9
3,20,25,1.8,17.280271701963642,0.0,7,9
3,20,26,1.4,34.84961012131718,0.0,7,9
3,20,27,1.4,16.927669754886434,0.0,7,9
3,20,28,1.6,18.030041870413502,0.0,7,9
3,20,29,1.8,24.250949929929906,0.0,7,9
3,20,30,1.4,18.419438627611306,0.0,7,9
3,20,31,1.4,20.013574420353976,0.0,7,9
3,20,32,2.0,14.37554015522593,0.0,7,9
3,20,33,1.4,48.63459302888752,0.0,7,9
3,20,34,1.4,20.882787788961853,0.0,7,9
3,20,35,1.4,20.523763602634922,0.0,7,9
3,20,36,1.4,15.943494508345715,0.0,7,9
3,20,37,1.4,23.48061195033874,0.0,7,9
3,20,38,1.8,13.60567933938541,0.0,7,9
3,20,39,1.4,20.595383870037853,0.0,7,9
1,21,1,2.8,16.55284511212667,0.0,7,9
1,21,2,2.8,14.889310098033857,0.0,7,9
1,21,3,2.8,11.6015289791823,0.0,7,9
1,21,4,2.0,15.777002949958161,0.0,7,9
1,21,5,2.0,14.29376397932264,0.0,7,9
1,21,6,1.8,30.76523160031684,0.0,7,9
1,21,7,1.4,29.019020259989972,0.0,7,9
1,21,8,1.8,15.650395292090202,0.0,7,9
1,21,9,1.4,22.381567790708644,0.0,7,9
1,21,10,1.6,16.91607116485972,0.0,7,9
1,21,11,1.4,29.958720461961914,0.0,7,9
1,21,12,1.8,17.659582771990006,0.0,7,9
1,21,13,1.4,22.686824428563607,0.0,7,9
1,21,14,1.6,27.419342400211413,0.0,7,9
1,21,15,1.4,56.77633662693782,0.0,7,9
1,21,16,1.4,22.691616637236017,0.0,7,9
1,21,17,1.4,57.290412911072515,0.0,7,9
1,21,18,1.8,23.790350426452076,0.0,7,9
1,21,19,1.4,94.05072778480843,0.0,7,9
1,21,20,1.6,25.744143646224696,0.0,7,9
1,21,21,1.4,26.347364234774815,0.0,7,9
1,21,22,1.6,17.946529813413548,0.0,7,9
1,21,23,1.4,42.875891870380855,0.0,7,9
1,21,24,1.8,16.627851241786,0.0,7,9
1,21,25,1.4,49.599489261496,0.0,7,9
1,21,26,1.8,19.33556707755141,0.0,7,9
1,21,27,1.4,26.6596060055686,0.0,7,9
1,21,28,1.4,31.171129257123688,0.0,7,9
1,21,29,1.6,16.851496784568116,0.0,7,9
1,21,30,1.8,16.049462591804893,0.0,7,9
1,21,31,1.8,17.657295955418522,0.0,7,9
1,21,32,2.2,15.483685412060499,0.0,7,9
1,21,33,1.8,27.297869610633192,0.0,7,9
1,21,34,1.6,17.458520977969386,0.0,7,9
1,21,35,1.6,20.60347348159575,0.0,7,9
1,21,36,2.2,13.865966250333368,0.0,7,9
2,21,1,1.8,22.902219522461568,0.0,7,9
2,21,2,2.2,13.025855388496005,0.0,7,9
2,21,3,1.6,18.238149545230286,0.0,7,9
2,21,4,2.6,12.57813915999734,0.125,7,9
2,21,5,1.6,17.4431104381557,0.0,7,9
2,21,6,1.6,21.078573615717307,0.0,7,9
2,21,7,1.6,13.906223971691364,0.0,7,9
2,21,8,1.4,18.096989022998997,0.0,7,9
2,21,9,1.4,26.428348687563187,0.0,7,9
2,21,10,1.4,17.945586386690326,0.0,7,9
2,21,11,1.4,19.880975427420076,0.0,7,9
2,21,12,1.6,29.105404671598453,0.0,7,9
2,21,13,2.2,13.064029028803759,0.0,7,9
2,21,14,1.6,19.181851372737228,0.0,7,9
2,21,15,1.6,19.339260582725803,0.0,7,9
2,21,16,1.6,25.565810156799394,0.0,7,9
2,21,17,1.6,24.749594326909484,0.0,7,9
2,21,18,1.4,15.725847655752222,0.0,7,9
2,21,19,2.0,16.07513289612944,0.0,7,9
2,21,20,1.8,15.049822714666517,0.0,7,9
2,21,21,1.4,23.56514339987,0.0,7,9
2,21,22,1.4,20.94409319184278,0.0,7,9
2,21,23,1.4,21.018070385344057,0.0,7,9
2,21,24,1.4,20.684085555341085,0.0,7,9
2,21,25,1.6,19.183795183970634,0.0,7,9
2,21,26,1.4,19.201298428535242,0.0,7,9
2,21,27,1.6,15.880474970583547,0.0,7,9
2,21,28,1.8,14.181648473937107,0.0,7,9
2,21,29,2.4,13.672110426588741,0.0,7,9
2,21,30,1.6,19.40106344852371,0.0,7,9
2,21,31,1.4,21.09825562635633,0.0,7,9
2,21,32,2.0,15.795307366413727,0.0,7,9
2,21,33,1.8,12.042956212779655,0.0,7,9
2,21,34,1.4,21.678439362727044,0.0,7,9
2,21,35,1.4,14.174341609158487,0.0,7,9
2,21,36,1.6,18.225661792620894,0.0,7,9
2,21,37,1.6,18.32631003398392,0.0,7,9
3,21,1,1.6,16.56596943943979,0.0,7,9
3,21,2,2.4,10.907047615290265,0.0,7,9
3,21,3,1.6,19.67406205141361,0.0,7,9
3,21,4,1.4,18.36429683575721,0.0,7,9
3,21,5,1.4,26.97097115138319,0.0,7,9
3,21,6,1.8,17.588468219423337,0.0,7,9
3,21,7,1.4,15.044908297538377,0.0,7,9
3,21,8,1.4,20.349430932485014,0.0,7,9
3,21,9,1.6,15.191532535152808,0.0,7,9
3,21,10,1.4,15.773945216989233,0.0,7,9
3,21,11,1.4,20.775098400463154,0.0,7,9
3,21,12,1.4,14.841832267852247,0.0,7,9
3,21,13,1.6,22.94779270811361,0.0,7,9
3,21,14,1.4,26.75157021201267,0.0,7,9
3,21,15,1.6,15.4686839236825,0.0,7,9
3,21,16,1.6,24.15869596000378,0.0,7,9
3,21,17,1.4,33.3933607018391,0.0,7,9
3,21,18,1.6,16.008600695955092,0.0,7,9
3,21,19,1.4,18.762148737048303,0.0,7,9
3,21,20,1.4,24.46064498159382,0.0,7,9
3,21,21,1.8,15.616247436627663,0.125,7,9
3,21,22,1.6,32.724299160508146,0.0,7,9
3,21,23,1.6,15.226894083025456,0.0,7,9
3,21,24,1.8,18.950160629807996,0.0,7,9
3,21,25,1.6,13.892021078673762,0.0,7,9
3,21,26,1.8,16.154129426821218,0.0,7,9
3,21,27,1.4,27.421774195886137,0.0,7,9
3,21,28,1.6,19.080493969115018,0.0,7,9
3,21,29,1.6,21.826259072141706,0.0,7,9
3,21,30,1.6,27.521645129610132,0.0,7,9
3,21,31,1.6,15.366411381650627,0.0,7,9
3,21,32,1.6,21.43828899697275,0.0,7,9
3,21,33,1.6,19.699712817575787,0.0,7,9
3,21,34,1.4,23.453077564756438,0.0,7,9
3,21,35,1.4,24.577165119218993,0.0,7,9
3,21,36,1.4,18.949662848358034,0.0,7,9
3,21,37,1.8,13.76052886678314,0.0,7,9
3,21,38,1.4,18.972931852944516,0.0,7,9
3,21,39,1.4,19.571207975774932,0.0,7,9
3,21,40,1.4,23.297323405962985,0.0,7,9
1,22,1,2.8,17.721116831443382,0.0,7,9
1,22,2,2.8,14.96325351002904,0.0,7,9
1,22,3,2.8,12.86467354229916,0.0,7,9
1,22,4,2.0,15.104715713936422,0.0,7,9
1,22,5,2.2,13.062871359007463,0.0,7,9
1,22,6,2.0,20.03915010515331,0.0,7,9
1,22,7,1.6,17.01971171040241,0.0,7,9
1,22,8,2.2,14.805211361509732,0.0,7,9
1,22,9,1.6,14.620371802357079,0.0,7,9
1,22,10,2.0,19.720177577242872,0.0,7,9
1,22,11,1.6,22.388750453569976,0.0,7,9
1,22,12,1.4,32.99800417201908,0.0,7,9
1,22,13,1.6,24.82166799568393,0.0,7,9
1,22,14,1.4,38.59467299133591,0.0,7,9
1,22,15,1.6,14.153419531292915,0.0,7,9
1,22,16,1.6,29.807316543989423,0.0,7,9
1,22,17,1.6,26.849214779050634,0.0,7,9
1,22,18,1.6,39.5691691444859,0.0,7,9
1,22,19,1.4,29.726710693208727,0.0,7,9
1,22,20,1.4,40.37468218592765,0.0,7,9
1,22,21,1.4,36.95776081540676,0.0,7,9
1,22,22,1.6,49.430352654015536,0.0,7,9
1,22,23,1.6,20.35531053827452,0.0,7,9
1,22,24,1.6,23.38928059304496,0.0,7,9
1,22,25,1.4,23.17739438463198,0.0,7,9
1,22,26,1.4,17.281481652109875,0.0,7,9
1,22,27,1.6,31.52174846085594,0.0,7,9
1,22,28,1.4,28.466256738779652,0.0,7,9
1,22,29,1.6,14.811742223151107,0.0,7,9
1,22,30,2.2,13.396904261350914,0.0,7,9
1,22,31,1.8,19.393051768537873,0.0,7,9
1,22,32,1.8,32.96817515583487,0.0,7,9
1,22,33,1.6,15.93366810593007,0.0,7,9
1,22,34,2.0,13.825405958798264,0.0,7,9
1,22,35,2.0,15.370057948873436,0.0,7,9
2,22,1,2.0,21.258399097520567,0.0,7,9
2,22,2,2.0,14.95797467830215,0.0,7,9
2,22,3,1.4,25.252828493331478,0.0,7,9
2,22,4,2.2,17.72597978927238,0.0,7,9
2,22,5,1.4,18.5137926617275,0.0,7,9
2,22,6,1.6,22.447358198302993,0.0,7,9
2,22,7,1.8,15.67910169701144,0.0,7,9
2,22,8,1.6,15.753411827984309,0.0,7,9
2,22,9,1.6,19.04176766897646,0.0,7,9
2,22,10,1.4,20.141101966069265,0.0,7,9
2,22,11,1.4,22.01236980138594,0.0,7,9
2,22,12,1.8,23.158984629197505,0.0,7,9
2,22,13,1.8,15.69155945787401,0.0,7,9
2,22,14,1.4,28.280536349849115,0.0,7,9
2,22,15,1.8,15.824260567474962,0.0,7,9
2,22,16,1.8,16.773831939999322,0.0,7,9
2,22,17,1.6,26.132966097577167,0.0,7,9
2,22,18,1.4,19.023054982467244,0.0,7,9
2,22,19,1.8,13.642558287746668,0.0,7,9
2,22,20,2.0,19.7902344110633,0.0,7,9
2,22,21,1.4,21.160214207543643,0.0,7,9
2,22,22,1.4,21.972381266490395,0.0,7,9
2,22,23,1.6,20.558842906873238,0.0,7,9
2,22,24,1.6,15.920206317038296,0.0,7,9
2,22,25,1.6,20.26209201513588,0.0,7,9
2,22,26,1.4,17.029390626004176,0.0,7,9
2,22,27,2.2,15.369364149176405,0.125,7,9
2,22,28,1.4,23.621892864928608,0.0,7,9
2,22,29,1.4,17.827517878699684,0.0,7,9
2,22,30,1.4,20.015465195314476,0.0,7,9
2,22,31,1.8,16.334754426066855,0.0,7,9
2,22,32,1.4,26.270973639082474,0.0,7,9
2,22,33,2.4,12.584991367556546,0.125,7,9
2,22,34,1.4,18.398305420734225,0.0,7,9
2,22,35,1.4,16.24077475736763,0.0,7,9
2,22,36,1.4,17.583735716928697,0.0,7,9
2,22,37,1.6,16.064407526858016,0.0,7,9
2,22,38,1.4,24.469177528227632,0.0,5,9
3,22,1,2.0,14.654467581693265,0.0,7,9
3,22,2,2.4,13.571619872654365,0.0,7,9
3,22,3,1.6,16.038579027786664,0.0,7,9
3,22,4,1.6,19.87610963558545,0.0,7,9
3,22,5,1.6,19.131957402663925,0.0,7,9
3,22,6,1.4,17.039605655536853,0.0,7,9
3,22,7,1.4,18.527397345926268,0.0,7,9
3,22,8,1.6,23.00061229460923,0.0,7,9
3,22,9,2.0,11.904627820030434,0.0,7,9
3,22,10,1.4,17.744187196530806,0.0,7,9
3,22,11,1.4,19.082169072895244,0.0,7,9
3,22,12,1.6,33.67953144570875,0.0,7,9
3,22,13,1.4,26.243281417832023,0.0,7,9
3,22,14,1.4,15.17935737616194,0.0,7,9
3,22,15,1.4,27.20878175300866,0.0,7,9
3,22,16,1.4,46.113711853296614,0.0,7,9
3,22,17,1.6,16.690124301889583,0.0,7,9
3,22,18,1.6,18.847377743189703,0.0,7,9
3,22,19,1.4,27.05134966185901,0.0,7,9
3,22,20,1.4,20.783840255910466,0.0,7,9
3,22,21,1.8,15.85178631375617,0.0,7,9
3,22,22,2.0,13.52450933155238,0.0,7,9
3,22,23,2.0,17.189361320283584,0.0,7,9
3,22,24,1.8,12.543912886732778,0.0,7,9
3,22,25,1.8,22.854553231255,0.0,7,9
3,22,26,1.6,24.834746505299357,0.0,7,9
3,22,27,1.6,19.960717071501943,0.0,7,9
3,22,28,1.8,19.074801189768998,0.0,7,9
3,22,29,1.6,19.774617778242607,0.0,7,9
3,22,30,1.6,15.607103334243263,0.0,7,9
3,22,31,1.6,21.00706896741209,0.0,7,9
3,22,32,1.4,20.560921511865793,0.0,7,9
3,22,33,1.4,24.586794945492443,0.0,7,9
3,22,34,1.6,19.70230016106694,0.0,7,9
3,22,35,2.0,11.984550545083023,0.0,7,9
3,22,36,1.4,23.26014181583683,0.0,7,9
3,22,37,1.6,13.271847902574423,0.0,7,9
3,22,38,1.6,25.97128447921156,0.0,7,9
3,22,39,1.2,17.73987503509108,0.0,5,9
1,23,1,2.8,14.110895691815362,0.0,7,9
1,23,2,2.8,15.305295274236862,0.0,7,9
1,23,3,2.8,14.333464779289907,0.0,7,9
1,23,4,2.0,15.573139408512068,0.0,7,9
1,23,5,2.2,10.622115152128272,0.0,7,9
1,23,6,1.8,28.367194913056203,0.0,7,9
1,23,7,1.6,21.016798201349655,0.0,7,9
1,23,8,1.8,19.206890990528255,0.0,7,9
1,23,9,1.4,17.836985945987774,0.0,7,9
1,23,10,1.6,26.588918599813653,0.0,7,9
1,23,11,1.4,48.81384117864578,0.0,7,9
1,23,12,1.4,23.188536296846944,0.0,7,9
1,23,13,1.4,25.575419100833432,0.0,7,9
1,23,14,1.6,25.55861315243012,0.0,7,9
1,23,15,1.4,43.31026240265385,0.0,7,9
1,23,16,1.4,23.57952760346158,0.0,7,9
1,23,17,1.4,37.1555287325839,0.0,7,9
1,23,18,1.4,25.254710925588526,0.0,7,9
1,23,19,1.8,27.800562954258655,0.0,7,9
1,23,20,1.4,56.875536912788064,0.0,7,9
1,23,21,1.4,23.543265126738845,0.0,7,9
1,23,22,1.6,21.6705964107268,0.0,7,9
1,23,23,1.4,56.22956016731047,0.0,7,9
1,23,24,1.6,18.941532930195645,0.0,7,9
1,23,25,1.6,45.76932110886184,0.0,7,9
1,23,26,1.8,23.893364866285708,0.0,7,9
1,23,27,1.4,23.203932344682716,0.0,7,9
1,23,28,1.6,26.762068275269694,0.0,7,9
1,23,29,1.6,22.187469308897448,0.0,7,9
1,23,30,1.8,16.671076996422705,0.0,7,9
1,23,31,2.0,21.29172780343866,0.0,7,9
1,23,32,2.0,14.936594703688149,0.0,7,9
1,23,33,2.0,16.38320783981093,0.0,7,9
1,23,34,1.6,24.8594819435955,0.0,7,9
1,23,35,1.4,21.280692377148924,0.0,7,9
1,23,36,2.2,12.751035078556173,0.0,7,9
2,23,1,2.4,17.809494904868217,0.0,7,9
2,23,2,2.2,11.605130482395529,0.0,7,9
2,23,3,2.0,18.632073291639472,0.0,7,9
2,23,4,2.2,15.87913132414652,0.125,7,9
2,23,5,1.6,21.731396146153074,0.0,7,9
2,23,6,1.8,15.429346033521087,0.0,7,9
2,23,7,1.6,16.800468754253412,0.0,7,9
2,23,8,1.6,17.714123846101504,0.0,7,9
2,23,9,1.4,31.005982396612076,0.0,7,9
2,23,10,1.4,17.606846543382346,0.0,7,9
2,23,11,1.8,15.528518078711636,0.0,7,9
2,23,12,1.6,16.410653043878096,0.0,7,9
2,23,13,2.2,14.55359537354857,0.0,7,9
2,23,14,2.0,15.489337899267905,0.0,7,9
2,23,15,1.4,32.713465186899036,0.0,7,9
2,23,16,2.2,13.167765661753766,0.0,7,9
2,23,17,1.4,19.04626637651597,0.0,7,9
2,23,18,1.6,19.754440979824256,0.0,7,9
2,23,19,1.6,18.43866838410998,0.0,7,9
2,23,20,1.4,34.25608056755114,0.0,7,9
2,23,21,1.4,17.830155804384166,0.0,7,9
2,23,22,1.4,23.433995316641408,0.0,7,9
2,23,23,1.4,21.112486037752298,0.0,7,9
2,23,24,1.6,20.60568965121267,0.0,7,9
2,23,25,1.4,19.445491030862982,0.0,7,9
2,23,26,2.2,12.611869015669605,0.125,7,9
2,23,27,1.4,27.697302044175743,0.0,7,9
2,23,28,1.4,25.632216568135505,0.0,7,9
2,23,29,1.4,20.06287088735152,0.0,7,9
2,23,30,1.6,24.5726805164021,0.0,7,9
2,23,31,1.6,19.787088566571864,0.0,7,9
2,23,32,1.4,27.002814549847017,0.0,7,9
2,23,33,1.6,14.90903307813094,0.0,7,9
2,23,34,1.4,16.39143763816736,0.0,7,9
2,23,35,1.4,15.824681455925315,0.0,7,9
2,23,36,1.4,16.18039382533652,0.0,7,9
2,23,37,1.8,15.432440554059726,0.125,5,9
3,23,1,1.4,17.641443976590434,0.0,7,9
3,23,2,1.4,17.34694768654001,0.0,7,9
3,23,3,1.4,27.635007389558687,0.0,7,9
3,23,4,1.4,31.98216713908446,0.0,7,9
3,23,5,1.4,19.790443082390105,0.0,7,9
3,23,6,1.4,20.962370572461296,0.0,7,9
3,23,7,1.4,17.8883974698112,0.0,7,9
3,23,8,1.4,16.77252396700569,0.0,7,9
3,23,9,1.4,16.36121480141493,0.0,7,9
3,23,10,1.4,19.20573093640008,0.0,7,9
3,23,11,1.4,18.619733017400286,0.0,7,9
3,23,12,1.4,23.50007899241807,0.0,7,9
3,23,13,1.4,15.683674527755798,0.0,7,9
3,23,14,1.8,23.514826563879616,0.0,7,9
3,23,15,1.4,25.692079898686718,0.0,7,9
3,23,16,1.4,16.444560800330883,0.0,7,9
3,23,17,2.0,17.07671137278431,0.0,7,9
3,23,18,1.4,36.19482072480175,0.0,7,9
3,23,19,1.8,18.83016670008212,0.0,7,9
3,23,20,1.8,18.011339750481525,0.0,7,9
3,23,21,1.4,21.78622826212105,0.0,7,9
3,23,22,2.0,16.801588360496787,0.0,7,9
3,23,23,2.0,15.22290036538481,0.0,7,9
3,23,24,1.4,24.259167433203572,0.0,7,9
3,23,25,1.6,20.607962572614692,0.0,7,9
3,23,26,1.4,18.92146875268007,0.0,7,9
3,23,27,1.4,19.255886234957742,0.0,7,9
3,23,28,1.4,26.358178774680283,0.0,7,9
3,23,29,1.6,15.863655581433559,0.0,7,9
3,23,30,1.6,18.922565526370104,0.0,7,9
3,23,31,1.6,31.983137440444928,0.0,7,9
3,23,32,1.4,25.590245618976372,0.0,7,9
3,23,33,1.6,17.34500698145755,0.0,7,9
3,23,34,1.4,32.98853247195967,0.0,7,9
3,23,35,1.4,17.328181508586763,0.0,7,9
3,23,36,1.8,21.502781454381303,0.0,7,9
3,23,37,1.4,17.896154895561203,0.0,7,9
3,23,38,1.4,15.203692827416834,0.0,7,9
3,23,39,1.4,22.621014961149697,0.0,7,9
3,23,40,1.6,16.493109682003226,0.0,7,9
3,23,41,1.4,22.275646329871567,0.0,7,9
3,23,42,1.25,29.759348161421006,0.0,4,9
1,24,1,2.8,17.165829890092652,0.0,7,9
1,24,2,2.8,16.124369642830104,0.0,7,9
1,24,3,2.8,13.807968278069202,0.0,7,9
1,24,4,1.8,24.384976199925024,0.0,7,9
1,24,5,2.4,10.587968815574635,0.0,7,9
1,24,6,1.6,43.9387260806958,0.0,7,9
1,24,7,1.6,16.188448142408014,0.0,7,9
1,24,8,1.8,15.282028926847156,0.0,7,9
1,24,9,1.4,30.669696825053826,0.0,7,9
1,24,10,1.6,18.61880603641703,0.0,7,9
1,24,11,1.4,29.87702706696155,0.0,7,9
1,24,12,1.8,17.569623595881946,0.0,7,9
1,24,13,1.4,22.257760848896705,0.0,7,9
1,24,14,1.8,28.71731171850583,0.0,7,9
1,24,15,1.4,30.821532051019904,0.0,7,9
1,24,16,1.6,19.778187443071907,0.0,7,9
1,24,17,1.6,41.544575619598234,0.0,7,9
1,24,18,2.0,20.69926169575923,0.0,7,9
1,24,19,1.4,31.895347964683523,0.0,7,9
1,24,20,1.6,21.098042918072,0.0,7,9
1,24,21,1.6,23.072449098964707,0.0,7,9
1,24,22,1.4,52.17093336545484,0.0,7,9
1,24,23,1.6,16.976548489686106,0.0,7,9
1,24,24,1.4,37.737590374253294,0.0,7,9
1,24,25,1.6,31.400282305430526,0.0,7,9
1,24,26,1.4,24.21774878983856,0.0,7,9
1,24,27,1.6,22.44164598043395,0.0,7,9
1,24,28,1.6,19.477805901563872,0.0,7,9
1,24,29,1.6,15.375912811310474,0.0,7,9
1,24,30,2.0,16.86719143325866,0.0,7,9
1,24,31,2.4,11.672195520026412,0.0,7,9
1,24,32,1.6,36.14967233216568,0.0,7,9
1,24,33,2.0,12.957347379167828,0.0,7,9
1,24,34,1.6,25.91926392480416,0.0,7,9
1,24,35,2.2,12.72249210760042,0.0,7,9
2,24,1,1.8,23.9797419659326,0.0,7,9
2,24,2,1.6,27.308682612383336,0.0,7,9
2,24,3,1.4,18.784726106620713,0.0,7,9
2,24,4,2.2,16.620397758048195,0.0,7,9
2,24,5,2.0,14.00906664085138,0.0,7,9
2,24,6,1.4,19.914035138676237,0.0,7,9
2,24,7,1.8,16.784297251500103,0.0,7,9
2,24,8,2.0,13.375523169781781,0.0,7,9
2,24,9,1.8,23.62035829998329,0.0,7,9
2,24,10,1.6,14.123554126442192,0.0,7,9
2,24,11,1.4,26.678984485517244,0.0,7,9
2,24,12,1.6,23.296212207921734,0.0,7,9
2,24,13,1.8,16.701355213327986,0.0,7,9
2,24,14,1.6,21.855040908252317,0.0,7,9
2,24,15,2.0,14.551658134127422,0.0,7,9
2,24,16,1.4,19.47930414885618,0.0,7,9
2,24,17,2.0,16.15130298631,0.0,7,9
2,24,18,1.6,13.536326414089315,0.0,7,9
2,24,19,2.0,18.420083307882216,0.0,7,9
2,24,20,1.6,15.967906580455104,0.0,7,9
2,24,21,1.4,23.068969584054003,0.0,7,9
2,24,22,1.4,21.202087514795497,0.0,7,9
2,24,23,1.4,19.80973071955988,0.0,7,9
2,24,24,2.0,14.913685266294383,0.0,7,9
2,24,25,1.4,18.44383145749278,0.0,7,9
2,24,26,1.6,17.147471920108966,0.0,7,9
2,24,27,1.8,22.197578509281968,0.0,7,9
2,24,28,2.0,14.553358421250726,0.0,7,9
2,24,29,2.4,12.192879245599782,0.0,7,9
2,24,30,1.8,16.2740855286513,0.0,7,9
2,24,31,1.6,26.910153578221,0.0,7,9
2,24,32,1.8,13.242402252599428,0.0,7,9
2,24,33,1.6,14.954464051393057,0.0,7,9
2,24,34,1.4,18.34296231977238,0.0,7,9
2,24,35,1.4,26.161329077872416,0.0,7,9
2,24,36,1.8,15.788772061269226,0.0,7,9
3,24,1,1.6,18.031125723410053,0.0,7,9
3,24,2,1.8,12.721621724905805,0.0,7,9
3,24,3,1.8,19.624415106967696,0.0,7,9
3,24,4,1.6,15.235908137689156,0.0,7,9
3,24,5,1.8,18.60196837832628,0.0,7,9
3,24,6,1.8,12.548994733952592,0.0,7,9
3,24,7,1.6,14.824434258785807,0.0,7,9
3,24,8,1.4,23.78340717169054,0.0,7,9
3,24,9,1.4,18.744700955961164,0.0,7,9
3,24,10,1.4,16.37267218180578,0.0,7,9
3,24,11,1.4,18.3507925739167,0.0,7,9
3,24,12,1.4,20.52212323632721,0.0,7,9
3,24,13,1.8,19.674081395545496,0.0,7,9
3,24,14,1.4,20.38971169564474,0.0,7,9
3,24,15,1.8,14.45118122780857,0.0,7,9
3,24,16,1.6,23.570225991901452,0.0,7,9
3,24,17,2.0,13.74583481633644,0.0,7,9
3,24,18,1.6,18.70230885220289,0.0,7,9
3,24,19,1.4,27.511330616721253,0.0,7,9
3,24,20,1.8,15.51491893076296,0.125,5,9
3,24,21,1.8,22.11161891379102,0.0,7,9
3,24,22,2.0,10.31101252635101,0.0,7,9
3,24,23,1.8,18.726039337130743,0.0,7,9
3,24,24,1.6,18.653121916008978,0.0,7,9
3,24,25,1.6,17.504846995931565,0.0,7,9
3,24,26,1.4,20.981535281909593,0.0,7,9
3,24,27,2.0,13.770736421140716,0.0,7,9
3,24,28,1.8,20.26224155273429,0.0,7,9
3,24,29,1.4,25.455619658003666,0.0,7,9
3,24,30,1.4,21.020080553215507,0.0,7,9
3,24,31,1.8,17.29611649766487,0.0,7,9
3,24,32,1.4,20.56938007920812,0.0,7,9
3,24,33,1.6,22.338421261928907,0.0,7,9
3,24,34,1.4,23.171755855590657,0.0,7,9
3,24,35,2.0,13.41052079329768,0.0,7,9
3,24,36,1.4,18.244576921720014,0.0,7,9
3,24,37,1.4,18.94052889149207,0.0,7,9
3,24,38,1.4,24.386004572688197,0.0,7,9
3,24,39,1.4,20.841562155682645,0.0,6,9
1,25,1,2.8,15.897802012042167,0.0,7,9
1,25,2,2.8,16.1243696428301,0.0,7,9
1,25,3,2.8,12.237659511546218,0.0,7,9
1,25,4,2.2,13.868921447553436,0.0,7,9
1,25,5,2.4,10.9272404810882,0.0,7,9
1,25,6,1.6,33.85306763074034,0.0,7,9
1,25,7,1.4,29.620508765795293,0.0,7,9
1,25,8,1.8,15.952718127982248,0.0,7,9
1,25,9,1.4,22.75355975210797,0.0,7,9
1,25,10,1.6,19.58812300210444,0.0,7,9
1,25,11,1.4,46.19445373395173,0.0,7,9
1,25,12,1.8,15.73953275807648,0.0,7,9
1,25,13,1.4,31.77917583200317,0.0,7,9
1,25,14,1.8,29.86445137597507,0.0,7,9
1,25,15,1.6,18.875052444781627,0.0,7,9
1,25,16,1.4,28.37474128111816,0.0,7,9
1,25,17,1.4,58.151813673787004,0.0,7,9
1,25,18,1.8,22.78321998898126,0.0,7,9
1,25,19,1.6,27.07597457786723,0.0,7,9
1,25,20,1.4,25.21442157131253,0.0,7,9
1,25,21,1.6,20.41069278948789,0.0,7,9
1,25,22,1.6,33.4641537364808,0.0,7,9
1,25,23,1.6,20.99940087822733,0.0,7,9
1,25,24,1.4,31.437569495110896,0.0,7,9
1,25,25,1.8,25.058494843352673,0.0,7,9
1,25,26,1.4,25.011804162068486,0.0,7,9
1,25,27,1.6,32.58131562581135,0.0,7,9
1,25,28,1.4,26.989060381372454,0.0,7,9
1,25,29,1.4,20.26419083149536,0.0,7,9
1,25,30,1.6,19.011125484582212,0.0,7,9
1,25,31,1.4,23.620774147141592,0.0,7,9
1,25,32,1.8,17.815121321972185,0.0,7,9
1,25,33,1.4,72.22918750904051,0.0,7,9
1,25,34,1.6,20.28678416571451,0.0,7,9
1,25,35,1.6,21.388227613305247,0.0,7,9
1,25,36,2.4,10.793439741465885,0.0,7,9
2,25,1,2.0,19.311808993166007,0.0,7,9
2,25,2,2.0,15.606847995520907,0.0,7,9
2,25,3,2.0,13.418581433427224,0.0,7,9
2,25,4,2.4,15.024190325492707,0.125,7,9
2,25,5,1.8,13.606039747769598,0.0,7,9
2,25,6,1.4,21.763178088355083,0.0,7,9
2,25,7,1.6,15.760902370545649,0.0,7,9
2,25,8,1.4,24.000844724248964,0.0,7,9
2,25,9,1.4,25.591153415761344,0.0,7,9
2,25,10,1.4,14.675633718478082,0.0,7,9
2,25,11,1.4,23.861436282246743,0.0,7,9
2,25,12,1.6,25.533075095187787,0.0,7,9
2,25,13,2.2,11.107571952626119,0.0,7,9
2,25,14,1.8,17.131148179669964,0.0,7,9
2,25,15,2.0,16.584089694696548,0.0,7,9
2,25,16,1.8,17.120750427120676,0.0,7,9
2,25,17,2.0,11.558862755786217,0.0,7,9
2,25,18,1.6,20.219647270289464,0.0,7,9
2,25,19,1.6,27.104120608432666,0.0,7,9
2,25,20,1.4,23.61894703138769,0.0,7,9
2,25,21,1.4,21.590457425567216,0.0,7,9
2,25,22,1.4,31.042046693906368,0.0,7,9
2,25,23,1.4,22.033349752116695,0.0,7,9
2,25,24,1.8,19.185665900449617,0.0,7,9
2,25,25,1.4,19.317646714434982,0.0,7,9
2,25,26,1.6,14.367966647223245,0.0,7,9
2,25,27,2.0,15.643171873784791,0.0,7,9
2,25,28,1.8,19.124299772001176,0.0,7,9
2,25,29,2.0,13.33433788231029,0.0,7,9
2,25,30,1.8,21.323359488991102,0.0,7,9
2,25,31,1.8,19.12474511956248,0.0,7,9
2,25,32,1.8,14.581539595166841,0.0,7,9
2,25,33,1.6,15.805760718016007,0.0,7,9
2,25,34,1.4,14.720173370216362,0.0,7,9
2,25,35,1.6,16.504302507406592,0.0,7,9
2,25,36,2.2,13.700138553485925,0.0,7,9
3,25,1,2.0,13.520612730909304,0.0,7,9
3,25,2,2.4,12.619532367028395,0.0,7,9
3,25,3,2.4,11.409815611729053,0.0,7,9
3,25,4,2.0,19.887651120029787,0.0,7,9
3,25,5,1.6,17.69531629311062,0.0,7,9
3,25,6,1.6,17.249383808130126,0.0,7,9
3,25,7,1.6,22.410662396191338,0.0,7,9
3,25,8,2.0,11.951151985050444,0.0,7,9
3,25,9,1.4,15.457124861216275,0.0,7,9
3,25,10,1.4,14.826428739213256,0.0,7,9
3,25,11,1.8,15.866595339120742,0.0,7,9
3,25,12,1.4,24.21332096866923,0.0,7,9
3,25,13,1.4,16.94649401508796,0.0,7,9
3,25,14,1.6,25.455793999868312,0.0,7,9
3,25,15,1.6,27.24667824248899,0.0,7,9
3,25,16,1.8,13.567136130775065,0.0,7,9
3,25,17,1.6,21.000867086890977,0.0,7,9
3,25,18,1.4,22.55866159525406,0.0,7,9
3,25,19,1.8,15.650802842079049,0.125,7,9
3,25,20,1.4,33.52552116231762,0.0,7,9
3,25,21,1.4,16.00446776620097,0.0,7,9
3,25,22,1.8,19.86094396303385,0.0,7,9
3,25,23,1.4,14.540873489523037,0.0,7,9
3,25,24,1.4,17.906495071136806,0.0,7,9
3,25,25,1.4,32.27751809411875,0.0,7,9
3,25,26,1.4,31.07043697117446,0.0,7,9
3,25,27,2.0,13.734906414950453,0.0,7,9
3,25,28,1.8,28.480798882524486,0.0,7,9
3,25,29,1.4,20.41892460255199,0.0,7,9
3,25,30,1.4,28.76425861713725,0.0,7,9
3,25,31,1.6,20.341040935361445,0.0,7,9
3,25,32,1.4,15.725380002771413,0.0,7,9
3,25,33,1.4,24.260414328384456,0.0,7,9
3,25,34,1.8,17.403483724496112,0.0,7,9
3,25,35,1.4,14.291741255254092,0.0,7,9
3,25,36,1.4,21.240645447101613,0.0,7,9
3,25,37,1.6,17.583427057541705,0.0,7,9
3,25,38,1.4,31.3961717293606,0.0,7,9
3,25,39,1.4,21.425648745989168,0.0,6,9
1,26,1,2.8,16.46240422985126,0.0,7,9
1,26,2,2.8,15.786440359196888,0.0,7,9
1,26,3,2.8,13.528967241252039,0.0,7,9
1,26,4,2.4,11.741708952684657,0.0,7,9
1,26,5,2.0,14.112271961670702,0.0,7,9
1,26,6,2.0,23.826445588092835,0.0,7,9
1,26,7,1.8,13.010448407039984,0.0,7,9
1,26,8,1.6,20.774658590815886,0.0,7,9
1,26,9,1.4,34.82127768679536,0.0,7,9
1,26,10,1.8,18.019015099093775,0.0,7,9
1,26,11,1.6,26.452123931404984,0.0,7,9
1,26,12,1.4,20.419458981216845,0.0,7,9
1,26,13,1.6,26.58945150400419,0.0,7,9
1,26,14,1.4,36.410697234557276,0.0,7,9
1,26,15,1.6,18.428346888282253,0.0,7,9
1,26,16,1.4,38.81438577528261,0.0,7,9
1,26,17,1.4,31.979645847965998,0.0,7,9
1,26,18,1.6,31.303416238398672,0.0,7,9
1,26,19,1.4,43.2229621864701,0.0,7,9
1,26,20,1.4,28.158053834846807,0.0,7,9
1,26,21,1.6,24.5018637262627,0.0,7,9
1,26,22,1.4,30.71236819796592,0.0,7,9
1,26,23,1.4,28.151653671956925,0.0,7,9
1,26,24,1.6,22.722359773074867,0.0,7,9
1,26,25,1.6,29.239678154719854,0.0,7,9
1,26,26,1.4,20.720027237265143,0.0,7,9
1,26,27,1.4,41.219885864299954,0.0,7,9
1,26,28,1.6,41.96860161260573,0.0,7,9
1,26,29,1.4,22.45562655137625,0.0,7,9
1,26,30,1.8,15.092640103190488,0.0,7,9
1,26,31,1.8,16.489175059151275,0.0,7,9
1,26,32,2.0,15.20033202642978,0.0,7,9
1,26,33,2.0,16.563333489465922,0.0,7,9
1,26,34,1.6,21.960454902446877,0.0,7,9
1,26,35,1.8,15.119523409585717,0.0,7,9
1,26,36,1.6,22.26319441251502,0.0,7,9
2,26,1,2.2,17.579094572229955,0.0,7,9
2,26,2,2.0,14.327112062583268,0.0,7,9
2,26,3,2.0,16.723802138199673,0.0,7,9
2,26,4,3.2,8.751787630824722,0.125,7,9
2,26,5,1.8,17.19576969777704,0.0,7,9
2,26,6,1.6,15.645999757548473,0.0,7,9
2,26,7,1.6,14.780223136398106,0.0,7,9
2,26,8,1.4,24.619814488280067,0.0,7,9
2,26,9,1.6,16.289140572404474,0.0,7,9
2,26,10,1.4,25.9908463229292,0.0,7,9
2,26,11,1.6,30.651521370913656,0.0,7,9
2,26,12,2.2,11.907724194238005,0.0,7,9
2,26,13,2.2,14.031387253461606,0.0,7,9
2,26,14,1.4,19.503429727623917,0.0,7,9
2,26,15,1.8,21.128559559237694,0.0,7,9
2,26,16,1.8,13.144010832999525,0.0,7,9
2,26,17,1.6,17.58998881486681,0.0,7,9
2,26,18,2.0,18.51471909851629,0.0,7,9
2,26,19,1.4,22.911131548744986,0.0,7,9
2,26,20,1.4,22.05764934471651,0.0,7,9
2,26,21,1.6,18.776942286911687,0.0,7,9
2,26,22,1.4,28.343098979785644,0.0,7,9
2,26,23,1.6,17.381088787935926,0.0,7,9
2,26,24,1.4,20.76019846145365,0.0,7,9
2,26,25,1.6,15.188629420094378,0.0,7,9
2,26,26,2.2,13.27252902150352,0.0,7,9
2,26,27,2.0,16.306025863495215,0.0,7,9
2,26,28,2.0,13.728483597579588,0.0,7,9
2,26,29,1.4,21.54416905216949,0.0,7,9
2,26,30,1.6,25.535868696216372,0.0,7,9
2,26,31,2.2,11.637355724683106,0.0,7,9
2,26,32,1.8,13.808683764385002,0.0,7,9
2,26,33,1.6,13.684474871174832,0.0,7,9
2,26,34,1.4,30.177068626386795,0.0,7,9
2,26,35,2.0,14.260029986585515,0.0,7,9
3,26,1,1.4,22.678282320544426,0.0,7,9
3,26,2,1.8,16.107564789633773,0.0,7,9
3,26,3,2.2,15.630856141805573,0.0,7,9
3,26,4,1.6,16.129714726320316,0.0,7,9
3,26,5,1.6,20.12042594314143,0.0,7,9
3,26,6,1.6,15.70146315069601,0.0,7,9
3,26,7,1.6,14.32787709442989,0.0,7,9
3,26,8,1.8,16.46479121716668,0.0,7,9
3,26,9,1.4,17.915103357796095,0.0,7,9
3,26,10,1.4,17.790077733278064,0.0,7,9
3,26,11,1.4,17.169119681540007,0.0,7,9
3,26,12,1.4,19.97100860521077,0.0,7,9
3,26,13,1.6,23.289719125957486,0.0,7,9
3,26,14,1.4,21.462998368307318,0.0,7,9
3,26,15,1.4,18.71760471797338,0.0,7,9
3,26,16,1.8,19.243083933582234,0.0,7,9
3,26,17,1.6,17.786027757589586,0.0,7,9
3,26,18,1.6,17.924596785742164,0.0,7,9
3,26,19,1.6,22.899514574321543,0.0,7,9
3,26,20,1.4,18.631212960812608,0.0,7,9
3,26,21,1.6,16.5964118312804,0.0,7,9
3,26,22,1.8,15.64475561922383,0.0,7,9
3,26,23,1.6,21.615597032837474,0.0,7,9
3,26,24,1.6,20.133101274833205,0.0,7,9
3,26,25,1.8,16.03589008308787,0.0,7,9
3,26,26,1.6,24.471176307994174,0.0,7,9
3,26,27,1.6,30.127669224747557,0.0,7,9
3,26,28,1.8,13.557102639411788,0.0,7,9
3,26,29,1.8,27.58172650519156,0.0,7,9
3,26,30,1.8,18.838011889894123,0.0,7,9
3,26,31,1.6,17.851258474803586,0.0,7,9
3,26,32,1.4,28.26285833260393,0.0,7,9
3,26,33,1.8,14.8255894387353,0.0,7,9
3,26,34,1.6,20.792608782863226,0.0,7,9
3,26,35,1.4,22.736341588368862,0.0,7,9
3,26,36,1.6,12.71734247771777,0.0,7,9
3,26,37,1.4,19.455763481954335,0.0,7,9
3,26,38,1.4,18.014765714049496,0.0,7,9
3,26,39,1.4,22.198094653540476,0.0,7,9
3,26,40,1.0,29.020362248788885,0.0,4,9
1,27,1,2.8,15.101015253888722,0.0,7,9
1,27,2,2.8,15.827904868135699,0.0,7,9
1,27,3,2.8,14.09871901708848,0.0,7,9
1,27,4,2.6,10.442616704602173,0.0,7,9
1,27,5,2.6,12.459341645950664,0.0,7,9
1,27,6,1.6,28.730334244678048,0.0,7,9
1,27,7,1.4,25.659857242829993,0.0,7,9
1,27,8,1.6,18.710521028689215,0.0,7,9
1,27,9,1.4,29.531258642082864,0.0,7,9
1,27,10,1.6,18.863169070264266,0.0,7,9
1,27,11,1.4,57.38893930252657,0.0,7,9
1,27,12,1.6,14.469653398046612,0.0,7,9
1,27,13,1.4,28.161754706303512,0.0,7,9
1,27,14,1.6,62.11496350748241,0.0,7,9
1,27,15,1.4,31.64044583146949,0.0,7,9
1,27,16,1.4,23.021668173404677,0.0,7,9
1,27,17,1.4,49.59478465152287,0.0,7,9
1,27,18,1.4,22.171241681816458,0.0,7,9
1,27,19,1.6,34.37728260011103,0.0,7,9
1,27,20,1.4,25.894537322478584,0.0,7,9
1,27,21,1.6,18.43513102351345,0.0,7,9
1,27,22,1.8,29.40447069370125,0.0,7,9
1,27,23,1.6,24.396688960287463,0.0,7,9
1,27,24,1.4,32.88300758906905,0.0,7,9
1,27,25,1.8,28.21505261007401,0.0,7,9
1,27,26,1.6,21.23057144679915,0.0,7,9
1,27,27,1.4,27.3068445393179,0.0,7,9
1,27,28,1.8,18.415786708238514,0.0,7,9
1,27,29,1.4,15.842407796357909,0.0,7,9
1,27,30,2.2,14.020424068994812,0.0,7,9
1,27,31,1.8,20.290187615566325,0.0,7,9
1,27,32,1.6,36.52633339505736,0.0,7,9
1,27,33,1.8,20.116905537869517,0.0,7,9
1,27,34,2.0,14.761157489476778,0.0,7,9
1,27,35,1.6,21.700602437852595,0.0,7,9
1,27,36,1.8,15.459644274138478,0.0,5,9
2,27,1,2.0,17.050626617344108,0.0,7,9
2,27,2,2.0,15.068532124108232,0.0,7,9
2,27,3,1.8,16.04603776593593,0.0,7,9
2,27,4,2.0,22.16255468533502,0.0,7,9
2,27,5,1.6,15.077343466436506,0.0,7,9
2,27,6,2.0,15.343568055806786,0.0,7,9
2,27,7,1.8,12.608119691551916,0.0,7,9
2,27,8,2.2,15.178762343829098,0.0,7,9
2,27,9,1.4,26.912901953959903,0.0,7,9
2,27,10,1.4,21.43210835482711,0.0,7,9
2,27,11,1.6,20.936133688095005,0.0,7,9
2,27,12,2.4,11.17790703127233,0.0,7,9
2,27,13,1.8,19.549935082547496,0.0,7,9
2,27,14,2.0,14.05022835215638,0.0,7,9
2,27,15,1.8,17.517402559539363,0.0,7,9
2,27,16,2.0,14.660968953224426,0.0,7,9
2,27,17,1.8,13.780354276771805,0.0,7,9
2,27,18,1.8,19.464839981049163,0.0,7,9
2,27,19,1.4,19.73262659771044,0.0,7,9
2,27,20,1.4,19.156049789965962,0.0,7,9
2,27,21,1.4,23.431003181441394,0.0,7,9
2,27,22,1.4,18.901149146831923,0.0,7,9
2,27,23,1.4,19.952636961581312,0.0,7,9
2,27,24,1.6,14.98122379567433,0.0,7,9
2,27,25,1.6,16.971692663611684,0.0,7,9
2,27,26,1.8,23.1431548624718,0.0,7,9
2,27,27,1.8,17.856454656734382,0.0,7,9
2,27,28,1.8,18.215773911258587,0.0,7,9
2,27,29,1.8,18.871978443745675,0.0,7,9
2,27,30,1.8,21.308469024710785,0.0,7,9
2,27,31,2.2,11.933461715082235,0.0,7,9
2,27,32,1.4,21.887955595576116,0.0,7,9
2,27,33,1.4,16.914495713861225,0.0,7,9
2,27,34,1.6,14.1466987000046,0.0,7,9
2,27,35,1.6,18.93789240831895,0.0,7,9
2,27,36,1.5,27.0007974658203,0.0,4,9
3,27,1,2.2,12.066624246664984,0.0,7,9
3,27,2,2.4,13.517996895454308,0.0,7,9
3,27,3,2.2,12.855871788795223,0.0,7,9
3,27,4,1.8,24.782785088251764,0.0,7,9
3,27,5,1.8,14.277343378419587,0.0,7,9
3,27,6,1.4,16.39646085707739,0.0,7,9
3,27,7,1.6,17.43902493335297,0.0,7,9
3,27,8,1.4,17.510388440434877,0.0,7,9
3,27,9,1.6,16.194980983792885,0.0,7,9
3,27,10,1.4,17.563552811529515,0.0,7,9
3,27,11,1.4,16.653842068262236,0.0,7,9
3,27,12,1.8,23.514060975235168,0.0,7,9
3,27,13,1.6,18.82885553021611,0.0,7,9
3,27,14,1.6,19.189625564358604,0.0,7,9
3,27,15,1.6,31.726551267227183,0.0,7,9
3,27,16,1.4,19.39737346454096,0.0,7,9
3,27,17,1.8,16.66600551804237,0.0,7,9
3,27,18,1.8,18.812488742316937,0.0,7,9
3,27,19,2.0,15.247693442474032,0.125,5,9
3,27,20,1.6,17.808638877361467,0.0,7,9
3,27,21,1.8,13.43729661701266,0.0,7,9
3,27,22,2.0,17.362489945545523,0.0,7,9
3,27,23,1.8,15.666212934808708,0.0,7,9
3,27,24,1.4,25.206923369409125,0.0,7,9
3,27,25,1.4,44.02993688528907,0.0,7,9
3,27,26,2.0,13.924296435490145,0.0,7,9
3,27,27,1.6,22.574287019015397,0.0,7,9
3,27,28,1.4,24.635352284903913,0.0,7,9
3,27,29,1.4,21.53824269885275,0.0,7,9
3,27,30,1.4,20.732163890544072,0.0,7,9
3,27,31,1.4,24.631205456872653,0.0,7,9
3,27,32,1.6,20.18179978985375,0.0,7,9
3,27,33,1.4,21.39412095406204,0.0,7,9
3,27,34,1.6,15.858031180145154,0.0,7,9
3,27,35,1.6,17.678631798349134,0.0,7,9
3,27,36,1.4,17.361595729713965,0.0,7,9
3,27,37,1.6,20.66312094226173,0.0,7,9
3,27,38,1.4,25.487159589848737,0.0,7,9
1,28,1,2.8,13.788027250900404,0.0,7,9
1,28,2,2.8,16.56768571323153,0.0,7,9
1,28,3,2.6,15.557693508183466,0.0,7,9
1,28,4,2.2,15.940501187389174,0.0,7,9
1,28,5,2.4,10.420755481074991,0.0,7,9
1,28,6,1.8,26.228556023159218,0.0,7,9
1,28,7,1.4,22.36491974077955,0.0,7,9
1,28,8,1.4,36.59008199223528,0.0,7,9
1,28,9,1.6,24.167206986761283,0.0,7,9
1,28,10,1.6,22.598783654483345,0.0,7,9
1,28,11,1.4,38.95441257876095,0.0,7,9
1,28,12,1.4,23.7926628369889,0.0,7,9
1,28,13,1.4,19.96996150419056,0.0,7,9
1,28,14,1.6,23.45768683437409,0.0,7,9
1,28,15,1.4,27.76976478293928,0.0,7,9
1,28,16,1.4,17.8816279885389,0.0,7,9
1,28,17,1.6,27.32698683923771,0.0,7,9
1,28,18,1.4,25.46818209328879,0.0,7,9
1,28,19,1.6,39.186790670415256,0.0,7,9
1,28,20,1.4,38.066030594579544,0.0,7,9
1,28,21,1.4,20.897801042493874,0.0,7,9
1,28,22,1.6,22.139984039875905,0.0,7,9
1,28,23,1.4,42.88820983068585,0.0,7,9
1,28,24,1.4,30.343436953737204,0.0,7,9
1,28,25,1.6,20.15055914726644,0.0,7,9
1,28,26,1.6,33.49468186452739,0.0,7,9
1,28,27,1.8,14.794866709552663,0.0,7,9
1,28,28,1.4,25.95814759445766,0.0,7,9
1,28,29,1.6,20.938174696133256,0.0,7,9
1,28,30,1.6,16.749339624963806,0.0,7,9
1,28,31,1.6,36.87550432057633,0.0,7,9
1,28,32,2.0,14.163820613055751,0.0,7,9
1,28,33,2.2,15.412766135539007,0.0,7,9
1,28,34,1.8,16.58777761891733,0.0,7,9
1,28,35,1.6,25.03450779729426,0.0,7,9
1,28,36,2.0,14.893144337446683,0.0,7,9
2,28,1,1.8,31.037825335919074,0.0,7,9
2,28,2,1.8,14.060303003965602,0.0,7,9
2,28,3,1.8,16.063767426362908,0.0,7,9
2,28,4,2.4,16.48852962777938,0.125,7,9
2,28,5,1.4,23.186827899040697,0.0,7,9
2,28,6,1.4,21.152102819737603,0.0,7,9
2,28,7,1.6,20.65861217235306,0.0,7,9
2,28,8,1.4,15.944570865113823,0.0,7,9
2,28,9,1.4,21.116944735255807,0.0,7,9
2,28,10,1.4,25.327928421767744,0.0,7,9
2,28,11,1.4,15.93504582922697,0.0,7,9
2,28,12,1.4,27.90987375435074,0.0,7,9
2,28,13,1.8,18.33974447359465,0.0,7,9
2,28,14,1.8,14.102913356109317,0.0,7,9
2,28,15,1.6,19.134851063761193,0.0,7,9
2,28,16,1.4,24.846563605475303,0.0,7,9
2,28,17,1.6,21.7068113647776,0.0,7,9
2,28,18,2.0,19.62328122793089,0.0,7,9
2,28,19,1.8,12.637187010662991,0.0,7,9
2,28,20,1.8,19.119595023374877,0.0,7,9
2,28,21,1.4,24.567879972625658,0.0,7,9
2,28,22,1.4,19.83778309105859,0.0,7,9
2,28,23,1.4,26.52524418775645,0.0,7,9
2,28,24,1.4,24.115900700674917,0.0,7,9
2,28,25,1.6,20.411014717947953,0.0,7,9
2,28,26,1.4,21.840815390457834,0.0,7,9
2,28,27,1.4,19.83778371657014,0.0,7,9
2,28,28,1.6,24.44122693452835,0.0,7,9
2,28,29,1.8,14.936220755909433,0.0,7,9
2,28,30,1.6,20.15266505131137,0.0,7,9
2,28,31,1.8,16.234045986688926,0.0,7,9
2,28,32,1.6,17.101003731137137,0.0,7,9
2,28,33,1.8,21.550698858433826,0.0,7,9
2,28,34,1.8,14.342186099294807,0.0,7,9
2,28,35,1.4,24.417905358511923,0.0,7,9
2,28,36,1.6,13.652940479678406,0.0,7,9
2,28,37,1.4,16.57504119621374,0.0,7,9
2,28,38,2.2,14.10434155897146,0.125,7,9
3,28,1,2.0,12.812514124979142,0.0,7,9
3,28,2,1.8,15.224637646650743,0.0,7,9
3,28,3,1.8,16.277572445456386,0.0,7,9
3,28,4,1.6,17.006820087089487,0.0,7,9
3,28,5,1.4,20.917520340398845,0.0,7,9
3,28,6,1.6,19.445536170529348,0.0,7,9
3,28,7,1.6,12.798753157925056,0.0,7,9
3,28,8,1.4,23.59176380266503,0.0,7,9
3,28,9,1.4,15.345424830735286,0.0,7,9
3,28,10,1.6,17.144218139261532,0.0,7,9
3,28,11,1.4,16.606846534878265,0.0,7,9
3,28,12,1.4,21.609766895894328,0.0,7,9
3,28,13,1.4,24.014714621135134,0.0,7,9
3,28,14,1.4,24.210126057895245,0.0,7,9
3,28,15,1.6,15.507905904476727,0.0,7,9
3,28,16,1.6,25.152206736485375,0.0,7,9
3,28,17,1.6,24.751086125601265,0.0,7,9
3,28,18,1.6,16.379595058262932,0.0,7,9
3,28,19,1.6,23.959167386043408,0.0,7,9
3,28,20,1.4,21.78622826212141,0.0,7,9
3,28,21,2.0,11.346741608764338,0.125,7,9
3,28,22,1.6,21.57328791649869,0.0,7,9
3,28,23,1.6,14.707810237300203,0.0,7,9
3,28,24,1.6,20.685283681601724,0.0,7,9
3,28,25,1.8,13.676538759473795,0.0,7,9
3,28,26,1.6,20.152598208956178,0.0,7,9
3,28,27,1.4,27.4378639694858,0.0,7,9
3,28,28,1.8,14.833223774009161,0.0,7,9
3,28,29,1.6,23.241308056101506,0.0,7,9
3,28,30,1.4,25.47940125876432,0.0,7,9
3,28,31,1.4,19.915192428827226,0.0,7,9
3,28,32,1.6,16.27585862513456,0.0,7,9
3,28,33,1.4,23.95587135724676,0.0,7,9
3,28,34,1.4,23.36348736429297,0.0,7,9
3,28,35,1.6,20.175310982552944,0.0,7,9
3,28,36,1.6,17.391164210178374,0.0,7,9
3,28,37,1.6,17.678631798349134,0.0,7,9
3,28,38,1.4,14.799026423759305,0.0,7,9
3,28,39,1.6,19.2942393774448,0.0,7,9
3,28,40,1.4,17.72950612900489,0.0,7,9
1,29,1,2.8,14.4492476530675,0.0,7,9
1,29,2,2.8,15.827904868135702,0.0,7,9
1,29,3,2.6,14.439331428363472,0.0,7,9
1,29,4,2.4,13.463544438727704,0.0,7,9
1,29,5,2.6,9.607002948925887,0.0,7,9
1,29,6,1.4,42.075292702974764,0.0,7,9
1,29,7,1.6,21.21380027636435,0.0,7,9
1,29,8,1.8,17.22947451173473,0.0,7,9
1,29,9,1.6,23.664844624884775,0.0,7,9
1,29,10,1.8,17.147357243605825,0.0,7,9
1,29,11,1.6,21.84856605880162,0.0,7,9
1,29,12,1.4,18.090094042360686,0.0,7,9
1,29,13,1.4,39.41491676641178,0.0,7,9
1,29,14,1.4,40.25877109732858,0.0,7,9
1,29,15,1.4,24.957320465265155,0.0,7,9
1,29,16,1.6,17.45771431590615,0.0,7,9
1,29,17,1.4,49.95637856990439,0.0,7,9
1,29,18,1.6,29.006865222156073,0.0,7,9
1,29,19,1.8,30.083629985745276,0.0,7,9
1,29,20,1.6,22.267470117005505,0.0,7,9
1,29,21,1.8,16.81833456311881,0.0,7,9
1,29,22,1.6,33.64044952566935,0.0,7,9
1,29,23,1.6,18.399868437439174,0.0,7,9
1,29,24,1.6,35.57370179159259,0.0,7,9
1,29,25,1.6,32.200168969118664,0.0,7,9
1,29,26,1.4,27.304336967667105,0.0,7,9
1,29,27,1.8,22.731801590848505,0.0,7,9
1,29,28,1.4,24.429108380678738,0.0,7,9
1,29,29,1.6,18.077536412849497,0.0,7,9
1,29,30,2.2,13.97681314279472,0.0,7,9
1,29,31,1.8,14.980670688533177,0.0,7,9
1,29,32,1.8,31.884446320423226,0.0,7,9
1,29,33,2.0,13.319776385173094,0.0,7,9
1,29,34,1.8,16.900489073943803,0.0,7,9
1,29,35,1.8,19.809383497022843,0.0,7,9
2,29,1,2.0,17.743129527411796,0.0,7,9
2,29,2,1.6,19.581473142186116,0.0,7,9
2,29,3,1.4,20.588317647485646,0.0,7,9
2,29,4,1.6,30.190811558872678,0.0,7,9
2,29,5,2.4,11.27432194983618,0.125,7,9
2,29,6,2.0,18.357496795893333,0.0,7,9
2,29,7,1.6,14.912618541457372,0.0,7,9
2,29,8,1.4,18.506272867245837,0.0,7,9
2,29,9,1.4,20.049756685358812,0.0,7,9
2,29,10,1.4,25.039792418185606,0.0,7,9
2,29,11,1.4,20.29426815456674,0.0,7,9
2,29,12,2.2,16.580931070560133,0.125,7,9
2,29,13,1.6,15.761888098089678,0.0,7,9
2,29,14,1.6,24.348716463516052,0.0,7,9
2,29,15,1.4,17.710490541926927,0.0,7,9
2,29,16,1.4,27.942966733144413,0.0,7,9
2,29,17,1.4,21.977797580689593,0.0,7,9
2,29,18,1.4,23.522645949433063,0.0,7,9
2,29,19,1.4,15.670087993827721,0.0,7,9
2,29,20,1.6,22.63284958546929,0.0,7,9
2,29,21,1.4,29.275969089112202,0.0,7,9
2,29,22,1.4,23.694067484352942,0.0,7,9
2,29,23,1.4,21.473907533561857,0.0,7,9
2,29,24,1.4,24.19716944611007,0.0,7,9
2,29,25,1.4,23.185689770647578,0.0,7,9
2,29,26,1.8,13.712938226395762,0.0,7,9
2,29,27,1.4,17.27478828941693,0.0,7,9
2,29,28,1.8,15.576540594606296,0.125,5,9
2,29,29,1.6,21.654831136384,0.0,7,9
2,29,30,1.4,21.773532458534778,0.0,7,9
2,29,31,1.4,22.36801048813134,0.0,7,9
2,29,32,1.4,24.6523901144899,0.0,7,9
2,29,33,1.6,19.04976222869003,0.0,7,9
2,29,34,1.4,24.529419573152154,0.0,7,9
2,29,35,1.4,21.355114284670304,0.0,7,9
2,29,36,1.6,21.43130191411696,0.0,7,9
2,29,37,1.4,12.838022832135211,0.0,7,9
2,29,38,1.6,17.824843056912815,0.0,7,9
2,29,39,2.0,14.50680914881297,0.125,7,9
2,29,40,1.0,45.61760163490468,0.0,5,9
3,29,1,1.4,18.004980308266685,0.0,7,9
3,29,2,1.4,21.95491713212078,0.0,7,9
3,29,3,1.4,18.742844825931243,0.0,7,9
3,29,4,1.4,21.747355539739534,0.0,7,9
3,29,5,1.4,17.986258216771276,0.0,7,9
3,29,6,1.8,21.110426167237684,0.0,7,9
3,29,7,1.4,23.36348649668375,0.0,7,9
3,29,8,1.4,14.475194250016886,0.0,7,9
3,29,9,1.4,19.139502940050278,0.0,7,9
3,29,10,1.4,23.711605538910007,0.0,7,9
3,29,11,1.4,16.000468129202385,0.0,7,9
3,29,12,1.4,24.032730287065075,0.0,7,9
3,29,13,1.4,14.88605691382732,0.0,7,9
3,29,14,1.6,20.175378946133968,0.0,7,9
3,29,15,1.4,33.866805002604686,0.0,7,9
3,29,16,1.4,16.056700638429366,0.0,7,9
3,29,17,1.6,26.21969181976882,0.0,7,9
3,29,18,1.6,20.911815444309262,0.0,7,9
3,29,19,1.6,14.852360818763373,0.0,7,9
3,29,20,1.4,22.5307647156117,0.0,7,9
3,29,21,1.6,17.749788427507234,0.0,7,9
3,29,22,1.8,14.071336376699897,0.125,7,9
3,29,23,1.6,35.78803402280746,0.0,7,9
3,29,24,1.6,13.571306822017537,0.0,7,9
3,29,25,1.8,17.844383893038486,0.0,7,9
3,29,26,1.6,14.348285363590136,0.0,7,9
3,29,27,1.6,21.06419670241467,0.0,7,9
3,29,28,1.4,25.868450239405075,0.0,7,9
3,29,29,1.6,20.010892869112453,0.0,7,9
3,29,30,1.8,16.530802261668427,0.0,7,9
3,29,31,1.4,24.399988092779825,0.0,7,9
3,29,32,1.8,18.389505697608502,0.0,7,9
3,29,33,1.6,19.460147941860246,0.0,7,9
3,29,34,1.6,20.154119558824828,0.0,7,9
3,29,35,1.6,19.854228438525475,0.0,7,9
3,29,36,1.8,16.123532692312885,0.0,7,9
3,29,37,2.0,12.014332015501678,0.0,7,9
3,29,38,1.4,16.745968016596013,0.0,7,9
3,29,39,1.6,18.361655004100783,0.0,7,9
3,29,40,1.6,16.194490174408756,0.0,7,9
3,29,41,1.25,32.74691839658053,0.0,4,9
1,30,1,2.8,14.244316965998298,0.0,7,9
1,30,2,2.8,14.926190226834773,0.0,7,9
1,30,3,2.6,15.2044077655139,0.0,7,9
1,30,4,2.2,15.450065105908568,0.0,7,9
1,30,5,2.6,10.461545757966485,0.0,7,9
1,30,6,1.6,46.71145013448328,0.0,7,9
1,30,7,1.4,20.057270719381204,0.0,7,9
1,30,8,1.8,16.25392145898586,0.0,7,9
1,30,9,1.4,23.553993313078003,0.0,7,9
1,30,10,1.6,23.209450477587357,0.0,7,9
1,30,11,1.4,32.147530918871134,0.0,7,9
1,30,12,1.4,18.323379113461012,0.0,7,9
1,30,13,1.4,29.306915313632466,0.0,7,9
1,30,14,1.8,22.438431515446567,0.0,7,9
1,30,15,1.6,29.00744280303788,0.0,7,9
1,30,16,1.4,31.36921627720193,0.0,7,9
1,30,17,1.8,24.63321954980973,0.0,7,9
1,30,18,1.4,39.822815104688864,0.0,7,9
1,30,19,1.8,32.469499710448794,0.0,7,9
1,30,20,1.4,26.313698206722847,0.0,7,9
1,30,21,1.6,18.95325298785819,0.0,7,9
1,30,22,1.4,32.53645324010664,0.0,7,9
1,30,23,1.6,24.29831595343669,0.0,7,9
1,30,24,1.4,23.424192076816258,0.0,7,9
1,30,25,1.8,22.437045155774506,0.0,7,9
1,30,26,1.8,16.397078901916824,0.0,7,9
1,30,27,1.4,28.444654298126853,0.0,7,9
1,30,28,1.6,21.646832990689337,0.0,7,9
1,30,29,1.4,32.16056014347127,0.0,7,9
1,30,30,2.4,12.57815390909858,0.0,7,9
1,30,31,1.6,18.388354019034423,0.0,7,9
1,30,32,2.2,19.440279546345526,0.0,7,9
1,30,33,2.0,11.433145774887945,0.0,7,9
1,30,34,1.6,19.533806434624697,0.0,7,9
1,30,35,2.4,10.795850417173153,0.0,7,9
2,30,1,2.0,20.96689301138142,0.0,7,9
2,30,2,1.6,18.97399976145011,0.0,7,9
2,30,3,1.8,16.320965375669235,0.0,7,9
2,30,4,1.8,21.99579245523928,0.0,7,9
2,30,5,2.2,13.026243069919115,0.0,7,9
2,30,6,2.2,13.191280859903415,0.0,7,9
2,30,7,1.8,14.922851942561001,0.0,7,9
2,30,8,2.0,13.092515144432388,0.0,7,9
2,30,9,1.6,16.103046451173892,0.0,7,9
2,30,10,1.6,18.322430393092375,0.0,7,9
2,30,11,1.6,23.60189641930021,0.0,7,9
2,30,12,1.6,18.555115202593324,0.0,7,9
2,30,13,1.8,17.507604772971263,0.0,7,9
2,30,14,1.6,19.69255715618275,0.0,7,9
2,30,15,1.8,19.0757483468498,0.0,7,9
2,30,16,2.0,18.72341031184054,0.0,7,9
2,30,17,1.6,14.77466531361533,0.0,7,9
2,30,18,1.6,26.915740643562586,0.0,7,9
2,30,19,1.6,31.35497597312303,0.0,7,9
2,30,20,1.4,18.25497362958392,0.0,7,9
2,30,21,1.4,17.25987990963191,0.0,7,9
2,30,22,1.4,18.382547997781536,0.0,7,9
2,30,23,1.4,24.879531310838836,0.0,7,9
2,30,24,1.8,15.234711700451117,0.0,7,9
2,30,25,1.4,18.12042326811955,0.0,7,9
2,30,26,1.8,16.02292288221183,0.0,7,9
2,30,27,2.4,11.753080606255828,0.0,7,9
2,30,28,2.0,15.681806136704834,0.0,7,9
2,30,29,1.8,19.171703844829363,0.0,7,9
2,30,30,1.8,17.33856715210263,0.0,7,9
2,30,31,2.2,14.179931183511213,0.0,7,9
2,30,32,1.6,15.598709747956235,0.0,7,9
2,30,33,1.4,21.266758040989387,0.0,7,9
2,30,34,1.6,13.491378255260331,0.0,7,9
2,30,35,1.6,18.879434452407054,0.0,7,9
2,30,36,1.5,20.890805279270555,0.0,4,9
3,30,1,1.8,14.920675650959245,0.0,7,9
3,30,2,1.6,20.11518687026613,0.0,7,9
3,30,3,2.2,12.536741326527546,0.0,7,9
3,30,4,1.4,24.36271688583823,0.0,7,9
3,30,5,1.4,23.727347430201814,0.0,7,9
3,30,6,1.6,19.978289678750247,0.0,7,9
3,30,7,1.4,17.956585888332118,0.0,7,9
3,30,8,1.4,17.493030927893926,0.0,7,9
3,30,9,1.8,13.23725867347395,0.0,7,9
3,30,10,1.4,21.404806104396844,0.0,7,9
3,30,11,1.4,17.656410896188575,0.0,7,9
3,30,12,1.4,16.437352758550507,0.0,7,9
3,30,13,1.4,22.747867847438076,0.0,7,9
3,30,14,1.4,25.10792465877242,0.0,7,9
3,30,15,1.4,16.714926656310038,0.0,7,9
3,30,16,1.8,20.201301696673614,0.0,7,9
3,30,17,1.4,31.85848950941186,0.0,7,9
3,30,18,1.6,16.904951886604795,0.0,7,9
3,30,19,1.6,24.271116585277746,0.0,7,9
3,30,20,1.6,20.094327819754625,0.0,7,9
3,30,21,1.8,14.39811151542711,0.0,7,9
3,30,22,1.8,18.90603416265921,0.0,7,9
3,30,23,2.0,11.726345133406117,0.0,7,9
3,30,24,2.2,14.254244513228036,0.0,7,9
3,30,25,1.6,17.41043766097822,0.0,7,9
3,30,26,1.4,24.448918840510856,0.0,7,9
3,30,27,1.8,20.916707846076704,0.0,7,9
3,30,28,1.4,17.76210064266952,0.0,7,9
3,30,29,1.8,25.834173795819883,0.0,7,9
3,30,30,1.4,19.887756905830226,0.0,7,9
3,30,31,1.6,14.930898188692519,0.0,7,9
3,30,32,1.6,19.787374719226616,0.0,7,9
3,30,33,1.8,16.217520251311498,0.0,7,9
3,30,34,1.6,25.20086380986725,0.0,7,9
3,30,35,1.4,18.108096156255744,0.0,7,9
3,30,36,1.6,13.320443965036379,0.0,7,9
3,30,37,1.4,24.71405700374211,0.0,7,9
3,30,38,1.6,15.301531114281389,0.0,7,9
3,30,39,1.4,21.648102400210366,0.0,7,9
1,31,1,2.8,18.039414650126698,0.0,7,9
1,31,2,2.8,15.58233443025249,0.0,7,9
1,31,3,2.6,13.32206782393229,0.0,7,9
1,31,4,2.0,21.429462729997876,0.0,7,9
1,31,5,2.0,11.939611526912296,0.0,7,9
1,31,6,1.8,33.37515358085209,0.0,7,9
1,31,7,1.6,21.546149862015707,0.0,7,9
1,31,8,1.6,21.656531880386105,0.0,7,9
1,31,9,1.4,23.79941562611254,0.0,7,9
1,31,10,1.4,21.46767066569058,0.0,7,9
1,31,11,1.6,21.256114221257842,0.0,7,9
1,31,12,1.8,18.988402480724947,0.0,7,9
1,31,13,1.4,22.93405239727526,0.0,7,9
1,31,14,1.6,22.74923417604811,0.0,7,9
1,31,15,1.4,43.04317994625555,0.0,7,9
1,31,16,1.4,20.99694336434317,0.0,7,9
1,31,17,1.8,33.242124529638325,0.0,7,9
1,31,18,1.4,34.391876457674144,0.0,7,9
1,31,19,1.6,26.735834947969444,0.0,7,9
1,31,20,1.6,20.631871643370182,0.0,7,9
1,31,21,1.6,21.48778858556496,0.0,7,9
1,31,22,1.4,34.822112920852966,0.0,7,9
1,31,23,1.6,32.413776079314005,0.0,7,9
1,31,24,1.8,15.179979224516357,0.0,7,9
1,31,25,1.6,31.084186465720606,0.0,7,9
1,31,26,1.6,17.12202276218072,0.0,7,9
1,31,27,1.6,23.76531448824948,0.0,7,9
1,31,28,1.6,28.47946323434237,0.0,7,9
1,31,29,1.4,18.37431905423589,0.0,7,9
1,31,30,1.6,19.296678523888804,0.0,7,9
1,31,31,1.8,21.25931230872329,0.0,7,9
1,31,32,1.6,16.647120575081303,0.0,7,9
1,31,33,1.8,45.043240811001084,0.0,7,9
1,31,34,2.0,14.159413129129192,0.0,7,9
1,31,35,1.6,18.070332682105008,0.0,7,9
1,31,36,1.8,19.31763808395472,0.0,7,9
2,31,1,2.2,20.05810177574941,0.0,7,9
2,31,2,2.4,10.892126706228263,0.0,7,9
2,31,3,2.4,16.658046920397442,0.0,7,9
2,31,4,1.6,24.79049842746015,0.0,7,9
2,31,5,1.8,16.441310859074072,0.0,7,9
2,31,6,2.2,13.091801205398927,0.0,7,9
2,31,7,1.4,22.61133131899904,0.0,7,9
2,31,8,1.8,16.343998827549367,0.0,7,9
2,31,9,1.8,12.936978334288241,0.0,7,9
2,31,10,1.6,27.749026515199766,0.0,7,9
2,31,11,2.0,16.63849588343821,0.0,7,9
2,31,12,1.8,14.625722969278817,0.0,7,9
2,31,13,1.6,22.189393756899033,0.0,7,9
2,31,14,1.8,21.075665935802025,0.0,7,9
2,31,15,1.6,20.793207410180592,0.0,7,9
2,31,16,2.0,13.6400445829521,0.0,7,9
2,31,17,1.8,13.673057206906867,0.0,7,9
2,31,18,2.0,21.6847210289325,0.0,7,9
2,31,19,1.4,17.52276493660947,0.0,7,9
2,31,20,1.4,27.75575343523922,0.0,7,9
2,31,21,1.4,28.4850051888699,0.0,7,9
2,31,22,1.4,21.54858555875562,0.0,7,9
2,31,23,1.8,16.117975458919208,0.0,7,9
2,31,24,1.4,19.823652113186228,0.0,7,9
2,31,25,2.0,15.385830689298658,0.0,7,9
2,31,26,2.2,13.30809998230407,0.0,7,9
2,31,27,2.4,12.807406569373155,0.0,7,9
2,31,28,2.0,12.841853205793122,0.0,7,9
2,31,29,1.6,21.14600725653397,0.0,7,9
2,31,30,1.6,19.25397263158345,0.0,7,9
2,31,31,1.6,20.846911263506236,0.0,7,9
2,31,32,1.4,14.079245868636985,0.0,7,9
2,31,33,1.4,17.097610879261072,0.0,7,9
2,31,34,1.6,13.413063772003236,0.0,7,9
2,31,35,1.6,21.52806555180475,0.0,5,9
3,31,1,2.0,12.447452754878732,0.0,7,9
3,31,2,2.0,15.19185190140671,0.0,7,9
3,31,3,2.0,14.975769064272788,0.0,7,9
3,31,4,1.6,17.74269313811518,0.0,7,9
3,31,5,1.6,24.79364063994178,0.0,7,9
3,31,6,1.6,15.35133849494626,0.0,7,9
3,31,7,1.6,15.633307375981335,0.0,7,9
3,31,8,1.4,25.111866571931294,0.0,7,9
3,31,9,1.8,11.956513115892283,0.0,7,9
3,31,10,1.4,19.94280050225998,0.0,7,9
3,31,11,1.4,15.082362134834108,0.0,7,9
3,31,12,1.4,30.213626737890735,0.0,7,9
3,31,13,1.4,25.60346116815478,0.0,7,9
3,31,14,1.4,18.627826311326068,0.0,7,9
3,31,15,1.4,23.997370488837873,0.0,7,9
3,31,16,1.4,25.87563417869912,0.0,7,9
3,31,17,1.6,18.711042988442838,0.0,7,9
3,31,18,1.6,19.779577430286444,0.0,7,9
3,31,19,1.4,29.93318259255301,0.0,7,9
3,31,20,1.4,17.897979284446073,0.0,7,9
3,31,21,1.8,16.672825536765163,0.125,7,9
3,31,22,1.4,22.879767605121955,0.0,7,9
3,31,23,1.6,13.235643289018533,0.0,7,9
3,31,24,1.4,50.02983671865268,0.0,7,9
3,31,25,1.4,17.629911522707992,0.0,7,9
3,31,26,1.4,17.147667037736017,0.0,7,9
3,31,27,1.6,21.58274836993782,0.0,7,9
3,31,28,1.6,21.521796679578912,0.0,7,9
3,31,29,1.6,14.125044282915754,0.0,7,9
3,31,30,1.4,22.56051947675956,0.0,7,9
3,31,31,1.4,29.22083042509068,0.0,7,9
3,31,32,1.6,21.101852716845872,0.0,7,9
3,31,33,1.6,18.329367034621338,0.0,7,9
3,31,34,1.4,20.528490202899334,0.0,7,9
3,31,35,1.4,22.727817678681443,0.0,7,9
3,31,36,1.6,19.634710035838882,0.0,7,9
3,31,37,1.8,13.485870975917239,0.0,7,9
3,31,38,1.4,18.19031477003003,0.0,7,9
3,31,39,1.4,15.807536927190217,0.0,7,9
3,31,40,1.4,25.937243631568084,0.0,7,9
3,31,41,1.4,17.303682499009845,0.0,6,9
1,32,1,3.0,14.040448897620607,0.0,7,9
1,32,2,2.8,15.142795037486149,0.0,7,9
1,32,3,2.8,10.62311864335788,0.0,7,9
1,32,4,2.0,19.73859884800288,0.0,7,9
1,32,5,2.4,10.65670127546501,0.0,7,9
1,32,6,1.6,57.387807624406584,0.0,7,9
1,32,7,1.6,21.21380027636439,0.0,7,9
1,32,8,1.6,20.91481936261161,0.0,7,9
1,32,9,1.4,26.801535481735737,0.0,7,9
1,32,10,1.6,18.61972274318294,0.0,7,9
1,32,11,1.4,27.211788294825517,0.0,7,9
1,32,12,1.4,18.37926505733295,0.0,7,9
1,32,13,1.4,36.60614109045143,0.0,7,9
1,32,14,1.4,28.951221434113396,0.0,7,9
1,32,15,1.6,34.67918622233602,0.0,7,9
1,32,16,1.4,23.48762178078214,0.0,7,9
1,32,17,1.8,35.579284510212,0.0,7,9
1,32,18,1.4,30.417274642559214,0.0,7,9
1,32,19,1.4,44.61341482567492,0.0,7,9
1,32,20,1.6,26.42140211295586,0.0,7,9
1,32,21,1.6,24.45234746083458,0.0,7,9
1,32,22,1.4,26.30858568025206,0.0,7,9
1,32,23,1.4,35.333773783368336,0.0,7,9
1,32,24,1.4,20.277622717367016,0.0,7,9
1,32,25,1.6,27.0637055447531,0.0,7,9
1,32,26,1.8,18.878233137173204,0.0,7,9
1,32,27,1.8,15.762837843193344,0.0,7,9
1,32,28,1.8,27.902956523753854,0.0,7,9
1,32,29,1.4,18.37431905423589,0.0,7,9
1,32,30,1.4,22.509140176434418,0.0,7,9
1,32,31,1.8,21.732885554398326,0.0,7,9
1,32,32,1.6,15.22920082194659,0.0,7,9
1,32,33,2.0,30.461341566109912,0.0,7,9
1,32,34,1.8,14.486343671861,0.0,7,9
1,32,35,1.6,20.25608367370177,0.0,7,9
1,32,36,2.2,13.928132587347712,0.0,7,9
2,32,1,1.8,32.87286083939566,0.0,7,9
2,32,2,1.4,26.531306196868663,0.0,7,9
2,32,3,1.4,20.602734129383148,0.0,7,9
2,32,4,2.0,17.36263645241061,0.0,7,9
2,32,5,1.8,23.912092135400293,0.0,7,9
2,32,6,1.8,14.648857635159438,0.0,7,9
2,32,7,2.0,17.19393348741439,0.0,7,9
2,32,8,1.6,22.989057856139198,0.0,7,9
2,32,9,2.0,13.488482229442585,0.0,7,9
2,32,10,1.8,13.131409207241296,0.0,7,9
2,32,11,1.8,19.53540249944662,0.0,7,9
2,32,12,1.8,15.141988406355267,0.0,7,9
2,32,13,2.0,16.413982701597288,0.0,7,9
2,32,14,2.0,14.890036035599609,0.0,7,9
2,32,15,1.6,18.46599771873438,0.0,7,9
2,32,16,2.0,18.654177534555394,0.0,7,9
2,32,17,1.8,11.918535957341497,0.0,7,9
2,32,18,2.4,13.410722517795014,0.0,7,9
2,32,19,1.8,15.812699770370143,0.0,7,9
2,32,20,1.4,22.797619561060337,0.0,7,9
2,32,21,1.4,24.26773370693821,0.0,7,9
2,32,22,1.4,21.26719969650238,0.0,7,9
2,32,23,1.6,18.435301491219256,0.0,7,9
2,32,24,1.4,19.353394852943513,0.0,7,9
2,32,25,2.0,12.128936354707644,0.125,7,9
2,32,26,1.4,22.87372044167149,0.0,7,9
2,32,27,1.4,19.164223610352444,0.0,7,9
2,32,28,1.4,25.572743865261064,0.0,7,9
2,32,29,1.4,19.185182676788145,0.0,7,9
2,32,30,1.4,31.853129803196733,0.0,7,9
2,32,31,1.4,25.39821850787153,0.0,7,9
2,32,32,2.4,12.636996929995234,0.125,7,9
2,32,33,1.4,21.35303916782074,0.0,7,9
2,32,34,1.4,17.199899155100475,0.0,7,9
2,32,35,1.4,17.944873212462525,0.0,7,9
2,32,36,1.6,19.875273625847584,0.0,7,9
2,32,37,1.4,28.061764833406865,0.0,7,9
3,32,1,1.4,19.749134927035083,0.0,7,9
3,32,2,1.6,16.528721437436744,0.0,7,9
3,32,3,1.4,18.133133890162473,0.0,7,9
3,32,4,1.4,24.084780100582062,0.0,7,9
3,32,5,1.6,18.14088152915889,0.0,7,9
3,32,6,1.6,24.263020888171667,0.0,7,9
3,32,7,1.4,18.09256775606227,0.0,7,9
3,32,8,1.4,15.289742646232408,0.0,7,9
3,32,9,1.4,23.683116687442173,0.0,7,9
3,32,10,1.4,17.24973171544196,0.0,7,9
3,32,11,1.4,19.43255502616778,0.0,7,9
3,32,12,1.4,19.08921509878292,0.0,7,9
3,32,13,1.4,16.752514075856865,0.0,7,9
3,32,14,1.8,21.558712844864743,0.0,7,9
3,32,15,1.4,21.521585976169135,0.0,7,9
3,32,16,1.6,16.461078621389145,0.0,7,9
3,32,17,1.6,20.191933537688413,0.0,7,9
3,32,18,1.4,20.699263795992717,0.0,7,9
3,32,19,1.6,16.970424627459035,0.0,7,9
3,32,20,1.8,20.2874455325407,0.0,7,9
3,32,21,1.4,16.908380809897398,0.0,7,9
3,32,22,1.8,14.329120325347326,0.125,7,9
3,32,23,1.6,20.55809129093478,0.0,7,9
3,32,24,1.6,14.032896399645452,0.0,7,9
3,32,25,1.8,16.833746910488227,0.0,7,9
3,32,26,1.4,20.646028008002965,0.0,7,9
3,32,27,1.4,21.717365314522,0.0,7,9
3,32,28,1.4,29.2582938630395,0.0,7,9
3,32,29,1.8,16.025821395478435,0.0,7,9
3,32,30,1.6,20.138477777967573,0.0,7,9
3,32,31,1.4,36.70125175386493,0.0,7,9
3,32,32,1.4,22.568547699934093,0.0,7,9
3,32,33,1.6,16.72828113477256,0.0,7,9
3,32,34,1.4,20.49630266322044,0.0,7,9
3,32,35,1.4,21.093114468618744,0.0,7,9
3,32,36,1.8,21.131319565235053,0.0,7,9
3,32,37,1.4,19.873265076174235,0.0,7,9
3,32,38,1.8,13.917087305527911,0.0,7,9
3,32,39,1.4,18.183241575423512,0.0,7,9
3,32,40,1.6,17.261249873948785,0.0,7,9
3,32,41,1.4,24.273623470144358,0.0,7,9
1,33,1,2.8,15.101015253888722,0.0,7,9
1,33,2,2.8,16.940284482148876,0.0,7,9
1,33,3,2.6,14.474013492737962,0.0,7,9
1,33,4,2.6,11.42812592618228,0.0,7,9
1,33,5,2.2,13.86085593121486,0.0,7,9
1,33,6,1.6,35.65583649953547,0.0,7,9
1,33,7,1.8,17.16603464766385,0.0,7,9
1,33,8,1.4,25.41122326026374,0.0,7,9
1,33,9,1.4,26.21848500456662,0.0,7,9
1,33,10,1.6,18.852733739602105,0.0,7,9
1,33,11,1.6,24.72436556848272,0.0,7,9
1,33,12,1.8,14.382333209861226,0.0,7,9
1,33,13,1.4,26.432365814268564,0.0,7,9
1,33,14,1.6,35.65399233868516,0.0,7,9
1,33,15,1.4,29.330399385146734,0.0,7,9
1,33,16,1.6,24.379254863957026,0.0,7,9
1,33,17,1.4,35.94928696971322,0.0,7,9
1,33,18,1.6,27.422835647474226,0.0,7,9
1,33,19,1.4,70.64451960538459,0.0,7,9
1,33,20,1.4,25.521921569332342,0.0,7,9
1,33,21,1.6,17.733148457594567,0.0,7,9
1,33,22,1.6,27.132756341960246,0.0,7,9
1,33,23,1.4,40.70102938751926,0.0,7,9
1,33,24,1.6,21.50597040175829,0.0,7,9
1,33,25,1.4,47.45807232813834,0.0,7,9
1,33,26,1.6,20.361915299921847,0.0,7,9
1,33,27,1.6,23.57933119827162,0.0,7,9
1,33,28,1.6,28.345500251947204,0.0,7,9
1,33,29,1.4,17.83063457556441,0.0,7,9
1,33,30,1.8,15.39569579252841,0.0,7,9
1,33,31,1.6,21.344156101170466,0.0,7,9
1,33,32,1.8,16.680882457292125,0.0,7,9
1,33,33,2.0,19.318039973337907,0.0,7,9
1,33,34,1.8,16.178555277185225,0.0,7,9
1,33,35,1.6,19.940031909163224,0.0,7,9
1,33,36,1.8,18.655044214160917,0.0,7,9
2,33,1,1.8,24.65644160583144,0.0,7,9
2,33,2,1.6,22.82454825174202,0.0,7,9
2,33,3,1.6,14.986915866589086,0.0,7,9
2,33,4,2.6,13.569979771831944,0.125,7,9
2,33,5,1.6,15.575720194441297,0.0,7,9
2,33,6,1.4,18.248936363411957,0.0,7,9
2,33,7,1.6,15.560411245019592,0.0,7,9
2,33,8,1.8,13.11725147237027,0.0,7,9
2,33,9,1.4,20.72929935153853,0.0,7,9
2,33,10,1.6,19.064528675257012,0.0,7,9
2,33,11,1.4,18.430424854440627,0.0,7,9
2,33,12,2.2,18.873840829591618,0.125,7,9
2,33,13,1.4,16.81124458750365,0.0,7,9
2,33,14,1.4,29.36685716091751,0.0,7,9
2,33,15,1.4,21.595199662337613,0.0,7,9
2,33,16,1.4,23.929216199462072,0.0,7,9
2,33,17,1.4,21.927331887953407,0.0,7,9
2,33,18,1.4,26.47141186573907,0.0,7,9
2,33,19,1.6,12.958984091918586,0.0,7,9
2,33,20,1.6,22.6328495854691,0.0,7,9
2,33,21,1.8,18.235754471383782,0.0,7,9
2,33,22,1.4,27.36016548370188,0.0,7,9
2,33,23,1.4,19.414948307361232,0.0,7,9
2,33,24,1.6,17.306568355858115,0.0,7,9
2,33,25,1.4,26.16317591143231,0.0,7,9
2,33,26,1.6,18.542107963184787,0.0,7,9
2,33,27,1.4,16.216643251031925,0.0,7,9
2,33,28,1.8,19.393035141344225,0.125,7,9
2,33,29,1.4,18.263158464095547,0.0,7,9
2,33,30,1.4,31.827896302343923,0.0,7,9
2,33,31,1.4,17.70008723331682,0.0,7,9
2,33,32,1.6,15.890200148098383,0.0,7,9
2,33,33,1.4,30.457835009164356,0.0,7,9
2,33,34,1.4,26.72320087116984,0.0,7,9
2,33,35,1.6,13.958155665724126,0.0,7,9
2,33,36,1.4,20.632697226647025,0.0,7,9
2,33,37,1.4,17.15166494344506,0.0,7,9
2,33,38,1.4,17.188405753868654,0.0,7,9
2,33,39,1.8,15.159022979676644,0.125,5,9
2,33,40,1.2,27.157056945231798,0.0,6,9
3,33,1,1.4,15.113087427882029,0.0,7,9
3,33,2,1.4,18.9016364997153,0.0,7,9
3,33,3,1.4,21.587497635198417,0.0,7,9
3,33,4,1.4,24.83852896096276,0.0,7,9
3,33,5,1.4,17.522488780494783,0.0,7,9
3,33,6,1.6,22.32358226024552,0.0,7,9
3,33,7,1.6,16.243573959868307,0.0,7,9
3,33,8,1.4,17.85601292866898,0.0,7,9
3,33,9,1.4,19.139502940050278,0.0,7,9
3,33,10,1.4,17.88665362490498,0.0,7,9
3,33,11,1.4,17.363187396181477,0.0,7,9
3,33,12,1.4,23.47917600544125,0.0,7,9
3,33,13,1.4,15.768788871154928,0.0,7,9
3,33,14,1.6,17.221347149599925,0.0,7,9
3,33,15,1.4,23.46999327860629,0.0,7,9
3,33,16,1.4,17.57971915342861,0.0,7,9
3,33,17,1.4,31.27806895240763,0.0,7,9
3,33,18,1.8,22.55237404342309,0.0,7,9
3,33,19,1.4,15.474997945248075,0.0,7,9
3,33,20,1.4,24.61316573388786,0.0,7,9
3,33,21,1.6,26.494141441795346,0.0,7,9
3,33,22,1.8,14.383801040012528,0.125,7,9
3,33,23,1.8,19.627986415682603,0.0,7,9
3,33,24,1.6,14.00641753209333,0.0,7,9
3,33,25,1.6,25.544248834556733,0.0,7,9
3,33,26,1.6,16.38688366560225,0.0,7,9
3,33,27,1.4,17.147667037736017,0.0,7,9
3,33,28,1.4,22.97918955104931,0.0,7,9
3,33,29,1.4,39.3063445600462,0.0,7,9
3,33,30,2.2,12.43637172340504,0.0,7,9
3,33,31,1.6,38.18069208032069,0.0,7,9
3,33,32,1.4,22.751860519077457,0.0,7,9
3,33,33,1.6,17.356045298387983,0.0,7,9
3,33,34,1.6,27.01733163932359,0.0,7,9
3,33,35,1.4,21.16611143090591,0.0,7,9
3,33,36,1.6,19.180115391766556,0.0,7,9
3,33,37,1.6,19.21424186989305,0.0,7,9
3,33,38,1.6,13.832590380998152,0.0,7,9
3,33,39,1.4,20.087414520060815,0.0,7,9
3,33,40,1.4,15.334294667931841,0.0,7,9
3,33,41,1.4,24.906278669890575,0.0,7,9
3,33,42,1.25,29.759348161421006,0.0,4,9
1,34,1,2.8,17.21486841452437,0.0,7,9
1,34,2,2.8,15.911490798520688,0.0,7,9
1,34,3,2.8,12.675255039992006,0.0,7,9
1,34,4,2.2,14.296671286243457,0.0,7,9
1,34,5,2.4,10.887754068326803,0.0,7,9
1,34,6,1.6,29.979436895488238,0.0,7,9
1,34,7,1.8,15.101173714756484,0.0,7,9
1,34,8,1.8,20.197596429025054,0.0,7,9
1,34,9,1.4,29.24462517668604,0.0,7,9
1,34,10,1.6,17.293313322876493,0.0,7,9
1,34,11,1.4,74.39237815252788,0.0,7,9
1,34,12,1.6,17.910101825920037,0.0,7,9
1,34,13,1.4,27.025075240514628,0.0,7,9
1,34,14,1.6,27.640540086801906,0.0,7,9
1,34,15,1.4,36.42131814055897,0.0,7,9
1,34,16,1.6,23.895881876821342,0.0,7,9
1,34,17,1.4,43.78559882941303,0.0,7,9
1,34,18,1.6,30.16862179023307,0.0,7,9
1,34,19,1.4,55.64162661272149,0.0,7,9
1,34,20,1.6,18.89788912532323,0.0,7,9
1,34,21,1.6,17.073724333845316,0.0,7,9
1,34,22,1.4,22.13754410726781,0.0,7,9
1,34,23,1.6,30.129857463708895,0.0,7,9
1,34,24,1.6,20.892984402676632,0.0,7,9
1,34,25,1.4,40.7373630804745,0.0,7,9
1,34,26,1.4,22.087028784620333,0.0,7,9
1,34,27,1.4,23.24925901896885,0.0,7,9
1,34,28,1.4,59.371121606210615,0.0,7,9
1,34,29,1.4,18.113908303410692,0.0,7,9
1,34,30,1.6,17.705727377105113,0.0,7,9
1,34,31,1.8,17.27491694766862,0.0,7,9
1,34,32,1.8,12.418206504054906,0.0,7,9
1,34,33,2.2,23.696024386226444,0.0,7,9
1,34,34,2.0,14.000600878912191,0.0,7,9
1,34,35,1.8,18.229789541008028,0.0,7,9
1,34,36,2.4,12.406142995159145,0.0,7,9
2,34,1,1.6,26.801617532508132,0.0,7,9
2,34,2,1.6,20.9902905894482,0.0,7,9
2,34,3,1.6,17.82980741628892,0.0,7,9
2,34,4,1.8,23.071909022685265,0.0,7,9
2,34,5,2.2,12.684652293192569,0.125,7,9
2,34,6,1.6,21.731396146153074,0.0,7,9
2,34,7,1.4,18.887511388944333,0.0,7,9
2,34,8,1.6,17.949346781217894,0.0,7,9
2,34,9,1.6,15.680305412426298,0.0,7,9
2,34,10,1.4,25.433251746560906,0.0,7,9
2,34,11,1.4,16.231066066459707,0.0,7,9
2,34,12,1.4,26.233883484235896,0.0,7,9
2,34,13,2.0,15.82075113538473,0.125,7,9
2,34,14,1.4,18.192223124779765,0.0,7,9
2,34,15,1.4,31.260678731357306,0.0,7,9
2,34,16,1.4,19.076872462477205,0.0,7,9
2,34,17,1.4,19.285748513825922,0.0,7,9
2,34,18,1.6,27.008135886023364,0.0,7,9
2,34,19,1.4,20.09043661513677,0.0,7,9
2,34,20,1.6,17.389935147609453,0.0,7,9
2,34,21,1.6,24.318320790719852,0.0,7,9
2,34,22,1.6,19.23151312537025,0.0,7,9
2,34,23,1.4,28.969413027413943,0.0,7,9
2,34,24,1.4,24.81507546793965,0.0,7,9
2,34,25,1.4,20.892436999905215,0.0,7,9
2,34,26,1.6,15.373038183984487,0.0,7,9
2,34,27,1.6,17.024573035923677,0.0,7,9
2,34,28,1.8,15.128167037208767,0.125,7,9
2,34,29,1.6,19.394206864539637,0.0,7,9
2,34,30,1.4,18.30392406370215,0.0,7,9
2,34,31,1.4,29.10142653982257,0.0,7,9
2,34,32,1.4,19.185182676787864,0.0,7,9
2,34,33,1.4,27.673505168089648,0.0,7,9
2,34,34,1.4,27.95185820249114,0.0,7,9
2,34,35,1.4,35.4843133526367,0.0,7,9
2,34,36,1.6,15.447445956339257,0.0,7,9
2,34,37,1.4,15.813350465735176,0.0,7,9
2,34,38,1.4,15.868249353063398,0.0,7,9
2,34,39,1.4,19.80707680720496,0.0,7,9
2,34,40,2.0,15.174504193353052,0.125,7,9
3,34,1,1.4,20.75438035747718,0.0,7,9
3,34,2,1.4,18.9016364997153,0.0,7,9
3,34,3,1.4,26.55513220228736,0.0,7,9
3,34,4,1.4,17.923485135746866,0.0,7,9
3,34,5,1.4,19.23041515219429,0.0,7,9
3,34,6,1.4,32.2296536014347,0.0,7,9
3,34,7,1.4,20.599627146334043,0.0,7,9
3,34,8,1.4,16.81864642688419,0.0,7,9
3,34,9,1.4,18.65704182287282,0.0,7,9
3,34,10,1.4,18.677865065884234,0.0,7,9
3,34,11,1.4,19.573136783716443,0.0,7,9
3,34,12,1.6,14.73016047618221,0.0,7,9
3,34,13,1.4,15.347286563559972,0.0,7,9
3,34,14,1.6,25.107493434357288,0.0,7,9
3,34,15,1.4,28.048554387044003,0.0,7,9
3,34,16,1.4,16.714199428529763,0.0,7,9
3,34,17,1.6,25.384713332634675,0.0,7,9
3,34,18,1.8,20.172151983836923,0.0,7,9
3,34,19,1.8,16.231558886023862,0.0,7,9
3,34,20,1.6,20.103489880287636,0.0,7,9
3,34,21,1.6,21.012385879719172,0.0,7,9
3,34,22,1.8,13.58205647086186,0.125,7,9
3,34,23,1.6,18.310266684765338,0.0,7,9
3,34,24,1.8,13.039927577750726,0.0,7,9
3,34,25,2.0,16.97597636624333,0.0,7,9
3,34,26,1.6,18.28731045299664,0.0,7,9
3,34,27,1.4,24.20917101908887,0.0,7,9
3,34,28,1.4,48.964900751847644,0.0,7,9
3,34,29,1.8,13.55145662971851,0.0,7,9
3,34,30,2.2,18.424772071450096,0.0,7,9
3,34,31,1.4,24.90965947880745,0.0,7,9
3,34,32,1.6,17.443303365636375,0.0,7,9
3,34,33,1.4,21.559991581142,0.0,7,9
3,34,34,1.6,18.58477614986666,0.0,7,9
3,34,35,1.4,26.30142207506543,0.0,7,9
3,34,36,1.6,23.721101306420852,0.0,7,9
3,34,37,1.4,15.765310934994314,0.0,7,9
3,34,38,1.4,23.438418132060644,0.0,7,9
3,34,39,1.4,16.8782174754198,0.0,7,9
3,34,40,1.4,29.392751838374082,0.0,7,9
3,34,41,1.6,16.911879410459107,0.0,7,9
1,35,1,2.8,15.569205904013266,0.0,7,9
1,35,2,2.8,14.889310098033853,0.0,7,9
1,35,3,2.8,12.86467354229916,0.0,7,9
1,35,4,2.0,14.880914565162644,0.0,7,9
1,35,5,2.4,9.622066523764618,0.0,7,9
1,35,6,1.4,53.715537269237664,0.0,7,9
1,35,7,1.6,19.055087620144352,0.0,7,9
1,35,8,1.4,24.52896036071033,0.0,7,9
1,35,9,1.4,22.384892135502604,0.0,7,9
1,35,10,1.4,20.945347349339812,0.0,7,9
1,35,11,1.6,33.95017808959393,0.0,7,9
1,35,12,1.6,21.70729359029148,0.0,7,9
1,35,13,1.4,20.49252072702482,0.0,7,9
1,35,14,1.8,19.60747156629087,0.0,7,9
1,35,15,1.6,30.625510924078164,0.0,7,9
1,35,16,1.4,16.529507062524516,0.0,7,9
1,35,17,1.4,40.124331776224004,0.0,7,9
1,35,18,1.6,30.28492094613788,0.0,7,9
1,35,19,1.6,32.32996369564392,0.0,7,9
1,35,20,1.4,36.75502256103689,0.0,7,9
1,35,21,1.8,20.319605938527392,0.0,7,9
1,35,22,1.4,25.746560710507648,0.0,7,9
1,35,23,1.6,43.695534753679524,0.0,7,9
1,35,24,1.6,18.313853309289378,0.0,7,9
1,35,25,1.6,27.561342238648237,0.0,7,9
1,35,26,2.0,18.148111897130082,0.0,7,9
1,35,27,1.4,30.188420865332645,0.0,7,9
1,35,28,1.4,28.396201102689115,0.0,7,9
1,35,29,1.6,17.91653943205081,0.0,7,9
1,35,30,2.2,12.47871729605989,0.0,7,9
1,35,31,1.8,14.029360026719798,0.0,7,9
1,35,32,1.6,33.08334357808776,0.0,7,9
1,35,33,2.0,18.663266413558027,0.0,7,9
1,35,34,1.6,22.684899200918878,0.0,7,9
1,35,35,1.6,19.32321762286993,0.0,7,9
1,35,36,1.8,16.917508089077685,0.0,7,9
2,35,1,2.2,18.708300458704723,0.0,7,9
2,35,2,2.4,12.998702452536909,0.0,7,9
2,35,3,2.0,17.167692135159122,0.0,7,9
2,35,4,1.8,20.47064869607748,0.0,7,9
2,35,5,2.2,13.06382198956978,0.0,7,9
2,35,6,2.2,11.938389857718706,0.0,7,9
2,35,7,1.8,17.086408030855445,0.0,7,9
2,35,8,2.0,13.658689441228342,0.0,7,9
2,35,9,1.6,17.18227670668695,0.0,7,9
2,35,10,2.0,18.415079665620702,0.0,7,9
2,35,11,2.0,14.022386870479204,0.0,7,9
2,35,12,1.6,21.80355210194258,0.0,7,9
2,35,13,2.2,12.672226882707358,0.0,7,9
2,35,14,1.8,19.593814013217944,0.0,7,9
2,35,15,2.0,13.466582688955766,0.0,7,9
2,35,16,1.6,18.663513313547043,0.0,7,9
2,35,17,2.2,18.901114574439102,0.0,7,9
2,35,18,1.4,26.461954109864898,0.0,7,9
2,35,19,1.4,21.398775869379254,0.0,7,9
2,35,20,1.4,19.127122250414324,0.0,7,9
2,35,21,1.4,24.004685330699914,0.0,7,9
2,35,22,1.4,16.44741739306501,0.0,7,9
2,35,23,1.4,19.85604153112742,0.0,7,9
2,35,24,2.0,13.230947408344292,0.125,7,9
2,35,25,1.6,24.216586264157108,0.0,7,9
2,35,26,1.4,19.59224575472873,0.0,7,9
2,35,27,1.4,25.0197163003479,0.0,7,9
2,35,28,1.4,20.21943814538332,0.0,7,9
2,35,29,1.4,18.665454355942572,0.0,7,9
2,35,30,1.4,25.544010134831893,0.0,7,9
2,35,31,1.8,14.07774649546206,0.0,7,9
2,35,32,1.6,19.270501968181865,0.0,7,9
2,35,33,1.4,15.91053625261017,0.0,7,9
2,35,34,1.4,18.00352818678627,0.0,7,9
2,35,35,2.2,13.324624165745425,0.125,7,9
2,35,36,1.25,26.154930189306498,0.0,4,9
3,35,1,1.4,16.816830916435077,0.0,7,9
3,35,2,1.4,18.011039616231336,0.0,7,9
3,35,3,1.4,21.06699148815129,0.0,7,9
3,35,4,1.4,20.928766777624535,0.0,7,9
3,35,5,1.4,19.291070344598495,0.0,7,9
3,35,6,1.6,27.55308600681019,0.0,7,9
3,35,7,1.4,17.57863680181917,0.0,7,9
3,35,8,1.4,19.947813894684536,0.0,7,9
3,35,9,1.4,17.543207045306673,0.0,7,9
3,35,10,1.4,20.64183775454032,0.0,7,9
3,35,11,1.4,17.36762588661007,0.0,7,9
3,35,12,1.6,20.20792600993509,0.0,7,9
3,35,13,1.4,14.395534883695998,0.0,7,9
3,35,14,1.4,23.23106006708718,0.0,7,9
3,35,15,1.4,28.308196829002622,0.0,7,9
3,35,16,1.4,19.057863150555168,0.0,7,9
3,35,17,1.6,24.373119034382395,0.0,7,9
3,35,18,1.4,29.74424311029467,0.0,7,9
3,35,19,1.8,13.477610463729022,0.0,7,9
3,35,20,1.8,19.630622258357423,0.0,7,9
3,35,21,1.6,23.40018626167145,0.0,7,9
3,35,22,1.8,14.534979842210106,0.125,5,9
3,35,23,1.4,43.86457881350961,0.0,7,9
3,35,24,1.6,14.168654069971375,0.0,7,9
3,35,25,1.8,21.862981196757655,0.0,7,9
3,35,26,1.6,13.404862039862568,0.0,7,9
3,35,27,1.4,22.95774166364459,0.0,7,9
3,35,28,1.6,22.372223937370517,0.0,7,9
3,35,29,1.6,18.61042366623395,0.0,7,9
3,35,30,1.6,17.653408436649197,0.0,7,9
3,35,31,1.6,25.89506374224155,0.0,7,9
3,35,32,1.4,21.549411716065148,0.0,7,9
3,35,33,1.4,19.52512931840858,0.0,7,9
3,35,34,2.0,16.441540907345914,0.0,7,9
3,35,35,1.6,17.672992586953693,0.0,7,9
3,35,36,1.6,21.754033139681383,0.0,7,9
3,35,37,1.6,15.41828603756578,0.0,7,9
3,35,38,1.4,20.036432920118948,0.0,7,9
3,35,39,1.4,18.569694962869875,0.0,7,9
3,35,40,1.8,16.32612519715095,0.0,7,9
3,35,41,1.4,20.80535459878927,0.0,7,9
1,36,1,2.8,14.278067444936326,0.0,7,9
1,36,2,2.8,15.911490798520685,0.0,7,9
1,36,3,2.6,15.557693508183466,0.0,7,9
1,36,4,1.8,30.48396562756919,0.0,7,9
1,36,5,2.4,9.145056127225761,0.0,7,9
1,36,6,1.8,31.73742347681196,0.0,7,9
1,36,7,1.4,35.72930222208985,0.0,7,9
1,36,8,1.8,15.60985442379431,0.0,7,9
1,36,9,1.4,34.584512796321626,0.0,7,9
1,36,10,1.6,20.834658988892105,0.0,7,9
1,36,11,1.4,25.198284620845243,0.0,7,9
1,36,12,1.6,21.649025752670216,0.0,7,9
1,36,13,1.6,23.49331372273835,0.0,7,9
1,36,14,1.8,23.487944043894014,0.0,7,9
1,36,15,1.4,41.41785335246446,0.0,7,9
1,36,16,1.6,19.29271576961004,0.0,7,9
1,36,17,1.4,84.34987320195827,0.0,7,9
1,36,18,1.4,29.52313988854117,0.0,7,9
1,36,19,1.4,41.82647180320791,0.0,7,9
1,36,20,1.4,42.752601268023895,0.0,7,9
1,36,21,1.4,22.23991823500754,0.0,7,9
1,36,22,1.6,21.986870161507138,0.0,7,9
1,36,23,1.4,48.925141738475986,0.0,7,9
1,36,24,1.4,18.195822853596713,0.0,7,9
1,36,25,1.4,39.72793859999766,0.0,7,9
1,36,26,1.6,32.06869346520806,0.0,7,9
1,36,27,1.6,19.47046657199805,0.0,7,9
1,36,28,1.4,25.768666283755817,0.0,7,9
1,36,29,1.4,48.79632202181977,0.0,7,9
1,36,30,1.4,15.1354482399559,0.0,7,9
1,36,31,2.2,15.922390233952717,0.0,7,9
1,36,32,2.0,12.211980207929336,0.0,7,9
1,36,33,1.6,29.114392006972377,0.0,7,9
1,36,34,1.8,17.288825874172744,0.0,7,9
1,36,35,1.8,15.486745975196598,0.0,7,9
1,36,36,1.6,17.02698805052162,0.0,7,9
1,36,37,2.0,15.038878149780361,0.0,7,9
2,36,1,2.2,17.579094572230073,0.0,7,9
2,36,2,1.6,19.215049991300013,0.0,7,9
2,36,3,1.6,20.416501353879408,0.0,7,9
2,36,4,1.6,22.752677473976142,0.0,7,9
2,36,5,2.0,16.775652241992436,0.0,7,9
2,36,6,1.8,17.780080886890058,0.0,7,9
2,36,7,2.0,11.479536705797871,0.0,7,9
2,36,8,1.6,21.85853854380884,0.0,7,9
2,36,9,1.4,25.86942841076696,0.0,7,9
2,36,10,1.8,13.159663153062354,0.0,7,9
2,36,11,1.6,21.580595348339596,0.0,7,9
2,36,12,1.8,16.779945861747215,0.0,7,9
2,36,13,2.0,16.21133348660999,0.0,7,9
2,36,14,1.6,21.26365672813857,0.0,7,9
2,36,15,1.8,19.221106632043366,0.0,7,9
2,36,16,1.6,18.525826067543413,0.0,7,9
2,36,17,2.4,10.294952354599658,0.0,7,9
2,36,18,2.0,19.095272829811123,0.0,7,9
2,36,19,1.8,20.664275656986796,0.0,7,9
2,36,20,1.4,32.87777748832173,0.0,7,9
2,36,21,1.4,21.59356604111155,0.0,7,9
2,36,22,1.4,18.62272015477568,0.0,7,9
2,36,23,1.6,22.76220378638373,0.0,7,9
2,36,24,1.4,21.927684055831875,0.0,7,9
2,36,25,1.4,15.596348435983224,0.0,7,9
2,36,26,2.0,16.628460453242653,0.125,7,9
2,36,27,1.4,25.826025293672693,0.0,7,9
2,36,28,1.4,28.49867078737857,0.0,7,9
2,36,29,1.4,19.61252355300913,0.0,7,9
2,36,30,1.6,23.994272411672057,0.0,7,9
2,36,31,1.4,18.30403727577441,0.0,7,9
2,36,32,1.4,42.52451691004185,0.0,7,9
2,36,33,1.4,17.43648771918759,0.0,7,9
2,36,34,1.4,22.045746879999825,0.0,7,9
2,36,35,1.4,21.875267955275618,0.0,7,9
2,36,36,1.4,17.188405753868654,0.0,7,9
2,36,37,2.0,14.89544334945592,0.125,7,9
2,36,38,1.0,29.39403408296577,0.0,5,9
3,36,1,1.4,22.02494425490463,0.0,7,9
3,36,2,1.4,16.962076782002622,0.0,7,9
3,36,3,1.4,18.024766991501092,0.0,7,9
3,36,4,1.4,18.29886207049762,0.0,7,9
3,36,5,1.4,25.16463369784504,0.0,7,9
3,36,6,1.4,26.85255655896433,0.0,7,9
3,36,7,1.4,33.077154202486135,0.0,7,9
3,36,8,1.4,16.456616415488902,0.0,7,9
3,36,9,1.4,17.045175722115108,0.0,7,9
3,36,10,1.6,17.559951165031062,0.0,7,9
3,36,11,1.6,14.44782884723168,0.0,7,9
3,36,12,1.4,20.982178427576205,0.0,7,9
3,36,13,1.4,16.716993781805886,0.0,7,9
3,36,14,1.8,19.934857764758746,0.0,7,9
3,36,15,1.4,25.630508547575328,0.0,7,9
3,36,16,1.6,16.07866682393415,0.0,7,9
3,36,17,1.8,19.125190778556213,0.0,7,9
3,36,18,1.8,17.73776888241255,0.0,7,9
3,36,19,1.8,16.12875382660765,0.0,7,9
3,36,20,1.4,28.303185123689083,0.0,7,9
3,36,21,1.4,20.23377316911289,0.0,7,9
3,36,22,1.8,17.58356211080273,0.0,7,9
3,36,23,1.8,17.653171729877613,0.0,7,9
3,36,24,2.4,15.143076921306958,0.0,7,9
3,36,25,2.0,12.57818269173422,0.0,7,9
3,36,26,1.6,25.763359632677126,0.0,7,9
3,36,27,1.6,23.316075957299276,0.0,7,9
3,36,28,2.0,12.630328754747477,0.0,7,9
3,36,29,1.4,24.83782629965598,0.0,7,9
3,36,30,1.6,26.142074913068917,0.0,7,9
3,36,31,1.4,17.52643423257943,0.0,7,9
3,36,32,1.8,17.296116497665096,0.0,7,9
3,36,33,1.6,23.341118008532728,0.0,7,9
3,36,34,1.6,28.754760442935428,0.0,7,9
3,36,35,1.4,17.888685025638473,0.0,7,9
3,36,36,1.8,12.392839156930776,0.0,7,9
3,36,37,1.4,20.439558095588005,0.0,7,9
3,36,38,1.6,18.090107401561625,0.0,7,9
3,36,39,1.6,17.14799506502911,0.0,7,9
3,36,40,1.25,28.378530548284886,0.0,4,9
1,37,1,2.8,16.507500795607893,0.0,7,9
1,37,2,2.8,18.55751160283024,0.0,7,9
1,37,3,2.8,15.635098305100483,0.0,7,9
1,37,4,1.8,24.99176763586454,0.0,7,9
1,37,5,2.0,10.149802560739689,0.0,7,9
1,37,6,1.6,72.71726751273484,0.0,7,9
1,37,7,1.4,26.457534602143042,0.0,7,9
1,37,8,1.8,15.712023587363625,0.0,7,9
1,37,9,1.4,22.149285901253347,0.0,7,9
1,37,10,1.4,20.880347480098084,0.0,7,9
1,37,11,1.6,15.364725282061745,0.0,7,9
1,37,12,1.8,29.616349867153893,0.0,7,9
1,37,13,1.4,20.77511786069124,0.0,7,9
1,37,14,1.4,29.107920753546793,0.0,7,9
1,37,15,1.4,37.780365137851035,0.0,7,9
1,37,16,1.6,18.316319690886296,0.0,7,9
1,37,17,1.4,52.28547234269537,0.0,7,9
1,37,18,1.4,25.487229069088887,0.0,7,9
1,37,19,1.6,26.961629840752288,0.0,7,9
1,37,20,1.4,39.79749078698254,0.0,7,9
1,37,21,1.6,23.165091582563853,0.0,7,9
1,37,22,1.4,23.016369384161923,0.0,7,9
1,37,23,1.4,61.990749473105254,0.0,7,9
1,37,24,1.4,42.72084707307951,0.0,7,9
1,37,25,1.4,19.93282127741054,0.0,7,9
1,37,26,1.6,30.766776629051066,0.0,7,9
1,37,27,1.6,15.65421498117056,0.0,7,9
1,37,28,1.6,24.04985636344221,0.0,7,9
1,37,29,1.6,24.536738689919755,0.0,7,9
1,37,30,1.4,22.829387349415136,0.0,7,9
1,37,31,1.4,21.77704222708109,0.0,7,9
1,37,32,1.8,19.61106475038932,0.0,7,9
1,37,33,1.8,17.429802074156562,0.0,7,9
1,37,34,1.8,28.862611729436278,0.0,7,9
1,37,35,1.6,16.322089289587723,0.0,7,9
1,37,36,1.8,20.976329939092565,0.0,7,9
1,37,37,1.8,18.257983989101987,0.0,7,9
1,37,38,1.2,30.95672074251864,0.0,6,9
2,37,1,1.6,28.822472876696633,0.0,7,9
2,37,2,1.8,17.384418486201007,0.0,7,9
2,37,3,1.8,14.569795905329325,0.0,7,9
2,37,4,2.8,13.421349775281218,0.125,7,9
2,37,5,1.4,16.671087774412534,0.0,7,9
2,37,6,1.6,25.700385709914123,0.0,7,9
2,37,7,1.8,12.390731305171627,0.0,7,9
2,37,8,1.4,19.539590381085787,0.0,7,9
2,37,9,1.4,25.462781394742528,0.0,7,9
2,37,10,1.4,20.07499280796785,0.0,7,9
2,37,11,1.6,20.606515988456458,0.0,7,9
2,37,12,1.4,33.26234079676819,0.0,7,9
2,37,13,1.8,16.94775802088679,0.0,7,9
2,37,14,1.8,17.608413926582852,0.0,7,9
2,37,15,1.6,16.593731356898875,0.0,7,9
2,37,16,1.8,16.546927674364824,0.0,7,9
2,37,17,2.0,17.100554819654473,0.0,7,9
2,37,18,1.6,14.528982992171738,0.0,7,9
2,37,19,1.6,20.92899222526101,0.0,7,9
2,37,20,1.6,29.115985595175186,0.0,7,9
2,37,21,1.4,21.685394507851335,0.0,7,9
2,37,22,1.4,22.456433422153662,0.0,7,9
2,37,23,1.4,29.587397185705274,0.0,7,9
2,37,24,1.4,21.397806502706125,0.0,7,9
2,37,25,1.6,20.7029762305881,0.0,7,9
2,37,26,1.4,16.351125634655077,0.0,7,9
2,37,27,2.0,17.12117070913763,0.125,7,9
2,37,28,1.6,15.456688617242945,0.0,7,9
2,37,29,1.4,39.67324509203893,0.0,7,9
2,37,30,1.4,26.644876321368614,0.0,7,9
2,37,31,1.4,19.022378080563428,0.0,7,9
2,37,32,1.4,28.523590857202485,0.0,7,9
2,37,33,1.6,23.648260042431566,0.0,7,9
2,37,34,1.4,22.86291775140916,0.0,7,9
2,37,35,1.6,16.525969262982358,0.0,7,9
2,37,36,1.4,17.29718605241855,0.0,7,9
2,37,37,1.6,13.00374135404292,0.0,7,9
2,37,38,1.4,18.137015102082838,0.0,7,9
2,37,39,1.4,26.94895139566172,0.0,6,9
3,37,1,1.4,16.023773796996927,0.0,7,9
3,37,2,1.4,19.82044957547076,0.0,7,9
3,37,3,1.4,22.377327443136366,0.0,7,9
3,37,4,1.4,20.576710103604583,0.0,7,9
3,37,5,1.4,18.30932128996971,0.0,7,9
3,37,6,1.6,29.40783131930725,0.0,7,9
3,37,7,1.4,18.260935541222292,0.0,7,9
3,37,8,1.4,18.278574371080627,0.0,7,9
3,37,9,1.4,19.015901576142358,0.0,7,9
3,37,10,1.4,25.99314713968431,0.0,7,9
3,37,11,1.4,16.43427691840783,0.0,7,9
3,37,12,1.4,20.968369949299316,0.0,7,9
3,37,13,1.4,19.08216907289552,0.0,7,9
3,37,14,1.8,16.160054455527515,0.0,7,9
3,37,15,1.4,25.527099569457743,0.0,7,9
3,37,16,1.4,15.255684958132484,0.0,7,9
3,37,17,1.8,23.728073380299904,0.0,7,9
3,37,18,1.6,24.104868484745115,0.0,7,9
3,37,19,1.4,19.600271764719956,0.0,7,9
3,37,20,1.4,25.22564314304991,0.0,7,9
3,37,21,1.4,29.935078862392146,0.0,7,9
3,37,22,1.8,16.565467707752248,0.125,7,9
3,37,23,1.4,22.125177551099465,0.0,7,9
3,37,24,1.4,18.664123884660466,0.0,7,9
3,37,25,1.8,16.60940326231586,0.0,7,9
3,37,26,1.6,19.503411624519742,0.0,7,9
3,37,27,1.6,14.599617619072948,0.0,7,9
3,37,28,1.6,22.830647869188855,0.0,7,9
3,37,29,1.4,29.4609054467911,0.0,7,9
3,37,30,2.0,12.115911178615788,0.0,7,9
3,37,31,1.8,28.42314745908859,0.0,7,9
3,37,32,1.8,15.042573480053598,0.0,7,9
3,37,33,1.6,20.50397153920965,0.0,7,9
3,37,34,2.0,14.733851441255435,0.0,7,9
3,37,35,1.6,20.747119376882114,0.0,7,9
3,37,36,1.6,19.697946626650076,0.0,7,9
3,37,37,1.6,15.333098672015941,0.0,7,9
3,37,38,1.4,21.02162820042193,0.0,7,9
3,37,39,1.4,17.40660974619271,0.0,7,9
3,37,40,1.6,23.865813565517048,0.0,7,9
3,37,41,1.4,18.341513661757403,0.0,5,9
1,38,1,2.8,16.877367208553448,0.0,7,9
1,38,2,2.8,17.330027937362285,0.0,7,9
1,38,3,2.4,17.503695875063798,0.0,7,9
1,38,4,2.0,22.67630798654875,0.0,7,9
1,38,5,2.6,8.892359978057323,0.0,7,9
1,38,6,1.6,61.398505365880325,0.0,7,9
1,38,7,1.4,24.234213398699385,0.0,7,9
1,38,8,1.8,22.07013053604808,0.0,7,9
1,38,9,1.6,21.41846674649734,0.0,7,9
1,38,10,1.6,18.79300201490574,0.0,7,9
1,38,11,1.4,26.234983849226168,0.0,7,9
1,38,12,1.8,16.833424834347394,0.0,7,9
1,38,13,1.4,23.655761142861298,0.0,7,9
1,38,14,1.4,34.0786785542714,0.0,7,9
1,38,15,1.6,30.70134664021774,0.0,7,9
1,38,16,1.4,20.384225556812616,0.0,7,9
1,38,17,1.6,32.54391088799513,0.0,7,9
1,38,18,1.4,51.89839771069363,0.0,7,9
1,38,19,1.6,41.2804145676386,0.0,7,9
1,38,20,1.4,27.621050143449263,0.0,7,9
1,38,21,1.6,19.225480502869754,0.0,7,9
1,38,22,1.4,36.957760815406495,0.0,7,9
1,38,23,1.6,33.87131638080205,0.0,7,9
1,38,24,1.8,17.367472250311305,0.0,7,9
1,38,25,1.4,46.81844355808101,0.0,7,9
1,38,26,1.6,21.636801335822256,0.0,7,9
1,38,27,1.4,24.592429129577635,0.0,7,9
1,38,28,1.8,19.801011509639054,0.0,7,9
1,38,29,1.4,22.88196788076774,0.0,7,9
1,38,30,2.0,13.560039489806044,0.0,7,9
1,38,31,1.4,23.304151049842066,0.0,7,9
1,38,32,2.0,14.952973502755317,0.0,7,9
1,38,33,1.8,36.74500358929621,0.0,7,9
1,38,34,1.6,16.352861913227592,0.0,7,9
1,38,35,1.8,17.513399915973494,0.0,7,9
1,38,36,2.4,11.898495384269511,0.0,7,9
2,38,1,1.6,29.66114737240917,0.0,7,9
2,38,2,2.0,15.334534229061495,0.0,7,9
2,38,3,1.4,20.450634544972008,0.0,7,9
2,38,4,3.0,12.101922181961372,0.125,7,9
2,38,5,1.8,15.790737824863232,0.0,7,9
2,38,6,1.4,19.099594250709572,0.0,7,9
2,38,7,1.8,13.69033583467011,0.0,7,9
2,38,8,1.4,22.655353909971637,0.0,7,9
2,38,9,1.4,28.260061529643853,0.0,7,9
2,38,10,1.4,15.221249590704193,0.0,7,9
2,38,11,1.4,18.007827841601568,0.0,7,9
2,38,12,1.6,27.287432025111826,0.0,7,9
2,38,13,1.6,20.481338759159282,0.0,7,9
2,38,14,2.0,14.15574115484267,0.0,7,9
2,38,15,1.8,15.618691888901184,0.0,7,9
2,38,16,1.8,19.170953497205883,0.0,7,9
2,38,17,2.2,13.563101224420375,0.0,7,9
2,38,18,1.4,17.801742903979033,0.0,7,9
2,38,19,2.0,18.933278917400852,0.0,7,9
2,38,20,1.4,21.46400672231267,0.0,7,9
2,38,21,1.4,21.43700242025485,0.0,7,9
2,38,22,1.4,24.214846254417772,0.0,7,9
2,38,23,1.4,20.90170184356623,0.0,7,9
2,38,24,1.4,23.453746467018604,0.0,7,9
2,38,25,1.4,22.492159374239503,0.0,7,9
2,38,26,1.4,14.803604900216824,0.0,7,9
2,38,27,1.4,18.99444013340038,0.0,7,9
2,38,28,2.0,14.82211357162461,0.0,7,9
2,38,29,1.8,18.217985851916147,0.0,7,9
2,38,30,1.8,16.021417854786122,0.0,7,9
2,38,31,1.6,22.514951617436026,0.0,7,9
2,38,32,1.6,18.33860057812217,0.0,7,9
2,38,33,2.0,13.132239711747397,0.0,7,9
2,38,34,1.4,25.22351949361086,0.0,7,9
2,38,35,1.4,17.911479269695793,0.0,7,9
2,38,36,1.6,15.582346172410462,0.0,7,9
2,38,37,1.6,15.0739982927666,0.0,7,9
3,38,1,2.4,11.794115917590926,0.0,7,9
3,38,2,1.8,17.574516725483615,0.0,7,9
3,38,3,2.4,13.011339444658146,0.0,7,9
3,38,4,1.8,19.541235599141157,0.0,7,9
3,38,5,2.0,13.307819971105678,0.0,7,9
3,38,6,1.4,17.574315051663028,0.0,7,9
3,38,7,1.4,30.85081562284143,0.0,7,9
3,38,8,1.8,13.336121141644732,0.0,7,9
3,38,9,1.8,15.023740431595867,0.0,7,9
3,38,10,1.4,14.061106773211433,0.0,7,9
3,38,11,1.4,24.154689896453515,0.0,7,9
3,38,12,1.4,31.509179788664238,0.0,7,9
3,38,13,1.4,18.765437517719473,0.0,7,9
3,38,14,1.6,21.18001684585905,0.0,7,9
3,38,15,1.4,30.2230503240128,0.0,7,9
3,38,16,1.8,17.596773623038274,0.0,7,9
3,38,17,1.4,23.476979250611873,0.0,7,9
3,38,18,1.6,19.04828862613617,0.0,7,9
3,38,19,1.4,20.167055269504438,0.0,7,9
3,38,20,1.8,16.764225654447326,0.125,7,9
3,38,21,1.6,17.054291197842495,0.0,7,9
3,38,22,1.6,17.03895633962797,0.0,7,9
3,38,23,1.8,16.021687143091306,0.0,7,9
3,38,24,1.6,13.458413389521503,0.0,7,9
3,38,25,1.6,20.057359583035105,0.0,7,9
3,38,26,1.4,31.07043697117446,0.0,7,9
3,38,27,1.8,14.737390547743686,0.0,7,9
3,38,28,1.8,28.70714049645859,0.0,7,9
3,38,29,1.4,23.405903003240546,0.0,7,9
3,38,30,1.4,21.135666628602195,0.0,7,9
3,38,31,1.4,27.47862600093702,0.0,7,9
3,38,32,1.6,16.274609407207922,0.0,7,9
3,38,33,1.6,26.16031323860915,0.0,7,9
3,38,34,1.6,20.15227095170235,0.0,7,9
3,38,35,1.6,14.777396473489151,0.0,7,9
3,38,36,1.4,18.88017181913774,0.0,7,9
3,38,37,1.4,17.066607003313486,0.0,7,9
3,38,38,1.6,18.919481430458934,0.0,7,9
3,38,39,1.4,17.206322715950474,0.0,6,9
1,39,1,2.8,18.94692160940782,0.0,7,9
1,39,2,2.8,14.323071337597181,0.0,7,9
1,39,3,2.6,15.92778751837405,0.0,7,9
1,39,4,2.2,15.85661098902311,0.0,7,9
1,39,5,2.0,11.966271917807576,0.0,7,9
1,39,6,2.0,25.62580736605437,0.0,7,9
1,39,7,1.4,18.658791324501127,0.0,7,9
1,39,8,1.8,16.22861287565816,0.0,7,9
1,39,9,1.6,20.35642033452402,0.0,7,9
1,39,10,1.6,23.85253235883685,0.0,7,9
1,39,11,1.4,29.765634312933948,0.0,7,9
1,39,12,1.8,15.698529375277493,0.0,7,9
1,39,13,1.4,42.550112154952,0.0,7,9
1,39,14,1.6,30.31305423586015,0.0,7,9
1,39,15,1.4,30.664690298194618,0.0,7,9
1,39,16,1.4,23.529975558792255,0.0,7,9
1,39,17,1.6,28.547776282521482,0.0,7,9
1,39,18,1.4,38.18901899829589,0.0,7,9
1,39,19,1.4,58.70444421806812,0.0,7,9
1,39,20,1.4,56.22976048719298,0.0,7,9
1,39,21,1.4,33.16203914237845,0.0,7,9
1,39,22,1.6,24.418943008229363,0.0,7,9
1,39,23,1.4,42.27431842293233,0.0,7,9
1,39,24,1.8,16.627851241786054,0.0,7,9
1,39,25,1.4,32.31222405467035,0.0,7,9
1,39,26,1.4,29.997597401628102,0.0,7,9
1,39,27,1.4,25.17885574891126,0.0,7,9
1,39,28,1.4,30.56663312308056,0.0,7,9
1,39,29,1.4,21.577267973085597,0.0,7,9
1,39,30,1.6,16.202767082747634,0.0,7,9
1,39,31,1.6,26.462819732212772,0.0,7,9
1,39,32,2.0,13.333273396295754,0.0,7,9
1,39,33,1.8,33.18987734466656,0.0,7,9
1,39,34,2.0,13.797827437539476,0.0,7,9
1,39,35,1.8,20.847812215316136,0.0,7,9
1,39,36,1.6,22.098502047225022,0.0,7,9
1,39,37,1.8,17.129575457681057,0.0,6,9
2,39,1,1.8,29.25621134119275,0.0,7,9
2,39,2,2.0,13.091998103059481,0.0,7,9
2,39,3,1.8,16.365527222416027,0.0,7,9
2,39,4,2.2,23.098904410330736,0.125,7,9
2,39,5,1.4,16.720971909628027,0.0,7,9
2,39,6,1.8,20.329330065616467,0.0,7,9
2,39,7,1.6,17.568461055383423,0.0,7,9
2,39,8,1.4,18.450445285865825,0.0,7,9
2,39,9,1.4,19.11006469940626,0.0,7,9
2,39,10,1.6,19.934452909839372,0.0,7,9
2,39,11,1.4,18.944204906684263,0.0,7,9
2,39,12,2.0,23.44851210380504,0.125,7,9
2,39,13,1.6,16.093688429984756,0.0,7,9
2,39,14,1.4,21.59144469671672,0.0,7,9
2,39,15,1.4,31.329877800955117,0.0,7,9
2,39,16,1.6,18.765513913162277,0.0,7,9
2,39,17,1.4,23.864399918421338,0.0,7,9
2,39,18,1.4,23.34309093861202,0.0,7,9
2,39,19,1.6,15.041334015045848,0.0,7,9
2,39,20,1.4,23.440906697396724,0.0,7,9
2,39,21,1.8,19.57836813464462,0.0,7,9
2,39,22,1.4,29.469442510720068,0.0,7,9
2,39,23,1.4,17.37429951444229,0.0,7,9
2,39,24,1.6,14.111998012153979,0.0,7,9
2,39,25,1.6,17.341047563183636,0.0,7,9
2,39,26,1.6,14.884482741983946,0.0,7,9
2,39,27,1.4,17.31108756968345,0.0,7,9
2,39,28,1.8,21.560602579928855,0.0,7,9
2,39,29,1.8,16.78156398425136,0.0,7,9
2,39,30,1.4,28.83818388776678,0.0,7,9
2,39,31,1.8,15.073749285933411,0.0,7,9
2,39,32,1.8,18.10468915778636,0.0,7,9
2,39,33,1.8,18.64451504968865,0.0,7,9
2,39,34,1.8,13.242402252599629,0.0,7,9
2,39,35,1.4,19.105168602044444,0.0,7,9
2,39,36,1.4,16.159158805072273,0.0,7,9
2,39,37,1.4,15.886202260983435,0.0,7,9
2,39,38,2.0,14.95555806093619,0.125,7,9
3,39,1,1.4,22.511340742335076,0.0,7,9
3,39,2,1.8,14.96464120812618,0.0,7,9
3,39,3,2.0,17.025770420660894,0.0,7,9
3,39,4,1.6,15.506302503252385,0.0,7,9
3,39,5,1.4,42.936640181175356,0.0,7,9
3,39,6,1.8,17.02359255730447,0.0,7,9
3,39,7,1.8,13.083592365547034,0.0,7,9
3,39,8,1.4,25.24733505410321,0.0,7,9
3,39,9,1.4,16.156142398769134,0.0,7,9
3,39,10,1.4,14.92699405380079,0.0,7,9
3,39,11,1.4,17.758946008059954,0.0,7,9
3,39,12,1.4,17.672217135862937,0.0,7,9
3,39,13,1.6,21.27174516270668,0.0,7,9
3,39,14,1.4,21.56399707936656,0.0,7,9
3,39,15,1.4,17.12992719608668,0.0,7,9
3,39,16,1.8,20.0194722138306,0.0,7,9
3,39,17,1.4,30.86552923558895,0.0,7,9
3,39,18,1.6,16.800119521557907,0.0,7,9
3,39,19,1.4,26.593898801536675,0.0,7,9
3,39,20,1.4,17.933785445617975,0.0,7,9
3,39,21,1.8,14.301662344858672,0.125,7,9
3,39,22,1.4,27.431126394639175,0.0,7,9
3,39,23,1.6,13.264591947556056,0.0,7,9
3,39,24,1.8,23.171755855590657,0.0,7,9
3,39,25,1.6,14.623730434877176,0.0,7,9
3,39,26,1.6,15.415482241819038,0.0,7,9
3,39,27,1.6,26.663682972563272,0.0,7,9
3,39,28,1.4,24.260268344062588,0.0,7,9
3,39,29,1.6,14.060101444246813,0.0,7,9
3,39,30,1.8,28.291669261864588,0.0,7,9
3,39,31,1.6,17.24938404459466,0.0,7,9
3,39,32,1.4,21.56301194713532,0.0,7,9
3,39,33,1.6,26.095152528283165,0.0,7,9
3,39,34,1.4,22.325014426415592,0.0,7,9
3,39,35,1.8,18.179268417864364,0.0,7,9
3,39,36,1.6,19.902963570035258,0.0,7,9
3,39,37,1.4,15.382122419933308,0.0,7,9
3,39,38,1.4,22.612489881340252,0.0,7,9
3,39,39,1.8,13.789735525436251,0.0,7,9
3,39,40,1.4,20.3216603783259,0.0,7,9
1,40,1,3.0,15.20992364606461,0.0,7,9
1,40,2,2.8,16.55743848836549,0.0,7,9
1,40,3,2.8,12.216836316606093,0.0,7,9
1,40,4,2.0,21.271468996349167,0.0,7,9
1,40,5,2.4,10.637888749252518,0.0,7,9
1,40,6,1.6,39.12868662624959,0.0,7,9
1,40,7,1.6,21.907914434772092,0.0,7,9
1,40,8,1.6,20.28129801182009,0.0,7,9
1,40,9,1.4,21.457240180638486,0.0,7,9
1,40,10,1.6,17.690477048634552,0.0,7,9
1,40,11,2.0,20.384342340636916,0.0,7,9
1,40,12,1.6,15.083170057652515,0.0,7,9
1,40,13,1.6,23.390034706273912,0.0,7,9
1,40,14,1.4,47.26237910384838,0.0,7,9
1,40,15,1.6,23.44778529394164,0.0,7,9
1,40,16,1.4,101.70094042603871,0.0,7,9
1,40,17,1.4,23.966712261676015,0.0,7,9
1,40,18,1.8,28.814394117680955,0.0,7,9
1,40,19,1.6,34.79342458517937,0.0,7,9
1,40,20,1.4,30.3797044242809,0.0,7,9
1,40,21,1.4,23.76101562169231,0.0,7,9
1,40,22,1.6,35.224662020094435,0.0,7,9
1,40,23,1.6,22.07644360974727,0.0,7,9
1,40,24,1.6,29.665218055039734,0.0,7,9
1,40,25,1.6,29.107538916550986,0.0,7,9
1,40,26,1.8,13.905183298886982,0.0,7,9
1,40,27,1.4,40.280441493393376,0.0,7,9
1,40,28,1.6,21.57864514717876,0.0,7,9
1,40,29,1.6,12.935796708171935,0.0,7,9
1,40,30,1.8,17.190206663293644,0.0,7,9
1,40,31,1.8,16.631895605631367,0.0,7,9
1,40,32,2.0,18.577763817717184,0.0,7,9
1,40,33,1.6,19.69019599321263,0.0,7,9
1,40,34,1.8,16.977212028459146,0.0,7,9
1,40,35,2.0,14.639870371034053,0.0,7,9
1,40,36,1.5,22.04713956447609,0.0,4,9
2,40,1,2.2,14.956766360896195,0.0,7,9
2,40,2,1.4,24.550327358711172,0.0,7,9
2,40,3,1.8,17.437753039011657,0.0,7,9
2,40,4,2.6,15.149724067599822,0.125,7,9
2,40,5,1.4,16.71665328835797,0.0,7,9
2,40,6,1.6,18.20395574509091,0.0,7,9
2,40,7,1.4,14.37806918194676,0.0,7,9
2,40,8,1.4,23.253416674314263,0.0,7,9
2,40,9,1.4,20.439487676477263,0.0,7,9
2,40,10,1.4,18.550007473747065,0.0,7,9
2,40,11,1.4,20.18661805325822,0.0,7,9
2,40,12,1.4,40.40905275687432,0.0,7,9
2,40,13,1.8,17.83551595445653,0.0,7,9
2,40,14,1.8,14.910980107446044,0.0,7,9
2,40,15,1.4,22.818263486440312,0.0,7,9
2,40,16,1.6,20.807702974968613,0.0,7,9
2,40,17,1.8,17.318987243064075,0.0,7,9
2,40,18,1.8,18.05372026032649,0.0,7,9
2,40,19,1.6,15.339524795488899,0.0,7,9
2,40,20,1.8,25.495761820711188,0.0,7,9
2,40,21,1.8,13.87551167219252,0.0,7,9
2,40,22,1.4,19.09623937615374,0.0,7,9
2,40,23,1.4,22.238271000637756,0.0,7,9
2,40,24,1.4,19.62908395641967,0.0,7,9
2,40,25,1.6,15.89588555152946,0.0,7,9
2,40,26,1.6,18.16854034517194,0.0,7,9
2,40,27,1.6,17.147471920108966,0.0,7,9
2,40,28,1.8,19.445214079932352,0.0,7,9
2,40,29,1.8,17.654104933276564,0.0,7,9
2,40,30,2.0,14.397904398673674,0.0,7,9
2,40,31,1.8,17.397773862120804,0.0,7,9
2,40,32,1.4,20.70212003933718,0.0,7,9
2,40,33,1.6,17.705119511480913,0.0,7,9
2,40,34,1.6,15.428553657039568,0.0,7,9
2,40,35,1.4,13.738225651437999,0.0,7,9
2,40,36,1.4,16.875805681341,0.0,7,9
2,40,37,1.4,20.341353016077818,0.0,7,9
2,40,38,2.0,13.534249237409794,0.0,7,9
3,40,1,1.6,15.67440990166785,0.0,7,9
3,40,2,2.0,13.668005347179673,0.0,7,9
3,40,3,2.0,14.557182770557432,0.0,7,9
3,40,4,1.8,14.907275321222388,0.0,7,9
3,40,5,1.6,21.994440663238695,0.0,7,9
3,40,6,1.6,14.011602495389695,0.0,7,9
3,40,7,1.4,21.9915460024039,0.0,7,9
3,40,8,1.4,22.308653932070797,0.0,7,9
3,40,9,1.6,15.716750456404045,0.0,7,9
3,40,10,1.6,15.599799252793755,0.0,7,9
3,40,11,1.4,15.61472293390343,0.0,7,9
3,40,12,1.4,20.570551797482963,0.0,7,9
3,40,13,1.4,22.753044127383014,0.0,7,9
3,40,14,1.4,19.418655206849728,0.0,7,9
3,40,15,1.6,18.330102435592586,0.0,7,9
3,40,16,1.6,19.60753753104774,0.0,7,9
3,40,17,1.6,19.001701803861874,0.0,7,9
3,40,18,1.8,20.039307404547657,0.0,7,9
3,40,19,1.4,29.96731570329321,0.0,7,9
3,40,20,2.0,15.42120737336145,0.125,7,9
3,40,21,1.6,20.644003656793657,0.0,7,9
3,40,22,1.8,12.628260729441514,0.0,7,9
3,40,23,1.6,23.337485919174245,0.0,7,9
3,40,24,1.6,20.086413043765845,0.0,7,9
3,40,25,1.4,17.20143471711295,0.0,7,9
3,40,26,1.6,19.239696965142524,0.0,7,9
3,40,27,1.4,22.601979470939664,0.0,7,9
3,40,28,1.8,12.452966336082204,0.0,7,9
3,40,29,1.4,24.208599969450717,0.0,7,9
3,40,30,1.4,23.320297347014254,0.0,7,9
3,40,31,1.6,19.021682856754573,0.0,7,9
3,40,32,1.6,17.674413058612505,0.0,7,9
3,40,33,1.4,24.141838858081787,0.0,7,9
3,40,34,1.6,24.782307477782734,0.0,7,9
3,40,35,1.4,23.98974996252759,0.0,7,9
3,40,36,1.8,13.140750468554657,0.0,7,9
3,40,37,1.4,18.706930006833286,0.0,7,9
3,40,38,1.6,17.997355438685208,0.0,7,9
3,40,39,1.4,25.3986909904232,0.0,7,9
3,40,40,1.4,19.265931166291168,0.0,5,9
1,41,1,2.8,16.552845112126665,0.0,7,9
1,41,2,2.8,13.611320513898383,0.0,7,9
1,41,3,2.6,13.810576536710855,0.0,7,9
1,41,4,2.4,13.995105790457087,0.0,7,9
1,41,5,2.4,11.851332042697983,0.0,7,9
1,41,6,1.4,42.22211187591491,0.0,7,9
1,41,7,1.6,21.855261642960677,0.0,7,9
1,41,8,2.0,16.226404400879467,0.0,7,9
1,41,9,1.4,30.279152919835937,0.0,7,9
1,41,10,1.6,21.24227227940735,0.0,7,9
1,41,11,1.6,43.538427373386604,0.0,7,9
1,41,12,1.6,17.44350351382799,0.0,7,9
1,41,13,1.4,25.00643003663658,0.0,7,9
1,41,14,1.6,28.026196739749313,0.0,7,9
1,41,15,1.4,29.912775509111952,0.0,7,9
1,41,16,1.4,28.06006263396466,0.0,7,9
1,41,17,1.4,31.96742283218975,0.0,7,9
1,41,18,1.8,19.23470656672955,0.0,7,9
1,41,19,1.4,63.902251366395774,0.0,7,9
1,41,20,1.6,20.028472271824977,0.0,7,9
1,41,21,1.4,20.992522633163148,0.0,7,9
1,41,22,1.6,27.886115494410255,0.0,7,9
1,41,23,1.6,21.75446604854813,0.0,7,9
1,41,24,1.4,24.470523952694105,0.0,7,9
1,41,25,1.8,26.02193538669073,0.0,7,9
1,41,26,1.8,14.860507948125582,0.0,7,9
1,41,27,1.6,21.221883521606205,0.0,7,9
1,41,28,1.4,23.69870401337258,0.0,7,9
1,41,29,1.4,22.62249818042631,0.0,7,9
1,41,30,1.6,22.48738078806884,0.0,7,9
1,41,31,1.6,22.65412970529128,0.0,7,9
1,41,32,1.4,23.622172613276835,0.0,7,9
1,41,33,1.8,34.08711113236752,0.0,7,9
1,41,34,2.0,12.915188637655,0.0,7,9
1,41,35,2.0,13.730877971646988,0.0,7,9
1,41,36,2.2,13.076648650597978,0.0,7,9
2,41,1,1.6,31.65697834559787,0.0,7,9
2,41,2,2.0,15.296183231362225,0.0,7,9
2,41,3,1.4,18.757224511285738,0.0,7,9
2,41,4,2.6,15.263219082303223,0.125,7,9
2,41,5,1.6,18.44036269204367,0.0,7,9
2,41,6,1.4,19.783699699723506,0.0,7,9
2,41,7,1.4,20.38211545068345,0.0,7,9
2,41,8,1.6,19.950136570858465,0.0,7,9
2,41,9,1.4,17.493082507787406,0.0,7,9
2,41,10,1.4,26.08405735505218,0.0,7,9
2,41,11,1.4,20.331774862497543,0.0,7,9
2,41,12,1.4,23.878209530108666,0.0,7,9
2,41,13,2.2,13.928250048980226,0.125,7,9
2,41,14,1.4,25.692400174003396,0.0,7,9
2,41,15,1.4,27.06790081568077,0.0,7,9
2,41,16,1.4,17.29852646113471,0.0,7,9
2,41,17,1.4,30.144313946191915,0.0,7,9
2,41,18,1.4,22.15651076957824,0.0,7,9
2,41,19,1.6,15.386175647434557,0.0,7,9
2,41,20,1.4,15.819206070776811,0.0,7,9
2,41,21,2.0,15.392734784500218,0.0,7,9
2,41,22,1.4,20.12214997745863,0.0,7,9
2,41,23,1.4,21.06981026016223,0.0,7,9
2,41,24,1.6,19.683381839890785,0.0,7,9
2,41,25,1.4,22.503228763456576,0.0,7,9
2,41,26,1.4,19.00247630308437,0.0,7,9
2,41,27,1.4,18.476415947715626,0.0,7,9
2,41,28,1.8,15.165679119624901,0.125,7,9
2,41,29,1.4,26.56184410858354,0.0,7,9
2,41,30,1.4,17.547311229336852,0.0,7,9
2,41,31,1.4,22.899615234335386,0.0,7,9
2,41,32,1.4,21.026909699747392,0.0,7,9
2,41,33,1.8,19.26056717597383,0.0,7,9
2,41,34,1.4,24.228535167737906,0.0,7,9
2,41,35,1.6,19.02703673456557,0.0,7,9
2,41,36,1.4,17.459827973619525,0.0,7,9
2,41,37,1.4,17.046524562707365,0.0,7,9
2,41,38,1.6,12.56035400916117,0.0,7,9
2,41,39,2.0,13.663588787232907,0.125,7,9
2,41,40,1.4,24.567466034760937,0.0,6,9
3,41,1,1.4,17.34132690135354,0.0,7,9
3,41,2,1.4,20.28050841465269,0.0,7,9
3,41,3,1.4,19.645916156066683,0.0,7,9
3,41,4,1.4,20.64617069114898,0.0,7,9
3,41,5,1.4,16.893306051181185,0.0,7,9
3,41,6,1.8,20.137342478834153,0.0,7,9
3,41,7,1.4,17.435725528528934,0.0,7,9
3,41,8,1.4,16.41804199178561,0.0,7,9
3,41,9,1.6,16.50363983422275,0.0,7,9
3,41,10,1.4,20.147757428271408,0.0,7,9
3,41,11,1.6,15.45468943998084,0.0,7,9
3,41,12,1.4,20.712302670309217,0.0,7,9
3,41,13,1.4,19.051811565088634,0.0,7,9
3,41,14,1.4,20.408694338738066,0.0,7,9
3,41,15,1.4,26.635070158846567,0.0,7,9
3,41,16,1.6,18.235988231190028,0.0,7,9
3,41,17,1.8,22.096285551496276,0.0,7,9
3,41,18,1.8,17.286564618364277,0.0,7,9
3,41,19,1.4,17.774291949385816,0.0,7,9
3,41,20,1.4,24.247261609278503,0.0,7,9
3,41,21,1.4,22.343351676155617,0.0,7,9
3,41,22,2.0,14.880337873382324,0.0,7,9
3,41,23,1.6,24.91246665636357,0.0,7,9
3,41,24,1.8,14.548943648408308,0.0,7,9
3,41,25,1.8,17.89698912443303,0.0,7,9
3,41,26,1.8,12.77139555311575,0.0,7,9
3,41,27,1.6,21.620078287761146,0.0,7,9
3,41,28,1.4,37.38429391764514,0.0,7,9
3,41,29,1.6,13.842164249524249,0.0,7,9
3,41,30,1.6,22.574287019015397,0.0,7,9
3,41,31,1.4,31.32197433247229,0.0,7,9
3,41,32,1.4,18.705704409435896,0.0,7,9
3,41,33,1.6,17.823683268521886,0.0,7,9
3,41,34,1.6,15.730459771277497,0.0,7,9
3,41,35,1.4,29.929978535127205,0.0,7,9
3,41,36,1.6,20.29281392859877,0.0,7,9
3,41,37,2.0,13.4695888904074,0.0,7,9
3,41,38,1.4,16.838173816840836,0.0,7,9
3,41,39,1.4,18.59501705232941,0.0,7,9
3,41,40,1.4,40.55654914201942,0.0,7,9
3,41,41,1.4,15.991627052241462,0.0,6,9
1,42,1,2.8,17.31379083895686,0.0,7,9
1,42,2,2.8,17.790495126011617,0.0,7,9
1,42,3,2.4,16.77289682301719,0.0,7,9
1,42,4,2.6,11.529898499899025,0.0,7,9
1,42,5,2.4,10.967014345605447,0.0,7,9
1,42,6,1.8,24.78132142349622,0.0,7,9
1,42,7,1.6,17.372036799111143,0.0,7,9
1,42,8,1.4,30.109001747034604,0.0,7,9
1,42,9,1.4,24.512100178630874,0.0,7,9
1,42,10,1.8,14.434066580610747,0.0,7,9
1,42,11,1.6,43.855284553796295,0.0,7,9
1,42,12,1.6,16.007098506598116,0.0,7,9
1,42,13,1.4,32.056897975514815,0.0,7,9
1,42,14,1.6,25.750702547054633,0.0,7,9
1,42,15,1.6,24.570071626475254,0.0,7,9
1,42,16,1.8,23.696446744539116,0.0,7,9
1,42,17,1.4,24.058933624330272,0.0,7,9
1,42,18,1.4,25.89361573634185,0.0,7,9
1,42,19,1.6,36.17933076555003,0.0,7,9
1,42,20,1.4,19.37683608463647,0.0,7,9
1,42,21,1.4,24.514496486843477,0.0,7,9
1,42,22,1.6,28.42280213758917,0.0,7,9
1,42,23,1.4,48.13255137631668,0.0,7,9
1,42,24,1.8,18.319986045908674,0.0,7,9
1,42,25,1.8,25.482355815669944,0.0,7,9
1,42,26,1.4,20.642216917005022,0.0,7,9
1,42,27,1.4,27.162502851272002,0.0,7,9
1,42,28,1.4,23.222269862491828,0.0,7,9
1,42,29,1.4,18.882080898277152,0.0,7,9
1,42,30,1.6,21.68560875095294,0.0,7,9
1,42,31,2.0,13.562384992014366,0.0,7,9
1,42,32,2.0,20.853426627875564,0.0,7,9
1,42,33,1.8,26.81057515781893,0.0,7,9
1,42,34,1.4,25.433211900367727,0.0,7,9
1,42,35,1.8,16.529619673150417,0.0,7,9
1,42,36,2.0,14.414184859648572,0.0,7,9
2,42,1,2.0,20.89526137259205,0.0,7,9
2,42,2,2.0,14.462780396298077,0.0,7,9
2,42,3,1.6,15.871700126047541,0.0,7,9
2,42,4,2.2,21.033525223602688,0.125,7,9
2,42,5,1.4,16.232802341091524,0.0,7,9
2,42,6,2.0,14.682794873101134,0.0,7,9
2,42,7,1.6,21.392024749785193,0.0,7,9
2,42,8,1.4,19.85677875193144,0.0,7,9
2,42,9,1.4,27.90220154972531,0.0,7,9
2,42,10,1.4,20.686074093665,0.0,7,9
2,42,11,1.6,16.405682518490405,0.0,7,9
2,42,12,1.4,26.03988299009587,0.0,7,9
2,42,13,1.8,15.932344858325893,0.0,7,9
2,42,14,1.4,20.79121948197883,0.0,7,9
2,42,15,1.6,18.563714469846783,0.0,7,9
2,42,16,2.0,13.821868055859934,0.0,7,9
2,42,17,1.8,18.792738720780797,0.0,7,9
2,42,18,2.0,10.552719566118755,0.0,7,9
2,42,19,1.8,18.48201574375118,0.0,7,9
2,42,20,1.6,17.390127621615413,0.0,7,9
2,42,21,1.4,25.532663629447484,0.0,7,9
2,42,22,1.4,24.759480217828564,0.0,7,9
2,42,23,1.4,22.240966248193207,0.0,7,9
2,42,24,1.4,24.203837044626844,0.0,7,9
2,42,25,1.6,16.81098401476866,0.0,7,9
2,42,26,1.4,19.952995661655784,0.0,7,9
2,42,27,1.8,15.734378661572793,0.0,7,9
2,42,28,2.4,11.29718616696752,0.0,7,9
2,42,29,2.0,17.08347447055753,0.0,7,9
2,42,30,1.4,21.420802560821965,0.0,7,9
2,42,31,1.6,27.160698646453966,0.0,7,9
2,42,32,1.4,32.21225040063371,0.0,7,9
2,42,33,1.8,14.143193426750807,0.0,7,9
2,42,34,1.8,15.413254711329559,0.0,7,9
2,42,35,1.4,16.11917560128299,0.0,7,9
2,42,36,1.4,19.679612110928083,0.0,7,9
2,42,37,1.8,16.33703376837375,0.0,7,9
3,42,1,2.2,11.879131927274411,0.0,7,9
3,42,2,1.8,16.48173320670806,0.0,7,9
3,42,3,2.0,16.20588664366225,0.0,7,9
3,42,4,1.6,19.37245929989746,0.0,7,9
3,42,5,1.6,20.34090145200268,0.0,7,9
3,42,6,1.4,18.206228179852584,0.0,7,9
3,42,7,1.4,19.979990289760387,0.0,7,9
3,42,8,1.4,26.80637211612424,0.0,7,9
3,42,9,1.4,16.428588699191167,0.0,7,9
3,42,10,1.4,16.730978017825088,0.0,7,9
3,42,11,1.6,13.432386883561593,0.0,7,9
3,42,12,1.4,18.18921195833057,0.0,7,9
3,42,13,1.8,19.78656541205298,0.0,7,9
3,42,14,1.4,24.181566301469555,0.0,7,9
3,42,15,1.4,21.74950838441464,0.0,7,9
3,42,16,1.6,20.123648104308735,0.0,7,9
3,42,17,1.6,16.358856280647412,0.0,7,9
3,42,18,1.4,22.151879019070208,0.0,7,9
3,42,19,1.4,24.247261609278503,0.0,7,9
3,42,20,1.4,19.810370494145086,0.0,7,9
3,42,21,1.8,14.726676448051784,0.0,7,9
3,42,22,1.8,19.220054532833515,0.0,7,9
3,42,23,1.8,15.91154671054608,0.0,7,9
3,42,24,1.6,24.985739258743948,0.0,7,9
3,42,25,1.8,14.548270007824431,0.0,7,9
3,42,26,1.6,20.667351522465843,0.0,7,9
3,42,27,1.4,33.26745321676149,0.0,7,9
3,42,28,2.0,11.598996322941524,0.0,7,9
3,42,29,1.4,30.181812974919517,0.0,7,9
3,42,30,1.4,27.150652859810254,0.0,7,9
3,42,31,1.6,18.503749146939747,0.0,7,9
3,42,32,1.8,17.98105636823243,0.0,7,9
3,42,33,1.4,21.02241479594043,0.0,7,9
3,42,34,1.4,31.672837340773995,0.0,7,9
3,42,35,1.6,19.634710035838882,0.0,7,9
3,42,36,1.8,12.861947381012587,0.0,7,9
3,42,37,1.4,18.029447795363073,0.0,7,9
3,42,38,1.6,18.0367588485928,0.0,7,9
3,42,39,1.6,15.615624659744839,0.0,7,9
3,42,40,1.25,28.378530548284886,0.0,4,9
1,43,1,3.0,14.908879010220708,0.0,7,9
1,43,2,2.8,17.26918463419758,0.0,7,9
1,43,3,2.8,12.021856718167875,0.0,7,9
1,43,4,2.4,11.54734424182317,0.0,7,9
1,43,5,2.4,15.172366939304347,0.0,7,9
1,43,6,1.4,38.901978525689394,0.0,7,9
1,43,7,1.8,14.514661235691902,0.0,7,9
1,43,8,1.6,22.068004717453135,0.0,7,9
1,43,9,1.4,22.907783380820888,0.0,7,9
1,43,10,1.6,16.48888508936593,0.0,7,9
1,43,11,1.8,23.74556346226646,0.0,7,9
1,43,12,1.8,16.593102074079358,0.0,7,9
1,43,13,1.4,30.37910013952302,0.0,7,9
1,43,14,1.4,48.44029241776071,0.0,7,9
1,43,15,1.4,25.28578037877873,0.0,7,9
1,43,16,1.4,65.32107361103516,0.0,7,9
1,43,17,1.4,31.9796458479659,0.0,7,9
1,43,18,1.6,34.14105806381553,0.0,7,9
1,43,19,1.4,40.330193457179966,0.0,7,9
1,43,20,1.6,23.805683718307414,0.0,7,9
1,43,21,1.4,23.016369384162026,0.0,7,9
1,43,22,1.6,35.03222402804561,0.0,7,9
1,43,23,1.6,21.06426281204636,0.0,7,9
1,43,24,1.6,28.9643039675968,0.0,7,9
1,43,25,1.8,24.34970797902172,0.0,7,9
1,43,26,1.6,19.455314003345244,0.0,7,9
1,43,27,1.6,21.42735821642225,0.0,7,9
1,43,28,1.4,21.017524522945298,0.0,7,9
1,43,29,1.6,13.702461124489504,0.0,7,9
1,43,30,1.6,28.503249141588483,0.0,7,9
1,43,31,1.4,19.709771136513467,0.0,7,9
1,43,32,2.2,15.664564951351824,0.0,7,9
1,43,33,1.8,22.109771436581415,0.0,7,9
1,43,34,1.6,17.9265869242533,0.0,7,9
1,43,35,2.0,14.705714574408004,0.0,7,9
1,43,36,1.8,20.033947040738138,0.0,7,9
2,43,1,2.2,17.478619891220255,0.0,7,9
2,43,2,1.8,16.634786720512157,0.0,7,9
2,43,3,1.6,17.557520755577436,0.0,7,9
2,43,4,2.2,22.258272565533744,0.125,7,9
2,43,5,1.4,19.87201564650996,0.0,7,9
2,43,6,2.0,16.156694247355876,0.0,7,9
2,43,7,1.6,16.534238715754455,0.0,7,9
2,43,8,1.4,20.873294365328228,0.0,7,9
2,43,9,1.4,36.3624923355532,0.0,7,9
2,43,10,1.6,15.77003496328457,0.0,7,9
2,43,11,1.4,22.598987593282338,0.0,7,9
2,43,12,1.6,21.00772376774168,0.0,7,9
2,43,13,1.6,18.277858552578394,0.0,7,9
2,43,14,1.8,19.21248971881119,0.0,7,9
2,43,15,1.6,19.258501278613014,0.0,7,9
2,43,16,1.6,18.923061885201168,0.0,7,9
2,43,17,2.0,19.54852085271747,0.0,7,9
2,43,18,2.0,11.7510168267599,0.0,7,9
2,43,19,1.8,16.724490417164677,0.0,7,9
2,43,20,1.8,19.23333139502673,0.0,7,9
2,43,21,1.4,23.955966722006686,0.0,7,9
2,43,22,1.6,18.45748872310092,0.0,7,9
2,43,23,1.4,20.269286327025128,0.0,7,9
2,43,24,1.6,15.450709583587392,0.0,7,9
2,43,25,1.4,22.448400609954458,0.0,7,9
2,43,26,1.4,17.385793907215113,0.0,7,9
2,43,27,2.2,14.402500615709945,0.125,7,9
2,43,28,1.4,18.810578520542602,0.0,7,9
2,43,29,1.4,35.94213614659579,0.0,7,9
2,43,30,1.4,18.658430242343837,0.0,7,9
2,43,31,1.4,23.432524919069706,0.0,7,9
2,43,32,1.4,24.581586949475128,0.0,7,9
2,43,33,2.2,14.212882995724925,0.125,7,9
2,43,34,1.6,16.133627556098087,0.0,7,9
2,43,35,1.4,16.41512961467734,0.0,7,9
2,43,36,1.4,17.140235893013028,0.0,7,9
2,43,37,1.4,17.958107955571982,0.0,7,9
2,43,38,1.4,31.47843325810734,0.0,7,9
3,43,1,1.4,18.165409016434758,0.0,7,9
3,43,2,1.6,17.573548481141366,0.0,7,9
3,43,3,1.4,25.139221110765046,0.0,7,9
3,43,4,1.4,23.619718578552135,0.0,7,9
3,43,5,1.4,21.054084994267733,0.0,7,9
3,43,6,1.4,21.43057672760991,0.0,7,9
3,43,7,1.6,18.673714463785824,0.0,7,9
3,43,8,1.4,14.934695967124453,0.0,7,9
3,43,9,1.6,17.904738493522444,0.0,7,9
3,43,10,1.4,18.01172640632425,0.0,7,9
3,43,11,1.4,17.793089574904954,0.0,7,9
3,43,12,1.6,14.979525275882954,0.0,7,9
3,43,13,1.4,20.94377260611813,0.0,7,9
3,43,14,1.6,24.577045484970643,0.0,7,9
3,43,15,1.4,27.281512894416778,0.0,7,9
3,43,16,1.6,15.700461307134262,0.0,7,9
3,43,17,1.6,21.92949762778586,0.0,7,9
3,43,18,1.8,15.649950183071503,0.0,7,9
3,43,19,1.4,20.046325228724257,0.0,7,9
3,43,20,1.6,25.650534331841293,0.0,7,9
3,43,21,1.4,19.310730580675155,0.0,7,9
3,43,22,1.8,14.3627699895878,0.125,7,9
3,43,23,1.8,18.37017301612555,0.0,7,9
3,43,24,1.8,13.760897977228183,0.0,7,9
3,43,25,1.6,19.58833344758086,0.0,7,9
3,43,26,1.6,15.197369542545836,0.0,7,9
3,43,27,1.4,25.846052048983843,0.0,7,9
3,43,28,1.4,38.97897611909187,0.0,7,9
3,43,29,1.8,14.279133674243647,0.0,7,9
3,43,30,1.6,23.87642080645258,0.0,7,9
3,43,31,1.4,24.075258658142246,0.0,7,9
3,43,32,1.6,18.596774970612145,0.0,7,9
3,43,33,1.8,19.75411656466634,0.0,7,9
3,43,34,1.4,19.900112578505215,0.0,7,9
3,43,35,1.6,24.58308828433207,0.0,7,9
3,43,36,1.6,18.96499073967945,0.0,7,9
3,43,37,1.6,13.415975399024129,0.0,7,9
3,43,38,1.4,22.656977863130333,0.0,7,9
3,43,39,1.4,17.657882746574224,0.0,7,9
3,43,40,1.4,21.83685739288465,0.0,7,9
3,43,41,1.4,17.800479049644736,0.0,7,9
1,44,1,3.0,15.523376400791534,0.0,7,9
1,44,2,2.8,16.46694754205512,0.0,7,9
1,44,3,2.8,11.786713128900857,0.0,7,9
1,44,4,1.8,26.69419525385461,0.0,7,9
1,44,5,2.6,10.59024283985934,0.0,7,9
1,44,6,1.6,49.39149747438208,0.0,7,9
1,44,7,1.8,13.449643788411139,0.0,7,9
1,44,8,1.4,25.09376867908225,0.0,7,9
1,44,9,1.6,19.398472484215148,0.0,7,9
1,44,10,1.6,18.38992450523464,0.0,7,9
1,44,11,1.6,49.63488502866845,0.0,7,9
1,44,12,1.6,16.7641254247903,0.0,7,9
1,44,13,1.4,22.82766725955764,0.0,7,9
1,44,14,1.8,24.144808232379955,0.0,7,9
1,44,15,1.4,21.54504577301404,0.0,7,9
1,44,16,1.6,27.572031668490723,0.0,7,9
1,44,17,1.6,23.892468306033514,0.0,7,9
1,44,18,1.4,44.39961343910942,0.0,7,9
1,44,19,1.4,45.16677172957606,0.0,7,9
1,44,20,1.6,18.941791436833476,0.0,7,9
1,44,21,1.6,20.205380514032324,0.0,7,9
1,44,22,1.4,32.46957917827564,0.0,7,9
1,44,23,1.6,19.496769689130616,0.0,7,9
1,44,24,1.6,32.74122735748443,0.0,7,9
1,44,25,1.8,25.26864797395147,0.0,7,9
1,44,26,1.6,17.279583930547574,0.0,7,9
1,44,27,1.4,28.95124665387574,0.0,7,9
1,44,28,1.4,26.397912368528903,0.0,7,9
1,44,29,1.4,20.610737464985974,0.0,7,9
1,44,30,1.8,21.2740618026335,0.0,7,9
1,44,31,1.8,15.23533310666354,0.0,7,9
1,44,32,1.6,25.30382832623536,0.0,7,9
1,44,33,2.4,13.083645484461355,0.0,7,9
1,44,34,1.6,25.32777609459161,0.0,7,9
1,44,35,1.6,19.31974125596314,0.0,7,9
1,44,36,2.0,13.95894098431875,0.0,6,9
2,44,1,2.4,16.69160137379171,0.0,7,9
2,44,2,1.8,17.759152693566868,0.0,7,9
2,44,3,1.6,16.898168582196565,0.0,7,9
2,44,4,3.2,10.186294598772387,0.125,7,9
2,44,5,2.2,12.211104739262487,0.0,7,9
2,44,6,1.6,15.566357545054512,0.0,7,9
2,44,7,1.6,18.772361342578954,0.0,7,9
2,44,8,1.4,20.49483173131451,0.0,7,9
2,44,9,1.6,16.780755855084887,0.0,7,9
2,44,10,1.6,20.555686576146698,0.0,7,9
2,44,11,1.4,21.896771046132507,0.0,7,9
2,44,12,2.0,14.512919856592747,0.0,7,9
2,44,13,1.8,14.14001110672968,0.0,7,9
2,44,14,1.6,16.94998846845511,0.0,7,9
2,44,15,2.2,16.539921573024028,0.0,7,9
2,44,16,1.8,14.797676804134058,0.0,7,9
2,44,17,2.0,13.113744673215454,0.0,7,9
2,44,18,1.8,21.543255932867773,0.0,7,9
2,44,19,1.4,23.511896053384657,0.0,7,9
2,44,20,1.4,20.13097994515319,0.0,7,9
2,44,21,1.4,19.49288545590675,0.0,7,9
2,44,22,1.4,30.012064850277167,0.0,7,9
2,44,23,1.6,21.319158425962943,0.0,7,9
2,44,24,1.4,19.31764671443512,0.0,7,9
2,44,25,1.4,18.001162286284234,0.0,7,9
2,44,26,1.8,23.86560520357291,0.0,7,9
2,44,27,2.0,15.078654339625144,0.0,7,9
2,44,28,1.8,16.61656122410463,0.0,7,9
2,44,29,1.8,17.65502182621755,0.0,7,9
2,44,30,1.4,34.01450804483091,0.0,7,9
2,44,31,2.2,13.827294870015464,0.0,7,9
2,44,32,1.6,16.219196140735033,0.0,7,9
2,44,33,1.4,16.197763237442004,0.0,7,9
2,44,34,1.4,14.74374587260177,0.0,7,9
2,44,35,1.4,17.009206251992712,0.0,7,9
2,44,36,1.6,24.552878045587896,0.0,7,9
3,44,1,1.8,13.071176403308687,0.0,7,9
3,44,2,2.0,13.466548119901354,0.0,7,9
3,44,3,1.8,18.661546380546955,0.0,7,9
3,44,4,1.4,18.758568009846567,0.0,7,9
3,44,5,1.8,20.00560575525072,0.0,7,9
3,44,6,1.6,15.381247646954897,0.0,7,9
3,44,7,1.4,17.179403822386167,0.0,7,9
3,44,8,1.6,19.55814988575822,0.0,7,9
3,44,9,1.4,15.317676074513427,0.0,7,9
3,44,10,1.4,20.977455883962886,0.0,7,9
3,44,11,1.4,14.449042804939833,0.0,7,9
3,44,12,1.4,22.15778831270241,0.0,7,9
3,44,13,1.4,30.17589517647269,0.0,7,9
3,44,14,1.4,23.288281915290042,0.0,7,9
3,44,15,1.4,19.050778493920813,0.0,7,9
3,44,16,1.8,24.31772948465197,0.0,7,9
3,44,17,1.6,22.071485447848378,0.0,7,9
3,44,18,1.4,24.26059975879854,0.0,7,9
3,44,19,2.0,19.186552850660487,0.0,7,9
3,44,20,1.4,16.81540662282082,0.0,7,9
3,44,21,1.8,17.334384672759597,0.125,7,9
3,44,22,1.6,18.06807830996866,0.0,7,9
3,44,23,1.6,13.811078819714028,0.0,7,9
3,44,24,2.0,16.652432271256735,0.0,7,9
3,44,25,1.6,16.161142474264693,0.0,7,9
3,44,26,1.4,20.480156886795235,0.0,7,9
3,44,27,1.4,24.37595065026037,0.0,7,9
3,44,28,2.0,13.202895520692968,0.0,7,9
3,44,29,1.6,27.936015984520594,0.0,7,9
3,44,30,1.4,26.219506857362305,0.0,7,9
3,44,31,1.4,17.181780665069052,0.0,7,9
3,44,32,1.8,15.985164723553682,0.0,7,9
3,44,33,1.6,18.039958107920267,0.0,7,9
3,44,34,1.6,30.93645830359481,0.0,7,9
3,44,35,1.6,20.674128023508388,0.0,7,9
3,44,36,1.4,15.140863111386054,0.0,7,9
3,44,37,1.4,26.368917233682243,0.0,7,9
3,44,38,1.4,19.271397074984385,0.0,7,9
3,44,39,1.6,19.33822374505642,0.0,7,9
3,44,40,1.4,18.90855741468931,0.0,6,9
1,45,1,2.8,15.177081729874626,0.0,7,9
1,45,2,2.8,13.519707390587087,0.0,7,9
1,45,3,2.8,14.471148648310127,0.0,7,9
1,45,4,2.0,16.97711276061661,0.0,7,9
1,45,5,2.2,11.996640983555796,0.0,7,9
1,45,6,1.6,43.620666385010956,0.0,7,9
1,45,7,1.4,25.57108701409983,0.0,7,9
1,45,8,1.8,15.982463970911759,0.0,7,9
1,45,9,1.4,24.274944011361377,0.0,7,9
1,45,10,1.6,19.67805076375548,0.0,7,9
1,45,11,1.4,29.958720461961914,0.0,7,9
1,45,12,1.4,32.12138371445521,0.0,7,9
1,45,13,1.4,17.514474817549395,0.0,7,9
1,45,14,1.6,24.122931593557993,0.0,7,9
1,45,15,1.4,54.583019665431614,0.0,7,9
1,45,16,1.4,21.574164047981363,0.0,7,9
1,45,17,1.6,31.884163020897613,0.0,7,9
1,45,18,1.6,25.220521515674445,0.0,7,9
1,45,19,1.6,25.77681844072218,0.0,7,9
1,45,20,1.8,24.490481446038093,0.0,7,9
1,45,21,1.6,27.97084008010736,0.0,7,9
1,45,22,1.4,33.84424798323977,0.0,7,9
1,45,23,1.6,35.46611004511482,0.0,7,9
1,45,24,1.4,24.284768957853625,0.0,7,9
1,45,25,1.4,41.75079507349005,0.0,7,9
1,45,26,1.4,43.497274568162645,0.0,7,9
1,45,27,1.6,18.499680562891335,0.0,7,9
1,45,28,1.4,35.83849819687693,0.0,7,9
1,45,29,1.4,21.732905067992768,0.0,7,9
1,45,30,1.4,19.541345633909124,0.0,7,9
1,45,31,2.0,20.06377900309622,0.0,7,9
1,45,32,2.0,12.490415672203806,0.0,7,9
1,45,33,2.2,16.6017069781577,0.0,7,9
1,45,34,1.8,15.244913615145947,0.0,7,9
1,45,35,1.8,18.52580527049679,0.0,7,9
1,45,36,1.8,17.46427110985007,0.0,7,9
1,45,37,1.2,26.70404241137373,0.0,5,9
2,45,1,1.8,29.25621134119275,0.0,7,9
2,45,2,1.6,21.46290713088618,0.0,7,9
2,45,3,1.6,16.3054190206577,0.0,7,9
2,45,4,2.8,11.725595237332668,0.125,7,9
2,45,5,1.4,20.334499361482383,0.0,7,9
2,45,6,1.8,17.996425718977317,0.0,7,9
2,45,7,1.6,16.131961211342535,0.0,7,9
2,45,8,1.4,18.230463084426873,0.0,7,9
2,45,9,1.4,21.684743407877082,0.0,7,9
2,45,10,1.4,22.219756076544822,0.0,7,9
2,45,11,1.4,15.911997562010656,0.0,7,9
2,45,12,1.8,17.186687022764982,0.0,7,9
2,45,13,1.8,17.33197205268817,0.0,7,9
2,45,14,1.8,20.030466673209297,0.0,7,9
2,45,15,1.6,17.698120255860978,0.0,7,9
2,45,16,1.4,19.08480153453749,0.0,7,9
2,45,17,1.6,19.5777982858617,0.0,7,9
2,45,18,2.0,12.791796770325144,0.0,7,9
2,45,19,2.0,16.117494764830766,0.0,7,9
2,45,20,1.4,30.141639147544247,0.0,7,9
2,45,21,1.4,22.23003191370102,0.0,7,9
2,45,22,1.4,26.157781000087567,0.0,7,9
2,45,23,1.4,20.47156718560337,0.0,7,9
2,45,24,1.4,27.452563398007978,0.0,7,9
2,45,25,1.4,19.61180374586634,0.0,7,9
2,45,26,1.4,17.22739000733759,0.0,7,9
2,45,27,2.0,13.553467707280632,0.125,7,9
2,45,28,1.4,23.579190669173627,0.0,7,9
2,45,29,1.4,18.695579516295247,0.0,7,9
2,45,30,1.4,27.529552722862796,0.0,7,9
2,45,31,1.6,18.096415514143526,0.0,7,9
2,45,32,1.4,23.644422793845006,0.0,7,9
2,45,33,1.4,25.544010134831893,0.0,7,9
2,45,34,1.6,17.062993247174596,0.0,7,9
2,45,35,1.6,16.646321468580847,0.0,7,9
2,45,36,1.4,16.214953353674357,0.0,7,9
2,45,37,1.6,12.987854856653737,0.0,7,9
2,45,38,2.0,13.872860589148438,0.125,7,9
2,45,39,1.2,20.57825578302779,0.0,6,9
3,45,1,1.4,18.95351756580474,0.0,7,9
3,45,2,1.4,19.258746216710982,0.0,7,9
3,45,3,1.4,23.676731521327355,0.0,7,9
3,45,4,1.4,22.466313982882426,0.0,7,9
3,45,5,1.4,20.729507845337046,0.0,7,9
3,45,6,1.4,20.819656450900908,0.0,7,9
3,45,7,1.4,23.44198864447908,0.0,7,9
3,45,8,1.4,14.89371627681382,0.0,7,9
3,45,9,1.4,15.221114572869357,0.0,7,9
3,45,10,1.4,20.088887631215005,0.0,7,9
3,45,11,1.4,16.376247108119227,0.0,7,9
3,45,12,1.4,17.024248561859125,0.0,7,9
3,45,13,1.4,15.102752060931117,0.0,7,9
3,45,14,1.4,24.154689896453515,0.0,7,9
3,45,15,1.6,23.02753361719688,0.0,7,9
3,45,16,1.4,17.659681015357375,0.0,7,9
3,45,17,1.6,23.104087574100856,0.0,7,9
3,45,18,1.4,39.29880048271517,0.0,7,9
3,45,19,1.8,16.3536035851758,0.0,7,9
3,45,20,1.6,18.621665977295386,0.0,7,9
3,45,21,1.4,28.50132042850677,0.0,7,9
3,45,22,1.6,19.320451734626435,0.0,7,9
3,45,23,1.8,14.114013572480172,0.0,7,9
3,45,24,1.8,11.154291240497107,0.0,7,9
3,45,25,2.0,20.167736501164224,0.0,7,9
3,45,26,1.8,11.524466608023062,0.0,7,9
3,45,27,1.8,17.08716226321113,0.0,7,9
3,45,28,1.4,23.47837067833946,0.0,7,9
3,45,29,1.8,16.554164622300327,0.0,7,9
3,45,30,1.6,21.341353569778928,0.0,7,9
3,45,31,1.6,27.02760137222425,0.0,7,9
3,45,32,1.4,21.302484009947683,0.0,7,9
3,45,33,1.6,17.33698814655292,0.0,7,9
3,45,34,1.6,18.444120687508057,0.0,7,9
3,45,35,1.4,23.913860663368965,0.0,7,9
3,45,36,1.4,20.95433378477025,0.0,7,9
3,45,37,1.6,16.589251021953803,0.0,7,9
3,45,38,1.6,15.02876118475069,0.0,7,9
3,45,39,1.4,17.31245164931589,0.0,7,9
3,45,40,1.6,18.590482627946237,0.0,7,9
3,45,41,1.4,19.85956218167116,0.0,7,9
1,46,1,2.8,13.915385253958494,0.0,7,9
1,46,2,2.8,16.52226016412569,0.0,7,9
1,46,3,2.6,15.92778751837405,0.0,7,9
1,46,4,2.0,20.836675844298917,0.0,7,9
1,46,5,2.2,10.582858939247012,0.0,7,9
1,46,6,2.0,25.30300273528538,0.0,7,9
1,46,7,1.6,19.08635740871824,0.0,7,9
1,46,8,1.8,14.778984814406952,0.0,7,9
1,46,9,1.4,22.839800106287274,0.0,7,9
1,46,10,1.6,22.600134175917834,0.0,7,9
1,46,11,1.4,29.47445547400511,0.0,7,9
1,46,12,1.6,17.18302221095226,0.0,7,9
1,46,13,1.4,22.76220837773295,0.0,7,9
1,46,14,1.6,41.38403621451453,0.0,7,9
1,46,15,1.4,59.964364022509535,0.0,7,9
1,46,16,1.4,19.337612989810967,0.0,7,9
1,46,17,1.4,35.501065908632455,0.0,7,9
1,46,18,1.6,29.60670456581586,0.0,7,9
1,46,19,1.6,25.645084068174526,0.0,7,9
1,46,20,1.6,34.96289390319277,0.0,7,9
1,46,21,1.4,30.705461274903257,0.0,7,9
1,46,22,1.4,23.62668593089063,0.0,7,9
1,46,23,1.4,56.03218523182698,0.0,7,9
1,46,24,2.0,16.585289332450657,0.0,7,9
1,46,25,1.8,26.31723585329407,0.0,7,9
1,46,26,1.6,25.34274540602065,0.0,7,9
1,46,27,1.4,37.05727865897954,0.0,7,9
1,46,28,1.4,34.78980499462642,0.0,7,9
1,46,29,1.6,18.52231385954955,0.0,7,9
1,46,30,1.6,23.698100084042572,0.0,7,9
1,46,31,1.6,21.31534201431666,0.0,7,9
1,46,32,1.6,17.844902200131425,0.0,7,9
1,46,33,1.6,41.013096560694336,0.0,7,9
1,46,34,2.2,13.247628375566661,0.0,7,9
1,46,35,1.6,18.288830406503568,0.0,7,9
1,46,36,1.6,18.918810274649108,0.0,7,9
1,46,37,1.4,21.661691813859303,0.0,5,9
2,46,1,1.8,35.54771578770915,0.0,7,9
2,46,2,2.2,14.205793878801526,0.0,7,9
2,46,3,2.0,14.852344163340991,0.0,7,9
2,46,4,2.2,17.893707744630095,0.0,7,9
2,46,5,2.0,11.372543430503882,0.0,7,9
2,46,6,2.0,15.112213117213129,0.0,7,9
2,46,7,2.0,13.14553680411432,0.0,7,9
2,46,8,1.8,20.878819827423747,0.0,7,9
2,46,9,1.4,18.717835623097805,0.0,7,9
2,46,10,1.4,20.780645465600113,0.0,7,9
2,46,11,1.8,20.749630906014698,0.0,7,9
2,46,12,2.2,11.288721147359526,0.0,7,9
2,46,13,1.6,18.84013614061663,0.0,7,9
2,46,14,1.4,26.23192421005894,0.0,7,9
2,46,15,1.6,19.369501015500774,0.0,7,9
2,46,16,2.0,16.066447404302647,0.0,7,9
2,46,17,1.8,12.281909799079115,0.0,7,9
2,46,18,1.8,22.578069497727622,0.0,7,9
2,46,19,1.4,21.38894420184225,0.0,7,9
2,46,20,1.4,18.572723386248256,0.0,7,9
2,46,21,1.4,27.355723140462942,0.0,7,9
2,46,22,1.4,19.56448146641116,0.0,7,9
2,46,23,1.4,22.926250065100863,0.0,7,9
2,46,24,1.4,22.658815526821808,0.0,7,9
2,46,25,1.4,16.841817312199282,0.0,7,9
2,46,26,1.6,24.215402014156016,0.0,7,9
2,46,27,2.0,13.230104372442641,0.0,7,9
2,46,28,2.4,13.263906033408436,0.0,7,9
2,46,29,1.6,19.864043579294933,0.0,7,9
2,46,30,1.6,19.905382415978355,0.0,7,9
2,46,31,1.6,29.768607492817697,0.0,7,9
2,46,32,1.4,19.64051839870518,0.0,7,9
2,46,33,1.4,25.973335042755966,0.0,7,9
2,46,34,1.4,13.055704880783544,0.0,7,9
2,46,35,1.4,19.22419121084939,0.0,7,9
2,46,36,1.8,14.663579918605407,0.0,7,9
3,46,1,2.2,12.019198487454977,0.0,7,9
3,46,2,2.0,16.497862335931877,0.0,7,9
3,46,3,1.8,17.843530521395753,0.0,7,9
3,46,4,1.6,18.835516767807047,0.0,7,9
3,46,5,1.6,20.89688867567101,0.0,7,9
3,46,6,1.6,13.793391026616494,0.0,7,9
3,46,7,1.4,19.871882207574373,0.0,7,9
3,46,8,1.6,17.474578216667318,0.0,7,9
3,46,9,1.4,15.457747000878697,0.0,7,9
3,46,10,1.4,19.199136254789252,0.0,7,9
3,46,11,1.4,15.379141732474682,0.0,7,9
3,46,12,1.4,29.643240549062426,0.0,7,9
3,46,13,1.4,27.08589990993905,0.0,7,9
3,46,14,1.4,22.910149259039358,0.0,7,9
3,46,15,1.4,23.545474128848635,0.0,7,9
3,46,16,1.6,25.0764136388434,0.0,7,9
3,46,17,1.6,18.753637433989287,0.0,7,9
3,46,18,1.8,15.849317578206792,0.0,7,9
3,46,19,1.4,35.084418402351154,0.0,7,9
3,46,20,1.6,15.967640044974694,0.0,7,9
3,46,21,1.8,18.770792922888745,0.0,7,9
3,46,22,2.2,12.085133723372094,0.0,7,9
3,46,23,1.6,25.798483929589498,0.0,7,9
3,46,24,2.0,13.311794426338222,0.0,7,9
3,46,25,1.4,20.5647692146737,0.0,7,9
3,46,26,1.6,23.046642971282616,0.0,7,9
3,46,27,1.4,28.171323027060847,0.0,7,9
3,46,28,2.0,12.835016456867434,0.0,7,9
3,46,29,1.4,30.03090138945436,0.0,7,9
3,46,30,1.4,20.95865083675961,0.0,7,9
3,46,31,1.6,16.970775079601243,0.0,7,9
3,46,32,1.6,19.030956895673327,0.0,7,9
3,46,33,1.4,21.76879372008401,0.0,7,9
3,46,34,1.4,23.388722318091553,0.0,7,9
3,46,35,1.8,15.225923655184909,0.0,7,9
3,46,36,1.4,17.07084532737878,0.0,7,9
3,46,37,1.4,26.433974129770352,0.0,7,9
3,46,38,1.4,19.06953506153945,0.0,7,9
3,46,39,1.6,16.28070730094708,0.0,7,9
3,46,40,1.0,43.24929563949911,0.0,5,9
1,47,1,2.8,16.783355408418423,0.0,7,9
1,47,2,2.8,13.31066518757727,0.0,7,9
1,47,3,2.4,17.009620438047286,0.0,7,9
1,47,4,2.0,25.13556066881859,0.0,7,9
1,47,5,2.2,11.052202728383113,0.0,7,9
1,47,6,2.0,24.53829454376758,0.0,7,9
1,47,7,1.6,20.47980361717878,0.0,7,9
1,47,8,1.4,31.93952571705552,0.0,7,9
1,47,9,1.4,30.403671602043335,0.0,7,9
1,47,10,1.4,20.37868724149092,0.0,7,9
1,47,11,1.8,23.960512636786543,0.0,7,9
1,47,12,1.4,25.469075190812426,0.0,7,9
1,47,13,1.4,17.514474817549395,0.0,7,9
1,47,14,1.4,31.54597888691503,0.0,7,9
1,47,15,1.6,31.519774139311846,0.0,7,9
1,47,16,1.4,20.268032397263603,0.0,7,9
1,47,17,1.4,45.91174218034858,0.0,7,9
1,47,18,1.4,30.834203319692143,0.0,7,9
1,47,19,1.8,25.628215693225265,0.0,7,9
1,47,20,1.8,27.043991851239777,0.0,7,9
1,47,21,1.4,22.91653219592363,0.0,7,9
1,47,22,1.4,21.68015435289287,0.0,7,9
1,47,23,1.4,26.142667682181504,0.0,7,9
1,47,24,1.4,28.21251878035025,0.0,7,9
1,47,25,1.6,24.79335133784047,0.0,7,9
1,47,26,1.6,36.321067230393005,0.0,7,9
1,47,27,1.8,15.016067875538221,0.0,7,9
1,47,28,1.6,27.868530929119196,0.0,7,9
1,47,29,1.4,23.11351756690527,0.0,7,9
1,47,30,1.6,16.51975636774512,0.0,7,9
1,47,31,2.0,19.554950636075176,0.0,7,9
1,47,32,1.6,17.48149608508488,0.0,7,9
1,47,33,1.6,31.55357973659961,0.0,7,9
1,47,34,2.2,12.605676411447163,0.0,7,9
1,47,35,1.8,15.901990419979617,0.0,7,9
1,47,36,1.8,17.564032105443292,0.0,7,9
1,47,37,1.4,23.80058390793421,0.0,5,9
2,47,1,2.0,20.753456471238913,0.0,7,9
2,47,2,2.4,13.079956802917902,0.0,7,9
2,47,3,2.6,12.895146291375033,0.0,7,9
2,47,4,2.2,14.462383125750133,0.0,7,9
2,47,5,2.6,10.016100304870617,0.0,7,9
2,47,6,2.0,13.633135852171115,0.0,7,9
2,47,7,1.6,17.07135613608961,0.0,7,9
2,47,8,1.4,18.134958478444986,0.0,7,9
2,47,9,1.4,19.517137978491007,0.0,7,9
2,47,10,1.8,19.363149353431904,0.0,7,9
2,47,11,1.6,15.57485222180256,0.0,7,9
2,47,12,2.0,17.448234379747447,0.0,7,9
2,47,13,1.8,17.100448540595774,0.0,7,9
2,47,14,2.0,16.411158044898627,0.0,7,9
2,47,15,1.8,21.3719695923254,0.0,7,9
2,47,16,1.6,15.697618357646876,0.0,7,9
2,47,17,1.8,19.251331329415663,0.0,7,9
2,47,18,1.6,19.99488121970362,0.0,7,9
2,47,19,1.4,31.685482239902093,0.0,7,9
2,47,20,1.6,17.67819907260444,0.0,7,9
2,47,21,1.4,20.345461878738508,0.0,7,9
2,47,22,1.4,21.552812572661676,0.0,7,9
2,47,23,1.6,17.42951505716047,0.0,7,9
2,47,24,1.4,16.33987271320979,0.0,7,9
2,47,25,2.2,14.073788559078281,0.0,7,9
2,47,26,1.8,18.178833509123724,0.0,7,9
2,47,27,2.2,13.314872744256226,0.0,7,9
2,47,28,1.8,15.467256978614296,0.0,7,9
2,47,29,2.0,18.34864520739917,0.0,7,9
2,47,30,1.8,14.241219942310401,0.0,7,9
2,47,31,1.4,21.278749434853324,0.0,7,9
2,47,32,1.4,16.8678467822356,0.0,7,9
2,47,33,1.4,17.18840575386843,0.0,7,9
2,47,34,2.0,13.249731865293336,0.0,7,9
3,47,1,2.4,11.335094619948979,0.0,7,9
3,47,2,2.4,14.321889397852042,0.0,7,9
3,47,3,2.0,12.522005803125209,0.0,7,9
3,47,4,1.8,18.715815130125325,0.0,7,9
3,47,5,1.6,21.571657978416045,0.0,7,9
3,47,6,1.4,16.462232917995788,0.0,7,9
3,47,7,1.6,16.50363983422275,0.0,7,9
3,47,8,2.2,12.650965079231133,0.0,7,9
3,47,9,1.4,17.51168603500574,0.0,7,9
3,47,10,1.4,14.563327199312738,0.0,7,9
3,47,11,1.8,18.69823168745483,0.0,7,9
3,47,12,1.4,25.4780284957675,0.0,7,9
3,47,13,1.4,16.444560800330883,0.0,7,9
3,47,14,2.0,20.582202963582372,0.0,7,9
3,47,15,1.6,25.61943582334779,0.0,7,9
3,47,16,2.0,14.86721018970341,0.0,7,9
3,47,17,1.4,24.247261609278503,0.0,7,9
3,47,18,1.4,21.864110219433854,0.0,7,9
3,47,19,2.0,13.743467306029455,0.125,7,9
3,47,20,1.6,25.53656563259149,0.0,7,9
3,47,21,1.8,15.013214594326827,0.0,7,9
3,47,22,1.6,16.495095973466977,0.0,7,9
3,47,23,1.4,24.441286965416026,0.0,7,9
3,47,24,1.6,17.65644935059425,0.0,7,9
3,47,25,1.4,24.126686585467567,0.0,7,9
3,47,26,1.6,18.234879081911796,0.0,7,9
3,47,27,1.6,18.836035640488255,0.0,7,9
3,47,28,1.6,27.473629977121124,0.0,7,9
3,47,29,1.4,22.81732610326794,0.0,7,9
3,47,30,1.6,19.522263344459294,0.0,7,9
3,47,31,1.8,14.962532945556305,0.0,7,9
3,47,32,1.8,19.104637313496962,0.0,7,9
3,47,33,1.6,17.108257711032127,0.0,7,9
3,47,34,1.6,13.96746238551401,0.0,7,9
3,47,35,1.4,17.378104560848595,0.0,7,9
3,47,36,1.4,20.847958811401295,0.0,7,9
3,47,37,1.6,21.978996545048055,0.0,7,9
3,47,38,1.4,17.551971480304523,0.0,5,9
1,48,1,3.0,14.040448897620607,0.0,7,9
1,48,2,2.8,15.860185664420516,0.0,7,9
1,48,3,2.8,12.266573466715748,0.0,7,9
1,48,4,2.0,17.70842519064413,0.0,7,9
1,48,5,2.0,12.613058586306389,0.0,7,9
1,48,6,2.0,24.624904127443322,0.0,7,9
1,48,7,1.8,14.877476737512886,0.0,7,9
1,48,8,1.6,21.310770378364406,0.0,7,9
1,48,9,1.4,26.312724060705243,0.0,7,9
1,48,10,1.8,16.023057910533986,0.0,7,9
1,48,11,1.6,35.37087679199644,0.0,7,9
1,48,12,1.6,16.396463167034455,0.0,7,9
1,48,13,1.6,25.792788592561195,0.0,7,9
1,48,14,1.6,31.519774139311846,0.0,7,9
1,48,15,1.4,26.863909349112745,0.0,7,9
1,48,16,1.4,72.38260537115431,0.0,7,9
1,48,17,1.8,25.568837247275674,0.0,7,9
1,48,18,1.6,31.09774232702534,0.0,7,9
1,48,19,1.6,46.37784874118741,0.0,7,9
1,48,20,1.4,21.448336644055775,0.0,7,9
1,48,21,1.8,16.75485926374871,0.0,7,9
1,48,22,1.6,41.584777165406535,0.0,7,9
1,48,23,1.6,17.87915730755109,0.0,7,9
1,48,24,1.4,28.764714037864543,0.0,7,9
1,48,25,2.0,16.188389089649267,0.0,7,9
1,48,26,1.4,24.279677394767983,0.0,7,9
1,48,27,1.4,86.70840097459758,0.0,7,9
1,48,28,1.6,15.553477408292007,0.0,7,9
1,48,29,1.6,17.133959178509013,0.0,7,9
1,48,30,2.2,14.80932274409828,0.0,7,9
1,48,31,2.0,17.41834715285959,0.0,7,9
1,48,32,2.2,15.51539921512242,0.0,7,9
1,48,33,1.6,16.502869028223717,0.0,7,9
1,48,34,2.2,12.469568581205756,0.0,7,9
1,48,35,1.6,22.543498318085263,0.0,6,9
2,48,1,1.8,26.470559208363312,0.0,7,9
2,48,2,1.4,26.416712586382932,0.0,7,9
2,48,3,1.4,16.85534043078916,0.0,7,9
2,48,4,1.6,20.796964085962408,0.0,7,9
2,48,5,2.8,10.736575540775377,0.125,7,9
2,48,6,1.6,17.157709471280008,0.0,7,9
2,48,7,1.6,15.883696303142493,0.0,7,9
2,48,8,1.6,16.893277372692907,0.0,7,9
2,48,9,1.4,17.46312912955146,0.0,7,9
2,48,10,1.4,19.25064537797475,0.0,7,9
2,48,11,1.4,17.27820913100257,0.0,7,9
2,48,12,1.6,19.963897604524842,0.0,7,9
2,48,13,1.6,19.360084297796554,0.0,7,9
2,48,14,1.8,19.40542358570797,0.0,7,9
2,48,15,2.2,14.486540207893796,0.0,7,9
2,48,16,1.6,18.5219195998936,0.0,7,9
2,48,17,2.2,15.639486470793837,0.0,7,9
2,48,18,1.6,12.184482524771013,0.0,7,9
2,48,19,2.0,14.953333343295732,0.0,7,9
2,48,20,1.8,17.228711495233632,0.0,7,9
2,48,21,1.4,21.97618696905976,0.0,7,9
2,48,22,1.4,20.146838305015386,0.0,7,9
2,48,23,1.4,18.11575069121741,0.0,7,9
2,48,24,1.4,27.703108351582895,0.0,7,9
2,48,25,1.6,18.70911050278492,0.0,7,9
2,48,26,1.4,15.55052159123335,0.0,7,9
2,48,27,2.2,16.198408339038252,0.125,7,9
2,48,28,1.4,23.56428005238738,0.0,7,9
2,48,29,1.4,24.166364134826228,0.0,7,9
2,48,30,1.4,17.890141654780813,0.0,7,9
2,48,31,1.6,19.011572104740655,0.0,7,9
2,48,32,1.4,24.68078241963914,0.0,7,9
2,48,33,1.6,27.989664568362898,0.0,7,9
2,48,34,1.4,16.539955900282,0.0,7,9
2,48,35,1.4,17.23970219812527,0.0,7,9
2,48,36,1.4,14.938088039590603,0.0,7,9
2,48,37,1.4,21.551976644174175,0.0,7,9
2,48,38,2.2,14.616911092618896,0.125,7,9
3,48,1,1.4,19.435349026399344,0.0,7,9
3,48,2,1.4,17.009249094408723,0.0,7,9
3,48,3,1.4,21.663962724971555,0.0,7,9
3,48,4,1.4,25.78082686093567,0.0,7,9
3,48,5,1.4,16.846773764630253,0.0,7,9
3,48,6,1.4,27.579062876779968,0.0,7,9
3,48,7,1.6,18.08763162587305,0.0,7,9
3,48,8,1.4,20.34596493032662,0.0,7,9
3,48,9,1.4,17.246394968838946,0.0,7,9
3,48,10,1.4,19.584291878765256,0.0,7,9
3,48,11,1.6,14.017366308002789,0.0,7,9
3,48,12,1.4,18.618830327002133,0.0,7,9
3,48,13,1.4,17.78652893895413,0.0,7,9
3,48,14,1.6,17.51729030437154,0.0,7,9
3,48,15,1.4,24.02310955360169,0.0,7,9
3,48,16,1.4,16.357300645516247,0.0,7,9
3,48,17,2.0,22.708240016685778,0.0,7,9
3,48,18,1.6,21.452164640476585,0.0,7,9
3,48,19,1.6,21.061097466230247,0.0,7,9
3,48,20,1.4,23.711976543912545,0.0,7,9
3,48,21,1.6,24.754379968499435,0.0,7,9
3,48,22,1.8,14.180371254642164,0.0,7,9
3,48,23,2.0,15.859303251585974,0.0,7,9
3,48,24,2.0,14.254501268510483,0.0,7,9
3,48,25,2.0,12.753248915076979,0.0,7,9
3,48,26,1.6,14.999616676703832,0.0,7,9
3,48,27,1.6,28.663015334243042,0.0,7,9
3,48,28,1.6,17.798073068444463,0.0,7,9
3,48,29,1.8,18.042539418115094,0.0,7,9
3,48,30,1.8,27.158455737630113,0.0,7,9
3,48,31,1.4,17.42251076840638,0.0,7,9
3,48,32,1.6,19.33709546085903,0.0,7,9
3,48,33,1.8,16.19038790160119,0.0,7,9
3,48,34,1.6,26.97987705612559,0.0,7,9
3,48,35,1.6,17.555217936192967,0.0,7,9
3,48,36,2.0,12.354083366877108,0.0,7,9
3,48,37,1.4,19.099176549188172,0.0,7,9
3,48,38,1.6,18.09010740156187,0.0,7,9
3,48,39,1.6,15.8997904558317,0.0,7,9
3,48,40,1.25,23.47666102780838,0.0,4,9
1,49,1,2.8,16.55284511212667,0.0,7,9
1,49,2,2.8,13.5806451626257,0.0,7,9
1,49,3,2.8,13.589988704649503,0.0,7,9
1,49,4,2.2,15.159869469023889,0.0,7,9
1,49,5,2.4,12.568143917060079,0.0,7,9
1,49,6,1.6,39.384420710545356,0.0,7,9
1,49,7,1.8,14.877476737512886,0.0,7,9
1,49,8,1.8,19.7345819802712,0.0,7,9
1,49,9,1.4,22.995199016940166,0.0,7,9
1,49,10,1.6,20.122981419291808,0.0,7,9
1,49,11,1.4,47.447806026033774,0.0,7,9
1,49,12,1.8,14.994460028486424,0.0,7,9
1,49,13,1.4,31.404046265472598,0.0,7,9
1,49,14,1.4,34.896603426975034,0.0,7,9
1,49,15,1.4,30.674095732904636,0.0,7,9
1,49,16,1.6,19.810827009495924,0.0,7,9
1,49,17,1.6,23.854490220367072,0.0,7,9
1,49,18,1.6,38.01818224575617,0.0,7,9
1,49,19,1.4,30.370478631367625,0.0,7,9
1,49,20,1.6,16.873296435397332,0.0,7,9
1,49,21,1.8,18.382829296485692,0.0,7,9
1,49,22,1.4,50.00626241804886,0.0,7,9
1,49,23,1.6,23.00345206124379,0.0,7,9
1,49,24,1.4,25.898084980169966,0.0,7,9
1,49,25,1.8,28.09619355676616,0.0,7,9
1,49,26,1.4,17.369710612713046,0.0,7,9
1,49,27,1.6,26.787883844893386,0.0,7,9
1,49,28,1.6,23.557482632572317,0.0,7,9
1,49,29,1.4,21.881861998590452,0.0,7,9
1,49,30,2.0,18.08188460730983,0.0,7,9
1,49,31,1.6,18.349232274615677,0.0,7,9
1,49,32,2.0,19.717080484212826,0.0,7,9
1,49,33,1.4,30.133225066498923,0.0,7,9
1,49,34,1.4,25.32632064133314,0.0,7,9
1,49,35,2.0,14.340026505378676,0.0,7,9
1,49,36,2.2,13.069817640394142,0.0,7,9
2,49,1,2.0,18.836008570321606,0.0,7,9
2,49,2,1.8,16.201007057942263,0.0,7,9
2,49,3,1.6,20.081330071699696,0.0,7,9
2,49,4,2.6,14.712410645443818,0.125,7,9
2,49,5,1.4,17.7345701198165,0.0,7,9
2,49,6,1.8,16.49991650294693,0.0,7,9
2,49,7,1.8,14.365610544530199,0.0,7,9
2,49,8,1.4,18.096989022998997,0.0,7,9
2,49,9,1.4,26.428348687563187,0.0,7,9
2,49,10,1.4,16.44937880996408,0.0,7,9
2,49,11,1.4,19.880975427419926,0.0,7,9
2,49,12,1.8,20.811916631718685,0.0,7,9
2,49,13,1.6,16.801039006760192,0.0,7,9
2,49,14,1.8,23.622814442060534,0.0,7,9
2,49,15,1.6,22.65733952989045,0.0,7,9
2,49,16,1.4,20.044203024094042,0.0,7,9
2,49,17,1.6,25.12221100431017,0.0,7,9
2,49,18,1.8,13.228749179659234,0.0,7,9
2,49,19,1.4,21.927636378889193,0.0,7,9
2,49,20,1.8,23.871151532146317,0.0,7,9
2,49,21,1.4,19.606115260888558,0.0,7,9
2,49,22,1.4,23.319146078505845,0.0,7,9
2,49,23,1.4,31.685313811673666,0.0,7,9
2,49,24,1.4,22.68719398865747,0.0,7,9
2,49,25,2.0,13.240845228003614,0.0,7,9
2,49,26,1.4,16.527870805361356,0.0,7,9
2,49,27,1.6,17.032706861286652,0.0,7,9
2,49,28,2.2,14.801717090239862,0.0,7,9
2,49,29,2.0,16.919139552182656,0.0,7,9
2,49,30,1.6,16.053903318479286,0.0,7,9
2,49,31,1.4,24.997347671677247,0.0,7,9
2,49,32,1.6,22.221617892645224,0.0,7,9
2,49,33,1.6,18.441215249358905,0.0,7,9
2,49,34,1.4,22.047521233603973,0.0,7,9
2,49,35,1.4,17.515155026914766,0.0,7,9
2,49,36,1.6,13.444659181180786,0.0,7,9
2,49,37,1.4,17.511088777969398,0.0,7,9
2,49,38,1.8,18.714544360270484,0.0,7,9
3,49,1,2.0,12.447452754878851,0.0,7,9
3,49,2,1.6,15.278090732586946,0.0,7,9
3,49,3,2.2,15.017119302039243,0.0,7,9
3,49,4,1.8,14.558415680524073,0.0,7,9
3,49,5,1.8,14.617187913228559,0.0,7,9
3,49,6,2.0,13.043709502367891,0.0,7,9
3,49,7,1.6,17.775820737804043,0.0,7,9
3,49,8,1.4,19.66992073913875,0.0,7,9
3,49,9,1.4,15.712724820090276,0.0,7,9
3,49,10,1.4,20.982178427576205,0.0,7,9
3,49,11,1.4,17.78652893895413,0.0,7,9
3,49,12,1.6,17.269974636003507,0.0,7,9
3,49,13,1.4,27.231984292942414,0.0,7,9
3,49,14,1.4,17.4792373530126,0.0,7,9
3,49,15,2.0,17.813872872090993,0.0,7,9
3,49,16,1.6,22.64348524716995,0.0,7,9
3,49,17,1.8,14.0784410763501,0.0,7,9
3,49,18,1.4,23.32264129463708,0.0,7,9
3,49,19,1.4,25.196862180038867,0.0,7,9
3,49,20,2.0,12.039132004834459,0.125,7,9
3,49,21,1.6,19.825075508403344,0.0,7,9
3,49,22,1.6,14.996309968888609,0.0,7,9
3,49,23,1.6,20.685283681602044,0.0,7,9
3,49,24,1.6,16.761676912654274,0.0,7,9
3,49,25,1.4,23.55764894608478,0.0,7,9
3,49,26,1.4,29.398932145315413,0.0,7,9
3,49,27,1.8,14.930419848225018,0.0,7,9
3,49,28,1.6,18.778203861360783,0.0,7,9
3,49,29,1.4,31.58402039747848,0.0,7,9
3,49,30,1.4,25.48362073116127,0.0,7,9
3,49,31,1.6,15.381996169577846,0.0,7,9
3,49,32,1.4,24.721459196114964,0.0,7,9
3,49,33,1.6,16.366518177088583,0.0,7,9
3,49,34,1.6,18.383583988683768,0.0,7,9
3,49,35,1.8,13.996510343221992,0.0,7,9
3,49,36,1.6,14.029054526939673,0.0,7,9
3,49,37,1.4,16.789674571209734,0.0,7,9
3,49,38,1.8,17.506806936138045,0.0,7,9
3,49,39,1.6,15.303832635412638,0.0,7,9
1,50,1,2.8,14.210725669469465,0.0,7,9
1,50,2,2.8,14.963253510029038,0.0,7,9
1,50,3,2.8,12.919837408413143,0.0,7,9
1,50,4,1.8,25.960772546241472,0.0,7,9
1,50,5,2.2,11.233912734807495,0.0,7,9
1,50,6,2.0,23.074556582523048,0.0,7,9
1,50,7,1.4,28.700950918759006,0.0,7,9
1,50,8,2.0,17.697159651968157,0.0,7,9
1,50,9,1.4,25.230512065613866,0.0,7,9
1,50,10,1.6,20.73387633621487,0.0,7,9
1,50,11,1.8,23.154162418676158,0.0,7,9
1,50,12,1.6,17.097068100119195,0.0,7,9
1,50,13,1.4,22.82766725955759,0.0,7,9
1,50,14,1.6,31.220659272440386,0.0,7,9
1,50,15,1.4,36.86696611494676,0.0,7,9
1,50,16,1.6,19.810827009496,0.0,7,9
1,50,17,1.4,39.22536462642464,0.0,7,9
1,50,18,1.6,22.76164022718437,0.0,7,9
1,50,19,1.6,39.342983198261194,0.0,7,9
1,50,20,1.6,23.712009967539796,0.0,7,9
1,50,21,1.6,23.0671269106285,0.0,7,9
1,50,22,1.6,26.191680949691495,0.0,7,9
1,50,23,1.4,18.009963657530488,0.0,7,9
1,50,24,1.4,27.70055664084349,0.0,7,9
1,50,25,1.4,25.327547446651867,0.0,7,9
1,50,26,1.4,17.22553597117645,0.0,7,9
1,50,27,1.8,18.939727599868778,0.0,7,9
1,50,28,1.6,22.883499636876397,0.0,7,9
1,50,29,1.4,22.14311472712752,0.0,7,9
1,50,30,1.6,17.47275259954757,0.0,7,9
1,50,31,2.0,12.758380401233296,0.0,7,9
1,50,32,1.4,33.24499938612438,0.0,7,9
1,50,33,2.2,15.651844166323482,0.0,7,9
1,50,34,1.4,33.09257410829334,0.0,7,9
1,50,35,1.8,17.094384377339605,0.0,7,9
1,50,36,2.0,16.174975399996246,0.0,7,9
2,50,1,2.2,15.848155350304081,0.0,7,9
2,50,2,1.4,17.369145028576717,0.0,7,9
2,50,3,1.8,16.631637213514736,0.0,7,9
2,50,4,2.4,17.939419936670493,0.125,7,9
2,50,5,1.6,13.162865842074803,0.0,7,9
2,50,6,1.6,20.388588452458567,0.0,7,9
2,50,7,1.8,12.048989123711605,0.0,7,9
2,50,8,1.4,20.318545278705578,0.0,7,9
2,50,9,1.4,29.376388490186574,0.0,7,9
2,50,10,1.4,17.95355040828472,0.0,7,9
2,50,11,1.4,20.81380566593561,0.0,7,9
2,50,12,2.2,18.81577703076994,0.125,7,9
2,50,13,1.4,16.18829622957882,0.0,7,9
2,50,14,1.4,24.054025357679087,0.0,7,9
2,50,15,1.4,21.98329917592722,0.0,7,9
2,50,16,1.4,20.414827010975355,0.0,7,9
2,50,17,1.4,18.594175309109396,0.0,7,9
2,50,18,1.4,27.544351186755133,0.0,7,9
2,50,19,1.8,14.980376011151758,0.0,7,9
2,50,20,1.6,22.353632976442903,0.0,7,9
2,50,21,1.6,22.42794384301219,0.0,7,9
2,50,22,1.4,24.122806844020552,0.0,7,9
2,50,23,1.4,20.872616990168673,0.0,7,9
2,50,24,1.4,20.524347519056285,0.0,7,9
2,50,25,1.4,21.112486037752465,0.0,7,9
2,50,26,1.8,15.470856238206714,0.0,7,9
2,50,27,1.4,16.935084593647087,0.0,7,9
2,50,28,2.0,13.536924307933251,0.125,7,9
2,50,29,1.4,20.130743778207055,0.0,7,9
2,50,30,1.4,25.74009117966283,0.0,7,9
2,50,31,1.4,20.195365368458443,0.0,7,9
2,50,32,1.4,19.429825762609415,0.0,7,9
2,50,33,1.4,32.05410243070667,0.0,7,9
2,50,34,1.4,26.8404748530023,0.0,7,9
2,50,35,1.8,11.72923320760553,0.0,7,9
2,50,36,1.4,20.769449700438283,0.0,7,9
2,50,37,1.4,13.729790514429528,0.0,7,9
2,50,38,1.4,18.413893270992858,0.0,7,9
2,50,39,2.0,15.113769694253344,0.125,7,9
3,50,1,1.4,16.909820897872567,0.0,7,9
3,50,2,1.4,16.54901345077684,0.0,7,9
3,50,3,1.4,20.851522611319343,0.0,7,9
3,50,4,1.4,21.072985853930575,0.0,7,9
3,50,5,1.4,19.23041515219401,0.0,7,9
3,50,6,1.6,22.995027831317962,0.0,7,9
3,50,7,1.4,15.725541866813423,0.0,7,9
3,50,8,1.4,19.882965464716953,0.0,7,9
3,50,9,1.4,16.153215287660313,0.0,7,9
3,50,10,1.4,20.23213921556629,0.0,7,9
3,50,11,1.6,14.212809527890242,0.0,7,9
3,50,12,1.4,23.845334626668308,0.0,7,9
3,50,13,1.4,16.716993781805673,0.0,7,9
3,50,14,1.8,17.73789895505439,0.0,7,9
3,50,15,1.4,24.210126057895245,0.0,7,9
3,50,16,1.6,16.078666823933954,0.0,7,9
3,50,17,1.6,23.508681816931166,0.0,7,9
3,50,18,1.4,25.361922904225345,0.0,7,9
3,50,19,1.4,19.47544649538105,0.0,7,9
3,50,20,1.6,19.416774366606887,0.0,7,9
3,50,21,1.4,20.800363350651736,0.0,7,9
3,50,22,1.6,18.5930062589978,0.0,7,9
3,50,23,1.8,18.556078553966493,0.0,7,9
3,50,24,1.8,15.17602789585425,0.0,7,9
3,50,25,1.6,26.89567756551037,0.0,7,9
3,50,26,1.6,15.166637356018281,0.0,7,9
3,50,27,1.6,20.029463290596297,0.0,7,9
3,50,28,1.4,25.124591515415485,0.0,7,9
3,50,29,1.6,16.068017669561744,0.0,7,9
3,50,30,1.8,15.642922572411186,0.0,7,9
3,50,31,1.6,20.71650892299412,0.0,7,9
3,50,32,1.4,22.906650046668506,0.0,7,9
3,50,33,1.6,15.153333571981133,0.0,7,9
3,50,34,1.8,18.468868441952395,0.0,7,9
3,50,35,1.8,19.6037770756674,0.0,7,9
3,50,36,1.6,15.586713272108986,0.0,7,9
3,50,37,1.4,23.96202987209611,0.0,7,9
3,50,38,1.4,18.25987982118296,0.0,7,9
3,50,39,1.4,16.297544240343914,0.0,7,9
3,50,40,2.0,16.329452682788244,0.0,7,9
3,50,41,1.4,16.333275078564203,0.0,6,9
1,51,1,2.8,17.669156037686594,0.0,7,9
1,51,2,2.8,15.266520376937487,0.0,7,9
1,51,3,2.4,15.600488433812643,0.0,7,9
1,51,4,2.2,17.814493228106794,0.0,7,9
1,51,5,2.0,12.18095775486481,0.0,7,9
1,51,6,2.2,25.018823342053373,0.0,7,9
1,51,7,1.6,16.705353454033332,0.0,7,9
1,51,8,2.0,13.937145794716596,0.0,7,9
1,51,9,1.4,19.50071501732693,0.0,7,9
1,51,10,1.6,22.940483537176657,0.0,7,9
1,51,11,1.6,32.32724241833983,0.0,7,9
1,51,12,1.4,16.372772371970512,0.0,7,9
1,51,13,1.4,26.016657696476123,0.0,7,9
1,51,14,1.6,47.154542247591,0.0,7,9
1,51,15,1.4,31.797341840242094,0.0,7,9
1,51,16,1.8,20.988978777634838,0.0,7,9
1,51,17,1.6,29.595048951914983,0.0,7,9
1,51,18,1.6,26.96162984075236,0.0,7,9
1,51,19,1.4,30.67972310664127,0.0,7,9
1,51,20,1.6,24.58258729019128,0.0,7,9
1,51,21,1.6,22.381724052810412,0.0,7,9
1,51,22,1.6,37.180692892507885,0.0,7,9
1,51,23,1.6,19.19350069087969,0.0,7,9
1,51,24,1.6,25.737467238768538,0.0,7,9
1,51,25,1.6,32.048845978202195,0.0,7,9
1,51,26,1.4,17.83231713706622,0.0,7,9
1,51,27,1.6,23.451823590698087,0.0,7,9
1,51,28,1.4,24.468527762520495,0.0,7,9
1,51,29,1.4,21.962885747173253,0.0,7,9
1,51,30,2.2,14.59781064007545,0.0,7,9
1,51,31,1.8,17.366463805203033,0.0,7,9
1,51,32,2.6,13.867507031158556,0.0,7,9
1,51,33,1.4,18.332095269425366,0.0,7,9
1,51,34,1.8,16.452082433951677,0.0,7,9
1,51,35,2.0,13.37532834208789,0.0,7,9
2,51,1,2.2,17.835408716687454,0.0,7,9
2,51,2,1.6,17.45974571333837,0.0,7,9
2,51,3,1.6,21.048877938879002,0.0,7,9
2,51,4,2.6,14.266281118251847,0.125,7,9
2,51,5,1.4,18.04857605724244,0.0,7,9
2,51,6,1.4,31.559311639444758,0.0,7,9
2,51,7,1.8,14.34662560052546,0.0,7,9
2,51,8,1.4,21.423302922399056,0.0,7,9
2,51,9,1.4,26.586362420349225,0.0,7,9
2,51,10,1.4,25.887677109968735,0.0,7,9
2,51,11,1.4,19.642499971882856,0.0,7,9
2,51,12,1.8,15.257355155107525,0.0,7,9
2,51,13,2.0,13.500386719129203,0.0,7,9
2,51,14,1.6,25.463820322430344,0.0,7,9
2,51,15,1.8,14.2017933827674,0.0,7,9
2,51,16,1.8,21.17180113640279,0.0,7,9
2,51,17,1.8,17.918999520342993,0.0,7,9
2,51,18,1.6,14.73906035797399,0.0,7,9
2,51,19,1.8,18.37098715364154,0.0,7,9
2,51,20,1.8,20.186845674070327,0.0,7,9
2,51,21,1.4,29.260105585726095,0.0,7,9
2,51,22,1.4,25.458568819935113,0.0,7,9
2,51,23,1.4,18.736821835059054,0.0,7,9
2,51,24,1.6,17.292019577797586,0.0,7,9
2,51,25,1.6,15.487540898448577,0.0,7,9
2,51,26,1.4,17.2622286098337,0.0,7,9
2,51,27,1.4,25.544280925746477,0.0,7,9
2,51,28,2.2,12.190948464669251,0.0,7,9
2,51,29,2.0,18.505896740310252,0.0,7,9
2,51,30,1.6,18.43696336574267,0.0,7,9
2,51,31,1.6,22.8058029301722,0.0,7,9
2,51,32,1.8,19.928131763619096,0.0,7,9
2,51,33,1.6,15.47486927531981,0.0,7,9
2,51,34,1.4,21.22700869210635,0.0,7,9
2,51,35,1.4,16.201965278082856,0.0,7,9
2,51,36,1.4,19.793531042956438,0.0,7,9
2,51,37,1.8,14.414077802205334,0.0,7,9
3,51,1,1.8,14.670154602620798,0.0,7,9
3,51,2,1.8,14.962401944754566,0.0,7,9
3,51,3,2.0,16.303367413595996,0.0,7,9
3,51,4,1.8,19.904206466301567,0.0,7,9
3,51,5,1.4,25.43224609398112,0.0,7,9
3,51,6,1.6,16.02610325920815,0.0,7,9
3,51,7,1.8,15.574150394611305,0.0,7,9
3,51,8,1.6,15.367101013915969,0.0,7,9
3,51,9,1.4,16.58982056151566,0.0,7,9
3,51,10,1.4,19.02001921759613,0.0,7,9
3,51,11,1.4,18.83682942957692,0.0,7,9
3,51,12,1.4,17.918812401571266,0.0,7,9
3,51,13,1.6,19.710416611080994,0.0,7,9
3,51,14,1.4,19.927098387447746,0.0,7,9
3,51,15,1.6,18.10744192025429,0.0,7,9
3,51,16,1.4,24.139470510387476,0.0,7,9
3,51,17,1.8,17.64754750940747,0.0,7,9
3,51,18,1.4,29.33169340909998,0.0,7,9
3,51,19,1.6,24.26211723353698,0.0,7,9
3,51,20,1.4,19.21659663219913,0.0,7,9
3,51,21,2.0,15.061149488513903,0.125,7,9
3,51,22,1.6,17.56467038129918,0.0,7,9
3,51,23,1.6,16.59180255274725,0.0,7,9
3,51,24,1.8,14.83769601147803,0.0,7,9
3,51,25,1.4,20.699119356552632,0.0,7,9
3,51,26,1.4,21.871685471377912,0.0,7,9
3,51,27,1.4,31.54133495480846,0.0,7,9
3,51,28,1.6,18.11389751474092,0.0,7,9
3,51,29,2.0,20.487720393149907,0.0,7,9
3,51,30,1.4,29.226524179860807,0.0,7,9
3,51,31,1.6,15.38515170829117,0.0,7,9
3,51,32,2.0,18.729195631566405,0.0,7,9
3,51,33,1.4,15.535768506761793,0.0,7,9
3,51,34,1.6,26.338738256819592,0.0,7,9
3,51,35,1.8,19.622354872901987,0.0,7,9
3,51,36,1.4,12.977721231166097,0.0,7,9
3,51,37,1.4,20.429744337110282,0.0,7,9
3,51,38,1.8,15.22624520607019,0.0,7,9
3,51,39,1.4,22.77676165324524,0.0,7,9
1,52,1,2.8,14.278067444936324,0.0,7,9
1,52,2,2.8,15.03793502433291,0.0,7,9
1,52,3,2.6,15.969998866305549,0.0,7,9
1,52,4,2.4,13.554395435465143,0.0,7,9
1,52,5,2.4,13.497098276319083,0.0,7,9
1,52,6,1.8,24.08791075985499,0.0,7,9
1,52,7,1.6,20.575011156539066,0.0,7,9
1,52,8,1.4,34.40683964216979,0.0,7,9
1,52,9,1.4,25.23051206561393,0.0,7,9
1,52,10,1.8,15.471724848393173,0.0,7,9
1,52,11,1.6,29.625453190038794,0.0,7,9
1,52,12,1.6,13.681223320086005,0.0,7,9
1,52,13,1.4,22.914471363437656,0.0,7,9
1,52,14,1.6,39.382170702277136,0.0,7,9
1,52,15,1.4,24.352180355802194,0.0,7,9
1,52,16,1.4,19.517207374326517,0.0,7,9
1,52,17,1.6,32.21618689444119,0.0,7,9
1,52,18,1.6,20.79770211276089,0.0,7,9
1,52,19,1.4,30.542351556885585,0.0,7,9
1,52,20,1.4,23.0783400672957,0.0,7,9
1,52,21,1.4,23.002251056988463,0.0,7,9
1,52,22,1.4,48.89168027200288,0.0,7,9
1,52,23,1.4,56.8043934181548,0.0,7,9
1,52,24,2.0,15.57685600409108,0.0,7,9
1,52,25,1.8,26.248632059942135,0.0,7,9
1,52,26,1.8,15.19781561837005,0.0,7,9
1,52,27,1.6,28.70172810555455,0.0,7,9
1,52,28,1.4,22.05101352256594,0.0,7,9
1,52,29,1.6,14.772807956559566,0.0,7,9
1,52,30,1.8,23.105639156533666,0.0,7,9
1,52,31,2.0,13.348098827754882,0.0,7,9
1,52,32,2.2,20.291268530285166,0.0,7,9
1,52,33,1.8,17.81366439758902,0.0,7,9
1,52,34,1.6,22.7647378840615,0.0,7,9
1,52,35,2.0,14.092096024203313,0.0,7,9
1,52,36,1.5,21.36323392909909,0.0,4,9
2,52,1,2.2,16.760164712988313,0.0,7,9
2,52,2,2.0,14.741497521817973,0.0,7,9
2,52,3,2.0,14.606937614380005,0.0,7,9
2,52,4,2.4,14.466369389208893,0.125,7,9
2,52,5,1.6,18.43989160290804,0.0,7,9
2,52,6,1.8,15.45528699999888,0.0,7,9
2,52,7,1.4,18.358463929847925,0.0,7,9
2,52,8,1.4,23.205417950605785,0.0,7,9
2,52,9,1.4,24.73702293816813,0.0,7,9
2,52,10,1.6,15.462928897680028,0.0,7,9
2,52,11,1.4,25.154915762367768,0.0,7,9
2,52,12,1.8,17.351193142069405,0.0,7,9
2,52,13,2.0,13.375171207145826,0.0,7,9
2,52,14,2.0,15.68429012235837,0.0,7,9
2,52,15,1.6,26.16944058719196,0.0,7,9
2,52,16,1.6,20.2923128473462,0.0,7,9
2,52,17,1.6,18.981060942998752,0.0,7,9
2,52,18,1.4,20.031863486066385,0.0,7,9
2,52,19,2.2,15.897453424649678,0.0,7,9
2,52,20,1.4,21.692239646921543,0.0,7,9
2,52,21,1.4,24.14776548799982,0.0,7,9
2,52,22,1.4,21.161086687303456,0.0,7,9
2,52,23,1.4,16.729704471616657,0.0,7,9
2,52,24,1.4,20.556179967178533,0.0,7,9
2,52,25,1.4,16.599495993478165,0.0,7,9
2,52,26,1.4,20.538470184315347,0.0,7,9
2,52,27,2.2,18.330559802570516,0.125,7,9
2,52,28,1.4,24.256577188612198,0.0,7,9
2,52,29,1.4,26.68864804226238,0.0,7,9
2,52,30,1.4,16.362282533371488,0.0,7,9
2,52,31,1.4,18.993588311429434,0.0,7,9
2,52,32,1.4,30.306462030590627,0.0,7,9
2,52,33,1.6,25.324136968957205,0.0,7,9
2,52,34,1.4,20.067416469535242,0.0,7,9
2,52,35,1.6,15.456263577504089,0.0,7,9
2,52,36,1.4,14.469557712740519,0.0,7,9
2,52,37,1.4,18.058163912383797,0.0,7,9
2,52,38,2.0,16.123519674295327,0.125,7,9
3,52,1,1.4,19.749134927035083,0.0,7,9
3,52,2,1.4,17.647261029759512,0.0,7,9
3,52,3,1.4,20.297914829490722,0.0,7,9
3,52,4,1.4,23.59294126279338,0.0,7,9
3,52,5,1.4,16.17833027181923,0.0,7,9
3,52,6,1.6,23.61657176818259,0.0,7,9
3,52,7,1.4,17.23194737825192,0.0,7,9
3,52,8,1.4,20.902232778140576,0.0,7,9
3,52,9,1.4,19.563327234964213,0.0,7,9
3,52,10,1.4,22.297411331992674,0.0,7,9
3,52,11,1.6,14.27917405728341,0.0,7,9
3,52,12,1.6,15.081094578640368,0.0,7,9
3,52,13,1.4,17.079997124522148,0.0,7,9
3,52,14,1.6,20.6261117507961,0.0,7,9
3,52,15,1.4,30.18418510094403,0.0,7,9
3,52,16,1.6,16.693046256501464,0.0,7,9
3,52,17,1.8,22.924498700465847,0.0,7,9
3,52,18,1.8,14.78010622577918,0.0,7,9
3,52,19,1.8,16.086332830377597,0.0,7,9
3,52,20,1.6,27.17492327319496,0.0,7,9
3,52,21,1.8,15.697145504700096,0.0,7,9
3,52,22,2.0,17.45290936075103,0.0,7,9
3,52,23,1.8,12.207539640174993,0.0,7,9
3,52,24,1.8,18.73864914406329,0.0,7,9
3,52,25,1.6,14.855104470677205,0.0,7,9
3,52,26,1.6,17.979909163393046,0.0,7,9
3,52,27,1.4,31.683357731964044,0.0,7,9
3,52,28,1.6,17.15394868719055,0.0,7,9
3,52,29,1.6,21.368716000549803,0.0,7,9
3,52,30,1.6,42.11344606084725,0.0,7,9
3,52,31,1.6,15.366411381650627,0.0,7,9
3,52,32,1.6,17.71302463228633,0.0,7,9
3,52,33,1.6,22.12237939688575,0.0,7,9
3,52,34,1.4,22.925610912528843,0.0,7,9
3,52,35,1.6,24.548055377907897,0.0,7,9
3,52,36,1.6,18.954145831889925,0.0,7,9
3,52,37,1.4,15.793735039972857,0.0,7,9
3,52,38,1.4,18.129343112885095,0.0,7,9
3,52,39,1.8,17.007094453491536,0.0,7,9
3,52,40,1.4,17.03804551444106,0.0,7,9
1,53,1,2.8,14.518874553978714,0.0,7,9
1,53,2,2.8,17.330027937362278,0.0,7,9
1,53,3,2.8,13.349147115612647,0.0,7,9
1,53,4,2.0,15.532997287143726,0.0,7,9
1,53,5,2.0,12.887572559241782,0.0,7,9
1,53,6,1.8,29.270840528087298,0.0,7,9
1,53,7,1.6,23.066800927587337,0.0,7,9
1,53,8,1.8,16.63172902079131,0.0,7,9
1,53,9,1.4,39.78062113086515,0.0,7,9
1,53,10,1.8,16.5014718741585,0.0,7,9
1,53,11,1.4,24.651455772825138,0.0,7,9
1,53,12,1.6,18.44533262881189,0.0,7,9
1,53,13,1.4,25.891864167775438,0.0,7,9
1,53,14,1.8,27.790261340753926,0.0,7,9
1,53,15,1.4,36.40805880672825,0.0,7,9
1,53,16,1.4,18.479076755218287,0.0,7,9
1,53,17,1.4,50.0330829533587,0.0,7,9
1,53,18,1.6,29.475830352434706,0.0,7,9
1,53,19,1.4,43.77780875343005,0.0,7,9
1,53,20,1.4,24.67984786086303,0.0,7,9
1,53,21,1.6,19.66464811516694,0.0,7,9
1,53,22,1.4,30.426530364104828,0.0,7,9
1,53,23,1.6,40.741326509110515,0.0,7,9
1,53,24,1.6,19.249899006294296,0.0,7,9
1,53,25,1.4,35.34456749724892,0.0,7,9
1,53,26,1.6,28.272264031382548,0.0,7,9
1,53,27,1.4,26.349216376949986,0.0,7,9
1,53,28,1.8,27.6306184303481,0.0,7,9
1,53,29,1.4,17.898698284607526,0.0,7,9
1,53,30,1.6,17.916294635206008,0.0,7,9
1,53,31,2.2,13.97681314279472,0.0,7,9
1,53,32,1.8,16.31948561237291,0.0,7,9
1,53,33,2.2,16.026485067898946,0.0,7,9
1,53,34,1.6,25.170999604677384,0.0,7,9
1,53,35,1.6,18.36041902511253,0.0,7,9
1,53,36,2.0,15.508914565752598,0.0,7,9
2,53,1,2.0,22.677179213957945,0.0,7,9
2,53,2,2.6,11.269091304864677,0.0,7,9
2,53,3,3.4,12.557221832614104,0.125,7,9
2,53,4,1.8,14.41382515371379,0.0,7,9
2,53,5,1.8,16.65630508422933,0.0,7,9
2,53,6,1.8,13.41698189349661,0.0,7,9
2,53,7,1.4,19.88566876887739,0.0,7,9
2,53,8,1.4,30.241038399119304,0.0,7,9
2,53,9,1.6,15.231871815087777,0.0,7,9
2,53,10,1.6,24.38559873446828,0.0,7,9
2,53,11,1.8,17.088048307719585,0.0,7,9
2,53,12,1.8,18.580103723804772,0.0,7,9
2,53,13,1.6,22.4335612892993,0.0,7,9
2,53,14,1.4,23.859495694739177,0.0,7,9
2,53,15,1.8,21.75428527920446,0.0,7,9
2,53,16,2.2,11.711134768319623,0.0,7,9
2,53,17,1.8,13.612195126642467,0.0,7,9
2,53,18,1.6,24.017494540201852,0.0,7,9
2,53,19,1.6,16.69358901355638,0.0,7,9
2,53,20,1.4,24.982472175578224,0.0,7,9
2,53,21,1.4,23.45481789862707,0.0,7,9
2,53,22,1.4,29.293347895793246,0.0,7,9
2,53,23,1.6,18.373146933144948,0.0,7,9
2,53,24,1.4,18.89978543180099,0.0,7,9
2,53,25,1.4,14.535807343452626,0.0,7,9
2,53,26,2.0,16.690375066060678,0.0,7,9
2,53,27,1.6,19.15218490886877,0.0,7,9
2,53,28,2.0,15.837797712658157,0.0,7,9
2,53,29,1.6,17.69343410567058,0.0,7,9
2,53,30,1.4,34.18524872500099,0.0,7,9
2,53,31,1.8,19.7828034013379,0.0,7,9
2,53,32,1.6,14.134992826519005,0.0,7,9
2,53,33,1.4,15.260170562905294,0.0,7,9
2,53,34,1.4,16.108240185485787,0.0,7,9
2,53,35,1.4,21.33355502887182,0.0,7,9
2,53,36,1.6,20.64352666102382,0.0,7,9
3,53,1,2.4,11.293234881897183,0.0,7,9
3,53,2,2.2,14.536870957094374,0.0,7,9
3,53,3,1.6,16.36222929563471,0.0,7,9
3,53,4,1.6,29.48855747362836,0.0,7,9
3,53,5,1.8,15.755296927225164,0.0,7,9
3,53,6,1.6,14.340774549666017,0.0,7,9
3,53,7,1.4,22.922402420347474,0.0,7,9
3,53,8,1.4,21.730523834193633,0.0,7,9
3,53,9,1.4,16.73471114421913,0.0,7,9
3,53,10,1.4,19.52413701114254,0.0,7,9
3,53,11,1.4,14.774406132513061,0.0,7,9
3,53,12,1.4,30.7024212447442,0.0,7,9
3,53,13,1.6,24.11716059255496,0.0,7,9
3,53,14,1.4,20.03101464181381,0.0,7,9
3,53,15,1.6,14.004675672630253,0.0,7,9
3,53,16,1.6,36.23806290879073,0.0,7,9
3,53,17,2.0,13.256514385881344,0.0,7,9
3,53,18,1.6,21.53626858656176,0.0,7,9
3,53,19,1.4,24.85831475184349,0.0,7,9
3,53,20,2.0,12.872856484222472,0.125,7,9
3,53,21,1.4,29.772034420206232,0.0,7,9
3,53,22,1.6,13.942558469571235,0.0,7,9
3,53,23,1.4,23.20598245656275,0.0,7,9
3,53,24,1.6,16.11667315714045,0.0,7,9
3,53,25,1.6,16.040584161756335,0.0,7,9
3,53,26,1.4,32.33317789669036,0.0,7,9
3,53,27,1.4,35.43495830098554,0.0,7,9
3,53,28,1.8,14.732747443642907,0.0,7,9
3,53,29,1.6,27.95792530771913,0.0,7,9
3,53,30,1.8,21.097280990167334,0.0,7,9
3,53,31,1.4,19.158166458569735,0.0,7,9
3,53,32,1.6,26.239057422384345,0.0,7,9
3,53,33,1.6,17.862951527350692,0.0,7,9
3,53,34,1.4,26.0816751271149,0.0,7,9
3,53,35,1.4,21.447730823556867,0.0,7,9
3,53,36,1.6,15.005749378465907,0.0,7,9
3,53,37,1.4,17.025665529870096,0.0,7,9
3,53,38,1.6,14.87774754278831,0.0,7,9
3,53,39,1.6,18.330021415503747,0.0,7,9
3,53,40,1.25,36.401278557653484,0.0,4,9
1,54,1,2.8,16.552845112126665,0.0,7,9
1,54,2,2.8,15.07555603211362,0.0,7,9
1,54,3,2.4,17.009620438047286,0.0,7,9
1,54,4,2.0,24.226100904452032,0.0,7,9
1,54,5,2.0,14.289679047086425,0.0,7,9
1,54,6,2.0,19.817075693522543,0.0,7,9
1,54,7,1.4,54.320475823595295,0.0,7,9
1,54,8,1.6,17.43278126875214,0.0,7,9
1,54,9,1.6,20.670475013173984,0.0,7,9
1,54,10,1.4,18.790089491125304,0.0,7,9
1,54,11,1.6,24.849987777755842,0.0,7,9
1,54,12,1.6,32.293163251535034,0.0,7,9
1,54,13,1.6,15.920651501092077,0.0,7,9
1,54,14,1.4,26.85862765760107,0.0,7,9
1,54,15,1.6,33.944120040977026,0.0,7,9
1,54,16,1.4,22.236636021373283,0.0,7,9
1,54,17,1.4,48.52180293542645,0.0,7,9
1,54,18,1.4,33.95529751945387,0.0,7,9
1,54,19,1.4,47.552932255636314,0.0,7,9
1,54,20,1.6,26.250343539935354,0.0,7,9
1,54,21,1.6,16.391991853619324,0.0,7,9
1,54,22,1.4,26.47524966950814,0.0,7,9
1,54,23,1.6,36.50498378060684,0.0,7,9
1,54,24,1.6,22.91597378576013,0.0,7,9
1,54,25,1.6,25.51947729514439,0.0,7,9
1,54,26,1.6,30.58488133778018,0.0,7,9
1,54,27,1.6,15.422214885048378,0.0,7,9
1,54,28,1.4,20.98608399136163,0.0,7,9
1,54,29,1.6,20.441001271633624,0.0,7,9
1,54,30,1.4,19.732290424814863,0.0,7,9
1,54,31,1.8,22.33488976366526,0.0,7,9
1,54,32,1.4,20.870221143987848,0.0,7,9
1,54,33,2.2,21.16685627301101,0.0,7,9
1,54,34,1.8,18.06631667601099,0.0,7,9
1,54,35,1.4,19.001632679377803,0.0,7,9
1,54,36,2.0,15.575679809781228,0.0,7,9
1,54,37,1.8,16.035589926670422,0.0,7,9
2,54,1,1.8,33.96829296711638,0.0,7,9
2,54,2,2.0,14.556476820915272,0.0,7,9
2,54,3,2.0,17.251200868597326,0.0,7,9
2,54,4,2.0,22.739346160767795,0.0,7,9
2,54,5,2.0,12.92767179169841,0.0,7,9
2,54,6,2.4,11.674692145594513,0.0,7,9
2,54,7,2.0,12.15295393862883,0.0,7,9
2,54,8,1.6,23.50405708128295,0.0,7,9
2,54,9,1.6,14.580515670225886,0.0,7,9
2,54,10,1.6,17.154143091965434,0.0,7,9
2,54,11,1.8,19.404451117733473,0.0,7,9
2,54,12,2.0,14.285461539400005,0.0,7,9
2,54,13,1.8,17.46321028779803,0.0,7,9
2,54,14,1.4,22.792512198560473,0.0,7,9
2,54,15,1.6,19.700533506191693,0.0,7,9
2,54,16,1.6,17.89906137360129,0.0,7,9
2,54,17,1.6,19.817570807812466,0.0,7,9
2,54,18,1.6,22.60144857867314,0.0,7,9
2,54,19,1.4,32.64199477252188,0.0,7,9
2,54,20,1.4,18.758884501987282,0.0,7,9
2,54,21,1.4,24.52776483476525,0.0,7,9
2,54,22,1.6,22.120307429623416,0.0,7,9
2,54,23,1.6,21.447003180083865,0.0,7,9
2,54,24,1.8,13.873980302891775,0.0,7,9
2,54,25,1.4,17.61014986033665,0.0,7,9
2,54,26,2.2,16.77600853709056,0.125,7,9
2,54,27,1.4,21.19601948677137,0.0,7,9
2,54,28,1.4,29.534473874832774,0.0,7,9
2,54,29,1.4,22.010636263407395,0.0,7,9
2,54,30,1.4,21.093479985022572,0.0,7,9
2,54,31,1.4,37.087371883623725,0.0,7,9
2,54,32,1.6,22.56777898539689,0.0,7,9
2,54,33,1.6,16.01368390485075,0.0,7,9
2,54,34,1.4,16.1048252249644,0.0,7,9
2,54,35,1.4,15.2738322564861,0.0,7,9
2,54,36,1.4,23.911202724803474,0.0,7,9
2,54,37,1.8,14.58401767727052,0.125,7,9
3,54,1,1.4,16.065865056396746,0.0,7,9
3,54,2,1.4,23.837425106642094,0.0,7,9
3,54,3,1.4,27.760439556016138,0.0,7,9
3,54,4,1.4,21.219206334575013,0.0,7,9
3,54,5,1.4,22.989110965496376,0.0,7,9
3,54,6,1.4,24.585764645782902,0.0,7,9
3,54,7,1.4,21.542883058491046,0.0,7,9
3,54,8,1.4,14.644092143954758,0.0,7,9
3,54,9,1.4,20.06480138600127,0.0,7,9
3,54,10,1.4,21.203181939247116,0.0,7,9
3,54,11,1.6,15.101425597504956,0.0,7,9
3,54,12,1.4,20.89672823572553,0.0,7,9
3,54,13,1.4,16.374504963822247,0.0,7,9
3,54,14,1.4,30.065105489312373,0.0,7,9
3,54,15,1.4,25.496726353167116,0.0,7,9
3,54,16,1.4,20.03101464181381,0.0,7,9
3,54,17,1.6,17.242104054110328,0.0,7,9
3,54,18,1.4,31.91610879270584,0.0,7,9
3,54,19,1.6,16.644703099783193,0.0,7,9
3,54,20,1.8,14.702860277673999,0.0,7,9
3,54,21,1.4,25.960785850843468,0.0,7,9
3,54,22,1.8,13.880319553436584,0.125,7,9
3,54,23,1.4,21.784600056533456,0.0,7,9
3,54,24,2.0,13.045440211252016,0.0,7,9
3,54,25,1.6,30.117850645011103,0.0,7,9
3,54,26,1.8,13.588150301530536,0.0,7,9
3,54,27,1.6,21.6306837614825,0.0,7,9
3,54,28,1.4,24.532992295551807,0.0,7,9
3,54,29,1.4,28.399245588510126,0.0,7,9
3,54,30,1.6,16.795327344352653,0.0,7,9
3,54,31,1.4,32.76915309995746,0.0,7,9
3,54,32,1.4,20.92656155501845,0.0,7,9
3,54,33,1.4,21.614358639654718,0.0,7,9
3,54,34,1.4,25.065401151792496,0.0,7,9
3,54,35,1.4,25.772940478282436,0.0,7,9
3,54,36,1.4,22.177444965936708,0.0,7,9
3,54,37,1.6,18.087074799172484,0.0,7,9
3,54,38,1.6,16.367279993122352,0.0,7,9
3,54,39,1.6,14.061308047487163,0.0,7,9
3,54,40,1.4,15.356387274956498,0.0,7,9
3,54,41,1.6,18.203172556241416,0.0,7,9
3,54,42,1.6,14.59842378533829,0.0,7,9
1,55,1,2.8,14.553940246662266,0.0,7,9
1,55,2,2.8,15.827904868135706,0.0,7,9
1,55,3,2.8,12.648649642509902,0.0,7,9
1,55,4,1.8,24.384976199925056,0.0,7,9
1,55,5,2.4,10.108424474731915,0.0,7,9
1,55,6,2.0,25.565133927714665,0.0,7,9
1,55,7,1.6,19.065986528956696,0.0,7,9
1,55,8,1.6,18.883124213345607,0.0,7,9
1,55,9,1.4,20.438374055404715,0.0,7,9
1,55,10,2.0,14.216007743837487,0.0,7,9
1,55,11,1.6,29.925607347605844,0.0,7,9
1,55,12,1.4,18.767054892858546,0.0,7,9
1,55,13,1.4,29.398250338315464,0.0,7,9
1,55,14,1.4,27.766133137266657,0.0,7,9
1,55,15,1.4,40.85066757122663,0.0,7,9
1,55,16,1.8,19.8810315200291,0.0,7,9
1,55,17,1.4,37.988952670115275,0.0,7,9
1,55,18,1.6,27.93126645964628,0.0,7,9
1,55,19,1.4,22.293791387066907,0.0,7,9
1,55,20,1.4,24.58480933955749,0.0,7,9
1,55,21,1.6,21.847909203310497,0.0,7,9
1,55,22,1.4,56.70343492023455,0.0,7,9
1,55,23,1.4,33.53264034685738,0.0,7,9
1,55,24,1.8,19.10758398724415,0.0,7,9
1,55,25,1.4,23.915102790482184,0.0,7,9
1,55,26,2.0,13.807344898587557,0.0,7,9
1,55,27,1.4,35.30635207350427,0.0,7,9
1,55,28,1.4,28.561083736470188,0.0,7,9
1,55,29,1.4,20.926669083706784,0.0,7,9
1,55,30,1.8,13.903761169636027,0.0,7,9
1,55,31,2.0,12.785449914323996,0.0,7,9
1,55,32,1.8,20.934466234725228,0.0,7,9
1,55,33,2.0,17.02836633056621,0.0,7,9
1,55,34,1.6,19.21316894201738,0.0,7,9
1,55,35,2.0,16.884974989896502,0.0,7,9
1,55,36,1.8,18.383759093729253,0.0,7,9
2,55,1,2.6,13.022767983375134,0.0,7,9
2,55,2,2.6,12.45269068708907,0.0,7,9
2,55,3,2.8,13.450866588008394,0.0,7,9
2,55,4,1.8,13.953449990915638,0.0,7,9
2,55,5,1.8,16.611067520233348,0.0,7,9
2,55,6,2.0,12.201262098979768,0.0,7,9
2,55,7,2.0,15.295118928620669,0.0,7,9
2,55,8,1.6,16.404503371516178,0.0,7,9
2,55,9,1.4,18.554119643014683,0.0,7,9
2,55,10,1.6,21.989614039530046,0.0,7,9
2,55,11,1.8,14.297641811295062,0.0,7,9
2,55,12,2.4,13.249492389151024,0.0,7,9
2,55,13,2.0,17.841943430613647,0.0,7,9
2,55,14,1.8,19.158710483956316,0.0,7,9
2,55,15,2.0,12.607222144664053,0.0,7,9
2,55,16,1.6,21.27464150095267,0.0,7,9
2,55,17,1.8,22.660726804674194,0.0,7,9
2,55,18,1.4,18.582767570628825,0.0,7,9
2,55,19,1.4,19.064245172595726,0.0,7,9
2,55,20,1.4,23.45481789862728,0.0,7,9
2,55,21,1.4,24.583601630204445,0.0,7,9
2,55,22,1.4,19.48683201763628,0.0,7,9
2,55,23,1.6,16.32565907105019,0.0,7,9
2,55,24,2.0,13.95679958214107,0.125,7,9
2,55,25,1.4,22.48652209632664,0.0,7,9
2,55,26,1.4,22.30772222772112,0.0,7,9
2,55,27,1.4,24.420328185147444,0.0,7,9
2,55,28,1.6,16.65399050047685,0.0,7,9
2,55,29,1.4,23.002658477984205,0.0,7,9
2,55,30,1.4,22.464547116938363,0.0,7,9
2,55,31,1.4,26.176923688453307,0.0,7,9
2,55,32,1.6,16.335105930095278,0.0,7,9
2,55,33,1.4,15.515662344031268,0.0,7,9
2,55,34,1.4,15.236236220892884,0.0,7,9
2,55,35,1.4,25.202995137075867,0.0,7,9
2,55,36,1.8,15.923450640675014,0.125,7,9
3,55,1,1.4,17.641443976590434,0.0,7,9
3,55,2,1.4,16.915165395028467,0.0,7,9
3,55,3,1.4,21.896643067011674,0.0,7,9
3,55,4,1.4,24.151936746963553,0.0,7,9
3,55,5,1.4,20.65948632913785,0.0,7,9
3,55,6,1.6,30.58428354857369,0.0,7,9
3,55,7,1.6,16.07282549374004,0.0,7,9
3,55,8,1.4,17.498407536498082,0.0,7,9
3,55,9,1.4,22.276491710906384,0.0,7,9
3,55,10,1.4,20.12293830862395,0.0,7,9
3,55,11,1.4,16.699470036244318,0.0,7,9
3,55,12,1.6,17.699720922745854,0.0,7,9
3,55,13,1.4,15.402483164413225,0.0,7,9
3,55,14,1.4,31.386316775396853,0.0,7,9
3,55,15,1.4,24.117840229421564,0.0,7,9
3,55,16,1.4,17.732626820367457,0.0,7,9
3,55,17,1.4,27.238426347252467,0.0,7,9
3,55,18,1.6,31.515919705011395,0.0,7,9
3,55,19,1.4,19.64030262499518,0.0,7,9
3,55,20,1.6,16.51037642901145,0.0,7,9
3,55,21,1.4,26.523703682963106,0.0,7,9
3,55,22,1.8,12.594134911101113,0.125,7,9
3,55,23,1.8,22.863984807677088,0.0,7,9
3,55,24,1.4,14.624000843529473,0.0,7,9
3,55,25,1.6,19.32622070725576,0.0,7,9
3,55,26,1.6,18.78459730184829,0.0,7,9
3,55,27,1.4,18.733679951188734,0.0,7,9
3,55,28,1.4,25.9557378963066,0.0,7,9
3,55,29,1.4,28.327430683770494,0.0,7,9
3,55,30,2.0,11.778969252989715,0.0,7,9
3,55,31,1.4,24.939104843031693,0.0,7,9
3,55,32,1.4,26.021418613029038,0.0,7,9
3,55,33,1.4,21.22854502618066,0.0,7,9
3,55,34,1.6,16.6298937654118,0.0,7,9
3,55,35,1.8,15.066306982061054,0.0,7,9
3,55,36,1.6,25.294774059311962,0.0,7,9
3,55,37,1.4,22.656728386726744,0.0,7,9
3,55,38,1.8,12.496375760349563,0.0,7,9
3,55,39,1.4,17.231224514203415,0.0,7,9
3,55,40,1.6,17.188110817343155,0.0,7,9
3,55,41,1.4,28.341009309421086,0.0,7,9
3,55,42,1.4,17.551971480304523,0.0,5,9
1,56,1,2.8,15.814359462013838,0.0,7,9
1,56,2,2.8,20.105406581492495,0.0,7,9
1,56,3,2.8,12.892196466051486,0.0,7,9
1,56,4,2.0,16.201172847317306,0.0,7,9
1,56,5,2.4,11.257886446539924,0.0,7,9
1,56,6,1.6,26.375879857663865,0.0,7,9
1,56,7,1.6,19.519120504951665,0.0,7,9
1,56,8,1.6,18.453274989917347,0.0,7,9
1,56,9,1.6,19.189588020295332,0.0,7,9
1,56,10,1.6,19.977759595348477,0.0,7,9
1,56,11,1.8,26.99146595510042,0.0,7,9
1,56,12,1.4,19.24930145432384,0.0,7,9
1,56,13,1.4,37.98988485958674,0.0,7,9
1,56,14,1.6,27.668581610825406,0.0,7,9
1,56,15,1.4,28.22316048674347,0.0,7,9
1,56,16,1.4,21.513840828833914,0.0,7,9
1,56,17,1.4,50.03308295335846,0.0,7,9
1,56,18,1.6,28.101278856534535,0.0,7,9
1,56,19,1.4,29.883556965096044,0.0,7,9
1,56,20,1.4,45.59371662060274,0.0,7,9
1,56,21,1.6,24.255500067276937,0.0,7,9
1,56,22,1.4,36.73247970417672,0.0,7,9
1,56,23,1.4,57.6400596227031,0.0,7,9
1,56,24,1.6,21.48287010893953,0.0,7,9
1,56,25,1.8,24.948115011498512,0.0,7,9
1,56,26,1.6,25.26548949387257,0.0,7,9
1,56,27,1.6,18.440570383341225,0.0,7,9
1,56,28,1.6,25.79809725303756,0.0,7,9
1,56,29,1.4,36.44348268886484,0.0,7,9
1,56,30,1.8,14.236864890252741,0.0,7,9
1,56,31,1.8,18.071565158452668,0.0,7,9
1,56,32,1.8,19.298509383967215,0.0,7,9
1,56,33,2.0,21.759495442622566,0.0,7,9
1,56,34,1.8,19.101741143159668,0.0,7,9
1,56,35,1.6,20.552090857211343,0.0,7,9
1,56,36,2.4,11.697040943916695,0.0,7,9
2,56,1,1.8,24.856856317105148,0.0,7,9
2,56,2,2.0,15.360771084174292,0.0,7,9
2,56,3,2.0,15.269956829471568,0.0,7,9
2,56,4,2.8,11.21081465136226,0.125,7,9
2,56,5,1.6,17.64204122446384,0.0,7,9
2,56,6,1.6,15.839268637583828,0.0,7,9
2,56,7,1.6,18.00217874059085,0.0,7,9
2,56,8,1.6,20.248614792515585,0.0,7,9
2,56,9,1.4,21.2751478642752,0.0,7,9
2,56,10,1.4,14.033735732098089,0.0,7,9
2,56,11,1.4,21.449679068474488,0.0,7,9
2,56,12,2.0,14.041054773833888,0.0,7,9
2,56,13,2.0,13.542736186295215,0.0,7,9
2,56,14,1.8,17.449138268713618,0.0,7,9
2,56,15,1.4,25.39087723615887,0.0,7,9
2,56,16,2.0,16.00964770297501,0.0,7,9
2,56,17,1.8,12.473339481630306,0.0,7,9
2,56,18,2.0,13.698815142365088,0.0,7,9
2,56,19,2.0,17.10007257647016,0.0,7,9
2,56,20,1.4,27.423365609761454,0.0,7,9
2,56,21,1.4,21.367249011088166,0.0,7,9
2,56,22,1.4,19.451914845137647,0.0,7,9
2,56,23,1.6,16.588514130336392,0.0,7,9
2,56,24,1.4,26.25818694504964,0.0,7,9
2,56,25,1.4,16.173759285528366,0.0,7,9
2,56,26,1.6,22.43859470034957,0.0,7,9
2,56,27,1.6,18.383607980299725,0.0,7,9
2,56,28,1.8,18.166724175630137,0.0,7,9
2,56,29,2.0,15.284038616816204,0.0,7,9
2,56,30,1.6,20.411085272096443,0.0,7,9
2,56,31,2.0,18.083723611910596,0.0,7,9
2,56,32,1.6,14.322369731254927,0.0,7,9
2,56,33,1.4,18.90745257019906,0.0,7,9
2,56,34,1.6,11.080516540203286,0.0,7,9
2,56,35,1.4,21.090363726049194,0.0,7,9
2,56,36,1.4,22.685854261601516,0.0,7,9
2,56,37,1.5,20.890805279270555,0.0,4,9
3,56,1,1.8,14.705427028631451,0.0,7,9
3,56,2,2.4,11.634785864941739,0.0,7,9
3,56,3,1.8,14.132697850483918,0.0,7,9
3,56,4,1.6,18.110457812160085,0.0,7,9
3,56,5,1.8,14.722747320611631,0.0,7,9
3,56,6,1.4,18.665453525294218,0.0,7,9
3,56,7,1.4,21.106253036354982,0.0,7,9
3,56,8,1.6,16.18017123492052,0.0,7,9
3,56,9,1.6,15.927276728296793,0.0,7,9
3,56,10,1.4,19.40027653000736,0.0,7,9
3,56,11,1.4,15.928752246334751,0.0,7,9
3,56,12,1.4,28.288339341393463,0.0,7,9
3,56,13,1.6,25.107188076550585,0.0,7,9
3,56,14,1.4,18.684734151467776,0.0,7,9
3,56,15,1.8,18.31873020327781,0.0,7,9
3,56,16,1.6,26.584384902552884,0.0,7,9
3,56,17,1.6,17.35768745013424,0.0,7,9
3,56,18,1.8,18.61491835080286,0.0,7,9
3,56,19,1.6,19.031371330700654,0.0,7,9
3,56,20,2.0,14.248042604003087,0.125,7,9
3,56,21,1.4,25.594562324346136,0.0,7,9
3,56,22,1.6,14.157433831399032,0.0,7,9
3,56,23,1.8,17.065515369031463,0.0,7,9
3,56,24,1.6,15.339446033217083,0.0,7,9
3,56,25,1.4,20.191219564824944,0.0,7,9
3,56,26,1.4,25.021803938945418,0.0,7,9
3,56,27,1.4,25.686713845087347,0.0,7,9
3,56,28,1.8,13.775339016355272,0.0,7,9
3,56,29,1.6,30.860079368573444,0.0,7,9
3,56,30,1.4,19.55166609115584,0.0,7,9
3,56,31,1.6,15.952684784651122,0.0,7,9
3,56,32,1.4,24.86791053959443,0.0,7,9
3,56,33,1.4,18.112174923850848,0.0,7,9
3,56,34,1.6,26.002800097384398,0.0,7,9
3,56,35,1.4,23.32936458416537,0.0,7,9
3,56,36,1.8,13.272657629143342,0.0,7,9
3,56,37,1.4,23.39993383228083,0.0,7,9
3,56,38,1.4,19.43307820091149,0.0,7,9
3,56,39,1.6,16.500320609953967,0.0,7,9
3,56,40,1.25,24.29256832098885,0.0,4,9
1,57,1,2.8,14.518874553978712,0.0,7,9
1,57,2,2.8,16.298818343152874,0.0,7,9
1,57,3,2.8,14.682706552519033,0.0,7,9
1,57,4,2.2,13.171683992362372,0.0,7,9
1,57,5,2.6,11.950389800348809,0.0,7,9
1,57,6,1.6,49.239143972129156,0.0,7,9
1,57,7,1.4,28.573062398807384,0.0,7,9
1,57,8,1.6,17.51129219413729,0.0,7,9
1,57,9,1.4,23.739575536889536,0.0,7,9
1,57,10,1.6,24.042867789702676,0.0,7,9
1,57,11,1.4,30.213351934599018,0.0,7,9
1,57,12,1.8,14.702671303076759,0.0,7,9
1,57,13,1.4,25.904816730617974,0.0,7,9
1,57,14,1.6,36.34666161307078,0.0,7,9
1,57,15,1.4,29.60995553558946,0.0,7,9
1,57,16,1.4,21.06265932563194,0.0,7,9
1,57,17,1.6,34.028875769412814,0.0,7,9
1,57,18,1.4,40.22855711979804,0.0,7,9
1,57,19,1.4,51.219832493875096,0.0,7,9
1,57,20,1.4,39.08742378922842,0.0,7,9
1,57,21,1.6,20.32800907257886,0.0,7,9
1,57,22,1.4,36.73247970417595,0.0,7,9
1,57,23,1.6,29.698110717518343,0.0,7,9
1,57,24,1.8,14.9539589010113,0.0,7,9
1,57,25,1.4,44.73315282719896,0.0,7,9
1,57,26,1.6,19.34468082303064,0.0,7,9
1,57,27,1.4,24.794806068160728,0.0,7,9
1,57,28,1.4,51.36367685442231,0.0,7,9
1,57,29,1.8,19.353818936858662,0.0,7,9
1,57,30,1.8,14.40705267838097,0.0,7,9
1,57,31,1.6,22.59406210367716,0.0,7,9
1,57,32,1.8,20.445837336106486,0.0,7,9
1,57,33,2.0,22.80312973891361,0.0,7,9
1,57,34,2.0,13.46862995040495,0.0,7,9
1,57,35,1.6,17.15802553493969,0.0,7,9
1,57,36,2.2,13.05991031285573,0.0,7,9
2,57,1,1.8,27.176270761621115,0.0,7,9
2,57,2,1.8,16.989589332672285,0.0,7,9
2,57,3,2.0,13.212836658978347,0.0,7,9
2,57,4,2.4,18.558473908339394,0.125,7,9
2,57,5,1.4,13.810201764623622,0.0,7,9
2,57,6,1.8,18.440049170416884,0.0,7,9
2,57,7,1.8,13.845292131801203,0.0,7,9
2,57,8,1.4,20.805711930224803,0.0,7,9
2,57,9,1.4,24.13406948779544,0.0,7,9
2,57,10,1.6,15.62338282589945,0.0,7,9
2,57,11,1.4,22.295718247398877,0.0,7,9
2,57,12,1.6,20.555829020753553,0.0,7,9
2,57,13,2.2,13.051164637296262,0.0,7,9
2,57,14,1.4,37.14640220172342,0.0,7,9
2,57,15,2.0,14.346851817854432,0.0,7,9
2,57,16,1.8,20.652416317769703,0.0,7,9
2,57,17,2.2,12.604102198205153,0.0,7,9
2,57,18,1.6,18.16214862547603,0.0,7,9
2,57,19,1.6,28.345858191242208,0.0,7,9
2,57,20,1.6,18.624230359293566,0.0,7,9
2,57,21,1.4,22.62892294104932,0.0,7,9
2,57,22,1.4,28.052133749093006,0.0,7,9
2,57,23,1.4,21.954259615823894,0.0,7,9
2,57,24,1.6,15.691967750844311,0.0,7,9
2,57,25,1.6,15.228158215735007,0.0,7,9
2,57,26,2.0,13.318557652721903,0.125,7,9
2,57,27,1.6,23.39425885811964,0.0,7,9
2,57,28,1.4,20.125638026086207,0.0,7,9
2,57,29,1.4,22.20558930987786,0.0,7,9
2,57,30,1.6,16.54206581772119,0.0,7,9
2,57,31,1.4,25.869377350231865,0.0,7,9
2,57,32,1.4,21.211629445709253,0.0,7,9
2,57,33,1.6,16.019045342573108,0.0,7,9
2,57,34,1.6,18.41697009618537,0.0,7,9
2,57,35,1.4,16.8214544515486,0.0,7,9
2,57,36,1.6,14.413405879962436,0.0,7,9
2,57,37,2.0,16.50008109854086,0.125,7,9
3,57,1,1.4,16.323130718527935,0.0,7,9
3,57,2,1.4,16.284635997497674,0.0,7,9
3,57,3,1.4,21.587497635198417,0.0,7,9
3,57,4,1.4,24.539552657625986,0.0,7,9
3,57,5,1.4,20.049951733566818,0.0,7,9
3,57,6,1.6,29.40783131930725,0.0,7,9
3,57,7,1.4,20.59790277919455,0.0,7,9
3,57,8,1.4,18.899897401613096,0.0,7,9
3,57,9,1.4,17.902664674979714,0.0,7,9
3,57,10,1.4,23.496666893843653,0.0,7,9
3,57,11,1.6,15.052302603223266,0.0,7,9
3,57,12,1.4,21.574285129750987,0.0,7,9
3,57,13,1.4,14.09691589230866,0.0,7,9
3,57,14,1.4,25.349329424478768,0.0,7,9
3,57,15,1.4,26.243281417832023,0.0,7,9
3,57,16,1.4,16.269583502505455,0.0,7,9
3,57,17,2.0,15.477753946289628,0.0,7,9
3,57,18,1.6,29.301619427089122,0.0,7,9
3,57,19,1.4,16.708770726159173,0.0,7,9
3,57,20,1.4,20.022896291946676,0.0,7,9
3,57,21,1.6,17.152445833857872,0.0,7,9
3,57,22,2.0,12.32796668906613,0.125,7,9
3,57,23,1.6,29.4843879426599,0.0,7,9
3,57,24,1.4,16.324388032063645,0.0,7,9
3,57,25,1.4,25.21508795242941,0.0,7,9
3,57,26,1.6,16.552858843763925,0.0,7,9
3,57,27,1.6,14.979832087503157,0.0,7,9
3,57,28,1.4,28.164222993055674,0.0,7,9
3,57,29,1.4,29.4609054467911,0.0,7,9
3,57,30,2.2,11.522611554644637,0.0,7,9
3,57,31,1.8,29.72492078970742,0.0,7,9
3,57,32,1.8,16.065908153066342,0.0,7,9
3,57,33,1.6,18.26914134301887,0.0,7,9
3,57,34,1.4,22.710524926275532,0.0,7,9
3,57,35,1.4,22.258154280414352,0.0,7,9
3,57,36,1.8,16.1932012718162,0.0,7,9
3,57,37,1.8,14.095155785393148,0.0,7,9
3,57,38,1.4,14.67712135701042,0.0,7,9
3,57,39,1.4,19.49041715088629,0.0,7,9
3,57,40,1.6,18.80154231588042,0.0,7,9
3,57,41,1.6,14.539818343240801,0.0,7,9
1,58,1,3.0,13.209453731943205,0.0,7,9
1,58,2,2.8,14.954894388235093,0.0,7,9
1,58,3,2.8,11.494437455822219,0.0,7,9
1,58,4,2.0,16.09982237449984,0.0,7,9
1,58,5,2.4,10.60046225696023,0.0,7,9
1,58,6,1.4,46.81424996892456,0.0,7,9
1,58,7,1.6,15.582229969621475,0.0,7,9
1,58,8,1.6,22.35538321232251,0.0,7,9
1,58,9,1.4,36.196382849783674,0.0,7,9
1,58,10,1.6,19.71527422677272,0.0,7,9
1,58,11,1.4,29.583675516145618,0.0,7,9
1,58,12,1.4,22.976206857102436,0.0,7,9
1,58,13,1.4,27.930008421099664,0.0,7,9
1,58,14,1.4,30.075856440078862,0.0,7,9
1,58,15,1.4,28.91552132693707,0.0,7,9
1,58,16,1.4,20.973456814200027,0.0,7,9
1,58,17,1.6,36.74462733272984,0.0,7,9
1,58,18,1.4,23.86834474622947,0.0,7,9
1,58,19,1.4,52.07307435517434,0.0,7,9
1,58,20,1.6,36.39785783183436,0.0,7,9
1,58,21,1.4,18.83184776857386,0.0,7,9
1,58,22,1.4,28.05219111651699,0.0,7,9
1,58,23,1.6,46.349121756067284,0.0,7,9
1,58,24,1.6,20.561155415313593,0.0,7,9
1,58,25,1.6,22.821527465838752,0.0,7,9
1,58,26,1.4,120.76300900962705,0.0,7,9
1,58,27,1.4,21.889186398508514,0.0,7,9
1,58,28,1.6,27.614644092393263,0.0,7,9
1,58,29,1.8,20.551163342942495,0.0,7,9
1,58,30,1.6,15.144064734703608,0.0,7,9
1,58,31,1.4,28.500821239826717,0.0,7,9
1,58,32,1.8,13.508003568950365,0.0,7,9
1,58,33,2.0,21.678649426187008,0.0,7,9
1,58,34,2.2,12.836124961274523,0.0,7,9
1,58,35,2.2,12.10483152811946,0.0,7,9
1,58,36,1.8,16.328534081488783,0.0,7,9
1,58,37,1.5,18.71003149057958,0.0,4,9
2,58,1,2.0,19.434538840142373,0.0,7,9
2,58,2,2.6,12.21430486558017,0.0,7,9
2,58,3,2.8,13.242440296329802,0.0,7,9
2,58,4,1.6,20.81143242275003,0.0,7,9
2,58,5,2.2,14.636572035774162,0.0,7,9
2,58,6,2.0,12.380075451681956,0.0,7,9
2,58,7,1.8,16.492434313836046,0.0,7,9
2,58,8,1.8,17.40742731869426,0.0,7,9
2,58,9,1.4,17.35701366661605,0.0,7,9
2,58,10,2.0,16.3041953723827,0.0,7,9
2,58,11,2.2,13.496454318324341,0.0,7,9
2,58,12,1.6,21.77722343398788,0.0,7,9
2,58,13,1.8,18.33785564363915,0.0,7,9
2,58,14,1.6,23.820333915588442,0.0,7,9
2,58,15,1.6,20.351777608111494,0.0,7,9
2,58,16,1.8,13.08889985527251,0.0,7,9
2,58,17,2.2,15.53313767803047,0.0,7,9
2,58,18,1.4,25.383585947958338,0.0,7,9
2,58,19,1.4,19.45908783382576,0.0,7,9
2,58,20,1.4,21.04817640240665,0.0,7,9
2,58,21,1.4,24.800416540303743,0.0,7,9
2,58,22,1.4,19.68030910087675,0.0,7,9
2,58,23,1.4,22.409747249639658,0.0,7,9
2,58,24,1.4,17.36789742267369,0.0,7,9
2,58,25,2.0,18.772018819232795,0.125,7,9
2,58,26,1.4,23.09538885017032,0.0,7,9
2,58,27,1.4,23.289692018503423,0.0,7,9
2,58,28,1.4,19.549833369916865,0.0,7,9
2,58,29,1.4,20.8187064613849,0.0,7,9
2,58,30,1.4,23.632064451866515,0.0,7,9
2,58,31,1.6,21.743951336236545,0.0,7,9
2,58,32,1.8,11.995715953076292,0.0,7,9
2,58,33,1.4,17.67005853544528,0.0,7,9
2,58,34,1.6,14.08318736669655,0.0,7,9
2,58,35,1.4,20.3338865134027,0.0,7,9
2,58,36,2.0,13.867108582104276,0.125,5,9
3,58,1,1.4,16.909820897872567,0.0,7,9
3,58,2,1.4,23.837425106642094,0.0,7,9
3,58,3,1.4,23.861476249394773,0.0,7,9
3,58,4,1.4,27.520926648869867,0.0,7,9
3,58,5,1.4,19.11024189293943,0.0,7,9
3,58,6,1.4,23.63565366486089,0.0,7,9
3,58,7,1.4,18.76661131154423,0.0,7,9
3,58,8,1.4,15.736788673064275,0.0,7,9
3,58,9,1.4,20.53640855786655,0.0,7,9
3,58,10,1.4,18.452459576936096,0.0,7,9
3,58,11,1.8,13.990221793006398,0.0,7,9
3,58,12,1.4,19.447670948294714,0.0,7,9
3,58,13,1.4,16.10088286090593,0.0,7,9
3,58,14,1.4,25.561214789352668,0.0,7,9
3,58,15,1.4,33.05031667455478,0.0,7,9
3,58,16,1.4,16.056029557534124,0.0,7,9
3,58,17,2.0,16.795348042054357,0.0,7,9
3,58,18,1.6,24.99132949009133,0.0,7,9
3,58,19,1.4,20.05005016620493,0.0,7,9
3,58,20,1.4,24.419895514430436,0.0,7,9
3,58,21,1.4,24.43391794046376,0.0,7,9
3,58,22,1.8,14.150843360929752,0.125,7,9
3,58,23,1.4,28.927025095999294,0.0,7,9
3,58,24,1.6,13.823030506030491,0.0,7,9
3,58,25,2.0,17.893412026800945,0.0,7,9
3,58,26,1.8,13.136651741698193,0.0,7,9
3,58,27,1.8,15.779044367896285,0.0,7,9
3,58,28,1.4,25.802191316893033,0.0,7,9
3,58,29,1.8,14.403020184260614,0.0,7,9
3,58,30,1.6,24.592032008190287,0.0,7,9
3,58,31,1.4,38.7965175856515,0.0,7,9
3,58,32,1.4,22.65213412232331,0.0,7,9
3,58,33,1.6,17.102498438249885,0.0,7,9
3,58,34,1.6,20.88355116221306,0.0,7,9
3,58,35,1.6,18.98993835786545,0.0,7,9
3,58,36,1.8,19.68516355388497,0.0,7,9
3,58,37,1.4,16.047271991716354,0.0,7,9
3,58,38,1.6,16.62164781242921,0.0,7,9
3,58,39,1.4,16.34108802143162,0.0,7,9
3,58,40,1.6,18.257511559797248,0.0,7,9
3,58,41,1.6,17.328194844249115,0.0,7,9
1,59,1,3.0,14.983017400427574,0.0,7,9
1,59,2,2.8,15.860185664420516,0.0,7,9
1,59,3,2.6,15.370602221703077,0.0,7,9
1,59,4,2.4,11.998886967954396,0.0,7,9
1,59,5,2.2,13.251254574956347,0.0,7,9
1,59,6,1.4,46.09800907029733,0.0,7,9
1,59,7,1.6,19.971963795310003,0.0,7,9
1,59,8,1.6,16.394855920070256,0.0,7,9
1,59,9,1.4,30.514392662772952,0.0,7,9
1,59,10,1.6,18.447809712292866,0.0,7,9
1,59,11,1.4,29.2960285760309,0.0,7,9
1,59,12,1.4,23.886976173386756,0.0,7,9
1,59,13,1.4,24.4211365186812,0.0,7,9
1,59,14,1.6,29.126827840548376,0.0,7,9
1,59,15,1.6,40.50703452297424,0.0,7,9
1,59,16,1.6,15.036320179290163,0.0,7,9
1,59,17,1.4,62.289570545558405,0.0,7,9
1,59,18,1.4,38.82334534744173,0.0,7,9
1,59,19,1.6,37.806475900347984,0.0,7,9
1,59,20,1.4,39.142469905518915,0.0,7,9
1,59,21,1.6,21.230575790134576,0.0,7,9
1,59,22,1.4,29.22529778506725,0.0,7,9
1,59,23,1.6,45.606666007734276,0.0,7,9
1,59,24,1.4,18.418292448224232,0.0,7,9
1,59,25,1.8,30.021583191038033,0.0,7,9
1,59,26,1.6,19.061098023994347,0.0,7,9
1,59,27,1.4,24.931997239425336,0.0,7,9
1,59,28,1.6,34.20566145611125,0.0,7,9
1,59,29,1.4,27.060138184176996,0.0,7,9
1,59,30,1.6,17.996670786246977,0.0,7,9
1,59,31,2.2,13.92311369119863,0.0,7,9
1,59,32,2.0,18.714451952153677,0.0,7,9
1,59,33,1.6,29.03888205139776,0.0,7,9
1,59,34,1.4,19.441591722740142,0.0,7,9
1,59,35,1.8,15.573222936697963,0.0,7,9
1,59,36,1.8,15.980382186365311,0.0,7,9
1,59,37,1.75,16.499029274563078,0.0,4,9
2,59,1,1.6,30.703455793221742,0.0,7,9
2,59,2,1.8,17.33514529912224,0.0,7,9
2,59,3,1.4,19.07769654983894,0.0,7,9
2,59,4,1.8,18.5286822008079,0.0,7,9
2,59,5,2.4,13.083100374784124,0.125,7,9
2,59,6,1.6,20.984064664088812,0.0,7,9
2,59,7,1.6,17.932860830722124,0.0,7,9
2,59,8,1.4,17.24860126431774,0.0,7,9
2,59,9,1.4,16.325730144768503,0.0,7,9
2,59,10,1.4,25.22347382224352,0.0,7,9
2,59,11,1.4,15.893636367109202,0.0,7,9
2,59,12,1.6,22.255923928997166,0.0,7,9
2,59,13,1.8,18.153138743272933,0.0,7,9
2,59,14,2.2,14.162072560627408,0.0,7,9
2,59,15,2.0,15.383331109588754,0.0,7,9
2,59,16,2.0,14.608084904418583,0.0,7,9
2,59,17,1.6,33.880480296223176,0.0,7,9
2,59,18,1.8,13.735589846918021,0.0,7,9
2,59,19,1.6,22.435632140803776,0.0,7,9
2,59,20,1.4,31.629160008210647,0.0,7,9
2,59,21,1.4,20.452607810584936,0.0,7,9
2,59,22,1.4,23.13601617451321,0.0,7,9
2,59,23,1.4,21.78776445596457,0.0,7,9
2,59,24,1.4,21.624774749540343,0.0,7,9
2,59,25,1.6,20.157124919540312,0.0,7,9
2,59,26,1.4,15.062524798802231,0.0,7,9
2,59,27,2.0,15.754039836666845,0.125,7,9
2,59,28,1.4,23.718692736974766,0.0,7,9
2,59,29,1.4,19.609426686016047,0.0,7,9
2,59,30,1.4,19.328419452123587,0.0,7,9
2,59,31,1.6,16.106441276599007,0.0,7,9
2,59,32,1.6,23.417023698731995,0.0,7,9
2,59,33,1.6,25.454217590947607,0.0,7,9
2,59,34,1.6,12.255954813826634,0.0,7,9
2,59,35,1.6,20.12177386884903,0.0,7,9
2,59,36,1.4,14.108945719322849,0.0,7,9
2,59,37,1.4,22.99327789368727,0.0,7,9
2,59,38,2.2,15.19027483658316,0.125,7,9
3,59,1,1.4,15.981902512631148,0.0,7,9
3,59,2,1.4,20.146898088718,0.0,7,9
3,59,3,1.4,21.213128505202814,0.0,7,9
3,59,4,1.4,27.520926648869867,0.0,7,9
3,59,5,1.4,20.049951733566818,0.0,7,9
3,59,6,1.6,28.450261816381072,0.0,7,9
3,59,7,1.4,18.650733884486122,0.0,7,9
3,59,8,1.4,18.72629506611969,0.0,7,9
3,59,9,1.4,15.53767119587841,0.0,7,9
3,59,10,1.6,17.760035666894332,0.0,7,9
3,59,11,1.6,14.794727189767412,0.0,7,9
3,59,12,1.4,16.55705964181522,0.0,7,9
3,59,13,1.4,18.144052894947322,0.0,7,9
3,59,14,1.4,25.28725649974668,0.0,7,9
3,59,15,1.4,22.686481342430245,0.0,7,9
3,59,16,1.4,14.884417775091162,0.0,7,9
3,59,17,2.0,22.708240016685778,0.0,7,9
3,59,18,1.4,31.995814156074072,0.0,7,9
3,59,19,2.0,12.62661990383164,0.0,7,9
3,59,20,1.6,21.578170666619457,0.0,7,9
3,59,21,1.6,17.473018175020954,0.0,7,9
3,59,22,2.0,14.28713523978512,0.125,7,9
3,59,23,1.6,18.030705047137953,0.0,7,9
3,59,24,2.0,16.498882986120307,0.0,7,9
3,59,25,1.6,13.759857144048295,0.0,7,9
3,59,26,1.6,16.743172462161027,0.0,7,9
3,59,27,1.6,21.135253098395847,0.0,7,9
3,59,28,1.4,29.35332641321813,0.0,7,9
3,59,29,2.0,14.296304543916044,0.0,7,9
3,59,30,1.4,31.190361063760818,0.0,7,9
3,59,31,1.6,20.880039581077085,0.0,7,9
3,59,32,1.6,15.706875749294632,0.0,7,9
3,59,33,1.4,25.59642754211198,0.0,7,9
3,59,34,1.6,18.624484142153943,0.0,7,9
3,59,35,1.4,24.032028870328894,0.0,7,9
3,59,36,1.6,16.301984602271176,0.0,7,9
3,59,37,1.6,12.908835922644863,0.0,7,9
3,59,38,1.4,18.91350037038526,0.0,7,9
3,59,39,1.8,12.803732780178578,0.0,7,9
3,59,40,1.4,19.08160238007888,0.0,7,9
1,60,1,2.8,15.063267231064097,0.0,7,9
1,60,2,2.8,16.254853244280568,0.0,7,9
1,60,3,2.4,16.362992776631973,0.0,7,9
1,60,4,2.2,16.318958550986594,0.0,7,9
1,60,5,2.0,11.572738976460192,0.0,7,9
1,60,6,2.2,22.924877402234404,0.0,7,9
1,60,7,1.4,21.83666439749869,0.0,7,9
1,60,8,1.8,19.356304940116143,0.0,7,9
1,60,9,1.4,33.20464108453479,0.0,7,9
1,60,10,1.6,16.2141347148211,0.0,7,9
1,60,11,1.6,27.26985283473431,0.0,7,9
1,60,12,1.6,15.997031769916488,0.0,7,9
1,60,13,1.4,19.392615079706854,0.0,7,9
1,60,14,1.6,39.48583980898947,0.0,7,9
1,60,15,1.6,24.323926826174766,0.0,7,9
1,60,16,1.4,26.303040753788466,0.0,7,9
1,60,17,1.6,41.82252096337086,0.0,7,9
1,60,18,1.8,24.270187200928685,0.0,7,9
1,60,19,1.4,42.347136966993524,0.0,7,9
1,60,20,1.4,19.36932970560464,0.0,7,9
1,60,21,1.4,27.147257104500866,0.0,7,9
1,60,22,1.4,37.13978654722469,0.0,7,9
1,60,23,1.6,24.740638998888922,0.0,7,9
1,60,24,2.0,15.8771655383383,0.0,7,9
1,60,25,1.6,24.962003928646965,0.0,7,9
1,60,26,1.6,19.639163957060912,0.0,7,9
1,60,27,1.4,33.537873658762585,0.0,7,9
1,60,28,1.6,24.562440277574684,0.0,7,9
1,60,29,1.4,14.411506611890378,0.0,7,9
1,60,30,1.8,19.37052429618154,0.0,7,9
1,60,31,1.8,16.281811329003787,0.0,7,9
1,60,32,2.4,15.743857801886946,0.0,7,9
1,60,33,2.0,16.786608256322193,0.0,7,9
1,60,34,1.6,28.867880369013093,0.0,7,9
1,60,35,2.0,13.120253168231644,0.0,7,9
1,60,36,1.75,17.0837109778484,0.0,4,9
2,60,1,1.6,26.56876265985645,0.0,7,9
2,60,2,1.4,24.175008546901395,0.0,7,9
2,60,3,1.6,21.218494472052413,0.0,7,9
2,60,4,1.8,19.622505044233776,0.0,7,9
2,60,5,2.4,12.514170995846099,0.0,7,9
2,60,6,1.8,22.01781616198964,0.0,7,9
2,60,7,1.6,16.57231322459584,0.0,7,9
2,60,8,2.0,11.362720810656675,0.0,7,9
2,60,9,2.0,17.1457268969538,0.0,7,9
2,60,10,1.6,16.03032333922016,0.0,7,9
2,60,11,1.6,23.450601326988412,0.0,7,9
2,60,12,2.2,11.964775254924911,0.0,7,9
2,60,13,2.4,12.887334427753538,0.0,7,9
2,60,14,1.8,17.856020217037294,0.0,7,9
2,60,15,2.2,15.337109028831925,0.0,7,9
2,60,16,1.6,19.35974689650858,0.0,7,9
2,60,17,1.6,15.653604039435834,0.0,7,9
2,60,18,2.2,17.339709426868723,0.0,7,9
2,60,19,1.4,21.692239646921188,0.0,7,9
2,60,20,1.4,20.92563449807841,0.0,7,9
2,60,21,1.4,26.24641482888921,0.0,7,9
2,60,22,1.4,23.381030944893652,0.0,7,9
2,60,23,1.4,20.083674726022778,0.0,7,9
2,60,24,1.4,20.424354050305038,0.0,7,9
2,60,25,1.4,16.720380246503144,0.0,7,9
2,60,26,2.2,15.151780126110028,0.0,7,9
2,60,27,2.2,15.868395895619273,0.0,7,9
2,60,28,1.6,20.50595611416938,0.0,7,9
2,60,29,1.6,16.108971934613752,0.0,7,9
2,60,30,1.4,27.938843436025877,0.0,7,9
2,60,31,1.4,37.1801748938008,0.0,7,9
2,60,32,2.0,14.86812391108678,0.0,7,9
2,60,33,1.4,17.046524562707145,0.0,7,9
2,60,34,1.4,13.480872685129798,0.0,7,9
2,60,35,1.4,18.778958376309593,0.0,7,9
2,60,36,2.0,18.799787349179347,0.0,7,9
3,60,1,1.6,18.466661891920076,0.0,7,9
3,60,2,1.8,18.324569845464367,0.0,7,9
3,60,3,1.8,18.27569607809669,0.0,7,9
3,60,4,1.8,15.319359187336975,0.0,7,9
3,60,5,1.6,21.84517941565479,0.0,7,9
3,60,6,1.6,17.39879123857222,0.0,7,9
3,60,7,1.6,12.798753157924807,0.0,7,9
3,60,8,1.4,21.292121072270774,0.0,7,9
3,60,9,1.4,18.33571326931407,0.0,7,9
3,60,10,1.4,15.773945216989233,0.0,7,9
3,60,11,1.4,16.036120755603484,0.0,7,9
3,60,12,1.4,15.061122409367542,0.0,7,9
3,60,13,1.4,30.297951541889688,0.0,7,9
3,60,14,1.4,27.231984292942414,0.0,7,9
3,60,15,1.4,16.22710485787467,0.0,7,9
3,60,16,1.8,21.706938512012712,0.0,7,9
3,60,17,1.6,23.45770888370166,0.0,7,9
3,60,18,1.4,17.082105889189787,0.0,7,9
3,60,19,1.6,18.819320971657373,0.0,7,9
3,60,20,1.4,21.840233808997787,0.0,7,9
3,60,21,1.8,13.364159840813738,0.125,7,9
3,60,22,1.4,36.413517584816994,0.0,7,9
3,60,23,1.6,11.782478208129232,0.0,7,9
3,60,24,1.8,21.38898774711785,0.0,7,9
3,60,25,1.8,12.366372809538806,0.0,7,9
3,60,26,1.6,18.7982328813073,0.0,7,9
3,60,27,1.4,22.04551068251075,0.0,7,9
3,60,28,1.6,18.89794081217685,0.0,7,9
3,60,29,1.6,19.449871462854155,0.0,7,9
3,60,30,1.6,27.651143943246545,0.0,7,9
3,60,31,1.4,18.21258694793696,0.0,7,9
3,60,32,1.4,17.12031598340269,0.0,7,9
3,60,33,1.8,25.01219449214875,0.0,7,9
3,60,34,1.4,20.188006282137106,0.0,7,9
3,60,35,1.6,29.99885760103629,0.0,7,9
3,60,36,1.6,19.27479491936319,0.0,7,9
3,60,37,1.6,14.08747860604409,0.0,7,9
3,60,38,1.4,27.246280944646756,0.0,7,9
3,60,39,1.8,15.194306453180094,0.0,7,9
3,60,40,1.4,22.909764409739303,0.0,7,9
1,61,1,2.8,16.15349793115103,0.0,7,9
1,61,2,2.8,14.255305383392514,0.0,7,9
1,61,3,2.8,13.319640804693996,0.0,7,9
1,61,4,2.0,16.114523995052355,0.0,7,9
1,61,5,2.2,11.07095651034031,0.0,7,9
1,61,6,1.8,30.522435293955876,0.0,7,9
1,61,7,1.6,21.776283185433417,0.0,7,9
1,61,8,1.8,16.704489353766572,0.0,7,9
1,61,9,1.4,27.28698503047204,0.0,7,9
1,61,10,1.6,18.505363909519502,0.0,7,9
1,61,11,1.8,20.34055638692672,0.0,7,9
1,61,12,1.4,20.563014889526865,0.0,7,9
1,61,13,1.4,33.17897073642715,0.0,7,9
1,61,14,1.6,34.27908042258784,0.0,7,9
1,61,15,1.4,36.62936614219676,0.0,7,9
1,61,16,1.6,22.512017486804744,0.0,7,9
1,61,17,1.6,39.37301542227081,0.0,7,9
1,61,18,1.6,34.28849679844077,0.0,7,9
1,61,19,1.4,30.235856395058303,0.0,7,9
1,61,20,1.4,27.130601759823353,0.0,7,9
1,61,21,1.4,28.031221769818018,0.0,7,9
1,61,22,1.4,52.743015390240956,0.0,7,9
1,61,23,1.6,31.131323601114275,0.0,7,9
1,61,24,1.6,22.528224787472144,0.0,7,9
1,61,25,1.8,21.071760684509044,0.0,7,9
1,61,26,1.6,22.41982818232129,0.0,7,9
1,61,27,1.4,28.078462614749824,0.0,7,9
1,61,28,2.0,20.936397373838616,0.0,7,9
1,61,29,1.6,15.494519493380874,0.0,7,9
1,61,30,1.8,21.15855749592529,0.0,7,9
1,61,31,1.8,14.702378441331003,0.0,7,9
1,61,32,2.6,13.737743801967426,0.0,7,9
1,61,33,1.8,14.417027687634214,0.0,7,9
1,61,34,1.4,23.54619861169428,0.0,7,9
1,61,35,1.8,14.986797495358285,0.0,7,9
1,61,36,1.4,24.477318493996954,0.0,5,9
2,61,1,1.6,34.32170437673252,0.0,7,9
2,61,2,1.8,20.26437852342154,0.0,7,9
2,61,3,1.4,22.942029416557293,0.0,7,9
2,61,4,3.0,11.282030839484099,0.125,7,9
2,61,5,1.4,19.3685701409468,0.0,7,9
2,61,6,2.0,14.682794873101216,0.0,7,9
2,61,7,1.4,16.645572134294977,0.0,7,9
2,61,8,1.4,24.61322162583886,0.0,7,9
2,61,9,1.4,30.573363943103498,0.0,7,9
2,61,10,1.4,23.68239393128486,0.0,7,9
2,61,11,1.4,20.847674322867377,0.0,7,9
2,61,12,1.4,20.846900749287208,0.0,7,9
2,61,13,1.8,15.745276323659555,0.0,7,9
2,61,14,2.0,20.50059604781473,0.0,7,9
2,61,15,2.0,14.860065552902592,0.0,7,9
2,61,16,1.4,23.97240060575027,0.0,7,9
2,61,17,2.2,16.350239173885786,0.0,7,9
2,61,18,1.6,15.643850137013795,0.0,7,9
2,61,19,1.8,16.183522415554602,0.0,7,9
2,61,20,1.6,19.31198290429411,0.0,7,9
2,61,21,1.4,25.010612010144303,0.0,7,9
2,61,22,1.4,21.99874857433799,0.0,7,9
2,61,23,1.4,23.25578601955715,0.0,7,9
2,61,24,1.4,20.073120014682964,0.0,7,9
2,61,25,1.8,15.126491970723766,0.0,7,9
2,61,26,1.4,18.14060146980261,0.0,7,9
2,61,27,2.0,18.488291750624207,0.125,7,9
2,61,28,1.4,25.187874457821188,0.0,7,9
2,61,29,1.4,24.901689982151318,0.0,7,9
2,61,30,1.4,17.04378253635804,0.0,7,9
2,61,31,1.4,24.10007602683326,0.0,7,9
2,61,32,1.4,21.626561190862223,0.0,7,9
2,61,33,1.6,27.765298179293925,0.0,7,9
2,61,34,1.8,12.409478942855111,0.0,7,9
2,61,35,1.4,17.5685443432642,0.0,7,9
2,61,36,1.6,13.060675157774416,0.0,7,9
2,61,37,1.4,16.90542470403197,0.0,7,9
2,61,38,2.4,13.736925476376483,0.14285714285714285,6,9
3,61,1,1.4,19.25181848018528,0.0,7,9
3,61,2,1.4,19.258746216710982,0.0,7,9
3,61,3,1.4,18.685583003970848,0.0,7,9
3,61,4,1.4,20.103271446627488,0.0,7,9
3,61,5,1.4,19.050716742184235,0.0,7,9
3,61,6,1.6,23.525730545041196,0.0,7,9
3,61,7,1.6,18.50422377666008,0.0,7,9
3,61,8,1.4,15.98884039465726,0.0,7,9
3,61,9,1.4,17.201628158865464,0.0,7,9
3,61,10,1.4,18.707296860390162,0.0,7,9
3,61,11,1.4,16.65399802144586,0.0,7,9
3,61,12,1.4,22.864748953176147,0.0,7,9
3,61,13,1.4,16.995716200321265,0.0,7,9
3,61,14,1.4,23.77284182608436,0.0,7,9
3,61,15,1.4,29.538659664908206,0.0,7,9
3,61,16,1.4,15.766302501231676,0.0,7,9
3,61,17,1.4,18.889474451689708,0.0,7,9
3,61,18,1.4,30.637108345912438,0.0,7,9
3,61,19,1.6,16.735794079279348,0.0,7,9
3,61,20,1.8,18.20372254242757,0.0,7,9
3,61,21,1.4,56.84601528029182,0.0,7,9
3,61,22,1.8,13.135081139059057,0.125,7,9
3,61,23,1.4,21.25466232684046,0.0,7,9
3,61,24,1.8,13.384056484830346,0.0,7,9
3,61,25,1.6,18.451647164090364,0.0,7,9
3,61,26,1.6,15.820600744595133,0.0,7,9
3,61,27,1.4,17.601500952726276,0.0,7,9
3,61,28,1.4,17.95498667900206,0.0,7,9
3,61,29,1.4,29.559602540629207,0.0,7,9
3,61,30,1.8,13.953369036063402,0.0,7,9
3,61,31,1.8,21.85513475080736,0.0,7,9
3,61,32,2.0,19.476857034242073,0.0,7,9
3,61,33,1.6,16.602237908748886,0.0,7,9
3,61,34,1.6,16.831319564537473,0.0,7,9
3,61,35,1.4,17.938044575385433,0.0,7,9
3,61,36,1.4,26.306034314827105,0.0,7,9
3,61,37,1.8,17.051206713529332,0.0,7,9
3,61,38,1.8,12.62439695420469,0.0,7,9
3,61,39,1.4,24.13999415569964,0.0,7,9
3,61,40,1.6,16.471000533453815,0.0,7,9
3,61,41,1.4,20.526264017696487,0.0,7,9
1,62,1,2.8,13.788027250900402,0.0,7,9
1,62,2,2.8,14.02309200823453,0.0,7,9
1,62,3,2.8,13.935696638559852,0.0,7,9
1,62,4,2.8,9.402407171806807,0.0,7,9
1,62,5,2.4,13.827068975949933,0.0,7,9
1,62,6,1.6,24.032548147947743,0.0,7,9
1,62,7,1.8,14.572176285617575,0.0,7,9
1,62,8,1.4,34.42181679431186,0.0,7,9
1,62,9,1.4,18.39457705189601,0.0,7,9
1,62,10,1.8,24.489610452778034,0.0,7,9
1,62,11,1.4,46.73403055213974,0.0,7,9
1,62,12,1.6,19.775580752785423,0.0,7,9
1,62,13,1.4,34.42979315681351,0.0,7,9
1,62,14,1.6,48.13795907099436,0.0,7,9
1,62,15,1.4,19.867104480089928,0.0,7,9
1,62,16,1.4,57.2530985981626,0.0,7,9
1,62,17,1.8,28.0699975690436,0.0,7,9
1,62,18,1.4,50.26415702251069,0.0,7,9
1,62,19,1.6,31.85097659988331,0.0,7,9
1,62,20,1.6,24.14426784390918,0.0,7,9
1,62,21,1.4,20.927243965187003,0.0,7,9
1,62,22,1.4,67.32581081732651,0.0,7,9
1,62,23,1.6,22.91597378576013,0.0,7,9
1,62,24,1.6,25.737467238768538,0.0,7,9
1,62,25,1.6,33.473030625431086,0.0,7,9
1,62,26,1.4,17.31978722853895,0.0,7,9
1,62,27,1.6,31.069448735842965,0.0,7,9
1,62,28,1.6,21.614081784169855,0.0,7,9
1,62,29,1.4,19.732290424814863,0.0,7,9
1,62,30,1.8,29.423484652022108,0.0,7,9
1,62,31,1.6,15.277301680386945,0.0,7,9
1,62,32,2.0,18.428976518938008,0.0,7,9
1,62,33,2.2,14.111128580532629,0.0,7,9
1,62,34,2.2,12.270334887718905,0.0,7,9
1,62,35,2.0,14.767403307849783,0.0,7,9
2,62,1,2.0,19.31180899316608,0.0,7,9
2,62,2,1.6,18.74143457014919,0.0,7,9
2,62,3,1.4,21.231550290932233,0.0,7,9
2,62,4,3.0,11.092304451505438,0.125,7,9
2,62,5,1.8,14.379936118406738,0.0,7,9
2,62,6,1.8,15.359594347629958,0.0,7,9
2,62,7,1.8,14.42994213956611,0.0,7,9
2,62,8,1.4,18.671517461133785,0.0,7,9
2,62,9,1.4,22.71577037988412,0.0,7,9
2,62,10,1.6,15.462928897680028,0.0,7,9
2,62,11,1.4,28.967372758270642,0.0,7,9
2,62,12,2.0,14.507325471765386,0.0,7,9
2,62,13,1.8,18.19322149509205,0.0,7,9
2,62,14,1.8,17.429455372348215,0.0,7,9
2,62,15,1.6,22.492059579352844,0.0,7,9
2,62,16,1.8,21.593837407411637,0.0,7,9
2,62,17,1.6,15.093255668148672,0.0,7,9
2,62,18,1.4,19.582891534507674,0.0,7,9
2,62,19,1.8,20.95368265736964,0.0,7,9
2,62,20,1.6,18.040274178237123,0.0,7,9
2,62,21,1.4,25.684676366172642,0.0,7,9
2,62,22,1.4,28.78607642171561,0.0,7,9
2,62,23,1.4,20.135823338454838,0.0,7,9
2,62,24,1.6,16.67211585900239,0.0,7,9
2,62,25,1.4,21.964690959953487,0.0,7,9
2,62,26,1.4,17.14215151174699,0.0,7,9
2,62,27,2.2,16.324588039817066,0.0,7,9
2,62,28,2.0,14.30288618260315,0.0,7,9
2,62,29,1.6,21.18789961284291,0.0,7,9
2,62,30,1.6,19.928768439375066,0.0,7,9
2,62,31,1.6,20.380508911196603,0.0,7,9
2,62,32,2.0,17.496604277490228,0.0,7,9
2,62,33,1.8,15.911152553198123,0.0,7,9
2,62,34,1.4,16.248691552922228,0.0,7,9
2,62,35,1.4,21.257344015790487,0.0,7,9
2,62,36,1.6,15.406524477143805,0.0,7,9
2,62,37,1.6,19.659673259739993,0.0,6,9
3,62,1,2.0,14.654467581693265,0.0,7,9
3,62,2,2.2,11.363415431893298,0.0,7,9
3,62,3,2.2,12.900355011102816,0.0,7,9
3,62,4,2.4,15.84918828630528,0.0,7,9
3,62,5,1.6,18.06109932106615,0.0,7,9
3,62,6,1.6,14.788589317189327,0.0,7,9
3,62,7,1.6,16.270130882876966,0.0,7,9
3,62,8,1.4,19.089331061968956,0.0,7,9
3,62,9,1.8,12.900570350275153,0.0,7,9
3,62,10,1.4,15.643559564269738,0.0,7,9
3,62,11,1.4,27.524501507560892,0.0,7,9
3,62,12,1.6,21.19235834056376,0.0,7,9
3,62,13,1.4,19.395781382346968,0.0,7,9
3,62,14,1.6,18.056561299092035,0.0,7,9
3,62,15,1.6,28.21400648686728,0.0,7,9
3,62,16,2.0,13.058389061202202,0.0,7,9
3,62,17,1.6,19.05383528099643,0.0,7,9
3,62,18,1.6,18.56912392268827,0.0,7,9
3,62,19,2.0,13.987364776425563,0.125,5,9
3,62,20,1.6,18.201285948402205,0.0,7,9
3,62,21,1.4,14.564189173563623,0.0,7,9
3,62,22,1.6,29.48925544065596,0.0,7,9
3,62,23,1.6,13.736022929745491,0.0,7,9
3,62,24,1.8,19.13617034259968,0.0,7,9
3,62,25,1.4,30.72826937109658,0.0,7,9
3,62,26,1.8,17.00615074163567,0.0,7,9
3,62,27,1.8,17.442799982821093,0.0,7,9
3,62,28,1.6,23.05433476685666,0.0,7,9
3,62,29,1.4,19.47137718318472,0.0,7,9
3,62,30,1.6,16.319286449666446,0.0,7,9
3,62,31,1.4,33.00517187601978,0.0,7,9
3,62,32,1.4,22.670675809872204,0.0,7,9
3,62,33,1.6,19.912568372992126,0.0,7,9
3,62,34,2.0,14.615617275037563,0.0,7,9
3,62,35,1.4,15.693980400079287,0.0,7,9
3,62,36,1.4,19.065130303018883,0.0,7,9
3,62,37,1.6,25.13828309598401,0.0,7,9
3,62,38,1.6,18.441686859824063,0.0,6,9
1,63,1,2.8,16.877367208553448,0.0,7,9
1,63,2,2.8,19.58271602340581,0.0,7,9
1,63,3,2.6,14.940530217112993,0.0,7,9
1,63,4,2.0,21.35352637089072,0.0,7,9
1,63,5,2.2,11.089202817773241,0.0,7,9
1,63,6,1.6,56.397501393569904,0.0,7,9
1,63,7,1.6,21.31748690378034,0.0,7,9
1,63,8,1.6,18.24661731249158,0.0,7,9
1,63,9,1.4,23.612900308296044,0.0,7,9
1,63,10,1.4,22.765288947907774,0.0,7,9
1,63,11,1.8,20.120408374456357,0.0,7,9
1,63,12,1.6,23.785293925502444,0.0,7,9
1,63,13,1.4,21.69551019631419,0.0,7,9
1,63,14,1.8,23.40041642089643,0.0,7,9
1,63,15,1.4,34.60524458501882,0.0,7,9
1,63,16,1.4,17.488957867269516,0.0,7,9
1,63,17,1.4,41.22224580578578,0.0,7,9
1,63,18,1.6,30.43789222632676,0.0,7,9
1,63,19,1.4,53.6079422061283,0.0,7,9
1,63,20,1.6,32.06471203520392,0.0,7,9
1,63,21,1.6,18.782196194528147,0.0,7,9
1,63,22,1.4,29.36772669707748,0.0,7,9
1,63,23,1.6,52.7994901238355,0.0,7,9
1,63,24,1.4,15.604345992602472,0.0,7,9
1,63,25,1.8,21.85535376496534,0.0,7,9
1,63,26,1.6,26.413410343662527,0.0,7,9
1,63,27,1.4,27.428617882418045,0.0,7,9
1,63,28,1.4,34.51297011502975,0.0,7,9
1,63,29,1.6,19.29818042858516,0.0,7,9
1,63,30,1.6,15.071050629387125,0.0,7,9
1,63,31,2.2,16.70150456970889,0.0,7,9
1,63,32,2.0,15.899867103924203,0.0,7,9
1,63,33,1.8,27.391552959222,0.0,7,9
1,63,34,1.6,17.14375451322659,0.0,7,9
1,63,35,1.8,16.78180726402871,0.0,7,9
1,63,36,2.0,18.946032145645624,0.0,7,9
2,63,1,1.8,28.30833126730611,0.0,7,9
2,63,2,1.6,21.538490598290977,0.0,7,9
2,63,3,1.6,14.558818412992993,0.0,7,9
2,63,4,2.8,14.610737738364032,0.125,7,9
2,63,5,1.6,15.656275446790508,0.0,7,9
2,63,6,1.8,17.59144237076871,0.0,7,9
2,63,7,1.8,12.189646172204833,0.0,7,9
2,63,8,1.4,32.71286515125954,0.0,7,9
2,63,9,1.4,28.391245432393703,0.0,7,9
2,63,10,1.6,16.96696398917475,0.0,7,9
2,63,11,1.4,21.21309691749874,0.0,7,9
2,63,12,2.2,14.706787997022069,0.125,7,9
2,63,13,1.4,21.758397287757827,0.0,7,9
2,63,14,1.4,19.696795366239428,0.0,7,9
2,63,15,1.4,23.267449863157935,0.0,7,9
2,63,16,1.4,30.058929481692292,0.0,7,9
2,63,17,1.4,24.050168488371124,0.0,7,9
2,63,18,1.8,14.180130849468345,0.0,7,9
2,63,19,1.4,17.711482691314263,0.0,7,9
2,63,20,1.6,30.358692088383076,0.0,7,9
2,63,21,1.4,23.05689719729381,0.0,7,9
2,63,22,1.4,19.664357740727013,0.0,7,9
2,63,23,1.4,20.78629899480643,0.0,7,9
2,63,24,1.4,18.509999753604216,0.0,7,9
2,63,25,1.4,25.615299127982357,0.0,7,9
2,63,26,1.8,15.412290568575978,0.0,7,9
2,63,27,1.4,17.2622286098337,0.0,7,9
2,63,28,1.8,17.099851795525677,0.125,6,9
2,63,29,1.4,28.60404881503054,0.0,7,9
2,63,30,1.4,25.00349108261802,0.0,7,9
2,63,31,1.4,22.919882921951366,0.0,7,9
2,63,32,1.4,22.01785134753242,0.0,7,9
2,63,33,1.6,21.291260048767036,0.0,7,9
2,63,34,1.8,19.356830443459565,0.125,7,9
2,63,35,1.6,15.331279871923604,0.0,7,9
2,63,36,1.4,17.143059048303112,0.0,7,9
2,63,37,1.4,15.909526461818595,0.0,7,9
2,63,38,1.4,18.831314570164196,0.0,7,9
2,63,39,1.4,20.30864658037932,0.0,7,9
3,63,1,1.4,17.590705154695883,0.0,7,9
3,63,2,1.6,19.111086538231145,0.0,7,9
3,63,3,1.4,21.666098343692425,0.0,7,9
3,63,4,1.4,22.911857544477343,0.0,7,9
3,63,5,1.4,18.284608329745513,0.0,7,9
3,63,6,1.4,26.093514402954167,0.0,7,9
3,63,7,1.4,20.59790277919455,0.0,7,9
3,63,8,1.4,19.947813894684536,0.0,7,9
3,63,9,1.4,15.778172185808575,0.0,7,9
3,63,10,1.4,19.336622968241237,0.0,7,9
3,63,11,1.4,19.97710509927418,0.0,7,9
3,63,12,1.6,16.818268238481018,0.0,7,9
3,63,13,1.4,17.734953343163117,0.0,7,9
3,63,14,1.6,20.722232746895944,0.0,7,9
3,63,15,1.4,23.29123813936668,0.0,7,9
3,63,16,1.4,15.448351749787761,0.0,7,9
3,63,17,1.8,23.728073380299904,0.0,7,9
3,63,18,1.4,28.582983365816585,0.0,7,9
3,63,19,1.6,17.33620626160053,0.0,7,9
3,63,20,1.6,25.066916063668852,0.0,7,9
3,63,21,1.4,26.938602158914065,0.0,7,9
3,63,22,1.8,13.754879074314385,0.0,7,9
3,63,23,1.6,26.488368931774993,0.0,7,9
3,63,24,2.0,11.17785594116102,0.0,7,9
3,63,25,1.4,35.30241608631053,0.0,7,9
3,63,26,2.2,10.571296779474563,0.0,7,9
3,63,27,1.6,25.971827481485835,0.0,7,9
3,63,28,1.4,27.4378639694858,0.0,7,9
3,63,29,1.8,12.733279652453783,0.0,7,9
3,63,30,1.4,24.97318422241601,0.0,7,9
3,63,31,1.4,28.892923243244198,0.0,7,9
3,63,32,1.6,16.723618627151474,0.0,7,9
3,63,33,1.6,13.844313805498093,0.0,7,9
3,63,34,1.6,17.055424471933808,0.0,7,9
3,63,35,1.6,23.642492818784657,0.0,7,9
3,63,36,1.6,20.29281392859877,0.0,7,9
3,63,37,1.4,21.145333345451007,0.0,7,9
3,63,38,1.4,17.477200184747172,0.0,7,9
3,63,39,1.4,18.296468287406128,0.0,7,9
3,63,40,1.8,20.161473947493842,0.0,7,9
3,63,41,1.6,17.29445003164165,0.0,7,9
1,64,1,2.8,15.409949628553662,0.0,7,9
1,64,2,2.8,14.926190226834775,0.0,7,9
1,64,3,2.6,14.579066582259676,0.0,7,9
1,64,4,2.4,13.05518795597665,0.0,7,9
1,64,5,2.4,11.600374222909254,0.0,7,9
1,64,6,1.6,43.665169617795804,0.0,7,9
1,64,7,1.6,24.002180507604383,0.0,7,9
1,64,8,1.6,17.82203102137221,0.0,7,9
1,64,9,1.4,29.133919043558684,0.0,7,9
1,64,10,1.6,22.600134175917834,0.0,7,9
1,64,11,1.4,31.150446274549775,0.0,7,9
1,64,12,1.8,14.811082260225977,0.0,7,9
1,64,13,1.4,26.358050948575055,0.0,7,9
1,64,14,1.4,37.068196403825574,0.0,7,9
1,64,15,1.4,34.33761538637101,0.0,7,9
1,64,16,1.4,16.945031187563703,0.0,7,9
1,64,17,1.4,52.979718368109204,0.0,7,9
1,64,18,1.6,27.57454168728669,0.0,7,9
1,64,19,1.4,57.90243139673028,0.0,7,9
1,64,20,1.6,24.19375067177183,0.0,7,9
1,64,21,1.6,24.65241605691568,0.0,7,9
1,64,22,1.4,28.552369678698856,0.0,7,9
1,64,23,1.4,40.027862594753174,0.0,7,9
1,64,24,1.8,16.00939638313242,0.0,7,9
1,64,25,1.4,68.09552166203918,0.0,7,9
1,64,26,1.8,17.333351481306504,0.0,7,9
1,64,27,1.4,26.542181369938394,0.0,7,9
1,64,28,1.4,36.014814944678285,0.0,7,9
1,64,29,1.4,25.352444428354847,0.0,7,9
1,64,30,1.4,20.00456594486397,0.0,7,9
1,64,31,2.4,13.682577846047568,0.0,7,9
1,64,32,1.6,24.329005397868045,0.0,7,9
1,64,33,1.8,29.14801748177256,0.0,7,9
1,64,34,1.8,15.283578694619989,0.0,7,9
1,64,35,1.6,25.895137124450265,0.0,7,9
1,64,36,1.8,17.823786606936515,0.0,7,9
1,64,37,1.4,30.715541594144646,0.0,6,9
2,64,1,2.0,18.438509846276126,0.0,7,9
2,64,2,1.8,15.347286189180675,0.0,7,9
2,64,3,1.8,20.474432590741397,0.0,7,9
2,64,4,2.8,13.515325103881302,0.125,7,9
2,64,5,1.6,13.046434681971586,0.0,7,9
2,64,6,1.6,22.67333817458235,0.0,7,9
2,64,7,1.8,14.602198730794411,0.0,7,9
2,64,8,1.6,16.26406587547141,0.0,7,9
2,64,9,1.4,26.76904424957798,0.0,7,9
2,64,10,1.4,15.8114597545345,0.0,7,9
2,64,11,1.4,21.910733245016157,0.0,7,9
2,64,12,2.0,18.784809323322907,0.125,7,9
2,64,13,1.4,18.635672273217086,0.0,7,9
2,64,14,1.4,25.954376374976622,0.0,7,9
2,64,15,1.4,18.44405385172381,0.0,7,9
2,64,16,1.4,19.532107608151023,0.0,7,9
2,64,17,1.4,34.23291383322935,0.0,7,9
2,64,18,1.4,16.764526023222484,0.0,7,9
2,64,19,1.6,16.54273114543468,0.0,7,9
2,64,20,2.0,18.86078224758528,0.0,7,9
2,64,21,1.6,15.429330018443595,0.0,7,9
2,64,22,1.4,20.997474892154695,0.0,7,9
2,64,23,1.4,33.05528655334354,0.0,7,9
2,64,24,1.4,21.41613732959678,0.0,7,9
2,64,25,1.6,20.820025339157496,0.0,7,9
2,64,26,1.6,17.1496481233062,0.0,7,9
2,64,27,1.4,16.540674228499675,0.0,7,9
2,64,28,1.8,23.23106006708759,0.0,7,9
2,64,29,2.0,14.336412602052304,0.0,7,9
2,64,30,2.0,12.116114552281779,0.0,7,9
2,64,31,1.8,18.55922002303816,0.0,7,9
2,64,32,1.4,23.666029617489823,0.0,7,9
2,64,33,1.6,20.985596007571445,0.0,7,9
2,64,34,1.8,13.825118074322788,0.0,7,9
2,64,35,1.4,15.274762961023805,0.0,7,9
2,64,36,1.4,14.134205338387783,0.0,7,9
2,64,37,1.6,14.35768258797476,0.0,7,9
2,64,38,1.6,22.232363044405464,0.0,5,9
3,64,1,2.2,12.23560304128338,0.0,7,9
3,64,2,2.4,13.823527143024883,0.0,7,9
3,64,3,1.8,16.380240318123914,0.0,7,9
3,64,4,1.6,31.138917107204527,0.0,7,9
3,64,5,1.6,19.379448084704375,0.0,7,9
3,64,6,1.4,17.56796625904826,0.0,7,9
3,64,7,1.6,13.990498420754282,0.0,7,9
3,64,8,1.8,14.446020915144059,0.0,7,9
3,64,9,1.6,15.390388691738263,0.0,7,9
3,64,10,1.6,12.949691614432293,0.0,7,9
3,64,11,1.4,18.093659139648814,0.0,7,9
3,64,12,1.6,28.869360191793135,0.0,7,9
3,64,13,1.4,24.349021612071173,0.0,7,9
3,64,14,1.6,15.423313692739171,0.0,7,9
3,64,15,1.6,25.92682235735973,0.0,7,9
3,64,16,1.8,15.977005590162069,0.0,7,9
3,64,17,1.6,23.871138198943008,0.0,7,9
3,64,18,1.4,21.13923193693557,0.0,7,9
3,64,19,1.6,17.37374898760013,0.0,7,9
3,64,20,2.0,16.526214901559953,0.125,7,9
3,64,21,1.6,18.635012690188468,0.0,7,9
3,64,22,1.8,17.363876247819157,0.0,7,9
3,64,23,1.6,19.137256997789663,0.0,7,9
3,64,24,1.4,18.619616417500406,0.0,7,9
3,64,25,1.6,20.66735152246552,0.0,7,9
3,64,26,1.4,37.55746093712713,0.0,7,9
3,64,27,1.6,17.420279935057064,0.0,7,9
3,64,28,1.6,20.308727940505882,0.0,7,9
3,64,29,1.6,20.94871485230587,0.0,7,9
3,64,30,1.4,17.230184648357437,0.0,7,9
3,64,31,1.4,24.861623226768415,0.0,7,9
3,64,32,1.6,22.68566681165671,0.0,7,9
3,64,33,1.4,24.686032537195484,0.0,7,9
3,64,34,1.6,24.61940083056766,0.0,7,9
3,64,35,1.8,13.871381268026077,0.0,7,9
3,64,36,1.4,15.417059525140491,0.0,7,9
3,64,37,1.4,19.065130303018606,0.0,7,9
3,64,38,1.8,22.95085538856072,0.0,7,9
3,64,39,1.4,18.232161761424198,0.0,7,9
1,65,1,2.8,15.138952942468975,0.0,7,9
1,65,2,2.8,15.266520376937482,0.0,7,9
1,65,3,2.8,15.20124652327714,0.0,7,9
1,65,4,2.4,10.439822036260772,0.0,7,9
1,65,5,2.2,12.85548502075056,0.0,7,9
1,65,6,1.8,27.494999322587784,0.0,7,9
1,65,7,1.8,14.836281466602008,0.0,7,9
1,65,8,1.6,17.877872245220466,0.0,7,9
1,65,9,1.4,22.995199016940266,0.0,7,9
1,65,10,1.8,17.24550309388387,0.0,7,9
1,65,11,1.6,21.928070656241594,0.0,7,9
1,65,12,1.4,23.621105007566495,0.0,7,9
1,65,13,1.4,44.67464233564827,0.0,7,9
1,65,14,1.4,131.91149557673648,0.0,7,9
1,65,15,1.6,18.413642715213207,0.0,7,9
1,65,16,1.6,19.721528739274095,0.0,7,9
1,65,17,1.8,19.39633991967277,0.0,7,9
1,65,18,1.4,44.02185791666775,0.0,7,9
1,65,19,1.6,25.84121503989632,0.0,7,9
1,65,20,1.6,21.6309028242711,0.0,7,9
1,65,21,1.4,23.635992592529373,0.0,7,9
1,65,22,1.4,61.17455482152815,0.0,7,9
1,65,23,1.6,22.742998159923133,0.0,7,9
1,65,24,1.6,27.75251806089704,0.0,7,9
1,65,25,1.8,21.488196791339593,0.0,7,9
1,65,26,1.6,20.78244347948643,0.0,7,9
1,65,27,1.4,40.01297832636801,0.0,7,9
1,65,28,1.4,39.98308264586007,0.0,7,9
1,65,29,1.6,19.51578999167551,0.0,7,9
1,65,30,1.8,20.788338606044544,0.0,7,9
1,65,31,1.6,18.807379493896576,0.0,7,9
1,65,32,2.2,19.773579552432775,0.0,7,9
1,65,33,2.0,12.630780108578964,0.0,7,9
1,65,34,1.6,20.378245661795553,0.0,7,9
1,65,35,2.2,12.073746708597865,0.0,7,9
1,65,36,1.25,35.66340525037586,0.0,4,9
2,65,1,2.6,12.724732716967768,0.0,7,9
2,65,2,1.6,20.444092421373313,0.0,7,9
2,65,3,1.6,19.54407048574415,0.0,7,9
2,65,4,2.2,19.93869675450889,0.125,7,9
2,65,5,1.4,17.381764441935633,0.0,7,9
2,65,6,1.8,17.591442370768828,0.0,7,9
2,65,7,1.6,17.68142997867697,0.0,7,9
2,65,8,1.6,18.37751623577226,0.0,7,9
2,65,9,1.4,25.97931317946664,0.0,7,9
2,65,10,1.4,17.534008666051733,0.0,7,9
2,65,11,1.4,26.177875590571173,0.0,7,9
2,65,12,2.2,15.73273355108896,0.125,7,9
2,65,13,1.4,20.76401486287132,0.0,7,9
2,65,14,1.4,28.211972421701244,0.0,7,9
2,65,15,1.4,23.952937893338046,0.0,7,9
2,65,16,1.4,24.18599154085107,0.0,7,9
2,65,17,1.4,18.860253970275267,0.0,7,9
2,65,18,1.4,21.764791256238546,0.0,7,9
2,65,19,1.4,16.60610764097437,0.0,7,9
2,65,20,1.6,24.63872094186636,0.0,7,9
2,65,21,1.4,23.993013996967157,0.0,7,9
2,65,22,1.4,22.069601181009556,0.0,7,9
2,65,23,1.4,20.745526643648606,0.0,7,9
2,65,24,1.4,21.478027173803298,0.0,7,9
2,65,25,1.4,31.88988077527299,0.0,7,9
2,65,26,1.6,19.240119953160196,0.0,7,9
2,65,27,1.4,17.199058725759738,0.0,7,9
2,65,28,1.8,13.511828977854499,0.125,7,9
2,65,29,1.4,33.35097971480841,0.0,7,9
2,65,30,1.4,20.65261487361338,0.0,7,9
2,65,31,1.4,20.041982275885868,0.0,7,9
2,65,32,1.4,18.213910265773016,0.0,7,9
2,65,33,1.4,20.38640289028811,0.0,7,9
2,65,34,1.4,27.327401928714192,0.0,7,9
2,65,35,1.4,27.139198872514644,0.0,7,9
2,65,36,1.6,15.141504243309068,0.0,7,9
2,65,37,1.6,17.003153818646386,0.0,7,9
2,65,38,1.4,13.570607620720038,0.0,7,9
2,65,39,1.4,20.205879948499266,0.0,7,9
2,65,40,2.0,17.116208421454857,0.125,7,9
3,65,1,1.4,18.778933341690706,0.0,7,9
3,65,2,1.4,18.843401816675975,0.0,7,9
3,65,3,1.4,20.502038194351965,0.0,7,9
3,65,4,1.4,22.972624189723394,0.0,7,9
3,65,5,1.4,19.600177698773344,0.0,7,9
3,65,6,1.4,28.611178220776914,0.0,7,9
3,65,7,1.4,19.86369939677777,0.0,7,9
3,65,8,1.4,16.067522033753264,0.0,7,9
3,65,9,1.4,16.764842092319608,0.0,7,9
3,65,10,1.4,17.653544814742506,0.0,7,9
3,65,11,1.6,15.44463655882862,0.0,7,9
3,65,12,1.6,17.592277811572774,0.0,7,9
3,65,13,1.4,16.67142641416737,0.0,7,9
3,65,14,1.6,23.78445208731837,0.0,7,9
3,65,15,1.4,24.602925593457424,0.0,7,9
3,65,16,1.4,17.42942597414974,0.0,7,9
3,65,17,1.4,23.934094149171088,0.0,7,9
3,65,18,1.8,23.23786458947212,0.0,7,9
3,65,19,1.8,16.628736715597775,0.0,7,9
3,65,20,1.6,17.87128600672258,0.0,7,9
3,65,21,1.4,21.081298366694153,0.0,7,9
3,65,22,1.8,13.907029348944521,0.125,7,9
3,65,23,1.4,41.204904925836246,0.0,7,9
3,65,24,1.6,14.402203373415652,0.0,7,9
3,65,25,1.8,22.020411308460687,0.0,7,9
3,65,26,1.6,14.314703456088836,0.0,7,9
3,65,27,1.8,18.958220806512767,0.0,7,9
3,65,28,1.4,24.757734491687685,0.0,7,9
3,65,29,1.4,25.83058475874729,0.0,7,9
3,65,30,1.6,19.449871462854446,0.0,7,9
3,65,31,1.6,22.976643523531052,0.0,7,9
3,65,32,1.4,23.449719307587586,0.0,7,9
3,65,33,1.6,18.12767166746873,0.0,7,9
3,65,34,1.6,31.144674033035468,0.0,7,9
3,65,35,1.6,18.894572297461746,0.0,7,9
3,65,36,1.4,30.10801100014826,0.0,7,9
3,65,37,1.6,16.471660588035455,0.0,7,9
3,65,38,1.6,13.990802278755256,0.0,7,9
3,65,39,1.4,22.12176021163398,0.0,7,9
3,65,40,1.4,19.242002554130842,0.0,7,9
3,65,41,1.4,29.46597916692414,0.0,7,9
3,65,42,1.25,24.29256832098885,0.0,4,9
1,66,1,2.8,14.278067444936326,0.0,7,9
1,66,2,2.8,17.380010460794608,0.0,7,9
1,66,3,2.8,14.647018386728917,0.0,7,9
1,66,4,2.2,15.083974997122416,0.0,7,9
1,66,5,2.4,11.758828134393811,0.0,7,9
1,66,6,1.6,41.84585531843006,0.0,7,9
1,66,7,1.4,22.616738135029838,0.0,7,9
1,66,8,1.6,18.396938744731344,0.0,7,9
1,66,9,1.4,29.32637740420119,0.0,7,9
1,66,10,1.6,19.650982369760815,0.0,7,9
1,66,11,1.6,26.317101176625737,0.0,7,9
1,66,12,1.6,18.389044793905096,0.0,7,9
1,66,13,1.4,20.514955926107838,0.0,7,9
1,66,14,1.6,32.465657324482656,0.0,7,9
1,66,15,1.4,36.63383873231036,0.0,7,9
1,66,16,1.4,19.78197762947483,0.0,7,9
1,66,17,1.4,67.14823443419962,0.0,7,9
1,66,18,1.6,24.442798485182024,0.0,7,9
1,66,19,1.6,27.772542876327154,0.0,7,9
1,66,20,1.4,32.195832301524504,0.0,7,9
1,66,21,1.6,21.56468457944318,0.0,7,9
1,66,22,1.6,25.547288946352708,0.0,7,9
1,66,23,1.4,46.68305562360855,0.0,7,9
1,66,24,1.6,21.518296533410137,0.0,7,9
1,66,25,1.4,53.09568122872126,0.0,7,9
1,66,26,1.8,16.084201208749132,0.0,7,9
1,66,27,1.4,26.31040824465164,0.0,7,9
1,66,28,1.8,26.74320691813967,0.0,7,9
1,66,29,1.4,24.560675517680075,0.0,7,9
1,66,30,1.6,15.076345123506435,0.0,7,9
1,66,31,1.8,19.93545380053375,0.0,7,9
1,66,32,1.6,20.873767631679602,0.0,7,9
1,66,33,1.8,38.44629210492813,0.0,7,9
1,66,34,1.4,21.464901326297028,0.0,7,9
1,66,35,2.0,15.441399747919139,0.0,7,9
1,66,36,2.0,16.99303254095752,0.0,7,9
1,66,37,1.2,24.731321201083347,0.0,5,9
2,66,1,1.6,43.937686267858545,0.0,7,9
2,66,2,1.8,19.80504291185875,0.0,7,9
2,66,3,1.6,14.187332323364297,0.0,7,9
2,66,4,2.0,23.480046904159202,0.0,7,9
2,66,5,1.4,29.707821447761926,0.0,7,9
2,66,6,1.6,15.071892384368748,0.0,7,9
2,66,7,2.0,15.584507592287082,0.0,7,9
2,66,8,2.0,14.519004947163905,0.0,7,9
2,66,9,1.8,19.7159287143224,0.0,7,9
2,66,10,2.2,10.912164944077261,0.0,7,9
2,66,11,1.6,17.55694970792335,0.0,7,9
2,66,12,2.0,13.46649469932529,0.0,7,9
2,66,13,2.0,17.8557483771874,0.0,7,9
2,66,14,1.8,16.72631995757261,0.0,7,9
2,66,15,2.0,15.379480668344835,0.0,7,9
2,66,16,1.6,29.052387190032043,0.0,7,9
2,66,17,1.6,14.774665313615246,0.0,7,9
2,66,18,2.0,16.52943261428884,0.0,7,9
2,66,19,1.4,21.952291146729525,0.0,7,9
2,66,20,1.4,35.86301228668307,0.0,7,9
2,66,21,1.4,19.791910864933353,0.0,7,9
2,66,22,1.6,18.020452420745812,0.0,7,9
2,66,23,1.6,18.894631622461095,0.0,7,9
2,66,24,1.4,18.823337329243664,0.0,7,9
2,66,25,1.4,15.716581878858344,0.0,7,9
2,66,26,2.0,13.68840802284747,0.0,7,9
2,66,27,2.0,18.03390138366828,0.0,7,9
2,66,28,1.8,18.21331927261006,0.0,7,9
2,66,29,1.4,25.580354036970455,0.0,7,9
2,66,30,1.6,19.662174821793162,0.0,7,9
2,66,31,1.6,28.49626169639139,0.0,7,9
2,66,32,1.6,16.087622598119285,0.0,7,9
2,66,33,1.6,18.00214763618443,0.0,7,9
2,66,34,1.4,15.504904208977546,0.0,7,9
2,66,35,1.4,15.556831643112112,0.0,7,9
2,66,36,1.8,17.930780492895185,0.0,7,9
2,66,37,1.0,41.02750513646056,0.0,5,9
3,66,1,1.4,20.967835998973257,0.0,7,9
3,66,2,2.0,14.381621694220698,0.0,7,9
3,66,3,1.8,17.1966030457063,0.0,7,9
3,66,4,1.6,13.254769866600324,0.0,7,9
3,66,5,1.6,21.720727330444827,0.0,7,9
3,66,6,1.6,17.077541667114165,0.0,7,9
3,66,7,1.6,15.63742269770244,0.0,7,9
3,66,8,1.8,15.481543394367593,0.0,7,9
3,66,9,1.4,17.118312919427137,0.0,7,9
3,66,10,1.4,18.558626456864967,0.0,7,9
3,66,11,1.4,17.214488337472602,0.0,7,9
3,66,12,1.4,20.31760172711753,0.0,7,9
3,66,13,1.6,23.268042727173576,0.0,7,9
3,66,14,1.4,27.281512894416778,0.0,7,9
3,66,15,1.6,14.543136685518267,0.0,7,9
3,66,16,1.8,20.063723713401036,0.0,7,9
3,66,17,1.8,18.064536088015938,0.0,7,9
3,66,18,1.8,19.113958150398556,0.0,7,9
3,66,19,1.4,36.063971113781946,0.0,7,9
3,66,20,1.8,14.16973839868386,0.125,7,9
3,66,21,1.4,26.504889016941224,0.0,7,9
3,66,22,1.6,15.320724027455768,0.0,7,9
3,66,23,2.2,13.882185292219921,0.0,7,9
3,66,24,1.8,13.454536056106338,0.0,7,9
3,66,25,1.6,19.64348567670593,0.0,7,9
3,66,26,1.4,25.65146233021719,0.0,7,9
3,66,27,1.6,17.4926493043399,0.0,7,9
3,66,28,1.6,20.770941731448257,0.0,7,9
3,66,29,1.4,35.747942789873335,0.0,7,9
3,66,30,1.6,20.880039581077085,0.0,7,9
3,66,31,1.6,18.51174163330909,0.0,7,9
3,66,32,1.8,20.673452263269414,0.0,7,9
3,66,33,1.8,19.707685360586954,0.0,7,9
3,66,34,1.6,18.125777091919236,0.0,7,9
3,66,35,1.8,13.902913050040263,0.0,7,9
3,66,36,1.4,18.952292299121535,0.0,7,9
3,66,37,1.4,20.000300274070565,0.0,7,9
3,66,38,1.4,21.24138098706255,0.0,7,9
3,66,39,1.6,16.182024454987012,0.0,7,9
1,67,1,2.8,16.46240422985126,0.0,7,9
1,67,2,2.8,16.94028448214888,0.0,7,9
1,67,3,2.8,14.13178226203356,0.0,7,9
1,67,4,2.0,13.983122008896753,0.0,7,9
1,67,5,2.2,12.166184419190017,0.0,7,9
1,67,6,1.8,22.36588322215172,0.0,7,9
1,67,7,1.4,26.668657962357944,0.0,7,9
1,67,8,1.8,15.638973389828696,0.0,7,9
1,67,9,1.4,26.844207585227487,0.0,7,9
1,67,10,1.6,16.57082961304756,0.0,7,9
1,67,11,1.6,24.69909829899936,0.0,7,9
1,67,12,1.6,15.954677585665674,0.0,7,9
1,67,13,1.4,28.326016180782407,0.0,7,9
1,67,14,1.4,54.37332240424283,0.0,7,9
1,67,15,1.6,25.184112515957036,0.0,7,9
1,67,16,1.4,19.717250708710463,0.0,7,9
1,67,17,1.4,27.29894285970557,0.0,7,9
1,67,18,1.4,27.11781051665076,0.0,7,9
1,67,19,1.8,28.65481642778574,0.0,7,9
1,67,20,1.6,33.598335715931626,0.0,7,9
1,67,21,1.6,15.947044431510866,0.0,7,9
1,67,22,1.4,36.912287675471376,0.0,7,9
1,67,23,1.6,30.81295530188692,0.0,7,9
1,67,24,1.8,16.492783165904417,0.0,7,9
1,67,25,1.4,39.392027085523495,0.0,7,9
1,67,26,1.8,15.298520122102682,0.0,7,9
1,67,27,1.6,33.43733254063052,0.0,7,9
1,67,28,1.6,34.56578278060442,0.0,7,9
1,67,29,1.4,17.821101662351122,0.0,7,9
1,67,30,1.8,17.929662332080014,0.0,7,9
1,67,31,1.8,14.043151116199475,0.0,7,9
1,67,32,1.8,26.103425838095333,0.0,7,9
1,67,33,2.0,19.76513238239705,0.0,7,9
1,67,34,1.6,17.03998235671163,0.0,7,9
1,67,35,1.8,19.788662811612472,0.0,7,9
1,67,36,2.0,13.29783324977481,0.0,7,9
2,67,1,1.8,22.73197710458068,0.0,7,9
2,67,2,1.6,21.69126590308552,0.0,7,9
2,67,3,1.4,21.643075371211758,0.0,7,9
2,67,4,1.8,20.179262207205607,0.0,7,9
2,67,5,2.6,11.88062486200607,0.125,7,9
2,67,6,1.8,15.411597063239734,0.0,7,9
2,67,7,1.4,15.39117142174006,0.0,7,9
2,67,8,1.4,20.38569487682916,0.0,7,9
2,67,9,1.4,18.136318985794368,0.0,7,9
2,67,10,1.4,26.977715577265325,0.0,7,9
2,67,11,1.4,14.738395908625835,0.0,7,9
2,67,12,1.4,30.0760629871852,0.0,7,9
2,67,13,2.2,14.184696576968316,0.125,7,9
2,67,14,1.4,23.000162089611976,0.0,7,9
2,67,15,1.4,18.81674410162075,0.0,7,9
2,67,16,1.6,20.05710385949495,0.0,7,9
2,67,17,1.4,24.76356747529259,0.0,7,9
2,67,18,1.4,24.729610451912166,0.0,7,9
2,67,19,1.8,12.035807093771941,0.0,7,9
2,67,20,1.8,17.47848709552091,0.0,7,9
2,67,21,1.6,22.427943843012,0.0,7,9
2,67,22,1.4,26.529420878811926,0.0,7,9
2,67,23,1.4,19.856165744766177,0.0,7,9
2,67,24,1.6,15.994091828616172,0.0,7,9
2,67,25,1.4,39.01372146373667,0.0,7,9
2,67,26,1.6,16.101400337643696,0.0,7,9
2,67,27,1.4,16.841817312199282,0.0,7,9
2,67,28,1.8,16.877780410527016,0.125,7,9
2,67,29,1.4,20.12619918606432,0.0,7,9
2,67,30,1.4,23.969547258487225,0.0,7,9
2,67,31,1.4,24.314506493378204,0.0,7,9
2,67,32,1.4,16.03083533477273,0.0,7,9
2,67,33,1.4,30.364519539441343,0.0,7,9
2,67,34,1.8,17.422931549576905,0.125,7,9
2,67,35,1.4,17.43648771918724,0.0,7,9
2,67,36,1.4,16.645748263256625,0.0,7,9
2,67,37,1.4,18.727181448929365,0.0,7,9
2,67,38,1.4,16.493136369356524,0.0,7,9
2,67,39,1.8,14.409044685537499,0.125,5,9
2,67,40,1.2,27.157056945231798,0.0,6,9
3,67,1,1.4,17.29229733865366,0.0,7,9
3,67,2,1.4,19.380800412930377,0.0,7,9
3,67,3,1.4,26.7877471692642,0.0,7,9
3,67,4,1.4,19.588192166889428,0.0,7,9
3,67,5,1.4,17.522488780494783,0.0,7,9
3,67,6,1.4,27.83004711121079,0.0,7,9
3,67,7,1.4,21.02450030224201,0.0,7,9
3,67,8,1.4,17.44217749055434,0.0,7,9
3,67,9,1.4,15.259089598715795,0.0,7,9
3,67,10,1.4,20.771130530775725,0.0,7,9
3,67,11,1.6,14.808906697810759,0.0,7,9
3,67,12,1.4,18.219925609429666,0.0,7,9
3,67,13,1.4,13.821282713555231,0.0,7,9
3,67,14,1.4,26.201187021846263,0.0,7,9
3,67,15,1.4,22.578825899591106,0.0,7,9
3,67,16,1.4,17.971017321096998,0.0,7,9
3,67,17,1.8,16.14295547049278,0.0,7,9
3,67,18,1.6,20.450858372625017,0.0,7,9
3,67,19,1.6,17.456772655919174,0.0,7,9
3,67,20,1.8,19.020143093881344,0.0,7,9
3,67,21,1.6,21.507574293432892,0.0,7,9
3,67,22,2.0,16.255015263776556,0.125,7,9
3,67,23,1.8,17.315550237048324,0.0,7,9
3,67,24,2.0,13.043834119447947,0.0,7,9
3,67,25,1.4,21.74412429799608,0.0,7,9
3,67,26,1.6,13.635381022011005,0.0,7,9
3,67,27,1.4,29.82234916551235,0.0,7,9
3,67,28,1.4,24.222237520446804,0.0,7,9
3,67,29,2.0,12.738232217890788,0.0,7,9
3,67,30,1.8,18.486188765172137,0.0,7,9
3,67,31,1.4,31.32197433247229,0.0,7,9
3,67,32,1.6,15.42395069748903,0.0,7,9
3,67,33,1.8,19.84834987784213,0.0,7,9
3,67,34,1.8,16.49420229237002,0.0,7,9
3,67,35,1.8,19.959022170642942,0.0,7,9
3,67,36,1.6,18.57326933610017,0.0,7,9
3,67,37,1.6,13.934233666264142,0.0,7,9
3,67,38,1.4,16.739973293843395,0.0,7,9
3,67,39,1.8,15.577644809927023,0.0,7,9
3,67,40,1.6,16.22495231927451,0.0,7,9
1,68,1,2.8,15.449457472919287,0.0,7,9
1,68,2,2.8,16.21112469384271,0.0,7,9
1,68,3,2.8,14.71856905495862,0.0,7,9
1,68,4,1.8,25.095847742147576,0.0,7,9
1,68,5,2.4,9.59345962858349,0.0,7,9
1,68,6,1.6,53.25878972345016,0.0,7,9
1,68,7,1.6,20.00391243845681,0.0,7,9
1,68,8,1.8,16.450120857268573,0.0,7,9
1,68,9,1.4,27.965407704106617,0.0,7,9
1,68,10,1.8,14.549253657129274,0.0,7,9
1,68,11,1.6,23.843897140869093,0.0,7,9
1,68,12,1.6,16.349296976034605,0.0,7,9
1,68,13,1.4,30.036739246049486,0.0,7,9
1,68,14,1.4,39.497846627975505,0.0,7,9
1,68,15,1.4,43.51127300851855,0.0,7,9
1,68,16,1.4,17.691240742816944,0.0,7,9
1,68,17,1.4,37.7234639173437,0.0,7,9
1,68,18,1.4,32.36031405512313,0.0,7,9
1,68,19,1.4,35.57083368280157,0.0,7,9
1,68,20,1.4,39.05280691626024,0.0,7,9
1,68,21,1.4,25.49544598061661,0.0,7,9
1,68,22,1.8,22.130016448981127,0.0,7,9
1,68,23,1.4,66.83087223903155,0.0,7,9
1,68,24,1.6,20.348691965706497,0.0,7,9
1,68,25,1.4,31.19505210147561,0.0,7,9
1,68,26,1.6,36.73816748119267,0.0,7,9
1,68,27,1.4,19.762175089025657,0.0,7,9
1,68,28,1.6,27.6482288560198,0.0,7,9
1,68,29,1.4,28.122648743960475,0.0,7,9
1,68,30,1.4,21.803949320796775,0.0,7,9
1,68,31,2.0,19.865352740136856,0.0,7,9
1,68,32,1.8,13.365405897925388,0.0,7,9
1,68,33,2.2,18.33003955658664,0.0,7,9
1,68,34,1.8,18.213691060314748,0.0,7,9
1,68,35,1.6,25.135147501698764,0.0,7,9
1,68,36,1.8,18.251090109523897,0.0,7,9
1,68,37,1.6,22.45947693414541,0.0,5,9
2,68,1,1.8,22.317242056262614,0.0,7,9
2,68,2,2.0,13.801005737904195,0.0,7,9
2,68,3,1.4,25.852408659362776,0.0,7,9
2,68,4,3.0,11.276208421809775,0.125,7,9
2,68,5,2.0,13.843726000298725,0.0,7,9
2,68,6,2.0,13.161052813160618,0.0,7,9
2,68,7,1.8,13.2021955806205,0.0,7,9
2,68,8,1.4,22.156069249640268,0.0,7,9
2,68,9,1.4,27.89487117701218,0.0,7,9
2,68,10,1.4,18.291379548724535,0.0,7,9
2,68,11,1.6,21.911187889792537,0.0,7,9
2,68,12,1.6,16.065794241957924,0.0,7,9
2,68,13,2.0,17.1157596717812,0.0,7,9
2,68,14,2.0,15.659030817943012,0.0,7,9
2,68,15,1.8,19.30103525239748,0.0,7,9
2,68,16,1.6,21.91215748364215,0.0,7,9
2,68,17,1.8,11.60201152452794,0.0,7,9
2,68,18,1.8,18.04576358770925,0.0,7,9
2,68,19,1.8,19.541849516338804,0.0,7,9
2,68,20,1.4,30.424534045902366,0.0,7,9
2,68,21,1.4,20.438979325641057,0.0,7,9
2,68,22,1.4,19.390245594741454,0.0,7,9
2,68,23,1.4,24.78487649381203,0.0,7,9
2,68,24,1.6,17.284486801626656,0.0,7,9
2,68,25,1.4,15.058744153559633,0.0,7,9
2,68,26,2.2,13.09823973345708,0.125,7,9
2,68,27,1.4,24.18227740400198,0.0,7,9
2,68,28,1.4,19.661432046258653,0.0,7,9
2,68,29,1.4,22.27528407956835,0.0,7,9
2,68,30,1.4,20.839553885133657,0.0,7,9
2,68,31,1.6,20.938693169115645,0.0,7,9
2,68,32,1.6,18.58940729046924,0.0,7,9
2,68,33,1.6,14.919884355904081,0.0,7,9
2,68,34,1.6,18.164620193539115,0.0,7,9
2,68,35,1.4,14.713217551741778,0.0,7,9
2,68,36,1.6,16.806040865057096,0.0,7,9
2,68,37,2.0,14.063294921379384,0.14285714285714285,6,9
3,68,1,1.4,15.574918581649415,0.0,7,9
3,68,2,1.4,19.756425271297534,0.0,7,9
3,68,3,1.4,24.63021449783683,0.0,7,9
3,68,4,1.4,23.59294126279338,0.0,7,9
3,68,5,1.4,24.460150281703985,0.0,7,9
3,68,6,1.8,21.037812131729883,0.0,7,9
3,68,7,1.4,19.936434752111456,0.0,7,9
3,68,8,1.4,18.28303041571781,0.0,7,9
3,68,9,1.6,20.145830894851397,0.0,7,9
3,68,10,1.4,17.906260223245596,0.0,7,9
3,68,11,1.4,19.00976218038921,0.0,7,9
3,68,12,1.4,23.94752288818075,0.0,7,9
3,68,13,1.4,17.032432128993488,0.0,7,9
3,68,14,1.6,23.74977719436398,0.0,7,9
3,68,15,1.4,24.210126057895245,0.0,7,9
3,68,16,1.6,16.693046256501464,0.0,7,9
3,68,17,1.6,19.71897495798752,0.0,7,9
3,68,18,1.4,24.159718554965885,0.0,7,9
3,68,19,1.6,18.87386905001955,0.0,7,9
3,68,20,1.4,19.29485727107885,0.0,7,9
3,68,21,1.4,19.051016827171537,0.0,7,9
3,68,22,1.8,13.84831155005963,0.125,7,9
3,68,23,1.6,24.184111320359495,0.0,7,9
3,68,24,1.8,13.868381027737684,0.0,7,9
3,68,25,1.6,20.704435367967836,0.0,7,9
3,68,26,1.4,16.53375525050928,0.0,7,9
3,68,27,1.6,14.570803705289096,0.0,7,9
3,68,28,1.6,25.02707560608954,0.0,7,9
3,68,29,1.4,36.38282840511714,0.0,7,9
3,68,30,1.6,15.405907019618441,0.0,7,9
3,68,31,1.8,23.32786735761935,0.0,7,9
3,68,32,1.6,20.280898575529307,0.0,7,9
3,68,33,1.6,17.44394705629378,0.0,7,9
3,68,34,1.4,22.70264546704145,0.0,7,9
3,68,35,1.4,20.055608027519877,0.0,7,9
3,68,36,1.8,19.086999149357894,0.0,7,9
3,68,37,1.4,19.127451010474264,0.0,7,9
3,68,38,1.6,16.259657885147394,0.0,7,9
3,68,39,1.4,22.78094066435296,0.0,7,9
3,68,40,1.4,16.581481105801227,0.0,7,9
3,68,41,1.4,22.194810341597364,0.0,7,9
3,68,42,1.0,35.88947624313815,0.0,5,9
1,69,1,2.8,16.59843922666469,0.0,7,9
1,69,2,2.8,14.35719649641055,0.0,7,9
1,69,3,2.6,14.940530217112993,0.0,7,9
1,69,4,2.2,13.980448175728396,0.0,7,9
1,69,5,2.4,10.475098964939441,0.0,7,9
1,69,6,1.8,30.472859749406215,0.0,7,9
1,69,7,1.8,15.101173714756465,0.0,7,9
1,69,8,1.6,23.28727555138665,0.0,7,9
1,69,9,1.4,23.81681052330387,0.0,7,9
1,69,10,2.0,17.020234952324053,0.0,7,9
1,69,11,1.6,28.585270295403053,0.0,7,9
1,69,12,1.6,17.036120999945975,0.0,7,9
1,69,13,1.6,19.77011102626144,0.0,7,9
1,69,14,1.4,31.483760269009306,0.0,7,9
1,69,15,1.4,17.97114447565171,0.0,7,9
1,69,16,1.6,36.97005792917142,0.0,7,9
1,69,17,1.6,24.110523334955005,0.0,7,9
1,69,18,1.6,22.010714318437163,0.0,7,9
1,69,19,1.6,27.152424711612497,0.0,7,9
1,69,20,1.4,26.907257376038597,0.0,7,9
1,69,21,1.4,30.75267611081118,0.0,7,9
1,69,22,1.6,32.174692755533776,0.0,7,9
1,69,23,1.6,19.492981200279708,0.0,7,9
1,69,24,1.4,53.72105619914296,0.0,7,9
1,69,25,1.6,27.387753986183593,0.0,7,9
1,69,26,1.8,17.968534172907834,0.0,7,9
1,69,27,1.6,27.87627508177412,0.0,7,9
1,69,28,1.8,17.199473613460682,0.0,7,9
1,69,29,1.6,16.343949272732416,0.0,7,9
1,69,30,2.2,15.415473907434686,0.0,7,9
1,69,31,2.0,17.219256799187153,0.0,7,9
1,69,32,2.0,19.32151572796394,0.0,7,9
1,69,33,2.0,15.506337177726653,0.0,7,9
1,69,34,2.0,12.813148294758784,0.0,7,9
1,69,35,1.6,21.80920015671218,0.0,5,9
2,69,1,2.2,21.023358795179448,0.0,7,9
2,69,2,1.8,14.92936826531236,0.0,7,9
2,69,3,1.6,18.238149545230286,0.0,7,9
2,69,4,2.6,14.55352284618875,0.125,7,9
2,69,5,1.4,18.982859653990865,0.0,7,9
2,69,6,1.6,25.519617134053203,0.0,7,9
2,69,7,1.6,15.21777654328567,0.0,7,9
2,69,8,1.4,17.374768854588368,0.0,7,9
2,69,9,1.4,27.158800272140095,0.0,7,9
2,69,10,1.4,21.114557804841674,0.0,7,9
2,69,11,1.4,22.581270159098448,0.0,7,9
2,69,12,2.0,17.43320260814577,0.125,7,9
2,69,13,1.6,14.879906971282132,0.0,7,9
2,69,14,1.4,31.483207061887985,0.0,7,9
2,69,15,1.4,20.858708338141557,0.0,7,9
2,69,16,1.4,23.929216199462072,0.0,7,9
2,69,17,1.4,24.56994938775306,0.0,7,9
2,69,18,1.4,23.519362299086175,0.0,7,9
2,69,19,1.4,15.154372188412859,0.0,7,9
2,69,20,1.6,23.235855012074975,0.0,7,9
2,69,21,1.6,21.362807146257417,0.0,7,9
2,69,22,1.4,21.67847559283085,0.0,7,9
2,69,23,1.4,17.788922464398677,0.0,7,9
2,69,24,1.4,24.39015827915228,0.0,7,9
2,69,25,1.4,21.55168175848996,0.0,7,9
2,69,26,1.4,19.866618447322246,0.0,7,9
2,69,27,1.6,20.618507448219614,0.0,7,9
2,69,28,1.8,14.539710037357793,0.125,7,9
2,69,29,1.4,30.67469772970535,0.0,7,9
2,69,30,1.4,21.299934575364098,0.0,7,9
2,69,31,1.4,21.005651211174172,0.0,7,9
2,69,32,1.4,20.000786719574293,0.0,7,9
2,69,33,1.4,20.38640289028811,0.0,7,9
2,69,34,1.4,26.158613082249683,0.0,7,9
2,69,35,1.6,25.429428697912808,0.0,7,9
2,69,36,1.6,15.654516774806343,0.0,7,9
2,69,37,1.4,15.260170562905117,0.0,7,9
2,69,38,1.4,17.540331056983767,0.0,7,9
2,69,39,1.6,16.140762027549787,0.0,7,9
2,69,40,1.8,22.64429507057236,0.0,7,9
3,69,1,1.6,17.978123973025813,0.0,7,9
3,69,2,1.4,20.21707179550502,0.0,7,9
3,69,3,1.4,20.165925938233546,0.0,7,9
3,69,4,1.4,21.616221377902036,0.0,7,9
3,69,5,1.4,16.288133502001475,0.0,7,9
3,69,6,1.4,21.812729376510728,0.0,7,9
3,69,7,1.4,20.123499639888283,0.0,7,9
3,69,8,1.4,20.413873833788898,0.0,7,9
3,69,9,1.4,16.546521864093283,0.0,7,9
3,69,10,1.4,19.15494353761134,0.0,7,9
3,69,11,1.4,19.04405238434453,0.0,7,9
3,69,12,1.4,17.004196132699626,0.0,7,9
3,69,13,1.4,16.287294194840186,0.0,7,9
3,69,14,1.6,19.257473082145356,0.0,7,9
3,69,15,1.4,27.297439036242434,0.0,7,9
3,69,16,1.4,16.945746498260643,0.0,7,9
3,69,17,1.8,17.592187548936234,0.0,7,9
3,69,18,1.4,23.137319364532672,0.0,7,9
3,69,19,1.4,20.091941290763152,0.0,7,9
3,69,20,1.6,21.05803438511266,0.0,7,9
3,69,21,1.6,21.174190180481144,0.0,7,9
3,69,22,1.6,17.16201478188593,0.0,7,9
3,69,23,2.0,16.96869325332259,0.0,7,9
3,69,24,1.8,13.899899155715975,0.0,7,9
3,69,25,1.6,26.895677565510915,0.0,7,9
3,69,26,1.8,15.149871363865659,0.0,7,9
3,69,27,1.8,17.886708060708994,0.0,7,9
3,69,28,1.6,24.24016547001881,0.0,7,9
3,69,29,1.8,15.052257728824156,0.0,7,9
3,69,30,1.6,24.06430731026124,0.0,7,9
3,69,31,1.4,24.65762525927701,0.0,7,9
3,69,32,1.6,20.88262791203598,0.0,7,9
3,69,33,1.8,18.95810585951296,0.0,7,9
3,69,34,1.8,19.71722504963875,0.0,7,9
3,69,35,1.6,21.36934898646167,0.0,7,9
3,69,36,1.4,23.32936458416537,0.0,7,9
3,69,37,1.6,13.108266130442757,0.0,7,9
3,69,38,1.4,18.13637442904009,0.0,7,9
3,69,39,1.6,20.38081281506265,0.0,7,9
3,69,40,1.6,15.94123203383196,0.0,7,9
3,69,41,1.25,24.05372190596595,0.0,4,9
1,70,1,3.0,14.584137993101134,0.0,7,9
1,70,2,2.8,18.601902061766626,0.0,7,9
1,70,3,2.6,13.540147352118856,0.0,7,9
1,70,4,2.2,14.46830055016321,0.0,7,9
1,70,5,2.4,11.969028927728381,0.0,7,9
1,70,6,1.6,32.05242391873914,0.0,7,9
1,70,7,1.8,14.244457957435293,0.0,7,9
1,70,8,1.6,30.01471468035678,0.0,7,9
1,70,9,1.4,24.594452378172686,0.0,7,9
1,70,10,1.8,16.828495862659054,0.0,7,9
1,70,11,1.4,57.94073855343994,0.0,7,9
1,70,12,1.6,13.558096538620429,0.0,7,9
1,70,13,1.4,26.316930113097758,0.0,7,9
1,70,14,1.6,24.199543276607006,0.0,7,9
1,70,15,1.6,21.199085012584934,0.0,7,9
1,70,16,1.6,24.24416352814322,0.0,7,9
1,70,17,1.6,22.38373858087544,0.0,7,9
1,70,18,1.4,85.2066249867755,0.0,7,9
1,70,19,1.6,28.34977870838839,0.0,7,9
1,70,20,1.6,17.137887157886837,0.0,7,9
1,70,21,1.4,22.946693005489905,0.0,7,9
1,70,22,1.6,29.384634127682073,0.0,7,9
1,70,23,1.4,21.026349021509066,0.0,7,9
1,70,24,1.6,35.8585090453486,0.0,7,9
1,70,25,1.4,67.78463147597596,0.0,7,9
1,70,26,1.6,17.324271989450708,0.0,7,9
1,70,27,1.4,26.58405334994971,0.0,7,9
1,70,28,1.6,25.497815535532503,0.0,7,9
1,70,29,1.4,20.91353947028801,0.0,7,9
1,70,30,2.2,16.671238685953394,0.0,7,9
1,70,31,2.0,12.041166943982951,0.0,7,9
1,70,32,2.0,20.210250979457214,0.0,7,9
1,70,33,1.6,20.669064179862296,0.0,7,9
1,70,34,1.6,22.242690618676658,0.0,7,9
1,70,35,1.8,15.22430945864154,0.0,7,9
1,70,36,1.8,16.519131168260188,0.0,5,9
2,70,1,2.2,15.889327851020994,0.0,7,9
2,70,2,2.8,10.783132532368844,0.0,7,9
2,70,3,2.8,13.912781176737735,0.0,7,9
2,70,4,2.4,11.054537596563623,0.0,7,9
2,70,5,2.0,17.58952069096113,0.0,7,9
2,70,6,1.8,12.841833125850616,0.0,7,9
2,70,7,1.8,20.37266042283104,0.0,7,9
2,70,8,1.6,14.792096771706863,0.0,7,9
2,70,9,2.0,17.019038523689343,0.0,7,9
2,70,10,1.8,16.80631435015536,0.0,7,9
2,70,11,1.8,16.003426680418535,0.0,7,9
2,70,12,2.0,13.355378626428898,0.0,7,9
2,70,13,1.8,16.118335172418043,0.0,7,9
2,70,14,1.6,23.21507791957645,0.0,7,9
2,70,15,1.6,15.70218784164236,0.0,7,9
2,70,16,1.8,14.082323812504415,0.0,7,9
2,70,17,2.0,17.522325195355474,0.0,7,9
2,70,18,1.4,21.160214207543643,0.0,7,9
2,70,19,1.4,28.801386737551937,0.0,7,9
2,70,20,1.4,25.947248885231488,0.0,7,9
2,70,21,1.4,20.064084819112548,0.0,7,9
2,70,22,1.8,20.63052339899825,0.0,7,9
2,70,23,1.4,18.120423268119673,0.0,7,9
2,70,24,2.0,16.824876976705948,0.125,7,9
2,70,25,1.4,19.1794972932924,0.0,7,9
2,70,26,1.4,21.07829284126203,0.0,7,9
2,70,27,1.4,20.215778438349258,0.0,7,9
2,70,28,1.4,22.692429487543855,0.0,7,9
2,70,29,1.4,24.13402504791656,0.0,7,9
2,70,30,1.6,21.563826601791636,0.0,7,9
2,70,31,1.4,19.142034150805216,0.0,7,9
2,70,32,1.4,19.417488750585605,0.0,7,9
2,70,33,1.4,14.243183809720879,0.0,7,9
2,70,34,1.4,15.2629139271044,0.0,7,9
2,70,35,1.6,14.562800457527029,0.0,7,9
2,70,36,1.6,18.75536583925497,0.0,6,9
3,70,1,1.4,20.272826230211944,0.0,7,9
3,70,2,1.4,16.639057252020503,0.0,7,9
3,70,3,1.4,23.49482554406288,0.0,7,9
3,70,4,1.4,22.302467270903907,0.0,7,9
3,70,5,1.4,16.940096102324365,0.0,7,9
3,70,6,1.8,22.76016297000578,0.0,7,9
3,70,7,1.4,18.053316982037813,0.0,7,9
3,70,8,1.4,17.059147827966218,0.0,7,9
3,70,9,1.4,17.5470864425459,0.0,7,9
3,70,10,1.4,18.260473309891758,0.0,7,9
3,70,11,1.4,18.920919178922645,0.0,7,9
3,70,12,1.4,26.4205153620426,0.0,7,9
3,70,13,1.4,16.016554862576015,0.0,7,9
3,70,14,1.6,16.34681291595447,0.0,7,9
3,70,15,1.4,29.32078944392605,0.0,7,9
3,70,16,1.4,18.26210354720113,0.0,7,9
3,70,17,1.6,26.107768563497224,0.0,7,9
3,70,18,1.4,25.661313049245187,0.0,7,9
3,70,19,1.4,18.79531784704094,0.0,7,9
3,70,20,1.6,18.342431878367858,0.0,7,9
3,70,21,1.8,23.24551261812418,0.0,7,9
3,70,22,2.0,13.959995086301335,0.125,7,9
3,70,23,1.6,31.78263251013368,0.0,7,9
3,70,24,1.8,13.008593629368322,0.0,7,9
3,70,25,1.6,22.383823850186726,0.0,7,9
3,70,26,1.6,14.366586724372038,0.0,7,9
3,70,27,1.6,19.655603804243377,0.0,7,9
3,70,28,1.4,25.802191316893538,0.0,7,9
3,70,29,1.8,15.656602986274272,0.0,7,9
3,70,30,2.2,15.422185402889259,0.0,7,9
3,70,31,1.4,30.089229520594408,0.0,7,9
3,70,32,1.4,18.313629075516566,0.0,7,9
3,70,33,1.6,23.51034768348053,0.0,7,9
3,70,34,1.6,15.690105428542353,0.0,7,9
3,70,35,1.4,45.18818006550737,0.0,7,9
3,70,36,1.4,22.040770623512454,0.0,7,9
3,70,37,2.0,11.215373131925878,0.0,7,9
3,70,38,1.4,22.911603257936516,0.0,7,9
3,70,39,1.6,15.85167655274396,0.0,7,9
3,70,40,1.4,23.63220164219078,0.0,7,9
3,70,41,1.4,18.452185207134153,0.0,5,9
1,71,1,3.0,14.307130089926728,0.0,7,9
1,71,2,2.8,17.17076982002239,0.0,7,9
1,71,3,2.8,12.521460135494562,0.0,7,9
1,71,4,1.8,22.676148401319818,0.0,7,9
1,71,5,2.2,12.141671121329956,0.0,7,9
1,71,6,1.6,35.416770909673644,0.0,7,9
1,71,7,1.6,18.5849434417339,0.0,7,9
1,71,8,1.8,17.103790598143444,0.0,7,9
1,71,9,1.8,20.791490207301244,0.0,7,9
1,71,10,1.8,17.667244693334002,0.0,7,9
1,71,11,1.6,46.58089754508186,0.0,7,9
1,71,12,1.4,16.37080118256311,0.0,7,9
1,71,13,1.4,31.71941986549023,0.0,7,9
1,71,14,1.6,50.632885887206704,0.0,7,9
1,71,15,1.6,22.21504486267554,0.0,7,9
1,71,16,1.6,34.7209796006778,0.0,7,9
1,71,17,1.4,31.979645847965802,0.0,7,9
1,71,18,2.0,23.354669597156033,0.0,7,9
1,71,19,1.8,26.30810837493378,0.0,7,9
1,71,20,1.6,21.48778858556496,0.0,7,9
1,71,21,1.4,27.26070971579993,0.0,7,9
1,71,22,1.4,41.6893922482725,0.0,7,9
1,71,23,1.6,17.491902474584897,0.0,7,9
1,71,24,1.6,34.35678276512626,0.0,7,9
1,71,25,1.6,25.304268359086535,0.0,7,9
1,71,26,1.6,20.389320817314907,0.0,7,9
1,71,27,1.4,37.82323243232608,0.0,7,9
1,71,28,1.6,20.4552264511921,0.0,7,9
1,71,29,1.8,16.763831675335553,0.0,7,9
1,71,30,2.0,17.26546587608489,0.0,7,9
1,71,31,2.0,13.589257793193052,0.0,7,9
1,71,32,1.8,29.146327281724798,0.0,7,9
1,71,33,2.0,12.394766082518824,0.0,7,9
1,71,34,2.2,14.286702401342573,0.0,7,9
1,71,35,1.8,15.701332864966682,0.0,6,9
2,71,1,2.4,14.938538217178404,0.0,7,9
2,71,2,1.6,18.63695695113171,0.0,7,9
2,71,3,1.6,20.22876352533227,0.0,7,9
2,71,4,2.2,17.336950670114728,0.0,7,9
2,71,5,1.6,15.077343466436593,0.0,7,9
2,71,6,1.8,19.3134975903981,0.0,7,9
2,71,7,1.8,13.75190025735221,0.0,7,9
2,71,8,2.2,14.350894166939936,0.0,7,9
2,71,9,1.6,19.584533652069933,0.0,7,9
2,71,10,1.8,16.46948948195202,0.0,7,9
2,71,11,2.0,20.448627536957677,0.125,7,9
2,71,12,1.6,15.554405291918062,0.0,7,9
2,71,13,1.4,25.400056242508843,0.0,7,9
2,71,14,1.4,15.6687504035719,0.0,7,9
2,71,15,1.4,22.831687520674137,0.0,7,9
2,71,16,1.4,22.544889314145443,0.0,7,9
2,71,17,1.6,21.272591977949055,0.0,7,9
2,71,18,1.4,18.305210535885795,0.0,7,9
2,71,19,1.6,20.278417456923453,0.0,7,9
2,71,20,1.6,17.194568961155518,0.0,7,9
2,71,21,1.4,24.908753034167013,0.0,7,9
2,71,22,1.4,17.52363941812512,0.0,7,9
2,71,23,1.4,19.173189860846943,0.0,7,9
2,71,24,1.4,23.461082605705926,0.0,7,9
2,71,25,1.6,18.321777087647394,0.0,7,9
2,71,26,1.4,17.599012917686178,0.0,7,9
2,71,27,1.8,17.291306369760132,0.125,7,9
2,71,28,1.6,18.273755075386166,0.0,7,9
2,71,29,1.4,23.418866437548104,0.0,7,9
2,71,30,1.4,18.336890593832837,0.0,7,9
2,71,31,1.6,17.529774840300988,0.0,7,9
2,71,32,1.4,25.293495965171328,0.0,7,9
2,71,33,1.8,19.299304666043405,0.125,7,9
2,71,34,1.4,16.16297834858897,0.0,7,9
2,71,35,1.4,24.417905358511472,0.0,7,9
2,71,36,1.4,13.91724307355485,0.0,7,9
2,71,37,1.4,13.770492914745065,0.0,7,9
2,71,38,2.2,15.24041601912476,0.125,7,9
3,71,1,1.4,16.543897792322593,0.0,7,9
3,71,2,1.4,18.011039616231336,0.0,7,9
3,71,3,1.4,19.70922506589864,0.0,7,9
3,71,4,1.4,20.928766777624535,0.0,7,9
3,71,5,1.4,25.16463369784504,0.0,7,9
3,71,6,1.6,22.32358226024552,0.0,7,9
3,71,7,1.4,19.48248083810888,0.0,7,9
3,71,8,1.4,20.551060740842253,0.0,7,9
3,71,9,1.4,16.068339663593925,0.0,7,9
3,71,10,1.4,20.29928915644902,0.0,7,9
3,71,11,1.4,17.66866183807779,0.0,7,9
3,71,12,1.4,17.795816591017342,0.0,7,9
3,71,13,1.4,15.119647123852188,0.0,7,9
3,71,14,1.8,20.560343496011644,0.0,7,9
3,71,15,1.4,27.231984292942414,0.0,7,9
3,71,16,1.4,14.705479174712057,0.0,7,9
3,71,17,2.0,17.865909179492657,0.0,7,9
3,71,18,1.4,25.68140402256715,0.0,7,9
3,71,19,1.6,19.983904336598705,0.0,7,9
3,71,20,1.6,19.90718747691067,0.0,7,9
3,71,21,1.6,19.982611975441994,0.0,7,9
3,71,22,2.0,11.991921683592675,0.125,7,9
3,71,23,1.6,21.96059319045262,0.0,7,9
3,71,24,1.6,14.672526391354028,0.0,7,9
3,71,25,1.6,21.334685092106692,0.0,7,9
3,71,26,1.8,14.086016934533099,0.0,7,9
3,71,27,1.6,22.12054639922373,0.0,7,9
3,71,28,1.4,34.18581482385249,0.0,7,9
3,71,29,1.8,15.126713647601589,0.0,7,9
3,71,30,2.2,18.480444161877333,0.0,7,9
3,71,31,1.6,19.79858460325563,0.0,7,9
3,71,32,1.6,17.455111703330562,0.0,7,9
3,71,33,1.6,19.897750383064377,0.0,7,9
3,71,34,1.4,18.706131030663872,0.0,7,9
3,71,35,1.8,19.959022170642942,0.0,7,9
3,71,36,1.4,20.89151261703848,0.0,7,9
3,71,37,1.4,13.005316992689295,0.0,7,9
3,71,38,1.4,27.628060838539437,0.0,7,9
3,71,39,1.4,17.845445539114333,0.0,7,9
3,71,40,1.6,17.95337816332017,0.0,7,9
3,71,41,1.25,27.120169398261414,0.0,4,9
1,72,1,3.0,11.430455112049469,0.0,7,9
1,72,2,2.8,15.219284065971221,0.0,7,9
1,72,3,2.8,12.443888806229381,0.0,7,9
1,72,4,2.0,19.61013063437761,0.0,7,9
1,72,5,2.4,11.149639513866084,0.0,7,9
1,72,6,1.8,32.368738835274485,0.0,7,9
1,72,7,1.8,16.01949762819711,0.0,7,9
1,72,8,1.6,19.75317599932559,0.0,7,9
1,72,9,1.4,28.963502412259494,0.0,7,9
1,72,10,1.6,14.753042919298952,0.0,7,9
1,72,11,1.4,39.38495371383459,0.0,7,9
1,72,12,1.4,15.569048657420208,0.0,7,9
1,72,13,1.4,30.492712085481198,0.0,7,9
1,72,14,1.4,39.497846627975505,0.0,7,9
1,72,15,1.6,24.422507736906553,0.0,7,9
1,72,16,1.8,18.70830730750185,0.0,7,9
1,72,17,1.6,23.12224097650017,0.0,7,9
1,72,18,1.8,30.110183090465835,0.0,7,9
1,72,19,1.6,23.706370863965788,0.0,7,9
1,72,20,1.6,20.95395975965841,0.0,7,9
1,72,21,1.6,20.991205646489107,0.0,7,9
1,72,22,1.6,35.6294737879323,0.0,7,9
1,72,23,1.4,16.2349499114734,0.0,7,9
1,72,24,1.4,30.104166415160062,0.0,7,9
1,72,25,1.6,21.068085378460147,0.0,7,9
1,72,26,1.4,17.02617125274633,0.0,7,9
1,72,27,1.6,26.66932898060681,0.0,7,9
1,72,28,1.6,23.01758822565658,0.0,7,9
1,72,29,1.6,15.784154594863118,0.0,7,9
1,72,30,1.8,20.09510602473633,0.0,7,9
1,72,31,1.6,22.121362523292223,0.0,7,9
1,72,32,2.0,22.77197359759749,0.0,7,9
1,72,33,1.6,24.0571606400668,0.0,7,9
1,72,34,1.6,21.742814501620956,0.0,7,9
1,72,35,1.6,18.685299778974976,0.0,7,9
1,72,36,2.0,15.605058328406695,0.0,7,9
2,72,1,1.6,34.32170437673252,0.0,7,9
2,72,2,1.8,19.36606940360191,0.0,7,9
2,72,3,1.6,14.841446518686013,0.0,7,9
2,72,4,2.4,15.67504815640455,0.0,7,9
2,72,5,1.8,15.359496629400745,0.0,7,9
2,72,6,1.8,18.43026699823059,0.0,7,9
2,72,7,1.8,13.249697095100306,0.0,7,9
2,72,8,1.8,15.216036086880138,0.0,7,9
2,72,9,1.4,41.04951148781074,0.0,7,9
2,72,10,1.6,14.665406638050193,0.0,7,9
2,72,11,1.6,26.66039755705243,0.0,7,9
2,72,12,1.8,18.284915610498114,0.0,7,9
2,72,13,1.8,18.112284994211947,0.0,7,9
2,72,14,1.8,14.65891515848018,0.0,7,9
2,72,15,1.6,19.362976509519726,0.0,7,9
2,72,16,2.0,15.699843526009888,0.0,7,9
2,72,17,1.6,16.978744749902848,0.0,7,9
2,72,18,1.8,14.001178140389948,0.0,7,9
2,72,19,1.8,19.90835387506687,0.0,7,9
2,72,20,1.4,22.740757103774293,0.0,7,9
2,72,21,1.4,21.439093889310502,0.0,7,9
2,72,22,1.4,21.088124319494295,0.0,7,9
2,72,23,1.4,23.291989286857476,0.0,7,9
2,72,24,1.6,17.587121559848114,0.0,7,9
2,72,25,1.4,15.561738315311164,0.0,7,9
2,72,26,2.0,13.117440307548017,0.125,7,9
2,72,27,1.6,21.7997588286654,0.0,7,9
2,72,28,1.4,16.522448936659103,0.0,7,9
2,72,29,1.4,27.494103278272917,0.0,7,9
2,72,30,1.6,21.36660413274874,0.0,7,9
2,72,31,1.6,19.04976222869003,0.0,7,9
2,72,32,1.6,25.738125884842663,0.0,7,9
2,72,33,1.6,17.02821917920688,0.0,7,9
2,72,34,1.4,20.425976940637234,0.0,7,9
2,72,35,1.4,15.499922229002127,0.0,7,9
2,72,36,1.4,18.37620270460569,0.0,7,9
2,72,37,1.8,16.420698045239313,0.125,5,9
2,72,38,1.5,26.852615213093777,0.0,4,9
3,72,1,1.4,19.813111912035666,0.0,7,9
3,72,2,1.4,18.901636499715025,0.0,7,9
3,72,3,1.4,19.274442213262503,0.0,7,9
3,72,4,1.4,19.46352021980615,0.0,7,9
3,72,5,1.4,18.30932128996971,0.0,7,9
3,72,6,1.6,21.69023608381015,0.0,7,9
3,72,7,1.4,17.13539091007685,0.0,7,9
3,72,8,1.4,22.191526218618524,0.0,7,9
3,72,9,1.4,15.190359437666134,0.0,7,9
3,72,10,1.4,22.711402818384688,0.0,7,9
3,72,11,1.6,13.985313827922528,0.0,7,9
3,72,12,1.4,28.251104925032987,0.0,7,9
3,72,13,1.4,14.88605691382732,0.0,7,9
3,72,14,1.6,17.269974636003507,0.0,7,9
3,72,15,1.4,32.603076305685704,0.0,7,9
3,72,16,1.4,16.401164756056186,0.0,7,9
3,72,17,1.8,19.681251747593695,0.0,7,9
3,72,18,1.6,22.021851383452542,0.0,7,9
3,72,19,1.4,20.942556939677242,0.0,7,9
3,72,20,1.6,19.540846270819152,0.0,7,9
3,72,21,1.6,19.150551601084704,0.0,7,9
3,72,22,1.8,13.938723591493577,0.0,7,9
3,72,23,2.2,13.678840537469638,0.0,7,9
3,72,24,1.8,14.511864953302354,0.0,7,9
3,72,25,1.8,14.417961596339994,0.0,7,9
3,72,26,1.6,14.19306030791549,0.0,7,9
3,72,27,1.4,20.7688531258725,0.0,7,9
3,72,28,1.4,27.32278623644208,0.0,7,9
3,72,29,1.6,14.024846807706648,0.0,7,9
3,72,30,1.8,24.38175160533462,0.0,7,9
3,72,31,1.4,28.150370556789863,0.0,7,9
3,72,32,1.8,15.48394037357166,0.0,7,9
3,72,33,1.6,23.921096532998284,0.0,7,9
3,72,34,1.6,18.52847464514846,0.0,7,9
3,72,35,2.0,17.368183563174416,0.0,7,9
3,72,36,1.6,18.5170374227792,0.0,7,9
3,72,37,1.6,13.326983095693143,0.0,7,9
3,72,38,1.4,20.6374428899869,0.0,7,9
3,72,39,1.6,15.471059740202836,0.0,7,9
3,72,40,1.6,15.631719127246837,0.0,7,9
1,73,1,2.8,18.039414650126698,0.0,7,9
1,73,2,2.8,16.16763078788467,0.0,7,9
1,73,3,2.6,14.101438285837615,0.0,7,9
1,73,4,2.2,15.7735991473088,0.0,7,9
1,73,5,2.2,13.091249807112323,0.0,7,9
1,73,6,1.8,31.81146127141984,0.0,7,9
1,73,7,1.6,19.086357408718257,0.0,7,9
1,73,8,1.8,17.035044092920998,0.0,7,9
1,73,9,1.6,19.715809722252054,0.0,7,9
1,73,10,1.6,17.688185736465424,0.0,7,9
1,73,11,1.4,34.262420644854956,0.0,7,9
1,73,12,1.4,27.973718780806447,0.0,7,9
1,73,13,1.4,21.69678548511086,0.0,7,9
1,73,14,1.6,37.51907524972822,0.0,7,9
1,73,15,1.6,26.116010689342026,0.0,7,9
1,73,16,1.4,28.957359621474602,0.0,7,9
1,73,17,1.6,25.853269276854515,0.0,7,9
1,73,18,1.4,33.14741942002382,0.0,7,9
1,73,19,1.6,31.50189079589317,0.0,7,9
1,73,20,1.4,31.10781924576361,0.0,7,9
1,73,21,1.4,27.113413871857304,0.0,7,9
1,73,22,1.4,29.387837881472915,0.0,7,9
1,73,23,1.4,81.93568528353477,0.0,7,9
1,73,24,1.8,16.26872388608788,0.0,7,9
1,73,25,1.4,44.4745821468987,0.0,7,9
1,73,26,1.4,25.655370086486112,0.0,7,9
1,73,27,1.4,22.711539630138358,0.0,7,9
1,73,28,1.6,22.71996096650067,0.0,7,9
1,73,29,1.4,20.44700547985205,0.0,7,9
1,73,30,1.4,18.749940411606175,0.0,7,9
1,73,31,1.6,23.751003186618654,0.0,7,9
1,73,32,1.4,15.911648446025634,0.0,7,9
1,73,33,1.6,19.353404882825483,0.0,7,9
1,73,34,2.0,23.544887583113752,0.0,7,9
1,73,35,1.6,20.767764894328835,0.0,7,9
1,73,36,1.6,22.361995087915833,0.0,7,9
1,73,37,2.2,13.054899992564902,0.0,7,9
2,73,1,2.0,17.69180495195545,0.0,7,9
2,73,2,1.6,17.163619952323653,0.0,7,9
2,73,3,2.0,13.071641695487415,0.0,7,9
2,73,4,2.8,12.243697502325189,0.125,7,9
2,73,5,1.4,24.046031845421044,0.0,7,9
2,73,6,1.6,23.329880873458194,0.0,7,9
2,73,7,1.8,12.982807867890708,0.0,7,9
2,73,8,1.4,20.330868216883164,0.0,7,9
2,73,9,1.4,26.250169824469253,0.0,7,9
2,73,10,1.4,15.532867625941947,0.0,7,9
2,73,11,1.4,20.780645465600113,0.0,7,9
2,73,12,2.2,16.05826104762499,0.125,7,9
2,73,13,1.4,18.036743107298886,0.0,7,9
2,73,14,1.4,23.658796169301098,0.0,7,9
2,73,15,1.4,19.931204334183292,0.0,7,9
2,73,16,1.4,23.30209247565361,0.0,7,9
2,73,17,1.4,21.976187736692392,0.0,7,9
2,73,18,1.6,17.579131708226893,0.0,7,9
2,73,19,1.4,18.557955104714754,0.0,7,9
2,73,20,1.4,32.90070665464928,0.0,7,9
2,73,21,1.6,21.711399952970403,0.0,7,9
2,73,22,1.4,23.474696627125162,0.0,7,9
2,73,23,1.4,23.34207126099196,0.0,7,9
2,73,24,1.4,23.985396236832468,0.0,7,9
2,73,25,1.4,21.78942683925126,0.0,7,9
2,73,26,1.4,19.87175748339688,0.0,7,9
2,73,27,1.4,18.474970907730263,0.0,7,9
2,73,28,1.8,16.91173288357774,0.125,7,9
2,73,29,1.6,17.965517855382554,0.0,7,9
2,73,30,1.4,17.88878660716248,0.0,7,9
2,73,31,1.4,20.563120943137896,0.0,7,9
2,73,32,1.6,16.677385813317017,0.0,7,9
2,73,33,1.4,33.16349174354132,0.0,7,9
2,73,34,1.4,24.529419573152154,0.0,7,9
2,73,35,1.6,22.01601179165199,0.0,7,9
2,73,36,1.4,17.936892593716614,0.0,7,9
2,73,37,1.4,13.11327601285077,0.0,7,9
2,73,38,1.4,16.064708865221476,0.0,7,9
2,73,39,1.6,16.620680435865992,0.0,7,9
2,73,40,1.6,19.723071008132536,0.0,6,9
3,73,1,1.6,17.267523547089656,0.0,7,9
3,73,2,1.4,20.018555915390003,0.0,7,9
3,73,3,1.4,18.461542937774976,0.0,7,9
3,73,4,1.4,20.056721302595708,0.0,7,9
3,73,5,1.6,19.284888063830497,0.0,7,9
3,73,6,1.4,27.24489117815417,0.0,7,9
3,73,7,1.4,20.889739039113564,0.0,7,9
3,73,8,1.4,15.988840394656872,0.0,7,9
3,73,9,1.6,17.957307795327836,0.0,7,9
3,73,10,1.4,15.904072909909877,0.0,7,9
3,73,11,1.4,18.109189674743014,0.0,7,9
3,73,12,1.4,18.853834451742756,0.0,7,9
3,73,13,1.4,16.00715414861856,0.0,7,9
3,73,14,1.4,29.143008321299153,0.0,7,9
3,73,15,1.4,23.835863314382717,0.0,7,9
3,73,16,1.4,16.445264753152703,0.0,7,9
3,73,17,1.4,24.707594375229863,0.0,7,9
3,73,18,1.6,21.455233191828956,0.0,7,9
3,73,19,1.6,16.87866812131948,0.0,7,9
3,73,20,1.8,18.61491835080286,0.0,7,9
3,73,21,1.6,20.498408301157056,0.0,7,9
3,73,22,1.8,14.888812149401423,0.125,7,9
3,73,23,1.6,23.30520859286403,0.0,7,9
3,73,24,1.8,12.764255444388269,0.0,7,9
3,73,25,1.6,26.91498180354208,0.0,7,9
3,73,26,1.4,15.792820183548583,0.0,7,9
3,73,27,1.8,18.66888055242077,0.0,7,9
3,73,28,1.4,22.076772053298505,0.0,7,9
3,73,29,1.8,14.786039898757,0.0,7,9
3,73,30,1.4,17.82503759162609,0.0,7,9
3,73,31,1.8,22.224176216941576,0.0,7,9
3,73,32,1.6,20.338413772123577,0.0,7,9
3,73,33,1.6,18.106883352069325,0.0,7,9
3,73,34,1.4,21.067716461139984,0.0,7,9
3,73,35,1.4,28.344077817982555,0.0,7,9
3,73,36,1.4,19.425281499326132,0.0,7,9
3,73,37,1.6,18.976663160677266,0.0,7,9
3,73,38,1.4,14.540996036759921,0.0,7,9
3,73,39,1.4,23.39081166772023,0.0,7,9
3,73,40,1.6,16.816087126495212,0.0,7,9
3,73,41,1.4,19.95312109129346,0.0,7,9
1,74,1,2.8,16.15349793115103,0.0,7,9
1,74,2,2.8,13.673088831658141,0.0,7,9
1,74,3,2.8,14.863788232318374,0.0,7,9
1,74,4,2.0,18.717272949107286,0.0,7,9
1,74,5,2.2,11.78547777767377,0.0,7,9
1,74,6,2.0,20.106011295246116,0.0,7,9
1,74,7,1.4,23.13777898087372,0.0,7,9
1,74,8,1.8,15.662474961611467,0.0,7,9
1,74,9,1.4,19.832969778603815,0.0,7,9
1,74,10,1.6,16.617253130978092,0.0,7,9
1,74,11,1.4,33.95917833211022,0.0,7,9
1,74,12,1.4,23.736575377515305,0.0,7,9
1,74,13,1.4,31.948326593077887,0.0,7,9
1,74,14,1.8,19.593121364380725,0.0,7,9
1,74,15,1.6,22.8483003083215,0.0,7,9
1,74,16,1.8,20.35102532170073,0.0,7,9
1,74,17,1.6,23.033858635203337,0.0,7,9
1,74,18,1.6,30.205071860713343,0.0,7,9
1,74,19,1.4,29.193426814403317,0.0,7,9
1,74,20,1.6,17.51070181303705,0.0,7,9
1,74,21,1.6,28.12762561159909,0.0,7,9
1,74,22,1.4,39.23451740565601,0.0,7,9
1,74,23,1.4,28.002440754758553,0.0,7,9
1,74,24,1.8,20.856221985699257,0.0,7,9
1,74,25,1.6,43.07074822009682,0.0,7,9
1,74,26,1.6,16.809200072328107,0.0,7,9
1,74,27,1.4,36.116227550421534,0.0,7,9
1,74,28,1.6,19.994837128134062,0.0,7,9
1,74,29,1.4,21.883128950316696,0.0,7,9
1,74,30,2.0,16.09758418940854,0.0,7,9
1,74,31,1.8,14.957838710378738,0.0,7,9
1,74,32,2.2,18.164282590669263,0.0,7,9
1,74,33,1.6,19.157726530523316,0.0,7,9
1,74,34,1.8,21.594915912760488,0.0,7,9
1,74,35,1.6,17.482485214149666,0.0,7,9
1,74,36,1.8,16.384387751531026,0.0,7,9
2,74,1,1.8,21.013728471841596,0.0,7,9
2,74,2,1.8,17.08450508169874,0.0,7,9
2,74,3,2.0,12.358489393647588,0.0,7,9
2,74,4,2.4,16.505103203965817,0.125,7,9
2,74,5,1.4,16.315315258415836,0.0,7,9
2,74,6,1.6,24.763852132270518,0.0,7,9
2,74,7,1.6,14.985696065539452,0.0,7,9
2,74,8,1.4,16.919244727014174,0.0,7,9
2,74,9,1.4,21.086642167822266,0.0,7,9
2,74,10,1.4,27.64272165083926,0.0,7,9
2,74,11,1.4,21.282949272824915,0.0,7,9
2,74,12,1.4,23.133580538448577,0.0,7,9
2,74,13,2.2,12.705870272167777,0.125,7,9
2,74,14,1.4,21.07782781073397,0.0,7,9
2,74,15,1.4,26.340797450651877,0.0,7,9
2,74,16,1.6,19.54864276714386,0.0,7,9
2,74,17,1.4,19.797964555189164,0.0,7,9
2,74,18,1.8,16.932662619786683,0.0,7,9
2,74,19,1.6,12.693521250926645,0.0,7,9
2,74,20,1.8,22.518050420092916,0.0,7,9
2,74,21,1.4,24.054392697135047,0.0,7,9
2,74,22,1.4,27.54687960351772,0.0,7,9
2,74,23,1.4,21.59356604111155,0.0,7,9
2,74,24,1.4,18.56618886668462,0.0,7,9
2,74,25,1.4,24.0066060948915,0.0,7,9
2,74,26,1.4,18.458998514729174,0.0,7,9
2,74,27,1.4,19.201298428535242,0.0,7,9
2,74,28,1.8,17.389633014172993,0.0,7,9
2,74,29,1.6,22.93306789359616,0.0,7,9
2,74,30,1.4,29.523338234364548,0.0,7,9
2,74,31,2.4,11.837626166970514,0.0,7,9
2,74,32,1.6,19.880320053055915,0.0,7,9
2,74,33,1.6,23.035289263642927,0.0,7,9
2,74,34,2.2,11.272723468548678,0.0,7,9
2,74,35,1.6,14.224102310357111,0.0,7,9
2,74,36,1.6,13.191975156177273,0.0,7,9
2,74,37,1.4,20.684221365082163,0.0,7,9
2,74,38,2.2,14.876238633811244,0.125,7,9
3,74,1,1.8,14.427907231949918,0.0,7,9
3,74,2,1.6,17.57229326012674,0.0,7,9
3,74,3,2.2,13.717710580863429,0.0,7,9
3,74,4,1.8,15.957416315146114,0.0,7,9
3,74,5,1.4,31.774209092247467,0.0,7,9
3,74,6,1.4,17.535706253439102,0.0,7,9
3,74,7,1.4,14.373142516342627,0.0,7,9
3,74,8,1.6,16.07001026272614,0.0,7,9
3,74,9,1.6,15.18583004488362,0.0,7,9
3,74,10,1.6,16.958352630865498,0.0,7,9
3,74,11,1.4,16.838243239636228,0.0,7,9
3,74,12,1.4,17.3138657576722,0.0,7,9
3,74,13,1.8,20.045971712266468,0.0,7,9
3,74,14,1.4,18.537926288573626,0.0,7,9
3,74,15,1.6,24.19652735898836,0.0,7,9
3,74,16,1.4,25.339610539960905,0.0,7,9
3,74,17,1.6,15.449739292862501,0.0,7,9
3,74,18,1.6,18.410190649764292,0.0,7,9
3,74,19,1.6,20.047262239692063,0.0,7,9
3,74,20,1.4,19.64874444401786,0.0,7,9
3,74,21,2.0,15.135693617184373,0.125,7,9
3,74,22,2.0,11.698062285647456,0.0,7,9
3,74,23,1.4,23.55922820363692,0.0,7,9
3,74,24,1.4,21.717364939693425,0.0,7,9
3,74,25,1.6,14.65128679908068,0.0,7,9
3,74,26,1.4,27.59526654143357,0.0,7,9
3,74,27,1.4,38.73213084475843,0.0,7,9
3,74,28,1.8,13.257706954748892,0.0,7,9
3,74,29,1.8,19.739089901500645,0.0,7,9
3,74,30,1.4,28.150370556789863,0.0,7,9
3,74,31,1.4,18.535635160192722,0.0,7,9
3,74,32,1.6,17.771892288578286,0.0,7,9
3,74,33,1.6,18.488451417342453,0.0,7,9
3,74,34,1.4,30.077164465005552,0.0,7,9
3,74,35,1.6,17.504973187868206,0.0,7,9
3,74,36,2.0,11.715164541518956,0.0,7,9
3,74,37,1.4,17.41346049790348,0.0,7,9
3,74,38,1.4,17.088348666870193,0.0,7,9
3,74,39,1.4,23.272509956071463,0.0,7,9
3,74,40,1.4,18.1779733240943,0.0,6,9
1,75,1,2.8,16.41755338991018,0.0,7,9
1,75,2,2.8,16.659290300265717,0.0,7,9
1,75,3,2.8,14.682706552519033,0.0,7,9
1,75,4,2.4,12.368299036977726,0.0,7,9
1,75,5,2.2,13.579735283370042,0.0,7,9
1,75,6,1.8,29.515025597799116,0.0,7,9
1,75,7,1.8,16.105124852479978,0.0,7,9
1,75,8,1.6,25.101517801567717,0.0,7,9
1,75,9,1.4,22.907783380820938,0.0,7,9
1,75,10,2.0,18.29996079899113,0.0,7,9
1,75,11,1.4,29.988736340260978,0.0,7,9
1,75,12,1.6,19.840691838934045,0.0,7,9
1,75,13,1.4,36.078891153146714,0.0,7,9
1,75,14,1.4,29.4669012543619,0.0,7,9
1,75,15,1.6,24.2987207707291,0.0,7,9
1,75,16,1.8,33.23403393596345,0.0,7,9
1,75,17,1.4,40.823968075603794,0.0,7,9
1,75,18,1.6,32.43688506843755,0.0,7,9
1,75,19,1.4,33.42137544837038,0.0,7,9
1,75,20,1.4,29.20195124677969,0.0,7,9
1,75,21,1.6,21.74060270031927,0.0,7,9
1,75,22,1.6,33.42391183131835,0.0,7,9
1,75,23,1.4,22.8972923663276,0.0,7,9
1,75,24,1.4,37.737590374253024,0.0,7,9
1,75,25,1.4,38.653255385223815,0.0,7,9
1,75,26,1.4,18.134462228115886,0.0,7,9
1,75,27,1.4,46.49214981262352,0.0,7,9
1,75,28,1.4,31.680509776060145,0.0,7,9
1,75,29,1.6,17.602525267668668,0.0,7,9
1,75,30,1.6,17.057217594188888,0.0,7,9
1,75,31,2.6,10.220962451945159,0.0,7,9
1,75,32,1.8,26.95458909180249,0.0,7,9
1,75,33,2.0,14.635608181276142,0.0,7,9
1,75,34,1.8,20.218282635457953,0.0,7,9
1,75,35,1.4,23.65154937110957,0.0,7,9
1,75,36,2.0,14.392348431930152,0.0,6,9
2,75,1,1.8,20.115275293956415,0.0,7,9
2,75,2,1.6,16.80427499949046,0.0,7,9
2,75,3,1.6,15.44095218491856,0.0,7,9
2,75,4,2.0,20.559664591158292,0.0,7,9
2,75,5,1.8,15.241999304323922,0.0,7,9
2,75,6,2.0,16.834780388553718,0.0,7,9
2,75,7,1.6,12.942566798854935,0.0,7,9
2,75,8,1.6,17.664339847947154,0.0,7,9
2,75,9,1.6,22.720028044632055,0.0,7,9
2,75,10,1.8,14.273684186097924,0.0,7,9
2,75,11,1.6,19.5067255704473,0.0,7,9
2,75,12,2.2,14.10062370881832,0.125,7,9
2,75,13,1.4,21.67343332937298,0.0,7,9
2,75,14,1.4,23.738201200797253,0.0,7,9
2,75,15,1.4,22.03181396347504,0.0,7,9
2,75,16,1.4,22.47485406450975,0.0,7,9
2,75,17,1.4,27.10302848323457,0.0,7,9
2,75,18,1.6,16.256673194240143,0.0,7,9
2,75,19,1.6,16.95603696946983,0.0,7,9
2,75,20,1.4,32.868790650308924,0.0,7,9
2,75,21,1.4,20.36927904708178,0.0,7,9
2,75,22,1.4,32.701985300626674,0.0,7,9
2,75,23,1.4,22.801085539265234,0.0,7,9
2,75,24,1.4,19.513977616130152,0.0,7,9
2,75,25,1.4,30.312586765185692,0.0,7,9
2,75,26,1.4,24.728020115278973,0.0,7,9
2,75,27,1.4,17.599012917686178,0.0,7,9
2,75,28,1.6,17.17361710120232,0.0,7,9
2,75,29,1.6,21.131112293826675,0.0,7,9
2,75,30,2.0,15.948177716112541,0.0,7,9
2,75,31,1.6,17.713078016382237,0.0,7,9
2,75,32,1.8,17.25056254502538,0.0,7,9
2,75,33,1.4,22.784400334860837,0.0,7,9
2,75,34,1.8,15.867349072518945,0.0,7,9
2,75,35,1.8,14.510578839803992,0.0,7,9
2,75,36,1.4,14.472930321020401,0.0,7,9
2,75,37,1.6,13.858210686653184,0.0,7,9
2,75,38,1.6,18.536127779059267,0.0,7,9
2,75,39,1.2,30.548070236982664,0.0,5,9
3,75,1,1.8,14.530740906573266,0.0,7,9
3,75,2,2.2,13.180205945630442,0.0,7,9
3,75,3,1.6,24.976762844072738,0.0,7,9
3,75,4,1.8,15.915890657188571,0.0,7,9
3,75,5,1.8,17.54258530038106,0.0,7,9
3,75,6,1.6,14.014636257798323,0.0,7,9
3,75,7,1.6,18.98096697583495,0.0,7,9
3,75,8,1.4,22.522590450795274,0.0,7,9
3,75,9,1.4,17.441386330874575,0.0,7,9
3,75,10,1.4,18.28096480189006,0.0,7,9
3,75,11,1.4,19.31267184719872,0.0,7,9
3,75,12,1.4,22.87904197756127,0.0,7,9
3,75,13,1.6,18.859518723820493,0.0,7,9
3,75,14,1.4,18.93976973094098,0.0,7,9
3,75,15,1.4,25.893009830953456,0.0,7,9
3,75,16,1.4,19.85808560179591,0.0,7,9
3,75,17,1.8,19.42810763188331,0.0,7,9
3,75,18,1.4,17.72278719362623,0.0,7,9
3,75,19,1.4,22.800960175072266,0.0,7,9
3,75,20,1.6,19.05796936870397,0.0,7,9
3,75,21,1.6,19.286425995884933,0.0,7,9
3,75,22,2.2,14.65001089260953,0.0,7,9
3,75,23,2.0,14.200454309164975,0.0,7,9
3,75,24,2.0,13.340830806814,0.0,7,9
3,75,25,1.6,18.740632643932653,0.0,7,9
3,75,26,1.4,26.657699379341754,0.0,7,9
3,75,27,1.4,28.70010137739589,0.0,7,9
3,75,28,2.0,12.75471720142419,0.0,7,9
3,75,29,1.6,24.248245919707767,0.0,7,9
3,75,30,1.4,20.38694001026166,0.0,7,9
3,75,31,1.6,16.02691586246953,0.0,7,9
3,75,32,1.6,18.94311240006734,0.0,7,9
3,75,33,1.6,18.307812887648513,0.0,7,9
3,75,34,1.6,21.373916485210902,0.0,7,9
3,75,35,1.6,20.82580617096579,0.0,7,9
3,75,36,1.6,15.44626687865115,0.0,7,9
3,75,37,1.4,16.3848651064223,0.0,7,9
3,75,38,1.6,19.11335178840495,0.0,7,9
3,75,39,1.6,16.05459306803675,0.0,7,9
1,76,1,2.8,14.877322936480674,0.0,7,9
1,76,2,2.8,18.220838644376073,0.0,7,9
1,76,3,2.8,12.919837408413146,0.0,7,9
1,76,4,2.0,17.726213003356897,0.0,7,9
1,76,5,2.4,12.813928780208073,0.0,7,9
1,76,6,1.6,40.86346733120073,0.0,7,9
1,76,7,1.6,19.208033382755644,0.0,7,9
1,76,8,1.8,15.91059796185614,0.0,7,9
1,76,9,1.6,21.32017039377452,0.0,7,9
1,76,10,2.0,15.649955244007955,0.0,7,9
1,76,11,1.6,21.691273971223687,0.0,7,9
1,76,12,1.4,26.074056351218278,0.0,7,9
1,76,13,1.4,37.68929523044205,0.0,7,9
1,76,14,1.6,26.99266510282006,0.0,7,9
1,76,15,1.4,20.873382436251507,0.0,7,9
1,76,16,1.6,26.02408339255107,0.0,7,9
1,76,17,1.6,32.01680379634696,0.0,7,9
1,76,18,1.6,28.647455013131477,0.0,7,9
1,76,19,1.4,67.00705630175015,0.0,7,9
1,76,20,1.6,19.58917933661066,0.0,7,9
1,76,21,1.6,24.47828566871764,0.0,7,9
1,76,22,1.6,32.69845204476555,0.0,7,9
1,76,23,1.8,16.625086827746415,0.0,7,9
1,76,24,1.8,24.642056248445055,0.0,7,9
1,76,25,1.6,25.371866808159297,0.0,7,9
1,76,26,1.4,22.39860171382302,0.0,7,9
1,76,27,1.6,38.08091657963985,0.0,7,9
1,76,28,1.4,20.87484890946704,0.0,7,9
1,76,29,1.8,14.789031549660551,0.0,7,9
1,76,30,1.4,28.968572095789025,0.0,7,9
1,76,31,1.8,14.6505483714108,0.0,7,9
1,76,32,2.0,20.062165248370604,0.0,7,9
1,76,33,2.0,13.882730493613302,0.0,7,9
1,76,34,1.8,16.73520161506226,0.0,7,9
1,76,35,2.0,14.65962850492341,0.0,7,9
2,76,1,2.0,17.00322483827854,0.0,7,9
2,76,2,2.4,12.120855854915709,0.0,7,9
2,76,3,2.2,16.69260502496663,0.0,7,9
2,76,4,2.2,13.204999910867702,0.0,7,9
2,76,5,2.2,16.116988268855682,0.0,7,9
2,76,6,2.2,10.697613998030501,0.0,7,9
2,76,7,1.8,18.770081402149867,0.0,7,9
2,76,8,1.4,19.57301547697613,0.0,7,9
2,76,9,1.8,15.09237589392066,0.0,7,9
2,76,10,1.8,16.22899454272891,0.0,7,9
2,76,11,1.8,18.540391531951805,0.0,7,9
2,76,12,2.4,12.505203769722392,0.0,7,9
2,76,13,1.8,19.627274279141346,0.0,7,9
2,76,14,1.6,20.771013767217234,0.0,7,9
2,76,15,1.8,18.46640287384578,0.0,7,9
2,76,16,1.8,13.09723370107022,0.0,7,9
2,76,17,1.8,28.070048028415385,0.0,7,9
2,76,18,1.4,18.997250315073348,0.0,7,9
2,76,19,1.4,20.16480754032652,0.0,7,9
2,76,20,1.4,26.29714643268359,0.0,7,9
2,76,21,1.4,19.627265779248948,0.0,7,9
2,76,22,1.4,20.47075096974428,0.0,7,9
2,76,23,1.6,16.099041290094892,0.0,7,9
2,76,24,1.4,18.07863320398266,0.0,7,9
2,76,25,2.0,16.231616252520897,0.125,7,9
2,76,26,1.4,21.694724447314215,0.0,7,9
2,76,27,1.4,22.234612289968528,0.0,7,9
2,76,28,1.4,29.465345315303423,0.0,7,9
2,76,29,1.4,27.24496025135585,0.0,7,9
2,76,30,1.4,24.256776010521037,0.0,7,9
2,76,31,1.6,23.756051635789156,0.0,7,9
2,76,32,1.6,14.87277835573033,0.0,7,9
2,76,33,1.4,17.61915522000464,0.0,7,9
2,76,34,1.6,14.449169192069022,0.0,7,9
2,76,35,1.4,17.336703510737642,0.0,7,9
2,76,36,2.2,13.824001590906493,0.125,7,9
3,76,1,1.4,17.74380482509935,0.0,7,9
3,76,2,1.4,20.080750938384572,0.0,7,9
3,76,3,1.4,20.16407581098769,0.0,7,9
3,76,4,1.4,24.83852896096276,0.0,7,9
3,76,5,1.4,20.52085291386876,0.0,7,9
3,76,6,1.4,22.422534790422983,0.0,7,9
3,76,7,1.6,17.2218024254726,0.0,7,9
3,76,8,1.4,21.6418553736171,0.0,7,9
3,76,9,1.4,15.040933553474847,0.0,7,9
3,76,10,1.4,22.54397506442464,0.0,7,9
3,76,11,1.4,18.694788109782746,0.0,7,9
3,76,12,1.4,17.44059427602,0.0,7,9
3,76,13,1.4,15.661686992138723,0.0,7,9
3,76,14,1.6,20.760952213225508,0.0,7,9
3,76,15,1.4,24.75614053585594,0.0,7,9
3,76,16,1.4,15.685434000735212,0.0,7,9
3,76,17,1.4,24.68320018937337,0.0,7,9
3,76,18,1.4,29.456667125485502,0.0,7,9
3,76,19,1.8,15.101824798382168,0.0,7,9
3,76,20,1.6,17.35359862224121,0.0,7,9
3,76,21,1.6,24.77686878838353,0.0,7,9
3,76,22,1.8,14.520396140917061,0.125,7,9
3,76,23,1.6,25.203798319800683,0.0,7,9
3,76,24,1.4,18.465151388426705,0.0,7,9
3,76,25,1.8,16.89843900019752,0.0,7,9
3,76,26,1.4,18.30485295473591,0.0,7,9
3,76,27,1.6,14.634551263183177,0.0,7,9
3,76,28,1.4,24.51495037264824,0.0,7,9
3,76,29,1.4,25.081811883258325,0.0,7,9
3,76,30,1.8,14.701964804438788,0.0,7,9
3,76,31,1.4,26.563853539090395,0.0,7,9
3,76,32,1.4,32.525309845604674,0.0,7,9
3,76,33,1.4,24.068942781618347,0.0,7,9
3,76,34,1.6,17.687960124118995,0.0,7,9
3,76,35,1.6,19.37917360871381,0.0,7,9
3,76,36,1.6,22.511241582632515,0.0,7,9
3,76,37,1.6,19.641137650327572,0.0,7,9
3,76,38,2.0,13.439989941817956,0.0,7,9
3,76,39,1.4,20.439558095588005,0.0,7,9
3,76,40,1.4,16.14128227796779,0.0,7,9
3,76,41,1.4,23.184291378474914,0.0,7,9
3,76,42,1.4,17.303682499009845,0.0,7,9
1,77,1,2.8,16.15349793115103,0.0,7,9
1,77,2,2.8,17.38001046079461,0.0,7,9
1,77,3,2.4,20.271109083614903,0.0,7,9
1,77,4,2.2,17.40291319730354,0.0,7,9
1,77,5,2.2,12.163620936073555,0.0,7,9
1,77,6,1.8,35.26645877677932,0.0,7,9
1,77,7,1.6,18.93533560383744,0.0,7,9
1,77,8,1.8,15.320882743647736,0.0,7,9
1,77,9,1.4,22.278891248970556,0.0,7,9
1,77,10,1.6,17.586398378286344,0.0,7,9
1,77,11,1.4,30.636505585805157,0.0,7,9
1,77,12,1.8,18.891559477897513,0.0,7,9
1,77,13,1.4,31.759684986453863,0.0,7,9
1,77,14,1.6,30.80596385988806,0.0,7,9
1,77,15,1.4,49.59959676518034,0.0,7,9
1,77,16,1.4,26.827402771879026,0.0,7,9
1,77,17,1.4,82.84092186288177,0.0,7,9
1,77,18,1.4,35.19534707163971,0.0,7,9
1,77,19,1.6,27.977102394486042,0.0,7,9
1,77,20,1.6,24.001028389988416,0.0,7,9
1,77,21,1.6,22.36503766970634,0.0,7,9
1,77,22,1.6,26.21409545269712,0.0,7,9
1,77,23,1.4,28.548030507404455,0.0,7,9
1,77,24,1.8,18.15221324271758,0.0,7,9
1,77,25,1.4,35.507678343783766,0.0,7,9
1,77,26,1.6,20.392079316131174,0.0,7,9
1,77,27,1.6,21.615634138285127,0.0,7,9
1,77,28,1.4,45.48027020470545,0.0,7,9
1,77,29,1.4,22.18109219492744,0.0,7,9
1,77,30,1.6,15.678758823890275,0.0,7,9
1,77,31,2.0,16.86076029020433,0.0,7,9
1,77,32,2.0,15.02755218166838,0.0,7,9
1,77,33,1.4,103.13373269193627,0.0,7,9
1,77,34,1.6,20.848274379938935,0.0,7,9
1,77,35,1.8,15.573222936697963,0.0,7,9
1,77,36,1.8,17.46223791312909,0.0,7,9
1,77,37,1.75,16.555690319858343,0.0,4,9
2,77,1,1.8,22.731977104580483,0.0,7,9
2,77,2,1.6,21.691265903085696,0.0,7,9
2,77,3,1.4,19.197459557364457,0.0,7,9
2,77,4,1.8,19.34933925582891,0.0,7,9
2,77,5,2.6,12.21275160196099,0.125,7,9
2,77,6,1.8,16.671906432295437,0.0,7,9
2,77,7,1.6,13.991521042567634,0.0,7,9
2,77,8,1.6,18.790745018235736,0.0,7,9
2,77,9,1.4,23.326307823794757,0.0,7,9
2,77,10,1.4,20.20764797220877,0.0,7,9
2,77,11,1.4,19.242210453067063,0.0,7,9
2,77,12,2.0,17.48303560661388,0.125,7,9
2,77,13,1.4,18.42871287386542,0.0,7,9
2,77,14,1.4,24.744736953915204,0.0,7,9
2,77,15,1.4,20.93186958751279,0.0,7,9
2,77,16,1.4,27.384903994038186,0.0,7,9
2,77,17,1.4,24.08105627527413,0.0,7,9
2,77,18,1.4,28.53735629502163,0.0,7,9
2,77,19,1.4,14.127553533830149,0.0,7,9
2,77,20,1.4,17.329912293121076,0.0,7,9
2,77,21,1.6,29.018299798726158,0.0,7,9
2,77,22,1.4,16.195798737030625,0.0,7,9
2,77,23,1.4,22.641962319069876,0.0,7,9
2,77,24,1.4,24.2253367073874,0.0,7,9
2,77,25,1.4,25.511111437780777,0.0,7,9
2,77,26,1.8,16.845254543451958,0.0,7,9
2,77,27,1.6,21.116825823327616,0.0,7,9
2,77,28,1.8,14.470907491507361,0.125,7,9
2,77,29,1.6,23.383318508226388,0.0,7,9
2,77,30,1.4,18.984114174536717,0.0,7,9
2,77,31,1.4,23.482716873747318,0.0,7,9
2,77,32,1.4,19.14355853919232,0.0,7,9
2,77,33,1.4,22.5129912776959,0.0,7,9
2,77,34,1.4,24.038085582739694,0.0,7,9
2,77,35,1.4,38.94452202100191,0.0,7,9
2,77,36,1.6,13.077198230966484,0.0,7,9
2,77,37,1.4,15.977750915707457,0.0,7,9
2,77,38,1.4,13.661545196267681,0.0,7,9
2,77,39,1.4,16.86321790007391,0.0,7,9
2,77,40,2.2,12.529609776547705,0.125,7,9
3,77,1,1.4,17.34132690135354,0.0,7,9
3,77,2,1.4,21.267816702153123,0.0,7,9
3,77,3,1.4,25.2400787104154,0.0,7,9
3,77,4,1.4,20.439181688264856,0.0,7,9
3,77,5,1.4,20.316356597546744,0.0,7,9
3,77,6,1.6,27.55308600681019,0.0,7,9
3,77,7,1.4,22.99904263241916,0.0,7,9
3,77,8,1.4,18.612321169671095,0.0,7,9
3,77,9,1.4,16.457474125645952,0.0,7,9
3,77,10,1.4,21.665528267941717,0.0,7,9
3,77,11,1.4,16.088435190064327,0.0,7,9
3,77,12,1.4,18.607956519219428,0.0,7,9
3,77,13,1.4,15.661686992138723,0.0,7,9
3,77,14,1.4,25.651733835305112,0.0,7,9
3,77,15,1.4,22.578825899591106,0.0,7,9
3,77,16,1.4,20.03101464181381,0.0,7,9
3,77,17,1.8,15.809141640038911,0.0,7,9
3,77,18,1.6,22.731073030461847,0.0,7,9
3,77,19,1.8,15.067063430152864,0.0,7,9
3,77,20,1.4,26.086377235222116,0.0,7,9
3,77,21,1.4,29.360270016171363,0.0,7,9
3,77,22,1.8,14.216629129581042,0.125,7,9
3,77,23,1.6,24.997773134356184,0.0,7,9
3,77,24,1.6,12.68677862503845,0.0,7,9
3,77,25,2.0,21.217180042845143,0.0,7,9
3,77,26,1.6,14.657765867424311,0.0,7,9
3,77,27,1.4,22.786675886270736,0.0,7,9
3,77,28,1.4,30.687707696175877,0.0,7,9
3,77,29,1.6,24.64362171102591,0.0,7,9
3,77,30,1.8,12.663025100609374,0.0,7,9
3,77,31,1.6,27.77672296927418,0.0,7,9
3,77,32,1.8,15.61878735658157,0.0,7,9
3,77,33,1.6,18.977101372467878,0.0,7,9
3,77,34,1.6,19.326221004089128,0.0,7,9
3,77,35,1.6,22.481492019653643,0.0,7,9
3,77,36,1.6,18.91037625482144,0.0,7,9
3,77,37,1.6,15.962976023240323,0.0,7,9
3,77,38,1.4,16.1397157392497,0.0,7,9
3,77,39,1.4,15.395041138562117,0.0,7,9
3,77,40,1.6,19.666484177535324,0.0,7,9
3,77,41,1.6,16.26810854845492,0.0,7,9
1,78,1,2.8,15.855970958021594,0.0,7,9
1,78,2,2.8,14.565411750295274,0.0,7,9
1,78,3,2.8,12.139051546940172,0.0,7,9
1,78,4,2.0,14.844257559524657,0.0,7,9
1,78,5,2.2,12.240321822121702,0.0,7,9
1,78,6,1.8,30.83479799307716,0.0,7,9
1,78,7,1.6,21.776283185433435,0.0,7,9
1,78,8,1.8,17.131904835205628,0.0,7,9
1,78,9,1.6,24.235521299248852,0.0,7,9
1,78,10,1.8,15.771442662527742,0.0,7,9
1,78,11,1.4,34.04472036660165,0.0,7,9
1,78,12,1.4,17.514886981350372,0.0,7,9
1,78,13,1.4,32.99728950766895,0.0,7,9
1,78,14,1.6,32.26043102880554,0.0,7,9
1,78,15,1.6,21.111404937365947,0.0,7,9
1,78,16,1.6,28.0047851075527,0.0,7,9
1,78,17,1.4,62.364588507585296,0.0,7,9
1,78,18,1.4,31.171099249370446,0.0,7,9
1,78,19,1.4,40.114588187877246,0.0,7,9
1,78,20,1.4,25.243687072829935,0.0,7,9
1,78,21,1.6,19.016905907462654,0.0,7,9
1,78,22,1.4,71.52332735672903,0.0,7,9
1,78,23,1.6,22.437624468585312,0.0,7,9
1,78,24,1.6,20.054143771734626,0.0,7,9
1,78,25,1.4,39.46045391619761,0.0,7,9
1,78,26,1.6,21.714769473806996,0.0,7,9
1,78,27,1.4,21.290684162618664,0.0,7,9
1,78,28,1.6,44.889047651391905,0.0,7,9
1,78,29,1.4,19.585750586646675,0.0,7,9
1,78,30,1.4,17.571900143413927,0.0,7,9
1,78,31,1.6,24.873523128361988,0.0,7,9
1,78,32,1.8,18.773127417488144,0.0,7,9
1,78,33,1.8,28.153725601800435,0.0,7,9
1,78,34,1.8,20.04167181178763,0.0,7,9
1,78,35,2.0,14.833248229660875,0.0,7,9
1,78,36,1.4,31.634937198138275,0.0,7,9
1,78,37,1.8,18.90276317596902,0.0,6,9
2,78,1,2.2,15.972317985731566,0.0,7,9
2,78,2,2.4,12.26861232253674,0.0,7,9
2,78,3,2.0,16.518557083294603,0.0,7,9
2,78,4,2.8,10.064836992862197,0.125,7,9
2,78,5,2.0,16.458376146007616,0.0,7,9
2,78,6,1.6,13.906223971691364,0.0,7,9
2,78,7,2.0,14.186386607716129,0.0,7,9
2,78,8,1.4,35.05392542002162,0.0,7,9
2,78,9,1.4,18.771711719095055,0.0,7,9
2,78,10,1.6,18.82992500067024,0.0,7,9
2,78,11,1.8,16.946010425922626,0.0,7,9
2,78,12,1.8,16.611960777122896,0.0,7,9
2,78,13,2.2,13.707334833370318,0.0,7,9
2,78,14,1.4,32.97614782666921,0.0,7,9
2,78,15,1.8,16.086860520483267,0.0,7,9
2,78,16,1.6,17.059946317181534,0.0,7,9
2,78,17,1.8,13.432816987583061,0.0,7,9
2,78,18,1.4,48.0801641289986,0.0,7,9
2,78,19,1.6,18.567689915969847,0.0,7,9
2,78,20,1.4,17.46072496136191,0.0,7,9
2,78,21,1.4,31.685313811673666,0.0,7,9
2,78,22,1.4,20.347415557578394,0.0,7,9
2,78,23,1.4,18.673358658702366,0.0,7,9
2,78,24,1.6,17.818136172306758,0.0,7,9
2,78,25,1.4,20.722912723821405,0.0,7,9
2,78,26,1.8,21.42934662592304,0.0,7,9
2,78,27,1.8,15.992292760263252,0.0,7,9
2,78,28,2.0,16.89852122239416,0.0,7,9
2,78,29,1.6,24.474350365173127,0.0,7,9
2,78,30,1.6,18.929701932512923,0.0,7,9
2,78,31,1.8,18.86739672496533,0.0,7,9
2,78,32,1.8,13.843245846809323,0.0,7,9
2,78,33,1.4,13.495710220765538,0.0,7,9
2,78,34,1.4,12.83768649571211,0.0,7,9
2,78,35,1.4,21.334739428785795,0.0,7,9
2,78,36,1.8,17.370642266326456,0.0,7,9
3,78,1,1.8,14.740869479111105,0.0,7,9
3,78,2,2.0,13.204876785043554,0.0,7,9
3,78,3,2.0,16.27185588769093,0.0,7,9
3,78,4,1.4,17.857517993063222,0.0,7,9
3,78,5,1.6,22.474423804639322,0.0,7,9
3,78,6,1.4,22.17744418417997,0.0,7,9
3,78,7,1.8,12.100968183389874,0.0,7,9
3,78,8,1.4,24.448917415365216,0.0,7,9
3,78,9,1.4,17.560664325147695,0.0,7,9
3,78,10,1.6,15.419234430358845,0.0,7,9
3,78,11,1.6,15.524741292893957,0.0,7,9
3,78,12,1.4,19.645512179829186,0.0,7,9
3,78,13,1.6,22.216285186642942,0.0,7,9
3,78,14,1.4,18.152780331646262,0.0,7,9
3,78,15,1.8,19.501541631184047,0.0,7,9
3,78,16,1.8,27.156591204838453,0.0,7,9
3,78,17,1.4,21.504840290448335,0.0,7,9
3,78,18,1.6,18.67853612667578,0.0,7,9
3,78,19,1.8,21.302383874682526,0.0,7,9
3,78,20,2.0,13.093320499629778,0.125,7,9
3,78,21,1.6,27.37304757302554,0.0,7,9
3,78,22,1.6,15.522841577471263,0.0,7,9
3,78,23,1.6,21.812010909221684,0.0,7,9
3,78,24,1.6,13.644094470846733,0.0,7,9
3,78,25,1.6,16.878758782221954,0.0,7,9
3,78,26,1.4,29.6278132549933,0.0,7,9
3,78,27,1.6,18.956513607586817,0.0,7,9
3,78,28,1.6,18.452310575951007,0.0,7,9
3,78,29,1.4,31.190361063760818,0.0,7,9
3,78,30,1.6,22.659251651728606,0.0,7,9
3,78,31,1.6,15.747316514534246,0.0,7,9
3,78,32,1.4,26.483095658237115,0.0,7,9
3,78,33,1.4,17.244050811339903,0.0,7,9
3,78,34,1.4,23.9341504952893,0.0,7,9
3,78,35,1.6,18.431241545160354,0.0,7,9
3,78,36,1.8,13.018395969047955,0.0,7,9
3,78,37,1.4,23.31074841542575,0.0,7,9
3,78,38,1.4,18.49294238608856,0.0,7,9
3,78,39,1.6,14.785142048004305,0.0,7,9
3,78,40,1.0,28.392225036398298,0.0,5,9
1,79,1,2.8,15.253918405992918,0.0,7,9
1,79,2,2.8,15.911490798520688,0.0,7,9
1,79,3,2.8,14.131782262033566,0.0,7,9
1,79,4,2.6,10.008997212468365,0.0,7,9
1,79,5,2.2,14.566486667818094,0.0,7,9
1,79,6,1.6,32.15890390304415,0.0,7,9
1,79,7,2.0,13.944934293186739,0.0,7,9
1,79,8,1.4,26.769927920840104,0.0,7,9
1,79,9,1.8,13.515771879964415,0.0,7,9
1,79,10,1.6,20.255813718440542,0.0,7,9
1,79,11,1.8,19.996570243124733,0.0,7,9
1,79,12,1.4,24.520508563528473,0.0,7,9
1,79,13,1.6,22.00169440893633,0.0,7,9
1,79,14,1.4,47.82577098984161,0.0,7,9
1,79,15,1.4,18.831602924513444,0.0,7,9
1,79,16,1.4,73.31632917427677,0.0,7,9
1,79,17,1.4,29.32809683997008,0.0,7,9
1,79,18,1.6,39.29559166326625,0.0,7,9
1,79,19,1.6,29.803132457444903,0.0,7,9
1,79,20,1.4,40.07812633629088,0.0,7,9
1,79,21,1.6,24.578124299655734,0.0,7,9
1,79,22,1.6,31.015488527469884,0.0,7,9
1,79,23,1.6,18.08866500778912,0.0,7,9
1,79,24,1.4,41.22544080045337,0.0,7,9
1,79,25,1.6,22.910356916859296,0.0,7,9
1,79,26,1.6,17.329275483414307,0.0,7,9
1,79,27,1.4,35.838498196876444,0.0,7,9
1,79,28,1.6,22.170733791754028,0.0,7,9
1,79,29,1.6,16.474592907147148,0.0,7,9
1,79,30,2.0,17.560470158756996,0.0,7,9
1,79,31,2.0,13.759736003934098,0.0,7,9
1,79,32,2.0,25.126726255249817,0.0,7,9
1,79,33,1.6,19.875113673703844,0.0,7,9
1,79,34,1.6,27.55273770661711,0.0,7,9
1,79,35,1.6,23.541871314073962,0.0,7,9
1,79,36,1.6,19.86777107198493,0.0,5,9
2,79,1,2.4,15.993244266525474,0.0,7,9
2,79,2,2.4,11.51406357365059,0.0,7,9
2,79,3,3.0,10.93899719694528,0.125,7,9
2,79,4,1.6,18.839125051040593,0.0,7,9
2,79,5,1.8,20.2738054037483,0.0,7,9
2,79,6,1.6,18.42724089265709,0.0,7,9
2,79,7,1.4,16.61936957900565,0.0,7,9
2,79,8,1.4,31.821886464827543,0.0,7,9
2,79,9,1.4,18.66585302465441,0.0,7,9
2,79,10,1.4,20.465573866761012,0.0,7,9
2,79,11,1.6,20.466825329480862,0.0,7,9
2,79,12,2.0,14.2555932666183,0.0,7,9
2,79,13,1.6,36.58211689768959,0.0,7,9
2,79,14,1.6,16.593731356898875,0.0,7,9
2,79,15,2.2,14.067848879620524,0.0,7,9
2,79,16,2.0,16.817468979108977,0.0,7,9
2,79,17,1.8,11.43247347247157,0.0,7,9
2,79,18,1.8,25.389921207721187,0.0,7,9
2,79,19,1.6,19.664339644954268,0.0,7,9
2,79,20,1.4,24.849822661632448,0.0,7,9
2,79,21,1.4,20.69978483630949,0.0,7,9
2,79,22,1.4,22.590106137109437,0.0,7,9
2,79,23,1.4,21.0369073120966,0.0,7,9
2,79,24,1.4,24.363931365214487,0.0,7,9
2,79,25,1.4,14.31319730955976,0.0,7,9
2,79,26,2.2,14.23759869625333,0.125,7,9
2,79,27,1.4,16.11412689569853,0.0,7,9
2,79,28,1.4,29.67778626576277,0.0,7,9
2,79,29,1.4,17.734517355953255,0.0,7,9
2,79,30,1.6,21.63426735975152,0.0,7,9
2,79,31,1.4,22.015562971760477,0.0,7,9
2,79,32,2.4,12.84938952033869,0.125,7,9
2,79,33,1.4,24.038647697708083,0.0,7,9
2,79,34,1.4,18.334214728962237,0.0,7,9
2,79,35,1.6,14.413405879962278,0.0,7,9
2,79,36,2.6,14.515000583806186,0.125,5,9
3,79,1,1.4,18.778933341690706,0.0,7,9
3,79,2,1.6,17.777873842249047,0.0,7,9
3,79,3,1.4,19.276132680798945,0.0,7,9
3,79,4,1.4,20.056721302595403,0.0,7,9
3,79,5,1.4,16.288133502001273,0.0,7,9
3,79,6,1.6,27.910026178058473,0.0,7,9
3,79,7,1.4,18.602414296896363,0.0,7,9
3,79,8,1.4,14.107909620140804,0.0,7,9
3,79,9,1.4,17.49688816315079,0.0,7,9
3,79,10,1.4,22.245468898792524,0.0,7,9
3,79,11,1.6,15.666343698748728,0.0,7,9
3,79,12,1.4,16.292427098946575,0.0,7,9
3,79,13,1.4,15.441369727859076,0.0,7,9
3,79,14,1.8,15.898590438872835,0.0,7,9
3,79,15,1.4,24.94487174542207,0.0,7,9
3,79,16,1.4,17.491838998050355,0.0,7,9
3,79,17,1.6,25.78852869383035,0.0,7,9
3,79,18,1.6,18.03607066527772,0.0,7,9
3,79,19,1.8,14.974646338847737,0.0,7,9
3,79,20,1.6,23.216350482943795,0.0,7,9
3,79,21,1.6,15.443493606944756,0.0,7,9
3,79,22,2.0,14.253838631760845,0.125,7,9
3,79,23,2.0,11.521764878589517,0.0,7,9
3,79,24,2.0,17.11940267305716,0.0,7,9
3,79,25,1.4,15.645566841014196,0.0,7,9
3,79,26,1.4,19.132385395156934,0.0,7,9
3,79,27,1.4,31.021218972432592,0.0,7,9
3,79,28,1.4,46.12409961941795,0.0,7,9
3,79,29,2.0,11.436262538409489,0.0,7,9
3,79,30,1.6,28.569014617524118,0.0,7,9
3,79,31,1.4,25.011525883498667,0.0,7,9
3,79,32,1.6,17.14983391251889,0.0,7,9
3,79,33,1.6,29.111590215271505,0.0,7,9
3,79,34,1.4,20.61519877019184,0.0,7,9
3,79,35,1.6,28.95751550246284,0.0,7,9
3,79,36,1.6,15.283561909630293,0.0,7,9
3,79,37,1.6,12.720893109078222,0.0,7,9
3,79,38,1.4,27.25865892237349,0.0,7,9
3,79,39,1.8,12.671102100164116,0.0,7,9
3,79,40,1.4,26.416712031787128,0.0,7,9
3,79,41,1.0,56.498415742890664,0.0,4,9
1,80,1,3.0,15.52337640079153,0.0,7,9
1,80,2,2.8,16.071684781710672,0.0,7,9
1,80,3,2.8,12.418244838490837,0.0,7,9
1,80,4,2.0,20.758535436409872,0.0,7,9
1,80,5,2.6,11.450804518915318,0.0,7,9
1,80,6,1.6,37.33994644806225,0.0,7,9
1,80,7,1.8,15.76799330673423,0.0,7,9
1,80,8,1.4,26.964302813963638,0.0,7,9
1,80,9,1.6,19.7807836693781,0.0,7,9
1,80,10,1.8,18.348203658608806,0.0,7,9
1,80,11,1.4,106.84279064869116,0.0,7,9
1,80,12,1.6,15.045511086180808,0.0,7,9
1,80,13,1.6,30.035187107555306,0.0,7,9
1,80,14,1.6,42.98703333451709,0.0,7,9
1,80,15,1.4,23.418705523968455,0.0,7,9
1,80,16,1.6,40.4438125502863,0.0,7,9
1,80,17,1.6,32.06467946523122,0.0,7,9
1,80,18,1.6,29.00237871543376,0.0,7,9
1,80,19,1.4,35.38382250443129,0.0,7,9
1,80,20,1.6,20.24982425101377,0.0,7,9
1,80,21,1.8,20.042764586454755,0.0,7,9
1,80,22,1.6,24.910260272203022,0.0,7,9
1,80,23,1.6,20.42430175950646,0.0,7,9
1,80,24,1.6,27.68797920725413,0.0,7,9
1,80,25,1.6,22.868459255722453,0.0,7,9
1,80,26,1.4,29.679618649216888,0.0,7,9
1,80,27,1.4,45.19945616169151,0.0,7,9
1,80,28,1.6,20.386026504771326,0.0,7,9
1,80,29,1.6,18.522052229373397,0.0,7,9
1,80,30,2.2,14.009306431994837,0.0,7,9
1,80,31,2.2,13.857896083130912,0.0,7,9
1,80,32,1.8,23.051706842075937,0.0,7,9
1,80,33,1.6,26.8535261507368,0.0,7,9
1,80,34,2.0,14.305982822588271,0.0,7,9
1,80,35,1.8,16.72050869469385,0.0,7,9
2,80,1,2.2,16.533627560555416,0.0,7,9
2,80,2,2.0,15.068366178861435,0.0,7,9
2,80,3,2.0,15.495090070569159,0.0,7,9
2,80,4,2.2,14.775186367480696,0.0,7,9
2,80,5,2.2,12.580149312229116,0.0,7,9
2,80,6,2.0,14.065445579346939,0.0,7,9
2,80,7,2.2,12.332031329863897,0.0,7,9
2,80,8,1.8,15.552569047798828,0.0,7,9
2,80,9,1.8,15.969476556846566,0.0,7,9
2,80,10,1.6,23.359037513590096,0.0,7,9
2,80,11,1.6,18.721355254409207,0.0,7,9
2,80,12,1.6,20.848719640373524,0.0,7,9
2,80,13,1.8,17.804712257371786,0.0,7,9
2,80,14,1.4,31.546108173548767,0.0,7,9
2,80,15,1.8,17.168810675182662,0.0,7,9
2,80,16,1.8,14.313400472882996,0.0,7,9
2,80,17,1.8,12.628478021648462,0.0,7,9
2,80,18,1.4,42.70834186770328,0.0,7,9
2,80,19,1.6,16.46793198751095,0.0,7,9
2,80,20,1.4,25.77607403561055,0.0,7,9
2,80,21,1.6,19.310503155374406,0.0,7,9
2,80,22,1.4,30.012064850277508,0.0,7,9
2,80,23,1.6,16.994718309645613,0.0,7,9
2,80,24,1.4,21.265473207147927,0.0,7,9
2,80,25,2.0,16.2568473731927,0.125,7,9
2,80,26,1.4,22.32238157320225,0.0,7,9
2,80,27,1.4,21.005288030969112,0.0,7,9
2,80,28,1.4,25.226104837495406,0.0,7,9
2,80,29,1.4,24.81312742837396,0.0,7,9
2,80,30,1.4,22.764372680081795,0.0,7,9
2,80,31,1.4,26.65735345621397,0.0,7,9
2,80,32,1.6,18.735608276430856,0.0,7,9
2,80,33,1.6,17.256908573110877,0.0,7,9
2,80,34,1.4,13.147576808251237,0.0,7,9
2,80,35,1.8,14.082179035568368,0.0,7,9
2,80,36,1.8,13.487557112540083,0.125,5,9
2,80,37,1.2,25.355694144655182,0.0,5,9
3,80,1,1.4,18.058140762693284,0.0,7,9
3,80,2,1.4,21.876388068135487,0.0,7,9
3,80,3,1.4,26.905589603438887,0.0,7,9
3,80,4,1.4,28.415975336180733,0.0,7,9
3,80,5,1.4,25.16463369784504,0.0,7,9
3,80,6,1.6,18.705125529969266,0.0,7,9
3,80,7,1.4,21.617132610668126,0.0,7,9
3,80,8,1.4,17.494325707885704,0.0,7,9
3,80,9,1.4,18.3319432040689,0.0,7,9
3,80,10,1.6,15.430123359936868,0.0,7,9
3,80,11,1.8,16.646651738019955,0.0,7,9
3,80,12,1.4,17.311940812404735,0.0,7,9
3,80,13,1.4,18.093659139648814,0.0,7,9
3,80,14,1.6,22.41528224908555,0.0,7,9
3,80,15,1.4,24.64334544787187,0.0,7,9
3,80,16,1.4,18.666302288260674,0.0,7,9
3,80,17,1.6,26.688789683161176,0.0,7,9
3,80,18,1.6,21.83509447231755,0.0,7,9
3,80,19,2.2,12.915785220669575,0.0,7,9
3,80,20,1.6,23.608458957723567,0.0,7,9
3,80,21,2.0,11.010793344930944,0.125,7,9
3,80,22,1.6,23.644803448058937,0.0,7,9
3,80,23,1.6,13.066226909265682,0.0,7,9
3,80,24,2.0,19.712722452564382,0.0,7,9
3,80,25,1.6,14.116467405998812,0.0,7,9
3,80,26,1.4,24.32748981523004,0.0,7,9
3,80,27,1.4,30.083923262273963,0.0,7,9
3,80,28,1.6,19.466773372151863,0.0,7,9
3,80,29,2.0,14.971466174676694,0.0,7,9
3,80,30,1.6,33.56272531910931,0.0,7,9
3,80,31,1.4,19.54020500771095,0.0,7,9
3,80,32,1.6,16.06902365233584,0.0,7,9
3,80,33,1.6,20.328264004079767,0.0,7,9
3,80,34,1.6,21.837693250192373,0.0,7,9
3,80,35,1.4,20.19496959702675,0.0,7,9
3,80,36,1.6,28.276469286602037,0.0,7,9
3,80,37,1.4,12.67295377861846,0.0,7,9
3,80,38,1.4,27.246280944646756,0.0,7,9
3,80,39,1.6,13.630564365963725,0.0,7,9
3,80,40,1.4,22.608372438490285,0.0,7,9
1,81,1,2.8,19.498688257264973,0.0,7,9
1,81,2,2.8,17.380010460794622,0.0,7,9
1,81,3,2.8,13.528967241252039,0.0,7,9
1,81,4,2.2,14.7878468983409,0.0,7,9
1,81,5,2.0,12.827858168055176,0.0,7,9
1,81,6,1.8,29.477296999403002,0.0,7,9
1,81,7,1.6,17.790358961710748,0.0,7,9
1,81,8,1.6,17.489254766256675,0.0,7,9
1,81,9,1.4,33.388619185173056,0.0,7,9
1,81,10,1.6,19.976704295142277,0.0,7,9
1,81,11,1.4,42.83062912379875,0.0,7,9
1,81,12,1.4,26.16911335932903,0.0,7,9
1,81,13,1.4,26.228105049371464,0.0,7,9
1,81,14,1.4,27.981057847370828,0.0,7,9
1,81,15,1.6,37.77413499536225,0.0,7,9
1,81,16,1.4,21.754968157669126,0.0,7,9
1,81,17,1.6,45.474090738983826,0.0,7,9
1,81,18,1.4,36.83164900293395,0.0,7,9
1,81,19,1.4,69.354629754685,0.0,7,9
1,81,20,1.4,31.073011448350403,0.0,7,9
1,81,21,1.4,26.087681146572056,0.0,7,9
1,81,22,1.6,22.21669067717164,0.0,7,9
1,81,23,1.6,36.50498378060709,0.0,7,9
1,81,24,1.6,21.52445737685222,0.0,7,9
1,81,25,1.4,54.44433452475624,0.0,7,9
1,81,26,1.6,33.12642629728634,0.0,7,9
1,81,27,1.4,27.791880606604117,0.0,7,9
1,81,28,1.8,19.21427893484337,0.0,7,9
1,81,29,1.6,17.891952864403333,0.0,7,9
1,81,30,1.6,16.121984978966744,0.0,7,9
1,81,31,2.0,15.80976129455541,0.0,7,9
1,81,32,1.6,18.444637618702718,0.0,7,9
1,81,33,2.4,19.00577639314194,0.0,7,9
1,81,34,1.4,24.302862604250606,0.0,7,9
1,81,35,1.6,25.03074184216478,0.0,7,9
1,81,36,2.2,11.503993576340116,0.0,7,9
1,81,37,1.5,22.14843132481069,0.0,4,9
2,81,1,2.2,16.48905302108428,0.0,7,9
2,81,2,2.8,10.726398568461786,0.0,7,9
2,81,3,2.6,16.27884240498122,0.0,7,9
2,81,4,2.6,9.942283813170164,0.0,7,9
2,81,5,2.4,13.167381174437354,0.0,7,9
2,81,6,2.2,12.69025646413103,0.0,7,9
2,81,7,1.8,14.149347756298129,0.0,7,9
2,81,8,1.6,17.182276706686835,0.0,7,9
2,81,9,2.0,15.79880399505287,0.0,7,9
2,81,10,2.4,10.629977680777182,0.0,7,9
2,81,11,1.4,22.107885838951677,0.0,7,9
2,81,12,2.0,14.621232533038103,0.0,7,9
2,81,13,1.6,22.614218234023625,0.0,7,9
2,81,14,2.0,14.936887678342051,0.0,7,9
2,81,15,1.6,18.549629840436168,0.0,7,9
2,81,16,2.0,19.39918681546513,0.0,7,9
2,81,17,1.4,18.33169786518423,0.0,7,9
2,81,18,1.4,20.110668868031723,0.0,7,9
2,81,19,1.4,21.57606360845373,0.0,7,9
2,81,20,1.4,24.5880738265057,0.0,7,9
2,81,21,1.6,18.430522930686585,0.0,7,9
2,81,22,1.6,19.524563776339406,0.0,7,9
2,81,23,2.0,13.033579880574292,0.125,7,9
2,81,24,1.4,28.26480246735721,0.0,7,9
2,81,25,1.4,18.581978067389265,0.0,7,9
2,81,26,1.4,25.46626447053761,0.0,7,9
2,81,27,1.6,17.72921514441998,0.0,7,9
2,81,28,1.4,19.19260906782919,0.0,7,9
2,81,29,1.4,27.872170336277637,0.0,7,9
2,81,30,2.4,10.677851588975363,0.125,7,9
2,81,31,1.4,19.325656702874323,0.0,7,9
2,81,32,1.4,12.756177476737093,0.0,7,9
2,81,33,1.4,19.22419121084939,0.0,7,9
2,81,34,2.0,15.113769694253516,0.125,7,9
2,81,35,1.0,38.98794627811864,0.0,4,9
3,81,1,1.4,20.896197927769748,0.0,7,9
3,81,2,1.4,19.69281325980549,0.0,7,9
3,81,3,1.4,21.06699148815129,0.0,7,9
3,81,4,1.4,24.83852896096276,0.0,7,9
3,81,5,1.4,22.31800584791637,0.0,7,9
3,81,6,1.6,22.40536070122778,0.0,7,9
3,81,7,1.4,20.528766046852553,0.0,7,9
3,81,8,1.4,18.612321169671358,0.0,7,9
3,81,9,1.4,15.53767119587841,0.0,7,9
3,81,10,1.4,20.099163363920738,0.0,7,9
3,81,11,1.4,14.087373028558769,0.0,7,9
3,81,12,1.4,17.05160333504017,0.0,7,9
3,81,13,1.4,16.33078314792773,0.0,7,9
3,81,14,1.8,15.234259108277765,0.0,7,9
3,81,15,1.4,23.29123813936668,0.0,7,9
3,81,16,1.4,16.760732455935432,0.0,7,9
3,81,17,1.6,35.50423606758002,0.0,7,9
3,81,18,1.6,24.814656201518808,0.0,7,9
3,81,19,1.6,17.790039700685785,0.0,7,9
3,81,20,1.8,19.97156297522719,0.0,7,9
3,81,21,1.6,21.53016406252293,0.0,7,9
3,81,22,1.8,17.360098583943376,0.125,7,9
3,81,23,1.8,16.65540056134542,0.0,7,9
3,81,24,1.6,18.050074089547017,0.0,7,9
3,81,25,1.6,19.192350139854017,0.0,7,9
3,81,26,1.4,21.211006841527215,0.0,7,9
3,81,27,1.6,22.97873976465976,0.0,7,9
3,81,28,1.4,25.374009054121213,0.0,7,9
3,81,29,1.8,16.95899558937105,0.0,7,9
3,81,30,2.0,19.48500224509231,0.0,7,9
3,81,31,1.6,22.65591599100201,0.0,7,9
3,81,32,1.4,19.17486261356076,0.0,7,9
3,81,33,1.8,18.115805747963062,0.0,7,9
3,81,34,1.6,16.709260095732684,0.0,7,9
3,81,35,1.4,27.66186667708811,0.0,7,9
3,81,36,1.6,19.571878164357845,0.0,7,9
3,81,37,1.6,13.504845593598086,0.0,7,9
3,81,38,1.4,21.389210085926674,0.0,7,9
3,81,39,1.6,16.492864810378162,0.0,7,9
3,81,40,1.4,27.08589990993905,0.0,7,9
3,81,41,1.4,18.232161761424198,0.0,7,9
1,82,1,2.8,14.767943683155762,0.0,7,9
1,82,2,2.8,19.147159813336742,0.0,7,9
1,82,3,2.8,14.033054501501175,0.0,7,9
1,82,4,1.6,36.38989561789744,0.0,7,9
1,82,5,2.4,10.266884529519684,0.0,7,9
1,82,6,1.8,36.549876091736465,0.0,7,9
1,82,7,1.6,16.498705442825447,0.0,7,9
1,82,8,1.8,14.61488754166057,0.0,7,9
1,82,9,1.8,18.55124477697114,0.0,7,9
1,82,10,1.8,16.50583249976348,0.0,7,9
1,82,11,1.6,31.163693204197088,0.0,7,9
1,82,12,1.6,15.313143191548438,0.0,7,9
1,82,13,1.6,25.682860025913737,0.0,7,9
1,82,14,1.8,41.75775450226167,0.0,7,9
1,82,15,1.4,16.419896485016654,0.0,7,9
1,82,16,1.4,46.285640538216725,0.0,7,9
1,82,17,1.4,42.899207396004265,0.0,7,9
1,82,18,1.8,26.518214235405036,0.0,7,9
1,82,19,1.6,28.300069562687767,0.0,7,9
1,82,20,1.4,20.854519576546814,0.0,7,9
1,82,21,1.4,27.397096290467662,0.0,7,9
1,82,22,1.4,38.01779224261662,0.0,7,9
1,82,23,1.4,24.338332644067087,0.0,7,9
1,82,24,1.6,34.4245795607087,0.0,7,9
1,82,25,1.8,25.16313263609482,0.0,7,9
1,82,26,1.6,18.61396894691703,0.0,7,9
1,82,27,1.6,22.0547363374515,0.0,7,9
1,82,28,1.6,22.29724439573323,0.0,7,9
1,82,29,1.4,16.409293318035573,0.0,7,9
1,82,30,2.2,17.627816629512335,0.0,7,9
1,82,31,1.6,18.735983440409765,0.0,7,9
1,82,32,2.4,17.02583500094641,0.0,7,9
1,82,33,2.0,13.116824742103024,0.0,7,9
1,82,34,1.8,16.48440233956193,0.0,7,9
1,82,35,1.8,18.249592659639003,0.0,7,9
2,82,1,2.2,19.734501417624244,0.0,7,9
2,82,2,2.0,15.410059098112463,0.0,7,9
2,82,3,2.0,16.678197697043455,0.0,7,9
2,82,4,2.8,10.793417496889143,0.125,7,9
2,82,5,2.0,19.71876603629356,0.0,7,9
2,82,6,1.6,13.802075849497479,0.0,7,9
2,82,7,1.4,18.965357745261787,0.0,7,9
2,82,8,1.4,25.80126954443026,0.0,7,9
2,82,9,1.4,19.217620174718867,0.0,7,9
2,82,10,1.4,18.075151810094106,0.0,7,9
2,82,11,1.4,25.337843159736423,0.0,7,9
2,82,12,2.2,14.940617823182457,0.125,7,9
2,82,13,1.4,19.782488977008704,0.0,7,9
2,82,14,1.4,19.343074911937943,0.0,7,9
2,82,15,1.4,17.813656558273472,0.0,7,9
2,82,16,1.4,23.25693061037048,0.0,7,9
2,82,17,1.6,19.696369906845526,0.0,7,9
2,82,18,1.6,12.877131143051926,0.0,7,9
2,82,19,1.6,20.857618881369675,0.0,7,9
2,82,20,1.4,40.79785688966737,0.0,7,9
2,82,21,1.4,25.576677427881684,0.0,7,9
2,82,22,1.4,27.204943890953476,0.0,7,9
2,82,23,1.4,21.03481934378656,0.0,7,9
2,82,24,1.4,23.910839745664394,0.0,7,9
2,82,25,1.8,14.66656850675222,0.0,7,9
2,82,26,1.4,18.09240945234768,0.0,7,9
2,82,27,1.8,17.954286900341025,0.125,7,9
2,82,28,1.4,27.305253780330265,0.0,7,9
2,82,29,1.4,19.043223199408995,0.0,7,9
2,82,30,1.4,33.33904723081781,0.0,7,9
2,82,31,1.4,23.300638152352047,0.0,7,9
2,82,32,1.4,22.267101123542574,0.0,7,9
2,82,33,1.4,30.514277841216224,0.0,7,9
2,82,34,1.4,29.25717074936263,0.0,7,9
2,82,35,1.4,17.842773037596398,0.0,7,9
2,82,36,1.4,17.536281972105137,0.0,7,9
2,82,37,1.4,17.25614735601886,0.0,7,9
2,82,38,1.8,13.896581029090283,0.0,7,9
2,82,39,2.0,16.057038454374027,0.125,7,9
3,82,1,1.4,17.29229733865366,0.0,7,9
3,82,2,1.4,17.74968958987614,0.0,7,9
3,82,3,1.4,23.676731521327355,0.0,7,9
3,82,4,1.4,21.00062871727669,0.0,7,9
3,82,5,1.4,21.839839422977192,0.0,7,9
3,82,6,1.4,19.307972292999064,0.0,7,9
3,82,7,1.6,16.004997452310274,0.0,7,9
3,82,8,1.4,17.645745087924155,0.0,7,9
3,82,9,1.4,15.860002257491178,0.0,7,9
3,82,10,1.4,21.2146295649728,0.0,7,9
3,82,11,1.4,16.841561976736152,0.0,7,9
3,82,12,1.4,16.58910396020791,0.0,7,9
3,82,13,1.4,13.947356045115274,0.0,7,9
3,82,14,1.6,19.755085488864054,0.0,7,9
3,82,15,1.4,28.308196829002622,0.0,7,9
3,82,16,1.4,15.179357376162114,0.0,7,9
3,82,17,1.8,23.82953245873163,0.0,7,9
3,82,18,1.6,27.12583574544196,0.0,7,9
3,82,19,1.4,18.190500827094663,0.0,7,9
3,82,20,1.8,17.397083443718394,0.0,7,9
3,82,21,1.6,20.429936750782893,0.0,7,9
3,82,22,1.6,14.942161509069253,0.0,7,9
3,82,23,1.6,39.4846948950165,0.0,7,9
3,82,24,1.8,13.180958750579942,0.0,7,9
3,82,25,2.0,15.45400925797088,0.0,7,9
3,82,26,1.8,18.1920070251035,0.0,7,9
3,82,27,1.6,22.200841358788438,0.0,7,9
3,82,28,1.6,23.60143451650476,0.0,7,9
3,82,29,1.8,12.795047076148562,0.0,7,9
3,82,30,1.4,25.67186061324335,0.0,7,9
3,82,31,1.4,41.31342231314772,0.0,7,9
3,82,32,1.4,19.2265380948379,0.0,7,9
3,82,33,1.8,16.899181668187662,0.0,7,9
3,82,34,1.4,30.509886465550615,0.0,7,9
3,82,35,1.4,28.479341127926062,0.0,7,9
3,82,36,1.6,19.38998900473159,0.0,7,9
3,82,37,1.8,16.444869811929177,0.0,7,9
3,82,38,1.4,17.145855310176728,0.0,7,9
3,82,39,1.4,18.71509957570715,0.0,7,9
3,82,40,1.6,22.46104735536712,0.0,7,9
3,82,41,1.6,15.227627288989364,0.0,7,9
1,83,1,3.0,14.23951453961607,0.0,7,9
1,83,2,2.8,15.493190353663367,0.0,7,9
1,83,3,2.6,16.783306396103203,0.0,7,9
1,83,4,2.2,15.79567227615188,0.0,7,9
1,83,5,2.4,11.129048026172862,0.0,7,9
1,83,6,1.6,33.47693364340197,0.0,7,9
1,83,7,1.4,22.44823382083189,0.0,7,9
1,83,8,2.0,14.577745431359455,0.0,7,9
1,83,9,1.4,23.723049358070938,0.0,7,9
1,83,10,1.6,18.113534687348036,0.0,7,9
1,83,11,1.6,27.590804175455858,0.0,7,9
1,83,12,1.4,19.950314813064928,0.0,7,9
1,83,13,1.4,36.38424455460916,0.0,7,9
1,83,14,1.4,59.33116292466549,0.0,7,9
1,83,15,1.4,45.140988294141586,0.0,7,9
1,83,16,1.4,19.7172507087105,0.0,7,9
1,83,17,1.6,29.660602485809072,0.0,7,9
1,83,18,1.6,22.44835383147762,0.0,7,9
1,83,19,1.6,28.520041735295823,0.0,7,9
1,83,20,1.4,36.36396940460456,0.0,7,9
1,83,21,1.6,22.08327883703367,0.0,7,9
1,83,22,1.4,38.56593044963764,0.0,7,9
1,83,23,1.4,31.209385157206274,0.0,7,9
1,83,24,2.0,14.386811459915249,0.0,7,9
1,83,25,1.4,28.42790106247857,0.0,7,9
1,83,26,1.8,15.337457947106305,0.0,7,9
1,83,27,1.6,24.57410989454595,0.0,7,9
1,83,28,1.8,17.608597790122328,0.0,7,9
1,83,29,1.6,15.903439206737776,0.0,7,9
1,83,30,2.0,15.764077842504328,0.0,7,9
1,83,31,2.0,14.092646958337669,0.0,7,9
1,83,32,2.2,21.2592543212549,0.0,7,9
1,83,33,1.6,18.41725742299601,0.0,7,9
1,83,34,2.0,13.335866181482048,0.0,7,9
1,83,35,2.6,10.69935439144985,0.0,7,9
2,83,1,1.8,27.176270761620835,0.0,7,9
2,83,2,2.0,13.120082525725223,0.0,7,9
2,83,3,1.8,16.58745038976557,0.0,7,9
2,83,4,2.0,21.468747123427175,0.0,7,9
2,83,5,1.6,16.91076581343145,0.0,7,9
2,83,6,1.8,17.18726282496593,0.0,7,9
2,83,7,1.6,15.88063984279946,0.0,7,9
2,83,8,1.6,14.109168104535643,0.0,7,9
2,83,9,1.8,18.88075324284271,0.0,7,9
2,83,10,1.6,12.255677235676913,0.0,7,9
2,83,11,1.8,21.68230601457956,0.0,7,9
2,83,12,2.2,12.451961840866636,0.0,7,9
2,83,13,1.6,18.97312393064118,0.0,7,9
2,83,14,1.8,14.684169080168916,0.0,7,9
2,83,15,1.8,16.203741190890756,0.0,7,9
2,83,16,2.2,16.616768455433196,0.0,7,9
2,83,17,1.4,17.346367774516377,0.0,7,9
2,83,18,1.8,15.902386746330984,0.0,7,9
2,83,19,1.8,16.512578335739384,0.0,7,9
2,83,20,1.4,26.761583647888497,0.0,7,9
2,83,21,1.4,20.872616990168837,0.0,7,9
2,83,22,1.4,19.053728531880726,0.0,7,9
2,83,23,1.4,24.995158803509327,0.0,7,9
2,83,24,1.8,18.18477831007333,0.0,7,9
2,83,25,1.4,18.033625134580838,0.0,7,9
2,83,26,1.6,23.65349904307297,0.0,7,9
2,83,27,2.2,13.540416227671535,0.0,7,9
2,83,28,1.8,21.065121928894936,0.0,7,9
2,83,29,2.0,16.08403335616166,0.0,7,9
2,83,30,1.6,20.50602699202648,0.0,7,9
2,83,31,1.6,21.96446740103201,0.0,7,9
2,83,32,2.0,11.844736088055875,0.0,7,9
2,83,33,1.4,17.23871139957074,0.0,7,9
2,83,34,1.4,13.941820491896097,0.0,7,9
2,83,35,1.6,19.73425561792738,0.0,7,9
2,83,36,1.8,18.929772013886314,0.0,7,9
3,83,1,2.0,14.41273374324849,0.0,7,9
3,83,2,1.8,16.149228472350266,0.0,7,9
3,83,3,2.8,10.871851386712846,0.0,7,9
3,83,4,2.0,15.398310962720286,0.0,7,9
3,83,5,2.0,12.693325317684915,0.0,7,9
3,83,6,1.4,17.419277223599284,0.0,7,9
3,83,7,1.4,21.37314890838275,0.0,7,9
3,83,8,1.4,15.833174363282138,0.0,7,9
3,83,9,1.6,14.539509673590606,0.0,7,9
3,83,10,1.4,19.279885678686348,0.0,7,9
3,83,11,1.4,15.958575192963627,0.0,7,9
3,83,12,1.8,19.287385877813218,0.0,7,9
3,83,13,1.4,19.862384357323826,0.0,7,9
3,83,14,1.8,17.493506461536285,0.0,7,9
3,83,15,1.8,21.294448979737595,0.0,7,9
3,83,16,1.4,22.370044771319563,0.0,7,9
3,83,17,1.6,18.735754700452603,0.0,7,9
3,83,18,1.4,27.47697397051455,0.0,7,9
3,83,19,1.8,17.64438144893518,0.125,7,9
3,83,20,1.8,20.489506947668094,0.0,7,9
3,83,21,1.6,14.387950315467851,0.0,7,9
3,83,22,1.8,26.031884374757286,0.0,7,9
3,83,23,1.6,14.908909096616155,0.0,7,9
3,83,24,1.4,18.00587220872162,0.0,7,9
3,83,25,1.4,24.44891884051131,0.0,7,9
3,83,26,1.4,39.3063445600462,0.0,7,9
3,83,27,2.0,12.69429411691437,0.0,7,9
3,83,28,1.8,22.22582259959775,0.0,7,9
3,83,29,1.6,17.6475564495436,0.0,7,9
3,83,30,1.6,16.547247169527438,0.0,7,9
3,83,31,1.4,24.32812141144327,0.0,7,9
3,83,32,1.6,16.10789388937348,0.0,7,9
3,83,33,1.4,28.16680891470625,0.0,7,9
3,83,34,1.4,20.96018945107119,0.0,7,9
3,83,35,1.6,12.512692798710496,0.0,7,9
3,83,36,1.4,21.43199551948656,0.0,7,9
3,83,37,1.4,22.675190523911528,0.0,7,9
3,83,38,1.6,20.68584542778776,0.0,7,9
3,83,39,1.25,21.052385897502056,0.0,4,9
1,84,1,2.8,14.624582238158515,0.0,7,9
1,84,2,2.8,14.2891080161038,0.0,7,9
1,84,3,2.8,15.278328692651833,0.0,7,9
1,84,4,2.2,14.468300550163201,0.0,7,9
1,84,5,2.8,9.676733491790456,0.0,7,9
1,84,6,1.4,50.25758155956796,0.0,7,9
1,84,7,1.8,14.240261469749864,0.0,7,9
1,84,8,1.4,24.349388956995746,0.0,7,9
1,84,9,1.4,20.220502082133056,0.0,7,9
1,84,10,1.6,15.345862540555546,0.0,7,9
1,84,11,1.4,46.39737574095415,0.0,7,9
1,84,12,1.4,20.60761861761826,0.0,7,9
1,84,13,1.4,29.148099574963233,0.0,7,9
1,84,14,1.4,47.5137914192555,0.0,7,9
1,84,15,1.4,45.95241582391356,0.0,7,9
1,84,16,1.4,20.25134500945994,0.0,7,9
1,84,17,1.6,32.234210331633946,0.0,7,9
1,84,18,1.4,31.847246265429703,0.0,7,9
1,84,19,1.4,41.728825305798054,0.0,7,9
1,84,20,1.4,39.052806916259954,0.0,7,9
1,84,21,1.6,18.7970203794448,0.0,7,9
1,84,22,1.4,27.15022147387372,0.0,7,9
1,84,23,1.4,44.80136086749614,0.0,7,9
1,84,24,1.4,20.04705872920176,0.0,7,9
1,84,25,1.4,26.3672942482347,0.0,7,9
1,84,26,1.6,24.756899715164764,0.0,7,9
1,84,27,1.4,21.12194435121176,0.0,7,9
1,84,28,1.4,21.784979716050525,0.0,7,9
1,84,29,1.4,30.556019106769114,0.0,7,9
1,84,30,1.4,19.542646989254248,0.0,7,9
1,84,31,1.8,13.625245584760757,0.0,7,9
1,84,32,1.6,24.132252071426976,0.0,7,9
1,84,33,1.8,18.27557212332359,0.0,7,9
1,84,34,1.8,36.34884987497204,0.0,7,9
1,84,35,2.0,12.159433717359448,0.0,7,9
1,84,36,1.8,16.808297897493166,0.0,7,9
1,84,37,2.2,13.745056826432679,0.0,7,9
2,84,1,2.0,19.81226992536402,0.0,7,9
2,84,2,1.8,14.579035968193873,0.0,7,9
2,84,3,1.6,22.85822685326643,0.0,7,9
2,84,4,2.4,16.013645319467237,0.125,7,9
2,84,5,1.6,14.714602697981855,0.0,7,9
2,84,6,1.8,15.076376231852564,0.0,7,9
2,84,7,1.8,13.690335834670181,0.0,7,9
2,84,8,1.4,34.17518524509397,0.0,7,9
2,84,9,1.4,21.05938246474605,0.0,7,9
2,84,10,1.6,19.51087383790405,0.0,7,9
2,84,11,1.4,21.4361431954237,0.0,7,9
2,84,12,2.2,15.768454179162397,0.125,7,9
2,84,13,1.4,20.17906463500287,0.0,7,9
2,84,14,1.4,23.122141457477532,0.0,7,9
2,84,15,1.4,22.01138951736238,0.0,7,9
2,84,16,1.4,30.661701031105245,0.0,7,9
2,84,17,1.4,19.035152824231652,0.0,7,9
2,84,18,1.6,17.579131708226893,0.0,7,9
2,84,19,1.4,15.422607307937183,0.0,7,9
2,84,20,1.6,22.16087274309698,0.0,7,9
2,84,21,1.6,18.101230388386917,0.0,7,9
2,84,22,1.4,20.051164102402176,0.0,7,9
2,84,23,1.4,22.060893959457637,0.0,7,9
2,84,24,1.4,17.75761151286413,0.0,7,9
2,84,25,1.6,18.05783785422703,0.0,7,9
2,84,26,1.6,20.05903292864535,0.0,7,9
2,84,27,1.4,16.039907041829686,0.0,7,9
2,84,28,1.6,26.110720879679697,0.0,7,9
2,84,29,1.6,16.883555803784912,0.0,7,9
2,84,30,1.8,18.605933264210286,0.0,7,9
2,84,31,2.2,12.20434214843898,0.0,7,9
2,84,32,1.4,29.773263158162703,0.0,7,9
2,84,33,1.6,29.45698248203868,0.0,7,9
2,84,34,2.0,12.324210803085432,0.0,7,9
2,84,35,1.8,15.067360443299018,0.0,7,9
2,84,36,1.4,15.226013888199665,0.0,7,9
2,84,37,1.6,18.82323286564496,0.0,7,9
2,84,38,2.0,13.903448607881835,0.0,6,9
3,84,1,1.8,15.848602416884592,0.0,7,9
3,84,2,1.8,12.909586095340439,0.0,7,9
3,84,3,2.0,17.567755385513774,0.0,7,9
3,84,4,1.4,22.482081789844315,0.0,7,9
3,84,5,1.6,30.737991664723417,0.0,7,9
3,84,6,1.6,16.07282549374004,0.0,7,9
3,84,7,1.6,15.647508173740087,0.0,7,9
3,84,8,1.4,22.9715078308651,0.0,7,9
3,84,9,1.4,19.693634298320536,0.0,7,9
3,84,10,1.4,17.845004355555822,0.0,7,9
3,84,11,1.4,19.57805956596192,0.0,7,9
3,84,12,1.4,15.67887595252966,0.0,7,9
3,84,13,1.4,19.54871754435855,0.0,7,9
3,84,14,1.4,20.145782445402787,0.0,7,9
3,84,15,1.4,17.088540037661815,0.0,7,9
3,84,16,1.8,21.784253601026595,0.0,7,9
3,84,17,1.6,21.556158662898817,0.0,7,9
3,84,18,2.0,15.162059879970592,0.0,7,9
3,84,19,1.6,25.543407503211153,0.0,7,9
3,84,20,1.4,15.81532308592276,0.0,7,9
3,84,21,1.8,14.097916244298126,0.125,7,9
3,84,22,1.8,15.029635115848198,0.0,7,9
3,84,23,1.6,19.925503350505288,0.0,7,9
3,84,24,1.6,21.70496717428292,0.0,7,9
3,84,25,1.8,14.866533314408857,0.0,7,9
3,84,26,1.4,21.79374963342265,0.0,7,9
3,84,27,1.4,29.417426548356257,0.0,7,9
3,84,28,2.0,12.815585550907162,0.0,7,9
3,84,29,1.8,24.459379321611994,0.0,7,9
3,84,30,1.4,23.955967178091953,0.0,7,9
3,84,31,1.4,18.797183542675114,0.0,7,9
3,84,32,1.6,22.156330794913842,0.0,7,9
3,84,33,1.6,18.09332561590153,0.0,7,9
3,84,34,1.4,25.579447526181866,0.0,7,9
3,84,35,1.6,20.28595278714207,0.0,7,9
3,84,36,1.8,14.206334280728521,0.0,7,9
3,84,37,1.4,22.633047466206243,0.0,7,9
3,84,38,1.6,17.42028041740354,0.0,7,9
3,84,39,1.6,16.194490174408756,0.0,7,9
3,84,40,1.25,29.759348161421006,0.0,4,9
1,85,1,2.8,14.518874553978712,0.0,7,9
1,85,2,2.8,15.58233443025249,0.0,7,9
1,85,3,2.4,16.015095412756974,0.0,7,9
1,85,4,2.4,12.84606996176611,0.0,7,9
1,85,5,2.2,11.515225253454014,0.0,7,9
1,85,6,2.0,25.565133927714633,0.0,7,9
1,85,7,1.8,14.840836646260797,0.0,7,9
1,85,8,1.6,26.809856392867445,0.0,7,9
1,85,9,1.4,18.88943747252443,0.0,7,9
1,85,10,1.6,24.628104629520283,0.0,7,9
1,85,11,1.6,31.15721974145859,0.0,7,9
1,85,12,1.4,17.931843873682812,0.0,7,9
1,85,13,1.4,23.573988305412154,0.0,7,9
1,85,14,1.4,49.98116129975886,0.0,7,9
1,85,15,1.6,29.147751108293136,0.0,7,9
1,85,16,1.6,23.028189367405258,0.0,7,9
1,85,17,1.6,28.417998413441765,0.0,7,9
1,85,18,1.6,22.76164022718442,0.0,7,9
1,85,19,1.6,36.484559996327086,0.0,7,9
1,85,20,1.4,25.533231129238764,0.0,7,9
1,85,21,1.6,22.24105701320604,0.0,7,9
1,85,22,1.4,42.97904709644208,0.0,7,9
1,85,23,1.6,25.004070712389325,0.0,7,9
1,85,24,1.4,26.28507994513677,0.0,7,9
1,85,25,1.4,38.88366355847881,0.0,7,9
1,85,26,1.6,17.93748820812743,0.0,7,9
1,85,27,1.8,18.999442604517224,0.0,7,9
1,85,28,1.8,18.0300820348991,0.0,7,9
1,85,29,1.6,17.27083597555863,0.0,7,9
1,85,30,2.0,18.027789864225532,0.0,7,9
1,85,31,1.8,19.75797237654236,0.0,7,9
1,85,32,2.0,19.120116575437038,0.0,7,9
1,85,33,2.0,12.39692041356487,0.0,7,9
1,85,34,1.6,19.33223131567765,0.0,7,9
1,85,35,2.0,15.041846202513153,0.0,7,9
2,85,1,1.8,24.856856317105148,0.0,7,9
2,85,2,1.8,15.642564707087963,0.0,7,9
2,85,3,1.4,22.81559134014419,0.0,7,9
2,85,4,2.0,16.6887620395137,0.0,7,9
2,85,5,2.2,14.293390357069972,0.0,7,9
2,85,6,2.0,16.550172320337555,0.0,7,9
2,85,7,1.8,12.069372986979754,0.0,7,9
2,85,8,2.4,12.350277895250677,0.0,7,9
2,85,9,1.6,17.534172958088703,0.0,7,9
2,85,10,1.8,16.613398362304807,0.0,7,9
2,85,11,1.6,20.083339727780455,0.0,7,9
2,85,12,2.0,14.27579550559057,0.0,7,9
2,85,13,1.8,15.23165648668379,0.0,7,9
2,85,14,2.2,14.274249049808422,0.0,7,9
2,85,15,1.8,17.12075042712079,0.0,7,9
2,85,16,1.8,15.278827883522299,0.0,7,9
2,85,17,2.0,13.685235797936407,0.0,7,9
2,85,18,1.8,22.531666015295794,0.0,7,9
2,85,19,1.4,23.429933488147014,0.0,7,9
2,85,20,1.4,20.499482116683136,0.0,7,9
2,85,21,1.4,21.110925338109173,0.0,7,9
2,85,22,1.4,17.04465860095916,0.0,7,9
2,85,23,2.0,14.632763473150149,0.0,7,9
2,85,24,1.4,14.696887042992957,0.0,7,9
2,85,25,1.6,18.614285108892922,0.0,7,9
2,85,26,2.2,12.911553031334218,0.0,7,9
2,85,27,2.4,14.16346744581057,0.0,7,9
2,85,28,2.0,14.163043409101668,0.0,7,9
2,85,29,1.4,30.306462030590627,0.0,7,9
2,85,30,1.4,34.290638012990456,0.0,7,9
2,85,31,2.0,12.716355022734454,0.0,7,9
2,85,32,1.4,16.087004867589375,0.0,7,9
2,85,33,1.6,14.600052106485933,0.0,7,9
2,85,34,1.4,16.79001692566715,0.0,7,9
2,85,35,1.8,17.84108346683632,0.0,6,9
3,85,1,1.6,19.653470374681895,0.0,7,9
3,85,2,2.0,12.972252830024251,0.0,7,9
3,85,3,2.0,16.260024160635336,0.0,7,9
3,85,4,1.8,16.25427601625773,0.0,7,9
3,85,5,1.8,21.18912423180074,0.0,7,9
3,85,6,1.4,17.886761225532155,0.0,7,9
3,85,7,1.6,16.255401700907868,0.0,7,9
3,85,8,1.6,19.602879840724892,0.0,7,9
3,85,9,1.6,16.94202340865462,0.0,7,9
3,85,10,1.4,19.15721109949535,0.0,7,9
3,85,11,1.4,15.17770960132762,0.0,7,9
3,85,12,1.4,22.975115023043113,0.0,7,9
3,85,13,1.4,27.913988504410238,0.0,7,9
3,85,14,1.4,17.232164399318314,0.0,7,9
3,85,15,1.6,20.200655843749963,0.0,7,9
3,85,16,1.6,22.201284664959285,0.0,7,9
3,85,17,1.6,19.51216977014646,0.0,7,9
3,85,18,1.6,20.285113995343558,0.0,7,9
3,85,19,1.6,30.41863532657902,0.0,7,9
3,85,20,1.8,14.437323235257626,0.125,7,9
3,85,21,1.4,25.942761053671767,0.0,7,9
3,85,22,1.4,19.898087639862855,0.0,7,9
3,85,23,1.4,20.427337383821154,0.0,7,9
3,85,24,2.0,14.587170614150025,0.0,7,9
3,85,25,1.4,15.658591380248206,0.0,7,9
3,85,26,1.6,21.127192519455697,0.0,7,9
3,85,27,1.4,25.600316307331713,0.0,7,9
3,85,28,1.8,15.872593868424097,0.0,7,9
3,85,29,1.8,21.174168842926065,0.0,7,9
3,85,30,1.6,25.43869719946884,0.0,7,9
3,85,31,1.4,19.150320424112195,0.0,7,9
3,85,32,1.6,19.53758445689692,0.0,7,9
3,85,33,1.4,19.09253280869729,0.0,7,9
3,85,34,1.6,27.08718533108008,0.0,7,9
3,85,35,1.8,17.453146722275264,0.0,7,9
3,85,36,1.8,11.766162457990472,0.0,7,9
3,85,37,1.4,22.78959325599752,0.0,7,9
3,85,38,1.8,13.27621198792179,0.0,7,9
3,85,39,1.4,18.788512884741056,0.0,7,9
1,86,1,2.8,14.695913339396848,0.0,7,9
1,86,2,2.8,16.52226016412569,0.0,7,9
1,86,3,2.8,14.165000946324529,0.0,7,9
1,86,4,1.8,21.512268913299483,0.0,7,9
1,86,5,2.2,11.42561265589325,0.0,7,9
1,86,6,1.8,36.77291614613172,0.0,7,9
1,86,7,1.6,18.99502287303787,0.0,7,9
1,86,8,1.6,21.036532184992367,0.0,7,9
1,86,9,1.4,34.38715838744513,0.0,7,9
1,86,10,1.6,15.32439920168088,0.0,7,9
1,86,11,1.8,23.40149381324707,0.0,7,9
1,86,12,1.4,21.531448705725108,0.0,7,9
1,86,13,1.4,27.191063861697288,0.0,7,9
1,86,14,1.4,23.994297374211865,0.0,7,9
1,86,15,1.4,51.948696790433246,0.0,7,9
1,86,16,1.4,18.950042366084716,0.0,7,9
1,86,17,1.4,57.28589938654475,0.0,7,9
1,86,18,1.4,32.316435525094185,0.0,7,9
1,86,19,1.4,37.49336094276403,0.0,7,9
1,86,20,1.6,40.56293443387313,0.0,7,9
1,86,21,1.6,23.76004430782367,0.0,7,9
1,86,22,1.4,26.592081526540895,0.0,7,9
1,86,23,1.4,80.78873236392336,0.0,7,9
1,86,24,1.6,21.670258057383283,0.0,7,9
1,86,25,1.4,44.7892756997092,0.0,7,9
1,86,26,2.0,29.833765404391222,0.0,7,9
1,86,27,1.4,16.930499080362477,0.0,7,9
1,86,28,1.4,32.25044858996243,0.0,7,9
1,86,29,1.6,27.097984695954775,0.0,7,9
1,86,30,1.6,14.809112498898994,0.0,7,9
1,86,31,2.0,17.65800340402613,0.0,7,9
1,86,32,2.2,14.006534161616528,0.0,7,9
1,86,33,2.0,27.792071996126918,0.0,7,9
1,86,34,1.8,13.273776609461759,0.0,7,9
1,86,35,1.8,17.164210384036387,0.0,7,9
1,86,36,1.6,25.59255600648078,0.0,7,9
1,86,37,1.5,19.30956846020962,0.0,4,9
2,86,1,1.6,31.332624368833663,0.0,7,9
2,86,2,2.0,14.195603214961839,0.0,7,9
2,86,3,2.0,13.357115200032702,0.0,7,9
2,86,4,2.2,19.743459264721103,0.0,7,9
2,86,5,1.6,17.64350993781208,0.0,7,9
2,86,6,2.2,14.103857018311828,0.0,7,9
2,86,7,1.8,13.446479476168875,0.0,7,9
2,86,8,1.8,14.319814521894141,0.0,7,9
2,86,9,1.4,23.825015751302633,0.0,7,9
2,86,10,1.8,14.028183941044468,0.0,7,9
2,86,11,1.8,21.378105624997065,0.0,7,9
2,86,12,2.0,13.556185332839155,0.0,7,9
2,86,13,1.6,20.696813646866335,0.0,7,9
2,86,14,1.8,16.459331490500553,0.0,7,9
2,86,15,2.0,17.350468880786593,0.0,7,9
2,86,16,2.0,14.973456011611557,0.0,7,9
2,86,17,1.4,16.460273982157968,0.0,7,9
2,86,18,2.0,20.800617443091166,0.0,7,9
2,86,19,1.4,28.85671447552876,0.0,7,9
2,86,20,1.4,23.862500936645603,0.0,7,9
2,86,21,1.4,23.65296877590898,0.0,7,9
2,86,22,1.4,21.641286200685048,0.0,7,9
2,86,23,1.6,18.113897775502057,0.0,7,9
2,86,24,1.4,18.475942743435787,0.0,7,9
2,86,25,1.4,15.956214892884175,0.0,7,9
2,86,26,2.2,14.270819386923181,0.0,7,9
2,86,27,2.0,15.65768892585669,0.0,7,9
2,86,28,1.8,18.89093165010913,0.0,7,9
2,86,29,1.8,18.41734902291091,0.0,7,9
2,86,30,1.8,19.3531202214674,0.0,7,9
2,86,31,1.8,14.616022893542073,0.0,7,9
2,86,32,1.8,12.944340529126979,0.0,7,9
2,86,33,1.4,15.94440351547638,0.0,7,9
2,86,34,1.4,17.944873212462525,0.0,7,9
2,86,35,2.2,12.477312278047375,0.125,7,9
3,86,1,2.2,12.384254611603383,0.0,7,9
3,86,2,1.6,17.924384270761053,0.0,7,9
3,86,3,1.6,27.475832728031147,0.0,7,9
3,86,4,1.6,16.34524643077953,0.0,7,9
3,86,5,2.2,15.371859567279923,0.0,7,9
3,86,6,1.4,20.45965239201423,0.0,7,9
3,86,7,1.6,16.255401700907868,0.0,7,9
3,86,8,1.8,13.635964071365274,0.0,7,9
3,86,9,1.4,17.652406962213995,0.0,7,9
3,86,10,1.4,17.36254893303234,0.0,7,9
3,86,11,1.4,13.125647395186888,0.0,7,9
3,86,12,1.4,22.386455636999262,0.0,7,9
3,86,13,1.6,21.874513553307402,0.0,7,9
3,86,14,1.4,18.684734151467776,0.0,7,9
3,86,15,1.8,17.13811275266478,0.0,7,9
3,86,16,1.6,27.174978632360094,0.0,7,9
3,86,17,1.4,22.370044771319563,0.0,7,9
3,86,18,1.6,18.178875238922995,0.0,7,9
3,86,19,1.4,33.49631460137818,0.0,7,9
3,86,20,1.8,14.715208870832685,0.125,7,9
3,86,21,1.4,25.194684304878475,0.0,7,9
3,86,22,1.6,18.522143881283224,0.0,7,9
3,86,23,1.6,16.959871444742735,0.0,7,9
3,86,24,1.4,23.49850765460379,0.0,7,9
3,86,25,1.4,21.219055621185234,0.0,7,9
3,86,26,1.6,17.113016816377648,0.0,7,9
3,86,27,1.4,29.333865394561926,0.0,7,9
3,86,28,1.6,15.161142003876794,0.0,7,9
3,86,29,1.6,19.311837448199423,0.0,7,9
3,86,30,1.6,26.180024690666567,0.0,7,9
3,86,31,1.4,18.200190788380045,0.0,7,9
3,86,32,1.6,18.630266156442367,0.0,7,9
3,86,33,1.4,27.52813571562394,0.0,7,9
3,86,34,1.4,20.857714298539722,0.0,7,9
3,86,35,1.4,23.601681677444148,0.0,7,9
3,86,36,1.4,17.287096284877713,0.0,7,9
3,86,37,1.6,13.597621877217428,0.0,7,9
3,86,38,1.4,19.031204359207443,0.0,7,9
3,86,39,1.4,22.022028023742592,0.0,7,9
3,86,40,1.4,23.139494715571995,0.0,7,9
3,86,41,1.5,16.214157235885107,0.0,4,9
1,87,1,2.8,14.87732293648067,0.0,7,9
1,87,2,2.8,15.582334430252487,0.0,7,9
1,87,3,2.8,13.776401195636616,0.0,7,9
1,87,4,2.6,10.299826597392181,0.0,7,9
1,87,5,2.2,14.601783000781957,0.0,7,9
1,87,6,1.6,39.545309321223094,0.0,7,9
1,87,7,1.8,13.943704907832078,0.0,7,9
1,87,8,1.4,29.04366158175734,0.0,7,9
1,87,9,1.4,22.400280073425822,0.0,7,9
1,87,10,1.6,19.84328604346276,0.0,7,9
1,87,11,1.4,46.75738403358629,0.0,7,9
1,87,12,1.6,15.959595234500696,0.0,7,9
1,87,13,1.4,24.533755677340146,0.0,7,9
1,87,14,1.6,32.78700827945727,0.0,7,9
1,87,15,1.6,27.09064362615083,0.0,7,9
1,87,16,1.6,23.707857461087542,0.0,7,9
1,87,17,1.4,39.74276162951893,0.0,7,9
1,87,18,1.6,28.867906768369295,0.0,7,9
1,87,19,1.8,21.968011982933607,0.0,7,9
1,87,20,1.6,24.43444282775557,0.0,7,9
1,87,21,1.6,22.897112213978335,0.0,7,9
1,87,22,1.4,48.79158909055768,0.0,7,9
1,87,23,1.6,18.95204406724911,0.0,7,9
1,87,24,1.6,29.960197047532912,0.0,7,9
1,87,25,1.6,34.040285671132494,0.0,7,9
1,87,26,1.6,18.55664878413745,0.0,7,9
1,87,27,1.6,22.549920816386695,0.0,7,9
1,87,28,1.6,22.803503567434635,0.0,7,9
1,87,29,1.4,20.691459006311412,0.0,7,9
1,87,30,1.8,22.411972221407236,0.0,7,9
1,87,31,2.0,15.232595769127755,0.0,7,9
1,87,32,2.0,19.168720214109612,0.0,7,9
1,87,33,1.6,21.441730785536322,0.0,7,9
1,87,34,2.0,14.195032176999911,0.0,7,9
1,87,35,2.0,13.804286910037694,0.0,7,9
2,87,1,2.2,15.293360179360468,0.0,7,9
2,87,2,2.0,16.900425259331698,0.0,7,9
2,87,3,2.0,16.064890688019506,0.0,7,9
2,87,4,2.2,18.649802201035953,0.125,7,9
2,87,5,1.8,13.915608369148647,0.0,7,9
2,87,6,1.6,17.772360681736192,0.0,7,9
2,87,7,1.6,16.496915318689297,0.0,7,9
2,87,8,1.6,16.351027404397584,0.0,7,9
2,87,9,1.4,21.80612036843309,0.0,7,9
2,87,10,1.4,17.893031624328916,0.0,7,9
2,87,11,1.4,28.967372758270642,0.0,7,9
2,87,12,2.2,13.74050286476453,0.125,7,9
2,87,13,1.4,19.109797801016885,0.0,7,9
2,87,14,1.4,25.277956497177215,0.0,7,9
2,87,15,1.4,20.34886606262018,0.0,7,9
2,87,16,1.4,32.378465899293886,0.0,7,9
2,87,17,1.6,19.663558157616567,0.0,7,9
2,87,18,1.4,15.702056282708197,0.0,7,9
2,87,19,1.4,19.13521630298487,0.0,7,9
2,87,20,2.0,14.868840191770706,0.0,7,9
2,87,21,1.4,21.093730524582824,0.0,7,9
2,87,22,1.4,22.057649344716694,0.0,7,9
2,87,23,1.4,25.803488592797954,0.0,7,9
2,87,24,1.4,20.97545385990304,0.0,7,9
2,87,25,1.4,18.845976362630136,0.0,7,9
2,87,26,1.4,20.088927006022203,0.0,7,9
2,87,27,1.4,18.889248208259822,0.0,7,9
2,87,28,2.0,16.07144264787121,0.0,7,9
2,87,29,2.2,14.199987477306136,0.0,7,9
2,87,30,2.0,12.51271943830551,0.0,7,9
2,87,31,1.6,20.613459259845662,0.0,7,9
2,87,32,1.6,25.454594150940405,0.0,7,9
2,87,33,1.4,33.96958631984069,0.0,7,9
2,87,34,2.0,11.309630101743156,0.0,7,9
2,87,35,1.4,14.177152624998046,0.0,7,9
2,87,36,1.6,16.435735552514924,0.0,7,9
2,87,37,1.4,16.112989285573754,0.0,7,9
2,87,38,1.6,22.728066991271096,0.0,5,9
3,87,1,1.6,15.960738832143976,0.0,7,9
3,87,2,2.2,11.32861442289845,0.0,7,9
3,87,3,1.8,15.979868979359162,0.0,7,9
3,87,4,1.6,18.16880450817309,0.0,7,9
3,87,5,1.6,25.155039579938013,0.0,7,9
3,87,6,1.4,20.00163300379805,0.0,7,9
3,87,7,1.6,14.03202963103018,0.0,7,9
3,87,8,1.6,22.845659074375995,0.0,7,9
3,87,9,1.4,16.168014626650002,0.0,7,9
3,87,10,1.4,16.730978017824878,0.0,7,9
3,87,11,1.4,17.36108198854986,0.0,7,9
3,87,12,1.4,18.42062699859741,0.0,7,9
3,87,13,1.6,24.577045484970643,0.0,7,9
3,87,14,1.4,25.150022276256877,0.0,7,9
3,87,15,1.6,14.6126294282042,0.0,7,9
3,87,16,1.6,22.32981722904295,0.0,7,9
3,87,17,1.8,13.969883216096406,0.0,7,9
3,87,18,2.0,16.236907422798065,0.0,7,9
3,87,19,1.4,38.32374224976171,0.0,7,9
3,87,20,1.8,13.724582621437419,0.125,7,9
3,87,21,1.4,20.13509338889067,0.0,7,9
3,87,22,1.6,16.04414548480595,0.0,7,9
3,87,23,1.8,14.315679981572547,0.0,7,9
3,87,24,1.8,14.633378123357497,0.0,7,9
3,87,25,1.6,13.891110371494838,0.0,7,9
3,87,26,1.6,21.736154407925028,0.0,7,9
3,87,27,1.6,21.751417007848673,0.0,7,9
3,87,28,1.4,18.130678658009675,0.0,7,9
3,87,29,2.0,24.87805492006875,0.0,7,9
3,87,30,1.4,26.61282183283417,0.0,7,9
3,87,31,1.6,19.578386072535256,0.0,7,9
3,87,32,1.8,19.182164505240323,0.0,7,9
3,87,33,1.4,21.59413418901488,0.0,7,9
3,87,34,1.4,30.407385038108625,0.0,7,9
3,87,35,1.4,19.553005053999968,0.0,7,9
3,87,36,1.4,17.29806051752528,0.0,7,9
3,87,37,1.4,16.609537335480383,0.0,7,9
3,87,38,1.6,16.305658146511664,0.0,7,9
3,87,39,1.4,32.65145830751255,0.0,7,9
3,87,40,1.2,24.68496345112285,0.0,5,9
1,88,1,2.8,15.21540306364915,0.0,7,9
1,88,2,2.8,17.380010460794608,0.0,7,9
1,88,3,2.8,14.333464779289912,0.0,7,9
1,88,4,2.0,17.318655396612098,0.0,7,9
1,88,5,2.4,11.604768811387334,0.0,7,9
1,88,6,1.6,49.20517314141851,0.0,7,9
1,88,7,1.4,21.296456936649236,0.0,7,9
1,88,8,1.8,16.631729020791347,0.0,7,9
1,88,9,1.6,22.152404064368728,0.0,7,9
1,88,10,1.6,24.13917917921687,0.0,7,9
1,88,11,1.4,35.353812663276756,0.0,7,9
1,88,12,1.6,17.03727847093263,0.0,7,9
1,88,13,1.4,36.358697928728006,0.0,7,9
1,88,14,1.4,34.27249801817249,0.0,7,9
1,88,15,1.4,39.35075796004728,0.0,7,9
1,88,16,1.6,16.79659731381144,0.0,7,9
1,88,17,1.4,32.442971540374444,0.0,7,9
1,88,18,1.4,27.36409359116402,0.0,7,9
1,88,19,1.8,25.610282048148743,0.0,7,9
1,88,20,1.4,33.63340343055983,0.0,7,9
1,88,21,1.6,22.200249373128848,0.0,7,9
1,88,22,1.6,23.1879649795707,0.0,7,9
1,88,23,1.4,33.83815149158565,0.0,7,9
1,88,24,1.8,15.492186311627774,0.0,7,9
1,88,25,1.4,37.73093024136265,0.0,7,9
1,88,26,1.8,14.694152601147094,0.0,7,9
1,88,27,1.4,30.101204194172,0.0,7,9
1,88,28,1.6,29.169839444436672,0.0,7,9
1,88,29,1.6,19.293239756152722,0.0,7,9
1,88,30,2.0,13.833185122658769,0.0,7,9
1,88,31,1.4,24.38546162296381,0.0,7,9
1,88,32,1.8,17.504621299382208,0.0,7,9
1,88,33,1.8,28.028578153071358,0.0,7,9
1,88,34,1.6,14.971501730925985,0.0,7,9
1,88,35,1.6,22.195948266153838,0.0,7,9
1,88,36,2.0,14.97026754665399,0.0,7,9
2,88,1,2.0,18.894197494780453,0.0,7,9
2,88,2,2.0,13.778557144905415,0.0,7,9
2,88,3,1.6,20.162078604325036,0.0,7,9
2,88,4,2.6,15.592394707813988,0.125,7,9
2,88,5,1.6,16.06831371767843,0.0,7,9
2,88,6,1.4,23.777532365915068,0.0,7,9
2,88,7,1.6,15.931282230576004,0.0,7,9
2,88,8,1.6,21.780696204413026,0.0,7,9
2,88,9,1.4,22.870615454196987,0.0,7,9
2,88,10,1.6,14.650366952405628,0.0,7,9
2,88,11,1.4,20.297885908610994,0.0,7,9
2,88,12,2.0,18.28914646611231,0.125,7,9
2,88,13,1.4,18.06543415809281,0.0,7,9
2,88,14,1.4,32.39612538667498,0.0,7,9
2,88,15,1.4,19.033239881079588,0.0,7,9
2,88,16,1.4,25.496725836528025,0.0,7,9
2,88,17,1.4,19.839095500438074,0.0,7,9
2,88,18,1.4,21.016887181803053,0.0,7,9
2,88,19,1.6,14.506209841546141,0.0,7,9
2,88,20,1.6,20.90213834208802,0.0,7,9
2,88,21,1.4,25.55095180047473,0.0,7,9
2,88,22,1.4,25.165203268091386,0.0,7,9
2,88,23,1.4,24.14051828687078,0.0,7,9
2,88,24,1.6,18.122196582737566,0.0,7,9
2,88,25,1.4,22.678155573370457,0.0,7,9
2,88,26,2.0,13.796317963170154,0.0,7,9
2,88,27,1.4,14.551576167639832,0.0,7,9
2,88,28,1.8,16.066687187542513,0.125,7,9
2,88,29,1.4,25.826025293672444,0.0,7,9
2,88,30,1.4,20.211195051049224,0.0,7,9
2,88,31,1.4,21.101148352523886,0.0,7,9
2,88,32,1.4,20.470312026833703,0.0,7,9
2,88,33,1.6,21.515961761576126,0.0,7,9
2,88,34,1.6,23.66413631253487,0.0,7,9
2,88,35,1.6,15.20556052586145,0.0,7,9
2,88,36,1.4,20.11027458408859,0.0,7,9
2,88,37,1.4,14.108945719322849,0.0,7,9
2,88,38,1.4,17.67686106875851,0.0,7,9
2,88,39,2.0,16.139519267370247,0.125,5,9
3,88,1,1.4,20.340246970933915,0.0,7,9
3,88,2,1.4,21.120927829774683,0.0,7,9
3,88,3,1.4,17.971802562082292,0.0,7,9
3,88,4,1.4,19.218877442050648,0.0,7,9
3,88,5,1.4,19.29107034459793,0.0,7,9
3,88,6,1.4,24.585764645782902,0.0,7,9
3,88,7,1.4,22.915015056847594,0.0,7,9
3,88,8,1.4,14.436694193470231,0.0,7,9
3,88,9,1.4,20.399416547959337,0.0,7,9
3,88,10,1.4,18.967486040754235,0.0,7,9
3,88,11,1.6,14.773136716448544,0.0,7,9
3,88,12,1.4,18.55151469300426,0.0,7,9
3,88,13,1.4,14.075750551107681,0.0,7,9
3,88,14,1.6,19.01795075131221,0.0,7,9
3,88,15,1.4,22.647715447767446,0.0,7,9
3,88,16,1.4,17.835223592424676,0.0,7,9
3,88,17,1.6,23.80395879966906,0.0,7,9
3,88,18,1.8,24.642265519825383,0.0,7,9
3,88,19,1.8,15.894108908788146,0.0,7,9
3,88,20,1.6,19.90718747691067,0.0,7,9
3,88,21,1.4,21.154213426541215,0.0,7,9
3,88,22,1.8,15.731313728538447,0.125,7,9
3,88,23,1.8,18.394294494648218,0.0,7,9
3,88,24,1.6,13.439225742052201,0.0,7,9
3,88,25,1.4,36.78883600489486,0.0,7,9
3,88,26,1.4,20.59872950362799,0.0,7,9
3,88,27,1.6,20.00353300952029,0.0,7,9
3,88,28,1.6,27.37986884665926,0.0,7,9
3,88,29,1.6,20.5487473694056,0.0,7,9
3,88,30,1.8,16.4862429343378,0.0,7,9
3,88,31,2.0,19.42794215801478,0.0,7,9
3,88,32,1.4,22.897524752387003,0.0,7,9
3,88,33,1.4,21.190981248497287,0.0,7,9
3,88,34,1.4,21.077212330246535,0.0,7,9
3,88,35,1.8,19.771393643925403,0.0,7,9
3,88,36,1.6,17.016326117752982,0.0,7,9
3,88,37,1.4,17.270759120418898,0.0,7,9
3,88,38,1.4,17.818274098154838,0.0,7,9
3,88,39,1.4,22.05116490980923,0.0,7,9
3,88,40,1.4,18.847480307216234,0.0,7,9
3,88,41,1.4,22.198094653540476,0.0,7,9
3,88,42,1.0,41.60544974745502,0.0,4,9
1,89,1,2.8,18.148070163608764,0.0,7,9
1,89,2,2.8,16.522260164125694,0.0,7,9
1,89,3,2.4,16.27460907597792,0.0,7,9
1,89,4,2.0,31.59270233159943,0.0,7,9
1,89,5,2.2,11.216782328779688,0.0,7,9
1,89,6,1.6,52.920573554069925,0.0,7,9
1,89,7,1.4,29.719672221875662,0.0,7,9
1,89,8,1.8,15.961731471657078,0.0,7,9
1,89,9,1.6,23.399480945737608,0.0,7,9
1,89,10,1.4,23.38366501053487,0.0,7,9
1,89,11,1.6,24.6467127353495,0.0,7,9
1,89,12,2.0,16.016667121782746,0.0,7,9
1,89,13,1.4,34.90962492996777,0.0,7,9
1,89,14,1.4,27.12665353706288,0.0,7,9
1,89,15,1.4,27.14431848014362,0.0,7,9
1,89,16,1.4,21.59901603282671,0.0,7,9
1,89,17,1.6,28.489751433325388,0.0,7,9
1,89,18,1.4,27.31529163870813,0.0,7,9
1,89,19,1.6,31.259056904042318,0.0,7,9
1,89,20,1.4,53.657889328392166,0.0,7,9
1,89,21,1.4,25.17589680630187,0.0,7,9
1,89,22,1.8,18.025749197449134,0.0,7,9
1,89,23,1.4,39.08732699127923,0.0,7,9
1,89,24,1.4,20.983712550336467,0.0,7,9
1,89,25,1.6,31.040486424910544,0.0,7,9
1,89,26,1.4,33.39298315553608,0.0,7,9
1,89,27,1.6,21.256144283619527,0.0,7,9
1,89,28,1.4,28.715748153090104,0.0,7,9
1,89,29,1.6,23.504356387808425,0.0,7,9
1,89,30,1.6,15.144064734703608,0.0,7,9
1,89,31,2.0,16.91453617469418,0.0,7,9
1,89,32,2.0,15.2325957691278,0.0,7,9
1,89,33,1.8,25.91190545515978,0.0,7,9
1,89,34,1.8,15.222948779386432,0.0,7,9
1,89,35,2.0,16.486328290960664,0.0,7,9
1,89,36,2.2,11.463921410902495,0.0,7,9
2,89,1,2.6,13.602009069038786,0.0,7,9
2,89,2,1.8,17.442229496334924,0.0,7,9
2,89,3,2.0,17.48319983840661,0.0,7,9
2,89,4,2.0,17.865442884859963,0.0,7,9
2,89,5,2.4,12.489661694136135,0.0,7,9
2,89,6,2.0,11.544541487553966,0.0,7,9
2,89,7,2.0,14.615081630835787,0.0,7,9
2,89,8,1.8,16.79077804929612,0.0,7,9
2,89,9,1.4,15.102325220995196,0.0,7,9
2,89,10,2.0,14.996369639183316,0.0,7,9
2,89,11,1.8,15.371743852223354,0.0,7,9
2,89,12,1.8,20.22922002457747,0.0,7,9
2,89,13,1.8,15.458083310554326,0.0,7,9
2,89,14,1.6,21.957415178498366,0.0,7,9
2,89,15,2.0,17.196717988478902,0.0,7,9
2,89,16,1.8,15.054120760795724,0.0,7,9
2,89,17,1.8,20.75381419828584,0.0,7,9
2,89,18,1.8,19.603207175693953,0.0,7,9
2,89,19,1.4,19.4590878338259,0.0,7,9
2,89,20,1.4,19.949692580367827,0.0,7,9
2,89,21,1.4,18.223706506964625,0.0,7,9
2,89,22,1.6,14.93019274704373,0.0,7,9
2,89,23,1.4,21.457686633203686,0.0,7,9
2,89,24,1.4,16.383643278202914,0.0,7,9
2,89,25,1.8,15.615458438343596,0.0,7,9
2,89,26,1.8,14.175583392056787,0.0,7,9
2,89,27,2.0,16.642700279436745,0.0,7,9
2,89,28,1.8,16.843804460960545,0.0,7,9
2,89,29,1.6,19.037938355971008,0.0,7,9
2,89,30,1.6,24.71606341406399,0.0,7,9
2,89,31,1.6,16.085349718098865,0.0,7,9
2,89,32,1.4,15.677176824866804,0.0,7,9
2,89,33,1.6,14.870749164013608,0.0,7,9
2,89,34,1.8,15.518539130960098,0.0,7,9
2,89,35,2.0,15.409741185418465,0.14285714285714285,6,9
3,89,1,1.8,14.705427028631288,0.0,7,9
3,89,2,2.0,13.063850983969518,0.0,7,9
3,89,3,1.8,16.95441345687565,0.0,7,9
3,89,4,2.0,16.12726481350822,0.0,7,9
3,89,5,1.6,23.10751818985041,0.0,7,9
3,89,6,1.4,16.992265049487496,0.0,7,9
3,89,7,1.6,17.31377872927677,0.0,7,9
3,89,8,1.4,23.54420752419974,0.0,7,9
3,89,9,1.4,15.994266411949065,0.0,7,9
3,89,10,1.4,19.185182384270995,0.0,7,9
3,89,11,1.6,14.35845527325221,0.0,7,9
3,89,12,1.6,19.446059743962017,0.0,7,9
3,89,13,1.6,21.26604502536516,0.0,7,9
3,89,14,1.4,17.458048053084,0.0,7,9
3,89,15,1.6,19.68369281373803,0.0,7,9
3,89,16,1.4,46.46403595107461,0.0,7,9
3,89,17,1.6,18.85064300550029,0.0,7,9
3,89,18,1.6,19.697155755400768,0.0,7,9
3,89,19,1.4,26.23897413889611,0.0,7,9
3,89,20,1.4,17.921501410870324,0.0,7,9
3,89,21,1.8,15.729483366581727,0.125,7,9
3,89,22,1.8,16.55421124966699,0.0,7,9
3,89,23,1.8,17.613908143408565,0.0,7,9
3,89,24,1.6,16.15490379050182,0.0,7,9
3,89,25,1.6,17.47845086910354,0.0,7,9
3,89,26,1.4,27.489987000605325,0.0,7,9
3,89,27,1.4,49.78644324972868,0.0,7,9
3,89,28,1.6,15.36359052765683,0.0,7,9
3,89,29,1.8,21.777316609455887,0.0,7,9
3,89,30,1.6,22.286975139312048,0.0,7,9
3,89,31,1.4,18.625454434527505,0.0,7,9
3,89,32,1.8,17.22159978023239,0.0,7,9
3,89,33,1.6,17.67189871987819,0.0,7,9
3,89,34,1.4,21.41953125228783,0.0,7,9
3,89,35,1.6,20.129776867966342,0.0,7,9
3,89,36,2.0,12.592891985956905,0.0,7,9
3,89,37,1.4,20.69926379599239,0.0,7,9
3,89,38,1.6,15.001285716306235,0.0,7,9
3,89,39,1.4,26.416712031787128,0.0,7,9
1,90,1,3.0,16.45599004929067,0.0,7,9
1,90,2,2.8,13.854629797889828,0.0,7,9
1,90,3,2.8,14.338945422572865,0.0,7,9
1,90,4,2.4,13.546079859019338,0.0,7,9
1,90,5,2.6,12.33185566966059,0.0,7,9
1,90,6,1.6,24.824576142215793,0.0,7,9
1,90,7,1.8,17.592715905498352,0.0,7,9
1,90,8,1.4,26.894201646197594,0.0,7,9
1,90,9,1.4,20.317151672427013,0.0,7,9
1,90,10,1.6,19.55240123815986,0.0,7,9
1,90,11,1.6,23.194082474953795,0.0,7,9
1,90,12,1.4,17.41062839410476,0.0,7,9
1,90,13,1.4,39.93735967780383,0.0,7,9
1,90,14,1.4,54.94072117284287,0.0,7,9
1,90,15,1.6,22.29724400062046,0.0,7,9
1,90,16,1.4,31.002397715735622,0.0,7,9
1,90,17,1.4,43.78559882941284,0.0,7,9
1,90,18,1.6,35.71087763216808,0.0,7,9
1,90,19,1.6,31.196026005773728,0.0,7,9
1,90,20,1.6,24.482712471463294,0.0,7,9
1,90,21,1.6,19.872220918293827,0.0,7,9
1,90,22,1.6,40.696025240335125,0.0,7,9
1,90,23,1.6,26.09100488157113,0.0,7,9
1,90,24,1.4,34.69567952788175,0.0,7,9
1,90,25,1.4,36.99227670115977,0.0,7,9
1,90,26,1.4,23.979702589944317,0.0,7,9
1,90,27,1.6,23.42765557583364,0.0,7,9
1,90,28,1.8,17.455577461321525,0.0,7,9
1,90,29,1.4,19.60492093760453,0.0,7,9
1,90,30,1.8,21.199220868738873,0.0,7,9
1,90,31,2.0,12.877390281219556,0.0,7,9
1,90,32,2.4,15.548592192785812,0.0,7,9
1,90,33,1.6,16.644552467034657,0.0,7,9
1,90,34,1.6,29.869516570426644,0.0,7,9
1,90,35,2.2,12.202870617720773,0.0,7,9
1,90,36,1.5,19.232533482687515,0.0,4,9
2,90,1,1.6,27.64976927173847,0.0,7,9
2,90,2,1.6,23.39946742427397,0.0,7,9
2,90,3,1.6,16.26507637223411,0.0,7,9
2,90,4,2.8,11.42736847824931,0.125,7,9
2,90,5,1.6,17.7448452474783,0.0,7,9
2,90,6,1.8,19.242038384819725,0.0,7,9
2,90,7,1.8,13.694710469926344,0.0,7,9
2,90,8,1.6,18.54468321272617,0.0,7,9
2,90,9,1.4,22.125976406624254,0.0,7,9
2,90,10,1.6,14.827958738842026,0.0,7,9
2,90,11,1.4,21.21309691749874,0.0,7,9
2,90,12,2.2,16.1430299504026,0.125,7,9
2,90,13,1.4,15.325083246969601,0.0,7,9
2,90,14,1.6,17.839093966652715,0.0,7,9
2,90,15,1.4,25.314636898873808,0.0,7,9
2,90,16,1.4,20.93617773562647,0.0,7,9
2,90,17,1.4,36.919268211815385,0.0,7,9
2,90,18,1.6,16.001481740525104,0.0,7,9
2,90,19,1.6,18.43845200000021,0.0,7,9
2,90,20,2.0,18.514719098516423,0.0,7,9
2,90,21,1.4,23.6189470313879,0.0,7,9
2,90,22,1.4,20.50470780194657,0.0,7,9
2,90,23,1.6,20.33791109386471,0.0,7,9
2,90,24,1.4,27.208311754902244,0.0,7,9
2,90,25,1.6,16.625151826147754,0.0,7,9
2,90,26,1.4,19.256824546950764,0.0,7,9
2,90,27,1.4,18.949286713004668,0.0,7,9
2,90,28,2.0,18.967887388034118,0.0,7,9
2,90,29,2.2,13.098139479893268,0.0,7,9
2,90,30,2.0,15.322328663867436,0.0,7,9
2,90,31,2.0,15.500366218082531,0.0,7,9
2,90,32,1.6,27.639822202025176,0.0,7,9
2,90,33,1.6,14.091381688219696,0.0,7,9
2,90,34,1.4,23.84667601603679,0.0,7,9
2,90,35,1.6,12.931283464886718,0.0,7,9
2,90,36,1.6,19.258673346657417,0.0,7,9
2,90,37,1.8,15.469300634243725,0.0,7,9
3,90,1,1.6,18.031125723410298,0.0,7,9
3,90,2,1.6,17.925455457656195,0.0,7,9
3,90,3,1.8,18.2301070969904,0.0,7,9
3,90,4,1.8,14.59138525907256,0.0,7,9
3,90,5,1.8,16.494890321699373,0.0,7,9
3,90,6,1.6,19.88816080926374,0.0,7,9
3,90,7,1.6,13.625638966595686,0.0,7,9
3,90,8,1.8,17.401708187208587,0.0,7,9
3,90,9,1.4,16.33602842817953,0.0,7,9
3,90,10,1.4,16.146304072946734,0.0,7,9
3,90,11,1.4,19.907427385579357,0.0,7,9
3,90,12,1.4,20.302476926412496,0.0,7,9
3,90,13,1.8,21.68031603120123,0.0,7,9
3,90,14,1.4,17.087730719733596,0.0,7,9
3,90,15,1.8,17.102178137881715,0.0,7,9
3,90,16,1.8,18.57780298153901,0.0,7,9
3,90,17,1.4,24.522672298450566,0.0,7,9
3,90,18,1.8,16.711794402833007,0.0,7,9
3,90,19,1.4,37.9146351674872,0.0,7,9
3,90,20,1.8,14.316462702666458,0.125,7,9
3,90,21,1.4,23.217018990706382,0.0,7,9
3,90,22,1.8,13.031873265535102,0.0,7,9
3,90,23,1.4,26.06973041193893,0.0,7,9
3,90,24,1.8,15.103140476029807,0.0,7,9
3,90,25,1.4,16.460711010120892,0.0,7,9
3,90,26,1.6,25.07728534531814,0.0,7,9
3,90,27,1.4,31.268307231625172,0.0,7,9
3,90,28,1.8,12.302670668115168,0.0,7,9
3,90,29,1.4,28.23139076952382,0.0,7,9
3,90,30,1.6,27.746832562927477,0.0,7,9
3,90,31,1.4,18.12859166699446,0.0,7,9
3,90,32,1.8,19.84834987784213,0.0,7,9
3,90,33,1.4,19.670203820432235,0.0,7,9
3,90,34,1.4,22.727817678681443,0.0,7,9
3,90,35,1.4,19.86094396303385,0.0,7,9
3,90,36,1.8,13.458835579701692,0.0,7,9
3,90,37,1.4,20.94962271925816,0.0,7,9
3,90,38,1.6,16.273448604948584,0.0,7,9
3,90,39,1.4,22.175566358982906,0.0,7,9
3,90,40,1.4,20.423977208216193,0.0,7,9
1,91,1,2.8,14.914143632475998,0.0,7,9
1,91,2,2.8,16.477083030922095,0.0,7,9
1,91,3,2.6,14.439331428363472,0.0,7,9
1,91,4,2.2,15.898445424612822,0.0,7,9
1,91,5,2.6,10.127489104225786,0.0,7,9
1,91,6,1.8,24.78132142349619,0.0,7,9
1,91,7,1.6,17.27244959217108,0.0,7,9
1,91,8,1.6,22.173335193686835,0.0,7,9
1,91,9,1.4,23.537724419923997,0.0,7,9
1,91,10,1.6,23.848366979416674,0.0,7,9
1,91,11,1.6,35.15623040344719,0.0,7,9
1,91,12,1.4,17.020188489285342,0.0,7,9
1,91,13,1.4,36.60526159490922,0.0,7,9
1,91,14,1.6,37.71142578391636,0.0,7,9
1,91,15,1.6,34.34819212128972,0.0,7,9
1,91,16,1.6,25.300468553522546,0.0,7,9
1,91,17,1.6,20.951637290399628,0.0,7,9
1,91,18,1.6,36.19152485369254,0.0,7,9
1,91,19,1.4,88.07757379930841,0.0,7,9
1,91,20,1.4,25.42549927167588,0.0,7,9
1,91,21,1.4,33.282690003890295,0.0,7,9
1,91,22,1.4,38.07369995317133,0.0,7,9
1,91,23,1.8,23.647863076385033,0.0,7,9
1,91,24,1.6,21.038873162697666,0.0,7,9
1,91,25,1.6,24.655606390097027,0.0,7,9
1,91,26,1.8,16.397078901916878,0.0,7,9
1,91,27,1.6,32.758432775708805,0.0,7,9
1,91,28,1.6,18.84305432560716,0.0,7,9
1,91,29,1.6,14.253441485250814,0.0,7,9
1,91,30,1.6,32.15331070756433,0.0,7,9
1,91,31,1.6,20.191539988715625,0.0,7,9
1,91,32,2.2,17.669091825359025,0.0,7,9
1,91,33,2.0,14.348427111646005,0.0,7,9
1,91,34,1.8,16.244938542037552,0.0,7,9
1,91,35,2.0,15.915869642779061,0.0,7,9
1,91,36,1.5,20.720481431554724,0.0,4,9
2,91,1,2.0,18.836008570321468,0.0,7,9
2,91,2,1.8,16.918032987667015,0.0,7,9
2,91,3,1.8,15.45568924872931,0.0,7,9
2,91,4,2.2,27.702358335445314,0.125,7,9
2,91,5,1.6,15.57652885467619,0.0,7,9
2,91,6,1.6,32.71039525401027,0.0,7,9
2,91,7,1.4,17.30755813313239,0.0,7,9
2,91,8,1.4,19.791976892597134,0.0,7,9
2,91,9,1.4,19.039659100691026,0.0,7,9
2,91,10,1.4,19.25064537797461,0.0,7,9
2,91,11,1.4,16.75746692061587,0.0,7,9
2,91,12,1.4,24.92763784443763,0.0,7,9
2,91,13,1.8,15.17956914866373,0.0,7,9
2,91,14,1.8,16.04541097200861,0.0,7,9
2,91,15,2.0,13.126078554575423,0.0,7,9
2,91,16,1.4,24.874548942238683,0.0,7,9
2,91,17,2.2,14.84409352450944,0.0,7,9
2,91,18,1.6,15.051772121053226,0.0,7,9
2,91,19,1.8,18.307029825097196,0.0,7,9
2,91,20,1.8,22.04440031176046,0.0,7,9
2,91,21,1.4,22.318453845560292,0.0,7,9
2,91,22,1.4,22.456433422153662,0.0,7,9
2,91,23,1.6,21.961450859264037,0.0,7,9
2,91,24,1.4,21.559007553608975,0.0,7,9
2,91,25,2.0,13.827509023990052,0.0,7,9
2,91,26,1.4,16.606061378268134,0.0,7,9
2,91,27,1.8,16.109004496372044,0.0,7,9
2,91,28,2.4,12.649189075025186,0.0,7,9
2,91,29,1.8,16.63076125415431,0.0,7,9
2,91,30,2.0,12.537234953080766,0.0,7,9
2,91,31,1.4,22.752664949527993,0.0,7,9
2,91,32,1.8,18.153557441018307,0.0,7,9
2,91,33,1.8,13.762897827362574,0.0,7,9
2,91,34,1.4,17.967080230444452,0.0,7,9
2,91,35,1.4,17.193740847995375,0.0,7,9
2,91,36,1.6,15.367812999807436,0.0,7,9
2,91,37,1.6,27.4142559399613,0.0,5,9
3,91,1,2.0,14.725030942326091,0.0,7,9
3,91,2,2.4,11.953602002652968,0.0,7,9
3,91,3,1.6,16.786936785006468,0.0,7,9
3,91,4,2.0,18.27044839925271,0.0,7,9
3,91,5,1.8,17.20757681164523,0.0,7,9
3,91,6,1.6,15.81047326877213,0.0,7,9
3,91,7,1.6,16.753299562039743,0.0,7,9
3,91,8,1.6,17.49458665427317,0.0,7,9
3,91,9,1.6,17.38791970204774,0.0,7,9
3,91,10,1.4,16.21070125638787,0.0,7,9
3,91,11,1.4,19.5387177873092,0.0,7,9
3,91,12,1.4,31.415897861935637,0.0,7,9
3,91,13,1.6,24.045301216605896,0.0,7,9
3,91,14,1.4,17.542008268149374,0.0,7,9
3,91,15,1.8,21.105060591838427,0.0,7,9
3,91,16,1.8,16.583493934767244,0.0,7,9
3,91,17,1.6,16.001832796313405,0.0,7,9
3,91,18,1.6,23.42576729165073,0.0,7,9
3,91,19,1.4,18.46248943414302,0.0,7,9
3,91,20,2.0,14.354197326600072,0.125,7,9
3,91,21,2.0,11.856808276826897,0.0,7,9
3,91,22,1.8,21.31444810152219,0.0,7,9
3,91,23,1.6,15.474735704428966,0.0,7,9
3,91,24,1.4,16.323863772567858,0.0,7,9
3,91,25,1.6,30.522572458365573,0.0,7,9
3,91,26,1.6,18.192857985498794,0.0,7,9
3,91,27,2.0,13.166585393161903,0.0,7,9
3,91,28,1.6,34.70541610322974,0.0,7,9
3,91,29,1.4,18.64660503518261,0.0,7,9
3,91,30,1.6,20.012453159916497,0.0,7,9
3,91,31,1.8,16.216323252719555,0.0,7,9
3,91,32,1.6,19.10981576123372,0.0,7,9
3,91,33,1.6,20.77297763951893,0.0,7,9
3,91,34,1.8,14.226298688755815,0.0,7,9
3,91,35,1.4,16.322221932181048,0.0,7,9
3,91,36,1.4,16.10347568079488,0.0,7,9
3,91,37,1.4,21.46502558569045,0.0,7,9
3,91,38,1.4,18.204447105549512,0.0,7,9
1,92,1,2.8,16.240567553401767,0.0,7,9
1,92,2,2.8,13.550107764360034,0.0,7,9
1,92,3,2.8,14.974597170723314,0.0,7,9
1,92,4,2.2,15.754376254985855,0.0,7,9
1,92,5,2.4,11.758828134393811,0.0,7,9
1,92,6,1.8,20.00884886394738,0.0,7,9
1,92,7,1.8,16.105124852479953,0.0,7,9
1,92,8,1.6,18.312505002238066,0.0,7,9
1,92,9,1.4,26.1937536370466,0.0,7,9
1,92,10,1.6,17.699665066190928,0.0,7,9
1,92,11,1.4,46.352884393433406,0.0,7,9
1,92,12,1.8,14.773890337785943,0.0,7,9
1,92,13,1.6,37.282331088438156,0.0,7,9
1,92,14,1.4,52.17268933123816,0.0,7,9
1,92,15,1.6,18.26081531022291,0.0,7,9
1,92,16,1.4,31.841217017494472,0.0,7,9
1,92,17,1.4,36.42574111940248,0.0,7,9
1,92,18,1.4,27.052315819598885,0.0,7,9
1,92,19,1.4,51.37247391112126,0.0,7,9
1,92,20,1.6,26.329126619022503,0.0,7,9
1,92,21,1.4,21.594338172342876,0.0,7,9
1,92,22,1.4,26.63170320714093,0.0,7,9
1,92,23,1.4,32.103487012249985,0.0,7,9
1,92,24,1.6,20.18851533938332,0.0,7,9
1,92,25,1.4,30.94864464778521,0.0,7,9
1,92,26,2.0,15.138981983741576,0.0,7,9
1,92,27,1.6,19.808218798661443,0.0,7,9
1,92,28,1.6,31.99631444448794,0.0,7,9
1,92,29,1.4,17.9271354622638,0.0,7,9
1,92,30,2.0,15.968235107940336,0.0,7,9
1,92,31,2.0,14.417917121186775,0.0,7,9
1,92,32,2.0,26.0163382733116,0.0,7,9
1,92,33,1.8,15.788378167347014,0.0,7,9
1,92,34,1.8,19.689783746611813,0.0,7,9
1,92,35,1.6,19.842731753952016,0.0,7,9
1,92,36,1.8,14.705130360098831,0.0,6,9
2,92,1,2.4,16.69160137379171,0.0,7,9
2,92,2,1.6,18.92530087153469,0.0,7,9
2,92,3,1.6,15.830618810646829,0.0,7,9
2,92,4,2.4,18.728964446082355,0.125,7,9
2,92,5,1.4,15.974410319997222,0.0,7,9
2,92,6,1.8,15.899415228207324,0.0,7,9
2,92,7,1.8,14.133236953925824,0.0,7,9
2,92,8,1.4,22.655353909971442,0.0,7,9
2,92,9,1.4,23.48536207747856,0.0,7,9
2,92,10,1.4,15.034171549834861,0.0,7,9
2,92,11,1.6,18.204060412001684,0.0,7,9
2,92,12,2.2,15.727904913345753,0.125,7,9
2,92,13,1.4,19.10736343491916,0.0,7,9
2,92,14,1.4,23.209886800500726,0.0,7,9
2,92,15,1.4,20.883996526185744,0.0,7,9
2,92,16,1.4,20.911901013940145,0.0,7,9
2,92,17,1.4,20.85230577643336,0.0,7,9
2,92,18,1.8,12.680730254709067,0.0,7,9
2,92,19,1.6,21.40713508790554,0.0,7,9
2,92,20,2.0,18.570936910927333,0.0,7,9
2,92,21,1.4,18.205471400555272,0.0,7,9
2,92,22,1.4,18.133725901096824,0.0,7,9
2,92,23,1.6,17.339629011381014,0.0,7,9
2,92,24,1.4,23.910839745664394,0.0,7,9
2,92,25,1.8,14.772844924873697,0.0,7,9
2,92,26,1.4,17.226133729579626,0.0,7,9
2,92,27,1.8,14.785758349166825,0.125,5,9
2,92,28,1.6,20.0899567435765,0.0,7,9
2,92,29,1.4,19.05945432001492,0.0,7,9
2,92,30,1.4,20.56312094313774,0.0,7,9
2,92,31,1.4,23.335564176328045,0.0,7,9
2,92,32,1.4,27.317811791920686,0.0,7,9
2,92,33,1.8,19.678546695142938,0.125,7,9
2,92,34,1.4,16.918145073412713,0.0,7,9
2,92,35,1.6,16.09118095247812,0.0,7,9
2,92,36,1.4,16.548372447604955,0.0,7,9
2,92,37,1.6,13.461683572044164,0.0,7,9
2,92,38,2.2,16.16698259298237,0.125,7,9
3,92,1,1.4,16.63388578183784,0.0,7,9
3,92,2,1.4,16.59391320078897,0.0,7,9
3,92,3,1.4,27.635007389558687,0.0,7,9
3,92,4,1.4,18.353774730358133,0.0,7,9
3,92,5,1.4,21.684971564285206,0.0,7,9
3,92,6,1.6,20.664264647469288,0.0,7,9
3,92,7,1.4,21.022704073531038,0.0,7,9
3,92,8,1.4,20.48223757564099,0.0,7,9
3,92,9,1.4,19.134887566919776,0.0,7,9
3,92,10,1.4,36.558333712980385,0.0,7,9
3,92,11,1.4,17.41708415485529,0.0,7,9
3,92,12,1.4,16.066178528774216,0.0,7,9
3,92,13,1.4,20.908740424754463,0.0,7,9
3,92,14,1.4,28.12925422787794,0.0,7,9
3,92,15,1.4,25.3908777485175,0.0,7,9
3,92,16,1.4,17.76225422183783,0.0,7,9
3,92,17,1.6,18.49334199370532,0.0,7,9
3,92,18,1.8,20.37235742171579,0.0,7,9
3,92,19,1.6,18.237582884075383,0.0,7,9
3,92,20,1.6,21.161217999517746,0.0,7,9
3,92,21,1.4,30.53284410370093,0.0,7,9
3,92,22,1.8,13.79963439903367,0.125,7,9
3,92,23,1.6,24.206288453474464,0.0,7,9
3,92,24,1.8,11.680880967782333,0.0,7,9
3,92,25,1.8,19.49375365867231,0.0,7,9
3,92,26,1.4,14.46174844723529,0.0,7,9
3,92,27,1.4,20.07432789685121,0.0,7,9
3,92,28,1.4,31.179361646715712,0.0,7,9
3,92,29,1.4,29.17979221954382,0.0,7,9
3,92,30,1.6,15.411775834656162,0.0,7,9
3,92,31,1.8,23.162549954000212,0.0,7,9
3,92,32,1.8,20.125380880435667,0.0,7,9
3,92,33,1.6,17.40543753811282,0.0,7,9
3,92,34,1.4,26.368917233682243,0.0,7,9
3,92,35,1.4,17.59123232981456,0.0,7,9
3,92,36,1.4,27.483295701068908,0.0,7,9
3,92,37,1.4,18.595748551702144,0.0,7,9
3,92,38,2.0,10.113615172958188,0.0,7,9
3,92,39,1.4,21.13574228145626,0.0,7,9
3,92,40,1.6,15.569430902404331,0.0,7,9
3,92,41,1.4,20.416652848029138,0.0,7,9
3,92,42,1.25,30.125806924503284,0.0,4,9
1,93,1,2.8,16.110312285070922,0.0,7,9
1,93,2,2.8,16.167630787884672,0.0,7,9
1,93,3,2.6,13.56192451160767,0.0,7,9
1,93,4,2.6,12.41717042418583,0.0,7,9
1,93,5,2.2,13.251254574956347,0.0,7,9
1,93,6,1.6,41.55727388808545,0.0,7,9
1,93,7,1.8,17.669372978929722,0.0,7,9
1,93,8,1.8,20.130125753231567,0.0,7,9
1,93,9,1.4,22.149961003741172,0.0,7,9
1,93,10,1.8,16.0940404637508,0.0,7,9
1,93,11,1.4,35.99758586826891,0.0,7,9
1,93,12,1.6,16.668588603098687,0.0,7,9
1,93,13,1.4,29.127147582949235,0.0,7,9
1,93,14,1.6,32.88475311464866,0.0,7,9
1,93,15,1.4,28.331864752057538,0.0,7,9
1,93,16,1.6,27.95576568285244,0.0,7,9
1,93,17,1.6,26.405100800392805,0.0,7,9
1,93,18,1.6,37.816007612281005,0.0,7,9
1,93,19,1.4,29.84197809108042,0.0,7,9
1,93,20,1.6,19.782100011255174,0.0,7,9
1,93,21,1.4,24.63526144644332,0.0,7,9
1,93,22,1.4,52.58774916685938,0.0,7,9
1,93,23,1.6,18.48031098312296,0.0,7,9
1,93,24,1.6,28.688519306243524,0.0,7,9
1,93,25,1.6,40.467586713256935,0.0,7,9
1,93,26,1.8,15.321501194210253,0.0,7,9
1,93,27,1.4,44.922088563536064,0.0,7,9
1,93,28,1.6,24.416544562717636,0.0,7,9
1,93,29,1.4,18.184142171826757,0.0,7,9
1,93,30,1.6,20.446843884303075,0.0,7,9
1,93,31,1.4,25.243290023214,0.0,7,9
1,93,32,1.6,22.88065209883726,0.0,7,9
1,93,33,2.2,16.97451912642684,0.0,7,9
1,93,34,1.6,22.203198062770316,0.0,7,9
1,93,35,1.8,15.548657042490591,0.0,7,9
1,93,36,2.0,14.210240523535248,0.0,7,9
2,93,1,2.2,19.54530501884819,0.0,7,9
2,93,2,1.8,16.024609855269247,0.0,7,9
2,93,3,1.8,14.626243751650124,0.0,7,9
2,93,4,2.6,13.160901216240653,0.125,7,9
2,93,5,1.6,16.10367734400148,0.0,7,9
2,93,6,1.4,27.585873328295,0.0,7,9
2,93,7,1.4,15.215337542819384,0.0,7,9
2,93,8,1.6,15.894102058495147,0.0,7,9
2,93,9,1.4,21.57950804303542,0.0,7,9
2,93,10,1.4,14.229673014050645,0.0,7,9
2,93,11,1.4,20.276436342933362,0.0,7,9
2,93,12,1.6,22.724950433069324,0.0,7,9
2,93,13,1.6,20.41298100713861,0.0,7,9
2,93,14,1.8,16.514846380738554,0.0,7,9
2,93,15,1.8,17.0527697281672,0.0,7,9
2,93,16,1.8,20.12673129826359,0.0,7,9
2,93,17,1.4,31.41260858268175,0.0,7,9
2,93,18,2.0,11.23094112714106,0.0,7,9
2,93,19,1.6,22.716913879235122,0.0,7,9
2,93,20,1.6,19.049755086844343,0.0,7,9
2,93,21,1.4,25.69379666028096,0.0,7,9
2,93,22,1.4,20.362980676252754,0.0,7,9
2,93,23,1.4,22.426902930586486,0.0,7,9
2,93,24,1.4,20.064084819112548,0.0,7,9
2,93,25,1.8,15.159191475604265,0.0,7,9
2,93,26,1.4,18.78840166971599,0.0,7,9
2,93,27,1.4,18.17212216416473,0.0,7,9
2,93,28,2.0,16.90288617725276,0.0,7,9
2,93,29,1.6,28.188075275878106,0.0,7,9
2,93,30,1.8,14.060721539355402,0.0,7,9
2,93,31,1.6,20.00659770144611,0.0,7,9
2,93,32,1.4,27.08536257001604,0.0,7,9
2,93,33,1.6,23.209900261491246,0.0,7,9
2,93,34,1.6,17.003689408996287,0.0,7,9
2,93,35,1.4,15.771740923703327,0.0,7,9
2,93,36,1.4,14.469557712740677,0.0,7,9
2,93,37,1.4,24.494830946756196,0.0,7,9
2,93,38,2.0,17.971189102540617,0.0,7,9
3,93,1,2.0,15.548586316993552,0.0,7,9
3,93,2,2.6,11.785565605992021,0.0,7,9
3,93,3,1.8,14.86718245461986,0.0,7,9
3,93,4,2.0,16.443784157132207,0.0,7,9
3,93,5,1.6,18.141281990588535,0.0,7,9
3,93,6,1.6,14.25268225720406,0.0,7,9
3,93,7,1.6,17.44510973175411,0.0,7,9
3,93,8,1.8,14.822889213901863,0.0,7,9
3,93,9,1.6,15.099145214164755,0.0,7,9
3,93,10,1.4,14.892329927920656,0.0,7,9
3,93,11,1.4,18.742477135204016,0.0,7,9
3,93,12,1.6,23.770477867625647,0.0,7,9
3,93,13,1.4,19.177314502830715,0.0,7,9
3,93,14,1.8,17.798960419845194,0.0,7,9
3,93,15,1.6,35.813671275616734,0.0,7,9
3,93,16,1.4,18.460605866704384,0.0,7,9
3,93,17,1.8,17.180991526646494,0.0,7,9
3,93,18,1.6,23.35752530541647,0.0,7,9
3,93,19,1.8,15.056586815487222,0.125,7,9
3,93,20,1.8,20.974200598538058,0.0,7,9
3,93,21,1.6,12.671551468416514,0.0,7,9
3,93,22,2.0,15.692949916633467,0.0,7,9
3,93,23,1.6,15.494892637210613,0.0,7,9
3,93,24,1.6,24.947021206482937,0.0,7,9
3,93,25,1.4,22.903495672767892,0.0,7,9
3,93,26,1.6,21.800995183539445,0.0,7,9
3,93,27,2.0,20.964465448194773,0.0,7,9
3,93,28,1.4,33.66380868649817,0.0,7,9
3,93,29,1.4,18.53105542072365,0.0,7,9
3,93,30,1.6,19.90344560700381,0.0,7,9
3,93,31,1.8,14.675318913123178,0.0,7,9
3,93,32,1.6,20.340166015664934,0.0,7,9
3,93,33,1.4,18.675683685610014,0.0,7,9
3,93,34,2.0,11.868271295339742,0.0,7,9
3,93,35,1.4,20.807081532337186,0.0,7,9
3,93,36,1.6,15.648884195631322,0.0,7,9
3,93,37,1.6,19.263656045955354,0.0,7,9
3,93,38,1.2,19.87257314703662,0.0,5,9
1,94,1,2.8,15.177081729874626,0.0,7,9
1,94,2,2.8,14.926190226834777,0.0,7,9
1,94,3,2.8,13.589988704649503,0.0,7,9
1,94,4,2.0,15.532997287143722,0.0,7,9
1,94,5,2.4,11.215978833760566,0.0,7,9
1,94,6,1.6,40.86346733120066,0.0,7,9
1,94,7,1.6,18.38748869504366,0.0,7,9
1,94,8,2.0,14.507554106707948,0.0,7,9
1,94,9,1.4,20.63596947446159,0.0,7,9
1,94,10,1.6,19.333962977896725,0.0,7,9
1,94,11,1.4,52.91622838496588,0.0,7,9
1,94,12,1.4,21.566395624620583,0.0,7,9
1,94,13,1.4,28.326016180782407,0.0,7,9
1,94,14,1.8,30.00418879029776,0.0,7,9
1,94,15,1.4,29.60995553558946,0.0,7,9
1,94,16,1.4,17.563471186787346,0.0,7,9
1,94,17,1.4,26.263968757680285,0.0,7,9
1,94,18,1.4,33.83279653759964,0.0,7,9
1,94,19,1.6,33.858294319171186,0.0,7,9
1,94,20,1.4,25.733785808792817,0.0,7,9
1,94,21,1.6,21.56468457944318,0.0,7,9
1,94,22,1.6,26.32862881232978,0.0,7,9
1,94,23,1.4,67.64446042736904,0.0,7,9
1,94,24,1.8,14.280631811128895,0.0,7,9
1,94,25,1.4,45.06770498343553,0.0,7,9
1,94,26,1.8,16.282293369586895,0.0,7,9
1,94,27,1.6,23.765314488249373,0.0,7,9
1,94,28,1.4,29.653829758678306,0.0,7,9
1,94,29,1.6,15.437941109773034,0.0,7,9
1,94,30,1.6,18.300443121691575,0.0,7,9
1,94,31,1.8,19.53625610980163,0.0,7,9
1,94,32,2.0,13.619972108446406,0.0,7,9
1,94,33,2.0,17.944362126930137,0.0,7,9
1,94,34,1.6,20.538356945850577,0.0,7,9
1,94,35,2.0,16.145860806537375,0.0,7,9
1,94,36,1.6,21.480428554656097,0.0,7,9
2,94,1,2.2,19.17759052853314,0.0,7,9
2,94,2,1.6,16.834980438912027,0.0,7,9
2,94,3,1.6,18.728506094392696,0.0,7,9
2,94,4,2.2,17.226709659534833,0.0,7,9
2,94,5,1.8,14.238619437237336,0.0,7,9
2,94,6,1.8,18.112397589290556,0.0,7,9
2,94,7,1.6,17.233051176298748,0.0,7,9
2,94,8,1.6,17.68664268060382,0.0,7,9
2,94,9,1.6,24.847990957682168,0.0,7,9
2,94,10,1.8,12.867532908633288,0.0,7,9
2,94,11,1.6,22.015587194363373,0.0,7,9
2,94,12,1.8,16.44480934694864,0.0,7,9
2,94,13,1.6,18.334829058407387,0.0,7,9
2,94,14,1.6,21.716664150640696,0.0,7,9
2,94,15,1.6,17.93924119997836,0.0,7,9
2,94,16,1.8,18.810413803985135,0.0,7,9
2,94,17,2.0,14.911173699244355,0.0,7,9
2,94,18,2.0,11.866976035880981,0.0,7,9
2,94,19,2.0,18.419422750539738,0.0,7,9
2,94,20,1.4,25.80219131689379,0.0,7,9
2,94,21,1.4,20.161603304126956,0.0,7,9
2,94,22,1.6,17.013170471059418,0.0,7,9
2,94,23,1.4,24.300001265333172,0.0,7,9
2,94,24,1.6,16.188054610194403,0.0,7,9
2,94,25,1.4,20.283861360628606,0.0,7,9
2,94,26,1.8,14.167178658265808,0.0,7,9
2,94,27,2.0,15.99871097335216,0.0,7,9
2,94,28,2.2,15.890106976506242,0.0,7,9
2,94,29,1.6,19.249337750655567,0.0,7,9
2,94,30,1.4,34.47191013340211,0.0,7,9
2,94,31,1.6,24.89985062412533,0.0,7,9
2,94,32,2.4,10.272335841510777,0.0,7,9
2,94,33,1.4,16.81223427477756,0.0,7,9
2,94,34,1.4,14.892345672255829,0.0,7,9
2,94,35,1.4,21.867483500236137,0.0,7,9
2,94,36,2.2,13.617601995252382,0.125,7,9
3,94,1,1.8,13.071176403308687,0.0,7,9
3,94,2,2.4,11.02648758911177,0.0,7,9
3,94,3,2.0,13.515814104201414,0.0,7,9
3,94,4,1.6,28.93060899814868,0.0,7,9
3,94,5,1.6,18.3681796942526,0.0,7,9
3,94,6,1.4,19.253024745796782,0.0,7,9
3,94,7,1.6,17.025934338942147,0.0,7,9
3,94,8,1.6,16.571145481793927,0.0,7,9
3,94,9,1.8,12.52864427461406,0.0,7,9
3,94,10,1.4,19.89039388347899,0.0,7,9
3,94,11,1.4,17.382132569350485,0.0,7,9
3,94,12,1.8,16.719610925965217,0.0,7,9
3,94,13,1.4,27.10726643835188,0.0,7,9
3,94,14,1.6,16.784668593095283,0.0,7,9
3,94,15,1.8,22.096285551496276,0.0,7,9
3,94,16,1.8,14.499787455974813,0.0,7,9
3,94,17,1.4,21.30314806445783,0.0,7,9
3,94,18,1.4,30.697289597042577,0.0,7,9
3,94,19,1.4,16.954694615318015,0.0,7,9
3,94,20,2.0,14.059393696805088,0.125,7,9
3,94,21,1.8,15.066659548472813,0.0,7,9
3,94,22,1.4,20.224691437327053,0.0,7,9
3,94,23,1.4,25.66531962313334,0.0,7,9
3,94,24,1.4,15.24182512905496,0.0,7,9
3,94,25,1.4,21.734017765809625,0.0,7,9
3,94,26,1.4,21.976576145565684,0.0,7,9
3,94,27,1.6,21.597796219532917,0.0,7,9
3,94,28,1.8,15.88641133244104,0.0,7,9
3,94,29,1.8,25.09103001751512,0.0,7,9
3,94,30,1.6,16.22232065543093,0.0,7,9
3,94,31,1.6,17.361067165000776,0.0,7,9
3,94,32,1.4,22.721559851621784,0.0,7,9
3,94,33,1.4,19.97227146543986,0.0,7,9
3,94,34,1.6,21.78921982925854,0.0,7,9
3,94,35,1.8,17.278403828856604,0.0,7,9
3,94,36,1.6,15.805517699497889,0.0,7,9
3,94,37,1.4,15.711421353345266,0.0,7,9
3,94,38,1.6,18.422492673689888,0.0,7,9
3,94,39,1.6,19.418855516350607,0.0,7,9
1,95,1,3.0,15.563468746628184,0.0,7,9
1,95,2,2.8,14.081252351676419,0.0,7,9
1,95,3,2.8,11.672557424294672,0.0,7,9
1,95,4,2.0,20.687271663850144,0.0,7,9
1,95,5,2.4,11.446133963827663,0.0,7,9
1,95,6,1.4,47.18078213020857,0.0,7,9
1,95,7,1.6,17.181663521021946,0.0,7,9
1,95,8,2.0,13.7778174095806,0.0,7,9
1,95,9,1.4,24.395319693737562,0.0,7,9
1,95,10,1.6,22.26247542568785,0.0,7,9
1,95,11,1.4,46.757384033586085,0.0,7,9
1,95,12,1.4,21.489487449426196,0.0,7,9
1,95,13,1.4,25.4543875505166,0.0,7,9
1,95,14,1.6,46.492688852033744,0.0,7,9
1,95,15,1.6,30.474385976156956,0.0,7,9
1,95,16,1.4,27.2547562235628,0.0,7,9
1,95,17,1.4,28.635254459815933,0.0,7,9
1,95,18,1.4,36.94410592051624,0.0,7,9
1,95,19,1.4,32.56043253932939,0.0,7,9
1,95,20,1.4,48.61615571224612,0.0,7,9
1,95,21,1.4,33.118143891881296,0.0,7,9
1,95,22,1.4,23.004379263870014,0.0,7,9
1,95,23,1.4,53.09020074996526,0.0,7,9
1,95,24,1.4,25.150984789042763,0.0,7,9
1,95,25,1.8,20.531454546132775,0.0,7,9
1,95,26,1.8,20.96488634180611,0.0,7,9
1,95,27,1.4,25.82632436655235,0.0,7,9
1,95,28,1.6,24.27593119136902,0.0,7,9
1,95,29,1.4,27.057194034222547,0.0,7,9
1,95,30,1.6,18.55435302582728,0.0,7,9
1,95,31,2.2,15.417842939616309,0.0,7,9
1,95,32,1.6,15.957552074268678,0.0,7,9
1,95,33,1.8,20.955849577828893,0.0,7,9
1,95,34,1.4,27.98103242290115,0.0,7,9
1,95,35,1.8,17.770194599572157,0.0,7,9
1,95,36,1.8,15.262869961527318,0.0,7,9
1,95,37,1.8,16.164634658199624,0.0,5,9
2,95,1,2.4,17.40406545001735,0.0,7,9
2,95,2,1.8,15.390630197001856,0.0,7,9
2,95,3,1.6,20.736830009385283,0.0,7,9
2,95,4,2.2,20.13562414176353,0.0,7,9
2,95,5,1.8,15.202005910387584,0.0,7,9
2,95,6,2.2,13.474750661185661,0.0,7,9
2,95,7,2.0,14.519004947163905,0.0,7,9
2,95,8,1.6,22.804742404605843,0.0,7,9
2,95,9,1.4,21.261357779951414,0.0,7,9
2,95,10,1.6,17.89359205974729,0.0,7,9
2,95,11,2.2,16.364143961499693,0.125,7,9
2,95,12,1.4,19.079857009909365,0.0,7,9
2,95,13,1.4,25.295007106700925,0.0,7,9
2,95,14,1.4,21.973638047178017,0.0,7,9
2,95,15,1.4,29.28072401892059,0.0,7,9
2,95,16,1.4,21.289286728777437,0.0,7,9
2,95,17,1.6,21.272591977949055,0.0,7,9
2,95,18,1.6,14.815097923474529,0.0,7,9
2,95,19,1.8,24.502732691185063,0.0,7,9
2,95,20,1.8,16.118310030784183,0.0,7,9
2,95,21,1.4,29.246468107766926,0.0,7,9
2,95,22,1.4,20.560611877043957,0.0,7,9
2,95,23,1.4,18.21666326045906,0.0,7,9
2,95,24,1.4,20.13651345697404,0.0,7,9
2,95,25,1.6,16.07108522957153,0.0,7,9
2,95,26,1.4,16.362523330001256,0.0,7,9
2,95,27,1.8,17.09436099800474,0.125,7,9
2,95,28,1.4,22.247118437831585,0.0,7,9
2,95,29,1.4,25.05866050467677,0.0,7,9
2,95,30,1.4,21.492515299558086,0.0,7,9
2,95,31,1.4,18.23062486976426,0.0,7,9
2,95,32,1.6,18.929701932512923,0.0,7,9
2,95,33,1.6,27.926049983971957,0.0,7,9
2,95,34,1.6,14.393215609598869,0.0,7,9
2,95,35,1.4,16.363350191901066,0.0,7,9
2,95,36,1.4,16.51080619919555,0.0,7,9
2,95,37,1.8,13.833717340892196,0.0,7,9
2,95,38,2.0,15.767275314893878,0.125,7,9
3,95,1,1.4,16.956702604308767,0.0,7,9
3,95,2,1.4,17.698327110470817,0.0,7,9
3,95,3,1.4,24.239751974050726,0.0,7,9
3,95,4,1.4,21.00062871727669,0.0,7,9
3,95,5,1.4,21.30724360486648,0.0,7,9
3,95,6,1.4,28.085641482106542,0.0,7,9
3,95,7,1.6,16.303646685901366,0.0,7,9
3,95,8,1.4,16.37051348442945,0.0,7,9
3,95,9,1.6,13.499301297949707,0.0,7,9
3,95,10,1.4,19.176535950429784,0.0,7,9
3,95,11,1.4,16.000468129202385,0.0,7,9
3,95,12,1.4,23.389386684868143,0.0,7,9
3,95,13,1.4,14.129482563278032,0.0,7,9
3,95,14,1.4,22.79808743379123,0.0,7,9
3,95,15,1.4,26.470441658845417,0.0,7,9
3,95,16,1.4,15.972169517486034,0.0,7,9
3,95,17,1.4,25.506710234309644,0.0,7,9
3,95,18,1.4,34.431571088999526,0.0,7,9
3,95,19,1.6,17.01514900312703,0.0,7,9
3,95,20,1.8,16.053578403501923,0.0,7,9
3,95,21,1.6,22.252742944881323,0.0,7,9
3,95,22,1.8,13.554965380268763,0.125,7,9
3,95,23,1.6,23.108776153796963,0.0,7,9
3,95,24,1.6,12.660516746171432,0.0,7,9
3,95,25,1.8,18.480660718428798,0.0,7,9
3,95,26,1.6,15.435681118432004,0.0,7,9
3,95,27,1.4,19.6866359548736,0.0,7,9
3,95,28,1.4,25.361344394469562,0.0,7,9
3,95,29,1.4,28.236777720467348,0.0,7,9
3,95,30,2.0,12.311013700214573,0.0,7,9
3,95,31,1.8,27.282070327512937,0.0,7,9
3,95,32,1.4,22.174442067294084,0.0,7,9
3,95,33,1.6,18.235770033399525,0.0,7,9
3,95,34,1.8,19.739344938666996,0.0,7,9
3,95,35,1.4,23.502686842075892,0.0,7,9
3,95,36,1.4,28.967230653732564,0.0,7,9
3,95,37,1.6,16.880823753386615,0.0,7,9
3,95,38,1.8,14.012744094267575,0.0,7,9
3,95,39,1.4,18.022499127991704,0.0,7,9
3,95,40,1.8,14.715598563674481,0.0,7,9
3,95,41,1.6,18.821276011572483,0.0,7,9
1,96,1,2.8,15.138952942468975,0.0,7,9
1,96,2,2.8,14.39148465205372,0.0,7,9
1,96,3,2.4,17.761655711372182,0.0,7,9
1,96,4,2.2,19.740286896172478,0.0,7,9
1,96,5,2.2,10.601477164122004,0.0,7,9
1,96,6,2.0,25.409696841082308,0.0,7,9
1,96,7,1.6,17.480714004986904,0.0,7,9
1,96,8,1.6,18.012014928815706,0.0,7,9
1,96,9,1.4,33.022679386811255,0.0,7,9
1,96,10,1.8,17.30715870090365,0.0,7,9
1,96,11,1.4,30.519388710306906,0.0,7,9
1,96,12,1.6,20.44824215008896,0.0,7,9
1,96,13,1.4,42.217323397106455,0.0,7,9
1,96,14,1.4,47.89140372205873,0.0,7,9
1,96,15,1.4,45.60465043160555,0.0,7,9
1,96,16,1.6,16.036701320867085,0.0,7,9
1,96,17,1.6,38.835991466095514,0.0,7,9
1,96,18,1.6,29.190266660414647,0.0,7,9
1,96,19,1.4,49.946238286029285,0.0,7,9
1,96,20,1.4,34.79874858671992,0.0,7,9
1,96,21,1.8,17.931169236499468,0.0,7,9
1,96,22,1.6,29.522812778468317,0.0,7,9
1,96,23,1.6,27.28222984818805,0.0,7,9
1,96,24,2.0,15.989338774076385,0.0,7,9
1,96,25,2.0,21.0049267085835,0.0,7,9
1,96,26,1.4,24.86714480539265,0.0,7,9
1,96,27,1.6,34.194002141650955,0.0,7,9
1,96,28,1.6,22.297244395733415,0.0,7,9
1,96,29,1.6,15.14681477340724,0.0,7,9
1,96,30,1.8,23.397502238519834,0.0,7,9
1,96,31,2.0,11.81698107334514,0.0,7,9
1,96,32,2.4,17.921408778858158,0.0,7,9
1,96,33,1.6,23.341989840092708,0.0,7,9
1,96,34,1.8,16.715051869165023,0.0,7,9
1,96,35,2.0,17.746968474755946,0.0,7,9
2,96,1,1.8,29.116932002253616,0.0,7,9
2,96,2,2.0,14.521914480131947,0.0,7,9
2,96,3,1.6,24.21577476512139,0.0,7,9
2,96,4,2.6,15.734335617683303,0.125,7,9
2,96,5,1.6,15.294794648120533,0.0,7,9
2,96,6,1.8,17.646108504866472,0.0,7,9
2,96,7,1.6,12.800274935928105,0.0,7,9
2,96,8,1.6,21.52718615750552,0.0,7,9
2,96,9,1.4,26.36331999648033,0.0,7,9
2,96,10,1.4,17.19201523301394,0.0,7,9
2,96,11,1.4,28.671335274292577,0.0,7,9
2,96,12,1.8,21.86217707483728,0.0,7,9
2,96,13,1.8,15.795561945168966,0.0,7,9
2,96,14,1.6,25.82281204095782,0.0,7,9
2,96,15,1.8,17.106869052377675,0.0,7,9
2,96,16,1.8,20.0374488457458,0.0,7,9
2,96,17,2.0,15.196682168258512,0.0,7,9
2,96,18,1.6,15.037801228909416,0.0,7,9
2,96,19,2.0,21.899817277837496,0.0,7,9
2,96,20,1.4,20.687980518016587,0.0,7,9
2,96,21,1.4,34.33641250974058,0.0,7,9
2,96,22,1.6,23.349139118242086,0.0,7,9
2,96,23,1.4,19.884350819028093,0.0,7,9
2,96,24,2.0,13.654700924236147,0.0,7,9
2,96,25,1.4,16.617684053402673,0.0,7,9
2,96,26,1.4,19.348127663869043,0.0,7,9
2,96,27,1.8,21.34540942351163,0.0,7,9
2,96,28,2.0,14.28149554886874,0.0,7,9
2,96,29,1.8,15.065108012662071,0.0,7,9
2,96,30,1.6,21.111530703286896,0.0,7,9
2,96,31,2.0,18.45940309195823,0.0,7,9
2,96,32,1.8,15.991272427585145,0.0,7,9
2,96,33,1.6,20.069698548977524,0.0,7,9
2,96,34,1.6,13.683485888740625,0.0,7,9
2,96,35,1.6,18.280135347017527,0.0,7,9
2,96,36,1.6,15.494272228653974,0.0,7,9
2,96,37,1.0,39.61934050957308,0.0,4,9
3,96,1,1.6,19.281713402646933,0.0,7,9
3,96,2,2.2,11.328614422898355,0.0,7,9
3,96,3,1.8,21.404547392612194,0.0,7,9
3,96,4,1.6,16.369567851874265,0.0,7,9
3,96,5,2.0,16.472433302128685,0.0,7,9
3,96,6,1.6,14.210002824748456,0.0,7,9
3,96,7,1.4,17.435896469276802,0.0,7,9
3,96,8,1.6,20.05277932188961,0.0,7,9
3,96,9,1.6,15.32851256556031,0.0,7,9
3,96,10,1.4,16.744597220181568,0.0,7,9
3,96,11,1.4,12.585461936201835,0.0,7,9
3,96,12,1.8,21.303377193132985,0.0,7,9
3,96,13,1.4,28.308196829002622,0.0,7,9
3,96,14,1.4,15.447730555804409,0.0,7,9
3,96,15,1.6,24.470635816795816,0.0,7,9
3,96,16,1.6,26.355273272291345,0.0,7,9
3,96,17,1.4,23.577337688349516,0.0,7,9
3,96,18,1.8,15.92838232874758,0.0,7,9
3,96,19,1.4,28.672073993426007,0.0,7,9
3,96,20,1.8,14.150843360929601,0.125,5,9
3,96,21,1.6,24.399423354971614,0.0,7,9
3,96,22,1.6,13.235886130236096,0.0,7,9
3,96,23,1.8,20.458869394211053,0.0,7,9
3,96,24,1.6,14.908909096616323,0.0,7,9
3,96,25,1.6,16.813989859472112,0.0,7,9
3,96,26,1.6,21.736154032447594,0.0,7,9
3,96,27,1.6,21.562998599824603,0.0,7,9
3,96,28,1.8,16.44192318351834,0.0,7,9
3,96,29,1.4,27.84346874368923,0.0,7,9
3,96,30,1.4,27.326241502422402,0.0,7,9
3,96,31,1.6,17.11323015387455,0.0,7,9
3,96,32,1.6,22.704638975995685,0.0,7,9
3,96,33,1.4,17.678793406064905,0.0,7,9
3,96,34,1.4,23.478506528082722,0.0,7,9
3,96,35,1.6,18.412259436304836,0.0,7,9
3,96,36,1.6,14.500273540023606,0.0,7,9
3,96,37,1.4,20.84756755744027,0.0,7,9
3,96,38,1.4,19.4330782009112,0.0,7,9
3,96,39,1.6,15.941232033831769,0.0,7,9
3,96,40,1.0,35.88947624313815,0.0,5,9
1,97,1,2.8,17.363679610767537,0.0,7,9
1,97,2,2.8,14.889310098033867,0.0,7,9
1,97,3,2.8,13.839680357623632,0.0,7,9
1,97,4,2.0,17.368572246703682,0.0,7,9
1,97,5,2.2,12.651493798980598,0.0,7,9
1,97,6,1.8,33.7726065496771,0.0,7,9
1,97,7,1.6,15.663234617850708,0.0,7,9
1,97,8,1.4,31.936093571839915,0.0,7,9
1,97,9,1.4,17.81580011600799,0.0,7,9
1,97,10,1.6,18.0836387928136,0.0,7,9
1,97,11,1.6,25.2957608797121,0.0,7,9
1,97,12,1.6,20.91250556116089,0.0,7,9
1,97,13,1.4,27.314313419628178,0.0,7,9
1,97,14,1.4,36.26987356950292,0.0,7,9
1,97,15,1.6,40.23656382781535,0.0,7,9
1,97,16,1.4,20.88296733608044,0.0,7,9
1,97,17,1.4,31.355531918139054,0.0,7,9
1,97,18,1.4,29.59592551319259,0.0,7,9
1,97,19,1.8,25.029273104612987,0.0,7,9
1,97,20,1.4,38.88985820180706,0.0,7,9
1,97,21,1.4,27.149713727296824,0.0,7,9
1,97,22,1.4,30.441966635583707,0.0,7,9
1,97,23,1.4,40.85291249208317,0.0,7,9
1,97,24,1.4,29.59824255439385,0.0,7,9
1,97,25,1.6,28.825752023260872,0.0,7,9
1,97,26,1.4,30.760793638438084,0.0,7,9
1,97,27,1.4,19.609782641948485,0.0,7,9
1,97,28,1.8,25.636111662497598,0.0,7,9
1,97,29,1.4,30.512539550272724,0.0,7,9
1,97,30,1.4,19.8786939392722,0.0,7,9
1,97,31,2.0,17.004618714372633,0.0,7,9
1,97,32,2.0,12.904967703045928,0.0,7,9
1,97,33,2.0,19.21413341691219,0.0,7,9
1,97,34,1.6,21.407767956598303,0.0,7,9
1,97,35,1.8,18.19954470725894,0.0,7,9
1,97,36,2.0,11.808786899753269,0.0,7,9
1,97,37,1.6,18.99117812513131,0.0,5,9
2,97,1,2.0,20.27194471867819,0.0,7,9
2,97,2,1.8,15.19477251435972,0.0,7,9
2,97,3,1.4,24.214747885427553,0.0,7,9
2,97,4,2.2,17.96225084211002,0.125,7,9
2,97,5,1.6,18.71044683932591,0.0,7,9
2,97,6,1.4,28.0393504818703,0.0,7,9
2,97,7,1.6,17.554294667861715,0.0,7,9
2,97,8,1.4,16.658377655280013,0.0,7,9
2,97,9,1.4,21.049113997079235,0.0,7,9
2,97,10,1.4,21.292308857117533,0.0,7,9
2,97,11,1.6,14.075114751031542,0.0,7,9
2,97,12,1.4,25.79137653182494,0.0,7,9
2,97,13,2.2,12.98219245470599,0.125,7,9
2,97,14,1.4,21.684399747552355,0.0,7,9
2,97,15,1.4,23.80233240556647,0.0,7,9
2,97,16,1.4,22.688997279852945,0.0,7,9
2,97,17,1.4,26.37457047501026,0.0,7,9
2,97,18,1.4,24.266300538879115,0.0,7,9
2,97,19,1.6,14.579288677815889,0.0,7,9
2,97,20,1.6,17.487075584515548,0.0,7,9
2,97,21,1.8,20.85891053468655,0.0,7,9
2,97,22,1.4,22.24450549746864,0.0,7,9
2,97,23,1.4,23.230574254469875,0.0,7,9
2,97,24,1.6,18.493067493972337,0.0,7,9
2,97,25,1.4,22.25755065465894,0.0,7,9
2,97,26,1.6,14.566233034710772,0.0,7,9
2,97,27,1.4,21.339670105780748,0.0,7,9
2,97,28,1.4,18.435234719335817,0.0,7,9
2,97,29,2.0,19.764736979251023,0.0,7,9
2,97,30,2.2,13.070148819605219,0.0,7,9
2,97,31,2.0,14.284533074618793,0.0,7,9
2,97,32,1.4,22.106136836231236,0.0,7,9
2,97,33,1.4,31.29495308111476,0.0,7,9
2,97,34,1.4,30.12171304223162,0.0,7,9
2,97,35,1.4,15.531881344566363,0.0,7,9
2,97,36,1.6,17.389912314738687,0.0,7,9
2,97,37,1.4,15.075889189236163,0.0,7,9
2,97,38,1.6,17.18378455753477,0.0,7,9
2,97,39,1.8,16.006798540417307,0.0,7,9
3,97,1,2.0,14.725030942326256,0.0,7,9
3,97,2,2.4,12.364415108716685,0.0,7,9
3,97,3,2.0,14.784699268872124,0.0,7,9
3,97,4,2.4,14.705931426232109,0.0,7,9
3,97,5,1.6,15.459002234184657,0.0,7,9
3,97,6,1.6,15.90377716568991,0.0,7,9
3,97,7,1.4,21.29871942509399,0.0,7,9
3,97,8,1.4,19.095850223054352,0.0,7,9
3,97,9,1.4,20.148191281451698,0.0,7,9
3,97,10,1.4,16.253781606326903,0.0,7,9
3,97,11,1.4,21.533683234803842,0.0,7,9
3,97,12,1.6,26.3790716924991,0.0,7,9
3,97,13,1.4,23.32745979958155,0.0,7,9
3,97,14,1.4,18.33063421459933,0.0,7,9
3,97,15,1.6,23.782926250824314,0.0,7,9
3,97,16,1.6,18.584103453453892,0.0,7,9
3,97,17,2.0,15.11846814900869,0.0,7,9
3,97,18,1.4,19.77243983023079,0.0,7,9
3,97,19,1.6,16.09368939302629,0.0,7,9
3,97,20,2.0,16.706786444266587,0.125,7,9
3,97,21,1.6,17.977705766211322,0.0,7,9
3,97,22,1.8,18.082594132793403,0.0,7,9
3,97,23,1.4,29.88960278912264,0.0,7,9
3,97,24,1.6,14.143087279357271,0.0,7,9
3,97,25,1.4,20.61823913428273,0.0,7,9
3,97,26,1.4,32.72260440512583,0.0,7,9
3,97,27,2.0,14.693702002446223,0.0,7,9
3,97,28,1.8,20.1153743690359,0.0,7,9
3,97,29,1.4,21.58833669187651,0.0,7,9
3,97,30,1.4,20.028271997438484,0.0,7,9
3,97,31,1.6,17.82897969119489,0.0,7,9
3,97,32,1.4,18.741504415982128,0.0,7,9
3,97,33,1.4,29.784226131374066,0.0,7,9
3,97,34,1.4,23.21185350191412,0.0,7,9
3,97,35,1.6,17.56777917833601,0.0,7,9
3,97,36,1.4,17.8339304605222,0.0,7,9
3,97,37,1.4,16.04107813702451,0.0,7,9
3,97,38,1.6,18.819293668046296,0.0,7,9
3,97,39,1.4,18.937203631199157,0.0,7,9
1,98,1,2.8,17.61749906571518,0.0,7,9
1,98,2,2.8,17.280332075278682,0.0,7,9
1,98,3,2.8,13.871538435622806,0.0,7,9
1,98,4,1.8,20.91495581485775,0.0,7,9
1,98,5,2.0,12.80202741421187,0.0,7,9
1,98,6,1.8,28.350532131213004,0.0,7,9
1,98,7,1.6,19.649234482754167,0.0,7,9
1,98,8,1.8,17.46472371496936,0.0,7,9
1,98,9,1.8,16.469429480899226,0.0,7,9
1,98,10,1.6,23.209450477587406,0.0,7,9
1,98,11,1.8,22.297415627406533,0.0,7,9
1,98,12,1.4,15.33138455717131,0.0,7,9
1,98,13,1.4,27.190578594620543,0.0,7,9
1,98,14,1.6,33.89347411678722,0.0,7,9
1,98,15,1.6,36.20552670127201,0.0,7,9
1,98,16,1.6,22.30387557178864,0.0,7,9
1,98,17,1.4,62.36458850758567,0.0,7,9
1,98,18,1.6,29.43188487253095,0.0,7,9
1,98,19,1.4,36.67682052162817,0.0,7,9
1,98,20,1.4,21.903920340489897,0.0,7,9
1,98,21,1.6,20.937001259614636,0.0,7,9
1,98,22,1.6,35.427591722842365,0.0,7,9
1,98,23,1.6,19.692780837280413,0.0,7,9
1,98,24,1.4,32.88300758906905,0.0,7,9
1,98,25,1.8,26.47931329656505,0.0,7,9
1,98,26,1.8,18.512790931493154,0.0,7,9
1,98,27,1.6,19.63172945273362,0.0,7,9
1,98,28,1.6,17.032251511316897,0.0,7,9
1,98,29,1.6,18.497398877862903,0.0,7,9
1,98,30,2.2,17.679534213090697,0.0,7,9
1,98,31,1.4,24.494061312259355,0.0,7,9
1,98,32,2.0,22.811441994761875,0.0,7,9
1,98,33,1.8,21.22950523810625,0.0,7,9
1,98,34,1.6,25.78034137437947,0.0,7,9
1,98,35,2.4,9.90626588046766,0.0,7,9
2,98,1,1.8,29.256211341193072,0.0,7,9
2,98,2,1.8,18.09544332357934,0.0,7,9
2,98,3,1.8,17.338883016095238,0.0,7,9
2,98,4,2.4,15.565349421616752,0.125,7,9
2,98,5,2.2,12.267836401172131,0.0,7,9
2,98,6,1.6,19.008960861130074,0.0,7,9
2,98,7,1.8,15.182154182118433,0.0,7,9
2,98,8,1.4,26.75884876606314,0.0,7,9
2,98,9,1.4,23.868197430596602,0.0,7,9
2,98,10,1.4,16.929769491183066,0.0,7,9
2,98,11,1.4,29.22895770235671,0.0,7,9
2,98,12,2.0,15.941941392372804,0.125,7,9
2,98,13,1.4,19.10736343491902,0.0,7,9
2,98,14,1.4,26.882431309002538,0.0,7,9
2,98,15,1.4,22.66391175487053,0.0,7,9
2,98,16,1.4,20.560406766840202,0.0,7,9
2,98,17,1.4,19.9023372817942,0.0,7,9
2,98,18,1.6,19.359746896508433,0.0,7,9
2,98,19,1.4,19.504881949118634,0.0,7,9
2,98,20,1.6,21.612700630510265,0.0,7,9
2,98,21,1.8,18.257301705662655,0.0,7,9
2,98,22,1.4,23.31667173402949,0.0,7,9
2,98,23,1.4,21.416695450047282,0.0,7,9
2,98,24,1.4,18.725868918055077,0.0,7,9
2,98,25,1.4,23.635014446509295,0.0,7,9
2,98,26,1.4,20.32458577255507,0.0,7,9
2,98,27,1.4,18.868124538730687,0.0,7,9
2,98,28,1.8,19.897769854921712,0.125,7,9
2,98,29,1.4,17.53030621447226,0.0,7,9
2,98,30,1.4,23.50888267545383,0.0,7,9
2,98,31,1.4,23.56504935604073,0.0,7,9
2,98,32,1.4,18.904782906464018,0.0,7,9
2,98,33,1.6,20.580346724710246,0.0,7,9
2,98,34,1.6,23.498305656852203,0.0,7,9
2,98,35,1.4,17.73993644499527,0.0,7,9
2,98,36,1.4,18.565852544031017,0.0,7,9
2,98,37,1.4,19.25787811776897,0.0,7,9
2,98,38,1.4,16.44877959758649,0.0,7,9
2,98,39,1.8,16.781132134485865,0.125,5,9
2,98,40,1.2,24.44366779351381,0.0,6,9
3,98,1,1.4,18.383814634024706,0.0,7,9
3,98,2,1.4,21.34202998349718,0.0,7,9
3,98,3,1.4,18.349227386198628,0.0,7,9
3,98,4,1.4,24.34420186497291,0.0,7,9
3,98,5,1.4,19.291070344598214,0.0,7,9
3,98,6,1.4,26.73517720712496,0.0,7,9
3,98,7,1.6,16.658904952586955,0.0,7,9
3,98,8,1.4,16.111763911461058,0.0,7,9
3,98,9,1.6,14.4224492441813,0.0,7,9
3,98,10,1.4,20.666914671751844,0.0,7,9
3,98,11,1.6,15.586494768184146,0.0,7,9
3,98,12,1.4,19.89650829292818,0.0,7,9
3,98,13,1.4,18.198038987439087,0.0,7,9
3,98,14,1.4,35.17723433733751,0.0,7,9
3,98,15,1.4,27.231984292942414,0.0,7,9
3,98,16,1.4,16.669370541807087,0.0,7,9
3,98,17,1.4,27.238426347252467,0.0,7,9
3,98,18,1.4,23.833043729965677,0.0,7,9
3,98,19,1.8,16.45008296029268,0.0,7,9
3,98,20,1.6,16.440088571684562,0.0,7,9
3,98,21,1.6,20.416033488279844,0.0,7,9
3,98,22,2.0,11.017706183788887,0.125,7,9
3,98,23,1.6,25.021376165204792,0.0,7,9
3,98,24,1.8,11.735593147397923,0.0,7,9
3,98,25,1.6,24.5392318210102,0.0,7,9
3,98,26,1.6,16.769425413249035,0.0,7,9
3,98,27,1.8,19.482019277407204,0.0,7,9
3,98,28,1.4,22.863985223130452,0.0,7,9
3,98,29,2.0,12.845244724250191,0.0,7,9
3,98,30,1.4,28.1968964090807,0.0,7,9
3,98,31,1.8,22.975077130992947,0.0,7,9
3,98,32,1.6,16.243208215433167,0.0,7,9
3,98,33,1.6,17.422672736387142,0.0,7,9
3,98,34,1.6,16.093708603364213,0.0,7,9
3,98,35,1.4,24.851883025235704,0.0,7,9
3,98,36,1.4,20.94940942543107,0.0,7,9
3,98,37,1.6,18.934507927727292,0.0,7,9
3,98,38,1.4,16.67829901338587,0.0,7,9
3,98,39,1.4,17.738099208782806,0.0,7,9
3,98,40,1.6,18.350259624679513,0.0,7,9
3,98,41,1.6,17.10102534680913,0.0,7,9
1,99,1,2.8,16.067356933052988,0.0,7,9
1,99,2,2.8,16.522260164125697,0.0,7,9
1,99,3,2.8,13.319640804693991,0.0,7,9
1,99,4,2.4,12.193116177604843,0.0,7,9
1,99,5,2.2,15.500976693615929,0.0,7,9
1,99,6,1.8,27.37011749179319,0.0,7,9
1,99,7,1.8,15.365921231537143,0.0,7,9
1,99,8,1.4,30.057747426039512,0.0,7,9
1,99,9,1.4,27.142345777864854,0.0,7,9
1,99,10,1.8,13.6309332377246,0.0,7,9
1,99,11,1.6,34.36239482847948,0.0,7,9
1,99,12,1.4,17.066255017145018,0.0,7,9
1,99,13,1.4,28.293982476254147,0.0,7,9
1,99,14,1.8,25.048060920346185,0.0,7,9
1,99,15,1.4,26.234983849226168,0.0,7,9
1,99,16,1.4,38.78427661085793,0.0,7,9
1,99,17,1.6,36.38552433061215,0.0,7,9
1,99,18,1.8,26.64821013738837,0.0,7,9
1,99,19,1.6,33.628430014663216,0.0,7,9
1,99,20,1.4,21.726609384525705,0.0,7,9
1,99,21,1.4,20.52392864089379,0.0,7,9
1,99,22,1.6,32.04070830192313,0.0,7,9
1,99,23,1.6,23.451056425239702,0.0,7,9
1,99,24,1.6,32.20159497610259,0.0,7,9
1,99,25,1.6,36.51554747628606,0.0,7,9
1,99,26,1.4,24.015029420152363,0.0,7,9
1,99,27,1.4,47.13321762495651,0.0,7,9
1,99,28,1.4,45.82757729097007,0.0,7,9
1,99,29,1.4,17.821101662351182,0.0,7,9
1,99,30,1.6,20.504963349333572,0.0,7,9
1,99,31,1.4,25.047736168743985,0.0,7,9
1,99,32,2.0,15.98421684125171,0.0,7,9
1,99,33,2.0,23.637242989334485,0.0,7,9
1,99,34,1.8,15.838374925819508,0.0,7,9
1,99,35,1.8,14.64194029062537,0.0,7,9
1,99,36,1.8,15.8495978193398,0.0,7,9
2,99,1,2.4,17.913820970106727,0.0,7,9
2,99,2,2.6,12.190926574862297,0.0,7,9
2,99,3,2.8,13.051778229212827,0.0,7,9
2,99,4,2.0,14.353615874102044,0.0,7,9
2,99,5,1.8,18.98263116805377,0.0,7,9
2,99,6,2.0,12.950486361970274,0.0,7,9
2,99,7,1.8,17.63962543192814,0.0,7,9
2,99,8,1.8,16.666099154399472,0.0,7,9
2,99,9,1.6,20.054452542560217,0.0,7,9
2,99,10,1.8,18.603718226180174,0.0,7,9
2,99,11,2.4,11.423741150847828,0.0,7,9
2,99,12,1.6,28.6291337685533,0.0,7,9
2,99,13,2.0,16.7550403255387,0.0,7,9
2,99,14,1.6,23.044833776480452,0.0,7,9
2,99,15,1.6,15.75417827274493,0.0,7,9
2,99,16,1.4,22.134221108210387,0.0,7,9
2,99,17,1.6,30.510135433136735,0.0,7,9
2,99,18,1.4,23.144147118712393,0.0,7,9
2,99,19,1.4,31.360546902195008,0.0,7,9
2,99,20,1.6,19.295598446430066,0.0,7,9
2,99,21,1.4,24.800416540303743,0.0,7,9
2,99,22,1.6,16.238298562901008,0.0,7,9
2,99,23,1.6,17.446376545183032,0.0,7,9
2,99,24,1.4,14.816604863975979,0.0,7,9
2,99,25,2.2,15.858966776467067,0.125,7,9
2,99,26,1.4,19.34607995720697,0.0,7,9
2,99,27,1.4,34.52202860743549,0.0,7,9
2,99,28,1.4,20.538090795608664,0.0,7,9
2,99,29,1.4,24.173443690430304,0.0,7,9
2,99,30,1.4,27.0853625700166,0.0,7,9
2,99,31,1.6,24.030637376974976,0.0,7,9
2,99,32,1.4,16.495347277996824,0.0,7,9
2,99,33,1.4,14.535565576554877,0.0,7,9
2,99,34,1.4,16.82881777407987,0.0,7,9
2,99,35,1.6,15.294772009994343,0.0,7,9
2,99,36,1.8,16.48755259679234,0.0,7,9
3,99,1,1.4,18.494998798146057,0.0,7,9
3,99,2,1.4,16.02857280256228,0.0,7,9
3,99,3,1.4,19.33537589759008,0.0,7,9
3,99,4,1.4,22.71664826746472,0.0,7,9
3,99,5,1.4,19.600177698773052,0.0,7,9
3,99,6,1.4,25.19340246277106,0.0,7,9
3,99,7,1.4,21.170046373693175,0.0,7,9
3,99,8,1.4,17.797464957803864,0.0,7,9
3,99,9,1.4,18.946012387364554,0.0,7,9
3,99,10,1.4,16.16085604804378,0.0,7,9
3,99,11,1.4,19.084535051891088,0.0,7,9
3,99,12,1.4,18.24294981193396,0.0,7,9
3,99,13,1.4,14.810182268819965,0.0,7,9
3,99,14,1.8,24.261041978717696,0.0,7,9
3,99,15,1.4,33.96809939557123,0.0,7,9
3,99,16,1.4,17.680549148687177,0.0,7,9
3,99,17,1.6,18.822483078541133,0.0,7,9
3,99,18,1.4,29.74424311029467,0.0,7,9
3,99,19,2.0,13.671365516296994,0.0,7,9
3,99,20,1.8,17.766953740410617,0.0,7,9
3,99,21,1.6,22.56269896403331,0.0,7,9
3,99,22,1.6,14.229002565220462,0.0,7,9
3,99,23,1.8,19.761229729592834,0.0,7,9
3,99,24,2.2,12.556746791367269,0.0,7,9
3,99,25,1.8,16.74724448601747,0.0,7,9
3,99,26,1.4,19.26475021943269,0.0,7,9
3,99,27,1.8,18.684479556335173,0.0,7,9
3,99,28,1.6,27.47792522390505,0.0,7,9
3,99,29,1.6,13.926991245221538,0.0,7,9
3,99,30,1.6,29.019137998656493,0.0,7,9
3,99,31,1.4,26.3277702355726,0.0,7,9
3,99,32,1.6,18.211521290010438,0.0,7,9
3,99,33,2.0,16.030722467524424,0.0,7,9
3,99,34,1.4,19.990057998662543,0.0,7,9
3,99,35,1.4,29.194057514131373,0.0,7,9
3,99,36,1.8,16.770676303587432,0.0,7,9
3,99,37,1.4,14.314129178761231,0.0,7,9
3,99,38,1.4,24.92576360153108,0.0,7,9
3,99,39,1.4,20.47392216707405,0.0,7,9
3,99,40,1.8,13.698536458454868,0.0,7,9
