session,trial,phrase,click_load,entry_rate,correction_rate,num_chars,num_clocks
1,0,1,5.4,7.31096416298303,0.0,7,31
1,0,2,3.8,8.508755104354865,0.0,7,31
1,0,3,3.2,7.843729473105735,0.0,7,31
1,0,4,2.8,14.316106830761889,0.0,7,31
1,0,5,2.8,10.851367127837527,0.0,7,31
1,0,6,2.8,10.164558028972795,0.0,7,31
1,0,7,2.8,8.59240637991697,0.0,7,31
1,0,8,2.8,10.961155040798314,0.0,7,31
1,0,9,2.8,11.369969383637784,0.0,7,31
1,0,10,2.8,14.781935789609536,0.0,7,31
1,0,11,2.8,16.36885667970396,0.0,7,31
1,0,12,2.8,8.546791272359217,0.0,7,31
1,0,13,2.8,13.917596763418445,0.0,7,31
1,0,14,2.8,10.515680183155927,0.0,7,31
1,0,15,2.8,11.38678104803436,0.0,7,31
1,0,16,2.8,10.49061800892425,0.0,7,31
1,0,17,2.8,9.472864560962087,0.0,7,31
1,0,18,3.0,8.96369149894137,0.0,7,31
1,0,19,2.8,12.481878123225815,0.0,7,31
1,0,20,2.8,9.624640883828302,0.0,7,31
1,0,21,2.8,9.941972499960753,0.0,7,31
2,0,1,2.8,14.313460550675071,0.0,7,31
2,0,2,2.8,9.591812398014335,0.0,7,31
2,0,3,4.0,7.747398814333882,0.125,7,31
2,0,4,2.8,9.110269439803224,0.0,7,31
2,0,5,2.8,11.426640641891098,0.0,7,31
2,0,6,2.8,9.901620236424915,0.0,7,31
2,0,7,2.8,11.166585133250212,0.0,7,31
2,0,8,2.8,11.575987236760394,0.0,7,31
2,0,9,2.8,12.630930218821636,0.0,7,31
2,0,10,2.8,9.672875502118014,0.0,7,31
2,0,11,2.8,8.887743010702405,0.0,7,31
2,0,12,2.8,11.410661974541506,0.0,7,31
2,0,13,2.8,12.760371044164325,0.0,7,31
2,0,14,2.8,9.645105203598042,0.0,7,31
2,0,15,2.8,9.464151878215075,0.0,7,31
2,0,16,3.0,11.070422564772441,0.0,7,31
2,0,17,2.8,10.323292992309291,0.0,7,31
2,0,18,2.8,11.46229343290569,0.0,7,31
2,0,19,3.0,10.526072010553728,0.0,7,31
2,0,20,2.8,8.44746002299661,0.0,7,31
2,0,21,2.8,9.00216636455594,0.0,7,31
2,0,22,2.0,17.28328756059222,0.0,4,31
3,0,1,2.8,10.138333297399234,0.0,7,31
3,0,2,2.8,12.050211040146937,0.0,7,31
3,0,3,2.8,10.548475747455958,0.0,7,31
3,0,4,2.8,9.68421445870635,0.0,7,31
3,0,5,2.8,9.333723818690395,0.0,7,31
3,0,6,2.8,9.590384323696572,0.0,7,31
3,0,7,2.8,10.293488009578086,0.0,7,31
3,0,8,2.8,10.401024449922092,0.0,7,31
3,0,9,2.8,12.925049424157075,0.0,7,31
3,0,10,2.8,9.903428548324996,0.0,7,31
3,0,11,2.8,10.960374280883007,0.0,7,31
3,0,12,2.8,10.547433693090873,0.0,7,31
3,0,13,2.8,9.383708011237855,0.0,7,31
3,0,14,2.8,10.534587325261153,0.0,7,31
3,0,15,2.8,13.362443317948431,0.0,7,31
3,0,16,2.8,12.762450567605164,0.0,7,31
3,0,17,2.8,15.165785150595381,0.0,7,31
3,0,18,3.0,9.353482122490062,0.0,7,31
3,0,19,2.8,11.058115649303613,0.0,7,31
3,0,20,2.8,9.230350975384871,0.0,7,31
3,0,21,2.8,8.606351887232329,0.0,7,31
3,0,22,2.8,10.673065366367668,0.0,7,31
1,1,1,4.2,8.554926444862504,0.0,7,31
1,1,2,3.2,8.948273087891113,0.0,7,31
1,1,3,2.8,14.263294491002847,0.0,7,31
1,1,4,3.2,7.685163808112659,0.0,7,31
1,1,5,2.8,11.890305148147439,0.0,7,31
1,1,6,2.8,9.589220049517001,0.0,7,31
1,1,7,3.0,10.773324267411969,0.0,7,31
1,1,8,2.8,10.857177056673038,0.0,7,31
1,1,9,2.8,15.14982834660383,0.0,7,31
1,1,10,2.8,9.741879856653295,0.0,7,31
1,1,11,2.8,14.007899427075808,0.0,7,31
1,1,12,2.8,15.554549745817845,0.0,7,31
1,1,13,2.8,11.741420021199739,0.0,7,31
1,1,14,2.8,12.02262294483512,0.0,7,31
1,1,15,2.8,14.420774351736254,0.0,7,31
1,1,16,2.8,9.404231472594901,0.0,7,31
1,1,17,2.8,9.525305960329261,0.0,7,31
1,1,18,2.8,11.436873082484203,0.0,7,31
1,1,19,3.0,8.695597081029536,0.0,7,31
1,1,20,2.8,9.998886093712436,0.0,7,31
1,1,21,2.8,10.313427102567864,0.0,7,31
2,1,1,3.2,12.316528359107014,0.0,7,31
2,1,2,2.8,11.811570752536527,0.0,7,31
2,1,3,3.2,10.417373886205008,0.0,7,31
2,1,4,3.4,8.447883643925167,0.0,7,31
2,1,5,2.8,10.21846298282198,0.0,7,31
2,1,6,2.8,10.928907065418308,0.0,7,31
2,1,7,3.0,10.291358753966763,0.0,7,31
2,1,8,2.8,11.30849082570356,0.0,7,31
2,1,9,2.8,11.745150510498355,0.0,7,31
2,1,10,2.8,13.05504030724672,0.0,7,31
2,1,11,2.8,10.536590681316504,0.0,7,31
2,1,12,2.8,12.246733144188276,0.0,7,31
2,1,13,2.8,10.672583155396534,0.0,7,31
2,1,14,2.8,11.919375815877165,0.0,7,31
2,1,15,3.0,7.950391859405358,0.0,7,31
2,1,16,2.8,9.899681239207142,0.0,7,31
2,1,17,2.8,11.740204910990473,0.0,7,31
2,1,18,2.8,11.45632507705938,0.0,7,31
2,1,19,3.0,9.173330067069053,0.0,7,31
2,1,20,2.8,7.885445403604167,0.0,7,31
2,1,21,2.8,9.532660048773467,0.0,7,31
3,1,1,2.8,10.138333297399312,0.0,7,31
3,1,2,2.8,9.287215797479712,0.0,7,31
3,1,3,2.8,12.908352955613458,0.0,7,31
3,1,4,2.8,9.699572647379794,0.0,7,31
3,1,5,2.8,9.892292551981567,0.0,7,31
3,1,6,2.8,9.173246038689854,0.0,7,31
3,1,7,2.8,9.126173517999995,0.0,7,31
3,1,8,2.8,11.304572196259759,0.0,7,31
3,1,9,2.8,11.449145395866923,0.0,7,31
3,1,10,2.8,12.969522100766934,0.0,7,31
3,1,11,2.8,11.45295473040275,0.0,7,31
3,1,12,3.6,8.831261170825801,0.125,7,31
3,1,13,2.8,9.044580253173974,0.0,7,31
3,1,14,2.8,9.244398151849525,0.0,7,31
3,1,15,2.8,16.19972249111642,0.0,7,31
3,1,16,2.8,10.047603847395646,0.0,7,31
3,1,17,2.8,12.171885157436812,0.0,7,31
3,1,18,2.8,12.560756338174768,0.0,7,31
3,1,19,2.8,9.707573164513532,0.0,7,31
3,1,20,2.8,10.345453217770523,0.0,7,31
3,1,21,2.8,7.313948188238047,0.0,7,31
3,1,22,2.8,10.233400303005245,0.0,7,31
1,2,1,4.0,9.31719748748138,0.0,7,31
1,2,2,3.4,9.414817403646206,0.0,7,31
1,2,3,2.8,12.310955238727374,0.0,7,31
1,2,4,3.0,8.613141533587825,0.0,7,31
1,2,5,2.8,13.863736205905782,0.0,7,31
1,2,6,2.8,10.146009106906646,0.0,7,31
1,2,7,2.8,8.935745928034175,0.0,7,31
1,2,8,2.8,10.009097469947413,0.0,7,31
1,2,9,2.8,13.463897446814999,0.0,7,31
1,2,10,2.8,10.549622101433124,0.0,7,31
1,2,11,2.8,16.86545453809024,0.0,7,31
1,2,12,2.8,16.163447213485398,0.0,7,31
1,2,13,2.8,9.491200314003091,0.0,7,31
1,2,14,2.8,12.811937660354204,0.0,7,31
1,2,15,2.8,13.739797625227709,0.0,7,31
1,2,16,2.8,9.55131343613432,0.0,7,31
1,2,17,2.8,10.827174014690723,0.0,7,31
1,2,18,2.8,9.619526522948211,0.0,7,31
1,2,19,2.8,10.014565216312723,0.0,7,31
1,2,20,2.8,11.236628945461685,0.0,7,31
1,2,21,3.0,9.633495063518023,0.0,7,31
1,2,22,2.5,9.764746032535772,0.0,4,31
2,2,1,3.0,12.502464767797427,0.0,7,31
2,2,2,2.8,11.335419275779413,0.0,7,31
2,2,3,3.2,10.186294598772346,0.0,7,31
2,2,4,2.8,10.093533942315325,0.0,7,31
2,2,5,2.8,10.512773780318396,0.0,7,31
2,2,6,2.8,11.206874559452537,0.0,7,31
2,2,7,3.0,11.123146457161281,0.0,7,31
2,2,8,2.8,10.580635489782065,0.0,7,31
2,2,9,2.8,10.663979370948375,0.0,7,31
2,2,10,2.8,13.316166443390534,0.0,7,31
2,2,11,2.8,9.695131319990331,0.0,7,31
2,2,12,2.8,11.215535723574732,0.0,7,31
2,2,13,2.8,9.962993239951631,0.0,7,31
2,2,14,2.8,10.629573820987767,0.0,7,31
2,2,15,2.8,11.241351784713702,0.0,7,31
2,2,16,2.8,10.768085741627855,0.0,7,31
2,2,17,2.8,10.149175559661046,0.0,7,31
2,2,18,2.8,11.407310689866836,0.0,7,31
2,2,19,2.8,12.546366208004976,0.0,7,31
2,2,20,2.8,8.11643164454136,0.0,7,31
2,2,21,2.8,8.341500587093007,0.0,7,31
2,2,22,2.4,12.226567846618934,0.0,6,31
3,2,1,2.8,9.64281999478877,0.0,7,31
3,2,2,2.8,11.048846042626643,0.0,7,31
3,2,3,2.8,10.984197119737619,0.0,7,31
3,2,4,2.8,10.0833613374191,0.0,7,31
3,2,5,2.8,9.2072644318341,0.0,7,31
3,2,6,2.8,9.821390313618778,0.0,7,31
3,2,7,2.8,9.705452117476883,0.0,7,31
3,2,8,2.8,10.365768645808883,0.0,7,31
3,2,9,2.8,12.011259699284174,0.0,7,31
3,2,10,2.8,10.356193164395936,0.0,7,31
3,2,11,2.8,11.059469495902096,0.0,7,31
3,2,12,3.0,10.953328587739941,0.0,7,31
3,2,13,2.8,9.470469365190963,0.0,7,31
3,2,14,3.0,10.490385698278043,0.0,7,31
3,2,15,2.8,12.04761541519675,0.0,7,31
3,2,16,2.8,11.217267424060536,0.0,7,31
3,2,17,2.8,14.902631148387727,0.0,7,31
3,2,18,2.8,10.582409246740758,0.0,7,31
3,2,19,2.8,11.36361368797436,0.0,7,31
3,2,20,2.8,10.492924221639601,0.0,7,31
3,2,21,2.8,8.219626304703697,0.0,7,31
3,2,22,2.8,8.670211397802097,0.0,7,31
1,3,1,4.0,9.553538127155804,0.0,7,31
1,3,2,3.6,9.207834404861632,0.0,7,31
1,3,3,2.8,11.545735711108433,0.0,7,31
1,3,4,3.0,8.592870975149689,0.0,7,31
1,3,5,2.8,13.608860925313145,0.0,7,31
1,3,6,2.8,9.969985864768832,0.0,7,31
1,3,7,2.8,9.699552419960803,0.0,7,31
1,3,8,2.8,9.585487089672199,0.0,7,31
1,3,9,2.8,11.621474750307346,0.0,7,31
1,3,10,2.8,13.098143556904363,0.0,7,31
1,3,11,2.8,16.603061478405333,0.0,7,31
1,3,12,2.8,13.919025379118468,0.0,7,31
1,3,13,2.8,10.793444924872851,0.0,7,31
1,3,14,2.8,10.633126916373579,0.0,7,31
1,3,15,2.8,12.616506497800842,0.0,7,31
1,3,16,2.8,10.525716909422831,0.0,7,31
1,3,17,2.8,9.445975070550766,0.0,7,31
1,3,18,3.0,9.904336335531896,0.0,7,31
1,3,19,2.8,8.755242196537306,0.0,7,31
1,3,20,2.8,11.2470736324594,0.0,7,31
1,3,21,3.0,8.585378643798618,0.0,7,31
1,3,22,2.0,16.38026750787767,0.0,4,31
2,3,1,2.8,15.24082278684487,0.0,7,31
2,3,2,2.8,10.115312690100255,0.0,7,31
2,3,3,3.6,9.05347532190534,0.125,7,31
2,3,4,2.8,10.02277318187914,0.0,7,31
2,3,5,2.8,11.248775103126803,0.0,7,31
2,3,6,2.8,8.40692751124566,0.0,7,31
2,3,7,2.8,13.193668475182685,0.0,7,31
2,3,8,2.8,10.862510264273894,0.0,7,31
2,3,9,2.8,11.231908096190173,0.0,7,31
2,3,10,2.8,12.551028794397757,0.0,7,31
2,3,11,2.8,9.022897183501243,0.0,7,31
2,3,12,2.8,10.95439490069119,0.0,7,31
2,3,13,2.8,10.127974816133904,0.0,7,31
2,3,14,2.8,9.671482796443657,0.0,7,31
2,3,15,2.8,10.158432176097113,0.0,7,31
2,3,16,2.8,11.540155920618025,0.0,7,31
2,3,17,2.8,9.760457101301279,0.0,7,31
2,3,18,2.8,11.26029821037258,0.0,7,31
2,3,19,3.0,11.266097962757325,0.0,7,31
2,3,20,3.0,7.926483140219573,0.0,7,31
2,3,21,2.8,9.322022836062697,0.0,7,31
2,3,22,2.0,14.848571405459518,0.0,5,31
3,3,1,2.8,9.860466940387221,0.0,7,31
3,3,2,2.8,11.420198303486432,0.0,7,31
3,3,3,2.8,10.771404607049362,0.0,7,31
3,3,4,2.8,9.730435628967133,0.0,7,31
3,3,5,2.8,8.562744150053556,0.0,7,31
3,3,6,2.8,10.586380728161643,0.0,7,31
3,3,7,2.8,9.6442358865301,0.0,7,31
3,3,8,2.8,11.201056519738469,0.0,7,31
3,3,9,2.8,12.350834854175709,0.0,7,31
3,3,10,2.8,12.67389132863653,0.0,7,31
3,3,11,2.8,10.348396858258978,0.0,7,31
3,3,12,2.8,11.477735522537829,0.0,7,31
3,3,13,2.8,8.931502402315834,0.0,7,31
3,3,14,2.8,9.459257901262875,0.0,7,31
3,3,15,2.8,12.263890373605216,0.0,7,31
3,3,16,2.8,12.177983185596176,0.0,7,31
3,3,17,2.8,13.345699113897423,0.0,7,31
3,3,18,2.8,10.966146778643864,0.0,7,31
3,3,19,2.8,12.731102455955952,0.0,7,31
3,3,20,2.8,11.433363898073402,0.0,7,31
3,3,21,2.8,8.91819994873941,0.0,7,31
3,3,22,2.8,11.768186899744574,0.0,7,31
1,4,1,4.2,9.042757736279531,0.0,7,31
1,4,2,3.4,11.163093857706759,0.0,7,31
1,4,3,3.0,9.838809965863048,0.0,7,31
1,4,4,3.0,9.354022126961661,0.0,7,31
1,4,5,3.0,10.865792502945537,0.0,7,31
1,4,6,2.8,10.035060237254623,0.0,7,31
1,4,7,3.0,10.769233542448227,0.0,7,31
1,4,8,2.8,9.780039828868759,0.0,7,31
1,4,9,2.8,20.926383225887715,0.0,7,31
1,4,10,2.8,10.558165209215183,0.0,7,31
1,4,11,2.8,15.00889028447939,0.0,7,31
1,4,12,2.8,13.887334598076775,0.0,7,31
1,4,13,2.8,13.602053848884928,0.0,7,31
1,4,14,2.8,11.276824398968042,0.0,7,31
1,4,15,2.8,12.829348119746369,0.0,7,31
1,4,16,2.8,14.722751170399988,0.0,7,31
1,4,17,2.8,8.299129314025887,0.0,7,31
1,4,18,2.8,11.509957901404881,0.0,7,31
1,4,19,3.2,11.823094250139194,0.0,7,31
1,4,20,2.8,10.74729181684764,0.0,7,31
1,4,21,2.8,9.015738595455137,0.0,7,31
2,4,1,2.8,12.448892135103433,0.0,7,31
2,4,2,2.8,9.458312830280107,0.0,7,31
2,4,3,3.2,9.02183772754602,0.0,7,31
2,4,4,2.8,10.578707524465589,0.0,7,31
2,4,5,3.0,9.06245240172652,0.0,7,31
2,4,6,2.8,10.513366045446954,0.0,7,31
2,4,7,3.0,11.765043613508942,0.0,7,31
2,4,8,2.8,9.879874318906566,0.0,7,31
2,4,9,2.8,11.840763669266945,0.0,7,31
2,4,10,2.8,13.92240926135579,0.0,7,31
2,4,11,2.8,7.4238809789913045,0.0,7,31
2,4,12,2.8,13.581540792147747,0.0,7,31
2,4,13,2.8,11.542375773315134,0.0,7,31
2,4,14,2.8,10.666650164715554,0.0,7,31
2,4,15,2.8,10.243500540810551,0.0,7,31
2,4,16,2.8,12.742287728294531,0.0,7,31
2,4,17,2.8,9.967238447012104,0.0,7,31
2,4,18,2.8,10.487932860510313,0.0,7,31
2,4,19,2.8,12.469627287222844,0.0,7,31
2,4,20,2.8,9.134698582717242,0.0,7,31
2,4,21,2.8,9.071455746591447,0.0,7,31
2,4,22,2.4,11.893699454807612,0.0,6,31
3,4,1,2.8,9.362363087593822,0.0,7,31
3,4,2,2.8,11.749276437661104,0.0,7,31
3,4,3,2.8,11.063675819059483,0.0,7,31
3,4,4,2.8,9.245058947113755,0.0,7,31
3,4,5,2.8,8.421264325391963,0.0,7,31
3,4,6,2.8,9.605446112418182,0.0,7,31
3,4,7,2.8,9.292564019092838,0.0,7,31
3,4,8,2.8,12.11039179565941,0.0,7,31
3,4,9,2.8,11.8483794033921,0.0,7,31
3,4,10,2.8,11.169441242729413,0.0,7,31
3,4,11,2.8,11.325704951039866,0.0,7,31
3,4,12,2.8,11.879000847028415,0.0,7,31
3,4,13,2.8,8.970803085302757,0.0,7,31
3,4,14,2.8,10.252052914657286,0.0,7,31
3,4,15,2.8,10.907823655051647,0.0,7,31
3,4,16,2.8,11.05534256918292,0.0,7,31
3,4,17,2.8,12.814426881552023,0.0,7,31
3,4,18,3.0,8.801605406166384,0.0,7,31
3,4,19,2.8,11.714710355071334,0.0,7,31
3,4,20,2.8,10.699814678077448,0.0,7,31
3,4,21,2.8,8.804582558585548,0.0,7,31
3,4,22,2.8,10.710446264481625,0.0,7,31
1,5,1,4.4,7.734783001181467,0.0,7,31
1,5,2,3.0,12.64006776569985,0.0,7,31
1,5,3,2.8,11.108192660544914,0.0,7,31
1,5,4,2.8,9.344902060489277,0.0,7,31
1,5,5,3.0,10.154290946502632,0.0,7,31
1,5,6,2.8,10.284537527893761,0.0,7,31
1,5,7,2.8,10.383021766598878,0.0,7,31
1,5,8,2.8,10.935436818608883,0.0,7,31
1,5,9,2.8,15.875960126166298,0.0,7,31
1,5,10,2.8,10.699472582720668,0.0,7,31
1,5,11,2.8,13.93945646693787,0.0,7,31
1,5,12,2.8,10.61259996249076,0.0,7,31
1,5,13,2.8,9.612318161944994,0.0,7,31
1,5,14,2.8,12.624057593530933,0.0,7,31
1,5,15,2.8,13.49366503060635,0.0,7,31
1,5,16,2.8,10.355584965745734,0.0,7,31
1,5,17,2.8,11.168304203747942,0.0,7,31
1,5,18,3.0,8.349533008059963,0.0,7,31
1,5,19,2.8,9.316003571045066,0.0,7,31
1,5,20,2.8,10.625672564547196,0.0,7,31
1,5,21,2.8,10.716947761745798,0.0,7,31
1,5,22,2.0,13.520469688779038,0.0,5,31
2,5,1,2.8,13.612600316455941,0.0,7,31
2,5,2,2.8,9.791436717987333,0.0,7,31
2,5,3,3.2,9.865917481832945,0.0,7,31
2,5,4,2.8,11.096937480434606,0.0,7,31
2,5,5,2.8,9.145766206851873,0.0,7,31
2,5,6,2.8,10.74440933287146,0.0,7,31
2,5,7,2.8,12.943838554984367,0.0,7,31
2,5,8,2.8,10.419069222752723,0.0,7,31
2,5,9,2.8,10.392413574963891,0.0,7,31
2,5,10,2.8,13.80812260208743,0.0,7,31
2,5,11,2.8,8.997617508834937,0.0,7,31
2,5,12,2.8,11.981839766650799,0.0,7,31
2,5,13,2.8,12.242957008563767,0.0,7,31
2,5,14,2.8,10.773781905258799,0.0,7,31
2,5,15,2.8,9.604030109555804,0.0,7,31
2,5,16,3.0,10.500365538268545,0.0,7,31
2,5,17,2.8,12.008679679651305,0.0,7,31
2,5,18,2.8,9.665114510413469,0.0,7,31
2,5,19,3.0,12.499160525364761,0.0,7,31
2,5,20,2.8,8.406483638550869,0.0,7,31
2,5,21,2.8,8.599527162343245,0.0,7,31
2,5,22,2.4,12.84273169445037,0.0,6,31
3,5,1,2.8,9.3480534160576,0.0,7,31
3,5,2,2.8,11.190354305369306,0.0,7,31
3,5,3,2.8,10.162862932919012,0.0,7,31
3,5,4,2.8,9.245058947113819,0.0,7,31
3,5,5,2.8,10.021969570954015,0.0,7,31
3,5,6,2.8,10.495547321126718,0.0,7,31
3,5,7,2.8,10.056535139153949,0.0,7,31
3,5,8,2.8,10.21003083178125,0.0,7,31
3,5,9,2.8,12.816708704109077,0.0,7,31
3,5,10,2.8,10.833118029114774,0.0,7,31
3,5,11,2.8,11.16037294392591,0.0,7,31
3,5,12,2.8,13.475537299023848,0.0,7,31
3,5,13,2.8,8.853925110594416,0.0,7,31
3,5,14,2.8,10.133154370247551,0.0,7,31
3,5,15,2.8,11.634028738682309,0.0,7,31
3,5,16,2.8,10.782481263897573,0.0,7,31
3,5,17,2.8,14.280522761013223,0.0,7,31
3,5,18,2.8,10.549994784334826,0.0,7,31
3,5,19,2.8,11.071752864114886,0.0,7,31
3,5,20,2.8,10.788023449783095,0.0,7,31
3,5,21,2.8,8.970521169920056,0.0,7,31
3,5,22,2.8,10.318799178855192,0.0,7,31
1,6,1,4.4,8.992974936014008,0.0,7,31
1,6,2,3.0,10.44842772151166,0.0,7,31
1,6,3,2.8,11.211527573786132,0.0,7,31
1,6,4,3.0,7.8501538193284155,0.0,7,31
1,6,5,2.8,11.334338686887317,0.0,7,31
1,6,6,2.8,10.284537527893741,0.0,7,31
1,6,7,2.8,12.623305113698974,0.0,7,31
1,6,8,2.8,12.246653479334334,0.0,7,31
1,6,9,2.8,13.227465423459948,0.0,7,31
1,6,10,2.8,10.892880383538797,0.0,7,31
1,6,11,2.8,14.102567338483023,0.0,7,31
1,6,12,2.8,12.202926858317895,0.0,7,31
1,6,13,2.8,12.151532543483096,0.0,7,31
1,6,14,2.8,13.41069994825359,0.0,7,31
1,6,15,2.8,16.087339950342482,0.0,7,31
1,6,16,2.8,10.445335265291732,0.0,7,31
1,6,17,2.8,12.111032579908901,0.0,7,31
1,6,18,2.8,9.32190970705707,0.0,7,31
1,6,19,3.0,9.487862715071541,0.0,7,31
1,6,20,2.8,11.07482096878798,0.0,7,31
1,6,21,2.8,11.60436936117628,0.0,7,31
1,6,22,2.0,12.856989752092357,0.0,5,31
2,6,1,2.8,12.323474994086943,0.0,7,31
2,6,2,2.8,10.90917837899464,0.0,7,31
2,6,3,3.6,8.41797451704899,0.125,7,31
2,6,4,2.8,11.535006221270468,0.0,7,31
2,6,5,2.8,11.58983080337061,0.0,7,31
2,6,6,2.8,9.176340779338807,0.0,7,31
2,6,7,3.0,12.59016012254482,0.0,7,31
2,6,8,2.8,9.630514476343162,0.0,7,31
2,6,9,2.8,11.267540378813083,0.0,7,31
2,6,10,2.8,10.674362401583434,0.0,7,31
2,6,11,2.8,8.398900891936172,0.0,7,31
2,6,12,2.8,11.787999912596783,0.0,7,31
2,6,13,2.8,11.334731148346966,0.0,7,31
2,6,14,2.8,10.1516398891084,0.0,7,31
2,6,15,2.8,9.137564403341162,0.0,7,31
2,6,16,2.8,11.755150879222185,0.0,7,31
2,6,17,2.8,11.174494152515894,0.0,7,31
2,6,18,2.8,11.040289728753464,0.0,7,31
2,6,19,2.8,11.349225886482607,0.0,7,31
2,6,20,3.0,7.91622374876263,0.0,7,31
2,6,21,2.8,8.761175291848843,0.0,7,31
2,6,22,2.0,17.282072122653716,0.0,5,31
3,6,1,2.8,8.5748026964825,0.0,7,31
3,6,2,2.8,13.279946937012248,0.0,7,31
3,6,3,2.8,10.714793661805063,0.0,7,31
3,6,4,2.8,10.286874746045997,0.0,7,31
3,6,5,2.8,10.104758453485587,0.0,7,31
3,6,6,2.8,9.413259156652753,0.0,7,31
3,6,7,2.8,9.830245955738185,0.0,7,31
3,6,8,2.8,10.654693877780055,0.0,7,31
3,6,9,2.8,13.20408759029839,0.0,7,31
3,6,10,2.8,10.83311802911486,0.0,7,31
3,6,11,2.8,10.075632037914167,0.0,7,31
3,6,12,3.6,8.547398985752302,0.125,7,31
3,6,13,2.8,10.669768346159712,0.0,7,31
3,6,14,2.8,9.792013176727252,0.0,7,31
3,6,15,2.8,12.218934675691823,0.0,7,31
3,6,16,2.8,10.69785947010885,0.0,7,31
3,6,17,2.8,14.274010328295047,0.0,7,31
3,6,18,2.8,11.162376101730924,0.0,7,31
3,6,19,2.8,12.92949388589733,0.0,7,31
3,6,20,2.8,13.035501662165197,0.0,7,31
3,6,21,2.8,7.662131605424468,0.0,7,31
3,6,22,2.8,12.414414567972731,0.0,7,31
1,7,1,4.2,8.250394250549748,0.0,7,31
1,7,2,3.4,9.817303546672653,0.0,7,31
1,7,3,2.8,14.384444265306529,0.0,7,31
1,7,4,3.0,8.568434495037318,0.0,7,31
1,7,5,2.8,11.101709727488737,0.0,7,31
1,7,6,2.8,11.714288559831637,0.0,7,31
1,7,7,2.8,9.890592338522868,0.0,7,31
1,7,8,2.8,11.270732095847674,0.0,7,31
1,7,9,2.8,11.943957440255009,0.0,7,31
1,7,10,2.8,10.589305617755297,0.0,7,31
1,7,11,2.8,13.791216606020596,0.0,7,31
1,7,12,2.8,16.97785366275219,0.0,7,31
1,7,13,2.8,11.471496913822874,0.0,7,31
1,7,14,2.8,11.845422206843384,0.0,7,31
1,7,15,2.8,13.402178787741706,0.0,7,31
1,7,16,2.8,10.398573928007458,0.0,7,31
1,7,17,2.8,9.977749163892526,0.0,7,31
1,7,18,2.8,10.149369453592579,0.0,7,31
1,7,19,2.8,11.26682816288889,0.0,7,31
1,7,20,2.8,10.246261458598703,0.0,7,31
1,7,21,2.8,10.9905938152297,0.0,7,31
1,7,22,2.0,11.96360547136538,0.0,5,31
2,7,1,2.8,12.249430403279078,0.0,7,31
2,7,2,2.8,11.591465761025619,0.0,7,31
2,7,3,3.8,7.836868070261184,0.125,7,31
2,7,4,2.8,11.845326123172084,0.0,7,31
2,7,5,2.8,9.766768077832339,0.0,7,31
2,7,6,2.8,9.875971875061657,0.0,7,31
2,7,7,3.0,10.726837565849202,0.0,7,31
2,7,8,2.8,11.424623797439574,0.0,7,31
2,7,9,2.8,11.734292566807781,0.0,7,31
2,7,10,2.8,10.838494064386015,0.0,7,31
2,7,11,2.8,9.958635976377424,0.0,7,31
2,7,12,2.8,12.768502134064509,0.0,7,31
2,7,13,2.8,13.116112761203953,0.0,7,31
2,7,14,2.8,10.958497876491565,0.0,7,31
2,7,15,2.8,9.263470778319043,0.0,7,31
2,7,16,2.8,10.634711557548084,0.0,7,31
2,7,17,2.8,11.207760446693623,0.0,7,31
2,7,18,2.8,10.922705415974688,0.0,7,31
2,7,19,3.0,10.007703307748667,0.0,7,31
2,7,20,2.8,8.770053163370836,0.0,7,31
2,7,21,2.8,8.675481933194478,0.0,7,31
2,7,22,2.25,17.000370112489872,0.0,4,31
3,7,1,2.8,9.030593911119196,0.0,7,31
3,7,2,2.8,10.462905027561309,0.0,7,31
3,7,3,2.8,11.003959547852856,0.0,7,31
3,7,4,2.8,8.934440059465066,0.0,7,31
3,7,5,2.8,9.3053224435366,0.0,7,31
3,7,6,2.8,10.495547321126718,0.0,7,31
3,7,7,2.8,9.568793053170538,0.0,7,31
3,7,8,2.8,10.21003083178125,0.0,7,31
3,7,9,2.8,11.470617909349546,0.0,7,31
3,7,10,2.8,10.516456838731228,0.0,7,31
3,7,11,2.8,11.283914407246439,0.0,7,31
3,7,12,2.8,11.9486221256194,0.0,7,31
3,7,13,2.8,8.690378743741274,0.0,7,31
3,7,14,2.8,9.401098668516989,0.0,7,31
3,7,15,2.8,11.929014498285559,0.0,7,31
3,7,16,2.8,9.435146871051243,0.0,7,31
3,7,17,2.8,12.603179039994515,0.0,7,31
3,7,18,3.0,11.00244823261962,0.0,7,31
3,7,19,2.8,11.73719151660814,0.0,7,31
3,7,20,2.8,9.488097524920047,0.0,7,31
3,7,21,2.8,9.854345601108912,0.0,7,31
3,7,22,2.8,10.635944489469743,0.0,7,31
1,8,1,4.4,9.269647096272644,0.0,7,31
1,8,2,3.2,10.369535802853571,0.0,7,31
1,8,3,3.0,10.600334124161272,0.0,7,31
1,8,4,3.2,9.82718157020607,0.0,7,31
1,8,5,3.0,11.272731801637095,0.0,7,31
1,8,6,2.8,11.674721996087897,0.0,7,31
1,8,7,3.0,10.171141216638256,0.0,7,31
1,8,8,2.8,9.949297921972262,0.0,7,31
1,8,9,2.8,17.61690100834144,0.0,7,31
1,8,10,2.8,12.043281398095989,0.0,7,31
1,8,11,2.8,14.394782106231206,0.0,7,31
1,8,12,2.8,14.854813424621772,0.0,7,31
1,8,13,2.8,12.095604208767849,0.0,7,31
1,8,14,2.8,11.446466279622438,0.0,7,31
1,8,15,2.8,12.677483757526735,0.0,7,31
1,8,16,2.8,12.977152765596335,0.0,7,31
1,8,17,2.8,9.215197133699647,0.0,7,31
1,8,18,2.8,9.429711174902408,0.0,7,31
1,8,19,2.8,11.769870569723102,0.0,7,31
1,8,20,2.8,9.58805451864237,0.0,7,31
1,8,21,2.8,9.994674673586754,0.0,7,31
2,8,1,2.8,13.287293395452895,0.0,7,31
2,8,2,2.8,10.479271902186861,0.0,7,31
2,8,3,3.2,9.55757168112104,0.0,7,31
2,8,4,3.0,9.305484097720797,0.0,7,31
2,8,5,2.8,10.848418049836642,0.0,7,31
2,8,6,2.8,10.370751118253263,0.0,7,31
2,8,7,3.0,12.96185264773258,0.0,7,31
2,8,8,2.8,10.901232354449018,0.0,7,31
2,8,9,2.8,11.35704725299553,0.0,7,31
2,8,10,2.8,13.55221562820869,0.0,7,31
2,8,11,2.8,8.380034579789605,0.0,7,31
2,8,12,2.8,11.937950705584347,0.0,7,31
2,8,13,2.8,14.958071579800198,0.0,7,31
2,8,14,2.8,12.421359572188727,0.0,7,31
2,8,15,2.8,8.81192598838406,0.0,7,31
2,8,16,2.8,11.92258783605348,0.0,7,31
2,8,17,2.8,9.300354838218507,0.0,7,31
2,8,18,2.8,11.198446469848585,0.0,7,31
2,8,19,2.8,12.59805237960142,0.0,7,31
2,8,20,2.8,9.358331447306446,0.0,7,31
2,8,21,2.8,9.75121743634469,0.0,7,31
2,8,22,2.4,11.34228212090648,0.0,6,31
3,8,1,2.8,9.876389713243743,0.0,7,31
3,8,2,2.8,11.615395308308138,0.0,7,31
3,8,3,2.8,10.905852186197425,0.0,7,31
3,8,4,2.8,9.855876927966271,0.0,7,31
3,8,5,2.8,8.733932350717843,0.0,7,31
3,8,6,2.8,9.837187032859458,0.0,7,31
3,8,7,2.8,8.68553040781478,0.0,7,31
3,8,8,2.8,11.944830346366299,0.0,7,31
3,8,9,2.8,11.964267295612236,0.0,7,31
3,8,10,2.8,9.699259224078014,0.0,7,31
3,8,11,2.8,10.562863115753988,0.0,7,31
3,8,12,2.8,11.925324533722069,0.0,7,31
3,8,13,2.8,9.997240577727895,0.0,7,31
3,8,14,2.8,9.189227494457873,0.0,7,31
3,8,15,2.8,12.263890373605445,0.0,7,31
3,8,16,2.8,10.327315924227301,0.0,7,31
3,8,17,2.8,13.613037850111644,0.0,7,31
3,8,18,2.8,13.04834740142024,0.0,7,31
3,8,19,2.8,10.798090925601418,0.0,7,31
3,8,20,2.8,12.282937464051653,0.0,7,31
3,8,21,2.8,8.80267983158176,0.0,7,31
3,8,22,2.8,12.566083153995118,0.0,7,31
1,9,1,4.0,8.62383851193685,0.0,7,31
1,9,2,3.6,9.40911560932891,0.0,7,31
1,9,3,3.0,10.240069726586308,0.0,7,31
1,9,4,3.0,9.368564669197738,0.0,7,31
1,9,5,3.0,9.80500287434918,0.0,7,31
1,9,6,2.8,9.512316204378374,0.0,7,31
1,9,7,2.8,10.641419691452551,0.0,7,31
1,9,8,2.8,10.6751920151114,0.0,7,31
1,9,9,2.8,19.49263932026197,0.0,7,31
1,9,10,2.8,12.549318687060977,0.0,7,31
1,9,11,2.8,13.123112104620816,0.0,7,31
1,9,12,2.8,11.875712228033581,0.0,7,31
1,9,13,2.8,12.812377181482915,0.0,7,31
1,9,14,2.8,9.715259298615864,0.0,7,31
1,9,15,2.8,13.350308122708828,0.0,7,31
1,9,16,2.8,11.35972824308734,0.0,7,31
1,9,17,2.8,8.75049528581346,0.0,7,31
1,9,18,2.8,10.7541528669347,0.0,7,31
1,9,19,2.8,11.296773108294579,0.0,7,31
1,9,20,2.8,10.377716641550665,0.0,7,31
1,9,21,2.8,9.874046963822288,0.0,7,31
1,9,22,2.0,15.790097176903897,0.0,4,31
2,9,1,2.8,11.577021094648394,0.0,7,31
2,9,2,2.8,10.948234501993475,0.0,7,31
2,9,3,3.6,8.844012169066842,0.125,7,31
2,9,4,2.8,11.055444111100135,0.0,7,31
2,9,5,2.8,10.550232700683367,0.0,7,31
2,9,6,2.8,10.117486463361338,0.0,7,31
2,9,7,3.0,12.93634590308686,0.0,7,31
2,9,8,2.8,10.382542524464178,0.0,7,31
2,9,9,2.8,11.205609270418659,0.0,7,31
2,9,10,2.8,13.09737088288063,0.0,7,31
2,9,11,2.8,8.991584511480346,0.0,7,31
2,9,12,2.8,13.417162179099902,0.0,7,31
2,9,13,2.8,10.662858754748,0.0,7,31
2,9,14,2.8,10.340434979731398,0.0,7,31
2,9,15,2.8,10.575332621154883,0.0,7,31
2,9,16,2.8,12.08020336294759,0.0,7,31
2,9,17,2.8,10.431217516984061,0.0,7,31
2,9,18,2.8,10.749236548001845,0.0,7,31
2,9,19,2.8,11.14246400300471,0.0,7,31
2,9,20,2.8,9.879261650506152,0.0,7,31
2,9,21,2.8,9.303794887918297,0.0,7,31
2,9,22,2.2,13.557231513029418,0.0,5,31
3,9,1,2.8,9.719439311816874,0.0,7,31
3,9,2,2.8,10.235280844966477,0.0,7,31
3,9,3,2.8,9.383277636826488,0.0,7,31
3,9,4,2.8,10.116719185102156,0.0,7,31
3,9,5,2.8,11.216652634499782,0.0,7,31
3,9,6,2.8,9.72766522981821,0.0,7,31
3,9,7,2.8,10.310841213156912,0.0,7,31
3,9,8,2.8,9.252403950759609,0.0,7,31
3,9,9,2.8,11.096033182729933,0.0,7,31
3,9,10,2.8,12.0259641017394,0.0,7,31
3,9,11,2.8,10.348396858258816,0.0,7,31
3,9,12,3.0,10.238241258950099,0.0,7,31
3,9,13,2.8,9.649774578895943,0.0,7,31
3,9,14,3.0,8.762083494422964,0.0,7,31
3,9,15,2.8,12.885201079707723,0.0,7,31
3,9,16,2.8,12.374756531998255,0.0,7,31
3,9,17,2.8,14.866407516989604,0.0,7,31
3,9,18,3.0,10.703403373797048,0.0,7,31
3,9,19,2.8,11.883146616508379,0.0,7,31
3,9,20,2.8,9.51743550607345,0.0,7,31
3,9,21,2.8,8.959902381850464,0.0,7,31
3,9,22,2.8,9.280482519828036,0.0,7,31
1,10,1,4.2,9.236810506803039,0.0,7,31
1,10,2,3.4,10.57537389317032,0.0,7,31
1,10,3,2.8,11.371436345844065,0.0,7,31
1,10,4,3.0,8.483990537568936,0.0,7,31
1,10,5,2.8,11.890305148147451,0.0,7,31
1,10,6,2.8,10.206394764755947,0.0,7,31
1,10,7,2.8,10.991013011976657,0.0,7,31
1,10,8,2.8,10.015642766365476,0.0,7,31
1,10,9,2.8,12.752817223627005,0.0,7,31
1,10,10,2.8,11.587014893252341,0.0,7,31
1,10,11,2.8,16.28890431274195,0.0,7,31
1,10,12,2.8,12.68812101574776,0.0,7,31
1,10,13,2.8,11.604037642488283,0.0,7,31
1,10,14,2.8,13.369719649491401,0.0,7,31
1,10,15,2.8,12.060969609860116,0.0,7,31
1,10,16,2.8,9.542324687817318,0.0,7,31
1,10,17,2.8,9.387116747068458,0.0,7,31
1,10,18,2.8,9.599648618721359,0.0,7,31
1,10,19,2.8,9.65946620134049,0.0,7,31
1,10,20,2.8,10.334118741376386,0.0,7,31
1,10,21,2.8,11.785939582564069,0.0,7,31
1,10,22,2.0,14.672698408622336,0.0,5,31
2,10,1,2.8,14.313460550675225,0.0,7,31
2,10,2,2.8,9.83868955993845,0.0,7,31
2,10,3,3.6,10.116728709074753,0.125,7,31
2,10,4,2.8,10.995816428784265,0.0,7,31
2,10,5,2.8,9.651229114468897,0.0,7,31
2,10,6,2.8,9.715687174632334,0.0,7,31
2,10,7,3.0,11.676761680321665,0.0,7,31
2,10,8,2.8,10.785336627730423,0.0,7,31
2,10,9,2.8,11.811540078154316,0.0,7,31
2,10,10,2.8,13.86959668053057,0.0,7,31
2,10,11,2.8,9.406448928700803,0.0,7,31
2,10,12,2.8,12.285239916085223,0.0,7,31
2,10,13,2.8,13.192914494442043,0.0,7,31
2,10,14,2.8,10.322982104555866,0.0,7,31
2,10,15,2.8,9.29024123086913,0.0,7,31
2,10,16,2.8,12.423743722021063,0.0,7,31
2,10,17,2.8,10.87641747242699,0.0,7,31
2,10,18,2.8,10.473135161526091,0.0,7,31
2,10,19,3.0,9.818602872710771,0.0,7,31
2,10,20,2.8,9.161404616903841,0.0,7,31
2,10,21,2.8,8.552895349292799,0.0,7,31
2,10,22,2.0,12.259226055069744,0.0,5,31
3,10,1,2.8,10.223063968688411,0.0,7,31
3,10,2,2.8,9.777146432519745,0.0,7,31
3,10,3,2.8,10.64023160412186,0.0,7,31
3,10,4,2.8,9.563077942141694,0.0,7,31
3,10,5,2.8,9.612441986742052,0.0,7,31
3,10,6,2.8,10.08038635808464,0.0,7,31
3,10,7,2.8,9.751876723690192,0.0,7,31
3,10,8,2.8,11.761074996461364,0.0,7,31
3,10,9,2.8,12.789906723353132,0.0,7,31
3,10,10,2.8,10.516456838731143,0.0,7,31
3,10,11,2.8,9.541217793830707,0.0,7,31
3,10,12,3.0,10.053126020381686,0.0,7,31
3,10,13,2.8,10.422662847958065,0.0,7,31
3,10,14,3.0,9.496766340614665,0.0,7,31
3,10,15,2.8,12.56748169867302,0.0,7,31
3,10,16,2.8,9.62802612243418,0.0,7,31
3,10,17,2.8,14.479267286866042,0.0,7,31
3,10,18,2.8,9.786552095698307,0.0,7,31
3,10,19,2.8,12.527391625977133,0.0,7,31
3,10,20,2.8,11.60817208853077,0.0,7,31
3,10,21,2.8,8.589001502102867,0.0,7,31
3,10,22,2.8,9.580121545326685,0.0,7,31
1,11,1,4.2,8.56708882102534,0.0,7,31
1,11,2,3.4,9.567902750024732,0.0,7,31
1,11,3,2.8,11.523656639732332,0.0,7,31
1,11,4,3.2,9.11975532469597,0.0,7,31
1,11,5,2.8,11.581841784641327,0.0,7,31
1,11,6,2.8,10.408019224415764,0.0,7,31
1,11,7,2.8,10.94044713310139,0.0,7,31
1,11,8,2.8,11.221086406469395,0.0,7,31
1,11,9,2.8,12.17964665110966,0.0,7,31
1,11,10,2.8,10.635994255693099,0.0,7,31
1,11,11,2.8,12.16917593983996,0.0,7,31
1,11,12,2.8,9.855911075021934,0.0,7,31
1,11,13,2.8,12.192804603568685,0.0,7,31
1,11,14,2.8,11.539161703363002,0.0,7,31
1,11,15,2.8,15.780258257375756,0.0,7,31
1,11,16,2.8,10.148615135708477,0.0,7,31
1,11,17,2.8,10.672458597259126,0.0,7,31
1,11,18,2.8,11.524362004783079,0.0,7,31
1,11,19,3.0,9.641681726090688,0.0,7,31
1,11,20,2.8,10.449700400365336,0.0,7,31
1,11,21,2.8,10.122851442022442,0.0,7,31
1,11,22,2.0,16.16062418409926,0.0,4,31
2,11,1,2.8,11.577021094648394,0.0,7,31
2,11,2,2.8,8.999064105079663,0.0,7,31
2,11,3,3.0,11.73089295702554,0.0,7,31
2,11,4,3.2,8.879186926956871,0.0,7,31
2,11,5,2.8,11.522891444235242,0.0,7,31
2,11,6,2.8,9.98147671641116,0.0,7,31
2,11,7,3.0,9.664330452559721,0.0,7,31
2,11,8,2.8,10.617370632087184,0.0,7,31
2,11,9,2.8,10.339480261088035,0.0,7,31
2,11,10,2.8,13.55221562820869,0.0,7,31
2,11,11,2.8,7.873033627495339,0.0,7,31
2,11,12,2.8,10.993776039804384,0.0,7,31
2,11,13,2.8,10.368346412220749,0.0,7,31
2,11,14,2.8,10.447992280819717,0.0,7,31
2,11,15,2.8,9.60034193156832,0.0,7,31
2,11,16,3.0,10.591929653126279,0.0,7,31
2,11,17,2.8,10.154127675579458,0.0,7,31
2,11,18,2.8,11.922681105929353,0.0,7,31
2,11,19,2.8,11.455511313781273,0.0,7,31
2,11,20,3.0,8.64339879777602,0.0,7,31
2,11,21,2.8,8.517163753696611,0.0,7,31
2,11,22,2.0,14.670488492404269,0.0,5,31
3,11,1,2.8,9.3480534160576,0.0,7,31
3,11,2,2.8,11.484530911956803,0.0,7,31
3,11,3,2.8,11.103848049712234,0.0,7,31
3,11,4,2.8,9.855876927966124,0.0,7,31
3,11,5,2.8,10.63171335710892,0.0,7,31
3,11,6,2.8,9.712218020228184,0.0,7,31
3,11,7,2.8,9.222502852532719,0.0,7,31
3,11,8,2.8,11.388772574732513,0.0,7,31
3,11,9,2.8,10.596211916867363,0.0,7,31
3,11,10,2.8,11.484027637170026,0.0,7,31
3,11,11,2.8,9.880311821944328,0.0,7,31
3,11,12,2.8,12.772029352985202,0.0,7,31
3,11,13,2.8,8.702744421753646,0.0,7,31
3,11,14,2.8,9.792449536082653,0.0,7,31
3,11,15,2.8,12.6703910390152,0.0,7,31
3,11,16,2.8,11.57856953872403,0.0,7,31
3,11,17,2.8,13.23022317798679,0.0,7,31
3,11,18,2.8,11.045363535830202,0.0,7,31
3,11,19,2.8,11.423296929088195,0.0,7,31
3,11,20,2.8,10.564413300699437,0.0,7,31
3,11,21,2.8,8.970521169920056,0.0,7,31
3,11,22,2.8,11.999063494655966,0.0,7,31
1,12,1,4.4,8.796071952258536,0.0,7,31
1,12,2,3.2,13.124940314352841,0.0,7,31
1,12,3,3.0,11.758670468333088,0.0,7,31
1,12,4,3.0,9.456778443809123,0.0,7,31
1,12,5,3.0,9.934316589882053,0.0,7,31
1,12,6,2.8,10.637343752774271,0.0,7,31
1,12,7,2.8,11.385321247229571,0.0,7,31
1,12,8,2.8,10.102497146115166,0.0,7,31
1,12,9,2.8,13.476712172655432,0.0,7,31
1,12,10,2.8,11.584334676106764,0.0,7,31
1,12,11,2.8,12.523126053636338,0.0,7,31
1,12,12,2.8,13.059617144848383,0.0,7,31
1,12,13,2.8,12.598091407835591,0.0,7,31
1,12,14,2.8,11.321496960498063,0.0,7,31
1,12,15,2.8,12.976573314510208,0.0,7,31
1,12,16,2.8,11.381183031286655,0.0,7,31
1,12,17,3.0,8.000672246997462,0.0,7,31
1,12,18,2.8,11.025593272779654,0.0,7,31
1,12,19,3.0,11.245247293762915,0.0,7,31
1,12,20,2.8,10.292223761696798,0.0,7,31
1,12,21,2.8,8.74701568220463,0.0,7,31
2,12,1,2.8,15.832623602722009,0.0,7,31
2,12,2,2.8,9.24388436502441,0.0,7,31
2,12,3,3.2,9.850028430697206,0.0,7,31
2,12,4,3.0,9.828884748474954,0.0,7,31
2,12,5,2.8,10.146524384229087,0.0,7,31
2,12,6,2.8,11.523602996518555,0.0,7,31
2,12,7,3.0,10.475406824174149,0.0,7,31
2,12,8,2.8,11.409638130130789,0.0,7,31
2,12,9,2.8,9.90415632918346,0.0,7,31
2,12,10,2.8,13.258433403959451,0.0,7,31
2,12,11,2.8,7.9549541615469135,0.0,7,31
2,12,12,2.8,12.422910962930766,0.0,7,31
2,12,13,2.8,12.066112986254133,0.0,7,31
2,12,14,2.8,10.324532843520466,0.0,7,31
2,12,15,2.8,11.387866739415266,0.0,7,31
2,12,16,2.8,11.432301401533381,0.0,7,31
2,12,17,2.8,9.902686274984221,0.0,7,31
2,12,18,2.8,11.646248572351244,0.0,7,31
2,12,19,2.8,13.98029394995239,0.0,7,31
2,12,20,2.8,8.869751779718404,0.0,7,31
2,12,21,2.8,10.039327868259974,0.0,7,31
2,12,22,2.4,11.940138074714358,0.0,6,31
3,12,1,2.8,8.733988040768137,0.0,7,31
3,12,2,2.8,11.272855601687706,0.0,7,31
3,12,3,2.8,11.949959454190864,0.0,7,31
3,12,4,2.8,8.742866553119985,0.0,7,31
3,12,5,2.8,11.426202893533619,0.0,7,31
3,12,6,2.8,11.065197883932328,0.0,7,31
3,12,7,2.8,10.089715437673117,0.0,7,31
3,12,8,2.8,9.585937889482029,0.0,7,31
3,12,9,2.8,12.154478201162632,0.0,7,31
3,12,10,2.8,11.636979773914623,0.0,7,31
3,12,11,2.8,10.69212386624952,0.0,7,31
3,12,12,2.8,12.7454137171804,0.0,7,31
3,12,13,2.8,8.690378743741158,0.0,7,31
3,12,14,2.8,9.547858630587289,0.0,7,31
3,12,15,2.8,11.04572013606159,0.0,7,31
3,12,16,2.8,12.275753388517646,0.0,7,31
3,12,17,2.8,15.317714564669403,0.0,7,31
3,12,18,2.8,9.712332802894968,0.0,7,31
3,12,19,2.8,10.41205670977991,0.0,7,31
3,12,20,2.8,11.223553310477337,0.0,7,31
3,12,21,2.8,8.415111947229853,0.0,7,31
3,12,22,2.8,10.888271742753831,0.0,7,31
1,13,1,4.2,8.542798552686794,0.0,7,31
1,13,2,3.6,9.538128385507795,0.0,7,31
1,13,3,3.2,8.80905935345809,0.0,7,31
1,13,4,2.8,11.313561152263878,0.0,7,31
1,13,5,2.8,10.505538097509355,0.0,7,31
1,13,6,2.8,11.0875002842935,0.0,7,31
1,13,7,2.8,11.27877306765114,0.0,7,31
1,13,8,2.8,9.71174088392981,0.0,7,31
1,13,9,2.8,12.170258877181652,0.0,7,31
1,13,10,2.8,11.430517822627019,0.0,7,31
1,13,11,2.8,13.238431469985882,0.0,7,31
1,13,12,2.8,12.837053278119425,0.0,7,31
1,13,13,2.8,11.009889581068464,0.0,7,31
1,13,14,2.8,11.582629595076519,0.0,7,31
1,13,15,2.8,12.389612238998275,0.0,7,31
1,13,16,2.8,10.399154047950955,0.0,7,31
1,13,17,2.8,9.540138787091744,0.0,7,31
1,13,18,2.8,11.53650629810256,0.0,7,31
1,13,19,3.0,9.711698377600142,0.0,7,31
1,13,20,2.8,10.978072853954812,0.0,7,31
1,13,21,3.0,8.789050756677593,0.0,7,31
2,13,1,2.8,15.090407364206088,0.0,7,31
2,13,2,2.8,10.699254782735869,0.0,7,31
2,13,3,3.6,8.371883765678785,0.125,7,31
2,13,4,2.8,10.76360191824756,0.0,7,31
2,13,5,2.8,9.62086575814601,0.0,7,31
2,13,6,2.8,9.578741759354006,0.0,7,31
2,13,7,2.8,13.136990484158378,0.0,7,31
2,13,8,2.8,10.313019624726453,0.0,7,31
2,13,9,2.8,11.506613640322943,0.0,7,31
2,13,10,2.8,15.83254383173877,0.0,7,31
2,13,11,2.8,8.930671651147227,0.0,7,31
2,13,12,2.8,10.68643351388714,0.0,7,31
2,13,13,2.8,11.082257860642407,0.0,7,31
2,13,14,2.8,11.531423800366708,0.0,7,31
2,13,15,2.8,8.774002102621262,0.0,7,31
2,13,16,2.8,11.100321192695112,0.0,7,31
2,13,17,2.8,10.303048415781593,0.0,7,31
2,13,18,2.8,12.155466110474325,0.0,7,31
2,13,19,3.0,12.210788399803132,0.0,7,31
2,13,20,2.8,8.625350537980456,0.0,7,31
2,13,21,2.8,9.042444832741182,0.0,7,31
2,13,22,2.2,14.31899062691095,0.0,5,31
3,13,1,2.8,9.493149097737682,0.0,7,31
3,13,2,2.8,12.026515997959882,0.0,7,31
3,13,3,2.8,10.658774662352684,0.0,7,31
3,13,4,2.8,9.203324116395994,0.0,7,31
3,13,5,2.8,9.3053224435366,0.0,7,31
3,13,6,2.8,10.13047638918455,0.0,7,31
3,13,7,2.8,9.644235886530241,0.0,7,31
3,13,8,2.8,10.193015018251863,0.0,7,31
3,13,9,2.8,12.325944016902572,0.0,7,31
3,13,10,2.8,12.366382975731419,0.0,7,31
3,13,11,2.8,10.80546345449305,0.0,7,31
3,13,12,2.8,13.717321769676138,0.0,7,31
3,13,13,2.8,9.574677951865137,0.0,7,31
3,13,14,2.8,10.607671031218361,0.0,7,31
3,13,15,2.8,12.48927854538716,0.0,7,31
3,13,16,2.8,11.711598231692829,0.0,7,31
3,13,17,2.8,14.214145723574488,0.0,7,31
3,13,18,2.8,11.125733105536824,0.0,7,31
3,13,19,2.8,10.972438391992648,0.0,7,31
3,13,20,2.8,11.121509395751984,0.0,7,31
3,13,21,2.8,9.023459929479067,0.0,7,31
3,13,22,2.8,10.94673564996914,0.0,7,31
1,14,1,4.4,8.669524635739107,0.0,7,31
1,14,2,3.0,12.482963765058718,0.0,7,31
1,14,3,3.0,11.854918474381723,0.0,7,31
1,14,4,3.0,9.309737620428665,0.0,7,31
1,14,5,3.0,10.234704388685897,0.0,7,31
1,14,6,2.8,10.498684683374709,0.0,7,31
1,14,7,2.8,10.375344002194531,0.0,7,31
1,14,8,2.8,9.894514557985394,0.0,7,31
1,14,9,2.8,15.82622727947378,0.0,7,31
1,14,10,2.8,10.397424114446196,0.0,7,31
1,14,11,2.8,11.742343576961176,0.0,7,31
1,14,12,2.8,10.60150366237352,0.0,7,31
1,14,13,2.8,12.815113778639846,0.0,7,31
1,14,14,2.8,12.600846341475572,0.0,7,31
1,14,15,2.8,16.07492421315021,0.0,7,31
1,14,16,2.8,10.234798804760995,0.0,7,31
1,14,17,2.8,9.362513989422553,0.0,7,31
1,14,18,3.2,9.354161195734289,0.0,7,31
1,14,19,2.8,10.323020566733643,0.0,7,31
1,14,20,2.8,10.820374460807672,0.0,7,31
1,14,21,3.0,8.136365234375754,0.0,7,31
2,14,1,2.8,15.016307550884878,0.0,7,31
2,14,2,2.8,10.250942798719938,0.0,7,31
2,14,3,3.6,9.41586159293792,0.125,7,31
2,14,4,2.8,10.820731163882575,0.0,7,31
2,14,5,2.8,10.477935620886141,0.0,7,31
2,14,6,2.8,9.969066394126584,0.0,7,31
2,14,7,3.0,12.436555035071242,0.0,7,31
2,14,8,2.8,10.561836693895906,0.0,7,31
2,14,9,2.8,11.500599052757448,0.0,7,31
2,14,10,2.8,11.762380272303128,0.0,7,31
2,14,11,2.8,9.058168472707367,0.0,7,31
2,14,12,2.8,13.718100610548976,0.0,7,31
2,14,13,2.8,12.00201341918461,0.0,7,31
2,14,14,2.8,10.912364295270088,0.0,7,31
2,14,15,2.8,9.702918359019971,0.0,7,31
2,14,16,3.0,9.959060785293877,0.0,7,31
2,14,17,2.8,10.114239549415599,0.0,7,31
2,14,18,2.8,11.62880719892524,0.0,7,31
2,14,19,2.8,12.937625025262216,0.0,7,31
2,14,20,2.8,9.386363111916758,0.0,7,31
2,14,21,2.8,8.953560827633217,0.0,7,31
2,14,22,2.0,14.705762525950371,0.0,5,31
3,14,1,2.8,9.348053416057533,0.0,7,31
3,14,2,2.8,11.70430778748353,0.0,7,31
3,14,3,2.8,9.649758809121318,0.0,7,31
3,14,4,2.8,9.217193796224501,0.0,7,31
3,14,5,2.8,9.179626304482763,0.0,7,31
3,14,6,2.8,10.181066706843136,0.0,7,31
3,14,7,2.8,10.139898455939036,0.0,7,31
3,14,8,2.8,10.805281771892478,0.0,7,31
3,14,9,2.8,12.476812347422548,0.0,7,31
3,14,10,2.8,11.356090297282408,0.0,7,31
3,14,11,2.8,10.383534392092287,0.0,7,31
3,14,12,3.6,8.805831187247673,0.125,7,31
3,14,13,2.8,10.13912848377226,0.0,7,31
3,14,14,2.8,9.473501887530519,0.0,7,31
3,14,15,2.8,13.194244489848229,0.0,7,31
3,14,16,2.8,10.513957614881935,0.0,7,31
3,14,17,2.8,12.294220473267716,0.0,7,31
3,14,18,2.8,10.864936958655505,0.0,7,31
3,14,19,2.8,9.615997670067454,0.0,7,31
3,14,20,2.8,10.122856400916305,0.0,7,31
3,14,21,2.8,8.445030240618578,0.0,7,31
3,14,22,2.8,11.375385097299528,0.0,7,31
1,15,1,4.0,9.770395045864433,0.0,7,31
1,15,2,3.2,10.076709839519271,0.0,7,31
1,15,3,3.0,12.210117354254479,0.0,7,31
1,15,4,2.8,8.735316337663557,0.0,7,31
1,15,5,3.0,11.736429300439326,0.0,7,31
1,15,6,2.8,10.554741998357038,0.0,7,31
1,15,7,3.0,9.208825272981068,0.0,7,31
1,15,8,2.8,11.023323487159908,0.0,7,31
1,15,9,2.8,14.16138808384847,0.0,7,31
1,15,10,2.8,11.654242204404174,0.0,7,31
1,15,11,2.8,14.522411022878051,0.0,7,31
1,15,12,2.8,12.582151464708158,0.0,7,31
1,15,13,2.8,9.873806871124094,0.0,7,31
1,15,14,2.8,10.65192258939317,0.0,7,31
1,15,15,2.8,15.0039113969631,0.0,7,31
1,15,16,2.8,10.656007521934162,0.0,7,31
1,15,17,2.8,9.994297477233717,0.0,7,31
1,15,18,2.8,10.689484086629,0.0,7,31
1,15,19,2.8,10.181734614531665,0.0,7,31
1,15,20,2.8,9.717524188574416,0.0,7,31
1,15,21,2.8,12.391851216683715,0.0,7,31
1,15,22,2.5,10.091807038273192,0.0,4,31
2,15,1,2.8,15.472153571604487,0.0,7,31
2,15,2,2.8,9.66762008672605,0.0,7,31
2,15,3,3.2,10.903647271849831,0.0,7,31
2,15,4,3.0,10.379325145593489,0.0,7,31
2,15,5,2.8,10.096275922735291,0.0,7,31
2,15,6,2.8,11.145606731995326,0.0,7,31
2,15,7,3.0,11.742455733443128,0.0,7,31
2,15,8,2.8,11.325130083952999,0.0,7,31
2,15,9,2.8,13.053821852672582,0.0,7,31
2,15,10,2.8,15.873635151782397,0.0,7,31
2,15,11,2.8,7.627567717113185,0.0,7,31
2,15,12,2.8,15.87258247887852,0.0,7,31
2,15,13,2.8,11.741808165775154,0.0,7,31
2,15,14,2.8,11.55320633751309,0.0,7,31
2,15,15,2.8,8.90170296575173,0.0,7,31
2,15,16,3.0,9.937929859120471,0.0,7,31
2,15,17,2.8,9.521796619567066,0.0,7,31
2,15,18,2.8,12.159720495687994,0.0,7,31
2,15,19,3.0,9.72493072850264,0.0,7,31
2,15,20,2.8,8.717435535939378,0.0,7,31
2,15,21,2.8,9.073101882947988,0.0,7,31
2,15,22,2.0,16.401517221951803,0.0,5,31
3,15,1,2.8,8.526983469835912,0.0,7,31
3,15,2,2.8,10.150348382375824,0.0,7,31
3,15,3,2.8,11.414699024708336,0.0,7,31
3,15,4,2.8,9.474195842833632,0.0,7,31
3,15,5,2.8,10.379124029710068,0.0,7,31
3,15,6,2.8,8.971410321889676,0.0,7,31
3,15,7,2.8,8.952513414869651,0.0,7,31
3,15,8,2.8,10.330751043754834,0.0,7,31
3,15,9,2.8,12.710169159579317,0.0,7,31
3,15,10,2.8,12.242614548398942,0.0,7,31
3,15,11,2.8,10.526503541577306,0.0,7,31
3,15,12,3.0,11.663523927013888,0.0,7,31
3,15,13,2.8,8.827996880857453,0.0,7,31
3,15,14,2.8,9.985818045229601,0.0,7,31
3,15,15,2.8,12.549963903149616,0.0,7,31
3,15,16,2.8,9.505351085631219,0.0,7,31
3,15,17,2.8,17.732571899307572,0.0,7,31
3,15,18,2.8,10.262429978954662,0.0,7,31
3,15,19,2.8,12.037499462979378,0.0,7,31
3,15,20,2.8,10.94882075962059,0.0,7,31
3,15,21,2.8,9.399986457860448,0.0,7,31
3,15,22,2.8,9.848152334850237,0.0,7,31
1,16,1,4.0,8.490185314760168,0.0,7,31
1,16,2,2.8,15.210803587527144,0.0,7,31
1,16,3,3.0,11.37397028856439,0.0,7,31
1,16,4,3.0,7.880582229239198,0.0,7,31
1,16,5,2.8,12.690597113000633,0.0,7,31
1,16,6,2.8,10.741752690572156,0.0,7,31
1,16,7,2.8,9.374204020721418,0.0,7,31
1,16,8,2.8,9.861677159333068,0.0,7,31
1,16,9,2.8,13.209530411394821,0.0,7,31
1,16,10,2.8,12.447497737487838,0.0,7,31
1,16,11,2.8,15.29608742258105,0.0,7,31
1,16,12,2.8,12.034873563259708,0.0,7,31
1,16,13,2.8,9.242843308002831,0.0,7,31
1,16,14,2.8,11.593275369831467,0.0,7,31
1,16,15,2.8,13.26639752021508,0.0,7,31
1,16,16,2.8,9.574345546983622,0.0,7,31
1,16,17,2.8,12.322887652657686,0.0,7,31
1,16,18,2.8,9.7736033805676,0.0,7,31
1,16,19,3.0,8.966157908844934,0.0,7,31
1,16,20,3.0,11.338387796852208,0.0,7,31
1,16,21,3.0,9.26327715091427,0.0,7,31
1,16,22,2.0,12.856989752092293,0.0,5,31
2,16,1,2.8,13.673466028198774,0.0,7,31
2,16,2,2.8,10.2166954266194,0.0,7,31
2,16,3,3.2,10.884243193001208,0.0,7,31
2,16,4,2.8,12.228474013662213,0.0,7,31
2,16,5,2.8,10.907266768427132,0.0,7,31
2,16,6,2.8,9.957258698456464,0.0,7,31
2,16,7,3.0,10.604022140689201,0.0,7,31
2,16,8,2.8,11.133438977537548,0.0,7,31
2,16,9,2.8,10.651705758522704,0.0,7,31
2,16,10,2.8,15.65574376536263,0.0,7,31
2,16,11,2.8,9.660021189057261,0.0,7,31
2,16,12,2.8,12.079107125568862,0.0,7,31
2,16,13,2.8,12.551963972543279,0.0,7,31
2,16,14,2.8,9.814204539488614,0.0,7,31
2,16,15,2.8,8.54371800341799,0.0,7,31
2,16,16,3.0,10.690176572422061,0.0,7,31
2,16,17,2.8,11.027537579584772,0.0,7,31
2,16,18,2.8,11.076759312011143,0.0,7,31
2,16,19,2.8,13.853627152751836,0.0,7,31
2,16,20,2.8,9.217297062914586,0.0,7,31
2,16,21,2.8,8.697357802772018,0.0,7,31
2,16,22,2.4,12.42527967620559,0.0,6,31
3,16,1,2.8,9.420042567588185,0.0,7,31
3,16,2,2.8,10.25243818360512,0.0,7,31
3,16,3,2.8,9.915716454450614,0.0,7,31
3,16,4,2.8,9.533265854078847,0.0,7,31
3,16,5,2.8,9.017220356603517,0.0,7,31
3,16,6,2.8,8.641828893690938,0.0,7,31
3,16,7,2.8,10.345723742793508,0.0,7,31
3,16,8,2.8,10.418742438576457,0.0,7,31
3,16,9,2.8,12.76321660393935,0.0,7,31
3,16,10,2.8,11.885740729907974,0.0,7,31
3,16,11,2.8,10.940767956122372,0.0,7,31
3,16,12,2.8,13.213519904852241,0.0,7,31
3,16,13,2.8,9.312271029451228,0.0,7,31
3,16,14,2.8,10.607671031218276,0.0,7,31
3,16,15,2.8,12.514834108135057,0.0,7,31
3,16,16,2.8,15.243506506121758,0.0,7,31
3,16,17,2.8,16.384622013546313,0.0,7,31
3,16,18,2.8,11.025452244495385,0.0,7,31
3,16,19,2.8,11.959382946590383,0.0,7,31
3,16,20,2.8,10.845412921665083,0.0,7,31
3,16,21,2.8,9.499999066193617,0.0,7,31
3,16,22,2.8,10.495879788474454,0.0,7,31
1,17,1,4.2,9.236810506803037,0.0,7,31
1,17,2,3.2,10.258306020370984,0.0,7,31
1,17,3,3.0,10.622021869802493,0.0,7,31
1,17,4,3.0,9.500546357454768,0.0,7,31
1,17,5,3.0,10.63196965405912,0.0,7,31
1,17,6,2.8,10.318906311238711,0.0,7,31
1,17,7,3.0,11.653821644685985,0.0,7,31
1,17,8,2.8,10.102497146115176,0.0,7,31
1,17,9,2.8,13.44663987517449,0.0,7,31
1,17,10,2.8,10.718890420868252,0.0,7,31
1,17,11,2.8,13.910755789180994,0.0,7,31
1,17,12,2.8,13.173818430217043,0.0,7,31
1,17,13,2.8,14.370656802628993,0.0,7,31
1,17,14,2.8,12.896403166755968,0.0,7,31
1,17,15,2.8,13.439632256077962,0.0,7,31
1,17,16,2.8,11.253656311911183,0.0,7,31
1,17,17,2.8,8.958639115916311,0.0,7,31
1,17,18,2.8,9.559899549289897,0.0,7,31
1,17,19,3.0,10.068691443456347,0.0,7,31
1,17,20,2.8,9.799775135945858,0.0,7,31
1,17,21,3.0,9.72521965584511,0.0,7,31
2,17,1,2.8,14.621424471376255,0.0,7,31
2,17,2,2.8,9.257876658145902,0.0,7,31
2,17,3,3.6,9.386958921956591,0.125,7,31
2,17,4,2.8,11.689328431288095,0.0,7,31
2,17,5,2.8,10.77323661346702,0.0,7,31
2,17,6,2.8,9.387611294511391,0.0,7,31
2,17,7,2.8,13.052880701880293,0.0,7,31
2,17,8,2.8,11.36722704342456,0.0,7,31
2,17,9,2.8,11.399382270733799,0.0,7,31
2,17,10,2.8,12.056213350233506,0.0,7,31
2,17,11,2.8,8.222313095123576,0.0,7,31
2,17,12,2.8,13.642128451148364,0.0,7,31
2,17,13,2.8,11.349604879544142,0.0,7,31
2,17,14,2.8,12.222772105709796,0.0,7,31
2,17,15,2.8,8.699125252149765,0.0,7,31
2,17,16,3.0,10.169262230239863,0.0,7,31
2,17,17,2.8,9.581463556624312,0.0,7,31
2,17,18,2.8,12.61102480165626,0.0,7,31
2,17,19,2.8,11.651927724288155,0.0,7,31
2,17,20,3.0,8.692536411416997,0.0,7,31
2,17,21,2.8,9.307836119544758,0.0,7,31
2,17,22,2.0,12.161717893155494,0.0,5,31
3,17,1,2.8,9.658047065945432,0.0,7,31
3,17,2,2.8,11.70430778748353,0.0,7,31
3,17,3,2.8,9.851827776427639,0.0,7,31
3,17,4,2.8,9.548148627671624,0.0,7,31
3,17,5,2.8,9.908318358818963,0.0,7,31
3,17,6,2.8,9.132155616811518,0.0,7,31
3,17,7,2.8,10.615061762010207,0.0,7,31
3,17,8,2.8,9.322921893755959,0.0,7,31
3,17,9,2.8,14.053615174802204,0.0,7,31
3,17,10,2.8,10.700446898239928,0.0,7,31
3,17,11,2.8,10.52650354157722,0.0,7,31
3,17,12,3.0,10.377210593063142,0.0,7,31
3,17,13,3.0,8.924512986219174,0.0,7,31
3,17,14,2.8,10.392479931530412,0.0,7,31
3,17,15,2.8,11.569050234596745,0.0,7,31
3,17,16,2.8,8.95162636379957,0.0,7,31
3,17,17,2.8,20.22488805800461,0.0,7,31
3,17,18,2.8,11.673060904994877,0.0,7,31
3,17,19,2.8,10.486823029454373,0.0,7,31
3,17,20,2.8,11.520708754788396,0.0,7,31
3,17,21,2.8,8.505391539433107,0.0,7,31
3,17,22,2.8,10.237591113552984,0.0,7,31
1,18,1,4.2,9.63559016799718,0.0,7,31
1,18,2,3.4,9.53761580604819,0.0,7,31
1,18,3,2.8,12.224997642897414,0.0,7,31
1,18,4,3.2,9.463482848731935,0.0,7,31
1,18,5,3.0,8.959476363951865,0.0,7,31
1,18,6,2.8,10.327428331505311,0.0,7,31
1,18,7,2.8,12.191515922897073,0.0,7,31
1,18,8,2.8,9.919567935784972,0.0,7,31
1,18,9,2.8,13.23983382968189,0.0,7,31
1,18,10,2.8,10.568499359103622,0.0,7,31
1,18,11,2.8,14.798984640465505,0.0,7,31
1,18,12,2.8,11.36076359919261,0.0,7,31
1,18,13,2.8,11.948613336453729,0.0,7,31
1,18,14,2.8,11.364198303610394,0.0,7,31
1,18,15,2.8,11.29786790456015,0.0,7,31
1,18,16,2.8,11.108440580745981,0.0,7,31
1,18,17,3.0,8.230140117513653,0.0,7,31
1,18,18,2.8,11.967111289252705,0.0,7,31
1,18,19,3.0,10.30313362517751,0.0,7,31
1,18,20,2.8,9.207165312472027,0.0,7,31
1,18,21,2.8,9.627413509813309,0.0,7,31
2,18,1,2.8,14.76259215816543,0.0,7,31
2,18,2,2.8,9.24388436502444,0.0,7,31
2,18,3,3.0,13.401704497090087,0.0,7,31
2,18,4,3.0,10.09744934425639,0.0,7,31
2,18,5,3.0,9.310781363185528,0.0,7,31
2,18,6,2.8,10.58615458545964,0.0,7,31
2,18,7,2.8,12.900043228627156,0.0,7,31
2,18,8,2.8,10.086835601386914,0.0,7,31
2,18,9,2.8,11.301208499722037,0.0,7,31
2,18,10,2.8,12.67162088230725,0.0,7,31
2,18,11,2.8,9.524629600451549,0.0,7,31
2,18,12,2.8,12.175289863094948,0.0,7,31
2,18,13,2.8,11.801168915827699,0.0,7,31
2,18,14,2.8,10.78318051023605,0.0,7,31
2,18,15,2.8,9.741187566189998,0.0,7,31
2,18,16,2.8,12.064480240517282,0.0,7,31
2,18,17,2.8,11.113990588697451,0.0,7,31
2,18,18,2.8,11.654104886249241,0.0,7,31
2,18,19,2.8,12.980704436602144,0.0,7,31
2,18,20,3.0,7.7546829067479495,0.0,7,31
2,18,21,2.8,9.613275681426156,0.0,7,31
2,18,22,2.4,11.666821389974434,0.0,6,31
3,18,1,2.8,8.659789700830666,0.0,7,31
3,18,2,2.8,10.795322157509826,0.0,7,31
3,18,3,2.8,10.458288870862617,0.0,7,31
3,18,4,2.8,9.45954254109973,0.0,7,31
3,18,5,2.8,9.419977785053334,0.0,7,31
3,18,6,2.8,9.284650242018428,0.0,7,31
3,18,7,2.8,10.241777104687152,0.0,7,31
3,18,8,2.8,10.654693877780055,0.0,7,31
3,18,9,2.8,10.651573520208858,0.0,7,31
3,18,10,2.8,13.136663213801905,0.0,7,31
3,18,11,2.8,12.35526794860639,0.0,7,31
3,18,12,2.8,11.855973699651456,0.0,7,31
3,18,13,2.8,8.853925110594416,0.0,7,31
3,18,14,2.8,9.577762199663606,0.0,7,31
3,18,15,2.8,13.304309184833592,0.0,7,31
3,18,16,2.8,11.622575374660833,0.0,7,31
3,18,17,2.8,13.828490010062616,0.0,7,31
3,18,18,2.8,10.54999478433491,0.0,7,31
3,18,19,2.8,10.036175636156878,0.0,7,31
3,18,20,2.8,11.71813698917775,0.0,7,31
3,18,21,2.8,8.91819994873941,0.0,7,31
3,18,22,2.8,11.248732546928718,0.0,7,31
1,19,1,4.0,9.231556754196042,0.0,7,31
1,19,2,3.6,9.83928474520424,0.0,7,31
1,19,3,2.8,12.608686121722476,0.0,7,31
1,19,4,3.2,8.586942718920168,0.0,7,31
1,19,5,2.8,11.257298991253199,0.0,7,31
1,19,6,2.8,10.266167280661435,0.0,7,31
1,19,7,2.8,10.745361633588224,0.0,7,31
1,19,8,2.8,11.138125045272933,0.0,7,31
1,19,9,2.8,12.303989127919523,0.0,7,31
1,19,10,2.8,11.422248858837902,0.0,7,31
1,19,11,2.8,12.549313948494717,0.0,7,31
1,19,12,2.8,11.089231810239296,0.0,7,31
1,19,13,2.8,11.927338708991092,0.0,7,31
1,19,14,2.8,10.872909160983996,0.0,7,31
1,19,15,2.8,16.515488448482532,0.0,7,31
1,19,16,2.8,10.484090016437754,0.0,7,31
1,19,17,2.8,10.202651305923393,0.0,7,31
1,19,18,2.8,11.436873082484203,0.0,7,31
1,19,19,3.0,9.943979891491082,0.0,7,31
1,19,20,2.8,10.359875393880142,0.0,7,31
1,19,21,2.8,9.295271958268584,0.0,7,31
1,19,22,2.0,16.896983096677175,0.0,4,31
2,19,1,2.8,13.765792039842077,0.0,7,31
2,19,2,2.8,10.302746534589785,0.0,7,31
2,19,3,3.6,9.745949727760053,0.125,7,31
2,19,4,2.8,10.155916697194133,0.0,7,31
2,19,5,2.8,11.085665329746561,0.0,7,31
2,19,6,2.8,9.533947180155725,0.0,7,31
2,19,7,3.0,12.909041755350508,0.0,7,31
2,19,8,2.8,10.939666780235564,0.0,7,31
2,19,9,2.8,11.004000657076338,0.0,7,31
2,19,10,2.8,12.232899774654467,0.0,7,31
2,19,11,2.8,8.82296145208293,0.0,7,31
2,19,12,2.8,13.045134225216199,0.0,7,31
2,19,13,2.8,13.695116448787303,0.0,7,31
2,19,14,2.8,8.743861741008763,0.0,7,31
2,19,15,2.8,9.939444278590399,0.0,7,31
2,19,16,3.0,10.615936638499326,0.0,7,31
2,19,17,2.8,13.048997533515884,0.0,7,31
2,19,18,2.8,12.282705550017523,0.0,7,31
2,19,19,2.8,11.480521448181388,0.0,7,31
2,19,20,2.8,9.272519648370407,0.0,7,31
2,19,21,2.8,9.753119545434469,0.0,7,31
2,19,22,2.0,13.716364964699828,0.0,5,31
3,19,1,2.8,9.277156219988358,0.0,7,31
3,19,2,2.8,10.8914422108258,0.0,7,31
3,19,3,2.8,11.565797854988446,0.0,7,31
3,19,4,2.8,8.371877243625079,0.0,7,31
3,19,5,2.8,9.221145999504031,0.0,7,31
3,19,6,2.8,9.486260028124157,0.0,7,31
3,19,7,2.8,10.106387828335082,0.0,7,31
3,19,8,2.8,10.24423346290536,0.0,7,31
3,19,9,2.8,10.878928321814751,0.0,7,31
3,19,10,2.8,10.890989573444816,0.0,7,31
3,19,11,2.8,10.348396858258816,0.0,7,31
3,19,12,2.8,12.459798950650153,0.0,7,31
3,19,13,2.8,8.727581650994402,0.0,7,31
3,19,14,2.8,10.338703182720273,0.0,7,31
3,19,15,2.8,11.43821024001401,0.0,7,31
3,19,16,2.8,10.595683915817462,0.0,7,31
3,19,17,2.8,14.21414572357418,0.0,7,31
3,19,18,3.0,8.603507262158953,0.0,7,31
3,19,19,2.8,11.759759129174519,0.0,7,31
3,19,20,2.8,11.680678123421107,0.0,7,31
3,19,21,2.8,9.285814300032461,0.0,7,31
3,19,22,2.8,10.17585397856724,0.0,7,31
1,20,1,4.0,9.133611276170095,0.0,7,31
1,20,2,3.6,10.25801641537519,0.0,7,31
1,20,3,2.8,12.10223863147568,0.0,7,31
1,20,4,3.2,8.562539896951328,0.0,7,31
1,20,5,3.0,10.36135141145728,0.0,7,31
1,20,6,2.8,10.544278205348402,0.0,7,31
1,20,7,2.8,10.05543884251403,0.0,7,31
1,20,8,2.8,9.221315661926871,0.0,7,31
1,20,9,2.8,11.976751413433673,0.0,7,31
1,20,10,2.8,11.742347725704324,0.0,7,31
1,20,11,2.8,12.497154807771235,0.0,7,31
1,20,12,2.8,10.9281095816849,0.0,7,31
1,20,13,2.8,11.581195885921773,0.0,7,31
1,20,14,2.8,12.069816974423505,0.0,7,31
1,20,15,2.8,12.238635223042264,0.0,7,31
1,20,16,2.8,11.047346209808314,0.0,7,31
1,20,17,2.8,9.709222079019819,0.0,7,31
1,20,18,2.8,10.020928471123124,0.0,7,31
1,20,19,2.8,10.771744832699584,0.0,7,31
1,20,20,2.8,10.728770914339052,0.0,7,31
1,20,21,2.8,9.515438358646453,0.0,7,31
1,20,22,2.0,14.001535318776387,0.0,4,31
2,20,1,2.8,13.765792039842005,0.0,7,31
2,20,2,2.8,9.652362838418382,0.0,7,31
2,20,3,3.6,8.644022211481996,0.125,7,31
2,20,4,2.8,10.540992578768044,0.0,7,31
2,20,5,2.8,9.774623572268245,0.0,7,31
2,20,6,2.8,10.572196134776341,0.0,7,31
2,20,7,2.8,14.577292561292937,0.0,7,31
2,20,8,2.8,10.76689795641289,0.0,7,31
2,20,9,2.8,10.067179104328929,0.0,7,31
2,20,10,2.8,13.890789083156054,0.0,7,31
2,20,11,2.8,8.652711817808994,0.0,7,31
2,20,12,2.8,12.55037067402284,0.0,7,31
2,20,13,2.8,12.284225548183725,0.0,7,31
2,20,14,2.8,10.359508231891173,0.0,7,31
2,20,15,2.8,10.192289406407522,0.0,7,31
2,20,16,3.0,10.18619876636769,0.0,7,31
2,20,17,2.8,12.224204126897042,0.0,7,31
2,20,18,2.8,11.43238715812814,0.0,7,31
2,20,19,3.0,9.83439061937997,0.0,7,31
2,20,20,2.8,9.10683979371576,0.0,7,31
2,20,21,2.8,9.451676417200176,0.0,7,31
2,20,22,2.0,13.998917358779924,0.0,5,31
3,20,1,2.8,10.121555427506522,0.0,7,31
3,20,2,2.8,11.14955485042037,0.0,7,31
3,20,3,2.8,10.752467942063145,0.0,7,31
3,20,4,2.8,10.252387266962957,0.0,7,31
3,20,5,2.8,8.899137698984541,0.0,7,31
3,20,6,2.8,9.74316165502611,0.0,7,31
3,20,7,2.8,9.208617202409089,0.0,7,31
3,20,8,2.8,9.526215386792014,0.0,7,31
3,20,9,2.8,13.73794551172037,0.0,7,31
3,20,10,2.8,10.426814312392418,0.0,7,31
3,20,11,2.8,11.496009140200778,0.0,7,31
3,20,12,2.8,11.608444218671027,0.0,7,31
3,20,13,2.8,9.22796939337801,0.0,7,31
3,20,14,2.8,10.116393622961711,0.0,7,31
3,20,15,2.8,12.51483410813494,0.0,7,31
3,20,16,2.8,9.813625311964614,0.0,7,31
3,20,17,2.8,13.345699113897288,0.0,7,31
3,20,18,2.8,10.459782042157629,0.0,7,31
3,20,19,2.8,11.213852267184764,0.0,7,31
3,20,20,2.8,10.314974181525326,0.0,7,31
3,20,21,2.8,8.34621126504619,0.0,7,31
3,20,22,2.8,10.080693043150513,0.0,7,31
1,21,1,4.0,8.68599105158617,0.0,7,31
1,21,2,3.2,12.272583863440671,0.0,7,31
1,21,3,3.0,11.337190674122732,0.0,7,31
1,21,4,3.0,8.999016652048601,0.0,7,31
1,21,5,3.0,9.922951552204658,0.0,7,31
1,21,6,2.8,11.994079052343482,0.0,7,31
1,21,7,2.8,10.26110937475274,0.0,7,31
1,21,8,2.8,9.677853348985671,0.0,7,31
1,21,9,2.8,16.004313868771394,0.0,7,31
1,21,10,2.8,11.347012990781955,0.0,7,31
1,21,11,2.8,15.944117048908911,0.0,7,31
1,21,12,2.8,14.699973333328622,0.0,7,31
1,21,13,2.8,10.474503215479569,0.0,7,31
1,21,14,2.8,10.614397457701621,0.0,7,31
1,21,15,2.8,13.492200721414022,0.0,7,31
1,21,16,2.8,9.22108601302947,0.0,7,31
1,21,17,2.8,10.957477851778341,0.0,7,31
1,21,18,2.8,10.84336317968212,0.0,7,31
1,21,19,2.8,10.687348091079448,0.0,7,31
1,21,20,2.8,10.228868961853381,0.0,7,31
1,21,21,2.8,13.502506978786235,0.0,7,31
1,21,22,2.5,9.784565015787669,0.0,4,31
2,21,1,3.4,11.583210109714123,0.0,7,31
2,21,2,3.6,7.658757709868133,0.0,7,31
2,21,3,3.0,9.03852946341146,0.0,7,31
2,21,4,3.4,8.236105451444049,0.0,7,31
2,21,5,2.8,10.828636788590659,0.0,7,31
2,21,6,2.8,11.15036624631492,0.0,7,31
2,21,7,3.0,10.50250914781744,0.0,7,31
2,21,8,2.8,11.507657464636969,0.0,7,31
2,21,9,2.8,11.59412376851026,0.0,7,31
2,21,10,2.8,11.547817197933883,0.0,7,31
2,21,11,2.8,12.773220446603625,0.0,7,31
2,21,12,2.8,12.021626921793041,0.0,7,31
2,21,13,2.8,11.406177694647775,0.0,7,31
2,21,14,2.8,10.567545170178542,0.0,7,31
2,21,15,2.8,9.758647298594664,0.0,7,31
2,21,16,2.8,10.080005593607087,0.0,7,31
2,21,17,2.8,9.952585420724118,0.0,7,31
2,21,18,3.0,11.444869501307606,0.0,7,31
2,21,19,3.0,8.77765392960895,0.0,7,31
2,21,20,2.8,7.780089641951484,0.0,7,31
2,21,21,2.8,11.061835999704675,0.0,7,31
3,21,1,2.8,10.054995608199565,0.0,7,31
3,21,2,2.8,11.909424966909565,0.0,7,31
3,21,3,2.8,10.334587413436921,0.0,7,31
3,21,4,2.8,9.23110534317802,0.0,7,31
3,21,5,2.8,9.924396174475511,0.0,7,31
3,21,6,2.8,10.335915470170589,0.0,7,31
3,21,7,2.8,9.005239220696817,0.0,7,31
3,21,8,2.8,12.929644243135053,0.0,7,31
3,21,9,2.8,15.59442436885372,0.0,7,31
3,21,10,2.8,11.885740729908187,0.0,7,31
3,21,11,2.8,11.671513235212961,0.0,7,31
3,21,12,2.8,12.825595504150064,0.0,7,31
3,21,13,2.8,9.980926069699319,0.0,7,31
3,21,14,2.8,9.13433173790042,0.0,7,31
3,21,15,2.8,12.41323426439846,0.0,7,31
3,21,16,2.8,11.711598231692829,0.0,7,31
3,21,17,2.8,15.751660885921616,0.0,7,31
3,21,18,2.8,9.651030016745631,0.0,7,31
3,21,19,2.8,11.982813933868002,0.0,7,31
3,21,20,2.8,11.202994995498624,0.0,7,31
3,21,21,2.8,8.790028734137739,0.0,7,31
3,21,22,2.8,11.589785627503664,0.0,7,31
1,22,1,4.2,9.138754106027594,0.0,7,31
1,22,2,3.2,10.328637142109914,0.0,7,31
1,22,3,2.8,11.667382226404838,0.0,7,31
1,22,4,3.0,8.750725302368854,0.0,7,31
1,22,5,3.0,12.520789166296813,0.0,7,31
1,22,6,2.8,9.528568788951533,0.0,7,31
1,22,7,2.8,10.679359661915907,0.0,7,31
1,22,8,2.8,10.271726754562229,0.0,7,31
1,22,9,2.8,14.823256936552449,0.0,7,31
1,22,10,2.8,12.026383577362186,0.0,7,31
1,22,11,2.8,16.33305405304825,0.0,7,31
1,22,12,2.8,13.57413385518559,0.0,7,31
1,22,13,2.8,12.678249606918698,0.0,7,31
1,22,14,2.8,10.376784362318253,0.0,7,31
1,22,15,2.8,13.61412817444859,0.0,7,31
1,22,16,2.8,10.309621990547678,0.0,7,31
1,22,17,2.8,10.027559326385246,0.0,7,31
1,22,18,2.8,10.804479555798054,0.0,7,31
1,22,19,2.8,10.649573389412897,0.0,7,31
1,22,20,2.8,10.334118741376468,0.0,7,31
1,22,21,2.8,12.021052000691595,0.0,7,31
1,22,22,2.0,12.912087600413255,0.0,5,31
2,22,1,2.8,12.628826762864744,0.0,7,31
2,22,2,2.8,10.643397722444135,0.0,7,31
2,22,3,3.6,8.818508804449419,0.125,7,31
2,22,4,2.8,9.704702865547322,0.0,7,31
2,22,5,2.8,10.442157382294628,0.0,7,31
2,22,6,2.8,10.427991615264066,0.0,7,31
2,22,7,3.0,12.411317845277281,0.0,7,31
2,22,8,2.8,11.038386220318435,0.0,7,31
2,22,9,2.8,11.226177190095942,0.0,7,31
2,22,10,2.8,10.941711193740392,0.0,7,31
2,22,11,2.8,8.93901801478104,0.0,7,31
2,22,12,2.8,12.719578367865926,0.0,7,31
2,22,13,2.8,13.365901408531466,0.0,7,31
2,22,14,2.8,11.443203288870455,0.0,7,31
2,22,15,2.8,8.671190053274188,0.0,7,31
2,22,16,2.8,12.499917215836316,0.0,7,31
2,22,17,2.8,11.277517195838978,0.0,7,31
2,22,18,2.8,10.787153855342984,0.0,7,31
2,22,19,2.8,13.386061103969581,0.0,7,31
2,22,20,2.8,9.032994956250246,0.0,7,31
2,22,21,2.8,8.420013215234377,0.0,7,31
2,22,22,2.2,12.453075072630602,0.0,5,31
3,22,1,2.8,10.172056462002766,0.0,7,31
3,22,2,2.8,11.637496544193446,0.0,7,31
3,22,3,2.8,10.56670009925235,0.0,7,31
3,22,4,2.8,8.583360360718839,0.0,7,31
3,22,5,2.8,9.688577407027703,0.0,7,31
3,22,6,2.8,9.104965903842661,0.0,7,31
3,22,7,2.8,9.465134535661742,0.0,7,31
3,22,8,2.8,11.139852116343821,0.0,7,31
3,22,9,2.8,13.232655495933349,0.0,7,31
3,22,10,2.8,11.659163304397163,0.0,7,31
3,22,11,2.8,11.140045224324163,0.0,7,31
3,22,12,2.8,11.022655140361026,0.0,7,31
3,22,13,2.8,8.653491658582432,0.0,7,31
3,22,14,2.8,9.607853671170309,0.0,7,31
3,22,15,2.8,11.745741704750587,0.0,7,31
3,22,16,2.8,10.8977549016447,0.0,7,31
3,22,17,2.8,13.28771026675121,0.0,7,31
3,22,18,3.0,10.33325436170384,0.0,7,31
3,22,19,2.8,13.409925643573086,0.0,7,31
3,22,20,2.8,9.79190562929901,0.0,7,31
3,22,21,2.8,8.558181119973295,0.0,7,31
3,22,22,2.8,11.60460272862077,0.0,7,31
1,23,1,4.4,8.732339843489056,0.0,7,31
1,23,2,2.8,10.883244838124877,0.0,7,31
1,23,3,2.8,14.990003409079476,0.0,7,31
1,23,4,3.2,7.597530297023109,0.0,7,31
1,23,5,3.0,10.402584532065351,0.0,7,31
1,23,6,2.8,10.908478687413867,0.0,7,31
1,23,7,2.8,9.238567310148483,0.0,7,31
1,23,8,2.8,10.342242654745077,0.0,7,31
1,23,9,2.8,12.699067424943536,0.0,7,31
1,23,10,2.8,11.520558733082705,0.0,7,31
1,23,11,2.8,13.333489589403406,0.0,7,31
1,23,12,2.8,13.823237899602281,0.0,7,31
1,23,13,2.8,11.785597402204639,0.0,7,31
1,23,14,2.8,11.123836435255749,0.0,7,31
1,23,15,2.8,12.804160199941022,0.0,7,31
1,23,16,2.8,9.512199205822927,0.0,7,31
1,23,17,2.8,9.401762455207638,0.0,7,31
1,23,18,2.8,10.503169860868143,0.0,7,31
1,23,19,2.8,9.447452101869692,0.0,7,31
1,23,20,2.8,10.720186897154713,0.0,7,31
1,23,21,2.8,10.278245160162179,0.0,7,31
1,23,22,2.0,14.289959549994329,0.0,5,31
2,23,1,2.8,13.986145712288119,0.0,7,31
2,23,2,2.8,10.497257710824888,0.0,7,31
2,23,3,3.6,9.05347532190531,0.125,7,31
2,23,4,2.8,9.674002648881842,0.0,7,31
2,23,5,2.8,10.16449376886327,0.0,7,31
2,23,6,2.8,9.73114543030317,0.0,7,31
2,23,7,2.8,12.780130760398235,0.0,7,31
2,23,8,2.8,10.418424854216576,0.0,7,31
2,23,9,2.8,12.834674847878398,0.0,7,31
2,23,10,2.8,13.172766423909245,0.0,7,31
2,23,11,2.8,8.211274150307338,0.0,7,31
2,23,12,2.8,15.831496601609302,0.0,7,31
2,23,13,2.8,9.54326000724338,0.0,7,31
2,23,14,2.8,10.574440076706553,0.0,7,31
2,23,15,2.8,10.226373078232886,0.0,7,31
2,23,16,2.8,12.849368671707039,0.0,7,31
2,23,17,2.8,9.95102163365179,0.0,7,31
2,23,18,2.8,11.758197466790142,0.0,7,31
2,23,19,2.8,15.543598328742478,0.0,7,31
2,23,20,2.8,8.52363906882268,0.0,7,31
2,23,21,2.8,8.660411573290453,0.0,7,31
2,23,22,2.4,10.91712352467626,0.0,6,31
3,23,1,2.8,9.391114262726804,0.0,7,31
3,23,2,2.8,11.009070093223222,0.0,7,31
3,23,3,2.8,9.851827776427788,0.0,7,31
3,23,4,2.8,8.326288534023728,0.0,7,31
3,23,5,2.8,9.940526252540115,0.0,7,31
3,23,6,2.8,9.228611945580562,0.0,7,31
3,23,7,2.8,9.363697810254822,0.0,7,31
3,23,8,2.8,10.159152975034207,0.0,7,31
3,23,9,2.8,11.987717444529148,0.0,7,31
3,23,10,2.8,11.570932802830526,0.0,7,31
3,23,11,2.8,10.562863115754158,0.0,7,31
3,23,12,3.0,10.779583077975934,0.0,7,31
3,23,13,3.0,8.834277656289924,0.0,7,31
3,23,14,2.8,10.701609256545686,0.0,7,31
3,23,15,2.8,12.724358383980979,0.0,7,31
3,23,16,2.8,10.379650434181318,0.0,7,31
3,23,17,2.8,14.445070189752856,0.0,7,31
3,23,18,3.0,9.001998790136767,0.0,7,31
3,23,19,2.8,12.388618046573223,0.0,7,31
3,23,20,2.8,10.303040879975347,0.0,7,31
3,23,21,2.8,8.655580135314528,0.0,7,31
3,23,22,2.8,9.754103457202742,0.0,7,31
1,24,1,4.2,7.987918930301988,0.0,7,31
1,24,2,3.4,9.70660888632151,0.0,7,31
1,24,3,3.0,9.61893960565536,0.0,7,31
1,24,4,2.8,9.434335530616723,0.0,7,31
1,24,5,3.0,10.252116752334805,0.0,7,31
1,24,6,2.8,11.077678303139086,0.0,7,31
1,24,7,2.8,12.328139441960275,0.0,7,31
1,24,8,2.8,10.425164323576858,0.0,7,31
1,24,9,2.8,16.84367217302069,0.0,7,31
1,24,10,2.8,12.086640407353762,0.0,7,31
1,24,11,2.8,14.106272313616056,0.0,7,31
1,24,12,2.8,11.469135519168013,0.0,7,31
1,24,13,2.8,11.343576743049763,0.0,7,31
1,24,14,2.8,10.090062081820093,0.0,7,31
1,24,15,2.8,15.299484201171332,0.0,7,31
1,24,16,2.8,10.047091474354582,0.0,7,31
1,24,17,2.8,9.868485186593599,0.0,7,31
1,24,18,2.8,11.161487244036861,0.0,7,31
1,24,19,3.0,10.026708844439693,0.0,7,31
1,24,20,2.8,9.819656595729759,0.0,7,31
1,24,21,2.8,8.950128028869242,0.0,7,31
1,24,22,2.0,13.529979676705686,0.0,4,31
2,24,1,2.8,13.144511227854915,0.0,7,31
2,24,2,2.8,9.458312830280141,0.0,7,31
2,24,3,3.6,8.499866378916957,0.125,7,31
2,24,4,2.8,10.072290876387054,0.0,7,31
2,24,5,2.8,9.428067463257433,0.0,7,31
2,24,6,2.8,10.99013616081598,0.0,7,31
2,24,7,3.0,11.904030281768122,0.0,7,31
2,24,8,2.8,9.95985470765193,0.0,7,31
2,24,9,2.8,11.330159852777918,0.0,7,31
2,24,10,2.8,11.49705054985566,0.0,7,31
2,24,11,2.8,8.563537610603161,0.0,7,31
2,24,12,2.8,12.384746947628193,0.0,7,31
2,24,13,2.8,11.978507360716211,0.0,7,31
2,24,14,2.8,12.294294170800868,0.0,7,31
2,24,15,2.8,9.042992169856301,0.0,7,31
2,24,16,2.8,13.462943652116948,0.0,7,31
2,24,17,2.8,9.891377874601261,0.0,7,31
2,24,18,2.8,11.100402041051089,0.0,7,31
2,24,19,3.0,10.49236413928007,0.0,7,31
2,24,20,2.8,8.680318893803719,0.0,7,31
2,24,21,2.8,8.613118934571508,0.0,7,31
2,24,22,2.0,15.646267987190305,0.0,5,31
3,24,1,2.8,9.27715621998849,0.0,7,31
3,24,2,2.8,11.484530911956803,0.0,7,31
3,24,3,2.8,13.4772382855052,0.0,7,31
3,24,4,2.8,9.25905479903852,0.0,7,31
3,24,5,2.8,9.249035088039687,0.0,7,31
3,24,6,2.8,9.758707531432762,0.0,7,31
3,24,7,2.8,9.798747595132564,0.0,7,31
3,24,8,2.8,11.119599014253243,0.0,7,31
3,24,9,2.8,12.400919336927503,0.0,7,31
3,24,10,2.8,11.419700651148828,0.0,7,31
3,24,11,2.8,10.960374280883007,0.0,7,31
3,24,12,2.8,12.042729957093064,0.0,7,31
3,24,13,2.8,9.340714901724617,0.0,7,31
3,24,14,2.8,10.988846683883219,0.0,7,31
3,24,15,2.8,10.811415522251167,0.0,7,31
3,24,16,2.8,11.689214911423196,0.0,7,31
3,24,17,2.8,13.433637646322037,0.0,7,31
3,24,18,3.0,10.583589103751473,0.0,7,31
3,24,19,2.8,11.692315148754076,0.0,7,31
3,24,20,2.8,11.334334601820949,0.0,7,31
3,24,21,2.8,8.382244574302495,0.0,7,31
3,24,22,2.8,9.976667159607244,0.0,7,31
1,25,1,4.4,8.860741185376586,0.0,7,31
1,25,2,3.2,11.156665828285567,0.0,7,31
1,25,3,3.0,10.068967084053986,0.0,7,31
1,25,4,3.0,9.211041883604878,0.0,7,31
1,25,5,2.8,11.973042793343623,0.0,7,31
1,25,6,2.8,10.628302807992775,0.0,7,31
1,25,7,2.8,10.594232084096149,0.0,7,31
1,25,8,2.8,10.335758838690905,0.0,7,31
1,25,9,2.8,13.164103251157776,0.0,7,31
1,25,10,2.8,10.945085071041419,0.0,7,31
1,25,11,2.8,12.628209387151196,0.0,7,31
1,25,12,2.8,12.066232107137328,0.0,7,31
1,25,13,2.8,13.688418649281514,0.0,7,31
1,25,14,2.8,10.62371693785844,0.0,7,31
1,25,15,2.8,14.352082947502966,0.0,7,31
1,25,16,2.8,10.165735558019101,0.0,7,31
1,25,17,2.8,9.804261643748733,0.0,7,31
1,25,18,2.8,11.726191798679437,0.0,7,31
1,25,19,2.8,8.97696768986347,0.0,7,31
1,25,20,2.8,11.041002606773544,0.0,7,31
1,25,21,3.0,10.57394063798835,0.0,7,31
1,25,22,2.0,14.95725171883308,0.0,4,31
2,25,1,2.8,13.31622287229641,0.0,7,31
2,25,2,2.8,9.934576813575239,0.0,7,31
2,25,3,3.2,10.246058874781692,0.0,7,31
2,25,4,3.0,9.478539289081226,0.0,7,31
2,25,5,2.8,9.589705909333544,0.0,7,31
2,25,6,2.8,10.266303495162257,0.0,7,31
2,25,7,3.0,10.584175079865817,0.0,7,31
2,25,8,2.8,11.560602119811115,0.0,7,31
2,25,9,2.8,10.339480261088035,0.0,7,31
2,25,10,2.8,14.082694362005103,0.0,7,31
2,25,11,2.8,9.88312896300254,0.0,7,31
2,25,12,2.8,13.7340303302227,0.0,7,31
2,25,13,2.8,12.089964470636625,0.0,7,31
2,25,14,2.8,10.933607946143121,0.0,7,31
2,25,15,2.8,9.141183960004327,0.0,7,31
2,25,16,2.8,13.210160110547749,0.0,7,31
2,25,17,2.8,8.66769892239117,0.0,7,31
2,25,18,2.8,10.596962746122303,0.0,7,31
2,25,19,2.8,15.271913086381481,0.0,7,31
2,25,20,2.8,8.730479322040571,0.0,7,31
2,25,21,2.8,8.410323194204567,0.0,7,31
2,25,22,2.4,11.644608736074419,0.0,6,31
3,25,1,2.8,8.479694633703307,0.0,7,31
3,25,2,2.8,11.506136484639025,0.0,7,31
3,25,3,2.8,10.029538421251809,0.0,7,31
3,25,4,2.8,8.869656153671333,0.0,7,31
3,25,5,2.8,8.758948172600345,0.0,7,31
3,25,6,2.8,10.014365131100186,0.0,7,31
3,25,7,2.8,9.50928332852542,0.0,7,31
3,25,8,2.8,11.94483034636619,0.0,7,31
3,25,9,2.8,10.541422822294944,0.0,7,31
3,25,10,2.8,11.048380227896814,0.0,7,31
3,25,11,2.8,11.079503954553573,0.0,7,31
3,25,12,3.0,10.574570555906268,0.0,7,31
3,25,13,2.8,8.532421199876238,0.0,7,31
3,25,14,2.8,9.38803194301579,0.0,7,31
3,25,15,2.8,10.273298794662956,0.0,7,31
3,25,16,2.8,9.841855549553046,0.0,7,31
3,25,17,2.8,11.832115761214258,0.0,7,31
3,25,18,2.8,10.655781838969464,0.0,7,31
3,25,19,2.8,13.235804716427673,0.0,7,31
3,25,20,2.8,10.183183260428288,0.0,7,31
3,25,21,2.8,8.804582558585372,0.0,7,31
3,25,22,2.8,10.71044626448171,0.0,7,31
1,26,1,4.0,9.078569956004662,0.0,7,31
1,26,2,3.0,11.274751785079372,0.0,7,31
1,26,3,2.8,12.260352343897134,0.0,7,31
1,26,4,3.0,8.180115203063792,0.0,7,31
1,26,5,2.8,12.480332074575815,0.0,7,31
1,26,6,2.8,11.15949440498511,0.0,7,31
1,26,7,2.8,8.610691491414736,0.0,7,31
1,26,8,2.8,11.220502685324833,0.0,7,31
1,26,9,2.8,15.483595437487223,0.0,7,31
1,26,10,2.8,11.906425777843369,0.0,7,31
1,26,11,2.8,13.665739700066377,0.0,7,31
1,26,12,2.8,14.565690584185797,0.0,7,31
1,26,13,2.8,10.179670394943328,0.0,7,31
1,26,14,2.8,13.640136354658233,0.0,7,31
1,26,15,2.8,12.760724563553662,0.0,7,31
1,26,16,2.8,11.714828388221267,0.0,7,31
1,26,17,2.8,11.117906490342762,0.0,7,31
1,26,18,2.8,9.234420915310649,0.0,7,31
1,26,19,3.0,9.129157765932996,0.0,7,31
1,26,20,2.8,10.587433731184383,0.0,7,31
1,26,21,2.8,10.429273750875991,0.0,7,31
1,26,22,2.4,11.594549669335263,0.0,6,31
2,26,1,2.8,11.961941028996147,0.0,7,31
2,26,2,2.8,9.80713715244852,0.0,7,31
2,26,3,3.8,7.47299986656356,0.125,7,31
2,26,4,2.8,11.3823882500421,0.0,7,31
2,26,5,2.8,9.7980608474562,0.0,7,31
2,26,6,2.8,10.485501102846504,0.0,7,31
2,26,7,3.0,10.689342364764812,0.0,7,31
2,26,8,2.8,12.347179645843994,0.0,7,31
2,26,9,2.8,10.468909789659664,0.0,7,31
2,26,10,2.8,10.857735221718258,0.0,7,31
2,26,11,2.8,9.278766392267332,0.0,7,31
2,26,12,2.8,12.689030407894908,0.0,7,31
2,26,13,2.8,14.115016086832329,0.0,7,31
2,26,14,2.8,11.714085653537321,0.0,7,31
2,26,15,2.8,9.782024211091587,0.0,7,31
2,26,16,2.8,9.959338377376795,0.0,7,31
2,26,17,2.8,11.106002203741955,0.0,7,31
2,26,18,2.8,11.99367057200063,0.0,7,31
2,26,19,2.8,11.54553741453205,0.0,7,31
2,26,20,2.8,8.348555804667608,0.0,7,31
2,26,21,2.8,8.505319474713685,0.0,7,31
2,26,22,2.0,16.489958822010582,0.0,5,31
3,26,1,2.8,9.908390032257358,0.0,7,31
3,26,2,2.8,9.87183207474323,0.0,7,31
3,26,3,2.8,11.97335349462933,0.0,7,31
3,26,4,2.8,9.444934496540524,0.0,7,31
3,26,5,2.8,8.386621873993166,0.0,7,31
3,26,6,2.8,9.681470313038181,0.0,7,31
3,26,7,2.8,9.751876723690264,0.0,7,31
3,26,8,2.8,12.794405942232023,0.0,7,31
3,26,9,2.8,15.320975082252273,0.0,7,31
3,26,10,2.8,11.570932802830729,0.0,7,31
3,26,11,2.8,10.436690388133607,0.0,7,31
3,26,12,3.0,10.465998599926074,0.0,7,31
3,26,13,3.0,9.234430027063517,0.0,7,31
3,26,14,2.8,10.49952411164805,0.0,7,31
3,26,15,2.8,11.41786696777874,0.0,7,31
3,26,16,2.8,9.362727408739952,0.0,7,31
3,26,17,2.8,14.144414016255865,0.0,7,31
3,26,18,2.8,10.297338582174985,0.0,7,31
3,26,19,2.8,11.987228279634428,0.0,7,31
3,26,20,2.8,11.434553573099668,0.0,7,31
3,26,21,2.8,8.875680020756906,0.0,7,31
3,26,22,2.8,9.360198699719088,0.0,7,31
1,27,1,4.4,10.12638764115699,0.0,7,31
1,27,2,3.2,10.316279312316684,0.0,7,31
1,27,3,2.8,10.93798454974488,0.0,7,31
1,27,4,3.2,8.490156586690231,0.0,7,31
1,27,5,2.8,11.38490874993851,0.0,7,31
1,27,6,2.8,9.490116732021963,0.0,7,31
1,27,7,2.8,11.728291490804587,0.0,7,31
1,27,8,2.8,10.7219518374218,0.0,7,31
1,27,9,2.8,13.797047741400643,0.0,7,31
1,27,10,2.8,12.51331398240245,0.0,7,31
1,27,11,2.8,14.762879799872493,0.0,7,31
1,27,12,2.8,12.042119537711786,0.0,7,31
1,27,13,2.8,13.179475571259708,0.0,7,31
1,27,14,2.8,10.971893440662882,0.0,7,31
1,27,15,2.8,15.299484201171289,0.0,7,31
1,27,16,2.8,9.28826913272099,0.0,7,31
1,27,17,2.8,9.290342924956247,0.0,7,31
1,27,18,2.8,11.63562364130197,0.0,7,31
1,27,19,3.0,9.87877320591397,0.0,7,31
1,27,20,2.8,10.61537292342032,0.0,7,31
1,27,21,2.8,9.621791832231544,0.0,7,31
1,27,22,2.0,14.910988363372248,0.0,4,31
2,27,1,2.8,14.147910260562714,0.0,7,31
2,27,2,2.8,10.497257710824764,0.0,7,31
2,27,3,3.0,11.960294290349333,0.0,7,31
2,27,4,3.4,8.075059898426282,0.0,7,31
2,27,5,2.8,9.83751164596601,0.0,7,31
2,27,6,2.8,10.050979972873703,0.0,7,31
2,27,7,3.0,12.487338575963504,0.0,7,31
2,27,8,2.8,9.322257524844424,0.0,7,31
2,27,9,2.8,11.083767241480274,0.0,7,31
2,27,10,2.8,11.83063733761641,0.0,7,31
2,27,11,2.8,8.93901801478104,0.0,7,31
2,27,12,2.8,13.506048149407645,0.0,7,31
2,27,13,2.8,11.771024382703818,0.0,7,31
2,27,14,2.8,9.905032343636575,0.0,7,31
2,27,15,2.8,9.262103464793782,0.0,7,31
2,27,16,2.8,14.28022467826232,0.0,7,31
2,27,17,2.8,11.98466876895121,0.0,7,31
2,27,18,2.8,10.711584868881415,0.0,7,31
2,27,19,2.8,12.718015084563072,0.0,7,31
2,27,20,2.8,9.46640768898937,0.0,7,31
2,27,21,2.8,8.795376600107659,0.0,7,31
2,27,22,2.2,13.991425714296408,0.0,5,31
3,27,1,2.8,9.376716635779134,0.0,7,31
3,27,2,2.8,13.279946937012248,0.0,7,31
3,27,3,2.8,11.788726297669099,0.0,7,31
3,27,4,2.8,9.107392926567524,0.0,7,31
3,27,5,2.8,9.56733239989489,0.0,7,31
3,27,6,2.8,9.72766522981821,0.0,7,31
3,27,7,2.8,9.099019362125084,0.0,7,31
3,27,8,2.8,10.17605582672101,0.0,7,31
3,27,9,2.8,12.202979704905921,0.0,7,31
3,27,10,2.8,9.839697609534852,0.0,7,31
3,27,11,2.8,11.079503954553758,0.0,7,31
3,27,12,2.8,11.022655140361026,0.0,7,31
3,27,13,2.8,8.267479107938902,0.0,7,31
3,27,14,2.8,8.921154503520869,0.0,7,31
3,27,15,2.8,10.773327762621415,0.0,7,31
3,27,16,2.8,13.767981390200104,0.0,7,31
3,27,17,2.8,12.78763443335196,0.0,7,31
3,27,18,3.0,9.454696439789167,0.0,7,31
3,27,19,2.8,12.479612040605945,0.0,7,31
3,27,20,2.8,11.418980585281908,0.0,7,31
3,27,21,2.8,8.169512454116415,0.0,7,31
3,27,22,2.8,8.91507796535595,0.0,7,31
1,28,1,4.0,8.877942704619615,0.0,7,31
1,28,2,3.2,10.335966539599351,0.0,7,31
1,28,3,2.8,13.331828510561822,0.0,7,31
1,28,4,3.0,7.399611131766511,0.0,7,31
1,28,5,3.0,10.39962868273226,0.0,7,31
1,28,6,2.8,10.373055273685118,0.0,7,31
1,28,7,3.0,9.69788758923118,0.0,7,31
1,28,8,2.8,9.23300474477781,0.0,7,31
1,28,9,2.8,13.964485732014404,0.0,7,31
1,28,10,2.8,10.62665323241109,0.0,7,31
1,28,11,2.8,15.61362345605745,0.0,7,31
1,28,12,2.8,13.543625699622238,0.0,7,31
1,28,13,2.8,12.417006353832537,0.0,7,31
1,28,14,2.8,12.4319235333905,0.0,7,31
1,28,15,2.8,14.568626860696096,0.0,7,31
1,28,16,2.8,10.222178978506447,0.0,7,31
1,28,17,2.8,9.78336057379036,0.0,7,31
1,28,18,2.8,10.166492423169958,0.0,7,31
1,28,19,2.8,10.446494693528166,0.0,7,31
1,28,20,2.8,12.320150538082256,0.0,7,31
1,28,21,2.8,10.548114756450953,0.0,7,31
1,28,22,2.5,10.008004855336004,0.0,4,31
2,28,1,3.0,11.66768596026854,0.0,7,31
2,28,2,2.8,11.02881328806647,0.0,7,31
2,28,3,3.4,10.318353034080063,0.0,7,31
2,28,4,2.8,8.95187590209845,0.0,7,31
2,28,5,3.0,9.705028034260168,0.0,7,31
2,28,6,2.8,10.53970893787664,0.0,7,31
2,28,7,3.0,10.293554884360569,0.0,7,31
2,28,8,2.8,10.273231706526683,0.0,7,31
2,28,9,2.8,10.022853971591157,0.0,7,31
2,28,10,2.8,11.03402978033111,0.0,7,31
2,28,11,2.8,8.648944721657886,0.0,7,31
2,28,12,2.8,12.159271476022363,0.0,7,31
2,28,13,2.8,14.313211091431262,0.0,7,31
2,28,14,2.8,10.124073205279709,0.0,7,31
2,28,15,2.8,8.925507387852539,0.0,7,31
2,28,16,3.0,10.118089108040992,0.0,7,31
2,28,17,2.8,10.932217504815384,0.0,7,31
2,28,18,2.8,12.673632758779052,0.0,7,31
2,28,19,3.0,11.159887878763255,0.0,7,31
2,28,20,2.8,9.060664436069159,0.0,7,31
2,28,21,2.8,8.795043516194243,0.0,7,31
2,28,22,2.0,18.526687205359824,0.0,4,31
3,28,1,2.8,9.420042567588252,0.0,7,31
3,28,2,2.8,12.145932320954774,0.0,7,31
3,28,3,2.8,11.522220109262346,0.0,7,31
3,28,4,2.8,8.292421506508413,0.0,7,31
3,28,5,2.8,9.781547190240063,0.0,7,31
3,28,6,2.8,9.727665229818067,0.0,7,31
3,28,7,2.8,10.224655400089377,0.0,7,31
3,28,8,2.8,10.210030831781172,0.0,7,31
3,28,9,2.8,11.557319471639502,0.0,7,31
3,28,10,2.8,12.621582285277935,0.0,7,31
3,28,11,2.8,11.605074804505996,0.0,7,31
3,28,12,3.0,10.611263523301128,0.0,7,31
3,28,13,2.8,9.931835012882361,0.0,7,31
3,28,14,3.0,8.876533626803996,0.0,7,31
3,28,15,2.8,10.908743946424329,0.0,7,31
3,28,16,2.8,10.522511912765951,0.0,7,31
3,28,17,2.8,15.507190664750722,0.0,7,31
3,28,18,2.8,9.352560579277736,0.0,7,31
3,28,19,2.8,12.010768611234687,0.0,7,31
3,28,20,2.8,12.23516165465123,0.0,7,31
3,28,21,2.8,8.649736435190867,0.0,7,31
3,28,22,2.8,10.722173208036338,0.0,7,31
1,29,1,4.2,9.528933129414929,0.0,7,31
1,29,2,3.0,10.791854218465293,0.0,7,31
1,29,3,2.8,13.664366124090805,0.0,7,31
1,29,4,3.2,7.865273794345796,0.0,7,31
1,29,5,2.8,11.04353414725046,0.0,7,31
1,29,6,2.8,9.416685879840298,0.0,7,31
1,29,7,3.0,9.808382290538729,0.0,7,31
1,29,8,2.8,11.207844591006715,0.0,7,31
1,29,9,2.8,15.312939263959764,0.0,7,31
1,29,10,2.8,11.220246611298807,0.0,7,31
1,29,11,2.8,14.699536590156333,0.0,7,31
1,29,12,2.8,14.2481312391509,0.0,7,31
1,29,13,2.8,10.40217852054612,0.0,7,31
1,29,14,2.8,10.863147554642858,0.0,7,31
1,29,15,2.8,13.16789055080738,0.0,7,31
1,29,16,2.8,10.489074188059893,0.0,7,31
1,29,17,2.8,9.46080516017052,0.0,7,31
1,29,18,2.8,11.66175525542726,0.0,7,31
1,29,19,2.8,11.842517151947918,0.0,7,31
1,29,20,2.8,9.701879015681362,0.0,7,31
1,29,21,2.8,12.06920462977141,0.0,7,31
1,29,22,2.0,12.694481877614272,0.0,5,31
2,29,1,2.8,14.115258685325621,0.0,7,31
2,29,2,2.8,10.551587487304905,0.0,7,31
2,29,3,3.6,8.94751802001993,0.125,7,31
2,29,4,2.8,10.00637530240841,0.0,7,31
2,29,5,2.8,11.065608602514907,0.0,7,31
2,29,6,2.8,10.034489743332049,0.0,7,31
2,29,7,3.0,12.991302179582203,0.0,7,31
2,29,8,2.8,9.293925781968655,0.0,7,31
2,29,9,2.8,10.733636857393108,0.0,7,31
2,29,10,2.8,12.111775763760656,0.0,7,31
2,29,11,2.8,8.422031781128446,0.0,7,31
2,29,12,2.8,12.880299479181362,0.0,7,31
2,29,13,2.8,13.4541072593922,0.0,7,31
2,29,14,2.8,10.253755802009042,0.0,7,31
2,29,15,2.8,9.749318670730505,0.0,7,31
2,29,16,2.8,10.915937786287609,0.0,7,31
2,29,17,2.8,9.891377874601334,0.0,7,31
2,29,18,2.8,10.863796678432646,0.0,7,31
2,29,19,2.8,12.587145240915993,0.0,7,31
2,29,20,3.0,8.041116917264585,0.0,7,31
2,29,21,2.8,9.019580770593588,0.0,7,31
2,29,22,2.0,15.409741185418286,0.0,5,31
3,29,1,2.8,8.709114387089377,0.0,7,31
3,29,2,2.8,11.028922204923658,0.0,7,31
3,29,3,2.8,14.887910498668134,0.0,7,31
3,29,4,2.8,10.62645987179406,0.0,7,31
3,29,5,2.8,9.165869370117857,0.0,7,31
3,29,6,2.8,9.442324263360659,0.0,7,31
3,29,7,2.8,9.659467433243819,0.0,7,31
3,29,8,2.8,10.882183327650672,0.0,7,31
3,29,9,2.8,12.082444557238546,0.0,7,31
3,29,10,2.8,11.95544126584226,0.0,7,31
3,29,11,2.8,9.692420320629859,0.0,7,31
3,29,12,2.8,11.995491468933757,0.0,7,31
3,29,13,2.8,9.529921284253511,0.0,7,31
3,29,14,2.8,10.033414758221353,0.0,7,31
3,29,15,2.8,11.207647968957954,0.0,7,31
3,29,16,2.8,11.801995352042466,0.0,7,31
3,29,17,2.8,14.347522640286002,0.0,7,31
3,29,18,2.8,12.80252766797082,0.0,7,31
3,29,19,2.8,10.53763094715619,0.0,7,31
3,29,20,2.8,10.509951705425541,0.0,7,31
3,29,21,2.8,10.334735296543002,0.0,7,31
3,29,22,2.8,10.586718975161721,0.0,7,31
1,30,1,4.4,8.745012274467149,0.0,7,31
1,30,2,3.0,12.457158662602083,0.0,7,31
1,30,3,2.8,11.295590129175729,0.0,7,31
1,30,4,3.0,8.985597937343899,0.0,7,31
1,30,5,2.8,11.334338686887305,0.0,7,31
1,30,6,2.8,9.831496990342847,0.0,7,31
1,30,7,2.8,9.651323234493267,0.0,7,31
1,30,8,2.8,12.12346135387776,0.0,7,31
1,30,9,2.8,13.771594910508876,0.0,7,31
1,30,10,2.8,11.473604023175097,0.0,7,31
1,30,11,2.8,12.191031974248965,0.0,7,31
1,30,12,2.8,13.608355183966468,0.0,7,31
1,30,13,2.8,12.00626813340166,0.0,7,31
1,30,14,2.8,13.440611528422966,0.0,7,31
1,30,15,2.8,14.712628834494412,0.0,7,31
1,30,16,2.8,9.88017718781849,0.0,7,31
1,30,17,2.8,9.967540671255989,0.0,7,31
1,30,18,2.8,9.293157771927458,0.0,7,31
1,30,19,3.0,9.114737344154936,0.0,7,31
1,30,20,2.8,11.240079916205262,0.0,7,31
1,30,21,2.8,12.625517894263258,0.0,7,31
1,30,22,2.0,12.330815055463244,0.0,5,31
2,30,1,2.8,12.032540793841802,0.0,7,31
2,30,2,2.8,9.98322475588753,0.0,7,31
2,30,3,3.2,10.177857020273912,0.0,7,31
2,30,4,2.8,11.137352061678795,0.0,7,31
2,30,5,3.0,9.573103156380313,0.0,7,31
2,30,6,2.8,9.997793026100398,0.0,7,31
2,30,7,2.8,13.292553120238315,0.0,7,31
2,30,8,2.8,10.53873283805019,0.0,7,31
2,30,9,2.8,11.177290138261085,0.0,7,31
2,30,10,2.8,13.723646768609266,0.0,7,31
2,30,11,2.8,8.836571818070674,0.0,7,31
2,30,12,2.8,11.298139871590173,0.0,7,31
2,30,13,2.8,11.555898907545433,0.0,7,31
2,30,14,2.8,10.614749469130249,0.0,7,31
2,30,15,2.8,10.028696878325238,0.0,7,31
2,30,16,2.8,11.223215809721207,0.0,7,31
2,30,17,2.8,9.828123381046735,0.0,7,31
2,30,18,2.8,10.733729330427352,0.0,7,31
2,30,19,2.8,12.503054323848078,0.0,7,31
2,30,20,3.0,8.223904071861297,0.0,7,31
2,30,21,2.8,8.503872901480939,0.0,7,31
2,30,22,2.4,11.427047295652258,0.0,6,31
3,30,1,2.8,10.17205646200261,0.0,7,31
3,30,2,2.8,10.017349871656952,0.0,7,31
3,30,3,2.8,10.64023160412186,0.0,7,31
3,30,4,2.8,9.578054016142392,0.0,7,31
3,30,5,2.8,9.940526252540115,0.0,7,31
3,30,6,2.8,9.20084570207692,0.0,7,31
3,30,7,2.8,10.363253665699672,0.0,7,31
3,30,8,2.8,10.729459475824564,0.0,7,31
3,30,9,2.8,12.553640000796745,0.0,7,31
3,30,10,2.8,12.91474955111188,0.0,7,31
3,30,11,2.8,11.019617158608597,0.0,7,31
3,30,12,2.8,11.697249905734552,0.0,7,31
3,30,13,2.8,9.13152642571225,0.0,7,31
3,30,14,2.8,9.473910320484556,0.0,7,31
3,30,15,2.8,11.146371707889799,0.0,7,31
3,30,16,2.8,11.82481309714253,0.0,7,31
3,30,17,2.8,13.316641560847424,0.0,7,31
3,30,18,2.8,10.495681365954296,0.0,7,31
3,30,19,2.8,9.779417495095474,0.0,7,31
3,30,20,2.8,10.4026958840431,0.0,7,31
3,30,21,2.8,8.18974850934296,0.0,7,31
3,30,22,2.8,10.13078612974194,0.0,7,31
1,31,1,4.2,8.779271311888659,0.0,7,31
1,31,2,3.4,10.447035755216758,0.0,7,31
1,31,3,3.0,11.921508693947175,0.0,7,31
1,31,4,2.8,9.834660731500048,0.0,7,31
1,31,5,2.8,12.35343549029867,0.0,7,31
1,31,6,2.8,11.29703238304752,0.0,7,31
1,31,7,2.8,10.991013011976644,0.0,7,31
1,31,8,2.8,11.187037752998776,0.0,7,31
1,31,9,2.8,13.02853878385622,0.0,7,31
1,31,10,2.8,12.147600833843857,0.0,7,31
1,31,11,2.8,18.775784920226002,0.0,7,31
1,31,12,2.8,13.63556436546124,0.0,7,31
1,31,13,2.8,10.139631781951207,0.0,7,31
1,31,14,2.8,10.595733864097625,0.0,7,31
1,31,15,2.8,15.999841994603747,0.0,7,31
1,31,16,2.8,9.822292723131206,0.0,7,31
1,31,17,2.8,11.32825680514186,0.0,7,31
1,31,18,2.8,10.340954341619812,0.0,7,31
1,31,19,2.8,11.224854076489246,0.0,7,31
1,31,20,2.8,10.405496867686434,0.0,7,31
1,31,21,2.8,11.809036155527194,0.0,7,31
1,31,22,2.5,9.864652044370596,0.0,4,31
2,31,1,3.0,12.683962680532769,0.0,7,31
2,31,2,3.0,9.112321849155418,0.0,7,31
2,31,3,3.2,10.597883523516018,0.0,7,31
2,31,4,3.0,9.479328535133288,0.0,7,31
2,31,5,2.8,10.088987300859573,0.0,7,31
2,31,6,2.8,10.396383298600712,0.0,7,31
2,31,7,3.0,11.28081652684824,0.0,7,31
2,31,8,2.8,10.837548303597464,0.0,7,31
2,31,9,2.8,10.801714652152238,0.0,7,31
2,31,10,2.8,10.503454116987916,0.0,7,31
2,31,11,2.8,9.278766392267265,0.0,7,31
2,31,12,2.8,12.183493050756974,0.0,7,31
2,31,13,2.8,12.12780134325329,0.0,7,31
2,31,14,2.8,11.581000767805481,0.0,7,31
2,31,15,2.8,9.493532605571533,0.0,7,31
2,31,16,2.8,10.958644007431815,0.0,7,31
2,31,17,2.8,12.070397308703633,0.0,7,31
2,31,18,2.8,10.903233506847718,0.0,7,31
2,31,19,3.2,9.604395555125661,0.0,7,31
2,31,20,2.8,8.2872145521542,0.0,7,31
2,31,21,2.8,8.7698213875441,0.0,7,31
2,31,22,2.0,14.822477826214616,0.0,4,31
3,31,1,2.8,10.005647406124558,0.0,7,31
3,31,2,2.8,9.935981314906767,0.0,7,31
3,31,3,2.8,10.16286293291909,0.0,7,31
3,31,4,2.8,8.452870358185498,0.0,7,31
3,31,5,2.8,9.221145999503968,0.0,7,31
3,31,6,2.8,9.590384323696572,0.0,7,31
3,31,7,2.8,10.08971543767304,0.0,7,31
3,31,8,2.8,11.47423667313344,0.0,7,31
3,31,9,2.8,11.096033182729933,0.0,7,31
3,31,10,2.8,11.16944124272932,0.0,7,31
3,31,11,2.8,10.843779180557634,0.0,7,31
3,31,12,3.0,10.592885264270832,0.0,7,31
3,31,13,2.8,9.773131608276067,0.0,7,31
3,31,14,2.8,10.591037970757627,0.0,7,31
3,31,15,2.8,12.031515997695454,0.0,7,31
3,31,16,2.8,11.29602731258468,0.0,7,31
3,31,17,2.8,12.987915804116769,0.0,7,31
3,31,18,2.8,9.977815112847919,0.0,7,31
3,31,19,2.8,12.955438634544288,0.0,7,31
3,31,20,2.8,10.13257195830815,0.0,7,31
3,31,21,2.8,8.66733331688909,0.0,7,31
3,31,22,2.8,10.07527619128714,0.0,7,31
1,32,1,4.2,9.88857883371783,0.0,7,31
1,32,2,3.2,11.782723061495892,0.0,7,31
1,32,3,2.8,13.526893060204427,0.0,7,31
1,32,4,3.0,9.421088387838635,0.0,7,31
1,32,5,2.8,11.063810118836306,0.0,7,31
1,32,6,2.8,9.343680485896238,0.0,7,31
1,32,7,2.8,9.954235784768795,0.0,7,31
1,32,8,2.8,10.424660557889327,0.0,7,31
1,32,9,2.8,14.570779594054262,0.0,7,31
1,32,10,2.8,14.654454433981398,0.0,7,31
1,32,11,2.8,14.941797639751078,0.0,7,31
1,32,12,2.8,12.153703468126436,0.0,7,31
1,32,13,2.8,12.127078194023117,0.0,7,31
1,32,14,2.8,12.811937660354234,0.0,7,31
1,32,15,2.8,13.802740203308227,0.0,7,31
1,32,16,2.8,10.197861920017807,0.0,7,31
1,32,17,2.8,10.16939272086465,0.0,7,31
1,32,18,2.8,9.409242974258875,0.0,7,31
1,32,19,2.8,9.246254601764578,0.0,7,31
1,32,20,2.8,11.342378626656528,0.0,7,31
1,32,21,3.0,9.178620283527007,0.0,7,31
1,32,22,2.0,11.939900922870002,0.0,5,31
2,32,1,2.8,10.485410022753882,0.0,7,31
2,32,2,2.8,11.107296132061855,0.0,7,31
2,32,3,3.6,9.315472622591285,0.125,7,31
2,32,4,2.8,9.598095223630514,0.0,7,31
2,32,5,2.8,10.98610223127336,0.0,7,31
2,32,6,2.8,9.135222689904474,0.0,7,31
2,32,7,3.0,12.116270902614275,0.0,7,31
2,32,8,2.8,9.722367994235794,0.0,7,31
2,32,9,2.8,12.091760848760838,0.0,7,31
2,32,10,2.8,11.717311452521173,0.0,7,31
2,32,11,2.8,9.085078993168061,0.0,7,31
2,32,12,2.8,11.521526194573402,0.0,7,31
2,32,13,2.8,11.462184977187185,0.0,7,31
2,32,14,2.8,9.639639854378984,0.0,7,31
2,32,15,2.8,10.221843337626266,0.0,7,31
2,32,16,2.8,11.577141641093892,0.0,7,31
2,32,17,2.8,9.304513088130035,0.0,7,31
2,32,18,2.8,11.181577504794884,0.0,7,31
2,32,19,3.0,11.061659845970773,0.0,7,31
2,32,20,2.8,9.577442237226482,0.0,7,31
2,32,21,2.8,9.265533873104694,0.0,7,31
2,32,22,2.0,13.327799815619246,0.0,5,31
3,32,1,2.8,10.326629183666295,0.0,7,31
3,32,2,2.8,9.533309878434485,0.0,7,31
3,32,3,2.8,11.500554149390036,0.0,7,31
3,32,4,2.8,8.571331385441216,0.0,7,31
3,32,5,2.8,8.635281842361561,0.0,7,31
3,32,6,2.8,9.270576962552388,0.0,7,31
3,32,7,2.8,9.751876723690192,0.0,7,31
3,32,8,2.8,11.160179130563648,0.0,7,31
3,32,9,2.8,11.645341697341753,0.0,7,31
3,32,10,2.8,9.622956491199696,0.0,7,31
3,32,11,2.8,10.673464692913742,0.0,7,31
3,32,12,3.6,9.053495391654113,0.125,7,31
3,32,13,2.8,9.40624055965909,0.0,7,31
3,32,14,2.8,9.607433607877699,0.0,7,31
3,32,15,2.8,11.909622031188773,0.0,7,31
3,32,16,2.8,9.697133282027787,0.0,7,31
3,32,17,2.8,13.885143737554472,0.0,7,31
3,32,18,2.8,9.85005218740978,0.0,7,31
3,32,19,2.8,9.437933915063862,0.0,7,31
3,32,20,2.8,10.398219043366662,0.0,7,31
3,32,21,2.8,8.055719325958506,0.0,7,31
3,32,22,2.8,10.569406402384148,0.0,7,31
1,33,1,4.2,8.27304794930895,0.0,7,31
1,33,2,3.0,11.36157425645126,0.0,7,31
1,33,3,2.8,14.01391716785806,0.0,7,31
1,33,4,3.2,7.865273794345795,0.0,7,31
1,33,5,2.8,11.61842859970401,0.0,7,31
1,33,6,2.8,10.800671490514594,0.0,7,31
1,33,7,3.0,9.888861287654455,0.0,7,31
1,33,8,2.8,10.271726754562218,0.0,7,31
1,33,9,2.8,11.40158978445958,0.0,7,31
1,33,10,2.8,11.81418128389533,0.0,7,31
1,33,11,2.8,15.067073910144405,0.0,7,31
1,33,12,2.8,14.349919456113653,0.0,7,31
1,33,13,2.8,10.735757267898755,0.0,7,31
1,33,14,2.8,11.16505704563118,0.0,7,31
1,33,15,2.8,12.332484958244084,0.0,7,31
1,33,16,2.8,11.555067271589206,0.0,7,31
1,33,17,2.8,10.214530746731656,0.0,7,31
1,33,18,3.0,9.775796891075057,0.0,7,31
1,33,19,3.0,10.336282622033279,0.0,7,31
1,33,20,2.8,11.420070939652515,0.0,7,31
1,33,21,2.8,10.191331269132066,0.0,7,31
1,33,22,2.0,12.87933770536202,0.0,4,31
2,33,1,2.8,12.474282519724737,0.0,7,31
2,33,2,2.8,10.443484552794379,0.0,7,31
2,33,3,3.6,8.895464011357506,0.125,7,31
2,33,4,2.8,9.782312705665582,0.0,7,31
2,33,5,2.8,10.301454891165985,0.0,7,31
2,33,6,2.8,9.373224398216074,0.0,7,31
2,33,7,2.8,17.446463054261407,0.0,7,31
2,33,8,2.8,10.507922565995456,0.0,7,31
2,33,9,2.8,11.44203408905699,0.0,7,31
2,33,10,2.8,12.895036567812907,0.0,7,31
2,33,11,2.8,7.944620984643743,0.0,7,31
2,33,12,2.8,13.344477879798003,0.0,7,31
2,33,13,2.8,11.245266640101823,0.0,7,31
2,33,14,2.8,10.394721390991522,0.0,7,31
2,33,15,2.8,9.27988121505497,0.0,7,31
2,33,16,2.8,11.140760469281968,0.0,7,31
2,33,17,2.8,10.851448760903843,0.0,7,31
2,33,18,2.8,11.056734769133092,0.0,7,31
2,33,19,3.0,9.618384772452558,0.0,7,31
2,33,20,3.0,8.631201074247095,0.0,7,31
2,33,21,2.8,8.661911898224075,0.0,7,31
2,33,22,2.0,12.433681215988639,0.0,5,31
3,33,1,2.8,10.379202676298316,0.0,7,31
3,33,2,2.8,11.88627983059653,0.0,7,31
3,33,3,2.8,9.851827776427639,0.0,7,31
3,33,4,2.8,8.181494570849832,0.0,7,31
3,33,5,2.8,9.56733239989489,0.0,7,31
3,33,6,2.8,9.242558006873528,0.0,7,31
3,33,7,2.8,9.705452117476883,0.0,7,31
3,33,8,2.8,11.69361596509551,0.0,7,31
3,33,9,2.8,11.601163622775255,0.0,7,31
3,33,10,2.8,10.066427168601106,0.0,7,31
3,33,11,2.8,11.242431134223665,0.0,7,31
3,33,12,3.0,10.704119756836214,0.0,7,31
3,33,13,2.8,10.213795716211694,0.0,7,31
3,33,14,3.0,9.993310782312403,0.0,7,31
3,33,15,2.8,10.774225498181288,0.0,7,31
3,33,16,2.8,9.797684931697107,0.0,7,31
3,33,17,2.8,13.919085221464274,0.0,7,31
3,33,18,2.8,10.40242188303821,0.0,7,31
3,33,19,2.8,12.924480773787428,0.0,7,31
3,33,20,2.8,10.403680729358378,0.0,7,31
3,33,21,2.8,8.786424546719802,0.0,7,31
3,33,22,2.8,9.289117860663048,0.0,7,31
1,34,1,4.4,7.917714873468514,0.0,7,31
1,34,2,3.0,11.505758698183346,0.0,7,31
1,34,3,2.8,13.526893060204431,0.0,7,31
1,34,4,3.0,9.135441499948659,0.0,7,31
1,34,5,2.8,12.536955674708938,0.0,7,31
1,34,6,2.8,11.41442640983326,0.0,7,31
1,34,7,2.8,10.020445823385126,0.0,7,31
1,34,8,2.8,10.40665767429906,0.0,7,31
1,34,9,2.8,11.848979502954254,0.0,7,31
1,34,10,2.8,11.408438751641802,0.0,7,31
1,34,11,2.8,15.929227983608152,0.0,7,31
1,34,12,2.8,12.992218416541416,0.0,7,31
1,34,13,2.8,11.635351416292437,0.0,7,31
1,34,14,2.8,11.19362196193209,0.0,7,31
1,34,15,2.8,13.403623620905652,0.0,7,31
1,34,16,2.8,9.315081494010013,0.0,7,31
1,34,17,2.8,10.59865826686587,0.0,7,31
1,34,18,2.8,9.015101429781323,0.0,7,31
1,34,19,3.0,10.07477665574023,0.0,7,31
1,34,20,2.8,10.058137304228744,0.0,7,31
1,34,21,2.8,10.641248339360084,0.0,7,31
1,34,22,2.0,13.49020201016794,0.0,5,31
2,34,1,2.8,15.09040736420626,0.0,7,31
2,34,2,2.8,10.233790460548647,0.0,7,31
2,34,3,3.0,11.619460923513346,0.0,7,31
2,34,4,2.8,10.442911093743126,0.0,7,31
2,34,5,3.2,8.090929122084578,0.0,7,31
2,34,6,2.8,10.965757795614062,0.0,7,31
2,34,7,3.0,12.211350768003765,0.0,7,31
2,34,8,2.8,10.330438800974152,0.0,7,31
2,34,9,2.8,10.11713764092515,0.0,7,31
2,34,10,2.8,12.94964168271897,0.0,7,31
2,34,11,2.8,9.499375314258277,0.0,7,31
2,34,12,2.8,13.059538537582807,0.0,7,31
2,34,13,2.8,10.601995157198006,0.0,7,31
2,34,14,2.8,9.890440244475997,0.0,7,31
2,34,15,2.8,10.025223129580837,0.0,7,31
2,34,16,2.8,11.518422520178314,0.0,7,31
2,34,17,2.8,10.149175559661046,0.0,7,31
2,34,18,2.8,11.580096646223346,0.0,7,31
2,34,19,2.8,11.61697487767225,0.0,7,31
2,34,20,2.8,9.968442244750577,0.0,7,31
2,34,21,2.8,8.660411573290508,0.0,7,31
2,34,22,2.4,10.4866029749878,0.0,6,31
3,34,1,2.8,10.054995608199642,0.0,7,31
3,34,2,2.8,10.872081509235407,0.0,7,31
3,34,3,2.8,11.45746575307589,0.0,7,31
3,34,4,2.8,9.161964398152294,0.0,7,31
3,34,5,2.8,9.36229909596214,0.0,7,31
3,34,6,2.8,9.228611945580692,0.0,7,31
3,34,7,2.8,10.106387828335082,0.0,7,31
3,34,8,2.8,10.691945975002701,0.0,7,31
3,34,9,2.8,13.290163770073349,0.0,7,31
3,34,10,2.8,11.128793864221514,0.0,7,31
3,34,11,2.8,11.079503954553573,0.0,7,31
3,34,12,2.8,10.983067204608613,0.0,7,31
3,34,13,2.8,9.470892584659504,0.0,7,31
3,34,14,2.8,10.166843033050265,0.0,7,31
3,34,15,2.8,11.546176804592946,0.0,7,31
3,34,16,2.8,10.022689723653043,0.0,7,31
3,34,17,2.8,13.766239476790757,0.0,7,31
3,34,18,2.8,11.065346874422538,0.0,7,31
3,34,19,2.8,10.254935445464538,0.0,7,31
3,34,20,2.8,10.88401299582421,0.0,7,31
3,34,21,2.8,9.867857461398643,0.0,7,31
3,34,22,2.8,11.105753414532138,0.0,7,31
1,35,1,4.2,8.962065980558032,0.0,7,31
1,35,2,3.2,10.810392684985363,0.0,7,31
1,35,3,2.8,11.66738222640483,0.0,7,31
1,35,4,2.8,9.273001221616894,0.0,7,31
1,35,5,2.8,12.011666197256195,0.0,7,31
1,35,6,2.8,11.141348690169327,0.0,7,31
1,35,7,2.8,10.29504449735027,0.0,7,31
1,35,8,2.8,9.054928922222446,0.0,7,31
1,35,9,2.8,12.686184349482664,0.0,7,31
1,35,10,2.8,10.16856108793607,0.0,7,31
1,35,11,2.8,12.779113220879598,0.0,7,31
1,35,12,2.8,16.64541681806506,0.0,7,31
1,35,13,2.8,9.720860651076338,0.0,7,31
1,35,14,2.8,12.818619956697576,0.0,7,31
1,35,15,2.8,13.80642044333748,0.0,7,31
1,35,16,2.8,11.979619019202968,0.0,7,31
1,35,17,2.8,12.023878663333257,0.0,7,31
1,35,18,2.8,10.63274745102511,0.0,7,31
1,35,19,2.8,11.016518863258437,0.0,7,31
1,35,20,2.8,10.913396843669297,0.0,7,31
1,35,21,2.8,9.833606376758508,0.0,7,31
1,35,22,2.4,12.406142995159117,0.0,6,31
2,35,1,2.8,14.280041269220884,0.0,7,31
2,35,2,2.8,9.870445649242768,0.0,7,31
2,35,3,3.2,10.638132776310778,0.0,7,31
2,35,4,3.0,10.669017152861732,0.0,7,31
2,35,5,2.8,9.500330457361168,0.0,7,31
2,35,6,2.8,10.753672221499139,0.0,7,31
2,35,7,3.0,11.456513853237691,0.0,7,31
2,35,8,2.8,10.454040369501843,0.0,7,31
2,35,9,2.8,12.292944594598685,0.0,7,31
2,35,10,2.8,14.147846562826723,0.0,7,31
2,35,11,2.8,7.685073076751391,0.0,7,31
2,35,12,2.8,14.017318509606884,0.0,7,31
2,35,13,2.8,11.265980534321406,0.0,7,31
2,35,14,2.8,12.247247585378355,0.0,7,31
2,35,15,2.8,9.046537176120495,0.0,7,31
2,35,16,2.8,12.232583099181216,0.0,7,31
2,35,17,2.8,9.999831159906241,0.0,7,31
2,35,18,2.8,11.941862208405883,0.0,7,31
2,35,19,3.0,10.963180475380033,0.0,7,31
2,35,20,2.8,8.275242765762902,0.0,7,31
2,35,21,2.8,8.396893397370828,0.0,7,31
2,35,22,2.2,13.801983085230644,0.0,5,31
3,35,1,2.8,9.207326321671994,0.0,7,31
3,35,2,2.8,11.210866210868764,0.0,7,31
3,35,3,2.8,11.65394976578061,0.0,7,31
3,35,4,2.8,9.04008601837651,0.0,7,31
3,35,5,2.8,9.478371566438623,0.0,7,31
3,35,6,2.8,8.958269943680028,0.0,7,31
3,35,7,2.8,9.583787046631794,0.0,7,31
3,35,8,2.8,11.139852116343917,0.0,7,31
3,35,9,2.8,14.983178029943204,0.0,7,31
3,35,10,2.8,10.949482749149766,0.0,7,31
3,35,11,2.8,11.649282728978745,0.0,7,31
3,35,12,2.8,10.51118008161674,0.0,7,31
3,35,13,2.8,9.441651607751046,0.0,7,31
3,35,14,2.8,10.7192179022637,0.0,7,31
3,35,15,2.8,12.363050459167395,0.0,7,31
3,35,16,2.8,11.448528974172639,0.0,7,31
3,35,17,2.8,11.755352865365621,0.0,7,31
3,35,18,3.0,8.76377011105198,0.0,7,31
3,35,19,2.8,16.007047471694868,0.0,7,31
3,35,20,2.8,10.04932857043101,0.0,7,31
3,35,21,2.8,8.64283733606239,0.0,7,31
3,35,22,2.8,11.874978234961926,0.0,7,31
1,36,1,4.4,8.0124644693386,0.0,7,31
1,36,2,3.2,11.453539062584065,0.0,7,31
1,36,3,3.0,11.968865574447898,0.0,7,31
1,36,4,3.0,9.412464875807512,0.0,7,31
1,36,5,2.8,11.05085653215975,0.0,7,31
1,36,6,2.8,9.7669851826195,0.0,7,31
1,36,7,2.8,12.378788873032796,0.0,7,31
1,36,8,2.8,10.127316057449638,0.0,7,31
1,36,9,2.8,13.765530514200087,0.0,7,31
1,36,10,2.8,9.571667170630388,0.0,7,31
1,36,11,2.8,14.409859474239108,0.0,7,31
1,36,12,2.8,12.18825805850412,0.0,7,31
1,36,13,2.8,11.09299526356993,0.0,7,31
1,36,14,2.8,11.429728513039827,0.0,7,31
1,36,15,2.8,14.595414422398536,0.0,7,31
1,36,16,2.8,8.91716627248942,0.0,7,31
1,36,17,2.8,8.687624871022724,0.0,7,31
1,36,18,2.8,10.573931986809095,0.0,7,31
1,36,19,2.8,9.652818003881826,0.0,7,31
1,36,20,2.8,9.898428933092527,0.0,7,31
1,36,21,2.8,10.364505238412487,0.0,7,31
1,36,22,2.25,13.001459762312711,0.0,4,31
2,36,1,3.2,12.002318498073095,0.0,7,31
2,36,2,3.2,8.987044815612633,0.0,7,31
2,36,3,3.2,9.207513618918593,0.0,7,31
2,36,4,3.2,8.452704906438324,0.0,7,31
2,36,5,2.8,10.859393674431814,0.0,7,31
2,36,6,2.8,10.034440808425273,0.0,7,31
2,36,7,2.8,13.613645350918095,0.0,7,31
2,36,8,2.8,11.521519172417799,0.0,7,31
2,36,9,2.8,10.946356549006069,0.0,7,31
2,36,10,2.8,13.637220009603825,0.0,7,31
2,36,11,2.8,9.359527213919236,0.0,7,31
2,36,12,2.8,14.377053189331166,0.0,7,31
2,36,13,2.8,12.928610749556203,0.0,7,31
2,36,14,2.8,10.007985961737305,0.0,7,31
2,36,15,2.8,8.646277498868402,0.0,7,31
2,36,16,2.8,13.985460624754587,0.0,7,31
2,36,17,2.8,12.071879119436087,0.0,7,31
2,36,18,2.8,11.526216723682396,0.0,7,31
2,36,19,2.8,9.839459721344838,0.0,7,31
2,36,20,2.8,8.915381152575478,0.0,7,31
2,36,21,2.8,9.042092773253497,0.0,7,31
2,36,22,2.0,21.54511929543067,0.0,4,31
3,36,1,2.8,9.908390032257286,0.0,7,31
3,36,2,2.8,10.589716237447748,0.0,7,31
3,36,3,2.8,10.714793661805237,0.0,7,31
3,36,4,2.8,9.287174016683316,0.0,7,31
3,36,5,2.8,9.86039595858377,0.0,7,31
3,36,6,2.8,9.132155616811392,0.0,7,31
3,36,7,2.8,8.913372471358468,0.0,7,31
3,36,8,2.8,12.158541393819672,0.0,7,31
3,36,9,2.8,12.843623250919963,0.0,7,31
3,36,10,2.8,12.726635756915865,0.0,7,31
3,36,11,2.8,9.601129144712479,0.0,7,31
3,36,12,3.0,10.255408532395554,0.0,7,31
3,36,13,2.8,10.494196578750193,0.0,7,31
3,36,14,3.0,8.902374206008057,0.0,7,31
3,36,15,2.8,10.889321739456387,0.0,7,31
3,36,16,2.8,9.924877462866437,0.0,7,31
3,36,17,2.8,13.342167749863563,0.0,7,31
3,36,18,2.8,10.806789952170389,0.0,7,31
3,36,19,2.8,12.30063822508717,0.0,7,31
3,36,20,2.8,11.286842612415061,0.0,7,31
3,36,21,2.8,8.96676747933502,0.0,7,31
3,36,22,2.8,9.055314928427736,0.0,7,31
1,37,1,4.2,8.307262719192511,0.0,7,31
1,37,2,3.4,11.482150622256372,0.0,7,31
1,37,3,3.0,12.186712250358521,0.0,7,31
1,37,4,3.0,9.325072067016015,0.0,7,31
1,37,5,2.8,11.153122539548537,0.0,7,31
1,37,6,2.8,10.318906311238722,0.0,7,31
1,37,7,2.8,11.020479272626757,0.0,7,31
1,37,8,2.8,10.247873785144167,0.0,7,31
1,37,9,2.8,13.548878258105637,0.0,7,31
1,37,10,2.8,10.654800075962418,0.0,7,31
1,37,11,2.8,14.040537584534144,0.0,7,31
1,37,12,2.8,10.869212346107792,0.0,7,31
1,37,13,2.8,12.952843116017423,0.0,7,31
1,37,14,2.8,12.548367309445652,0.0,7,31
1,37,15,2.8,15.616677721071902,0.0,7,31
1,37,16,2.8,10.557562253845521,0.0,7,31
1,37,17,2.8,9.191152751262255,0.0,7,31
1,37,18,2.8,11.458620541514751,0.0,7,31
1,37,19,3.0,10.127818926875387,0.0,7,31
1,37,20,2.8,10.747906543037779,0.0,7,31
1,37,21,2.8,11.493701690980838,0.0,7,31
1,37,22,2.0,15.535669890132583,0.0,4,31
2,37,1,2.8,13.612600316455941,0.0,7,31
2,37,2,2.8,11.37586719398559,0.0,7,31
2,37,3,3.6,9.217201701848309,0.125,7,31
2,37,4,2.8,10.76360191824756,0.0,7,31
2,37,5,2.8,9.933375829370028,0.0,7,31
2,37,6,2.8,9.067505338579721,0.0,7,31
2,37,7,3.0,12.616130629697418,0.0,7,31
2,37,8,2.8,10.561836693895948,0.0,7,31
2,37,9,2.8,10.847862954593493,0.0,7,31
2,37,10,2.8,13.069383503962767,0.0,7,31
2,37,11,2.8,8.468677896507005,0.0,7,31
2,37,12,2.8,11.164004870385748,0.0,7,31
2,37,13,2.8,13.278844589163759,0.0,7,31
2,37,14,2.8,9.969615205439409,0.0,7,31
2,37,15,2.8,9.521651296941707,0.0,7,31
2,37,16,2.8,12.47442247596345,0.0,7,31
2,37,17,2.8,10.308151866979578,0.0,7,31
2,37,18,2.8,11.899484466357348,0.0,7,31
2,37,19,2.8,11.832262112487008,0.0,7,31
2,37,20,2.8,9.27969018485468,0.0,7,31
2,37,21,2.8,8.24965510091968,0.0,7,31
2,37,22,2.2,13.739970436059057,0.0,5,31
3,37,1,2.8,10.005647406124481,0.0,7,31
3,37,2,2.8,11.932660416170757,0.0,7,31
3,37,3,2.8,10.5122149844484,0.0,7,31
3,37,4,2.8,9.91981830435369,0.0,7,31
3,37,5,2.8,8.951234837411416,0.0,7,31
3,37,6,2.8,11.085253120964587,0.0,7,31
3,37,7,2.8,9.72087779523719,0.0,7,31
3,37,8,2.8,11.76107499646147,0.0,7,31
3,37,9,2.8,10.38040314077819,0.0,7,31
3,37,10,2.8,11.251633330098551,0.0,7,31
3,37,11,2.8,11.325704951039768,0.0,7,31
3,37,12,3.0,10.704119756836125,0.0,7,31
3,37,13,2.8,10.248023618275276,0.0,7,31
3,37,14,2.8,10.627845507419664,0.0,7,31
3,37,15,2.8,12.079039204583463,0.0,7,31
3,37,16,2.8,10.203060013139137,0.0,7,31
3,37,17,2.8,11.878073793370943,0.0,7,31
3,37,18,2.8,10.402061220416517,0.0,7,31
3,37,19,2.8,13.439392173636662,0.0,7,31
3,37,20,2.8,12.120487774638725,0.0,7,31
3,37,21,2.8,9.299933915091314,0.0,7,31
3,37,22,2.8,10.365559201443084,0.0,7,31
1,38,1,4.0,9.980767214828164,0.0,7,31
1,38,2,3.2,10.02641141166977,0.0,7,31
1,38,3,2.8,14.62617109966043,0.0,7,31
1,38,4,3.2,8.545664548252903,0.0,7,31
1,38,5,3.0,11.786118591163811,0.0,7,31
1,38,6,2.8,9.77589670734168,0.0,7,31
1,38,7,2.8,10.58556071410658,0.0,7,31
1,38,8,2.8,10.541249671813292,0.0,7,31
1,38,9,2.8,11.689103691920154,0.0,7,31
1,38,10,2.8,11.137297621530553,0.0,7,31
1,38,11,2.8,13.392756553070168,0.0,7,31
1,38,12,2.8,13.791601041267365,0.0,7,31
1,38,13,2.8,10.49274180724967,0.0,7,31
1,38,14,2.8,10.689713987985758,0.0,7,31
1,38,15,2.8,12.434273734136584,0.0,7,31
1,38,16,2.8,10.034930026271882,0.0,7,31
1,38,17,2.8,10.610201182721909,0.0,7,31
1,38,18,2.8,10.785142132377771,0.0,7,31
1,38,19,2.8,11.59192856587444,0.0,7,31
1,38,20,2.8,10.514432204421155,0.0,7,31
1,38,21,2.8,11.471821097933404,0.0,7,31
1,38,22,2.0,12.330815055463129,0.0,5,31
2,38,1,2.8,13.922470945291485,0.0,7,31
2,38,2,2.8,10.64339772244418,0.0,7,31
2,38,3,3.6,8.57133822196377,0.125,7,31
2,38,4,2.8,9.42068775070565,0.0,7,31
2,38,5,2.8,10.946775951807442,0.0,7,31
2,38,6,2.8,10.167946800986938,0.0,7,31
2,38,7,3.0,11.351676856666849,0.0,7,31
2,38,8,2.8,10.20923401885159,0.0,7,31
2,38,9,2.8,12.335639748360885,0.0,7,31
2,38,10,2.8,11.161354428922607,0.0,7,31
2,38,11,2.8,9.957781694707698,0.0,7,31
2,38,12,2.8,12.409876085103026,0.0,7,31
2,38,13,2.8,12.366010566720195,0.0,7,31
2,38,14,2.8,10.536385373275131,0.0,7,31
2,38,15,2.8,9.404522945687969,0.0,7,31
2,38,16,2.8,14.280224678262087,0.0,7,31
2,38,17,2.8,11.510993051043062,0.0,7,31
2,38,18,2.8,10.8062129995748,0.0,7,31
2,38,19,2.8,11.809415638125872,0.0,7,31
2,38,20,3.0,8.170014101095573,0.0,7,31
2,38,21,2.8,10.02488539720453,0.0,7,31
2,38,22,2.0,13.935126512862904,0.0,5,31
3,38,1,2.8,9.449149644122318,0.0,7,31
3,38,2,2.8,10.269653140312327,0.0,7,31
3,38,3,2.8,9.199793303253662,0.0,7,31
3,38,4,2.8,9.840020174990281,0.0,7,31
3,38,5,2.8,8.886208030110877,0.0,7,31
3,38,6,2.8,9.545481041637842,0.0,7,31
3,38,7,2.8,9.421393787966869,0.0,7,31
3,38,8,2.8,9.63122351042292,0.0,7,31
3,38,9,2.8,14.0213968956555,0.0,7,31
3,38,10,2.8,11.978856795354515,0.0,7,31
3,38,11,2.8,9.880311821944328,0.0,7,31
3,38,12,3.6,9.175738054384164,0.125,7,31
3,38,13,2.8,9.893121062208849,0.0,7,31
3,38,14,2.8,10.115927916348294,0.0,7,31
3,38,15,2.8,14.172625021666937,0.0,7,31
3,38,16,2.8,11.546069379284926,0.0,7,31
3,38,17,2.8,12.294220473267716,0.0,7,31
3,38,18,2.8,10.110582149536082,0.0,7,31
3,38,19,2.8,11.139740504383083,0.0,7,31
3,38,20,2.8,11.78013387697028,0.0,7,31
3,38,21,2.8,8.152358476533676,0.0,7,31
3,38,22,2.8,10.698828327674356,0.0,7,31
1,39,1,4.4,8.992974936014006,0.0,7,31
1,39,2,3.2,9.764631653764745,0.0,7,31
1,39,3,2.8,11.479750864464574,0.0,7,31
1,39,4,3.2,9.818113073056923,0.0,7,31
1,39,5,2.8,10.330930528771857,0.0,7,31
1,39,6,2.8,10.077318199726324,0.0,7,31
1,39,7,2.8,11.46062549607194,0.0,7,31
1,39,8,2.8,11.700408553523015,0.0,7,31
1,39,9,2.8,14.355816168767884,0.0,7,31
1,39,10,2.8,11.272678457404213,0.0,7,31
1,39,11,2.8,11.81139075883831,0.0,7,31
1,39,12,2.8,12.042119537711786,0.0,7,31
1,39,13,2.8,12.815113778639846,0.0,7,31
1,39,14,2.8,10.872909160984017,0.0,7,31
1,39,15,2.8,15.338426940127851,0.0,7,31
1,39,16,2.8,9.676039532853105,0.0,7,31
1,39,17,2.8,8.103491362862306,0.0,7,31
1,39,18,3.0,8.66476922830891,0.0,7,31
1,39,19,2.8,13.620323548746224,0.0,7,31
1,39,20,2.8,10.065693435746718,0.0,7,31
1,39,21,2.8,10.088955481385009,0.0,7,31
1,39,22,2.0,17.076542963403917,0.0,4,31
2,39,1,2.8,12.080072112736678,0.0,7,31
2,39,2,2.8,8.959515957370206,0.0,7,31
2,39,3,3.0,12.947765144855364,0.0,7,31
2,39,4,3.4,8.161261640064382,0.0,7,31
2,39,5,3.0,9.180591477450262,0.0,7,31
2,39,6,2.8,10.631311679610002,0.0,7,31
2,39,7,2.8,13.309930629774598,0.0,7,31
2,39,8,2.8,11.451748044829683,0.0,7,31
2,39,9,2.8,10.112487634848932,0.0,7,31
2,39,10,2.8,12.159936389445015,0.0,7,31
2,39,11,2.8,8.330264335004415,0.0,7,31
2,39,12,2.8,11.697816241498963,0.0,7,31
2,39,13,2.8,12.72624133444896,0.0,7,31
2,39,14,2.8,10.55456793650125,0.0,7,31
2,39,15,2.8,9.151236440413172,0.0,7,31
2,39,16,2.8,13.316382358657725,0.0,7,31
2,39,17,2.8,10.857110102801121,0.0,7,31
2,39,18,2.8,10.126332912567444,0.0,7,31
2,39,19,3.0,9.58772644809953,0.0,7,31
2,39,20,2.8,8.280736308346956,0.0,7,31
2,39,21,2.8,8.686516276508423,0.0,7,31
2,39,22,2.0,14.705762525950371,0.0,5,31
3,39,1,2.8,8.31823555751986,0.0,7,31
3,39,2,2.8,11.335534332721622,0.0,7,31
3,39,3,2.8,9.485141328821253,0.0,7,31
3,39,4,2.8,11.817313417509421,0.0,7,31
3,39,5,2.8,8.295620297703419,0.0,7,31
3,39,6,2.8,9.17324603868979,0.0,7,31
3,39,7,2.8,9.72087779523719,0.0,7,31
3,39,8,2.8,10.418742438576622,0.0,7,31
3,39,9,2.8,12.579459907315309,0.0,7,31
3,39,10,2.8,11.441062758223763,0.0,7,31
3,39,11,2.8,11.201251755508338,0.0,7,31
3,39,12,3.0,11.960026368676093,0.0,7,31
3,39,13,3.0,9.09707801867399,0.0,7,31
3,39,14,2.8,10.08405470482677,0.0,7,31
3,39,15,2.8,11.953431512054973,0.0,7,31
3,39,16,2.8,9.319925898490059,0.0,7,31
3,39,17,2.8,13.919085221464274,0.0,7,31
3,39,18,2.8,10.126839548545943,0.0,7,31
3,39,19,2.8,14.117819459786212,0.0,7,31
3,39,20,2.8,11.586181989576696,0.0,7,31
3,39,21,2.8,8.875680020756967,0.0,7,31
3,39,22,2.8,9.219108453253254,0.0,7,31
1,40,1,4.2,8.25039425054975,0.0,7,31
1,40,2,3.0,10.81121574010172,0.0,7,31
1,40,3,2.8,15.571006660867015,0.0,7,31
1,40,4,3.2,7.465752290220247,0.0,7,31
1,40,5,2.8,14.057787884810717,0.0,7,31
1,40,6,2.8,10.267014956270314,0.0,7,31
1,40,7,2.8,11.738103121287256,0.0,7,31
1,40,8,2.8,10.442725837203449,0.0,7,31
1,40,9,2.8,15.792746100909744,0.0,7,31
1,40,10,2.8,10.476259952790643,0.0,7,31
1,40,11,2.8,15.887231605540599,0.0,7,31
1,40,12,2.8,13.826929079856566,0.0,7,31
1,40,13,2.8,12.078463590306253,0.0,7,31
1,40,14,2.8,12.289369094169711,0.0,7,31
1,40,15,2.8,13.463517112038872,0.0,7,31
1,40,16,2.8,10.249899714331955,0.0,7,31
1,40,17,2.8,13.055638519572582,0.0,7,31
1,40,18,2.8,9.264582652900334,0.0,7,31
1,40,19,3.0,9.892840916529652,0.0,7,31
1,40,20,3.0,10.998309294926209,0.0,7,31
1,40,21,2.8,9.80782706107063,0.0,7,31
1,40,22,2.25,10.64690745608714,0.0,4,31
2,40,1,2.8,13.34527859618452,0.0,7,31
2,40,2,2.8,10.443484552794422,0.0,7,31
2,40,3,3.6,8.094873252563673,0.125,7,31
2,40,4,2.8,9.152823774702128,0.0,7,31
2,40,5,2.8,10.442157382294628,0.0,7,31
2,40,6,2.8,10.167946800986979,0.0,7,31
2,40,7,2.8,14.542631419326636,0.0,7,31
2,40,8,2.8,9.911897259332116,0.0,7,31
2,40,9,2.8,11.399382270733847,0.0,7,31
2,40,10,2.8,12.840890029035197,0.0,7,31
2,40,11,2.8,7.685073076751436,0.0,7,31
2,40,12,2.8,15.790622875212017,0.0,7,31
2,40,13,2.8,10.732221325357862,0.0,7,31
2,40,14,2.8,11.936518068693937,0.0,7,31
2,40,15,2.8,10.330005690059862,0.0,7,31
2,40,16,2.8,12.08752901722987,0.0,7,31
2,40,17,2.8,11.250675211152075,0.0,7,31
2,40,18,2.8,11.493054291056156,0.0,7,31
2,40,19,3.0,11.163282498066549,0.0,7,31
2,40,20,2.8,9.251616198760539,0.0,7,31
2,40,21,2.8,9.275575085522162,0.0,7,31
2,40,22,2.2,15.717277647884117,0.0,5,31
3,40,1,2.8,8.273227613074251,0.0,7,31
3,40,2,2.8,10.30425707280744,0.0,7,31
3,40,3,2.8,10.299779813460631,0.0,7,31
3,40,4,2.8,9.57805401614253,0.0,7,31
3,40,5,2.8,10.613264254908485,0.0,7,31
3,40,6,2.8,9.681470313038181,0.0,7,31
3,40,7,2.8,9.421393787966936,0.0,7,31
3,40,8,2.8,11.560993156349296,0.0,7,31
3,40,9,2.8,11.055917376311685,0.0,7,31
3,40,10,2.8,10.73802017985366,0.0,7,31
3,40,11,2.8,11.87547256536023,0.0,7,31
3,40,12,3.0,10.412544404940226,0.0,7,31
3,40,13,3.0,9.333070622901534,0.0,7,31
3,40,14,2.8,9.71562325529697,0.0,7,31
3,40,15,2.8,12.414426121241998,0.0,7,31
3,40,16,2.8,10.3796504341814,0.0,7,31
3,40,17,2.8,14.794485988257733,0.0,7,31
3,40,18,3.0,9.317415914786123,0.0,7,31
3,40,19,2.8,13.161757330146639,0.0,7,31
3,40,20,2.8,8.986066559779287,0.0,7,31
3,40,21,2.8,9.093113007011633,0.0,7,31
3,40,22,2.8,10.227103301980186,0.0,7,31
1,41,1,4.2,8.766499469122836,0.0,7,31
1,41,2,3.2,9.823510947553018,0.0,7,31
1,41,3,2.8,14.030822886283524,0.0,7,31
1,41,4,3.0,9.1078266191398,0.0,7,31
1,41,5,3.0,10.33124621844025,0.0,7,31
1,41,6,2.8,10.206394764755958,0.0,7,31
1,41,7,2.8,10.85245468681595,0.0,7,31
1,41,8,2.8,10.133540911649924,0.0,7,31
1,41,9,2.8,13.113595306538205,0.0,7,31
1,41,10,2.8,10.589305617755318,0.0,7,31
1,41,11,2.8,12.741449858826183,0.0,7,31
1,41,12,2.8,14.453172481486149,0.0,7,31
1,41,13,2.8,10.420165896752316,0.0,7,31
1,41,14,2.8,11.123836435255749,0.0,7,31
1,41,15,2.8,12.207568788015408,0.0,7,31
1,41,16,2.8,10.507363602455953,0.0,7,31
1,41,17,2.8,10.723488117436338,0.0,7,31
1,41,18,3.0,10.364271712945259,0.0,7,31
1,41,19,3.0,9.76669592049223,0.0,7,31
1,41,20,2.8,10.903484498840937,0.0,7,31
1,41,21,2.8,9.988616044946399,0.0,7,31
1,41,22,2.0,13.960987202411513,0.0,4,31
2,41,1,2.8,13.316222872296343,0.0,7,31
2,41,2,2.8,9.400165182569696,0.0,7,31
2,41,3,3.2,10.420630577126522,0.0,7,31
2,41,4,2.8,9.690381557377878,0.0,7,31
2,41,5,2.8,10.388525412377506,0.0,7,31
2,41,6,2.8,11.556474539994433,0.0,7,31
2,41,7,2.8,12.171092318222984,0.0,7,31
2,41,8,2.8,10.843950186324832,0.0,7,31
2,41,9,2.8,11.864029579867891,0.0,7,31
2,41,10,2.8,14.094507457328568,0.0,7,31
2,41,11,2.8,9.965181447118225,0.0,7,31
2,41,12,2.8,12.918216909675863,0.0,7,31
2,41,13,2.8,10.738283636189701,0.0,7,31
2,41,14,2.8,10.514479238458748,0.0,7,31
2,41,15,2.8,9.484878944754646,0.0,7,31
2,41,16,2.8,11.03258462116745,0.0,7,31
2,41,17,2.8,12.048275390303246,0.0,7,31
2,41,18,2.8,10.31692096250275,0.0,7,31
2,41,19,3.0,11.924071829643228,0.0,7,31
2,41,20,2.8,9.382761146374408,0.0,7,31
2,41,21,2.8,9.33062968191708,0.0,7,31
2,41,22,2.6,11.18502216508468,0.0,6,31
3,41,1,2.8,10.274585605035947,0.0,7,31
3,41,2,2.8,10.608083492303857,0.0,7,31
3,41,3,2.8,11.500554149390036,0.0,7,31
3,41,4,2.8,9.25905479903852,0.0,7,31
3,41,5,2.8,9.522644218993118,0.0,7,31
3,41,6,2.8,9.45692422854039,0.0,7,31
3,41,7,2.8,9.264412202313057,0.0,7,31
3,41,8,2.8,11.560993156349296,0.0,7,31
3,41,9,2.8,12.227375903093918,0.0,7,31
3,41,10,2.8,10.929915336598578,0.0,7,31
3,41,11,2.8,11.671513235212961,0.0,7,31
3,41,12,3.0,10.053126020381686,0.0,7,31
3,41,13,2.8,9.899683323721357,0.0,7,31
3,41,14,2.8,9.579179711317469,0.0,7,31
3,41,15,2.8,12.812876946213061,0.0,7,31
3,41,16,2.8,10.411483815925198,0.0,7,31
3,41,17,2.8,14.160681418466211,0.0,7,31
3,41,18,2.8,10.419782744502049,0.0,7,31
3,41,19,2.8,11.805155709772842,0.0,7,31
3,41,20,2.8,11.027786495468197,0.0,7,31
3,41,21,2.8,9.713491766370886,0.0,7,31
3,41,22,2.8,10.562472022055832,0.0,7,31
1,42,1,4.0,9.553538127155804,0.0,7,31
1,42,2,3.6,10.694957179063488,0.0,7,31
1,42,3,2.8,13.246150986344237,0.0,7,31
1,42,4,3.0,8.767908522144744,0.0,7,31
1,42,5,2.8,10.84204479687411,0.0,7,31
1,42,6,2.8,10.189137234017583,0.0,7,31
1,42,7,2.8,9.810085277843546,0.0,7,31
1,42,8,2.8,9.479930280925723,0.0,7,31
1,42,9,2.8,13.83623151896353,0.0,7,31
1,42,10,2.8,10.778715828305685,0.0,7,31
1,42,11,2.8,11.264723709901961,0.0,7,31
1,42,12,2.8,15.902553353043354,0.0,7,31
1,42,13,2.8,11.0103770335823,0.0,7,31
1,42,14,2.8,11.185782124131093,0.0,7,31
1,42,15,2.8,16.39153582632169,0.0,7,31
1,42,16,2.8,9.51219920582291,0.0,7,31
1,42,17,2.8,10.077869301031825,0.0,7,31
1,42,18,2.8,9.99781952157624,0.0,7,31
1,42,19,2.8,9.462286833343699,0.0,7,31
1,42,20,3.0,9.799934204146323,0.0,7,31
1,42,21,3.0,10.592527468929324,0.0,7,31
1,42,22,2.0,14.59498833725713,0.0,4,31
2,42,1,2.8,13.859373335270917,0.0,7,31
2,42,2,2.8,9.606878676201621,0.0,7,31
2,42,3,3.6,8.105601240775945,0.125,7,31
2,42,4,2.8,8.587377518531996,0.0,7,31
2,42,5,2.8,11.567910074032945,0.0,7,31
2,42,6,2.8,9.593766972112894,0.0,7,31
2,42,7,2.8,11.839989303429528,0.0,7,31
2,42,8,2.8,10.901232354449062,0.0,7,31
2,42,9,2.8,10.833988871241418,0.0,7,31
2,42,10,2.8,13.345221920757226,0.0,7,31
2,42,11,2.8,7.832702835743429,0.0,7,31
2,42,12,2.8,12.867214567944734,0.0,7,31
2,42,13,2.8,9.89849586591825,0.0,7,31
2,42,14,2.8,11.488104214533482,0.0,7,31
2,42,15,2.8,9.2939827789834,0.0,7,31
2,42,16,2.8,11.305507611758564,0.0,7,31
2,42,17,2.8,9.473217531268283,0.0,7,31
2,42,18,2.8,11.364916872037918,0.0,7,31
2,42,19,2.8,13.698485273907972,0.0,7,31
2,42,20,2.8,8.80589923905195,0.0,7,31
2,42,21,2.8,9.58315029047782,0.0,7,31
2,42,22,2.4,10.522686958204599,0.0,6,31
3,42,1,2.8,9.704018195443044,0.0,7,31
3,42,2,2.8,10.719639083748584,0.0,7,31
3,42,3,2.8,9.741981547046072,0.0,7,31
3,42,4,2.8,9.593077069699143,0.0,7,31
3,42,5,2.8,8.964354569815063,0.0,7,31
3,42,6,2.8,9.774303096124477,0.0,7,31
3,42,7,2.8,9.085502790339287,0.0,7,31
3,42,8,2.8,10.805281771892567,0.0,7,31
3,42,9,2.8,12.502316866870565,0.0,7,31
3,42,10,2.8,11.816848195208355,0.0,7,31
3,42,11,2.8,10.654870531584704,0.0,7,31
3,42,12,2.8,11.328914071064467,0.0,7,31
3,42,13,2.8,9.63501157514715,0.0,7,31
3,42,14,2.8,10.133154370247551,0.0,7,31
3,42,15,2.8,10.660657806171995,0.0,7,31
3,42,16,2.8,11.11561936050613,0.0,7,31
3,42,17,2.8,12.398783150679456,0.0,7,31
3,42,18,3.0,9.035660061161925,0.0,7,31
3,42,19,2.8,11.34529143618511,0.0,7,31
3,42,20,2.8,10.681128675571546,0.0,7,31
3,42,21,2.8,9.371181015403982,0.0,7,31
3,42,22,2.8,11.851966665305802,0.0,7,31
1,43,1,4.2,8.792080423341512,0.0,7,31
1,43,2,3.2,11.068525656108415,0.0,7,31
1,43,3,2.8,14.399627170348765,0.0,7,31
1,43,4,3.0,8.789014332017345,0.0,7,31
1,43,5,3.0,10.313564259704805,0.0,7,31
1,43,6,2.8,11.970253710297934,0.0,7,31
1,43,7,2.8,11.133155170473664,0.0,7,31
1,43,8,2.8,9.12120160942442,0.0,7,31
1,43,9,2.8,12.136398141782701,0.0,7,31
1,43,10,2.8,12.02638357736213,0.0,7,31
1,43,11,2.8,13.101575980128382,0.0,7,31
1,43,12,2.8,15.143261456534011,0.0,7,31
1,43,13,2.8,11.493376374035659,0.0,7,31
1,43,14,2.8,11.16505704563118,0.0,7,31
1,43,15,2.8,13.769671833564411,0.0,7,31
1,43,16,2.8,9.393575702661348,0.0,7,31
1,43,17,2.8,9.720236681054873,0.0,7,31
1,43,18,2.8,11.505889381487446,0.0,7,31
1,43,19,3.2,8.839880587457042,0.0,7,31
1,43,20,2.8,10.92324900768426,0.0,7,31
1,43,21,2.8,9.857894148752395,0.0,7,31
2,43,1,3.0,12.227517370472798,0.0,7,31
2,43,2,2.8,10.33899927375003,0.0,7,31
2,43,3,3.4,9.228512115778566,0.0,7,31
2,43,4,3.4,8.378447479086029,0.0,7,31
2,43,5,2.8,10.37446010637834,0.0,7,31
2,43,6,2.8,9.300279410784556,0.0,7,31
2,43,7,3.0,11.340917091223382,0.0,7,31
2,43,8,2.8,11.69780900280831,0.0,7,31
2,43,9,2.8,10.965982926843628,0.0,7,31
2,43,10,2.8,11.796088138708319,0.0,7,31
2,43,11,2.8,11.316405727285144,0.0,7,31
2,43,12,2.8,11.423284093628434,0.0,7,31
2,43,13,2.8,10.141670243776536,0.0,7,31
2,43,14,2.8,11.827178630978493,0.0,7,31
2,43,15,2.8,9.15079422191592,0.0,7,31
2,43,16,2.8,12.127465294974119,0.0,7,31
2,43,17,2.8,11.861177347957414,0.0,7,31
2,43,18,2.8,10.165972029987204,0.0,7,31
2,43,19,2.8,12.120938035064645,0.0,7,31
2,43,20,2.8,9.45276732859462,0.0,7,31
2,43,21,2.8,8.294110017790107,0.0,7,31
2,43,22,2.0,20.12709706366677,0.0,4,31
3,43,1,2.8,9.567399225046591,0.0,7,31
3,43,2,2.8,11.210866210868764,0.0,7,31
3,43,3,2.8,10.440436237797865,0.0,7,31
3,43,4,2.8,8.780521184403717,0.0,7,31
3,43,5,2.8,9.111251508853767,0.0,7,31
3,43,6,2.8,9.53060657638009,0.0,7,31
3,43,7,2.8,9.893854122374057,0.0,7,31
3,43,8,2.8,11.47423667313344,0.0,7,31
3,43,9,2.8,12.843623250919713,0.0,7,31
3,43,10,2.8,13.164939797854679,0.0,7,31
3,43,11,2.8,10.47243110900676,0.0,7,31
3,43,12,2.8,12.536416578986962,0.0,7,31
3,43,13,2.8,9.980926069699319,0.0,7,31
3,43,14,2.8,9.87147487938014,0.0,7,31
3,43,15,2.8,12.938427903329897,0.0,7,31
3,43,16,2.8,12.762450567605164,0.0,7,31
3,43,17,2.8,13.287710266750942,0.0,7,31
3,43,18,3.0,10.195452021717719,0.0,7,31
3,43,19,2.8,12.7661463209296,0.0,7,31
3,43,20,2.8,11.376500145231153,0.0,7,31
3,43,21,2.8,9.428969532549521,0.0,7,31
3,43,22,2.8,11.452494949162254,0.0,7,31
1,44,1,4.0,9.583926440118114,0.0,7,31
1,44,2,2.8,12.31894255637339,0.0,7,31
1,44,3,3.0,13.162765444782664,0.0,7,31
1,44,4,2.8,9.06570738264041,0.0,7,31
1,44,5,2.8,13.915035344752152,0.0,7,31
1,44,6,2.8,10.025811518757466,0.0,7,31
1,44,7,2.8,10.17717405888595,0.0,7,31
1,44,8,2.8,10.055175820701661,0.0,7,31
1,44,9,2.8,11.444029737947716,0.0,7,31
1,44,10,2.8,11.165552788092944,0.0,7,31
1,44,11,2.8,13.547909268810642,0.0,7,31
1,44,12,2.8,12.585204500863586,0.0,7,31
1,44,13,2.8,9.881873759388261,0.0,7,31
1,44,14,2.8,14.616900286578522,0.0,7,31
1,44,15,2.8,10.916174969678211,0.0,7,31
1,44,16,2.8,12.305688871706996,0.0,7,31
1,44,17,2.8,10.890747416842858,0.0,7,31
1,44,18,2.8,8.864117370379391,0.0,7,31
1,44,19,2.8,9.269962861550649,0.0,7,31
1,44,20,2.8,12.533801343827795,0.0,7,31
1,44,21,2.8,9.796759783230954,0.0,7,31
1,44,22,2.8,10.194255634543243,0.0,7,31
2,44,1,2.8,13.287293395452895,0.0,7,31
2,44,2,2.8,9.188335608058436,0.0,7,31
2,44,3,3.6,9.000184828454493,0.125,7,31
2,44,4,2.8,9.613181261220086,0.0,7,31
2,44,5,2.8,10.284133241132897,0.0,7,31
2,44,6,2.8,9.148887715079505,0.0,7,31
2,44,7,2.8,14.20487515070539,0.0,7,31
2,44,8,2.8,12.01480531824156,0.0,7,31
2,44,9,2.8,11.886789036646155,0.0,7,31
2,44,10,2.8,13.116267490177462,0.0,7,31
2,44,11,2.8,8.714354348408541,0.0,7,31
2,44,12,2.8,14.017318509606884,0.0,7,31
2,44,13,2.8,10.547146395095277,0.0,7,31
2,44,14,2.8,10.102825731843597,0.0,7,31
2,44,15,2.8,9.393906625226943,0.0,7,31
2,44,16,3.0,11.152008509339899,0.0,7,31
2,44,17,2.8,11.510993051043062,0.0,7,31
2,44,18,2.8,11.368635786746978,0.0,7,31
2,44,19,2.8,10.212224854317984,0.0,7,31
2,44,20,3.0,8.269431864528254,0.0,7,31
2,44,21,2.8,9.630264010358397,0.0,7,31
2,44,22,2.0,14.496626548734966,0.0,5,31
3,44,1,2.8,8.217648000946447,0.0,7,31
3,44,2,2.8,11.29367135294491,0.0,7,31
3,44,3,2.8,10.369631072311716,0.0,7,31
3,44,4,2.8,10.33904321089063,0.0,7,31
3,44,5,2.8,9.01722035660364,0.0,7,31
3,44,6,2.8,10.130476389184626,0.0,7,31
3,44,7,2.8,10.61506176201029,0.0,7,31
3,44,8,2.8,10.921046054687281,0.0,7,31
3,44,9,2.8,10.859612044762134,0.0,7,31
3,44,10,2.8,11.008607626260822,0.0,7,31
3,44,11,2.8,9.723237730846126,0.0,7,31
3,44,12,2.8,11.002825563459298,0.0,7,31
3,44,13,2.8,10.476739135190899,0.0,7,31
3,44,14,2.8,9.386670434394379,0.0,7,31
3,44,15,2.8,12.749628729980994,0.0,7,31
3,44,16,2.8,10.559098429850941,0.0,7,31
3,44,17,2.8,13.173231363332963,0.0,7,31
3,44,18,2.8,10.014487166679919,0.0,7,31
3,44,19,2.8,10.537630947156105,0.0,7,31
3,44,20,2.8,12.382407049649014,0.0,7,31
3,44,21,2.8,8.30090089658049,0.0,7,31
3,44,22,2.8,10.371292773021636,0.0,7,31
1,45,1,4.0,10.539362314324247,0.0,7,31
1,45,2,3.6,10.346076267434874,0.0,7,31
1,45,3,2.8,11.725461511502468,0.0,7,31
1,45,4,3.2,7.591689254080788,0.0,7,31
1,45,5,2.8,9.683483074127277,0.0,7,31
1,45,6,2.8,10.4986846833747,0.0,7,31
1,45,7,2.8,9.980127287868246,0.0,7,31
1,45,8,2.8,12.003390818163544,0.0,7,31
1,45,9,2.8,11.527284701782625,0.0,7,31
1,45,10,2.8,10.635994255693099,0.0,7,31
1,45,11,2.8,13.535922240893335,0.0,7,31
1,45,12,2.8,11.829366479289188,0.0,7,31
1,45,13,2.8,12.952843116017391,0.0,7,31
1,45,14,2.8,11.561300286500694,0.0,7,31
1,45,15,2.8,14.250264144548108,0.0,7,31
1,45,16,2.8,10.881660458084733,0.0,7,31
1,45,17,2.8,9.51027312825642,0.0,7,31
1,45,18,3.2,8.95120908851044,0.0,7,31
1,45,19,3.0,9.551882689267455,0.0,7,31
1,45,20,2.8,9.48244146801556,0.0,7,31
1,45,21,2.8,10.554871266874173,0.0,7,31
2,45,1,2.8,13.612600316456012,0.0,7,31
2,45,2,2.8,10.199657410239597,0.0,7,31
2,45,3,3.8,8.670068165804595,0.125,7,31
2,45,4,2.8,10.360479494181638,0.0,7,31
2,45,5,2.8,9.62838913179543,0.0,7,31
2,45,6,2.8,10.467555524324482,0.0,7,31
2,45,7,3.0,10.328320352359802,0.0,7,31
2,45,8,2.8,11.575987236760394,0.0,7,31
2,45,9,2.8,10.725942234327166,0.0,7,31
2,45,10,2.8,10.55784821901782,0.0,7,31
2,45,11,2.8,9.112865227832176,0.0,7,31
2,45,12,2.8,12.431124172216277,0.0,7,31
2,45,13,2.8,11.361797355372708,0.0,7,31
2,45,14,2.8,11.302774890290495,0.0,7,31
2,45,15,2.8,9.138895191394546,0.0,7,31
2,45,16,2.8,11.017868131193332,0.0,7,31
2,45,17,2.8,11.836794176547894,0.0,7,31
2,45,18,2.8,12.586015422429156,0.0,7,31
2,45,19,2.8,10.772771101577804,0.0,7,31
2,45,20,2.8,8.742356811541196,0.0,7,31
2,45,21,2.8,8.661911898224075,0.0,7,31
2,45,22,2.0,14.326837262280856,0.0,5,31
3,45,1,2.8,8.409736717816495,0.0,7,31
3,45,2,2.8,11.335534332721622,0.0,7,31
3,45,3,2.8,10.925333458117878,0.0,7,31
3,45,4,2.8,9.430371499811958,0.0,7,31
3,45,5,2.8,9.478371566438623,0.0,7,31
3,45,6,2.8,9.214707907199216,0.0,7,31
3,45,7,2.8,9.378055454427656,0.0,7,31
3,45,8,2.8,12.231487988964188,0.0,7,31
3,45,9,2.8,12.979909559480657,0.0,7,31
3,45,10,2.8,11.3772148633745,0.0,7,31
3,45,11,2.8,12.2317207984625,0.0,7,31
3,45,12,3.0,9.906574560638667,0.0,7,31
3,45,13,3.0,8.184106073390284,0.0,7,31
3,45,14,2.8,9.162536834541143,0.0,7,31
3,45,15,2.8,13.10609175939566,0.0,7,31
3,45,16,2.8,10.916935110457132,0.0,7,31
3,45,17,2.8,15.626048150618892,0.0,7,31
3,45,18,3.0,8.923197431969243,0.0,7,31
3,45,19,2.8,12.338632678489287,0.0,7,31
3,45,20,2.8,10.606794526438243,0.0,7,31
3,45,21,2.8,8.767247159030177,0.0,7,31
3,45,22,2.8,10.092099145988128,0.0,7,31
1,46,1,4.2,8.216645369216181,0.0,7,31
1,46,2,3.4,10.687914390393752,0.0,7,31
1,46,3,3.0,12.186712250358523,0.0,7,31
1,46,4,3.0,9.296300651097889,0.0,7,31
1,46,5,3.0,9.040121284337658,0.0,7,31
1,46,6,2.8,10.051799359340594,0.0,7,31
1,46,7,2.8,12.24104670008896,0.0,7,31
1,46,8,2.8,9.179176417683978,0.0,7,31
1,46,9,2.8,14.308719097263742,0.0,7,31
1,46,10,2.8,10.315226295883297,0.0,7,31
1,46,11,2.8,14.007764266444193,0.0,7,31
1,46,12,2.8,12.517076559619328,0.0,7,31
1,46,13,2.8,11.449173470161456,0.0,7,31
1,46,14,2.8,9.530869434446556,0.0,7,31
1,46,15,2.8,15.279849537785369,0.0,7,31
1,46,16,2.8,13.259378160626303,0.0,7,31
1,46,17,3.0,9.127714972397028,0.0,7,31
1,46,18,2.8,11.273104922414793,0.0,7,31
1,46,19,2.8,10.882284760859037,0.0,7,31
1,46,20,2.8,10.232425352592111,0.0,7,31
1,46,21,2.8,9.877106920221989,0.0,7,31
2,46,1,3.0,13.495612215434912,0.0,7,31
2,46,2,3.4,9.035036261259963,0.0,7,31
2,46,3,3.8,7.37007496816065,0.0,7,31
2,46,4,3.2,8.652276242967433,0.0,7,31
2,46,5,2.8,10.658793902447524,0.0,7,31
2,46,6,2.8,10.93115102207509,0.0,7,31
2,46,7,3.0,9.718179147190382,0.0,7,31
2,46,8,2.8,11.981053059668113,0.0,7,31
2,46,9,2.8,10.872737487199618,0.0,7,31
2,46,10,2.8,10.4793727455773,0.0,7,31
2,46,11,2.8,12.746599851500225,0.0,7,31
2,46,12,2.8,10.848808013197338,0.0,7,31
2,46,13,2.8,10.917526861128332,0.0,7,31
2,46,14,2.8,9.228197626616927,0.0,7,31
2,46,15,2.8,10.301031824319518,0.0,7,31
2,46,16,2.8,10.678372778023055,0.0,7,31
2,46,17,2.8,10.814925401618114,0.0,7,31
2,46,18,2.8,13.801644513814152,0.0,7,31
2,46,19,2.8,10.806968982600011,0.0,7,31
2,46,20,2.8,7.979504336967619,0.0,7,31
2,46,21,2.8,10.187999246291561,0.0,7,31
3,46,1,2.8,9.507906782086458,0.0,7,31
3,46,2,2.8,10.757347505640384,0.0,7,31
3,46,3,2.8,9.773115432741747,0.0,7,31
3,46,4,2.8,9.43037149981189,0.0,7,31
3,46,5,2.8,10.088091433878704,0.0,7,31
3,46,6,2.8,10.353412142207931,0.0,7,31
3,46,7,2.8,8.697882282322071,0.0,7,31
3,46,8,2.8,10.261420854308762,0.0,7,31
3,46,9,2.8,11.68985752473552,0.0,7,31
3,46,10,2.8,9.887418542455713,0.0,7,31
3,46,11,2.8,10.786406951814877,0.0,7,31
3,46,12,2.8,12.934087153913596,0.0,7,31
3,46,13,2.8,8.853925110594535,0.0,7,31
3,46,14,2.8,9.792449536082799,0.0,7,31
3,46,15,2.8,13.275431393645432,0.0,7,31
3,46,16,2.8,11.801995352042677,0.0,7,31
3,46,17,2.8,13.173231363333095,0.0,7,31
3,46,18,3.0,8.814289873176438,0.0,7,31
3,46,19,2.8,12.23006476025885,0.0,7,31
3,46,20,2.8,10.775217096598602,0.0,7,31
3,46,21,2.8,8.66733331688909,0.0,7,31
3,46,22,2.8,13.294677357380527,0.0,7,31
1,47,1,4.4,8.979574219828157,0.0,7,31
1,47,2,3.2,10.855203846842903,0.0,7,31
1,47,3,3.0,9.98554222913881,0.0,7,31
1,47,4,3.0,9.891417407631725,0.0,7,31
1,47,5,2.8,11.762702231682436,0.0,7,31
1,47,6,2.8,10.91712621832206,0.0,7,31
1,47,7,3.0,11.432722575517346,0.0,7,31
1,47,8,2.8,9.649534874779128,0.0,7,31
1,47,9,2.8,14.411377949065244,0.0,7,31
1,47,10,2.8,10.89327973874937,0.0,7,31
1,47,11,2.8,14.872031422987959,0.0,7,31
1,47,12,2.8,12.621948227789783,0.0,7,31
1,47,13,2.8,12.493614161407994,0.0,7,31
1,47,14,2.8,11.42885771788614,0.0,7,31
1,47,15,2.8,10.070613348211964,0.0,7,31
1,47,16,2.8,10.809544225002403,0.0,7,31
1,47,17,3.0,7.895840284402399,0.0,7,31
1,47,18,2.8,13.315744469072735,0.0,7,31
1,47,19,3.2,9.771681250650198,0.0,7,31
1,47,20,2.8,9.600141427364962,0.0,7,31
1,47,21,2.8,10.436671606488568,0.0,7,31
2,47,1,3.4,11.671628659447906,0.0,7,31
2,47,2,3.2,9.651757356828888,0.0,7,31
2,47,3,3.4,7.865670483000138,0.0,7,31
2,47,4,3.0,9.533738611887243,0.0,7,31
2,47,5,2.8,10.953208911913269,0.0,7,31
2,47,6,2.8,9.288641411201178,0.0,7,31
2,47,7,3.0,11.46269601376,0.0,7,31
2,47,8,2.8,11.584601182932316,0.0,7,31
2,47,9,2.8,12.036864398645791,0.0,7,31
2,47,10,2.8,9.292002971652709,0.0,7,31
2,47,11,2.8,11.502884795587185,0.0,7,31
2,47,12,2.8,11.73271152935854,0.0,7,31
2,47,13,2.8,10.587738974090662,0.0,7,31
2,47,14,2.8,9.863062426267089,0.0,7,31
2,47,15,2.8,9.600050202969108,0.0,7,31
2,47,16,2.8,11.909977830047843,0.0,7,31
2,47,17,2.8,11.182033642240338,0.0,7,31
2,47,18,2.8,11.788546587442582,0.0,7,31
2,47,19,2.8,10.329914879297538,0.0,7,31
2,47,20,2.8,8.704714599242209,0.0,7,31
2,47,21,2.8,8.960084165788757,0.0,7,31
3,47,1,2.8,10.104832997069412,0.0,7,31
3,47,2,2.8,10.30425707280744,0.0,7,31
3,47,3,2.8,10.458288870862617,0.0,7,31
3,47,4,2.8,9.533265854078916,0.0,7,31
3,47,5,2.8,10.104758453485433,0.0,7,31
3,47,6,2.8,9.500996284655162,0.0,7,31
3,47,7,2.8,9.126173518000057,0.0,7,31
3,47,8,2.8,10.636165003162727,0.0,7,31
3,47,9,2.8,12.52792587020374,0.0,7,31
3,47,10,2.8,10.480415497851395,0.0,7,31
3,47,11,2.8,12.662216906466249,0.0,7,31
3,47,12,3.0,10.238241258950099,0.0,7,31
3,47,13,2.8,10.079140355596152,0.0,7,31
3,47,14,2.8,9.609280104573019,0.0,7,31
3,47,15,2.8,11.754048525142709,0.0,7,31
3,47,16,2.8,9.60989721171954,0.0,7,31
3,47,17,2.8,13.099182876506266,0.0,7,31
3,47,18,2.8,9.881095444878117,0.0,7,31
3,47,19,2.8,11.51618962128275,0.0,7,31
3,47,20,2.8,9.760652101343432,0.0,7,31
3,47,21,2.8,8.347921755083625,0.0,7,31
3,47,22,2.8,11.898079336167438,0.0,7,31
1,48,1,4.4,8.242618994901925,0.0,7,31
1,48,2,2.8,11.707896958539207,0.0,7,31
1,48,3,3.0,11.967625742978147,0.0,7,31
1,48,4,3.0,9.80428888903256,0.0,7,31
1,48,5,2.8,10.690869053847551,0.0,7,31
1,48,6,2.8,10.723788921410874,0.0,7,31
1,48,7,2.8,11.876913405326734,0.0,7,31
1,48,8,2.8,9.534023460606866,0.0,7,31
1,48,9,2.8,13.227465423459948,0.0,7,31
1,48,10,2.8,10.439960173391068,0.0,7,31
1,48,11,2.8,14.303410907212815,0.0,7,31
1,48,12,2.8,13.608355183966433,0.0,7,31
1,48,13,2.8,11.371863163419533,0.0,7,31
1,48,14,2.8,11.90103702336034,0.0,7,31
1,48,15,2.8,13.771196993369427,0.0,7,31
1,48,16,2.8,9.596947205109913,0.0,7,31
1,48,17,2.8,12.410338232143511,0.0,7,31
1,48,18,3.0,8.32645908628652,0.0,7,31
1,48,19,2.8,10.096438574947463,0.0,7,31
1,48,20,2.8,9.517991894766666,0.0,7,31
1,48,21,2.8,12.24081996103693,0.0,7,31
1,48,22,2.0,14.426804895761945,0.0,5,31
2,48,1,2.8,14.21366869733136,0.0,7,31
2,48,2,2.8,10.77464928241014,0.0,7,31
2,48,3,3.6,9.259062776634055,0.125,7,31
2,48,4,2.8,9.73559855535286,0.0,7,31
2,48,5,2.8,10.301454891165985,0.0,7,31
2,48,6,2.8,9.330327080496858,0.0,7,31
2,48,7,2.8,13.454891391107527,0.0,7,31
2,48,8,2.8,11.582495135123548,0.0,7,31
2,48,9,2.8,10.833988871241418,0.0,7,31
2,48,10,2.8,14.21360440609602,0.0,7,31
2,48,11,2.8,8.532006496336273,0.0,7,31
2,48,12,2.8,12.733272322669308,0.0,7,31
2,48,13,2.8,13.655584269485383,0.0,7,31
2,48,14,2.8,10.894655923719402,0.0,7,31
2,48,15,2.8,9.422852162295195,0.0,7,31
2,48,16,2.8,11.326444235962022,0.0,7,31
2,48,17,2.8,9.83896485851547,0.0,7,31
2,48,18,2.8,12.606448815035003,0.0,7,31
2,48,19,2.8,12.36875716957346,0.0,7,31
2,48,20,2.8,7.958020959124007,0.0,7,31
2,48,21,2.8,10.34498171819649,0.0,7,31
2,48,22,2.4,11.801897529217625,0.0,6,31
3,48,1,2.8,9.362363087593756,0.0,7,31
3,48,2,2.8,12.29239999708122,0.0,7,31
3,48,3,2.8,10.925333458117967,0.0,7,31
3,48,4,2.8,9.415853342859396,0.0,7,31
3,48,5,2.8,9.084185947054713,0.0,7,31
3,48,6,2.8,9.743161655026183,0.0,7,31
3,48,7,2.8,9.378055454427724,0.0,7,31
3,48,8,2.8,12.635808055408834,0.0,7,31
3,48,9,2.8,12.375826423276155,0.0,7,31
3,48,10,2.8,11.06837449349479,0.0,7,31
3,48,11,2.8,11.34671651832288,0.0,7,31
3,48,12,3.0,11.445261734584163,0.0,7,31
3,48,13,2.8,9.604314748919707,0.0,7,31
3,48,14,3.0,9.601122673977672,0.0,7,31
3,48,15,2.8,12.777524583094333,0.0,7,31
3,48,16,2.8,10.006063513075182,0.0,7,31
3,48,17,2.8,15.390127677023845,0.0,7,31
3,48,18,2.8,10.903115240359021,0.0,7,31
3,48,19,2.8,11.197181181468531,0.0,7,31
3,48,20,2.8,10.457043724144297,0.0,7,31
3,48,21,2.8,8.517236019267472,0.0,7,31
3,48,22,2.8,10.203432747996827,0.0,7,31
1,49,1,4.4,8.0124644693386,0.0,7,31
1,49,2,3.0,11.752595910367441,0.0,7,31
1,49,3,2.8,13.143348082259648,0.0,7,31
1,49,4,2.8,8.29064653011286,0.0,7,31
1,49,5,3.0,11.46839597503297,0.0,7,31
1,49,6,2.8,9.611949711739515,0.0,7,31
1,49,7,2.8,9.152905335068784,0.0,7,31
1,49,8,2.8,9.327421361309268,0.0,7,31
1,49,9,2.8,11.665476864176402,0.0,7,31
1,49,10,2.8,11.217309867831244,0.0,7,31
1,49,11,2.8,13.177404467534329,0.0,7,31
1,49,12,2.8,14.019944570083268,0.0,7,31
1,49,13,2.8,10.99827127364765,0.0,7,31
1,49,14,2.8,11.807758610980516,0.0,7,31
1,49,15,2.8,12.038043487268625,0.0,7,31
1,49,16,2.8,10.518263432801007,0.0,7,31
1,49,17,2.8,13.464023630250805,0.0,7,31
1,49,18,2.8,10.364024501933498,0.0,7,31
1,49,19,3.0,10.35168453942497,0.0,7,31
1,49,20,2.8,9.087391232840517,0.0,7,31
1,49,21,2.8,10.871624290845634,0.0,7,31
1,49,22,2.0,13.137283724849336,0.0,5,31
2,49,1,2.8,13.229809905879943,0.0,7,31
2,49,2,2.8,9.854542021296417,0.0,7,31
2,49,3,3.6,9.080357922854247,0.125,7,31
2,49,4,2.8,9.61318126122012,0.0,7,31
2,49,5,2.8,9.651229114468897,0.0,7,31
2,49,6,2.8,10.357354572566553,0.0,7,31
2,49,7,2.8,13.279608424059276,0.0,7,31
2,49,8,2.8,9.525949883182294,0.0,7,31
2,49,9,2.8,12.219265331404834,0.0,7,31
2,49,10,2.8,15.630237589654602,0.0,7,31
2,49,11,2.8,8.969965007396311,0.0,7,31
2,49,12,2.8,13.25769900876884,0.0,7,31
2,49,13,2.8,10.161628990679363,0.0,7,31
2,49,14,2.8,10.341990967135231,0.0,7,31
2,49,15,2.8,9.992464956220543,0.0,7,31
2,49,16,2.8,11.140760469282156,0.0,7,31
2,49,17,2.8,12.77858498780189,0.0,7,31
2,49,18,2.8,10.123382250740017,0.0,7,31
2,49,19,3.0,10.044899986863124,0.0,7,31
2,49,20,3.0,8.202886679718098,0.0,7,31
2,49,21,2.8,9.22361439748218,0.0,7,31
2,49,22,2.0,13.871914399287569,0.0,5,31
3,49,1,2.8,10.155166882901186,0.0,7,31
3,49,2,2.8,12.097882341211301,0.0,7,31
3,49,3,2.8,10.944884453908772,0.0,7,31
3,49,4,2.8,8.417967922984293,0.0,7,31
3,49,5,2.8,9.719370345896756,0.0,7,31
3,49,6,2.8,9.132155616811456,0.0,7,31
3,49,7,2.8,9.538945377315303,0.0,7,31
3,49,8,2.8,12.280607284813719,0.0,7,31
3,49,9,2.8,14.085981856873866,0.0,7,31
3,49,10,2.8,10.775858259033509,0.0,7,31
3,49,11,2.8,10.092257879488114,0.0,7,31
3,49,12,2.8,12.186704423019028,0.0,7,31
3,49,13,2.8,9.063863659508428,0.0,7,31
3,49,14,2.8,10.644594471518815,0.0,7,31
3,49,15,2.8,11.589936294202474,0.0,7,31
3,49,16,2.8,11.095454196828594,0.0,7,31
3,49,17,2.8,13.49291001036548,0.0,7,31
3,49,18,2.8,11.611546563650084,0.0,7,31
3,49,19,2.8,11.707562526827148,0.0,7,31
3,49,20,2.8,12.258319271216871,0.0,7,31
3,49,21,2.8,8.702479102361774,0.0,7,31
3,49,22,2.8,11.882503822173849,0.0,7,31
1,50,1,4.2,8.554926444862504,0.0,7,31
1,50,2,3.4,11.796842801182855,0.0,7,31
1,50,3,2.8,12.053822578179831,0.0,7,31
1,50,4,3.0,9.890371715313796,0.0,7,31
1,50,5,2.8,11.751183491570119,0.0,7,31
1,50,6,2.8,10.733606299489862,0.0,7,31
1,50,7,2.8,10.832945309252267,0.0,7,31
1,50,8,2.8,10.596860511685868,0.0,7,31
1,50,9,2.8,18.23167329006961,0.0,7,31
1,50,10,2.8,9.975755285163808,0.0,7,31
1,50,11,2.8,11.840192168920968,0.0,7,31
1,50,12,2.8,14.955349303724796,0.0,7,31
1,50,13,2.8,11.925539952917182,0.0,7,31
1,50,14,2.8,10.785376166872334,0.0,7,31
1,50,15,2.8,13.31335017106148,0.0,7,31
1,50,16,2.8,9.235217833081604,0.0,7,31
1,50,17,2.8,9.581143583202413,0.0,7,31
1,50,18,2.8,10.270455948524026,0.0,7,31
1,50,19,2.8,12.798275156578459,0.0,7,31
1,50,20,3.0,9.736596950837525,0.0,7,31
1,50,21,2.8,10.086920218246997,0.0,7,31
1,50,22,2.25,14.104597402358342,0.0,4,31
2,50,1,2.8,15.873715337374659,0.0,7,31
2,50,2,3.2,9.01966784736254,0.0,7,31
2,50,3,3.2,10.803809795332562,0.0,7,31
2,50,4,3.4,7.712807224981534,0.0,7,31
2,50,5,2.8,9.730737349843489,0.0,7,31
2,50,6,2.8,10.233996981122194,0.0,7,31
2,50,7,3.0,10.087669641844403,0.0,7,31
2,50,8,2.8,10.714187517498614,0.0,7,31
2,50,9,2.8,11.373839685639036,0.0,7,31
2,50,10,2.8,10.322792431830178,0.0,7,31
2,50,11,2.8,10.375717460937048,0.0,7,31
2,50,12,2.8,14.687789371002646,0.0,7,31
2,50,13,2.8,10.979118097054895,0.0,7,31
2,50,14,2.8,9.878668231112885,0.0,7,31
2,50,15,3.0,8.671835735725615,0.0,7,31
2,50,16,2.8,11.676218293652582,0.0,7,31
2,50,17,2.8,11.78545035510864,0.0,7,31
2,50,18,2.8,14.328019873951192,0.0,7,31
2,50,19,3.0,9.384460376501337,0.0,7,31
2,50,20,2.8,8.75455385477759,0.0,7,31
2,50,21,2.8,9.473597521414304,0.0,7,31
3,50,1,2.8,9.179687823318403,0.0,7,31
3,50,2,2.8,10.218180835609733,0.0,7,31
3,50,3,2.8,11.65394976578061,0.0,7,31
3,50,4,2.8,9.430371499812026,0.0,7,31
3,50,5,2.8,8.99070975056665,0.0,7,31
3,50,6,2.8,10.16414721833633,0.0,7,31
3,50,7,2.8,9.814471502954722,0.0,7,31
3,50,8,2.8,10.526331118651552,0.0,7,31
3,50,9,2.8,11.0160905886425,0.0,7,31
3,50,10,2.8,10.75690594510302,0.0,7,31
3,50,11,2.8,9.496772671450705,0.0,7,31
3,50,12,2.8,11.586453089654404,0.0,7,31
3,50,13,2.8,9.104340453694082,0.0,7,31
3,50,14,2.8,10.73803752949485,0.0,7,31
3,50,15,2.8,12.118097282248481,0.0,7,31
3,50,16,2.8,11.98704166711993,0.0,7,31
3,50,17,2.8,13.005164375872535,0.0,7,31
3,50,18,2.8,9.837304788410172,0.0,7,31
3,50,19,2.8,11.91279480044242,0.0,7,31
3,50,20,2.8,11.433363898073402,0.0,7,31
3,50,21,2.8,8.98369754039652,0.0,7,31
3,50,22,2.8,11.611789420688748,0.0,7,31
1,51,1,4.0,9.375179564536342,0.0,7,31
1,51,2,3.2,11.499714839374121,0.0,7,31
1,51,3,3.0,12.210117354254466,0.0,7,31
1,51,4,3.0,9.756666879967717,0.0,7,31
1,51,5,2.8,12.589339100797313,0.0,7,31
1,51,6,2.8,10.742906766829103,0.0,7,31
1,51,7,3.0,10.5650224105357,0.0,7,31
1,51,8,2.8,10.728929401513575,0.0,7,31
1,51,9,2.8,13.55609873642474,0.0,7,31
1,51,10,2.8,11.768038204104673,0.0,7,31
1,51,11,2.8,13.57376144780993,0.0,7,31
1,51,12,2.8,13.886949058116873,0.0,7,31
1,51,13,2.8,10.547840676244014,0.0,7,31
1,51,14,2.8,10.843599747784637,0.0,7,31
1,51,15,2.8,13.99350111406828,0.0,7,31
1,51,16,2.8,10.507363602455932,0.0,7,31
1,51,17,2.8,9.9284314021777,0.0,7,31
1,51,18,2.8,10.200912277801,0.0,7,31
1,51,19,2.8,11.039777098322539,0.0,7,31
1,51,20,2.8,9.5029821217488,0.0,7,31
1,51,21,2.8,12.494626418719069,0.0,7,31
1,51,22,2.0,12.255580767151784,0.0,5,31
2,51,1,2.8,13.316222872296478,0.0,7,31
2,51,2,2.8,10.165751292887645,0.0,7,31
2,51,3,3.6,9.35823314567939,0.125,7,31
2,51,4,2.8,10.52285671835243,0.0,7,31
2,51,5,2.8,10.754293512080451,0.0,7,31
2,51,6,2.8,10.463672680768994,0.0,7,31
2,51,7,2.8,14.577292561292857,0.0,7,31
2,51,8,2.8,10.65436174621212,0.0,7,31
2,51,9,2.8,11.933173603930925,0.0,7,31
2,51,10,2.8,13.796784494701157,0.0,7,31
2,51,11,2.8,7.924034956533471,0.0,7,31
2,51,12,2.8,13.286499621964072,0.0,7,31
2,51,13,2.8,11.741808165775103,0.0,7,31
2,51,14,2.8,11.53142380036681,0.0,7,31
2,51,15,2.8,9.525581601946161,0.0,7,31
2,51,16,2.8,12.306423541107513,0.0,7,31
2,51,17,2.8,12.21702777755299,0.0,7,31
2,51,18,2.8,11.80358196785111,0.0,7,31
2,51,19,3.0,10.094637100957915,0.0,7,31
2,51,20,2.8,9.293791167774883,0.0,7,31
2,51,21,2.8,8.936744056908156,0.0,7,31
2,51,22,2.2,16.04718281085431,0.0,5,31
3,51,1,2.8,10.379202676298235,0.0,7,31
3,51,2,2.8,12.050211040147047,0.0,7,31
3,51,3,2.8,10.809478745709729,0.0,7,31
3,51,4,2.8,10.321595029567952,0.0,7,31
3,51,5,2.8,9.152153607373558,0.0,7,31
3,51,6,2.8,10.678800090927938,0.0,7,31
3,51,7,2.8,10.089715437673117,0.0,7,31
3,51,8,2.8,10.29596923780797,0.0,7,31
3,51,9,2.8,12.350834854175709,0.0,7,31
3,51,10,2.8,11.272370707598364,0.0,7,31
3,51,11,2.8,11.019617158608689,0.0,7,31
3,51,12,3.6,9.053495391654238,0.125,7,31
3,51,13,2.8,10.32745418299879,0.0,7,31
3,51,14,2.8,9.258392001610401,0.0,7,31
3,51,15,2.8,12.622411563459409,0.0,7,31
3,51,16,2.8,10.31883280949289,0.0,7,31
3,51,17,2.8,13.948476751843907,0.0,7,31
3,51,18,3.0,9.988183439000405,0.0,7,31
3,51,19,2.8,11.238330581186792,0.0,7,31
3,51,20,2.8,9.702503658020326,0.0,7,31
3,51,21,2.8,8.921965370818812,0.0,7,31
3,51,22,2.8,10.49252213367877,0.0,7,31
1,52,1,4.4,8.71970408670335,0.0,7,31
1,52,2,3.2,10.159742252011831,0.0,7,31
1,52,3,2.8,10.6480710836195,0.0,7,31
1,52,4,3.2,8.51414799669514,0.0,7,31
1,52,5,2.8,10.67877355544039,0.0,7,31
1,52,6,2.8,9.430708755448343,0.0,7,31
1,52,7,2.8,10.217023094402931,0.0,7,31
1,52,8,2.8,10.144364632942255,0.0,7,31
1,52,9,2.8,13.671836907105234,0.0,7,31
1,52,10,2.8,11.293805382904877,0.0,7,31
1,52,11,2.8,12.953967088319182,0.0,7,31
1,52,12,2.8,11.946625325433104,0.0,7,31
1,52,13,2.8,12.342646072561596,0.0,7,31
1,52,14,2.8,12.317521527220181,0.0,7,31
1,52,15,2.8,19.896331426873203,0.0,7,31
1,52,16,2.8,10.165735558019081,0.0,7,31
1,52,17,2.8,10.066305426819751,0.0,7,31
1,52,18,2.8,11.05906848695173,0.0,7,31
1,52,19,3.0,10.627960279090848,0.0,7,31
1,52,20,2.8,9.61595200266689,0.0,7,31
1,52,21,2.8,9.140183814646655,0.0,7,31
1,52,22,2.0,12.51164951506442,0.0,4,31
2,52,1,2.8,14.380770582989767,0.0,7,31
2,52,2,2.8,10.285420544202186,0.0,7,31
2,52,3,3.0,13.142522825189229,0.0,7,31
2,52,4,3.4,8.52529369621468,0.0,7,31
2,52,5,2.8,11.481050137303264,0.0,7,31
2,52,6,2.8,9.080968373835972,0.0,7,31
2,52,7,2.8,15.345354213778887,0.0,7,31
2,52,8,2.8,10.471939597553154,0.0,7,31
2,52,9,2.8,12.170634542754149,0.0,7,31
2,52,10,2.8,13.17276642390918,0.0,7,31
2,52,11,2.8,7.842746746412371,0.0,7,31
2,52,12,2.8,12.654237178073364,0.0,7,31
2,52,13,2.8,10.061330819610747,0.0,7,31
2,52,14,2.8,10.666650164715596,0.0,7,31
2,52,15,2.8,9.127541921054997,0.0,7,31
2,52,16,2.8,12.039939114621511,0.0,7,31
2,52,17,2.8,9.98350820253685,0.0,7,31
2,52,18,2.8,11.471497774429409,0.0,7,31
2,52,19,2.8,14.141922380767028,0.0,7,31
2,52,20,2.8,7.999656037245763,0.0,7,31
2,52,21,2.8,8.72216425138621,0.0,7,31
2,52,22,2.4,11.258765252605418,0.0,6,31
3,52,1,2.8,9.111312114648593,0.0,7,31
3,52,2,2.8,12.121859714802758,0.0,7,31
3,52,3,2.8,11.309166081323005,0.0,7,31
3,52,4,2.8,9.3154645474943,0.0,7,31
3,52,5,2.8,10.650226711373618,0.0,7,31
3,52,6,2.8,9.187025141701062,0.0,7,31
3,52,7,2.8,9.798747595132564,0.0,7,31
3,52,8,2.8,12.134418830303899,0.0,7,31
3,52,9,2.8,13.348174080591354,0.0,7,31
3,52,10,2.8,12.492679469424798,0.0,7,31
3,52,11,2.8,11.693828749306393,0.0,7,31
3,52,12,2.8,11.542719849157809,0.0,7,31
3,52,13,2.8,10.214287980678547,0.0,7,31
3,52,14,2.8,11.908905104236272,0.0,7,31
3,52,15,2.8,13.630460045047927,0.0,7,31
3,52,16,2.8,12.202279440564295,0.0,7,31
3,52,17,2.8,12.500145607320961,0.0,7,31
3,52,18,3.0,8.788957394615782,0.0,7,31
3,52,19,2.8,13.960905157527412,0.0,7,31
3,52,20,2.8,12.001568809391754,0.0,7,31
3,52,21,2.8,9.29993391509138,0.0,7,31
3,52,22,2.8,9.944225024956681,0.0,7,31
1,53,1,4.4,9.046980175327406,0.0,7,31
1,53,2,3.6,10.162626647264158,0.0,7,31
1,53,3,3.0,9.623075147198424,0.0,7,31
1,53,4,3.0,11.050390701505078,0.0,7,31
1,53,5,2.8,11.079665506172512,0.0,7,31
1,53,6,2.8,10.854572959972359,0.0,7,31
1,53,7,3.0,10.328032447120366,0.0,7,31
1,53,8,2.8,8.258524332467758,0.0,7,31
1,53,9,2.8,14.176905135124509,0.0,7,31
1,53,10,2.8,11.44839808574304,0.0,7,31
1,53,11,2.8,12.408787252978218,0.0,7,31
1,53,12,2.8,14.156849931607052,0.0,7,31
1,53,13,2.8,11.975417315214003,0.0,7,31
1,53,14,2.8,9.855257340489908,0.0,7,31
1,53,15,2.8,10.754366732503371,0.0,7,31
1,53,16,2.8,13.500475835019193,0.0,7,31
1,53,17,2.8,8.067805034109544,0.0,7,31
1,53,18,3.0,9.169892890841028,0.0,7,31
1,53,19,3.0,12.80017419873967,0.0,7,31
1,53,20,2.8,9.407234061592831,0.0,7,31
1,53,21,2.8,8.933406034970309,0.0,7,31
2,53,1,2.8,14.72704529811001,0.0,7,31
2,53,2,2.8,10.889754626423425,0.0,7,31
2,53,3,3.6,9.824223343935865,0.125,7,31
2,53,4,2.8,9.334420841794207,0.0,7,31
2,53,5,2.8,10.92721820385362,0.0,7,31
2,53,6,2.8,9.287820620059085,0.0,7,31
2,53,7,2.8,12.83376503073406,0.0,7,31
2,53,8,2.8,10.40070794478767,0.0,7,31
2,53,9,2.8,10.776719919238394,0.0,7,31
2,53,10,2.8,11.511608891734994,0.0,7,31
2,53,11,2.8,8.368568367473916,0.0,7,31
2,53,12,2.8,14.620463301157834,0.0,7,31
2,53,13,2.8,9.756386174127147,0.0,7,31
2,53,14,2.8,10.307133562046253,0.0,7,31
2,53,15,2.8,9.706999765749767,0.0,7,31
2,53,16,3.0,10.835882406033068,0.0,7,31
2,53,17,2.8,11.013516033694263,0.0,7,31
2,53,18,2.8,10.419608229342439,0.0,7,31
2,53,19,2.8,11.1832114846925,0.0,7,31
2,53,20,2.8,7.890888124200251,0.0,7,31
2,53,21,2.8,8.129042995721495,0.0,7,31
2,53,22,2.2,14.804222180984494,0.0,5,31
3,53,1,2.8,9.860466940387148,0.0,7,31
3,53,2,2.8,10.218180835609733,0.0,7,31
3,53,3,2.8,9.835984039360792,0.0,7,31
3,53,4,2.8,8.869656153671214,0.0,7,31
3,53,5,2.8,9.347989619888537,0.0,7,31
3,53,6,2.8,9.228611945580626,0.0,7,31
3,53,7,2.8,9.112576211245559,0.0,7,31
3,53,8,2.8,12.43036108025613,0.0,7,31
3,53,9,2.8,10.996284602530697,0.0,7,31
3,53,10,2.8,12.169535575388561,0.0,7,31
3,53,11,2.8,10.52650354157722,0.0,7,31
3,53,12,3.0,10.238241258950099,0.0,7,31
3,53,13,3.0,7.981190432624495,0.0,7,31
3,53,14,2.8,10.034421560396076,0.0,7,31
3,53,15,2.8,13.69293590328792,0.0,7,31
3,53,16,2.8,9.719831953578352,0.0,7,31
3,53,17,2.8,16.162874866768625,0.0,7,31
3,53,18,3.0,8.897236002096893,0.0,7,31
3,53,19,2.8,14.03781864801596,0.0,7,31
3,53,20,2.8,10.987906057529774,0.0,7,31
3,53,21,2.8,8.570675331020299,0.0,7,31
3,53,22,2.8,10.454359868362248,0.0,7,31
1,54,1,4.4,8.83475971824616,0.0,7,31
1,54,2,3.2,10.835684592626896,0.0,7,31
1,54,3,2.8,12.325012617698775,0.0,7,31
1,54,4,3.0,10.157101346610574,0.0,7,31
1,54,5,2.8,11.163408542516917,0.0,7,31
1,54,6,2.8,9.839747964425186,0.0,7,31
1,54,7,2.8,9.044441492207863,0.0,7,31
1,54,8,2.8,10.786543507036978,0.0,7,31
1,54,9,2.8,13.996921662464391,0.0,7,31
1,54,10,2.8,10.856390846870662,0.0,7,31
1,54,11,2.8,13.604405674627351,0.0,7,31
1,54,12,2.8,15.736440878070301,0.0,7,31
1,54,13,2.8,10.511044025226997,0.0,7,31
1,54,14,2.8,11.22746396616805,0.0,7,31
1,54,15,2.8,15.154844622095856,0.0,7,31
1,54,16,2.8,10.034930026271882,0.0,7,31
1,54,17,2.8,9.076072801166081,0.0,7,31
1,54,18,2.8,9.463961169679353,0.0,7,31
1,54,19,2.8,10.782967740473488,0.0,7,31
1,54,20,2.8,11.497427567674524,0.0,7,31
1,54,21,2.8,11.428308681177569,0.0,7,31
1,54,22,2.5,9.884879070082656,0.0,4,31
2,54,1,2.8,13.986145712288193,0.0,7,31
2,54,2,2.8,10.065372130649475,0.0,7,31
2,54,3,3.6,8.908420649293515,0.125,7,31
2,54,4,2.8,9.893075500353456,0.0,7,31
2,54,5,2.8,10.550232700683324,0.0,7,31
2,54,6,2.8,10.134250835059007,0.0,7,31
2,54,7,3.0,11.372784990950732,0.0,7,31
2,54,8,2.8,10.959269154950443,0.0,7,31
2,54,9,2.8,12.091760848760838,0.0,7,31
2,54,10,2.8,12.306744051312755,0.0,7,31
2,54,11,2.8,8.660546491342785,0.0,7,31
2,54,12,2.8,12.114896872096693,0.0,7,31
2,54,13,2.8,12.887131937653166,0.0,7,31
2,54,14,2.8,9.564268628592172,0.0,7,31
2,54,15,2.8,9.521651296941743,0.0,7,31
2,54,16,2.8,11.490143536267631,0.0,7,31
2,54,17,2.8,11.489369252878166,0.0,7,31
2,54,18,2.8,10.674196036452402,0.0,7,31
2,54,19,3.0,9.58772644809953,0.0,7,31
2,54,20,2.8,9.77646265770069,0.0,7,31
2,54,21,2.8,9.019580770593588,0.0,7,31
2,54,22,2.0,14.884708064077197,0.0,5,31
3,54,1,2.8,12.104727890237053,0.0,7,31
3,54,2,2.8,11.840258398767123,0.0,7,31
3,54,3,2.8,10.046012367889661,0.0,7,31
3,54,4,2.8,10.235230098598139,0.0,7,31
3,54,5,2.8,9.582321812526045,0.0,7,31
3,54,6,2.8,8.70331590942229,0.0,7,31
3,54,7,2.8,9.236430442168832,0.0,7,31
3,54,8,2.8,9.661652383252827,0.0,7,31
3,54,9,2.8,12.683810454316069,0.0,7,31
3,54,10,2.8,10.00058806856934,0.0,7,31
3,54,11,2.8,10.125674713884301,0.0,7,31
3,54,12,3.0,11.11253934754116,0.0,7,31
3,54,13,2.8,9.14478577580191,0.0,7,31
3,54,14,2.8,10.912275112462986,0.0,7,31
3,54,15,2.8,12.921152621966172,0.0,7,31
3,54,16,2.8,9.564811450107191,0.0,7,31
3,54,17,2.8,12.878523060224056,0.0,7,31
3,54,18,2.8,9.75501549002287,0.0,7,31
3,54,19,2.8,12.50512801904691,0.0,7,31
3,54,20,2.8,10.699814678077361,0.0,7,31
3,54,21,2.8,8.393748319969491,0.0,7,31
3,54,22,2.8,10.959953197911341,0.0,7,31
1,55,1,4.2,9.43937446125539,0.0,7,31
1,55,2,3.0,11.760703167391673,0.0,7,31
1,55,3,2.8,14.013917167858047,0.0,7,31
1,55,4,3.0,7.239594715957153,0.0,7,31
1,55,5,2.8,10.883568305702033,0.0,7,31
1,55,6,2.8,10.181326665917824,0.0,7,31
1,55,7,2.8,11.214701923975495,0.0,7,31
1,55,8,2.8,10.8090772013094,0.0,7,31
1,55,9,2.8,14.626028629834945,0.0,7,31
1,55,10,2.8,12.486236580336636,0.0,7,31
1,55,11,2.8,13.170122858343367,0.0,7,31
1,55,12,2.8,13.014525371683138,0.0,7,31
1,55,13,2.8,9.689599180237167,0.0,7,31
1,55,14,2.8,13.599714701089312,0.0,7,31
1,55,15,2.8,12.647350797171534,0.0,7,31
1,55,16,2.8,9.7347345669326,0.0,7,31
1,55,17,2.8,11.584689645906344,0.0,7,31
1,55,18,2.8,10.689330473107429,0.0,7,31
1,55,19,3.0,8.756390555244666,0.0,7,31
1,55,20,3.0,10.085006033518786,0.0,7,31
1,55,21,2.8,11.257510519258874,0.0,7,31
1,55,22,2.0,13.862605238513597,0.0,5,31
2,55,1,2.8,14.586553393541092,0.0,7,31
2,55,2,2.8,10.233790460548686,0.0,7,31
2,55,3,3.2,9.929989627033981,0.0,7,31
2,55,4,3.0,10.432437943707477,0.0,7,31
2,55,5,2.8,11.588389560741016,0.0,7,31
2,55,6,2.8,9.696630057372388,0.0,7,31
2,55,7,2.8,12.42820295455575,0.0,7,31
2,55,8,2.8,10.556923511178288,0.0,7,31
2,55,9,2.8,10.578016128304112,0.0,7,31
2,55,10,2.8,12.697928896154375,0.0,7,31
2,55,11,2.8,8.698331272154311,0.0,7,31
2,55,12,2.8,12.055298419232164,0.0,7,31
2,55,13,2.8,12.033354219686,0.0,7,31
2,55,14,2.8,11.406611245931588,0.0,7,31
2,55,15,2.8,9.076223868138747,0.0,7,31
2,55,16,2.8,11.060841075469177,0.0,7,31
2,55,17,2.8,12.323227053213145,0.0,7,31
2,55,18,2.8,10.38736540731318,0.0,7,31
2,55,19,2.8,12.401644880072189,0.0,7,31
2,55,20,2.8,7.903534146094358,0.0,7,31
2,55,21,2.8,8.304436466520624,0.0,7,31
2,55,22,2.6,11.653893379011057,0.0,6,31
3,55,1,2.8,9.844595426464501,0.0,7,31
3,55,2,2.8,10.757347505640297,0.0,7,31
3,55,3,2.8,10.886440265830572,0.0,7,31
3,55,4,2.8,9.093851484026098,0.0,7,31
3,55,5,2.8,9.017220356603579,0.0,7,31
3,55,6,2.8,10.406259393601708,0.0,7,31
3,55,7,2.8,9.690075318951978,0.0,7,31
3,55,8,2.8,9.322921893755959,0.0,7,31
3,55,9,2.8,13.37736955836816,0.0,7,31
3,55,10,2.8,9.386657176825603,0.0,7,31
3,55,11,2.8,10.436690388133524,0.0,7,31
3,55,12,3.0,11.012495117780192,0.0,7,31
3,55,13,3.0,8.73336040464236,0.0,7,31
3,55,14,2.8,10.184808710160713,0.0,7,31
3,55,15,2.8,10.908743946424238,0.0,7,31
3,55,16,2.8,9.537938314481785,0.0,7,31
3,55,17,2.8,14.377158316943754,0.0,7,31
3,55,18,2.8,10.845115102907616,0.0,7,31
3,55,19,2.8,12.450883935217865,0.0,7,31
3,55,20,2.8,12.018772575618241,0.0,7,31
3,55,21,2.8,9.100183835070208,0.0,7,31
3,55,22,2.8,9.150146433486597,0.0,7,31
1,56,1,4.2,9.872378477700343,0.0,7,31
1,56,2,3.2,10.223498421739913,0.0,7,31
1,56,3,2.8,12.515505010660362,0.0,7,31
1,56,4,2.8,9.83284945616511,0.0,7,31
1,56,5,3.0,10.638301164026858,0.0,7,31
1,56,6,2.8,10.977753989597888,0.0,7,31
1,56,7,2.8,9.484233160957464,0.0,7,31
1,56,8,2.8,10.229990692629604,0.0,7,31
1,56,9,2.8,15.15717409980366,0.0,7,31
1,56,10,2.8,10.814684219187516,0.0,7,31
1,56,11,2.8,14.235830423050531,0.0,7,31
1,56,12,2.8,12.66455836826739,0.0,7,31
1,56,13,2.8,12.006268133401633,0.0,7,31
1,56,14,2.8,13.592193469036225,0.0,7,31
1,56,15,2.8,12.970859622829284,0.0,7,31
1,56,16,2.8,10.232494874383784,0.0,7,31
1,56,17,2.8,11.444030687696612,0.0,7,31
1,56,18,2.8,8.882220984951854,0.0,7,31
1,56,19,2.8,10.341093687300331,0.0,7,31
1,56,20,3.0,9.109318196857176,0.0,7,31
1,56,21,2.8,13.532829961428874,0.0,7,31
1,56,22,2.5,10.768055637350898,0.0,4,31
2,56,1,2.8,14.834203174987765,0.0,7,31
2,56,2,2.8,9.052341288369801,0.0,7,31
2,56,3,3.6,10.201097143787187,0.125,7,31
2,56,4,2.8,9.72012615981095,0.0,7,31
2,56,5,2.8,9.982011981568798,0.0,7,31
2,56,6,2.8,9.190129188105493,0.0,7,31
2,56,7,3.0,11.973946121363849,0.0,7,31
2,56,8,2.8,10.14151990526986,0.0,7,31
2,56,9,2.8,10.771443997046473,0.0,7,31
2,56,10,2.8,12.533724698063658,0.0,7,31
2,56,11,2.8,8.747250242749198,0.0,7,31
2,56,12,2.8,12.989722531876074,0.0,7,31
2,56,13,2.8,12.266803181834172,0.0,7,31
2,56,14,2.8,11.191924046774714,0.0,7,31
2,56,15,2.8,8.745584720715826,0.0,7,31
2,56,16,3.0,9.721611480248317,0.0,7,31
2,56,17,2.8,11.374509939392615,0.0,7,31
2,56,18,2.8,10.787844551031053,0.0,7,31
2,56,19,3.0,10.56066986481968,0.0,7,31
2,56,20,2.8,9.261418432467964,0.0,7,31
2,56,21,2.8,9.395117438964055,0.0,7,31
2,56,22,2.25,16.265675515465723,0.0,4,31
3,56,1,2.8,9.597425512796697,0.0,7,31
3,56,2,2.8,10.872081509235318,0.0,7,31
3,56,3,2.8,10.029538421251885,0.0,7,31
3,56,4,2.8,9.699572647379794,0.0,7,31
3,56,5,2.8,8.709059013787488,0.0,7,31
3,56,6,2.8,9.96541396736278,0.0,7,31
3,56,7,2.8,9.659467433243819,0.0,7,31
3,56,8,2.8,13.681650429522806,0.0,7,31
3,56,9,2.8,12.870651074429242,0.0,7,31
3,56,10,2.8,11.06837449349479,0.0,7,31
3,56,11,2.8,10.710848393147952,0.0,7,31
3,56,12,2.8,10.351075971098686,0.0,7,31
3,56,13,2.8,9.997240577727895,0.0,7,31
3,56,14,2.8,10.338703182720433,0.0,7,31
3,56,15,2.8,13.218050271431832,0.0,7,31
3,56,16,2.8,10.632523808272005,0.0,7,31
3,56,17,2.8,13.704546887694525,0.0,7,31
3,56,18,2.8,12.722633149699105,0.0,7,31
3,56,19,2.8,11.23445048588022,0.0,7,31
3,56,20,2.8,11.264897130322408,0.0,7,31
3,56,21,2.8,8.592445511700312,0.0,7,31
3,56,22,2.8,11.74558695997625,0.0,7,31
1,57,1,4.4,8.42704814515612,0.0,7,31
1,57,2,3.2,9.639669961142495,0.0,7,31
1,57,3,3.0,10.36334322399722,0.0,7,31
1,57,4,3.0,9.141178465291603,0.0,7,31
1,57,5,2.8,10.348672135614448,0.0,7,31
1,57,6,2.8,10.897383840375761,0.0,7,31
1,57,7,3.0,10.4241029485431,0.0,7,31
1,57,8,2.8,9.40848065365441,0.0,7,31
1,57,9,2.8,13.880258827723647,0.0,7,31
1,57,10,2.8,12.549318687061005,0.0,7,31
1,57,11,2.8,13.505459773536911,0.0,7,31
1,57,12,2.8,12.187962635379085,0.0,7,31
1,57,13,2.8,13.970850540317906,0.0,7,31
1,57,14,2.8,10.604270916252842,0.0,7,31
1,57,15,2.8,15.088553675606157,0.0,7,31
1,57,16,2.8,10.887665808533265,0.0,7,31
1,57,17,2.8,8.56395730574979,0.0,7,31
1,57,18,2.8,10.071171764815405,0.0,7,31
1,57,19,3.0,9.838546782303082,0.0,7,31
1,57,20,2.8,10.648293159627203,0.0,7,31
1,57,21,2.8,9.90959203519383,0.0,7,31
2,57,1,3.0,12.579609639070425,0.0,7,31
2,57,2,3.0,9.55356631036743,0.0,7,31
2,57,3,3.2,11.22002013078072,0.0,7,31
2,57,4,3.2,8.822635587660018,0.0,7,31
2,57,5,2.8,9.860721950696245,0.0,7,31
2,57,6,2.8,10.064558847144614,0.0,7,31
2,57,7,3.0,12.953089667045187,0.0,7,31
2,57,8,2.8,10.065933967819651,0.0,7,31
2,57,9,2.8,11.598223499745442,0.0,7,31
2,57,10,2.8,11.540622272344828,0.0,7,31
2,57,11,2.8,10.058819373855323,0.0,7,31
2,57,12,2.8,12.635532063922907,0.0,7,31
2,57,13,2.8,11.230932072621814,0.0,7,31
2,57,14,2.8,11.50408219250585,0.0,7,31
2,57,15,3.0,8.13968935490577,0.0,7,31
2,57,16,2.8,11.961439892120884,0.0,7,31
2,57,17,2.8,12.619872781677369,0.0,7,31
2,57,18,2.8,11.613764026373799,0.0,7,31
2,57,19,3.0,9.226890319160935,0.0,7,31
2,57,20,2.8,8.68840734366637,0.0,7,31
2,57,21,2.8,8.950010505217453,0.0,7,31
3,57,1,2.8,9.030593911119258,0.0,7,31
3,57,2,2.8,10.757347505640297,0.0,7,31
3,57,3,2.8,11.043698510210092,0.0,7,31
3,57,4,2.8,9.372565849238065,0.0,7,31
3,57,5,2.8,9.419977785053334,0.0,7,31
3,57,6,2.8,9.696819792169595,0.0,7,31
3,57,7,2.8,9.72087779523719,0.0,7,31
3,57,8,2.8,11.388772574732316,0.0,7,31
3,57,9,2.8,12.350834854175709,0.0,7,31
3,57,10,2.8,11.25163333009836,0.0,7,31
3,57,11,2.8,10.843779180557634,0.0,7,31
3,57,12,2.8,11.697249905734447,0.0,7,31
3,57,13,2.8,9.529921284253444,0.0,7,31
3,57,14,2.8,11.210405544505665,0.0,7,31
3,57,15,2.8,11.634028738682204,0.0,7,31
3,57,16,2.8,10.52276472414584,0.0,7,31
3,57,17,2.8,13.060708173144086,0.0,7,31
3,57,18,3.0,8.917097140060294,0.0,7,31
3,57,19,2.8,12.205657841923559,0.0,7,31
3,57,20,2.8,10.065867647149432,0.0,7,31
3,57,21,2.8,8.791925995332962,0.0,7,31
3,57,22,2.8,10.45414708926068,0.0,7,31
1,58,1,4.2,8.330230224595436,0.0,7,31
1,58,2,3.2,11.048232412933762,0.0,7,31
1,58,3,2.8,12.161877597430891,0.0,7,31
1,58,4,2.8,9.316008337802447,0.0,7,31
1,58,5,3.0,10.453751468301128,0.0,7,31
1,58,6,2.8,11.09907059228692,0.0,7,31
1,58,7,3.0,10.88958584382223,0.0,7,31
1,58,8,2.8,9.740426189421012,0.0,7,31
1,58,9,2.8,14.398242912386719,0.0,7,31
1,58,10,2.8,12.631399268252569,0.0,7,31
1,58,11,2.8,15.613623456057402,0.0,7,31
1,58,12,2.8,13.452918534990161,0.0,7,31
1,58,13,2.8,11.050759533163495,0.0,7,31
1,58,14,2.8,9.883236949879542,0.0,7,31
1,58,15,2.8,15.07900032753161,0.0,7,31
1,58,16,2.8,10.581163551437259,0.0,7,31
1,58,17,2.8,10.197245714797933,0.0,7,31
1,58,18,2.8,9.346530310777105,0.0,7,31
1,58,19,2.8,9.659466201340507,0.0,7,31
1,58,20,3.0,9.315167600061823,0.0,7,31
1,58,21,3.0,8.46477956549908,0.0,7,31
1,58,22,2.0,15.33795636981343,0.0,4,31
2,58,1,2.8,12.298694201575403,0.0,7,31
2,58,2,2.8,10.533415182746413,0.0,7,31
2,58,3,3.2,10.093870981288214,0.0,7,31
2,58,4,3.0,9.193582385825893,0.0,7,31
2,58,5,2.8,11.268139256637173,0.0,7,31
2,58,6,2.8,9.355485844122652,0.0,7,31
2,58,7,3.0,11.392493871938985,0.0,7,31
2,58,8,2.8,10.747977120026498,0.0,7,31
2,58,9,2.8,13.081742551205608,0.0,7,31
2,58,10,2.8,13.060251142504168,0.0,7,31
2,58,11,2.8,8.983139742882454,0.0,7,31
2,58,12,2.8,12.248755786162578,0.0,7,31
2,58,13,2.8,11.0622134502878,0.0,7,31
2,58,14,2.8,10.272510339561851,0.0,7,31
2,58,15,2.8,8.980123474796864,0.0,7,31
2,58,16,2.8,10.10952764542616,0.0,7,31
2,58,17,2.8,9.357270487370222,0.0,7,31
2,58,18,2.8,13.148476142751763,0.0,7,31
2,58,19,3.0,10.386052947781268,0.0,7,31
2,58,20,3.0,8.269431864528254,0.0,7,31
2,58,21,2.8,8.552895349292799,0.0,7,31
2,58,22,2.0,14.063294921379384,0.0,5,31
3,58,1,2.8,8.873373359822839,0.0,7,31
3,58,2,2.8,11.398913966760292,0.0,7,31
3,58,3,2.8,11.743455745066278,0.0,7,31
3,58,4,2.8,9.808459246119906,0.0,7,31
3,58,5,2.8,9.844524672982482,0.0,7,31
3,58,6,2.8,9.442324263360659,0.0,7,31
3,58,7,2.8,10.123115409590449,0.0,7,31
3,58,8,2.8,11.367605107362788,0.0,7,31
3,58,9,2.8,13.091038908777167,0.0,7,31
3,58,10,2.8,12.002364226616859,0.0,7,31
3,58,11,2.8,11.671513235212961,0.0,7,31
3,58,12,2.8,12.588020637260115,0.0,7,31
3,58,13,2.8,8.568627621292336,0.0,7,31
3,58,14,2.8,9.951786073014244,0.0,7,31
3,58,15,2.8,11.005966649571164,0.0,7,31
3,58,16,2.8,11.258854278815436,0.0,7,31
3,58,17,2.8,12.39878315067934,0.0,7,31
3,58,18,3.0,8.917097140060294,0.0,7,31
3,58,19,2.8,12.157135089324726,0.0,7,31
3,58,20,2.8,11.027786495468291,0.0,7,31
3,58,21,2.8,8.522405438166189,0.0,7,31
3,58,22,2.8,10.158951796873165,0.0,7,31
1,59,1,4.2,8.856690762313676,0.0,7,31
1,59,2,3.4,9.537615806048192,0.0,7,31
1,59,3,3.0,11.402667559111508,0.0,7,31
1,59,4,3.0,9.456778443809126,0.0,7,31
1,59,5,3.0,9.805002874349166,0.0,7,31
1,59,6,2.8,10.274602377326186,0.0,7,31
1,59,7,2.8,12.142384361754017,0.0,7,31
1,59,8,2.8,8.881541666501485,0.0,7,31
1,59,9,2.8,13.629114102617166,0.0,7,31
1,59,10,2.8,11.88125901202632,0.0,7,31
1,59,11,2.8,14.273193558477995,0.0,7,31
1,59,12,2.8,10.829910193323494,0.0,7,31
1,59,13,2.8,13.471142717369073,0.0,7,31
1,59,14,2.8,12.679321334336347,0.0,7,31
1,59,15,2.8,13.591191984678254,0.0,7,31
1,59,16,2.8,10.3278626161406,0.0,7,31
1,59,17,2.8,9.465214256936845,0.0,7,31
1,59,18,2.8,10.455604822680458,0.0,7,31
1,59,19,2.8,10.733372241590919,0.0,7,31
1,59,20,2.8,9.851764295297368,0.0,7,31
1,59,21,2.8,9.295271958268616,0.0,7,31
1,59,22,2.0,15.240974816862984,0.0,4,31
2,59,1,2.8,12.977171622557094,0.0,7,31
2,59,2,2.8,9.902407399003648,0.0,7,31
2,59,3,3.8,7.72794441412722,0.125,7,31
2,59,4,2.8,10.103749457406522,0.0,7,31
2,59,5,2.8,10.936924413532564,0.0,7,31
2,59,6,2.8,11.299089869423272,0.0,7,31
2,59,7,3.0,9.79880819591927,0.0,7,31
2,59,8,2.8,10.52063184738852,0.0,7,31
2,59,9,2.8,11.238373058715796,0.0,7,31
2,59,10,2.8,10.594425026954685,0.0,7,31
2,59,11,2.8,9.974877637113604,0.0,7,31
2,59,12,2.8,12.55875334067082,0.0,7,31
2,59,13,2.8,11.620850701768775,0.0,7,31
2,59,14,2.8,10.140859430258166,0.0,7,31
2,59,15,2.8,8.623477722627147,0.0,7,31
2,59,16,3.0,9.841316181302119,0.0,7,31
2,59,17,2.8,11.010943067270546,0.0,7,31
2,59,18,2.8,11.377006495498483,0.0,7,31
2,59,19,3.0,9.631006594834364,0.0,7,31
2,59,20,2.8,10.767453395279869,0.0,7,31
2,59,21,2.8,8.350732298401237,0.0,7,31
2,59,22,2.0,19.881744892395336,0.0,4,31
3,59,1,2.8,9.3337874202909,0.0,7,31
3,59,2,2.8,9.935981314906842,0.0,7,31
3,59,3,2.8,10.82861693044754,0.0,7,31
3,59,4,2.8,9.259054799038324,0.0,7,31
3,59,5,2.8,8.771509898547484,0.0,7,31
3,59,6,2.8,10.266516178776085,0.0,7,31
3,59,7,2.8,10.937780092572021,0.0,7,31
3,59,8,2.8,11.968204289304806,0.0,7,31
3,59,9,2.8,12.40091933692727,0.0,7,31
3,59,10,2.8,10.39138375223361,0.0,7,31
3,59,11,2.8,10.330917118890412,0.0,7,31
3,59,12,2.8,12.409238705723718,0.0,7,31
3,59,13,2.8,9.186388367304064,0.0,7,31
3,59,14,2.8,10.700464126677675,0.0,7,31
3,59,15,2.8,12.28853097073206,0.0,7,31
3,59,16,2.8,11.513182068449826,0.0,7,31
3,59,17,2.8,12.86835000591877,0.0,7,31
3,59,18,2.8,12.09370727040767,0.0,7,31
3,59,19,2.8,10.237769754526248,0.0,7,31
3,59,20,2.8,11.327487146369995,0.0,7,31
3,59,21,2.8,8.95738339434675,0.0,7,31
3,59,22,2.8,10.811284416822955,0.0,7,31
1,60,1,4.4,9.006415709241852,0.0,7,31
1,60,2,3.0,9.61487429755244,0.0,7,31
1,60,3,2.8,13.901352905249677,0.0,7,31
1,60,4,3.2,8.098282579470037,0.0,7,31
1,60,5,3.0,10.322362741646307,0.0,7,31
1,60,6,2.8,10.060494048539606,0.0,7,31
1,60,7,3.0,10.38816309286605,0.0,7,31
1,60,8,2.8,8.947478472507125,0.0,7,31
1,60,9,2.8,14.241088562308306,0.0,7,31
1,60,10,2.8,11.323126020023885,0.0,7,31
1,60,11,2.8,13.03793248365722,0.0,7,31
1,60,12,2.8,13.438220485800251,0.0,7,31
1,60,13,2.8,13.471142717369073,0.0,7,31
1,60,14,2.8,11.174536569974626,0.0,7,31
1,60,15,2.8,12.41513796754652,0.0,7,31
1,60,16,2.8,11.295846484960725,0.0,7,31
1,60,17,2.8,9.49504240122655,0.0,7,31
1,60,18,3.0,10.025178169787287,0.0,7,31
1,60,19,3.0,10.045500875207606,0.0,7,31
1,60,20,2.8,8.974070179428674,0.0,7,31
1,60,21,2.8,9.14525665481998,0.0,7,31
2,60,1,2.8,12.551078924864122,0.0,7,31
2,60,2,2.8,9.760186178499287,0.0,7,31
2,60,3,3.0,13.401704497090087,0.0,7,31
2,60,4,2.8,11.026552399022577,0.0,7,31
2,60,5,3.0,9.0371496636218,0.0,7,31
2,60,6,2.8,12.250920309193056,0.0,7,31
2,60,7,2.8,14.509948043813084,0.0,7,31
2,60,8,2.8,10.824757812137932,0.0,7,31
2,60,9,2.8,11.15026599290373,0.0,7,31
2,60,10,2.8,11.497845340453605,0.0,7,31
2,60,11,2.8,9.312722306997973,0.0,7,31
2,60,12,2.8,11.011126894167276,0.0,7,31
2,60,13,2.8,12.915130647079067,0.0,7,31
2,60,14,2.8,10.947338953080116,0.0,7,31
2,60,15,2.8,9.544082662004827,0.0,7,31
2,60,16,2.8,11.466962764017886,0.0,7,31
2,60,17,2.8,10.987679480404648,0.0,7,31
2,60,18,2.8,10.809222656826263,0.0,7,31
2,60,19,2.8,16.829781743576106,0.0,7,31
2,60,20,2.8,10.36841443409683,0.0,7,31
2,60,21,2.8,7.785181330885701,0.0,7,31
2,60,22,2.8,11.137031970774506,0.0,7,31
3,60,1,2.8,10.0220428980575,0.0,7,31
3,60,2,2.8,10.571412476237715,0.0,7,31
3,60,3,2.8,10.984197119737528,0.0,7,31
3,60,4,2.8,9.093851484026038,0.0,7,31
3,60,5,2.8,9.305322443536536,0.0,7,31
3,60,6,2.8,9.442324263360659,0.0,7,31
3,60,7,2.8,9.97453135766018,0.0,7,31
3,60,8,2.8,9.380114935812006,0.0,7,31
3,60,9,2.8,12.227375903093918,0.0,7,31
3,60,10,2.8,11.505631314515023,0.0,7,31
3,60,11,2.8,12.506859391266465,0.0,7,31
3,60,12,3.0,11.052295865110262,0.0,7,31
3,60,13,2.8,10.53033292950444,0.0,7,31
3,60,14,2.8,9.921025771983933,0.0,7,31
3,60,15,2.8,13.611288720323278,0.0,7,31
3,60,16,2.8,10.835733756207746,0.0,7,31
3,60,17,2.8,14.884379079928092,0.0,7,31
3,60,18,2.8,9.833435381310709,0.0,7,31
3,60,19,2.8,11.241032125378494,0.0,7,31
3,60,20,2.8,11.230275649297576,0.0,7,31
3,60,21,2.8,8.959353595849517,0.0,7,31
3,60,22,2.8,10.526115135647538,0.0,7,31
1,61,1,4.0,8.838876650465535,0.0,7,31
1,61,2,3.2,9.910978676948561,0.0,7,31
1,61,3,2.8,15.102709330060408,0.0,7,31
1,61,4,3.0,8.139201598115434,0.0,7,31
1,61,5,2.8,10.28892029495843,0.0,7,31
1,61,6,2.8,9.461934498687729,0.0,7,31
1,61,7,2.8,11.384193799024526,0.0,7,31
1,61,8,2.8,10.018384259011254,0.0,7,31
1,61,9,2.8,13.94890880141502,0.0,7,31
1,61,10,2.8,12.859267390910139,0.0,7,31
1,61,11,2.8,15.119769419216952,0.0,7,31
1,61,12,2.8,16.553964321200723,0.0,7,31
1,61,13,2.8,10.320187432783976,0.0,7,31
1,61,14,2.8,11.883322484000034,0.0,7,31
1,61,15,2.8,11.69045536449965,0.0,7,31
1,61,16,2.8,10.665095591823835,0.0,7,31
1,61,17,2.8,10.193362938221014,0.0,7,31
1,61,18,2.8,10.35858616870709,0.0,7,31
1,61,19,2.8,9.688158890600416,0.0,7,31
1,61,20,2.8,11.260068869067137,0.0,7,31
1,61,21,2.8,10.822619662124518,0.0,7,31
1,61,22,2.4,11.868582674047321,0.0,6,31
2,61,1,2.8,14.380770582989767,0.0,7,31
2,61,2,2.8,10.699254782735824,0.0,7,31
2,61,3,3.2,9.818403371289437,0.0,7,31
2,61,4,3.2,8.789383795897468,0.0,7,31
2,61,5,3.0,9.34899052389266,0.0,7,31
2,61,6,2.8,9.719034647972592,0.0,7,31
2,61,7,3.0,11.260048091389763,0.0,7,31
2,61,8,2.8,11.776592910232665,0.0,7,31
2,61,9,2.8,12.553156559071528,0.0,7,31
2,61,10,2.8,11.53340373618329,0.0,7,31
2,61,11,2.8,10.073451122049446,0.0,7,31
2,61,12,2.8,13.41252507271941,0.0,7,31
2,61,13,2.8,12.894887014390292,0.0,7,31
2,61,14,2.8,8.723402842159068,0.0,7,31
2,61,15,2.8,9.92488723016695,0.0,7,31
2,61,16,2.8,10.5430504701714,0.0,7,31
2,61,17,2.8,11.332359120248704,0.0,7,31
2,61,18,2.8,12.160598150466218,0.0,7,31
2,61,19,3.0,10.70859326357441,0.0,7,31
2,61,20,2.8,7.547163126913179,0.0,7,31
2,61,21,2.8,8.88984993561971,0.0,7,31
2,61,22,2.25,15.204250249812507,0.0,4,31
3,61,1,2.8,10.138333297399234,0.0,7,31
3,61,2,2.8,10.969579504101912,0.0,7,31
3,61,3,2.8,11.24677781002506,0.0,7,31
3,61,4,2.8,9.903755305843184,0.0,7,31
3,61,5,2.8,8.886208030110936,0.0,7,31
3,61,6,2.8,9.145811460837356,0.0,7,31
3,61,7,2.8,10.596670355249682,0.0,7,31
3,61,8,2.8,11.304572196259759,0.0,7,31
3,61,9,2.8,11.492171116222481,0.0,7,31
3,61,10,2.8,11.3772148633745,0.0,7,31
3,61,11,2.8,11.28391440724634,0.0,7,31
3,61,12,3.0,12.102018474179351,0.0,7,31
3,61,13,2.8,9.255495610516425,0.0,7,31
3,61,14,2.8,9.71613773903587,0.0,7,31
3,61,15,2.8,12.73285360952791,0.0,7,31
3,61,16,2.8,9.388620959358917,0.0,7,31
3,61,17,2.8,16.05665560805986,0.0,7,31
3,61,18,2.8,10.437564754362253,0.0,7,31
3,61,19,2.8,11.098247438893544,0.0,7,31
3,61,20,2.8,10.662507825216974,0.0,7,31
3,61,21,2.8,9.257703303081,0.0,7,31
3,61,22,2.8,10.436308581643504,0.0,7,31
1,62,1,4.2,8.948757154729316,0.0,7,31
1,62,2,3.4,11.889948148862636,0.0,7,31
1,62,3,3.0,10.471393151475086,0.0,7,31
1,62,4,2.8,11.462130219908781,0.0,7,31
1,62,5,3.0,9.80186550113439,0.0,7,31
1,62,6,2.8,10.266167280661435,0.0,7,31
1,62,7,2.8,12.008759298092283,0.0,7,31
1,62,8,2.8,10.389217161403387,0.0,7,31
1,62,9,2.8,15.994250836461546,0.0,7,31
1,62,10,2.8,10.397424114446155,0.0,7,31
1,62,11,2.8,18.140423527066538,0.0,7,31
1,62,12,2.8,11.691658927772226,0.0,7,31
1,62,13,2.8,11.605740713127876,0.0,7,31
1,62,14,2.8,11.032153843023778,0.0,7,31
1,62,15,2.8,17.077126262026848,0.0,7,31
1,62,16,2.8,10.322458781967454,0.0,7,31
1,62,17,2.8,11.044093979542668,0.0,7,31
1,62,18,2.8,10.724478803476995,0.0,7,31
1,62,19,3.2,9.975874387495985,0.0,7,31
1,62,20,2.8,10.320044503746216,0.0,7,31
1,62,21,2.8,11.346304338834218,0.0,7,31
2,62,1,2.8,13.032476060080857,0.0,7,31
2,62,2,2.8,9.188335608058404,0.0,7,31
2,62,3,3.2,10.194822221000063,0.0,7,31
2,62,4,2.8,10.708358730729493,0.0,7,31
2,62,5,2.8,9.712166987468189,0.0,7,31
2,62,6,2.8,10.522584974994384,0.0,7,31
2,62,7,3.0,12.411617876503499,0.0,7,31
2,62,8,2.8,9.749186486826298,0.0,7,31
2,62,9,2.8,12.058792188369102,0.0,7,31
2,62,10,2.8,13.134223951110037,0.0,7,31
2,62,11,2.8,9.032319838257335,0.0,7,31
2,62,12,2.8,13.315050296177123,0.0,7,31
2,62,13,2.8,13.613641408968524,0.0,7,31
2,62,14,2.8,10.380544431485955,0.0,7,31
2,62,15,2.8,9.756727138625365,0.0,7,31
2,62,16,3.0,10.880350405826713,0.0,7,31
2,62,17,2.8,10.737147533243197,0.0,7,31
2,62,18,2.8,10.860400667511971,0.0,7,31
2,62,19,3.0,11.995252991302936,0.0,7,31
2,62,20,2.8,9.350626264040256,0.0,7,31
2,62,21,2.8,8.573451890605291,0.0,7,31
2,62,22,2.2,13.35008572507981,0.0,5,31
3,62,1,2.8,9.057340598925286,0.0,7,31
3,62,2,2.8,11.169917321800401,0.0,7,31
3,62,3,2.8,11.97335349462933,0.0,7,31
3,62,4,2.8,9.503639061707327,0.0,7,31
3,62,5,2.8,9.2072644318341,0.0,7,31
3,62,6,2.8,9.515778395952896,0.0,7,31
3,62,7,2.8,9.598828104059926,0.0,7,31
3,62,8,2.8,10.940581695065609,0.0,7,31
3,62,9,2.8,10.78302804639426,0.0,7,31
3,62,10,2.8,10.607654100290432,0.0,7,31
3,62,11,2.8,10.710848393148039,0.0,7,31
3,62,12,2.8,10.789317690492094,0.0,7,31
3,62,13,2.8,9.063863659508366,0.0,7,31
3,62,14,2.8,11.048398594942668,0.0,7,31
3,62,15,2.8,10.96649828210072,0.0,7,31
3,62,16,2.8,9.673924897901294,0.0,7,31
3,62,17,2.8,14.115729128831306,0.0,7,31
3,62,18,3.0,9.411051890563057,0.0,7,31
3,62,19,2.8,12.479612040605945,0.0,7,31
3,62,20,2.8,10.338096903644592,0.0,7,31
3,62,21,2.8,8.766721718535194,0.0,7,31
3,62,22,2.8,11.473980040235718,0.0,7,31
1,63,1,4.0,10.080948233498274,0.0,7,31
1,63,2,3.2,10.44344339324406,0.0,7,31
1,63,3,2.8,13.45086187387204,0.0,7,31
1,63,4,3.0,7.842603094756764,0.0,7,31
1,63,5,2.8,11.333910509988945,0.0,7,31
1,63,6,2.8,10.01216526868849,0.0,7,31
1,63,7,2.8,9.484835747947393,0.0,7,31
1,63,8,2.8,10.36295645939352,0.0,7,31
1,63,9,2.8,12.739824915903014,0.0,7,31
1,63,10,2.8,9.525605511780936,0.0,7,31
1,63,11,2.8,14.536209822047866,0.0,7,31
1,63,12,2.8,13.51056888380233,0.0,7,31
1,63,13,2.8,10.337892128333147,0.0,7,31
1,63,14,2.8,12.371244191186701,0.0,7,31
1,63,15,2.8,12.808646552524204,0.0,7,31
1,63,16,2.8,9.342340843381855,0.0,7,31
1,63,17,2.8,11.176454001753068,0.0,7,31
1,63,18,2.8,10.539761960299495,0.0,7,31
1,63,19,2.8,9.130355174195223,0.0,7,31
1,63,20,2.8,11.496368636974552,0.0,7,31
1,63,21,2.8,10.114189609433678,0.0,7,31
1,63,22,2.4,11.082770788388094,0.0,5,31
2,63,1,3.2,12.366334431335728,0.0,7,31
2,63,2,2.8,9.574281157539625,0.0,7,31
2,63,3,3.2,11.282111074675447,0.0,7,31
2,63,4,3.0,10.292926030939162,0.0,7,31
2,63,5,2.8,10.206845597599344,0.0,7,31
2,63,6,2.8,10.467555524324522,0.0,7,31
2,63,7,2.8,12.219642810847779,0.0,7,31
2,63,8,2.8,9.927521645181509,0.0,7,31
2,63,9,2.8,11.288336487074599,0.0,7,31
2,63,10,2.8,12.257415872088474,0.0,7,31
2,63,11,2.8,8.50400298623461,0.0,7,31
2,63,12,2.8,12.09094700877348,0.0,7,31
2,63,13,2.8,12.366010566720195,0.0,7,31
2,63,14,2.8,10.002223489538599,0.0,7,31
2,63,15,2.8,8.976630317614035,0.0,7,31
2,63,16,3.0,9.66019187727389,0.0,7,31
2,63,17,2.8,11.146482959068615,0.0,7,31
2,63,18,2.8,10.473786228410201,0.0,7,31
2,63,19,2.8,10.477495278647096,0.0,7,31
2,63,20,2.8,9.887092265500817,0.0,7,31
2,63,21,2.8,8.649661903707537,0.0,7,31
2,63,22,2.0,14.03103229574883,0.0,5,31
3,63,1,2.8,8.860518395164394,0.0,7,31
3,63,2,2.8,12.194365509440644,0.0,7,31
3,63,3,2.8,11.67619810494942,0.0,7,31
3,63,4,2.8,9.87178486832648,0.0,7,31
3,63,5,2.8,8.647491110761958,0.0,7,31
3,63,6,2.8,9.024359607448938,0.0,7,31
3,63,7,2.8,10.17363205105077,0.0,7,31
3,63,8,2.8,9.816727146929598,0.0,7,31
3,63,9,2.8,13.147320238643772,0.0,7,31
3,63,10,2.8,10.663135644234645,0.0,7,31
3,63,11,2.8,9.738720041795329,0.0,7,31
3,63,12,3.0,10.648212021061639,0.0,7,31
3,63,13,2.8,11.926680741634906,0.0,7,31
3,63,14,2.8,10.253677059439884,0.0,7,31
3,63,15,2.8,11.822208646313582,0.0,7,31
3,63,16,2.8,10.48286365373825,0.0,7,31
3,63,17,2.8,13.594140338081747,0.0,7,31
3,63,18,2.8,9.929219749976827,0.0,7,31
3,63,19,2.8,12.713074570985343,0.0,7,31
3,63,20,2.8,9.8868787431809,0.0,7,31
3,63,21,2.8,9.285814300032527,0.0,7,31
3,63,22,2.8,12.455373441894306,0.0,7,31
1,64,1,4.0,8.661022839822435,0.0,7,31
1,64,2,3.0,11.25369601878877,0.0,7,31
1,64,3,2.8,12.593440807062557,0.0,7,31
1,64,4,3.0,8.202384084308457,0.0,7,31
1,64,5,2.8,13.922005260313664,0.0,7,31
1,64,6,2.8,10.407807057326272,0.0,7,31
1,64,7,3.0,8.799729639438809,0.0,7,31
1,64,8,2.8,10.205010499808658,0.0,7,31
1,64,9,2.8,12.051884137513715,0.0,7,31
1,64,10,2.8,12.914384804169364,0.0,7,31
1,64,11,2.8,14.895525268784475,0.0,7,31
1,64,12,2.8,15.064194064385484,0.0,7,31
1,64,13,2.8,10.481746987910471,0.0,7,31
1,64,14,2.8,11.721518694235252,0.0,7,31
1,64,15,2.8,12.727487669124153,0.0,7,31
1,64,16,2.8,9.549611746926217,0.0,7,31
1,64,17,2.8,11.094148873173848,0.0,7,31
1,64,18,2.8,10.902056435409545,0.0,7,31
1,64,19,2.8,8.720744009021484,0.0,7,31
1,64,20,2.8,10.815460508184003,0.0,7,31
1,64,21,2.8,9.078086017814789,0.0,7,31
1,64,22,2.4,10.430537671395461,0.0,5,31
2,64,1,3.2,12.860385183232768,0.0,7,31
2,64,2,3.0,9.945772081647501,0.0,7,31
2,64,3,3.0,10.902791267521316,0.0,7,31
2,64,4,2.8,10.632617731611514,0.0,7,31
2,64,5,2.8,9.442623339275308,0.0,7,31
2,64,6,2.8,10.253175262847071,0.0,7,31
2,64,7,3.0,12.116270902614442,0.0,7,31
2,64,8,2.8,9.046483173703434,0.0,7,31
2,64,9,2.8,10.944925122924088,0.0,7,31
2,64,10,2.8,10.902701515733844,0.0,7,31
2,64,11,2.8,9.62857627909086,0.0,7,31
2,64,12,2.8,11.49986284179287,0.0,7,31
2,64,13,2.8,11.816508148409444,0.0,7,31
2,64,14,2.8,10.051537840410598,0.0,7,31
2,64,15,2.8,8.573943922471003,0.0,7,31
2,64,16,3.0,11.158230485812963,0.0,7,31
2,64,17,2.8,10.424542381857242,0.0,7,31
2,64,18,2.8,10.367263545818878,0.0,7,31
2,64,19,3.0,9.554330289638612,0.0,7,31
2,64,20,2.8,9.24741543936703,0.0,7,31
2,64,21,3.0,8.246079925321524,0.0,7,31
2,64,22,2.0,23.399788000813082,0.0,4,31
3,64,1,2.8,10.631795878222883,0.0,7,31
3,64,2,2.8,11.12926648446895,0.0,7,31
3,64,3,2.8,10.494177928293256,0.0,7,31
3,64,4,2.8,8.59542314628597,0.0,7,31
3,64,5,2.8,9.844524672982555,0.0,7,31
3,64,6,2.8,10.266516178776085,0.0,7,31
3,64,7,2.8,9.958290823649877,0.0,7,31
3,64,8,2.8,12.182760057060912,0.0,7,31
3,64,9,2.8,12.082444557238436,0.0,7,31
3,64,10,2.8,10.988828514303803,0.0,7,31
3,64,11,2.8,10.710848393148039,0.0,7,31
3,64,12,3.0,10.574570555906183,0.0,7,31
3,64,13,3.0,8.847056537923265,0.0,7,31
3,64,14,2.8,11.980313503582744,0.0,7,31
3,64,15,2.8,10.850684068107773,0.0,7,31
3,64,16,2.8,10.223498355999208,0.0,7,31
3,64,17,2.8,16.83001548846026,0.0,7,31
3,64,18,3.0,10.28925435928823,0.0,7,31
3,64,19,2.8,11.678925866558574,0.0,7,31
3,64,20,2.8,11.12784776003524,0.0,7,31
3,64,21,2.8,8.180896833905637,0.0,7,31
3,64,22,2.8,10.193014770540637,0.0,7,31
1,65,1,4.0,8.723714462683033,0.0,7,31
1,65,2,3.2,11.58817156533882,0.0,7,31
1,65,3,3.0,12.514402021114872,0.0,7,31
1,65,4,2.8,9.53716983744962,0.0,7,31
1,65,5,2.8,11.869707048187298,0.0,7,31
1,65,6,2.8,10.630341273286955,0.0,7,31
1,65,7,2.8,10.890421096657892,0.0,7,31
1,65,8,2.8,10.398721812002194,0.0,7,31
1,65,9,2.8,14.989853763135182,0.0,7,31
1,65,10,2.8,10.272567142737813,0.0,7,31
1,65,11,2.8,15.390073615101889,0.0,7,31
1,65,12,2.8,16.241644930577095,0.0,7,31
1,65,13,2.8,9.752324492051747,0.0,7,31
1,65,14,2.8,12.396694212473987,0.0,7,31
1,65,15,2.8,12.946236166809676,0.0,7,31
1,65,16,2.8,10.534584006508222,0.0,7,31
1,65,17,2.8,12.78945173467983,0.0,7,31
1,65,18,3.0,9.562054117781093,0.0,7,31
1,65,19,3.0,10.007849087082562,0.0,7,31
1,65,20,2.8,9.686284139135973,0.0,7,31
1,65,21,2.8,11.740016419614427,0.0,7,31
1,65,22,2.5,10.649123275205485,0.0,4,31
2,65,1,3.2,12.726584342974794,0.0,7,31
2,65,2,3.2,9.761604474268037,0.0,7,31
2,65,3,3.6,7.077697772368172,0.0,7,31
2,65,4,3.4,7.895858506799815,0.0,7,31
2,65,5,2.8,9.85184421356592,0.0,7,31
2,65,6,2.8,9.715641374732675,0.0,7,31
2,65,7,3.0,9.672074068343955,0.0,7,31
2,65,8,2.8,11.661243894385418,0.0,7,31
2,65,9,2.8,10.067376261377925,0.0,7,31
2,65,10,2.8,9.342808279751823,0.0,7,31
2,65,11,2.8,12.96272416111988,0.0,7,31
2,65,12,2.8,11.331190818241323,0.0,7,31
2,65,13,2.8,10.859373703321204,0.0,7,31
2,65,14,2.8,9.559957363532543,0.0,7,31
2,65,15,2.8,11.065120443684714,0.0,7,31
2,65,16,2.8,12.045348509744715,0.0,7,31
2,65,17,2.8,11.528408919972966,0.0,7,31
2,65,18,2.8,15.323076270259882,0.0,7,31
2,65,19,2.8,11.081086820874203,0.0,7,31
2,65,20,2.8,7.786487971687325,0.0,7,31
2,65,21,2.8,9.137732890088351,0.0,7,31
3,65,1,2.8,10.005647406124558,0.0,7,31
3,65,2,2.8,11.210866210868861,0.0,7,31
3,65,3,2.8,10.677382464528327,0.0,7,31
3,65,4,2.8,10.33904321089063,0.0,7,31
3,65,5,2.8,8.598860021767127,0.0,7,31
3,65,6,2.8,9.620555284917971,0.0,7,31
3,65,7,2.8,9.194773302646743,0.0,7,31
3,65,8,2.8,10.544478967442132,0.0,7,31
3,65,9,2.8,10.97654970753219,0.0,7,31
3,65,10,2.8,11.527316426446214,0.0,7,31
3,65,11,2.8,10.296134196525887,0.0,7,31
3,65,12,2.8,10.808384488536898,0.0,7,31
3,65,13,2.8,9.529921284253376,0.0,7,31
3,65,14,2.8,9.53297676031768,0.0,7,31
3,65,15,2.8,10.406707701934666,0.0,7,31
3,65,16,2.8,11.363445986651998,0.0,7,31
3,65,17,2.8,14.01866600608098,0.0,7,31
3,65,18,3.0,9.94673735589951,0.0,7,31
3,65,19,2.8,12.061237847620049,0.0,7,31
3,65,20,2.8,10.909760461205616,0.0,7,31
3,65,21,2.8,8.998900307050452,0.0,7,31
3,65,22,2.8,11.221362257499788,0.0,7,31
1,66,1,4.2,9.05634784317147,0.0,7,31
1,66,2,3.0,12.676054896174401,0.0,7,31
1,66,3,2.8,13.331828510561806,0.0,7,31
1,66,4,3.0,7.863069956390694,0.0,7,31
1,66,5,2.8,11.376705721903537,0.0,7,31
1,66,6,2.8,9.244208735475791,0.0,7,31
1,66,7,2.8,9.469930284692989,0.0,7,31
1,66,8,2.8,9.838461361416403,0.0,7,31
1,66,9,2.8,14.450659569297352,0.0,7,31
1,66,10,2.8,11.335352575238883,0.0,7,31
1,66,11,2.8,12.014740383719241,0.0,7,31
1,66,12,2.8,18.655090390210802,0.0,7,31
1,66,13,2.8,10.648445325590476,0.0,7,31
1,66,14,2.8,14.517065734022246,0.0,7,31
1,66,15,2.8,11.828134398749027,0.0,7,31
1,66,16,2.8,9.862189404000986,0.0,7,31
1,66,17,2.8,10.624697424184907,0.0,7,31
1,66,18,3.0,9.253696538724883,0.0,7,31
1,66,19,3.0,9.532890765653528,0.0,7,31
1,66,20,2.8,10.663277601683244,0.0,7,31
1,66,21,3.0,8.978053627720696,0.0,7,31
1,66,22,2.25,12.528422410651972,0.0,4,31
2,66,1,2.8,13.582370211361765,0.0,7,31
2,66,2,2.8,10.390259502822875,0.0,7,31
2,66,3,3.2,10.40290617146106,0.0,7,31
2,66,4,3.2,9.725830171799268,0.0,7,31
2,66,5,2.8,11.723119877813675,0.0,7,31
2,66,6,2.8,9.54883208277757,0.0,7,31
2,66,7,3.0,11.699097287807904,0.0,7,31
2,66,8,2.8,9.660938862019217,0.0,7,31
2,66,9,2.8,11.144355239007268,0.0,7,31
2,66,10,2.8,14.845915869602829,0.0,7,31
2,66,11,2.8,8.353018201520927,0.0,7,31
2,66,12,2.8,14.1628291873586,0.0,7,31
2,66,13,2.8,11.839382099903505,0.0,7,31
2,66,14,2.8,10.835037101458168,0.0,7,31
2,66,15,2.8,9.796164896571979,0.0,7,31
2,66,16,3.0,10.919180016861237,0.0,7,31
2,66,17,2.8,12.644340051195808,0.0,7,31
2,66,18,2.8,10.491753195465153,0.0,7,31
2,66,19,3.2,8.931195891254754,0.0,7,31
2,66,20,2.8,10.490427450706042,0.0,7,31
2,66,21,2.8,8.305372961963764,0.0,7,31
2,66,22,2.0,17.785890435524372,0.0,4,31
3,66,1,2.8,10.522051744802859,0.0,7,31
3,66,2,2.8,11.484530911956803,0.0,7,31
3,66,3,2.8,9.649758809121318,0.0,7,31
3,66,4,2.8,9.730435628967061,0.0,7,31
3,66,5,2.8,9.017220356603579,0.0,7,31
3,66,6,2.8,9.884883558088914,0.0,7,31
3,66,7,2.8,9.583787046631933,0.0,7,31
3,66,8,2.8,11.761074996461364,0.0,7,31
3,66,9,2.8,13.615612975721804,0.0,7,31
3,66,10,2.8,12.391437570637489,0.0,7,31
3,66,11,2.8,12.158771434696698,0.0,7,31
3,66,12,2.8,11.925324533722069,0.0,7,31
3,66,13,2.8,10.640785007924956,0.0,7,31
3,66,14,2.8,9.230834284608452,0.0,7,31
3,66,15,2.8,12.046492946545085,0.0,7,31
3,66,16,2.8,10.763505666564583,0.0,7,31
3,66,17,2.8,14.347522640286158,0.0,7,31
3,66,18,3.0,10.827153392387462,0.0,7,31
3,66,19,2.8,11.472984204541495,0.0,7,31
3,66,20,2.8,10.71856617527343,0.0,7,31
3,66,21,2.8,8.93318166052544,0.0,7,31
3,66,22,2.8,9.6614704261258,0.0,7,31
1,67,1,4.4,7.886627693007377,0.0,7,31
1,67,2,3.0,10.576800271491976,0.0,7,31
1,67,3,2.8,12.700144229211862,0.0,7,31
1,67,4,3.0,8.613141533587825,0.0,7,31
1,67,5,3.0,11.949723215374602,0.0,7,31
1,67,6,2.8,9.855841318227498,0.0,7,31
1,67,7,2.8,9.085349991930158,0.0,7,31
1,67,8,2.8,10.728929401513575,0.0,7,31
1,67,9,2.8,13.495380557620976,0.0,7,31
1,67,10,2.8,10.370618959498932,0.0,7,31
1,67,11,2.8,13.42258805491483,0.0,7,31
1,67,12,2.8,13.697553417946674,0.0,7,31
1,67,13,2.8,13.779938733425547,0.0,7,31
1,67,14,2.8,11.892175340647665,0.0,7,31
1,67,15,2.8,15.003911396963055,0.0,7,31
1,67,16,2.8,11.148880097474208,0.0,7,31
1,67,17,2.8,10.517607900069887,0.0,7,31
1,67,18,3.0,9.12449468286694,0.0,7,31
1,67,19,3.0,10.093889746980288,0.0,7,31
1,67,20,2.8,10.923249007684214,0.0,7,31
1,67,21,2.8,10.1398849764981,0.0,7,31
2,67,1,2.8,14.621424471376335,0.0,7,31
2,67,2,2.8,10.425682383826533,0.0,7,31
2,67,3,3.6,9.148268098761198,0.125,7,31
2,67,4,2.8,9.735598555352825,0.0,7,31
2,67,5,2.8,11.22812437122216,0.0,7,31
2,67,6,2.8,9.969066394126546,0.0,7,31
2,67,7,3.0,12.286652859964391,0.0,7,31
2,67,8,2.8,9.676223255648408,0.0,7,31
2,67,9,2.8,10.548513523863344,0.0,7,31
2,67,10,2.8,11.946176730502922,0.0,7,31
2,67,11,2.8,9.782582619039898,0.0,7,31
2,67,12,2.8,11.18442020453442,0.0,7,31
2,67,13,2.8,13.4541072593922,0.0,7,31
2,67,14,2.8,10.758798108331183,0.0,7,31
2,67,15,2.8,9.49209653845179,0.0,7,31
2,67,16,3.0,10.70887503448285,0.0,7,31
2,67,17,2.8,13.3334720740734,0.0,7,31
2,67,18,2.8,11.67319646461208,0.0,7,31
2,67,19,3.0,10.36382360644051,0.0,7,31
2,67,20,2.8,9.764122796944712,0.0,7,31
2,67,21,2.8,8.566125695107129,0.0,7,31
2,67,22,2.25,13.868320599771453,0.0,4,31
3,67,1,2.8,9.362363087593822,0.0,7,31
3,67,2,2.8,10.776301376921758,0.0,7,31
3,67,3,2.8,11.063675819059483,0.0,7,31
3,67,4,2.8,10.571358342077044,0.0,7,31
3,67,5,2.8,9.765928518562722,0.0,7,31
3,67,6,2.8,9.398793600751823,0.0,7,31
3,67,7,2.8,9.690075318951905,0.0,7,31
3,67,8,2.8,10.960187351658202,0.0,7,31
3,67,9,2.8,11.91764116160924,0.0,7,31
3,67,10,2.8,10.663135644234558,0.0,7,31
3,67,11,2.8,9.86437641028641,0.0,7,31
3,67,12,2.8,11.413478809689337,0.0,7,31
3,67,13,2.8,8.99719625275087,0.0,7,31
3,67,14,2.8,10.626100676189424,0.0,7,31
3,67,15,2.8,10.147710143975667,0.0,7,31
3,67,16,2.8,9.46434750894459,0.0,7,31
3,67,17,2.8,12.950091004668554,0.0,7,31
3,67,18,3.0,9.498747685683222,0.0,7,31
3,67,19,2.8,12.353578289957827,0.0,7,31
3,67,20,2.8,9.607330076754641,0.0,7,31
3,67,21,2.8,8.679633452038825,0.0,7,31
3,67,22,2.8,10.691723142317212,0.0,7,31
1,68,1,4.4,8.22013140754693,0.0,7,31
1,68,2,3.0,10.503060962611862,0.0,7,31
1,68,3,3.0,9.988201943822359,0.0,7,31
1,68,4,3.2,8.917323928405885,0.0,7,31
1,68,5,2.8,10.456414762974779,0.0,7,31
1,68,6,2.8,9.99375547791937,0.0,7,31
1,68,7,2.8,12.32813944196026,0.0,7,31
1,68,8,2.8,10.627406518359358,0.0,7,31
1,68,9,2.8,14.70616130740434,0.0,7,31
1,68,10,2.8,9.586894874964655,0.0,7,31
1,68,11,2.8,15.483597938185058,0.0,7,31
1,68,12,2.8,12.491440676363496,0.0,7,31
1,68,13,2.8,12.600737222381047,0.0,7,31
1,68,14,2.8,10.244442985756091,0.0,7,31
1,68,15,2.8,15.780258257375708,0.0,7,31
1,68,16,2.8,11.041163466614698,0.0,7,31
1,68,17,2.8,8.725362505695458,0.0,7,31
1,68,18,3.0,9.307136178197839,0.0,7,31
1,68,19,2.8,11.275635088486206,0.0,7,31
1,68,20,2.8,10.377716641550746,0.0,7,31
1,68,21,2.8,10.174124598228387,0.0,7,31
2,68,1,2.8,13.462780635815768,0.0,7,31
2,68,2,2.8,10.569822602139261,0.0,7,31
2,68,3,3.2,10.788249604459418,0.0,7,31
2,68,4,3.2,9.268910291300863,0.0,7,31
2,68,5,2.8,11.228124371222112,0.0,7,31
2,68,6,2.8,9.519108611051777,0.0,7,31
2,68,7,3.0,14.364309848543119,0.0,7,31
2,68,8,2.8,9.451917679713414,0.0,7,31
2,68,9,2.8,10.696094191159863,0.0,7,31
2,68,10,2.8,10.961320902320827,0.0,7,31
2,68,11,2.8,8.978385012236394,0.0,7,31
2,68,12,2.8,15.608590853048094,0.0,7,31
2,68,13,2.8,11.008312504646186,0.0,7,31
2,68,14,2.8,10.554567936501124,0.0,7,31
2,68,15,2.8,9.749318670730469,0.0,7,31
2,68,16,2.8,11.62113660326398,0.0,7,31
2,68,17,2.8,10.171013795265779,0.0,7,31
2,68,18,2.8,12.063782622466125,0.0,7,31
2,68,19,3.0,9.439747809873715,0.0,7,31
2,68,20,2.8,8.99963710419787,0.0,7,31
2,68,21,2.8,8.723686050481204,0.0,7,31
2,68,22,2.0,15.606343905329078,0.0,5,31
3,68,1,2.8,8.647545703915627,0.0,7,31
3,68,2,2.8,10.201137868675302,0.0,7,31
3,68,3,2.8,12.115664104343526,0.0,7,31
3,68,4,2.8,10.738404332724372,0.0,7,31
3,68,5,2.8,9.78154719023999,0.0,7,31
3,68,6,2.8,9.981677762292113,0.0,7,31
3,68,7,2.8,10.802549025957912,0.0,7,31
3,68,8,2.8,10.210030831781172,0.0,7,31
3,68,9,2.8,13.525283842927227,0.0,7,31
3,68,10,2.8,11.06837449349479,0.0,7,31
3,68,11,2.8,11.263134574083594,0.0,7,31
3,68,12,2.8,10.94376261187178,0.0,7,31
3,68,13,2.8,8.944564313019473,0.0,7,31
3,68,14,2.8,10.066442415893514,0.0,7,31
3,68,15,2.8,11.126094914206286,0.0,7,31
3,68,16,2.8,10.022689723653043,0.0,7,31
3,68,17,2.8,15.165785150595031,0.0,7,31
3,68,18,2.8,13.21753961878049,0.0,7,31
3,68,19,2.8,10.537630947156021,0.0,7,31
3,68,20,2.8,12.307654736537845,0.0,7,31
3,68,21,2.8,9.02345992947913,0.0,7,31
3,68,22,2.8,9.949501840193712,0.0,7,31
1,69,1,4.2,8.30726271919251,0.0,7,31
1,69,2,3.0,11.8299670705379,0.0,7,31
1,69,3,2.8,13.789439530453414,0.0,7,31
1,69,4,3.2,7.07150662711605,0.0,7,31
1,69,5,2.8,10.671935807036455,0.0,7,31
1,69,6,2.8,10.373055273685138,0.0,7,31
1,69,7,3.0,11.738055667326982,0.0,7,31
1,69,8,2.8,9.78788940412871,0.0,7,31
1,69,9,2.8,13.495380557620976,0.0,7,31
1,69,10,2.8,12.09882188094798,0.0,7,31
1,69,11,2.8,14.592746532897165,0.0,7,31
1,69,12,2.8,12.82311981278363,0.0,7,31
1,69,13,2.8,12.068845803976506,0.0,7,31
1,69,14,2.8,12.058758394600673,0.0,7,31
1,69,15,2.8,16.571845654807916,0.0,7,31
1,69,16,2.8,10.345019518539651,0.0,7,31
1,69,17,2.8,10.89802828844274,0.0,7,31
1,69,18,3.0,8.975007076064738,0.0,7,31
1,69,19,2.8,11.010937638925727,0.0,7,31
1,69,20,2.8,10.304666744847761,0.0,7,31
1,69,21,2.8,10.036520062381692,0.0,7,31
1,69,22,2.25,10.32758519483207,0.0,4,31
2,69,1,2.8,14.380770582989767,0.0,7,31
2,69,2,2.8,9.133450475285462,0.0,7,31
2,69,3,3.0,13.2277956147747,0.0,7,31
2,69,4,3.2,8.380367759628628,0.0,7,31
2,69,5,2.8,9.635027222980753,0.0,7,31
2,69,6,2.8,9.077771328462388,0.0,7,31
2,69,7,2.8,12.685986735766802,0.0,7,31
2,69,8,2.8,11.11320916671333,0.0,7,31
2,69,9,2.8,11.75743419191444,0.0,7,31
2,69,10,2.8,12.671620882307373,0.0,7,31
2,69,11,2.8,9.16770875570358,0.0,7,31
2,69,12,2.8,11.937649003378475,0.0,7,31
2,69,13,2.8,13.005715234752618,0.0,7,31
2,69,14,2.8,12.058813375100163,0.0,7,31
2,69,15,2.8,10.457373843481028,0.0,7,31
2,69,16,2.8,11.306204159489173,0.0,7,31
2,69,17,2.8,11.845868875408437,0.0,7,31
2,69,18,2.8,9.788866559615546,0.0,7,31
2,69,19,2.8,14.73159526116043,0.0,7,31
2,69,20,2.8,8.878786160595684,0.0,7,31
2,69,21,2.8,8.92228104784563,0.0,7,31
2,69,22,2.6,12.163794290307466,0.0,6,31
3,69,1,2.8,10.10483299706949,0.0,7,31
3,69,2,2.8,11.794591965045864,0.0,7,31
3,69,3,2.8,10.733597743423491,0.0,7,31
3,69,4,2.8,9.189496114976212,0.0,7,31
3,69,5,2.8,9.235069488178066,0.0,7,31
3,69,6,2.8,9.456924228540458,0.0,7,31
3,69,7,2.8,10.023572353931232,0.0,7,31
3,69,8,2.8,10.748315113928316,0.0,7,31
3,69,9,2.8,11.871377031712518,0.0,7,31
3,69,10,2.8,11.25163333009836,0.0,7,31
3,69,11,2.8,9.64655875170777,0.0,7,31
3,69,12,3.0,11.235018266640214,0.0,7,31
3,69,13,2.8,9.899683323721282,0.0,7,31
3,69,14,2.8,9.47529725635305,0.0,7,31
3,69,15,2.8,11.776681070175842,0.0,7,31
3,69,16,2.8,8.572723961289519,0.0,7,31
3,69,17,2.8,13.840238465433195,0.0,7,31
3,69,18,2.8,10.922189093654247,0.0,7,31
3,69,19,2.8,13.409925643572949,0.0,7,31
3,69,20,2.8,11.087762359502726,0.0,7,31
3,69,21,2.8,9.119663268011303,0.0,7,31
3,69,22,2.8,10.544262239075787,0.0,7,31
1,70,1,4.0,9.189324073547562,0.0,7,31
1,70,2,3.0,14.645085395479715,0.0,7,31
1,70,3,2.8,16.047785003373008,0.0,7,31
1,70,4,3.0,8.998532489071925,0.0,7,31
1,70,5,2.8,12.744275081537507,0.0,7,31
1,70,6,2.8,10.35415774662519,0.0,7,31
1,70,7,2.8,9.11886535108262,0.0,7,31
1,70,8,2.8,10.092917947603604,0.0,7,31
1,70,9,2.8,12.445639224121345,0.0,7,31
1,70,10,2.8,9.7648281613721,0.0,7,31
1,70,11,2.8,12.93253426992549,0.0,7,31
1,70,12,2.8,17.532106989716343,0.0,7,31
1,70,13,2.8,10.11134666148982,0.0,7,31
1,70,14,2.8,11.867247430973594,0.0,7,31
1,70,15,2.8,13.504235874157366,0.0,7,31
1,70,16,2.8,10.968515871790954,0.0,7,31
1,70,17,2.8,11.412693323691633,0.0,7,31
1,70,18,2.8,9.58701346153713,0.0,7,31
1,70,19,3.0,9.624922647298359,0.0,7,31
1,70,20,2.8,10.606068070401152,0.0,7,31
1,70,21,2.8,11.774199382245547,0.0,7,31
1,70,22,2.4,11.986624150647511,0.0,6,31
2,70,1,2.8,13.828038517437568,0.0,7,31
2,70,2,2.8,10.065372130649438,0.0,7,31
2,70,3,3.2,9.771344721739226,0.0,7,31
2,70,4,3.0,9.627746237915117,0.0,7,31
2,70,5,2.8,10.180302153687828,0.0,7,31
2,70,6,2.8,11.105132329262783,0.0,7,31
2,70,7,2.8,13.350584336746651,0.0,7,31
2,70,8,2.8,9.687419067535249,0.0,7,31
2,70,9,2.8,12.553823684263344,0.0,7,31
2,70,10,2.8,13.334674793507167,0.0,7,31
2,70,11,2.8,9.783642008809272,0.0,7,31
2,70,12,2.8,12.759492547269222,0.0,7,31
2,70,13,2.8,13.346279199121721,0.0,7,31
2,70,14,2.8,11.871561825856974,0.0,7,31
2,70,15,2.8,9.573463008819322,0.0,7,31
2,70,16,2.8,11.49749114204246,0.0,7,31
2,70,17,2.8,10.188302139266545,0.0,7,31
2,70,18,2.8,10.530440800302987,0.0,7,31
2,70,19,3.0,13.229119672334285,0.0,7,31
2,70,20,2.8,9.013539742091833,0.0,7,31
2,70,21,2.8,8.965079631709052,0.0,7,31
2,70,22,2.4,10.022619173422497,0.0,6,31
3,70,1,2.8,9.319564900638667,0.0,7,31
3,70,2,2.8,11.009070093222945,0.0,7,31
3,70,3,2.8,9.947972540786093,0.0,7,31
3,70,4,2.8,10.184101418574025,0.0,7,31
3,70,5,2.8,9.376652447785014,0.0,7,31
3,70,6,2.8,9.384372435690578,0.0,7,31
3,70,7,2.8,10.258956247795632,0.0,7,31
3,70,8,2.8,9.89614640693239,0.0,7,31
3,70,9,2.8,12.579459907315309,0.0,7,31
3,70,10,2.8,11.028458068605094,0.0,7,31
3,70,11,2.8,10.296134196525887,0.0,7,31
3,70,12,3.0,9.795510985689171,0.0,7,31
3,70,13,3.0,9.97219849441399,0.0,7,31
3,70,14,2.8,9.121542083395033,0.0,7,31
3,70,15,2.8,11.635075654685188,0.0,7,31
3,70,16,2.8,9.797684931697107,0.0,7,31
3,70,17,2.8,14.445070189752856,0.0,7,31
3,70,18,3.0,10.11902071807952,0.0,7,31
3,70,19,2.8,12.803569123976173,0.0,7,31
3,70,20,2.8,9.776051478377342,0.0,7,31
3,70,21,2.8,9.133852049350484,0.0,7,31
3,70,22,2.8,10.025924908263462,0.0,7,31
1,71,1,4.2,8.804926966846764,0.0,7,31
1,71,2,3.4,10.593965767623201,0.0,7,31
1,71,3,2.8,10.723867953743088,0.0,7,31
1,71,4,3.0,8.742467829538858,0.0,7,31
1,71,5,2.8,11.866889898352085,0.0,7,31
1,71,6,2.8,10.527341117484427,0.0,7,31
1,71,7,2.8,10.971002742947134,0.0,7,31
1,71,8,2.8,10.23682817512043,0.0,7,31
1,71,9,2.8,14.46737794962153,0.0,7,31
1,71,10,2.8,10.370618959498922,0.0,7,31
1,71,11,2.8,14.114236181446028,0.0,7,31
1,71,12,2.8,13.666488598906504,0.0,7,31
1,71,13,2.8,11.363337361919314,0.0,7,31
1,71,14,2.8,11.248421594649896,0.0,7,31
1,71,15,2.8,14.058795127841023,0.0,7,31
1,71,16,2.8,10.751064691768287,0.0,7,31
1,71,17,2.8,9.799269858711714,0.0,7,31
1,71,18,3.0,10.676435761567612,0.0,7,31
1,71,19,3.0,10.043420093606148,0.0,7,31
1,71,20,2.8,10.306717831809797,0.0,7,31
1,71,21,2.8,11.153330071758308,0.0,7,31
2,71,1,3.2,12.097277420723225,0.0,7,31
2,71,2,2.8,9.340337261910284,0.0,7,31
2,71,3,3.2,10.294632747042094,0.0,7,31
2,71,4,3.0,8.887049155000293,0.0,7,31
2,71,5,2.8,9.22189449982791,0.0,7,31
2,71,6,2.8,9.5223219727855,0.0,7,31
2,71,7,3.0,10.802622678863948,0.0,7,31
2,71,8,2.8,11.708956258376636,0.0,7,31
2,71,9,2.8,10.763695092468359,0.0,7,31
2,71,10,2.8,12.008963741700047,0.0,7,31
2,71,11,2.8,10.860504055814602,0.0,7,31
2,71,12,2.8,11.694291278644101,0.0,7,31
2,71,13,2.8,10.800034261896819,0.0,7,31
2,71,14,2.8,9.910802862635558,0.0,7,31
2,71,15,2.8,9.405932634913146,0.0,7,31
2,71,16,2.8,10.634711557548254,0.0,7,31
2,71,17,2.8,12.911264243073528,0.0,7,31
2,71,18,2.8,11.519297104316676,0.0,7,31
2,71,19,2.8,10.406188282063303,0.0,7,31
2,71,20,2.8,9.547540662963337,0.0,7,31
2,71,21,2.8,9.10010133883077,0.0,7,31
2,71,22,2.0,14.741206595602538,0.0,5,31
3,71,1,2.8,9.193486300047208,0.0,7,31
3,71,2,2.8,11.637496544193343,0.0,7,31
3,71,3,2.8,10.24800583255984,0.0,7,31
3,71,4,2.8,9.066889046357876,0.0,7,31
3,71,5,2.8,9.165869370117857,0.0,7,31
3,71,6,2.8,9.256546281878295,0.0,7,31
3,71,7,2.8,9.058589762916087,0.0,7,31
3,71,8,2.8,10.960187351658202,0.0,7,31
3,71,9,2.8,13.555260088844516,0.0,7,31
3,71,10,2.8,10.969120348946333,0.0,7,31
3,71,11,2.8,9.848492318555655,0.0,7,31
3,71,12,3.0,9.858668986189432,0.0,7,31
3,71,13,2.8,10.621772059189215,0.0,7,31
3,71,14,3.0,9.467365625219193,0.0,7,31
3,71,15,2.8,11.746808823723686,0.0,7,31
3,71,16,2.8,10.138760513832574,0.0,7,31
3,71,17,2.8,16.035743717774587,0.0,7,31
3,71,18,3.0,9.490919322845976,0.0,7,31
3,71,19,2.8,12.750186418460384,0.0,7,31
3,71,20,2.8,11.047447746323284,0.0,7,31
3,71,21,2.8,8.973047553071995,0.0,7,31
3,71,22,2.8,9.570936952075856,0.0,7,31
1,72,1,4.2,9.439374461255394,0.0,7,31
1,72,2,3.0,12.518060641422377,0.0,7,31
1,72,3,3.0,12.916770725177026,0.0,7,31
1,72,4,3.0,8.515767258839233,0.0,7,31
1,72,5,3.0,11.997304966626523,0.0,7,31
1,72,6,2.8,10.436182184349382,0.0,7,31
1,72,7,2.8,10.475154268814606,0.0,7,31
1,72,8,2.8,10.219467661520325,0.0,7,31
1,72,9,2.8,11.14846731178461,0.0,7,31
1,72,10,2.8,11.178618241399752,0.0,7,31
1,72,11,2.8,16.695058762317274,0.0,7,31
1,72,12,2.8,14.349919456113653,0.0,7,31
1,72,13,2.8,10.156721882836548,0.0,7,31
1,72,14,2.8,10.922216141615642,0.0,7,31
1,72,15,2.8,14.81942064431732,0.0,7,31
1,72,16,2.8,10.751064691768265,0.0,7,31
1,72,17,2.8,10.214530746731677,0.0,7,31
1,72,18,3.0,10.002981311100225,0.0,7,31
1,72,19,3.0,9.242408140254824,0.0,7,31
1,72,20,2.8,9.932959722930663,0.0,7,31
1,72,21,2.8,9.382104497021807,0.0,7,31
1,72,22,2.0,17.01626714093837,0.0,4,31
2,72,1,2.8,13.462780635815768,0.0,7,31
2,72,2,2.8,9.870445649242768,0.0,7,31
2,72,3,3.6,9.684223185757554,0.125,7,31
2,72,4,2.8,10.055730702472994,0.0,7,31
2,72,5,2.8,10.266869745195713,0.0,7,31
2,72,6,2.8,8.870245924123088,0.0,7,31
2,72,7,3.0,12.336217115580183,0.0,7,31
2,72,8,2.8,10.329935277650039,0.0,7,31
2,72,9,2.8,11.698578017047138,0.0,7,31
2,72,10,2.8,11.34773105393785,0.0,7,31
2,72,11,2.8,9.004822878136476,0.0,7,31
2,72,12,2.8,12.989722531876074,0.0,7,31
2,72,13,2.8,11.862344780223287,0.0,7,31
2,72,14,2.8,10.835037101458212,0.0,7,31
2,72,15,2.8,10.36036486060297,0.0,7,31
2,72,16,2.8,13.201411016634435,0.0,7,31
2,72,17,2.8,12.079347516164562,0.0,7,31
2,72,18,2.8,10.331602271620863,0.0,7,31
2,72,19,3.0,9.310419045107805,0.0,7,31
2,72,20,2.8,8.58286904855681,0.0,7,31
2,72,21,2.8,9.879150179705748,0.0,7,31
2,72,22,2.0,14.531068480384208,0.0,5,31
3,72,1,2.8,9.47843715463036,0.0,7,31
3,72,2,2.8,10.930371215395013,0.0,7,31
3,72,3,2.8,11.880322635661908,0.0,7,31
3,72,4,2.8,8.908413264482213,0.0,7,31
3,72,5,2.8,9.781547190240063,0.0,7,31
3,72,6,2.8,10.014365131100337,0.0,7,31
3,72,7,2.8,9.659467433243748,0.0,7,31
3,72,8,2.8,9.816727146929598,0.0,7,31
3,72,9,2.8,11.0160905886425,0.0,7,31
3,72,10,2.8,10.929915336598578,0.0,7,31
3,72,11,2.8,10.125674713884301,0.0,7,31
3,72,12,2.8,11.499315510756166,0.0,7,31
3,72,13,2.8,8.53276473035928,0.0,7,31
3,72,14,2.8,10.303867899562302,0.0,7,31
3,72,15,2.8,10.9664982821009,0.0,7,31
3,72,16,2.8,11.940238202649883,0.0,7,31
3,72,17,2.8,12.950091004668426,0.0,7,31
3,72,18,2.8,12.288089611811186,0.0,7,31
3,72,19,2.8,11.031812112302251,0.0,7,31
3,72,20,2.8,11.519501085637081,0.0,7,31
3,72,21,2.8,9.634686368362635,0.0,7,31
3,72,22,2.8,12.141989566296518,0.0,7,31
1,73,1,4.4,8.900001181494,0.0,7,31
1,73,2,2.8,12.748163652259377,0.0,7,31
1,73,3,2.8,15.857838665081587,0.0,7,31
1,73,4,3.2,7.597530297023109,0.0,7,31
1,73,5,2.8,11.166317126903188,0.0,7,31
1,73,6,2.8,9.186986394912303,0.0,7,31
1,73,7,3.0,9.666773466196515,0.0,7,31
1,73,8,2.8,9.494867265178332,0.0,7,31
1,73,9,2.8,14.228261968977844,0.0,7,31
1,73,10,2.8,9.926457183371388,0.0,7,31
1,73,11,2.8,14.844378598887648,0.0,7,31
1,73,12,2.8,13.69755341794671,0.0,7,31
1,73,13,2.8,10.348587071799344,0.0,7,31
1,73,14,2.8,13.252111811764042,0.0,7,31
1,73,15,2.8,13.432052326006291,0.0,7,31
1,73,16,2.8,9.587872400462127,0.0,7,31
1,73,17,2.8,10.408607090556186,0.0,7,31
1,73,18,3.0,9.438923881616837,0.0,7,31
1,73,19,3.0,10.110825872734555,0.0,7,31
1,73,20,2.8,9.376551910214648,0.0,7,31
1,73,21,2.8,10.697922024105997,0.0,7,31
1,73,22,2.0,17.834639351808736,0.0,4,31
2,73,1,2.8,12.867959031939394,0.0,7,31
2,73,2,2.8,9.854542021296417,0.0,7,31
2,73,3,3.8,7.556091576557959,0.125,7,31
2,73,4,2.8,12.813136036270057,0.0,7,31
2,73,5,2.8,9.139213971100313,0.0,7,31
2,73,6,2.8,11.054032125284243,0.0,7,31
2,73,7,3.0,12.632171842762244,0.0,7,31
2,73,8,2.8,11.799312441337024,0.0,7,31
2,73,9,2.8,10.006455827981679,0.0,7,31
2,73,10,2.8,10.005169378511637,0.0,7,31
2,73,11,2.8,9.465446348890305,0.0,7,31
2,73,12,2.8,12.985376126280766,0.0,7,31
2,73,13,2.8,11.174962194169325,0.0,7,31
2,73,14,2.8,10.634573937995441,0.0,7,31
2,73,15,2.8,9.845007856258785,0.0,7,31
2,73,16,2.8,9.510238541494656,0.0,7,31
2,73,17,2.8,10.42454238185716,0.0,7,31
2,73,18,2.8,11.06098080842156,0.0,7,31
2,73,19,2.8,10.423923883105234,0.0,7,31
2,73,20,2.8,8.499377856176837,0.0,7,31
2,73,21,2.8,8.564872597934615,0.0,7,31
2,73,22,2.0,17.13680414147339,0.0,5,31
3,73,1,2.8,8.684382007167166,0.0,7,31
3,73,2,2.8,11.749276437661104,0.0,7,31
3,73,3,2.8,11.246777810025252,0.0,7,31
3,73,4,2.8,8.973766656366273,0.0,7,31
3,73,5,2.8,9.860395958583696,0.0,7,31
3,73,6,2.8,9.743161655026038,0.0,7,31
3,73,7,2.8,9.598828104059926,0.0,7,31
3,73,8,2.8,10.159152975034129,0.0,7,31
3,73,9,2.8,12.301153303661392,0.0,7,31
3,73,10,2.8,12.887536396235788,0.0,7,31
3,73,11,2.8,9.723237730846197,0.0,7,31
3,73,12,3.6,8.960646511511898,0.125,7,31
3,73,13,2.8,9.39179655042157,0.0,7,31
3,73,14,2.8,9.026113885441472,0.0,7,31
3,73,15,2.8,12.861298647303489,0.0,7,31
3,73,16,2.8,10.097367807639635,0.0,7,31
3,73,17,2.8,14.374654277461357,0.0,7,31
3,73,18,3.0,9.419044768569378,0.0,7,31
3,73,19,2.8,10.088953310324491,0.0,7,31
3,73,20,2.8,10.395107831676286,0.0,7,31
3,73,21,2.8,8.693689420496678,0.0,7,31
3,73,22,2.8,10.044494968299661,0.0,7,31
1,74,1,4.0,9.980767214828166,0.0,7,31
1,74,2,3.2,10.916412239495038,0.0,7,31
1,74,3,2.8,16.02653769204143,0.0,7,31
1,74,4,3.0,7.925116548011276,0.0,7,31
1,74,5,2.8,11.02292735484649,0.0,7,31
1,74,6,2.8,11.059557899525723,0.0,7,31
1,74,7,2.8,9.889550074337452,0.0,7,31
1,74,8,2.8,9.822424669975945,0.0,7,31
1,74,9,2.8,14.416089200488402,0.0,7,31
1,74,10,2.8,10.487095314533544,0.0,7,31
1,74,11,2.8,16.04575006447365,0.0,7,31
1,74,12,2.8,15.178022622414426,0.0,7,31
1,74,13,2.8,10.573707173176365,0.0,7,31
1,74,14,2.8,12.396694212474015,0.0,7,31
1,74,15,2.8,13.377331329821317,0.0,7,31
1,74,16,2.8,9.53450215906405,0.0,7,31
1,74,17,2.8,10.834833382564888,0.0,7,31
1,74,18,2.8,9.818498311530522,0.0,7,31
1,74,19,2.8,9.7194110535546,0.0,7,31
1,74,20,2.8,13.690292646959263,0.0,7,31
1,74,21,2.8,12.612046434022478,0.0,7,31
1,74,22,2.4,11.798867180177615,0.0,6,31
2,74,1,2.8,16.606415714011053,0.0,7,31
2,74,2,2.8,9.983224755887493,0.0,7,31
2,74,3,3.8,7.757349442290364,0.125,7,31
2,74,4,2.8,12.347517157767388,0.0,7,31
2,74,5,2.8,9.990111015975872,0.0,7,31
2,74,6,2.8,10.171613232499974,0.0,7,31
2,74,7,3.0,11.826129954205685,0.0,7,31
2,74,8,2.8,11.642092086765102,0.0,7,31
2,74,9,2.8,10.072372466360397,0.0,7,31
2,74,10,2.8,12.525428163006158,0.0,7,31
2,74,11,2.8,9.830582289351973,0.0,7,31
2,74,12,2.8,10.960780607730248,0.0,7,31
2,74,13,2.8,13.201042074321084,0.0,7,31
2,74,14,2.8,9.943026936860138,0.0,7,31
2,74,15,2.8,9.813414975615423,0.0,7,31
2,74,16,2.8,11.158578953427893,0.0,7,31
2,74,17,2.8,11.29051954650178,0.0,7,31
2,74,18,2.8,10.922705415974688,0.0,7,31
2,74,19,2.8,11.065117481541538,0.0,7,31
2,74,20,2.8,10.166482502359436,0.0,7,31
2,74,21,2.8,9.84733814596011,0.0,7,31
2,74,22,2.0,15.487784848819327,0.0,5,31
3,74,1,2.8,9.319564900638866,0.0,7,31
3,74,2,2.8,11.463006326647236,0.0,7,31
3,74,3,2.8,9.964179409587583,0.0,7,31
3,74,4,2.8,9.593077069699074,0.0,7,31
3,74,5,2.8,8.659734952971943,0.0,7,31
3,74,6,2.8,9.200845702076986,0.0,7,31
3,74,7,2.8,9.690075318951978,0.0,7,31
3,74,8,2.8,11.36760510736269,0.0,7,31
3,74,9,2.8,11.871377031712626,0.0,7,31
3,74,10,2.8,11.008607626261007,0.0,7,31
3,74,11,2.8,11.539388475222212,0.0,7,31
3,74,12,3.0,11.112539347541443,0.0,7,31
3,74,13,2.8,10.494196578750277,0.0,7,31
3,74,14,2.8,10.66490977426474,0.0,7,31
3,74,15,2.8,12.055230765735338,0.0,7,31
3,74,16,2.8,10.932578022959424,0.0,7,31
3,74,17,2.8,12.639001650038887,0.0,7,31
3,74,18,2.8,10.043353719199507,0.0,7,31
3,74,19,2.8,11.387538693294617,0.0,7,31
3,74,20,2.8,10.373164407674093,0.0,7,31
3,74,21,2.8,8.405283684382676,0.0,7,31
3,74,22,2.8,10.418530848050466,0.0,7,31
1,75,1,4.4,8.707104845136634,0.0,7,31
1,75,2,3.2,10.606813256125953,0.0,7,31
1,75,3,2.8,11.934460472562039,0.0,7,31
1,75,4,3.2,8.047941070486818,0.0,7,31
1,75,5,3.0,11.209399140211842,0.0,7,31
1,75,6,2.8,10.170555315113493,0.0,7,31
1,75,7,2.8,11.74022498507343,0.0,7,31
1,75,8,2.8,8.803689055068016,0.0,7,31
1,75,9,2.8,13.44663987517451,0.0,7,31
1,75,10,2.8,10.35066238463073,0.0,7,31
1,75,11,2.8,12.57539373336395,0.0,7,31
1,75,12,2.8,11.759834555557033,0.0,7,31
1,75,13,2.8,13.970850540317944,0.0,7,31
1,75,14,2.8,11.092259575550468,0.0,7,31
1,75,15,2.8,16.44759559677744,0.0,7,31
1,75,16,2.8,11.359728243087389,0.0,7,31
1,75,17,2.8,9.080130512465116,0.0,7,31
1,75,18,2.8,9.23749647286127,0.0,7,31
1,75,19,2.8,10.714288285843818,0.0,7,31
1,75,20,2.8,11.573604872566507,0.0,7,31
1,75,21,2.8,8.897269524829596,0.0,7,31
1,75,22,2.0,14.77389964208831,0.0,4,31
2,75,1,2.8,14.55184825014205,0.0,7,31
2,75,2,2.8,9.822888018638755,0.0,7,31
2,75,3,3.6,8.349027143016656,0.125,7,31
2,75,4,2.8,9.62831479715297,0.0,7,31
2,75,5,2.8,10.966403834967034,0.0,7,31
2,75,6,2.8,10.10077746428465,0.0,7,31
2,75,7,2.8,14.473801287926038,0.0,7,31
2,75,8,2.8,11.738099201438962,0.0,7,31
2,75,9,2.8,11.615881569062658,0.0,7,31
2,75,10,2.8,14.082694362005029,0.0,7,31
2,75,11,2.8,7.996557071994515,0.0,7,31
2,75,12,2.8,11.73185824822975,0.0,7,31
2,75,13,2.8,10.144773992475598,0.0,7,31
2,75,14,2.8,11.072161267093195,0.0,7,31
2,75,15,2.8,9.127541921055029,0.0,7,31
2,75,16,2.8,12.159623480292456,0.0,7,31
2,75,17,2.8,10.25124165169337,0.0,7,31
2,75,18,2.8,13.064219693614454,0.0,7,31
2,75,19,3.0,11.062326669276255,0.0,7,31
2,75,20,2.8,9.879261650506152,0.0,7,31
2,75,21,2.8,8.77015256374733,0.0,7,31
2,75,22,2.2,15.9634149167308,0.0,5,31
3,75,1,3.0,9.02454808647673,0.0,7,31
3,75,2,2.8,10.936659326139274,0.0,7,31
3,75,3,3.0,10.79380308284679,0.0,7,31
3,75,4,2.8,8.502815588320168,0.0,7,31
3,75,5,2.8,10.117775434161432,0.0,7,31
3,75,6,2.8,9.064443629081197,0.0,7,31
3,75,7,3.0,9.571239798340232,0.0,7,31
3,75,8,2.8,10.739437150428802,0.0,7,31
3,75,9,2.8,14.419240630831066,0.0,7,31
3,75,10,2.8,10.603128063836657,0.0,7,31
3,75,11,2.8,10.544181307861724,0.0,7,31
3,75,12,3.0,9.600209150523385,0.0,7,31
3,75,13,2.8,9.320236831089606,0.0,7,31
3,75,14,2.8,8.742275594682159,0.0,7,31
3,75,15,2.8,12.622411563459288,0.0,7,31
3,75,16,2.8,9.949533106703472,0.0,7,31
3,75,17,2.8,13.310978413958185,0.0,7,31
3,75,18,2.8,12.797293527369257,0.0,7,31
3,75,19,2.8,10.34813390778192,0.0,7,31
3,75,20,2.8,12.276696516462012,0.0,7,31
3,75,21,2.8,8.746971116231999,0.0,7,31
3,75,22,2.8,11.106836529695968,0.0,7,31
1,76,1,4.4,9.385142025909051,0.0,7,31
1,76,2,3.4,10.041805349646545,0.0,7,31
1,76,3,3.2,8.534583936863335,0.0,7,31
1,76,4,2.8,11.187536953833764,0.0,7,31
1,76,5,3.0,9.348958205108492,0.0,7,31
1,76,6,2.8,10.606210910243902,0.0,7,31
1,76,7,2.8,12.741772465378306,0.0,7,31
1,76,8,2.8,10.315789554742175,0.0,7,31
1,76,9,2.8,13.634682818922657,0.0,7,31
1,76,10,2.8,10.218009898904066,0.0,7,31
1,76,11,2.8,13.868967255403247,0.0,7,31
1,76,12,2.8,11.61257617029991,0.0,7,31
1,76,13,2.8,13.57142020430278,0.0,7,31
1,76,14,2.8,10.988926171560538,0.0,7,31
1,76,15,2.8,12.747927517233162,0.0,7,31
1,76,16,2.8,13.35258713107533,0.0,7,31
1,76,17,2.8,8.912876185596978,0.0,7,31
1,76,18,2.8,10.470050352147698,0.0,7,31
1,76,19,3.2,9.867688684953317,0.0,7,31
1,76,20,2.8,10.149920320956832,0.0,7,31
1,76,21,2.8,10.347069489538832,0.0,7,31
2,76,1,2.8,13.403772105204606,0.0,7,31
2,76,2,2.8,8.85573394330715,0.0,7,31
2,76,3,3.6,10.083370798688366,0.125,7,31
2,76,4,2.8,9.221826309240836,0.0,7,31
2,76,5,2.8,10.568463129124261,0.0,7,31
2,76,6,2.8,9.872515442086401,0.0,7,31
2,76,7,3.0,14.36430984854304,0.0,7,31
2,76,8,2.8,10.525484173531767,0.0,7,31
2,76,9,2.8,11.973402165941572,0.0,7,31
2,76,10,2.8,12.306744051312812,0.0,7,31
2,76,11,2.8,8.759778413719184,0.0,7,31
2,76,12,2.8,11.56509868167707,0.0,7,31
2,76,13,2.8,13.513560794253292,0.0,7,31
2,76,14,2.8,10.35794696935804,0.0,7,31
2,76,15,2.8,10.686196854096966,0.0,7,31
2,76,16,2.8,13.58253613668419,0.0,7,31
2,76,17,2.8,11.382457553916216,0.0,7,31
2,76,18,2.8,11.305591476670175,0.0,7,31
2,76,19,2.8,13.241159951627852,0.0,7,31
2,76,20,2.8,10.453354424301068,0.0,7,31
2,76,21,2.8,10.170155604985503,0.0,7,31
2,76,22,2.2,14.088110687416458,0.0,5,31
3,76,1,2.8,8.721533479163657,0.0,7,31
3,76,2,2.8,10.356602439314765,0.0,7,31
3,76,3,2.8,12.773557361010292,0.0,7,31
3,76,4,2.8,9.984594755603025,0.0,7,31
3,76,5,2.8,8.659734952971887,0.0,7,31
3,76,6,2.8,9.037694731525633,0.0,7,31
3,76,7,2.8,10.023572353931232,0.0,7,31
3,76,8,2.8,10.90158005612652,0.0,7,31
3,76,9,2.8,11.91764116160924,0.0,7,31
3,76,10,2.8,10.356193164395856,0.0,7,31
3,76,11,2.8,10.617875890582566,0.0,7,31
3,76,12,2.8,11.349937558272494,0.0,7,31
3,76,13,2.8,9.884146372880634,0.0,7,31
3,76,14,2.8,10.552763677907368,0.0,7,31
3,76,15,2.8,12.41323426439846,0.0,7,31
3,76,16,2.8,10.327315924227301,0.0,7,31
3,76,17,2.8,14.907036991671598,0.0,7,31
3,76,18,2.8,10.147409168716388,0.0,7,31
3,76,19,2.8,10.666271128431875,0.0,7,31
3,76,20,2.8,10.656447841815964,0.0,7,31
3,76,21,2.8,8.124474528830579,0.0,7,31
3,76,22,2.8,11.678304975599174,0.0,7,31
1,77,1,4.2,8.579285828460383,0.0,7,31
1,77,2,3.4,8.983117295876069,0.0,7,31
1,77,3,2.8,11.590148648297676,0.0,7,31
1,77,4,3.0,9.071487167390227,0.0,7,31
1,77,5,2.8,12.378812217349639,0.0,7,31
1,77,6,2.8,10.472455650698308,0.0,7,31
1,77,7,3.0,9.6362926758302,0.0,7,31
1,77,8,2.8,9.67217559195379,0.0,7,31
1,77,9,2.8,11.353537788345157,0.0,7,31
1,77,10,2.8,10.238433796757908,0.0,7,31
1,77,11,2.8,12.549313948494689,0.0,7,31
1,77,12,2.8,11.852633738755534,0.0,7,31
1,77,13,2.8,11.974742011090072,0.0,7,31
1,77,14,2.8,12.11934089908382,0.0,7,31
1,77,15,2.8,14.183183763340033,0.0,7,31
1,77,16,2.8,9.404231472594935,0.0,7,31
1,77,17,2.8,8.61312050633913,0.0,7,31
1,77,18,2.8,10.68644163406067,0.0,7,31
1,77,19,3.0,9.846489505011599,0.0,7,31
1,77,20,2.8,9.494743140001178,0.0,7,31
1,77,21,2.8,9.51543835864642,0.0,7,31
1,77,22,2.0,15.289311804091042,0.0,4,31
2,77,1,2.8,12.348355850475055,0.0,7,31
2,77,2,2.8,9.838689559938487,0.0,7,31
2,77,3,3.6,9.093859179482982,0.125,7,31
2,77,4,2.8,8.421831724578897,0.0,7,31
2,77,5,2.8,9.933375829370028,0.0,7,31
2,77,6,2.8,10.48160493686145,0.0,7,31
2,77,7,3.0,13.215877314874797,0.0,7,31
2,77,8,2.8,10.074698119083124,0.0,7,31
2,77,9,2.8,10.352115968505341,0.0,7,31
2,77,10,2.8,11.41124753293226,0.0,7,31
2,77,11,2.8,9.112149884667907,0.0,7,31
2,77,12,2.8,12.907482047646349,0.0,7,31
2,77,13,2.8,12.316207097968249,0.0,7,31
2,77,14,2.8,8.988004104684922,0.0,7,31
2,77,15,2.8,9.003057835523405,0.0,7,31
2,77,16,2.8,11.094142964461934,0.0,7,31
2,77,17,2.8,9.78065287713559,0.0,7,31
2,77,18,2.8,10.581856003269364,0.0,7,31
2,77,19,2.8,10.962715658558992,0.0,7,31
2,77,20,2.8,10.243267778286466,0.0,7,31
2,77,21,2.8,8.670686797136455,0.0,7,31
2,77,22,2.2,14.186141203314362,0.0,5,31
3,77,1,2.8,9.828774924352562,0.0,7,31
3,77,2,3.0,10.319347794034321,0.0,7,31
3,77,3,2.8,10.601921673977143,0.0,7,31
3,77,4,2.8,9.984927128918063,0.0,7,31
3,77,5,2.8,9.602513230810548,0.0,7,31
3,77,6,2.8,8.278011352782976,0.0,7,31
3,77,7,2.8,10.31483659492483,0.0,7,31
3,77,8,2.8,10.820948075102255,0.0,7,31
3,77,9,2.8,11.57846945388517,0.0,7,31
3,77,10,2.8,9.295885043928143,0.0,7,31
3,77,11,2.8,12.429759547569155,0.0,7,31
3,77,12,3.0,12.080444571764522,0.0,7,31
3,77,13,2.8,8.493632795966064,0.0,7,31
3,77,14,2.8,9.316056326458053,0.0,7,31
3,77,15,2.8,12.167453203285113,0.0,7,31
3,77,16,2.8,10.275024381876348,0.0,7,31
3,77,17,2.8,12.678387015666772,0.0,7,31
3,77,18,3.0,9.889942762322965,0.0,7,31
3,77,19,2.8,13.27603603056926,0.0,7,31
3,77,20,2.8,10.643711854454224,0.0,7,31
3,77,21,2.8,9.343148312572717,0.0,7,31
3,77,22,2.8,9.49663211706498,0.0,7,31
1,78,1,4.0,8.636197760767704,0.0,7,31
1,78,2,3.6,9.350714315779655,0.0,7,31
1,78,3,3.0,10.507912227400487,0.0,7,31
1,78,4,3.0,10.297068115619496,0.0,7,31
1,78,5,2.8,10.456414762974784,0.0,7,31
1,78,6,2.8,10.819123237455255,0.0,7,31
1,78,7,2.8,11.374097995271043,0.0,7,31
1,78,8,2.8,10.195856507510154,0.0,7,31
1,78,9,2.8,13.797047741400643,0.0,7,31
1,78,10,2.8,10.88576954122988,0.0,7,31
1,78,11,2.8,15.020465287751072,0.0,7,31
1,78,12,2.8,12.543443651480658,0.0,7,31
1,78,13,2.8,12.292291374123367,0.0,7,31
1,78,14,2.8,11.134072393051884,0.0,7,31
1,78,15,2.8,14.050899938335894,0.0,7,31
1,78,16,2.8,10.429653446069139,0.0,7,31
1,78,17,2.8,10.134019778418732,0.0,7,31
1,78,18,2.8,11.182199059512193,0.0,7,31
1,78,19,2.8,9.890464237627642,0.0,7,31
1,78,20,2.8,10.575943905240628,0.0,7,31
1,78,21,2.8,10.311300275334094,0.0,7,31
1,78,22,2.25,12.028274348436344,0.0,4,31
2,78,1,2.8,13.144511227854915,0.0,7,31
2,78,2,2.8,10.736819678191477,0.0,7,31
2,78,3,3.8,7.786979098954649,0.125,7,31
2,78,4,2.8,10.395699267679873,0.0,7,31
2,78,5,2.8,9.553193053313912,0.0,7,31
2,78,6,2.8,10.668400168908555,0.0,7,31
2,78,7,2.8,13.821253411756063,0.0,7,31
2,78,8,2.8,10.226304071513558,0.0,7,31
2,78,9,2.8,10.299815829593577,0.0,7,31
2,78,10,2.8,11.584153676051196,0.0,7,31
2,78,11,2.8,8.387383028285026,0.0,7,31
2,78,12,2.8,11.902703964764612,0.0,7,31
2,78,13,2.8,11.189571562127837,0.0,7,31
2,78,14,2.8,9.274212656909487,0.0,7,31
2,78,15,2.8,10.020869796003268,0.0,7,31
2,78,16,3.0,10.417044093318639,0.0,7,31
2,78,17,2.8,13.362603203857926,0.0,7,31
2,78,18,2.8,10.76885008842107,0.0,7,31
2,78,19,2.8,12.695920782942002,0.0,7,31
2,78,20,2.8,9.79211506909768,0.0,7,31
2,78,21,2.8,9.307836119544888,0.0,7,31
2,78,22,2.0,14.776821933803632,0.0,5,31
3,78,1,2.8,9.658047065945432,0.0,7,31
3,78,2,2.8,10.427229188325644,0.0,7,31
3,78,3,2.8,10.062540521891776,0.0,7,31
3,78,4,2.8,10.374117145976745,0.0,7,31
3,78,5,2.8,10.432234764288522,0.0,7,31
3,78,6,2.8,9.327127622068826,0.0,7,31
3,78,7,2.8,9.736352585667138,0.0,7,31
3,78,8,2.8,11.180580462257256,0.0,7,31
3,78,9,2.8,11.94090871306115,0.0,7,31
3,78,10,2.8,10.116378223975097,0.0,7,31
3,78,11,2.8,11.693828749306185,0.0,7,31
3,78,12,3.0,11.553362088956035,0.0,7,31
3,78,13,3.0,9.55170565054395,0.0,7,31
3,78,14,2.8,9.162536834541081,0.0,7,31
3,78,15,2.8,14.89330005001134,0.0,7,31
3,78,16,2.8,10.327072416908942,0.0,7,31
3,78,17,2.8,16.077897968570696,0.0,7,31
3,78,18,2.8,9.483070954845454,0.0,7,31
3,78,19,2.8,11.279783542804372,0.0,7,31
3,78,20,2.8,11.696973596075734,0.0,7,31
3,78,21,2.8,9.39369799247864,0.0,7,31
3,78,22,2.8,11.596341981026592,0.0,7,31
1,79,1,4.2,9.029208355356474,0.0,7,31
1,79,2,3.4,10.080054291129743,0.0,7,31
1,79,3,2.8,11.392935424190183,0.0,7,31
1,79,4,3.2,8.201283928254693,0.0,7,31
1,79,5,2.8,11.493481298894347,0.0,7,31
1,79,6,2.8,11.016920912000375,0.0,7,31
1,79,7,2.8,10.182494615886313,0.0,7,31
1,79,8,2.8,10.935991160932605,0.0,7,31
1,79,9,2.8,15.621097912818648,0.0,7,31
1,79,10,2.8,10.033859221654133,0.0,7,31
1,79,11,2.8,11.629041572577819,0.0,7,31
1,79,12,2.8,10.154870715161723,0.0,7,31
1,79,13,2.8,12.980745004975738,0.0,7,31
1,79,14,2.8,11.072696535254877,0.0,7,31
1,79,15,2.8,13.218703868346712,0.0,7,31
1,79,16,2.8,10.013700136784836,0.0,7,31
1,79,17,2.8,10.653590445622815,0.0,7,31
1,79,18,2.8,11.099809606083225,0.0,7,31
1,79,19,3.2,9.926575111447505,0.0,7,31
1,79,20,2.8,10.463399638097627,0.0,7,31
1,79,21,2.8,8.694306007358213,0.0,7,31
2,79,1,2.8,13.060305423301765,0.0,7,31
2,79,2,3.0,8.922744189939223,0.0,7,31
2,79,3,3.4,9.413155292094745,0.0,7,31
2,79,4,3.2,9.180185402788101,0.0,7,31
2,79,5,2.8,10.309501591942004,0.0,7,31
2,79,6,2.8,10.67965500062899,0.0,7,31
2,79,7,3.2,8.886186134823813,0.0,7,31
2,79,8,2.8,12.285231932137187,0.0,7,31
2,79,9,2.8,11.836068336347957,0.0,7,31
2,79,10,2.8,11.191701098881234,0.0,7,31
2,79,11,2.8,9.5197765921469,0.0,7,31
2,79,12,2.8,13.169702457875703,0.0,7,31
2,79,13,2.8,11.3668062361301,0.0,7,31
2,79,14,2.8,12.204798423935634,0.0,7,31
2,79,15,2.8,8.431721371514687,0.0,7,31
2,79,16,2.8,11.576551690113142,0.0,7,31
2,79,17,2.8,11.007307113205034,0.0,7,31
2,79,18,2.8,11.148051782727899,0.0,7,31
2,79,19,2.8,11.169134714232793,0.0,7,31
2,79,20,2.8,9.26658223613413,0.0,7,31
2,79,21,2.8,8.670363090196913,0.0,7,31
2,79,22,2.0,22.96056259543795,0.0,4,31
3,79,1,2.8,9.01727971790565,0.0,7,31
3,79,2,2.8,12.29239999708122,0.0,7,31
3,79,3,2.8,10.47620266275689,0.0,7,31
3,79,4,2.8,10.184101418574103,0.0,7,31
3,79,5,2.8,9.522644218993186,0.0,7,31
3,79,6,2.8,10.568088485677528,0.0,7,31
3,79,7,2.8,9.861947474202836,0.0,7,31
3,79,8,2.8,11.431344887477595,0.0,7,31
3,79,9,2.8,11.64534169734165,0.0,7,31
3,79,10,2.8,11.335044031594569,0.0,7,31
3,79,11,2.8,12.256232165789948,0.0,7,31
3,79,12,2.8,12.019064297874648,0.0,7,31
3,79,13,2.8,9.757989045093552,0.0,7,31
3,79,14,2.8,9.761192541519625,0.0,7,31
3,79,15,2.8,11.768342240591439,0.0,7,31
3,79,16,2.8,10.088821120962267,0.0,7,31
3,79,17,2.8,13.704546887694525,0.0,7,31
3,79,18,3.0,8.852563589946488,0.0,7,31
3,79,19,2.8,12.303874710320486,0.0,7,31
3,79,20,2.8,9.637607921788312,0.0,7,31
3,79,21,2.8,9.119663268011303,0.0,7,31
3,79,22,2.8,9.600806024890083,0.0,7,31
1,80,1,4.2,8.703193633875532,0.0,7,31
1,80,2,3.4,9.583118469451215,0.0,7,31
1,80,3,2.8,13.073722468627697,0.0,7,31
1,80,4,3.2,8.383847482012937,0.0,7,31
1,80,5,2.8,12.731951707422033,0.0,7,31
1,80,6,2.8,10.535394699956694,0.0,7,31
1,80,7,2.8,10.393238614147347,0.0,7,31
1,80,8,2.8,9.641225972611457,0.0,7,31
1,80,9,2.8,12.80057921165617,0.0,7,31
1,80,10,2.8,11.272678457404261,0.0,7,31
1,80,11,2.8,13.627755994580445,0.0,7,31
1,80,12,2.8,11.601621371632596,0.0,7,31
1,80,13,2.8,10.83373306913446,0.0,7,31
1,80,14,2.8,9.715888535515536,0.0,7,31
1,80,15,2.8,17.07712626202679,0.0,7,31
1,80,16,2.8,10.594685899122323,0.0,7,31
1,80,17,2.8,9.435815139685687,0.0,7,31
1,80,18,3.0,9.278475163914871,0.0,7,31
1,80,19,2.8,12.388295645566616,0.0,7,31
1,80,20,2.8,9.949359679113218,0.0,7,31
1,80,21,2.8,10.697922024105955,0.0,7,31
1,80,22,2.0,14.728761853334362,0.0,4,31
2,80,1,2.8,13.088253893711741,0.0,7,31
2,80,2,2.8,9.546895773459454,0.0,7,31
2,80,3,3.8,7.9385886518718305,0.125,7,31
2,80,4,2.8,11.38238825004205,0.0,7,31
2,80,5,2.8,8.587436649017324,0.0,7,31
2,80,6,2.8,9.844180274123033,0.0,7,31
2,80,7,3.0,10.241843309243809,0.0,7,31
2,80,8,2.8,12.03142398111129,0.0,7,31
2,80,9,2.8,11.756849022163061,0.0,7,31
2,80,10,2.8,11.319939752239074,0.0,7,31
2,80,11,2.8,9.23672736865284,0.0,7,31
2,80,12,2.8,10.563240503216685,0.0,7,31
2,80,13,2.8,13.004559115979868,0.0,7,31
2,80,14,2.8,10.074046318767925,0.0,7,31
2,80,15,2.8,9.044295551638823,0.0,7,31
2,80,16,3.0,9.794038166550573,0.0,7,31
2,80,17,2.8,10.051832593214787,0.0,7,31
2,80,18,2.8,12.969251327566159,0.0,7,31
2,80,19,3.0,9.992928869109411,0.0,7,31
2,80,20,2.8,9.92845895524203,0.0,7,31
2,80,21,2.8,8.249362067344668,0.0,7,31
2,80,22,2.0,15.932593224207135,0.0,4,31
3,80,1,2.8,8.925168398994213,0.0,7,31
3,80,2,2.8,11.293671352945006,0.0,7,31
3,80,3,2.8,10.248005832559683,0.0,7,31
3,80,4,2.8,8.631815796237438,0.0,7,31
3,80,5,2.8,9.972944218520151,0.0,7,31
3,80,6,2.8,9.933044858991408,0.0,7,31
3,80,7,2.8,9.421393787966936,0.0,7,31
3,80,8,2.8,10.805281771892389,0.0,7,31
3,80,9,2.8,12.502316866870329,0.0,7,31
3,80,10,2.8,10.373758614408729,0.0,7,31
3,80,11,2.8,10.921231651152105,0.0,7,31
3,80,12,2.8,11.719664038012963,0.0,7,31
3,80,13,2.8,9.515095234512485,0.0,7,31
3,80,14,2.8,9.88743325229228,0.0,7,31
3,80,15,2.8,12.239348395915961,0.0,7,31
3,80,16,2.8,10.83981162827834,0.0,7,31
3,80,17,2.8,13.735323909097293,0.0,7,31
3,80,18,2.8,12.438027060795262,0.0,7,31
3,80,19,2.8,10.629197415072126,0.0,7,31
3,80,20,2.8,10.56441330069952,0.0,7,31
3,80,21,2.8,9.354695518183908,0.0,7,31
3,80,22,2.8,10.868922301201401,0.0,7,31
1,81,1,4.0,8.997240678382076,0.0,7,31
1,81,2,2.8,11.155847870674734,0.0,7,31
1,81,3,2.8,14.147503540914776,0.0,7,31
1,81,4,3.0,8.170092458577612,0.0,7,31
1,81,5,2.8,13.539847958216772,0.0,7,31
1,81,6,2.8,9.400225976937524,0.0,7,31
1,81,7,2.8,10.298928884641173,0.0,7,31
1,81,8,2.8,9.825641567644563,0.0,7,31
1,81,9,2.8,13.25668537129511,0.0,7,31
1,81,10,2.8,10.467339782787736,0.0,7,31
1,81,11,2.8,12.79971429699978,0.0,7,31
1,81,12,2.8,18.495049442393796,0.0,7,31
1,81,13,2.8,10.594167055675788,0.0,7,31
1,81,14,2.8,14.476442440107922,0.0,7,31
1,81,15,2.8,10.916174969678165,0.0,7,31
1,81,16,2.8,11.799673066991183,0.0,7,31
1,81,17,2.8,9.266303180323906,0.0,7,31
1,81,18,3.0,9.019569222199793,0.0,7,31
1,81,19,3.0,8.208887065971874,0.0,7,31
1,81,20,2.8,12.549833894042818,0.0,7,31
1,81,21,2.8,10.57570106711013,0.0,7,31
1,81,22,2.4,10.689576038914177,0.0,5,31
2,81,1,2.8,13.922470945291412,0.0,7,31
2,81,2,2.8,9.54689577345949,0.0,7,31
2,81,3,3.2,10.510166351531925,0.0,7,31
2,81,4,3.2,9.898984361814382,0.0,7,31
2,81,5,3.0,9.523682875556831,0.0,7,31
2,81,6,2.8,10.467555524324565,0.0,7,31
2,81,7,3.0,10.745683981649805,0.0,7,31
2,81,8,2.8,12.15093827513317,0.0,7,31
2,81,9,2.8,12.42564054309148,0.0,7,31
2,81,10,2.8,12.056308607009013,0.0,7,31
2,81,11,2.8,8.661192683417058,0.0,7,31
2,81,12,2.8,12.20781131807839,0.0,7,31
2,81,13,2.8,13.52208837525373,0.0,7,31
2,81,14,2.8,10.074046318767925,0.0,7,31
2,81,15,2.8,10.669372140659721,0.0,7,31
2,81,16,2.8,10.978314511428165,0.0,7,31
2,81,17,2.8,12.72325122879312,0.0,7,31
2,81,18,2.8,11.348307362493028,0.0,7,31
2,81,19,2.8,11.589292048573935,0.0,7,31
2,81,20,2.8,9.272519648370539,0.0,7,31
2,81,21,2.8,9.364843652984677,0.0,7,31
2,81,22,2.0,15.767275314893688,0.0,5,31
3,81,1,2.8,10.540184828233528,0.0,7,31
3,81,2,2.8,11.571443723652854,0.0,7,31
3,81,3,2.8,8.905105067574764,0.0,7,31
3,81,4,2.8,10.427176520760678,0.0,7,31
3,81,5,2.8,8.771509898547542,0.0,7,31
3,81,6,2.8,9.916939031612756,0.0,7,31
3,81,7,2.8,9.406903239184059,0.0,7,31
3,81,8,2.8,13.651113205294973,0.0,7,31
3,81,9,2.8,11.779918050614908,0.0,7,31
3,81,10,2.8,12.700208780630929,0.0,7,31
3,81,11,2.8,9.993317792479314,0.0,7,31
3,81,12,2.8,11.022655140361119,0.0,7,31
3,81,13,2.8,9.55971242526325,0.0,7,31
3,81,14,2.8,9.808153221396267,0.0,7,31
3,81,15,2.8,12.644196891535401,0.0,7,31
3,81,16,2.8,13.23183207454537,0.0,7,31
3,81,17,2.8,12.449258057922837,0.0,7,31
3,81,18,2.8,11.678059328315996,0.0,7,31
3,81,19,2.8,12.446121566912979,0.0,7,31
3,81,20,2.8,10.769028357738174,0.0,7,31
3,81,21,2.8,8.146116603913757,0.0,7,31
3,81,22,2.8,10.69782332349032,0.0,7,31
1,82,1,4.4,7.825179968328271,0.0,7,31
1,82,2,3.2,10.477715572583804,0.0,7,31
1,82,3,3.0,10.489620904712742,0.0,7,31
1,82,4,3.0,10.073300310798253,0.0,7,31
1,82,5,2.8,10.812905026525517,0.0,7,31
1,82,6,2.8,10.4986846833747,0.0,7,31
1,82,7,2.8,10.803152830987491,0.0,7,31
1,82,8,2.8,10.16147070521756,0.0,7,31
1,82,9,2.8,12.033713324501647,0.0,7,31
1,82,10,2.8,9.481307229227902,0.0,7,31
1,82,11,2.8,12.708103106697045,0.0,7,31
1,82,12,2.8,13.00359205871048,0.0,7,31
1,82,13,2.8,12.76083868733985,0.0,7,31
1,82,14,2.8,10.439668522779844,0.0,7,31
1,82,15,2.8,19.138066121206812,0.0,7,31
1,82,16,2.8,10.940931094427462,0.0,7,31
1,82,17,2.8,10.963719737184993,0.0,7,31
1,82,18,2.8,12.934312917772582,0.0,7,31
1,82,19,2.8,9.715066486341938,0.0,7,31
1,82,20,2.8,10.84234705847752,0.0,7,31
1,82,21,2.8,9.46878120277127,0.0,7,31
1,82,22,2.25,12.528422410652047,0.0,4,31
2,82,1,3.0,12.952580143948962,0.0,7,31
2,82,2,2.8,11.6373752757375,0.0,7,31
2,82,3,3.0,11.077699881146746,0.0,7,31
2,82,4,3.2,9.411540792334058,0.0,7,31
2,82,5,3.0,9.568380828353222,0.0,7,31
2,82,6,2.8,10.188557607074411,0.0,7,31
2,82,7,3.0,10.708057142224035,0.0,7,31
2,82,8,2.8,11.403322976917508,0.0,7,31
2,82,9,2.8,12.275999782027908,0.0,7,31
2,82,10,2.8,11.114233899828685,0.0,7,31
2,82,11,2.8,8.887743010702314,0.0,7,31
2,82,12,2.8,12.636596581140655,0.0,7,31
2,82,13,2.8,12.813839244899142,0.0,7,31
2,82,14,2.8,9.393281713950584,0.0,7,31
2,82,15,2.8,9.52309632139191,0.0,7,31
2,82,16,2.8,10.803781742036476,0.0,7,31
2,82,17,2.8,9.75918706263049,0.0,7,31
2,82,18,2.8,10.942246998668583,0.0,7,31
2,82,19,2.8,11.700143426793696,0.0,7,31
2,82,20,2.8,10.09933244666071,0.0,7,31
2,82,21,2.8,8.576883438863192,0.0,7,31
2,82,22,2.0,14.957511632430224,0.0,5,31
3,82,1,2.8,8.847700622914324,0.0,7,31
3,82,2,2.8,10.949940261726484,0.0,7,31
3,82,3,2.8,9.867722637815687,0.0,7,31
3,82,4,2.8,8.464568908656883,0.0,7,31
3,82,5,2.8,9.522644218993118,0.0,7,31
3,82,6,2.8,9.20084570207692,0.0,7,31
3,82,7,2.8,9.306704183913176,0.0,7,31
3,82,8,2.8,12.03887822384127,0.0,7,31
3,82,9,2.8,11.321979780859268,0.0,7,31
3,82,10,2.8,11.505631314515224,0.0,7,31
3,82,11,2.8,11.119791420695607,0.0,7,31
3,82,12,3.0,10.412544404940226,0.0,7,31
3,82,13,2.8,9.529492772911569,0.0,7,31
3,82,14,2.8,10.34035490025421,0.0,7,31
3,82,15,2.8,11.13354812228265,0.0,7,31
3,82,16,2.8,11.86582408824216,0.0,7,31
3,82,17,2.8,15.726364846479088,0.0,7,31
3,82,18,2.8,10.384399874014973,0.0,7,31
3,82,19,2.8,11.179391277995967,0.0,7,31
3,82,20,2.8,10.58866917756181,0.0,7,31
3,82,21,2.8,9.092547782158473,0.0,7,31
3,82,22,2.8,10.729235076761654,0.0,7,31
1,83,1,4.2,8.482671254689606,0.0,7,31
1,83,2,3.4,10.783544218746863,0.0,7,31
1,83,3,2.8,12.029759530989784,0.0,7,31
1,83,4,3.2,8.586942718920172,0.0,7,31
1,83,5,2.8,10.278068831948941,0.0,7,31
1,83,6,2.8,9.41597279626328,0.0,7,31
1,83,7,2.8,12.105253429073926,0.0,7,31
1,83,8,2.8,9.270425055235881,0.0,7,31
1,83,9,2.8,13.61007987444694,0.0,7,31
1,83,10,2.8,11.065676725161882,0.0,7,31
1,83,11,2.8,13.267699940289402,0.0,7,31
1,83,12,2.8,12.892310559377707,0.0,7,31
1,83,13,2.8,12.470356402752719,0.0,7,31
1,83,14,2.8,10.367822433585985,0.0,7,31
1,83,15,2.8,16.744952270359573,0.0,7,31
1,83,16,2.8,9.463305289721506,0.0,7,31
1,83,17,2.8,9.421063230694337,0.0,7,31
1,83,18,2.8,11.018625349280669,0.0,7,31
1,83,19,3.0,9.089064456091403,0.0,7,31
1,83,20,2.8,9.96581387962435,0.0,7,31
1,83,21,2.8,9.500436632000296,0.0,7,31
1,83,22,2.0,18.378571807021284,0.0,4,31
2,83,1,2.8,12.867959031939519,0.0,7,31
2,83,2,2.8,9.886400691901475,0.0,7,31
2,83,3,3.6,9.824223343935792,0.125,7,31
2,83,4,2.8,9.111915699229948,0.0,7,31
2,83,5,2.8,9.712534437992238,0.0,7,31
2,83,6,2.8,9.904490619465976,0.0,7,31
2,83,7,3.0,11.676761680321665,0.0,7,31
2,83,8,2.8,10.900671652484673,0.0,7,31
2,83,9,2.8,12.58955874085264,0.0,7,31
2,83,10,2.8,11.41124753293226,0.0,7,31
2,83,11,2.8,8.330264335004388,0.0,7,31
2,83,12,2.8,13.387792942621143,0.0,7,31
2,83,13,2.8,11.978507360716211,0.0,7,31
2,83,14,2.8,10.500207542278615,0.0,7,31
2,83,15,2.8,8.374369590614688,0.0,7,31
2,83,16,2.8,11.732600933193554,0.0,7,31
2,83,17,2.8,11.554485755014056,0.0,7,31
2,83,18,2.8,12.356247934036325,0.0,7,31
2,83,19,2.8,13.184074076658916,0.0,7,31
2,83,20,2.8,8.308969334093973,0.0,7,31
2,83,21,2.8,8.431620933175124,0.0,7,31
2,83,22,2.2,15.361981841112673,0.0,5,31
3,83,1,2.8,8.586841423825966,0.0,7,31
3,83,2,2.8,11.420198303486233,0.0,7,31
3,83,3,2.8,10.352079585680912,0.0,7,31
3,83,4,2.8,11.637430941106372,0.0,7,31
3,83,5,2.8,9.828704398092105,0.0,7,31
3,83,6,2.8,9.442324263360659,0.0,7,31
3,83,7,2.8,9.335114007166796,0.0,7,31
3,83,8,2.8,10.673287422007618,0.0,7,31
3,83,9,2.8,11.535521436471068,0.0,7,31
3,83,10,2.8,10.480415497851395,0.0,7,31
3,83,11,2.8,10.80546345449314,0.0,7,31
3,83,12,2.8,11.392219489126587,0.0,7,31
3,83,13,2.8,8.715145340550297,0.0,7,31
3,83,14,2.8,9.532976760317752,0.0,7,31
3,83,15,2.8,12.214904446787386,0.0,7,31
3,83,16,2.8,10.669620770094157,0.0,7,31
3,83,17,2.8,13.704546887694525,0.0,7,31
3,83,18,3.0,9.367808431733614,0.0,7,31
3,83,19,2.8,11.82798568867536,0.0,7,31
3,83,20,2.8,11.355378230688093,0.0,7,31
3,83,21,2.8,8.47516722533186,0.0,7,31
3,83,22,2.8,9.692091027008404,0.0,7,31
1,84,1,4.0,9.245720711088888,0.0,7,31
1,84,2,3.4,10.759652433815951,0.0,7,31
1,84,3,3.0,11.070855178137515,0.0,7,31
1,84,4,3.2,9.05126466690731,0.0,7,31
1,84,5,3.0,9.773198757966334,0.0,7,31
1,84,6,2.8,10.637343752774262,0.0,7,31
1,84,7,2.8,12.093647209534737,0.0,7,31
1,84,8,2.8,11.108111868827732,0.0,7,31
1,84,9,2.8,14.83717924545173,0.0,7,31
1,84,10,2.8,12.601805693624216,0.0,7,31
1,84,11,2.8,13.846826503086916,0.0,7,31
1,84,12,2.8,10.9281095816849,0.0,7,31
1,84,13,2.8,15.320592968083693,0.0,7,31
1,84,14,2.8,13.473082584086804,0.0,7,31
1,84,15,2.8,12.649691993971825,0.0,7,31
1,84,16,2.8,11.128955811027097,0.0,7,31
1,84,17,2.8,9.19092294166814,0.0,7,31
1,84,18,2.8,10.365678716157737,0.0,7,31
1,84,19,2.8,10.328637226892182,0.0,7,31
1,84,20,2.8,11.731323351014197,0.0,7,31
1,84,21,2.8,10.622490194763444,0.0,7,31
2,84,1,3.0,13.83132831295895,0.0,7,31
2,84,2,3.0,9.45023565103235,0.0,7,31
2,84,3,3.6,9.047588208933801,0.125,7,31
2,84,4,2.8,10.484591100091498,0.0,7,31
2,84,5,2.8,10.687830495887692,0.0,7,31
2,84,6,2.8,10.605579496077809,0.0,7,31
2,84,7,3.0,10.764512050472483,0.0,7,31
2,84,8,2.8,11.793384137425285,0.0,7,31
2,84,9,2.8,10.857035735136307,0.0,7,31
2,84,10,2.8,10.143419401014631,0.0,7,31
2,84,11,2.8,9.04704081480817,0.0,7,31
2,84,12,2.8,14.156326238743622,0.0,7,31
2,84,13,2.8,12.441803428215216,0.0,7,31
2,84,14,2.8,10.250807138662804,0.0,7,31
2,84,15,2.8,9.363877278996208,0.0,7,31
2,84,16,2.8,10.630739611679774,0.0,7,31
2,84,17,2.8,10.305897885949326,0.0,7,31
2,84,18,2.8,13.756880196120218,0.0,7,31
2,84,19,2.8,12.811794436489272,0.0,7,31
2,84,20,2.8,8.846161342642517,0.0,7,31
2,84,21,3.0,8.474597505419453,0.0,7,31
2,84,22,2.0,20.549756767266004,0.0,4,31
3,84,1,2.8,9.673322303595524,0.0,7,31
3,84,2,2.8,11.886279830596424,0.0,7,31
3,84,3,2.8,10.603338372561746,0.0,7,31
3,84,4,2.8,9.053467694644198,0.0,7,31
3,84,5,2.8,9.750359645553582,0.0,7,31
3,84,6,2.8,9.06448356047905,0.0,7,31
3,84,7,2.8,10.310841213156994,0.0,7,31
3,84,8,2.8,11.388772574732414,0.0,7,31
3,84,9,2.8,11.218146521380527,0.0,7,31
3,84,10,2.8,11.748749692618782,0.0,7,31
3,84,11,2.8,10.843779180557634,0.0,7,31
3,84,12,3.0,11.05229586511017,0.0,7,31
3,84,13,2.8,10.79042780842345,0.0,7,31
3,84,14,2.8,9.953316466510913,0.0,7,31
3,84,15,2.8,11.845104694130791,0.0,7,31
3,84,16,2.8,10.835733756207746,0.0,7,31
3,84,17,2.8,15.566263233051425,0.0,7,31
3,84,18,2.8,12.306766359015295,0.0,7,31
3,84,19,2.8,12.955438634544288,0.0,7,31
3,84,20,2.8,10.68112867557146,0.0,7,31
3,84,21,2.8,9.025459308874662,0.0,7,31
3,84,22,2.8,10.65447259512815,0.0,7,31
1,85,1,4.2,7.935324804291545,0.0,7,31
1,85,2,3.0,12.94843172830002,0.0,7,31
1,85,3,3.0,12.592857727296838,0.0,7,31
1,85,4,2.8,8.61049873805091,0.0,7,31
1,85,5,2.8,11.893133427639652,0.0,7,31
1,85,6,2.8,10.062320506372536,0.0,7,31
1,85,7,2.8,9.337859874784435,0.0,7,31
1,85,8,2.8,10.867557651619988,0.0,7,31
1,85,9,2.8,11.838788961632474,0.0,7,31
1,85,10,2.8,12.643423490300465,0.0,7,31
1,85,11,2.8,16.948330301651882,0.0,7,31
1,85,12,2.8,20.356603593359033,0.0,7,31
1,85,13,2.8,9.521192724606221,0.0,7,31
1,85,14,2.8,13.040539577854652,0.0,7,31
1,85,15,2.8,12.890847123905951,0.0,7,31
1,85,16,2.8,10.300491467743536,0.0,7,31
1,85,17,2.8,11.629403356861468,0.0,7,31
1,85,18,2.8,9.553866504900911,0.0,7,31
1,85,19,2.8,8.65809491900192,0.0,7,31
1,85,20,2.8,12.096378339073299,0.0,7,31
1,85,21,2.8,13.337840318694145,0.0,7,31
1,85,22,2.4,11.397187920036536,0.0,5,31
2,85,1,3.2,12.492629928410498,0.0,7,31
2,85,2,2.8,9.788810718161965,0.0,7,31
2,85,3,3.6,8.812923210504854,0.125,7,31
2,85,4,2.8,10.466648633646884,0.0,7,31
2,85,5,2.8,9.957041239928234,0.0,7,31
2,85,6,2.8,11.999708282136377,0.0,7,31
2,85,7,2.8,11.952169099594416,0.0,7,31
2,85,8,2.8,11.554118793526143,0.0,7,31
2,85,9,2.8,11.667139545166323,0.0,7,31
2,85,10,2.8,9.86000268403059,0.0,7,31
2,85,11,2.8,9.407211227484396,0.0,7,31
2,85,12,2.8,10.844176908320645,0.0,7,31
2,85,13,2.8,11.23655407458033,0.0,7,31
2,85,14,2.8,9.209409757809798,0.0,7,31
2,85,15,2.8,9.55284474054404,0.0,7,31
2,85,16,2.8,11.282080482474333,0.0,7,31
2,85,17,2.8,12.83001112105048,0.0,7,31
2,85,18,2.8,11.081020747956078,0.0,7,31
2,85,19,2.8,11.589292048573935,0.0,7,31
2,85,20,2.8,9.175148142304504,0.0,7,31
2,85,21,2.8,9.182072520837867,0.0,7,31
2,85,22,2.0,13.212632088924389,0.0,5,31
3,85,1,2.8,9.434573655983197,0.0,7,31
3,85,2,2.8,12.648293158076262,0.0,7,31
3,85,3,2.8,9.589240932673452,0.0,7,31
3,85,4,2.8,9.684214458706208,0.0,7,31
3,85,5,2.8,9.37665244778508,0.0,7,31
3,85,6,2.8,10.423995237246391,0.0,7,31
3,85,7,2.8,9.045192951997421,0.0,7,31
3,85,8,2.8,12.380038980756943,0.0,7,31
3,85,9,2.8,13.147320238643772,0.0,7,31
3,85,10,2.8,11.505631314515124,0.0,7,31
3,85,11,2.8,11.561201141315165,0.0,7,31
3,85,12,3.0,11.1938930751942,0.0,7,31
3,85,13,3.0,9.859666970416644,0.0,7,31
3,85,14,2.8,10.100708377545036,0.0,7,31
3,85,15,2.8,9.822535795080574,0.0,7,31
3,85,16,2.8,12.153446237186037,0.0,7,31
3,85,17,2.8,15.27481885220296,0.0,7,31
3,85,18,2.8,9.99445237238058,0.0,7,31
3,85,19,2.8,10.68841485903565,0.0,7,31
3,85,20,2.8,9.83488265737525,0.0,7,31
3,85,21,2.8,10.00858039924771,0.0,7,31
3,85,22,2.8,10.019562795882324,0.0,7,31
1,86,1,4.4,9.033418147401733,0.0,7,31
1,86,2,3.2,11.563430864785932,0.0,7,31
1,86,3,2.8,10.74298608120349,0.0,7,31
1,86,4,3.2,8.69849906432454,0.0,7,31
1,86,5,2.8,12.598855717314786,0.0,7,31
1,86,6,2.8,9.99375547791936,0.0,7,31
1,86,7,2.8,12.328139441960246,0.0,7,31
1,86,8,2.8,9.6566759839856,0.0,7,31
1,86,9,2.8,12.8278282789172,0.0,7,31
1,86,10,2.8,11.126974570730587,0.0,7,31
1,86,11,2.8,12.04752987392011,0.0,7,31
1,86,12,2.8,13.468615844222725,0.0,7,31
1,86,13,2.8,10.912205943001654,0.0,7,31
1,86,14,2.8,10.699166252639472,0.0,7,31
1,86,15,2.8,15.37756843178536,0.0,7,31
1,86,16,2.8,9.931184827284083,0.0,7,31
1,86,17,2.8,9.495287671029494,0.0,7,31
1,86,18,2.8,10.045142570331095,0.0,7,31
1,86,19,3.0,9.504811901935538,0.0,7,31
1,86,20,2.8,9.677724393432094,0.0,7,31
1,86,21,2.8,10.191331269132105,0.0,7,31
2,86,1,3.0,12.710322019151338,0.0,7,31
2,86,2,2.8,10.589615822637768,0.0,7,31
2,86,3,3.8,8.405551590911143,0.125,7,31
2,86,4,3.0,9.569960377042948,0.0,7,31
2,86,5,2.8,9.793060179711649,0.0,7,31
2,86,6,2.8,11.482914547416692,0.0,7,31
2,86,7,3.0,10.137832261317698,0.0,7,31
2,86,8,2.8,11.371567565893617,0.0,7,31
2,86,9,2.8,9.256533797902081,0.0,7,31
2,86,10,2.8,10.340244665117071,0.0,7,31
2,86,11,2.8,9.79418054758676,0.0,7,31
2,86,12,2.8,13.982629513535807,0.0,7,31
2,86,13,2.8,10.979118097054851,0.0,7,31
2,86,14,2.8,11.178670301774781,0.0,7,31
2,86,15,2.8,8.872038057535578,0.0,7,31
2,86,16,2.8,11.822708515761091,0.0,7,31
2,86,17,2.8,10.407906159011711,0.0,7,31
2,86,18,2.8,12.41531798232139,0.0,7,31
2,86,19,2.8,10.718918298849218,0.0,7,31
2,86,20,2.8,7.664131709480403,0.0,7,31
2,86,21,2.8,9.109429678172269,0.0,7,31
2,86,22,2.0,18.115136228472217,0.0,4,31
3,86,1,2.8,9.582388847236185,0.0,7,31
3,86,2,2.8,11.863224481702352,0.0,7,31
3,86,3,2.8,10.129200598058947,0.0,7,31
3,86,4,2.8,9.175709604381534,0.0,7,31
3,86,5,2.8,9.582321812526114,0.0,7,31
3,86,6,2.8,10.06379957531329,0.0,7,31
3,86,7,2.8,10.61506176201029,0.0,7,31
3,86,8,2.8,10.278666015359422,0.0,7,31
3,86,9,2.8,11.535521436470967,0.0,7,31
3,86,10,2.8,9.59277049091162,0.0,7,31
3,86,11,2.8,10.921231651152015,0.0,7,31
3,86,12,2.8,12.825595504150186,0.0,7,31
3,86,13,2.8,9.441651607750977,0.0,7,31
3,86,14,2.8,9.518141209419186,0.0,7,31
3,86,15,2.8,12.514834108135057,0.0,7,31
3,86,16,2.8,11.53489567897829,0.0,7,31
3,86,17,2.8,14.44920960038748,0.0,7,31
3,86,18,2.8,11.331868787598737,0.0,7,31
3,86,19,2.8,11.487664551221958,0.0,7,31
3,86,20,2.8,11.16210348229117,0.0,7,31
3,86,21,2.8,8.415111947229745,0.0,7,31
3,86,22,2.8,12.463652896074171,0.0,7,31
1,87,1,4.2,8.753764732627937,0.0,7,31
1,87,2,3.4,9.447894621819012,0.0,7,31
1,87,3,3.0,11.467766728838043,0.0,7,31
1,87,4,3.0,9.086046179232767,0.0,7,31
1,87,5,2.8,11.537492365903788,0.0,7,31
1,87,6,2.8,10.111135878633744,0.0,7,31
1,87,7,3.0,9.702405065560985,0.0,7,31
1,87,8,2.8,9.335601938410726,0.0,7,31
1,87,9,2.8,14.17409433481278,0.0,7,31
1,87,10,2.8,11.562107873383566,0.0,7,31
1,87,11,2.8,11.811294662483377,0.0,7,31
1,87,12,2.8,13.5591698912947,0.0,7,31
1,87,13,2.8,13.810755029265465,0.0,7,31
1,87,14,2.8,11.031342572039373,0.0,7,31
1,87,15,2.8,12.838341554830206,0.0,7,31
1,87,16,2.8,12.594293268569679,0.0,7,31
1,87,17,2.8,9.135190814241472,0.0,7,31
1,87,18,2.8,10.020928471123106,0.0,7,31
1,87,19,3.2,10.083404184419539,0.0,7,31
1,87,20,2.8,9.137360464577558,0.0,7,31
1,87,21,2.8,9.612056917970515,0.0,7,31
2,87,1,2.8,15.202938514293525,0.0,7,31
2,87,2,2.8,9.791436717987297,0.0,7,31
2,87,3,4.0,7.364900392971249,0.125,7,31
2,87,4,2.8,9.988052177087402,0.0,7,31
2,87,5,2.8,10.39712984261935,0.0,7,31
2,87,6,2.8,11.228646559001138,0.0,7,31
2,87,7,3.0,11.385723837904237,0.0,7,31
2,87,8,2.8,12.168814772350602,0.0,7,31
2,87,9,2.8,12.473411701786247,0.0,7,31
2,87,10,2.8,11.305955191078855,0.0,7,31
2,87,11,2.8,9.55590746088459,0.0,7,31
2,87,12,2.8,13.011875609998022,0.0,7,31
2,87,13,2.8,10.700410552143252,0.0,7,31
2,87,14,2.8,11.354581179447448,0.0,7,31
2,87,15,2.8,10.040233022227186,0.0,7,31
2,87,16,2.8,9.151432016468545,0.0,7,31
2,87,17,2.8,11.070735364761667,0.0,7,31
2,87,18,2.8,12.316332317450081,0.0,7,31
2,87,19,3.0,9.911954957324891,0.0,7,31
2,87,20,2.8,9.423637994381572,0.0,7,31
2,87,21,2.8,8.096476164345098,0.0,7,31
2,87,22,2.0,17.785890435524372,0.0,4,31
3,87,1,2.8,9.81300518851428,0.0,7,31
3,87,2,2.8,11.190354305369306,0.0,7,31
3,87,3,2.8,11.811492713868263,0.0,7,31
3,87,4,2.8,9.808459246119906,0.0,7,31
3,87,5,2.8,10.138258258732815,0.0,7,31
3,87,6,2.8,9.650916678479424,0.0,7,31
3,87,7,2.8,9.909884993291124,0.0,7,31
3,87,8,2.8,10.108779665474115,0.0,7,31
3,87,9,2.8,12.979909559480783,0.0,7,31
3,87,10,2.8,11.592865000426654,0.0,7,31
3,87,11,2.8,10.65487053158479,0.0,7,31
3,87,12,2.8,11.477735522537929,0.0,7,31
3,87,13,2.8,9.932300473100776,0.0,7,31
3,87,14,2.8,11.149099208874096,0.0,7,31
3,87,15,2.8,12.338110410644573,0.0,7,31
3,87,16,2.8,10.559098429851026,0.0,7,31
3,87,17,2.8,12.78763443335196,0.0,7,31
3,87,18,2.8,10.080510008054626,0.0,7,31
3,87,19,2.8,9.418002610034259,0.0,7,31
3,87,20,2.8,10.473954862414397,0.0,7,31
3,87,21,2.8,9.297811094037092,0.0,7,31
3,87,22,2.8,11.353135411080455,0.0,7,31
1,88,1,4.2,8.161006645281724,0.0,7,31
1,88,2,3.6,9.508029351672207,0.0,7,31
1,88,3,2.8,11.621833408756265,0.0,7,31
1,88,4,3.0,8.872010655804335,0.0,7,31
1,88,5,3.0,10.561101596776389,0.0,7,31
1,88,6,2.8,11.874006790572352,0.0,7,31
1,88,7,2.8,9.295402772684083,0.0,7,31
1,88,8,2.8,9.952333417006363,0.0,7,31
1,88,9,2.8,10.51398993600363,0.0,7,31
1,88,10,2.8,11.155434272174938,0.0,7,31
1,88,11,2.8,12.870848037743091,0.0,7,31
1,88,12,2.8,12.701762492824951,0.0,7,31
1,88,13,2.8,11.235700365480715,0.0,7,31
1,88,14,2.8,11.472374323533277,0.0,7,31
1,88,15,2.8,12.703023756780189,0.0,7,31
1,88,16,2.8,10.848464376985058,0.0,7,31
1,88,17,2.8,8.827405825796728,0.0,7,31
1,88,18,3.0,10.229395309787892,0.0,7,31
1,88,19,3.0,10.482358053779066,0.0,7,31
1,88,20,2.8,10.222385990886293,0.0,7,31
1,88,21,3.0,8.62823401897831,0.0,7,31
2,88,1,2.8,13.03247606008092,0.0,7,31
2,88,2,2.8,8.570321749974111,0.0,7,31
2,88,3,3.8,8.032421587357513,0.125,7,31
2,88,4,2.8,9.811983327254957,0.0,7,31
2,88,5,2.8,9.52344246814557,0.0,7,31
2,88,6,2.8,10.34363605510097,0.0,7,31
2,88,7,2.8,13.426808306956227,0.0,7,31
2,88,8,2.8,10.243431302748956,0.0,7,31
2,88,9,2.8,10.925373981967603,0.0,7,31
2,88,10,2.8,12.282030432849048,0.0,7,31
2,88,11,2.8,8.648300355809116,0.0,7,31
2,88,12,2.8,12.236083628728077,0.0,7,31
2,88,13,2.8,11.703451495803222,0.0,7,31
2,88,14,2.8,10.721079533801342,0.0,7,31
2,88,15,2.8,9.955623348847734,0.0,7,31
2,88,16,2.8,11.643259713895361,0.0,7,31
2,88,17,2.8,10.649166509262486,0.0,7,31
2,88,18,2.8,10.806212999574711,0.0,7,31
2,88,19,3.0,10.826685702627339,0.0,7,31
2,88,20,2.8,9.698945246981499,0.0,7,31
2,88,21,2.8,9.140903164087051,0.0,7,31
2,88,22,2.0,16.579359397163387,0.0,5,31
3,88,1,2.8,9.305385658660972,0.0,7,31
3,88,2,2.8,12.24318650927824,0.0,7,31
3,88,3,2.8,9.589240932673452,0.0,7,31
3,88,4,2.8,9.203324116395994,0.0,7,31
3,88,5,2.8,11.134968958780545,0.0,7,31
3,88,6,2.8,10.495547321126718,0.0,7,31
3,88,7,2.8,9.67474716770505,0.0,7,31
3,88,8,2.8,12.405148997195957,0.0,7,31
3,88,9,2.8,11.689857524735416,0.0,7,31
3,88,10,2.8,11.149080505490062,0.0,7,31
3,88,11,2.8,11.388974409221609,0.0,7,31
3,88,12,3.0,11.15306785889079,0.0,7,31
3,88,13,2.8,10.621772059189299,0.0,7,31
3,88,14,2.8,9.330742610866102,0.0,7,31
3,88,15,2.8,11.822208646313582,0.0,7,31
3,88,16,2.8,10.740590179076307,0.0,7,31
3,88,17,2.8,13.127298165697498,0.0,7,31
3,88,18,2.8,11.540457375543681,0.0,7,31
3,88,19,2.8,11.430101764570157,0.0,7,31
3,88,20,2.8,10.699814678077448,0.0,7,31
3,88,21,2.8,8.486927616690076,0.0,7,31
3,88,22,2.8,10.729235076761654,0.0,7,31
1,89,1,4.4,8.657069883565267,0.0,7,31
1,89,2,2.8,12.330787800198962,0.0,7,31
1,89,3,2.8,16.738822151230554,0.0,7,31
1,89,4,3.2,7.512287822022481,0.0,7,31
1,89,5,2.8,12.382388717934576,0.0,7,31
1,89,6,2.8,9.581383712317152,0.0,7,31
1,89,7,2.8,9.651323234493276,0.0,7,31
1,89,8,2.8,9.45919457773853,0.0,7,31
1,89,9,2.8,14.641585547591763,0.0,7,31
1,89,10,2.8,10.605321548037683,0.0,7,31
1,89,11,2.8,14.795057683133297,0.0,7,31
1,89,12,2.8,17.997908294355483,0.0,7,31
1,89,13,2.8,11.635351416292437,0.0,7,31
1,89,14,2.8,13.35127442072377,0.0,7,31
1,89,15,2.8,12.617786888096667,0.0,7,31
1,89,16,2.8,9.768068223808173,0.0,7,31
1,89,17,2.8,11.84907723166438,0.0,7,31
1,89,18,3.0,8.686537587533419,0.0,7,31
1,89,19,2.8,9.962898146042463,0.0,7,31
1,89,20,3.0,8.876099682758285,0.0,7,31
1,89,21,3.0,8.267355509685771,0.0,7,31
2,89,1,3.2,11.862642799870592,0.0,7,31
2,89,2,2.8,9.485191654231565,0.0,7,31
2,89,3,3.2,11.240641035481309,0.0,7,31
2,89,4,3.2,8.421734858931668,0.0,7,31
2,89,5,2.8,10.897301645049408,0.0,7,31
2,89,6,2.8,9.413923436753315,0.0,7,31
2,89,7,3.2,9.138455675595523,0.0,7,31
2,89,8,2.8,11.810756141429948,0.0,7,31
2,89,9,2.8,11.06518004482015,0.0,7,31
2,89,10,2.8,11.661144186799135,0.0,7,31
2,89,11,2.8,10.554773953758179,0.0,7,31
2,89,12,2.8,13.169702457875703,0.0,7,31
2,89,13,2.8,10.489541865371006,0.0,7,31
2,89,14,2.8,10.488540610557791,0.0,7,31
2,89,15,2.8,9.015900756517857,0.0,7,31
2,89,16,2.8,13.143906109771958,0.0,7,31
2,89,17,2.8,11.067059821710004,0.0,7,31
2,89,18,2.8,11.29212918022099,0.0,7,31
2,89,19,2.8,12.860031317668163,0.0,7,31
2,89,20,2.8,8.343742403058714,0.0,7,31
2,89,21,2.8,8.011630444843444,0.0,7,31
2,89,22,2.0,20.990548551652736,0.0,4,31
3,89,1,2.8,9.719439311817016,0.0,7,31
3,89,2,2.8,11.169917321800401,0.0,7,31
3,89,3,2.8,10.847823003703326,0.0,7,31
3,89,4,2.8,9.148260310944405,0.0,7,31
3,89,5,2.8,9.263042990424273,0.0,7,31
3,89,6,2.8,9.696819792169666,0.0,7,31
3,89,7,2.8,9.349384061499219,0.0,7,31
3,89,8,2.8,12.3301226785465,0.0,7,31
3,89,9,2.8,11.49217111622258,0.0,7,31
3,89,10,2.8,11.570932802830526,0.0,7,31
3,89,11,2.8,10.940767956122372,0.0,7,31
3,89,12,2.8,10.620696370892102,0.0,7,31
3,89,13,2.8,8.752561054596423,0.0,7,31
3,89,14,2.8,9.761192541519625,0.0,7,31
3,89,15,2.8,12.803006755944114,0.0,7,31
3,89,16,2.8,11.42713900306846,0.0,7,31
3,89,17,2.8,14.247256931145253,0.0,7,31
3,89,18,3.0,8.930116919967396,0.0,7,31
3,89,19,2.8,12.157135089324838,0.0,7,31
3,89,20,2.8,9.823359947262862,0.0,7,31
3,89,21,2.8,8.855575321377858,0.0,7,31
3,89,22,2.8,11.039080175716604,0.0,7,31
1,90,1,4.4,10.109399385640396,0.0,7,31
1,90,2,2.8,12.829587280807226,0.0,7,31
1,90,3,2.8,11.544045982766749,0.0,7,31
1,90,4,3.0,8.543062992585615,0.0,7,31
1,90,5,3.0,11.578574424794592,0.0,7,31
1,90,6,2.8,9.358190865013071,0.0,7,31
1,90,7,2.8,9.002493042040431,0.0,7,31
1,90,8,2.8,10.126840665205094,0.0,7,31
1,90,9,2.8,14.968918651680251,0.0,7,31
1,90,10,2.8,11.880783933363267,0.0,7,31
1,90,11,2.8,12.290489701508543,0.0,7,31
1,90,12,2.8,13.486530651582289,0.0,7,31
1,90,13,2.8,11.748777007545769,0.0,7,31
1,90,14,2.8,13.50083677589476,0.0,7,31
1,90,15,2.8,14.060385011645941,0.0,7,31
1,90,16,2.8,9.67398027212639,0.0,7,31
1,90,17,2.8,10.88585097913694,0.0,7,31
1,90,18,2.8,9.483280546309294,0.0,7,31
1,90,19,3.0,8.886240593222706,0.0,7,31
1,90,20,3.0,10.536765041279214,0.0,7,31
1,90,21,2.8,10.908613090828368,0.0,7,31
1,90,22,2.25,12.931707726559619,0.0,4,31
2,90,1,2.8,12.602804012931905,0.0,7,31
2,90,2,2.8,9.532016902234702,0.0,7,31
2,90,3,3.2,9.29608875839472,0.0,7,31
2,90,4,3.2,9.339681029810441,0.0,7,31
2,90,5,3.0,9.568380828353188,0.0,7,31
2,90,6,2.8,10.22261628301346,0.0,7,31
2,90,7,3.0,10.434040182135897,0.0,7,31
2,90,8,2.8,11.277167615843975,0.0,7,31
2,90,9,2.8,10.763695092468271,0.0,7,31
2,90,10,2.8,11.846145287092128,0.0,7,31
2,90,11,2.8,9.153781848735433,0.0,7,31
2,90,12,2.8,10.026421572352449,0.0,7,31
2,90,13,2.8,12.949490860028906,0.0,7,31
2,90,14,2.8,10.124073205279709,0.0,7,31
2,90,15,2.8,10.725502882488838,0.0,7,31
2,90,16,3.0,10.815918938629071,0.0,7,31
2,90,17,2.8,12.44483579333079,0.0,7,31
2,90,18,2.8,10.775671335920261,0.0,7,31
2,90,19,3.0,10.979581485147959,0.0,7,31
2,90,20,2.8,8.902404274403613,0.0,7,31
2,90,21,2.8,8.183138205688959,0.0,7,31
2,90,22,2.0,18.59710397554841,0.0,4,31
3,90,1,2.8,9.6428199947887,0.0,7,31
3,90,2,2.8,10.989289320899834,0.0,7,31
3,90,3,2.8,10.964505548555433,0.0,7,31
3,90,4,2.8,10.167171850429622,0.0,7,31
3,90,5,2.8,10.155091594841942,0.0,7,31
3,90,6,2.8,9.545481041637704,0.0,7,31
3,90,7,2.8,9.767450445730288,0.0,7,31
3,90,8,2.8,11.41001902048963,0.0,7,31
3,90,9,2.8,13.00751463818738,0.0,7,31
3,90,10,2.8,10.738020179853832,0.0,7,31
3,90,11,2.8,11.304771057317524,0.0,7,31
3,90,12,3.0,10.324657228293162,0.0,7,31
3,90,13,2.8,9.090418147479124,0.0,7,31
3,90,14,2.8,9.70072708930024,0.0,7,31
3,90,15,2.8,13.200020742659856,0.0,7,31
3,90,16,2.8,8.807274798724869,0.0,7,31
3,90,17,2.8,16.270226317741795,0.0,7,31
3,90,18,2.8,10.455407560194836,0.0,7,31
3,90,19,2.8,12.50512801904691,0.0,7,31
3,90,20,2.8,10.71856617527343,0.0,7,31
3,90,21,2.8,9.314096534915937,0.0,7,31
3,90,22,2.8,11.582626138117442,0.0,7,31
1,91,1,4.2,8.183171467919326,0.0,7,31
1,91,2,3.2,9.887987755194862,0.0,7,31
1,91,3,3.0,11.256984427680862,0.0,7,31
1,91,4,3.0,8.519976132767402,0.0,7,31
1,91,5,2.8,12.353435490298677,0.0,7,31
1,91,6,2.8,10.638856240644534,0.0,7,31
1,91,7,2.8,10.106229543640822,0.0,7,31
1,91,8,2.8,9.835817441977943,0.0,7,31
1,91,9,2.8,13.345938397002103,0.0,7,31
1,91,10,2.8,10.955073232868433,0.0,7,31
1,91,11,2.8,14.08125489265315,0.0,7,31
1,91,12,2.8,13.452918534990161,0.0,7,31
1,91,13,2.8,9.683408594237356,0.0,7,31
1,91,14,2.8,11.528167737155039,0.0,7,31
1,91,15,2.8,13.769671833564447,0.0,7,31
1,91,16,2.8,11.337664556462064,0.0,7,31
1,91,17,2.8,10.319484153636424,0.0,7,31
1,91,18,3.0,9.05593308766239,0.0,7,31
1,91,19,3.0,9.814416122212283,0.0,7,31
1,91,20,2.8,9.91661374327809,0.0,7,31
1,91,21,2.8,9.683639516607762,0.0,7,31
2,91,1,3.0,11.49229608273383,0.0,7,31
2,91,2,2.8,9.984553779369513,0.0,7,31
2,91,3,3.0,10.861304850352418,0.0,7,31
2,91,4,3.0,9.420143447452741,0.0,7,31
2,91,5,2.8,9.916213632113159,0.0,7,31
2,91,6,2.8,11.97484679815271,0.0,7,31
2,91,7,3.0,10.751629578006632,0.0,7,31
2,91,8,2.8,11.283343774612208,0.0,7,31
2,91,9,2.8,12.51941181995925,0.0,7,31
2,91,10,2.8,13.287237211463754,0.0,7,31
2,91,11,2.8,8.091773585026894,0.0,7,31
2,91,12,2.8,13.764940068444407,0.0,7,31
2,91,13,2.8,11.85561069517977,0.0,7,31
2,91,14,2.8,11.890107548276148,0.0,7,31
2,91,15,2.8,10.653901048670289,0.0,7,31
2,91,16,3.0,10.052265310242253,0.0,7,31
2,91,17,2.8,11.598308367900064,0.0,7,31
2,91,18,2.8,11.243242529829464,0.0,7,31
2,91,19,2.8,11.629771692930964,0.0,7,31
2,91,20,3.0,7.795150880107236,0.0,7,31
2,91,21,2.8,8.66191189822413,0.0,7,31
2,91,22,2.0,12.82475905061645,0.0,5,31
3,91,1,2.8,8.796798248381213,0.0,7,31
3,91,2,2.8,11.593377859983711,0.0,7,31
3,91,3,2.8,12.335588087550017,0.0,7,31
3,91,4,2.8,8.429569998499563,0.0,7,31
3,91,5,2.8,9.688577407027775,0.0,7,31
3,91,6,2.8,9.965413967363006,0.0,7,31
3,91,7,2.8,9.45050922830115,0.0,7,31
3,91,8,2.8,11.495803494197542,0.0,7,31
3,91,9,2.8,11.321979780859074,0.0,7,31
3,91,10,2.8,10.852340086521847,0.0,7,31
3,91,11,2.8,10.313496330886952,0.0,7,31
3,91,12,2.8,14.06430074144616,0.0,7,31
3,91,13,2.8,9.369333067176271,0.0,7,31
3,91,14,2.8,9.71467940704446,0.0,7,31
3,91,15,2.8,12.118097282248371,0.0,7,31
3,91,16,2.8,9.957419652224484,0.0,7,31
3,91,17,2.8,14.050871721994532,0.0,7,31
3,91,18,3.0,9.709868342653662,0.0,7,31
3,91,19,2.8,12.50512801904703,0.0,7,31
3,91,20,2.8,10.268668413587417,0.0,7,31
3,91,21,2.8,9.399986457860448,0.0,7,31
3,91,22,2.8,11.019191511358134,0.0,7,31
1,92,1,4.2,9.308149052153505,0.0,7,31
1,92,2,3.4,9.567902750024732,0.0,7,31
1,92,3,3.0,10.292540277691966,0.0,7,31
1,92,4,2.8,9.569168755759422,0.0,7,31
1,92,5,2.8,12.481370353156553,0.0,7,31
1,92,6,2.8,11.04848050144832,0.0,7,31
1,92,7,2.8,10.66046712280002,0.0,7,31
1,92,8,2.8,8.918706714438681,0.0,7,31
1,92,9,2.8,12.972444782777544,0.0,7,31
1,92,10,2.8,10.570730082019875,0.0,7,31
1,92,11,2.8,13.950856837146922,0.0,7,31
1,92,12,2.8,14.628602909510265,0.0,7,31
1,92,13,2.8,14.794899971321287,0.0,7,31
1,92,14,2.8,10.577135788734306,0.0,7,31
1,92,15,2.8,17.954353362950055,0.0,7,31
1,92,16,2.8,9.618479879734677,0.0,7,31
1,92,17,2.8,10.70443926229877,0.0,7,31
1,92,18,2.8,9.203777259315796,0.0,7,31
1,92,19,2.8,9.962898146042463,0.0,7,31
1,92,20,3.0,9.961942052059062,0.0,7,31
1,92,21,2.8,9.88829690961438,0.0,7,31
1,92,22,2.25,11.375475164612645,0.0,4,31
2,92,1,3.0,12.683962680532707,0.0,7,31
2,92,2,3.0,9.377786055862746,0.0,7,31
2,92,3,3.4,8.242952455596384,0.0,7,31
2,92,4,2.8,10.66767987620462,0.0,7,31
2,92,5,2.8,9.973819750169698,0.0,7,31
2,92,6,2.8,10.97469142456675,0.0,7,31
2,92,7,3.0,11.364662083840331,0.0,7,31
2,92,8,2.8,11.753960703726165,0.0,7,31
2,92,9,2.8,12.154025013623311,0.0,7,31
2,92,10,2.8,13.032533317900644,0.0,7,31
2,92,11,2.8,9.42170272587415,0.0,7,31
2,92,12,2.8,16.223094643038635,0.0,7,31
2,92,13,2.8,12.103800481760578,0.0,7,31
2,92,14,2.8,9.91080286263552,0.0,7,31
2,92,15,2.8,10.223508719901714,0.0,7,31
2,92,16,2.8,9.768458231572941,0.0,7,31
2,92,17,2.8,11.836794176547787,0.0,7,31
2,92,18,2.8,12.08849216356082,0.0,7,31
2,92,19,3.0,9.926490753789906,0.0,7,31
2,92,20,2.8,9.055727516817742,0.0,7,31
2,92,21,3.0,7.794212300353126,0.0,7,31
2,92,22,2.0,15.829503171621017,0.0,4,31
3,92,1,2.8,10.071553359044257,0.0,7,31
3,92,2,2.8,12.218727242403855,0.0,7,31
3,92,3,2.8,10.196749753637972,0.0,7,31
3,92,4,2.8,8.882537665652112,0.0,7,31
3,92,5,2.8,9.956708848253205,0.0,7,31
3,92,6,2.8,9.545481041637773,0.0,7,31
3,92,7,2.8,10.310841213156912,0.0,7,31
3,92,8,2.8,11.829316869644813,0.0,7,31
3,92,9,2.8,11.30105964300824,0.0,7,31
3,92,10,2.8,10.570986047758357,0.0,7,31
3,92,11,2.8,11.539388475222212,0.0,7,31
3,92,12,2.8,13.15667159552205,0.0,7,31
3,92,13,2.8,8.931502402315834,0.0,7,31
3,92,14,2.8,10.2692665764858,0.0,7,31
3,92,15,2.8,12.07026685041399,0.0,7,31
3,92,16,2.8,12.979117291726407,0.0,7,31
3,92,17,2.8,12.44925805792272,0.0,7,31
3,92,18,2.8,13.27491629784989,0.0,7,31
3,92,19,2.8,9.874147343209039,0.0,7,31
3,92,20,2.8,12.064870234884463,0.0,7,31
3,92,21,2.8,8.764835318537802,0.0,7,31
3,92,22,2.8,10.754254615072377,0.0,7,31
1,93,1,4.2,8.792080423341512,0.0,7,31
1,93,2,3.2,9.208067746914976,0.0,7,31
1,93,3,2.8,11.850945285933772,0.0,7,31
1,93,4,3.0,8.60084814115894,0.0,7,31
1,93,5,2.8,12.615695313587727,0.0,7,31
1,93,6,2.8,10.146009106906638,0.0,7,31
1,93,7,2.8,10.50978240296471,0.0,7,31
1,93,8,2.8,9.992500150081181,0.0,7,31
1,93,9,2.8,12.724699808815034,0.0,7,31
1,93,10,2.8,10.42190445339718,0.0,7,31
1,93,11,2.8,15.360762096171749,0.0,7,31
1,93,12,2.8,15.262790099632413,0.0,7,31
1,93,13,2.8,10.284959347267437,0.0,7,31
1,93,14,2.8,14.167396247847215,0.0,7,31
1,93,15,2.8,13.995076263374951,0.0,7,31
1,93,16,2.8,10.762476267465374,0.0,7,31
1,93,17,2.8,12.671298028936551,0.0,7,31
1,93,18,2.8,9.650336760218366,0.0,7,31
1,93,19,2.8,9.78686030083029,0.0,7,31
1,93,20,3.0,9.680000969247622,0.0,7,31
1,93,21,2.8,10.793731917654416,0.0,7,31
1,93,22,2.0,12.406978742317923,0.0,5,31
2,93,1,2.8,13.704103452019824,0.0,7,31
2,93,2,2.8,11.93063477344069,0.0,7,31
2,93,3,3.6,8.57133822196377,0.125,7,31
2,93,4,2.8,9.40619937200885,0.0,7,31
2,93,5,2.8,10.605113650681677,0.0,7,31
2,93,6,2.8,9.904490619465939,0.0,7,31
2,93,7,2.8,14.439629974637487,0.0,7,31
2,93,8,2.8,11.49541685507426,0.0,7,31
2,93,9,2.8,11.129712894096272,0.0,7,31
2,93,10,2.8,14.906441614230873,0.0,7,31
2,93,11,2.8,8.472907967369569,0.0,7,31
2,93,12,2.8,13.087483722375419,0.0,7,31
2,93,13,2.8,12.852120832864651,0.0,7,31
2,93,14,2.8,10.359508231891214,0.0,7,31
2,93,15,2.8,10.041682891532929,0.0,7,31
2,93,16,2.8,10.210793871114173,0.0,7,31
2,93,17,2.8,10.443794737982866,0.0,7,31
2,93,18,2.8,12.012224463394361,0.0,7,31
2,93,19,2.8,12.944678290227083,0.0,7,31
2,93,20,2.8,8.52363906882268,0.0,7,31
2,93,21,2.8,9.877198599490866,0.0,7,31
2,93,22,2.4,11.363355298707084,0.0,6,31
3,93,1,2.8,9.138539800255149,0.0,7,31
3,93,2,2.8,11.549592427341876,0.0,7,31
3,93,3,2.8,10.65877466235277,0.0,7,31
3,93,4,2.8,8.895456648011807,0.0,7,31
3,93,5,2.8,9.449084460626167,0.0,7,31
3,93,6,2.8,9.666169351699862,0.0,7,31
3,93,7,2.8,10.416201690549725,0.0,7,31
3,93,8,2.8,12.929644243135053,0.0,7,31
3,93,9,2.8,11.427753123457942,0.0,7,31
3,93,10,2.8,11.18987648263027,0.0,7,31
3,93,11,2.8,10.348396858258816,0.0,7,31
3,93,12,2.8,12.485233890634895,0.0,7,31
3,93,13,2.8,9.298113956435587,0.0,7,31
3,93,14,2.8,9.984277641488475,0.0,7,31
3,93,15,2.8,10.94687006115564,0.0,7,31
3,93,16,2.8,11.238166557246464,0.0,7,31
3,93,17,2.8,12.734384243801593,0.0,7,31
3,93,18,2.8,9.965534812808334,0.0,7,31
3,93,19,2.8,11.172881601290412,0.0,7,31
3,93,20,2.8,12.509032735284489,0.0,7,31
3,93,21,2.8,9.158581381305138,0.0,7,31
3,93,22,2.8,12.514658435174754,0.0,7,31
1,94,1,4.4,8.58308643995939,0.0,7,31
1,94,2,2.8,11.617610095993635,0.0,7,31
1,94,3,3.0,13.170855908684404,0.0,7,31
1,94,4,2.8,8.31352212168023,0.0,7,31
1,94,5,2.8,15.543768853698896,0.0,7,31
1,94,6,2.8,9.832463675473743,0.0,7,31
1,94,7,2.8,10.365882019735295,0.0,7,31
1,94,8,2.8,11.128460779988846,0.0,7,31
1,94,9,2.8,13.450741380777282,0.0,7,31
1,94,10,2.8,10.523724186994682,0.0,7,31
1,94,11,2.8,13.055985358823673,0.0,7,31
1,94,12,2.8,15.732799194778902,0.0,7,31
1,94,13,2.8,10.14641963912281,0.0,7,31
1,94,14,2.8,12.396694212474015,0.0,7,31
1,94,15,2.8,12.311442493507712,0.0,7,31
1,94,16,2.8,11.861714793528463,0.0,7,31
1,94,17,2.8,10.47691967282031,0.0,7,31
1,94,18,2.8,10.80432261943192,0.0,7,31
1,94,19,2.8,9.766669186972603,0.0,7,31
1,94,20,3.0,10.790219118567618,0.0,7,31
1,94,21,3.0,9.664394988726007,0.0,7,31
1,94,22,2.0,12.510006069170005,0.0,5,31
2,94,1,2.8,12.734001367785767,0.0,7,31
2,94,2,2.8,10.479271902186818,0.0,7,31
2,94,3,3.6,10.116728709074712,0.125,7,31
2,94,4,2.8,9.406199372008814,0.0,7,31
2,94,5,2.8,9.545786688123975,0.0,7,31
2,94,6,2.8,8.681386350920683,0.0,7,31
2,94,7,3.0,13.750708316428542,0.0,7,31
2,94,8,2.8,10.489381036474551,0.0,7,31
2,94,9,2.8,11.30920950259198,0.0,7,31
2,94,10,2.8,11.73980260804274,0.0,7,31
2,94,11,2.8,8.93901801478098,0.0,7,31
2,94,12,2.8,13.129143882797285,0.0,7,31
2,94,13,2.8,12.969112479868063,0.0,7,31
2,94,14,2.8,11.443203288870505,0.0,7,31
2,94,15,2.8,8.96347465476608,0.0,7,31
2,94,16,2.8,12.787395415683022,0.0,7,31
2,94,17,2.8,10.037476743882284,0.0,7,31
2,94,18,2.8,10.143126638014886,0.0,7,31
2,94,19,2.8,11.477007734477928,0.0,7,31
2,94,20,2.8,8.686602457726698,0.0,7,31
2,94,21,2.8,9.029095697778672,0.0,7,31
2,94,22,2.2,15.361981841112852,0.0,5,31
3,94,1,2.8,10.379202676298235,0.0,7,31
3,94,2,2.8,11.314564120548884,0.0,7,31
3,94,3,2.8,9.470454176016432,0.0,7,31
3,94,4,2.8,10.017301263274106,0.0,7,31
3,94,5,2.8,9.53749382148873,0.0,7,31
3,94,6,2.8,9.384372435690578,0.0,7,31
3,94,7,2.8,10.416201690549808,0.0,7,31
3,94,8,2.8,11.806481756612527,0.0,7,31
3,94,9,2.8,12.426114212832926,0.0,7,31
3,94,10,2.8,10.373758614408565,0.0,7,31
3,94,11,2.8,10.581137257945896,0.0,7,31
3,94,12,2.8,13.535180802699411,0.0,7,31
3,94,13,2.8,9.635011575147079,0.0,7,31
3,94,14,2.8,9.93561946228459,0.0,7,31
3,94,15,2.8,11.02580756019043,0.0,7,31
3,94,16,2.8,10.397542445535377,0.0,7,31
3,94,17,2.8,14.727557406235867,0.0,7,31
3,94,18,2.8,11.310912122873171,0.0,7,31
3,94,19,2.8,12.101359684122942,0.0,7,31
3,94,20,2.8,11.69572869196821,0.0,7,31
3,94,21,2.8,9.227671083231112,0.0,7,31
3,94,22,2.8,10.01466781200962,0.0,7,31
1,95,1,4.0,8.349028055291592,0.0,7,31
1,95,2,3.4,11.60954953973124,0.0,7,31
1,95,3,2.8,14.331136603444584,0.0,7,31
1,95,4,3.0,8.125363164797392,0.0,7,31
1,95,5,2.8,11.77737949729305,0.0,7,31
1,95,6,2.8,10.977753989597911,0.0,7,31
1,95,7,2.8,9.605172124653816,0.0,7,31
1,95,8,2.8,12.271592951227236,0.0,7,31
1,95,9,2.8,12.697886656596364,0.0,7,31
1,95,10,2.8,10.494504668193537,0.0,7,31
1,95,11,2.8,13.235288953539403,0.0,7,31
1,95,12,2.8,13.73240067303425,0.0,7,31
1,95,13,2.8,10.80113671160594,0.0,7,31
1,95,14,2.8,11.341088091331454,0.0,7,31
1,95,15,2.8,13.834428245730935,0.0,7,31
1,95,16,2.8,10.044871268532825,0.0,7,31
1,95,17,2.8,10.308564792865882,0.0,7,31
1,95,18,2.8,10.240734892596333,0.0,7,31
1,95,19,3.0,10.21135367001997,0.0,7,31
1,95,20,2.8,9.9748910678661,0.0,7,31
1,95,21,2.8,11.626759103734512,0.0,7,31
1,95,22,2.5,9.294107431754707,0.0,4,31
2,95,1,2.8,13.673466028198774,0.0,7,31
2,95,2,2.8,10.115312690100255,0.0,7,31
2,95,3,3.2,10.38524195814532,0.0,7,31
2,95,4,3.0,10.344216045723181,0.0,7,31
2,95,5,2.8,9.17262535485949,0.0,7,31
2,95,6,2.8,9.932845767396726,0.0,7,31
2,95,7,2.8,11.240469147279239,0.0,7,31
2,95,8,2.8,10.704741243633485,0.0,7,31
2,95,9,2.8,10.745274259121986,0.0,7,31
2,95,10,2.8,14.006502340946817,0.0,7,31
2,95,11,2.8,8.811111284925184,0.0,7,31
2,95,12,2.8,13.34410089763505,0.0,7,31
2,95,13,2.8,10.936019425309023,0.0,7,31
2,95,14,2.8,9.613660282904902,0.0,7,31
2,95,15,2.8,8.311508622366148,0.0,7,31
2,95,16,2.8,11.762841435589168,0.0,7,31
2,95,17,2.8,11.073745068837368,0.0,7,31
2,95,18,2.8,9.441317708989798,0.0,7,31
2,95,19,3.0,12.52475658656907,0.0,7,31
2,95,20,2.8,8.780614898124126,0.0,7,31
2,95,21,2.8,9.435311787895783,0.0,7,31
2,95,22,2.4,12.010479953907797,0.0,6,31
3,95,1,2.8,9.124905646414215,0.0,7,31
3,95,2,2.8,12.243186509278354,0.0,7,31
3,95,3,2.8,11.205566641042351,0.0,7,31
3,95,4,2.8,10.462851998985766,0.0,7,31
3,95,5,2.8,9.179626304482763,0.0,7,31
3,95,6,2.8,9.853034648833056,0.0,7,31
3,95,7,2.8,9.292564019092772,0.0,7,31
3,95,8,2.8,10.454360128938598,0.0,7,31
3,95,9,2.8,12.154478201162856,0.0,7,31
3,95,10,2.8,11.726224275209539,0.0,7,31
3,95,11,2.8,10.882367605558251,0.0,7,31
3,95,12,2.8,12.334163059512928,0.0,7,31
3,95,13,2.8,9.214067289638562,0.0,7,31
3,95,14,2.8,11.314094892836719,0.0,7,31
3,95,15,2.8,12.749628729980994,0.0,7,31
3,95,16,2.8,10.632523808272005,0.0,7,31
3,95,17,2.8,12.62920334028984,0.0,7,31
3,95,18,3.0,9.396593112562444,0.0,7,31
3,95,19,2.8,11.920195505673153,0.0,7,31
3,95,20,2.8,10.115813136050955,0.0,7,31
3,95,21,2.8,9.012160240538446,0.0,7,31
3,95,22,2.8,11.648807049701272,0.0,7,31
1,96,1,4.4,8.142381988070294,0.0,7,31
1,96,2,3.2,10.159742252011828,0.0,7,31
1,96,3,2.8,10.463185207169028,0.0,7,31
1,96,4,3.0,8.75516969454741,0.0,7,31
1,96,5,3.0,9.493040156664938,0.0,7,31
1,96,6,2.8,10.283686956503281,0.0,7,31
1,96,7,2.8,11.352669885763227,0.0,7,31
1,96,8,2.8,10.16147070521755,0.0,7,31
1,96,9,2.8,13.765530514200107,0.0,7,31
1,96,10,2.8,12.971214119629694,0.0,7,31
1,96,11,2.8,11.495932317315118,0.0,7,31
1,96,12,2.8,11.192212619476562,0.0,7,31
1,96,13,2.8,15.481992156712105,0.0,7,31
1,96,14,2.8,12.046657421442395,0.0,7,31
1,96,15,2.8,15.698041855414507,0.0,7,31
1,96,16,2.8,10.340171278243204,0.0,7,31
1,96,17,2.8,9.391697359770657,0.0,7,31
1,96,18,2.8,11.140852012103979,0.0,7,31
1,96,19,3.0,8.596360250682102,0.0,7,31
1,96,20,2.8,9.77188554338355,0.0,7,31
1,96,21,2.8,10.174124598228387,0.0,7,31
2,96,1,3.2,12.887483674044347,0.0,7,31
2,96,2,3.0,10.67484753022734,0.0,7,31
2,96,3,3.0,11.454087411582584,0.0,7,31
2,96,4,3.0,9.845557009924882,0.0,7,31
2,96,5,2.8,9.957581531469659,0.0,7,31
2,96,6,2.8,9.891944802868952,0.0,7,31
2,96,7,3.0,10.879486254947123,0.0,7,31
2,96,8,2.8,11.424623797439574,0.0,7,31
2,96,9,2.8,10.782671358295552,0.0,7,31
2,96,10,2.8,12.008963741700102,0.0,7,31
2,96,11,2.8,10.190944601247118,0.0,7,31
2,96,12,2.8,12.610541833672643,0.0,7,31
2,96,13,2.8,11.938417972871646,0.0,7,31
2,96,14,2.8,10.329250034075525,0.0,7,31
2,96,15,2.8,9.813414975615459,0.0,7,31
2,96,16,3.0,10.609535203963734,0.0,7,31
2,96,17,2.8,9.986183642847505,0.0,7,31
2,96,18,2.8,11.440852045124133,0.0,7,31
2,96,19,3.0,10.091861216979451,0.0,7,31
2,96,20,2.8,9.785493832413525,0.0,7,31
2,96,21,2.8,9.068907719893517,0.0,7,31
2,96,22,2.0,21.3570348554973,0.0,4,31
3,96,1,2.8,9.3480534160576,0.0,7,31
3,96,2,2.8,10.409482347568451,0.0,7,31
3,96,3,2.8,9.485141328821253,0.0,7,31
3,96,4,2.8,9.808459246119979,0.0,7,31
3,96,5,2.8,9.4490844606261,0.0,7,31
3,96,6,2.8,9.064483560478926,0.0,7,31
3,96,7,2.8,9.47980518050575,0.0,7,31
3,96,8,2.8,11.039317722719193,0.0,7,31
3,96,9,2.8,12.579459907315309,0.0,7,31
3,96,10,2.8,13.514005529723143,0.0,7,31
3,96,11,2.8,10.617875890582736,0.0,7,31
3,96,12,2.8,11.697249905734655,0.0,7,31
3,96,13,2.8,8.790299418855934,0.0,7,31
3,96,14,2.8,10.033414758221276,0.0,7,31
3,96,15,2.8,13.569975755821153,0.0,7,31
3,96,16,2.8,11.513182068449826,0.0,7,31
3,96,17,2.8,13.52274276875025,0.0,7,31
3,96,18,3.0,10.144718996310386,0.0,7,31
3,96,19,2.8,12.133018100172082,0.0,7,31
3,96,20,2.8,10.18318326042821,0.0,7,31
3,96,21,2.8,8.534297385119894,0.0,7,31
3,96,22,2.8,10.45414708926068,0.0,7,31
1,97,1,4.2,8.98880274591787,0.0,7,31
1,97,2,3.4,10.783544218746863,0.0,7,31
1,97,3,3.0,11.467766728838043,0.0,7,31
1,97,4,2.8,12.180347047774346,0.0,7,31
1,97,5,2.8,13.827451198160386,0.0,7,31
1,97,6,2.8,10.638856240644534,0.0,7,31
1,97,7,2.8,11.879361923745984,0.0,7,31
1,97,8,2.8,11.043525245074864,0.0,7,31
1,97,9,2.8,11.57682187066896,0.0,7,31
1,97,10,2.8,11.978571352519255,0.0,7,31
1,97,11,2.8,15.029495171914329,0.0,7,31
1,97,12,2.8,13.919025379118468,0.0,7,31
1,97,13,2.8,12.166311897058758,0.0,7,31
1,97,14,2.8,11.375829030133907,0.0,7,31
1,97,15,2.8,15.231455736255302,0.0,7,31
1,97,16,2.8,9.985046793653412,0.0,7,31
1,97,17,2.8,10.39065956366325,0.0,7,31
1,97,18,2.8,10.252981287063909,0.0,7,31
1,97,19,2.8,11.704505038141297,0.0,7,31
1,97,20,2.8,10.739291890264965,0.0,7,31
1,97,21,2.8,10.055285842062847,0.0,7,31
1,97,22,2.0,13.023712255368869,0.0,5,31
2,97,1,2.8,12.499776686942049,0.0,7,31
2,97,2,2.8,10.01592227406983,0.0,7,31
2,97,3,3.6,8.42957661075327,0.125,7,31
2,97,4,2.8,9.125511033422852,0.0,7,31
2,97,5,2.8,10.388945824806113,0.0,7,31
2,97,6,2.8,10.758158974383326,0.0,7,31
2,97,7,3.0,11.330646931530083,0.0,7,31
2,97,8,2.8,10.453524725290618,0.0,7,31
2,97,9,2.8,10.64027004058457,0.0,7,31
2,97,10,2.8,11.83063733761625,0.0,7,31
2,97,11,2.8,9.450050696217804,0.0,7,31
2,97,12,2.8,13.214242585164445,0.0,7,31
2,97,13,2.8,12.543540168197916,0.0,7,31
2,97,14,2.8,12.343920220059012,0.0,7,31
2,97,15,2.8,8.911235360592293,0.0,7,31
2,97,16,2.8,13.201411016634566,0.0,7,31
2,97,17,2.8,10.154127675579419,0.0,7,31
2,97,18,2.8,11.411057405752992,0.0,7,31
2,97,19,2.8,13.87182981489419,0.0,7,31
2,97,20,2.8,8.736233933915203,0.0,7,31
2,97,21,2.8,8.339645540091752,0.0,7,31
2,97,22,2.2,13.801983085230498,0.0,5,31
3,97,1,2.8,9.420042567588185,0.0,7,31
3,97,2,2.8,11.420198303486135,0.0,7,31
3,97,3,2.8,10.422644450896218,0.0,7,31
3,97,4,2.8,11.088850892677506,0.0,7,31
3,97,5,2.8,10.450059336193464,0.0,7,31
3,97,6,2.8,10.24931172859212,0.0,7,31
3,97,7,2.8,10.0071718615055,0.0,7,31
3,97,8,2.8,12.430361080255896,0.0,7,31
3,97,9,2.8,13.495439884044963,0.0,7,31
3,97,10,2.8,12.942077875067875,0.0,7,31
3,97,11,2.8,10.348396858258898,0.0,7,31
3,97,12,3.0,10.394847472715696,0.0,7,31
3,97,13,2.8,9.757539778755607,0.0,7,31
3,97,14,2.8,10.20236437681459,0.0,7,31
3,97,15,2.8,15.668624235965998,0.0,7,31
3,97,16,2.8,9.986484464059364,0.0,7,31
3,97,17,2.8,13.26970459890568,0.0,7,31
3,97,18,2.8,11.497070018752323,0.0,7,31
3,97,19,2.8,12.634289185850074,0.0,7,31
3,97,20,2.8,11.838949457482366,0.0,7,31
3,97,21,2.8,9.95053975496638,0.0,7,31
3,97,22,2.8,9.976667159607244,0.0,7,31
1,98,1,4.0,9.850249332393965,0.0,7,31
1,98,2,3.2,10.389427016419594,0.0,7,31
1,98,3,2.8,13.480953079748984,0.0,7,31
1,98,4,3.2,7.250175394984053,0.0,7,31
1,98,5,2.8,11.777379497293062,0.0,7,31
1,98,6,2.8,10.02782235385675,0.0,7,31
1,98,7,2.8,11.383325720209875,0.0,7,31
1,98,8,2.8,11.699774008778542,0.0,7,31
1,98,9,2.8,16.17424479573419,0.0,7,31
1,98,10,2.8,10.158373634936858,0.0,7,31
1,98,11,2.8,12.442756750333418,0.0,7,31
1,98,12,2.8,12.277514106852488,0.0,7,31
1,98,13,2.8,11.50209850096799,0.0,7,31
1,98,14,2.8,12.019728173625666,0.0,7,31
1,98,15,2.8,11.620202544301105,0.0,7,31
1,98,16,2.8,10.180633208464345,0.0,7,31
1,98,17,2.8,11.444030687696587,0.0,7,31
1,98,18,2.8,9.953186419958175,0.0,7,31
1,98,19,3.0,10.057960982652881,0.0,7,31
1,98,20,2.8,10.66327760168316,0.0,7,31
1,98,21,2.8,11.385125100822213,0.0,7,31
1,98,22,2.0,13.550873494706284,0.0,5,31
2,98,1,2.8,12.707543824927697,0.0,7,31
2,98,2,2.8,11.724792660149857,0.0,7,31
2,98,3,3.6,10.516835594211596,0.125,7,31
2,98,4,2.8,10.540992578768128,0.0,7,31
2,98,5,2.8,11.374292486247686,0.0,7,31
2,98,6,2.8,9.519108611051845,0.0,7,31
2,98,7,2.8,12.595890217732892,0.0,7,31
2,98,8,2.8,10.824062288634643,0.0,7,31
2,98,9,2.8,10.85321402192298,0.0,7,31
2,98,10,2.8,13.522252831002543,0.0,7,31
2,98,11,2.8,8.311704776538978,0.0,7,31
2,98,12,2.8,12.55037067402284,0.0,7,31
2,98,13,2.8,12.259602196944092,0.0,7,31
2,98,14,2.8,10.05300809200412,0.0,7,31
2,98,15,2.8,9.365138375938884,0.0,7,31
2,98,16,2.8,11.389721977310066,0.0,7,31
2,98,17,2.8,9.823162433620768,0.0,7,31
2,98,18,2.8,11.137270508716838,0.0,7,31
2,98,19,2.8,13.546779671658982,0.0,7,31
2,98,20,2.8,8.680913023958263,0.0,7,31
2,98,21,2.8,9.751217436344618,0.0,7,31
2,98,22,2.4,12.081655542439734,0.0,6,31
3,98,1,2.8,9.004004726271159,0.0,7,31
3,98,2,2.8,11.129266484468857,0.0,7,31
3,98,3,2.8,9.78875711938352,0.0,7,31
3,98,4,2.8,9.653643528606956,0.0,7,31
3,98,5,2.8,11.014650028030482,0.0,7,31
3,98,6,2.8,9.284650242018557,0.0,7,31
3,98,7,2.8,9.909884993291124,0.0,7,31
3,98,8,2.8,11.738502338019146,0.0,7,31
3,98,9,2.8,13.465727338439759,0.0,7,31
3,98,10,2.8,11.169441242729224,0.0,7,31
3,98,11,2.8,12.039103758879218,0.0,7,31
3,98,12,3.0,9.610800769535022,0.0,7,31
3,98,13,3.0,8.733360404642243,0.0,7,31
3,98,14,2.8,10.682916990937128,0.0,7,31
3,98,15,2.8,12.000338667361646,0.0,7,31
3,98,16,2.8,9.04428744066656,0.0,7,31
3,98,17,2.8,13.489300321155838,0.0,7,31
3,98,18,2.8,8.750423831556015,0.0,7,31
3,98,19,2.8,11.535068479011613,0.0,7,31
3,98,20,2.8,10.246810251492917,0.0,7,31
3,98,21,2.8,9.322109405005893,0.0,7,31
3,98,22,2.8,9.275031044558723,0.0,7,31
1,99,1,4.4,9.087911695441449,0.0,7,31
1,99,2,3.2,12.195276524438205,0.0,7,31
1,99,3,2.8,11.702690383609616,0.0,7,31
1,99,4,3.0,9.057851620080234,0.0,7,31
1,99,5,2.8,11.060954684230003,0.0,7,31
1,99,6,2.8,9.871987401089775,0.0,7,31
1,99,7,3.0,9.280133348506187,0.0,7,31
1,99,8,2.8,11.097102691852614,0.0,7,31
1,99,9,2.8,15.621097912818625,0.0,7,31
1,99,10,2.8,11.531538184345308,0.0,7,31
1,99,11,2.8,12.120223911587173,0.0,7,31
1,99,12,2.8,13.620833679759034,0.0,7,31
1,99,13,2.8,11.196046308515983,0.0,7,31
1,99,14,2.8,10.991906961916749,0.0,7,31
1,99,15,2.8,15.222188956594163,0.0,7,31
1,99,16,2.8,10.013700136784836,0.0,7,31
1,99,17,2.8,10.237316853681362,0.0,7,31
1,99,18,2.8,13.88822645754589,0.0,7,31
1,99,19,3.0,10.230988985543263,0.0,7,31
1,99,20,2.8,10.94308530003748,0.0,7,31
1,99,21,2.8,10.348850809563237,0.0,7,31
1,99,22,2.0,16.896983096677175,0.0,4,31
2,99,1,2.8,14.115258685325621,0.0,7,31
2,99,2,2.8,10.015922274069867,0.0,7,31
2,99,3,3.6,8.127142749554716,0.125,7,31
2,99,4,2.8,10.00637530240841,0.0,7,31
2,99,5,2.8,10.642019258572502,0.0,7,31
2,99,6,2.8,9.108014737515306,0.0,7,31
2,99,7,2.8,13.695928925946578,0.0,7,31
2,99,8,2.8,9.879874318906566,0.0,7,31
2,99,9,2.8,11.571926311361487,0.0,7,31
2,99,10,2.8,13.704043687873302,0.0,7,31
2,99,11,2.8,8.508268429068327,0.0,7,31
2,99,12,2.8,13.491661687075634,0.0,7,31
2,99,13,2.8,12.692097813408918,0.0,7,31
2,99,14,2.8,13.113819562943714,0.0,7,31
2,99,15,2.8,10.175332627335955,0.0,7,31
2,99,16,2.8,11.432301401533284,0.0,7,31
2,99,17,2.8,11.397434888169432,0.0,7,31
2,99,18,2.8,11.34383790738082,0.0,7,31
2,99,19,2.8,13.791150609566197,0.0,7,31
2,99,20,2.8,8.281276996403262,0.0,7,31
2,99,21,2.8,8.899852248990667,0.0,7,31
2,99,22,2.4,12.95151467725329,0.0,6,31
3,99,1,2.8,8.834919881896392,0.0,7,31
3,99,2,2.8,11.14955485042037,0.0,7,31
3,99,3,2.8,10.584987531593466,0.0,7,31
3,99,4,2.8,9.245058947113755,0.0,7,31
3,99,5,2.8,9.5973582675409,0.0,7,31
3,99,6,2.8,9.884883558089061,0.0,7,31
3,99,7,2.8,9.435929048584846,0.0,7,31
3,99,8,2.8,10.960187351658112,0.0,7,31
3,99,9,2.8,12.710169159579197,0.0,7,31
3,99,10,2.8,10.75690594510302,0.0,7,31
3,99,11,2.8,10.227266310743358,0.0,7,31
3,99,12,2.8,12.066488996021782,0.0,7,31
3,99,13,2.8,9.589690408362292,0.0,7,31
3,99,14,2.8,11.335063364117234,0.0,7,31
3,99,15,2.8,14.96445575158352,0.0,7,31
3,99,16,2.8,11.42713900306836,0.0,7,31
3,99,17,2.8,13.643404775059153,0.0,7,31
3,99,18,3.0,9.226490414359427,0.0,7,31
3,99,19,2.8,12.061237847620049,0.0,7,31
3,99,20,2.8,12.0726385075331,0.0,7,31
3,99,21,2.8,8.81727561430344,0.0,7,31
3,99,22,2.8,11.059040764446278,0.0,7,31
