session,trial,phrase,click_load,entry_rate,correction_rate,num_chars,num_clocks,win_diff
1,0,1,3.4,12.391286654397822,0.0,7,26.0,6.0
1,0,2,2.8,14.308465609803417,0.0,7,26.0,6.0
1,0,3,2.8,14.564269203109026,0.0,7,26.0,6.0
1,0,4,3.0,9.33876583589619,0.0,7,26.0,6.0
1,0,5,2.6,16.213324261296147,0.0,7,26.0,6.0
1,0,6,2.6,9.620927733084796,0.125,7,26.0,6.0
1,0,7,2.0,15.8297588272972,0.0,7,26.0,6.0
1,0,8,3.0,11.813749101930084,0.125,7,26.0,6.0
1,0,9,2.6,9.692139036796094,0.0,7,26.0,6.0
1,0,10,2.4,15.550367818892886,0.0,7,26.0,6.0
1,0,11,2.0,16.629598863708544,0.0,7,26.0,6.0
1,0,12,2.4,22.327716415951265,0.125,7,26.0,6.0
1,0,13,2.4,16.64672190446961,0.0,7,26.0,6.0
1,0,14,2.8,14.882512368082658,0.0,7,26.0,6.0
1,0,15,2.4,14.041209394278935,0.0,7,26.0,6.0
1,0,16,2.6,11.922275916283937,0.125,7,26.0,6.0
1,0,17,3.4,9.661158920623535,0.125,7,26.0,6.0
1,0,18,2.8,16.80010560523291,0.0,7,26.0,6.0
1,0,19,2.8,9.52566685132922,0.0,7,26.0,6.0
1,0,20,2.8,9.726538789754201,0.0,7,26.0,6.0
1,0,21,2.8,15.503411204309565,0.0,7,26.0,6.0
1,0,22,2.8,9.787247696285649,0.0,7,26.0,6.0
1,0,23,2.8,9.937547970486474,0.0,7,26.0,6.0
2,0,1,2.8,14.798311033248902,0.0,7,26.0,6.0
2,0,2,2.8,10.132069852851936,0.0,7,26.0,6.0
2,0,3,3.6,9.533274311191777,0.125,7,26.0,6.0
2,0,4,2.8,9.568064751805823,0.0,7,26.0,6.0
2,0,5,2.8,9.998330042687336,0.0,7,26.0,6.0
2,0,6,2.8,10.739268812885358,0.0,7,26.0,6.0
2,0,7,2.0,15.59905293080959,0.0,7,26.0,6.0
2,0,8,3.2,9.578988992531965,0.125,7,26.0,6.0
2,0,9,2.2,13.338007371183709,0.0,7,26.0,6.0
2,0,10,2.0,17.28380987615162,0.0,7,26.0,6.0
2,0,11,3.4,7.690872514753143,0.125,7,26.0,6.0
2,0,12,3.2,11.594173336843262,0.125,7,26.0,6.0
2,0,13,2.8,12.534439632200659,0.0,7,26.0,6.0
2,0,14,2.8,13.727107397052956,0.0,7,26.0,6.0
2,0,15,2.8,9.963017860240603,0.0,7,26.0,6.0
2,0,16,2.8,9.502362643593177,0.0,7,26.0,6.0
2,0,17,2.8,15.23579952290509,0.0,7,26.0,6.0
2,0,18,2.8,10.049033348219941,0.0,7,26.0,6.0
2,0,19,3.0,13.772397221277458,0.0,7,26.0,6.0
2,0,20,2.8,9.058314344251633,0.0,7,26.0,6.0
2,0,21,2.2,10.257264025378483,0.0,7,26.0,6.0
2,0,22,3.4,9.601153374457803,0.125,7,26.0,6.0
3,0,1,2.8,9.81300518851428,0.0,7,26.0,6.0
3,0,2,2.6,13.312883878122411,0.0,7,26.0,6.0
3,0,3,2.8,11.765946298473452,0.0,7,26.0,6.0
3,0,4,2.8,9.796038608510484,0.0,7,26.0,6.0
3,0,5,3.8,6.394996438624803,0.2222222222222222,7,26.0,6.0
3,0,6,2.2,13.1554968583474,0.0,7,26.0,6.0
3,0,7,2.0,12.611551655425913,0.0,7,26.0,6.0
3,0,8,2.6,15.577786227022443,0.125,7,26.0,6.0
3,0,9,3.6,9.282710442374603,0.2222222222222222,7,26.0,6.0
3,0,10,4.0,7.771209069710591,0.3,7,26.0,6.0
3,0,11,2.2,13.898832055719474,0.0,7,26.0,6.0
3,0,12,3.2,9.349760318301714,0.125,7,26.0,6.0
3,0,13,2.8,9.754133658909069,0.0,7,26.0,6.0
3,0,14,2.8,8.76015808107128,0.0,7,26.0,6.0
3,0,15,2.8,17.918365195385945,0.0,7,26.0,6.0
3,0,16,2.8,10.823766263112116,0.0,7,26.0,6.0
3,0,17,2.8,13.078470711379028,0.0,7,26.0,6.0
3,0,18,2.8,12.806380881433597,0.0,7,26.0,6.0
3,0,19,2.4,14.21767685129907,0.0,7,26.0,6.0
3,0,20,2.4,12.946790960694457,0.0,7,26.0,6.0
3,0,21,3.2,8.917851492703385,0.125,7,26.0,6.0
3,0,22,3.0,9.6576585580898,0.125,7,26.0,6.0
1,1,1,2.8,18.148070163608764,0.0,7,26.0,6.0
1,1,2,2.8,11.707349913951164,0.0,7,26.0,6.0
1,1,3,2.8,12.090341091916404,0.0,7,26.0,6.0
1,1,4,2.8,10.686290762562646,0.0,7,26.0,6.0
1,1,5,2.8,10.222598293343065,0.0,7,26.0,6.0
1,1,6,2.2,13.025013099987685,0.125,7,26.0,6.0
1,1,7,2.4,12.285860703986119,0.0,7,26.0,6.0
1,1,8,2.2,13.1540111756473,0.0,7,26.0,6.0
1,1,9,2.8,12.141412707503754,0.0,7,26.0,6.0
1,1,10,2.0,18.407083575846887,0.0,7,26.0,6.0
1,1,11,2.6,14.580476708348904,0.125,7,26.0,6.0
1,1,12,2.4,13.74927776972626,0.125,7,26.0,6.0
1,1,13,2.0,17.588048185407533,0.0,7,26.0,6.0
1,1,14,2.6,15.55527344949101,0.0,7,26.0,6.0
1,1,15,2.6,10.525022382614706,0.0,7,26.0,6.0
1,1,16,1.8,34.933897849399386,0.0,7,26.0,6.0
1,1,17,3.0,11.023673365261388,0.125,7,26.0,6.0
1,1,18,3.4,9.956833211483419,0.125,7,26.0,6.0
1,1,19,2.8,11.782918063157796,0.0,7,26.0,6.0
1,1,20,2.8,8.76977771683539,0.0,7,26.0,6.0
1,1,21,2.8,10.342593305936866,0.0,7,26.0,6.0
1,1,22,2.8,12.905279541434812,0.0,7,26.0,6.0
1,1,23,2.8,9.78277233260499,0.0,7,26.0,6.0
1,1,24,2.8,9.302255238053181,0.0,7,26.0,6.0
2,1,1,2.8,11.29898410692125,0.0,7,26.0,6.0
2,1,2,2.8,10.355076516260011,0.0,7,26.0,6.0
2,1,3,3.6,10.356560463682154,0.125,7,26.0,6.0
2,1,4,2.8,10.275353158422574,0.0,7,26.0,6.0
2,1,5,2.8,9.560708611563136,0.0,7,26.0,6.0
2,1,6,2.8,8.935038477029092,0.0,7,26.0,6.0
2,1,7,2.4,13.882480260391585,0.0,7,26.0,6.0
2,1,8,1.8,20.811558165118903,0.0,7,26.0,6.0
2,1,9,2.4,11.990371561348796,0.0,7,26.0,6.0
2,1,10,2.2,15.504559210679501,0.0,7,26.0,6.0
2,1,11,2.4,15.664634500613184,0.0,7,26.0,6.0
2,1,12,3.8,7.24509107275841,0.2222222222222222,7,26.0,6.0
2,1,13,2.8,13.320504204215608,0.0,7,26.0,6.0
2,1,14,2.8,11.921917036151882,0.0,7,26.0,6.0
2,1,15,2.8,10.572895061387491,0.0,7,26.0,6.0
2,1,16,2.8,9.991077696821186,0.0,7,26.0,6.0
2,1,17,2.8,11.393454385190283,0.0,7,26.0,6.0
2,1,18,2.8,10.787663430703585,0.0,7,26.0,6.0
2,1,19,2.8,13.779258002472375,0.0,7,26.0,6.0
2,1,20,2.8,9.866263635435878,0.0,7,26.0,6.0
2,1,21,2.2,12.080895508886266,0.0,7,26.0,6.0
2,1,22,1.8,13.672920722788234,0.0,7,26.0,6.0
2,1,23,2.2,13.377944263613244,0.0,7,26.0,6.0
3,1,1,2.8,10.781732656826803,0.0,7,26.0,6.0
3,1,2,2.8,10.910871989428987,0.0,7,26.0,6.0
3,1,3,2.8,10.905852186197246,0.0,7,26.0,6.0
3,1,4,2.8,10.286874746045918,0.0,7,26.0,6.0
3,1,5,2.8,10.743769114689794,0.0,7,26.0,6.0
3,1,6,2.8,10.37096815154072,0.0,7,26.0,6.0
3,1,7,2.8,10.416201690549808,0.0,7,26.0,6.0
3,1,8,2.8,10.617700461353062,0.0,7,26.0,6.0
3,1,9,2.8,13.989326001115403,0.0,7,26.0,6.0
3,1,10,2.8,11.088441257581426,0.0,7,26.0,6.0
3,1,11,2.8,11.693828749306185,0.0,7,26.0,6.0
3,1,12,2.8,11.56454512343321,0.0,7,26.0,6.0
3,1,13,2.8,9.214067289638562,0.0,7,26.0,6.0
3,1,14,2.8,10.77587573116176,0.0,7,26.0,6.0
3,1,15,2.8,12.80300675594399,0.0,7,26.0,6.0
3,1,16,2.8,10.36231020302381,0.0,7,26.0,6.0
3,1,17,2.8,15.090945055149927,0.0,7,26.0,6.0
3,1,18,2.8,14.036566733493455,0.0,7,26.0,6.0
3,1,19,2.4,14.56366721786906,0.0,7,26.0,6.0
3,1,20,2.2,13.028547841040554,0.0,7,26.0,6.0
3,1,21,3.4,7.951522136687716,0.125,7,26.0,6.0
3,1,22,3.2,9.582055612510127,0.125,7,26.0,6.0
1,2,1,2.8,13.21358638997805,0.0,7,26.0,6.0
1,2,2,2.8,13.194089480635107,0.0,7,26.0,6.0
1,2,3,2.8,12.262562328446437,0.0,7,26.0,6.0
1,2,4,2.8,9.229595977076594,0.0,7,26.0,6.0
1,2,5,2.8,12.236060748500392,0.0,7,26.0,6.0
1,2,6,2.4,12.511674272911824,0.125,7,26.0,6.0
1,2,7,2.0,18.82905780033922,0.0,7,26.0,6.0
1,2,8,2.6,10.49050116295401,0.125,7,26.0,6.0
1,2,9,1.8,22.93264334250413,0.0,7,26.0,6.0
1,2,10,2.2,11.739373040088642,0.0,7,26.0,6.0
1,2,11,2.8,12.498404508668607,0.125,7,26.0,6.0
1,2,12,2.0,14.40753255461584,0.0,7,26.0,6.0
1,2,13,2.2,22.791181800155687,0.0,7,26.0,6.0
1,2,14,2.4,19.328455259219204,0.0,7,26.0,6.0
1,2,15,2.8,12.960122425462567,0.0,7,26.0,6.0
1,2,16,2.4,14.995712722855531,0.0,7,26.0,6.0
1,2,17,3.0,10.21976837105519,0.125,7,26.0,6.0
1,2,18,3.4,11.032330691277826,0.125,7,26.0,6.0
1,2,19,2.8,13.498541372702205,0.0,7,26.0,6.0
1,2,20,2.8,10.459388817411464,0.0,7,26.0,6.0
1,2,21,2.8,10.78692493374934,0.0,7,26.0,6.0
1,2,22,2.8,11.414167204714504,0.0,7,26.0,6.0
1,2,23,2.8,11.139020253891639,0.0,7,26.0,6.0
1,2,24,2.8,8.537833856039024,0.0,7,26.0,6.0
2,2,1,2.8,13.734878479524848,0.0,7,26.0,6.0
2,2,2,2.8,10.390259502822914,0.0,7,26.0,6.0
2,2,3,3.6,10.201097143787267,0.125,7,26.0,6.0
2,2,4,2.8,11.015620726908548,0.0,7,26.0,6.0
2,2,5,2.8,10.679182625184126,0.0,7,26.0,6.0
2,2,6,2.6,11.62275702606637,0.0,7,26.0,6.0
2,2,7,2.0,17.55642507545401,0.0,7,26.0,6.0
2,2,8,3.2,9.195620489018747,0.125,7,26.0,6.0
2,2,9,2.4,13.070493857064198,0.0,7,26.0,6.0
2,2,10,2.0,18.884830096680506,0.0,7,26.0,6.0
2,2,11,3.0,10.269711910289715,0.125,7,26.0,6.0
2,2,12,3.0,11.429243520377257,0.125,7,26.0,6.0
2,2,13,2.8,11.405256500381062,0.0,7,26.0,6.0
2,2,14,2.8,12.816924231624915,0.0,7,26.0,6.0
2,2,15,2.8,11.37468030809123,0.0,7,26.0,6.0
2,2,16,2.8,10.225123666355659,0.0,7,26.0,6.0
2,2,17,2.8,12.107266227108687,0.0,7,26.0,6.0
2,2,18,2.8,10.75004335473313,0.0,7,26.0,6.0
2,2,19,2.8,12.1567388724641,0.0,7,26.0,6.0
2,2,20,2.8,10.475941055280764,0.0,7,26.0,6.0
2,2,21,2.2,12.14208951582461,0.0,7,26.0,6.0
2,2,22,2.6,9.119090780105985,0.0,7,26.0,6.0
2,2,23,1.8,20.745892492864897,0.0,5,26.0,6.0
3,2,1,2.8,9.876389713243668,0.0,7,26.0,6.0
3,2,2,2.8,12.518846972336071,0.0,7,26.0,6.0
3,2,3,2.8,12.310758604683802,0.0,7,26.0,6.0
3,2,4,2.8,10.57135834207713,0.0,7,26.0,6.0
3,2,5,2.8,10.038418642262219,0.0,7,26.0,6.0
3,2,6,2.8,10.531692990955879,0.0,7,26.0,6.0
3,2,7,2.8,9.674747167704908,0.0,7,26.0,6.0
3,2,8,2.8,12.43036108025613,0.0,7,26.0,6.0
3,2,9,2.8,14.837780883056157,0.0,7,26.0,6.0
3,2,10,2.8,12.193798100869774,0.0,7,26.0,6.0
3,2,11,2.8,10.108938680489308,0.0,7,26.0,6.0
3,2,12,2.8,12.019064297874758,0.0,7,26.0,6.0
3,2,13,2.8,9.2699285535482,0.0,7,26.0,6.0
3,2,14,2.8,10.18377150525982,0.0,7,26.0,6.0
3,2,15,2.8,13.815191854796444,0.0,7,26.0,6.0
3,2,16,2.8,11.300459063638234,0.0,7,26.0,6.0
3,2,17,2.8,12.787634433351837,0.0,7,26.0,6.0
3,2,18,2.8,11.146008579281016,0.0,7,26.0,6.0
3,2,19,2.4,15.103117734833232,0.0,7,26.0,6.0
3,2,20,2.6,13.043817292181647,0.0,7,26.0,6.0
3,2,21,3.0,8.605458057957764,0.125,7,26.0,6.0
3,2,22,3.0,9.265442006356647,0.125,7,26.0,6.0
3,2,23,2.0,16.27458038264956,0.0,4,26.0,6.0
1,3,1,2.8,17.464324664890974,0.0,7,26.0,6.0
1,3,2,2.8,15.07555603211362,0.0,7,26.0,6.0
1,3,3,2.8,13.408553665567993,0.0,7,26.0,6.0
1,3,4,2.8,9.344088867485725,0.0,7,26.0,6.0
1,3,5,2.8,11.190789367897889,0.0,7,26.0,6.0
1,3,6,2.4,12.749925120904903,0.125,7,26.0,6.0
1,3,7,2.0,14.951485481679306,0.0,7,26.0,6.0
1,3,8,2.6,9.650491014055865,0.125,7,26.0,6.0
1,3,9,1.8,21.851584614925528,0.0,7,26.0,6.0
1,3,10,2.8,9.414561986900859,0.0,7,26.0,6.0
1,3,11,2.6,17.918912041678958,0.125,7,26.0,6.0
1,3,12,2.8,10.172841269273063,0.125,7,26.0,6.0
1,3,13,2.0,21.526590117470096,0.0,7,26.0,6.0
1,3,14,2.6,15.662288080130505,0.0,7,26.0,6.0
1,3,15,2.6,10.357839791538531,0.0,7,26.0,6.0
1,3,16,2.0,21.32226758342716,0.0,7,26.0,6.0
1,3,17,3.0,10.985660047911377,0.125,7,26.0,6.0
1,3,18,2.8,10.680420785323129,0.0,7,26.0,6.0
1,3,19,2.8,12.837159196296389,0.0,7,26.0,6.0
1,3,20,2.8,10.777396771529936,0.0,7,26.0,6.0
1,3,21,2.8,10.67230085755612,0.0,7,26.0,6.0
1,3,22,2.8,11.725093507483153,0.0,7,26.0,6.0
1,3,23,2.8,10.389996028536302,0.0,7,26.0,6.0
1,3,24,2.8,8.799653015023054,0.0,7,26.0,6.0
2,3,1,2.8,14.834203174987682,0.0,7,26.0,6.0
2,3,2,2.8,10.425682383826576,0.0,7,26.0,6.0
2,3,3,3.0,12.296953446431692,0.0,7,26.0,6.0
2,3,4,2.8,10.165207928527149,0.0,7,26.0,6.0
2,3,5,2.8,8.144159945191534,0.0,7,26.0,6.0
2,3,6,2.8,11.521109237871686,0.0,7,26.0,6.0
2,3,7,2.4,13.175757044072473,0.0,7,26.0,6.0
2,3,8,2.4,10.817988388635534,0.0,7,26.0,6.0
2,3,9,2.4,11.78248094028159,0.0,7,26.0,6.0
2,3,10,2.0,19.3461694116385,0.0,7,26.0,6.0
2,3,11,2.2,18.402168375810238,0.0,7,26.0,6.0
2,3,12,2.2,10.0334285970145,0.0,7,26.0,6.0
2,3,13,2.8,12.87881413481842,0.0,7,26.0,6.0
2,3,14,2.8,11.600508361211297,0.0,7,26.0,6.0
2,3,15,2.8,11.83891513842085,0.0,7,26.0,6.0
2,3,16,2.8,9.453276705197759,0.0,7,26.0,6.0
2,3,17,2.8,11.410474809860327,0.0,7,26.0,6.0
2,3,18,2.8,11.45232234574303,0.0,7,26.0,6.0
2,3,19,2.8,11.430622555126634,0.0,7,26.0,6.0
2,3,20,2.8,12.437172401165133,0.0,7,26.0,6.0
2,3,21,2.8,11.721037421407742,0.0,7,26.0,6.0
2,3,22,2.2,9.77994076751266,0.0,7,26.0,6.0
2,3,23,2.2,11.876000834625989,0.0,7,26.0,6.0
2,3,24,1.8,21.70290207487179,0.0,5,26.0,6.0
3,3,1,2.8,10.503980945671245,0.0,7,26.0,6.0
3,3,2,2.8,12.194365509440644,0.0,7,26.0,6.0
3,3,3,2.8,12.188095579533455,0.0,7,26.0,6.0
3,3,4,2.8,10.374117145976827,0.0,7,26.0,6.0
3,3,5,2.8,9.291186473917424,0.0,7,26.0,6.0
3,3,6,2.8,9.355662463246832,0.0,7,26.0,6.0
3,3,7,2.8,11.84895259500407,0.0,7,26.0,6.0
3,3,8,3.4,7.960951348591262,0.125,7,26.0,6.0
3,3,9,4.0,9.530047179313613,0.2222222222222222,7,26.0,6.0
3,3,10,2.8,12.223950706069711,0.0,7,26.0,6.0
3,3,11,2.8,10.63484909077906,0.0,7,26.0,6.0
3,3,12,2.8,9.767232397114867,0.0,7,26.0,6.0
3,3,13,2.8,11.624617596059949,0.0,7,26.0,6.0
3,3,14,2.8,10.866135517457018,0.0,7,26.0,6.0
3,3,15,2.8,11.0836054758076,0.0,7,26.0,6.0
3,3,16,2.8,12.753556972394923,0.0,7,26.0,6.0
3,3,17,2.8,11.656831945266495,0.0,7,26.0,6.0
3,3,18,2.6,12.59119841987344,0.0,7,26.0,6.0
3,3,19,2.6,14.559436672205146,0.0,7,26.0,6.0
3,3,20,2.8,8.757714190750798,0.125,7,26.0,6.0
3,3,21,2.4,13.055841464945194,0.0,7,26.0,6.0
3,3,22,3.0,10.229472727854452,0.125,7,26.0,6.0
1,4,1,2.8,17.264187923496596,0.0,7,26.0,6.0
1,4,2,2.8,14.32307133759718,0.0,7,26.0,6.0
1,4,3,2.8,12.569499394294525,0.0,7,26.0,6.0
1,4,4,2.8,10.267508039761486,0.0,7,26.0,6.0
1,4,5,2.8,12.361563694882884,0.0,7,26.0,6.0
1,4,6,1.8,15.641269483523848,0.0,7,26.0,6.0
1,4,7,2.2,15.936100736008132,0.0,7,26.0,6.0
1,4,8,2.0,12.782278129425514,0.0,7,26.0,6.0
1,4,9,2.8,17.265007526496486,0.0,7,26.0,6.0
1,4,10,2.2,13.531975084802365,0.0,7,26.0,6.0
1,4,11,2.8,12.370121999640574,0.125,7,26.0,6.0
1,4,12,2.6,11.578660700060173,0.0,7,26.0,6.0
1,4,13,3.4,11.12931058259321,0.125,7,26.0,6.0
1,4,14,2.6,14.312492875973318,0.0,7,26.0,6.0
1,4,15,2.2,15.631127374791125,0.0,7,26.0,6.0
1,4,16,1.8,21.5682365752523,0.0,7,26.0,6.0
1,4,17,4.0,7.882030203462063,0.2222222222222222,7,26.0,6.0
1,4,18,2.8,9.553320799361664,0.0,7,26.0,6.0
1,4,19,2.8,10.983703423546793,0.0,7,26.0,6.0
1,4,20,2.8,11.911624730592472,0.0,7,26.0,6.0
1,4,21,2.8,9.890464237627587,0.0,7,26.0,6.0
1,4,22,2.8,10.764872153124168,0.0,7,26.0,6.0
1,4,23,2.8,11.171515065500966,0.0,7,26.0,6.0
1,4,24,2.25,12.242088163649935,0.0,4,26.0,6.0
2,4,1,2.8,13.22980990588001,0.0,7,26.0,6.0
2,4,2,2.8,12.04814529440458,0.0,7,26.0,6.0
2,4,3,3.6,10.201097143787305,0.125,7,26.0,6.0
2,4,4,2.8,10.258119102635751,0.0,7,26.0,6.0
2,4,5,2.8,10.249664110983453,0.0,7,26.0,6.0
2,4,6,2.8,10.970423308929652,0.0,7,26.0,6.0
2,4,7,2.6,14.49916285095897,0.0,7,26.0,6.0
2,4,8,2.8,9.521525214466669,0.125,7,26.0,6.0
2,4,9,2.4,13.089008257110764,0.0,7,26.0,6.0
2,4,10,2.2,12.981135398841449,0.0,7,26.0,6.0
2,4,11,2.8,9.11990786808167,0.0,7,26.0,6.0
2,4,12,2.8,12.163550199802671,0.0,7,26.0,6.0
2,4,13,2.8,13.188118479037284,0.0,7,26.0,6.0
2,4,14,2.8,10.782793054719589,0.0,7,26.0,6.0
2,4,15,2.8,11.69956736609988,0.0,7,26.0,6.0
2,4,16,2.8,9.712158359907889,0.0,7,26.0,6.0
2,4,17,2.8,12.539254250473048,0.0,7,26.0,6.0
2,4,18,2.8,14.107845118354383,0.0,7,26.0,6.0
2,4,19,2.8,13.009029146822186,0.0,7,26.0,6.0
2,4,20,2.8,12.432594008759208,0.0,7,26.0,6.0
2,4,21,1.8,13.456746183814877,0.0,7,26.0,6.0
2,4,22,2.0,13.501761890408618,0.0,7,26.0,6.0
2,4,23,2.6,10.640184600288789,0.16666666666666666,5,26.0,6.0
3,4,1,2.8,10.379202676298316,0.0,7,26.0,6.0
3,4,2,2.8,11.909424966909457,0.0,7,26.0,6.0
3,4,3,2.8,10.369631072311552,0.0,7,26.0,6.0
3,4,4,2.8,10.571358342077044,0.0,7,26.0,6.0
3,4,5,2.8,9.124844859644538,0.0,7,26.0,6.0
3,4,6,2.8,8.728156405424143,0.0,7,26.0,6.0
3,4,7,2.8,9.705452117476883,0.0,7,26.0,6.0
3,4,8,2.8,11.495803494197542,0.0,7,26.0,6.0
3,4,9,2.8,11.848379403392313,0.0,7,26.0,6.0
3,4,10,2.8,11.008607626261007,0.0,7,26.0,6.0
3,4,11,2.8,10.710848393147952,0.0,7,26.0,6.0
3,4,12,2.8,11.833035654655678,0.0,7,26.0,6.0
3,4,13,2.8,9.340714901724617,0.0,7,26.0,6.0
3,4,14,2.8,10.217798136976345,0.0,7,26.0,6.0
3,4,15,2.8,12.644196891535278,0.0,7,26.0,6.0
3,4,16,2.8,12.010581265072883,0.0,7,26.0,6.0
3,4,17,2.8,14.01866600608083,0.0,7,26.0,6.0
3,4,18,2.8,12.438027060795262,0.0,7,26.0,6.0
3,4,19,2.4,14.093826445745004,0.0,7,26.0,6.0
3,4,20,2.0,18.140913637905378,0.0,7,26.0,6.0
3,4,21,2.6,9.455764515134131,0.0,7,26.0,6.0
3,4,22,2.4,12.521269443638758,0.0,7,26.0,6.0
3,4,23,2.6,13.39477315707697,0.0,7,26.0,6.0
1,5,1,2.8,16.50750079560789,0.0,7,26.0,6.0
1,5,2,2.8,12.305003068062675,0.0,7,26.0,6.0
1,5,3,2.8,11.212952422414403,0.0,7,26.0,6.0
1,5,4,2.8,9.864137396142802,0.0,7,26.0,6.0
1,5,5,2.8,11.211610176534007,0.0,7,26.0,6.0
1,5,6,2.0,16.15427981459625,0.0,7,26.0,6.0
1,5,7,2.2,14.349177743828497,0.0,7,26.0,6.0
1,5,8,2.2,13.783056936471661,0.0,7,26.0,6.0
1,5,9,2.8,16.521156948378515,0.0,7,26.0,6.0
1,5,10,2.0,15.60359261808733,0.0,7,26.0,6.0
1,5,11,3.2,10.583989993426073,0.125,7,26.0,6.0
1,5,12,2.6,14.141720634068944,0.125,7,26.0,6.0
1,5,13,2.0,24.014378739239916,0.0,7,26.0,6.0
1,5,14,2.6,18.905327524462553,0.0,7,26.0,6.0
1,5,15,2.8,11.480185851914001,0.0,7,26.0,6.0
1,5,16,2.0,21.446601664578417,0.0,7,26.0,6.0
1,5,17,4.0,9.150762942178835,0.2222222222222222,7,26.0,6.0
1,5,18,2.8,11.081772527723222,0.0,7,26.0,6.0
1,5,19,2.8,9.480349365053362,0.0,7,26.0,6.0
1,5,20,2.8,10.978476935817348,0.0,7,26.0,6.0
1,5,21,2.8,10.73629025618785,0.0,7,26.0,6.0
1,5,22,2.8,10.114411715435697,0.0,7,26.0,6.0
1,5,23,2.8,10.472579524302292,0.0,7,26.0,6.0
1,5,24,2.25,13.036618718662227,0.0,4,26.0,6.0
2,5,1,2.8,12.127980440307482,0.0,7,26.0,6.0
2,5,2,2.8,11.88426990271859,0.0,7,26.0,6.0
2,5,3,2.8,14.789944902258721,0.0,7,26.0,6.0
2,5,4,2.8,10.89105008887122,0.0,7,26.0,6.0
2,5,5,2.8,9.324471365745053,0.0,7,26.0,6.0
2,5,6,2.8,10.896287891989626,0.0,7,26.0,6.0
2,5,7,2.2,13.624067010405236,0.0,7,26.0,6.0
2,5,8,2.4,11.577513023979632,0.0,7,26.0,6.0
2,5,9,2.8,11.627465370448167,0.0,7,26.0,6.0
2,5,10,2.2,17.501007098988566,0.0,7,26.0,6.0
2,5,11,2.4,17.207113788126748,0.0,7,26.0,6.0
2,5,12,2.8,7.852816448859422,0.0,7,26.0,6.0
2,5,13,2.8,15.31610577845408,0.0,7,26.0,6.0
2,5,14,2.8,12.066112986254023,0.0,7,26.0,6.0
2,5,15,2.8,11.11239525478243,0.0,7,26.0,6.0
2,5,16,2.8,9.540440374106488,0.0,7,26.0,6.0
2,5,17,2.8,12.406275426049149,0.0,7,26.0,6.0
2,5,18,2.8,10.606802513135191,0.0,7,26.0,6.0
2,5,19,2.8,11.096856518266005,0.0,7,26.0,6.0
2,5,20,2.8,10.815779419436462,0.0,7,26.0,6.0
2,5,21,2.6,9.62116771118923,0.0,7,26.0,6.0
2,5,22,1.8,13.196130102057504,0.0,7,26.0,6.0
2,5,23,2.4,12.62068713988011,0.0,7,26.0,6.0
3,5,1,2.8,9.940598392699572,0.0,7,26.0,6.0
3,5,2,2.8,11.08891045656228,0.0,7,26.0,6.0
3,5,3,2.8,12.36051792965072,0.0,7,26.0,6.0
3,5,4,2.8,9.90375530584296,0.0,7,26.0,6.0
3,5,5,2.8,10.414470895266025,0.0,7,26.0,6.0
3,5,6,2.8,10.063799575313443,0.0,7,26.0,6.0
3,5,7,2.8,10.345723742793588,0.0,7,26.0,6.0
3,5,8,3.4,9.463792217993957,0.125,7,26.0,6.0
3,5,9,2.8,16.302527169423346,0.0,7,26.0,6.0
3,5,10,2.8,11.04347037055767,0.0,7,26.0,6.0
3,5,11,2.8,11.967820824113694,0.0,7,26.0,6.0
3,5,12,2.8,13.236115056431315,0.0,7,26.0,6.0
3,5,13,2.8,9.900527665488765,0.0,7,26.0,6.0
3,5,14,2.8,10.223938947616476,0.0,7,26.0,6.0
3,5,15,2.8,13.024513389872428,0.0,7,26.0,6.0
3,5,16,2.8,10.63673446836235,0.0,7,26.0,6.0
3,5,17,2.8,15.498670498961815,0.0,7,26.0,6.0
3,5,18,2.8,12.553371274334202,0.0,7,26.0,6.0
3,5,19,2.4,15.310086363348143,0.0,7,26.0,6.0
3,5,20,2.4,14.15497574959166,0.0,7,26.0,6.0
3,5,21,2.6,9.508271582470538,0.0,7,26.0,6.0
3,5,22,2.6,11.48695164097518,0.0,7,26.0,6.0
3,5,23,2.0,13.765557274672782,0.0,5,26.0,6.0
1,6,1,2.8,14.914143632475994,0.0,7,26.0,6.0
1,6,2,2.8,12.254954425323739,0.0,7,26.0,6.0
1,6,3,2.8,11.233855859831397,0.0,7,26.0,6.0
1,6,4,2.8,10.163603884844743,0.0,7,26.0,6.0
1,6,5,2.8,12.137478443291382,0.0,7,26.0,6.0
1,6,6,2.6,11.328826835174095,0.125,7,26.0,6.0
1,6,7,2.4,14.140710370897887,0.0,7,26.0,6.0
1,6,8,2.6,11.216085564416757,0.125,7,26.0,6.0
1,6,9,2.4,10.51253272643313,0.0,7,26.0,6.0
1,6,10,2.8,12.870960420507142,0.125,7,26.0,6.0
1,6,11,2.4,13.86629673899471,0.0,7,26.0,6.0
1,6,12,2.4,22.57869302265548,0.0,7,26.0,6.0
1,6,13,2.4,18.541917190752038,0.0,7,26.0,6.0
1,6,14,2.8,12.225495676864401,0.0,7,26.0,6.0
1,6,15,2.4,13.976078248688719,0.0,7,26.0,6.0
1,6,16,2.6,12.75504375197489,0.125,7,26.0,6.0
1,6,17,3.4,9.645694572630756,0.125,7,26.0,6.0
1,6,18,2.8,15.463649824165929,0.0,7,26.0,6.0
1,6,19,2.8,9.647671609895227,0.0,7,26.0,6.0
1,6,20,2.8,10.750302944799332,0.0,7,26.0,6.0
1,6,21,2.8,16.256226428089267,0.0,7,26.0,6.0
1,6,22,2.8,10.467269535324716,0.0,7,26.0,6.0
1,6,23,2.8,10.889300338156037,0.0,7,26.0,6.0
2,6,1,2.8,12.977171622557028,0.0,7,26.0,6.0
2,6,2,2.8,10.165751292887684,0.0,7,26.0,6.0
2,6,3,3.6,10.116728709074675,0.125,7,26.0,6.0
2,6,4,2.8,10.327404532773826,0.0,7,26.0,6.0
2,6,5,2.8,10.249664110983373,0.0,7,26.0,6.0
2,6,6,2.4,12.242968563987594,0.0,7,26.0,6.0
2,6,7,2.0,18.4578286483043,0.0,7,26.0,6.0
2,6,8,2.4,11.972491607960299,0.0,7,26.0,6.0
2,6,9,2.6,12.65557672589047,0.0,7,26.0,6.0
2,6,10,1.8,17.493960538471136,0.0,7,26.0,6.0
2,6,11,2.6,14.227405958586171,0.0,7,26.0,6.0
2,6,12,3.0,9.12497172580549,0.125,7,26.0,6.0
2,6,13,3.4,12.169215124166193,0.125,7,26.0,6.0
2,6,14,2.8,10.988790182725822,0.0,7,26.0,6.0
2,6,15,2.8,11.679834753179327,0.0,7,26.0,6.0
2,6,16,2.8,10.821902367161076,0.0,7,26.0,6.0
2,6,17,2.8,12.654279283777791,0.0,7,26.0,6.0
2,6,18,2.8,12.972763768331179,0.0,7,26.0,6.0
2,6,19,2.8,12.316332317450025,0.0,7,26.0,6.0
2,6,20,2.8,11.619168893916695,0.0,7,26.0,6.0
2,6,21,2.4,10.532783168852987,0.0,7,26.0,6.0
2,6,22,2.2,9.687481118297445,0.0,7,26.0,6.0
2,6,23,2.8,11.492800269512077,0.125,7,26.0,6.0
3,6,1,2.8,9.152214758533088,0.0,7,26.0,6.0
3,6,2,2.6,13.887217143160779,0.0,7,26.0,6.0
3,6,3,2.8,11.330022451042923,0.0,7,26.0,6.0
3,6,4,2.8,10.0868432025467,0.0,7,26.0,6.0
3,6,5,2.6,12.16270432923032,0.0,7,26.0,6.0
3,6,6,2.8,8.516037962707351,0.0,7,26.0,6.0
3,6,7,2.8,9.446067618880962,0.0,7,26.0,6.0
3,6,8,3.4,10.060537939491768,0.125,7,26.0,6.0
3,6,9,3.8,9.19965316618879,0.2222222222222222,7,26.0,6.0
3,6,10,2.8,11.029991514081091,0.0,7,26.0,6.0
3,6,11,2.8,13.849355814705326,0.0,7,26.0,6.0
3,6,12,2.8,11.14526188187598,0.0,7,26.0,6.0
3,6,13,2.8,12.10739830191412,0.0,7,26.0,6.0
3,6,14,2.8,9.83946023520626,0.0,7,26.0,6.0
3,6,15,2.8,15.895914037366234,0.0,7,26.0,6.0
3,6,16,2.8,10.676844462293253,0.0,7,26.0,6.0
3,6,17,2.8,12.617595064490066,0.0,7,26.0,6.0
3,6,18,2.6,12.049886534428,0.0,7,26.0,6.0
3,6,19,2.2,15.917376728281615,0.0,7,26.0,6.0
3,6,20,2.6,11.754088819342943,0.0,7,26.0,6.0
3,6,21,3.2,7.478486652302864,0.125,7,26.0,6.0
3,6,22,2.4,14.497782537880264,0.0,7,26.0,6.0
1,7,1,2.8,15.772965799957253,0.0,7,26.0,6.0
1,7,2,2.8,14.926190226834775,0.0,7,26.0,6.0
1,7,3,2.8,13.77640119563662,0.0,7,26.0,6.0
1,7,4,2.8,12.127179614380681,0.0,7,26.0,6.0
1,7,5,2.8,10.732380003401987,0.0,7,26.0,6.0
1,7,6,1.8,16.231085387212584,0.0,7,26.0,6.0
1,7,7,2.2,13.691257686367377,0.0,7,26.0,6.0
1,7,8,2.0,13.839062328487566,0.0,7,26.0,6.0
1,7,9,2.6,12.084256354778674,0.125,7,26.0,6.0
1,7,10,2.2,12.05359299556846,0.0,7,26.0,6.0
1,7,11,2.8,14.67035917009025,0.0,7,26.0,6.0
1,7,12,2.8,10.169321649920217,0.125,7,26.0,6.0
1,7,13,1.8,19.272274247967804,0.0,7,26.0,6.0
1,7,14,2.6,18.446511325726938,0.0,7,26.0,6.0
1,7,15,2.8,10.3885716013634,0.0,7,26.0,6.0
1,7,16,2.0,37.572569270100175,0.0,7,26.0,6.0
1,7,17,2.4,13.069283572786844,0.0,7,26.0,6.0
1,7,18,2.8,13.489904965530478,0.0,7,26.0,6.0
1,7,19,2.8,10.22573180869139,0.0,7,26.0,6.0
1,7,20,2.8,9.812721633283951,0.0,7,26.0,6.0
1,7,21,2.8,12.3093437073323,0.0,7,26.0,6.0
1,7,22,2.8,10.981440598809163,0.0,7,26.0,6.0
1,7,23,2.8,10.163394025678615,0.0,7,26.0,6.0
1,7,24,2.8,10.607327205193345,0.0,7,26.0,6.0
2,7,1,2.8,13.890850487219724,0.0,7,26.0,6.0
2,7,2,2.8,11.291856829743294,0.0,7,26.0,6.0
2,7,3,3.0,12.174564005637318,0.0,7,26.0,6.0
2,7,4,2.8,11.48196128963044,0.0,7,26.0,6.0
2,7,5,2.8,9.77043143598557,0.0,7,26.0,6.0
2,7,6,2.8,11.022776369595107,0.0,7,26.0,6.0
2,7,7,2.0,13.610595192800393,0.0,7,26.0,6.0
2,7,8,2.6,11.20153189532844,0.0,7,26.0,6.0
2,7,9,2.6,11.468988430532967,0.0,7,26.0,6.0
2,7,10,2.2,15.234225109778928,0.0,7,26.0,6.0
2,7,11,2.4,16.03423628098557,0.0,7,26.0,6.0
2,7,12,2.2,10.056316145490872,0.0,7,26.0,6.0
2,7,13,2.8,14.728202189338388,0.0,7,26.0,6.0
2,7,14,2.8,13.057645340514256,0.0,7,26.0,6.0
2,7,15,2.8,11.549810214363452,0.0,7,26.0,6.0
2,7,16,2.8,10.49252265864327,0.0,7,26.0,6.0
2,7,17,2.8,10.84101583648816,0.0,7,26.0,6.0
2,7,18,2.8,11.649985551300347,0.0,7,26.0,6.0
2,7,19,2.8,12.13380900110789,0.0,7,26.0,6.0
2,7,20,2.8,13.472630503799932,0.0,7,26.0,6.0
2,7,21,2.8,9.236144103334786,0.0,7,26.0,6.0
2,7,22,1.8,13.345629649566796,0.0,7,26.0,6.0
2,7,23,2.2,12.3061180252996,0.0,7,26.0,6.0
2,7,24,2.25,15.299332731313438,0.0,4,26.0,6.0
3,7,1,2.8,9.376716635779134,0.0,7,26.0,6.0
3,7,2,2.8,11.068841995756769,0.0,7,26.0,6.0
3,7,3,2.8,11.309166081323005,0.0,7,26.0,6.0
3,7,4,2.8,11.84019048974702,0.0,7,26.0,6.0
3,7,5,2.8,10.650226711373618,0.0,7,26.0,6.0
3,7,6,2.8,9.868933407918737,0.0,7,26.0,6.0
3,7,7,2.8,10.310841213156994,0.0,7,26.0,6.0
3,7,8,2.8,11.119599014253057,0.0,7,26.0,6.0
3,7,9,2.8,12.130371741729626,0.0,7,26.0,6.0
3,7,10,2.8,10.681758689396885,0.0,7,26.0,6.0
3,7,11,2.8,11.96842718409499,0.0,7,26.0,6.0
3,7,12,2.8,11.697249905734552,0.0,7,26.0,6.0
3,7,13,2.8,10.603887945247793,0.0,7,26.0,6.0
3,7,14,2.8,10.149970747803088,0.0,7,26.0,6.0
3,7,15,2.8,11.52442074153578,0.0,7,26.0,6.0
3,7,16,2.8,12.350117518283403,0.0,7,26.0,6.0
3,7,17,2.8,13.891306090914906,0.0,7,26.0,6.0
3,7,18,2.8,11.722826122635134,0.0,7,26.0,6.0
3,7,19,2.4,12.23328648927316,0.0,7,26.0,6.0
3,7,20,2.0,19.407311639013155,0.0,7,26.0,6.0
3,7,21,2.8,10.025851204806091,0.125,7,26.0,6.0
3,7,22,2.6,10.731532344260449,0.0,7,26.0,6.0
3,7,23,2.8,11.710817877924674,0.14285714285714285,6,26.0,6.0
1,8,1,2.8,16.46240422985126,0.0,7,26.0,6.0
1,8,2,2.8,13.766799657316056,0.0,7,26.0,6.0
1,8,3,2.8,13.20290851600772,0.0,7,26.0,6.0
1,8,4,2.8,10.163603884844749,0.0,7,26.0,6.0
1,8,5,2.8,10.435022903402158,0.0,7,26.0,6.0
1,8,6,2.4,10.134038595586324,0.125,7,26.0,6.0
1,8,7,2.0,19.75495948194687,0.0,7,26.0,6.0
1,8,8,2.6,10.10354516206307,0.125,7,26.0,6.0
1,8,9,2.2,21.611098893661072,0.0,7,26.0,6.0
1,8,10,2.0,13.475171237787004,0.0,7,26.0,6.0
1,8,11,2.8,12.400173533607925,0.125,7,26.0,6.0
1,8,12,2.0,15.448563398896264,0.0,7,26.0,6.0
1,8,13,2.2,18.93278393579734,0.0,7,26.0,6.0
1,8,14,2.6,16.524344958410502,0.0,7,26.0,6.0
1,8,15,2.8,10.460706550494963,0.0,7,26.0,6.0
1,8,16,2.2,22.22239346093971,0.0,7,26.0,6.0
1,8,17,3.8,8.097765599180358,0.2222222222222222,7,26.0,6.0
1,8,18,3.4,8.992532082295337,0.125,7,26.0,6.0
1,8,19,2.8,9.314567352454134,0.0,7,26.0,6.0
1,8,20,2.8,9.645746537563955,0.0,7,26.0,6.0
1,8,21,2.8,11.287933144648944,0.0,7,26.0,6.0
1,8,22,2.8,10.477867874379362,0.0,7,26.0,6.0
1,8,23,2.8,12.979029482709816,0.0,7,26.0,6.0
1,8,24,2.0,12.132209877277377,0.0,5,26.0,6.0
2,8,1,2.8,13.890850487219652,0.0,7,26.0,6.0
2,8,2,2.8,10.64339772244418,0.0,7,26.0,6.0
2,8,3,3.6,10.516835594211681,0.125,7,26.0,6.0
2,8,4,2.8,9.973739986174497,0.0,7,26.0,6.0
2,8,5,2.8,10.77323661346702,0.0,7,26.0,6.0
2,8,6,2.6,11.015683086468496,0.0,7,26.0,6.0
2,8,7,2.6,11.856291692798873,0.0,7,26.0,6.0
2,8,8,2.2,13.918302908910892,0.0,7,26.0,6.0
2,8,9,2.4,14.229785363930228,0.0,7,26.0,6.0
2,8,10,2.2,15.492840940507172,0.0,7,26.0,6.0
2,8,11,2.2,18.253302148064947,0.0,7,26.0,6.0
2,8,12,4.0,8.377991530529453,0.2222222222222222,7,26.0,6.0
2,8,13,2.8,11.801382594870507,0.0,7,26.0,6.0
2,8,14,2.8,9.974255694799528,0.0,7,26.0,6.0
2,8,15,2.8,10.284450283610429,0.0,7,26.0,6.0
2,8,16,2.8,10.191048308522866,0.0,7,26.0,6.0
2,8,17,2.8,12.22829960874119,0.0,7,26.0,6.0
2,8,18,2.8,10.314921992565413,0.0,7,26.0,6.0
2,8,19,2.8,12.4284770689152,0.0,7,26.0,6.0
2,8,20,2.8,10.029298645796848,0.0,7,26.0,6.0
2,8,21,2.2,11.656140723634966,0.0,7,26.0,6.0
2,8,22,1.8,16.588701713010945,0.0,7,26.0,6.0
2,8,23,2.6,13.330293517917685,0.0,7,26.0,6.0
3,8,1,2.8,10.054995608199718,0.0,7,26.0,6.0
3,8,2,2.8,11.955986708019113,0.0,7,26.0,6.0
3,8,3,2.8,10.771404607049538,0.0,7,26.0,6.0
3,8,4,2.8,10.066764770896665,0.0,7,26.0,6.0
3,8,5,2.8,10.038418642262219,0.0,7,26.0,6.0
3,8,6,2.8,9.91693903161283,0.0,7,26.0,6.0
3,8,7,2.8,10.615061762010122,0.0,7,26.0,6.0
3,8,8,3.4,9.405577385937415,0.125,7,26.0,6.0
3,8,9,3.8,9.584978377549378,0.2222222222222222,7,26.0,6.0
3,8,10,2.8,11.61263317429264,0.0,7,26.0,6.0
3,8,11,3.6,7.86040527527518,0.125,7,26.0,6.0
3,8,12,2.8,9.305507464096037,0.0,7,26.0,6.0
3,8,13,2.8,10.679410787327182,0.0,7,26.0,6.0
3,8,14,2.8,10.526086089536484,0.0,7,26.0,6.0
3,8,15,2.8,16.74450546413053,0.0,7,26.0,6.0
3,8,16,2.8,12.949764375587064,0.0,7,26.0,6.0
3,8,17,2.8,11.39703383896484,0.0,7,26.0,6.0
3,8,18,2.4,12.213339967179488,0.0,7,26.0,6.0
3,8,19,2.2,16.290534679091884,0.0,7,26.0,6.0
3,8,20,2.8,8.183530869793799,0.0,7,26.0,6.0
3,8,21,2.4,11.254073437586875,0.0,7,26.0,6.0
3,8,22,2.2,11.63800817148203,0.0,7,26.0,6.0
1,9,1,2.8,15.814359462013842,0.0,7,26.0,6.0
1,9,2,2.8,14.221662301767767,0.0,7,26.0,6.0
1,9,3,2.8,13.088204516819994,0.0,7,26.0,6.0
1,9,4,2.8,10.18077495846131,0.0,7,26.0,6.0
1,9,5,2.8,10.60022667200807,0.0,7,26.0,6.0
1,9,6,2.4,12.383120620821275,0.125,7,26.0,6.0
1,9,7,2.0,17.21531710208128,0.0,7,26.0,6.0
1,9,8,2.4,11.665295230513731,0.0,7,26.0,6.0
1,9,9,2.8,11.671107103296443,0.0,7,26.0,6.0
1,9,10,2.0,17.498422974927873,0.0,7,26.0,6.0
1,9,11,3.0,11.87470849247246,0.125,7,26.0,6.0
1,9,12,2.2,16.53549159191395,0.125,7,26.0,6.0
1,9,13,2.4,16.87399222426117,0.0,7,26.0,6.0
1,9,14,2.8,13.745107804639266,0.0,7,26.0,6.0
1,9,15,2.8,12.815113778639876,0.0,7,26.0,6.0
1,9,16,2.6,11.038774502759484,0.125,7,26.0,6.0
1,9,17,3.4,12.276321238316115,0.125,7,26.0,6.0
1,9,18,2.8,10.603596009061876,0.0,7,26.0,6.0
1,9,19,2.8,9.533291186971164,0.0,7,26.0,6.0
1,9,20,2.8,12.943915389091284,0.0,7,26.0,6.0
1,9,21,2.8,12.855620262356346,0.0,7,26.0,6.0
1,9,22,2.8,10.320044503746177,0.0,7,26.0,6.0
1,9,23,2.8,10.352212173880634,0.0,7,26.0,6.0
2,9,1,2.8,15.053266268879646,0.0,7,26.0,6.0
2,9,2,2.8,10.606482569728158,0.0,7,26.0,6.0
2,9,3,3.0,14.08047510382296,0.0,7,26.0,6.0
2,9,4,2.8,11.525234472854967,0.0,7,26.0,6.0
2,9,5,2.8,8.700246081953363,0.0,7,26.0,6.0
2,9,6,2.8,12.114435862921209,0.0,7,26.0,6.0
2,9,7,2.6,12.92504524974768,0.0,7,26.0,6.0
2,9,8,2.6,12.161433111063225,0.0,7,26.0,6.0
2,9,9,2.4,12.486694290290865,0.0,7,26.0,6.0
2,9,10,2.4,12.25224957766399,0.0,7,26.0,6.0
2,9,11,3.0,10.645072953664094,0.125,7,26.0,6.0
2,9,12,3.2,11.682716543740105,0.125,7,26.0,6.0
2,9,13,2.8,11.480072485418548,0.0,7,26.0,6.0
2,9,14,2.8,10.258313876657027,0.0,7,26.0,6.0
2,9,15,2.8,9.758244249325644,0.0,7,26.0,6.0
2,9,16,2.8,9.68141102987348,0.0,7,26.0,6.0
2,9,17,2.8,13.782557906316129,0.0,7,26.0,6.0
2,9,18,2.8,12.09852709031569,0.0,7,26.0,6.0
2,9,19,3.0,12.91960032936483,0.0,7,26.0,6.0
2,9,20,2.8,10.512284819312725,0.0,7,26.0,6.0
2,9,21,1.8,13.39262577909096,0.0,7,26.0,6.0
2,9,22,1.8,15.417811537448715,0.0,7,26.0,6.0
2,9,23,2.6,10.790359750152456,0.0,7,26.0,6.0
3,9,1,2.8,9.844595426464501,0.0,7,26.0,6.0
3,9,2,2.8,13.251174694038365,0.0,7,26.0,6.0
3,9,3,2.8,11.926656652002624,0.0,7,26.0,6.0
3,9,4,2.8,11.57137886315847,0.0,7,26.0,6.0
3,9,5,2.8,9.734840333423866,0.0,7,26.0,6.0
3,9,6,2.8,9.774303096124548,0.0,7,26.0,6.0
3,9,7,2.8,9.830245955738258,0.0,7,26.0,6.0
3,9,8,3.4,9.478458698813222,0.125,7,26.0,6.0
3,9,9,3.8,11.647654613124029,0.2222222222222222,7,26.0,6.0
3,9,10,2.8,11.22887088110142,0.0,7,26.0,6.0
3,9,11,2.8,10.641603434367832,0.0,7,26.0,6.0
3,9,12,3.4,8.562784715985025,0.125,7,26.0,6.0
3,9,13,2.8,10.661138759436072,0.0,7,26.0,6.0
3,9,14,2.8,10.597772502514688,0.0,7,26.0,6.0
3,9,15,2.8,11.550689253566087,0.0,7,26.0,6.0
3,9,16,2.8,12.616262826307816,0.0,7,26.0,6.0
3,9,17,2.8,10.823803358939411,0.0,7,26.0,6.0
3,9,18,2.6,13.777471752730811,0.0,7,26.0,6.0
3,9,19,2.6,13.492710788962523,0.0,7,26.0,6.0
3,9,20,2.8,8.830487148077127,0.0,7,26.0,6.0
3,9,21,2.4,11.304248728281507,0.0,7,26.0,6.0
3,9,22,2.6,13.585063574599863,0.0,7,26.0,6.0
1,10,1,2.8,15.489168417467505,0.0,7,26.0,6.0
1,10,2,2.8,15.953615698254811,0.0,7,26.0,6.0
1,10,3,2.8,12.26256232844644,0.0,7,26.0,6.0
1,10,4,2.8,10.16360388484475,0.0,7,26.0,6.0
1,10,5,2.8,12.862906764217627,0.0,7,26.0,6.0
1,10,6,2.4,12.434223769500283,0.125,7,26.0,6.0
1,10,7,2.0,16.067747796213567,0.0,7,26.0,6.0
1,10,8,3.2,7.911674731046077,0.125,7,26.0,6.0
1,10,9,2.2,12.050598694532356,0.0,7,26.0,6.0
1,10,10,2.8,13.285913111529347,0.125,7,26.0,6.0
1,10,11,2.4,11.005217114136007,0.0,7,26.0,6.0
1,10,12,2.2,23.13200201482936,0.0,7,26.0,6.0
1,10,13,2.6,16.545841837366325,0.0,7,26.0,6.0
1,10,14,2.8,11.823585356775327,0.0,7,26.0,6.0
1,10,15,2.2,12.305265395519791,0.0,7,26.0,6.0
1,10,16,2.6,12.742806258965047,0.125,7,26.0,6.0
1,10,17,3.4,12.351811168640634,0.125,7,26.0,6.0
1,10,18,2.8,11.515427607655594,0.0,7,26.0,6.0
1,10,19,2.8,9.11510340685064,0.0,7,26.0,6.0
1,10,20,2.8,11.231084142602,0.0,7,26.0,6.0
1,10,21,2.8,11.938719827595351,0.0,7,26.0,6.0
1,10,22,2.8,9.658412943710097,0.0,7,26.0,6.0
1,10,23,2.8,9.877106920222026,0.0,7,26.0,6.0
2,10,1,2.8,15.832623602721917,0.0,7,26.0,6.0
2,10,2,2.8,10.718004315823162,0.0,7,26.0,6.0
2,10,3,3.6,10.872035251118243,0.125,7,26.0,6.0
2,10,4,2.8,10.504783156531719,0.0,7,26.0,6.0
2,10,5,2.8,9.442623339275308,0.0,7,26.0,6.0
2,10,6,2.6,11.238336391280065,0.0,7,26.0,6.0
2,10,7,2.2,14.015797829752705,0.0,7,26.0,6.0
2,10,8,2.2,13.285463667107244,0.0,7,26.0,6.0
2,10,9,2.4,13.351464882000695,0.0,7,26.0,6.0
2,10,10,2.0,16.88877943710618,0.0,7,26.0,6.0
2,10,11,2.6,14.925642729523155,0.0,7,26.0,6.0
2,10,12,2.6,9.341583187074061,0.0,7,26.0,6.0
2,10,13,2.8,12.866864068645004,0.0,7,26.0,6.0
2,10,14,2.8,12.299544011770697,0.0,7,26.0,6.0
2,10,15,2.8,10.559769002552393,0.0,7,26.0,6.0
2,10,16,2.8,8.652499238303761,0.0,7,26.0,6.0
2,10,17,2.8,13.592804642503028,0.0,7,26.0,6.0
2,10,18,2.8,13.14422914931138,0.0,7,26.0,6.0
2,10,19,2.8,10.334709399005904,0.0,7,26.0,6.0
2,10,20,2.8,15.961883564986234,0.0,7,26.0,6.0
2,10,21,2.8,9.573692157143402,0.0,7,26.0,6.0
2,10,22,1.8,12.57223727370783,0.0,7,26.0,6.0
2,10,23,2.4,11.861896729739707,0.0,7,26.0,6.0
3,10,1,2.8,10.071553359044412,0.0,7,26.0,6.0
3,10,2,2.8,10.462905027561227,0.0,7,26.0,6.0
3,10,3,2.8,11.063675819059483,0.0,7,26.0,6.0
3,10,4,2.8,10.218130258662354,0.0,7,26.0,6.0
3,10,5,2.8,10.485891837525823,0.0,7,26.0,6.0
3,10,6,2.8,9.456924228540322,0.0,7,26.0,6.0
3,10,7,2.8,10.123115409590294,0.0,7,26.0,6.0
3,10,8,3.4,8.409753677636894,0.125,7,26.0,6.0
3,10,9,3.8,10.435383558866773,0.2222222222222222,7,26.0,6.0
3,10,10,2.8,11.1267306893478,0.0,7,26.0,6.0
3,10,11,2.8,10.335881558288527,0.0,7,26.0,6.0
3,10,12,3.4,7.7100352075655865,0.125,7,26.0,6.0
3,10,13,2.8,10.478486456496455,0.0,7,26.0,6.0
3,10,14,2.8,10.57944090516475,0.0,7,26.0,6.0
3,10,15,2.8,12.368224134704779,0.0,7,26.0,6.0
3,10,16,2.8,14.132143867571617,0.0,7,26.0,6.0
3,10,17,2.8,10.939966983716836,0.0,7,26.0,6.0
3,10,18,2.6,12.407894024973427,0.0,7,26.0,6.0
3,10,19,2.2,19.893686088306737,0.0,7,26.0,6.0
3,10,20,3.0,8.14841312976492,0.125,7,26.0,6.0
3,10,21,2.6,11.673754061419146,0.0,7,26.0,6.0
3,10,22,2.8,10.29195449516406,0.14285714285714285,6,26.0,6.0
1,11,1,2.8,14.589175729325122,0.0,7,26.0,6.0
1,11,2,2.8,14.2891080161038,0.0,7,26.0,6.0
1,11,3,2.8,15.0119015430998,0.0,7,26.0,6.0
1,11,4,2.8,10.801217166285772,0.0,7,26.0,6.0
1,11,5,2.8,11.945003752320549,0.0,7,26.0,6.0
1,11,6,2.4,12.776958728659952,0.125,7,26.0,6.0
1,11,7,2.0,15.489531655805722,0.0,7,26.0,6.0
1,11,8,2.2,12.874782143844296,0.0,7,26.0,6.0
1,11,9,2.8,10.85835560104523,0.0,7,26.0,6.0
1,11,10,2.2,13.718676502828124,0.0,7,26.0,6.0
1,11,11,2.6,20.000471378242327,0.125,7,26.0,6.0
1,11,12,2.2,15.54965513756902,0.0,7,26.0,6.0
1,11,13,2.6,14.253883318665329,0.0,7,26.0,6.0
1,11,14,2.4,22.185099404342278,0.0,7,26.0,6.0
1,11,15,2.8,9.961910858636799,0.0,7,26.0,6.0
1,11,16,2.0,23.854436594212423,0.0,7,26.0,6.0
1,11,17,2.6,12.34879308520108,0.0,7,26.0,6.0
1,11,18,2.8,13.907774901232854,0.0,7,26.0,6.0
1,11,19,2.8,13.05279633175131,0.0,7,26.0,6.0
1,11,20,2.8,8.931762950278001,0.0,7,26.0,6.0
1,11,21,2.8,10.95354964643973,0.0,7,26.0,6.0
1,11,22,2.8,14.874395763968886,0.0,7,26.0,6.0
1,11,23,2.8,10.141062770961776,0.0,7,26.0,6.0
1,11,24,2.8,9.581067688331618,0.0,7,26.0,6.0
2,11,1,2.8,14.834203174987682,0.0,7,26.0,6.0
2,11,2,2.8,10.71800431582312,0.0,7,26.0,6.0
2,11,3,3.0,13.372402819321232,0.0,7,26.0,6.0
2,11,4,2.8,10.624314525973512,0.0,7,26.0,6.0
2,11,5,2.8,9.047749323653253,0.0,7,26.0,6.0
2,11,6,2.8,10.351182877970508,0.0,7,26.0,6.0
2,11,7,2.4,14.520873123865766,0.0,7,26.0,6.0
2,11,8,2.2,14.151875181671171,0.0,7,26.0,6.0
2,11,9,2.6,11.155214189896625,0.0,7,26.0,6.0
2,11,10,2.2,17.911018864530423,0.0,7,26.0,6.0
2,11,11,2.4,15.350116909666436,0.0,7,26.0,6.0
2,11,12,3.8,7.539833421468315,0.2222222222222222,7,26.0,6.0
2,11,13,2.8,11.826573074147113,0.0,7,26.0,6.0
2,11,14,2.8,11.539527462897132,0.0,7,26.0,6.0
2,11,15,2.8,11.529586508496122,0.0,7,26.0,6.0
2,11,16,2.8,9.18118439702443,0.0,7,26.0,6.0
2,11,17,2.8,12.33561062087474,0.0,7,26.0,6.0
2,11,18,2.8,10.693358474326047,0.0,7,26.0,6.0
2,11,19,2.8,13.072425905298978,0.0,7,26.0,6.0
2,11,20,2.8,10.403291032626768,0.0,7,26.0,6.0
2,11,21,2.4,11.6175130513854,0.0,7,26.0,6.0
2,11,22,1.8,13.542307987293324,0.0,7,26.0,6.0
2,11,23,2.4,12.431391385698813,0.0,7,26.0,6.0
3,11,1,2.8,10.781732656826803,0.0,7,26.0,6.0
3,11,2,2.8,11.863224481702245,0.0,7,26.0,6.0
3,11,3,2.8,11.834347233326834,0.0,7,26.0,6.0
3,11,4,2.8,10.374117145976827,0.0,7,26.0,6.0
3,11,5,2.8,10.858212115902461,0.0,7,26.0,6.0
3,11,6,2.8,9.821390313618705,0.0,7,26.0,6.0
3,11,7,2.8,10.578342567303888,0.0,7,26.0,6.0
3,11,8,3.4,8.886284615300774,0.125,7,26.0,6.0
3,11,9,2.8,14.911407135135654,0.0,7,26.0,6.0
3,11,10,2.8,11.003733047076802,0.0,7,26.0,6.0
3,11,11,2.8,11.92116704297541,0.0,7,26.0,6.0
3,11,12,2.8,12.713360881861545,0.0,7,26.0,6.0
3,11,13,2.8,9.665828425848762,0.0,7,26.0,6.0
3,11,14,2.8,11.156410842453285,0.0,7,26.0,6.0
3,11,15,2.8,16.197973266762475,0.0,7,26.0,6.0
3,11,16,2.8,10.767820728787271,0.0,7,26.0,6.0
3,11,17,2.8,14.471838963857271,0.0,7,26.0,6.0
3,11,18,2.8,12.011013691635252,0.0,7,26.0,6.0
3,11,19,2.4,17.10883449584614,0.0,7,26.0,6.0
3,11,20,2.4,13.71073251411133,0.0,7,26.0,6.0
3,11,21,3.0,8.070734426586672,0.125,7,26.0,6.0
3,11,22,2.6,11.727315089533075,0.0,7,26.0,6.0
3,11,23,2.0,12.429675827837507,0.0,4,26.0,6.0
1,12,1,2.8,14.624582238158515,0.0,7,26.0,6.0
1,12,2,2.8,13.429319255236049,0.0,7,26.0,6.0
1,12,3,2.8,12.465493885088126,0.0,7,26.0,6.0
1,12,4,2.8,9.38775945653346,0.0,7,26.0,6.0
1,12,5,2.8,10.966762186631891,0.0,7,26.0,6.0
1,12,6,2.8,11.120558804217065,0.125,7,26.0,6.0
1,12,7,2.0,13.478667193530148,0.0,7,26.0,6.0
1,12,8,3.4,9.449079056250284,0.125,7,26.0,6.0
1,12,9,2.2,12.748338415145865,0.0,7,26.0,6.0
1,12,10,2.4,15.3195252589204,0.0,7,26.0,6.0
1,12,11,2.2,13.078011116466824,0.0,7,26.0,6.0
1,12,12,2.6,20.310487917297156,0.0,7,26.0,6.0
1,12,13,2.6,15.946063686703546,0.0,7,26.0,6.0
1,12,14,2.8,13.824887830264188,0.0,7,26.0,6.0
1,12,15,2.2,12.265835671664615,0.0,7,26.0,6.0
1,12,16,2.0,18.75798154609684,0.0,7,26.0,6.0
1,12,17,2.8,14.784823532110886,0.0,7,26.0,6.0
1,12,18,2.8,10.686134586289137,0.0,7,26.0,6.0
1,12,19,2.8,11.005133784217119,0.0,7,26.0,6.0
1,12,20,2.8,10.77159233697158,0.0,7,26.0,6.0
1,12,21,2.8,11.684545107719721,0.0,7,26.0,6.0
1,12,22,2.8,11.3423786266566,0.0,7,26.0,6.0
1,12,23,2.8,11.239214632410661,0.0,7,26.0,6.0
1,12,24,2.2,12.397590994447963,0.0,5,26.0,6.0
2,12,1,2.8,13.522311020061053,0.0,7,26.0,6.0
2,12,2,2.8,11.354747627503953,0.0,7,26.0,6.0
2,12,3,3.6,9.35823314567939,0.125,7,26.0,6.0
2,12,4,2.8,9.782312705665547,0.0,7,26.0,6.0
2,12,5,2.8,10.568463129124218,0.0,7,26.0,6.0
2,12,6,2.6,11.802182655159015,0.0,7,26.0,6.0
2,12,7,2.6,14.064748229828915,0.0,7,26.0,6.0
2,12,8,2.6,10.016131698064045,0.125,7,26.0,6.0
2,12,9,2.4,14.495461037658322,0.0,7,26.0,6.0
2,12,10,2.0,20.742155343966925,0.0,7,26.0,6.0
2,12,11,2.6,10.598501126776545,0.0,7,26.0,6.0
2,12,12,2.8,10.932089870221201,0.0,7,26.0,6.0
2,12,13,2.8,12.599948905313735,0.0,7,26.0,6.0
2,12,14,2.8,11.473422744838276,0.0,7,26.0,6.0
2,12,15,2.8,9.878668231112885,0.0,7,26.0,6.0
2,12,16,2.8,8.585590960158399,0.0,7,26.0,6.0
2,12,17,2.8,12.008410044268073,0.0,7,26.0,6.0
2,12,18,2.8,11.418301200928799,0.0,7,26.0,6.0
2,12,19,2.8,11.88457158025845,0.0,7,26.0,6.0
2,12,20,2.8,13.250073288603113,0.0,7,26.0,6.0
2,12,21,2.2,13.324537220181638,0.0,7,26.0,6.0
2,12,22,2.2,9.718267077880467,0.0,7,26.0,6.0
2,12,23,2.8,10.505736175599315,0.14285714285714285,6,26.0,6.0
3,12,1,2.8,11.490699753793367,0.0,7,26.0,6.0
3,12,2,2.6,11.935907591251645,0.0,7,26.0,6.0
3,12,3,2.8,11.43594682406185,0.0,7,26.0,6.0
3,12,4,2.8,10.120224129801853,0.0,7,26.0,6.0
3,12,5,3.2,9.345262516407837,0.125,7,26.0,6.0
3,12,6,2.6,10.65733752655424,0.0,7,26.0,6.0
3,12,7,3.2,7.994266122616479,0.125,7,26.0,6.0
3,12,8,2.4,12.791463241717365,0.0,7,26.0,6.0
3,12,9,3.8,9.021213930414604,0.2222222222222222,7,26.0,6.0
3,12,10,2.8,9.727957972838116,0.0,7,26.0,6.0
3,12,11,2.8,14.776391587958859,0.0,7,26.0,6.0
3,12,12,2.8,10.886324631807915,0.0,7,26.0,6.0
3,12,13,2.8,10.526366027595909,0.0,7,26.0,6.0
3,12,14,2.8,9.55382886661235,0.0,7,26.0,6.0
3,12,15,2.8,17.71081652332796,0.0,7,26.0,6.0
3,12,16,2.8,10.435927034926873,0.0,7,26.0,6.0
3,12,17,2.8,16.324969929902398,0.0,7,26.0,6.0
3,12,18,2.8,11.398259866383498,0.0,7,26.0,6.0
3,12,19,2.6,11.680383117064238,0.0,7,26.0,6.0
3,12,20,3.2,7.970145954368864,0.125,7,26.0,6.0
3,12,21,2.4,11.944666859594536,0.0,7,26.0,6.0
3,12,22,2.8,10.569406402384065,0.125,7,26.0,6.0
1,13,1,2.8,16.783355408418423,0.0,7,26.0,6.0
1,13,2,2.8,15.34426763906845,0.0,7,26.0,6.0
1,13,3,2.8,13.935696638559847,0.0,7,26.0,6.0
1,13,4,2.8,10.18077495846131,0.0,7,26.0,6.0
1,13,5,2.8,12.54165602545292,0.0,7,26.0,6.0
1,13,6,2.0,17.364583039626677,0.0,7,26.0,6.0
1,13,7,2.2,16.46652233903959,0.0,7,26.0,6.0
1,13,8,2.8,8.253565241311032,0.125,7,26.0,6.0
1,13,9,1.8,34.283451731132644,0.0,7,26.0,6.0
1,13,10,2.2,14.3368410251265,0.0,7,26.0,6.0
1,13,11,2.8,13.124490137676215,0.125,7,26.0,6.0
1,13,12,2.4,12.341849510187334,0.125,7,26.0,6.0
1,13,13,1.8,25.383715681279522,0.0,7,26.0,6.0
1,13,14,2.4,17.580395178629345,0.0,7,26.0,6.0
1,13,15,2.8,10.977033220015025,0.0,7,26.0,6.0
1,13,16,2.0,17.958094489150497,0.0,7,26.0,6.0
1,13,17,3.0,8.950541438203494,0.125,7,26.0,6.0
1,13,18,3.4,10.206475459192195,0.125,7,26.0,6.0
1,13,19,2.8,12.484890315509325,0.0,7,26.0,6.0
1,13,20,2.8,8.998450352414793,0.0,7,26.0,6.0
1,13,21,2.8,9.685907741433377,0.0,7,26.0,6.0
1,13,22,2.8,12.577084182245155,0.0,7,26.0,6.0
1,13,23,2.8,9.763167942314086,0.0,7,26.0,6.0
1,13,24,2.8,9.008167165658302,0.0,7,26.0,6.0
2,13,1,2.8,13.060305423301571,0.0,7,26.0,6.0
2,13,2,2.8,11.861222342761716,0.0,7,26.0,6.0
2,13,3,3.0,12.523569763777479,0.0,7,26.0,6.0
2,13,4,2.8,10.532831805139967,0.0,7,26.0,6.0
2,13,5,2.8,9.36643741193132,0.0,7,26.0,6.0
2,13,6,2.8,11.1028163816457,0.0,7,26.0,6.0
2,13,7,2.2,15.194402080802222,0.0,7,26.0,6.0
2,13,8,2.2,12.581604102325374,0.0,7,26.0,6.0
2,13,9,2.8,10.45479588427469,0.0,7,26.0,6.0
2,13,10,2.2,15.623376206982515,0.0,7,26.0,6.0
2,13,11,2.4,13.578066895825213,0.0,7,26.0,6.0
2,13,12,2.8,8.652711817808965,0.0,7,26.0,6.0
2,13,13,2.8,16.081252698548788,0.0,7,26.0,6.0
2,13,14,2.8,12.408841031742028,0.0,7,26.0,6.0
2,13,15,2.8,11.360076534938532,0.0,7,26.0,6.0
2,13,16,2.8,8.966957578701585,0.0,7,26.0,6.0
2,13,17,2.8,11.80750208247292,0.0,7,26.0,6.0
2,13,18,2.8,10.588439690047837,0.0,7,26.0,6.0
2,13,19,2.8,11.26029821037258,0.0,7,26.0,6.0
2,13,20,2.8,14.442471512918932,0.0,7,26.0,6.0
2,13,21,2.6,9.051611389430933,0.0,7,26.0,6.0
2,13,22,1.8,14.142025000421826,0.0,7,26.0,6.0
2,13,23,2.6,10.353146173212243,0.125,7,26.0,6.0
3,13,1,2.8,11.135059477154613,0.0,7,26.0,6.0
3,13,2,2.6,13.578896429831904,0.0,7,26.0,6.0
3,13,3,2.8,11.788624729474748,0.0,7,26.0,6.0
3,13,4,2.8,9.404406553484947,0.0,7,26.0,6.0
3,13,5,3.4,7.697686260365911,0.125,7,26.0,6.0
3,13,6,3.4,7.20616202943344,0.125,7,26.0,6.0
3,13,7,2.6,14.504494602260378,0.125,7,26.0,6.0
3,13,8,2.2,13.666969231189455,0.0,7,26.0,6.0
3,13,9,4.0,8.403895025639663,0.2222222222222222,7,26.0,6.0
3,13,10,2.8,11.07826474866513,0.0,7,26.0,6.0
3,13,11,2.8,12.302286997811157,0.0,7,26.0,6.0
3,13,12,2.8,9.799488359279032,0.0,7,26.0,6.0
3,13,13,2.8,13.421030258956831,0.0,7,26.0,6.0
3,13,14,2.8,9.501802931667422,0.0,7,26.0,6.0
3,13,15,2.8,13.879329155429751,0.0,7,26.0,6.0
3,13,16,2.8,11.96639897735608,0.0,7,26.0,6.0
3,13,17,2.8,11.302078561988246,0.0,7,26.0,6.0
3,13,18,2.8,12.116021353804204,0.0,7,26.0,6.0
3,13,19,2.8,11.48848029169506,0.0,7,26.0,6.0
3,13,20,2.8,9.780008281648128,0.125,7,26.0,6.0
3,13,21,2.6,9.487142470722954,0.0,7,26.0,6.0
3,13,22,3.0,9.457008922625304,0.14285714285714285,6,26.0,6.0
1,14,1,2.8,14.110895691815365,0.0,7,26.0,6.0
1,14,2,2.8,15.663340167391322,0.0,7,26.0,6.0
1,14,3,2.8,13.651563128246918,0.0,7,26.0,6.0
1,14,4,2.8,9.720925817141179,0.0,7,26.0,6.0
1,14,5,2.8,11.190789367897889,0.0,7,26.0,6.0
1,14,6,2.4,11.06439443955617,0.125,7,26.0,6.0
1,14,7,2.2,14.29653082041669,0.0,7,26.0,6.0
1,14,8,2.6,12.288816679716854,0.125,7,26.0,6.0
1,14,9,2.6,11.982740206653176,0.0,7,26.0,6.0
1,14,10,3.0,13.35110024295522,0.125,7,26.0,6.0
1,14,11,2.0,15.964164403009063,0.0,7,26.0,6.0
1,14,12,2.6,15.199802889437823,0.125,7,26.0,6.0
1,14,13,2.6,14.896026403213462,0.0,7,26.0,6.0
1,14,14,2.8,13.393952203441383,0.0,7,26.0,6.0
1,14,15,2.2,14.438932188745992,0.0,7,26.0,6.0
1,14,16,2.8,12.573498106972329,0.125,7,26.0,6.0
1,14,17,3.4,9.9646988920422,0.125,7,26.0,6.0
1,14,18,2.8,16.38888690008161,0.0,7,26.0,6.0
1,14,19,2.8,8.725665325140628,0.0,7,26.0,6.0
1,14,20,2.8,10.204181758114357,0.0,7,26.0,6.0
1,14,21,2.8,13.551061969962014,0.0,7,26.0,6.0
1,14,22,2.8,9.390695317393964,0.0,7,26.0,6.0
1,14,23,2.8,10.418627249905398,0.0,7,26.0,6.0
2,14,1,2.8,14.050405591570184,0.0,7,26.0,6.0
2,14,2,2.8,11.39706547067113,0.0,7,26.0,6.0
2,14,3,2.8,13.883478694963653,0.0,7,26.0,6.0
2,14,4,2.8,10.681816901982787,0.0,7,26.0,6.0
2,14,5,2.8,9.454193539542791,0.0,7,26.0,6.0
2,14,6,2.8,11.361850928556342,0.0,7,26.0,6.0
2,14,7,2.6,11.064885494079746,0.0,7,26.0,6.0
2,14,8,3.0,9.75595051751757,0.125,7,26.0,6.0
2,14,9,2.2,14.603413311333208,0.0,7,26.0,6.0
2,14,10,2.4,12.376213881318318,0.0,7,26.0,6.0
2,14,11,3.0,10.700947644880396,0.125,7,26.0,6.0
2,14,12,3.0,10.470496874233698,0.125,7,26.0,6.0
2,14,13,2.8,10.85853871154303,0.0,7,26.0,6.0
2,14,14,2.8,13.204316343251309,0.0,7,26.0,6.0
2,14,15,2.8,10.986464032678763,0.0,7,26.0,6.0
2,14,16,2.8,10.311317407111598,0.0,7,26.0,6.0
2,14,17,2.8,13.291255035982566,0.0,7,26.0,6.0
2,14,18,2.8,13.355742211083381,0.0,7,26.0,6.0
2,14,19,2.8,12.5303276081221,0.0,7,26.0,6.0
2,14,20,2.8,11.023503545775233,0.0,7,26.0,6.0
2,14,21,2.6,10.537616837272935,0.0,7,26.0,6.0
2,14,22,3.0,8.803520793809161,0.125,7,26.0,6.0
3,14,1,2.8,9.673322303595524,0.0,7,26.0,6.0
3,14,2,2.6,13.824437953508452,0.0,7,26.0,6.0
3,14,3,2.8,10.867011019285705,0.0,7,26.0,6.0
3,14,4,2.8,9.192387935839818,0.0,7,26.0,6.0
3,14,5,4.0,6.37592011897136,0.2222222222222222,7,26.0,6.0
3,14,6,2.6,9.197388778906689,0.0,7,26.0,6.0
3,14,7,2.8,12.239387785876366,0.125,7,26.0,6.0
3,14,8,2.2,13.852698716777535,0.0,7,26.0,6.0
3,14,9,5.6,6.054539274617234,0.4166666666666667,7,26.0,6.0
3,14,10,2.0,19.401924591466184,0.0,7,26.0,6.0
3,14,11,2.4,11.302253119144787,0.125,7,26.0,6.0
3,14,12,2.8,9.861725186121692,0.0,7,26.0,6.0
3,14,13,2.8,10.746342050394286,0.0,7,26.0,6.0
3,14,14,2.8,10.713858621592372,0.0,7,26.0,6.0
3,14,15,2.8,13.186492969888704,0.0,7,26.0,6.0
3,14,16,2.8,10.116619867860326,0.0,7,26.0,6.0
3,14,17,2.8,11.106464525314777,0.0,7,26.0,6.0
3,14,18,2.6,12.748671473061105,0.0,7,26.0,6.0
3,14,19,2.2,13.743187402818906,0.0,7,26.0,6.0
3,14,20,3.0,8.665730649702397,0.125,7,26.0,6.0
3,14,21,2.2,14.866305806501073,0.0,7,26.0,6.0
3,14,22,3.0,10.104407713463203,0.125,7,26.0,6.0
1,15,1,2.8,14.731840464921447,0.0,7,26.0,6.0
1,15,2,2.8,14.600702867834384,0.0,7,26.0,6.0
1,15,3,2.8,13.290264644748886,0.0,7,26.0,6.0
1,15,4,2.8,9.720925817141179,0.0,7,26.0,6.0
1,15,5,2.8,12.088780586933813,0.0,7,26.0,6.0
1,15,6,2.4,10.634809614166171,0.125,7,26.0,6.0
1,15,7,2.2,14.364690228053629,0.0,7,26.0,6.0
1,15,8,2.6,9.987337212472191,0.125,7,26.0,6.0
1,15,9,2.0,18.631301823147304,0.0,7,26.0,6.0
1,15,10,2.0,13.009702494904355,0.0,7,26.0,6.0
1,15,11,3.0,14.729751751571493,0.125,7,26.0,6.0
1,15,12,2.4,15.130144740624193,0.125,7,26.0,6.0
1,15,13,2.4,13.632965749443011,0.0,7,26.0,6.0
1,15,14,2.6,14.425044546769618,0.0,7,26.0,6.0
1,15,15,2.4,13.565548273806742,0.0,7,26.0,6.0
1,15,16,2.2,18.305883754946397,0.0,7,26.0,6.0
1,15,17,2.6,12.174158448321414,0.0,7,26.0,6.0
1,15,18,2.8,11.11229283550539,0.0,7,26.0,6.0
1,15,19,2.8,13.195710480297295,0.0,7,26.0,6.0
1,15,20,2.8,9.835619430379984,0.0,7,26.0,6.0
1,15,21,2.8,10.815928362566424,0.0,7,26.0,6.0
1,15,22,2.8,15.769675614965898,0.0,7,26.0,6.0
1,15,23,2.8,10.775762647773908,0.0,7,26.0,6.0
1,15,24,2.8,8.967949235583863,0.0,7,26.0,6.0
2,15,1,2.8,14.34703661994542,0.0,7,26.0,6.0
2,15,2,2.8,11.312742878111358,0.0,7,26.0,6.0
2,15,3,3.6,10.719594113746881,0.125,7,26.0,6.0
2,15,4,2.8,10.450933069061247,0.0,7,26.0,6.0
2,15,5,2.8,10.754293512080451,0.0,7,26.0,6.0
2,15,6,2.8,10.084123563938,0.0,7,26.0,6.0
2,15,7,2.6,14.49916285095897,0.0,7,26.0,6.0
2,15,8,2.8,10.667400088074666,0.125,7,26.0,6.0
2,15,9,2.4,12.201215197227775,0.0,7,26.0,6.0
2,15,10,2.2,15.17065551320391,0.0,7,26.0,6.0
2,15,11,2.8,8.933416359431416,0.0,7,26.0,6.0
2,15,12,2.6,14.478279072466302,0.0,7,26.0,6.0
2,15,13,2.8,10.15537726217778,0.0,7,26.0,6.0
2,15,14,2.8,11.667735761607887,0.0,7,26.0,6.0
2,15,15,2.8,9.356218470418218,0.0,7,26.0,6.0
2,15,16,2.8,9.236812564059734,0.0,7,26.0,6.0
2,15,17,2.8,11.735565760534262,0.0,7,26.0,6.0
2,15,18,2.8,12.823686015599002,0.0,7,26.0,6.0
2,15,19,2.8,12.205258455963605,0.0,7,26.0,6.0
2,15,20,2.8,10.639961740489838,0.0,7,26.0,6.0
2,15,21,2.2,11.166667215191202,0.0,7,26.0,6.0
2,15,22,2.0,12.274632870078307,0.0,7,26.0,6.0
2,15,23,2.4,12.081655542439846,0.0,6,26.0,6.0
3,15,1,2.8,9.12490564641409,0.0,7,26.0,6.0
3,15,2,2.8,12.49327503499293,0.0,7,26.0,6.0
3,15,3,2.8,11.309166081322907,0.0,7,26.0,6.0
3,15,4,2.8,10.534940360526099,0.0,7,26.0,6.0
3,15,5,2.8,11.134968958780451,0.0,7,26.0,6.0
3,15,6,2.8,9.5753696962021,0.0,7,26.0,6.0
3,15,7,2.8,10.089715437672963,0.0,7,26.0,6.0
3,15,8,3.4,8.398206049201898,0.125,7,26.0,6.0
3,15,9,3.8,11.850773682391768,0.2222222222222222,7,26.0,6.0
3,15,10,2.8,11.35394199260678,0.0,7,26.0,6.0
3,15,11,2.8,10.318444037552558,0.0,7,26.0,6.0
3,15,12,3.4,8.515099064386003,0.125,7,26.0,6.0
3,15,13,2.8,11.417410380474378,0.0,7,26.0,6.0
3,15,14,2.8,11.138164947863437,0.0,7,26.0,6.0
3,15,15,2.8,12.027705282786252,0.0,7,26.0,6.0
3,15,16,2.8,12.881990448018106,0.0,7,26.0,6.0
3,15,17,2.8,10.979244268210888,0.0,7,26.0,6.0
3,15,18,2.8,11.526527798961558,0.0,7,26.0,6.0
3,15,19,2.2,18.18623405790747,0.0,7,26.0,6.0
3,15,20,2.8,9.437948504569869,0.125,7,26.0,6.0
3,15,21,2.6,10.845713415649488,0.0,7,26.0,6.0
3,15,22,2.8,11.49079874674456,0.14285714285714285,6,26.0,6.0
1,16,1,2.8,14.95114703976122,0.0,7,26.0,6.0
1,16,2,2.8,14.023092008234531,0.0,7,26.0,6.0
1,16,3,2.8,13.003475987272507,0.0,7,26.0,6.0
1,16,4,2.8,8.82413865239338,0.0,7,26.0,6.0
1,16,5,2.8,11.170045747552146,0.0,7,26.0,6.0
1,16,6,2.4,11.5301456652019,0.125,7,26.0,6.0
1,16,7,2.0,17.414315837599084,0.0,7,26.0,6.0
1,16,8,2.4,11.336125036784486,0.0,7,26.0,6.0
1,16,9,2.8,10.208067184728957,0.0,7,26.0,6.0
1,16,10,2.0,16.768054969552544,0.0,7,26.0,6.0
1,16,11,2.8,13.52517574371327,0.125,7,26.0,6.0
1,16,12,2.6,12.195547974332753,0.0,7,26.0,6.0
1,16,13,2.6,14.460060498660317,0.0,7,26.0,6.0
1,16,14,2.8,12.029858985061006,0.0,7,26.0,6.0
1,16,15,2.4,12.894305673440924,0.0,7,26.0,6.0
1,16,16,2.4,13.422954092613063,0.0,7,26.0,6.0
1,16,17,2.8,13.523948268464334,0.0,7,26.0,6.0
1,16,18,2.8,10.918479369280814,0.0,7,26.0,6.0
1,16,19,2.8,13.709066239904484,0.0,7,26.0,6.0
1,16,20,2.8,10.490318887149346,0.0,7,26.0,6.0
1,16,21,2.8,13.051080625074531,0.0,7,26.0,6.0
1,16,22,2.8,10.832640227312336,0.0,7,26.0,6.0
1,16,23,2.8,11.474630781980151,0.0,7,26.0,6.0
1,16,24,2.2,11.43319037997716,0.0,5,26.0,6.0
2,16,1,2.8,13.890850487219724,0.0,7,26.0,6.0
2,16,2,2.8,10.199657410239597,0.0,7,26.0,6.0
2,16,3,3.0,12.86605341249939,0.0,7,26.0,6.0
2,16,4,2.8,10.216146602782478,0.0,7,26.0,6.0
2,16,5,2.8,9.021059169227211,0.0,7,26.0,6.0
2,16,6,2.8,11.062651602018176,0.0,7,26.0,6.0
2,16,7,2.6,13.035233139699313,0.0,7,26.0,6.0
2,16,8,3.0,9.51025126222715,0.125,7,26.0,6.0
2,16,9,2.4,13.355916680824098,0.0,7,26.0,6.0
2,16,10,2.0,16.016485639857866,0.0,7,26.0,6.0
2,16,11,2.4,14.229735462203193,0.0,7,26.0,6.0
2,16,12,2.4,9.976567769635876,0.0,7,26.0,6.0
2,16,13,2.8,11.392756672535187,0.0,7,26.0,6.0
2,16,14,2.8,11.839382099903451,0.0,7,26.0,6.0
2,16,15,2.8,10.758798108331227,0.0,7,26.0,6.0
2,16,16,2.8,9.33276990116189,0.0,7,26.0,6.0
2,16,17,2.8,12.92248477068656,0.0,7,26.0,6.0
2,16,18,2.8,10.593829859001382,0.0,7,26.0,6.0
2,16,19,2.8,11.73960137498146,0.0,7,26.0,6.0
2,16,20,3.0,10.367860076957403,0.0,7,26.0,6.0
2,16,21,2.4,11.602420829967826,0.0,7,26.0,6.0
2,16,22,2.2,11.54483693438802,0.0,7,26.0,6.0
2,16,23,3.0,8.972169919231803,0.125,7,26.0,6.0
3,16,1,2.8,10.18900231454641,0.0,7,26.0,6.0
3,16,2,2.8,11.506136484639125,0.0,7,26.0,6.0
3,16,3,2.6,14.201204053747361,0.0,7,26.0,6.0
3,16,4,2.8,9.702794463691657,0.0,7,26.0,6.0
3,16,5,2.8,9.336338051744328,0.0,7,26.0,6.0
3,16,6,2.8,9.031091720900731,0.0,7,26.0,6.0
3,16,7,2.8,9.832776586925107,0.0,7,26.0,6.0
3,16,8,2.8,12.462402267275396,0.0,7,26.0,6.0
3,16,9,3.8,9.627180209084246,0.2222222222222222,7,26.0,6.0
3,16,10,2.8,10.973103592649066,0.0,7,26.0,6.0
3,16,11,2.8,11.663841952126221,0.0,7,26.0,6.0
3,16,12,2.8,13.075021202393753,0.0,7,26.0,6.0
3,16,13,2.8,12.129870514850584,0.0,7,26.0,6.0
3,16,14,2.8,10.355721254577766,0.0,7,26.0,6.0
3,16,15,2.8,16.59532482189785,0.0,7,26.0,6.0
3,16,16,2.8,10.927215759053068,0.0,7,26.0,6.0
3,16,17,2.8,12.972190778090052,0.0,7,26.0,6.0
3,16,18,2.8,11.348787133817355,0.0,7,26.0,6.0
3,16,19,2.4,12.75109644124271,0.0,7,26.0,6.0
3,16,20,2.6,12.322444329211972,0.0,7,26.0,6.0
3,16,21,3.0,8.717038086736192,0.125,7,26.0,6.0
3,16,22,2.8,9.686328078758745,0.125,7,26.0,6.0
1,17,1,2.8,16.507500795607893,0.0,7,26.0,6.0
1,17,2,2.8,14.530290824542039,0.0,7,26.0,6.0
1,17,3,2.8,11.852537305070426,0.0,7,26.0,6.0
1,17,4,2.8,9.658602466530306,0.0,7,26.0,6.0
1,17,5,2.8,11.295673975261021,0.0,7,26.0,6.0
1,17,6,2.4,11.988936058436124,0.125,7,26.0,6.0
1,17,7,2.0,15.650445670029539,0.0,7,26.0,6.0
1,17,8,2.0,15.159038905324229,0.0,7,26.0,6.0
1,17,9,2.8,13.86102733005717,0.0,7,26.0,6.0
1,17,10,2.0,12.681171116324766,0.0,7,26.0,6.0
1,17,11,3.0,14.043219432132766,0.125,7,26.0,6.0
1,17,12,2.6,11.68733921201418,0.125,7,26.0,6.0
1,17,13,3.0,12.729599518199656,0.125,7,26.0,6.0
1,17,14,2.2,13.357193410838747,0.0,7,26.0,6.0
1,17,15,2.6,11.297335626773409,0.0,7,26.0,6.0
1,17,16,1.8,22.96560296856579,0.0,7,26.0,6.0
1,17,17,4.0,8.854938261077573,0.2222222222222222,7,26.0,6.0
1,17,18,2.8,10.594685899122323,0.0,7,26.0,6.0
1,17,19,2.8,9.91720774006107,0.0,7,26.0,6.0
1,17,20,2.8,11.74905456598291,0.0,7,26.0,6.0
1,17,21,2.8,10.278473427966908,0.0,7,26.0,6.0
1,17,22,2.8,10.411490288781295,0.0,7,26.0,6.0
1,17,23,2.8,10.928396213885964,0.0,7,26.0,6.0
1,17,24,2.25,13.07196834654236,0.0,4,26.0,6.0
2,17,1,2.8,12.707543824927757,0.0,7,26.0,6.0
2,17,2,2.8,9.621992359370845,0.0,7,26.0,6.0
2,17,3,3.0,13.170824667593756,0.0,7,26.0,6.0
2,17,4,2.8,10.642802099141582,0.0,7,26.0,6.0
2,17,5,2.8,9.115170818234667,0.0,7,26.0,6.0
2,17,6,2.8,11.521109237871636,0.0,7,26.0,6.0
2,17,7,2.6,11.177141406364258,0.0,7,26.0,6.0
2,17,8,2.6,11.349034499577058,0.0,7,26.0,6.0
2,17,9,2.4,12.435915978974094,0.0,7,26.0,6.0
2,17,10,2.2,14.853218695941363,0.0,7,26.0,6.0
2,17,11,3.2,11.141236943946106,0.125,7,26.0,6.0
2,17,12,3.0,10.860957923865264,0.125,7,26.0,6.0
2,17,13,2.8,11.778655098599092,0.0,7,26.0,6.0
2,17,14,2.8,12.082636096980877,0.0,7,26.0,6.0
2,17,15,2.8,11.353565144253198,0.0,7,26.0,6.0
2,17,16,2.8,9.140185632828432,0.0,7,26.0,6.0
2,17,17,2.8,12.351777307893226,0.0,7,26.0,6.0
2,17,18,2.8,11.411966623826325,0.0,7,26.0,6.0
2,17,19,2.8,11.58125176376364,0.0,7,26.0,6.0
2,17,20,2.8,10.69578264763497,0.0,7,26.0,6.0
2,17,21,1.8,13.924824601756224,0.0,7,26.0,6.0
2,17,22,2.0,11.903151977164303,0.0,7,26.0,6.0
2,17,23,2.8,9.877941450780062,0.16666666666666666,5,26.0,6.0
3,17,1,2.8,10.054995608199642,0.0,7,26.0,6.0
3,17,2,2.8,14.172345952934396,0.0,7,26.0,6.0
3,17,3,2.8,12.589504931366857,0.0,7,26.0,6.0
3,17,4,2.8,9.8242143627353,0.0,7,26.0,6.0
3,17,5,2.8,9.463705355057632,0.0,7,26.0,6.0
3,17,6,2.8,9.09143167227595,0.0,7,26.0,6.0
3,17,7,2.8,9.846071197592899,0.0,7,26.0,6.0
3,17,8,3.4,8.01310186796578,0.125,7,26.0,6.0
3,17,9,4.0,9.242031911793434,0.2222222222222222,7,26.0,6.0
3,17,10,2.8,13.611366001602278,0.0,7,26.0,6.0
3,17,11,2.8,9.495583268415796,0.0,7,26.0,6.0
3,17,12,2.8,10.207352703880774,0.0,7,26.0,6.0
3,17,13,2.8,10.727493328227535,0.0,7,26.0,6.0
3,17,14,2.8,11.022803470194743,0.0,7,26.0,6.0
3,17,15,2.8,13.01808958604472,0.0,7,26.0,6.0
3,17,16,2.8,12.544294877849273,0.0,7,26.0,6.0
3,17,17,2.8,12.142839575281556,0.0,7,26.0,6.0
3,17,18,2.6,17.192380714090287,0.0,7,26.0,6.0
3,17,19,2.2,16.221865825813037,0.0,7,26.0,6.0
3,17,20,3.0,8.678026233237107,0.125,7,26.0,6.0
3,17,21,2.4,11.991505117587161,0.0,7,26.0,6.0
3,17,22,2.8,11.906879004220224,0.125,7,26.0,6.0
1,18,1,2.8,15.101015253888722,0.0,7,26.0,6.0
1,18,2,2.8,18.16591056472355,0.0,7,26.0,6.0
1,18,3,2.8,14.198376168688313,0.0,7,26.0,6.0
1,18,4,2.8,11.546267650287726,0.0,7,26.0,6.0
1,18,5,2.8,11.758538249910417,0.0,7,26.0,6.0
1,18,6,2.4,11.105174881635536,0.125,7,26.0,6.0
1,18,7,2.0,16.41796147709916,0.0,7,26.0,6.0
1,18,8,2.6,10.601233062715952,0.125,7,26.0,6.0
1,18,9,1.8,26.112615779038293,0.0,7,26.0,6.0
1,18,10,2.4,11.051585561254221,0.0,7,26.0,6.0
1,18,11,3.0,17.212016333462515,0.125,7,26.0,6.0
1,18,12,2.4,11.071566700660133,0.125,7,26.0,6.0
1,18,13,2.0,18.912862577299215,0.0,7,26.0,6.0
1,18,14,2.6,16.767166335251233,0.0,7,26.0,6.0
1,18,15,2.6,12.209732349269085,0.0,7,26.0,6.0
1,18,16,1.8,33.38556391843808,0.0,7,26.0,6.0
1,18,17,2.4,11.930761382868857,0.0,7,26.0,6.0
1,18,18,2.8,12.3305668740803,0.0,7,26.0,6.0
1,18,19,2.8,11.559607232643378,0.0,7,26.0,6.0
1,18,20,2.8,9.355680791218287,0.0,7,26.0,6.0
1,18,21,2.8,11.025593272779654,0.0,7,26.0,6.0
1,18,22,2.8,11.59416574051082,0.0,7,26.0,6.0
1,18,23,2.8,10.743212133990028,0.0,7,26.0,6.0
1,18,24,2.8,10.229201773602862,0.0,7,26.0,6.0
2,18,1,2.8,15.05326626887956,0.0,7,26.0,6.0
2,18,2,2.8,12.414988758600668,0.0,7,26.0,6.0
2,18,3,3.2,9.929989627033942,0.0,7,26.0,6.0
2,18,4,2.8,12.899014726046426,0.0,7,26.0,6.0
2,18,5,2.8,9.200799901829317,0.0,7,26.0,6.0
2,18,6,2.8,12.010347093522476,0.0,7,26.0,6.0
2,18,7,2.0,23.857861250622015,0.0,7,26.0,6.0
2,18,8,2.2,12.954694637320511,0.0,7,26.0,6.0
2,18,9,2.4,13.38379046034654,0.0,7,26.0,6.0
2,18,10,2.0,15.45020966668181,0.0,7,26.0,6.0
2,18,11,2.4,14.531972826200416,0.0,7,26.0,6.0
2,18,12,3.2,9.632793634494693,0.125,7,26.0,6.0
2,18,13,3.4,11.074148269621181,0.125,7,26.0,6.0
2,18,14,2.8,13.890615541137027,0.0,7,26.0,6.0
2,18,15,2.8,10.803639711991,0.0,7,26.0,6.0
2,18,16,2.8,9.434952445617926,0.0,7,26.0,6.0
2,18,17,2.8,11.158578953427941,0.0,7,26.0,6.0
2,18,18,2.8,12.313406547015033,0.0,7,26.0,6.0
2,18,19,2.8,11.519297104316827,0.0,7,26.0,6.0
2,18,20,2.8,11.268992550573465,0.0,7,26.0,6.0
2,18,21,2.4,11.536764455987907,0.0,7,26.0,6.0
2,18,22,2.2,10.531037300204767,0.0,7,26.0,6.0
2,18,23,2.8,10.38615279647302,0.125,7,26.0,6.0
3,18,1,2.8,9.973016829974481,0.0,7,26.0,6.0
3,18,2,2.6,13.08502823186625,0.0,7,26.0,6.0
3,18,3,2.8,10.334509356643027,0.0,7,26.0,6.0
3,18,4,2.8,8.950252073912445,0.0,7,26.0,6.0
3,18,5,3.2,8.922624261641824,0.125,7,26.0,6.0
3,18,6,2.6,10.456905286598365,0.0,7,26.0,6.0
3,18,7,2.8,10.56007806864105,0.0,7,26.0,6.0
3,18,8,2.8,10.862855500168209,0.0,7,26.0,6.0
3,18,9,2.6,12.416774162196146,0.0,7,26.0,6.0
3,18,10,2.8,12.605451933790942,0.0,7,26.0,6.0
3,18,11,2.8,13.844602529273663,0.0,7,26.0,6.0
3,18,12,2.8,10.36849323275772,0.0,7,26.0,6.0
3,18,13,2.8,11.451269325459641,0.0,7,26.0,6.0
3,18,14,2.8,10.363382324298643,0.0,7,26.0,6.0
3,18,15,2.8,12.82654483915615,0.0,7,26.0,6.0
3,18,16,2.8,12.493772177080494,0.0,7,26.0,6.0
3,18,17,2.8,12.96915393156379,0.0,7,26.0,6.0
3,18,18,2.8,11.312618181309679,0.0,7,26.0,6.0
3,18,19,2.6,12.751262217112732,0.0,7,26.0,6.0
3,18,20,2.4,15.367588660274604,0.0,7,26.0,6.0
3,18,21,2.8,9.811198524296145,0.125,7,26.0,6.0
3,18,22,2.4,10.638381092268698,0.0,7,26.0,6.0
3,18,23,2.6,10.471336976523883,0.16666666666666666,5,26.0,6.0
1,19,1,2.8,17.4138567171092,0.0,7,26.0,6.0
1,19,2,2.8,11.845429521594884,0.0,7,26.0,6.0
1,19,3,2.8,13.408553665567998,0.0,7,26.0,6.0
1,19,4,2.8,10.427409665434807,0.0,7,26.0,6.0
1,19,5,2.8,12.890422120648244,0.0,7,26.0,6.0
1,19,6,2.4,12.036831225519018,0.125,7,26.0,6.0
1,19,7,2.2,14.751496870586703,0.0,7,26.0,6.0
1,19,8,2.6,10.138567119666913,0.125,7,26.0,6.0
1,19,9,2.0,17.96477872900371,0.0,7,26.0,6.0
1,19,10,2.0,11.606485005949857,0.0,7,26.0,6.0
1,19,11,2.8,17.121188121089816,0.125,7,26.0,6.0
1,19,12,1.8,18.17861172801632,0.0,7,26.0,6.0
1,19,13,2.4,18.606558389944347,0.0,7,26.0,6.0
1,19,14,2.6,22.099610917373116,0.0,7,26.0,6.0
1,19,15,2.8,9.992365756711273,0.0,7,26.0,6.0
1,19,16,2.2,21.741335741824134,0.0,7,26.0,6.0
1,19,17,2.6,10.79255540866532,0.0,7,26.0,6.0
1,19,18,2.8,9.288604154468835,0.0,7,26.0,6.0
1,19,19,2.8,15.70546465237216,0.0,7,26.0,6.0
1,19,20,2.8,9.694233017771271,0.0,7,26.0,6.0
1,19,21,2.8,10.415833746534743,0.0,7,26.0,6.0
1,19,22,2.8,17.281883994281465,0.0,7,26.0,6.0
1,19,23,2.8,10.20146875460426,0.0,7,26.0,6.0
1,19,24,2.8,10.053604061210311,0.0,7,26.0,6.0
2,19,1,2.8,13.403772105204538,0.0,7,26.0,6.0
2,19,2,2.8,12.024458367532521,0.0,7,26.0,6.0
2,19,3,3.6,10.930324459931606,0.125,7,26.0,6.0
2,19,4,2.8,11.321483463671283,0.0,7,26.0,6.0
2,19,5,2.8,10.697861813356583,0.0,7,26.0,6.0
2,19,6,2.6,11.60071168651889,0.0,7,26.0,6.0
2,19,7,2.2,13.343099676316049,0.0,7,26.0,6.0
2,19,8,2.6,11.001976894052856,0.125,7,26.0,6.0
2,19,9,2.2,13.893494441054392,0.0,7,26.0,6.0
2,19,10,2.0,17.841943430613284,0.0,7,26.0,6.0
2,19,11,2.4,15.122394122616607,0.0,7,26.0,6.0
2,19,12,3.6,8.04664419996921,0.2222222222222222,7,26.0,6.0
2,19,13,2.8,13.700727620396986,0.0,7,26.0,6.0
2,19,14,2.8,11.89748008316667,0.0,7,26.0,6.0
2,19,15,2.8,12.633368349172422,0.0,7,26.0,6.0
2,19,16,2.8,9.096355339881793,0.0,7,26.0,6.0
2,19,17,2.8,13.64231340665192,0.0,7,26.0,6.0
2,19,18,2.8,10.793626966341662,0.0,7,26.0,6.0
2,19,19,2.8,12.778469379599564,0.0,7,26.0,6.0
2,19,20,2.8,11.793719378994316,0.0,7,26.0,6.0
2,19,21,2.6,8.678748086213004,0.0,7,26.0,6.0
2,19,22,2.0,13.591776066370974,0.0,7,26.0,6.0
2,19,23,2.6,11.609650520105012,0.0,7,26.0,6.0
3,19,1,2.8,11.320551672807376,0.0,7,26.0,6.0
3,19,2,2.8,11.615395308308138,0.0,7,26.0,6.0
3,19,3,2.8,11.08372553410676,0.0,7,26.0,6.0
3,19,4,2.8,9.593077069699074,0.0,7,26.0,6.0
3,19,5,2.8,10.274508535886648,0.0,7,26.0,6.0
3,19,6,2.8,9.605446112418111,0.0,7,26.0,6.0
3,19,7,2.8,10.380843095272962,0.0,7,26.0,6.0
3,19,8,2.8,12.280607284813833,0.0,7,26.0,6.0
3,19,9,2.8,13.615612975721804,0.0,7,26.0,6.0
3,19,10,2.8,10.338687099507165,0.0,7,26.0,6.0
3,19,11,2.8,11.716229759788396,0.0,7,26.0,6.0
3,19,12,2.8,12.35908713625209,0.0,7,26.0,6.0
3,19,13,2.8,11.28891609666092,0.0,7,26.0,6.0
3,19,14,2.8,11.35610970166284,0.0,7,26.0,6.0
3,19,15,2.8,12.644196891535278,0.0,7,26.0,6.0
3,19,16,2.8,12.034213496883144,0.0,7,26.0,6.0
3,19,17,2.8,12.274368584587108,0.0,7,26.0,6.0
3,19,18,2.8,11.633633141610863,0.0,7,26.0,6.0
3,19,19,2.4,13.297146784497823,0.0,7,26.0,6.0
3,19,20,2.4,17.525282574090387,0.0,7,26.0,6.0
3,19,21,3.2,7.946854500771224,0.125,7,26.0,6.0
3,19,22,2.6,10.169119126989242,0.0,7,26.0,6.0
3,19,23,2.0,16.03991887723878,0.0,5,26.0,6.0
1,20,1,2.8,16.41755338991018,0.0,7,26.0,6.0
1,20,2,2.8,15.151365595331974,0.0,7,26.0,6.0
1,20,3,2.8,13.088204516819994,0.0,7,26.0,6.0
1,20,4,2.8,10.99835469194064,0.0,7,26.0,6.0
1,20,5,2.8,11.874390251190247,0.0,7,26.0,6.0
1,20,6,3.0,8.281982259023486,0.125,7,26.0,6.0
1,20,7,2.6,13.231364870627633,0.0,7,26.0,6.0
1,20,8,2.8,12.988953646869271,0.0,7,26.0,6.0
1,20,9,2.4,12.438528154489918,0.0,7,26.0,6.0
1,20,10,2.6,17.362009626263696,0.125,7,26.0,6.0
1,20,11,2.8,11.454860530984806,0.125,7,26.0,6.0
1,20,12,1.8,23.502687895049377,0.0,7,26.0,6.0
1,20,13,2.2,16.779560702633454,0.0,7,26.0,6.0
1,20,14,2.6,12.931366882490517,0.0,7,26.0,6.0
1,20,15,2.6,12.66044992957051,0.0,7,26.0,6.0
1,20,16,2.2,12.883407486723346,0.0,7,26.0,6.0
1,20,17,2.8,13.762097951294496,0.0,7,26.0,6.0
1,20,18,2.8,9.316990779314384,0.0,7,26.0,6.0
1,20,19,2.8,9.678290115566,0.0,7,26.0,6.0
1,20,20,2.8,12.054594341494926,0.0,7,26.0,6.0
1,20,21,2.8,10.260971496432369,0.0,7,26.0,6.0
1,20,22,2.8,10.650713792589789,0.0,7,26.0,6.0
1,20,23,2.8,11.491060281091146,0.0,7,26.0,6.0
1,20,24,2.25,12.96648993895533,0.0,4,26.0,6.0
2,20,1,2.8,15.278896339049533,0.0,7,26.0,6.0
2,20,2,2.8,11.861222342761662,0.0,7,26.0,6.0
2,20,3,3.0,13.431134868827671,0.0,7,26.0,6.0
2,20,4,2.8,11.546993611282108,0.0,7,26.0,6.0
2,20,5,2.8,9.380803465208153,0.0,7,26.0,6.0
2,20,6,2.8,11.18402728977196,0.0,7,26.0,6.0
2,20,7,2.2,15.385514380962471,0.0,7,26.0,6.0
2,20,8,2.0,16.729518749732403,0.0,7,26.0,6.0
2,20,9,2.6,11.72777350728906,0.0,7,26.0,6.0
2,20,10,2.0,16.058707773791046,0.0,7,26.0,6.0
2,20,11,2.4,14.129122234868719,0.0,7,26.0,6.0
2,20,12,3.0,8.947691319959553,0.125,7,26.0,6.0
2,20,13,3.4,10.750524724176012,0.125,7,26.0,6.0
2,20,14,2.8,12.88713193765323,0.0,7,26.0,6.0
2,20,15,2.8,9.246171753454785,0.0,7,26.0,6.0
2,20,16,2.8,10.43104310962604,0.0,7,26.0,6.0
2,20,17,2.8,14.41485043966249,0.0,7,26.0,6.0
2,20,18,2.8,12.347598712698318,0.0,7,26.0,6.0
2,20,19,2.8,11.56205920393381,0.0,7,26.0,6.0
2,20,20,2.8,12.797851431109608,0.0,7,26.0,6.0
2,20,21,2.6,10.140276377451382,0.0,7,26.0,6.0
2,20,22,2.0,11.46703341512134,0.0,7,26.0,6.0
2,20,23,2.0,14.70682589096443,0.0,7,26.0,6.0
3,20,1,2.8,10.594961021166368,0.0,7,26.0,6.0
3,20,2,2.8,11.794591965045864,0.0,7,26.0,6.0
3,20,3,2.8,11.880322635662015,0.0,7,26.0,6.0
3,20,4,2.8,10.017301263274106,0.0,7,26.0,6.0
3,20,5,2.8,10.309145252124544,0.0,7,26.0,6.0
3,20,6,2.8,9.091431672275762,0.0,7,26.0,6.0
3,20,7,2.8,10.996778313019082,0.0,7,26.0,6.0
3,20,8,3.4,8.796816805295023,0.125,7,26.0,6.0
3,20,9,4.0,8.592806514369041,0.2222222222222222,7,26.0,6.0
3,20,10,2.8,13.491267536239937,0.0,7,26.0,6.0
3,20,11,2.8,10.243012738137375,0.0,7,26.0,6.0
3,20,12,2.8,11.60140551085939,0.0,7,26.0,6.0
3,20,13,2.8,11.344317403138547,0.0,7,26.0,6.0
3,20,14,2.8,9.819405753559867,0.0,7,26.0,6.0
3,20,15,2.8,13.87450768243251,0.0,7,26.0,6.0
3,20,16,2.8,11.65948427262645,0.0,7,26.0,6.0
3,20,17,2.8,12.464548539830398,0.0,7,26.0,6.0
3,20,18,2.6,15.073771093928027,0.0,7,26.0,6.0
3,20,19,2.6,12.530996941413905,0.0,7,26.0,6.0
3,20,20,3.2,7.527860402695293,0.125,7,26.0,6.0
3,20,21,2.4,11.325180685785586,0.0,7,26.0,6.0
3,20,22,2.6,11.578977796855913,0.0,7,26.0,6.0
1,21,1,2.8,17.165829890092652,0.0,7,26.0,6.0
1,21,2,2.8,15.995964237318823,0.0,7,26.0,6.0
1,21,3,2.8,14.647018386728927,0.0,7,26.0,6.0
1,21,4,2.8,9.286489540716083,0.0,7,26.0,6.0
1,21,5,2.8,11.804606714336714,0.0,7,26.0,6.0
1,21,6,2.8,12.079070615015713,0.125,7,26.0,6.0
1,21,7,1.8,17.815125136943916,0.0,7,26.0,6.0
1,21,8,2.6,12.784158143072709,0.0,7,26.0,6.0
1,21,9,2.6,12.879091608969947,0.0,7,26.0,6.0
1,21,10,2.8,11.209854737572163,0.125,7,26.0,6.0
1,21,11,2.0,20.534963753912628,0.0,7,26.0,6.0
1,21,12,2.6,10.579123394847795,0.125,7,26.0,6.0
1,21,13,2.6,17.507245021304314,0.0,7,26.0,6.0
1,21,14,2.6,13.60176692243751,0.0,7,26.0,6.0
1,21,15,2.2,17.645007980855965,0.0,7,26.0,6.0
1,21,16,2.8,11.46238297055575,0.125,7,26.0,6.0
1,21,17,2.8,16.215107484523237,0.0,7,26.0,6.0
1,21,18,2.8,10.416548829529109,0.0,7,26.0,6.0
1,21,19,2.8,11.501224919632948,0.0,7,26.0,6.0
1,21,20,2.8,9.189741423698171,0.0,7,26.0,6.0
1,21,21,2.8,10.303599238655767,0.0,7,26.0,6.0
1,21,22,2.8,9.019384017817694,0.0,7,26.0,6.0
1,21,23,2.8,10.930785349659,0.0,7,26.0,6.0
1,21,24,2.0,11.528728918003427,0.0,5,26.0,6.0
2,21,1,2.8,14.115258685325621,0.0,7,26.0,6.0
2,21,2,2.8,10.33757422313209,0.0,7,26.0,6.0
2,21,3,3.6,9.329682645072412,0.125,7,26.0,6.0
2,21,4,2.8,10.504783156531762,0.0,7,26.0,6.0
2,21,5,2.8,8.984860088243039,0.0,7,26.0,6.0
2,21,6,2.6,10.763661457077,0.0,7,26.0,6.0
2,21,7,2.2,15.31429026171368,0.0,7,26.0,6.0
2,21,8,2.6,11.12201760449366,0.0,7,26.0,6.0
2,21,9,2.4,13.359485127384408,0.0,7,26.0,6.0
2,21,10,2.2,13.302547783211086,0.0,7,26.0,6.0
2,21,11,2.2,18.9900765180283,0.0,7,26.0,6.0
2,21,12,2.8,8.163482590350227,0.0,7,26.0,6.0
2,21,13,2.8,12.114896872096693,0.0,7,26.0,6.0
2,21,14,2.8,11.839382099903505,0.0,7,26.0,6.0
2,21,15,2.8,10.270975187565119,0.0,7,26.0,6.0
2,21,16,2.8,10.520758676068686,0.0,7,26.0,6.0
2,21,17,2.8,13.462943652117087,0.0,7,26.0,6.0
2,21,18,2.8,12.10325140333427,0.0,7,26.0,6.0
2,21,19,2.8,11.16117253762975,0.0,7,26.0,6.0
2,21,20,2.8,14.160891042485988,0.0,7,26.0,6.0
2,21,21,2.6,9.524424669388566,0.0,7,26.0,6.0
2,21,22,2.0,11.510193939746982,0.0,7,26.0,6.0
2,21,23,2.2,12.848754606646516,0.0,7,26.0,6.0
3,21,1,2.8,9.844595426464428,0.0,7,26.0,6.0
3,21,2,2.8,11.506136484639125,0.0,7,26.0,6.0
3,21,3,2.8,11.246777810025252,0.0,7,26.0,6.0
3,21,4,2.8,10.218130258662354,0.0,7,26.0,6.0
3,21,5,2.8,10.450059336193464,0.0,7,26.0,6.0
3,21,6,2.8,9.635712065149317,0.0,7,26.0,6.0
3,21,7,2.8,9.909884993291124,0.0,7,26.0,6.0
3,21,8,2.8,12.405148997195957,0.0,7,26.0,6.0
3,21,9,2.8,13.20408759029839,0.0,7,26.0,6.0
3,21,10,2.8,10.663135644234558,0.0,7,26.0,6.0
3,21,11,2.8,9.57107971457213,0.0,7,26.0,6.0
3,21,12,2.8,12.114289432508894,0.0,7,26.0,6.0
3,21,13,2.8,9.255899834007284,0.0,7,26.0,6.0
3,21,14,2.8,10.891007420918921,0.0,7,26.0,6.0
3,21,15,2.8,12.723106276696829,0.0,7,26.0,6.0
3,21,16,2.8,12.129679785533094,0.0,7,26.0,6.0
3,21,17,2.8,13.922928625609893,0.0,7,26.0,6.0
3,21,18,2.8,10.811073889918813,0.0,7,26.0,6.0
3,21,19,2.4,13.901619722964957,0.0,7,26.0,6.0
3,21,20,2.6,13.184408565382578,0.0,7,26.0,6.0
3,21,21,2.8,9.20838204614779,0.0,7,26.0,6.0
3,21,22,2.8,9.977752224015905,0.0,7,26.0,6.0
3,21,23,2.0,13.258271563809675,0.0,5,26.0,6.0
1,22,1,2.8,13.47960327910386,0.0,7,26.0,6.0
1,22,2,2.8,14.121679146425103,0.0,7,26.0,6.0
1,22,3,2.8,11.557028948759152,0.0,7,26.0,6.0
1,22,4,2.8,10.801217166285777,0.0,7,26.0,6.0
1,22,5,2.8,11.781527447740045,0.0,7,26.0,6.0
1,22,6,2.8,10.611413123700245,0.125,7,26.0,6.0
1,22,7,1.8,17.97454295851098,0.0,7,26.0,6.0
1,22,8,3.0,10.422071511804154,0.125,7,26.0,6.0
1,22,9,2.2,14.243893134841384,0.0,7,26.0,6.0
1,22,10,2.8,10.598657452250622,0.125,7,26.0,6.0
1,22,11,2.0,16.858281506683184,0.0,7,26.0,6.0
1,22,12,2.2,14.131343881380534,0.125,7,26.0,6.0
1,22,13,2.2,21.392000978417226,0.0,7,26.0,6.0
1,22,14,2.6,17.73677802627811,0.0,7,26.0,6.0
1,22,15,2.6,10.429547115093445,0.0,7,26.0,6.0
1,22,16,2.4,15.846630586310868,0.0,7,26.0,6.0
1,22,17,2.6,12.716342588991369,0.0,7,26.0,6.0
1,22,18,2.8,13.094009293299456,0.0,7,26.0,6.0
1,22,19,2.8,12.755639733638542,0.0,7,26.0,6.0
1,22,20,2.8,10.245981164740188,0.0,7,26.0,6.0
1,22,21,2.8,11.377552028974256,0.0,7,26.0,6.0
1,22,22,2.8,10.937664315186286,0.0,7,26.0,6.0
1,22,23,2.8,10.196606651359442,0.0,7,26.0,6.0
1,22,24,2.8,10.669258184505626,0.0,7,26.0,6.0
2,22,1,2.8,13.765792039842077,0.0,7,26.0,6.0
2,22,2,2.8,11.397065470671228,0.0,7,26.0,6.0
2,22,3,3.6,10.269611866536135,0.125,7,26.0,6.0
2,22,4,2.8,10.139080627820512,0.0,7,26.0,6.0
2,22,5,2.8,10.49591683890224,0.0,7,26.0,6.0
2,22,6,2.8,9.715687174632299,0.0,7,26.0,6.0
2,22,7,2.0,20.868217791345398,0.0,7,26.0,6.0
2,22,8,2.8,11.651798541443991,0.125,7,26.0,6.0
2,22,9,2.0,16.12823970943642,0.0,7,26.0,6.0
2,22,10,2.0,20.265837085788647,0.0,7,26.0,6.0
2,22,11,2.4,15.388739173502024,0.0,7,26.0,6.0
2,22,12,2.4,9.687601779624828,0.0,7,26.0,6.0
2,22,13,2.8,12.10036614752664,0.0,7,26.0,6.0
2,22,14,2.8,12.780194202955414,0.0,7,26.0,6.0
2,22,15,2.8,10.773781905258888,0.0,7,26.0,6.0
2,22,16,2.8,9.77283687480419,0.0,7,26.0,6.0
2,22,17,2.8,10.103133540476687,0.0,7,26.0,6.0
2,22,18,2.8,11.461254714474642,0.0,7,26.0,6.0
2,22,19,2.8,10.809222656826176,0.0,7,26.0,6.0
2,22,20,3.0,13.042931087339799,0.0,7,26.0,6.0
2,22,21,2.8,9.679755395141942,0.0,7,26.0,6.0
2,22,22,1.6,13.258870385486304,0.0,7,26.0,6.0
2,22,23,2.8,8.995050125414481,0.125,7,26.0,6.0
3,22,1,2.8,10.55838051853015,0.0,7,26.0,6.0
3,22,2,2.6,15.012061688078404,0.0,7,26.0,6.0
3,22,3,2.8,12.067746405458905,0.0,7,26.0,6.0
3,22,4,2.8,10.053681761138744,0.0,7,26.0,6.0
3,22,5,3.2,9.302620174366657,0.125,7,26.0,6.0
3,22,6,2.6,9.396578229606753,0.0,7,26.0,6.0
3,22,7,3.2,8.711633723479535,0.125,7,26.0,6.0
3,22,8,2.4,11.803975909749132,0.0,7,26.0,6.0
3,22,9,2.8,10.99628460253088,0.0,7,26.0,6.0
3,22,10,2.8,11.614880498960323,0.0,7,26.0,6.0
3,22,11,2.8,11.019617158608597,0.0,7,26.0,6.0
3,22,12,2.8,12.772029352984955,0.0,7,26.0,6.0
3,22,13,2.8,9.383708011237788,0.0,7,26.0,6.0
3,22,14,2.8,10.75692335582617,0.0,7,26.0,6.0
3,22,15,2.8,13.161163057489041,0.0,7,26.0,6.0
3,22,16,2.8,10.155831006915124,0.0,7,26.0,6.0
3,22,17,2.8,12.707925111562904,0.0,7,26.0,6.0
3,22,18,2.8,11.7003999051755,0.0,7,26.0,6.0
3,22,19,2.8,11.193329443385334,0.0,7,26.0,6.0
3,22,20,2.4,12.795548980384499,0.0,7,26.0,6.0
3,22,21,3.2,8.346801027381579,0.125,7,26.0,6.0
3,22,22,2.8,10.773197579308464,0.125,7,26.0,6.0
1,23,1,2.8,15.370643330222187,0.0,7,26.0,6.0
1,23,2,2.8,17.181790526994398,0.0,7,26.0,6.0
1,23,3,2.8,11.623907751914,0.0,7,26.0,6.0
1,23,4,2.8,10.840077269832861,0.0,7,26.0,6.0
1,23,5,2.8,11.359553776686255,0.0,7,26.0,6.0
1,23,6,2.4,12.642925048696384,0.125,7,26.0,6.0
1,23,7,2.4,14.13471408202222,0.0,7,26.0,6.0
1,23,8,2.6,11.555018449069136,0.0,7,26.0,6.0
1,23,9,2.6,10.041889771209021,0.0,7,26.0,6.0
1,23,10,3.0,12.595815325227706,0.125,7,26.0,6.0
1,23,11,1.8,20.137438906202462,0.0,7,26.0,6.0
1,23,12,2.2,22.452873785726503,0.0,7,26.0,6.0
1,23,13,2.8,15.505988383988598,0.0,7,26.0,6.0
1,23,14,2.8,12.72222070799815,0.0,7,26.0,6.0
1,23,15,2.2,17.33054827184,0.0,7,26.0,6.0
1,23,16,3.0,10.83572616230921,0.125,7,26.0,6.0
1,23,17,3.4,10.785077165775885,0.125,7,26.0,6.0
1,23,18,2.8,15.11457436373773,0.0,7,26.0,6.0
1,23,19,2.8,9.348337790813929,0.0,7,26.0,6.0
1,23,20,2.8,11.148060936723127,0.0,7,26.0,6.0
1,23,21,2.8,13.520657319221852,0.0,7,26.0,6.0
1,23,22,2.8,9.899799877812473,0.0,7,26.0,6.0
1,23,23,2.8,10.206862871160022,0.0,7,26.0,6.0
2,23,1,2.8,13.922470945291485,0.0,7,26.0,6.0
2,23,2,2.8,11.007345862947213,0.0,7,26.0,6.0
2,23,3,3.6,9.903764433063468,0.125,7,26.0,6.0
2,23,4,2.8,10.859155436291314,0.0,7,26.0,6.0
2,23,5,2.8,10.353771719245854,0.0,7,26.0,6.0
2,23,6,2.6,11.963786626999113,0.0,7,26.0,6.0
2,23,7,2.4,13.206259826466452,0.0,7,26.0,6.0
2,23,8,2.8,10.36000645338725,0.125,7,26.0,6.0
2,23,9,2.2,16.271096733877528,0.0,7,26.0,6.0
2,23,10,2.2,13.840229501370555,0.0,7,26.0,6.0
2,23,11,2.6,12.531125942582923,0.0,7,26.0,6.0
2,23,12,2.6,11.881174493451702,0.0,7,26.0,6.0
2,23,13,2.8,13.804848445596086,0.0,7,26.0,6.0
2,23,14,2.8,10.516421731800806,0.0,7,26.0,6.0
2,23,15,2.8,11.229496062992263,0.0,7,26.0,6.0
2,23,16,2.8,9.926169567223699,0.0,7,26.0,6.0
2,23,17,2.8,11.51109010213611,0.0,7,26.0,6.0
2,23,18,2.8,11.774032140454858,0.0,7,26.0,6.0
2,23,19,2.8,12.46696400949718,0.0,7,26.0,6.0
2,23,20,3.0,9.848114586024188,0.0,7,26.0,6.0
2,23,21,2.2,13.441672694835802,0.0,7,26.0,6.0
2,23,22,1.8,11.866054376450563,0.0,7,26.0,6.0
2,23,23,2.4,12.341218364588231,0.0,7,26.0,6.0
3,23,1,2.8,11.196211084043096,0.0,7,26.0,6.0
3,23,2,2.8,11.549592427341876,0.0,7,26.0,6.0
3,23,3,2.8,10.162862932919012,0.0,7,26.0,6.0
3,23,4,2.8,10.589661915665307,0.0,7,26.0,6.0
3,23,5,2.8,11.341450199319652,0.0,7,26.0,6.0
3,23,6,2.8,9.805644246311426,0.0,7,26.0,6.0
3,23,7,2.8,9.909884993291124,0.0,7,26.0,6.0
3,23,8,3.4,9.207346651027047,0.125,7,26.0,6.0
3,23,9,3.8,9.059654092977036,0.2222222222222222,7,26.0,6.0
3,23,10,2.8,11.311943192568263,0.0,7,26.0,6.0
3,23,11,2.8,10.946335971075934,0.0,7,26.0,6.0
3,23,12,2.8,11.057359586747966,0.0,7,26.0,6.0
3,23,13,2.8,9.797552018804192,0.0,7,26.0,6.0
3,23,14,2.8,11.014945585976198,0.0,7,26.0,6.0
3,23,15,2.8,15.74143982395684,0.0,7,26.0,6.0
3,23,16,2.8,12.159814564913065,0.0,7,26.0,6.0
3,23,17,2.8,12.226575224629354,0.0,7,26.0,6.0
3,23,18,2.8,10.742962974268577,0.0,7,26.0,6.0
3,23,19,2.2,13.836460571991006,0.0,7,26.0,6.0
3,23,20,3.0,8.113908023423825,0.125,7,26.0,6.0
3,23,21,2.4,12.635625107123793,0.0,7,26.0,6.0
3,23,22,2.8,10.551172722342816,0.125,7,26.0,6.0
1,24,1,2.8,14.624582238158515,0.0,7,26.0,6.0
1,24,2,2.8,14.154850294443563,0.0,7,26.0,6.0
1,24,3,2.8,12.49133356787181,0.0,7,26.0,6.0
1,24,4,2.8,11.223687725444073,0.0,7,26.0,6.0
1,24,5,2.8,13.376873643671608,0.0,7,26.0,6.0
1,24,6,2.4,11.292469684609094,0.125,7,26.0,6.0
1,24,7,2.0,18.42603701060279,0.0,7,26.0,6.0
1,24,8,2.6,10.399976383461599,0.125,7,26.0,6.0
1,24,9,2.2,18.325134149093238,0.0,7,26.0,6.0
1,24,10,2.4,10.283210337991935,0.0,7,26.0,6.0
1,24,11,2.6,17.604815433726717,0.125,7,26.0,6.0
1,24,12,2.2,14.607330578149337,0.0,7,26.0,6.0
1,24,13,2.2,18.13071513726636,0.0,7,26.0,6.0
1,24,14,2.4,17.40965734553012,0.0,7,26.0,6.0
1,24,15,2.8,9.75391293042522,0.0,7,26.0,6.0
1,24,16,2.0,28.793616451061265,0.0,7,26.0,6.0
1,24,17,2.6,12.091949018817253,0.0,7,26.0,6.0
1,24,18,2.8,12.229259227620329,0.0,7,26.0,6.0
1,24,19,2.8,16.039899324981214,0.0,7,26.0,6.0
1,24,20,2.8,9.094387201795824,0.0,7,26.0,6.0
1,24,21,2.8,9.758039458271242,0.0,7,26.0,6.0
1,24,22,2.8,12.995798891825382,0.0,7,26.0,6.0
1,24,23,2.8,9.724073794796114,0.0,7,26.0,6.0
1,24,24,2.8,10.053604061210272,0.0,7,26.0,6.0
2,24,1,2.8,12.103978870646474,0.0,7,26.0,6.0
2,24,2,2.8,10.588120853456944,0.0,7,26.0,6.0
2,24,3,2.8,14.107646850174254,0.0,7,26.0,6.0
2,24,4,2.8,9.592817439142744,0.0,7,26.0,6.0
2,24,5,2.8,8.852122704005222,0.0,7,26.0,6.0
2,24,6,2.8,12.707414215565374,0.0,7,26.0,6.0
2,24,7,2.4,11.759961273715321,0.0,7,26.0,6.0
2,24,8,3.2,9.272718179602858,0.125,7,26.0,6.0
2,24,9,2.0,16.610047169970226,0.0,7,26.0,6.0
2,24,10,2.2,17.443324559874213,0.0,7,26.0,6.0
2,24,11,2.2,18.669030944632567,0.0,7,26.0,6.0
2,24,12,2.8,8.52012092846676,0.125,7,26.0,6.0
2,24,13,3.4,11.148811542214574,0.125,7,26.0,6.0
2,24,14,2.8,10.644541454973094,0.0,7,26.0,6.0
2,24,15,2.8,11.525761459947429,0.0,7,26.0,6.0
2,24,16,2.8,8.926544465343527,0.0,7,26.0,6.0
2,24,17,2.8,10.188032194714697,0.0,7,26.0,6.0
2,24,18,2.8,14.175450049382386,0.0,7,26.0,6.0
2,24,19,2.8,12.073208723358674,0.0,7,26.0,6.0
2,24,20,3.0,10.108540705690197,0.0,7,26.0,6.0
2,24,21,2.6,9.037837534689231,0.0,7,26.0,6.0
2,24,22,2.2,12.193993740298053,0.0,7,26.0,6.0
2,24,23,2.4,14.24898011563292,0.16666666666666666,5,26.0,6.0
3,24,1,2.8,10.240180339374279,0.0,7,26.0,6.0
3,24,2,2.8,9.840067078100567,0.0,7,26.0,6.0
3,24,3,2.8,10.548475747455958,0.0,7,26.0,6.0
3,24,4,2.8,10.480781439870313,0.0,7,26.0,6.0
3,24,5,2.8,9.989232621924534,0.0,7,26.0,6.0
3,24,6,2.8,9.471569413324943,0.0,7,26.0,6.0
3,24,7,2.8,9.705452117476883,0.0,7,26.0,6.0
3,24,8,3.4,9.17970803080743,0.125,7,26.0,6.0
3,24,9,3.8,10.958933024335181,0.2222222222222222,7,26.0,6.0
3,24,10,2.8,11.723933661192296,0.0,7,26.0,6.0
3,24,11,2.8,10.84924888865204,0.0,7,26.0,6.0
3,24,12,2.8,11.057359586747873,0.0,7,26.0,6.0
3,24,13,2.8,10.744173320319565,0.0,7,26.0,6.0
3,24,14,2.8,10.820079700251627,0.0,7,26.0,6.0
3,24,15,2.8,12.493707893987343,0.0,7,26.0,6.0
3,24,16,2.8,11.946059151413381,0.0,7,26.0,6.0
3,24,17,2.8,11.491463826255274,0.0,7,26.0,6.0
3,24,18,2.8,11.533012757742588,0.0,7,26.0,6.0
3,24,19,2.4,15.075479877719577,0.0,7,26.0,6.0
3,24,20,3.2,7.153610282662028,0.125,7,26.0,6.0
3,24,21,2.8,10.525061090080834,0.0,7,26.0,6.0
3,24,22,2.4,13.152128700761915,0.0,7,26.0,6.0
1,25,1,2.8,14.988334521691167,0.0,7,26.0,6.0
1,25,2,2.8,13.829990442228851,0.0,7,26.0,6.0
1,25,3,2.8,15.35619657959695,0.0,7,26.0,6.0
1,25,4,2.8,9.799970247198326,0.0,7,26.0,6.0
1,25,5,2.8,11.170045747552152,0.0,7,26.0,6.0
1,25,6,2.0,14.768597185438749,0.0,7,26.0,6.0
1,25,7,2.4,12.72276572176926,0.0,7,26.0,6.0
1,25,8,2.8,8.513372292819193,0.125,7,26.0,6.0
1,25,9,2.2,16.730372185208218,0.0,7,26.0,6.0
1,25,10,2.2,12.521428137113393,0.0,7,26.0,6.0
1,25,11,3.0,12.236398671291255,0.125,7,26.0,6.0
1,25,12,2.0,18.254801744154364,0.0,7,26.0,6.0
1,25,13,2.2,19.442047137901135,0.0,7,26.0,6.0
1,25,14,2.8,12.585209518323014,0.125,7,26.0,6.0
1,25,15,2.6,10.32235462546139,0.0,7,26.0,6.0
1,25,16,1.8,29.94254727443208,0.0,7,26.0,6.0
1,25,17,3.6,8.521000225116978,0.2222222222222222,7,26.0,6.0
1,25,18,2.8,11.53542591161955,0.0,7,26.0,6.0
1,25,19,2.8,12.322887652657656,0.0,7,26.0,6.0
1,25,20,2.8,9.710604929769097,0.0,7,26.0,6.0
1,25,21,2.8,9.492520813742322,0.0,7,26.0,6.0
1,25,22,2.8,13.595152199609638,0.0,7,26.0,6.0
1,25,23,2.8,11.61902555312148,0.0,7,26.0,6.0
1,25,24,2.6,10.299472676518036,0.0,6,26.0,6.0
2,25,1,2.8,13.433211568622124,0.0,7,26.0,6.0
2,25,2,2.8,10.268152729751392,0.0,7,26.0,6.0
2,25,3,3.6,10.304215520416518,0.125,7,26.0,6.0
2,25,4,2.8,9.004594176823513,0.0,7,26.0,6.0
2,25,5,2.8,10.388945824806113,0.0,7,26.0,6.0
2,25,6,2.8,8.974370353794695,0.0,7,26.0,6.0
2,25,7,2.0,16.75269098562326,0.0,7,26.0,6.0
2,25,8,2.2,14.584348370707534,0.0,7,26.0,6.0
2,25,9,2.8,11.619644920132718,0.0,7,26.0,6.0
2,25,10,2.2,13.41929526662003,0.0,7,26.0,6.0
2,25,11,2.8,10.219303774101906,0.0,7,26.0,6.0
2,25,12,2.8,10.665205310352759,0.0,7,26.0,6.0
2,25,13,2.8,12.077448913651175,0.0,7,26.0,6.0
2,25,14,2.8,11.692770616950567,0.0,7,26.0,6.0
2,25,15,2.8,11.137955845905834,0.0,7,26.0,6.0
2,25,16,2.8,9.178258746249936,0.0,7,26.0,6.0
2,25,17,2.8,12.175751024238235,0.0,7,26.0,6.0
2,25,18,2.8,12.143786464592086,0.0,7,26.0,6.0
2,25,19,2.8,11.725086295379493,0.0,7,26.0,6.0
2,25,20,2.8,11.526989940864135,0.0,7,26.0,6.0
2,25,21,2.4,10.409870000379664,0.0,7,26.0,6.0
2,25,22,2.6,9.710288286654928,0.0,7,26.0,6.0
2,25,23,2.2,14.662261023287718,0.16666666666666666,5,26.0,6.0
3,25,1,2.8,10.223063968688411,0.0,7,26.0,6.0
3,25,2,2.6,12.029814461886005,0.0,7,26.0,6.0
3,25,3,2.8,11.04360937418099,0.0,7,26.0,6.0
3,25,4,2.8,10.39544163769904,0.0,7,26.0,6.0
3,25,5,3.8,7.41894841756819,0.2222222222222222,7,26.0,6.0
3,25,6,2.6,9.693606563119324,0.0,7,26.0,6.0
3,25,7,1.8,14.625238618007062,0.0,7,26.0,6.0
3,25,8,3.0,10.73811012205676,0.125,7,26.0,6.0
3,25,9,2.8,11.367677082594106,0.0,7,26.0,6.0
3,25,10,2.8,10.651620424680017,0.0,7,26.0,6.0
3,25,11,2.8,12.964220525245501,0.0,7,26.0,6.0
3,25,12,2.8,10.885186189911389,0.0,7,26.0,6.0
3,25,13,2.8,10.008385458732995,0.0,7,26.0,6.0
3,25,14,2.8,11.016731471420547,0.0,7,26.0,6.0
3,25,15,2.8,12.163323792521421,0.0,7,26.0,6.0
3,25,16,2.8,11.84070492747684,0.0,7,26.0,6.0
3,25,17,2.8,16.45932450572709,0.0,7,26.0,6.0
3,25,18,2.8,11.396938908029293,0.0,7,26.0,6.0
3,25,19,2.6,12.265401758371784,0.0,7,26.0,6.0
3,25,20,2.6,13.01605807692302,0.0,7,26.0,6.0
3,25,21,2.8,10.190295176486007,0.0,7,26.0,6.0
3,25,22,2.2,11.871359984028059,0.0,7,26.0,6.0
3,25,23,2.6,12.530920129182597,0.16666666666666666,5,26.0,6.0
1,26,1,2.8,15.409949628553663,0.0,7,26.0,6.0
1,26,2,2.8,14.743594239856778,0.0,7,26.0,6.0
1,26,3,2.8,15.0119015430998,0.0,7,26.0,6.0
1,26,4,2.8,10.879218001060101,0.0,7,26.0,6.0
1,26,5,2.8,11.359553776686255,0.0,7,26.0,6.0
1,26,6,2.0,11.83826119681486,0.125,7,26.0,6.0
1,26,7,2.2,12.077265279406603,0.0,7,26.0,6.0
1,26,8,2.8,10.125870239661086,0.125,7,26.0,6.0
1,26,9,2.2,19.832931459093217,0.0,7,26.0,6.0
1,26,10,2.0,14.762624119788647,0.0,7,26.0,6.0
1,26,11,3.0,12.98416646117351,0.125,7,26.0,6.0
1,26,12,2.2,14.397923740120847,0.0,7,26.0,6.0
1,26,13,2.2,15.718745314786771,0.0,7,26.0,6.0
1,26,14,2.8,16.55396432120083,0.0,7,26.0,6.0
1,26,15,2.8,10.762554802238618,0.0,7,26.0,6.0
1,26,16,2.0,21.32226758342716,0.0,7,26.0,6.0
1,26,17,2.6,12.248393362702927,0.0,7,26.0,6.0
1,26,18,2.8,10.62257882342297,0.0,7,26.0,6.0
1,26,19,2.8,15.913848326237925,0.0,7,26.0,6.0
1,26,20,2.8,9.391105558760758,0.0,7,26.0,6.0
1,26,21,2.8,11.929330635136292,0.0,7,26.0,6.0
1,26,22,2.8,15.446300855722406,0.0,7,26.0,6.0
1,26,23,2.8,9.607510281473148,0.0,7,26.0,6.0
1,26,24,2.8,9.626986900243624,0.0,7,26.0,6.0
2,26,1,2.8,13.859373335270917,0.0,7,26.0,6.0
2,26,2,2.8,10.624908081705561,0.0,7,26.0,6.0
2,26,3,3.0,12.030874560976269,0.0,7,26.0,6.0
2,26,4,2.8,10.928043567488595,0.0,7,26.0,6.0
2,26,5,2.8,9.977640108627014,0.0,7,26.0,6.0
2,26,6,2.8,11.76488909438022,0.0,7,26.0,6.0
2,26,7,2.4,12.870760120086954,0.0,7,26.0,6.0
2,26,8,3.2,9.140648551818602,0.125,7,26.0,6.0
2,26,9,2.0,18.958010018059333,0.0,7,26.0,6.0
2,26,10,2.6,12.418030572635992,0.0,7,26.0,6.0
2,26,11,3.2,8.333630391425901,0.125,7,26.0,6.0
2,26,12,2.4,16.396735182776773,0.0,7,26.0,6.0
2,26,13,2.8,13.032765285366876,0.0,7,26.0,6.0
2,26,14,2.8,10.831496504945092,0.0,7,26.0,6.0
2,26,15,2.8,10.3820784698587,0.0,7,26.0,6.0
2,26,16,2.8,10.347143440841133,0.0,7,26.0,6.0
2,26,17,2.8,12.050777052088282,0.0,7,26.0,6.0
2,26,18,2.8,11.695205576420376,0.0,7,26.0,6.0
2,26,19,2.8,12.285833684343508,0.0,7,26.0,6.0
2,26,20,3.0,9.234780853397513,0.0,7,26.0,6.0
2,26,21,2.0,13.578784562765627,0.0,7,26.0,6.0
2,26,22,2.0,12.689394745940902,0.0,7,26.0,6.0
2,26,23,2.6,11.81143479227827,0.16666666666666666,5,26.0,6.0
3,26,1,2.8,11.534038953389329,0.0,7,26.0,6.0
3,26,2,2.8,12.49327503499293,0.0,7,26.0,6.0
3,26,3,2.8,10.584987531593466,0.0,7,26.0,6.0
3,26,4,2.8,9.40137981890697,0.0,7,26.0,6.0
3,26,5,3.0,8.399907192905626,0.125,7,26.0,6.0
3,26,6,2.6,9.469319605774984,0.0,7,26.0,6.0
3,26,7,3.2,8.589290505632272,0.125,7,26.0,6.0
3,26,8,2.4,13.895824448418917,0.0,7,26.0,6.0
3,26,9,3.6,10.029073242443399,0.2222222222222222,7,26.0,6.0
3,26,10,2.8,11.708319849750756,0.0,7,26.0,6.0
3,26,11,2.8,12.65318854487154,0.0,7,26.0,6.0
3,26,12,2.8,11.024582438251223,0.0,7,26.0,6.0
3,26,13,2.8,10.595829453651506,0.0,7,26.0,6.0
3,26,14,2.8,10.132687119234538,0.0,7,26.0,6.0
3,26,15,2.8,17.648857561217397,0.0,7,26.0,6.0
3,26,16,2.8,11.374289837302328,0.0,7,26.0,6.0
3,26,17,2.8,13.916738190280316,0.0,7,26.0,6.0
3,26,18,2.8,12.509375119291658,0.0,7,26.0,6.0
3,26,19,2.4,16.63550079876589,0.0,7,26.0,6.0
3,26,20,2.6,10.00445626605595,0.0,7,26.0,6.0
3,26,21,3.0,9.012474363779944,0.125,7,26.0,6.0
3,26,22,2.4,12.272114727889177,0.0,7,26.0,6.0
1,27,1,2.8,17.21486841452437,0.0,7,26.0,6.0
1,27,2,2.8,14.530290824542034,0.0,7,26.0,6.0
1,27,3,2.8,12.622155700696634,0.0,7,26.0,6.0
1,27,4,2.8,9.40240717180681,0.0,7,26.0,6.0
1,27,5,2.8,12.260957052455685,0.0,7,26.0,6.0
1,27,6,2.6,10.648200192857132,0.125,7,26.0,6.0
1,27,7,2.2,12.7659043404365,0.0,7,26.0,6.0
1,27,8,2.6,11.190241077721371,0.125,7,26.0,6.0
1,27,9,2.2,12.447882724994642,0.0,7,26.0,6.0
1,27,10,2.0,15.013442735485224,0.0,7,26.0,6.0
1,27,11,2.6,19.86858315811301,0.125,7,26.0,6.0
1,27,12,2.6,11.024504413565452,0.125,7,26.0,6.0
1,27,13,2.4,14.9856727007826,0.0,7,26.0,6.0
1,27,14,2.8,13.349269440151222,0.0,7,26.0,6.0
1,27,15,2.4,14.99690953965745,0.0,7,26.0,6.0
1,27,16,2.0,18.20672039881318,0.0,7,26.0,6.0
1,27,17,3.2,11.31968470178598,0.125,7,26.0,6.0
1,27,18,2.8,11.255331679259427,0.0,7,26.0,6.0
1,27,19,2.8,14.485260275416119,0.0,7,26.0,6.0
1,27,20,2.8,9.20620532112619,0.0,7,26.0,6.0
1,27,21,2.8,10.304099205920075,0.0,7,26.0,6.0
1,27,22,2.8,13.35412918394852,0.0,7,26.0,6.0
1,27,23,2.8,12.012785213862857,0.0,7,26.0,6.0
1,27,24,2.6,9.443982702281174,0.0,6,26.0,6.0
2,27,1,2.8,13.116322237603008,0.0,7,26.0,6.0
2,27,2,2.8,11.271047760605672,0.0,7,26.0,6.0
2,27,3,3.6,9.474204195467305,0.125,7,26.0,6.0
2,27,4,2.8,9.523369745118073,0.0,7,26.0,6.0
2,27,5,2.8,10.301454891165985,0.0,7,26.0,6.0
2,27,6,2.4,11.293485901829918,0.0,7,26.0,6.0
2,27,7,1.8,20.71879699751687,0.0,7,26.0,6.0
2,27,8,2.6,11.41051229875552,0.125,7,26.0,6.0
2,27,9,2.2,15.592477959185784,0.0,7,26.0,6.0
2,27,10,2.2,13.693629620778161,0.0,7,26.0,6.0
2,27,11,2.6,13.328279431699496,0.0,7,26.0,6.0
2,27,12,3.0,8.574861048698184,0.125,7,26.0,6.0
2,27,13,3.4,11.048116101260383,0.125,7,26.0,6.0
2,27,14,2.8,11.862642799870645,0.0,7,26.0,6.0
2,27,15,2.8,9.342615437853786,0.0,7,26.0,6.0
2,27,16,2.8,9.52427692773782,0.0,7,26.0,6.0
2,27,17,2.8,10.974081806566222,0.0,7,26.0,6.0
2,27,18,2.8,11.842424897430078,0.0,7,26.0,6.0
2,27,19,2.8,12.193558749303293,0.0,7,26.0,6.0
2,27,20,2.8,12.030561485593932,0.0,7,26.0,6.0
2,27,21,2.4,9.917905646888082,0.0,7,26.0,6.0
2,27,22,2.2,10.290560710169945,0.0,7,26.0,6.0
2,27,23,2.4,14.257018139153034,0.0,7,26.0,6.0
3,27,1,2.8,10.206004722243703,0.0,7,26.0,6.0
3,27,2,2.8,11.749276437661209,0.0,7,26.0,6.0
3,27,3,2.8,10.387242175536525,0.0,7,26.0,6.0
3,27,4,2.8,10.167171850429465,0.0,7,26.0,6.0
3,27,5,2.8,10.005574318741813,0.0,7,26.0,6.0
3,27,6,2.8,9.48626002812409,0.0,7,26.0,6.0
3,27,7,2.8,10.615061762010122,0.0,7,26.0,6.0
3,27,8,2.8,11.94483034636619,0.0,7,26.0,6.0
3,27,9,2.8,10.878928321814751,0.0,7,26.0,6.0
3,27,10,2.8,10.969120348946333,0.0,7,26.0,6.0
3,27,11,2.8,10.824587411146018,0.0,7,26.0,6.0
3,27,12,3.6,7.978728314903869,0.125,7,26.0,6.0
3,27,13,2.8,10.820785670867178,0.0,7,26.0,6.0
3,27,14,2.8,9.286507187531724,0.0,7,26.0,6.0
3,27,15,2.8,14.508831227509473,0.0,7,26.0,6.0
3,27,16,2.8,12.070149451586229,0.0,7,26.0,6.0
3,27,17,2.8,12.863061653938066,0.0,7,26.0,6.0
3,27,18,2.8,10.510193399249646,0.0,7,26.0,6.0
3,27,19,2.8,12.134286399364317,0.0,7,26.0,6.0
3,27,20,2.2,15.485486047565532,0.0,7,26.0,6.0
3,27,21,3.0,9.886581009216977,0.125,7,26.0,6.0
3,27,22,2.8,9.055314928427798,0.125,7,26.0,6.0
1,28,1,2.8,14.4492476530675,0.0,7,26.0,6.0
1,28,2,2.8,13.519707390587094,0.0,7,26.0,6.0
1,28,3,2.8,11.469045224830175,0.0,7,26.0,6.0
1,28,4,2.8,10.801217166285777,0.0,7,26.0,6.0
1,28,5,2.8,13.933623459254651,0.0,7,26.0,6.0
1,28,6,2.4,13.522418286928197,0.125,7,26.0,6.0
1,28,7,2.2,14.030240939805642,0.0,7,26.0,6.0
1,28,8,2.6,11.670052579975966,0.125,7,26.0,6.0
1,28,9,2.0,17.964778729003648,0.0,7,26.0,6.0
1,28,10,2.4,12.712965352885076,0.0,7,26.0,6.0
1,28,11,2.6,17.812975210320452,0.0,7,26.0,6.0
1,28,12,2.6,12.97027162750077,0.125,7,26.0,6.0
1,28,13,2.4,18.765699745651037,0.0,7,26.0,6.0
1,28,14,2.8,15.594803485394369,0.0,7,26.0,6.0
1,28,15,2.6,13.903996720018686,0.0,7,26.0,6.0
1,28,16,2.8,11.730132023107101,0.125,7,26.0,6.0
1,28,17,2.6,18.853720508872872,0.0,7,26.0,6.0
1,28,18,2.8,10.592217113012612,0.0,7,26.0,6.0
1,28,19,2.8,12.209184022107959,0.0,7,26.0,6.0
1,28,20,2.8,9.19390780365599,0.0,7,26.0,6.0
1,28,21,2.8,11.311675861633338,0.0,7,26.0,6.0
1,28,22,2.8,10.331201582238917,0.0,7,26.0,6.0
1,28,23,2.8,11.674707296222783,0.0,7,26.0,6.0
1,28,24,2.2,11.411539251080466,0.0,5,26.0,6.0
2,28,1,2.8,13.060305423301571,0.0,7,26.0,6.0
2,28,2,2.8,11.127504401582229,0.0,7,26.0,6.0
2,28,3,3.0,13.825837957520044,0.0,7,26.0,6.0
2,28,4,2.8,11.525234472854967,0.0,7,26.0,6.0
2,28,5,2.8,9.770431435985536,0.0,7,26.0,6.0
2,28,6,2.8,11.102816381645747,0.0,7,26.0,6.0
2,28,7,2.0,15.995510914632971,0.0,7,26.0,6.0
2,28,8,2.6,11.69413406959574,0.125,7,26.0,6.0
2,28,9,2.6,11.054403581922093,0.0,7,26.0,6.0
2,28,10,2.2,17.551229049400657,0.0,7,26.0,6.0
2,28,11,2.4,17.207113788126748,0.0,7,26.0,6.0
2,28,12,2.8,8.865942185555902,0.125,7,26.0,6.0
2,28,13,3.4,9.80793059031203,0.125,7,26.0,6.0
2,28,14,2.8,12.02591819319023,0.0,7,26.0,6.0
2,28,15,2.8,11.208915991390029,0.0,7,26.0,6.0
2,28,16,2.8,9.421575475196367,0.0,7,26.0,6.0
2,28,17,2.8,13.61181592016543,0.0,7,26.0,6.0
2,28,18,2.8,11.529877162920469,0.0,7,26.0,6.0
2,28,19,2.8,14.37104497167371,0.0,7,26.0,6.0
2,28,20,2.8,11.753137529108063,0.0,7,26.0,6.0
2,28,21,2.4,11.438954476924978,0.0,7,26.0,6.0
2,28,22,2.0,11.103353332659038,0.0,7,26.0,6.0
2,28,23,3.0,10.064755426825082,0.125,7,26.0,6.0
3,28,1,2.8,10.540184828233528,0.0,7,26.0,6.0
3,28,2,2.6,12.471352358023243,0.0,7,26.0,6.0
3,28,3,2.8,11.478873215552165,0.0,7,26.0,6.0
3,28,4,2.8,9.733677984260733,0.0,7,26.0,6.0
3,28,5,3.4,8.116515186791032,0.125,7,26.0,6.0
3,28,6,3.4,7.2833951180641,0.125,7,26.0,6.0
3,28,7,2.6,12.047421126709441,0.125,7,26.0,6.0
3,28,8,2.4,11.031039421495864,0.0,7,26.0,6.0
3,28,9,2.8,14.79410868707632,0.0,7,26.0,6.0
3,28,10,2.8,10.963683934912494,0.0,7,26.0,6.0
3,28,11,2.8,12.232900449987763,0.0,7,26.0,6.0
3,28,12,2.8,11.194895991608961,0.0,7,26.0,6.0
3,28,13,2.8,9.570147961764413,0.0,7,26.0,6.0
3,28,14,2.8,12.367935466119436,0.0,7,26.0,6.0
3,28,15,2.8,12.645433514954698,0.0,7,26.0,6.0
3,28,16,2.8,9.876795138485981,0.0,7,26.0,6.0
3,28,17,2.8,13.400633932109624,0.0,7,26.0,6.0
3,28,18,2.8,10.961739087848954,0.0,7,26.0,6.0
3,28,19,2.4,14.62806573134073,0.0,7,26.0,6.0
3,28,20,2.2,15.909163021202827,0.0,7,26.0,6.0
3,28,21,3.0,8.41599589550181,0.125,7,26.0,6.0
3,28,22,2.4,11.007741022485522,0.0,7,26.0,6.0
3,28,23,2.2,14.662496657967276,0.0,6,26.0,6.0
1,29,1,2.8,13.57067186579795,0.0,7,26.0,6.0
1,29,2,2.8,15.227941450152304,0.0,7,26.0,6.0
1,29,3,2.8,12.837267882909787,0.0,7,26.0,6.0
1,29,4,2.8,9.689663927837385,0.0,7,26.0,6.0
1,29,5,2.8,11.555603068921894,0.0,7,26.0,6.0
1,29,6,2.4,11.064394439556164,0.125,7,26.0,6.0
1,29,7,2.2,15.197945085056812,0.0,7,26.0,6.0
1,29,8,2.8,9.987899271694701,0.125,7,26.0,6.0
1,29,9,2.4,11.140202067080015,0.0,7,26.0,6.0
1,29,10,2.2,13.993617153986746,0.0,7,26.0,6.0
1,29,11,2.6,16.76735932174333,0.0,7,26.0,6.0
1,29,12,2.0,19.750574967228868,0.0,7,26.0,6.0
1,29,13,2.6,16.093322761379806,0.0,7,26.0,6.0
1,29,14,2.8,13.003592058710447,0.0,7,26.0,6.0
1,29,15,2.6,14.506477233079,0.0,7,26.0,6.0
1,29,16,3.2,9.61163285213947,0.125,7,26.0,6.0
1,29,17,3.4,8.749381528364177,0.125,7,26.0,6.0
1,29,18,2.8,15.664638350316839,0.0,7,26.0,6.0
1,29,19,2.8,8.713048863168263,0.0,7,26.0,6.0
1,29,20,2.8,10.00096009184533,0.0,7,26.0,6.0
1,29,21,2.8,13.612283360546948,0.0,7,26.0,6.0
1,29,22,2.8,9.771377392187361,0.0,7,26.0,6.0
1,29,23,2.8,10.96858321195937,0.0,7,26.0,6.0
2,29,1,2.8,12.176270279947149,0.0,7,26.0,6.0
2,29,2,2.8,10.407940803432357,0.0,7,26.0,6.0
2,29,3,3.6,8.488070126489443,0.125,7,26.0,6.0
2,29,4,2.8,9.29187715806205,0.0,7,26.0,6.0
2,29,5,2.8,10.38894582480607,0.0,7,26.0,6.0
2,29,6,2.6,11.940429919456868,0.0,7,26.0,6.0
2,29,7,2.0,16.380887479555113,0.0,7,26.0,6.0
2,29,8,2.8,11.12193308669653,0.125,7,26.0,6.0
2,29,9,2.2,15.554146013759366,0.0,7,26.0,6.0
2,29,10,2.0,16.629180239065047,0.0,7,26.0,6.0
2,29,11,2.4,16.034236280985475,0.0,7,26.0,6.0
2,29,12,2.2,10.726515786531436,0.0,7,26.0,6.0
2,29,13,2.8,11.939351778146898,0.0,7,26.0,6.0
2,29,14,2.8,12.125686554593274,0.0,7,26.0,6.0
2,29,15,2.8,11.420411237910159,0.0,7,26.0,6.0
2,29,16,2.8,10.438797877002855,0.0,7,26.0,6.0
2,29,17,2.8,10.259110088254866,0.0,7,26.0,6.0
2,29,18,2.8,11.389646171825179,0.0,7,26.0,6.0
2,29,19,2.8,11.324974117564576,0.0,7,26.0,6.0
2,29,20,2.8,14.32459503837342,0.0,7,26.0,6.0
2,29,21,2.8,9.18068805462202,0.0,7,26.0,6.0
2,29,22,2.2,9.463694045771915,0.0,7,26.0,6.0
2,29,23,2.0,12.5917693969561,0.0,7,26.0,6.0
2,29,24,2.0,18.182453593016877,0.0,4,26.0,6.0
3,29,1,2.8,9.537560230460466,0.0,7,26.0,6.0
3,29,2,2.8,13.308844398072585,0.0,7,26.0,6.0
3,29,3,2.8,12.827136356819198,0.0,7,26.0,6.0
3,29,4,2.8,9.638430328759819,0.0,7,26.0,6.0
3,29,5,2.8,10.594879070863906,0.0,7,26.0,6.0
3,29,6,2.8,11.02530432639175,0.0,7,26.0,6.0
3,29,7,2.8,8.836108443831714,0.0,7,26.0,6.0
3,29,8,3.4,8.99078814763827,0.125,7,26.0,6.0
3,29,9,2.8,15.879266067445286,0.0,7,26.0,6.0
3,29,10,2.8,11.308926841958671,0.0,7,26.0,6.0
3,29,11,2.8,12.086068643154531,0.0,7,26.0,6.0
3,29,12,2.8,12.037756152830895,0.0,7,26.0,6.0
3,29,13,2.8,10.163770260966835,0.0,7,26.0,6.0
3,29,14,2.8,9.704806577542266,0.0,7,26.0,6.0
3,29,15,2.8,14.932464529408932,0.0,7,26.0,6.0
3,29,16,2.8,12.35579881433258,0.0,7,26.0,6.0
3,29,17,2.8,12.725425653219075,0.0,7,26.0,6.0
3,29,18,2.8,10.917564507697412,0.0,7,26.0,6.0
3,29,19,2.4,15.00950842830083,0.0,7,26.0,6.0
3,29,20,2.4,13.741537355781725,0.0,7,26.0,6.0
3,29,21,2.6,9.405913160305198,0.0,7,26.0,6.0
3,29,22,2.6,10.358570983984809,0.0,7,26.0,6.0
3,29,23,2.0,15.471856998425732,0.0,5,26.0,6.0
1,30,1,2.8,16.46240422985126,0.0,7,26.0,6.0
1,30,2,2.8,13.611320513898386,0.0,7,26.0,6.0
1,30,3,2.8,11.579236209738935,0.0,7,26.0,6.0
1,30,4,2.8,9.521255241114499,0.0,7,26.0,6.0
1,30,5,2.8,10.790031273759286,0.0,7,26.0,6.0
1,30,6,2.4,10.219973821613367,0.125,7,26.0,6.0
1,30,7,2.0,15.449818851091138,0.0,7,26.0,6.0
1,30,8,2.4,11.872135924466361,0.0,7,26.0,6.0
1,30,9,2.8,9.793320999553282,0.0,7,26.0,6.0
1,30,10,2.0,17.756226271906417,0.0,7,26.0,6.0
1,30,11,2.8,15.835400337292734,0.125,7,26.0,6.0
1,30,12,2.2,14.41521957544441,0.0,7,26.0,6.0
1,30,13,2.6,18.573471265581386,0.0,7,26.0,6.0
1,30,14,2.8,12.066232107137356,0.0,7,26.0,6.0
1,30,15,2.4,13.826937282402987,0.0,7,26.0,6.0
1,30,16,1.8,25.16149220777246,0.0,7,26.0,6.0
1,30,17,3.8,9.681412639797534,0.2222222222222222,7,26.0,6.0
1,30,18,2.8,10.011494662452465,0.0,7,26.0,6.0
1,30,19,2.8,12.062546280093986,0.0,7,26.0,6.0
1,30,20,2.8,10.490318887149389,0.0,7,26.0,6.0
1,30,21,2.8,9.232089010292851,0.0,7,26.0,6.0
1,30,22,2.8,11.38523793214739,0.0,7,26.0,6.0
1,30,23,2.8,10.854560252891996,0.0,7,26.0,6.0
1,30,24,2.2,10.817470345294101,0.0,5,26.0,6.0
2,30,1,2.8,11.91533298937431,0.0,7,26.0,6.0
2,30,2,2.8,10.755701217138837,0.0,7,26.0,6.0
2,30,3,3.6,9.203331998245533,0.125,7,26.0,6.0
2,30,4,2.8,10.433105518937609,0.0,7,26.0,6.0
2,30,5,2.8,11.085665329746654,0.0,7,26.0,6.0
2,30,6,2.6,12.05813442559073,0.0,7,26.0,6.0
2,30,7,2.2,14.72439185443411,0.0,7,26.0,6.0
2,30,8,3.2,8.384068800434855,0.125,7,26.0,6.0
2,30,9,2.2,14.406180695127949,0.0,7,26.0,6.0
2,30,10,2.0,19.486516634208964,0.0,7,26.0,6.0
2,30,11,3.0,10.700947644880396,0.125,7,26.0,6.0
2,30,12,3.4,9.497602033552841,0.125,7,26.0,6.0
2,30,13,2.8,12.552872729562191,0.0,7,26.0,6.0
2,30,14,2.8,12.832502990381638,0.0,7,26.0,6.0
2,30,15,2.8,9.64711800506465,0.0,7,26.0,6.0
2,30,16,2.8,12.63636703938699,0.0,7,26.0,6.0
2,30,17,2.8,12.714084595818708,0.0,7,26.0,6.0
2,30,18,2.8,9.960064641272641,0.0,7,26.0,6.0
2,30,19,2.8,15.69195400515175,0.0,7,26.0,6.0
2,30,20,2.8,9.604357420179044,0.0,7,26.0,6.0
2,30,21,2.2,9.433014208125039,0.0,7,26.0,6.0
2,30,22,1.8,15.655225996220226,0.0,7,26.0,6.0
2,30,23,2.2,15.022394173509717,0.16666666666666666,5,26.0,6.0
3,30,1,2.8,9.478437154630294,0.0,7,26.0,6.0
3,30,2,2.6,14.794187535774233,0.0,7,26.0,6.0
3,30,3,2.8,12.435802706916842,0.0,7,26.0,6.0
3,30,4,2.8,8.950252073912385,0.0,7,26.0,6.0
3,30,5,2.6,12.96176349209583,0.0,7,26.0,6.0
3,30,6,2.8,8.433835701335658,0.0,7,26.0,6.0
3,30,7,2.8,9.841250084214641,0.0,7,26.0,6.0
3,30,8,3.4,10.21171482385596,0.125,7,26.0,6.0
3,30,9,3.8,9.529327032956,0.2222222222222222,7,26.0,6.0
3,30,10,2.8,10.100958903822033,0.0,7,26.0,6.0
3,30,11,2.8,15.153248717355627,0.0,7,26.0,6.0
3,30,12,2.8,10.622614862960607,0.0,7,26.0,6.0
3,30,13,2.8,12.953609087624807,0.0,7,26.0,6.0
3,30,14,2.8,8.907954328193483,0.0,7,26.0,6.0
3,30,15,2.8,14.535872675428646,0.0,7,26.0,6.0
3,30,16,2.8,11.90277590777425,0.0,7,26.0,6.0
3,30,17,2.8,11.813353134375312,0.0,7,26.0,6.0
3,30,18,2.8,11.284357096552572,0.0,7,26.0,6.0
3,30,19,2.4,12.684045871003104,0.0,7,26.0,6.0
3,30,20,2.2,14.061399512507078,0.0,7,26.0,6.0
3,30,21,3.2,7.64678827112665,0.125,7,26.0,6.0
3,30,22,3.0,10.467568517332094,0.125,7,26.0,6.0
1,31,1,2.8,14.695913339396848,0.0,7,26.0,6.0
1,31,2,2.8,11.462389819889193,0.0,7,26.0,6.0
1,31,3,2.8,12.782805372233511,0.0,7,26.0,6.0
1,31,4,2.8,9.784058689856295,0.0,7,26.0,6.0
1,31,5,2.8,11.274540064702784,0.0,7,26.0,6.0
1,31,6,2.2,14.818693174088644,0.0,7,26.0,6.0
1,31,7,2.4,11.62238104877029,0.0,7,26.0,6.0
1,31,8,2.6,11.362000231407427,0.125,7,26.0,6.0
1,31,9,2.4,13.631490945272203,0.0,7,26.0,6.0
1,31,10,2.0,18.18489351911134,0.0,7,26.0,6.0
1,31,11,3.0,12.620814391213129,0.125,7,26.0,6.0
1,31,12,2.6,10.691744133667786,0.125,7,26.0,6.0
1,31,13,2.0,15.986950934863374,0.0,7,26.0,6.0
1,31,14,2.8,14.718717764260674,0.0,7,26.0,6.0
1,31,15,2.4,15.22423994392192,0.0,7,26.0,6.0
1,31,16,2.0,19.758879614845753,0.0,7,26.0,6.0
1,31,17,4.6,7.6989600479527205,0.3,7,26.0,6.0
1,31,18,2.8,12.36471730799333,0.0,7,26.0,6.0
1,31,19,2.8,8.51226647965042,0.0,7,26.0,6.0
1,31,20,2.8,9.765915195067988,0.0,7,26.0,6.0
1,31,21,2.8,13.332285679821235,0.0,7,26.0,6.0
1,31,22,2.8,8.62718079707839,0.0,7,26.0,6.0
1,31,23,2.8,10.859197605813884,0.0,7,26.0,6.0
2,31,1,2.8,11.82319809522229,0.0,7,26.0,6.0
2,31,2,2.8,11.525932964573633,0.0,7,26.0,6.0
2,31,3,3.6,9.245066900609938,0.125,7,26.0,6.0
2,31,4,2.8,9.249719519306513,0.0,7,26.0,6.0
2,31,5,2.8,10.424359733825687,0.0,7,26.0,6.0
2,31,6,2.4,11.840054562633124,0.0,7,26.0,6.0
2,31,7,2.2,13.620838461464528,0.0,7,26.0,6.0
2,31,8,2.4,12.732210076195361,0.0,7,26.0,6.0
2,31,9,2.4,13.09420413033961,0.0,7,26.0,6.0
2,31,10,2.2,14.241012408157784,0.0,7,26.0,6.0
2,31,11,2.4,14.208956124823857,0.0,7,26.0,6.0
2,31,12,2.8,8.211274150307363,0.125,7,26.0,6.0
2,31,13,3.4,9.517931549266898,0.125,7,26.0,6.0
2,31,14,2.8,11.932071905366056,0.0,7,26.0,6.0
2,31,15,2.8,10.948079758582004,0.0,7,26.0,6.0
2,31,16,2.8,9.783269894528505,0.0,7,26.0,6.0
2,31,17,2.8,11.777075727656696,0.0,7,26.0,6.0
2,31,18,2.8,11.46503695570619,0.0,7,26.0,6.0
2,31,19,2.8,12.441603378313136,0.0,7,26.0,6.0
2,31,20,2.8,12.758343263511264,0.0,7,26.0,6.0
2,31,21,2.6,10.17328950010389,0.0,7,26.0,6.0
2,31,22,2.0,12.908008893066455,0.0,7,26.0,6.0
2,31,23,2.8,10.04009530771113,0.14285714285714285,6,26.0,6.0
3,31,1,2.8,10.8969902031235,0.0,7,26.0,6.0
3,31,2,2.8,10.534994122347554,0.0,7,26.0,6.0
3,31,3,2.6,14.43583655151915,0.0,7,26.0,6.0
3,31,4,2.8,10.37780274346695,0.0,7,26.0,6.0
3,31,5,3.2,9.00141545202831,0.125,7,26.0,6.0
3,31,6,2.6,11.042155708131743,0.0,7,26.0,6.0
3,31,7,3.2,9.006697586752233,0.125,7,26.0,6.0
3,31,8,2.4,13.291844439218652,0.0,7,26.0,6.0
3,31,9,2.8,13.119119211931103,0.0,7,26.0,6.0
3,31,10,2.8,12.049656967105577,0.0,7,26.0,6.0
3,31,11,2.8,10.805463454492964,0.0,7,26.0,6.0
3,31,12,2.8,11.902117616971312,0.0,7,26.0,6.0
3,31,13,2.8,9.515095234512485,0.0,7,26.0,6.0
3,31,14,2.8,10.13315437024763,0.0,7,26.0,6.0
3,31,15,2.8,13.569975755821153,0.0,7,26.0,6.0
3,31,16,2.8,11.30045906363833,0.0,7,26.0,6.0
3,31,17,2.8,16.56209600461832,0.0,7,26.0,6.0
3,31,18,2.8,10.495681365954379,0.0,7,26.0,6.0
3,31,19,2.8,11.19332944338524,0.0,7,26.0,6.0
3,31,20,2.2,14.342275951371617,0.0,7,26.0,6.0
3,31,21,2.8,9.62879518089662,0.0,7,26.0,6.0
3,31,22,2.2,13.957377916899258,0.0,7,26.0,6.0
3,31,23,2.6,11.118557846248146,0.16666666666666666,5,26.0,6.0
1,32,1,2.8,14.311978240471104,0.0,7,26.0,6.0
1,32,2,2.8,13.893764004326126,0.0,7,26.0,6.0
1,32,3,2.8,12.188156086203893,0.0,7,26.0,6.0
1,32,4,2.8,9.75239008065118,0.0,7,26.0,6.0
1,32,5,2.8,12.59407882017582,0.0,7,26.0,6.0
1,32,6,2.8,10.782294928043626,0.125,7,26.0,6.0
1,32,7,2.4,13.136328909353194,0.0,7,26.0,6.0
1,32,8,2.4,11.939297173494943,0.125,7,26.0,6.0
1,32,9,2.2,13.35969009454216,0.0,7,26.0,6.0
1,32,10,2.8,12.778779751763022,0.125,7,26.0,6.0
1,32,11,2.0,21.184685423161685,0.0,7,26.0,6.0
1,32,12,2.0,17.41090866997595,0.0,7,26.0,6.0
1,32,13,2.0,19.337706243076536,0.0,7,26.0,6.0
1,32,14,2.8,14.841583245865667,0.0,7,26.0,6.0
1,32,15,2.8,11.038564859540628,0.0,7,26.0,6.0
1,32,16,1.6,48.09628581411698,0.0,7,26.0,6.0
1,32,17,3.8,8.718724578533964,0.2222222222222222,7,26.0,6.0
1,32,18,2.8,11.340054874620757,0.0,7,26.0,6.0
1,32,19,2.8,15.294059333073102,0.0,7,26.0,6.0
1,32,20,2.8,9.78948092209753,0.0,7,26.0,6.0
1,32,21,2.8,10.063195837026436,0.0,7,26.0,6.0
1,32,22,2.8,11.516574497380375,0.0,7,26.0,6.0
1,32,23,2.8,10.806410859103362,0.0,7,26.0,6.0
1,32,24,2.6,10.264385628814118,0.0,6,26.0,6.0
2,32,1,2.8,12.602804012931845,0.0,7,26.0,6.0
2,32,2,2.8,11.59146576102567,0.0,7,26.0,6.0
2,32,3,3.6,9.217201701848406,0.125,7,26.0,6.0
2,32,4,2.8,11.513292194955767,0.0,7,26.0,6.0
2,32,5,2.8,10.232516048081656,0.0,7,26.0,6.0
2,32,6,2.6,10.46887797138235,0.0,7,26.0,6.0
2,32,7,2.0,16.558280138874125,0.0,7,26.0,6.0
2,32,8,2.4,12.223295261098128,0.0,7,26.0,6.0
2,32,9,2.4,12.205730007908878,0.0,7,26.0,6.0
2,32,10,2.2,17.30296092386155,0.0,7,26.0,6.0
2,32,11,2.4,17.110834644065942,0.0,7,26.0,6.0
2,32,12,2.6,9.256752421908606,0.0,7,26.0,6.0
2,32,13,2.8,12.347347526748088,0.0,7,26.0,6.0
2,32,14,2.8,12.92327276260401,0.0,7,26.0,6.0
2,32,15,2.8,11.623387830404896,0.0,7,26.0,6.0
2,32,16,2.8,9.06277488677153,0.0,7,26.0,6.0
2,32,17,2.8,11.433013661245134,0.0,7,26.0,6.0
2,32,18,2.8,12.654695742119587,0.0,7,26.0,6.0
2,32,19,2.8,11.522371742739457,0.0,7,26.0,6.0
2,32,20,2.8,13.769767343199396,0.0,7,26.0,6.0
2,32,21,2.8,9.514121670089564,0.0,7,26.0,6.0
2,32,22,2.6,7.951977766263323,0.0,7,26.0,6.0
2,32,23,2.4,13.932250333189241,0.0,7,26.0,6.0
3,32,1,2.8,9.750429051959234,0.0,7,26.0,6.0
3,32,2,2.8,11.571443723652854,0.0,7,26.0,6.0
3,32,3,2.8,11.565797854988446,0.0,7,26.0,6.0
3,32,4,2.8,9.952101126502773,0.0,7,26.0,6.0
3,32,5,2.8,9.989232621924458,0.0,7,26.0,6.0
3,32,6,2.8,10.215075235908348,0.0,7,26.0,6.0
3,32,7,2.8,10.416201690549808,0.0,7,26.0,6.0
3,32,8,3.4,8.250922118564615,0.125,7,26.0,6.0
3,32,9,3.8,10.417608973911129,0.2222222222222222,7,26.0,6.0
3,32,10,2.8,11.7239336611924,0.0,7,26.0,6.0
3,32,11,2.8,10.459614184053905,0.0,7,26.0,6.0
3,32,12,2.8,11.240250844200972,0.0,7,26.0,6.0
3,32,13,2.8,9.658305601376345,0.0,7,26.0,6.0
3,32,14,2.8,10.504169179806263,0.0,7,26.0,6.0
3,32,15,2.8,14.107520337513371,0.0,7,26.0,6.0
3,32,16,2.8,11.43247031038253,0.0,7,26.0,6.0
3,32,17,2.8,12.275654991812532,0.0,7,26.0,6.0
3,32,18,2.6,11.944996722602621,0.0,7,26.0,6.0
3,32,19,2.4,11.891670047971473,0.0,7,26.0,6.0
3,32,20,3.2,9.150119656608842,0.125,7,26.0,6.0
3,32,21,2.4,11.151476330313704,0.0,7,26.0,6.0
3,32,22,3.0,9.573012058125117,0.125,7,26.0,6.0
1,33,1,2.8,17.02037641500941,0.0,7,26.0,6.0
1,33,2,2.8,15.113365747974028,0.0,7,26.0,6.0
1,33,3,2.8,13.744978118138777,0.0,7,26.0,6.0
1,33,4,2.8,9.551438203009178,0.0,7,26.0,6.0
1,33,5,2.8,10.751528519958056,0.0,7,26.0,6.0
1,33,6,2.4,11.596712795064853,0.0,7,26.0,6.0
1,33,7,2.0,19.06737110061239,0.0,7,26.0,6.0
1,33,8,2.6,11.805854798992083,0.125,7,26.0,6.0
1,33,9,2.0,20.074801211526346,0.0,7,26.0,6.0
1,33,10,2.2,13.248219196869726,0.0,7,26.0,6.0
1,33,11,3.0,14.912002908323773,0.125,7,26.0,6.0
1,33,12,2.6,11.044710504099696,0.125,7,26.0,6.0
1,33,13,2.2,19.088108988609548,0.0,7,26.0,6.0
1,33,14,2.2,27.022995969014016,0.0,7,26.0,6.0
1,33,15,2.8,10.444321736012444,0.0,7,26.0,6.0
1,33,16,1.8,26.680418369570283,0.0,7,26.0,6.0
1,33,17,2.6,11.319663946524683,0.0,7,26.0,6.0
1,33,18,2.8,11.638764631952267,0.0,7,26.0,6.0
1,33,19,2.8,17.037603300772965,0.0,7,26.0,6.0
1,33,20,2.8,9.601555333003116,0.0,7,26.0,6.0
1,33,21,2.8,9.109022697467774,0.0,7,26.0,6.0
1,33,22,2.8,14.531388078836967,0.0,7,26.0,6.0
1,33,23,2.8,8.53905463686428,0.0,7,26.0,6.0
1,33,24,2.8,8.690678336005769,0.0,7,26.0,6.0
2,33,1,2.8,14.87026984718078,0.0,7,26.0,6.0
2,33,2,2.8,11.209078196165578,0.0,7,26.0,6.0
2,33,3,3.6,8.844012169066872,0.125,7,26.0,6.0
2,33,4,2.8,9.909103846145651,0.0,7,26.0,6.0
2,33,5,2.8,10.130820647435756,0.0,7,26.0,6.0
2,33,6,2.6,12.425595719043612,0.0,7,26.0,6.0
2,33,7,1.8,21.71154783554266,0.0,7,26.0,6.0
2,33,8,2.4,12.043216335618096,0.0,7,26.0,6.0
2,33,9,2.2,12.424878330137021,0.0,7,26.0,6.0
2,33,10,2.0,15.18175108950414,0.0,7,26.0,6.0
2,33,11,2.4,14.395160858040347,0.0,7,26.0,6.0
2,33,12,3.4,7.169700470070587,0.125,7,26.0,6.0
2,33,13,3.4,12.466877895200566,0.125,7,26.0,6.0
2,33,14,2.8,10.663099551165043,0.0,7,26.0,6.0
2,33,15,2.8,11.02703476766861,0.0,7,26.0,6.0
2,33,16,2.8,10.12332516979084,0.0,7,26.0,6.0
2,33,17,2.8,11.664768784448157,0.0,7,26.0,6.0
2,33,18,2.8,12.005140396492857,0.0,7,26.0,6.0
2,33,19,2.8,12.366136800963343,0.0,7,26.0,6.0
2,33,20,2.8,11.297238759455379,0.0,7,26.0,6.0
2,33,21,2.4,11.31201388718126,0.0,7,26.0,6.0
2,33,22,2.0,11.083232608452343,0.0,7,26.0,6.0
2,33,23,2.8,11.902013958817538,0.125,7,26.0,6.0
3,33,1,2.8,10.038492210268007,0.0,7,26.0,6.0
3,33,2,2.6,12.053522516153278,0.0,7,26.0,6.0
3,33,3,2.8,11.500457486096556,0.0,7,26.0,6.0
3,33,4,2.8,9.923188121116409,0.0,7,26.0,6.0
3,33,5,3.8,6.915624026951582,0.2222222222222222,7,26.0,6.0
3,33,6,2.6,8.955527471146917,0.0,7,26.0,6.0
3,33,7,1.8,14.874214943781803,0.0,7,26.0,6.0
3,33,8,2.8,14.297388282570587,0.125,7,26.0,6.0
3,33,9,2.8,10.292271710377735,0.0,7,26.0,6.0
3,33,10,2.8,11.623102140226816,0.0,7,26.0,6.0
3,33,11,2.8,13.439642646454748,0.0,7,26.0,6.0
3,33,12,2.8,9.72631862428353,0.0,7,26.0,6.0
3,33,13,2.8,10.76292263885838,0.0,7,26.0,6.0
3,33,14,2.8,11.975904134218052,0.0,7,26.0,6.0
3,33,15,2.8,9.80078359189367,0.0,7,26.0,6.0
3,33,16,2.8,13.493591017340632,0.0,7,26.0,6.0
3,33,17,2.8,13.25856201798649,0.0,7,26.0,6.0
3,33,18,2.8,10.755673045373555,0.0,7,26.0,6.0
3,33,19,2.4,12.3614478029686,0.0,7,26.0,6.0
3,33,20,2.6,14.834481948135297,0.0,7,26.0,6.0
3,33,21,3.4,7.951522136687813,0.125,7,26.0,6.0
3,33,22,3.0,9.407964966397598,0.125,7,26.0,6.0
3,33,23,2.0,17.069439401916004,0.0,4,26.0,6.0
1,34,1,2.8,12.658449486098615,0.0,7,26.0,6.0
1,34,2,2.8,15.305295274236858,0.0,7,26.0,6.0
1,34,3,2.8,13.807968278069211,0.0,7,26.0,6.0
1,34,4,2.8,11.286753648632056,0.0,7,26.0,6.0
1,34,5,2.8,11.735638594623321,0.0,7,26.0,6.0
1,34,6,2.8,8.850329467786215,0.125,7,26.0,6.0
1,34,7,1.8,15.207508103312508,0.0,7,26.0,6.0
1,34,8,2.6,10.121538008801895,0.125,7,26.0,6.0
1,34,9,2.4,11.564792238512677,0.0,7,26.0,6.0
1,34,10,2.0,17.756226271906357,0.0,7,26.0,6.0
1,34,11,2.8,15.752609849443429,0.125,7,26.0,6.0
1,34,12,2.2,14.732399835188508,0.0,7,26.0,6.0
1,34,13,2.0,21.39768050371784,0.0,7,26.0,6.0
1,34,14,2.8,15.02662967210233,0.0,7,26.0,6.0
1,34,15,2.8,10.500010836644273,0.0,7,26.0,6.0
1,34,16,2.0,22.517387639155938,0.0,7,26.0,6.0
1,34,17,2.6,11.242900374910391,0.0,7,26.0,6.0
1,34,18,2.8,13.264867047561784,0.0,7,26.0,6.0
1,34,19,2.8,12.433370714422125,0.0,7,26.0,6.0
1,34,20,2.8,8.788474153693393,0.0,7,26.0,6.0
1,34,21,2.8,10.477427444260009,0.0,7,26.0,6.0
1,34,22,2.8,12.763558341426037,0.0,7,26.0,6.0
1,34,23,2.8,9.779011569035006,0.0,7,26.0,6.0
1,34,24,2.8,8.487941749900873,0.0,7,26.0,6.0
2,34,1,2.8,13.46278063581563,0.0,7,26.0,6.0
2,34,2,2.8,10.551587487304948,0.0,7,26.0,6.0
2,34,3,3.0,12.272279094644324,0.0,7,26.0,6.0
2,34,4,2.8,10.015394808128773,0.0,7,26.0,6.0
2,34,5,2.8,9.46793382379742,0.0,7,26.0,6.0
2,34,6,2.8,10.404007315948808,0.0,7,26.0,6.0
2,34,7,2.2,14.54402714470225,0.0,7,26.0,6.0
2,34,8,2.6,11.388651886658712,0.125,7,26.0,6.0
2,34,9,2.4,10.99851782006633,0.0,7,26.0,6.0
2,34,10,2.2,14.936589559634028,0.0,7,26.0,6.0
2,34,11,2.4,17.304482549084227,0.0,7,26.0,6.0
2,34,12,3.6,7.457926431415503,0.2222222222222222,7,26.0,6.0
2,34,13,2.8,13.609269410117118,0.0,7,26.0,6.0
2,34,14,2.8,11.366806236130053,0.0,7,26.0,6.0
2,34,15,2.8,10.727700338129882,0.0,7,26.0,6.0
2,34,16,2.8,9.764380704547778,0.0,7,26.0,6.0
2,34,17,2.8,12.894507112155713,0.0,7,26.0,6.0
2,34,18,2.8,12.048098870267403,0.0,7,26.0,6.0
2,34,19,2.8,11.792909965252269,0.0,7,26.0,6.0
2,34,20,2.8,12.002010277629202,0.0,7,26.0,6.0
2,34,21,2.4,10.001327541636229,0.0,7,26.0,6.0
2,34,22,2.0,12.746599851500225,0.0,7,26.0,6.0
2,34,23,2.8,12.763992628046637,0.125,7,26.0,6.0
3,34,1,2.8,9.612509443537213,0.0,7,26.0,6.0
3,34,2,2.8,12.57030619041689,0.0,7,26.0,6.0
3,34,3,2.6,12.41408109074572,0.0,7,26.0,6.0
3,34,4,2.8,10.538741135540947,0.0,7,26.0,6.0
3,34,5,3.2,9.505019631317895,0.125,7,26.0,6.0
3,34,6,2.8,8.15657477364829,0.0,7,26.0,6.0
3,34,7,2.8,10.349746209055215,0.0,7,26.0,6.0
3,34,8,2.8,11.645067834539692,0.0,7,26.0,6.0
3,34,9,3.8,9.144633147516592,0.2222222222222222,7,26.0,6.0
3,34,10,2.8,9.92073102785673,0.0,7,26.0,6.0
3,34,11,3.6,8.158177427041181,0.125,7,26.0,6.0
3,34,12,2.6,12.77595158046229,0.0,7,26.0,6.0
3,34,13,2.8,11.713671860393767,0.0,7,26.0,6.0
3,34,14,2.8,11.042705186995917,0.0,7,26.0,6.0
3,34,15,2.8,12.139568060146624,0.0,7,26.0,6.0
3,34,16,2.8,11.659484272626553,0.0,7,26.0,6.0
3,34,17,2.8,11.006529154926572,0.0,7,26.0,6.0
3,34,18,2.6,14.39948311125507,0.0,7,26.0,6.0
3,34,19,2.2,14.916299777069975,0.0,7,26.0,6.0
3,34,20,2.4,11.048300135550939,0.0,7,26.0,6.0
3,34,21,2.6,9.717232868953626,0.0,7,26.0,6.0
3,34,22,2.8,9.122849644833995,0.125,7,26.0,6.0
1,35,1,2.8,18.093579283889298,0.0,7,26.0,6.0
1,35,2,2.8,14.4605546475176,0.0,7,26.0,6.0
1,35,3,2.8,15.474498112486659,0.0,7,26.0,6.0
1,35,4,2.8,9.799970247198326,0.0,7,26.0,6.0
1,35,5,2.8,12.13747844329139,0.0,7,26.0,6.0
1,35,6,2.4,12.232300811246139,0.125,7,26.0,6.0
1,35,7,2.2,15.591162042196693,0.0,7,26.0,6.0
1,35,8,2.8,9.605790177999982,0.125,7,26.0,6.0
1,35,9,2.2,13.447934427541218,0.0,7,26.0,6.0
1,35,10,2.4,15.715186474570043,0.0,7,26.0,6.0
1,35,11,2.6,14.199255967588373,0.0,7,26.0,6.0
1,35,12,2.2,18.347987010520274,0.0,7,26.0,6.0
1,35,13,2.6,13.16104432628294,0.0,7,26.0,6.0
1,35,14,2.8,11.556855013619495,0.0,7,26.0,6.0
1,35,15,2.4,17.284318235021047,0.0,7,26.0,6.0
1,35,16,2.8,10.824122165579437,0.125,7,26.0,6.0
1,35,17,3.4,12.770635613498671,0.125,7,26.0,6.0
1,35,18,2.8,12.65173805862343,0.0,7,26.0,6.0
1,35,19,2.8,8.546301101359225,0.0,7,26.0,6.0
1,35,20,2.8,11.08644662042654,0.0,7,26.0,6.0
1,35,21,2.8,11.844852106067162,0.0,7,26.0,6.0
1,35,22,2.8,9.768004869611708,0.0,7,26.0,6.0
1,35,23,2.8,10.588688445126134,0.0,7,26.0,6.0
2,35,1,2.8,13.922470945291337,0.0,7,26.0,6.0
2,35,2,2.8,11.525932964573583,0.0,7,26.0,6.0
2,35,3,3.6,9.65365220064642,0.125,7,26.0,6.0
2,35,4,2.8,11.176660827565867,0.0,7,26.0,6.0
2,35,5,2.8,10.371328949084527,0.0,7,26.0,6.0
2,35,6,2.4,12.36674418554823,0.0,7,26.0,6.0
2,35,7,2.0,16.69445663917218,0.0,7,26.0,6.0
2,35,8,2.4,11.995974039155492,0.0,7,26.0,6.0
2,35,9,2.2,13.117741642435373,0.0,7,26.0,6.0
2,35,10,2.0,16.901892091939214,0.0,7,26.0,6.0
2,35,11,2.2,16.2758322152466,0.0,7,26.0,6.0
2,35,12,2.4,10.747206920680753,0.0,7,26.0,6.0
2,35,13,2.6,13.761589284227037,0.0,7,26.0,6.0
2,35,14,2.8,11.599938707296108,0.0,7,26.0,6.0
2,35,15,2.8,11.322147968312043,0.0,7,26.0,6.0
2,35,16,2.8,11.290687408435902,0.0,7,26.0,6.0
2,35,17,2.8,10.708498357716554,0.0,7,26.0,6.0
2,35,18,2.8,11.492987076968637,0.0,7,26.0,6.0
2,35,19,2.8,10.845355227164056,0.0,7,26.0,6.0
2,35,20,2.8,13.3509006492603,0.0,7,26.0,6.0
2,35,21,2.8,10.334332830787906,0.0,7,26.0,6.0
2,35,22,2.2,11.332187147006362,0.0,7,26.0,6.0
2,35,23,2.4,10.25153085296899,0.0,7,26.0,6.0
2,35,24,2.0,16.099304884900963,0.0,5,26.0,6.0
3,35,1,2.8,9.956781223484631,0.0,7,26.0,6.0
3,35,2,2.8,11.79459196504576,0.0,7,26.0,6.0
3,35,3,2.8,10.984197119737619,0.0,7,26.0,6.0
3,35,4,2.8,11.377646112766913,0.0,7,26.0,6.0
3,35,5,2.8,10.104758453485509,0.0,7,26.0,6.0
3,35,6,2.8,9.900885348921445,0.0,7,26.0,6.0
3,35,7,2.8,10.689270248457655,0.0,7,26.0,6.0
3,35,8,3.4,8.3409403529125,0.125,7,26.0,6.0
3,35,9,4.0,8.201058451947938,0.2222222222222222,7,26.0,6.0
3,35,10,2.8,13.315041717720652,0.0,7,26.0,6.0
3,35,11,2.8,9.336140541858736,0.0,7,26.0,6.0
3,35,12,2.8,10.596413712543537,0.0,7,26.0,6.0
3,35,13,2.8,11.602565204611109,0.0,7,26.0,6.0
3,35,14,2.8,10.904883504257086,0.0,7,26.0,6.0
3,35,15,2.8,11.5004248912156,0.0,7,26.0,6.0
3,35,16,2.8,11.571248931532757,0.0,7,26.0,6.0
3,35,17,2.8,12.023483760224021,0.0,7,26.0,6.0
3,35,18,2.6,14.890278833558444,0.0,7,26.0,6.0
3,35,19,2.2,16.70936795028746,0.0,7,26.0,6.0
3,35,20,2.4,13.8192280375726,0.0,7,26.0,6.0
3,35,21,2.6,11.662861926500685,0.0,7,26.0,6.0
3,35,22,2.6,12.354142567689545,0.0,7,26.0,6.0
1,36,1,2.8,14.414684031314886,0.0,7,26.0,6.0
1,36,2,2.8,15.151365595331985,0.0,7,26.0,6.0
1,36,3,2.8,13.468491322682299,0.0,7,26.0,6.0
1,36,4,2.8,10.163603884844749,0.0,7,26.0,6.0
1,36,5,2.8,10.381093372757991,0.0,7,26.0,6.0
1,36,6,2.4,12.485750455011118,0.125,7,26.0,6.0
1,36,7,2.2,15.431458578276525,0.0,7,26.0,6.0
1,36,8,2.6,11.99527458602153,0.125,7,26.0,6.0
1,36,9,2.4,12.5004033027154,0.0,7,26.0,6.0
1,36,10,3.0,13.146047950176591,0.125,7,26.0,6.0
1,36,11,2.0,17.963900539151993,0.0,7,26.0,6.0
1,36,12,2.2,16.311694176101337,0.125,7,26.0,6.0
1,36,13,2.2,17.183082938957483,0.0,7,26.0,6.0
1,36,14,2.6,17.47953506877126,0.0,7,26.0,6.0
1,36,15,2.4,13.23774526322492,0.0,7,26.0,6.0
1,36,16,2.0,24.218260497933553,0.0,7,26.0,6.0
1,36,17,2.6,10.859728691029915,0.0,7,26.0,6.0
1,36,18,3.4,9.456815914902101,0.125,7,26.0,6.0
1,36,19,2.8,12.782697605872723,0.0,7,26.0,6.0
1,36,20,2.8,9.48777926989487,0.0,7,26.0,6.0
1,36,21,2.8,10.432117579811603,0.0,7,26.0,6.0
1,36,22,2.8,12.00540655605271,0.0,7,26.0,6.0
1,36,23,2.8,9.846713731280554,0.0,7,26.0,6.0
1,36,24,2.8,10.631611027843823,0.0,7,26.0,6.0
2,36,1,2.8,12.977171622556966,0.0,7,26.0,6.0
2,36,2,2.8,12.167993676588148,0.0,7,26.0,6.0
2,36,3,3.6,9.952110343050942,0.125,7,26.0,6.0
2,36,4,2.8,11.075463975069463,0.0,7,26.0,6.0
2,36,5,2.8,10.442157382294628,0.0,7,26.0,6.0
2,36,6,2.6,10.839969635535102,0.0,7,26.0,6.0
2,36,7,2.2,14.72439185443411,0.0,7,26.0,6.0
2,36,8,2.2,15.95390340472105,0.0,7,26.0,6.0
2,36,9,2.6,13.019558289584461,0.0,7,26.0,6.0
2,36,10,2.0,17.738450464685364,0.0,7,26.0,6.0
2,36,11,2.4,13.88634951209668,0.0,7,26.0,6.0
2,36,12,2.2,10.957115716186019,0.0,7,26.0,6.0
2,36,13,2.8,15.31841205936001,0.0,7,26.0,6.0
2,36,14,2.8,11.596878244693892,0.0,7,26.0,6.0
2,36,15,2.8,13.222812306187404,0.0,7,26.0,6.0
2,36,16,2.8,10.67566890061145,0.0,7,26.0,6.0
2,36,17,2.8,10.802719601613433,0.0,7,26.0,6.0
2,36,18,2.8,11.739430414450178,0.0,7,26.0,6.0
2,36,19,2.8,11.96761105188562,0.0,7,26.0,6.0
2,36,20,2.8,13.18225164309455,0.0,7,26.0,6.0
2,36,21,2.8,9.125893974416101,0.0,7,26.0,6.0
2,36,22,2.2,10.668790281046865,0.0,7,26.0,6.0
2,36,23,2.6,11.974780349871422,0.125,7,26.0,6.0
3,36,1,2.8,10.522051744802859,0.0,7,26.0,6.0
3,36,2,2.8,10.83356586881106,0.0,7,26.0,6.0
3,36,3,2.8,11.205566641042543,0.0,7,26.0,6.0
3,36,4,2.8,9.792754581632527,0.0,7,26.0,6.0
3,36,5,2.8,10.021969570953939,0.0,7,26.0,6.0
3,36,6,2.8,10.37096815154072,0.0,7,26.0,6.0
3,36,7,2.8,10.310841213156994,0.0,7,26.0,6.0
3,36,8,2.8,12.158541393819895,0.0,7,26.0,6.0
3,36,9,2.8,13.261347286659905,0.0,7,26.0,6.0
3,36,10,2.8,12.218157564499508,0.0,7,26.0,6.0
3,36,11,2.8,10.599474739595358,0.0,7,26.0,6.0
3,36,12,2.8,12.284615274883514,0.0,7,26.0,6.0
3,36,13,2.8,9.117913175323068,0.0,7,26.0,6.0
3,36,14,2.8,10.626100676189338,0.0,7,26.0,6.0
3,36,15,2.8,16.769820773859973,0.0,7,26.0,6.0
3,36,16,2.8,11.963594159429116,0.0,7,26.0,6.0
3,36,17,2.8,15.51196128231031,0.0,7,26.0,6.0
3,36,18,2.8,12.069841030475498,0.0,7,26.0,6.0
3,36,19,2.4,11.182083172154165,0.0,7,26.0,6.0
3,36,20,2.0,15.556907952439797,0.0,7,26.0,6.0
3,36,21,2.8,9.114459618420346,0.125,7,26.0,6.0
3,36,22,2.6,10.903719969996402,0.0,7,26.0,6.0
3,36,23,2.6,10.99608416864551,0.0,7,26.0,6.0
1,37,1,2.8,14.414684031314883,0.0,7,26.0,6.0
1,37,2,2.8,14.023092008234531,0.0,7,26.0,6.0
1,37,3,2.8,12.809978740050411,0.0,7,26.0,6.0
1,37,4,2.8,9.40240717180681,0.0,7,26.0,6.0
1,37,5,2.8,12.137478443291396,0.0,7,26.0,6.0
1,37,6,2.4,12.282164216036001,0.0,7,26.0,6.0
1,37,7,2.2,12.161440356898096,0.0,7,26.0,6.0
1,37,8,2.6,10.224579491281778,0.125,7,26.0,6.0
1,37,9,2.2,14.619719102863705,0.0,7,26.0,6.0
1,37,10,2.2,12.547500474536795,0.0,7,26.0,6.0
1,37,11,2.6,18.29982477516229,0.125,7,26.0,6.0
1,37,12,2.6,13.523309059996611,0.125,7,26.0,6.0
1,37,13,2.2,15.58339741279078,0.0,7,26.0,6.0
1,37,14,2.6,16.253720197068507,0.0,7,26.0,6.0
1,37,15,2.4,14.039629931367912,0.0,7,26.0,6.0
1,37,16,2.2,18.086115543141958,0.0,7,26.0,6.0
1,37,17,2.6,11.413252142049576,0.0,7,26.0,6.0
1,37,18,2.8,11.92600190769147,0.0,7,26.0,6.0
1,37,19,2.8,12.5108105580579,0.0,7,26.0,6.0
1,37,20,2.8,8.624949855886097,0.0,7,26.0,6.0
1,37,21,2.8,11.34537844357232,0.0,7,26.0,6.0
1,37,22,2.8,13.182376616674107,0.0,7,26.0,6.0
1,37,23,2.8,9.516475547749575,0.0,7,26.0,6.0
1,37,24,2.8,8.733986314335835,0.0,7,26.0,6.0
2,37,1,2.8,13.433211568622124,0.0,7,26.0,6.0
2,37,2,2.8,10.851113888510872,0.0,7,26.0,6.0
2,37,3,3.0,12.126287672037845,0.0,7,26.0,6.0
2,37,4,2.8,12.167215199979942,0.0,7,26.0,6.0
2,37,5,2.8,9.833265405052023,0.0,7,26.0,6.0
2,37,6,2.8,11.163613388692719,0.0,7,26.0,6.0
2,37,7,2.2,14.14051722323798,0.0,7,26.0,6.0
2,37,8,3.2,8.934092030924496,0.125,7,26.0,6.0
2,37,9,2.0,16.300173880102108,0.0,7,26.0,6.0
2,37,10,2.0,17.999467187954778,0.0,7,26.0,6.0
2,37,11,2.4,17.965265152918295,0.0,7,26.0,6.0
2,37,12,2.2,9.236245709418391,0.0,7,26.0,6.0
2,37,13,2.8,14.835376963830697,0.0,7,26.0,6.0
2,37,14,2.8,11.214139390270669,0.0,7,26.0,6.0
2,37,15,2.8,11.77211684273333,0.0,7,26.0,6.0
2,37,16,2.8,9.062227400276441,0.0,7,26.0,6.0
2,37,17,2.8,10.040174035737609,0.0,7,26.0,6.0
2,37,18,2.8,13.296212430563578,0.0,7,26.0,6.0
2,37,19,2.8,11.367069915395092,0.0,7,26.0,6.0
2,37,20,2.8,13.869812299724405,0.0,7,26.0,6.0
2,37,21,2.8,9.34909067659723,0.0,7,26.0,6.0
2,37,22,2.0,12.63454505179359,0.0,7,26.0,6.0
2,37,23,2.8,9.587252353632241,0.125,7,26.0,6.0
3,37,1,2.8,10.257354121710097,0.0,7,26.0,6.0
3,37,2,2.6,15.38980470899868,0.0,7,26.0,6.0
3,37,3,2.8,13.27238257420756,0.0,7,26.0,6.0
3,37,4,2.8,9.780373661306019,0.0,7,26.0,6.0
3,37,5,3.2,9.149539554123617,0.125,7,26.0,6.0
3,37,6,2.6,10.127902712204493,0.0,7,26.0,6.0
3,37,7,3.2,9.895614533013314,0.125,7,26.0,6.0
3,37,8,2.4,12.926639011799734,0.0,7,26.0,6.0
3,37,9,3.6,10.475695129021904,0.2222222222222222,7,26.0,6.0
3,37,10,2.8,10.430413369661924,0.0,7,26.0,6.0
3,37,11,2.8,12.893253074457483,0.0,7,26.0,6.0
3,37,12,2.8,11.37309028225248,0.0,7,26.0,6.0
3,37,13,2.8,9.194140172576141,0.0,7,26.0,6.0
3,37,14,2.8,9.458850730675458,0.0,7,26.0,6.0
3,37,15,2.8,13.851647421795331,0.0,7,26.0,6.0
3,37,16,2.8,10.353769524312208,0.0,7,26.0,6.0
3,37,17,2.8,13.196099963948384,0.0,7,26.0,6.0
3,37,18,2.8,10.981989946267296,0.0,7,26.0,6.0
3,37,19,2.2,14.583567916577696,0.0,7,26.0,6.0
3,37,20,2.4,12.660609902916955,0.0,7,26.0,6.0
3,37,21,3.4,7.340910919232427,0.125,7,26.0,6.0
3,37,22,2.2,13.495803288569762,0.0,7,26.0,6.0
3,37,23,2.0,12.461331918359644,0.0,4,26.0,6.0
1,38,1,2.8,16.552845112126665,0.0,7,26.0,6.0
1,38,2,2.8,13.580645162625697,0.0,7,26.0,6.0
1,38,3,2.8,11.623907751914,0.0,7,26.0,6.0
1,38,4,2.8,10.48182275483055,0.0,7,26.0,6.0
1,38,5,2.8,12.515607945417722,0.0,7,26.0,6.0
1,38,6,2.8,10.215653978098395,0.125,7,26.0,6.0
1,38,7,2.0,16.371565225616056,0.0,7,26.0,6.0
1,38,8,2.8,10.259282461293745,0.125,7,26.0,6.0
1,38,9,2.2,15.292140724476996,0.0,7,26.0,6.0
1,38,10,3.0,12.677015936072554,0.125,7,26.0,6.0
1,38,11,2.2,13.796623398312024,0.0,7,26.0,6.0
1,38,12,2.6,14.256195179411653,0.0,7,26.0,6.0
1,38,13,2.6,13.276094222416837,0.0,7,26.0,6.0
1,38,14,2.6,13.157241880187204,0.0,7,26.0,6.0
1,38,15,2.4,13.597636637297889,0.0,7,26.0,6.0
1,38,16,3.0,10.698512666418877,0.125,7,26.0,6.0
1,38,17,3.4,11.404028201884273,0.125,7,26.0,6.0
1,38,18,2.8,14.497295390470915,0.0,7,26.0,6.0
1,38,19,2.8,9.67766164642063,0.0,7,26.0,6.0
1,38,20,2.8,10.44111958781651,0.0,7,26.0,6.0
1,38,21,2.8,13.011593733100433,0.0,7,26.0,6.0
1,38,22,2.8,9.684713699941133,0.0,7,26.0,6.0
1,38,23,2.8,10.179933404449766,0.0,7,26.0,6.0
2,38,1,2.8,14.44871666648809,0.0,7,26.0,6.0
2,38,2,2.8,9.91846602190027,0.0,7,26.0,6.0
2,38,3,3.6,9.203331998245533,0.125,5,26.0,6.0
2,38,4,2.8,10.45093306906129,0.0,7,26.0,6.0
2,38,5,2.8,11.290305292856742,0.0,7,26.0,6.0
2,38,6,2.4,12.570076443302998,0.0,7,26.0,6.0
2,38,7,1.8,21.59672031783938,0.0,7,26.0,6.0
2,38,8,2.8,11.177198534849369,0.125,7,26.0,6.0
2,38,9,2.4,13.439479665904738,0.0,7,26.0,6.0
2,38,10,2.2,15.583568715493515,0.0,7,26.0,6.0
2,38,11,2.4,14.901329212236714,0.0,7,26.0,6.0
2,38,12,2.2,9.674544486067184,0.0,7,26.0,6.0
2,38,13,2.8,14.083815351460405,0.0,7,26.0,6.0
2,38,14,2.8,11.936368710497655,0.0,7,26.0,6.0
2,38,15,2.8,10.150516595386204,0.0,7,26.0,6.0
2,38,16,2.8,10.044495449389617,0.0,7,26.0,6.0
2,38,17,2.8,11.407162069637815,0.0,7,26.0,6.0
2,38,18,2.8,12.331146666595123,0.0,7,26.0,6.0
2,38,19,2.8,12.304688043702189,0.0,7,26.0,6.0
2,38,20,2.8,13.041706121411579,0.0,7,26.0,6.0
2,38,21,2.8,9.523786806095952,0.0,7,26.0,6.0
2,38,22,2.0,11.5599358702213,0.0,7,26.0,6.0
2,38,23,2.2,12.35787575528347,0.0,7,26.0,6.0
2,38,24,2.0,22.85332060879943,0.0,4,26.0,6.0
3,38,1,2.8,9.391114262726804,0.0,7,26.0,6.0
3,38,2,2.8,12.267743896964342,0.0,7,26.0,6.0
3,38,3,2.8,11.996839310211723,0.0,7,26.0,6.0
3,38,4,2.8,9.984594755603176,0.0,7,26.0,6.0
3,38,5,2.8,9.657978968508548,0.0,7,26.0,6.0
3,38,6,2.8,9.758707531432762,0.0,7,26.0,6.0
3,38,7,2.8,9.180970965230737,0.0,7,26.0,6.0
3,38,8,3.4,9.522732167248185,0.125,7,26.0,6.0
3,38,9,3.8,9.279583385653714,0.2222222222222222,7,26.0,6.0
3,38,10,2.8,10.908434728975536,0.0,7,26.0,6.0
3,38,11,2.8,10.791818920352378,0.0,7,26.0,6.0
3,38,12,3.4,8.065913043729614,0.125,7,26.0,6.0
3,38,13,2.8,13.363198952116598,0.0,7,26.0,6.0
3,38,14,2.8,10.191602446486826,0.0,7,26.0,6.0
3,38,15,2.8,13.427185041870946,0.0,7,26.0,6.0
3,38,16,2.8,14.36448121985647,0.0,7,26.0,6.0
3,38,17,2.8,10.728868259301853,0.0,7,26.0,6.0
3,38,18,2.6,11.162400779638276,0.0,7,26.0,6.0
3,38,19,2.2,21.578158410652765,0.0,7,26.0,6.0
3,38,20,2.8,9.123505635466579,0.125,7,26.0,6.0
3,38,21,2.4,12.394397155133122,0.0,7,26.0,6.0
3,38,22,3.0,9.81890998496904,0.125,7,26.0,6.0
1,39,1,2.8,17.515085990168018,0.0,7,26.0,6.0
1,39,2,2.8,12.330181000283883,0.0,7,26.0,6.0
1,39,3,2.8,13.77640119563662,0.0,7,26.0,6.0
1,39,4,2.8,9.61238188084986,0.0,7,26.0,6.0
1,39,5,2.8,10.471288297476132,0.0,7,26.0,6.0
1,39,6,3.0,9.451007213427301,0.125,7,26.0,6.0
1,39,7,2.2,14.661697718611478,0.0,7,26.0,6.0
1,39,8,2.4,13.107977830315233,0.125,7,26.0,6.0
1,39,9,2.4,10.209743786362242,0.0,7,26.0,6.0
1,39,10,2.4,17.529053226743287,0.0,7,26.0,6.0
1,39,11,2.4,16.424781071495655,0.0,7,26.0,6.0
1,39,12,2.4,14.997226156722043,0.125,7,26.0,6.0
1,39,13,2.8,12.981977209513737,0.0,7,26.0,6.0
1,39,14,2.8,12.878697375196081,0.0,7,26.0,6.0
1,39,15,2.4,15.210816111388432,0.0,7,26.0,6.0
1,39,16,2.6,11.875286274542095,0.125,7,26.0,6.0
1,39,17,3.4,9.404829787215323,0.125,7,26.0,6.0
1,39,18,2.8,16.12574537433747,0.0,7,26.0,6.0
1,39,19,2.8,9.305032354270745,0.0,7,26.0,6.0
1,39,20,2.8,8.516812879055736,0.0,7,26.0,6.0
1,39,21,2.8,11.312438224770185,0.0,7,26.0,6.0
1,39,22,2.8,9.318090811379761,0.0,7,26.0,6.0
1,39,23,2.8,9.43941729817989,0.0,7,26.0,6.0
2,39,1,2.8,13.03247606008092,0.0,7,26.0,6.0
2,39,2,2.8,12.048145294404527,0.0,7,26.0,6.0
2,39,3,3.0,12.44710860543571,0.0,7,26.0,6.0
2,39,4,2.8,11.95320180784071,0.0,7,26.0,6.0
2,39,5,2.8,9.267094006329478,0.0,7,26.0,6.0
2,39,6,2.8,12.186852609294057,0.0,7,26.0,6.0
2,39,7,2.2,14.305893529641601,0.0,7,26.0,6.0
2,39,8,2.0,19.380038804619304,0.0,7,26.0,6.0
2,39,9,2.8,11.543264271222606,0.0,7,26.0,6.0
2,39,10,2.0,15.750852340432134,0.0,7,26.0,6.0
2,39,11,2.4,16.18507630111121,0.0,7,26.0,6.0
2,39,12,2.8,8.984400303983952,0.0,7,26.0,6.0
2,39,13,2.8,14.828777202683337,0.0,7,26.0,6.0
2,39,14,2.8,13.574411798716161,0.0,7,26.0,6.0
2,39,15,2.8,11.65673263707475,0.0,7,26.0,6.0
2,39,16,2.8,10.404597462527036,0.0,7,26.0,6.0
2,39,17,2.8,10.520209065972617,0.0,7,26.0,6.0
2,39,18,2.8,11.838389606332807,0.0,7,26.0,6.0
2,39,19,2.8,11.267219026583719,0.0,7,26.0,6.0
2,39,20,2.8,15.586026586558134,0.0,7,26.0,6.0
2,39,21,2.8,10.386021401538306,0.0,7,26.0,6.0
2,39,22,1.6,14.494172860735837,0.0,7,26.0,6.0
2,39,23,2.0,14.812241689891897,0.0,7,26.0,6.0
2,39,24,2.5,10.875531806685537,0.2,4,26.0,6.0
3,39,1,2.8,10.071553359044257,0.0,7,26.0,6.0
3,39,2,2.6,13.489052204993014,0.0,7,26.0,6.0
3,39,3,2.8,13.417971642141687,0.0,7,26.0,6.0
3,39,4,2.8,9.304260395689395,0.0,7,26.0,6.0
3,39,5,3.2,8.384426784000741,0.125,7,26.0,6.0
3,39,6,2.6,10.65733752655441,0.0,7,26.0,6.0
3,39,7,3.2,8.863126101112123,0.125,7,26.0,6.0
3,39,8,2.4,13.647763278926504,0.0,7,26.0,6.0
3,39,9,3.6,9.368498093595512,0.2222222222222222,7,26.0,6.0
3,39,10,2.8,10.666899723356577,0.0,7,26.0,6.0
3,39,11,2.8,13.372485922244193,0.0,7,26.0,6.0
3,39,12,2.8,11.415545213394397,0.0,7,26.0,6.0
3,39,13,2.8,10.310045062136151,0.0,7,26.0,6.0
3,39,14,2.8,10.016525469250222,0.0,7,26.0,6.0
3,39,15,2.8,15.781714337700992,0.0,7,26.0,6.0
3,39,16,2.8,11.745630533875751,0.0,7,26.0,6.0
3,39,17,2.8,14.076891987325949,0.0,7,26.0,6.0
3,39,18,2.8,12.743963030502046,0.0,7,26.0,6.0
3,39,19,2.2,14.903394452456846,0.0,7,26.0,6.0
3,39,20,2.2,16.74973498601703,0.0,7,26.0,6.0
3,39,21,2.6,9.652321771416219,0.0,7,26.0,6.0
3,39,22,2.4,10.97453330567766,0.0,7,26.0,6.0
3,39,23,2.4,15.252898423434672,0.0,6,26.0,6.0
1,40,1,2.8,17.31379083895686,0.0,7,26.0,6.0
1,40,2,2.8,13.39945785918616,0.0,7,26.0,6.0
1,40,3,2.8,14.540987288866793,0.0,7,26.0,6.0
1,40,4,2.8,9.705269697939311,0.0,7,26.0,6.0
1,40,5,2.8,11.945003752320543,0.0,7,26.0,6.0
1,40,6,2.8,11.018886374579234,0.125,7,26.0,6.0
1,40,7,2.4,11.24825580651625,0.0,7,26.0,6.0
1,40,8,2.4,13.194078174543186,0.0,7,26.0,6.0
1,40,9,2.8,11.325947728550664,0.0,7,26.0,6.0
1,40,10,2.8,12.384725450120968,0.125,7,26.0,6.0
1,40,11,2.0,17.86190447611021,0.0,7,26.0,6.0
1,40,12,2.8,12.256453625307064,0.125,7,26.0,6.0
1,40,13,3.0,12.625704713395537,0.125,7,26.0,6.0
1,40,14,2.4,12.196488292677534,0.0,7,26.0,6.0
1,40,15,2.0,20.65539403939167,0.0,7,26.0,6.0
1,40,16,2.8,12.065252290603658,0.125,7,26.0,6.0
1,40,17,2.6,17.275427399619268,0.0,7,26.0,6.0
1,40,18,2.8,14.168874355811008,0.0,7,26.0,6.0
1,40,19,2.8,8.992680648054762,0.0,7,26.0,6.0
1,40,20,2.8,11.665934771342716,0.0,7,26.0,6.0
1,40,21,2.8,11.041806206082317,0.0,7,26.0,6.0
1,40,22,2.8,10.859372781848759,0.0,7,26.0,6.0
1,40,23,2.8,8.899753944970637,0.0,7,26.0,6.0
2,40,1,2.8,12.323474994086943,0.0,7,26.0,6.0
2,40,2,2.8,11.047109331481522,0.0,7,26.0,6.0
2,40,3,2.8,12.72780603851298,0.0,7,26.0,6.0
2,40,4,2.8,9.175472073670317,0.0,7,26.0,6.0
2,40,5,2.8,9.008584469479509,0.0,7,26.0,6.0
2,40,6,2.8,11.236606473175767,0.0,7,26.0,6.0
2,40,7,2.2,13.298218367683328,0.0,7,26.0,6.0
2,40,8,3.0,10.593463618802847,0.125,7,26.0,6.0
2,40,9,2.2,13.473598024561865,0.0,7,26.0,6.0
2,40,10,2.2,15.866558459663834,0.0,7,26.0,6.0
2,40,11,2.4,15.505780958921921,0.0,7,26.0,6.0
2,40,12,2.6,9.471785241679152,0.0,7,26.0,6.0
2,40,13,2.8,10.103635874699217,0.0,7,26.0,6.0
2,40,14,2.8,11.688404194126303,0.0,7,26.0,6.0
2,40,15,2.8,11.406611245931588,0.0,7,26.0,6.0
2,40,16,2.8,10.06169343190953,0.0,7,26.0,6.0
2,40,17,2.8,11.49749114204246,0.0,7,26.0,6.0
2,40,18,2.8,12.373087426732138,0.0,7,26.0,6.0
2,40,19,2.8,10.046127636071638,0.0,7,26.0,6.0
2,40,20,3.0,12.03196983396466,0.0,7,26.0,6.0
2,40,21,2.6,10.986495962905824,0.0,7,26.0,6.0
2,40,22,2.2,9.89312327452732,0.0,7,26.0,6.0
2,40,23,3.0,11.915799114372536,0.125,7,26.0,6.0
3,40,1,2.8,10.071553359044257,0.0,7,26.0,6.0
3,40,2,2.8,11.190354305369212,0.0,7,26.0,6.0
3,40,3,2.6,14.573426472624256,0.0,7,26.0,6.0
3,40,4,2.8,9.137454525175173,0.0,7,26.0,6.0
3,40,5,3.2,7.876910319905561,0.125,7,26.0,6.0
3,40,6,2.6,9.995487919045587,0.0,7,26.0,6.0
3,40,7,3.2,8.004728930022736,0.125,7,26.0,6.0
3,40,8,2.4,13.205746558261733,0.0,7,26.0,6.0
3,40,9,2.8,12.400919336927387,0.0,7,26.0,6.0
3,40,10,2.8,11.108580915188186,0.0,7,26.0,6.0
3,40,11,2.8,10.544651985414387,0.0,7,26.0,6.0
3,40,12,2.8,12.989024200065927,0.0,7,26.0,6.0
3,40,13,2.8,9.145180386663938,0.0,7,26.0,6.0
3,40,14,2.8,9.855567937266073,0.0,7,26.0,6.0
3,40,15,2.8,14.783599255645228,0.0,7,26.0,6.0
3,40,16,2.8,12.251163955937963,0.0,7,26.0,6.0
3,40,17,2.8,13.613037850111782,0.0,7,26.0,6.0
3,40,18,2.8,11.352903252772329,0.0,7,26.0,6.0
3,40,19,2.8,11.596571188382692,0.0,7,26.0,6.0
3,40,20,2.0,19.021453722827296,0.0,7,26.0,6.0
3,40,21,2.8,9.042412877969937,0.125,7,26.0,6.0
3,40,22,2.4,11.498392321397915,0.0,7,26.0,6.0
3,40,23,2.6,11.366516980301705,0.16666666666666666,5,26.0,6.0
1,41,1,2.8,14.414684031314883,0.0,7,26.0,6.0
1,41,2,2.8,14.530290824542044,0.0,7,26.0,6.0
1,41,3,2.8,11.512868991799008,0.0,7,26.0,6.0
1,41,4,2.8,11.45844707917553,0.0,7,26.0,6.0
1,41,5,2.8,11.047181206735857,0.0,7,26.0,6.0
1,41,6,2.0,16.025399495512556,0.0,7,26.0,6.0
1,41,7,2.2,17.0247784484532,0.0,7,26.0,6.0
1,41,8,2.0,14.66607886979982,0.0,7,26.0,6.0
1,41,9,2.6,15.451320232994092,0.0,7,26.0,6.0
1,41,10,2.2,12.978243140201059,0.0,7,26.0,6.0
1,41,11,2.8,12.269376570282471,0.125,7,26.0,6.0
1,41,12,2.4,13.656419908154872,0.125,7,26.0,6.0
1,41,13,1.8,23.78093885175545,0.0,7,26.0,6.0
1,41,14,2.4,21.616504907693567,0.0,7,26.0,6.0
1,41,15,2.8,12.17460789410779,0.0,7,26.0,6.0
1,41,16,2.2,15.088989829194569,0.0,7,26.0,6.0
1,41,17,2.8,12.017131130864652,0.125,7,26.0,6.0
1,41,18,3.4,9.76013695512939,0.125,7,26.0,6.0
1,41,19,2.8,13.024584173563913,0.0,7,26.0,6.0
1,41,20,2.8,9.949293360302466,0.0,7,26.0,6.0
1,41,21,2.8,11.475004401905553,0.0,7,26.0,6.0
1,41,22,2.8,14.208054908149053,0.0,7,26.0,6.0
1,41,23,2.8,9.15502846364426,0.0,7,26.0,6.0
1,41,24,2.8,10.266652086371016,0.0,7,26.0,6.0
2,41,1,2.8,13.612600316455941,0.0,7,26.0,6.0
2,41,2,2.8,10.909178378994685,0.0,7,26.0,6.0
2,41,3,3.6,9.714988409098503,0.125,7,26.0,6.0
2,41,4,2.8,9.538221612233889,0.0,7,26.0,6.0
2,41,5,2.8,9.712534437992202,0.0,7,26.0,6.0
2,41,6,2.8,10.374923965940802,0.0,7,26.0,6.0
2,41,7,2.2,14.362744760433625,0.0,7,26.0,6.0
2,41,8,2.0,14.540990471227818,0.0,7,26.0,6.0
2,41,9,2.6,11.373244755751838,0.0,7,26.0,6.0
2,41,10,2.4,14.44637567432397,0.0,7,26.0,6.0
2,41,11,3.2,10.38456974269039,0.125,7,26.0,6.0
2,41,12,3.0,10.20835446166767,0.125,7,26.0,6.0
2,41,13,2.8,10.995184084017858,0.0,7,26.0,6.0
2,41,14,2.8,12.326143354765035,0.0,7,26.0,6.0
2,41,15,2.8,10.249979031739725,0.0,7,26.0,6.0
2,41,16,2.8,10.073552451773626,0.0,7,26.0,6.0
2,41,17,2.8,13.036287186939287,0.0,7,26.0,6.0
2,41,18,2.8,11.411966623826277,0.0,7,26.0,6.0
2,41,19,2.8,11.691948650395503,0.0,7,26.0,6.0
2,41,20,2.8,10.944598915690475,0.0,7,26.0,6.0
2,41,21,2.6,8.645817075014227,0.0,7,26.0,6.0
2,41,22,1.8,14.504316181497426,0.0,7,26.0,6.0
2,41,23,2.2,14.05573423262165,0.16666666666666666,5,26.0,6.0
3,41,1,2.8,10.687530911977738,0.0,7,26.0,6.0
3,41,2,2.6,12.496834537447691,0.0,7,26.0,6.0
3,41,3,2.8,12.5121246008186,0.0,7,26.0,6.0
3,41,4,2.8,10.204651117956958,0.0,7,26.0,6.0
3,41,5,3.2,8.858010976375136,0.125,7,26.0,6.0
3,41,6,2.6,10.094471194750621,0.0,7,26.0,6.0
3,41,7,3.2,9.224032443577038,0.125,7,26.0,6.0
3,41,8,2.6,11.738227190518481,0.0,7,26.0,6.0
3,41,9,3.8,10.282288730009574,0.2222222222222222,7,26.0,6.0
3,41,10,2.8,10.001848978878252,0.0,7,26.0,6.0
3,41,11,2.8,13.880787428286727,0.0,7,26.0,6.0
3,41,12,3.4,7.379528519653532,0.125,7,26.0,6.0
3,41,13,2.8,11.219457078156402,0.0,7,26.0,6.0
3,41,14,2.8,10.924361312501741,0.0,7,26.0,6.0
3,41,15,2.8,14.03368541833489,0.0,7,26.0,6.0
3,41,16,2.8,14.542729703508813,0.0,7,26.0,6.0
3,41,17,2.8,13.363272494058638,0.0,7,26.0,6.0
3,41,18,2.8,12.305067959907015,0.0,7,26.0,6.0
3,41,19,2.6,12.199549840203812,0.0,7,26.0,6.0
3,41,20,3.2,7.818880786369248,0.125,7,26.0,6.0
3,41,21,2.4,10.528501670710586,0.0,7,26.0,6.0
3,41,22,2.4,13.590503787682476,0.0,7,26.0,6.0
1,42,1,2.8,13.819647696570437,0.0,7,26.0,6.0
1,42,2,2.8,14.963253510029046,0.0,7,26.0,6.0
1,42,3,2.8,12.439760886008962,0.0,7,26.0,6.0
1,42,4,2.8,9.752390080651185,0.0,7,26.0,6.0
1,42,5,2.8,10.222598293343065,0.0,7,26.0,6.0
1,42,6,2.4,13.522418286928215,0.125,7,26.0,6.0
1,42,7,2.0,19.951175641806653,0.0,7,26.0,6.0
1,42,8,3.0,8.537905988602569,0.125,7,26.0,6.0
1,42,9,2.2,14.043390943041652,0.0,7,26.0,6.0
1,42,10,3.0,11.64695517950094,0.125,7,26.0,6.0
1,42,11,2.2,15.362423546570932,0.0,7,26.0,6.0
1,42,12,2.2,19.352301295178584,0.0,7,26.0,6.0
1,42,13,2.0,17.2698134883146,0.0,7,26.0,6.0
1,42,14,2.6,14.322191590568975,0.0,7,26.0,6.0
1,42,15,2.8,10.19793243082213,0.0,7,26.0,6.0
1,42,16,1.8,24.056570088842882,0.0,7,26.0,6.0
1,42,17,4.4,7.061038474302094,0.3,7,26.0,6.0
1,42,18,2.8,10.848464376985058,0.0,7,26.0,6.0
1,42,19,2.8,8.985355407799307,0.0,7,26.0,6.0
1,42,20,2.8,11.214463962161847,0.0,7,26.0,6.0
1,42,21,2.8,13.144949773085829,0.0,7,26.0,6.0
1,42,22,2.8,12.668507505299527,0.0,7,26.0,6.0
1,42,23,2.8,10.852045898876119,0.0,7,26.0,6.0
1,42,24,2.0,13.722546180052706,0.0,4,26.0,6.0
2,42,1,2.8,13.704103452019753,0.0,7,26.0,6.0
2,42,2,2.8,11.635569865740843,0.0,7,26.0,6.0
2,42,3,3.6,9.053475321905372,0.125,7,26.0,6.0
2,42,4,2.8,10.651134238387453,0.0,7,26.0,6.0
2,42,5,2.8,10.927218203853664,0.0,7,26.0,6.0
2,42,6,2.4,11.615199140859259,0.0,7,26.0,6.0
2,42,7,2.0,17.162932017617194,0.0,7,26.0,6.0
2,42,8,2.4,10.36898460085788,0.0,7,26.0,6.0
2,42,9,2.6,11.01458768016625,0.0,7,26.0,6.0
2,42,10,2.2,16.87333848600862,0.0,7,26.0,6.0
2,42,11,2.4,15.704857761275488,0.0,7,26.0,6.0
2,42,12,3.8,7.102069778001808,0.2222222222222222,7,26.0,6.0
2,42,13,2.8,12.228554478983607,0.0,7,26.0,6.0
2,42,14,2.8,11.41035750229359,0.0,7,26.0,6.0
2,42,15,2.8,11.595160975498247,0.0,7,26.0,6.0
2,42,16,2.8,8.735342805974126,0.0,7,26.0,6.0
2,42,17,2.8,12.236888461771445,0.0,7,26.0,6.0
2,42,18,2.8,12.690224568311118,0.0,7,26.0,6.0
2,42,19,2.8,12.82570667488631,0.0,7,26.0,6.0
2,42,20,3.0,9.22869699134653,0.0,7,26.0,6.0
2,42,21,2.2,11.067283302470656,0.0,7,26.0,6.0
2,42,22,1.8,14.78642887558894,0.0,7,26.0,6.0
2,42,23,2.8,11.280822832021371,0.0,7,26.0,6.0
3,42,1,2.8,9.612509443537142,0.0,7,26.0,6.0
3,42,2,2.8,12.317155406013386,0.0,7,26.0,6.0
3,42,3,2.8,13.388729875044355,0.0,7,26.0,6.0
3,42,4,2.8,10.757291450463313,0.0,7,26.0,6.0
3,42,5,2.8,10.054921798102667,0.0,7,26.0,6.0
3,42,6,2.8,9.355662463246897,0.0,7,26.0,6.0
3,42,7,2.8,9.406903239184125,0.0,7,26.0,6.0
3,42,8,3.4,9.097778872076676,0.125,7,26.0,6.0
3,42,9,2.8,14.803135029333303,0.0,7,26.0,6.0
3,42,10,2.8,10.129008676934829,0.0,7,26.0,6.0
3,42,11,2.8,11.991284918700485,0.0,7,26.0,6.0
3,42,12,2.8,11.45173514535368,0.0,7,26.0,6.0
3,42,13,2.8,9.31260891197209,0.0,7,26.0,6.0
3,42,14,2.8,9.973849528186873,0.0,7,26.0,6.0
3,42,15,2.8,16.775541884603086,0.0,7,26.0,6.0
3,42,16,2.8,10.313866234951625,0.0,7,26.0,6.0
3,42,17,2.8,12.62039207607121,0.0,7,26.0,6.0
3,42,18,2.8,11.68962450636003,0.0,7,26.0,6.0
3,42,19,2.4,15.2718574018195,0.0,7,26.0,6.0
3,42,20,2.4,12.304033046329376,0.0,7,26.0,6.0
3,42,21,3.0,8.4850108145334,0.125,7,26.0,6.0
3,42,22,2.6,12.146539603142081,0.0,7,26.0,6.0
3,42,23,2.0,15.501189416394464,0.0,4,26.0,6.0
1,43,1,2.8,16.240567553401767,0.0,7,26.0,6.0
1,43,2,2.8,13.550107764360042,0.0,7,26.0,6.0
1,43,3,2.8,12.018004001846752,0.0,7,26.0,6.0
1,43,4,2.8,9.551438203009177,0.0,7,26.0,6.0
1,43,5,2.8,11.781527447740045,0.0,7,26.0,6.0
1,43,6,2.4,12.332435808293514,0.125,7,26.0,6.0
1,43,7,2.0,18.148568816250172,0.0,7,26.0,6.0
1,43,8,2.6,10.364202415233407,0.125,7,26.0,6.0
1,43,9,1.8,29.718428175513523,0.0,7,26.0,6.0
1,43,10,2.2,13.034387406222853,0.0,7,26.0,6.0
1,43,11,2.6,17.315324860267165,0.0,7,26.0,6.0
1,43,12,3.0,10.2428700186683,0.125,7,26.0,6.0
1,43,13,2.2,19.072833827670085,0.0,7,26.0,6.0
1,43,14,3.2,11.934924491294131,0.125,7,26.0,6.0
1,43,15,2.4,14.92263394538604,0.0,7,26.0,6.0
1,43,16,1.8,31.969325750916152,0.0,7,26.0,6.0
1,43,17,3.8,8.376082688496188,0.2222222222222222,7,26.0,6.0
1,43,18,2.8,11.099478345097662,0.0,7,26.0,6.0
1,43,19,2.8,11.168304203747917,0.0,7,26.0,6.0
1,43,20,2.8,9.68134499494559,0.0,7,26.0,6.0
1,43,21,2.8,10.064744561870393,0.0,7,26.0,6.0
1,43,22,2.8,12.417520400551211,0.0,7,26.0,6.0
1,43,23,2.8,10.228152359863104,0.0,7,26.0,6.0
1,43,24,2.2,13.693513105742886,0.0,5,26.0,6.0
2,43,1,2.8,13.374461395329648,0.0,7,26.0,6.0
2,43,2,2.8,11.88426990271859,0.0,7,26.0,6.0
2,43,3,3.6,9.474204195467271,0.125,7,26.0,6.0
2,43,4,2.8,10.240942760749757,0.0,7,26.0,6.0
2,43,5,2.8,9.47187034475838,0.0,7,26.0,6.0
2,43,6,2.6,10.707131659880927,0.0,7,26.0,6.0
2,43,7,2.2,15.430198052830281,0.0,7,26.0,6.0
2,43,8,2.6,11.349034499577009,0.125,7,26.0,6.0
2,43,9,2.2,13.988826070622265,0.0,7,26.0,6.0
2,43,10,2.4,13.43118805531149,0.0,7,26.0,6.0
2,43,11,3.2,10.545719717272657,0.125,7,26.0,6.0
2,43,12,2.4,14.702569764678117,0.0,7,26.0,6.0
2,43,13,2.8,12.837978489024579,0.0,7,26.0,6.0
2,43,14,2.8,13.011121559285987,0.0,7,26.0,6.0
2,43,15,2.8,11.736396801238163,0.0,7,26.0,6.0
2,43,16,2.8,8.808152713757874,0.0,7,26.0,6.0
2,43,17,2.8,11.319447768417277,0.0,7,26.0,6.0
2,43,18,2.8,10.736782809735667,0.0,7,26.0,6.0
2,43,19,2.8,12.241374140084854,0.0,7,26.0,6.0
2,43,20,2.8,12.26679990013092,0.0,7,26.0,6.0
2,43,21,2.6,10.130655814228234,0.0,7,26.0,6.0
2,43,22,2.0,13.62204810159918,0.0,7,26.0,6.0
2,43,23,2.6,10.696007851991268,0.14285714285714285,6,26.0,6.0
3,43,1,2.8,9.765998146795432,0.0,7,26.0,6.0
3,43,2,2.8,11.463006326647335,0.0,7,26.0,6.0
3,43,3,2.8,10.095760525735912,0.0,7,26.0,6.0
3,43,4,2.8,10.033735001388933,0.0,7,26.0,6.0
3,43,5,2.8,9.989232621924534,0.0,7,26.0,6.0
3,43,6,2.8,9.530606576380158,0.0,7,26.0,6.0
3,43,7,2.8,10.996778313019082,0.0,7,26.0,6.0
3,43,8,3.4,9.53758204425172,0.125,7,26.0,6.0
3,43,9,4.0,8.803058716307548,0.2222222222222222,7,26.0,6.0
3,43,10,2.8,11.215263344491705,0.0,7,26.0,6.0
3,43,11,2.8,9.975703344269593,0.0,7,26.0,6.0
3,43,12,2.8,11.156979432954598,0.0,7,26.0,6.0
3,43,13,2.8,12.32752620828938,0.0,7,26.0,6.0
3,43,14,2.8,10.475308799077277,0.0,7,26.0,6.0
3,43,15,2.8,13.447429016073633,0.0,7,26.0,6.0
3,43,16,2.8,11.293485800467844,0.0,7,26.0,6.0
3,43,17,2.8,11.503360945460383,0.0,7,26.0,6.0
3,43,18,2.6,16.58627115547065,0.0,7,26.0,6.0
3,43,19,2.6,12.660695814566926,0.0,7,26.0,6.0
3,43,20,3.0,8.999714042345532,0.125,7,26.0,6.0
3,43,21,2.6,9.96239948159375,0.0,7,26.0,6.0
3,43,22,2.8,11.986224176929058,0.14285714285714285,6,26.0,6.0
1,44,1,2.8,14.695913339396846,0.0,7,26.0,6.0
1,44,2,2.8,15.827904868135697,0.0,7,26.0,6.0
1,44,3,2.8,13.11669326177001,0.0,7,26.0,6.0
1,44,4,2.8,11.329192819643902,0.0,7,26.0,6.0
1,44,5,2.8,11.690105827195449,0.0,7,26.0,6.0
1,44,6,2.0,16.41836104526224,0.0,7,26.0,6.0
1,44,7,2.2,12.960417131990036,0.0,7,26.0,6.0
1,44,8,1.8,15.146423002866914,0.0,7,26.0,6.0
1,44,9,2.8,15.773649926077434,0.0,7,26.0,6.0
1,44,10,2.2,14.235237605117415,0.0,7,26.0,6.0
1,44,11,2.6,14.841810667920411,0.0,7,26.0,6.0
1,44,12,2.6,12.544125443459135,0.0,7,26.0,6.0
1,44,13,2.8,15.374606970504733,0.0,7,26.0,6.0
1,44,14,2.6,15.382424160529444,0.0,7,26.0,6.0
1,44,15,2.8,11.52409496093842,0.0,7,26.0,6.0
1,44,16,2.0,16.070341034540014,0.0,7,26.0,6.0
1,44,17,4.0,9.496876175036464,0.2222222222222222,7,26.0,6.0
1,44,18,2.8,9.245517162240908,0.0,7,26.0,6.0
1,44,19,2.8,10.72946619375561,0.0,7,26.0,6.0
1,44,20,2.8,12.427497821978058,0.0,7,26.0,6.0
1,44,21,2.8,11.949847742018676,0.0,7,26.0,6.0
1,44,22,2.8,12.057209235658657,0.0,7,26.0,6.0
1,44,23,2.8,10.676683566271961,0.0,7,26.0,6.0
1,44,24,2.25,11.735466588944062,0.0,4,26.0,6.0
2,44,1,2.8,13.374461395329648,0.0,7,26.0,6.0
2,44,2,2.8,11.547694743014345,0.0,7,26.0,6.0
2,44,3,3.0,13.19924866659219,0.0,7,26.0,6.0
2,44,4,2.8,10.755092958479372,0.0,7,26.0,6.0
2,44,5,2.8,9.021059169227211,0.0,7,26.0,6.0
2,44,6,2.8,11.002946356904545,0.0,7,26.0,6.0
2,44,7,2.2,14.648528744430092,0.0,7,26.0,6.0
2,44,8,3.2,9.459152402019173,0.125,7,26.0,6.0
2,44,9,2.0,16.93193042240704,0.0,7,26.0,6.0
2,44,10,2.4,12.523616005289183,0.0,7,26.0,6.0
2,44,11,2.8,10.854056277470981,0.0,7,26.0,6.0
2,44,12,2.6,11.145062649783027,0.0,7,26.0,6.0
2,44,13,2.8,11.119385282506334,0.0,7,26.0,6.0
2,44,14,2.8,11.128754549963602,0.0,7,26.0,6.0
2,44,15,2.8,10.372499275138345,0.0,7,26.0,6.0
2,44,16,2.8,9.153661732256523,0.0,7,26.0,6.0
2,44,17,2.8,11.731894439390095,0.0,7,26.0,6.0
2,44,18,2.8,11.661782960796986,0.0,7,26.0,6.0
2,44,19,2.8,13.024488134634636,0.0,7,26.0,6.0
2,44,20,2.8,11.7984829023787,0.0,7,26.0,6.0
2,44,21,2.4,9.982657039698617,0.0,7,26.0,6.0
2,44,22,2.0,12.588868979016596,0.0,7,26.0,6.0
2,44,23,3.0,10.81203471955647,0.14285714285714285,6,26.0,6.0
3,44,1,2.8,10.540184828233528,0.0,7,26.0,6.0
3,44,2,2.8,11.377708819594476,0.0,7,26.0,6.0
3,44,3,2.6,11.976518026009545,0.0,7,26.0,6.0
3,44,4,2.8,10.020737647930561,0.0,7,26.0,6.0
3,44,5,2.6,12.434712265072422,0.0,7,26.0,6.0
3,44,6,2.8,9.435710543214375,0.0,7,26.0,6.0
3,44,7,2.8,10.81583910194125,0.0,7,26.0,6.0
3,44,8,2.8,13.21607796240153,0.0,7,26.0,6.0
3,44,9,2.8,10.916886029689776,0.0,7,26.0,6.0
3,44,10,2.8,11.25934858997556,0.0,7,26.0,6.0
3,44,11,2.8,12.50534487785635,0.0,7,26.0,6.0
3,44,12,2.8,9.883493076296183,0.0,7,26.0,6.0
3,44,13,2.8,9.319687077565384,0.0,7,26.0,6.0
3,44,14,2.8,12.59232486931897,0.0,7,26.0,6.0
3,44,15,2.8,11.715712615039203,0.0,7,26.0,6.0
3,44,16,2.8,14.281285594595015,0.0,7,26.0,6.0
3,44,17,2.8,14.834294148696912,0.0,7,26.0,6.0
3,44,18,2.8,12.241017586729901,0.0,7,26.0,6.0
3,44,19,2.4,14.13236788603044,0.0,7,26.0,6.0
3,44,20,2.4,14.391018102564765,0.0,7,26.0,6.0
3,44,21,2.6,11.003894649262131,0.0,7,26.0,6.0
3,44,22,2.4,11.070735754373183,0.0,7,26.0,6.0
3,44,23,3.0,9.268367009912309,0.125,7,26.0,6.0
1,45,1,2.8,17.165829890092652,0.0,7,26.0,6.0
1,45,2,2.8,14.49533886240857,0.0,7,26.0,6.0
1,45,3,2.8,12.388612307055205,0.0,7,26.0,6.0
1,45,4,2.8,10.12943491963162,0.0,7,26.0,6.0
1,45,5,2.8,10.2924389749287,0.0,7,26.0,6.0
1,45,6,2.4,10.616074232354697,0.125,7,26.0,6.0
1,45,7,2.2,13.465899570793962,0.0,7,26.0,6.0
1,45,8,2.2,14.446979879888355,0.0,7,26.0,6.0
1,45,9,2.6,11.969741905688965,0.0,7,26.0,6.0
1,45,10,2.2,12.787130767468593,0.0,7,26.0,6.0
1,45,11,2.6,14.687086603401822,0.125,7,26.0,6.0
1,45,12,2.4,12.54691627870646,0.125,7,26.0,6.0
1,45,13,2.4,18.040981561060327,0.0,7,26.0,6.0
1,45,14,2.6,13.30990540924683,0.0,7,26.0,6.0
1,45,15,2.4,12.815457708610712,0.0,7,26.0,6.0
1,45,16,2.0,34.079692744469746,0.0,7,26.0,6.0
1,45,17,3.6,9.427493561346152,0.2222222222222222,7,26.0,6.0
1,45,18,2.8,11.08962725076453,0.0,7,26.0,6.0
1,45,19,2.8,13.272866986184498,0.0,7,26.0,6.0
1,45,20,2.8,9.617615448301668,0.0,7,26.0,6.0
1,45,21,2.8,9.897905258824132,0.0,7,26.0,6.0
1,45,22,2.8,13.12150330017892,0.0,7,26.0,6.0
1,45,23,2.8,9.98290774350676,0.0,7,26.0,6.0
1,45,24,2.6,9.7653725668888,0.0,6,26.0,6.0
2,45,1,2.8,14.347036619945499,0.0,7,26.0,6.0
2,45,2,2.8,10.812746403272042,0.0,7,26.0,6.0
2,45,3,3.6,11.210817024944811,0.125,7,26.0,6.0
2,45,4,2.8,9.893075500353492,0.0,7,26.0,6.0
2,45,5,2.8,9.759026985692776,0.0,7,26.0,6.0
2,45,6,2.6,11.238336391280065,0.0,7,26.0,6.0
2,45,7,2.2,13.701805794365825,0.0,7,26.0,6.0
2,45,8,2.2,16.079735116076186,0.0,7,26.0,6.0
2,45,9,2.4,12.928134877487281,0.0,7,26.0,6.0
2,45,10,2.6,11.582577273908194,0.0,7,26.0,6.0
2,45,11,2.2,15.966100115414045,0.0,7,26.0,6.0
2,45,12,3.6,7.722628609808087,0.2222222222222222,7,26.0,6.0
2,45,13,2.8,12.737916446223652,0.0,7,26.0,6.0
2,45,14,2.8,11.968576699196554,0.0,7,26.0,6.0
2,45,15,2.8,11.911306634492133,0.0,7,26.0,6.0
2,45,16,2.8,9.43615449923916,0.0,7,26.0,6.0
2,45,17,2.8,11.351163304283672,0.0,7,26.0,6.0
2,45,18,2.8,11.853976214211011,0.0,7,26.0,6.0
2,45,19,2.8,11.810280460466231,0.0,7,26.0,6.0
2,45,20,3.0,10.791972188245975,0.0,7,26.0,6.0
2,45,21,2.2,11.724999526634576,0.0,7,26.0,6.0
2,45,22,1.8,15.901278634278974,0.0,7,26.0,6.0
2,45,23,2.8,12.632179749039565,0.125,7,26.0,6.0
3,45,1,2.8,12.104727890236942,0.0,7,26.0,6.0
3,45,2,2.8,11.252116441705782,0.0,7,26.0,6.0
3,45,3,2.8,11.414699024708435,0.0,7,26.0,6.0
3,45,4,2.8,10.795265705873124,0.0,7,26.0,6.0
3,45,5,2.8,10.155091594841942,0.0,7,26.0,6.0
3,45,6,2.8,9.327127622068826,0.0,7,26.0,6.0
3,45,7,2.8,10.15673724370522,0.0,7,26.0,6.0
3,45,8,3.4,9.070793175241446,0.125,7,26.0,6.0
3,45,9,2.8,17.124124092441168,0.0,7,26.0,6.0
3,45,10,2.8,10.530106728407752,0.0,7,26.0,6.0
3,45,11,2.8,11.099089607579248,0.0,7,26.0,6.0
3,45,12,2.8,11.943725737341946,0.0,7,26.0,6.0
3,45,13,2.8,11.064751131128357,0.0,7,26.0,6.0
3,45,14,2.8,10.559313840042567,0.0,7,26.0,6.0
3,45,15,2.8,14.041150902029901,0.0,7,26.0,6.0
3,45,16,2.8,10.454910292183255,0.0,7,26.0,6.0
3,45,17,2.8,14.007810093050216,0.0,7,26.0,6.0
3,45,18,2.8,10.996078414148739,0.0,7,26.0,6.0
3,45,19,2.4,13.457315305121746,0.0,7,26.0,6.0
3,45,20,2.4,12.955614184381975,0.0,7,26.0,6.0
3,45,21,3.0,8.300758413025822,0.125,7,26.0,6.0
3,45,22,2.6,10.001381445506759,0.0,7,26.0,6.0
3,45,23,2.0,17.189373400313862,0.0,4,26.0,6.0
1,46,1,2.8,16.372946272845482,0.0,7,26.0,6.0
1,46,2,2.8,13.550107764360042,0.0,7,26.0,6.0
1,46,3,2.8,11.360931681861548,0.0,7,26.0,6.0
1,46,4,2.8,9.643146294997868,0.0,7,26.0,6.0
1,46,5,2.8,10.926990147777564,0.0,7,26.0,6.0
1,46,6,3.0,8.972551386708659,0.125,7,26.0,6.0
1,46,7,2.2,13.726565417000238,0.0,7,26.0,6.0
1,46,8,2.4,11.594710241868958,0.125,7,26.0,6.0
1,46,9,2.2,12.29649895171956,0.0,7,26.0,6.0
1,46,10,3.2,10.50603333382109,0.125,7,26.0,6.0
1,46,11,2.0,14.74985127976202,0.0,7,26.0,6.0
1,46,12,2.4,18.3635843839039,0.0,7,26.0,6.0
1,46,13,3.2,12.94277710732884,0.125,7,26.0,6.0
1,46,14,2.2,18.158568424143557,0.0,7,26.0,6.0
1,46,15,2.0,20.05439531828056,0.0,7,26.0,6.0
1,46,16,2.6,10.445596957893368,0.125,7,26.0,6.0
1,46,17,2.8,17.79529188231512,0.0,7,26.0,6.0
1,46,18,2.8,11.337664556462089,0.0,7,26.0,6.0
1,46,19,2.8,10.010900773237909,0.0,7,26.0,6.0
1,46,20,2.8,10.376567724027536,0.0,7,26.0,6.0
1,46,21,2.8,10.164560306347436,0.0,7,26.0,6.0
1,46,22,2.8,11.156838507901023,0.0,7,26.0,6.0
1,46,23,2.8,11.385125100822263,0.0,7,26.0,6.0
1,46,24,2.0,12.802360127643288,0.0,5,26.0,6.0
2,46,1,2.8,13.673466028198703,0.0,7,26.0,6.0
2,46,2,2.8,11.525932964573682,0.0,7,26.0,6.0
2,46,3,3.6,9.474204195467271,0.125,7,26.0,6.0
2,46,4,2.8,10.344872377639854,0.0,7,26.0,6.0
2,46,5,2.8,9.560708611563136,0.0,7,26.0,6.0
2,46,6,2.4,12.391800245598382,0.0,7,26.0,6.0
2,46,7,2.2,17.42350723141527,0.0,7,26.0,6.0
2,46,8,2.4,10.502198193092745,0.0,7,26.0,6.0
2,46,9,2.4,12.928134877487281,0.0,7,26.0,6.0
2,46,10,2.2,14.685538326857676,0.0,7,26.0,6.0
2,46,11,2.4,16.64516044101559,0.0,7,26.0,6.0
2,46,12,2.8,8.689592240672969,0.125,7,26.0,6.0
2,46,13,3.4,11.658869167725685,0.125,7,26.0,6.0
2,46,14,2.8,12.647631943468946,0.0,7,26.0,6.0
2,46,15,2.8,12.000678466414861,0.0,7,26.0,6.0
2,46,16,2.8,10.05674214919198,0.0,7,26.0,6.0
2,46,17,2.8,12.78655618452904,0.0,7,26.0,6.0
2,46,18,2.8,13.055840923083181,0.0,7,26.0,6.0
2,46,19,2.8,14.105888769289015,0.0,7,26.0,6.0
2,46,20,2.8,10.430270140735672,0.0,7,26.0,6.0
2,46,21,2.4,11.026499096285493,0.0,7,26.0,6.0
2,46,22,2.0,12.115075121632396,0.0,7,26.0,6.0
2,46,23,2.4,13.359324323227472,0.0,7,26.0,6.0
3,46,1,2.8,10.414550078442028,0.0,7,26.0,6.0
3,46,2,2.8,12.170100728158843,0.0,7,26.0,6.0
3,46,3,2.8,10.095760525735988,0.0,7,26.0,6.0
3,46,4,2.8,10.553117932496159,0.0,7,26.0,6.0
3,46,5,2.8,10.309145252124626,0.0,7,26.0,6.0
3,46,6,2.8,9.298766314574022,0.0,7,26.0,6.0
3,46,7,2.8,11.036465331106948,0.0,7,26.0,6.0
3,46,8,2.8,13.962759762787702,0.0,7,26.0,6.0
3,46,9,2.8,11.136441165421207,0.0,7,26.0,6.0
3,46,10,2.8,10.39138375223361,0.0,7,26.0,6.0
3,46,11,2.8,10.313496330887034,0.0,7,26.0,6.0
3,46,12,3.6,8.371900927271861,0.125,7,26.0,6.0
3,46,13,2.8,10.362449400373402,0.0,7,26.0,6.0
3,46,14,2.8,10.016525469250148,0.0,7,26.0,6.0
3,46,15,2.8,13.914674543888527,0.0,7,26.0,6.0
3,46,16,2.8,12.263769178112312,0.0,7,26.0,6.0
3,46,17,2.8,13.457420124890323,0.0,7,26.0,6.0
3,46,18,2.8,11.306826390813411,0.0,7,26.0,6.0
3,46,19,2.4,16.109692570316728,0.0,7,26.0,6.0
3,46,20,2.4,13.811593665054868,0.0,7,26.0,6.0
3,46,21,2.8,8.892267548136948,0.125,7,26.0,6.0
3,46,22,2.8,10.986061639346618,0.125,7,26.0,6.0
1,47,1,2.8,14.077929994649473,0.0,7,26.0,6.0
1,47,2,2.8,12.483439241030197,0.0,7,26.0,6.0
1,47,3,2.8,12.212857634959121,0.0,7,26.0,6.0
1,47,4,2.8,10.762634683170875,0.0,7,26.0,6.0
1,47,5,2.8,11.128788361127997,0.0,7,26.0,6.0
1,47,6,2.0,14.045709061048024,0.0,7,26.0,6.0
1,47,7,2.4,11.442375159126984,0.0,7,26.0,6.0
1,47,8,2.0,13.46536885337853,0.0,7,26.0,6.0
1,47,9,2.8,14.022297289423534,0.0,7,26.0,6.0
1,47,10,2.0,13.123028692406375,0.0,7,26.0,6.0
1,47,11,2.8,18.318244096651792,0.0,7,26.0,6.0
1,47,12,2.6,13.935516773196044,0.0,7,26.0,6.0
1,47,13,2.4,13.272637990327686,0.0,7,26.0,6.0
1,47,14,2.8,15.335955884942193,0.0,7,26.0,6.0
1,47,15,2.6,12.640607048991244,0.0,7,26.0,6.0
1,47,16,1.8,20.324278558592127,0.0,7,26.0,6.0
1,47,17,2.6,12.323539162595043,0.0,7,26.0,6.0
1,47,18,2.8,13.382702397256313,0.0,7,26.0,6.0
1,47,19,2.8,11.823491921097629,0.0,7,26.0,6.0
1,47,20,2.8,9.524697201878842,0.0,7,26.0,6.0
1,47,21,2.8,9.90888576798392,0.0,7,26.0,6.0
1,47,22,2.8,15.894459545684164,0.0,7,26.0,6.0
1,47,23,2.8,11.154755080744824,0.0,7,26.0,6.0
1,47,24,2.8,8.875489556767034,0.0,7,26.0,6.0
2,47,1,2.8,13.144511227854982,0.0,7,26.0,6.0
2,47,2,2.8,9.934576813575239,0.0,7,26.0,6.0
2,47,3,3.0,12.44710860543571,0.0,7,26.0,6.0
2,47,4,2.8,11.883527305569837,0.0,7,26.0,6.0
2,47,5,2.8,9.211266796702716,0.0,7,26.0,6.0
2,47,6,2.8,10.128342085102888,0.0,7,26.0,6.0
2,47,7,2.4,13.894114656140328,0.0,7,26.0,6.0
2,47,8,2.6,10.050844370437048,0.0,7,26.0,6.0
2,47,9,2.4,14.787103821943388,0.0,7,26.0,6.0
2,47,10,2.4,13.058392688153164,0.0,7,26.0,6.0
2,47,11,2.4,12.438128446594916,0.0,7,26.0,6.0
2,47,12,2.8,9.335417312473858,0.0,7,26.0,6.0
2,47,13,2.8,14.25666667994902,0.0,7,26.0,6.0
2,47,14,2.8,11.687470406048096,0.0,7,26.0,6.0
2,47,15,2.8,11.450905893359767,0.0,7,26.0,6.0
2,47,16,2.8,9.612902656127844,0.0,7,26.0,6.0
2,47,17,2.8,10.34685439810663,0.0,7,26.0,6.0
2,47,18,2.8,13.421249015657647,0.0,7,26.0,6.0
2,47,19,2.8,11.970197149309886,0.0,7,26.0,6.0
2,47,20,2.8,13.420223828185357,0.0,7,26.0,6.0
2,47,21,2.4,11.037105736475723,0.0,7,26.0,6.0
2,47,22,1.8,13.12826712472255,0.0,7,26.0,6.0
2,47,23,2.6,10.471443642014611,0.0,7,26.0,6.0
3,47,1,2.8,9.27715621998849,0.0,7,26.0,6.0
3,47,2,2.8,11.109051820141534,0.0,7,26.0,6.0
3,47,3,2.8,12.286028876249745,0.0,7,26.0,6.0
3,47,4,2.8,10.833509016493586,0.0,7,26.0,6.0
3,47,5,2.8,11.014650028030482,0.0,7,26.0,6.0
3,47,6,2.8,9.355662463246832,0.0,7,26.0,6.0
3,47,7,2.8,10.224655400089455,0.0,7,26.0,6.0
3,47,8,2.8,10.599299917884053,0.0,7,26.0,6.0
3,47,9,2.8,11.757273074110246,0.0,7,26.0,6.0
3,47,10,2.8,10.589288331049744,0.0,7,26.0,6.0
3,47,11,2.8,11.806698668234544,0.0,7,26.0,6.0
3,47,12,3.6,8.28121681157247,0.125,7,26.0,6.0
3,47,13,2.8,10.189805469407032,0.0,7,26.0,6.0
3,47,14,2.8,10.890467667323211,0.0,7,26.0,6.0
3,47,15,2.8,14.042465289252066,0.0,7,26.0,6.0
3,47,16,2.8,11.836555820251801,0.0,7,26.0,6.0
3,47,17,2.8,14.442542440342546,0.0,7,26.0,6.0
3,47,18,2.8,11.476559046485297,0.0,7,26.0,6.0
3,47,19,2.4,14.643967225909952,0.0,7,26.0,6.0
3,47,20,2.6,11.59806335459296,0.0,7,26.0,6.0
3,47,21,3.0,9.286147789950196,0.125,7,26.0,6.0
3,47,22,2.4,11.402687521013938,0.0,7,26.0,6.0
1,48,1,2.8,14.278067444936324,0.0,7,26.0,6.0
1,48,2,2.8,14.35719649641056,0.0,7,26.0,6.0
1,48,3,2.8,14.71856905495862,0.0,7,26.0,6.0
1,48,4,2.8,9.929150376286236,0.0,7,26.0,6.0
1,48,5,2.8,11.644925016775218,0.0,7,26.0,6.0
1,48,6,2.0,17.16671284755915,0.0,7,26.0,6.0
1,48,7,2.2,12.425918783252655,0.0,7,26.0,6.0
1,48,8,1.8,15.658057962781943,0.0,7,26.0,6.0
1,48,9,2.8,15.101642330985467,0.125,7,26.0,6.0
1,48,10,2.4,10.833042706086347,0.0,7,26.0,6.0
1,48,11,2.8,15.452812231038735,0.125,7,26.0,6.0
1,48,12,2.4,12.968202499055462,0.125,7,26.0,6.0
1,48,13,1.8,21.317594406396893,0.0,7,26.0,6.0
1,48,14,2.6,19.029016057228812,0.0,7,26.0,6.0
1,48,15,2.8,10.915467848715,0.0,7,26.0,6.0
1,48,16,2.0,20.061100692481073,0.0,7,26.0,6.0
1,48,17,2.4,11.631388838427155,0.0,7,26.0,6.0
1,48,18,2.8,15.305889830678357,0.0,7,26.0,6.0
1,48,19,2.8,11.694203763771085,0.0,7,26.0,6.0
1,48,20,2.8,8.96592084278734,0.0,7,26.0,6.0
1,48,21,2.8,11.531984460853737,0.0,7,26.0,6.0
1,48,22,2.8,12.639897752151619,0.0,7,26.0,6.0
1,48,23,2.8,10.648293159627181,0.0,7,26.0,6.0
1,48,24,2.8,11.303737112302755,0.0,7,26.0,6.0
2,48,1,2.8,16.606415714011053,0.0,7,26.0,6.0
2,48,2,2.8,11.107296132061855,0.0,7,26.0,6.0
2,48,3,3.6,9.984604032433756,0.125,7,26.0,6.0
2,48,4,2.8,10.0889056841693,0.0,7,26.0,6.0
2,48,5,2.8,10.031126745320025,0.0,7,26.0,6.0
2,48,6,2.6,12.325433848679111,0.0,7,26.0,6.0
2,48,7,2.4,13.709497680037787,0.0,7,26.0,6.0
2,48,8,3.2,9.164922343087067,0.125,7,26.0,6.0
2,48,9,2.6,11.740963163160407,0.0,7,26.0,6.0
2,48,10,2.0,17.06008884488034,0.0,7,26.0,6.0
2,48,11,2.6,10.867938817954633,0.0,7,26.0,6.0
2,48,12,2.8,11.175059970116132,0.0,7,26.0,6.0
2,48,13,2.8,11.237610947915579,0.0,7,26.0,6.0
2,48,14,2.8,11.513979407107822,0.0,7,26.0,6.0
2,48,15,2.8,11.417147133130946,0.0,7,26.0,6.0
2,48,16,2.8,11.037010909419724,0.0,7,26.0,6.0
2,48,17,2.8,11.872247731247791,0.0,7,26.0,6.0
2,48,18,2.8,10.903357939901761,0.0,7,26.0,6.0
2,48,19,2.8,12.108603521480427,0.0,7,26.0,6.0
2,48,20,2.8,9.980201738218415,0.0,7,26.0,6.0
2,48,21,2.4,9.618042512307113,0.0,7,26.0,6.0
2,48,22,1.6,21.05352381326288,0.0,7,26.0,6.0
2,48,23,2.6,11.811434792278163,0.0,7,26.0,6.0
3,48,1,2.8,10.0220428980575,0.0,7,26.0,6.0
3,48,2,2.8,11.463006326647037,0.0,7,26.0,6.0
3,48,3,2.8,10.847823003703414,0.0,7,26.0,6.0
3,48,4,2.8,9.503639061707394,0.0,7,26.0,6.0
3,48,5,2.8,10.155091594841942,0.0,7,26.0,6.0
3,48,6,2.8,10.926817694027525,0.0,7,26.0,6.0
3,48,7,2.8,9.04519295199736,0.0,7,26.0,6.0
3,48,8,3.4,8.5151292703322,0.125,7,26.0,6.0
3,48,9,2.8,16.04590544923167,0.0,7,26.0,6.0
3,48,10,2.8,9.664833085864464,0.0,7,26.0,6.0
3,48,11,2.8,12.714179657467263,0.0,7,26.0,6.0
3,48,12,2.8,12.181611006346898,0.0,7,26.0,6.0
3,48,13,2.8,10.096655911168886,0.0,7,26.0,6.0
3,48,14,2.8,9.720230201720224,0.0,7,26.0,6.0
3,48,15,2.8,15.820873176424957,0.0,7,26.0,6.0
3,48,16,2.8,9.88065130485314,0.0,7,26.0,6.0
3,48,17,2.8,12.290694596671944,0.0,7,26.0,6.0
3,48,18,2.8,11.259234268431536,0.0,7,26.0,6.0
3,48,19,2.4,13.637352713031474,0.0,7,26.0,6.0
3,48,20,2.4,15.173360541085154,0.0,7,26.0,6.0
3,48,21,2.6,9.235475920924628,0.0,7,26.0,6.0
3,48,22,3.0,9.127172817284192,0.125,7,26.0,6.0
3,48,23,2.0,14.196857126459111,0.0,4,26.0,6.0
1,49,1,2.8,15.409949628553658,0.0,7,26.0,6.0
1,49,2,2.8,16.477083030922092,0.0,7,26.0,6.0
1,49,3,2.8,14.576160004730836,0.0,7,26.0,6.0
1,49,4,2.8,11.350532311797789,0.0,7,26.0,6.0
1,49,5,2.8,11.758538249910425,0.0,7,26.0,6.0
1,49,6,2.8,12.557318333658936,0.125,7,26.0,6.0
1,49,7,2.4,12.883561349989519,0.0,7,26.0,6.0
1,49,8,2.4,15.344252347714862,0.0,7,26.0,6.0
1,49,9,2.4,12.022643112809437,0.0,7,26.0,6.0
1,49,10,2.8,13.151870525129233,0.125,7,26.0,6.0
1,49,11,2.0,15.12283221977807,0.0,7,26.0,6.0
1,49,12,2.6,15.123509061682354,0.0,7,26.0,6.0
1,49,13,2.6,16.175550161947307,0.0,7,26.0,6.0
1,49,14,2.6,12.433016928141255,0.0,7,26.0,6.0
1,49,15,2.4,15.043520398936959,0.0,7,26.0,6.0
1,49,16,2.8,11.856092791439854,0.125,7,26.0,6.0
1,49,17,3.4,10.74660969695031,0.125,7,26.0,6.0
1,49,18,2.8,13.430273522435362,0.0,7,26.0,6.0
1,49,19,2.8,9.950351392400998,0.0,7,26.0,6.0
1,49,20,2.8,10.118510790687205,0.0,7,26.0,6.0
1,49,21,2.8,16.75337195667516,0.0,7,26.0,6.0
1,49,22,2.8,10.485482922789805,0.0,7,26.0,6.0
1,49,23,2.8,9.856277820570966,0.0,7,26.0,6.0
2,49,1,2.8,12.787248348615693,0.0,7,26.0,6.0
2,49,2,2.8,12.119769332956873,0.0,7,26.0,6.0
2,49,3,3.6,9.066896696249922,0.125,7,26.0,6.0
2,49,4,2.8,10.801620818551282,0.0,7,26.0,6.0
2,49,5,2.8,10.513959878258875,0.0,7,26.0,6.0
2,49,6,2.6,13.062505544557265,0.0,7,26.0,6.0
2,49,7,2.6,11.543021260304341,0.0,7,26.0,6.0
2,49,8,3.0,9.51764666229803,0.125,7,26.0,6.0
2,49,9,2.0,14.529260625821921,0.0,7,26.0,6.0
2,49,10,2.4,12.533033355499796,0.0,7,26.0,6.0
2,49,11,3.2,10.101268227408939,0.125,7,26.0,6.0
2,49,12,3.4,10.948549676173183,0.125,7,26.0,6.0
2,49,13,2.8,12.29216864764471,0.0,7,26.0,6.0
2,49,14,2.8,10.6240646449142,0.0,7,26.0,6.0
2,49,15,2.8,10.334275929929577,0.0,7,26.0,6.0
2,49,16,2.8,11.112767656568913,0.0,7,26.0,6.0
2,49,17,2.8,11.526052027126163,0.0,7,26.0,6.0
2,49,18,2.8,11.043431203362799,0.0,7,26.0,6.0
2,49,19,2.8,14.652533422319506,0.0,7,26.0,6.0
2,49,20,2.8,10.281267520237472,0.0,7,26.0,6.0
2,49,21,2.2,10.15618532605227,0.0,7,26.0,6.0
2,49,22,2.4,11.378824426050425,0.0,7,26.0,6.0
3,49,1,2.8,10.155166882901186,0.0,7,26.0,6.0
3,49,2,2.8,12.194365509440532,0.0,7,26.0,6.0
3,49,3,2.8,10.369631072311634,0.0,7,26.0,6.0
3,49,4,2.8,9.745940889103117,0.0,7,26.0,6.0
3,49,5,2.8,9.111251508853579,0.0,7,26.0,6.0
3,49,6,2.8,9.696819792169595,0.0,7,26.0,6.0
3,49,7,2.8,10.56007806864105,0.0,7,26.0,6.0
3,49,8,2.8,10.862855500168388,0.0,7,26.0,6.0
3,49,9,2.8,12.57945990731543,0.0,7,26.0,6.0
3,49,10,2.8,10.813963944918182,0.0,7,26.0,6.0
3,49,11,2.8,10.562863115754073,0.0,7,26.0,6.0
3,49,12,3.6,8.523575309685437,0.125,7,26.0,6.0
3,49,13,2.8,10.258168088897968,0.0,7,26.0,6.0
3,49,14,2.8,9.729703629962025,0.0,7,26.0,6.0
3,49,15,2.8,15.118527945528461,0.0,7,26.0,6.0
3,49,16,2.8,10.097367807639714,0.0,7,26.0,6.0
3,49,17,2.8,12.469680160690707,0.0,7,26.0,6.0
3,49,18,2.8,10.807341223070102,0.0,7,26.0,6.0
3,49,19,2.8,12.688090529978124,0.0,7,26.0,6.0
3,49,20,2.6,12.477376516259504,0.0,7,26.0,6.0
3,49,21,2.6,9.717232868953554,0.0,7,26.0,6.0
3,49,22,2.4,12.838864976092575,0.0,7,26.0,6.0
1,50,1,2.8,14.877322936480667,0.0,7,26.0,6.0
1,50,2,2.8,15.227941450152297,0.0,7,26.0,6.0
1,50,3,2.8,14.33346477928992,0.0,7,26.0,6.0
1,50,4,2.8,10.198004150191819,0.0,7,26.0,6.0
1,50,5,2.8,12.064577904122283,0.0,7,26.0,6.0
1,50,6,1.8,18.469755518904865,0.0,7,26.0,6.0
1,50,7,2.2,12.446949833282494,0.0,7,26.0,6.0
1,50,8,2.0,13.173484432318709,0.0,7,26.0,6.0
1,50,9,2.6,12.33154623679639,0.125,7,26.0,6.0
1,50,10,2.4,11.249277438059766,0.0,7,26.0,6.0
1,50,11,2.8,13.268987228405331,0.125,7,26.0,6.0
1,50,12,2.6,11.556455644393694,0.125,7,26.0,6.0
1,50,13,2.2,19.353537791657253,0.0,7,26.0,6.0
1,50,14,2.8,15.691830842306318,0.0,7,26.0,6.0
1,50,15,2.4,11.568175659826302,0.0,7,26.0,6.0
1,50,16,1.8,21.483317364137605,0.0,7,26.0,6.0
1,50,17,2.4,13.126220016622627,0.0,7,26.0,6.0
1,50,18,2.8,13.894253950018069,0.0,7,26.0,6.0
1,50,19,2.8,11.36342320304679,0.0,7,26.0,6.0
1,50,20,2.8,9.226756179733853,0.0,7,26.0,6.0
1,50,21,2.8,12.062934600987857,0.0,7,26.0,6.0
1,50,22,2.8,11.268941600759657,0.0,7,26.0,6.0
1,50,23,2.8,11.817712668459357,0.0,7,26.0,6.0
1,50,24,2.8,11.198703409116476,0.0,7,26.0,6.0
2,50,1,2.8,12.977171622557156,0.0,7,26.0,6.0
2,50,2,2.8,11.22965886394935,0.0,7,26.0,6.0
2,50,3,3.6,8.631822729585684,0.125,7,26.0,6.0
2,50,4,2.8,10.688361405088262,0.0,7,26.0,6.0
2,50,5,2.8,9.270865257409762,0.0,7,26.0,6.0
2,50,6,2.4,11.840054562633124,0.0,7,26.0,6.0
2,50,7,2.0,14.378819381900614,0.0,7,26.0,6.0
2,50,8,3.2,8.960269308640347,0.125,7,26.0,6.0
2,50,9,2.2,13.243677802651092,0.0,7,26.0,6.0
2,50,10,2.2,12.991721863730191,0.0,7,26.0,6.0
2,50,11,3.2,9.881249246295656,0.125,7,26.0,6.0
2,50,12,3.4,8.864397491088173,0.125,7,26.0,6.0
2,50,13,2.8,13.494553173905949,0.0,7,26.0,6.0
2,50,14,2.8,13.1075169908024,0.0,7,26.0,6.0
2,50,15,2.8,9.337814302603668,0.0,7,26.0,6.0
2,50,16,2.8,10.563080105905621,0.0,7,26.0,6.0
2,50,17,2.8,13.620106234400374,0.0,7,26.0,6.0
2,50,18,2.8,10.507635243490482,0.0,7,26.0,6.0
2,50,19,2.8,17.948381592421498,0.0,7,26.0,6.0
2,50,20,2.8,11.144391560125102,0.0,7,26.0,6.0
2,50,21,1.8,12.490082608240014,0.0,7,26.0,6.0
2,50,22,1.8,18.273876704381774,0.0,7,26.0,6.0
2,50,23,2.6,12.335524911782793,0.16666666666666666,5,26.0,6.0
3,50,1,2.8,10.172056462002688,0.0,7,26.0,6.0
3,50,2,2.8,11.420198303486233,0.0,7,26.0,6.0
3,50,3,2.8,11.949959454190864,0.0,7,26.0,6.0
3,50,4,2.8,10.571358342076959,0.0,7,26.0,6.0
3,50,5,2.8,9.612441986742052,0.0,7,26.0,6.0
3,50,6,2.8,9.965413967362856,0.0,7,26.0,6.0
3,50,7,2.8,9.479805180505817,0.0,7,26.0,6.0
3,50,8,2.8,12.902368348015148,0.0,7,26.0,6.0
3,50,9,2.8,12.034894603594976,0.0,7,26.0,6.0
3,50,10,2.8,10.498405235630642,0.0,7,26.0,6.0
3,50,11,2.8,11.367806192272987,0.0,7,26.0,6.0
3,50,12,2.8,10.351075971098686,0.0,7,26.0,6.0
3,50,13,2.8,10.079619725609694,0.0,7,26.0,6.0
3,50,14,2.8,10.89100742091883,0.0,7,26.0,6.0
3,50,15,2.8,11.395586871717391,0.0,7,26.0,6.0
3,50,16,2.8,12.010581265073101,0.0,7,26.0,6.0
3,50,17,2.8,14.798828109744667,0.0,7,26.0,6.0
3,50,18,2.8,12.617645475067173,0.0,7,26.0,6.0
3,50,19,2.4,10.806685285661755,0.0,7,26.0,6.0
3,50,20,2.4,14.773656677502503,0.0,7,26.0,6.0
3,50,21,3.2,7.7357772106492995,0.125,7,26.0,6.0
3,50,22,3.0,9.959480673278371,0.125,7,26.0,6.0
3,50,23,2.0,14.074346232190848,0.0,4,26.0,6.0
1,51,1,2.8,13.725218482563285,0.0,7,26.0,6.0
1,51,2,2.8,14.188177644248759,0.0,7,26.0,6.0
1,51,3,2.8,13.202908516007717,0.0,7,26.0,6.0
1,51,4,2.8,11.286753648632049,0.0,7,26.0,6.0
1,51,5,2.8,10.71329957275826,0.0,7,26.0,6.0
1,51,6,2.8,9.816268096015266,0.125,7,26.0,6.0
1,51,7,2.4,11.729951731380586,0.0,7,26.0,6.0
1,51,8,2.4,15.151350686035133,0.0,7,26.0,6.0
1,51,9,2.6,13.283981129789305,0.0,7,26.0,6.0
1,51,10,2.6,15.579990686722816,0.125,7,26.0,6.0
1,51,11,2.2,13.368133582806626,0.0,7,26.0,6.0
1,51,12,2.6,17.08564450620549,0.125,7,26.0,6.0
1,51,13,2.4,21.676759809359716,0.0,7,26.0,6.0
1,51,14,2.8,14.956388110107282,0.0,7,26.0,6.0
1,51,15,2.6,12.740753413440038,0.0,7,26.0,6.0
1,51,16,2.6,12.671237898666924,0.0,7,26.0,6.0
1,51,17,2.8,16.56838239548829,0.0,7,26.0,6.0
1,51,18,2.8,10.678758787032725,0.0,7,26.0,6.0
1,51,19,2.8,8.706828969259483,0.0,7,26.0,6.0
1,51,20,2.8,11.48801532479449,0.0,7,26.0,6.0
1,51,21,2.8,11.729572965519456,0.0,7,26.0,6.0
1,51,22,2.8,9.896338140154462,0.0,7,26.0,6.0
1,51,23,2.8,10.246595403111328,0.0,7,26.0,6.0
2,51,1,2.8,12.681195996238841,0.0,7,26.0,6.0
2,51,2,2.8,10.606482569728158,0.0,7,26.0,6.0
2,51,3,3.6,9.040093623107026,0.125,7,26.0,6.0
2,51,4,2.8,10.37998594049976,0.0,7,26.0,6.0
2,51,5,2.8,10.513959878258875,0.0,7,26.0,6.0
2,51,6,2.4,11.398725043233929,0.0,7,26.0,6.0
2,51,7,2.6,12.18884035263793,0.0,7,26.0,6.0
2,51,8,2.8,11.424337525169747,0.125,7,26.0,6.0
2,51,9,2.4,13.746147026040266,0.0,7,26.0,6.0
2,51,10,2.0,19.30202303777028,0.0,7,26.0,6.0
2,51,11,2.6,13.439826281228928,0.0,7,26.0,6.0
2,51,12,2.6,11.145062649782979,0.0,7,26.0,6.0
2,51,13,2.8,12.25573877290396,0.0,7,26.0,6.0
2,51,14,2.8,11.726180626621836,0.0,7,26.0,6.0
2,51,15,2.8,10.755551868402772,0.0,7,26.0,6.0
2,51,16,2.8,10.089923815986857,0.0,7,26.0,6.0
2,51,17,2.8,11.86849040738384,0.0,7,26.0,6.0
2,51,18,2.8,12.005140396492967,0.0,7,26.0,6.0
2,51,19,2.8,11.839497811221259,0.0,7,26.0,6.0
2,51,20,2.8,11.913392050705747,0.0,7,26.0,6.0
2,51,21,2.6,9.990494598784776,0.0,7,26.0,6.0
2,51,22,2.2,12.376303348991968,0.0,7,26.0,6.0
2,51,23,2.6,10.733549911072464,0.14285714285714285,6,26.0,6.0
3,51,1,2.8,9.463770740432027,0.0,7,26.0,6.0
3,51,2,2.6,13.76222381442078,0.0,7,26.0,6.0
3,51,3,2.8,11.500457486096657,0.0,7,26.0,6.0
3,51,4,2.8,10.307841721616523,0.0,7,26.0,6.0
3,51,5,2.6,12.692768950561018,0.0,7,26.0,6.0
3,51,6,2.8,8.991801201439884,0.0,7,26.0,6.0
3,51,7,2.8,10.253722427110983,0.0,7,26.0,6.0
3,51,8,2.8,13.62836275174099,0.0,7,26.0,6.0
3,51,9,2.8,10.223455312351234,0.0,7,26.0,6.0
3,51,10,2.8,11.49206500836804,0.0,7,26.0,6.0
3,51,11,2.8,12.378793465985911,0.0,7,26.0,6.0
3,51,12,2.8,9.757352318381372,0.0,7,26.0,6.0
3,51,13,2.8,10.76292263885838,0.0,7,26.0,6.0
3,51,14,2.8,11.929187432970934,0.0,7,26.0,6.0
3,51,15,2.8,10.862594553762971,0.0,7,26.0,6.0
3,51,16,2.8,14.622729005090038,0.0,7,26.0,6.0
3,51,17,2.8,13.34535222409537,0.0,7,26.0,6.0
3,51,18,2.8,9.902383519886268,0.0,7,26.0,6.0
3,51,19,2.4,14.500943745677203,0.0,7,26.0,6.0
3,51,20,2.2,19.958604582066553,0.0,7,26.0,6.0
3,51,21,2.8,8.782866626671234,0.125,7,26.0,6.0
3,51,22,2.4,11.684061680995722,0.0,7,26.0,6.0
3,51,23,2.6,12.31586774643496,0.0,7,26.0,6.0
1,52,1,2.8,16.067356933052988,0.0,7,26.0,6.0
1,52,2,2.8,14.425936975139619,0.0,7,26.0,6.0
1,52,3,2.8,14.937477740490134,0.0,7,26.0,6.0
1,52,4,2.8,9.689663927837382,0.0,7,26.0,6.0
1,52,5,2.8,13.406634352543273,0.0,7,26.0,6.0
1,52,6,2.0,15.650808752546075,0.0,7,26.0,6.0
1,52,7,2.2,15.694566258248845,0.0,7,26.0,6.0
1,52,8,3.2,7.997574185966457,0.125,7,26.0,6.0
1,52,9,2.2,13.417990281121899,0.0,7,26.0,6.0
1,52,10,2.0,17.96800355322048,0.0,7,26.0,6.0
1,52,11,2.6,17.008537714420857,0.125,7,26.0,6.0
1,52,12,2.4,14.79580118178646,0.125,7,26.0,6.0
1,52,13,2.0,17.74341021160458,0.0,7,26.0,6.0
1,52,14,2.6,18.867035371007262,0.0,7,26.0,6.0
1,52,15,2.6,10.506671495498425,0.0,7,26.0,6.0
1,52,16,2.0,27.23216490666711,0.0,7,26.0,6.0
1,52,17,3.8,9.941326595464329,0.2222222222222222,7,26.0,6.0
1,52,18,2.8,10.036802547198723,0.0,7,26.0,6.0
1,52,19,2.8,12.79381503530061,0.0,7,26.0,6.0
1,52,20,2.8,9.511353771308505,0.0,7,26.0,6.0
1,52,21,2.8,9.69097546698743,0.0,7,26.0,6.0
1,52,22,2.8,13.687794147025945,0.0,7,26.0,6.0
1,52,23,2.8,9.99947318670795,0.0,7,26.0,6.0
1,52,24,2.6,8.926374789975549,0.0,6,26.0,6.0
2,52,1,2.8,14.21366869733136,0.0,7,26.0,6.0
2,52,2,2.8,11.977362833634562,0.0,7,26.0,6.0
2,52,3,3.6,10.700839022889907,0.125,7,26.0,6.0
2,52,4,2.8,11.321483463671283,0.0,7,26.0,6.0
2,52,5,2.8,11.332143275746091,0.0,7,26.0,6.0
2,52,6,2.8,9.777816753254543,0.0,7,26.0,6.0
2,52,7,2.0,16.985313176068644,0.0,7,26.0,6.0
2,52,8,2.2,14.145835852049542,0.0,7,26.0,6.0
2,52,9,2.6,11.858371384469237,0.0,7,26.0,6.0
2,52,10,2.4,12.447154284025965,0.0,7,26.0,6.0
2,52,11,2.4,13.217654110901066,0.0,7,26.0,6.0
2,52,12,2.6,10.891485700352531,0.0,7,26.0,6.0
2,52,13,2.8,11.24611667433538,0.0,7,26.0,6.0
2,52,14,2.8,12.492299414943261,0.0,7,26.0,6.0
2,52,15,2.8,10.873563222286117,0.0,7,26.0,6.0
2,52,16,2.8,9.404522945687969,0.0,7,26.0,6.0
2,52,17,2.8,13.345438779301249,0.0,7,26.0,6.0
2,52,18,2.8,12.055537863101504,0.0,7,26.0,6.0
2,52,19,2.8,11.762178264492492,0.0,7,26.0,6.0
2,52,20,2.8,13.09936225099238,0.0,7,26.0,6.0
2,52,21,2.6,9.721225127159737,0.0,7,26.0,6.0
2,52,22,2.4,8.925018906046194,0.0,7,26.0,6.0
2,52,23,2.8,10.860173842021393,0.14285714285714285,6,26.0,6.0
3,52,1,2.8,10.189002314546567,0.0,7,26.0,6.0
3,52,2,2.8,12.46780735500654,0.0,7,26.0,6.0
3,52,3,2.8,12.335588087550132,0.0,7,26.0,6.0
3,52,4,2.8,10.235230098597901,0.0,7,26.0,6.0
3,52,5,3.6,7.440106021077429,0.2222222222222222,7,26.0,6.0
3,52,6,2.2,12.458745357916413,0.0,7,26.0,6.0
3,52,7,3.0,9.862924941220752,0.125,7,26.0,6.0
3,52,8,2.8,9.48267724588182,0.0,7,26.0,6.0
3,52,9,2.8,14.111435275087635,0.0,7,26.0,6.0
3,52,10,2.8,11.810539266778072,0.0,7,26.0,6.0
3,52,11,2.8,11.993027502795679,0.0,7,26.0,6.0
3,52,12,2.8,12.759693344529971,0.0,7,26.0,6.0
3,52,13,2.8,9.91133822576555,0.0,7,26.0,6.0
3,52,14,2.8,10.72036704980424,0.0,7,26.0,6.0
3,52,15,2.8,12.095266140996374,0.0,7,26.0,6.0
3,52,16,2.8,12.501224994572127,0.0,7,26.0,6.0
3,52,17,2.8,15.666073240032489,0.0,7,26.0,6.0
3,52,18,2.8,10.883713053380864,0.0,7,26.0,6.0
3,52,19,2.4,14.489447067872774,0.0,7,26.0,6.0
3,52,20,2.2,14.478079785399299,0.0,7,26.0,6.0
3,52,21,3.0,8.629742314697605,0.125,7,26.0,6.0
3,52,22,3.0,10.616413744110353,0.125,7,26.0,6.0
3,52,23,2.0,14.57752977282506,0.0,4,26.0,6.0
1,53,1,2.8,17.363679610767537,0.0,7,26.0,6.0
1,53,2,2.8,14.565411750295281,0.0,7,26.0,6.0
1,53,3,2.8,11.360931681861548,0.0,7,26.0,6.0
1,53,4,2.8,10.25004339976797,0.0,7,26.0,6.0
1,53,5,2.8,11.424160199160083,0.0,7,26.0,6.0
1,53,6,2.8,10.978736062370439,0.125,7,26.0,6.0
1,53,7,2.0,14.011446982198727,0.0,7,26.0,6.0
1,53,8,2.6,11.211059844288155,0.125,7,26.0,6.0
1,53,9,2.4,12.225008789276435,0.0,7,26.0,6.0
1,53,10,3.2,9.901819445535125,0.125,7,26.0,6.0
1,53,11,2.0,13.835495913790409,0.0,7,26.0,6.0
1,53,12,2.2,26.604262009885545,0.0,7,26.0,6.0
1,53,13,2.0,20.29415545257724,0.0,7,26.0,6.0
1,53,14,2.8,12.755858735246678,0.0,7,26.0,6.0
1,53,15,2.6,12.62252921063164,0.0,7,26.0,6.0
1,53,16,2.8,11.042301623385944,0.125,7,26.0,6.0
1,53,17,3.4,11.681383631978775,0.125,7,26.0,6.0
1,53,18,2.8,12.315599763852747,0.0,7,26.0,6.0
1,53,19,2.8,8.558438947513793,0.0,7,26.0,6.0
1,53,20,2.8,14.061465083643922,0.0,7,26.0,6.0
1,53,21,2.8,12.6664663059356,0.0,7,26.0,6.0
1,53,22,2.8,10.011428111268138,0.0,7,26.0,6.0
1,53,23,2.8,9.355726097832282,0.0,7,26.0,6.0
2,53,1,2.8,15.27889633904962,0.0,7,26.0,6.0
2,53,2,2.8,10.032351484224252,0.0,7,26.0,6.0
2,53,3,4.0,7.640931111883057,0.125,7,26.0,6.0
2,53,4,2.8,10.004390008721519,0.0,7,26.0,6.0
2,53,5,2.8,9.98956718870975,0.0,7,26.0,6.0
2,53,6,2.8,11.568464345718086,0.0,7,26.0,6.0
2,53,7,2.4,14.464352510607535,0.0,7,26.0,6.0
2,53,8,3.0,9.522244326192054,0.125,7,26.0,6.0
2,53,9,1.8,19.14261243050581,0.0,7,26.0,6.0
2,53,10,2.2,14.889809632685006,0.0,7,26.0,6.0
2,53,11,3.0,10.524923025832328,0.125,7,26.0,6.0
2,53,12,2.8,14.851302848234269,0.0,7,26.0,6.0
2,53,13,2.8,11.789889599536682,0.0,7,26.0,6.0
2,53,14,2.8,11.535252503030696,0.0,7,26.0,6.0
2,53,15,2.8,10.715662587236663,0.0,7,26.0,6.0
2,53,16,2.8,11.310675530698463,0.0,7,26.0,6.0
2,53,17,2.8,12.590881721092524,0.0,7,26.0,6.0
2,53,18,2.8,10.795835539651017,0.0,7,26.0,6.0
2,53,19,2.8,13.52692133006004,0.0,7,26.0,6.0
2,53,20,2.8,10.712327669397817,0.0,7,26.0,6.0
2,53,21,2.4,8.608278775577896,0.0,7,26.0,6.0
2,53,22,3.4,7.579317232295223,0.125,7,26.0,6.0
3,53,1,2.8,10.005647406124558,0.0,7,26.0,6.0
3,53,2,2.6,12.651941554960995,0.0,7,26.0,6.0
3,53,3,2.8,13.073786202292824,0.0,7,26.0,6.0
3,53,4,2.8,9.85920343498255,0.0,7,26.0,6.0
3,53,5,3.2,9.302620174366723,0.125,7,26.0,6.0
3,53,6,2.6,10.73214036120727,0.0,7,26.0,6.0
3,53,7,3.2,8.57724491491453,0.125,7,26.0,6.0
3,53,8,2.4,12.791463241717365,0.0,7,26.0,6.0
3,53,9,2.6,13.484423868296567,0.0,7,26.0,6.0
3,53,10,2.8,11.406494431393751,0.0,7,26.0,6.0
3,53,11,2.8,12.262426614932393,0.0,7,26.0,6.0
3,53,12,2.8,10.01205746612661,0.0,7,26.0,6.0
3,53,13,2.8,9.992034585487986,0.0,7,26.0,6.0
3,53,14,2.8,12.155258388420553,0.0,7,26.0,6.0
3,53,15,2.8,13.358843210417476,0.0,7,26.0,6.0
3,53,16,2.8,11.749716130249125,0.0,7,26.0,6.0
3,53,17,2.8,17.697616715785614,0.0,7,26.0,6.0
3,53,18,2.8,11.168020814619055,0.0,7,26.0,6.0
3,53,19,2.6,13.393503484265983,0.0,7,26.0,6.0
3,53,20,2.0,16.260006022015496,0.0,7,26.0,6.0
3,53,21,2.8,9.661583715671387,0.125,7,26.0,6.0
3,53,22,2.6,12.717523414272364,0.0,7,26.0,6.0
3,53,23,2.8,10.121632235317593,0.14285714285714285,6,26.0,6.0
1,54,1,2.8,15.17708172987463,0.0,7,26.0,6.0
1,54,2,2.8,15.827904868135725,0.0,7,26.0,6.0
1,54,3,2.8,13.231899348366673,0.0,7,26.0,6.0
1,54,4,2.8,9.831949127801957,0.0,7,26.0,6.0
1,54,5,2.8,11.295673975261028,0.0,7,26.0,6.0
1,54,6,2.4,12.307248676108394,0.125,7,26.0,6.0
1,54,7,2.2,13.142837424520827,0.0,7,26.0,6.0
1,54,8,2.8,10.473985169620303,0.125,7,26.0,6.0
1,54,9,2.6,9.909778981906262,0.0,7,26.0,6.0
1,54,10,2.4,16.122128165402913,0.0,7,26.0,6.0
1,54,11,2.4,17.523312572838073,0.0,7,26.0,6.0
1,54,12,2.4,17.944781212340562,0.125,7,26.0,6.0
1,54,13,2.0,19.76173477006993,0.0,7,26.0,6.0
1,54,14,2.4,20.61422867407534,0.0,7,26.0,6.0
1,54,15,2.8,12.478655547276716,0.0,7,26.0,6.0
1,54,16,3.0,10.191036438993352,0.125,7,26.0,6.0
1,54,17,3.4,11.287530230599566,0.125,7,26.0,6.0
1,54,18,2.8,11.493464191098514,0.0,7,26.0,6.0
1,54,19,2.8,10.194537274129875,0.0,7,26.0,6.0
1,54,20,2.8,12.566029514339185,0.0,7,26.0,6.0
1,54,21,2.8,11.021610731152636,0.0,7,26.0,6.0
1,54,22,2.8,10.284817392337528,0.0,7,26.0,6.0
1,54,23,2.8,9.991747434237325,0.0,7,26.0,6.0
2,54,1,2.8,13.522311020061053,0.0,7,26.0,6.0
2,54,2,2.8,11.333706333656705,0.0,7,26.0,6.0
2,54,3,3.0,11.641577648564509,0.0,7,26.0,6.0
2,54,4,2.8,11.106647457689581,0.0,7,26.0,6.0
2,54,5,2.8,9.409668184741133,0.0,7,26.0,6.0
2,54,6,2.8,11.972153936171463,0.0,7,26.0,6.0
2,54,7,2.2,13.397136136747658,0.0,7,26.0,6.0
2,54,8,2.4,12.16296618934106,0.0,7,26.0,6.0
2,54,9,2.8,11.12117820066704,0.0,7,26.0,6.0
2,54,10,2.4,12.054629641024848,0.0,7,26.0,6.0
2,54,11,2.2,21.01258778324616,0.0,7,26.0,6.0
2,54,12,3.6,9.007883806812348,0.2222222222222222,7,26.0,6.0
2,54,13,2.8,13.708637875864003,0.0,7,26.0,6.0
2,54,14,2.8,10.921356146653887,0.0,7,26.0,6.0
2,54,15,2.8,11.35829343440818,0.0,7,26.0,6.0
2,54,16,2.8,9.830490643004387,0.0,7,26.0,6.0
2,54,17,2.8,10.62176965949347,0.0,7,26.0,6.0
2,54,18,2.8,11.497436387146301,0.0,7,26.0,6.0
2,54,19,2.8,12.879724971889825,0.0,7,26.0,6.0
2,54,20,2.8,10.385625513402077,0.0,7,26.0,6.0
2,54,21,2.2,11.846889787366516,0.0,7,26.0,6.0
2,54,22,2.2,11.406845779611688,0.0,7,26.0,6.0
2,54,23,2.6,12.385485052144743,0.14285714285714285,6,26.0,6.0
3,54,1,2.8,10.558380518530234,0.0,7,26.0,6.0
3,54,2,2.8,12.121859714802758,0.0,7,26.0,6.0
3,54,3,2.6,14.135560633499502,0.0,7,26.0,6.0
3,54,4,2.8,10.136997582709846,0.0,7,26.0,6.0
3,54,5,4.0,6.443087731600965,0.2222222222222222,7,26.0,6.0
3,54,6,2.6,9.786034914066501,0.0,7,26.0,6.0
3,54,7,2.4,14.80269216074324,0.125,7,26.0,6.0
3,54,8,2.8,10.41966927666459,0.0,7,26.0,6.0
3,54,9,2.8,13.578830003322851,0.0,7,26.0,6.0
3,54,10,2.8,9.898996943983297,0.0,7,26.0,6.0
3,54,11,2.8,11.830637969265062,0.0,7,26.0,6.0
3,54,12,2.8,11.868328891679482,0.0,7,26.0,6.0
3,54,13,2.8,10.243329315262809,0.0,7,26.0,6.0
3,54,14,2.8,10.39247993153033,0.0,7,26.0,6.0
3,54,15,2.8,12.724358383981102,0.0,7,26.0,6.0
3,54,16,2.8,10.820366561257474,0.0,7,26.0,6.0
3,54,17,2.8,15.123734976132308,0.0,7,26.0,6.0
3,54,18,2.8,11.717789312110268,0.0,7,26.0,6.0
3,54,19,2.4,15.210118672834186,0.0,7,26.0,6.0
3,54,20,2.2,15.74533722402385,0.0,7,26.0,6.0
3,54,21,3.0,8.427592532010522,0.125,7,26.0,6.0
3,54,22,2.6,11.091167262697839,0.0,7,26.0,6.0
3,54,23,2.0,16.606074063922552,0.0,5,26.0,6.0
1,55,1,2.8,17.117069955772312,0.0,7,26.0,6.0
1,55,2,2.8,15.58233443025249,0.0,7,26.0,6.0
1,55,3,2.8,14.265600674563139,0.0,7,26.0,6.0
1,55,4,2.8,10.045009263150176,0.0,7,26.0,6.0
1,55,5,2.8,11.316887264839163,0.0,7,26.0,6.0
1,55,6,2.6,9.387508157377193,0.125,7,26.0,6.0
1,55,7,2.0,17.608875639186987,0.0,7,26.0,6.0
1,55,8,2.6,12.313928348225906,0.125,7,26.0,6.0
1,55,9,2.0,21.56499054955261,0.0,7,26.0,6.0
1,55,10,2.4,11.016373905813554,0.0,7,26.0,6.0
1,55,11,3.0,12.064906421487112,0.125,7,26.0,6.0
1,55,12,2.2,18.018806155072756,0.125,7,26.0,6.0
1,55,13,3.0,11.806779909207584,0.125,7,26.0,6.0
1,55,14,2.6,14.244826746936909,0.0,7,26.0,6.0
1,55,15,2.2,15.313352575673719,0.0,7,26.0,6.0
1,55,16,1.8,21.11479469048471,0.0,7,26.0,6.0
1,55,17,4.0,8.973614655982631,0.2222222222222222,7,26.0,6.0
1,55,18,2.8,9.850018295716671,0.0,7,26.0,6.0
1,55,19,2.8,10.134019778418732,0.0,7,26.0,6.0
1,55,20,2.8,12.934312917772582,0.0,7,26.0,6.0
1,55,21,2.8,11.174281485732031,0.0,7,26.0,6.0
1,55,22,2.8,10.252072797271989,0.0,7,26.0,6.0
1,55,23,2.8,12.11480847588998,0.0,7,26.0,6.0
1,55,24,2.25,12.76055868599682,0.0,4,26.0,6.0
2,55,1,2.8,13.642965287224005,0.0,7,26.0,6.0
2,55,2,2.8,10.889754626423471,0.0,7,26.0,6.0
2,55,3,3.6,10.391753551988618,0.125,7,26.0,6.0
2,55,4,2.8,9.493804334263004,0.0,7,26.0,6.0
2,55,5,2.8,9.743480092282256,0.0,7,26.0,6.0
2,55,6,2.8,10.034489743331973,0.0,7,26.0,6.0
2,55,7,2.4,13.945788924278656,0.0,7,26.0,6.0
2,55,8,3.0,10.049350103970374,0.125,7,26.0,6.0
2,55,9,2.6,12.113011031744099,0.0,7,26.0,6.0
2,55,10,2.0,19.57129046396802,0.0,7,26.0,6.0
2,55,11,2.4,12.209304750714947,0.0,7,26.0,6.0
2,55,12,2.8,11.187278626357179,0.0,7,26.0,6.0
2,55,13,2.8,15.09079514459062,0.0,7,26.0,6.0
2,55,14,2.8,10.182322932985443,0.0,7,26.0,6.0
2,55,15,2.8,12.819262823328723,0.0,7,26.0,6.0
2,55,16,2.8,9.722131171881468,0.0,7,26.0,6.0
2,55,17,2.8,12.367562720480429,0.0,7,26.0,6.0
2,55,18,2.8,12.559807813566694,0.0,7,26.0,6.0
2,55,19,2.8,10.92517910730945,0.0,7,26.0,6.0
2,55,20,2.8,10.09130140926932,0.0,7,26.0,6.0
2,55,21,2.0,14.27539841838789,0.0,7,26.0,6.0
2,55,22,1.8,14.655836149750396,0.0,7,26.0,6.0
2,55,23,2.8,12.309228434600525,0.125,7,26.0,6.0
3,55,1,2.8,9.507906782086458,0.0,7,26.0,6.0
3,55,2,2.6,15.236449029964824,0.0,7,26.0,6.0
3,55,3,2.8,12.5121246008186,0.0,7,26.0,6.0
3,55,4,2.8,10.856766044956334,0.0,7,26.0,6.0
3,55,5,3.2,8.384426784000741,0.125,7,26.0,6.0
3,55,6,2.6,9.184908465699014,0.0,7,26.0,6.0
3,55,7,2.8,9.925967897700808,0.0,7,26.0,6.0
3,55,8,3.4,9.057360271350914,0.125,7,26.0,6.0
3,55,9,4.0,8.997308465997872,0.2222222222222222,7,26.0,6.0
3,55,10,2.8,12.031576380910147,0.0,7,26.0,6.0
3,55,11,3.6,8.553242300365694,0.125,7,26.0,6.0
3,55,12,2.8,8.992979479573759,0.0,7,26.0,6.0
3,55,13,2.8,13.008408183987939,0.0,7,26.0,6.0
3,55,14,2.8,11.50007865225985,0.0,7,26.0,6.0
3,55,15,2.8,10.535347625927468,0.0,7,26.0,6.0
3,55,16,2.8,17.800632366866633,0.0,7,26.0,6.0
3,55,17,2.8,10.372533342226621,0.0,7,26.0,6.0
3,55,18,2.8,11.173865751971487,0.0,7,26.0,6.0
3,55,19,2.4,15.28345335689425,0.0,7,26.0,6.0
3,55,20,2.8,9.73608970438955,0.0,7,26.0,6.0
3,55,21,2.2,12.683790993428282,0.0,7,26.0,6.0
3,55,22,2.6,11.828138560369569,0.16666666666666666,5,26.0,6.0
1,56,1,2.8,16.067356933052988,0.0,7,26.0,6.0
1,56,2,2.8,14.391484652053725,0.0,7,26.0,6.0
1,56,3,2.8,15.716654999275033,0.0,7,26.0,6.0
1,56,4,2.8,9.627739511886038,0.0,7,26.0,6.0
1,56,5,2.8,10.507806640771415,0.0,7,26.0,6.0
1,56,6,2.4,11.552249633085577,0.125,7,26.0,6.0
1,56,7,2.0,15.982516509364018,0.0,7,26.0,6.0
1,56,8,3.0,8.574351393785598,0.125,7,26.0,6.0
1,56,9,2.2,14.043390943041633,0.0,7,26.0,6.0
1,56,10,3.0,12.06675704069594,0.125,7,26.0,6.0
1,56,11,2.0,19.99000246041465,0.0,7,26.0,6.0
1,56,12,2.2,14.065375825781778,0.125,7,26.0,6.0
1,56,13,2.6,17.473406891873267,0.0,7,26.0,6.0
1,56,14,2.6,14.123613674744938,0.0,7,26.0,6.0
1,56,15,2.4,14.019953003233155,0.0,7,26.0,6.0
1,56,16,3.0,10.735713921207974,0.125,7,26.0,6.0
1,56,17,3.4,11.28753023059959,0.125,7,26.0,6.0
1,56,18,2.8,10.93057044854872,0.0,7,26.0,6.0
1,56,19,2.8,9.796768675557248,0.0,7,26.0,6.0
1,56,20,2.8,12.334539424105996,0.0,7,26.0,6.0
1,56,21,2.8,11.505617829072218,0.0,7,26.0,6.0
1,56,22,2.8,9.566415629724444,0.0,7,26.0,6.0
1,56,23,2.8,10.514783858342502,0.0,7,26.0,6.0
2,56,1,2.8,14.18071324602629,0.0,7,26.0,6.0
2,56,2,2.8,12.048145294404527,0.0,7,26.0,6.0
2,56,3,3.6,9.699581402133338,0.125,7,26.0,6.0
2,56,4,2.8,9.583056461116078,0.0,7,26.0,6.0
2,56,5,2.8,10.249664110983453,0.0,7,26.0,6.0
2,56,6,2.6,10.91736750157974,0.0,7,26.0,6.0
2,56,7,2.2,15.627326449341737,0.0,7,26.0,6.0
2,56,8,2.2,14.831922648870524,0.0,7,26.0,6.0
2,56,9,2.6,10.906766672600414,0.0,7,26.0,6.0
2,56,10,2.0,16.998927833936087,0.0,7,26.0,6.0
2,56,11,2.6,12.619880614336264,0.0,7,26.0,6.0
2,56,12,3.6,7.821386521576783,0.2222222222222222,7,26.0,6.0
2,56,13,2.8,11.872487975290127,0.0,7,26.0,6.0
2,56,14,2.8,10.210301860518934,0.0,7,26.0,6.0
2,56,15,2.8,10.536466509414943,0.0,7,26.0,6.0
2,56,16,2.8,9.181184397024397,0.0,7,26.0,6.0
2,56,17,2.8,12.410703943810711,0.0,7,26.0,6.0
2,56,18,2.8,12.457592838884487,0.0,7,26.0,6.0
2,56,19,2.8,13.810371884830731,0.0,7,26.0,6.0
2,56,20,2.8,12.113464715825183,0.0,7,26.0,6.0
2,56,21,2.0,13.940046356889248,0.0,7,26.0,6.0
2,56,22,1.8,13.608611784664387,0.0,7,26.0,6.0
2,56,23,2.6,12.92441913537175,0.125,7,26.0,6.0
3,56,1,2.8,9.62764086266338,0.0,7,26.0,6.0
3,56,2,2.6,13.02927782971214,0.0,7,26.0,6.0
3,56,3,2.8,11.653850506690754,0.0,7,26.0,6.0
3,56,4,2.8,10.413140594801776,0.0,7,26.0,6.0
3,56,5,4.0,6.375920118971329,0.2222222222222222,7,26.0,6.0
3,56,6,2.4,10.141435085385998,0.0,7,26.0,6.0
3,56,7,1.8,19.466331493152307,0.0,7,26.0,6.0
3,56,8,2.8,14.569862332494646,0.125,7,26.0,6.0
3,56,9,3.6,8.43016646080466,0.2222222222222222,7,26.0,6.0
3,56,10,3.2,8.390210215417548,0.125,7,26.0,6.0
3,56,11,2.8,11.890603026742347,0.0,7,26.0,6.0
3,56,12,3.4,9.001466161707096,0.125,7,26.0,6.0
3,56,13,2.8,11.90574801086514,0.0,7,26.0,6.0
3,56,14,2.8,10.460626562194562,0.0,7,26.0,6.0
3,56,15,2.8,13.63185132321057,0.0,7,26.0,6.0
3,56,16,2.8,11.057737638072858,0.0,7,26.0,6.0
3,56,17,2.8,13.291572957876037,0.0,7,26.0,6.0
3,56,18,2.8,10.046257987117908,0.0,7,26.0,6.0
3,56,19,2.2,16.723339869963205,0.0,7,26.0,6.0
3,56,20,2.2,15.368749291170296,0.0,7,26.0,6.0
3,56,21,3.0,8.792224953166693,0.125,7,26.0,6.0
3,56,22,2.4,12.920230636249414,0.0,7,26.0,6.0
1,57,1,2.8,14.840683601850916,0.0,7,26.0,6.0
1,57,2,2.8,18.111312659337276,0.0,7,26.0,6.0
1,57,3,2.8,14.09871901708848,0.0,7,26.0,6.0
1,57,4,2.8,9.43184016054392,0.0,7,26.0,6.0
1,57,5,2.8,11.047181206735857,0.0,7,26.0,6.0
1,57,6,2.4,11.988936058436112,0.125,7,26.0,6.0
1,57,7,2.0,18.148568816250076,0.0,7,26.0,6.0
1,57,8,2.8,8.969560630214167,0.125,7,26.0,6.0
1,57,9,2.0,19.5373887413184,0.0,7,26.0,6.0
1,57,10,2.0,13.975183525517993,0.0,7,26.0,6.0
1,57,11,2.8,16.51133084044708,0.125,7,26.0,6.0
1,57,12,2.0,13.724512834184383,0.0,7,26.0,6.0
1,57,13,2.4,15.192184970384607,0.0,7,26.0,6.0
1,57,14,2.8,15.344577090716871,0.125,7,26.0,6.0
1,57,15,2.6,9.58729612160331,0.0,7,26.0,6.0
1,57,16,2.4,16.8508749047425,0.0,7,26.0,6.0
1,57,17,3.8,8.171630821445493,0.2222222222222222,7,26.0,6.0
1,57,18,2.8,10.163462612597328,0.0,7,26.0,6.0
1,57,19,2.8,12.888102866462736,0.0,7,26.0,6.0
1,57,20,2.8,10.582430203587055,0.0,7,26.0,6.0
1,57,21,2.8,11.730034483350169,0.0,7,26.0,6.0
1,57,22,2.8,11.902458149087334,0.0,7,26.0,6.0
1,57,23,2.8,10.159178480642316,0.0,7,26.0,6.0
1,57,24,2.2,13.155415763630508,0.0,5,26.0,6.0
2,57,1,2.8,13.374461395329716,0.0,7,26.0,6.0
2,57,2,2.8,11.168142344038632,0.0,7,26.0,6.0
2,57,3,3.0,13.640823232754206,0.0,7,26.0,6.0
2,57,4,2.8,9.790932630536101,0.0,7,26.0,6.0
2,57,5,2.8,10.109579326821958,0.0,7,26.0,6.0
2,57,6,2.8,11.06265160201813,0.0,7,26.0,6.0
2,57,7,2.2,14.305893529641523,0.0,7,26.0,6.0
2,57,8,2.6,11.26281913932318,0.125,7,26.0,6.0
2,57,9,2.4,11.516253864551883,0.0,7,26.0,6.0
2,57,10,1.8,21.11822424526156,0.0,7,26.0,6.0
2,57,11,2.8,14.346971116553526,0.0,7,26.0,6.0
2,57,12,3.8,7.151898590010626,0.2222222222222222,7,26.0,6.0
2,57,13,2.8,12.012396979277211,0.0,7,26.0,6.0
2,57,14,2.8,11.875619767002677,0.0,7,26.0,6.0
2,57,15,2.8,10.73999000510592,0.0,7,26.0,6.0
2,57,16,2.8,10.276460510440886,0.0,7,26.0,6.0
2,57,17,2.8,12.212454327616747,0.0,7,26.0,6.0
2,57,18,2.8,11.762784124161223,0.0,7,26.0,6.0
2,57,19,2.8,12.284717265064891,0.0,7,26.0,6.0
2,57,20,2.8,11.081884822522953,0.0,7,26.0,6.0
2,57,21,2.2,13.923564667254553,0.0,7,26.0,6.0
2,57,22,1.8,13.985575182563917,0.0,7,26.0,6.0
2,57,23,2.8,13.299590075309974,0.125,7,26.0,6.0
3,57,1,2.8,9.537560230460603,0.0,7,26.0,6.0
3,57,2,2.6,13.639460445366138,0.0,7,26.0,6.0
3,57,3,2.8,11.063586360257924,0.0,7,26.0,6.0
3,57,4,2.8,10.136997582709922,0.0,7,26.0,6.0
3,57,5,3.2,8.407477908009298,0.125,7,26.0,6.0
3,57,6,2.8,8.472965912983682,0.0,7,26.0,6.0
3,57,7,2.8,11.101163511747961,0.0,7,26.0,6.0
3,57,8,2.8,11.491904410166477,0.0,7,26.0,6.0
3,57,9,3.8,9.412010926430568,0.2222222222222222,7,26.0,6.0
3,57,10,2.8,10.720649257979437,0.0,7,26.0,6.0
3,57,11,4.2,6.45032460944059,0.2222222222222222,7,26.0,6.0
3,57,12,2.8,9.959492593245859,0.0,7,26.0,6.0
3,57,13,2.8,11.385892061285643,0.0,7,26.0,6.0
3,57,14,2.8,11.833843734502967,0.0,7,26.0,6.0
3,57,15,2.8,10.663931724936301,0.0,7,26.0,6.0
3,57,16,2.8,13.108131736064712,0.0,7,26.0,6.0
3,57,17,2.8,11.635437950595358,0.0,7,26.0,6.0
3,57,18,2.6,12.490845997234912,0.0,7,26.0,6.0
3,57,19,2.4,15.969469438758155,0.0,7,26.0,6.0
3,57,20,2.8,9.303761059305755,0.125,7,26.0,6.0
3,57,21,2.4,10.73171461613496,0.0,7,26.0,6.0
3,57,22,2.6,11.874065641451724,0.16666666666666666,5,26.0,6.0
1,58,1,2.8,15.982129781818863,0.0,7,26.0,6.0
1,58,2,2.8,13.829990442228853,0.0,7,26.0,6.0
1,58,3,2.8,11.899346732404961,0.0,7,26.0,6.0
1,58,4,2.8,10.061781620649604,0.0,7,26.0,6.0
1,58,5,2.8,9.870950070494452,0.0,7,26.0,6.0
1,58,6,2.4,11.96513112408006,0.125,7,26.0,6.0
1,58,7,2.2,13.711011090258168,0.0,7,26.0,6.0
1,58,8,2.6,9.987337212472191,0.125,7,26.0,6.0
1,58,9,2.0,19.85932499593135,0.0,7,26.0,6.0
1,58,10,3.4,8.967012134395691,0.125,7,26.0,6.0
1,58,11,2.4,11.487753933523164,0.0,7,26.0,6.0
1,58,12,2.6,13.767629512790625,0.125,7,26.0,6.0
1,58,13,2.4,16.509897602647374,0.0,7,26.0,6.0
1,58,14,2.8,13.574989636808318,0.0,7,26.0,6.0
1,58,15,2.0,17.698409440551615,0.0,7,26.0,6.0
1,58,16,2.6,10.724445416884404,0.125,7,26.0,6.0
1,58,17,3.4,12.453920541165685,0.125,7,26.0,6.0
1,58,18,2.8,11.973024228131528,0.0,7,26.0,6.0
1,58,19,2.8,9.443650966079305,0.0,7,26.0,6.0
1,58,20,2.8,11.598572885600968,0.0,7,26.0,6.0
1,58,21,2.8,10.183460539232382,0.0,7,26.0,6.0
1,58,22,2.8,10.163394025678633,0.0,7,26.0,6.0
1,58,23,2.8,9.255142416491447,0.0,7,26.0,6.0
2,58,1,2.8,13.116322237602942,0.0,7,26.0,6.0
2,58,2,2.8,9.934576813575239,0.0,7,26.0,6.0
2,58,3,3.0,13.28526156348478,0.0,7,26.0,6.0
2,58,4,2.8,10.947604272702183,0.0,7,26.0,6.0
2,58,5,2.8,9.723830421363024,0.0,7,26.0,6.0
2,58,6,2.8,11.266434976646023,0.0,7,26.0,6.0
2,58,7,2.2,13.456086125196517,0.0,7,26.0,6.0
2,58,8,3.6,8.1967092067682,0.125,7,26.0,6.0
2,58,9,2.4,13.01884908396559,0.0,7,26.0,6.0
2,58,10,2.2,13.274020663284071,0.0,7,26.0,6.0
2,58,11,3.0,9.630044696945065,0.125,7,26.0,6.0
2,58,12,2.8,14.329380111512538,0.0,7,26.0,6.0
2,58,13,2.8,12.386832818467001,0.0,7,26.0,6.0
2,58,14,2.8,11.095784350732451,0.0,7,26.0,6.0
2,58,15,2.8,10.495011438660015,0.0,7,26.0,6.0
2,58,16,2.8,11.125504196708102,0.0,7,26.0,6.0
2,58,17,2.8,11.165739155294165,0.0,7,26.0,6.0
2,58,18,2.8,11.840875979733047,0.0,7,26.0,6.0
2,58,19,2.8,12.845099832972751,0.0,7,26.0,6.0
2,58,20,2.8,10.942311427009093,0.0,7,26.0,6.0
2,58,21,2.0,12.09204185888281,0.0,7,26.0,6.0
2,58,22,2.4,10.000106349682918,0.0,7,26.0,6.0
2,58,23,2.5,13.520034304528501,0.2,4,26.0,6.0
3,58,1,2.8,10.8776097897606,0.0,7,26.0,6.0
3,58,2,2.6,12.678167833761622,0.0,7,26.0,6.0
3,58,3,2.8,11.414603799263466,0.0,7,26.0,6.0
3,58,4,2.8,9.85920343498255,0.0,7,26.0,6.0
3,58,5,3.2,8.193479420925884,0.125,7,26.0,6.0
3,58,6,2.8,8.904730776617301,0.0,7,26.0,6.0
3,58,7,2.8,10.509808868274073,0.0,7,26.0,6.0
3,58,8,2.8,11.917354341929865,0.0,7,26.0,6.0
3,58,9,3.8,8.592221045294085,0.2222222222222222,7,26.0,6.0
3,58,10,2.8,10.16813066168558,0.0,7,26.0,6.0
3,58,11,2.8,12.241604376849613,0.0,7,26.0,6.0
3,58,12,3.4,6.707777469111978,0.125,7,26.0,6.0
3,58,13,2.8,12.228932889124506,0.0,7,26.0,6.0
3,58,14,2.8,10.92436131250156,0.0,7,26.0,6.0
3,58,15,2.8,12.74677656996724,0.0,7,26.0,6.0
3,58,16,2.8,11.955778754203237,0.0,7,26.0,6.0
3,58,17,2.8,11.290997358226582,0.0,7,26.0,6.0
3,58,18,2.8,11.517234972936008,0.0,7,26.0,6.0
3,58,19,2.4,15.691032836359218,0.0,7,26.0,6.0
3,58,20,2.4,11.033651211579222,0.0,7,26.0,6.0
3,58,21,2.4,10.677113289993912,0.0,7,26.0,6.0
3,58,22,2.6,10.258206500856001,0.0,7,26.0,6.0
1,59,1,2.8,15.409949628553658,0.0,7,26.0,6.0
1,59,2,2.8,16.892795691415376,0.0,7,26.0,6.0
1,59,3,2.8,13.031596677234193,0.0,7,26.0,6.0
1,59,4,2.8,10.26750803976148,0.0,7,26.0,6.0
1,59,5,2.8,11.57780484521395,0.0,7,26.0,6.0
1,59,6,1.8,16.542994899957545,0.0,7,26.0,6.0
1,59,7,2.2,14.586031219304362,0.0,7,26.0,6.0
1,59,8,1.6,21.782883736075874,0.0,7,26.0,6.0
1,59,9,2.6,12.084546771775202,0.125,7,26.0,6.0
1,59,10,2.2,12.721425654446767,0.0,7,26.0,6.0
1,59,11,3.0,13.182195532074099,0.125,7,26.0,6.0
1,59,12,1.8,14.704690711326553,0.0,7,26.0,6.0
1,59,13,2.8,13.491259596679825,0.125,7,26.0,6.0
1,59,14,3.0,15.016921904963628,0.125,7,26.0,6.0
1,59,15,2.4,12.147316727084226,0.0,7,26.0,6.0
1,59,16,2.0,24.12909744087943,0.0,7,26.0,6.0
1,59,17,2.2,13.519288936797624,0.0,7,26.0,6.0
1,59,18,2.4,24.56670422036091,0.0,7,26.0,6.0
1,59,19,2.8,10.180633208464366,0.0,7,26.0,6.0
1,59,20,2.8,13.740325145336202,0.0,7,26.0,6.0
1,59,21,2.8,10.328497019192374,0.0,7,26.0,6.0
1,59,22,2.8,11.418849552952818,0.0,7,26.0,6.0
1,59,23,2.8,10.021927532844924,0.0,7,26.0,6.0
1,59,24,2.8,10.85456025289204,0.0,7,26.0,6.0
1,59,25,2.2,11.075945471787009,0.0,5,26.0,6.0
2,59,1,2.8,14.691669213482509,0.0,7,26.0,6.0
2,59,2,2.8,11.930634773440744,0.0,7,26.0,6.0
2,59,3,3.6,9.952110343050979,0.125,7,26.0,6.0
2,59,4,2.8,9.43522083118627,0.0,7,26.0,6.0
2,59,5,2.8,9.965747098378413,0.0,7,26.0,6.0
2,59,6,2.6,11.197186949092016,0.0,7,26.0,6.0
2,59,7,1.8,23.281856375280835,0.0,7,26.0,6.0
2,59,8,3.0,9.216777995768254,0.125,7,26.0,6.0
2,59,9,2.4,13.53689717205442,0.0,7,26.0,6.0
2,59,10,2.2,13.508209595362864,0.0,7,26.0,6.0
2,59,11,2.2,13.993488431732233,0.0,7,26.0,6.0
2,59,12,2.4,10.270228142938631,0.0,7,26.0,6.0
2,59,13,2.8,12.397403672909865,0.0,7,26.0,6.0
2,59,14,2.8,12.500654513932222,0.0,7,26.0,6.0
2,59,15,2.8,10.688953573984403,0.0,7,26.0,6.0
2,59,16,2.8,9.425920944174154,0.0,7,26.0,6.0
2,59,17,2.8,11.475917994196948,0.0,7,26.0,6.0
2,59,18,2.8,12.525119142807924,0.0,7,26.0,6.0
2,59,19,2.8,10.867232207966651,0.0,7,26.0,6.0
2,59,20,2.8,13.349014703347668,0.0,7,26.0,6.0
2,59,21,2.8,8.484637663222264,0.0,7,26.0,6.0
2,59,22,1.8,12.171910798759637,0.0,7,26.0,6.0
2,59,23,2.0,11.836348165424392,0.0,7,26.0,6.0
2,59,24,2.0,26.577371499145485,0.0,4,26.0,6.0
3,59,1,2.8,9.688645936642732,0.0,7,26.0,6.0
3,59,2,2.8,12.674504297826049,0.0,7,26.0,6.0
3,59,3,2.8,12.212432241982084,0.0,7,26.0,6.0
3,59,4,2.8,8.895456648011807,0.0,7,26.0,6.0
3,59,5,2.8,9.537493821488802,0.0,7,26.0,6.0
3,59,6,2.8,9.187025141701062,0.0,7,26.0,6.0
3,59,7,2.8,10.224655400089455,0.0,7,26.0,6.0
3,59,8,2.8,10.365768645808883,0.0,7,26.0,6.0
3,59,9,2.8,15.094109737382395,0.0,7,26.0,6.0
3,59,10,2.8,11.335044031594764,0.0,7,26.0,6.0
3,59,11,2.8,11.26313457408369,0.0,7,26.0,6.0
3,59,12,2.8,12.384112146867606,0.0,7,26.0,6.0
3,59,13,2.8,9.172611172918463,0.0,7,26.0,6.0
3,59,14,2.8,10.286538140572791,0.0,7,26.0,6.0
3,59,15,2.8,13.510025885426574,0.0,7,26.0,6.0
3,59,16,2.8,11.893798805402211,0.0,7,26.0,6.0
3,59,17,2.8,13.797294528407937,0.0,7,26.0,6.0
3,59,18,2.8,10.71636098120985,0.0,7,26.0,6.0
3,59,19,2.8,9.890114364968145,0.0,7,26.0,6.0
3,59,20,2.2,15.311734461407632,0.0,7,26.0,6.0
3,59,21,3.0,8.593367109842186,0.125,7,26.0,6.0
3,59,22,3.2,9.860114084639221,0.125,7,26.0,6.0
1,60,1,2.8,12.321959213462197,0.0,7,26.0,6.0
1,60,2,2.8,14.221662301767772,0.0,7,26.0,6.0
1,60,3,2.8,12.491333567871813,0.0,7,26.0,6.0
1,60,4,2.8,10.78189140844585,0.0,7,26.0,6.0
1,60,5,2.8,10.310048510060113,0.0,7,26.0,6.0
1,60,6,1.8,15.764021647730198,0.0,7,26.0,6.0
1,60,7,2.2,14.692722654240885,0.0,7,26.0,6.0
1,60,8,1.6,21.941512085197296,0.0,7,26.0,6.0
1,60,9,3.0,9.54295819479241,0.125,7,26.0,6.0
1,60,10,2.2,12.029530864086377,0.0,7,26.0,6.0
1,60,11,2.4,15.045632888694215,0.0,7,26.0,6.0
1,60,12,3.0,11.508138973654443,0.125,7,26.0,6.0
1,60,13,1.8,23.23087303162173,0.0,7,26.0,6.0
1,60,14,2.4,16.38532711757981,0.0,7,26.0,6.0
1,60,15,2.8,12.42564788311559,0.0,7,26.0,6.0
1,60,16,2.2,23.05590822803106,0.0,7,26.0,6.0
1,60,17,3.2,10.625508423645066,0.125,7,26.0,6.0
1,60,18,4.0,7.8623731770742475,0.2222222222222222,7,26.0,6.0
1,60,19,2.8,9.211691196246482,0.0,7,26.0,6.0
1,60,20,2.8,10.064476385114434,0.0,7,26.0,6.0
1,60,21,2.8,9.927570029763015,0.0,7,26.0,6.0
1,60,22,2.8,11.239067857119094,0.0,7,26.0,6.0
1,60,23,2.8,10.980383983222646,0.0,7,26.0,6.0
1,60,24,2.4,10.577000729951955,0.0,6,26.0,6.0
2,60,1,2.8,12.127980440307372,0.0,7,26.0,6.0
2,60,2,2.8,10.098610864286261,0.0,7,26.0,6.0
2,60,3,3.6,9.824223343935902,0.125,7,26.0,6.0
2,60,4,2.8,10.292645219484738,0.0,7,26.0,6.0
2,60,5,2.8,10.86896203211508,0.0,7,26.0,6.0
2,60,6,2.4,10.833395220377904,0.0,7,26.0,6.0
2,60,7,2.6,12.694830779908267,0.0,7,26.0,6.0
2,60,8,2.0,17.59464888360826,0.0,7,26.0,6.0
2,60,9,2.8,11.25610434610328,0.0,7,26.0,6.0
2,60,10,2.4,14.625441351555999,0.0,7,26.0,6.0
2,60,11,3.4,8.141322138322252,0.125,7,26.0,6.0
2,60,12,3.2,11.294426231502705,0.125,7,26.0,6.0
2,60,13,2.8,12.986901939381802,0.0,7,26.0,6.0
2,60,14,2.8,14.825138741750148,0.0,7,26.0,6.0
2,60,15,2.8,8.40262564365726,0.0,7,26.0,6.0
2,60,16,2.8,9.443673797704275,0.0,7,26.0,6.0
2,60,17,2.8,13.488543130492376,0.0,7,26.0,6.0
2,60,18,2.8,10.16595461006897,0.0,7,26.0,6.0
2,60,19,2.8,15.655242873229213,0.0,7,26.0,6.0
2,60,20,2.8,11.294925504775392,0.0,7,26.0,6.0
2,60,21,1.6,16.72432533405021,0.0,7,26.0,6.0
2,60,22,2.2,11.59735984738333,0.0,7,26.0,6.0
2,60,23,2.2,15.478615422693204,0.0,6,26.0,6.0
3,60,1,2.8,9.892363993755973,0.0,7,26.0,6.0
3,60,2,2.8,12.753793604851197,0.0,7,26.0,6.0
3,60,3,2.8,12.020417442052175,0.0,7,26.0,6.0
3,60,4,2.8,10.444983797020049,0.0,7,26.0,6.0
3,60,5,2.8,10.467944922665286,0.0,7,26.0,6.0
3,60,6,2.8,10.23216484378108,0.0,7,26.0,6.0
3,60,7,2.8,9.89385412237413,0.0,7,26.0,6.0
3,60,8,3.4,8.598931734038548,0.125,7,26.0,6.0
3,60,9,3.8,9.815720879184212,0.2222222222222222,7,26.0,6.0
3,60,10,2.8,10.60577961380638,0.0,7,26.0,6.0
3,60,11,2.8,9.88485254127581,0.0,7,26.0,6.0
3,60,12,3.4,8.421303561875812,0.125,7,26.0,6.0
3,60,13,2.8,11.814395872292458,0.0,7,26.0,6.0
3,60,14,2.8,10.65315045672756,0.0,7,26.0,6.0
3,60,15,2.8,13.33933069227645,0.0,7,26.0,6.0
3,60,16,2.8,14.263979175347112,0.0,7,26.0,6.0
3,60,17,2.8,12.08570950798648,0.0,7,26.0,6.0
3,60,18,2.6,11.455090293998577,0.0,7,26.0,6.0
3,60,19,2.2,19.7014400114055,0.0,7,26.0,6.0
3,60,20,2.8,9.2059009072915,0.125,7,26.0,6.0
3,60,21,2.4,11.888463654592805,0.0,7,26.0,6.0
3,60,22,2.6,13.249684353424149,0.0,7,26.0,6.0
1,61,1,2.8,15.489168417467505,0.0,7,26.0,6.0
1,61,2,2.8,13.369728967929419,0.0,7,26.0,6.0
1,61,3,2.8,14.265600674563144,0.0,7,26.0,6.0
1,61,4,2.8,9.94553774555129,0.0,7,26.0,6.0
1,61,5,2.8,12.236060748500392,0.0,7,26.0,6.0
1,61,6,2.0,15.691562905273274,0.0,7,26.0,6.0
1,61,7,2.2,13.42230322909694,0.0,7,26.0,6.0
1,61,8,1.8,15.864165567622946,0.0,7,26.0,6.0
1,61,9,2.6,10.767153877771468,0.125,7,26.0,6.0
1,61,10,2.2,12.477895576040359,0.0,7,26.0,6.0
1,61,11,2.4,18.287471167064105,0.0,7,26.0,6.0
1,61,12,3.0,11.023924201816293,0.125,7,26.0,6.0
1,61,13,2.0,16.838996407248402,0.0,7,26.0,6.0
1,61,14,2.6,21.469713615668,0.0,7,26.0,6.0
1,61,15,2.8,10.759550177715685,0.0,7,26.0,6.0
1,61,16,2.2,18.7627845255014,0.0,7,26.0,6.0
1,61,17,3.8,9.155880003972943,0.2222222222222222,7,26.0,6.0
1,61,18,2.8,11.447769560935669,0.0,7,26.0,6.0
1,61,19,2.8,12.986820600072104,0.0,7,26.0,6.0
1,61,20,2.8,9.853510334159596,0.0,7,26.0,6.0
1,61,21,2.8,10.268980682631105,0.0,7,26.0,6.0
1,61,22,2.8,11.279451931309522,0.0,7,26.0,6.0
1,61,23,2.8,9.406342508809583,0.0,7,26.0,6.0
1,61,24,2.6,11.389608731582495,0.0,6,26.0,6.0
2,61,1,2.8,13.612600316455941,0.0,7,26.0,6.0
2,61,2,2.8,11.209078196165578,0.0,7,26.0,6.0
2,61,3,3.0,14.048133694518933,0.0,7,26.0,6.0
2,61,4,2.8,12.314199731736197,0.0,7,26.0,6.0
2,61,5,2.8,9.912953572123998,0.0,7,26.0,6.0
2,61,6,2.8,11.564678565348062,0.0,7,26.0,6.0
2,61,7,2.6,11.116197365144012,0.0,7,26.0,6.0
2,61,8,2.6,12.484141145345454,0.125,7,26.0,6.0
2,61,9,2.4,14.09857846638817,0.0,7,26.0,6.0
2,61,10,2.2,13.598310050427752,0.0,7,26.0,6.0
2,61,11,2.2,17.827656031012676,0.0,7,26.0,6.0
2,61,12,2.4,12.170908244134075,0.0,7,26.0,6.0
2,61,13,2.8,11.93764900337842,0.0,7,26.0,6.0
2,61,14,2.8,11.73325048809525,0.0,7,26.0,6.0
2,61,15,2.8,10.156451335895575,0.0,7,26.0,6.0
2,61,16,2.8,9.528717672407033,0.0,7,26.0,6.0
2,61,17,2.8,11.99350628041279,0.0,7,26.0,6.0
2,61,18,2.8,12.922061956415114,0.0,7,26.0,6.0
2,61,19,2.8,9.51475612105499,0.0,7,26.0,6.0
2,61,20,2.8,15.96188356498604,0.0,7,26.0,6.0
2,61,21,2.8,9.297184285703757,0.0,7,26.0,6.0
2,61,22,1.6,15.99883516514124,0.0,7,26.0,6.0
2,61,23,2.8,9.295821889145893,0.125,7,26.0,6.0
3,61,1,2.8,9.612509443537142,0.0,7,26.0,6.0
3,61,2,2.8,12.780444287387134,0.0,7,26.0,6.0
3,61,3,2.6,14.678352502834281,0.0,7,26.0,6.0
3,61,4,2.8,9.404406553485014,0.0,7,26.0,6.0
3,61,5,3.2,8.106599370388686,0.125,7,26.0,6.0
3,61,6,2.8,8.233436476331429,0.0,7,26.0,6.0
3,61,7,2.8,11.433194858933632,0.0,7,26.0,6.0
3,61,8,2.8,11.535252714527184,0.0,7,26.0,6.0
3,61,9,3.8,9.574078105909322,0.2222222222222222,7,26.0,6.0
3,61,10,2.8,9.888651074830008,0.0,7,26.0,6.0
3,61,11,2.8,12.995944458396819,0.0,7,26.0,6.0
3,61,12,3.4,7.146707915126861,0.125,7,26.0,6.0
3,61,13,2.8,9.942728806605412,0.0,7,26.0,6.0
3,61,14,2.8,11.742332561198799,0.0,7,26.0,6.0
3,61,15,2.8,13.688196863538776,0.0,7,26.0,6.0
3,61,16,2.8,11.398724939974054,0.0,7,26.0,6.0
3,61,17,2.8,11.656831945266495,0.0,7,26.0,6.0
3,61,18,2.6,14.06826770708677,0.0,7,26.0,6.0
3,61,19,2.2,16.093808657769507,0.0,7,26.0,6.0
3,61,20,3.0,9.398101420265826,0.125,7,26.0,6.0
3,61,21,2.2,14.617591975368056,0.0,7,26.0,6.0
3,61,22,3.0,11.054046615025017,0.125,7,26.0,6.0
1,62,1,2.8,18.59610449779598,0.0,7,26.0,6.0
1,62,2,2.8,14.088663104608766,0.0,7,26.0,6.0
1,62,3,2.8,12.090341091916404,0.0,7,26.0,6.0
1,62,4,2.8,11.265653073112642,0.0,7,26.0,6.0
1,62,5,2.8,12.973679057050271,0.0,7,26.0,6.0
1,62,6,2.4,10.61607423235469,0.125,7,26.0,6.0
1,62,7,2.0,17.314244698016818,0.0,7,26.0,6.0
1,62,8,2.6,10.311000553144215,0.125,7,26.0,6.0
1,62,9,2.2,17.225121609453836,0.0,7,26.0,6.0
1,62,10,2.0,12.120051575048716,0.0,7,26.0,6.0
1,62,11,3.0,17.461389334438586,0.125,7,26.0,6.0
1,62,12,2.4,12.813713242390802,0.0,7,26.0,6.0
1,62,13,3.2,10.98216165976681,0.125,7,26.0,6.0
1,62,14,2.6,14.177797426577877,0.0,7,26.0,6.0
1,62,15,2.2,14.502565742226631,0.0,7,26.0,6.0
1,62,16,2.2,17.593694820828702,0.0,7,26.0,6.0
1,62,17,3.2,11.93671071262101,0.125,7,26.0,6.0
1,62,18,2.8,10.573631370270261,0.0,7,26.0,6.0
1,62,19,2.8,12.159910241390717,0.0,7,26.0,6.0
1,62,20,2.8,9.152018113122102,0.0,7,26.0,6.0
1,62,21,2.8,11.594616664036188,0.0,7,26.0,6.0
1,62,22,2.8,11.236628945461712,0.0,7,26.0,6.0
1,62,23,2.8,11.496522209617137,0.0,7,26.0,6.0
1,62,24,2.2,12.658009353953263,0.0,5,26.0,6.0
2,62,1,2.8,12.628826762864806,0.0,7,26.0,6.0
2,62,2,2.8,11.087161128541254,0.0,7,26.0,6.0
2,62,3,3.6,10.235239847012073,0.125,7,26.0,6.0
2,62,4,2.8,11.556802307495754,0.0,7,26.0,6.0
2,62,5,2.8,9.384667851684288,0.0,7,26.0,6.0
2,62,6,2.6,12.010775247459819,0.0,7,26.0,6.0
2,62,7,2.4,15.401074144804609,0.0,7,26.0,6.0
2,62,8,3.2,9.029615105400545,0.125,7,26.0,6.0
2,62,9,2.2,14.316985726649467,0.0,7,26.0,6.0
2,62,10,2.2,15.261349203500913,0.0,7,26.0,6.0
2,62,11,3.0,9.927022443519844,0.125,7,26.0,6.0
2,62,12,3.2,13.515783457765286,0.125,7,26.0,6.0
2,62,13,2.8,12.332249382565289,0.0,7,26.0,6.0
2,62,14,2.8,12.915455531356864,0.0,7,26.0,6.0
2,62,15,2.8,9.171215693286474,0.0,7,26.0,6.0
2,62,16,2.8,11.067051224185118,0.0,7,26.0,6.0
2,62,17,2.8,13.91827901363078,0.0,7,26.0,6.0
2,62,18,2.8,10.570042403745596,0.0,7,26.0,6.0
2,62,19,2.8,12.41409973279445,0.0,7,26.0,6.0
2,62,20,2.8,9.316359849010233,0.0,7,26.0,6.0
2,62,21,1.6,16.10768384772153,0.0,7,26.0,6.0
2,62,22,2.2,11.276620416890243,0.0,7,26.0,6.0
2,62,23,2.2,14.31899062691095,0.0,6,26.0,6.0
3,62,1,2.8,10.088165731756877,0.0,7,26.0,6.0
3,62,2,2.8,11.210866210868764,0.0,7,26.0,6.0
3,62,3,2.8,11.698531554383292,0.0,7,26.0,6.0
3,62,4,2.8,9.808459246119906,0.0,7,26.0,6.0
3,62,5,2.8,10.935871638541714,0.0,7,26.0,6.0
3,62,6,2.8,10.531692990955795,0.0,7,26.0,6.0
3,62,7,2.8,9.909884993291197,0.0,7,26.0,6.0
3,62,8,3.4,8.771584519452013,0.125,7,26.0,6.0
3,62,9,2.8,16.981488348197775,0.0,7,26.0,6.0
3,62,10,2.8,10.23066752039999,0.0,7,26.0,6.0
3,62,11,2.8,10.940261252661195,0.0,7,26.0,6.0
3,62,12,2.8,12.793138623043019,0.0,7,26.0,6.0
3,62,13,2.8,9.27026337032628,0.0,7,26.0,6.0
3,62,14,2.8,10.241058250817419,0.0,7,26.0,6.0
3,62,15,2.8,14.171286156548613,0.0,7,26.0,6.0
3,62,16,2.8,10.52688888315403,0.0,7,26.0,6.0
3,62,17,2.8,13.220553628646654,0.0,7,26.0,6.0
3,62,18,2.8,11.156543472059196,0.0,7,26.0,6.0
3,62,19,2.4,14.720505541350004,0.0,7,26.0,6.0
3,62,20,2.0,15.460403826615872,0.0,7,26.0,6.0
3,62,21,2.8,9.689814930672293,0.0,7,26.0,6.0
3,62,22,2.4,11.425567558035416,0.0,7,26.0,6.0
3,62,23,2.4,13.238908096142213,0.0,6,26.0,6.0
1,63,1,2.8,15.690825171234707,0.0,7,26.0,6.0
1,63,2,2.8,13.3401317014675,0.0,7,26.0,6.0
1,63,3,2.8,11.150706272836423,0.0,7,26.0,6.0
1,63,4,2.8,10.573784275394875,0.0,7,26.0,6.0
1,63,5,2.8,13.376873643671617,0.0,7,26.0,6.0
1,63,6,2.0,13.69459010763633,0.0,7,26.0,6.0
1,63,7,2.4,13.254465184792055,0.0,7,26.0,6.0
1,63,8,2.6,9.528415387669964,0.125,7,26.0,6.0
1,63,9,1.8,23.65274623957346,0.0,7,26.0,6.0
1,63,10,2.4,11.237062004416835,0.0,7,26.0,6.0
1,63,11,2.8,15.776462540783989,0.125,7,26.0,6.0
1,63,12,2.2,13.029409037990641,0.0,7,26.0,6.0
1,63,13,2.2,19.300011277659372,0.0,7,26.0,6.0
1,63,14,3.2,11.667830346040315,0.125,7,26.0,6.0
1,63,15,2.4,12.02282631262022,0.0,7,26.0,6.0
1,63,16,2.2,21.74007018284426,0.0,7,26.0,6.0
1,63,17,3.8,8.306804728641131,0.2222222222222222,7,26.0,6.0
1,63,18,2.8,11.657768845057435,0.0,7,26.0,6.0
1,63,19,2.8,13.898782593532799,0.0,7,26.0,6.0
1,63,20,2.8,9.138139580827623,0.0,7,26.0,6.0
1,63,21,2.8,11.418849552952793,0.0,7,26.0,6.0
1,63,22,2.8,11.174120381418977,0.0,7,26.0,6.0
1,63,23,2.8,10.893805831969054,0.0,7,26.0,6.0
1,63,24,2.2,12.002499336690708,0.0,5,26.0,6.0
2,63,1,2.8,16.383988185615618,0.0,7,26.0,6.0
2,63,2,2.8,11.067098993297586,0.0,7,26.0,6.0
2,63,3,3.6,10.738415063182629,0.125,7,26.0,6.0
2,63,4,2.8,10.468821649057414,0.0,7,26.0,6.0
2,63,5,2.8,10.513959878258833,0.0,7,26.0,6.0
2,63,6,2.6,10.995878564320495,0.0,7,26.0,6.0
2,63,7,2.2,14.72439185443411,0.0,7,26.0,6.0
2,63,8,2.2,15.050917895732702,0.0,7,26.0,6.0
2,63,9,2.6,11.352134916350611,0.0,7,26.0,6.0
2,63,10,2.0,16.061475357613062,0.0,7,26.0,6.0
2,63,11,2.4,17.15883916033089,0.0,7,26.0,6.0
2,63,12,3.8,8.399249171760593,0.2222222222222222,7,26.0,6.0
2,63,13,2.8,13.120475973191605,0.0,7,26.0,6.0
2,63,14,2.8,11.346850903393474,0.0,7,26.0,6.0
2,63,15,2.8,11.212533594879602,0.0,7,26.0,6.0
2,63,16,2.8,8.588150921100713,0.0,7,26.0,6.0
2,63,17,2.8,13.657840362696021,0.0,7,26.0,6.0
2,63,18,2.8,11.454371306168095,0.0,7,26.0,6.0
2,63,19,2.8,12.614089842071891,0.0,7,26.0,6.0
2,63,20,2.8,9.618018188035686,0.0,7,26.0,6.0
2,63,21,2.4,11.358606832531088,0.0,7,26.0,6.0
2,63,22,2.2,14.07401010160883,0.0,7,26.0,6.0
2,63,23,2.4,13.861457611646797,0.16666666666666666,5,26.0,6.0
3,63,1,2.8,10.576639140491483,0.0,7,26.0,6.0
3,63,2,2.6,13.855756436980428,0.0,7,26.0,6.0
3,63,3,2.8,10.752383445196664,0.0,7,26.0,6.0
3,63,4,2.8,9.811753816419648,0.0,7,26.0,6.0
3,63,5,3.2,8.042638917232608,0.125,7,26.0,6.0
3,63,6,2.6,10.58357022322059,0.0,7,26.0,6.0
3,63,7,3.2,9.879629761256608,0.125,7,26.0,6.0
3,63,8,2.4,13.036854193393678,0.0,7,26.0,6.0
3,63,9,3.6,10.789869656464546,0.2222222222222222,7,26.0,6.0
3,63,10,2.8,9.506327851820172,0.0,7,26.0,6.0
3,63,11,2.8,11.9137650189015,0.0,7,26.0,6.0
3,63,12,3.4,8.465708930853063,0.125,7,26.0,6.0
3,63,13,2.8,11.72318396428108,0.0,7,26.0,6.0
3,63,14,2.8,8.91978961655275,0.0,7,26.0,6.0
3,63,15,2.8,13.451958184287982,0.0,7,26.0,6.0
3,63,16,2.8,10.880690765962164,0.0,7,26.0,6.0
3,63,17,2.8,12.083609256090808,0.0,7,26.0,6.0
3,63,18,2.6,12.759741346189138,0.0,7,26.0,6.0
3,63,19,2.4,12.27668264980354,0.0,7,26.0,6.0
3,63,20,2.2,16.13929738611506,0.0,7,26.0,6.0
3,63,21,3.0,9.286147789950196,0.125,7,26.0,6.0
3,63,22,2.8,10.06904869521782,0.125,7,26.0,6.0
1,64,1,2.8,15.063267231064097,0.0,7,26.0,6.0
1,64,2,2.8,15.00050131538721,0.0,7,26.0,6.0
1,64,3,2.8,11.737109253623514,0.0,7,26.0,6.0
1,64,4,2.8,11.202822076543825,0.0,7,26.0,6.0
1,64,5,2.8,10.600226672008064,0.0,7,26.0,6.0
1,64,6,1.8,18.583673318272226,0.0,7,26.0,6.0
1,64,7,2.2,14.621422448430646,0.0,7,26.0,6.0
1,64,8,1.6,17.6385054032499,0.0,7,26.0,6.0
1,64,9,2.8,12.426469729128751,0.0,7,26.0,6.0
1,64,10,2.4,12.089176636807064,0.0,7,26.0,6.0
1,64,11,3.0,12.376598273311858,0.125,7,26.0,6.0
1,64,12,2.4,12.599906999763158,0.125,7,26.0,6.0
1,64,13,1.8,23.687459356172738,0.0,7,26.0,6.0
1,64,14,2.6,15.84654148019369,0.0,7,26.0,6.0
1,64,15,2.8,11.836921760418802,0.0,7,26.0,6.0
1,64,16,2.4,18.15009939474761,0.0,7,26.0,6.0
1,64,17,2.6,10.696766398652203,0.0,7,26.0,6.0
1,64,18,2.8,12.254127833487406,0.0,7,26.0,6.0
1,64,19,2.8,14.7087544205472,0.0,7,26.0,6.0
1,64,20,2.8,10.033186836298364,0.0,7,26.0,6.0
1,64,21,2.8,9.451926452938826,0.0,7,26.0,6.0
1,64,22,2.8,16.569112263136837,0.0,7,26.0,6.0
1,64,23,2.8,8.539054636864265,0.0,7,26.0,6.0
1,64,24,2.8,10.639364857306818,0.0,7,26.0,6.0
2,64,1,2.8,13.433211568622056,0.0,7,26.0,6.0
2,64,2,2.8,11.229658863949302,0.0,7,26.0,6.0
2,64,3,3.6,11.35653194802114,0.125,7,26.0,6.0
2,64,4,2.8,10.397632263274032,0.0,7,26.0,6.0
2,64,5,2.8,9.486561893799001,0.0,7,26.0,6.0
2,64,6,2.6,10.917367501579694,0.0,7,26.0,6.0
2,64,7,1.8,21.788895821229037,0.0,7,26.0,6.0
2,64,8,3.0,9.202909566331243,0.125,7,26.0,6.0
2,64,9,2.6,11.038223409809518,0.0,7,26.0,6.0
2,64,10,2.4,13.260033506404564,0.0,7,26.0,6.0
2,64,11,2.4,12.38737023452067,0.0,7,26.0,6.0
2,64,12,2.6,11.309937997772703,0.0,7,26.0,6.0
2,64,13,2.8,11.560762119773237,0.0,7,26.0,6.0
2,64,14,2.8,10.183722979697915,0.0,7,26.0,6.0
2,64,15,2.8,10.83174469855231,0.0,7,26.0,6.0
2,64,16,2.8,9.335292381870792,0.0,7,26.0,6.0
2,64,17,2.8,12.199929585094049,0.0,7,26.0,6.0
2,64,18,2.8,10.854609687965038,0.0,7,26.0,6.0
2,64,19,2.8,12.097088296504955,0.0,7,26.0,6.0
2,64,20,2.8,12.523230521212179,0.0,7,26.0,6.0
2,64,21,2.2,10.697397164418605,0.0,7,26.0,6.0
2,64,22,1.6,16.773748986145296,0.0,7,26.0,6.0
2,64,23,3.4,8.850868716105001,0.125,7,26.0,6.0
3,64,1,2.8,10.396846333759205,0.0,7,26.0,6.0
3,64,2,2.8,13.222526857020522,0.0,7,26.0,6.0
3,64,3,2.8,11.414699024708238,0.0,7,26.0,6.0
3,64,4,2.8,9.730435628967061,0.0,7,26.0,6.0
3,64,5,2.8,10.450059336193464,0.0,7,26.0,6.0
3,64,6,2.8,9.47156941332501,0.0,7,26.0,6.0
3,64,7,2.8,9.568793053170468,0.0,7,26.0,6.0
3,64,8,2.8,11.495803494197343,0.0,7,26.0,6.0
3,64,9,2.8,12.502316866870448,0.0,7,26.0,6.0
3,64,10,2.8,10.480415497851478,0.0,7,26.0,6.0
3,64,11,2.8,10.330917118890332,0.0,7,26.0,6.0
3,64,12,2.8,12.961497464860013,0.0,7,26.0,6.0
3,64,13,2.8,9.696110389591462,0.0,7,26.0,6.0
3,64,14,2.8,10.498421819608726,0.0,7,26.0,6.0
3,64,15,2.8,12.856833609473698,0.0,7,26.0,6.0
3,64,16,2.8,13.70627322254436,0.0,7,26.0,6.0
3,64,17,2.8,13.060708173143826,0.0,7,26.0,6.0
3,64,18,2.8,10.754046303358432,0.0,7,26.0,6.0
3,64,19,2.8,12.54826269069476,0.0,7,26.0,6.0
3,64,20,2.2,18.018255301044874,0.0,7,26.0,6.0
3,64,21,2.8,9.278228019702073,0.0,7,26.0,6.0
3,64,22,2.2,11.364037658171661,0.0,7,26.0,6.0
3,64,23,2.4,12.821278331084667,0.0,7,26.0,6.0
1,65,1,2.8,16.067356933052988,0.0,7,26.0,6.0
1,65,2,2.8,16.567685713231533,0.0,7,26.0,6.0
1,65,3,2.8,14.231909038231507,0.0,7,26.0,6.0
1,65,4,2.8,11.307933415259773,0.0,7,26.0,6.0
1,65,5,2.8,11.827776580056398,0.0,7,26.0,6.0
1,65,6,2.8,10.112791411623325,0.125,7,26.0,6.0
1,65,7,1.8,16.54350163504995,0.0,7,26.0,6.0
1,65,8,2.6,10.401058012637192,0.125,7,26.0,6.0
1,65,9,2.0,17.649086253772072,0.0,7,26.0,6.0
1,65,10,2.0,12.523050094222667,0.0,7,26.0,6.0
1,65,11,2.8,16.3767141267645,0.0,7,26.0,6.0
1,65,12,2.6,11.318136192802688,0.125,7,26.0,6.0
1,65,13,2.0,20.66392985294786,0.0,7,26.0,6.0
1,65,14,2.6,19.228248495699432,0.0,7,26.0,6.0
1,65,15,2.8,10.535623542830407,0.0,7,26.0,6.0
1,65,16,1.8,30.610794535133305,0.0,7,26.0,6.0
1,65,17,3.8,8.461628708550414,0.2222222222222222,7,26.0,6.0
1,65,18,2.8,10.546201841747221,0.0,7,26.0,6.0
1,65,19,2.8,14.450524356575452,0.0,7,26.0,6.0
1,65,20,2.8,10.71176672206368,0.0,7,26.0,6.0
1,65,21,2.8,9.567879993682679,0.0,7,26.0,6.0
1,65,22,2.8,12.653122473235673,0.0,7,26.0,6.0
1,65,23,2.8,11.22929575354867,0.0,7,26.0,6.0
1,65,24,2.6,12.002098201965586,0.0,6,26.0,6.0
2,65,1,2.8,12.814039177308132,0.0,7,26.0,6.0
2,65,2,2.8,10.948234501993475,0.0,7,26.0,6.0
2,65,3,3.0,12.150377885695598,0.0,7,26.0,6.0
2,65,4,2.8,13.692634480762646,0.0,7,26.0,6.0
2,65,5,2.8,9.631949398968976,0.0,7,26.0,6.0
2,65,6,2.8,10.732633725864817,0.0,7,26.0,6.0
2,65,7,2.0,14.048269427338075,0.0,7,26.0,6.0
2,65,8,2.8,11.987779568566559,0.125,7,26.0,6.0
2,65,9,2.4,11.873979876684182,0.0,7,26.0,6.0
2,65,10,2.2,14.756401948334254,0.0,7,26.0,6.0
2,65,11,2.4,14.143241184729302,0.0,7,26.0,6.0
2,65,12,2.6,9.515996243809667,0.0,7,26.0,6.0
2,65,13,2.8,12.653898185483458,0.0,7,26.0,6.0
2,65,14,2.8,12.551963972543339,0.0,7,26.0,6.0
2,65,15,2.8,11.238926157140488,0.0,7,26.0,6.0
2,65,16,2.8,10.111597402920323,0.0,7,26.0,6.0
2,65,17,2.8,11.285342225980488,0.0,7,26.0,6.0
2,65,18,2.8,10.954738539917427,0.0,7,26.0,6.0
2,65,19,2.8,10.369753886572362,0.0,7,26.0,6.0
2,65,20,2.8,12.301867219365505,0.0,7,26.0,6.0
2,65,21,2.8,9.254978585241746,0.0,7,26.0,6.0
2,65,22,1.8,13.311009079085927,0.0,7,26.0,6.0
2,65,23,2.4,10.497785911754345,0.0,7,26.0,6.0
3,65,1,2.8,10.189002314546489,0.0,7,26.0,6.0
3,65,2,2.8,12.002913958819624,0.0,7,26.0,6.0
3,65,3,2.8,11.903444555351241,0.0,7,26.0,6.0
3,65,4,2.8,10.46285199898585,0.0,7,26.0,6.0
3,65,5,2.8,10.613264254908485,0.0,7,26.0,6.0
3,65,6,2.8,8.533314111048842,0.0,7,26.0,6.0
3,65,7,2.8,9.349384061499219,0.0,7,26.0,6.0
3,65,8,2.8,13.237471664376294,0.0,7,26.0,6.0
3,65,9,2.8,12.952421401889776,0.0,7,26.0,6.0
3,65,10,2.8,12.025964101739618,0.0,7,26.0,6.0
3,65,11,2.8,11.716229759788291,0.0,7,26.0,6.0
3,65,12,3.6,7.536314957246141,0.125,7,26.0,6.0
3,65,13,2.8,9.92523007121166,0.0,7,26.0,6.0
3,65,14,2.8,9.473501887530519,0.0,7,26.0,6.0
3,65,15,2.8,12.098085691667736,0.0,7,26.0,6.0
3,65,16,2.8,9.949533106703397,0.0,7,26.0,6.0
3,65,17,2.8,13.369170972496047,0.0,7,26.0,6.0
3,65,18,2.8,11.900852538414624,0.0,7,26.0,6.0
3,65,19,2.8,11.30445725919918,0.0,7,26.0,6.0
3,65,20,2.2,14.84645842823714,0.0,7,26.0,6.0
3,65,21,3.0,9.174707861985908,0.125,7,26.0,6.0
3,65,22,2.4,11.509981375720876,0.0,7,26.0,6.0
1,66,1,2.8,14.877322936480674,0.0,7,26.0,6.0
1,66,2,2.8,15.869587771249012,0.0,7,26.0,6.0
1,66,3,2.8,12.212857634959121,0.0,7,26.0,6.0
1,66,4,2.8,10.61102229277447,0.0,7,26.0,6.0
1,66,5,2.8,11.600092098263096,0.0,7,26.0,6.0
1,66,6,2.4,11.125678040276258,0.125,7,26.0,6.0
1,66,7,2.0,17.773862409801684,0.0,7,26.0,6.0
1,66,8,2.6,10.676362226616128,0.125,7,26.0,6.0
1,66,9,1.8,23.02024917458163,0.0,7,26.0,6.0
1,66,10,2.4,11.092271464086675,0.0,7,26.0,6.0
1,66,11,2.8,17.46861163680289,0.125,7,26.0,6.0
1,66,12,2.4,12.01176373273692,0.125,7,26.0,6.0
1,66,13,2.2,17.347791734223648,0.0,7,26.0,6.0
1,66,14,2.6,18.74962804476041,0.0,7,26.0,6.0
1,66,15,2.8,11.077931310848568,0.0,7,26.0,6.0
1,66,16,2.2,22.72383833913779,0.0,7,26.0,6.0
1,66,17,3.8,9.01516008469278,0.2222222222222222,7,26.0,6.0
1,66,18,2.8,9.752260008666939,0.0,7,26.0,6.0
1,66,19,2.8,11.045477761408454,0.0,7,26.0,6.0
1,66,20,2.8,9.2645826529003,0.0,7,26.0,6.0
1,66,21,2.8,11.9866957528765,0.0,7,26.0,6.0
1,66,22,2.8,11.215715196319229,0.0,7,26.0,6.0
1,66,23,2.8,9.859968881990572,0.0,7,26.0,6.0
1,66,24,2.2,11.837456376636153,0.0,5,26.0,6.0
2,66,1,2.8,13.492480164521382,0.0,7,26.0,6.0
2,66,2,2.8,10.588120853456989,0.0,7,26.0,6.0
2,66,3,2.8,13.338474354118855,0.0,7,26.0,6.0
2,66,4,2.8,9.607886877299494,0.0,7,26.0,6.0
2,66,5,2.8,9.648072826541107,0.0,7,26.0,6.0
2,66,6,2.8,12.103861280842722,0.0,7,26.0,6.0
2,66,7,2.2,12.308053401661375,0.0,7,26.0,6.0
2,66,8,2.4,11.665844287919299,0.0,7,26.0,6.0
2,66,9,2.8,10.508685889269287,0.0,7,26.0,6.0
2,66,10,2.0,17.618543593361228,0.0,7,26.0,6.0
2,66,11,2.2,15.162987954436236,0.0,7,26.0,6.0
2,66,12,2.2,11.3561274296703,0.0,7,26.0,6.0
2,66,13,2.8,12.53565984925266,0.0,7,26.0,6.0
2,66,14,2.8,11.644681435850181,0.0,7,26.0,6.0
2,66,15,2.8,15.041669531752682,0.0,7,26.0,6.0
2,66,16,2.8,8.483018139246381,0.0,7,26.0,6.0
2,66,17,2.8,12.281135283044042,0.0,7,26.0,6.0
2,66,18,2.8,12.280114856794048,0.0,7,26.0,6.0
2,66,19,2.8,10.766596297044098,0.0,7,26.0,6.0
2,66,20,2.8,13.449075208347168,0.0,7,26.0,6.0
2,66,21,2.8,9.804509702459427,0.0,7,26.0,6.0
2,66,22,2.0,11.499347397489784,0.0,7,26.0,6.0
2,66,23,2.0,13.233107308741733,0.0,7,26.0,6.0
2,66,24,2.2,14.876238633811244,0.0,6,26.0,6.0
3,66,1,2.8,10.650309520132415,0.0,7,26.0,6.0
3,66,2,2.8,13.10916356959707,0.0,7,26.0,6.0
3,66,3,2.8,11.926656652002515,0.0,7,26.0,6.0
3,66,4,2.8,9.518429404071309,0.0,7,26.0,6.0
3,66,5,2.8,9.552389809229824,0.0,7,26.0,6.0
3,66,6,2.8,8.841716200560777,0.0,7,26.0,6.0
3,66,7,2.8,11.116704990299516,0.0,7,26.0,6.0
3,66,8,3.4,8.834938599994747,0.125,7,26.0,6.0
3,66,9,2.8,16.38990158302498,0.0,7,26.0,6.0
3,66,10,2.8,9.883486141731801,0.0,7,26.0,6.0
3,66,11,2.8,10.617398653546834,0.0,7,26.0,6.0
3,66,12,2.8,11.648020975292438,0.0,7,26.0,6.0
3,66,13,2.8,9.900527665488765,0.0,7,26.0,6.0
3,66,14,2.8,9.957611212603304,0.0,7,26.0,6.0
3,66,15,2.8,13.819074352876314,0.0,7,26.0,6.0
3,66,16,2.8,11.561665961592237,0.0,7,26.0,6.0
3,66,17,2.8,12.192687200561426,0.0,7,26.0,6.0
3,66,18,2.8,11.667325020126409,0.0,7,26.0,6.0
3,66,19,2.4,14.076777295365183,0.0,7,26.0,6.0
3,66,20,2.6,12.982767357441038,0.0,7,26.0,6.0
3,66,21,2.4,12.578662555500882,0.0,7,26.0,6.0
3,66,22,3.0,10.52506645018559,0.125,7,26.0,6.0
3,66,23,2.0,14.448390694776073,0.0,4,26.0,6.0
1,67,1,2.8,14.144016140131432,0.0,7,26.0,6.0
1,67,2,2.8,13.925871852014916,0.0,7,26.0,6.0
1,67,3,2.8,12.919837408413143,0.0,7,26.0,6.0
1,67,4,2.8,10.320260882041557,0.0,7,26.0,6.0
1,67,5,2.8,11.0878346275289,0.0,7,26.0,6.0
1,67,6,2.4,9.999508308654082,0.125,7,26.0,6.0
1,67,7,2.2,13.997650579698988,0.0,7,26.0,6.0
1,67,8,2.6,9.856648567549176,0.125,7,26.0,6.0
1,67,9,2.4,12.738221014511641,0.0,7,26.0,6.0
1,67,10,2.0,19.35292988148464,0.0,7,26.0,6.0
1,67,11,2.6,16.865726547244968,0.125,7,26.0,6.0
1,67,12,2.4,11.582287500405673,0.0,7,26.0,6.0
1,67,13,2.2,19.1943368876741,0.0,7,26.0,6.0
1,67,14,2.8,14.885761859838528,0.125,7,26.0,6.0
1,67,15,2.6,11.289257960728616,0.0,7,26.0,6.0
1,67,16,2.2,14.043384852265945,0.0,7,26.0,6.0
1,67,17,4.0,10.101846421337694,0.2222222222222222,7,26.0,6.0
1,67,18,2.8,9.105809998756325,0.0,7,26.0,6.0
1,67,19,2.8,9.450613319486395,0.0,7,26.0,6.0
1,67,20,2.8,10.481967908070782,0.0,7,26.0,6.0
1,67,21,2.8,11.450306833739356,0.0,7,26.0,6.0
1,67,22,2.8,11.310403381816949,0.0,7,26.0,6.0
1,67,23,2.8,10.564378216518042,0.0,7,26.0,6.0
1,67,24,2.25,11.322042942600875,0.0,4,26.0,6.0
2,67,1,2.8,14.482931051483742,0.0,7,26.0,6.0
2,67,2,2.8,10.812746403272042,0.0,7,26.0,6.0
2,67,3,3.0,11.402829423237952,0.0,7,26.0,6.0
2,67,4,2.8,10.233239798591233,0.0,7,26.0,6.0
2,67,5,2.8,9.021059169227179,0.0,7,26.0,6.0
2,67,6,2.8,11.995635041490688,0.0,7,26.0,6.0
2,67,7,2.2,13.515557189165003,0.0,7,26.0,6.0
2,67,8,2.6,13.3238198876173,0.0,7,26.0,6.0
2,67,9,2.4,11.92026433552886,0.0,7,26.0,6.0
2,67,10,2.2,16.376363896110856,0.0,7,26.0,6.0
2,67,11,2.6,12.241013523495663,0.0,7,26.0,6.0
2,67,12,3.6,7.85150833397282,0.2222222222222222,7,26.0,6.0
2,67,13,2.8,11.036928131565524,0.0,7,26.0,6.0
2,67,14,2.8,11.627277855304001,0.0,7,26.0,6.0
2,67,15,2.8,10.305665665527641,0.0,7,26.0,6.0
2,67,16,2.8,9.644471401243548,0.0,7,26.0,6.0
2,67,17,2.8,11.81151337314405,0.0,7,26.0,6.0
2,67,18,2.8,12.307186149445943,0.0,7,26.0,6.0
2,67,19,2.8,14.328019873951035,0.0,7,26.0,6.0
2,67,20,2.8,10.510559190058652,0.0,7,26.0,6.0
2,67,21,2.4,10.202771269891318,0.0,7,26.0,6.0
2,67,22,2.0,12.135479242972552,0.0,7,26.0,6.0
2,67,23,2.6,11.676141502681118,0.14285714285714285,6,26.0,6.0
3,67,1,2.8,9.860466940387221,0.0,7,26.0,6.0
3,67,2,2.6,14.111507014726676,0.0,7,26.0,6.0
3,67,3,2.8,11.94985508873493,0.0,7,26.0,6.0
3,67,4,2.8,9.718211687840565,0.0,7,26.0,6.0
3,67,5,3.2,7.938251909763724,0.125,7,26.0,6.0
3,67,6,2.6,9.353467375785156,0.0,7,26.0,6.0
3,67,7,3.2,8.967082464607204,0.125,7,26.0,6.0
3,67,8,2.8,10.401948138211308,0.0,7,26.0,6.0
3,67,9,2.8,13.169491686487788,0.0,7,26.0,6.0
3,67,10,2.8,10.24728808720026,0.0,7,26.0,6.0
3,67,11,2.8,11.739803230029285,0.0,7,26.0,6.0
3,67,12,3.6,7.472130428697159,0.125,7,26.0,6.0
3,67,13,2.8,12.155524052109586,0.0,7,26.0,6.0
3,67,14,2.8,8.655815929856244,0.0,7,26.0,6.0
3,67,15,2.8,17.587156429622866,0.0,7,26.0,6.0
3,67,16,2.8,11.204974096443244,0.0,7,26.0,6.0
3,67,17,2.8,11.331828127514017,0.0,7,26.0,6.0
3,67,18,2.8,12.741916506264829,0.0,7,26.0,6.0
3,67,19,2.6,11.3306322869626,0.0,7,26.0,6.0
3,67,20,2.4,14.96919150838805,0.0,7,26.0,6.0
3,67,21,2.6,10.647660255891292,0.0,7,26.0,6.0
3,67,22,2.4,12.52339859691306,0.0,7,26.0,6.0
1,68,1,2.8,15.449457472919287,0.0,7,26.0,6.0
1,68,2,2.8,12.355462179622036,0.0,7,26.0,6.0
1,68,3,2.8,12.28756670313661,0.0,7,26.0,6.0
1,68,4,2.8,11.161322661092207,0.0,7,26.0,6.0
1,68,5,2.8,11.170045747552159,0.0,7,26.0,6.0
1,68,6,2.4,12.74992512090492,0.125,7,26.0,6.0
1,68,7,2.2,13.057402378054084,0.0,7,26.0,6.0
1,68,8,2.6,10.870109286452527,0.125,7,26.0,6.0
1,68,9,2.2,16.411424969030985,0.0,7,26.0,6.0
1,68,10,2.2,13.26567291557298,0.0,7,26.0,6.0
1,68,11,2.6,15.929470631480422,0.125,7,26.0,6.0
1,68,12,2.6,11.508771276711755,0.125,7,26.0,6.0
1,68,13,2.2,18.790503990262284,0.0,7,26.0,6.0
1,68,14,2.6,16.79740229215015,0.0,7,26.0,6.0
1,68,15,2.4,12.444927674542816,0.0,7,26.0,6.0
1,68,16,1.8,27.039573948011785,0.0,7,26.0,6.0
1,68,17,2.6,11.647865025356875,0.0,7,26.0,6.0
1,68,18,2.8,10.708085232964018,0.0,7,26.0,6.0
1,68,19,2.8,14.089713379741573,0.0,7,26.0,6.0
1,68,20,2.8,8.815014075655569,0.0,7,26.0,6.0
1,68,21,2.8,9.291611894923811,0.0,7,26.0,6.0
1,68,22,2.8,13.8628024851521,0.0,7,26.0,6.0
1,68,23,2.8,10.558974752825623,0.0,7,26.0,6.0
1,68,24,2.8,11.404511861627418,0.0,7,26.0,6.0
2,68,1,2.8,13.642965287224005,0.0,7,26.0,6.0
2,68,2,2.8,11.20907819616553,0.0,7,26.0,6.0
2,68,3,3.6,9.840029185113144,0.125,7,26.0,6.0
2,68,4,2.8,10.03922489339368,0.0,7,26.0,6.0
2,68,5,2.8,11.005871521387595,0.0,7,26.0,6.0
2,68,6,2.6,10.433161457610998,0.0,7,26.0,6.0
2,68,7,2.2,14.310954036780949,0.0,7,26.0,6.0
2,68,8,2.4,13.138418267873238,0.0,7,26.0,6.0
2,68,9,2.2,17.18330232181993,0.0,7,26.0,6.0
2,68,10,2.2,16.87333848600851,0.0,7,26.0,6.0
2,68,11,2.4,15.273451076228895,0.0,7,26.0,6.0
2,68,12,2.8,8.969965007396372,0.125,7,26.0,6.0
2,68,13,3.4,12.569361386045625,0.125,7,26.0,6.0
2,68,14,2.8,12.492629928410498,0.0,7,26.0,6.0
2,68,15,2.8,11.188411215162125,0.0,7,26.0,6.0
2,68,16,2.8,11.157518754622146,0.0,7,26.0,6.0
2,68,17,2.8,11.033473361931165,0.0,7,26.0,6.0
2,68,18,2.8,12.294735134627121,0.0,7,26.0,6.0
2,68,19,2.8,12.36613680096346,0.0,7,26.0,6.0
2,68,20,2.8,11.753137529108168,0.0,7,26.0,6.0
2,68,21,2.4,9.917905646888082,0.0,7,26.0,6.0
2,68,22,2.2,10.037241757999574,0.0,7,26.0,6.0
2,68,23,2.4,13.80644871010157,0.0,7,26.0,6.0
3,68,1,2.8,10.257354121710257,0.0,7,26.0,6.0
3,68,2,2.8,12.0265159979601,0.0,7,26.0,6.0
3,68,3,2.8,10.905852186197334,0.0,7,26.0,6.0
3,68,4,2.8,11.29360956901785,0.0,7,26.0,6.0
3,68,5,2.8,9.642752111909296,0.0,7,26.0,6.0
3,68,6,2.8,9.805644246311644,0.0,7,26.0,6.0
3,68,7,2.8,9.990824950131337,0.0,7,26.0,6.0
3,68,8,2.8,12.207075395437776,0.0,7,26.0,6.0
3,68,9,2.8,11.075938955904109,0.0,7,26.0,6.0
3,68,10,2.8,10.373758614408729,0.0,7,26.0,6.0
3,68,11,2.8,10.99979850093342,0.0,7,26.0,6.0
3,68,12,2.8,12.090341968438814,0.0,7,26.0,6.0
3,68,13,2.8,9.696110389591462,0.0,7,26.0,6.0
3,68,14,2.8,10.049901451885269,0.0,7,26.0,6.0
3,68,15,2.8,12.749628729980994,0.0,7,26.0,6.0
3,68,16,2.8,11.30045906363833,0.0,7,26.0,6.0
3,68,17,2.8,13.404196317385919,0.0,7,26.0,6.0
3,68,18,2.8,10.926962981276763,0.0,7,26.0,6.0
3,68,19,2.4,11.475819362134306,0.0,7,26.0,6.0
3,68,20,2.6,12.383559968501785,0.0,7,26.0,6.0
3,68,21,3.0,8.324359222087486,0.125,7,26.0,6.0
3,68,22,2.4,10.39061159725607,0.0,7,26.0,6.0
3,68,23,2.2,15.362240502821285,0.0,5,26.0,6.0
1,69,1,2.8,18.202890245769744,0.0,7,26.0,6.0
1,69,2,2.8,12.883787501653316,0.0,7,26.0,6.0
1,69,3,2.8,12.701972597938994,0.0,7,26.0,6.0
1,69,4,2.8,10.045009263150185,0.0,7,26.0,6.0
1,69,5,2.8,11.851037579427157,0.0,7,26.0,6.0
1,69,6,2.4,13.254725605067133,0.125,7,26.0,6.0
1,69,7,2.0,18.482551883484074,0.0,7,26.0,6.0
1,69,8,2.6,10.364202415233397,0.125,7,26.0,6.0
1,69,9,2.2,17.525700033538396,0.0,7,26.0,6.0
1,69,10,2.0,12.734769206994756,0.0,7,26.0,6.0
1,69,11,2.8,18.430294907583708,0.0,7,26.0,6.0
1,69,12,2.4,12.011763732736894,0.125,7,26.0,6.0
1,69,13,1.8,27.55655001101828,0.0,7,26.0,6.0
1,69,14,2.6,17.03828407608407,0.0,7,26.0,6.0
1,69,15,2.8,10.178014909739181,0.0,7,26.0,6.0
1,69,16,2.2,22.47099468716675,0.0,7,26.0,6.0
1,69,17,3.8,8.141527884092728,0.2222222222222222,7,26.0,6.0
1,69,18,2.8,11.192615438801862,0.0,7,26.0,6.0
1,69,19,2.8,12.739719823913052,0.0,7,26.0,6.0
1,69,20,2.8,10.69275945027122,0.0,7,26.0,6.0
1,69,21,2.8,10.165046871007462,0.0,7,26.0,6.0
1,69,22,2.8,13.324600869031789,0.0,7,26.0,6.0
1,69,23,2.8,9.191138556731476,0.0,7,26.0,6.0
1,69,24,2.6,12.710961502493644,0.0,6,26.0,6.0
2,69,1,2.8,15.053266268879732,0.0,7,26.0,6.0
2,69,2,2.8,10.699254782735824,0.0,7,26.0,6.0
2,69,3,3.6,9.107400644959762,0.125,7,26.0,6.0
2,69,4,2.8,10.450933069061247,0.0,7,26.0,6.0
2,69,5,2.8,8.816486785132703,0.0,7,26.0,6.0
2,69,6,2.4,11.293485901829868,0.0,7,26.0,6.0
2,69,7,2.4,13.237471385854672,0.0,7,26.0,6.0
2,69,8,2.2,14.76033359536846,0.0,7,26.0,6.0
2,69,9,2.4,13.588778313071465,0.0,7,26.0,6.0
2,69,10,2.0,16.84227204983096,0.0,7,26.0,6.0
2,69,11,2.2,18.12943005918209,0.0,7,26.0,6.0
2,69,12,2.8,9.256345664404474,0.125,7,26.0,6.0
2,69,13,3.4,9.866086026639845,0.125,7,26.0,6.0
2,69,14,2.8,11.570606761706863,0.0,7,26.0,6.0
2,69,15,2.8,10.536385373275172,0.0,7,26.0,6.0
2,69,16,2.8,10.686196854097009,0.0,7,26.0,6.0
2,69,17,2.8,12.65510124049785,0.0,7,26.0,6.0
2,69,18,2.8,10.466920699587753,0.0,7,26.0,6.0
2,69,19,2.8,11.326528411780544,0.0,7,26.0,6.0
2,69,20,3.0,10.94291153580295,0.0,7,26.0,6.0
2,69,21,2.6,10.804392076761895,0.0,7,26.0,6.0
2,69,22,2.2,10.7424210432611,0.0,7,26.0,6.0
2,69,23,2.8,12.503061488071065,0.125,7,26.0,6.0
3,69,1,2.8,11.383763407285482,0.0,7,26.0,6.0
3,69,2,2.6,12.173478434115328,0.0,7,26.0,6.0
3,69,3,2.8,12.56352845512444,0.0,7,26.0,6.0
3,69,4,2.8,10.55693183733809,0.0,7,26.0,6.0
3,69,5,3.2,8.074492483360864,0.125,7,26.0,6.0
3,69,6,2.8,8.677324658140295,0.0,7,26.0,6.0
3,69,7,2.8,12.38220878337651,0.0,7,26.0,6.0
3,69,8,2.8,11.82518830595061,0.0,7,26.0,6.0
3,69,9,3.8,8.86624651067979,0.2222222222222222,7,26.0,6.0
3,69,10,2.8,10.970637336522332,0.0,7,26.0,6.0
3,69,11,2.8,13.220681508811131,0.0,7,26.0,6.0
3,69,12,3.4,7.813176240200027,0.125,7,26.0,6.0
3,69,13,2.8,11.34431740313845,0.0,7,26.0,6.0
3,69,14,2.8,11.564708396092554,0.0,7,26.0,6.0
3,69,15,2.8,12.773397903980896,0.0,7,26.0,6.0
3,69,16,2.8,11.817177904169167,0.0,7,26.0,6.0
3,69,17,2.8,12.515561424758634,0.0,7,26.0,6.0
3,69,18,2.6,14.963137040590658,0.0,7,26.0,6.0
3,69,19,2.6,14.089864424480186,0.0,7,26.0,6.0
3,69,20,2.4,10.360772352730852,0.0,7,26.0,6.0
3,69,21,2.6,9.594593195609416,0.0,7,26.0,6.0
3,69,22,2.4,13.483870867079498,0.0,7,26.0,6.0
1,70,1,2.8,16.552845112126665,0.0,7,26.0,6.0
1,70,2,2.8,12.13159608181233,0.0,7,26.0,6.0
1,70,3,2.8,12.782805372233508,0.0,7,26.0,6.0
1,70,4,2.8,10.705275023632373,0.0,7,26.0,6.0
1,70,5,2.8,11.874390251190242,0.0,7,26.0,6.0
1,70,6,2.8,10.3918218668757,0.125,7,26.0,6.0
1,70,7,1.8,15.682429265473212,0.0,7,26.0,6.0
1,70,8,2.2,14.208532143493493,0.0,7,26.0,6.0
1,70,9,2.8,11.050440300756332,0.0,7,26.0,6.0
1,70,10,2.0,17.96800355322048,0.0,7,26.0,6.0
1,70,11,2.6,18.697283809963153,0.125,7,26.0,6.0
1,70,12,2.6,11.399911031736384,0.125,7,26.0,6.0
1,70,13,2.2,15.152370590154227,0.0,7,26.0,6.0
1,70,14,2.4,16.7099552856091,0.0,7,26.0,6.0
1,70,15,2.6,10.584268068725267,0.0,7,26.0,6.0
1,70,16,2.2,21.898073325478677,0.0,7,26.0,6.0
1,70,17,4.4,8.149674130534557,0.3,7,26.0,6.0
1,70,18,2.8,9.603646513440395,0.0,7,26.0,6.0
1,70,19,2.8,9.43557293265435,0.0,7,26.0,6.0
1,70,20,2.8,10.989497427578126,0.0,7,26.0,6.0
1,70,21,2.8,10.435960917911057,0.0,7,26.0,6.0
1,70,22,2.8,11.529318392686319,0.0,7,26.0,6.0
1,70,23,2.8,9.874046963822249,0.0,7,26.0,6.0
1,70,24,2.0,13.801116371150602,0.0,4,26.0,6.0
2,70,1,2.8,13.004765044274723,0.0,7,26.0,6.0
2,70,2,2.8,13.050783847746116,0.0,7,26.0,6.0
2,70,3,3.2,9.267915613547807,0.0,7,26.0,6.0
2,70,4,2.8,11.668557006716794,0.0,7,26.0,6.0
2,70,5,2.8,9.997940649650193,0.0,7,26.0,6.0
2,70,6,2.8,9.813468973237011,0.0,7,26.0,6.0
2,70,7,2.0,19.706758662650476,0.0,7,26.0,6.0
2,70,8,2.2,13.865100164284488,0.0,7,26.0,6.0
2,70,9,2.4,13.325470840081898,0.0,7,26.0,6.0
2,70,10,2.2,15.040629584862446,0.0,7,26.0,6.0
2,70,11,2.6,13.475104166370233,0.0,7,26.0,6.0
2,70,12,3.4,8.27145710055445,0.125,7,26.0,6.0
2,70,13,2.8,12.039594005544181,0.0,7,26.0,6.0
2,70,14,2.8,13.703874780599103,0.0,7,26.0,6.0
2,70,15,2.8,11.472385017060024,0.0,7,26.0,6.0
2,70,16,2.8,10.379661117095003,0.0,7,26.0,6.0
2,70,17,2.8,10.900053172037694,0.0,7,26.0,6.0
2,70,18,2.8,12.514974353431377,0.0,7,26.0,6.0
2,70,19,2.8,11.69551842187264,0.0,7,26.0,6.0
2,70,20,2.8,10.734954661585206,0.0,7,26.0,6.0
2,70,21,2.6,10.041618714211658,0.0,7,26.0,6.0
2,70,22,2.4,9.949781137376492,0.0,7,26.0,6.0
2,70,23,2.6,12.188033905473725,0.0,7,26.0,6.0
3,70,1,2.8,9.597425512796766,0.0,7,26.0,6.0
3,70,2,2.8,12.24318650927824,0.0,7,26.0,6.0
3,70,3,2.8,11.12404376310583,0.0,7,26.0,6.0
3,70,4,2.8,9.699572647379723,0.0,7,26.0,6.0
3,70,5,2.8,11.014650028030482,0.0,7,26.0,6.0
3,70,6,2.8,9.605446112418111,0.0,7,26.0,6.0
3,70,7,2.8,10.560078068640964,0.0,7,26.0,6.0
3,70,8,3.4,8.195640798145204,0.125,7,26.0,6.0
3,70,9,3.8,11.9667086449267,0.2222222222222222,7,26.0,6.0
3,70,10,2.8,11.746450270730625,0.0,7,26.0,6.0
3,70,11,2.8,11.025265739919766,0.0,7,26.0,6.0
3,70,12,3.4,9.582372614111714,0.125,7,26.0,6.0
3,70,13,2.8,12.464484557107976,0.0,7,26.0,6.0
3,70,14,2.8,10.803694417964795,0.0,7,26.0,6.0
3,70,15,2.8,12.835435568991937,0.0,7,26.0,6.0
3,70,16,2.8,13.046868754018462,0.0,7,26.0,6.0
3,70,17,2.8,11.220961018663438,0.0,7,26.0,6.0
3,70,18,2.6,13.015188564375196,0.0,7,26.0,6.0
3,70,19,2.4,14.391018102564765,0.0,7,26.0,6.0
3,70,20,2.8,9.676870151405039,0.125,7,26.0,6.0
3,70,21,2.6,10.528326236329333,0.0,7,26.0,6.0
3,70,22,2.2,18.482055522493333,0.0,7,26.0,6.0
1,71,1,2.8,14.95114703976122,0.0,7,26.0,6.0
1,71,2,2.8,13.051210251825287,0.0,7,26.0,6.0
1,71,3,2.8,14.71856905495862,0.0,7,26.0,6.0
1,71,4,2.8,9.768198717825104,0.0,7,26.0,6.0
1,71,5,2.8,10.170836643465451,0.0,7,26.0,6.0
1,71,6,3.0,8.456313618979989,0.125,7,26.0,6.0
1,71,7,1.8,18.13136915689966,0.0,7,26.0,6.0
1,71,8,2.6,11.006294395366254,0.125,7,26.0,6.0
1,71,9,2.2,14.310184970013973,0.0,7,26.0,6.0
1,71,10,3.0,10.25897490645686,0.125,7,26.0,6.0
1,71,11,2.0,19.793025618154875,0.0,7,26.0,6.0
1,71,12,2.8,11.67246952751035,0.125,7,26.0,6.0
1,71,13,2.6,16.351114087439303,0.0,7,26.0,6.0
1,71,14,2.8,12.030241784064335,0.0,7,26.0,6.0
1,71,15,2.0,18.28928008771249,0.0,7,26.0,6.0
1,71,16,2.4,13.604781696060547,0.0,7,26.0,6.0
1,71,17,2.8,13.256195607212469,0.0,7,26.0,6.0
1,71,18,2.8,9.720796583103343,0.0,7,26.0,6.0
1,71,19,2.8,11.127059657609852,0.0,7,26.0,6.0
1,71,20,2.8,9.871661332722324,0.0,7,26.0,6.0
1,71,21,2.8,11.775879434783743,0.0,7,26.0,6.0
1,71,22,2.8,11.973406865079987,0.0,7,26.0,6.0
1,71,23,2.8,11.135371077916766,0.0,7,26.0,6.0
1,71,24,2.2,10.478874413474164,0.0,5,26.0,6.0
2,71,1,2.8,14.762592158165265,0.0,7,26.0,6.0
2,71,2,2.8,11.76991915973338,0.0,7,26.0,6.0
2,71,3,3.0,12.73213521460513,0.0,7,26.0,6.0
2,71,4,2.8,9.854031415441034,0.0,7,26.0,6.0
2,71,5,2.8,9.48261315426128,0.0,7,26.0,6.0
2,71,6,2.8,11.499447451554563,0.0,7,26.0,6.0
2,71,7,2.8,10.17744655026111,0.0,7,26.0,6.0
2,71,8,3.2,8.502405467540685,0.125,7,26.0,6.0
2,71,9,2.2,14.910335710926805,0.0,7,26.0,6.0
2,71,10,2.2,13.274020663284071,0.0,7,26.0,6.0
2,71,11,2.4,11.89131466784554,0.0,7,26.0,6.0
2,71,12,4.0,7.727863391679121,0.2222222222222222,7,26.0,6.0
2,71,13,2.8,10.836622408637444,0.0,7,26.0,6.0
2,71,14,2.8,14.139908039612735,0.0,7,26.0,6.0
2,71,15,2.8,10.06101860825801,0.0,7,26.0,6.0
2,71,16,2.8,9.783213888716219,0.0,7,26.0,6.0
2,71,17,2.8,12.61082751875374,0.0,7,26.0,6.0
2,71,18,2.8,11.262411793219576,0.0,7,26.0,6.0
2,71,19,2.8,12.406773688560621,0.0,7,26.0,6.0
2,71,20,2.8,8.492323469470747,0.0,7,26.0,6.0
2,71,21,1.8,12.423909137863925,0.0,7,26.0,6.0
2,71,22,2.0,17.52922136220416,0.0,7,26.0,6.0
2,71,23,2.5,12.453298440724911,0.2,4,26.0,6.0
3,71,1,2.8,10.005647406124558,0.0,7,26.0,6.0
3,71,2,2.6,13.34192501671512,0.0,7,26.0,6.0
3,71,3,2.8,10.213701806575267,0.0,7,26.0,6.0
3,71,4,2.8,9.656834900446913,0.0,7,26.0,6.0
3,71,5,3.2,8.304733791991508,0.125,7,26.0,6.0
3,71,6,2.8,9.090014123620852,0.0,7,26.0,6.0
3,71,7,2.8,11.970232119848605,0.0,7,26.0,6.0
3,71,8,2.8,11.667282241649822,0.0,7,26.0,6.0
3,71,9,3.8,8.714648355762593,0.2222222222222222,7,26.0,6.0
3,71,10,2.8,10.305190472692136,0.0,7,26.0,6.0
3,71,11,2.8,12.0249893652579,0.0,7,26.0,6.0
3,71,12,3.4,8.018032107610168,0.125,7,26.0,6.0
3,71,13,2.8,12.036402952806045,0.0,7,26.0,6.0
3,71,14,2.8,9.995938164364905,0.0,7,26.0,6.0
3,71,15,2.8,11.609574756157018,0.0,7,26.0,6.0
3,71,16,2.8,12.5700763177304,0.0,7,26.0,6.0
3,71,17,2.8,12.191248052454638,0.0,7,26.0,6.0
3,71,18,2.6,16.452419792459494,0.0,7,26.0,6.0
3,71,19,2.6,13.961213481587487,0.0,7,26.0,6.0
3,71,20,2.4,11.938196384552379,0.0,7,26.0,6.0
3,71,21,2.4,11.267197527274375,0.0,7,26.0,6.0
3,71,22,3.0,9.17933684696338,0.125,7,26.0,6.0
1,72,1,2.8,12.526877860022832,0.0,7,26.0,6.0
1,72,2,2.8,12.330181000283885,0.0,7,26.0,6.0
1,72,3,2.8,12.864673542299156,0.0,7,26.0,6.0
1,72,4,2.8,10.724326856055427,0.0,7,26.0,6.0
1,72,5,2.8,11.128788361128002,0.0,7,26.0,6.0
1,72,6,2.0,14.625223113859532,0.0,7,26.0,6.0
1,72,7,2.2,13.303772561399194,0.0,7,26.0,6.0
1,72,8,1.8,14.560844001003627,0.0,7,26.0,6.0
1,72,9,2.8,12.527309370413892,0.125,7,26.0,6.0
1,72,10,2.2,12.598379683004763,0.0,7,26.0,6.0
1,72,11,2.8,14.17409433481276,0.125,7,26.0,6.0
1,72,12,2.4,12.759987234251794,0.125,7,26.0,6.0
1,72,13,2.0,22.924729694574502,0.0,7,26.0,6.0
1,72,14,2.6,18.446511325726938,0.0,7,26.0,6.0
1,72,15,2.8,10.759550177715642,0.0,7,26.0,6.0
1,72,16,1.8,20.7866061973338,0.0,7,26.0,6.0
1,72,17,2.8,12.017131130864652,0.125,7,26.0,6.0
1,72,18,3.4,9.409607795574109,0.125,7,26.0,6.0
1,72,19,2.8,12.615576816377247,0.0,7,26.0,6.0
1,72,20,2.8,9.600570172924973,0.0,7,26.0,6.0
1,72,21,2.8,9.487658467670805,0.0,7,26.0,6.0
1,72,22,2.8,13.537754568009436,0.0,7,26.0,6.0
1,72,23,2.8,9.42714979670967,0.0,7,26.0,6.0
1,72,24,2.8,10.35486090399239,0.0,7,26.0,6.0
2,72,1,2.8,14.517307859588971,0.0,7,26.0,6.0
2,72,2,2.8,11.1072961320619,0.0,7,26.0,6.0
2,72,3,3.0,12.626991306592894,0.0,7,26.0,6.0
2,72,4,2.8,11.39638251036489,0.0,7,26.0,6.0
2,72,5,2.8,9.128775874943665,0.0,7,26.0,6.0
2,72,6,2.8,11.719801083755137,0.0,7,26.0,6.0
2,72,7,2.2,13.456086125196586,0.0,7,26.0,6.0
2,72,8,3.2,8.475986633105586,0.125,7,26.0,6.0
2,72,9,2.0,16.12823970943652,0.0,7,26.0,6.0
2,72,10,2.0,18.545244156652217,0.0,7,26.0,6.0
2,72,11,2.4,15.785927187316258,0.0,7,26.0,6.0
2,72,12,2.8,8.917650254814056,0.125,7,26.0,6.0
2,72,13,3.4,11.614588592345774,0.125,7,26.0,6.0
2,72,14,2.8,12.121252394156556,0.0,7,26.0,6.0
2,72,15,2.8,11.147625901976278,0.0,7,26.0,6.0
2,72,16,2.8,10.745847454150322,0.0,7,26.0,6.0
2,72,17,2.8,10.054050837588262,0.0,7,26.0,6.0
2,72,18,2.8,12.89073720444207,0.0,7,26.0,6.0
2,72,19,2.8,12.969251327565905,0.0,7,26.0,6.0
2,72,20,2.8,9.906546093844035,0.0,7,26.0,6.0
2,72,21,2.4,11.228940541193573,0.0,7,26.0,6.0
2,72,22,2.0,12.693376335203242,0.0,7,26.0,6.0
2,72,23,2.2,13.008058003413904,0.0,7,26.0,6.0
3,72,1,2.8,10.189002314546567,0.0,7,26.0,6.0
3,72,2,2.8,11.704307787483323,0.0,7,26.0,6.0
3,72,3,2.8,12.236866287672715,0.0,7,26.0,6.0
3,72,4,2.8,9.217193796224565,0.0,7,26.0,6.0
3,72,5,2.8,10.396767419561188,0.0,7,26.0,6.0
3,72,6,2.8,9.312925375699734,0.0,7,26.0,6.0
3,72,7,2.8,10.363253665699672,0.0,7,26.0,6.0
3,72,8,2.8,10.882183327650582,0.0,7,26.0,6.0
3,72,9,2.8,13.525283842927088,0.0,7,26.0,6.0
3,72,10,2.8,9.823892832690625,0.0,7,26.0,6.0
3,72,11,2.8,9.912337603124795,0.0,7,26.0,6.0
3,72,12,2.8,12.510772886793438,0.0,7,26.0,6.0
3,72,13,2.8,9.200207010434186,0.0,7,26.0,6.0
3,72,14,2.8,11.088459758065278,0.0,7,26.0,6.0
3,72,15,2.8,15.339776840843399,0.0,7,26.0,6.0
3,72,16,2.8,11.095454196828689,0.0,7,26.0,6.0
3,72,17,2.8,13.643404775058873,0.0,7,26.0,6.0
3,72,18,2.8,13.391177159767494,0.0,7,26.0,6.0
3,72,19,2.4,15.253787913388736,0.0,7,26.0,6.0
3,72,20,2.6,13.935414835407736,0.0,7,26.0,6.0
3,72,21,3.2,8.573489333144423,0.125,7,26.0,6.0
3,72,22,2.8,10.429052534532364,0.0,7,26.0,6.0
3,72,23,2.0,15.95614448285347,0.0,4,26.0,6.0
1,73,1,2.8,15.253918405992918,0.0,7,26.0,6.0
1,73,2,2.8,12.38084724245994,0.0,7,26.0,6.0
1,73,3,2.8,13.468491322682304,0.0,7,26.0,6.0
1,73,4,2.8,11.244631245387168,0.0,7,26.0,6.0
1,73,5,2.8,11.232508605097152,0.0,7,26.0,6.0
1,73,6,2.2,13.196150752039932,0.0,7,26.0,6.0
1,73,7,2.2,13.632907921120017,0.0,7,26.0,6.0
1,73,8,2.0,13.900216099547288,0.0,7,26.0,6.0
1,73,9,2.8,13.766033721531358,0.0,7,26.0,6.0
1,73,10,2.2,11.516728345305815,0.0,7,26.0,6.0
1,73,11,2.8,15.85548651635155,0.125,7,26.0,6.0
1,73,12,2.6,11.942115186884935,0.125,7,26.0,6.0
1,73,13,2.4,17.87506182832822,0.0,7,26.0,6.0
1,73,14,2.8,14.611649843107855,0.0,7,26.0,6.0
1,73,15,2.4,17.5779226772736,0.0,7,26.0,6.0
1,73,16,1.8,19.47057677344709,0.0,7,26.0,6.0
1,73,17,3.8,8.530222039527954,0.2222222222222222,7,26.0,6.0
1,73,18,2.8,10.463472333924164,0.0,7,26.0,6.0
1,73,19,2.8,10.343955049108017,0.0,7,26.0,6.0
1,73,20,2.8,10.120344086062085,0.0,7,26.0,6.0
1,73,21,2.8,10.485038282297255,0.0,7,26.0,6.0
1,73,22,2.8,12.923505462849809,0.0,7,26.0,6.0
1,73,23,2.8,9.811805760839517,0.0,7,26.0,6.0
1,73,24,2.2,13.155415763630444,0.0,5,26.0,6.0
2,73,1,2.8,12.707543824927697,0.0,7,26.0,6.0
2,73,2,2.8,12.07192572701607,0.0,7,26.0,6.0
2,73,3,3.6,9.608155914711158,0.125,7,26.0,6.0
2,73,4,2.8,10.936828501310142,0.0,7,26.0,6.0
2,73,5,2.8,9.712534437992273,0.0,7,26.0,6.0
2,73,6,2.4,13.945850660994124,0.0,7,26.0,6.0
2,73,7,2.4,14.389823565044383,0.0,7,26.0,6.0
2,73,8,2.4,12.418161807751112,0.0,7,26.0,6.0
2,73,9,2.6,11.871167629338867,0.0,7,26.0,6.0
2,73,10,2.4,14.184491594941443,0.0,7,26.0,6.0
2,73,11,2.6,11.30366357070931,0.0,7,26.0,6.0
2,73,12,2.6,12.021289509541399,0.0,7,26.0,6.0
2,73,13,2.8,12.379774049096728,0.0,7,26.0,6.0
2,73,14,2.8,12.492629928410498,0.0,7,26.0,6.0
2,73,15,2.8,11.977177631571859,0.0,7,26.0,6.0
2,73,16,2.8,10.241991811318702,0.0,7,26.0,6.0
2,73,17,2.8,12.151452275944491,0.0,7,26.0,6.0
2,73,18,2.8,14.110043954765818,0.0,7,26.0,6.0
2,73,19,2.8,11.955211180124335,0.0,7,26.0,6.0
2,73,20,2.8,10.953293787387205,0.0,7,26.0,6.0
2,73,21,2.4,11.208362503862674,0.0,7,26.0,6.0
2,73,22,2.0,11.742902394221174,0.0,7,26.0,6.0
2,73,23,2.2,14.086619061541668,0.0,7,26.0,6.0
3,73,1,2.8,9.235131752384408,0.0,7,26.0,6.0
3,73,2,2.8,11.272855601687706,0.0,7,26.0,6.0
3,73,3,2.8,10.317154255412186,0.0,7,26.0,6.0
3,73,4,2.8,10.46285199898585,0.0,7,26.0,6.0
3,73,5,2.8,10.309145252124544,0.0,7,26.0,6.0
3,73,6,2.8,9.93304485899126,0.0,7,26.0,6.0
3,73,7,2.8,9.378055454427656,0.0,7,26.0,6.0
3,73,8,3.4,9.070793175241384,0.125,7,26.0,6.0
3,73,9,4.0,8.64136896256286,0.2222222222222222,7,26.0,6.0
3,73,10,2.8,12.031576380909927,0.0,7,26.0,6.0
3,73,11,2.8,9.251408148739587,0.0,7,26.0,6.0
3,73,12,2.8,11.116422540206225,0.0,7,26.0,6.0
3,73,13,2.8,12.107887033036837,0.0,7,26.0,6.0
3,73,14,2.8,10.195902939658245,0.0,7,26.0,6.0
3,73,15,2.8,14.70867697934239,0.0,7,26.0,6.0
3,73,16,2.8,12.969919270885631,0.0,7,26.0,6.0
3,73,17,2.8,12.24004404362397,0.0,7,26.0,6.0
3,73,18,2.6,14.133286181132263,0.0,7,26.0,6.0
3,73,19,2.2,14.807956866537515,0.0,7,26.0,6.0
3,73,20,2.4,12.969411733270702,0.0,7,26.0,6.0
3,73,21,2.6,10.237731162281188,0.0,7,26.0,6.0
3,73,22,2.4,11.775915173379284,0.0,7,26.0,6.0
1,74,1,2.8,14.914143632475998,0.0,7,26.0,6.0
1,74,2,2.8,14.425936975139619,0.0,7,26.0,6.0
1,74,3,2.8,11.829270423838306,0.0,7,26.0,6.0
1,74,4,2.8,10.232638072260668,0.0,7,26.0,6.0
1,74,5,2.8,11.108273747630935,0.0,7,26.0,6.0
1,74,6,2.8,9.491575132128506,0.125,7,26.0,6.0
1,74,7,1.8,17.50462498253046,0.0,7,26.0,6.0
1,74,8,2.6,11.647495947538886,0.125,7,26.0,6.0
1,74,9,2.4,12.604994603015601,0.0,7,26.0,6.0
1,74,10,2.8,14.778292564787769,0.0,7,26.0,6.0
1,74,11,2.4,15.535550445834824,0.0,7,26.0,6.0
1,74,12,2.8,13.572172685624878,0.125,7,26.0,6.0
1,74,13,2.4,15.10302100636796,0.0,7,26.0,6.0
1,74,14,2.8,14.62959681829826,0.0,7,26.0,6.0
1,74,15,2.4,16.36763497067239,0.0,7,26.0,6.0
1,74,16,2.4,12.9999913619026,0.0,7,26.0,6.0
1,74,17,2.8,16.933165847644897,0.0,7,26.0,6.0
1,74,18,2.8,12.057401069307732,0.0,7,26.0,6.0
1,74,19,2.8,10.378367163753452,0.0,7,26.0,6.0
1,74,20,2.8,11.935217026414364,0.0,7,26.0,6.0
1,74,21,2.8,11.25778435640454,0.0,7,26.0,6.0
1,74,22,2.8,9.629529949347393,0.0,7,26.0,6.0
1,74,23,2.8,12.262727406803762,0.0,7,26.0,6.0
1,74,24,2.25,12.72687107381574,0.0,4,26.0,6.0
2,74,1,2.8,12.37333737804677,0.0,7,26.0,6.0
2,74,2,2.8,10.165751292887684,0.0,7,26.0,6.0
2,74,3,3.6,10.033744369757965,0.125,7,26.0,6.0
2,74,4,2.8,9.348688775381225,0.0,7,26.0,6.0
2,74,5,2.8,10.097369895208292,0.0,7,26.0,6.0
2,74,6,2.4,11.46281527265579,0.0,7,26.0,6.0
2,74,7,2.4,14.772132410155034,0.0,7,26.0,6.0
2,74,8,2.6,13.474264339062398,0.125,7,26.0,6.0
2,74,9,2.2,14.085474994343173,0.0,7,26.0,6.0
2,74,10,2.4,14.795855397143841,0.0,7,26.0,6.0
2,74,11,2.6,11.987094460385103,0.0,7,26.0,6.0
2,74,12,4.0,7.425167189724774,0.2222222222222222,7,26.0,6.0
2,74,13,2.8,11.756600059534309,0.0,7,26.0,6.0
2,74,14,2.8,14.269604875942806,0.0,7,26.0,6.0
2,74,15,2.8,9.225138383424438,0.0,7,26.0,6.0
2,74,16,2.8,10.98028547173734,0.0,7,26.0,6.0
2,74,17,2.8,12.45516928591232,0.0,7,26.0,6.0
2,74,18,2.8,9.847805258815313,0.0,7,26.0,6.0
2,74,19,2.8,13.131445837717916,0.0,7,26.0,6.0
2,74,20,2.8,12.091803607858443,0.0,7,26.0,6.0
2,74,21,2.4,9.194867931424334,0.0,7,26.0,6.0
2,74,22,2.2,11.994350312185553,0.0,7,26.0,6.0
2,74,23,2.0,22.33179462041066,0.0,4,26.0,6.0
3,74,1,2.8,9.376716635779134,0.0,7,26.0,6.0
3,74,2,2.8,11.749276437661,0.0,7,26.0,6.0
3,74,3,2.8,12.486694042466741,0.0,7,26.0,6.0
3,74,4,2.8,10.218130258662274,0.0,7,26.0,6.0
3,74,5,2.8,9.781547190240063,0.0,7,26.0,6.0
3,74,6,2.8,9.011063777361501,0.0,7,26.0,6.0
3,74,7,2.8,9.27846675687953,0.0,7,26.0,6.0
3,74,8,3.4,9.19350656833186,0.125,7,26.0,6.0
3,74,9,3.8,10.54331798123146,0.2222222222222222,7,26.0,6.0
3,74,10,2.8,11.332903681704803,0.0,7,26.0,6.0
3,74,11,3.6,7.448762478701526,0.125,7,26.0,6.0
3,74,12,2.8,10.121699537111292,0.0,7,26.0,6.0
3,74,13,2.8,10.698090774372742,0.0,7,26.0,6.0
3,74,14,2.8,11.431055914373264,0.0,7,26.0,6.0
3,74,15,2.8,14.415931454463134,0.0,7,26.0,6.0
3,74,16,2.8,15.43321046934641,0.0,7,26.0,6.0
3,74,17,2.8,11.209047599341398,0.0,7,26.0,6.0
3,74,18,2.6,12.890568178378004,0.0,7,26.0,6.0
3,74,19,2.2,15.750822527241098,0.0,7,26.0,6.0
3,74,20,2.8,8.928188588431901,0.125,7,26.0,6.0
3,74,21,2.6,11.877792400376876,0.0,7,26.0,6.0
3,74,22,2.8,10.631880625216086,0.14285714285714285,6,26.0,6.0
1,75,1,2.8,17.56614325856637,0.0,7,26.0,6.0
1,75,2,2.8,14.963253510029043,0.0,7,26.0,6.0
1,75,3,2.8,12.090341091916404,0.0,7,26.0,6.0
1,75,4,2.8,9.961979296656715,0.0,7,26.0,6.0
1,75,5,2.8,11.921372788174326,0.0,7,26.0,6.0
1,75,6,2.0,12.986294715860089,0.0,7,26.0,6.0
1,75,7,2.2,14.349177743828518,0.0,7,26.0,6.0
1,75,8,1.8,16.16200304159028,0.0,7,26.0,6.0
1,75,9,2.6,15.191628919440628,0.125,7,26.0,6.0
1,75,10,2.4,12.255962463263238,0.0,7,26.0,6.0
1,75,11,2.6,14.450316046384254,0.0,7,26.0,6.0
1,75,12,3.0,10.312988917288807,0.125,7,26.0,6.0
1,75,13,2.0,20.247347200025093,0.0,7,26.0,6.0
1,75,14,2.6,18.576231512338925,0.0,7,26.0,6.0
1,75,15,2.8,11.52277126310744,0.0,7,26.0,6.0
1,75,16,1.8,32.775165663716955,0.0,7,26.0,6.0
1,75,17,2.6,11.995666033596688,0.0,7,26.0,6.0
1,75,18,2.8,12.204491354343352,0.0,7,26.0,6.0
1,75,19,2.8,15.78775902833572,0.0,7,26.0,6.0
1,75,20,2.8,8.776498673375954,0.0,7,26.0,6.0
1,75,21,2.8,9.248829217698043,0.0,7,26.0,6.0
1,75,22,2.8,15.076737186276528,0.0,7,26.0,6.0
1,75,23,2.8,10.341526202786744,0.0,7,26.0,6.0
1,75,24,2.8,9.46908281907099,0.0,7,26.0,6.0
2,75,1,2.8,13.73487847952492,0.0,7,26.0,6.0
2,75,2,2.8,12.24105407674791,0.0,7,26.0,6.0
2,75,3,3.0,12.396651091065507,0.0,7,26.0,6.0
2,75,4,2.8,11.525234472854967,0.0,7,26.0,6.0
2,75,5,2.8,9.453299871054224,0.0,7,26.0,6.0
2,75,6,2.8,10.963499609714008,0.0,7,26.0,6.0
2,75,7,2.2,13.545490288281712,0.0,7,26.0,6.0
2,75,8,2.8,10.293230068584904,0.125,7,26.0,6.0
2,75,9,2.4,13.572928484955455,0.0,7,26.0,6.0
2,75,10,2.4,12.498024600979049,0.0,7,26.0,6.0
2,75,11,3.2,9.994276784065379,0.125,7,26.0,6.0
2,75,12,3.0,10.841705352965782,0.125,7,26.0,6.0
2,75,13,2.8,11.778655098599145,0.0,7,26.0,6.0
2,75,14,2.8,11.218311638080639,0.0,7,26.0,6.0
2,75,15,2.8,9.472139282959345,0.0,7,26.0,6.0
2,75,16,2.8,9.9587350093829,0.0,7,26.0,6.0
2,75,17,2.8,13.556395325339405,0.0,7,26.0,6.0
2,75,18,2.8,12.332397087447625,0.0,7,26.0,6.0
2,75,19,2.8,12.686272339459178,0.0,7,26.0,6.0
2,75,20,2.8,10.866815833390614,0.0,7,26.0,6.0
2,75,21,1.8,15.397144604470746,0.0,7,26.0,6.0
2,75,22,1.8,16.880601477165598,0.0,7,26.0,6.0
2,75,23,2.2,15.020698158641887,0.0,7,26.0,6.0
3,75,1,2.8,10.858298190555129,0.0,7,26.0,6.0
3,75,2,2.8,12.218727242403743,0.0,7,26.0,6.0
3,75,3,2.8,10.82861693044754,0.0,7,26.0,6.0
3,75,4,2.8,10.321595029567952,0.0,7,26.0,6.0
3,75,5,2.8,10.361540420332588,0.0,7,26.0,6.0
3,75,6,2.8,9.560402008775457,0.0,7,26.0,6.0
3,75,7,2.8,8.874572291270137,0.0,7,26.0,6.0
3,75,8,2.8,10.729459475824564,0.0,7,26.0,6.0
3,75,9,2.8,11.406440643178987,0.0,7,26.0,6.0
3,75,10,2.8,11.484027637170126,0.0,7,26.0,6.0
3,75,11,2.8,10.99979850093342,0.0,7,26.0,6.0
3,75,12,2.8,10.94376261187196,0.0,7,26.0,6.0
3,75,13,2.8,9.68076315448327,0.0,7,26.0,6.0
3,75,14,2.8,10.51647347978924,0.0,7,26.0,6.0
3,75,15,2.8,14.134462671843831,0.0,7,26.0,6.0
3,75,16,2.8,11.42713900306836,0.0,7,26.0,6.0
3,75,17,2.8,13.922928625609748,0.0,7,26.0,6.0
3,75,18,2.8,11.813397323434938,0.0,7,26.0,6.0
3,75,19,2.8,11.23445048588022,0.0,7,26.0,6.0
3,75,20,2.2,15.78597654282296,0.0,7,26.0,6.0
3,75,21,3.0,9.22873399122266,0.125,7,26.0,6.0
3,75,22,2.6,10.25436732540994,0.0,7,26.0,6.0
3,75,23,2.0,16.209965198618352,0.0,5,26.0,6.0
1,76,1,2.8,16.15349793115103,0.0,7,26.0,6.0
1,76,2,2.8,14.188177644248755,0.0,7,26.0,6.0
1,76,3,2.8,13.620706327724632,0.0,7,26.0,6.0
1,76,4,2.8,10.611022292774473,0.0,7,26.0,6.0
1,76,5,2.8,11.338180381500331,0.0,7,26.0,6.0
1,76,6,3.0,9.233778276146293,0.125,7,26.0,6.0
1,76,7,1.8,19.799422926811612,0.0,7,26.0,6.0
1,76,8,2.4,12.566231421279003,0.0,7,26.0,6.0
1,76,9,2.6,13.103128271189354,0.0,7,26.0,6.0
1,76,10,2.2,17.334757635169662,0.0,7,26.0,6.0
1,76,11,2.8,11.742157994016583,0.0,7,26.0,6.0
1,76,12,2.6,15.756201982164297,0.0,7,26.0,6.0
1,76,13,2.6,16.71392869374186,0.0,7,26.0,6.0
1,76,14,2.8,12.906280401685489,0.0,7,26.0,6.0
1,76,15,2.4,14.410567092226678,0.0,7,26.0,6.0
1,76,16,2.6,12.31201797409833,0.125,7,26.0,6.0
1,76,17,3.4,9.931852074349393,0.125,7,26.0,6.0
1,76,18,2.8,14.222732500775779,0.0,7,26.0,6.0
1,76,19,2.8,9.725524444260346,0.0,7,26.0,6.0
1,76,20,2.8,9.16443502003834,0.0,7,26.0,6.0
1,76,21,2.8,13.767784627166932,0.0,7,26.0,6.0
1,76,22,2.8,10.06515426921152,0.0,7,26.0,6.0
1,76,23,2.8,10.811155380766644,0.0,7,26.0,6.0
2,76,1,2.8,15.317160592995894,0.0,7,26.0,6.0
2,76,2,2.8,11.769919159733329,0.0,7,26.0,6.0
2,76,3,3.0,12.421828608808903,0.0,7,26.0,6.0
2,76,4,2.8,10.587531400699492,0.0,7,26.0,6.0
2,76,5,2.8,8.98131788891044,0.0,7,26.0,6.0
2,76,6,2.8,11.245719412832727,0.0,7,26.0,6.0
2,76,7,2.4,12.710275502836415,0.0,7,26.0,6.0
2,76,8,2.2,13.80061563618157,0.0,7,26.0,6.0
2,76,9,2.6,9.95665790202606,0.0,7,26.0,6.0
2,76,10,2.4,15.240540509865072,0.0,7,26.0,6.0
2,76,11,2.2,16.197022424140663,0.0,7,26.0,6.0
2,76,12,3.6,7.921580610159951,0.2222222222222222,7,26.0,6.0
2,76,13,2.8,12.496968064055043,0.0,7,26.0,6.0
2,76,14,2.8,12.50564901517106,0.0,7,26.0,6.0
2,76,15,2.8,12.685775333583173,0.0,7,26.0,6.0
2,76,16,2.8,8.989397897752522,0.0,7,26.0,6.0
2,76,17,2.8,12.921749744654946,0.0,7,26.0,6.0
2,76,18,2.8,11.747268437772865,0.0,7,26.0,6.0
2,76,19,2.8,12.14414862854245,0.0,7,26.0,6.0
2,76,20,2.8,11.088139158749277,0.0,7,26.0,6.0
2,76,21,2.4,10.218554370817545,0.0,7,26.0,6.0
2,76,22,2.0,13.359116312085842,0.0,7,26.0,6.0
2,76,23,2.8,13.319950857138965,0.125,7,26.0,6.0
3,76,1,2.8,10.70623934148225,0.0,7,26.0,6.0
3,76,2,2.6,15.012061688078234,0.0,7,26.0,6.0
3,76,3,2.8,10.75238344519684,0.0,7,26.0,6.0
3,76,4,2.8,10.170711847141128,0.0,7,26.0,6.0
3,76,5,3.2,8.744034924985073,0.125,7,26.0,6.0
3,76,6,2.6,10.962984792096796,0.0,7,26.0,6.0
3,76,7,2.8,9.139811463765291,0.0,7,26.0,6.0
3,76,8,3.4,9.376737720027881,0.125,7,26.0,6.0
3,76,9,3.8,11.5814867584853,0.2222222222222222,7,26.0,6.0
3,76,10,2.8,11.375058559483735,0.0,7,26.0,6.0
3,76,11,2.8,11.26903563146158,0.0,7,26.0,6.0
3,76,12,3.4,9.030579493710711,0.125,7,26.0,6.0
3,76,13,2.8,13.334065227584718,0.0,7,26.0,6.0
3,76,14,2.8,10.364307790523881,0.0,7,26.0,6.0
3,76,15,2.8,13.915997538138578,0.0,7,26.0,6.0
3,76,16,2.8,12.747742009592923,0.0,7,26.0,6.0
3,76,17,2.8,12.133662649403943,0.0,7,26.0,6.0
3,76,18,2.6,11.924082677953876,0.0,7,26.0,6.0
3,76,19,2.2,26.312633950807736,0.0,7,26.0,6.0
3,76,20,2.4,11.732095517708572,0.0,7,26.0,6.0
3,76,21,2.4,10.603072918308126,0.0,7,26.0,6.0
3,76,22,3.0,10.705761929659927,0.125,7,26.0,6.0
1,77,1,2.8,16.372946272845482,0.0,7,26.0,6.0
1,77,2,2.8,14.357196496410559,0.0,7,26.0,6.0
1,77,3,2.8,13.498661547133576,0.0,7,26.0,6.0
1,77,4,2.8,10.011631741543631,0.0,7,26.0,6.0
1,77,5,2.8,12.137478443291375,0.0,7,26.0,6.0
1,77,6,1.8,19.053752425442994,0.0,7,26.0,6.0
1,77,7,2.4,13.252128780856218,0.0,7,26.0,6.0
1,77,8,2.2,13.505051564315819,0.0,7,26.0,6.0
1,77,9,2.4,15.665147609236062,0.0,7,26.0,6.0
1,77,10,2.2,13.006254683826311,0.0,7,26.0,6.0
1,77,11,2.8,11.431469346124025,0.125,7,26.0,6.0
1,77,12,2.6,12.312022535155066,0.125,7,26.0,6.0
1,77,13,2.2,15.319149067114774,0.0,7,26.0,6.0
1,77,14,2.6,21.114728187950263,0.0,7,26.0,6.0
1,77,15,2.6,10.788834336333458,0.0,7,26.0,6.0
1,77,16,1.8,26.14351334581604,0.0,7,26.0,6.0
1,77,17,3.0,10.943594995738078,0.125,7,26.0,6.0
1,77,18,2.6,12.022083585840573,0.0,7,26.0,6.0
1,77,19,2.8,16.894305677752133,0.0,7,26.0,6.0
1,77,20,2.8,8.82792777477386,0.0,7,26.0,6.0
1,77,21,2.8,10.827567529960508,0.0,7,26.0,6.0
1,77,22,2.8,14.024113994591337,0.0,7,26.0,6.0
1,77,23,2.8,9.524275206114227,0.0,7,26.0,6.0
1,77,24,2.8,10.472948481039746,0.0,7,26.0,6.0
2,77,1,2.8,14.97952987019565,0.0,7,26.0,6.0
2,77,2,2.8,12.465595965997348,0.0,7,26.0,6.0
2,77,3,3.6,10.498782691928605,0.125,7,26.0,6.0
2,77,4,2.8,9.30601523102541,0.0,7,26.0,6.0
2,77,5,2.8,9.697135207384187,0.0,7,26.0,6.0
2,77,6,2.8,9.731145430303133,0.0,7,26.0,6.0
2,77,7,2.6,13.214738965305072,0.0,7,26.0,6.0
2,77,8,3.2,8.577561647481676,0.125,7,26.0,6.0
2,77,9,1.8,22.199831510198067,0.0,7,26.0,6.0
2,77,10,2.2,17.240215499071187,0.0,7,26.0,6.0
2,77,11,3.4,9.063661369681588,0.125,7,26.0,6.0
2,77,12,3.4,10.852208611757721,0.125,7,26.0,6.0
2,77,13,2.8,15.280207920214012,0.0,7,26.0,6.0
2,77,14,2.8,12.816924101071907,0.0,7,26.0,6.0
2,77,15,2.8,9.67952114146356,0.0,7,26.0,6.0
2,77,16,2.8,11.264557138544106,0.0,7,26.0,6.0
2,77,17,2.8,11.9151011995278,0.0,7,26.0,6.0
2,77,18,2.8,10.809612199806335,0.0,7,26.0,6.0
2,77,19,2.8,14.284319177580883,0.0,7,26.0,6.0
2,77,20,2.8,8.391508367340565,0.0,7,26.0,6.0
2,77,21,1.8,11.888006453761566,0.0,7,26.0,6.0
2,77,22,3.0,9.693309213625438,0.125,7,26.0,6.0
3,77,1,2.8,10.48597211048366,0.0,7,26.0,6.0
3,77,2,2.8,13.222526857020258,0.0,7,26.0,6.0
3,77,3,2.6,14.43583655151915,0.0,7,26.0,6.0
3,77,4,2.8,9.61130868108355,0.0,7,26.0,6.0
3,77,5,2.8,10.041442589436764,0.0,7,26.0,6.0
3,77,6,2.8,8.119866494968262,0.0,7,26.0,6.0
3,77,7,2.8,9.631480390584267,0.0,7,26.0,6.0
3,77,8,2.8,12.936892457989597,0.0,7,26.0,6.0
3,77,9,3.8,8.898801931469693,0.2222222222222222,7,26.0,6.0
3,77,10,2.8,10.036732155964431,0.0,7,26.0,6.0
3,77,11,2.8,12.472564002129001,0.0,7,26.0,6.0
3,77,12,4.2,5.751301523333649,0.2222222222222222,7,26.0,6.0
3,77,13,2.8,11.768928334874746,0.0,7,26.0,6.0
3,77,14,2.8,10.225681516309601,0.0,7,26.0,6.0
3,77,15,2.8,14.441744765674189,0.0,7,26.0,6.0
3,77,16,2.8,12.774367380565451,0.0,7,26.0,6.0
3,77,17,2.8,11.078682540421184,0.0,7,26.0,6.0
3,77,18,2.6,12.743995197028473,0.0,7,26.0,6.0
3,77,19,2.6,13.522542665424828,0.0,7,26.0,6.0
3,77,20,3.2,8.729322106112464,0.125,7,26.0,6.0
3,77,21,2.2,12.736618023694113,0.0,7,26.0,6.0
3,77,22,2.4,13.899357831317015,0.0,7,26.0,6.0
1,78,1,2.8,14.380285372212771,0.0,7,26.0,6.0
1,78,2,2.8,14.35719649641056,0.0,7,26.0,6.0
1,78,3,2.8,11.829270423838297,0.0,7,26.0,6.0
1,78,4,2.8,9.643146294997871,0.0,7,26.0,6.0
1,78,5,2.8,12.016462112964454,0.0,7,26.0,6.0
1,78,6,2.4,11.778041623347097,0.125,7,26.0,6.0
1,78,7,2.0,17.02081502124736,0.0,7,26.0,6.0
1,78,8,2.8,8.916473023977636,0.125,7,26.0,6.0
1,78,9,2.0,20.892102505882153,0.0,7,26.0,6.0
1,78,10,2.2,12.44426680335809,0.0,7,26.0,6.0
1,78,11,2.6,15.336651378170824,0.125,7,26.0,6.0
1,78,12,2.0,13.818932305351378,0.0,7,26.0,6.0
1,78,13,2.0,20.43959545116962,0.0,7,26.0,6.0
1,78,14,2.4,18.96350317569646,0.0,7,26.0,6.0
1,78,15,2.8,11.679097856119911,0.0,7,26.0,6.0
1,78,16,2.4,16.293165114172897,0.0,7,26.0,6.0
1,78,17,3.0,10.049337846160816,0.125,7,26.0,6.0
1,78,18,2.6,11.718168869890578,0.0,7,26.0,6.0
1,78,19,2.8,15.583619219783078,0.0,7,26.0,6.0
1,78,20,2.8,9.7570185323018,0.0,7,26.0,6.0
1,78,21,2.8,10.051002848702442,0.0,7,26.0,6.0
1,78,22,2.8,15.114552834503787,0.0,7,26.0,6.0
1,78,23,2.8,9.803169636152326,0.0,7,26.0,6.0
1,78,24,2.8,12.018648460915546,0.0,7,26.0,6.0
2,78,1,2.8,12.78724834861557,0.0,7,26.0,6.0
2,78,2,2.8,11.461136986847263,0.0,7,26.0,6.0
2,78,3,3.6,10.444993949082892,0.125,7,26.0,6.0
2,78,4,2.8,9.643496056105485,0.0,7,26.0,6.0
2,78,5,2.8,10.716606460364611,0.0,7,26.0,6.0
2,78,6,2.6,11.363619628329491,0.0,7,26.0,6.0
2,78,7,1.8,22.932671640298924,0.0,7,26.0,6.0
2,78,8,2.4,11.266734011975586,0.0,7,26.0,6.0
2,78,9,2.2,14.519046698369378,0.0,7,26.0,6.0
2,78,10,2.2,16.025890356302018,0.0,7,26.0,6.0
2,78,11,2.4,14.957996330402413,0.0,7,26.0,6.0
2,78,12,2.8,9.442115512422339,0.125,7,26.0,6.0
2,78,13,3.4,11.741137871279253,0.125,7,26.0,6.0
2,78,14,2.8,11.771024382703871,0.0,7,26.0,6.0
2,78,15,2.8,11.110598833208652,0.0,7,26.0,6.0
2,78,16,2.8,10.103640434590474,0.0,7,26.0,6.0
2,78,17,2.8,13.25864745104295,0.0,7,26.0,6.0
2,78,18,2.8,13.200388935478262,0.0,7,26.0,6.0
2,78,19,2.8,11.650153916578706,0.0,7,26.0,6.0
2,78,20,2.8,14.428138680941672,0.0,7,26.0,6.0
2,78,21,2.6,9.599166768787919,0.0,7,26.0,6.0
2,78,22,2.0,13.640918708860815,0.0,7,26.0,6.0
2,78,23,2.0,13.016639543558913,0.0,7,26.0,6.0
3,78,1,2.8,9.3480534160576,0.0,7,26.0,6.0
3,78,2,2.8,12.170100728158955,0.0,7,26.0,6.0
3,78,3,2.8,10.196749753637894,0.0,7,26.0,6.0
3,78,4,2.8,10.0833613374191,0.0,7,26.0,6.0
3,78,5,2.8,10.054921798102743,0.0,7,26.0,6.0
3,78,6,2.8,10.14728387210833,0.0,7,26.0,6.0
3,78,7,2.8,9.659467433243819,0.0,7,26.0,6.0
3,78,8,3.4,8.87339224121466,0.125,7,26.0,6.0
3,78,9,3.8,10.347112045433908,0.2222222222222222,7,26.0,6.0
3,78,10,2.8,11.086393016200919,0.0,7,26.0,6.0
3,78,11,3.6,7.921489071007123,0.125,7,26.0,6.0
3,78,12,2.8,10.432467312436696,0.0,7,26.0,6.0
3,78,13,2.8,11.146522694906965,0.0,7,26.0,6.0
3,78,14,2.8,10.901317245952786,0.0,7,26.0,6.0
3,78,15,2.8,13.613731037434597,0.0,7,26.0,6.0
3,78,16,2.8,13.522386614363288,0.0,7,26.0,6.0
3,78,17,2.8,10.048810090363972,0.0,7,26.0,6.0
3,78,18,2.8,11.440031083624026,0.0,7,26.0,6.0
3,78,19,2.0,18.86846224795899,0.0,7,26.0,6.0
3,78,20,2.6,9.94791950039757,0.0,7,26.0,6.0
3,78,21,2.4,11.934861317676146,0.0,7,26.0,6.0
3,78,22,3.0,11.74162361536465,0.125,7,26.0,6.0
1,79,1,2.8,16.55284511212667,0.0,7,26.0,6.0
1,79,2,2.8,13.861803873413741,0.0,7,26.0,6.0
1,79,3,2.8,13.11669326177001,0.0,7,26.0,6.0
1,79,4,2.8,10.28503229593919,0.0,7,26.0,6.0
1,79,5,2.8,12.835508623842713,0.0,7,26.0,6.0
1,79,6,2.4,13.196671354847478,0.125,7,26.0,6.0
1,79,7,2.2,15.431458578276501,0.0,7,26.0,6.0
1,79,8,2.2,16.064552853082795,0.0,7,26.0,6.0
1,79,9,2.8,11.603685644367264,0.0,7,26.0,6.0
1,79,10,2.0,22.537698167512996,0.0,7,26.0,6.0
1,79,11,3.0,11.274826964975015,0.125,7,26.0,6.0
1,79,12,2.4,14.835448649088693,0.0,7,26.0,6.0
1,79,13,2.6,17.68532765937657,0.0,7,26.0,6.0
1,79,14,2.8,13.393477701482432,0.0,7,26.0,6.0
1,79,15,2.4,14.757369857408264,0.0,7,26.0,6.0
1,79,16,2.6,11.099773841701829,0.125,7,26.0,6.0
1,79,17,3.4,11.351317695414329,0.125,7,26.0,6.0
1,79,18,2.8,11.278351781303703,0.0,7,26.0,6.0
1,79,19,2.8,9.128912002181904,0.0,7,26.0,6.0
1,79,20,2.8,11.06608767122271,0.0,7,26.0,6.0
1,79,21,2.8,10.412204861652487,0.0,7,26.0,6.0
1,79,22,2.8,9.491079424647637,0.0,7,26.0,6.0
1,79,23,2.8,9.563597970008516,0.0,7,26.0,6.0
2,79,1,2.8,14.87026984718078,0.0,7,26.0,6.0
2,79,2,2.8,10.73681967819152,0.0,7,26.0,6.0
2,79,3,3.6,11.129218011949758,0.125,7,26.0,6.0
2,79,4,2.8,10.820731163882575,0.0,7,26.0,6.0
2,79,5,2.8,10.3188349896388,0.0,7,26.0,6.0
2,79,6,2.4,11.886074406831577,0.0,7,26.0,6.0
2,79,7,1.8,20.64884770017401,0.0,7,26.0,6.0
2,79,8,2.6,10.844041724929252,0.125,7,26.0,6.0
2,79,9,2.4,13.307953171233295,0.0,7,26.0,6.0
2,79,10,2.2,14.396567762494604,0.0,7,26.0,6.0
2,79,11,2.2,16.64891026400454,0.0,7,26.0,6.0
2,79,12,2.2,11.771401714481504,0.0,7,26.0,6.0
2,79,13,2.8,11.994798631742402,0.0,7,26.0,6.0
2,79,14,2.8,12.226647994589468,0.0,7,26.0,6.0
2,79,15,2.8,13.24949224963724,0.0,7,26.0,6.0
2,79,16,2.8,9.061132429954434,0.0,7,26.0,6.0
2,79,17,2.8,10.98028547173734,0.0,7,26.0,6.0
2,79,18,2.8,11.3041549305298,0.0,7,26.0,6.0
2,79,19,2.8,10.900923120856946,0.0,7,26.0,6.0
2,79,20,2.8,13.245196502592684,0.0,7,26.0,6.0
2,79,21,2.8,11.587795427716067,0.0,7,26.0,6.0
2,79,22,2.2,8.634029837189908,0.0,7,26.0,6.0
2,79,23,1.8,18.384610844741413,0.0,7,26.0,6.0
2,79,24,2.2,16.889125568955876,0.16666666666666666,5,26.0,6.0
3,79,1,2.8,10.291875080639446,0.0,7,26.0,6.0
3,79,2,2.8,12.72725383878469,0.0,7,26.0,6.0
3,79,3,2.6,13.276399947562474,0.0,7,26.0,6.0
3,79,4,2.8,9.477269652270316,0.0,7,26.0,6.0
3,79,5,2.8,10.226123855514965,0.0,7,26.0,6.0
3,79,6,2.8,9.334319219165433,0.0,7,26.0,6.0
3,79,7,2.8,9.723352422599543,0.0,7,26.0,6.0
3,79,8,2.8,13.103188226309848,0.0,7,26.0,6.0
3,79,9,3.8,8.898801931469574,0.2222222222222222,7,26.0,6.0
3,79,10,2.8,10.1702492645492,0.0,7,26.0,6.0
3,79,11,2.8,12.49805113825421,0.0,7,26.0,6.0
3,79,12,3.4,8.896715698338125,0.125,7,26.0,6.0
3,79,13,2.8,10.92727388382334,0.0,7,26.0,6.0
3,79,14,2.8,8.593921159507014,0.0,7,26.0,6.0
3,79,15,2.8,14.334746458326329,0.0,7,26.0,6.0
3,79,16,2.8,10.634739160212542,0.0,7,26.0,6.0
3,79,17,2.8,13.801459215663812,0.0,7,26.0,6.0
3,79,18,2.8,13.046438031743973,0.0,7,26.0,6.0
3,79,19,2.6,12.985659453160592,0.0,7,26.0,6.0
3,79,20,3.0,8.290245368701214,0.125,7,26.0,6.0
3,79,21,2.4,11.981622556362003,0.0,7,26.0,6.0
3,79,22,2.6,12.072762312187193,0.0,7,26.0,6.0
1,80,1,2.8,14.877322936480667,0.0,7,26.0,6.0
1,80,2,2.8,13.89376400432613,0.0,7,26.0,6.0
1,80,3,2.8,13.682560054255756,0.0,7,26.0,6.0
1,80,4,2.8,10.180774958461312,0.0,7,26.0,6.0
1,80,5,2.8,12.945807503481216,0.0,7,26.0,6.0
1,80,6,2.8,10.21565397809839,0.125,7,26.0,6.0
1,80,7,1.8,14.760506136353758,0.0,7,26.0,6.0
1,80,8,2.2,13.011993975512883,0.0,7,26.0,6.0
1,80,9,2.8,9.98810954500988,0.0,7,26.0,6.0
1,80,10,2.0,17.96800355322048,0.0,7,26.0,6.0
1,80,11,3.0,14.36590163409832,0.125,7,26.0,6.0
1,80,12,2.2,14.575693621061593,0.125,7,26.0,6.0
1,80,13,3.0,11.04908444627646,0.125,7,26.0,6.0
1,80,14,2.6,14.14451876701255,0.0,7,26.0,6.0
1,80,15,2.2,15.008240820300976,0.0,7,26.0,6.0
1,80,16,1.8,19.993879394531767,0.0,7,26.0,6.0
1,80,17,4.0,8.739359894299634,0.2222222222222222,7,26.0,6.0
1,80,18,2.8,11.439399496485702,0.0,7,26.0,6.0
1,80,19,2.8,9.788336159370344,0.0,7,26.0,6.0
1,80,20,2.8,10.978476935817302,0.0,7,26.0,6.0
1,80,21,2.8,12.52092587942279,0.0,7,26.0,6.0
1,80,22,2.8,10.165599195167657,0.0,7,26.0,6.0
1,80,23,2.8,10.258638765287479,0.0,7,26.0,6.0
1,80,24,2.25,12.593880730572884,0.0,4,26.0,6.0
2,80,1,2.8,15.630315335050213,0.0,7,26.0,6.0
2,80,2,2.8,11.087161128541162,0.0,7,26.0,6.0
2,80,3,3.0,12.321727217436003,0.0,7,26.0,6.0
2,80,4,2.8,11.086514803767296,0.0,7,26.0,6.0
2,80,5,2.8,8.787750563854539,0.0,7,26.0,6.0
2,80,6,2.8,11.123008338999284,0.0,7,26.0,6.0
2,80,7,2.6,13.86249142388212,0.0,7,26.0,6.0
2,80,8,2.8,10.044413774926179,0.0,7,26.0,6.0
2,80,9,2.8,11.214518842648395,0.0,7,26.0,6.0
2,80,10,2.4,12.815801432239796,0.0,7,26.0,6.0
2,80,11,3.0,9.708030871930163,0.125,7,26.0,6.0
2,80,12,3.4,11.250648052690314,0.125,7,26.0,6.0
2,80,13,2.8,13.02514883554399,0.0,7,26.0,6.0
2,80,14,2.8,11.88321468249786,0.0,7,26.0,6.0
2,80,15,2.8,9.9964606348522,0.0,7,26.0,6.0
2,80,16,2.8,12.102289251869001,0.0,7,26.0,6.0
2,80,17,2.8,11.209190802464423,0.0,7,26.0,6.0
2,80,18,2.8,11.74315349099136,0.0,7,26.0,6.0
2,80,19,2.8,16.077684648415744,0.0,7,26.0,6.0
2,80,20,2.8,10.638950643805893,0.0,7,26.0,6.0
2,80,21,1.8,13.39011709391123,0.0,7,26.0,6.0
2,80,22,1.8,14.986194076376265,0.0,7,26.0,6.0
2,80,23,2.0,14.42823018565307,0.0,5,26.0,6.0
3,80,1,2.8,10.432314217819822,0.0,7,26.0,6.0
3,80,2,2.8,11.659682046832483,0.0,7,26.0,6.0
3,80,3,2.8,13.418103226934825,0.0,7,26.0,6.0
3,80,4,2.8,9.563077942141627,0.0,7,26.0,6.0
3,80,5,2.8,9.319501492717903,0.0,7,26.0,6.0
3,80,6,2.8,9.853034648833056,0.0,7,26.0,6.0
3,80,7,2.8,9.974531357660103,0.0,7,26.0,6.0
3,80,8,2.8,10.348230220659776,0.0,7,26.0,6.0
3,80,9,2.8,12.870651074429114,0.0,7,26.0,6.0
3,80,10,2.8,12.193798100869664,0.0,7,26.0,6.0
3,80,11,2.8,11.079503954553667,0.0,7,26.0,6.0
3,80,12,2.8,10.657710702911137,0.0,7,26.0,6.0
3,80,13,2.8,8.918478585077231,0.0,7,26.0,6.0
3,80,14,2.8,11.18989532314131,0.0,7,26.0,6.0
3,80,15,2.8,11.83666871898923,0.0,7,26.0,6.0
3,80,16,2.8,13.706273222544217,0.0,7,26.0,6.0
3,80,17,2.8,14.587055777367814,0.0,7,26.0,6.0
3,80,18,2.8,11.395207323900078,0.0,7,26.0,6.0
3,80,19,2.8,11.866568216944362,0.0,7,26.0,6.0
3,80,20,2.4,13.996076403495149,0.0,7,26.0,6.0
3,80,21,3.2,7.685981392043859,0.125,7,26.0,6.0
3,80,22,2.6,12.943406635374027,0.0,7,26.0,6.0
3,80,23,2.0,16.274580382649813,0.0,4,26.0,6.0
1,81,1,2.8,14.624582238158515,0.0,7,26.0,6.0
1,81,2,2.8,12.966958479983889,0.0,7,26.0,6.0
1,81,3,2.8,12.465493885088122,0.0,7,26.0,6.0
1,81,4,2.8,10.061781620649604,0.0,7,26.0,6.0
1,81,5,2.8,12.489667840947181,0.0,7,26.0,6.0
1,81,6,2.8,10.25040809100818,0.125,7,26.0,6.0
1,81,7,2.2,13.720915146304627,0.0,7,26.0,6.0
1,81,8,2.6,10.717385903328744,0.125,7,26.0,6.0
1,81,9,2.2,13.78763013772014,0.0,7,26.0,6.0
1,81,10,2.8,12.860596200319208,0.125,7,26.0,6.0
1,81,11,2.4,13.494299106142213,0.0,7,26.0,6.0
1,81,12,3.0,13.086775379270547,0.125,7,26.0,6.0
1,81,13,2.6,16.057674435403634,0.0,7,26.0,6.0
1,81,14,2.6,13.407182798587394,0.0,7,26.0,6.0
1,81,15,2.0,20.883062967633233,0.0,7,26.0,6.0
1,81,16,2.6,11.993461796781355,0.125,7,26.0,6.0
1,81,17,3.4,9.189694255924726,0.125,7,26.0,6.0
1,81,18,2.8,14.461661103831013,0.0,7,26.0,6.0
1,81,19,2.8,9.108133054598891,0.0,7,26.0,6.0
1,81,20,2.8,9.695240846207762,0.0,7,26.0,6.0
1,81,21,2.8,12.912258724996132,0.0,7,26.0,6.0
1,81,22,2.8,9.692791687393742,0.0,7,26.0,6.0
1,81,23,2.8,10.1041763760164,0.0,7,26.0,6.0
2,81,1,2.8,13.922470945291337,0.0,7,26.0,6.0
2,81,2,2.8,10.250942798720057,0.0,7,26.0,6.0
2,81,3,3.0,12.150377885695598,0.0,7,26.0,6.0
2,81,4,2.8,12.414178358075336,0.0,7,26.0,6.0
2,81,5,2.8,9.115170818234636,0.0,7,26.0,6.0
2,81,6,2.8,11.833175364696167,0.0,7,26.0,6.0
2,81,7,2.8,11.970128046621413,0.0,7,26.0,6.0
2,81,8,2.8,9.955292397505916,0.125,7,26.0,6.0
2,81,9,2.2,15.767723556360192,0.0,7,26.0,6.0
2,81,10,2.2,14.19353429364079,0.0,7,26.0,6.0
2,81,11,3.0,10.87214737648317,0.125,7,26.0,6.0
2,81,12,3.4,9.253324414816511,0.125,7,26.0,6.0
2,81,13,2.8,12.350092172627559,0.0,7,26.0,6.0
2,81,14,2.8,10.813289609650495,0.0,7,26.0,6.0
2,81,15,2.8,9.482589844514463,0.0,7,26.0,6.0
2,81,16,2.8,11.99217333361282,0.0,7,26.0,6.0
2,81,17,2.8,10.940190866951635,0.0,7,26.0,6.0
2,81,18,2.8,10.489613886452064,0.0,7,26.0,6.0
2,81,19,2.8,15.14785346455659,0.0,7,26.0,6.0
2,81,20,2.8,10.265272486745788,0.0,7,26.0,6.0
2,81,21,2.2,9.922742492950293,0.0,7,26.0,6.0
2,81,22,1.8,17.490818763724747,0.0,7,26.0,6.0
2,81,23,2.75,11.193140571437363,0.2,4,26.0,6.0
3,81,1,2.8,9.704018195443044,0.0,7,26.0,6.0
3,81,2,2.8,10.814410202327075,0.0,7,26.0,6.0
3,81,3,2.6,14.856627547229968,0.0,7,26.0,6.0
3,81,4,2.8,8.634367228387584,0.0,7,26.0,6.0
3,81,5,3.2,9.505019631317895,0.125,7,26.0,6.0
3,81,6,2.8,9.213251658184872,0.0,7,26.0,6.0
3,81,7,2.8,11.20283269956629,0.0,7,26.0,6.0
3,81,8,2.8,11.363792487276129,0.0,7,26.0,6.0
3,81,9,3.8,8.930980436272156,0.2222222222222222,7,26.0,6.0
3,81,10,2.8,8.536121644295013,0.0,7,26.0,6.0
3,81,11,2.8,13.135500121194378,0.0,7,26.0,6.0
3,81,12,3.4,7.965817604035157,0.125,7,26.0,6.0
3,81,13,2.8,11.942393594057984,0.0,7,26.0,6.0
3,81,14,2.8,10.511314965093494,0.0,7,26.0,6.0
3,81,15,2.8,14.033685418335189,0.0,7,26.0,6.0
3,81,16,2.8,12.416957920599982,0.0,7,26.0,6.0
3,81,17,2.8,10.06468921978052,0.0,7,26.0,6.0
3,81,18,2.6,14.399483111255227,0.0,7,26.0,6.0
3,81,19,2.6,13.74163856351561,0.0,7,26.0,6.0
3,81,20,2.4,11.298630175180119,0.0,7,26.0,6.0
3,81,21,2.6,9.475674621810864,0.0,7,26.0,6.0
3,81,22,2.8,10.606063477960866,0.125,7,26.0,6.0
1,82,1,2.8,14.4492476530675,0.0,7,26.0,6.0
1,82,2,2.8,14.530290824542034,0.0,7,26.0,6.0
1,82,3,2.8,13.202908516007724,0.0,7,26.0,6.0
1,82,4,2.8,10.095494929548824,0.0,7,26.0,6.0
1,82,5,2.8,10.435022903402164,0.0,7,26.0,6.0
1,82,6,2.0,17.021244472134715,0.0,7,26.0,6.0
1,82,7,2.2,16.69461812579905,0.0,7,26.0,6.0
1,82,8,1.8,15.378343845820549,0.0,7,26.0,6.0
1,82,9,2.6,11.916972970496966,0.125,7,26.0,6.0
1,82,10,2.2,12.126360441608183,0.0,7,26.0,6.0
1,82,11,2.4,18.62663393129928,0.0,7,26.0,6.0
1,82,12,3.4,9.277095177447093,0.125,7,26.0,6.0
1,82,13,2.0,23.210899374096314,0.0,7,26.0,6.0
1,82,14,2.8,16.3296699840072,0.0,7,26.0,6.0
1,82,15,2.6,10.52878897110405,0.0,7,26.0,6.0
1,82,16,2.0,22.087790850589222,0.0,7,26.0,6.0
1,82,17,3.6,10.124421750400892,0.2222222222222222,7,26.0,6.0
1,82,18,2.8,10.329273652931048,0.0,7,26.0,6.0
1,82,19,2.8,16.06893560816604,0.0,7,26.0,6.0
1,82,20,2.8,9.57178538077685,0.0,7,26.0,6.0
1,82,21,2.8,9.492520813742322,0.0,7,26.0,6.0
1,82,22,2.8,12.78737360388204,0.0,7,26.0,6.0
1,82,23,2.8,10.168202361621153,0.0,7,26.0,6.0
1,82,24,2.6,10.317106308686137,0.0,6,26.0,6.0
2,82,1,2.8,15.16524211341254,0.0,7,26.0,6.0
2,82,2,2.8,10.199657410239556,0.0,7,26.0,6.0
2,82,3,3.6,11.817326412510601,0.125,7,26.0,6.0
2,82,4,2.8,11.015620726908503,0.0,7,26.0,6.0
2,82,5,2.8,10.080727220332504,0.0,7,26.0,6.0
2,82,6,2.8,9.460213369795285,0.0,7,26.0,6.0
2,82,7,2.4,14.86067807617884,0.0,7,26.0,6.0
2,82,8,1.8,18.883857624217427,0.0,7,26.0,6.0
2,82,9,2.4,12.279245640921255,0.0,7,26.0,6.0
2,82,10,1.8,20.413376612953634,0.0,7,26.0,6.0
2,82,11,2.4,14.031458807381881,0.0,7,26.0,6.0
2,82,12,3.2,8.217737626934088,0.125,7,26.0,6.0
2,82,13,3.4,10.480177828866207,0.125,7,26.0,6.0
2,82,14,2.8,13.36627976546812,0.0,7,26.0,6.0
2,82,15,2.8,11.333540501908274,0.0,7,26.0,6.0
2,82,16,2.8,10.542104005567863,0.0,7,26.0,6.0
2,82,17,2.8,12.550412091352317,0.0,7,26.0,6.0
2,82,18,2.8,10.683957495361852,0.0,7,26.0,6.0
2,82,19,2.8,12.391190397356782,0.0,7,26.0,6.0
2,82,20,2.8,13.28487980072401,0.0,7,26.0,6.0
2,82,21,2.0,13.184552155049417,0.0,7,26.0,6.0
2,82,22,1.8,12.782440479390075,0.0,7,26.0,6.0
2,82,23,2.0,13.450189455292211,0.0,7,26.0,6.0
2,82,24,2.0,24.210268522950177,0.0,4,26.0,6.0
3,82,1,2.8,10.743853384483987,0.0,7,26.0,6.0
3,82,2,2.8,11.549592427341773,0.0,7,26.0,6.0
3,82,3,2.8,11.743455745066278,0.0,7,26.0,6.0
3,82,4,2.8,9.175709604381408,0.0,7,26.0,6.0
3,82,5,2.8,10.994849216933561,0.0,7,26.0,6.0
3,82,6,2.8,9.72766522981821,0.0,7,26.0,6.0
3,82,7,2.8,9.005239220696941,0.0,7,26.0,6.0
3,82,8,2.8,12.821226802817302,0.0,7,26.0,6.0
3,82,9,2.8,13.768872895271187,0.0,7,26.0,6.0
3,82,10,2.8,11.484027637169927,0.0,7,26.0,6.0
3,82,11,2.8,11.367806192272889,0.0,7,26.0,6.0
3,82,12,3.6,7.601884376924486,0.125,7,26.0,6.0
3,82,13,2.8,10.155964712209014,0.0,7,26.0,6.0
3,82,14,2.8,10.462005661400834,0.0,7,26.0,6.0
3,82,15,2.8,14.612825852264802,0.0,7,26.0,6.0
3,82,16,2.8,11.125995163525259,0.0,7,26.0,6.0
3,82,17,2.8,16.420014545920523,0.0,7,26.0,6.0
3,82,18,2.8,11.223828939876471,0.0,7,26.0,6.0
3,82,19,2.4,14.268179157075254,0.0,7,26.0,6.0
3,82,20,2.6,13.003617276276215,0.0,7,26.0,6.0
3,82,21,3.0,8.009291575402608,0.125,7,26.0,6.0
3,82,22,2.2,11.667828778311485,0.0,7,26.0,6.0
3,82,23,2.0,14.888022919569108,0.0,4,26.0,6.0
1,83,1,2.8,15.370643330222183,0.0,7,26.0,6.0
1,83,2,2.8,12.966958479983886,0.0,7,26.0,6.0
1,83,3,2.8,12.809978740050411,0.0,7,26.0,6.0
1,83,4,2.8,8.772753561820041,0.0,7,26.0,6.0
1,83,5,2.8,13.114856588017389,0.0,7,26.0,6.0
1,83,6,1.8,15.168800433866256,0.0,7,26.0,6.0
1,83,7,2.2,14.07500198600306,0.0,7,26.0,6.0
1,83,8,1.6,24.138823118113446,0.0,7,26.0,6.0
1,83,9,2.6,10.082775159050373,0.125,7,26.0,6.0
1,83,10,2.2,12.536171636670076,0.0,7,26.0,6.0
1,83,11,2.8,15.508242891719838,0.125,7,26.0,6.0
1,83,12,2.4,12.851350729568587,0.0,7,26.0,6.0
1,83,13,2.6,15.310380456170986,0.0,7,26.0,6.0
1,83,14,2.8,17.47594510195084,0.0,7,26.0,6.0
1,83,15,2.8,10.429150640300618,0.0,7,26.0,6.0
1,83,16,2.4,15.466852096083464,0.0,7,26.0,6.0
1,83,17,2.6,11.370182059111128,0.0,7,26.0,6.0
1,83,18,2.8,10.89136643608957,0.0,7,26.0,6.0
1,83,19,2.8,12.084304777848795,0.0,7,26.0,6.0
1,83,20,2.8,9.867831774571034,0.0,7,26.0,6.0
1,83,21,2.8,11.366779010852293,0.0,7,26.0,6.0
1,83,22,2.8,15.060266438110034,0.0,7,26.0,6.0
1,83,23,2.8,8.885056436706737,0.0,7,26.0,6.0
1,83,24,2.8,11.243604631810166,0.0,7,26.0,6.0
2,83,1,2.8,13.673466028198774,0.0,7,26.0,6.0
2,83,2,2.8,10.870399918760222,0.0,7,26.0,6.0
2,83,3,3.6,10.872035251118243,0.125,7,26.0,6.0
2,83,4,2.8,11.135960981369887,0.0,7,26.0,6.0
2,83,5,2.8,9.712534437992202,0.0,7,26.0,6.0
2,83,6,2.6,13.146739813379627,0.0,7,26.0,6.0
2,83,7,1.8,19.621886966944725,0.0,7,26.0,6.0
2,83,8,2.8,10.85980643972176,0.125,7,26.0,6.0
2,83,9,2.2,13.777102054333692,0.0,7,26.0,6.0
2,83,10,2.0,17.981127024500157,0.0,7,26.0,6.0
2,83,11,2.2,15.509034942735342,0.0,7,26.0,6.0
2,83,12,2.8,8.828770219300026,0.125,7,26.0,6.0
2,83,13,3.4,9.978764961072883,0.125,7,26.0,6.0
2,83,14,2.8,12.941669985868458,0.0,7,26.0,6.0
2,83,15,2.8,11.934445337353573,0.0,7,26.0,6.0
2,83,16,2.8,9.859331356915407,0.0,7,26.0,6.0
2,83,17,2.8,12.225080624285972,0.0,7,26.0,6.0
2,83,18,2.8,11.686958450099038,0.0,7,26.0,6.0
2,83,19,2.8,11.762178264492597,0.0,7,26.0,6.0
2,83,20,2.8,12.25915999426626,0.0,7,26.0,6.0
2,83,21,2.6,9.659810390503548,0.0,7,26.0,6.0
2,83,22,1.6,16.153525102303046,0.0,7,26.0,6.0
2,83,23,2.0,12.11776130473263,0.0,7,26.0,6.0
2,83,24,2.0,20.549756767266004,0.0,4,26.0,6.0
3,83,1,2.8,10.071553359044335,0.0,7,26.0,6.0
3,83,2,2.8,13.5446317673617,0.0,7,26.0,6.0
3,83,3,2.8,11.267497276927925,0.0,7,26.0,6.0
3,83,4,2.8,10.776245124038818,0.0,7,26.0,6.0
3,83,5,2.8,9.221145999503904,0.0,7,26.0,6.0
3,83,6,2.8,9.66616935169979,0.0,7,26.0,6.0
3,83,7,2.8,10.783502792599197,0.0,7,26.0,6.0
3,83,8,3.4,8.329580802036167,0.125,7,26.0,6.0
3,83,9,2.8,17.516468905831214,0.0,7,26.0,6.0
3,83,10,2.8,10.866876425704117,0.0,7,26.0,6.0
3,83,11,2.8,11.517096416326632,0.0,7,26.0,6.0
3,83,12,2.8,12.014110018834568,0.0,7,26.0,6.0
3,83,13,2.8,10.04689895042269,0.0,7,26.0,6.0
3,83,14,2.8,10.54111493551363,0.0,7,26.0,6.0
3,83,15,2.8,13.881804727359,0.0,7,26.0,6.0
3,83,16,2.8,10.748896651907492,0.0,7,26.0,6.0
3,83,17,2.8,12.995820888903838,0.0,7,26.0,6.0
3,83,18,2.8,10.380219401864464,0.0,7,26.0,6.0
3,83,19,2.4,13.253188590380718,0.0,7,26.0,6.0
3,83,20,2.4,12.353737907808517,0.0,7,26.0,6.0
3,83,21,3.0,8.702322499425449,0.125,7,26.0,6.0
3,83,22,2.8,13.132709224411462,0.125,7,26.0,6.0
1,84,1,2.8,12.902377482219178,0.0,7,26.0,6.0
1,84,2,2.8,12.230082467766676,0.0,7,26.0,6.0
1,84,3,2.8,13.559409319515098,0.0,7,26.0,6.0
1,84,4,2.8,9.799970247198328,0.0,7,26.0,6.0
1,84,5,2.8,12.064577904122283,0.0,7,26.0,6.0
1,84,6,3.0,8.082043556475988,0.125,7,26.0,6.0
1,84,7,2.2,12.14913252864431,0.0,7,26.0,6.0
1,84,8,2.6,12.483375448487857,0.125,7,26.0,6.0
1,84,9,2.6,9.356416183308934,0.0,7,26.0,6.0
1,84,10,2.8,15.62890790444701,0.125,7,26.0,6.0
1,84,11,2.0,17.101537811863732,0.0,7,26.0,6.0
1,84,12,2.2,21.4185960461787,0.0,7,26.0,6.0
1,84,13,2.4,16.57518951671305,0.0,7,26.0,6.0
1,84,14,2.8,14.29114576871781,0.0,7,26.0,6.0
1,84,15,2.2,15.996407543638943,0.0,7,26.0,6.0
1,84,16,2.0,21.093258235517823,0.0,7,26.0,6.0
1,84,17,2.8,12.496106829676666,0.0,7,26.0,6.0
1,84,18,2.8,9.635582836558555,0.0,7,26.0,6.0
1,84,19,2.8,11.908886593763153,0.0,7,26.0,6.0
1,84,20,2.8,9.026924958126575,0.0,7,26.0,6.0
1,84,21,2.8,10.706875928958729,0.0,7,26.0,6.0
1,84,22,2.8,12.44408717638195,0.0,7,26.0,6.0
1,84,23,2.8,8.776179373667443,0.0,7,26.0,6.0
1,84,24,2.6,10.682908490453368,0.0,6,26.0,6.0
2,84,1,2.8,12.654957200686924,0.0,7,26.0,6.0
2,84,2,2.8,10.533415182746413,0.0,7,26.0,6.0
2,84,3,3.6,10.356560463682195,0.125,7,26.0,6.0
2,84,4,2.8,10.309995579161692,0.0,7,26.0,6.0
2,84,5,2.8,9.413556394157457,0.0,7,26.0,6.0
2,84,6,2.6,10.936889971970686,0.0,7,26.0,6.0
2,84,7,2.4,12.659556972820983,0.0,7,26.0,6.0
2,84,8,2.8,10.136789686082341,0.125,7,26.0,6.0
2,84,9,2.2,14.848968933119814,0.0,7,26.0,6.0
2,84,10,2.2,14.095401927552436,0.0,7,26.0,6.0
2,84,11,3.4,8.044942916445413,0.125,7,26.0,6.0
2,84,12,3.0,11.986050004608254,0.125,7,26.0,6.0
2,84,13,2.8,11.987017789809363,0.0,7,26.0,6.0
2,84,14,2.8,11.504867961871362,0.0,7,26.0,6.0
2,84,15,2.8,9.156086460206929,0.0,7,26.0,6.0
2,84,16,2.8,12.2811352830441,0.0,7,26.0,6.0
2,84,17,2.8,10.691572708657807,0.0,7,26.0,6.0
2,84,18,2.8,10.804636390995437,0.0,7,26.0,6.0
2,84,19,2.8,14.03547828432961,0.0,7,26.0,6.0
2,84,20,2.6,11.208090772584182,0.0,7,26.0,6.0
2,84,21,2.0,11.063952633543407,0.0,7,26.0,6.0
2,84,22,2.0,12.47492291740401,0.0,7,26.0,6.0
2,84,23,2.4,11.238077857899496,0.16666666666666666,5,26.0,6.0
3,84,1,2.8,9.612509443537213,0.0,7,26.0,6.0
3,84,2,2.8,11.615395308308138,0.0,7,26.0,6.0
3,84,3,2.6,12.830768353185057,0.0,7,26.0,6.0
3,84,4,2.8,8.937173558189311,0.0,7,26.0,6.0
3,84,5,3.2,8.572454357175141,0.125,7,26.0,6.0
3,84,6,2.8,8.266822446720786,0.0,7,26.0,6.0
3,84,7,2.8,9.786670755427252,0.0,7,26.0,6.0
3,84,8,2.8,12.425802396706382,0.0,7,26.0,6.0
3,84,9,3.8,9.98027424335705,0.2222222222222222,7,26.0,6.0
3,84,10,2.8,9.06765155534282,0.0,7,26.0,6.0
3,84,11,2.8,13.079319729239051,0.0,7,26.0,6.0
3,84,12,2.6,11.21040173715946,0.0,7,26.0,6.0
3,84,13,2.8,11.039356117058336,0.0,7,26.0,6.0
3,84,14,2.8,8.86169919758743,0.0,7,26.0,6.0
3,84,15,2.8,16.08098649349821,0.0,7,26.0,6.0
3,84,16,2.8,10.158590260399457,0.0,7,26.0,6.0
3,84,17,2.8,13.662788777431343,0.0,7,26.0,6.0
3,84,18,2.8,12.647487819389461,0.0,7,26.0,6.0
3,84,19,2.4,13.89467861928123,0.0,7,26.0,6.0
3,84,20,2.4,12.73119320687638,0.0,7,26.0,6.0
3,84,21,3.0,9.698453263039928,0.125,7,26.0,6.0
3,84,22,2.2,13.495803288569626,0.0,7,26.0,6.0
3,84,23,2.0,12.687521346686314,0.0,4,26.0,6.0
1,85,1,2.8,14.624582238158515,0.0,7,26.0,6.0
1,85,2,2.8,15.422810836028797,0.0,7,26.0,6.0
1,85,3,2.8,13.871538435622815,0.0,7,26.0,6.0
1,85,4,2.8,10.146490635768188,0.0,7,26.0,6.0
1,85,5,2.8,10.61890611040989,0.0,7,26.0,6.0
1,85,6,2.4,10.729487287177363,0.125,7,26.0,6.0
1,85,7,2.0,18.59662807589869,0.0,7,26.0,6.0
1,85,8,2.8,9.598170489258269,0.125,7,26.0,6.0
1,85,9,2.0,19.664902542987203,0.0,7,26.0,6.0
1,85,10,2.0,13.415174244259733,0.0,7,26.0,6.0
1,85,11,2.8,19.132483483573232,0.0,7,26.0,6.0
1,85,12,2.4,15.503940301315133,0.125,7,26.0,6.0
1,85,13,1.8,19.71360681824482,0.0,7,26.0,6.0
1,85,14,2.6,17.282612580009015,0.0,7,26.0,6.0
1,85,15,2.8,10.895731462836178,0.0,7,26.0,6.0
1,85,16,1.8,25.76331515393289,0.0,7,26.0,6.0
1,85,17,2.8,10.257887231096383,0.125,7,26.0,6.0
1,85,18,2.6,15.949435144215293,0.0,7,26.0,6.0
1,85,19,2.8,10.402250454170114,0.0,7,26.0,6.0
1,85,20,2.8,9.942240372057206,0.0,7,26.0,6.0
1,85,21,2.8,12.309343707332271,0.0,7,26.0,6.0
1,85,22,2.8,12.5347288410009,0.0,7,26.0,6.0
1,85,23,2.8,10.35551376129809,0.0,7,26.0,6.0
1,85,24,2.8,9.925914855625486,0.0,7,26.0,6.0
2,85,1,2.8,13.287293395452961,0.0,7,26.0,6.0
2,85,2,2.8,10.081964101754085,0.0,7,26.0,6.0
2,85,3,3.0,13.142522825189163,0.0,7,26.0,6.0
2,85,4,2.8,12.118997014461533,0.0,7,26.0,6.0
2,85,5,2.8,9.0611537137232,0.0,7,26.0,6.0
2,85,6,2.8,11.608578675607633,0.0,7,26.0,6.0
2,85,7,2.6,10.541420045594215,0.0,7,26.0,6.0
2,85,8,2.4,13.3389981332541,0.0,7,26.0,6.0
2,85,9,2.6,13.645714716558375,0.0,7,26.0,6.0
2,85,10,2.2,16.10476819906608,0.0,7,26.0,6.0
2,85,11,2.2,15.403163110402051,0.0,7,26.0,6.0
2,85,12,3.4,7.5799378557794235,0.125,7,26.0,6.0
2,85,13,2.8,13.489207776842457,0.0,7,26.0,6.0
2,85,14,2.8,11.345720268834274,0.0,7,26.0,6.0
2,85,15,2.8,11.199139356932921,0.0,7,26.0,6.0
2,85,16,2.8,9.12349357391728,0.0,7,26.0,6.0
2,85,17,2.8,11.687158316652628,0.0,7,26.0,6.0
2,85,18,2.8,11.504210725272966,0.0,7,26.0,6.0
2,85,19,2.8,10.832146785152675,0.0,7,26.0,6.0
2,85,20,2.8,12.193432771265543,0.0,7,26.0,6.0
2,85,21,2.6,9.681634185364189,0.0,7,26.0,6.0
2,85,22,2.0,14.158115995108208,0.0,7,26.0,6.0
2,85,23,2.6,12.486629309468444,0.0,7,26.0,6.0
3,85,1,2.8,10.450139061467373,0.0,7,26.0,6.0
3,85,2,2.8,13.574693931996313,0.0,7,26.0,6.0
3,85,3,2.8,12.720424102679983,0.0,7,26.0,6.0
3,85,4,2.8,10.682138827230125,0.0,7,26.0,6.0
3,85,5,2.8,9.030534374392184,0.0,7,26.0,6.0
3,85,6,2.8,9.916939031612683,0.0,7,26.0,6.0
3,85,7,2.8,10.123115409590373,0.0,7,26.0,6.0
3,85,8,3.4,8.99078814763821,0.125,7,26.0,6.0
3,85,9,2.8,16.003918573297444,0.0,7,26.0,6.0
3,85,10,2.8,10.196555264253483,0.0,7,26.0,6.0
3,85,11,2.8,12.901922685869891,0.0,7,26.0,6.0
3,85,12,2.8,12.479887932313185,0.0,7,26.0,6.0
3,85,13,2.8,9.605109456456294,0.0,7,26.0,6.0
3,85,14,2.8,9.334516790490627,0.0,7,26.0,6.0
3,85,15,2.8,14.438930004873093,0.0,7,26.0,6.0
3,85,16,2.8,11.474899418189272,0.0,7,26.0,6.0
3,85,17,2.8,13.192037896122644,0.0,7,26.0,6.0
3,85,18,2.8,10.669962026280135,0.0,7,26.0,6.0
3,85,19,2.4,17.35152403421879,0.0,7,26.0,6.0
3,85,20,2.0,15.98571826849386,0.0,7,26.0,6.0
3,85,21,2.8,9.166976957023806,0.0,7,26.0,6.0
3,85,22,2.4,11.053871711930631,0.0,7,26.0,6.0
3,85,23,2.4,13.713865923336495,0.0,6,26.0,6.0
1,86,1,2.8,16.78335540841842,0.0,7,26.0,6.0
1,86,2,2.8,14.088663104608768,0.0,7,26.0,6.0
1,86,3,2.8,12.163554257744469,0.0,7,26.0,6.0
1,86,4,2.8,11.18203386518859,0.0,7,26.0,6.0
1,86,5,2.8,11.295673975261021,0.0,7,26.0,6.0
1,86,6,1.8,18.301473643176823,0.0,7,26.0,6.0
1,86,7,2.2,12.49858226385705,0.0,7,26.0,6.0
1,86,8,1.6,21.549195648580582,0.0,7,26.0,6.0
1,86,9,3.0,9.88743355426012,0.125,7,26.0,6.0
1,86,10,2.4,11.52906668094286,0.0,7,26.0,6.0
1,86,11,3.0,13.188678659801921,0.125,7,26.0,6.0
1,86,12,2.4,10.982829183442817,0.125,7,26.0,6.0
1,86,13,2.2,18.0763282709677,0.0,7,26.0,6.0
1,86,14,2.6,25.38402207049966,0.0,7,26.0,6.0
1,86,15,2.6,11.02571600540694,0.0,7,26.0,6.0
1,86,16,2.0,27.861712934630056,0.0,7,26.0,6.0
1,86,17,3.2,9.865808366258449,0.125,7,26.0,6.0
1,86,18,2.8,11.211935966683608,0.0,7,26.0,6.0
1,86,19,2.8,10.929696697571236,0.0,7,26.0,6.0
1,86,20,2.8,8.267350112518892,0.0,7,26.0,6.0
1,86,21,2.8,10.532068161263698,0.0,7,26.0,6.0
1,86,22,2.8,12.567709212418164,0.0,7,26.0,6.0
1,86,23,2.8,10.018642259650449,0.0,7,26.0,6.0
1,86,24,2.8,10.016496882532447,0.0,7,26.0,6.0
2,86,1,2.8,13.032476060080985,0.0,7,26.0,6.0
2,86,2,2.8,10.831896170784859,0.0,7,26.0,6.0
2,86,3,3.6,9.14826809876123,0.125,7,26.0,6.0
2,86,4,2.8,10.976083212693217,0.0,7,26.0,6.0
2,86,5,2.8,10.442157382294628,0.0,7,26.0,6.0
2,86,6,2.4,13.137070824038911,0.0,7,26.0,6.0
2,86,7,2.2,15.137906949713196,0.0,7,26.0,6.0
2,86,8,3.0,9.818597772949445,0.125,7,26.0,6.0
2,86,9,2.0,15.633532392880268,0.0,7,26.0,6.0
2,86,10,2.0,20.333211270093386,0.0,7,26.0,6.0
2,86,11,2.4,15.011047816092315,0.0,7,26.0,6.0
2,86,12,2.6,9.965652889180888,0.0,7,26.0,6.0
2,86,13,2.8,11.340036046859582,0.0,7,26.0,6.0
2,86,14,2.8,11.643899413751612,0.0,7,26.0,6.0
2,86,15,2.8,10.996443156622322,0.0,7,26.0,6.0
2,86,16,2.8,10.145142644441552,0.0,7,26.0,6.0
2,86,17,2.8,11.001155318897927,0.0,7,26.0,6.0
2,86,18,2.8,9.81235573419399,0.0,7,26.0,6.0
2,86,19,2.8,10.029653311696768,0.0,7,26.0,6.0
2,86,20,2.8,12.606135910460253,0.0,7,26.0,6.0
2,86,21,2.8,9.588701520056148,0.0,7,26.0,6.0
2,86,22,2.2,10.917364428570162,0.0,7,26.0,6.0
2,86,23,2.6,10.859167098912492,0.125,7,26.0,6.0
3,86,1,2.8,10.450139061467292,0.0,7,26.0,6.0
3,86,2,2.8,11.420198303486233,0.0,7,26.0,6.0
3,86,3,2.8,11.788726297669099,0.0,7,26.0,6.0
3,86,4,2.8,10.116719185102156,0.0,7,26.0,6.0
3,86,5,2.8,9.688577407027847,0.0,7,26.0,6.0
3,86,6,2.8,9.48626002812409,0.0,7,26.0,6.0
3,86,7,2.8,10.056535139153949,0.0,7,26.0,6.0
3,86,8,3.4,8.87339224121466,0.125,7,26.0,6.0
3,86,9,3.8,11.850773682391448,0.2222222222222222,7,26.0,6.0
3,86,10,2.8,10.754978343508089,0.0,7,26.0,6.0
3,86,11,3.6,7.721475205031351,0.125,7,26.0,6.0
3,86,12,2.8,10.00578823403334,0.0,7,26.0,6.0
3,86,13,2.8,11.395744685920324,0.0,7,26.0,6.0
3,86,14,2.8,10.365531034659874,0.0,7,26.0,6.0
3,86,15,2.8,13.829205313608973,0.0,7,26.0,6.0
3,86,16,2.8,14.414749456833102,0.0,7,26.0,6.0
3,86,17,2.8,10.551560374638552,0.0,7,26.0,6.0
3,86,18,2.4,10.370285515266414,0.0,7,26.0,6.0
3,86,19,2.2,19.027238955852482,0.0,7,26.0,6.0
3,86,20,3.2,7.688739123328033,0.125,7,26.0,6.0
3,86,21,2.4,12.874787696580619,0.0,7,26.0,6.0
3,86,22,2.6,11.987479239194284,0.0,7,26.0,6.0
1,87,1,2.8,13.851413507610737,0.0,7,26.0,6.0
1,87,2,2.8,12.561505990789525,0.0,7,26.0,6.0
1,87,3,2.8,13.776401195636623,0.0,7,26.0,6.0
1,87,4,2.8,9.705269697939316,0.0,7,26.0,6.0
1,87,5,2.8,11.295673975261021,0.0,7,26.0,6.0
1,87,6,1.8,20.832232383718065,0.0,7,26.0,6.0
1,87,7,2.8,10.303181466372124,0.0,7,26.0,6.0
1,87,8,2.2,13.72317226836671,0.0,7,26.0,6.0
1,87,9,2.8,10.419882057340647,0.0,7,26.0,6.0
1,87,10,3.0,12.04264237531796,0.125,7,26.0,6.0
1,87,11,2.2,18.02809375267577,0.0,7,26.0,6.0
1,87,12,2.4,14.562323808680851,0.125,7,26.0,6.0
1,87,13,2.4,16.405742470208033,0.0,7,26.0,6.0
1,87,14,2.8,12.029858985060978,0.0,7,26.0,6.0
1,87,15,2.2,13.556422649661698,0.0,7,26.0,6.0
1,87,16,1.8,22.36885823958301,0.0,7,26.0,6.0
1,87,17,4.0,10.618039251431698,0.2222222222222222,7,26.0,6.0
1,87,18,2.8,10.375779257959366,0.0,7,26.0,6.0
1,87,19,2.8,9.510273128256436,0.0,7,26.0,6.0
1,87,20,2.8,11.93521702641431,0.0,7,26.0,6.0
1,87,21,2.8,9.890464237627604,0.0,7,26.0,6.0
1,87,22,2.8,9.629529949347342,0.0,7,26.0,6.0
1,87,23,2.8,11.491060281091146,0.0,7,26.0,6.0
1,87,24,2.25,11.968549680655986,0.0,4,26.0,6.0
2,87,1,2.8,14.280041269220884,0.0,7,26.0,6.0
2,87,2,2.8,10.533415182746372,0.0,7,26.0,6.0
2,87,3,3.8,7.689082739156778,0.125,7,26.0,6.0
2,87,4,2.8,11.277449163961686,0.0,7,26.0,6.0
2,87,5,2.8,8.978222286432938,0.0,7,26.0,6.0
2,87,6,2.8,11.732591161118341,0.0,7,26.0,6.0
2,87,7,2.4,15.006838512181078,0.0,7,26.0,6.0
2,87,8,2.8,9.05626839586331,0.125,7,26.0,6.0
2,87,9,2.2,15.282913162039323,0.0,7,26.0,6.0
2,87,10,2.2,14.1984817875212,0.0,7,26.0,6.0
2,87,11,2.6,10.913589619911278,0.0,7,26.0,6.0
2,87,12,2.6,11.75994086896553,0.0,7,26.0,6.0
2,87,13,2.8,13.770367385513696,0.0,7,26.0,6.0
2,87,14,2.8,10.863162296369305,0.0,7,26.0,6.0
2,87,15,2.8,11.529586508496122,0.0,7,26.0,6.0
2,87,16,2.8,9.250616833718146,0.0,7,26.0,6.0
2,87,17,2.8,10.790425331916586,0.0,7,26.0,6.0
2,87,18,2.8,11.22316363604122,0.0,7,26.0,6.0
2,87,19,2.8,12.019161926344879,0.0,7,26.0,6.0
2,87,20,2.8,10.110920653004982,0.0,7,26.0,6.0
2,87,21,2.2,11.71078772461566,0.0,7,26.0,6.0
2,87,22,2.2,11.964713027781244,0.0,7,26.0,6.0
2,87,23,2.6,12.746867903655993,0.14285714285714285,6,26.0,6.0
3,87,1,2.8,9.989305470760007,0.0,7,26.0,6.0
3,87,2,2.6,14.478981416727063,0.0,7,26.0,6.0
3,87,3,2.8,11.226042298785003,0.0,7,26.0,6.0
3,87,4,2.8,9.234023415307476,0.0,7,26.0,6.0
3,87,5,3.2,9.38829759574633,0.125,7,26.0,6.0
3,87,6,2.6,10.769936940803035,0.0,7,26.0,6.0
3,87,7,2.8,10.056535139154027,0.0,7,26.0,6.0
3,87,8,2.8,10.580963040602372,0.0,7,26.0,6.0
3,87,9,3.6,9.199401907747157,0.2222222222222222,7,26.0,6.0
3,87,10,2.8,10.136538061738626,0.0,7,26.0,6.0
3,87,11,2.8,12.575141383736458,0.0,7,26.0,6.0
3,87,12,2.8,12.936740910835873,0.0,7,26.0,6.0
3,87,13,2.8,10.344922195964745,0.0,7,26.0,6.0
3,87,14,2.8,10.016525469250222,0.0,7,26.0,6.0
3,87,15,2.8,14.139859401844847,0.0,7,26.0,6.0
3,87,16,2.8,11.166622063050426,0.0,7,26.0,6.0
3,87,17,2.8,12.469680160690826,0.0,7,26.0,6.0
3,87,18,2.8,11.306826390813313,0.0,7,26.0,6.0
3,87,19,2.4,14.608988668005543,0.0,7,26.0,6.0
3,87,20,2.6,11.984407160279709,0.0,7,26.0,6.0
3,87,21,3.0,9.934758892550073,0.125,7,26.0,6.0
3,87,22,2.8,8.107075777273597,0.125,7,26.0,6.0
1,88,1,2.8,14.840683601850914,0.0,7,26.0,6.0
1,88,2,2.8,14.565411750295274,0.0,7,26.0,6.0
1,88,3,2.8,13.935696638559852,0.0,7,26.0,6.0
1,88,4,2.8,10.267508039761482,0.0,7,26.0,6.0
1,88,5,2.8,12.646941697865506,0.0,7,26.0,6.0
1,88,6,2.4,9.601205559391863,0.125,7,26.0,6.0
1,88,7,2.2,15.197945085056793,0.0,7,26.0,6.0
1,88,8,2.6,11.15173564107453,0.125,7,26.0,6.0
1,88,9,2.0,17.001752648463558,0.0,7,26.0,6.0
1,88,10,2.0,14.583984151888954,0.0,7,26.0,6.0
1,88,11,3.0,16.022158681093146,0.125,7,26.0,6.0
1,88,12,3.0,10.114379641165188,0.125,7,26.0,6.0
1,88,13,2.4,18.754437609415735,0.0,7,26.0,6.0
1,88,14,2.6,11.985039446592756,0.0,7,26.0,6.0
1,88,15,2.2,15.649713473044716,0.0,7,26.0,6.0
1,88,16,2.0,22.075123688184252,0.0,7,26.0,6.0
1,88,17,4.0,7.810517234021754,0.2222222222222222,7,26.0,6.0
1,88,18,2.8,10.520697861715188,0.0,7,26.0,6.0
1,88,19,2.8,10.57878030544307,0.0,7,26.0,6.0
1,88,20,2.8,11.772006659345262,0.0,7,26.0,6.0
1,88,21,2.8,10.871879676292203,0.0,7,26.0,6.0
1,88,22,2.8,10.269544359462966,0.0,7,26.0,6.0
1,88,23,2.8,12.139213316623504,0.0,7,26.0,6.0
1,88,24,2.25,11.59434435088163,0.0,4,26.0,6.0
2,88,1,2.8,12.814039177308132,0.0,7,26.0,6.0
2,88,2,2.8,10.987571280666097,0.0,7,26.0,6.0
2,88,3,3.6,9.699581402133267,0.125,7,26.0,6.0
2,88,4,2.8,11.578680919683734,0.0,7,26.0,6.0
2,88,5,2.8,10.532065058327497,0.0,7,26.0,6.0
2,88,6,2.6,11.847908001171543,0.0,7,26.0,6.0
2,88,7,1.8,20.339682282031767,0.0,7,26.0,6.0
2,88,8,3.0,9.887265745866431,0.125,7,26.0,6.0
2,88,9,2.8,10.381606319166256,0.0,7,26.0,6.0
2,88,10,2.0,16.491540921117753,0.0,7,26.0,6.0
2,88,11,3.4,7.96116824067757,0.125,7,26.0,6.0
2,88,12,2.4,19.665440333071523,0.0,7,26.0,6.0
2,88,13,2.8,13.258788688681518,0.0,7,26.0,6.0
2,88,14,2.8,12.02396585494473,0.0,7,26.0,6.0
2,88,15,2.8,11.850562130809706,0.0,7,26.0,6.0
2,88,16,2.8,9.800021134050445,0.0,7,26.0,6.0
2,88,17,2.8,11.550112385932369,0.0,7,26.0,6.0
2,88,18,2.8,9.662737523450406,0.0,7,26.0,6.0
2,88,19,2.8,13.627141576219167,0.0,7,26.0,6.0
2,88,20,2.8,10.861930984861287,0.0,7,26.0,6.0
2,88,21,2.0,15.273581380304925,0.0,7,26.0,6.0
2,88,22,1.8,13.890287705511698,0.0,7,26.0,6.0
2,88,23,2.8,10.529194556445134,0.125,7,26.0,6.0
3,88,1,2.8,9.673322303595596,0.0,7,26.0,6.0
3,88,2,2.6,14.079023058530543,0.0,7,26.0,6.0
3,88,3,2.8,11.765946298473452,0.0,7,26.0,6.0
3,88,4,2.8,9.702794463691513,0.0,7,26.0,6.0
3,88,5,2.6,11.879224294181626,0.0,7,26.0,6.0
3,88,6,2.8,8.307819074195073,0.0,7,26.0,6.0
3,88,7,2.8,9.624441320595027,0.0,7,26.0,6.0
3,88,8,2.8,15.936570594664918,0.0,7,26.0,6.0
3,88,9,2.8,9.87675496475535,0.0,7,26.0,6.0
3,88,10,2.8,10.688711971669191,0.0,7,26.0,6.0
3,88,11,2.8,14.490406774983876,0.0,7,26.0,6.0
3,88,12,2.8,9.090255443898316,0.0,7,26.0,6.0
3,88,13,2.8,10.558537335586779,0.0,7,26.0,6.0
3,88,14,2.8,12.3882780400721,0.0,7,26.0,6.0
3,88,15,2.8,11.806173506383386,0.0,7,26.0,6.0
3,88,16,2.8,12.2014679931595,0.0,7,26.0,6.0
3,88,17,2.8,13.25856201798649,0.0,7,26.0,6.0
3,88,18,2.8,11.31271171273507,0.0,7,26.0,6.0
3,88,19,2.4,15.072726523044963,0.0,7,26.0,6.0
3,88,20,2.2,16.73631213953623,0.0,7,26.0,6.0
3,88,21,2.8,9.06938999367401,0.125,7,26.0,6.0
3,88,22,2.6,11.312010994765966,0.0,7,26.0,6.0
3,88,23,3.0,9.06456137116266,0.14285714285714285,6,26.0,6.0
1,89,1,2.8,14.012458535611968,0.0,7,26.0,6.0
1,89,2,2.8,13.70418369759737,0.0,7,26.0,6.0
1,89,3,2.8,12.782805372233511,0.0,7,26.0,6.0
1,89,4,2.8,10.215291755600887,0.0,7,26.0,6.0
1,89,5,2.8,10.907212110446833,0.0,7,26.0,6.0
1,89,6,2.8,9.521569915389298,0.125,7,26.0,6.0
1,89,7,1.8,15.284653949085104,0.0,7,26.0,6.0
1,89,8,2.6,12.091551262234514,0.125,7,26.0,6.0
1,89,9,2.2,14.444500408404503,0.0,7,26.0,6.0
1,89,10,2.2,13.656496549444087,0.0,7,26.0,6.0
1,89,11,3.0,11.921693552796942,0.125,7,26.0,6.0
1,89,12,2.2,13.144926983775152,0.125,7,26.0,6.0
1,89,13,2.4,15.060578730987427,0.0,7,26.0,6.0
1,89,14,2.8,12.70208334920454,0.0,7,26.0,6.0
1,89,15,2.4,15.41901400035845,0.0,7,26.0,6.0
1,89,16,1.8,21.331520664554255,0.0,7,26.0,6.0
1,89,17,3.8,9.887929894784873,0.2222222222222222,7,26.0,6.0
1,89,18,2.8,12.200637388844063,0.0,7,26.0,6.0
1,89,19,2.8,12.539460563297723,0.0,7,26.0,6.0
1,89,20,2.8,9.953186419958156,0.0,7,26.0,6.0
1,89,21,2.8,10.014565216312723,0.0,7,26.0,6.0
1,89,22,2.8,11.997244773223217,0.0,7,26.0,6.0
1,89,23,2.8,11.13537107791672,0.0,7,26.0,6.0
1,89,24,2.2,12.60505410622346,0.0,5,26.0,6.0
2,89,1,2.8,14.621424471376416,0.0,7,26.0,6.0
2,89,2,2.8,10.64339772244418,0.0,7,26.0,6.0
2,89,3,3.0,11.867465469496636,0.0,7,26.0,6.0
2,89,4,2.8,10.624314525973597,0.0,7,26.0,6.0
2,89,5,2.8,10.026711753961422,0.0,7,26.0,6.0
2,89,6,2.8,11.477866968589248,0.0,7,26.0,6.0
2,89,7,2.2,15.947138596338462,0.0,7,26.0,6.0
2,89,8,3.4,8.21195310437615,0.125,7,26.0,6.0
2,89,9,2.0,21.48916597676121,0.0,7,26.0,6.0
2,89,10,2.2,14.06746359079521,0.0,7,26.0,6.0
2,89,11,3.2,9.101882372878375,0.125,7,26.0,6.0
2,89,12,3.0,11.691417077166859,0.125,7,26.0,6.0
2,89,13,2.8,11.778655098599145,0.0,7,26.0,6.0
2,89,14,2.8,11.601340207082856,0.0,7,26.0,6.0
2,89,15,2.8,10.49624707390325,0.0,7,26.0,6.0
2,89,16,2.8,9.59924080050105,0.0,7,26.0,6.0
2,89,17,2.8,12.58043757667949,0.0,7,26.0,6.0
2,89,18,2.8,10.922830293874071,0.0,7,26.0,6.0
2,89,19,2.8,12.084678509695294,0.0,7,26.0,6.0
2,89,20,2.8,10.299526942806361,0.0,7,26.0,6.0
2,89,21,2.2,12.070202206163376,0.0,7,26.0,6.0
2,89,22,2.4,11.027872240721866,0.0,7,26.0,6.0
2,89,23,2.0,14.095706256794442,0.0,5,26.0,6.0
3,89,1,2.8,8.990768763336442,0.0,7,26.0,6.0
3,89,2,2.8,12.997727597830663,0.0,7,26.0,6.0
3,89,3,2.8,10.925333458118148,0.0,7,26.0,6.0
3,89,4,2.8,9.231105343178085,0.0,7,26.0,6.0
3,89,5,2.8,9.391049877465099,0.0,7,26.0,6.0
3,89,6,2.8,10.301098938716159,0.0,7,26.0,6.0
3,89,7,2.8,10.615061762010207,0.0,7,26.0,6.0
3,89,8,3.4,9.305406423343438,0.125,7,26.0,6.0
3,89,9,3.8,9.019572789323007,0.2222222222222222,7,26.0,6.0
3,89,10,2.8,12.338892250904745,0.0,7,26.0,6.0
3,89,11,2.8,9.758677301395547,0.0,7,26.0,6.0
3,89,12,3.4,8.421303561875812,0.125,7,26.0,6.0
3,89,13,2.8,12.363697287868916,0.0,7,26.0,6.0
3,89,14,2.8,11.097744477600155,0.0,7,26.0,6.0
3,89,15,2.8,14.076134190714015,0.0,7,26.0,6.0
3,89,16,2.8,12.436683495123006,0.0,7,26.0,6.0
3,89,17,2.8,10.562116518579625,0.0,7,26.0,6.0
3,89,18,2.6,11.327793318934654,0.0,7,26.0,6.0
3,89,19,2.2,22.53209658199909,0.0,7,26.0,6.0
3,89,20,2.8,9.015912535261991,0.0,7,26.0,6.0
3,89,21,2.4,12.005140854648866,0.0,7,26.0,6.0
3,89,22,3.0,9.198668866065459,0.125,7,26.0,6.0
1,90,1,2.8,14.4492476530675,0.0,7,26.0,6.0
1,90,2,2.8,14.121679146425095,0.0,7,26.0,6.0
1,90,3,2.8,12.701972597938987,0.0,7,26.0,6.0
1,90,4,2.8,10.879218001060096,0.0,7,26.0,6.0
1,90,5,2.8,12.673539903235126,0.0,7,26.0,6.0
1,90,6,1.8,14.61689275186088,0.0,7,26.0,6.0
1,90,7,2.2,16.324641977100203,0.0,7,26.0,6.0
1,90,8,3.0,9.361595295131636,0.125,7,26.0,6.0
1,90,9,1.8,29.428167678121035,0.0,7,26.0,6.0
1,90,10,2.2,13.352075524444347,0.0,7,26.0,6.0
1,90,11,2.6,15.293825993456018,0.0,7,26.0,6.0
1,90,12,3.2,10.884421637132798,0.125,7,26.0,6.0
1,90,13,2.8,13.229559803660603,0.0,7,26.0,6.0
1,90,14,2.8,12.742102570326052,0.0,7,26.0,6.0
1,90,15,2.2,15.59068613950645,0.0,7,26.0,6.0
1,90,16,2.0,16.90023724437324,0.0,7,26.0,6.0
1,90,17,2.6,13.606439492321691,0.0,7,26.0,6.0
1,90,18,2.8,11.217212698243534,0.0,7,26.0,6.0
1,90,19,2.8,13.349029588588207,0.0,7,26.0,6.0
1,90,20,2.8,9.502741018312149,0.0,7,26.0,6.0
1,90,21,2.8,11.064202471436634,0.0,7,26.0,6.0
1,90,22,2.8,11.139860627073935,0.0,7,26.0,6.0
1,90,23,2.8,11.839334814989176,0.0,7,26.0,6.0
1,90,24,2.8,9.448103676565559,0.0,7,26.0,6.0
2,90,1,2.8,14.280041269220884,0.0,7,26.0,6.0
2,90,2,2.8,10.390259502822914,0.0,7,26.0,6.0
2,90,3,3.0,13.114342353586457,0.0,7,26.0,6.0
2,90,4,2.8,11.860482623017006,0.0,7,26.0,6.0
2,90,5,2.8,9.770431435985607,0.0,7,26.0,6.0
2,90,6,2.8,11.948764578414867,0.0,7,26.0,6.0
2,90,7,2.6,12.034890984373279,0.0,7,26.0,6.0
2,90,8,3.4,9.336309733656867,0.125,7,26.0,6.0
2,90,9,2.8,10.362940366479153,0.0,7,26.0,6.0
2,90,10,2.2,16.812722435790064,0.0,7,26.0,6.0
2,90,11,2.6,10.51853134021638,0.0,7,26.0,6.0
2,90,12,2.8,10.492616410279346,0.0,7,26.0,6.0
2,90,13,2.8,11.963570375438373,0.0,7,26.0,6.0
2,90,14,2.8,11.954617062443228,0.0,7,26.0,6.0
2,90,15,2.8,9.754823546641951,0.0,7,26.0,6.0
2,90,16,2.8,12.98513373873414,0.0,7,26.0,6.0
2,90,17,2.8,11.626484980189762,0.0,7,26.0,6.0
2,90,18,2.8,11.495072993022934,0.0,7,26.0,6.0
2,90,19,2.8,15.261246230613336,0.0,7,26.0,6.0
2,90,20,2.8,10.14606889837037,0.0,7,26.0,6.0
2,90,21,2.2,10.136532544702352,0.0,7,26.0,6.0
2,90,22,3.0,9.051053228939363,0.125,7,26.0,6.0
3,90,1,2.8,11.34154410588785,0.0,7,26.0,6.0
3,90,2,2.6,13.793260730512651,0.0,7,26.0,6.0
3,90,3,2.8,12.88104545810845,0.0,7,26.0,6.0
3,90,4,2.8,8.708128705536796,0.0,7,26.0,6.0
3,90,5,3.8,6.884486371383207,0.2222222222222222,7,26.0,6.0
3,90,6,2.4,11.391840578124691,0.0,7,26.0,6.0
3,90,7,2.0,12.226197316770252,0.0,7,26.0,6.0
3,90,8,2.8,12.747793723773826,0.0,7,26.0,6.0
3,90,9,2.6,11.310448403915936,0.0,7,26.0,6.0
3,90,10,2.8,12.312348263798109,0.0,7,26.0,6.0
3,90,11,2.8,11.49517005714229,0.0,7,26.0,6.0
3,90,12,3.0,9.186212069346045,0.0,7,26.0,6.0
3,90,13,2.8,9.493275868362755,0.0,7,26.0,6.0
3,90,14,2.8,11.723394828545208,0.0,7,26.0,6.0
3,90,15,2.8,10.766980768587047,0.0,7,26.0,6.0
3,90,16,2.8,11.447814675896574,0.0,7,26.0,6.0
3,90,17,2.8,15.550932288321615,0.0,7,26.0,6.0
3,90,18,2.8,11.41831114847395,0.0,7,26.0,6.0
3,90,19,2.4,12.140609031552684,0.0,7,26.0,6.0
3,90,20,2.4,17.524909090606922,0.0,7,26.0,6.0
3,90,21,2.8,9.114459618420346,0.125,7,26.0,6.0
3,90,22,2.8,10.041231275765771,0.0,7,26.0,6.0
3,90,23,2.6,10.598353901133782,0.16666666666666666,5,26.0,6.0
1,91,1,2.8,15.253918405992918,0.0,7,26.0,6.0
1,91,2,2.8,12.010696438642073,0.0,7,26.0,6.0
1,91,3,2.8,13.408553665567993,0.0,7,26.0,6.0
1,91,4,2.8,9.329622153430412,0.0,7,26.0,6.0
1,91,5,2.8,10.82881078635538,0.0,7,26.0,6.0
1,91,6,2.6,9.799696395065192,0.125,7,26.0,6.0
1,91,7,2.2,15.609820812583948,0.0,7,26.0,6.0
1,91,8,2.4,12.03902051636982,0.0,7,26.0,6.0
1,91,9,2.6,13.131682092322627,0.0,7,26.0,6.0
1,91,10,2.8,12.283846920605885,0.125,7,26.0,6.0
1,91,11,2.2,16.452975649128476,0.0,7,26.0,6.0
1,91,12,2.4,16.428222208139324,0.125,7,26.0,6.0
1,91,13,2.0,19.442929383086845,0.0,7,26.0,6.0
1,91,14,2.8,11.02834796697418,0.0,7,26.0,6.0
1,91,15,2.4,13.890682624941043,0.0,7,26.0,6.0
1,91,16,1.8,28.90263621623067,0.0,7,26.0,6.0
1,91,17,3.8,9.152078563209576,0.2222222222222222,7,26.0,6.0
1,91,18,2.8,9.536198467160155,0.0,7,26.0,6.0
1,91,19,2.8,12.539460563297752,0.0,7,26.0,6.0
1,91,20,2.8,8.9882082212318,0.0,7,26.0,6.0
1,91,21,2.8,9.834778236186462,0.0,7,26.0,6.0
1,91,22,2.8,11.515781555107514,0.0,7,26.0,6.0
1,91,23,2.8,10.681398590407245,0.0,7,26.0,6.0
1,91,24,2.2,11.368482070627671,0.0,5,26.0,6.0
2,91,1,2.8,14.69166921348259,0.0,7,26.0,6.0
2,91,2,2.8,10.32013099540559,0.0,7,26.0,6.0
2,91,3,3.0,12.447108605435652,0.0,7,26.0,6.0
2,91,4,2.8,11.126853364775949,0.0,7,26.0,6.0
2,91,5,2.8,9.961389457947913,0.0,7,26.0,6.0
2,91,6,2.8,11.4778669685893,0.0,7,26.0,6.0
2,91,7,2.6,9.925563192457803,0.0,7,26.0,6.0
2,91,8,2.6,12.018051627012417,0.0,7,26.0,6.0
2,91,9,2.2,14.554749842788397,0.0,7,26.0,6.0
2,91,10,2.0,22.420233822414882,0.0,7,26.0,6.0
2,91,11,2.4,15.085095600903248,0.0,7,26.0,6.0
2,91,12,3.8,7.420905183081368,0.2222222222222222,7,26.0,6.0
2,91,13,2.8,12.083595358026514,0.0,7,26.0,6.0
2,91,14,2.8,11.852605713341319,0.0,7,26.0,6.0
2,91,15,2.8,10.068158279926864,0.0,7,26.0,6.0
2,91,16,2.8,9.099229000591748,0.0,7,26.0,6.0
2,91,17,2.8,12.16387762958209,0.0,7,26.0,6.0
2,91,18,2.8,10.961671619002114,0.0,7,26.0,6.0
2,91,19,2.8,12.989138222026124,0.0,7,26.0,6.0
2,91,20,2.8,10.011616104588096,0.0,7,26.0,6.0
2,91,21,2.4,10.135142575323249,0.0,7,26.0,6.0
2,91,22,2.0,12.063669952866572,0.0,7,26.0,6.0
2,91,23,2.6,10.440390982602894,0.14285714285714285,6,26.0,6.0
3,91,1,2.8,9.420042567588185,0.0,7,26.0,6.0
3,91,2,2.6,14.176926705308553,0.0,7,26.0,6.0
3,91,3,2.8,13.045899420110384,0.0,7,26.0,6.0
3,91,4,2.8,10.070235181630803,0.0,7,26.0,6.0
3,91,5,3.2,8.338701669204,0.125,7,26.0,6.0
3,91,6,2.8,8.789557083216835,0.0,7,26.0,6.0
3,91,7,2.8,10.564268979384895,0.0,7,26.0,6.0
3,91,8,2.8,12.65723730982476,0.0,7,26.0,6.0
3,91,9,3.8,9.947808683599394,0.2222222222222222,7,26.0,6.0
3,91,10,2.8,10.340034714246622,0.0,7,26.0,6.0
3,91,11,2.8,12.19279596888598,0.0,7,26.0,6.0
3,91,12,2.6,11.068389215583654,0.0,7,26.0,6.0
3,91,13,2.8,9.438042093678792,0.0,7,26.0,6.0
3,91,14,2.8,8.760158081071221,0.0,7,26.0,6.0
3,91,15,2.8,16.295209264952224,0.0,7,26.0,6.0
3,91,16,2.8,10.312750891825818,0.0,7,26.0,6.0
3,91,17,2.8,15.265565841372013,0.0,7,26.0,6.0
3,91,18,2.8,13.108298474853319,0.0,7,26.0,6.0
3,91,19,2.2,15.87605892749459,0.0,7,26.0,6.0
3,91,20,2.4,11.949633189131308,0.0,7,26.0,6.0
3,91,21,3.2,8.636841912495992,0.125,7,26.0,6.0
3,91,22,2.2,15.057402805159924,0.0,7,26.0,6.0
3,91,23,2.0,14.279722863836447,0.0,4,26.0,6.0
1,92,1,2.8,15.29262923394916,0.0,7,26.0,6.0
1,92,2,2.8,16.038538201390505,0.0,7,26.0,6.0
1,92,3,2.8,11.852537305070417,0.0,7,26.0,6.0
1,92,4,2.8,9.38775945653346,0.0,7,26.0,6.0
1,92,5,2.8,11.026966083255378,0.0,7,26.0,6.0
1,92,6,2.8,10.33833680447389,0.125,7,26.0,6.0
1,92,7,2.0,13.882332692848877,0.0,7,26.0,6.0
1,92,8,2.4,12.462279762674571,0.0,7,26.0,6.0
1,92,9,2.6,12.96220177435675,0.0,7,26.0,6.0
1,92,10,2.8,13.227585945257324,0.125,7,26.0,6.0
1,92,11,2.2,15.20734843420298,0.0,7,26.0,6.0
1,92,12,2.2,19.414650522563598,0.0,7,26.0,6.0
1,92,13,2.6,15.150823106577892,0.0,7,26.0,6.0
1,92,14,2.8,12.350377410061277,0.0,7,26.0,6.0
1,92,15,2.4,14.940309336347408,0.0,7,26.0,6.0
1,92,16,2.0,17.331859311075373,0.0,7,26.0,6.0
1,92,17,2.8,12.733759536460077,0.0,7,26.0,6.0
1,92,18,2.8,11.213443049237943,0.0,7,26.0,6.0
1,92,19,2.8,13.450624232760253,0.0,7,26.0,6.0
1,92,20,2.8,9.58701346153711,0.0,7,26.0,6.0
1,92,21,2.8,9.817279588518199,0.0,7,26.0,6.0
1,92,22,2.8,14.137365755587956,0.0,7,26.0,6.0
1,92,23,2.8,9.570675571853421,0.0,7,26.0,6.0
1,92,24,2.6,11.17833055746673,0.0,6,26.0,6.0
2,92,1,2.8,13.287293395452895,0.0,7,26.0,6.0
2,92,2,2.8,11.067098993297542,0.0,7,26.0,6.0
2,92,3,3.6,10.64496546303968,0.125,7,26.0,6.0
2,92,4,2.8,10.415338686897908,0.0,7,26.0,6.0
2,92,5,2.8,9.853360308696612,0.0,7,26.0,6.0
2,92,6,2.6,13.988668851620227,0.0,7,26.0,6.0
2,92,7,2.6,12.719274747984441,0.0,7,26.0,6.0
2,92,8,3.0,9.547360990588276,0.125,7,26.0,6.0
2,92,9,2.2,13.00767500248364,0.0,7,26.0,6.0
2,92,10,2.2,14.570559646021318,0.0,7,26.0,6.0
2,92,11,2.2,14.883306353065466,0.0,7,26.0,6.0
2,92,12,2.6,10.62243387821241,0.0,7,26.0,6.0
2,92,13,2.8,12.767415278149887,0.0,7,26.0,6.0
2,92,14,2.8,12.673840339972735,0.0,7,26.0,6.0
2,92,15,2.8,11.724615186495452,0.0,7,26.0,6.0
2,92,16,2.8,9.554032734869304,0.0,7,26.0,6.0
2,92,17,2.8,10.895880588149826,0.0,7,26.0,6.0
2,92,18,2.8,11.233402864247143,0.0,7,26.0,6.0
2,92,19,2.8,11.726002927519918,0.0,7,26.0,6.0
2,92,20,2.8,11.641284506213363,0.0,7,26.0,6.0
2,92,21,2.4,10.354465721523095,0.0,7,26.0,6.0
2,92,22,2.4,9.821953608517063,0.0,7,26.0,6.0
2,92,23,2.6,10.062498483460493,0.14285714285714285,6,26.0,6.0
3,92,1,2.8,9.36236308759389,0.0,7,26.0,6.0
3,92,2,2.8,11.65968204683238,0.0,7,26.0,6.0
3,92,3,2.8,13.56692468217388,0.0,7,26.0,6.0
3,92,4,2.8,10.852732462676478,0.0,7,26.0,6.0
3,92,5,2.8,10.558299133137188,0.0,7,26.0,6.0
3,92,6,2.8,9.413259156652753,0.0,7,26.0,6.0
3,92,7,2.8,10.380843095272962,0.0,7,26.0,6.0
3,92,8,2.8,11.3465161788239,0.0,7,26.0,6.0
3,92,9,2.8,12.63141966959122,0.0,7,26.0,6.0
3,92,10,2.8,12.341429493558039,0.0,7,26.0,6.0
3,92,11,2.8,11.561201141315266,0.0,7,26.0,6.0
3,92,12,2.8,10.924215620220123,0.0,7,26.0,6.0
3,92,13,2.8,10.405442395432924,0.0,7,26.0,6.0
3,92,14,2.8,9.919505291471438,0.0,7,26.0,6.0
3,92,15,2.8,13.691485931159267,0.0,7,26.0,6.0
3,92,16,2.8,10.559098429851026,0.0,7,26.0,6.0
3,92,17,2.8,12.977569261328737,0.0,7,26.0,6.0
3,92,18,2.8,11.207280836901315,0.0,7,26.0,6.0
3,92,19,2.4,12.20886672320042,0.0,7,26.0,6.0
3,92,20,2.0,19.59383319986729,0.0,7,26.0,6.0
3,92,21,2.8,8.541652584637607,0.125,7,26.0,6.0
3,92,22,2.6,11.021614637494087,0.0,7,26.0,6.0
3,92,23,2.2,12.960030174041064,0.0,7,26.0,6.0
1,93,1,2.8,15.29262923394916,0.0,7,26.0,6.0
1,93,2,2.8,14.357196496410554,0.0,7,26.0,6.0
1,93,3,2.8,12.066132166452496,0.0,7,26.0,6.0
1,93,4,2.8,9.627739511886036,0.0,7,26.0,6.0
1,93,5,2.8,10.732380003401982,0.0,7,26.0,6.0
1,93,6,2.0,18.65471170458236,0.0,7,26.0,6.0
1,93,7,2.2,13.91832754070363,0.0,7,26.0,6.0
1,93,8,2.2,12.981380574024964,0.0,7,26.0,6.0
1,93,9,2.4,15.039601005087057,0.0,7,26.0,6.0
1,93,10,2.2,13.501655928787416,0.0,7,26.0,6.0
1,93,11,2.6,16.37431809762044,0.0,7,26.0,6.0
1,93,12,2.6,15.202406507309808,0.0,7,26.0,6.0
1,93,13,2.8,14.992103417337376,0.0,7,26.0,6.0
1,93,14,2.6,16.61217815649605,0.0,7,26.0,6.0
1,93,15,2.8,10.839996235201852,0.0,7,26.0,6.0
1,93,16,1.8,24.056570088842992,0.0,7,26.0,6.0
1,93,17,3.0,10.847235804392378,0.125,7,26.0,6.0
1,93,18,2.8,13.037351338743479,0.0,7,26.0,6.0
1,93,19,2.8,14.646876895739386,0.0,7,26.0,6.0
1,93,20,2.8,10.953710661856679,0.0,7,26.0,6.0
1,93,21,2.8,10.39612253317811,0.0,7,26.0,6.0
1,93,22,2.8,11.725093507483207,0.0,7,26.0,6.0
1,93,23,2.8,10.838498269964546,0.0,7,26.0,6.0
1,93,24,2.8,10.429210299537445,0.0,7,26.0,6.0
2,93,1,2.8,14.97952987019565,0.0,7,26.0,6.0
2,93,2,2.8,10.948234501993383,0.0,7,26.0,6.0
2,93,3,3.6,10.480791661640062,0.125,7,26.0,6.0
2,93,4,2.8,10.172808772571187,0.0,7,26.0,6.0
2,93,5,2.8,10.249664110983453,0.0,7,26.0,6.0
2,93,6,2.6,12.129877634136216,0.0,7,26.0,6.0
2,93,7,2.2,13.170698670816597,0.0,7,26.0,6.0
2,93,8,3.0,10.107481141890455,0.125,7,26.0,6.0
2,93,9,2.6,11.623746271897813,0.0,7,26.0,6.0
2,93,10,2.4,12.762316889220186,0.0,7,26.0,6.0
2,93,11,3.2,8.526330012641777,0.125,7,26.0,6.0
2,93,12,3.4,9.653229038329616,0.125,7,26.0,6.0
2,93,13,2.8,13.766856697345188,0.0,7,26.0,6.0
2,93,14,2.8,11.802833086382302,0.0,7,26.0,6.0
2,93,15,2.8,9.835174662628976,0.0,7,26.0,6.0
2,93,16,2.8,12.904494282320115,0.0,7,26.0,6.0
2,93,17,2.8,9.89170399290298,0.0,7,26.0,6.0
2,93,18,2.8,10.867232207966605,0.0,7,26.0,6.0
2,93,19,2.8,17.17189395792025,0.0,7,26.0,6.0
2,93,20,2.8,9.397177355851714,0.0,7,26.0,6.0
2,93,21,2.0,10.097142179933003,0.0,7,26.0,6.0
2,93,22,2.4,12.999183533928273,0.0,7,26.0,6.0
3,93,1,2.8,9.567399225046454,0.0,7,26.0,6.0
3,93,2,2.8,10.872081509235318,0.0,7,26.0,6.0
3,93,3,2.8,10.494177928293256,0.0,7,26.0,6.0
3,93,4,2.8,10.017301263274183,0.0,7,26.0,6.0
3,93,5,2.8,10.396767419561188,0.0,7,26.0,6.0
3,93,6,2.8,9.868933407918737,0.0,7,26.0,6.0
3,93,7,2.8,10.106387828335158,0.0,7,26.0,6.0
3,93,8,2.8,11.716016159574307,0.0,7,26.0,6.0
3,93,9,2.8,12.202979704905921,0.0,7,26.0,6.0
3,93,10,2.8,11.570932802830628,0.0,7,26.0,6.0
3,93,11,2.8,12.256232165789834,0.0,7,26.0,6.0
3,93,12,2.8,12.93408715391347,0.0,7,26.0,6.0
3,93,13,2.8,9.964664722245494,0.0,7,26.0,6.0
3,93,14,2.8,10.18377150525982,0.0,7,26.0,6.0
3,93,15,2.8,13.16116305748891,0.0,7,26.0,6.0
3,93,16,2.8,13.260520290735109,0.0,7,26.0,6.0
3,93,17,2.8,15.833215487716,0.0,7,26.0,6.0
3,93,18,2.8,12.337665483180631,0.0,7,26.0,6.0
3,93,19,2.4,14.19193679966517,0.0,7,26.0,6.0
3,93,20,2.4,15.252616068748358,0.0,7,26.0,6.0
3,93,21,3.0,8.613129585436113,0.125,7,26.0,6.0
3,93,22,2.2,10.937277194837433,0.0,7,26.0,6.0
3,93,23,2.6,12.378748409537062,0.16666666666666666,5,26.0,6.0
1,94,1,2.8,14.804224291927898,0.0,7,26.0,6.0
1,94,2,2.8,13.958128442952217,0.0,7,26.0,6.0
1,94,3,2.8,12.388612307055212,0.0,7,26.0,6.0
1,94,4,2.8,9.446625865290386,0.0,7,26.0,6.0
1,94,5,2.8,10.809386249041006,0.0,7,26.0,6.0
1,94,6,2.6,10.743117502427067,0.125,7,26.0,6.0
1,94,7,2.0,15.170681473853548,0.0,7,26.0,6.0
1,94,8,2.8,10.25998756262664,0.125,7,26.0,6.0
1,94,9,2.4,13.246164072608089,0.0,7,26.0,6.0
1,94,10,2.8,13.28591311152938,0.125,7,26.0,6.0
1,94,11,2.0,18.688134398033835,0.0,7,26.0,6.0
1,94,12,2.6,13.994002280295042,0.125,7,26.0,6.0
1,94,13,2.4,18.025155919611034,0.0,7,26.0,6.0
1,94,14,2.4,16.110883411737987,0.0,7,26.0,6.0
1,94,15,2.4,14.526920672159482,0.0,7,26.0,6.0
1,94,16,2.0,19.694303513207412,0.0,7,26.0,6.0
1,94,17,4.0,9.557123371322549,0.2222222222222222,7,26.0,6.0
1,94,18,2.8,12.612601700424594,0.0,7,26.0,6.0
1,94,19,2.8,9.163200547521754,0.0,7,26.0,6.0
1,94,20,2.8,13.824503604365203,0.0,7,26.0,6.0
1,94,21,2.8,9.382294765182186,0.0,7,26.0,6.0
1,94,22,2.8,10.080572156936395,0.0,7,26.0,6.0
1,94,23,2.8,12.49150486315482,0.0,7,26.0,6.0
1,94,24,2.25,12.593880730572884,0.0,4,26.0,6.0
2,94,1,2.8,12.176270279947149,0.0,7,26.0,6.0
2,94,2,2.8,10.515305364499673,0.0,7,26.0,6.0
2,94,3,3.6,10.235239847012114,0.125,7,26.0,6.0
2,94,4,2.8,10.468821649057414,0.0,7,26.0,6.0
2,94,5,2.8,9.501299088928807,0.0,7,26.0,6.0
2,94,6,2.6,10.380041311004415,0.0,7,26.0,6.0
2,94,7,2.2,15.587498850971137,0.0,7,26.0,6.0
2,94,8,2.2,13.826056843060467,0.0,7,26.0,6.0
2,94,9,2.4,12.479687482466156,0.0,7,26.0,6.0
2,94,10,2.2,15.234225109779015,0.0,7,26.0,6.0
2,94,11,2.4,16.828355030419388,0.0,7,26.0,6.0
2,94,12,2.8,8.943731130316902,0.125,7,26.0,6.0
2,94,13,3.4,13.725902218328883,0.125,7,26.0,6.0
2,94,14,2.8,11.794016994010148,0.0,7,26.0,6.0
2,94,15,2.8,11.375700126178783,0.0,7,26.0,6.0
2,94,16,2.8,10.089923815986896,0.0,7,26.0,6.0
2,94,17,2.8,11.07342616556338,0.0,7,26.0,6.0
2,94,18,2.8,10.835379596840113,0.0,7,26.0,6.0
2,94,19,2.8,13.395322690660784,0.0,7,26.0,6.0
2,94,20,2.8,13.919821102136646,0.0,7,26.0,6.0
2,94,21,2.4,10.233193889734943,0.0,7,26.0,6.0
2,94,22,2.0,10.621300260232779,0.0,7,26.0,6.0
2,94,23,2.8,12.18659574856712,0.125,7,26.0,6.0
3,94,1,2.8,10.155166882901344,0.0,7,26.0,6.0
3,94,2,2.6,13.578896429831763,0.0,7,26.0,6.0
3,94,3,2.8,10.905765261446017,0.0,7,26.0,6.0
3,94,4,2.8,9.827519527313267,0.0,7,26.0,6.0
3,94,5,3.8,7.108529882050455,0.2222222222222222,7,26.0,6.0
3,94,6,2.2,11.651756346865932,0.0,7,26.0,6.0
3,94,7,2.2,11.534987012667552,0.0,7,26.0,6.0
3,94,8,2.8,14.0027856243576,0.125,7,26.0,6.0
3,94,9,3.6,8.97444262055509,0.2222222222222222,7,26.0,6.0
3,94,10,4.0,8.212273607693737,0.3,7,26.0,6.0
3,94,11,2.0,15.043156681323547,0.0,7,26.0,6.0
3,94,12,6.4,4.452810530465865,0.6153846153846154,7,26.0,6.0
3,94,13,3.8,8.597433650731968,0.2222222222222222,7,26.0,6.0
3,94,14,2.8,12.074463969303594,0.0,7,26.0,6.0
3,94,15,2.8,18.389364635581693,0.0,7,26.0,6.0
3,94,16,2.6,10.812180346564356,0.0,7,26.0,6.0
3,94,17,2.8,10.303015141038948,0.0,7,26.0,6.0
3,94,18,2.4,16.31016127736581,0.0,7,26.0,6.0
3,94,19,2.8,9.178106814212883,0.125,7,26.0,6.0
3,94,20,2.4,11.541789677744797,0.0,7,26.0,6.0
3,94,21,2.6,11.966998150069509,0.16666666666666666,5,26.0,6.0
1,95,1,2.8,16.877367208553444,0.0,7,26.0,6.0
1,95,2,2.8,14.779755161565621,0.0,7,26.0,6.0
1,95,3,2.8,13.261017776537441,0.0,7,26.0,6.0
1,95,4,2.8,10.724326856055427,0.0,7,26.0,6.0
1,95,5,2.8,10.926990147777571,0.0,7,26.0,6.0
1,95,6,2.0,16.645115327026758,0.0,7,26.0,6.0
1,95,7,2.2,14.627832109322073,0.0,7,26.0,6.0
1,95,8,2.8,10.263845535583124,0.125,7,26.0,6.0
1,95,9,2.2,18.437269525354345,0.0,7,26.0,6.0
1,95,10,2.4,11.746494765172221,0.0,7,26.0,6.0
1,95,11,2.6,18.026116460761255,0.125,7,26.0,6.0
1,95,12,2.2,15.469818020867535,0.0,7,26.0,6.0
1,95,13,2.2,18.809840865627848,0.0,7,26.0,6.0
1,95,14,2.4,17.210764455812964,0.0,7,26.0,6.0
1,95,15,2.8,10.286726048475078,0.0,7,26.0,6.0
1,95,16,1.8,24.84980306352484,0.0,7,26.0,6.0
1,95,17,3.0,9.820067009501345,0.125,7,26.0,6.0
1,95,18,3.4,9.700385348822186,0.125,7,26.0,6.0
1,95,19,2.8,12.388511084731833,0.0,7,26.0,6.0
1,95,20,2.8,9.796256855944836,0.0,7,26.0,6.0
1,95,21,2.8,10.825682081005525,0.0,7,26.0,6.0
1,95,22,2.8,11.612122549460949,0.0,7,26.0,6.0
1,95,23,2.8,9.960645733059044,0.0,7,26.0,6.0
1,95,24,2.8,9.287917670054544,0.0,7,26.0,6.0
2,95,1,2.8,14.656462676564008,0.0,7,26.0,6.0
2,95,2,2.8,10.624908081705518,0.0,7,26.0,6.0
2,95,3,3.6,8.882545007625545,0.125,7,26.0,6.0
2,95,4,2.8,10.397632263274073,0.0,7,26.0,6.0
2,95,5,2.8,11.166624616151706,0.0,7,26.0,6.0
2,95,6,2.8,10.53577239060461,0.0,7,26.0,6.0
2,95,7,2.6,15.811044091605128,0.0,7,26.0,6.0
2,95,8,2.8,10.611874273996161,0.125,7,26.0,6.0
2,95,9,2.2,15.13166991394831,0.0,7,26.0,6.0
2,95,10,2.2,14.853648229034029,0.0,7,26.0,6.0
2,95,11,3.0,8.927234205723474,0.125,7,26.0,6.0
2,95,12,2.4,18.477229457870102,0.0,7,26.0,6.0
2,95,13,2.8,12.707818807632485,0.0,7,26.0,6.0
2,95,14,2.8,11.88378880698097,0.0,7,26.0,6.0
2,95,15,2.8,10.69058012709414,0.0,7,26.0,6.0
2,95,16,2.8,9.600050202969141,0.0,7,26.0,6.0
2,95,17,2.8,11.571965651624396,0.0,7,26.0,6.0
2,95,18,2.8,11.390280381180654,0.0,7,26.0,6.0
2,95,19,2.8,12.04390085543254,0.0,7,26.0,6.0
2,95,20,2.8,10.6910503211592,0.0,7,26.0,6.0
2,95,21,2.4,11.26511264805139,0.0,7,26.0,6.0
2,95,22,2.0,13.37519755633624,0.0,7,26.0,6.0
2,95,23,2.4,13.494455541400681,0.16666666666666666,5,26.0,6.0
3,95,1,2.8,10.650309520132415,0.0,7,26.0,6.0
3,95,2,2.6,14.410751063058628,0.0,7,26.0,6.0
3,95,3,2.8,11.857187615378713,0.0,7,26.0,6.0
3,95,4,2.8,11.093061932277571,0.0,7,26.0,6.0
3,95,5,3.2,9.054720562784855,0.125,7,26.0,6.0
3,95,6,2.6,10.788935241042775,0.0,7,26.0,6.0
3,95,7,3.4,8.48356054015041,0.125,7,26.0,6.0
3,95,8,2.2,14.449809590358557,0.0,7,26.0,6.0
3,95,9,3.6,10.095289183913424,0.2222222222222222,7,26.0,6.0
3,95,10,2.8,10.020288606657816,0.0,7,26.0,6.0
3,95,11,2.8,13.580332847284721,0.0,7,26.0,6.0
3,95,12,2.8,12.021355822808877,0.0,7,26.0,6.0
3,95,13,2.8,10.50483452694536,0.0,7,26.0,6.0
3,95,14,2.8,10.065981296813488,0.0,7,26.0,6.0
3,95,15,2.8,13.309090495947434,0.0,7,26.0,6.0
3,95,16,2.8,9.727980717293761,0.0,7,26.0,6.0
3,95,17,2.8,14.58026083036314,0.0,7,26.0,6.0
3,95,18,2.8,10.3152069907677,0.0,7,26.0,6.0
3,95,19,2.8,12.609613546685098,0.0,7,26.0,6.0
3,95,20,2.2,14.426235137666765,0.0,7,26.0,6.0
3,95,21,2.6,9.673007665396916,0.0,7,26.0,6.0
3,95,22,2.8,12.387919405914667,0.125,7,26.0,6.0
1,96,1,2.8,14.660161021383344,0.0,7,26.0,6.0
1,96,2,2.8,15.15136559533197,0.0,7,26.0,6.0
1,96,3,2.8,12.919837408413146,0.0,7,26.0,6.0
1,96,4,2.8,10.573784275394878,0.0,7,26.0,6.0
1,96,5,2.8,11.026966083255378,0.0,7,26.0,6.0
1,96,6,2.0,15.101698567040962,0.0,7,26.0,6.0
1,96,7,2.2,15.532748381580685,0.0,7,26.0,6.0
1,96,8,1.8,17.32356203113359,0.0,7,26.0,6.0
1,96,9,2.6,13.959878006496432,0.125,7,26.0,6.0
1,96,10,2.4,11.573351223377328,0.0,7,26.0,6.0
1,96,11,2.8,17.210153308473625,0.125,7,26.0,6.0
1,96,12,2.4,13.749901605446011,0.125,7,26.0,6.0
1,96,13,2.2,16.454250947226367,0.0,7,26.0,6.0
1,96,14,2.8,18.672976124531633,0.125,7,26.0,6.0
1,96,15,2.6,10.11854371501589,0.0,7,26.0,6.0
1,96,16,2.4,17.640121831345237,0.0,7,26.0,6.0
1,96,17,3.0,12.063255211305504,0.125,7,26.0,6.0
1,96,18,2.8,11.280205671839559,0.0,7,26.0,6.0
1,96,19,2.8,12.066036145231152,0.0,7,26.0,6.0
1,96,20,2.8,11.607807481297009,0.0,7,26.0,6.0
1,96,21,2.8,11.208256395713425,0.0,7,26.0,6.0
1,96,22,2.8,12.85023965601497,0.0,7,26.0,6.0
1,96,23,2.8,11.037011515697296,0.0,7,26.0,6.0
1,96,24,2.8,10.783816560580156,0.0,7,26.0,6.0
2,96,1,2.8,13.954235690364042,0.0,7,26.0,6.0
2,96,2,2.8,10.065372130649438,0.0,7,26.0,6.0
2,96,3,3.6,10.150308061999992,0.125,7,26.0,6.0
2,96,4,2.8,11.363553267244935,0.0,7,26.0,6.0
2,96,5,2.8,9.933375829369991,0.0,7,26.0,6.0
2,96,6,2.6,10.362454596130938,0.0,7,26.0,6.0
2,96,7,2.2,14.080331102052673,0.0,7,26.0,6.0
2,96,8,2.0,15.437992951236522,0.0,7,26.0,6.0
2,96,9,2.4,13.024554926834439,0.0,7,26.0,6.0
2,96,10,2.0,17.11740605492937,0.0,7,26.0,6.0
2,96,11,2.4,14.849049068617258,0.0,7,26.0,6.0
2,96,12,2.2,12.316620192526369,0.0,7,26.0,6.0
2,96,13,2.8,10.403378131596604,0.0,7,26.0,6.0
2,96,14,2.8,10.344765686124372,0.0,7,26.0,6.0
2,96,15,2.8,12.517345339794531,0.0,7,26.0,6.0
2,96,16,2.8,10.674149356590748,0.0,7,26.0,6.0
2,96,17,2.8,11.583357359390666,0.0,7,26.0,6.0
2,96,18,2.8,11.921083469895947,0.0,7,26.0,6.0
2,96,19,2.8,10.400426455520428,0.0,7,26.0,6.0
2,96,20,2.8,11.998008801929723,0.0,7,26.0,6.0
2,96,21,2.6,11.952830127032657,0.0,7,26.0,6.0
2,96,22,2.0,12.261738296179573,0.0,7,26.0,6.0
2,96,23,2.2,12.893091497336913,0.0,7,26.0,6.0
2,96,24,2.2,14.02350624789229,0.16666666666666666,5,26.0,6.0
3,96,1,2.8,9.6428199947887,0.0,7,26.0,6.0
3,96,2,2.8,10.930371215394924,0.0,7,26.0,6.0
3,96,3,2.6,14.070521279234192,0.0,7,26.0,6.0
3,96,4,2.8,10.238817655212088,0.0,7,26.0,6.0
3,96,5,3.8,6.652356126788268,0.2222222222222222,7,26.0,6.0
3,96,6,2.2,12.458745357916298,0.0,7,26.0,6.0
3,96,7,2.0,13.325989302160002,0.0,7,26.0,6.0
3,96,8,2.2,21.47054170193562,0.0,7,26.0,6.0
3,96,9,2.6,12.465652688223356,0.0,7,26.0,6.0
3,96,10,2.8,12.076051067786633,0.0,7,26.0,6.0
3,96,11,2.8,12.766305078863638,0.0,7,26.0,6.0
3,96,12,2.8,12.685015781566486,0.0,7,26.0,6.0
3,96,13,2.8,10.242586370019783,0.0,7,26.0,6.0
3,96,14,2.8,12.239300605645575,0.0,7,26.0,6.0
3,96,15,2.8,10.605741365461984,0.0,7,26.0,6.0
3,96,16,2.8,13.601535749737227,0.0,7,26.0,6.0
3,96,17,2.8,11.736765653599218,0.0,7,26.0,6.0
3,96,18,2.8,11.219150543421962,0.0,7,26.0,6.0
3,96,19,2.6,14.17969074190034,0.0,7,26.0,6.0
3,96,20,2.6,12.068438244924597,0.0,7,26.0,6.0
3,96,21,3.0,8.520855915000515,0.125,7,26.0,6.0
3,96,22,2.2,14.582739153820935,0.0,7,26.0,6.0
3,96,23,3.0,10.08774184991931,0.125,7,26.0,6.0
1,97,1,2.8,16.15349793115103,0.0,7,26.0,6.0
1,97,2,2.8,14.289108016103812,0.0,7,26.0,6.0
1,97,3,2.8,12.947597130112843,0.0,7,26.0,6.0
1,97,4,2.8,10.555263106549738,0.0,7,26.0,6.0
1,97,5,2.8,11.087834627528895,0.0,7,26.0,6.0
1,97,6,2.8,11.100074492020708,0.125,7,26.0,6.0
1,97,7,1.8,17.92108761787221,0.0,7,26.0,6.0
1,97,8,2.6,11.090165432207218,0.125,7,26.0,6.0
1,97,9,2.0,24.959143678019323,0.0,7,26.0,6.0
1,97,10,2.4,11.34831334135231,0.0,7,26.0,6.0
1,97,11,2.8,12.971988746854567,0.0,7,26.0,6.0
1,97,12,2.8,12.015027354249545,0.125,7,26.0,6.0
1,97,13,2.4,15.321236525433637,0.0,7,26.0,6.0
1,97,14,2.8,12.504141255875519,0.0,7,26.0,6.0
1,97,15,2.4,13.653928145984793,0.0,7,26.0,6.0
1,97,16,3.0,11.03413694612728,0.125,7,26.0,6.0
1,97,17,3.4,10.689420267346279,0.125,7,26.0,6.0
1,97,18,2.8,14.780911006521434,0.0,7,26.0,6.0
1,97,19,2.8,9.46581435830739,0.0,7,26.0,6.0
1,97,20,2.8,10.291315823685029,0.0,7,26.0,6.0
1,97,21,2.8,15.954938455475332,0.0,7,26.0,6.0
1,97,22,2.8,10.671164638162423,0.0,7,26.0,6.0
1,97,23,2.8,9.651066886928879,0.0,7,26.0,6.0
2,97,1,2.8,13.403772105204606,0.0,7,26.0,6.0
2,97,2,2.8,9.77578647343121,0.0,7,26.0,6.0
2,97,3,3.0,13.82583795752019,0.0,7,26.0,6.0
2,97,4,2.8,11.026552399022577,0.0,7,26.0,6.0
2,97,5,2.8,8.851339229385484,0.0,7,26.0,6.0
2,97,6,2.8,10.866109181747548,0.0,7,26.0,6.0
2,97,7,2.6,11.47061462155823,0.0,7,26.0,6.0
2,97,8,2.6,10.474405611552829,0.125,7,26.0,6.0
2,97,9,2.2,13.203642207222902,0.0,7,26.0,6.0
2,97,10,2.4,13.4904387573139,0.0,7,26.0,6.0
2,97,11,2.2,15.760388520245872,0.0,7,26.0,6.0
2,97,12,4.0,8.287176136117358,0.2222222222222222,7,26.0,6.0
2,97,13,2.8,10.781969797747042,0.0,7,26.0,6.0
2,97,14,2.8,13.175870537546002,0.0,7,26.0,6.0
2,97,15,2.8,9.313476314592135,0.0,7,26.0,6.0
2,97,16,2.8,9.799177661841663,0.0,7,26.0,6.0
2,97,17,2.8,12.45236953994403,0.0,7,26.0,6.0
2,97,18,2.8,10.509897524833024,0.0,7,26.0,6.0
2,97,19,2.8,11.625278029103415,0.0,7,26.0,6.0
2,97,20,2.8,10.603070377076088,0.0,7,26.0,6.0
2,97,21,2.4,9.850398983955033,0.0,7,26.0,6.0
2,97,22,2.2,11.79768375050667,0.0,7,26.0,6.0
2,97,23,2.0,16.1845088183075,0.0,5,26.0,6.0
3,97,1,2.8,9.24909754070534,0.0,7,26.0,6.0
3,97,2,2.8,11.484530911956803,0.0,7,26.0,6.0
3,97,3,2.8,10.714793661805063,0.0,7,26.0,6.0
3,97,4,2.8,11.27279404530217,0.0,7,26.0,6.0
3,97,5,2.8,10.89690351395069,0.0,7,26.0,6.0
3,97,6,2.8,11.12558248446722,0.0,7,26.0,6.0
3,97,7,2.8,10.34572374279367,0.0,7,26.0,6.0
3,97,8,3.4,9.235152204711238,0.125,7,26.0,6.0
3,97,9,3.8,10.02487553763129,0.2222222222222222,7,26.0,6.0
3,97,10,2.8,10.967115947987496,0.0,7,26.0,6.0
3,97,11,2.8,10.353378115416588,0.0,7,26.0,6.0
3,97,12,3.4,7.9505762621280445,0.125,7,26.0,6.0
3,97,13,2.8,11.524982791168256,0.0,7,26.0,6.0
3,97,14,2.8,10.470769429673043,0.0,7,26.0,6.0
3,97,15,2.8,11.1913839583944,0.0,7,26.0,6.0
3,97,16,2.8,12.23760966797682,0.0,7,26.0,6.0
3,97,17,2.8,10.710080730601103,0.0,7,26.0,6.0
3,97,18,2.6,14.292610319080213,0.0,7,26.0,6.0
3,97,19,2.2,19.450818215932124,0.0,7,26.0,6.0
3,97,20,2.4,12.473851129347363,0.0,7,26.0,6.0
3,97,21,2.6,9.969958527221664,0.0,7,26.0,6.0
3,97,22,3.2,9.061593445061295,0.125,7,26.0,6.0
1,98,1,2.8,14.414684031314886,0.0,7,26.0,6.0
1,98,2,2.8,16.254853244280564,0.0,7,26.0,6.0
1,98,3,2.8,13.202908516007717,0.0,7,26.0,6.0
1,98,4,2.8,9.799970247198322,0.0,7,26.0,6.0
1,98,5,2.8,10.887505540923598,0.0,7,26.0,6.0
1,98,6,1.8,16.962082388479406,0.0,7,26.0,6.0
1,98,7,2.4,14.323080465435714,0.0,7,26.0,6.0
1,98,8,2.8,8.96580774328843,0.125,7,26.0,6.0
1,98,9,2.2,16.337805238797106,0.0,7,26.0,6.0
1,98,10,2.4,11.769436848580257,0.0,7,26.0,6.0
1,98,11,3.0,13.619144412217926,0.125,7,26.0,6.0
1,98,12,2.0,15.64769370638883,0.0,7,26.0,6.0
1,98,13,2.4,16.973825183226523,0.0,7,26.0,6.0
1,98,14,2.6,15.703102116260217,0.0,7,26.0,6.0
1,98,15,2.8,12.225490942126731,0.0,7,26.0,6.0
1,98,16,2.0,17.56971011041118,0.0,7,26.0,6.0
1,98,17,2.8,12.658349009602066,0.0,7,26.0,6.0
1,98,18,2.8,12.57485309002619,0.0,7,26.0,6.0
1,98,19,2.8,13.62058397042521,0.0,7,26.0,6.0
1,98,20,2.8,9.532806526562997,0.0,7,26.0,6.0
1,98,21,2.8,10.78692493374934,0.0,7,26.0,6.0
1,98,22,2.8,11.058091603112914,0.0,7,26.0,6.0
1,98,23,2.8,10.12805614932404,0.0,7,26.0,6.0
1,98,24,2.8,9.72249070339455,0.0,7,26.0,6.0
2,98,1,2.8,13.4627806358157,0.0,7,26.0,6.0
2,98,2,2.8,9.698279742743916,0.0,7,26.0,6.0
2,98,3,3.6,10.269611866536174,0.125,7,26.0,6.0
2,98,4,2.8,9.47909036176282,0.0,7,26.0,6.0
2,98,5,2.8,9.869260119610836,0.0,7,26.0,6.0
2,98,6,2.6,11.156337746935625,0.0,7,26.0,6.0
2,98,7,2.2,15.276040329437295,0.0,7,26.0,6.0
2,98,8,3.0,9.336046807042582,0.125,7,26.0,6.0
2,98,9,2.4,13.385146075145194,0.0,7,26.0,6.0
2,98,10,2.4,13.47162828473379,0.0,7,26.0,6.0
2,98,11,3.0,8.68633784109473,0.125,7,26.0,6.0
2,98,12,3.0,12.950474812871544,0.125,7,26.0,6.0
2,98,13,2.8,12.709382635711549,0.0,7,26.0,6.0
2,98,14,2.8,11.461747295519555,0.0,7,26.0,6.0
2,98,15,2.8,9.571630250215716,0.0,7,26.0,6.0
2,98,16,2.8,11.05970736921946,0.0,7,26.0,6.0
2,98,17,2.8,11.604425509880725,0.0,7,26.0,6.0
2,98,18,2.8,10.785582802850218,0.0,7,26.0,6.0
2,98,19,2.8,14.003343015035158,0.0,7,26.0,6.0
2,98,20,2.8,10.905927349031371,0.0,7,26.0,6.0
2,98,21,2.2,9.31804323775092,0.0,7,26.0,6.0
2,98,22,2.0,16.714824006331124,0.0,7,26.0,6.0
2,98,23,2.5,12.81199469736691,0.2,4,26.0,6.0
3,98,1,2.8,10.80077263221582,0.0,7,26.0,6.0
3,98,2,2.6,13.824437953508452,0.0,7,26.0,6.0
3,98,3,2.8,11.478873215552065,0.0,7,26.0,6.0
3,98,4,2.8,10.611882687059984,0.0,7,26.0,6.0
3,98,5,3.2,8.372948557258827,0.125,7,26.0,6.0
3,98,6,2.8,9.649319305325704,0.0,7,26.0,6.0
3,98,7,2.8,11.04104297427475,0.0,7,26.0,6.0
3,98,8,2.8,11.600891833874085,0.0,7,26.0,6.0
3,98,9,4.0,7.326696828605519,0.2222222222222222,7,26.0,6.0
3,98,10,2.8,11.303480951332167,0.0,7,26.0,6.0
3,98,11,2.8,11.056833153372612,0.0,7,26.0,6.0
3,98,12,2.8,10.140691700617156,0.0,7,26.0,6.0
3,98,13,2.8,10.55028460503369,0.0,7,26.0,6.0
3,98,14,2.8,9.966301404754924,0.0,7,26.0,6.0
3,98,15,2.8,16.86441945868785,0.0,7,26.0,6.0
3,98,16,2.8,11.220020598861863,0.0,7,26.0,6.0
3,98,17,2.8,11.30207856198815,0.0,7,26.0,6.0
3,98,18,2.6,15.089249470115636,0.0,7,26.0,6.0
3,98,19,2.6,12.590142041247738,0.0,7,26.0,6.0
3,98,20,3.0,9.427072853895453,0.125,7,26.0,6.0
3,98,21,2.2,15.625935780241328,0.0,7,26.0,6.0
3,98,22,3.0,9.17933684696338,0.125,7,26.0,6.0
1,99,1,2.8,16.284455303841575,0.0,7,26.0,6.0
1,99,2,2.8,13.580645162625702,0.0,7,26.0,6.0
1,99,3,2.8,13.174044442614331,0.0,7,26.0,6.0
1,99,4,2.8,10.078610082123987,0.0,7,26.0,6.0
1,99,5,2.8,12.016462112964442,0.0,7,26.0,6.0
1,99,6,2.0,16.784199456640835,0.0,7,26.0,6.0
1,99,7,2.2,12.849870225370841,0.0,7,26.0,6.0
1,99,8,1.8,14.051547326438074,0.0,7,26.0,6.0
1,99,9,2.6,13.460940788067205,0.125,7,26.0,6.0
1,99,10,2.2,12.688077832312104,0.0,7,26.0,6.0
1,99,11,2.4,17.39029366686563,0.0,7,26.0,6.0
1,99,12,3.0,10.616085168126247,0.125,7,26.0,6.0
1,99,13,1.8,20.399732733906948,0.0,7,26.0,6.0
1,99,14,2.4,22.84578755389791,0.0,7,26.0,6.0
1,99,15,2.8,11.28539597816312,0.0,7,26.0,6.0
1,99,16,2.2,16.95724899431194,0.0,7,26.0,6.0
1,99,17,2.8,13.030570368635352,0.125,7,26.0,6.0
1,99,18,3.4,11.089238759784877,0.125,7,26.0,6.0
1,99,19,2.8,13.461000872710493,0.0,7,26.0,6.0
1,99,20,2.8,9.884017199712838,0.0,7,26.0,6.0
1,99,21,2.8,10.125330114886008,0.0,7,26.0,6.0
1,99,22,2.8,14.48120297841792,0.0,7,26.0,6.0
1,99,23,2.8,11.561378260819366,0.0,7,26.0,6.0
1,99,24,2.8,10.572876497036347,0.0,7,26.0,6.0
2,99,1,2.8,12.707543824927635,0.0,7,26.0,6.0
2,99,2,2.8,11.613475940367554,0.0,7,26.0,6.0
2,99,3,2.8,12.622733325295904,0.0,7,26.0,6.0
2,99,4,2.8,10.663193654016203,0.0,7,26.0,6.0
2,99,5,2.8,10.546461130352297,0.0,7,26.0,6.0
2,99,6,2.8,11.643028980436874,0.0,7,26.0,6.0
2,99,7,2.8,9.7896385710548,0.0,7,26.0,6.0
2,99,8,2.6,11.142279525951059,0.125,7,26.0,6.0
2,99,9,2.4,12.410681380123238,0.0,7,26.0,6.0
2,99,10,2.2,13.159439352685002,0.0,7,26.0,6.0
2,99,11,2.2,17.22514985763141,0.0,7,26.0,6.0
2,99,12,4.0,7.588030649216026,0.2222222222222222,7,26.0,6.0
2,99,13,2.8,11.405256500381014,0.0,7,26.0,6.0
2,99,14,2.8,12.2275720655483,0.0,7,26.0,6.0
2,99,15,2.8,11.269882645213896,0.0,7,26.0,6.0
2,99,16,2.8,9.292950799817547,0.0,7,26.0,6.0
2,99,17,2.8,12.427068190672953,0.0,7,26.0,6.0
2,99,18,2.8,11.39071293099267,0.0,7,26.0,6.0
2,99,19,2.8,12.013467403796682,0.0,7,26.0,6.0
2,99,20,3.0,10.113627409569236,0.0,7,26.0,6.0
2,99,21,2.4,8.632578977307714,0.0,7,26.0,6.0
2,99,22,2.2,10.960824270843272,0.0,7,26.0,6.0
2,99,23,2.25,13.868320599771453,0.0,4,26.0,6.0
3,99,1,2.8,8.834919881896392,0.0,7,26.0,6.0
3,99,2,2.8,10.000969718628856,0.0,7,26.0,6.0
3,99,3,2.8,11.372250375659206,0.0,7,26.0,6.0
3,99,4,2.8,10.374117145976745,0.0,7,26.0,6.0
3,99,5,2.8,10.326551331790068,0.0,7,26.0,6.0
3,99,6,2.8,10.868565781296303,0.0,7,26.0,6.0
3,99,7,2.8,10.08971543767304,0.0,7,26.0,6.0
3,99,8,2.8,10.490222181166347,0.0,7,26.0,6.0
3,99,9,2.8,12.843623250919837,0.0,7,26.0,6.0
3,99,10,2.8,12.049656967105577,0.0,7,26.0,6.0
3,99,11,2.8,10.90176499155003,0.0,7,26.0,6.0
3,99,12,3.0,10.238241258950099,0.0,7,26.0,6.0
3,99,13,2.8,10.02955545673626,0.0,7,26.0,6.0
3,99,14,2.8,10.912275112463076,0.0,7,26.0,6.0
3,99,15,2.8,12.786090972067568,0.0,7,26.0,6.0
3,99,16,2.8,12.029187669724363,0.0,7,26.0,6.0
3,99,17,2.8,14.360169972812683,0.0,7,26.0,6.0
3,99,18,2.8,11.326734628868424,0.0,7,26.0,6.0
3,99,19,2.6,13.736435225171698,0.0,7,26.0,6.0
3,99,20,2.2,14.54695071240057,0.0,7,26.0,6.0
3,99,21,3.4,7.287183871174164,0.125,7,26.0,6.0
3,99,22,3.0,10.42981742765384,0.125,7,26.0,6.0
