session,trial,phrase,click_load,entry_rate,correction_rate,num_chars,num_clocks,win_diff
1,0,1,4.2,8.653203484345875,0.0,7,62.0,6.0
1,0,2,3.2,10.888526577119075,0.0,7,62.0,6.0
1,0,3,2.8,13.406516239619613,0.0,7,62.0,6.0
1,0,4,3.0,9.219300103370243,0.0,7,62.0,6.0
1,0,5,2.8,12.74914921731442,0.0,7,62.0,6.0
1,0,6,2.8,10.918084806239237,0.0,7,62.0,6.0
1,0,7,2.8,10.696333383841566,0.0,7,62.0,6.0
1,0,8,2.8,11.83767391727722,0.0,7,62.0,6.0
1,0,9,2.8,14.535632808280376,0.0,7,62.0,6.0
1,0,10,2.8,10.368110083659941,0.0,7,62.0,6.0
1,0,11,2.8,17.35107079138236,0.0,7,62.0,6.0
1,0,12,2.8,16.206918582922498,0.0,7,62.0,6.0
1,0,13,2.8,11.817900092396028,0.0,7,62.0,6.0
1,0,14,2.8,11.715931029581766,0.0,7,62.0,6.0
1,0,15,2.8,14.78482353211076,0.0,7,62.0,6.0
1,0,16,2.8,11.181862862714226,0.0,7,62.0,6.0
1,0,17,2.8,11.966729113101133,0.0,7,62.0,6.0
1,0,18,3.6,6.7350774587716,0.125,7,62.0,6.0
1,0,19,2.8,10.901972418425133,0.0,7,62.0,6.0
1,0,20,2.8,11.37168962008512,0.0,7,62.0,6.0
1,0,21,3.0,8.662703933638443,0.0,7,62.0,6.0
2,0,1,2.8,14.115258685325696,0.0,7,62.0,6.0
2,0,2,2.8,11.354747627504,0.0,7,62.0,6.0
2,0,3,3.2,10.582910439301454,0.0,7,62.0,6.0
2,0,4,2.8,11.895503236226386,0.0,7,62.0,6.0
2,0,5,2.8,8.90604820883652,0.0,7,62.0,6.0
2,0,6,2.8,10.055482549552828,0.0,7,62.0,6.0
2,0,7,3.6,8.408332209369675,0.125,7,62.0,6.0
2,0,8,2.8,11.937492078513934,0.0,7,62.0,6.0
2,0,9,2.8,11.870944709155781,0.0,7,62.0,6.0
2,0,10,2.8,10.705692029396777,0.0,7,62.0,6.0
2,0,11,2.8,9.814806757996847,0.0,7,62.0,6.0
2,0,12,2.8,11.875949575811152,0.0,7,62.0,6.0
2,0,13,2.8,11.013970687127166,0.0,7,62.0,6.0
2,0,14,2.8,12.084405218578029,0.0,7,62.0,6.0
2,0,15,3.2,8.405601743377241,0.0,7,62.0,6.0
2,0,16,2.8,13.64231340665192,0.0,7,62.0,6.0
2,0,17,2.8,12.491004703141167,0.0,7,62.0,6.0
2,0,18,2.8,11.168408759350463,0.0,7,62.0,6.0
2,0,19,3.0,12.692768479569661,0.0,7,62.0,6.0
2,0,20,2.8,10.07696774767211,0.0,7,62.0,6.0
2,0,21,3.0,8.698745766256115,0.0,7,62.0,6.0
3,0,1,2.8,10.706239341482336,0.0,7,62.0,6.0
3,0,2,2.8,12.145932320954662,0.0,7,62.0,6.0
3,0,3,2.8,11.543967856465919,0.0,7,62.0,6.0
3,0,4,2.8,9.761495642767887,0.0,7,62.0,6.0
3,0,5,2.8,10.743769114689707,0.0,7,62.0,6.0
3,0,6,2.8,8.854516626720056,0.0,7,62.0,6.0
3,0,7,2.8,10.918254447138011,0.0,7,62.0,6.0
3,0,8,2.8,12.481093945666801,0.0,7,62.0,6.0
3,0,9,2.8,13.525283842927088,0.0,7,62.0,6.0
3,0,10,2.8,10.644577422518754,0.0,7,62.0,6.0
3,0,11,2.8,10.748494885860739,0.0,7,62.0,6.0
3,0,12,3.6,8.25885191829995,0.125,7,62.0,6.0
3,0,13,2.8,10.956476579196826,0.0,7,62.0,6.0
3,0,14,2.8,10.32077138930443,0.0,7,62.0,6.0
3,0,15,2.8,14.789503170189464,0.0,7,62.0,6.0
3,0,16,2.8,9.270863497603878,0.0,7,62.0,6.0
3,0,17,2.8,14.615101792353293,0.0,7,62.0,6.0
3,0,18,3.0,10.256171069390204,0.0,7,62.0,6.0
3,0,19,2.8,11.513354218523077,0.0,7,62.0,6.0
3,0,20,2.8,10.973270122762383,0.0,7,62.0,6.0
3,0,21,2.8,9.067465074846805,0.0,7,62.0,6.0
3,0,22,3.0,10.028202022178084,0.0,7,62.0,6.0
1,1,1,3.6,10.40626536906028,0.0,7,62.0,6.0
1,1,2,2.8,15.135022706071602,0.0,7,62.0,6.0
1,1,3,3.0,12.273035714739017,0.0,7,62.0,6.0
1,1,4,3.0,8.249234932079963,0.0,7,62.0,6.0
1,1,5,2.8,16.649869308840824,0.0,7,62.0,6.0
1,1,6,2.8,10.383897149087248,0.0,7,62.0,6.0
1,1,7,2.8,10.42841398622122,0.0,7,62.0,6.0
1,1,8,2.8,10.139363019794288,0.0,7,62.0,6.0
1,1,9,2.8,14.321697726562842,0.0,7,62.0,6.0
1,1,10,2.8,11.769698725401195,0.0,7,62.0,6.0
1,1,11,2.8,15.307633749699166,0.0,7,62.0,6.0
1,1,12,2.8,20.010731310610545,0.0,7,62.0,6.0
1,1,13,2.8,12.71144478269225,0.0,7,62.0,6.0
1,1,14,2.8,14.734319121714282,0.0,7,62.0,6.0
1,1,15,2.8,13.271679438485428,0.0,7,62.0,6.0
1,1,16,2.8,11.628486092703659,0.0,7,62.0,6.0
1,1,17,2.8,12.864564391132854,0.0,7,62.0,6.0
1,1,18,3.6,8.321211258430647,0.125,7,62.0,6.0
1,1,19,3.0,10.387371995517164,0.0,7,62.0,6.0
1,1,20,3.0,8.188595526078547,0.0,7,62.0,6.0
1,1,21,2.8,14.198597481197373,0.0,7,62.0,6.0
1,1,22,2.25,12.304581142692705,0.0,4,62.0,6.0
2,1,1,2.8,13.79684507048291,0.0,7,62.0,6.0
2,1,2,2.8,9.517184336390834,0.0,7,62.0,6.0
2,1,3,3.2,10.367637631077548,0.0,7,62.0,6.0
2,1,4,2.8,12.60655330345251,0.0,7,62.0,6.0
2,1,5,2.8,10.080331382927296,0.0,7,62.0,6.0
2,1,6,2.8,10.688081046601152,0.0,7,62.0,6.0
2,1,7,3.6,9.346318039069216,0.125,7,62.0,6.0
2,1,8,2.8,11.891073998395287,0.0,7,62.0,6.0
2,1,9,2.8,12.604898808408432,0.0,7,62.0,6.0
2,1,10,2.8,11.216143735854363,0.0,7,62.0,6.0
2,1,11,2.8,9.421702725874116,0.0,7,62.0,6.0
2,1,12,2.8,12.876025979772058,0.0,7,62.0,6.0
2,1,13,2.8,14.942660017157385,0.0,7,62.0,6.0
2,1,14,2.8,10.861195896232472,0.0,7,62.0,6.0
2,1,15,2.8,9.084597374041657,0.0,7,62.0,6.0
2,1,16,3.0,12.028381922687903,0.0,7,62.0,6.0
2,1,17,2.8,10.482532185119094,0.0,7,62.0,6.0
2,1,18,2.8,12.29158021362181,0.0,7,62.0,6.0
2,1,19,3.8,6.9322829304469415,0.125,7,62.0,6.0
2,1,20,2.8,8.43046021814731,0.0,7,62.0,6.0
2,1,21,3.0,10.331926988687448,0.0,7,62.0,6.0
3,1,1,2.8,10.005647406124558,0.0,7,62.0,6.0
3,1,2,2.8,11.441562274196611,0.0,7,62.0,6.0
3,1,3,2.8,12.188095579533568,0.0,7,62.0,6.0
3,1,4,2.8,9.488894612385304,0.0,7,62.0,6.0
3,1,5,2.8,10.038418642262371,0.0,7,62.0,6.0
3,1,6,2.8,9.712218020228327,0.0,7,62.0,6.0
3,1,7,2.8,8.952513414869651,0.0,7,62.0,6.0
3,1,8,2.8,12.76769706108253,0.0,7,62.0,6.0
3,1,9,2.8,13.06307855564366,0.0,7,62.0,6.0
3,1,10,2.8,12.316576513259331,0.0,7,62.0,6.0
3,1,11,2.8,10.472431109006676,0.0,7,62.0,6.0
3,1,12,3.6,8.45289450230113,0.125,7,62.0,6.0
3,1,13,2.8,11.238330280063959,0.0,7,62.0,6.0
3,1,14,2.8,9.7142499510124,0.0,7,62.0,6.0
3,1,15,2.8,16.242744430688905,0.0,7,62.0,6.0
3,1,16,2.8,10.047603847395722,0.0,7,62.0,6.0
3,1,17,2.8,17.01381651677658,0.0,7,62.0,6.0
3,1,18,3.0,11.215329792740155,0.0,7,62.0,6.0
3,1,19,2.8,10.433156450226793,0.0,7,62.0,6.0
3,1,20,2.8,10.85640195506729,0.0,7,62.0,6.0
3,1,21,2.8,9.330284448853108,0.0,7,62.0,6.0
3,1,22,2.8,11.142445783506943,0.0,7,62.0,6.0
1,2,1,3.6,11.157722001916786,0.0,7,62.0,6.0
1,2,2,2.8,14.207262558407022,0.0,7,62.0,6.0
1,2,3,3.0,9.976911222238844,0.0,7,62.0,6.0
1,2,4,3.0,8.170936613560155,0.0,7,62.0,6.0
1,2,5,2.8,14.992862612500303,0.0,7,62.0,6.0
1,2,6,2.8,9.25196222545073,0.0,7,62.0,6.0
1,2,7,2.8,11.351722335854323,0.0,7,62.0,6.0
1,2,8,2.8,10.19080400267182,0.0,7,62.0,6.0
1,2,9,2.8,16.165880623414925,0.0,7,62.0,6.0
1,2,10,2.8,14.697805385275837,0.0,7,62.0,6.0
1,2,11,2.8,12.484994868709377,0.0,7,62.0,6.0
1,2,12,2.8,12.219714620069105,0.0,7,62.0,6.0
1,2,13,2.8,10.264700769833924,0.0,7,62.0,6.0
1,2,14,2.8,16.070305411038586,0.0,7,62.0,6.0
1,2,15,2.8,14.04499427108921,0.0,7,62.0,6.0
1,2,16,2.8,12.57485309002616,0.0,7,62.0,6.0
1,2,17,2.8,11.66883550227953,0.0,7,62.0,6.0
1,2,18,3.6,7.474822009852595,0.125,7,62.0,6.0
1,2,19,2.8,10.28812819946392,0.0,7,62.0,6.0
1,2,20,2.8,12.678785511856393,0.0,7,62.0,6.0
1,2,21,3.0,12.25976763781963,0.0,7,62.0,6.0
1,2,22,2.0,12.562164060632842,0.0,5,62.0,6.0
2,2,1,2.8,14.21366869733136,0.0,7,62.0,6.0
2,2,2,2.8,9.88640069190151,0.0,7,62.0,6.0
2,2,3,3.2,10.826443132811606,0.0,7,62.0,6.0
2,2,4,2.8,12.554797497931991,0.0,7,62.0,6.0
2,2,5,2.8,9.456875843390648,0.0,7,62.0,6.0
2,2,6,2.8,10.5955016668546,0.0,7,62.0,6.0
2,2,7,3.0,11.330896988613382,0.0,7,62.0,6.0
2,2,8,3.0,9.326375956905046,0.0,7,62.0,6.0
2,2,9,2.8,13.635890465356857,0.0,7,62.0,6.0
2,2,10,2.8,12.602753468422762,0.0,7,62.0,6.0
2,2,11,2.8,8.94373113031687,0.0,7,62.0,6.0
2,2,12,2.8,12.550370674022899,0.0,7,62.0,6.0
2,2,13,2.8,10.827216036621522,0.0,7,62.0,6.0
2,2,14,2.8,10.592754332713794,0.0,7,62.0,6.0
2,2,15,3.0,8.89989668115609,0.0,7,62.0,6.0
2,2,16,3.0,9.959060785293914,0.0,7,62.0,6.0
2,2,17,2.8,13.275589204070947,0.0,7,62.0,6.0
2,2,18,2.8,10.981540685945813,0.0,7,62.0,6.0
2,2,19,2.8,11.858946289722045,0.0,7,62.0,6.0
2,2,20,2.8,10.217433983413368,0.0,7,62.0,6.0
2,2,21,2.8,8.824378555483085,0.0,7,62.0,6.0
2,2,22,2.5,11.966009305944315,0.0,4,62.0,6.0
3,2,1,2.8,10.80077263221582,0.0,7,62.0,6.0
3,2,2,2.8,11.169917321800494,0.0,7,62.0,6.0
3,2,3,2.8,13.688379978428499,0.0,7,62.0,6.0
3,2,4,2.8,9.792754581632527,0.0,7,62.0,6.0
3,2,5,2.8,10.005574318741738,0.0,7,62.0,6.0
3,2,6,2.8,10.113724492436207,0.0,7,62.0,6.0
3,2,7,2.8,9.736352585667138,0.0,7,62.0,6.0
3,2,8,2.8,9.707657922645136,0.0,7,62.0,6.0
3,2,9,2.8,11.342977515652596,0.0,7,62.0,6.0
3,2,10,2.8,11.816848195208566,0.0,7,62.0,6.0
3,2,11,2.8,12.231720798462387,0.0,7,62.0,6.0
3,2,12,3.0,12.126012262032441,0.0,7,62.0,6.0
3,2,13,3.0,9.375993229899612,0.0,7,62.0,6.0
3,2,14,2.8,10.739190715889078,0.0,7,62.0,6.0
3,2,15,2.8,15.941403777243057,0.0,7,62.0,6.0
3,2,16,3.0,11.940093070460422,0.0,7,62.0,6.0
3,2,17,2.8,13.943938360722164,0.0,7,62.0,6.0
3,2,18,3.0,9.939936877881182,0.0,7,62.0,6.0
3,2,19,2.8,11.09930861865789,0.0,7,62.0,6.0
3,2,20,2.8,11.322179152957338,0.0,7,62.0,6.0
3,2,21,2.8,8.623640378383318,0.0,7,62.0,6.0
3,2,22,2.8,11.066642711432218,0.0,7,62.0,6.0
1,3,1,3.6,12.874012697665654,0.0,7,62.0,6.0
1,3,2,2.8,13.152923040904335,0.0,7,62.0,6.0
1,3,3,3.0,11.544173527370873,0.0,7,62.0,6.0
1,3,4,3.0,8.469525152328817,0.0,7,62.0,6.0
1,3,5,2.8,12.126599347534048,0.0,7,62.0,6.0
1,3,6,2.8,10.139292367966476,0.0,7,62.0,6.0
1,3,7,2.8,9.009575764168062,0.0,7,62.0,6.0
1,3,8,2.8,9.793320999553266,0.0,7,62.0,6.0
1,3,9,2.8,11.729217887124523,0.0,7,62.0,6.0
1,3,10,2.8,12.686505842293856,0.0,7,62.0,6.0
1,3,11,2.8,16.301470296857577,0.0,7,62.0,6.0
1,3,12,2.8,18.648360940273783,0.0,7,62.0,6.0
1,3,13,2.8,11.178704318567087,0.0,7,62.0,6.0
1,3,14,2.8,16.64744925056174,0.0,7,62.0,6.0
1,3,15,2.8,14.624448125472528,0.0,7,62.0,6.0
1,3,16,2.8,11.951363418898726,0.0,7,62.0,6.0
1,3,17,2.8,11.296952255353117,0.0,7,62.0,6.0
1,3,18,3.6,9.114095035850271,0.125,7,62.0,6.0
1,3,19,3.0,8.992324352134409,0.0,7,62.0,6.0
1,3,20,3.0,9.689628691602955,0.0,7,62.0,6.0
1,3,21,3.0,10.180919913531383,0.0,7,62.0,6.0
1,3,22,2.0,13.880591470749387,0.0,4,62.0,6.0
2,3,1,2.8,16.516723899478027,0.0,7,62.0,6.0
2,3,2,2.8,10.774649282410225,0.0,7,62.0,6.0
2,3,3,3.0,13.460694784242206,0.0,7,62.0,6.0
2,3,4,2.8,12.490234242098396,0.0,7,62.0,6.0
2,3,5,2.8,8.42461239075315,0.0,7,62.0,6.0
2,3,6,2.8,10.808501050378304,0.0,7,62.0,6.0
2,3,7,3.0,11.634677034217136,0.0,7,62.0,6.0
2,3,8,2.8,11.346903754667565,0.0,7,62.0,6.0
2,3,9,2.8,11.420944390584522,0.0,7,62.0,6.0
2,3,10,2.8,13.90228228596998,0.0,7,62.0,6.0
2,3,11,2.8,9.037503488166914,0.0,7,62.0,6.0
2,3,12,2.8,13.370050595370838,0.0,7,62.0,6.0
2,3,13,2.8,11.704098044743475,0.0,7,62.0,6.0
2,3,14,2.8,10.08120466041531,0.0,7,62.0,6.0
2,3,15,2.8,8.75196322553201,0.0,7,62.0,6.0
2,3,16,3.0,11.464841851883621,0.0,7,62.0,6.0
2,3,17,2.8,12.474028473470758,0.0,7,62.0,6.0
2,3,18,2.8,10.752599992149808,0.0,7,62.0,6.0
2,3,19,3.8,9.604543364738076,0.125,7,62.0,6.0
2,3,20,2.8,10.176248985229266,0.0,7,62.0,6.0
2,3,21,2.8,8.7950435161943,0.0,7,62.0,6.0
2,3,22,2.0,19.485852706559893,0.0,4,62.0,6.0
3,3,1,2.8,11.512328565154062,0.0,7,62.0,6.0
3,3,2,2.8,11.190354305369212,0.0,7,62.0,6.0
3,3,3,2.8,12.286028876249631,0.0,7,62.0,6.0
3,3,4,2.8,11.190293646694958,0.0,7,62.0,6.0
3,3,5,2.8,9.940526252540039,0.0,7,62.0,6.0
3,3,6,2.8,10.030789229071239,0.0,7,62.0,6.0
3,3,7,2.8,10.451801981662074,0.0,7,62.0,6.0
3,3,8,2.8,11.783734634754829,0.0,7,62.0,6.0
3,3,9,2.8,12.657560849641381,0.0,7,62.0,6.0
3,3,10,2.8,11.008607626260913,0.0,7,62.0,6.0
3,3,11,2.8,12.87546525024765,0.0,7,62.0,6.0
3,3,12,3.0,11.663523927013888,0.0,7,62.0,6.0
3,3,13,2.8,9.354589172209467,0.0,7,62.0,6.0
3,3,14,2.8,11.683560764160811,0.0,7,62.0,6.0
3,3,15,2.8,13.491191612707048,0.0,7,62.0,6.0
3,3,16,2.8,11.8199606160602,0.0,7,62.0,6.0
3,3,17,2.8,14.705441404331818,0.0,7,62.0,6.0
3,3,18,3.0,10.124160270040688,0.0,7,62.0,6.0
3,3,19,2.8,12.275949098603666,0.0,7,62.0,6.0
3,3,20,2.8,11.082327017283834,0.0,7,62.0,6.0
3,3,21,2.8,9.113744156951393,0.0,7,62.0,6.0
3,3,22,2.8,9.13647765075033,0.0,7,62.0,6.0
1,4,1,3.2,13.150343899092835,0.0,7,62.0,6.0
1,4,2,2.8,11.36945796736605,0.0,7,62.0,6.0
1,4,3,3.0,12.795278114281684,0.0,7,62.0,6.0
1,4,4,3.0,8.053277202851259,0.0,7,62.0,6.0
1,4,5,2.8,13.577207788073833,0.0,7,62.0,6.0
1,4,6,2.8,9.2447232960031,0.0,7,62.0,6.0
1,4,7,2.8,10.635309587760489,0.0,7,62.0,6.0
1,4,8,2.8,12.773878952147049,0.0,7,62.0,6.0
1,4,9,2.8,11.2408379281027,0.0,7,62.0,6.0
1,4,10,2.8,12.870739176730792,0.0,7,62.0,6.0
1,4,11,2.8,19.376372874474185,0.0,7,62.0,6.0
1,4,12,2.8,13.70980858412249,0.0,7,62.0,6.0
1,4,13,2.8,9.928099656913613,0.0,7,62.0,6.0
1,4,14,2.8,11.105887455872447,0.0,7,62.0,6.0
1,4,15,2.8,12.264256739495778,0.0,7,62.0,6.0
1,4,16,2.8,13.294130915928152,0.0,7,62.0,6.0
1,4,17,2.8,11.573699347548184,0.0,7,62.0,6.0
1,4,18,3.6,7.314350685352134,0.125,7,62.0,6.0
1,4,19,2.8,8.812320534957456,0.0,7,62.0,6.0
1,4,20,2.8,14.104276409369533,0.0,7,62.0,6.0
1,4,21,2.8,9.391682539052804,0.0,7,62.0,6.0
1,4,22,2.6,10.836596964486215,0.0,6,62.0,6.0
2,4,1,2.8,13.582370211361905,0.0,7,62.0,6.0
2,4,2,2.8,14.104137418508063,0.0,7,62.0,6.0
2,4,3,3.0,10.798833868482262,0.0,7,62.0,6.0
2,4,4,2.8,14.10309150383199,0.0,7,62.0,6.0
2,4,5,2.8,9.034384533896828,0.0,7,62.0,6.0
2,4,6,2.8,10.386339366107272,0.0,7,62.0,6.0
2,4,7,3.0,11.999914626498642,0.0,7,62.0,6.0
2,4,8,2.8,11.099790300536716,0.0,7,62.0,6.0
2,4,9,2.8,9.985213347600283,0.0,7,62.0,6.0
2,4,10,2.8,11.763212171995557,0.0,7,62.0,6.0
2,4,11,2.8,9.312722306997973,0.0,7,62.0,6.0
2,4,12,2.8,15.427239140370911,0.0,7,62.0,6.0
2,4,13,2.8,10.338931324779647,0.0,7,62.0,6.0
2,4,14,2.8,12.166887472849343,0.0,7,62.0,6.0
2,4,15,2.8,9.440955942462278,0.0,7,62.0,6.0
2,4,16,3.6,8.472022442966827,0.125,7,62.0,6.0
2,4,17,2.8,13.39186190444437,0.0,7,62.0,6.0
2,4,18,2.8,10.74992239641967,0.0,7,62.0,6.0
2,4,19,2.8,11.04513497073139,0.0,7,62.0,6.0
2,4,20,2.8,9.120419973941614,0.0,7,62.0,6.0
2,4,21,2.8,9.195878173019901,0.0,7,62.0,6.0
2,4,22,2.5,13.445728091788192,0.0,4,62.0,6.0
3,4,1,2.8,9.956781223484631,0.0,7,62.0,6.0
3,4,2,2.8,13.455238899495587,0.0,7,62.0,6.0
3,4,3,2.8,15.609864422782127,0.0,7,62.0,6.0
3,4,4,2.8,10.235230098597901,0.0,7,62.0,6.0
3,4,5,2.8,9.750359645553582,0.0,7,62.0,6.0
3,4,6,2.8,9.62055528491783,0.0,7,62.0,6.0
3,4,7,2.8,10.023572353931309,0.0,7,62.0,6.0
3,4,8,2.8,13.20888298222265,0.0,7,62.0,6.0
3,4,9,2.8,11.871377031712518,0.0,7,62.0,6.0
3,4,10,2.8,10.552746921801344,0.0,7,62.0,6.0
3,4,11,2.8,12.405388464483728,0.0,7,62.0,6.0
3,4,12,3.6,8.607544920547008,0.125,7,62.0,6.0
3,4,13,2.8,10.380036097595678,0.0,7,62.0,6.0
3,4,14,2.8,9.886988386974483,0.0,7,62.0,6.0
3,4,15,2.8,13.544886662596209,0.0,7,62.0,6.0
3,4,16,2.8,11.005869041265022,0.0,7,62.0,6.0
3,4,17,2.8,14.044567017136512,0.0,7,62.0,6.0
3,4,18,3.0,9.939487275535232,0.0,7,62.0,6.0
3,4,19,2.8,10.055778015927785,0.0,7,62.0,6.0
3,4,20,2.8,9.780078186810965,0.0,7,62.0,6.0
3,4,21,2.8,9.176299543252352,0.0,7,62.0,6.0
3,4,22,3.0,10.510746869853007,0.0,7,62.0,6.0
1,5,1,3.6,11.325483053633851,0.0,7,62.0,6.0
1,5,2,2.8,16.19241706215326,0.0,7,62.0,6.0
1,5,3,3.0,11.434645706940973,0.0,7,62.0,6.0
1,5,4,3.0,8.050855300112168,0.0,7,62.0,6.0
1,5,5,2.8,13.363660524308113,0.0,7,62.0,6.0
1,5,6,2.8,11.152613089489513,0.0,7,62.0,6.0
1,5,7,2.8,11.503411775737474,0.0,7,62.0,6.0
1,5,8,2.8,9.683163473089008,0.0,7,62.0,6.0
1,5,9,2.8,11.683734832556853,0.0,7,62.0,6.0
1,5,10,2.8,10.535104283771618,0.0,7,62.0,6.0
1,5,11,2.8,12.830573329150411,0.0,7,62.0,6.0
1,5,12,2.8,21.981586128563126,0.0,7,62.0,6.0
1,5,13,2.8,10.533850268654364,0.0,7,62.0,6.0
1,5,14,2.8,15.612318465406315,0.0,7,62.0,6.0
1,5,15,2.8,12.099202800764115,0.0,7,62.0,6.0
1,5,16,2.8,11.834012000201433,0.0,7,62.0,6.0
1,5,17,2.8,11.233772628085934,0.0,7,62.0,6.0
1,5,18,3.6,6.672035905273391,0.125,7,62.0,6.0
1,5,19,3.6,8.835398438044908,0.125,7,62.0,6.0
1,5,20,2.8,9.612194167569015,0.0,7,62.0,6.0
1,5,21,3.0,11.686751971964469,0.0,7,62.0,6.0
2,5,1,2.8,16.040237628291067,0.0,7,62.0,6.0
2,5,2,2.8,9.637153671609088,0.0,7,62.0,6.0
2,5,3,3.0,11.708435894180354,0.0,7,62.0,6.0
2,5,4,2.8,11.590759304165925,0.0,7,62.0,6.0
2,5,5,2.8,8.42461239075315,0.0,7,62.0,6.0
2,5,6,2.8,11.022776369595062,0.0,7,62.0,6.0
2,5,7,3.0,11.791695829211704,0.0,7,62.0,6.0
2,5,8,2.8,10.711015231959262,0.0,7,62.0,6.0
2,5,9,2.8,12.649208343588858,0.0,7,62.0,6.0
2,5,10,2.8,14.325598828159714,0.0,7,62.0,6.0
2,5,11,2.8,10.03055364809003,0.0,7,62.0,6.0
2,5,12,2.8,13.282939893518877,0.0,7,62.0,6.0
2,5,13,2.8,12.026294548349009,0.0,7,62.0,6.0
2,5,14,2.8,10.550755650705803,0.0,7,62.0,6.0
2,5,15,2.8,10.49385675057022,0.0,7,62.0,6.0
2,5,16,3.0,10.816043874977709,0.0,7,62.0,6.0
2,5,17,2.8,12.079833869282314,0.0,7,62.0,6.0
2,5,18,2.8,11.023932014494982,0.0,7,62.0,6.0
2,5,19,3.0,15.05237266052874,0.0,7,62.0,6.0
2,5,20,2.8,8.755475339125102,0.0,7,62.0,6.0
2,5,21,2.8,9.12559611682628,0.0,7,62.0,6.0
2,5,22,2.4,11.513088974778997,0.0,6,62.0,6.0
3,5,1,2.8,9.493149097737682,0.0,7,62.0,6.0
3,5,2,2.8,11.068841995756584,0.0,7,62.0,6.0
3,5,3,2.8,12.589504931366857,0.0,7,62.0,6.0
3,5,4,2.8,10.462851998985766,0.0,7,62.0,6.0
3,5,5,2.8,9.522644218993186,0.0,7,62.0,6.0
3,5,6,2.8,10.623155844667878,0.0,7,62.0,6.0
3,5,7,2.8,10.469693538916651,0.0,7,62.0,6.0
3,5,8,2.8,11.242234460329545,0.0,7,62.0,6.0
3,5,9,2.8,13.73794551172037,0.0,7,62.0,6.0
3,5,10,2.8,11.377214863374599,0.0,7,62.0,6.0
3,5,11,2.8,10.142466254451312,0.0,7,62.0,6.0
3,5,12,3.6,8.349044211029469,0.125,7,62.0,6.0
3,5,13,2.8,10.450983914149143,0.0,7,62.0,6.0
3,5,14,2.8,9.230446541019294,0.0,7,62.0,6.0
3,5,15,2.8,15.822541898326877,0.0,7,62.0,6.0
3,5,16,2.8,10.047603847395493,0.0,7,62.0,6.0
3,5,17,2.8,12.520735144022565,0.0,7,62.0,6.0
3,5,18,3.0,12.759570676220926,0.0,7,62.0,6.0
3,5,19,2.8,12.951850340508782,0.0,7,62.0,6.0
3,5,20,2.8,12.866142224228268,0.0,7,62.0,6.0
3,5,21,2.8,9.533902667471866,0.0,7,62.0,6.0
3,5,22,3.0,9.962860370311388,0.0,7,62.0,6.0
1,6,1,3.2,14.907014925799922,0.0,7,62.0,6.0
1,6,2,2.8,12.197969762350954,0.0,7,62.0,6.0
1,6,3,2.8,17.30563585133004,0.0,7,62.0,6.0
1,6,4,2.8,8.960568503136429,0.0,7,62.0,6.0
1,6,5,2.8,11.726104745089623,0.0,7,62.0,6.0
1,6,6,2.8,10.787171410431068,0.0,7,62.0,6.0
1,6,7,2.8,10.129427185542234,0.0,7,62.0,6.0
1,6,8,2.8,13.980488065595924,0.0,7,62.0,6.0
1,6,9,2.8,9.399876405513716,0.0,7,62.0,6.0
1,6,10,2.8,11.643563198058416,0.0,7,62.0,6.0
1,6,11,2.8,14.78631380355465,0.0,7,62.0,6.0
1,6,12,2.8,12.681458433054312,0.0,7,62.0,6.0
1,6,13,2.8,13.017804239449429,0.0,7,62.0,6.0
1,6,14,2.8,13.172889401761587,0.0,7,62.0,6.0
1,6,15,2.8,12.24464255157179,0.0,7,62.0,6.0
1,6,16,2.8,12.882873907494888,0.0,7,62.0,6.0
1,6,17,2.8,14.324156853932044,0.0,7,62.0,6.0
1,6,18,3.6,7.0002099245688765,0.125,7,62.0,6.0
1,6,19,3.0,8.64230660374078,0.0,7,62.0,6.0
1,6,20,3.0,9.396720394792354,0.0,7,62.0,6.0
1,6,21,3.0,8.848969746433985,0.0,7,62.0,6.0
1,6,22,2.4,11.290418560440308,0.0,6,62.0,6.0
2,6,1,2.8,13.642965287224074,0.0,7,62.0,6.0
2,6,2,2.8,11.702358925134636,0.0,7,62.0,6.0
2,6,3,3.2,10.78824960445933,0.0,7,62.0,6.0
2,6,4,2.8,13.89540545812595,0.0,7,62.0,6.0
2,6,5,2.8,8.223490911555087,0.0,7,62.0,6.0
2,6,6,2.8,10.00612957944195,0.0,7,62.0,6.0
2,6,7,3.0,12.237776973033004,0.0,7,62.0,6.0
2,6,8,3.0,10.062924491242317,0.0,7,62.0,6.0
2,6,9,2.8,10.911301050436373,0.0,7,62.0,6.0
2,6,10,2.8,13.201198813592715,0.0,7,62.0,6.0
2,6,11,2.8,8.9963532363723,0.0,7,62.0,6.0
2,6,12,2.8,15.432041157076458,0.0,7,62.0,6.0
2,6,13,2.8,10.923907429829676,0.0,7,62.0,6.0
2,6,14,2.8,11.402434181967388,0.0,7,62.0,6.0
2,6,15,2.8,9.350820225991164,0.0,7,62.0,6.0
2,6,16,3.0,11.820137496721085,0.0,7,62.0,6.0
2,6,17,2.8,12.628034841518112,0.0,7,62.0,6.0
2,6,18,2.8,12.68951940673297,0.0,7,62.0,6.0
2,6,19,3.8,9.168627148512225,0.125,7,62.0,6.0
2,6,20,2.8,9.59208268878983,0.0,7,62.0,6.0
2,6,21,3.0,9.270560077304225,0.0,7,62.0,6.0
3,6,1,2.8,9.781617041364699,0.0,7,62.0,6.0
3,6,2,2.8,10.167221924172999,0.0,7,62.0,6.0
3,6,3,2.8,11.766047476257175,0.0,7,62.0,6.0
3,6,4,2.8,9.608147324219212,0.0,7,62.0,6.0
3,6,5,2.8,9.940526252540039,0.0,7,62.0,6.0
3,6,6,2.8,9.530606576380158,0.0,7,62.0,6.0
3,6,7,2.8,8.913372471358345,0.0,7,62.0,6.0
3,6,8,2.8,12.158541393819672,0.0,7,62.0,6.0
3,6,9,2.8,13.831147301173628,0.0,7,62.0,6.0
3,6,10,2.8,9.699259224078014,0.0,7,62.0,6.0
3,6,11,2.8,11.079503954553852,0.0,7,62.0,6.0
3,6,12,3.6,8.349044211029627,0.125,7,62.0,6.0
3,6,13,2.8,9.704746708843977,0.0,7,62.0,6.0
3,6,14,2.8,9.745206555475187,0.0,7,62.0,6.0
3,6,15,2.8,14.440319922583003,0.0,7,62.0,6.0
3,6,16,2.8,11.269499336161479,0.0,7,62.0,6.0
3,6,17,2.8,13.607119857762495,0.0,7,62.0,6.0
3,6,18,3.0,10.649034092584643,0.0,7,62.0,6.0
3,6,19,2.8,11.756802534880254,0.0,7,62.0,6.0
3,6,20,2.8,10.377470069263193,0.0,7,62.0,6.0
3,6,21,2.8,9.54878743099446,0.0,7,62.0,6.0
3,6,22,2.8,9.513291586940795,0.0,7,62.0,6.0
1,7,1,3.6,12.500138348154902,0.0,7,62.0,6.0
1,7,2,2.8,16.919857162956543,0.0,7,62.0,6.0
1,7,3,3.0,12.004103216570934,0.0,7,62.0,6.0
1,7,4,3.0,7.91341372390623,0.0,7,62.0,6.0
1,7,5,2.8,15.819400486605502,0.0,7,62.0,6.0
1,7,6,2.8,10.348233524779323,0.0,7,62.0,6.0
1,7,7,2.8,12.610789145120943,0.0,7,62.0,6.0
1,7,8,2.8,10.71636461567456,0.0,7,62.0,6.0
1,7,9,2.8,13.250945080607355,0.0,7,62.0,6.0
1,7,10,2.8,12.987266725016786,0.0,7,62.0,6.0
1,7,11,2.8,17.68918947639266,0.0,7,62.0,6.0
1,7,12,2.8,14.107857951949374,0.0,7,62.0,6.0
1,7,13,2.8,10.335119904887883,0.0,7,62.0,6.0
1,7,14,2.8,12.821907293442074,0.0,7,62.0,6.0
1,7,15,2.8,12.985683684805933,0.0,7,62.0,6.0
1,7,16,2.8,12.168567662190538,0.0,7,62.0,6.0
1,7,17,2.8,11.296952255353094,0.0,7,62.0,6.0
1,7,18,3.6,7.215272349862619,0.125,7,62.0,6.0
1,7,19,2.8,12.720482649001545,0.0,7,62.0,6.0
1,7,20,2.8,11.649353538861398,0.0,7,62.0,6.0
1,7,21,3.0,11.82666972118786,0.0,7,62.0,6.0
1,7,22,2.0,12.230706269734528,0.0,5,62.0,6.0
2,7,1,2.8,13.89085048721987,0.0,7,62.0,6.0
2,7,2,2.8,13.248676714368965,0.0,7,62.0,6.0
2,7,3,3.2,12.209667425408494,0.0,7,62.0,6.0
2,7,4,2.8,10.708358730729536,0.0,7,62.0,6.0
2,7,5,2.8,9.635661833220244,0.0,7,62.0,6.0
2,7,6,2.8,10.650855829430231,0.0,7,62.0,6.0
2,7,7,3.6,8.573342516453513,0.125,7,62.0,6.0
2,7,8,2.8,12.248272967954323,0.0,7,62.0,6.0
2,7,9,2.8,11.384809871094138,0.0,7,62.0,6.0
2,7,10,2.8,12.152127169951568,0.0,7,62.0,6.0
2,7,11,2.8,10.434350384425075,0.0,7,62.0,6.0
2,7,12,2.8,12.98537612628083,0.0,7,62.0,6.0
2,7,13,2.8,12.733803925154344,0.0,7,62.0,6.0
2,7,14,2.8,10.090666923234133,0.0,7,62.0,6.0
2,7,15,2.8,9.892780435781031,0.0,7,62.0,6.0
2,7,16,3.6,8.289678533883087,0.125,7,62.0,6.0
2,7,17,2.8,11.740104177164234,0.0,7,62.0,6.0
2,7,18,2.8,13.01803605963745,0.0,7,62.0,6.0
2,7,19,2.8,9.847581492870907,0.0,7,62.0,6.0
2,7,20,2.8,9.838973943639727,0.0,7,62.0,6.0
2,7,21,3.6,7.77509460823197,0.125,7,62.0,6.0
3,7,1,2.8,9.673322303595524,0.0,7,62.0,6.0
3,7,2,2.8,11.252116441705782,0.0,7,62.0,6.0
3,7,3,2.8,10.886440265830663,0.0,7,62.0,6.0
3,7,4,2.8,8.644015258522044,0.0,7,62.0,6.0
3,7,5,2.8,10.613264254908485,0.0,7,62.0,6.0
3,7,6,2.8,9.681470313038037,0.0,7,62.0,6.0
3,7,7,2.8,10.07309796491218,0.0,7,62.0,6.0
3,7,8,2.8,10.960187351658293,0.0,7,62.0,6.0
3,7,9,2.8,11.91764116160924,0.0,7,62.0,6.0
3,7,10,2.8,10.607654100290432,0.0,7,62.0,6.0
3,7,11,2.8,10.07563203791409,0.0,7,62.0,6.0
3,7,12,3.6,8.535470523959424,0.125,7,62.0,6.0
3,7,13,2.8,10.450983914148896,0.0,7,62.0,6.0
3,7,14,2.8,9.919057535503438,0.0,7,62.0,6.0
3,7,15,2.8,14.682987800882744,0.0,7,62.0,6.0
3,7,16,3.0,11.298990182819647,0.0,7,62.0,6.0
3,7,17,2.8,12.339647150074462,0.0,7,62.0,6.0
3,7,18,3.0,9.848557998149564,0.0,7,62.0,6.0
3,7,19,2.8,10.151966268850801,0.0,7,62.0,6.0
3,7,20,2.8,9.140653149502747,0.0,7,62.0,6.0
3,7,21,2.8,11.84578023414133,0.0,7,62.0,6.0
3,7,22,2.8,10.165147546564274,0.0,7,62.0,6.0
1,8,1,3.6,10.721002586306646,0.0,7,62.0,6.0
1,8,2,2.8,12.244260472995622,0.0,7,62.0,6.0
1,8,3,2.8,12.022428626567194,0.0,7,62.0,6.0
1,8,4,3.0,8.192486379364693,0.0,7,62.0,6.0
1,8,5,2.8,15.242327929695728,0.0,7,62.0,6.0
1,8,6,2.8,11.285142903682813,0.0,7,62.0,6.0
1,8,7,2.8,9.172772783256994,0.0,7,62.0,6.0
1,8,8,2.8,11.139365375981722,0.0,7,62.0,6.0
1,8,9,2.8,12.447498353164878,0.0,7,62.0,6.0
1,8,10,2.8,13.079644595638198,0.0,7,62.0,6.0
1,8,11,2.8,13.894920577354982,0.0,7,62.0,6.0
1,8,12,2.8,17.463947285646608,0.0,7,62.0,6.0
1,8,13,2.8,10.682790846238406,0.0,7,62.0,6.0
1,8,14,2.8,14.614346222594067,0.0,7,62.0,6.0
1,8,15,2.8,12.489863675147669,0.0,7,62.0,6.0
1,8,16,2.8,11.00713880478829,0.0,7,62.0,6.0
1,8,17,2.8,15.319976196938166,0.0,7,62.0,6.0
1,8,18,3.0,9.020710027229386,0.0,7,62.0,6.0
1,8,19,3.0,10.123171018813839,0.0,7,62.0,6.0
1,8,20,3.0,11.450002418909262,0.0,7,62.0,6.0
1,8,21,3.0,10.498555595228309,0.0,7,62.0,6.0
1,8,22,2.4,10.727635564449265,0.0,6,62.0,6.0
2,8,1,2.8,12.840942501732343,0.0,7,62.0,6.0
2,8,2,2.8,11.027191751091284,0.0,7,62.0,6.0
2,8,3,3.8,8.910050502987886,0.125,7,62.0,6.0
2,8,4,2.8,11.053258820306961,0.0,7,62.0,6.0
2,8,5,2.8,9.689403718932684,0.0,7,62.0,6.0
2,8,6,2.8,10.800272920404947,0.0,7,62.0,6.0
2,8,7,3.0,11.492793725152005,0.0,7,62.0,6.0
2,8,8,2.8,11.91423782721199,0.0,7,62.0,6.0
2,8,9,2.8,13.347627508496013,0.0,7,62.0,6.0
2,8,10,2.8,10.838494064385971,0.0,7,62.0,6.0
2,8,11,2.8,10.708383851667495,0.0,7,62.0,6.0
2,8,12,2.8,12.876025979772058,0.0,7,62.0,6.0
2,8,13,2.8,13.432991848168944,0.0,7,62.0,6.0
2,8,14,2.8,11.097686753183691,0.0,7,62.0,6.0
2,8,15,2.8,10.87811331720382,0.0,7,62.0,6.0
2,8,16,3.0,11.683712828876706,0.0,7,62.0,6.0
2,8,17,2.8,12.369330116394305,0.0,7,62.0,6.0
2,8,18,2.8,13.080197467864817,0.0,7,62.0,6.0
2,8,19,3.8,8.5269812278465,0.125,7,62.0,6.0
2,8,20,2.8,9.67007607381538,0.0,7,62.0,6.0
2,8,21,2.8,10.70513185383772,0.0,7,62.0,6.0
3,8,1,2.8,11.196211084043,0.0,7,62.0,6.0
3,8,2,2.8,12.121859714802536,0.0,7,62.0,6.0
3,8,3,2.8,11.766047476257175,0.0,7,62.0,6.0
3,8,4,2.8,10.589661915665392,0.0,7,62.0,6.0
3,8,5,2.8,9.221145999503968,0.0,7,62.0,6.0
3,8,6,2.8,9.427769308672994,0.0,7,62.0,6.0
3,8,7,2.8,10.689270248457742,0.0,7,62.0,6.0
3,8,8,2.8,14.189516342852249,0.0,7,62.0,6.0
3,8,9,2.8,13.893987580751217,0.0,7,62.0,6.0
3,8,10,2.8,10.589288331049914,0.0,7,62.0,6.0
3,8,11,2.8,10.729638617561392,0.0,7,62.0,6.0
3,8,12,3.6,8.619675826359883,0.125,7,62.0,6.0
3,8,13,3.0,10.312228198270466,0.0,7,62.0,6.0
3,8,14,2.8,9.236414518888097,0.0,7,62.0,6.0
3,8,15,2.8,13.985064913022196,0.0,7,62.0,6.0
3,8,16,2.8,11.626189327264825,0.0,7,62.0,6.0
3,8,17,2.8,21.949239016083194,0.0,7,62.0,6.0
3,8,18,2.8,11.189723920793966,0.0,7,62.0,6.0
3,8,19,2.8,10.820785950030162,0.0,7,62.0,6.0
3,8,20,2.8,11.153367585823657,0.0,7,62.0,6.0
3,8,21,2.8,8.857361593383834,0.0,7,62.0,6.0
3,8,22,3.0,10.620254084998692,0.0,7,62.0,6.0
1,9,1,3.2,12.242025348764006,0.0,7,62.0,6.0
1,9,2,2.8,11.305467039826476,0.0,7,62.0,6.0
1,9,3,2.8,13.782854936720948,0.0,7,62.0,6.0
1,9,4,3.0,8.07855441266651,0.0,7,62.0,6.0
1,9,5,2.8,13.280270809946545,0.0,7,62.0,6.0
1,9,6,2.8,9.428466578888102,0.0,7,62.0,6.0
1,9,7,2.8,10.369177246077912,0.0,7,62.0,6.0
1,9,8,2.8,12.70218400828835,0.0,7,62.0,6.0
1,9,9,2.8,11.566294189938171,0.0,7,62.0,6.0
1,9,10,2.8,15.406489836169301,0.0,7,62.0,6.0
1,9,11,2.8,16.363519577133637,0.0,7,62.0,6.0
1,9,12,2.8,13.934782164380234,0.0,7,62.0,6.0
1,9,13,2.8,12.152126330216218,0.0,7,62.0,6.0
1,9,14,2.8,12.811508829306531,0.0,7,62.0,6.0
1,9,15,2.8,10.045743607083947,0.0,7,62.0,6.0
1,9,16,2.8,12.343443780392407,0.0,7,62.0,6.0
1,9,17,2.8,14.319511821785568,0.0,7,62.0,6.0
1,9,18,3.0,8.559047765933794,0.0,7,62.0,6.0
1,9,19,2.8,12.60296044079976,0.0,7,62.0,6.0
1,9,20,2.8,12.7365813493989,0.0,7,62.0,6.0
1,9,21,2.8,10.261949961771059,0.0,7,62.0,6.0
1,9,22,3.0,8.67287396568522,0.0,7,62.0,6.0
2,9,1,2.8,14.414663556192938,0.0,7,62.0,6.0
2,9,2,2.8,10.987571280666142,0.0,7,62.0,6.0
2,9,3,3.8,8.011378631312764,0.125,7,62.0,6.0
2,9,4,2.8,11.3823882500421,0.0,7,62.0,6.0
2,9,5,2.8,9.735674555782328,0.0,7,62.0,6.0
2,9,6,2.8,10.762263491317736,0.0,7,62.0,6.0
2,9,7,3.0,12.277172603614103,0.0,7,62.0,6.0
2,9,8,2.8,11.215130922945844,0.0,7,62.0,6.0
2,9,9,2.8,11.600750756733618,0.0,7,62.0,6.0
2,9,10,2.8,10.974632250703062,0.0,7,62.0,6.0
2,9,11,2.8,9.58410672661445,0.0,7,62.0,6.0
2,9,12,2.8,12.380795906551803,0.0,7,62.0,6.0
2,9,13,2.8,13.703874780599032,0.0,7,62.0,6.0
2,9,14,2.8,10.958497876491473,0.0,7,62.0,6.0
2,9,15,2.8,9.908807824710532,0.0,7,62.0,6.0
2,9,16,3.6,8.677815532412005,0.125,7,62.0,6.0
2,9,17,2.8,12.184485446539314,0.0,7,62.0,6.0
2,9,18,2.8,14.03362321453535,0.0,7,62.0,6.0
2,9,19,2.8,11.494768107429705,0.0,7,62.0,6.0
2,9,20,2.8,8.959751786886537,0.0,7,62.0,6.0
2,9,21,2.8,9.760860484826233,0.0,7,62.0,6.0
3,9,1,2.8,9.291249497123385,0.0,7,62.0,6.0
3,9,2,2.8,12.24318650927824,0.0,7,62.0,6.0
3,9,3,2.8,12.615472732795098,0.0,7,62.0,6.0
3,9,4,2.8,9.533265854078847,0.0,7,62.0,6.0
3,9,5,2.8,9.3053224435366,0.0,7,62.0,6.0
3,9,6,2.8,9.66616935169972,0.0,7,62.0,6.0
3,9,7,2.8,9.97453135766018,0.0,7,62.0,6.0
3,9,8,2.8,11.87525311938599,0.0,7,62.0,6.0
3,9,9,2.8,15.59442436885372,0.0,7,62.0,6.0
3,9,10,2.8,12.14536941055913,0.0,7,62.0,6.0
3,9,11,2.8,9.5710797145722,0.0,7,62.0,6.0
3,9,12,3.0,12.497685996153301,0.0,7,62.0,6.0
3,9,13,2.8,9.199807636635693,0.0,7,62.0,6.0
3,9,14,2.8,11.171387865979012,0.0,7,62.0,6.0
3,9,15,2.8,15.509690175434255,0.0,7,62.0,6.0
3,9,16,3.0,10.00833177217361,0.0,7,62.0,6.0
3,9,17,2.8,20.224888058004296,0.0,7,62.0,6.0
3,9,18,2.8,10.76873471924338,0.0,7,62.0,6.0
3,9,19,2.8,12.47628245360828,0.0,7,62.0,6.0
3,9,20,2.8,10.751151765600925,0.0,7,62.0,6.0
3,9,21,2.8,8.661986640966637,0.0,7,62.0,6.0
3,9,22,2.8,9.905965854484888,0.0,7,62.0,6.0
1,10,1,3.6,9.473741093981932,0.0,7,62.0,6.0
1,10,2,3.0,12.21072004849601,0.0,7,62.0,6.0
1,10,3,2.8,15.192477865176375,0.0,7,62.0,6.0
1,10,4,3.0,7.790645090946865,0.0,7,62.0,6.0
1,10,5,2.8,15.574091824356891,0.0,7,62.0,6.0
1,10,6,2.8,10.173527980903176,0.0,7,62.0,6.0
1,10,7,2.8,10.630783507569458,0.0,7,62.0,6.0
1,10,8,2.8,9.237837800049169,0.0,7,62.0,6.0
1,10,9,2.8,12.800579341876258,0.0,7,62.0,6.0
1,10,10,2.8,10.010094779965913,0.0,7,62.0,6.0
1,10,11,2.8,16.126965127298213,0.0,7,62.0,6.0
1,10,12,2.8,17.064141805534664,0.0,7,62.0,6.0
1,10,13,2.8,11.368508755751058,0.0,7,62.0,6.0
1,10,14,2.8,14.080193475065192,0.0,7,62.0,6.0
1,10,15,2.8,14.695777915262596,0.0,7,62.0,6.0
1,10,16,2.8,12.267657697687623,0.0,7,62.0,6.0
1,10,17,2.8,12.138954361644602,0.0,7,62.0,6.0
1,10,18,3.6,7.763731287110398,0.125,7,62.0,6.0
1,10,19,3.0,11.720821431071998,0.0,7,62.0,6.0
1,10,20,2.8,11.563616365627432,0.0,7,62.0,6.0
1,10,21,3.2,8.750119303347354,0.0,7,62.0,6.0
1,10,22,2.0,16.60596355703115,0.0,4,62.0,6.0
2,10,1,2.8,15.090407364206348,0.0,7,62.0,6.0
2,10,2,2.8,11.291856829743294,0.0,7,62.0,6.0
2,10,3,3.2,12.161112851336206,0.0,7,62.0,6.0
2,10,4,2.8,12.131452497230674,0.0,7,62.0,6.0
2,10,5,2.8,9.86888071495687,0.0,7,62.0,6.0
2,10,6,2.8,9.750886940425202,0.0,7,62.0,6.0
2,10,7,3.6,10.447970428287608,0.125,7,62.0,6.0
2,10,8,2.8,10.723538184564207,0.0,7,62.0,6.0
2,10,9,2.8,10.088987543540282,0.0,7,62.0,6.0
2,10,10,2.8,13.58243240302086,0.0,7,62.0,6.0
2,10,11,2.8,9.480117961099758,0.0,7,62.0,6.0
2,10,12,2.8,12.456442056858055,0.0,7,62.0,6.0
2,10,13,2.8,12.787049251339775,0.0,7,62.0,6.0
2,10,14,2.8,10.364257443840959,0.0,7,62.0,6.0
2,10,15,2.8,9.876804811377735,0.0,7,62.0,6.0
2,10,16,3.0,12.004772566412926,0.0,7,62.0,6.0
2,10,17,2.8,11.295642425846522,0.0,7,62.0,6.0
2,10,18,2.8,12.121062519570062,0.0,7,62.0,6.0
2,10,19,3.8,7.929968578201763,0.125,7,62.0,6.0
2,10,20,2.8,8.021365104863877,0.0,7,62.0,6.0
2,10,21,3.0,10.883488169593125,0.0,7,62.0,6.0
3,10,1,2.8,9.017279717905526,0.0,7,62.0,6.0
3,10,2,2.8,12.366966559980945,0.0,7,62.0,6.0
3,10,3,2.8,11.103848049712328,0.0,7,62.0,6.0
3,10,4,2.8,9.714979626510361,0.0,7,62.0,6.0
3,10,5,2.8,9.333723818690395,0.0,7,62.0,6.0
3,10,6,2.8,10.097027906564248,0.0,7,62.0,6.0
3,10,7,2.8,9.180970965230737,0.0,7,62.0,6.0
3,10,8,2.8,13.208882982222915,0.0,7,62.0,6.0
3,10,9,2.8,11.492171116222481,0.0,7,62.0,6.0
3,10,10,2.8,12.647682721470142,0.0,7,62.0,6.0
3,10,11,2.8,11.180774984873041,0.0,7,62.0,6.0
3,10,12,3.8,7.936637277069743,0.125,7,62.0,6.0
3,10,13,2.8,11.82936095579447,0.0,7,62.0,6.0
3,10,14,2.8,9.11256071214203,0.0,7,62.0,6.0
3,10,15,2.8,18.684731277816073,0.0,7,62.0,6.0
3,10,16,3.0,9.19718284612304,0.0,7,62.0,6.0
3,10,17,2.8,12.09366095942434,0.0,7,62.0,6.0
3,10,18,2.8,13.383193017067292,0.0,7,62.0,6.0
3,10,19,2.8,11.59548850876195,0.0,7,62.0,6.0
3,10,20,2.8,9.140653149502684,0.0,7,62.0,6.0
3,10,21,2.8,10.743001973080519,0.0,7,62.0,6.0
3,10,22,2.8,10.831210709666744,0.0,7,62.0,6.0
1,11,1,3.2,12.706676074986289,0.0,7,62.0,6.0
1,11,2,2.8,14.381278746589569,0.0,7,62.0,6.0
1,11,3,2.8,11.175621469241992,0.0,7,62.0,6.0
1,11,4,3.0,9.94510595316046,0.0,7,62.0,6.0
1,11,5,2.8,16.703800078794483,0.0,7,62.0,6.0
1,11,6,2.8,10.298591351716471,0.0,7,62.0,6.0
1,11,7,2.8,9.562875223414823,0.0,7,62.0,6.0
1,11,8,2.8,15.395739507781322,0.0,7,62.0,6.0
1,11,9,2.8,9.830403791861553,0.0,7,62.0,6.0
1,11,10,2.8,13.269223512561057,0.0,7,62.0,6.0
1,11,11,2.8,11.538369971061122,0.0,7,62.0,6.0
1,11,12,2.8,13.318805393353546,0.0,7,62.0,6.0
1,11,13,2.8,13.575724852510941,0.0,7,62.0,6.0
1,11,14,2.8,12.31408684546832,0.0,7,62.0,6.0
1,11,15,2.8,14.183601091485782,0.0,7,62.0,6.0
1,11,16,2.8,11.811186708000193,0.0,7,62.0,6.0
1,11,17,2.8,12.129042375119802,0.0,7,62.0,6.0
1,11,18,3.0,7.522628072524651,0.0,7,62.0,6.0
1,11,19,3.0,10.201012034973438,0.0,7,62.0,6.0
1,11,20,3.0,10.23874402529567,0.0,7,62.0,6.0
1,11,21,2.8,12.904151714893759,0.0,7,62.0,6.0
1,11,22,3.0,8.76247165145641,0.0,7,62.0,6.0
2,11,1,2.8,13.43321156862226,0.0,7,62.0,6.0
2,11,2,2.8,13.022995004388006,0.0,7,62.0,6.0
2,11,3,3.8,8.339073243339108,0.125,7,62.0,6.0
2,11,4,2.8,11.446294386320425,0.0,7,62.0,6.0
2,11,5,2.8,9.829554785980381,0.0,7,62.0,6.0
2,11,6,2.8,10.576159952685416,0.0,7,62.0,6.0
2,11,7,2.8,12.392965246389883,0.0,7,62.0,6.0
2,11,8,2.8,10.277858453968873,0.0,7,62.0,6.0
2,11,9,2.8,11.834394781084448,0.0,7,62.0,6.0
2,11,10,2.8,14.324365047429708,0.0,7,62.0,6.0
2,11,11,2.8,9.085078993168093,0.0,7,62.0,6.0
2,11,12,2.8,13.656837769984103,0.0,7,62.0,6.0
2,11,13,2.8,14.008798462079856,0.0,7,62.0,6.0
2,11,14,2.8,10.572813363243275,0.0,7,62.0,6.0
2,11,15,2.8,9.1924991391369,0.0,7,62.0,6.0
2,11,16,3.0,9.815219384526648,0.0,7,62.0,6.0
2,11,17,2.8,11.24898778343729,0.0,7,62.0,6.0
2,11,18,2.8,10.509781910317503,0.0,7,62.0,6.0
2,11,19,2.8,16.021723042328713,0.0,7,62.0,6.0
2,11,20,2.8,9.698945246981427,0.0,7,62.0,6.0
2,11,21,2.8,10.598137848395137,0.0,7,62.0,6.0
2,11,22,2.5,12.453298440724764,0.0,4,62.0,6.0
3,11,1,2.8,10.189002314546489,0.0,7,62.0,6.0
3,11,2,2.8,11.726749002327754,0.0,7,62.0,6.0
3,11,3,2.8,11.653949765780713,0.0,7,62.0,6.0
3,11,4,2.8,9.04008601837651,0.0,7,62.0,6.0
3,11,5,2.8,10.838969269808114,0.0,7,62.0,6.0
3,11,6,2.8,9.530606576380228,0.0,7,62.0,6.0
3,11,7,2.8,9.435929048584915,0.0,7,62.0,6.0
3,11,8,2.8,11.180580462257351,0.0,7,62.0,6.0
3,11,9,2.8,14.555291042062045,0.0,7,62.0,6.0
3,11,10,2.8,12.569703258096535,0.0,7,62.0,6.0
3,11,11,2.8,10.748494885860563,0.0,7,62.0,6.0
3,11,12,3.6,9.430401550929945,0.125,7,62.0,6.0
3,11,13,3.0,9.800000222345876,0.0,7,62.0,6.0
3,11,14,2.8,10.67059977280864,0.0,7,62.0,6.0
3,11,15,2.8,16.25190932116329,0.0,7,62.0,6.0
3,11,16,3.0,10.437074366384566,0.0,7,62.0,6.0
3,11,17,2.8,12.643678995731559,0.0,7,62.0,6.0
3,11,18,2.8,11.605543052405581,0.0,7,62.0,6.0
3,11,19,2.8,11.010973332000358,0.0,7,62.0,6.0
3,11,20,2.8,8.06757086517424,0.0,7,62.0,6.0
3,11,21,2.8,11.113912562154823,0.0,7,62.0,6.0
3,11,22,2.8,10.13147010047987,0.0,7,62.0,6.0
1,12,1,3.6,9.73389230508593,0.0,7,62.0,6.0
1,12,2,2.8,15.288618811069448,0.0,7,62.0,6.0
1,12,3,3.0,12.124869494139629,0.0,7,62.0,6.0
1,12,4,3.0,7.861792967858103,0.0,7,62.0,6.0
1,12,5,2.8,16.649869308840838,0.0,7,62.0,6.0
1,12,6,2.8,10.021261134073258,0.0,7,62.0,6.0
1,12,7,2.8,9.995948776312083,0.0,7,62.0,6.0
1,12,8,2.8,9.621321849957342,0.0,7,62.0,6.0
1,12,9,2.8,12.130610633800025,0.0,7,62.0,6.0
1,12,10,2.8,10.213691632219808,0.0,7,62.0,6.0
1,12,11,2.8,12.749137223832472,0.0,7,62.0,6.0
1,12,12,2.8,14.07490643014295,0.0,7,62.0,6.0
1,12,13,2.8,10.935275864807805,0.0,7,62.0,6.0
1,12,14,2.8,15.256575872561076,0.0,7,62.0,6.0
1,12,15,2.8,16.328413711644465,0.0,7,62.0,6.0
1,12,16,2.8,12.680699222701161,0.0,7,62.0,6.0
1,12,17,2.8,9.336589426337898,0.0,7,62.0,6.0
1,12,18,3.6,7.865062101604149,0.125,7,62.0,6.0
1,12,19,3.0,10.369497562252617,0.0,7,62.0,6.0
1,12,20,2.8,10.954031015617204,0.0,7,62.0,6.0
1,12,21,3.2,9.148649372356193,0.0,7,62.0,6.0
1,12,22,2.0,14.507147861278499,0.0,4,62.0,6.0
2,12,1,2.8,16.040237628290875,0.0,7,62.0,6.0
2,12,2,2.8,11.43969992130191,0.0,7,62.0,6.0
2,12,3,3.0,10.97320552072579,0.0,7,62.0,6.0
2,12,4,2.8,10.967235129043804,0.0,7,62.0,6.0
2,12,5,2.8,10.47311865734062,0.0,7,62.0,6.0
2,12,6,2.8,12.066634273139801,0.0,7,62.0,6.0
2,12,7,3.0,11.976416780275075,0.0,7,62.0,6.0
2,12,8,2.8,10.786576152841373,0.0,7,62.0,6.0
2,12,9,2.8,11.420944390584571,0.0,7,62.0,6.0
2,12,10,2.8,15.292728071555732,0.0,7,62.0,6.0
2,12,11,2.8,9.427561200793685,0.0,7,62.0,6.0
2,12,12,3.6,11.396357476382656,0.125,7,62.0,6.0
2,12,13,2.8,12.176089753846906,0.0,7,62.0,6.0
2,12,14,2.8,11.429507047753805,0.0,7,62.0,6.0
2,12,15,2.8,9.61290265612781,0.0,7,62.0,6.0
2,12,16,3.0,12.294349344785147,0.0,7,62.0,6.0
2,12,17,2.8,10.25406253403184,0.0,7,62.0,6.0
2,12,18,2.8,11.703564565345786,0.0,7,62.0,6.0
2,12,19,3.0,9.423264691572859,0.0,7,62.0,6.0
2,12,20,2.8,8.980837194879841,0.0,7,62.0,6.0
2,12,21,2.8,7.897829892793219,0.0,7,62.0,6.0
2,12,22,2.0,23.74039544796491,0.0,4,62.0,6.0
3,12,1,2.8,9.797285974986112,0.0,7,62.0,6.0
3,12,2,2.8,12.888170205891468,0.0,7,62.0,6.0
3,12,3,2.8,11.043698510210092,0.0,7,62.0,6.0
3,12,4,2.8,9.273093091117467,0.0,7,62.0,6.0
3,12,5,2.8,10.66880465394081,0.0,7,62.0,6.0
3,12,6,2.8,10.181066706843058,0.0,7,62.0,6.0
3,12,7,2.8,9.045192951997484,0.0,7,62.0,6.0
3,12,8,2.8,11.517451541346732,0.0,7,62.0,6.0
3,12,9,2.8,13.175642769119031,0.0,7,62.0,6.0
3,12,10,2.8,12.073443373412168,0.0,7,62.0,6.0
3,12,11,2.8,10.383534392092205,0.0,7,62.0,6.0
3,12,12,3.0,11.685808871856635,0.0,7,62.0,6.0
3,12,13,3.0,8.990103680889826,0.0,7,62.0,6.0
3,12,14,2.8,10.410168796470911,0.0,7,62.0,6.0
3,12,15,2.8,12.912404362620084,0.0,7,62.0,6.0
3,12,16,3.0,10.76338773073314,0.0,7,62.0,6.0
3,12,17,2.8,13.10722402863298,0.0,7,62.0,6.0
3,12,18,3.0,11.033796052421467,0.0,7,62.0,6.0
3,12,19,2.8,11.367488884985292,0.0,7,62.0,6.0
3,12,20,2.8,10.957072242773858,0.0,7,62.0,6.0
3,12,21,2.8,8.873880658039834,0.0,7,62.0,6.0
3,12,22,3.0,10.160332771843844,0.0,7,62.0,6.0
1,13,1,3.6,11.035126933034284,0.0,7,62.0,6.0
1,13,2,2.8,14.800465910956246,0.0,7,62.0,6.0
1,13,3,3.0,10.48009691768076,0.0,7,62.0,6.0
1,13,4,3.0,8.829404872208443,0.0,7,62.0,6.0
1,13,5,2.8,15.614446904871595,0.0,7,62.0,6.0
1,13,6,2.8,11.173291952896102,0.0,7,62.0,6.0
1,13,7,2.8,10.079548334055682,0.0,7,62.0,6.0
1,13,8,2.8,9.955108463667655,0.0,7,62.0,6.0
1,13,9,2.8,12.430896748097764,0.0,7,62.0,6.0
1,13,10,2.8,10.30098887885507,0.0,7,62.0,6.0
1,13,11,2.8,13.195827277819966,0.0,7,62.0,6.0
1,13,12,2.8,17.927147051558645,0.0,7,62.0,6.0
1,13,13,2.8,10.759550177715596,0.0,7,62.0,6.0
1,13,14,2.8,14.146300923101254,0.0,7,62.0,6.0
1,13,15,2.8,12.449142415223873,0.0,7,62.0,6.0
1,13,16,3.0,11.08048946089938,0.0,7,62.0,6.0
1,13,17,2.8,13.352117273294311,0.0,7,62.0,6.0
1,13,18,2.8,9.023395302821173,0.0,7,62.0,6.0
1,13,19,3.0,9.942270332784485,0.0,7,62.0,6.0
1,13,20,2.8,12.841875131379533,0.0,7,62.0,6.0
1,13,21,2.8,9.917191214361871,0.0,7,62.0,6.0
1,13,22,2.6,11.346716574337611,0.0,6,62.0,6.0
2,13,1,2.8,13.642965287224005,0.0,7,62.0,6.0
2,13,2,2.8,10.355076516259972,0.0,7,62.0,6.0
2,13,3,3.0,15.125098569636206,0.0,7,62.0,6.0
2,13,4,2.8,10.755092958479416,0.0,7,62.0,6.0
2,13,5,3.0,8.02877342688353,0.0,7,62.0,6.0
2,13,6,2.8,10.917013752653123,0.0,7,62.0,6.0
2,13,7,3.0,11.58852719511186,0.0,7,62.0,6.0
2,13,8,3.0,9.227876074520136,0.0,7,62.0,6.0
2,13,9,2.8,11.357047252995482,0.0,7,62.0,6.0
2,13,10,2.8,17.262516670024016,0.0,7,62.0,6.0
2,13,11,2.8,7.965314253164372,0.0,7,62.0,6.0
2,13,12,2.8,17.558600508354694,0.0,7,62.0,6.0
2,13,13,2.8,9.94679022642424,0.0,7,62.0,6.0
2,13,14,2.8,11.775644978753379,0.0,7,62.0,6.0
2,13,15,2.8,9.816054118179789,0.0,7,62.0,6.0
2,13,16,3.0,9.826166082777755,0.0,7,62.0,6.0
2,13,17,2.8,15.709389471646073,0.0,7,62.0,6.0
2,13,18,2.8,10.711584868881502,0.0,7,62.0,6.0
2,13,19,3.0,12.5868946204629,0.0,7,62.0,6.0
2,13,20,3.0,8.135417891302623,0.0,7,62.0,6.0
2,13,21,3.0,7.905025421432804,0.0,7,62.0,6.0
2,13,22,2.0,21.93140475196904,0.0,4,62.0,6.0
3,13,1,2.8,10.071553359044335,0.0,7,62.0,6.0
3,13,2,2.8,10.757347505640297,0.0,7,62.0,6.0
3,13,3,2.8,9.7575236547923,0.0,7,62.0,6.0
3,13,4,2.8,10.218130258662354,0.0,7,62.0,6.0
3,13,5,2.8,10.25727731084804,0.0,7,62.0,6.0
3,13,6,2.8,9.853034648832981,0.0,7,62.0,6.0
3,13,7,2.8,9.005239220696941,0.0,7,62.0,6.0
3,13,8,2.8,11.495803494197443,0.0,7,62.0,6.0
3,13,9,2.8,13.555260088844516,0.0,7,62.0,6.0
3,13,10,2.8,11.314075631773509,0.0,7,62.0,6.0
3,13,11,2.8,11.221803667170608,0.0,7,62.0,6.0
3,13,12,3.6,9.459572778420137,0.125,7,62.0,6.0
3,13,13,2.8,10.725903267845993,0.0,7,62.0,6.0
3,13,14,2.8,10.30338477272725,0.0,7,62.0,6.0
3,13,15,2.8,15.044152389311298,0.0,7,62.0,6.0
3,13,16,2.8,11.146271593297183,0.0,7,62.0,6.0
3,13,17,2.8,13.340011230803796,0.0,7,62.0,6.0
3,13,18,2.8,11.629310981220996,0.0,7,62.0,6.0
3,13,19,2.8,11.38865591912204,0.0,7,62.0,6.0
3,13,20,2.8,12.816964193967909,0.0,7,62.0,6.0
3,13,21,2.8,8.623640378383318,0.0,7,62.0,6.0
3,13,22,3.0,9.602039414129157,0.0,7,62.0,6.0
1,14,1,3.6,10.759286625800422,0.0,7,62.0,6.0
1,14,2,2.8,13.446416011836233,0.0,7,62.0,6.0
1,14,3,2.8,11.407915520204476,0.0,7,62.0,6.0
1,14,4,3.0,9.027007485913497,0.0,7,62.0,6.0
1,14,5,2.8,15.014461062618135,0.0,7,62.0,6.0
1,14,6,2.8,8.559955498652837,0.0,7,62.0,6.0
1,14,7,2.8,11.634443309103673,0.0,7,62.0,6.0
1,14,8,2.8,11.017171151962637,0.0,7,62.0,6.0
1,14,9,2.8,11.766929392075086,0.0,7,62.0,6.0
1,14,10,2.8,10.48519044756393,0.0,7,62.0,6.0
1,14,11,2.8,13.736550675485299,0.0,7,62.0,6.0
1,14,12,2.8,16.41721989296908,0.0,7,62.0,6.0
1,14,13,2.8,11.542181865542213,0.0,7,62.0,6.0
1,14,14,2.8,24.46259030173368,0.0,7,62.0,6.0
1,14,15,2.8,13.806172212435442,0.0,7,62.0,6.0
1,14,16,2.8,9.775127112854953,0.0,7,62.0,6.0
1,14,17,2.8,12.214645595901867,0.0,7,62.0,6.0
1,14,18,3.0,8.88766541222372,0.0,7,62.0,6.0
1,14,19,3.0,10.03884931073863,0.0,7,62.0,6.0
1,14,20,3.0,12.625492200849282,0.0,7,62.0,6.0
1,14,21,3.0,10.283563101263333,0.0,7,62.0,6.0
1,14,22,2.4,12.561307276552196,0.0,6,62.0,6.0
2,14,1,2.8,13.828038517437568,0.0,7,62.0,6.0
2,14,2,2.8,10.680570734057637,0.0,7,62.0,6.0
2,14,3,3.8,9.028424868289795,0.125,7,62.0,6.0
2,14,4,2.8,11.424912756632054,0.0,7,62.0,6.0
2,14,5,2.8,9.139213971100313,0.0,7,62.0,6.0
2,14,6,2.8,11.0941342269912,0.0,7,62.0,6.0
2,14,7,3.0,12.844400909663744,0.0,7,62.0,6.0
2,14,8,2.8,12.175126628330537,0.0,7,62.0,6.0
2,14,9,2.8,10.139163303438497,0.0,7,62.0,6.0
2,14,10,2.8,10.222564941393046,0.0,7,62.0,6.0
2,14,11,2.8,9.675072944779426,0.0,7,62.0,6.0
2,14,12,2.8,11.263563659485692,0.0,7,62.0,6.0
2,14,13,2.8,11.361797355372758,0.0,7,62.0,6.0
2,14,14,2.8,10.919368624042747,0.0,7,62.0,6.0
2,14,15,2.8,9.138895191394578,0.0,7,62.0,6.0
2,14,16,3.6,8.049651344222907,0.125,7,62.0,6.0
2,14,17,2.8,12.534068435107777,0.0,7,62.0,6.0
2,14,18,2.8,10.828465300305254,0.0,7,62.0,6.0
2,14,19,3.0,12.373490137894105,0.0,7,62.0,6.0
2,14,20,2.8,9.222121913670389,0.0,7,62.0,6.0
2,14,21,3.0,10.41007844519753,0.0,7,62.0,6.0
3,14,1,2.8,10.743853384483813,0.0,7,62.0,6.0
3,14,2,2.8,10.626514571758227,0.0,7,62.0,6.0
3,14,3,2.8,12.04408843552681,0.0,7,62.0,6.0
3,14,4,2.8,9.91981830435369,0.0,7,62.0,6.0
3,14,5,2.8,9.537493821488802,0.0,7,62.0,6.0
3,14,6,2.8,9.5753696962021,0.0,7,62.0,6.0
3,14,7,2.8,8.978798913593002,0.0,7,62.0,6.0
3,14,8,2.8,12.134418830303675,0.0,7,62.0,6.0
3,14,9,2.8,15.056950437410544,0.0,7,62.0,6.0
3,14,10,2.8,12.00236422661664,0.0,7,62.0,6.0
3,14,11,2.8,12.231720798462273,0.0,7,62.0,6.0
3,14,12,3.0,10.798615455333687,0.0,7,62.0,6.0
3,14,13,2.8,10.458307393972195,0.0,7,62.0,6.0
3,14,14,2.8,11.529389801481562,0.0,7,62.0,6.0
3,14,15,2.8,13.461497750186114,0.0,7,62.0,6.0
3,14,16,2.8,10.13542750335605,0.0,7,62.0,6.0
3,14,17,2.8,14.496314495647514,0.0,7,62.0,6.0
3,14,18,3.0,10.041054469194027,0.0,7,62.0,6.0
3,14,19,2.8,12.683262832496077,0.0,7,62.0,6.0
3,14,20,2.8,11.499048472991808,0.0,7,62.0,6.0
3,14,21,2.8,8.993136870759743,0.0,7,62.0,6.0
3,14,22,2.8,9.625352098467234,0.0,7,62.0,6.0
1,15,1,3.6,9.942678690685382,0.0,7,62.0,6.0
1,15,2,2.8,16.149023347822233,0.0,7,62.0,6.0
1,15,3,2.8,14.582669271085008,0.0,7,62.0,6.0
1,15,4,2.8,8.369167555988591,0.0,7,62.0,6.0
1,15,5,2.8,14.019427041482263,0.0,7,62.0,6.0
1,15,6,2.8,9.403410117615714,0.0,7,62.0,6.0
1,15,7,2.8,9.983383307633872,0.0,7,62.0,6.0
1,15,8,2.8,11.986224418864865,0.0,7,62.0,6.0
1,15,9,2.8,9.046955399099993,0.0,7,62.0,6.0
1,15,10,2.8,11.71932203316134,0.0,7,62.0,6.0
1,15,11,2.8,13.916963292290289,0.0,7,62.0,6.0
1,15,12,2.8,21.32795025293714,0.0,7,62.0,6.0
1,15,13,2.8,10.819364479342092,0.0,7,62.0,6.0
1,15,14,2.8,13.168836390711062,0.0,7,62.0,6.0
1,15,15,2.8,10.565513248776442,0.0,7,62.0,6.0
1,15,16,2.8,11.342367587527303,0.0,7,62.0,6.0
1,15,17,2.8,13.992357432288273,0.0,7,62.0,6.0
1,15,18,3.6,7.878564572104796,0.125,7,62.0,6.0
1,15,19,2.8,8.697844828478797,0.0,7,62.0,6.0
1,15,20,2.8,12.41844239188977,0.0,7,62.0,6.0
1,15,21,2.8,9.219261730825334,0.0,7,62.0,6.0
1,15,22,2.6,12.500026713223168,0.0,6,62.0,6.0
2,15,1,2.8,17.069894370337078,0.0,7,62.0,6.0
2,15,2,2.8,10.569822602139261,0.0,7,62.0,6.0
2,15,3,3.0,11.132998857162132,0.0,7,62.0,6.0
2,15,4,2.8,11.333030945512617,0.0,7,62.0,6.0
2,15,5,2.8,8.122528251704173,0.0,7,62.0,6.0
2,15,6,2.8,11.948764578414867,0.0,7,62.0,6.0
2,15,7,3.0,11.046304521805764,0.0,7,62.0,6.0
2,15,8,2.8,9.616359208635831,0.0,7,62.0,6.0
2,15,9,2.8,11.378449365123336,0.0,7,62.0,6.0
2,15,10,2.8,15.292728071555823,0.0,7,62.0,6.0
2,15,11,2.8,9.456714831558012,0.0,7,62.0,6.0
2,15,12,2.8,14.616153013072434,0.0,7,62.0,6.0
2,15,13,2.8,11.527620037394755,0.0,7,62.0,6.0
2,15,14,2.8,12.047060773437535,0.0,7,62.0,6.0
2,15,15,3.0,8.924170302987012,0.0,7,62.0,6.0
2,15,16,3.0,11.537120371844834,0.0,7,62.0,6.0
2,15,17,2.8,12.217027777552934,0.0,7,62.0,6.0
2,15,18,2.8,11.407310689866637,0.0,7,62.0,6.0
2,15,19,3.0,11.266097962757419,0.0,7,62.0,6.0
2,15,20,2.8,10.209071584397844,0.0,7,62.0,6.0
2,15,21,2.8,8.910703856269834,0.0,7,62.0,6.0
2,15,22,2.2,14.804222180984494,0.0,5,62.0,6.0
3,15,1,2.8,10.0220428980575,0.0,7,62.0,6.0
3,15,2,2.8,12.39202352205061,0.0,7,62.0,6.0
3,15,3,2.8,14.568741072028251,0.0,7,62.0,6.0
3,15,4,2.8,10.066764770896741,0.0,7,62.0,6.0
3,15,5,2.8,10.414470895266025,0.0,7,62.0,6.0
3,15,6,2.8,9.270576962552322,0.0,7,62.0,6.0
3,15,7,2.8,11.21866035559599,0.0,7,62.0,6.0
3,15,8,2.8,11.517451541346832,0.0,7,62.0,6.0
3,15,9,2.8,12.979909559480783,0.0,7,62.0,6.0
3,15,10,2.8,11.505631314515124,0.0,7,62.0,6.0
3,15,11,2.8,11.325704951039672,0.0,7,62.0,6.0
3,15,12,3.6,9.563108844984992,0.125,7,62.0,6.0
3,15,13,2.8,11.32154313225322,0.0,7,62.0,6.0
3,15,14,2.8,9.371886701708576,0.0,7,62.0,6.0
3,15,15,2.8,13.455490441248896,0.0,7,62.0,6.0
3,15,16,2.8,11.269499336161383,0.0,7,62.0,6.0
3,15,17,2.8,13.66793646059018,0.0,7,62.0,6.0
3,15,18,3.0,10.954198447854155,0.0,7,62.0,6.0
3,15,19,2.8,12.22686698433447,0.0,7,62.0,6.0
3,15,20,2.8,12.54935048905023,0.0,7,62.0,6.0
3,15,21,2.8,8.512196364348341,0.0,7,62.0,6.0
3,15,22,3.2,9.99455180147304,0.0,7,62.0,6.0
1,16,1,3.6,9.733892305085933,0.0,7,62.0,6.0
1,16,2,2.8,12.244260472995624,0.0,7,62.0,6.0
1,16,3,2.8,11.650528190883641,0.0,7,62.0,6.0
1,16,4,3.0,7.800123586011422,0.0,7,62.0,6.0
1,16,5,2.8,15.637874764565193,0.0,7,62.0,6.0
1,16,6,2.8,10.372197936621495,0.0,7,62.0,6.0
1,16,7,2.8,10.878342474064763,0.0,7,62.0,6.0
1,16,8,2.8,14.770874950879017,0.0,7,62.0,6.0
1,16,9,2.8,16.921551084980255,0.0,7,62.0,6.0
1,16,10,2.8,12.083036291022033,0.0,7,62.0,6.0
1,16,11,2.8,13.052230797871845,0.0,7,62.0,6.0
1,16,12,2.8,16.372614585671897,0.0,7,62.0,6.0
1,16,13,2.8,10.229428959679515,0.0,7,62.0,6.0
1,16,14,2.8,13.810507097210042,0.0,7,62.0,6.0
1,16,15,2.8,13.317969522962164,0.0,7,62.0,6.0
1,16,16,2.8,10.381372683237696,0.0,7,62.0,6.0
1,16,17,2.8,12.894188885651966,0.0,7,62.0,6.0
1,16,18,3.0,8.2096071948933,0.0,7,62.0,6.0
1,16,19,2.8,9.647172523759112,0.0,7,62.0,6.0
1,16,20,2.8,10.647767599614422,0.0,7,62.0,6.0
1,16,21,2.8,12.12520342097164,0.0,7,62.0,6.0
1,16,22,3.0,9.554375928658988,0.0,7,62.0,6.0
2,16,1,2.8,14.180713246026368,0.0,7,62.0,6.0
2,16,2,2.8,9.300108855356534,0.0,7,62.0,6.0
2,16,3,3.6,8.595430021293863,0.125,7,62.0,6.0
2,16,4,2.8,11.600642527422151,0.0,7,62.0,6.0
2,16,5,2.8,11.524316439963867,0.0,7,62.0,6.0
2,16,6,2.8,9.330327080496826,0.0,7,62.0,6.0
2,16,7,3.0,14.674489479733992,0.0,7,62.0,6.0
2,16,8,3.0,8.614257934220081,0.0,7,62.0,6.0
2,16,9,2.8,12.553156559071528,0.0,7,62.0,6.0
2,16,10,2.8,11.533403736183239,0.0,7,62.0,6.0
2,16,11,2.8,10.746012991198889,0.0,7,62.0,6.0
2,16,12,2.8,11.968911691471238,0.0,7,62.0,6.0
2,16,13,2.8,13.58214558443001,0.0,7,62.0,6.0
2,16,14,2.8,11.602971185016267,0.0,7,62.0,6.0
2,16,15,2.8,9.044295551638886,0.0,7,62.0,6.0
2,16,16,3.0,10.990847250601492,0.0,7,62.0,6.0
2,16,17,2.8,12.863625043909781,0.0,7,62.0,6.0
2,16,18,2.8,12.833187572376316,0.0,7,62.0,6.0
2,16,19,3.0,9.86399745834752,0.0,7,62.0,6.0
2,16,20,2.8,8.494389021176298,0.0,7,62.0,6.0
2,16,21,3.0,7.916763771045645,0.0,7,62.0,6.0
3,16,1,2.8,9.844595426464428,0.0,7,62.0,6.0
3,16,2,2.8,10.645009809067279,0.0,7,62.0,6.0
3,16,3,2.8,12.261398302296374,0.0,7,62.0,6.0
3,16,4,2.8,10.949882181434452,0.0,7,62.0,6.0
3,16,5,2.8,8.99070975056665,0.0,7,62.0,6.0
3,16,6,2.8,9.091431672275826,0.0,7,62.0,6.0
3,16,7,2.8,10.918254447138011,0.0,7,62.0,6.0
3,16,8,2.8,12.68823532503338,0.0,7,62.0,6.0
3,16,9,2.8,14.11849796959099,0.0,7,62.0,6.0
3,16,10,2.8,13.454548090137976,0.0,7,62.0,6.0
3,16,11,2.8,12.821482603484121,0.0,7,62.0,6.0
3,16,12,3.6,8.973793867867704,0.125,7,62.0,6.0
3,16,13,3.0,9.863216312940262,0.0,7,62.0,6.0
3,16,14,2.8,9.01850267460411,0.0,7,62.0,6.0
3,16,15,2.8,16.470741173948397,0.0,7,62.0,6.0
3,16,16,3.2,10.155462534984695,0.0,7,62.0,6.0
3,16,17,2.8,11.713337725681821,0.0,7,62.0,6.0
3,16,18,2.8,12.311127452291105,0.0,7,62.0,6.0
3,16,19,2.8,13.610432521320007,0.0,7,62.0,6.0
3,16,20,2.8,9.233697716386795,0.0,7,62.0,6.0
3,16,21,2.8,9.783579507939777,0.0,7,62.0,6.0
3,16,22,2.8,11.986224176929273,0.0,6,62.0,6.0
1,17,1,3.6,10.299548465753482,0.0,7,62.0,6.0
1,17,2,2.8,17.87336785902816,0.0,7,62.0,6.0
1,17,3,3.0,12.100522235528848,0.0,7,62.0,6.0
1,17,4,3.0,8.226711280240876,0.0,7,62.0,6.0
1,17,5,2.8,12.68833938430933,0.0,7,62.0,6.0
1,17,6,2.8,9.698683649855507,0.0,7,62.0,6.0
1,17,7,2.8,11.330378373079474,0.0,7,62.0,6.0
1,17,8,2.8,9.745805220549766,0.0,7,62.0,6.0
1,17,9,2.8,10.3939661011025,0.0,7,62.0,6.0
1,17,10,2.8,13.481195077606976,0.0,7,62.0,6.0
1,17,11,2.8,12.94078704038078,0.0,7,62.0,6.0
1,17,12,2.8,19.619820110204493,0.0,7,62.0,6.0
1,17,13,2.8,13.013403362216017,0.0,7,62.0,6.0
1,17,14,2.8,15.491908491787425,0.0,7,62.0,6.0
1,17,15,2.8,12.172523655664214,0.0,7,62.0,6.0
1,17,16,2.8,11.90414466452409,0.0,7,62.0,6.0
1,17,17,2.8,12.138954361644545,0.0,7,62.0,6.0
1,17,18,3.6,7.885646507577842,0.125,7,62.0,6.0
1,17,19,2.8,9.850855324381861,0.0,7,62.0,6.0
1,17,20,2.8,10.852148505039548,0.0,7,62.0,6.0
1,17,21,2.8,10.99317269210524,0.0,7,62.0,6.0
1,17,22,2.2,11.34707509610511,0.0,5,62.0,6.0
2,17,1,2.8,12.707543824927697,0.0,7,62.0,6.0
2,17,2,2.8,10.479271902186818,0.0,7,62.0,6.0
2,17,3,3.2,12.959956048455156,0.0,7,62.0,6.0
2,17,4,2.8,10.689642899987039,0.0,7,62.0,6.0
2,17,5,2.8,10.047212673841269,0.0,7,62.0,6.0
2,17,6,2.8,9.30580270092921,0.0,7,62.0,6.0
2,17,7,3.6,9.136881333058977,0.125,7,62.0,6.0
2,17,8,2.8,11.339894440320888,0.0,7,62.0,6.0
2,17,9,2.8,12.226917263279686,0.0,7,62.0,6.0
2,17,10,2.8,11.823245220149289,0.0,7,62.0,6.0
2,17,11,2.8,10.363627461629617,0.0,7,62.0,6.0
2,17,12,2.8,15.290270644628187,0.0,7,62.0,6.0
2,17,13,2.8,12.200378446708863,0.0,7,62.0,6.0
2,17,14,2.8,10.346724127768885,0.0,7,62.0,6.0
2,17,15,2.8,9.673720507290232,0.0,7,62.0,6.0
2,17,16,3.0,11.595111791771942,0.0,7,62.0,6.0
2,17,17,2.8,10.168819382150538,0.0,7,62.0,6.0
2,17,18,2.8,12.806316699166636,0.0,7,62.0,6.0
2,17,19,3.8,9.235129122547077,0.125,7,62.0,6.0
2,17,20,2.8,9.09488754582589,0.0,7,62.0,6.0
2,17,21,3.0,9.929361186522595,0.0,7,62.0,6.0
3,17,1,2.8,10.104832997069412,0.0,7,62.0,6.0
3,17,2,2.8,11.979404376242515,0.0,7,62.0,6.0
3,17,3,2.8,12.589504931366978,0.0,7,62.0,6.0
3,17,4,2.8,9.217193796224501,0.0,7,62.0,6.0
3,17,5,2.8,9.73484033342394,0.0,7,62.0,6.0
3,17,6,2.8,9.821390313618924,0.0,7,62.0,6.0
3,17,7,2.8,9.942103089353084,0.0,7,62.0,6.0
3,17,8,2.8,11.898355291142341,0.0,7,62.0,6.0
3,17,9,2.8,14.183982645514721,0.0,7,62.0,6.0
3,17,10,2.8,11.3772148633745,0.0,7,62.0,6.0
3,17,11,2.8,11.346716518322783,0.0,7,62.0,6.0
3,17,12,3.0,12.03060346788154,0.0,7,62.0,6.0
3,17,13,3.0,8.562194404241161,0.0,7,62.0,6.0
3,17,14,2.8,11.02969278504222,0.0,7,62.0,6.0
3,17,15,2.8,12.28969899995695,0.0,7,62.0,6.0
3,17,16,3.0,8.899624890287292,0.0,7,62.0,6.0
3,17,17,2.8,13.724902232639629,0.0,7,62.0,6.0
3,17,18,3.0,9.31898345703132,0.0,7,62.0,6.0
3,17,19,2.8,12.430222110955626,0.0,7,62.0,6.0
3,17,20,2.8,12.401158518723557,0.0,7,62.0,6.0
3,17,21,2.8,7.642981753259824,0.0,7,62.0,6.0
3,17,22,2.8,12.191696275460375,0.0,7,62.0,6.0
1,18,1,3.6,10.212275527975883,0.0,7,62.0,6.0
1,18,2,2.8,14.550307856195653,0.0,7,62.0,6.0
1,18,3,3.0,11.456384687941242,0.0,7,62.0,6.0
1,18,4,3.0,8.115913125562567,0.0,7,62.0,6.0
1,18,5,2.8,13.666741942514962,0.0,7,62.0,6.0
1,18,6,2.8,11.194047643093631,0.0,7,62.0,6.0
1,18,7,2.8,10.9395671435107,0.0,7,62.0,6.0
1,18,8,2.8,10.401895660207249,0.0,7,62.0,6.0
1,18,9,2.8,13.79704789268401,0.0,7,62.0,6.0
1,18,10,2.8,10.127861578378063,0.0,7,62.0,6.0
1,18,11,2.8,13.253874085486682,0.0,7,62.0,6.0
1,18,12,2.8,16.968043639058752,0.0,7,62.0,6.0
1,18,13,2.8,12.27139026227969,0.0,7,62.0,6.0
1,18,14,2.8,13.129200152888664,0.0,7,62.0,6.0
1,18,15,2.8,13.271679438485428,0.0,7,62.0,6.0
1,18,16,2.8,13.065618893199629,0.0,7,62.0,6.0
1,18,17,2.8,13.231783876785437,0.0,7,62.0,6.0
1,18,18,3.6,8.27550141449682,0.125,7,62.0,6.0
1,18,19,2.8,9.4938988534827,0.0,7,62.0,6.0
1,18,20,2.8,11.030936981289267,0.0,7,62.0,6.0
1,18,21,3.0,10.470420754657445,0.0,7,62.0,6.0
1,18,22,2.0,12.856989752092357,0.0,5,62.0,6.0
2,18,1,2.8,12.448892135103552,0.0,7,62.0,6.0
2,18,2,2.8,12.516617442304955,0.0,7,62.0,6.0
2,18,3,3.2,11.02154035878081,0.0,7,62.0,6.0
2,18,4,2.8,11.580184813351734,0.0,7,62.0,6.0
2,18,5,2.8,8.984545633900897,0.0,7,62.0,6.0
2,18,6,2.8,10.936534956783616,0.0,7,62.0,6.0
2,18,7,3.6,9.85853611941689,0.125,7,62.0,6.0
2,18,8,2.8,11.664295131288657,0.0,7,62.0,6.0
2,18,9,2.8,12.604898808408372,0.0,7,62.0,6.0
2,18,10,2.8,11.577066277576309,0.0,7,62.0,6.0
2,18,11,2.8,9.392764239311495,0.0,7,62.0,6.0
2,18,12,2.8,11.496456152771412,0.0,7,62.0,6.0
2,18,13,2.8,12.249247701325327,0.0,7,62.0,6.0
2,18,14,2.8,11.219836690406018,0.0,7,62.0,6.0
2,18,15,2.8,9.941018905789747,0.0,7,62.0,6.0
2,18,16,3.6,9.680473667908569,0.125,7,62.0,6.0
2,18,17,2.8,10.749658093178482,0.0,7,62.0,6.0
2,18,18,2.8,13.811782838146643,0.0,7,62.0,6.0
2,18,19,2.8,10.672394891323712,0.0,7,62.0,6.0
2,18,20,2.8,8.062150490148507,0.0,7,62.0,6.0
2,18,21,3.6,8.959642747039688,0.125,7,62.0,6.0
3,18,1,2.8,10.503980945671245,0.0,7,62.0,6.0
3,18,2,2.8,11.484530911956703,0.0,7,62.0,6.0
3,18,3,2.8,14.363457000065612,0.0,7,62.0,6.0
3,18,4,2.8,9.134597158520986,0.0,7,62.0,6.0
3,18,5,2.8,9.5973582675409,0.0,7,62.0,6.0
3,18,6,2.8,9.077937617365542,0.0,7,62.0,6.0
3,18,7,2.8,9.798747595132491,0.0,7,62.0,6.0
3,18,8,2.8,11.60486523799269,0.0,7,62.0,6.0
3,18,9,2.8,12.52792587020374,0.0,7,62.0,6.0
3,18,10,2.8,12.00236422661664,0.0,7,62.0,6.0
3,18,11,2.8,13.237744344118795,0.0,7,62.0,6.0
3,18,12,3.0,9.987460229255193,0.0,7,62.0,6.0
3,18,13,3.0,9.016610707583428,0.0,7,62.0,6.0
3,18,14,2.8,11.57229198219304,0.0,7,62.0,6.0
3,18,15,2.8,11.29139138469841,0.0,7,62.0,6.0
3,18,16,3.0,11.534760233258185,0.0,7,62.0,6.0
3,18,17,2.8,13.663578762888152,0.0,7,62.0,6.0
3,18,18,3.0,11.215902229116251,0.0,7,62.0,6.0
3,18,19,2.8,12.329985941492858,0.0,7,62.0,6.0
3,18,20,2.8,10.469416491891595,0.0,7,62.0,6.0
3,18,21,2.8,9.057869150947747,0.0,7,62.0,6.0
3,18,22,2.8,10.407537254397903,0.0,7,62.0,6.0
1,19,1,3.6,12.122928936607908,0.0,7,62.0,6.0
1,19,2,2.8,16.14902334782224,0.0,7,62.0,6.0
1,19,3,3.0,13.186133445657818,0.0,7,62.0,6.0
1,19,4,3.0,7.584723746888723,0.0,7,62.0,6.0
1,19,5,2.8,13.423196608064622,0.0,7,62.0,6.0
1,19,6,2.8,10.277636185374654,0.0,7,62.0,6.0
1,19,7,2.8,10.029221635987678,0.0,7,62.0,6.0
1,19,8,2.8,11.152698568932502,0.0,7,62.0,6.0
1,19,9,2.8,12.508305681226751,0.0,7,62.0,6.0
1,19,10,2.8,11.544223436566616,0.0,7,62.0,6.0
1,19,11,2.8,18.67599859392081,0.0,7,62.0,6.0
1,19,12,2.8,19.12176000817585,0.0,7,62.0,6.0
1,19,13,2.8,10.478897085662704,0.0,7,62.0,6.0
1,19,14,2.8,11.327565976911224,0.0,7,62.0,6.0
1,19,15,2.8,13.756432510151335,0.0,7,62.0,6.0
1,19,16,2.8,12.445004610653418,0.0,7,62.0,6.0
1,19,17,2.8,11.99398873159608,0.0,7,62.0,6.0
1,19,18,3.6,9.072927853144138,0.125,7,62.0,6.0
1,19,19,3.0,10.663079425567595,0.0,7,62.0,6.0
1,19,20,2.8,12.656540686310969,0.0,7,62.0,6.0
1,19,21,3.2,9.079725670242441,0.0,7,62.0,6.0
1,19,22,2.0,14.639308690771392,0.0,4,62.0,6.0
2,19,1,2.8,16.383988185615717,0.0,7,62.0,6.0
2,19,2,2.8,12.804873169633023,0.0,7,62.0,6.0
2,19,3,3.2,10.601254072764156,0.0,7,62.0,6.0
2,19,4,2.8,12.791108202098453,0.0,7,62.0,6.0
2,19,5,2.8,10.549799133514977,0.0,7,62.0,6.0
2,19,6,2.8,9.552895908689644,0.0,7,62.0,6.0
2,19,7,3.6,8.92358646649272,0.125,7,62.0,6.0
2,19,8,2.8,9.891108947347552,0.0,7,62.0,6.0
2,19,9,2.8,10.022853971591195,0.0,7,62.0,6.0
2,19,10,2.8,10.612808633870474,0.0,7,62.0,6.0
2,19,11,2.8,9.99117236183717,0.0,7,62.0,6.0
2,19,12,2.8,12.207811318078447,0.0,7,62.0,6.0
2,19,13,2.8,13.953998595247478,0.0,7,62.0,6.0
2,19,14,2.8,11.647163053532468,0.0,7,62.0,6.0
2,19,15,2.8,9.813414975615459,0.0,7,62.0,6.0
2,19,16,3.6,8.996946204084797,0.125,7,62.0,6.0
2,19,17,2.8,11.717611867240345,0.0,7,62.0,6.0
2,19,18,2.8,13.101695940379583,0.0,7,62.0,6.0
2,19,19,2.8,10.26059587482724,0.0,7,62.0,6.0
2,19,20,2.8,9.400424780124968,0.0,7,62.0,6.0
2,19,21,3.0,10.014345427721796,0.0,7,62.0,6.0
3,19,1,2.8,9.097759023682517,0.0,7,62.0,6.0
3,19,2,2.8,12.888170205891594,0.0,7,62.0,6.0
3,19,3,2.8,11.949959454190648,0.0,7,62.0,6.0
3,19,4,2.8,10.644954918529415,0.0,7,62.0,6.0
3,19,5,2.8,10.188926523957036,0.0,7,62.0,6.0
3,19,6,2.8,10.198042618463441,0.0,7,62.0,6.0
3,19,7,2.8,9.65946743324389,0.0,7,62.0,6.0
3,19,8,2.8,11.991669889032767,0.0,7,62.0,6.0
3,19,9,2.8,13.465727338439759,0.0,7,62.0,6.0
3,19,10,2.8,11.210386634865053,0.0,7,62.0,6.0
3,19,11,2.8,11.583096427641848,0.0,7,62.0,6.0
3,19,12,3.0,11.132766717623388,0.0,7,62.0,6.0
3,19,13,2.8,10.334605500952156,0.0,7,62.0,6.0
3,19,14,2.8,10.758711417934235,0.0,7,62.0,6.0
3,19,15,2.8,12.447795194970274,0.0,7,62.0,6.0
3,19,16,3.2,10.312207136338724,0.0,7,62.0,6.0
3,19,17,2.8,16.6823458301103,0.0,7,62.0,6.0
3,19,18,3.0,9.891708882838948,0.0,7,62.0,6.0
3,19,19,2.8,10.673184963393151,0.0,7,62.0,6.0
3,19,20,2.8,11.364254136557928,0.0,7,62.0,6.0
3,19,21,2.8,8.14150644519448,0.0,7,62.0,6.0
3,19,22,2.8,11.127043125357106,0.0,7,62.0,6.0
1,20,1,3.6,11.767818320995417,0.0,7,62.0,6.0
1,20,2,2.8,12.735944618503343,0.0,7,62.0,6.0
1,20,3,2.8,12.470254210990351,0.0,7,62.0,6.0
1,20,4,2.8,7.695809581865388,0.0,7,62.0,6.0
1,20,5,2.8,15.577809260310747,0.0,7,62.0,6.0
1,20,6,2.8,10.113596597656604,0.0,7,62.0,6.0
1,20,7,2.8,11.443148049816717,0.0,7,62.0,6.0
1,20,8,2.8,12.32956657680803,0.0,7,62.0,6.0
1,20,9,2.8,10.317065504858686,0.0,7,62.0,6.0
1,20,10,2.8,11.301713592103297,0.0,7,62.0,6.0
1,20,11,2.8,15.027547383382348,0.0,7,62.0,6.0
1,20,12,2.8,13.99639727162723,0.0,7,62.0,6.0
1,20,13,2.8,13.24498101936884,0.0,7,62.0,6.0
1,20,14,2.8,16.993989851401036,0.0,7,62.0,6.0
1,20,15,2.8,12.493091795299044,0.0,7,62.0,6.0
1,20,16,2.8,11.2366181112175,0.0,7,62.0,6.0
1,20,17,2.8,11.485462585842441,0.0,7,62.0,6.0
1,20,18,3.6,6.983754213806003,0.125,7,62.0,6.0
1,20,19,3.0,9.046923698402722,0.0,7,62.0,6.0
1,20,20,2.8,12.73549491154997,0.0,7,62.0,6.0
1,20,21,3.2,10.181988959526738,0.0,7,62.0,6.0
1,20,22,2.0,14.601591945681237,0.0,5,62.0,6.0
2,20,1,2.8,12.73400136778583,0.0,7,62.0,6.0
2,20,2,2.8,9.791436717987368,0.0,7,62.0,6.0
2,20,3,3.2,12.041399309124742,0.0,7,62.0,6.0
2,20,4,2.8,12.302264706344387,0.0,7,62.0,6.0
2,20,5,2.8,11.790379200461997,0.0,7,62.0,6.0
2,20,6,2.8,10.540719897930353,0.0,7,62.0,6.0
2,20,7,3.6,9.748541080405872,0.125,7,62.0,6.0
2,20,8,2.8,10.780241814297897,0.0,7,62.0,6.0
2,20,9,2.8,14.11788649319533,0.0,7,62.0,6.0
2,20,10,2.8,12.152127169951456,0.0,7,62.0,6.0
2,20,11,2.8,9.335417312473892,0.0,7,62.0,6.0
2,20,12,2.8,14.323442371847682,0.0,7,62.0,6.0
2,20,13,2.8,10.994172316234252,0.0,7,62.0,6.0
2,20,14,2.8,11.117860040065597,0.0,7,62.0,6.0
2,20,15,2.8,10.415011647156177,0.0,7,62.0,6.0
2,20,16,3.6,9.852002369718983,0.125,7,62.0,6.0
2,20,17,2.8,10.14350198386579,0.0,7,62.0,6.0
2,20,18,2.8,12.85388110365357,0.0,7,62.0,6.0
2,20,19,3.0,11.034110215367242,0.0,7,62.0,6.0
2,20,20,2.8,8.575592899381398,0.0,7,62.0,6.0
2,20,21,3.8,8.565793271990263,0.125,7,62.0,6.0
3,20,1,2.8,10.274585605035947,0.0,7,62.0,6.0
3,20,2,2.8,11.149554850420275,0.0,7,62.0,6.0
3,20,3,2.8,13.418103226934551,0.0,7,62.0,6.0
3,20,4,2.8,9.459542541099797,0.0,7,62.0,6.0
3,20,5,2.8,10.576557473376399,0.0,7,62.0,6.0
3,20,6,2.8,9.900885348921445,0.0,7,62.0,6.0
3,20,7,2.8,11.036465331106948,0.0,7,62.0,6.0
3,20,8,2.8,11.346516178823606,0.0,7,62.0,6.0
3,20,9,2.8,12.476812347422666,0.0,7,62.0,6.0
3,20,10,2.8,10.00058806856934,0.0,7,62.0,6.0
3,20,11,2.8,11.019617158608689,0.0,7,62.0,6.0
3,20,12,3.0,14.724143256737797,0.0,7,62.0,6.0
3,20,13,2.8,10.566719008375932,0.0,7,62.0,6.0
3,20,14,3.0,11.452945522854455,0.0,7,62.0,6.0
3,20,15,2.8,13.334687981798806,0.0,7,62.0,6.0
3,20,16,3.0,9.70452874732202,0.0,7,62.0,6.0
3,20,17,2.8,12.99582088890371,0.0,7,62.0,6.0
3,20,18,2.8,10.669962026279963,0.0,7,62.0,6.0
3,20,19,2.8,12.338632678489173,0.0,7,62.0,6.0
3,20,20,2.8,13.107195207102535,0.0,7,62.0,6.0
3,20,21,2.8,9.502832533527354,0.0,7,62.0,6.0
3,20,22,3.0,10.503521401258677,0.0,7,62.0,6.0
1,21,1,3.6,10.281974749883416,0.0,7,62.0,6.0
1,21,2,2.8,11.431307552790264,0.0,7,62.0,6.0
1,21,3,2.8,13.23726314471925,0.0,7,62.0,6.0
1,21,4,3.0,8.46881015149641,0.0,7,62.0,6.0
1,21,5,2.8,13.380817326928799,0.0,7,62.0,6.0
1,21,6,2.8,9.535172939153645,0.0,7,62.0,6.0
1,21,7,2.8,9.688969390763438,0.0,7,62.0,6.0
1,21,8,2.8,11.839724697919593,0.0,7,62.0,6.0
1,21,9,2.8,11.630663311781495,0.0,7,62.0,6.0
1,21,10,2.8,11.462471685119,0.0,7,62.0,6.0
1,21,11,2.8,12.884782031229726,0.0,7,62.0,6.0
1,21,12,2.8,15.89748929652787,0.0,7,62.0,6.0
1,21,13,2.8,10.515023906949368,0.0,7,62.0,6.0
1,21,14,2.8,15.090101695165906,0.0,7,62.0,6.0
1,21,15,2.8,11.804781654462218,0.0,7,62.0,6.0
1,21,16,2.8,12.647356245670098,0.0,7,62.0,6.0
1,21,17,2.8,12.314490566680727,0.0,7,62.0,6.0
1,21,18,3.0,8.110166638192066,0.0,7,62.0,6.0
1,21,19,2.8,10.133877553439046,0.0,7,62.0,6.0
1,21,20,2.8,10.554520366913513,0.0,7,62.0,6.0
1,21,21,3.0,9.556441038038752,0.0,7,62.0,6.0
1,21,22,2.8,10.855361796584116,0.0,6,62.0,6.0
2,21,1,3.0,11.917775552632921,0.0,7,62.0,6.0
2,21,2,2.8,10.852684051103806,0.0,7,62.0,6.0
2,21,3,3.8,10.551784479212035,0.125,7,62.0,6.0
2,21,4,2.8,11.66433123118697,0.0,7,62.0,6.0
2,21,5,2.8,11.034930537947291,0.0,7,62.0,6.0
2,21,6,2.8,10.336716358773822,0.0,7,62.0,6.0
2,21,7,3.2,9.908291136979345,0.0,7,62.0,6.0
2,21,8,2.8,12.090939275363203,0.0,7,62.0,6.0
2,21,9,2.8,11.41630022234771,0.0,7,62.0,6.0
2,21,10,2.8,12.862847828122122,0.0,7,62.0,6.0
2,21,11,3.0,10.391738363807733,0.0,7,62.0,6.0
2,21,12,2.8,11.281219722947625,0.0,7,62.0,6.0
2,21,13,2.8,11.852605713341266,0.0,7,62.0,6.0
2,21,14,2.8,13.340228061464751,0.0,7,62.0,6.0
2,21,15,3.0,8.481302408320893,0.0,7,62.0,6.0
2,21,16,2.8,13.575412220575803,0.0,7,62.0,6.0
2,21,17,2.8,11.562546912686503,0.0,7,62.0,6.0
2,21,18,2.8,12.410481962562692,0.0,7,62.0,6.0
2,21,19,3.0,11.404455992010956,0.0,7,62.0,6.0
2,21,20,2.8,10.293013460945014,0.0,7,62.0,6.0
2,21,21,3.8,7.263658398793604,0.125,7,62.0,6.0
3,21,1,2.8,10.485972110483493,0.0,7,62.0,6.0
3,21,2,2.8,12.392023522050495,0.0,7,62.0,6.0
3,21,3,2.8,11.083725534106668,0.0,7,62.0,6.0
3,21,4,2.8,10.100012718152552,0.0,7,62.0,6.0
3,21,5,2.8,12.176920022114555,0.0,7,62.0,6.0
3,21,6,2.8,9.187025141700934,0.0,7,62.0,6.0
3,21,7,2.8,8.624293552556098,0.0,7,62.0,6.0
3,21,8,2.8,12.380038980756712,0.0,7,62.0,6.0
3,21,9,2.8,11.280216672754808,0.0,7,62.0,6.0
3,21,10,2.8,11.18987648263027,0.0,7,62.0,6.0
3,21,11,2.8,11.283914407246439,0.0,7,62.0,6.0
3,21,12,3.8,8.336920043761753,0.125,7,62.0,6.0
3,21,13,2.8,10.383400588102608,0.0,7,62.0,6.0
3,21,14,2.8,8.46903274880079,0.0,7,62.0,6.0
3,21,15,2.8,13.581350913670887,0.0,7,62.0,6.0
3,21,16,3.0,9.556447341982782,0.0,7,62.0,6.0
3,21,17,2.8,12.387594409740071,0.0,7,62.0,6.0
3,21,18,2.8,14.390866085944271,0.0,7,62.0,6.0
3,21,19,2.8,9.969929985583919,0.0,7,62.0,6.0
3,21,20,2.8,9.127012693657749,0.0,7,62.0,6.0
3,21,21,2.8,9.536889268702927,0.0,7,62.0,6.0
3,21,22,3.0,9.949296826632883,0.0,7,62.0,6.0
1,22,1,3.6,10.008734565715512,0.0,7,62.0,6.0
1,22,2,2.8,13.69081231326955,0.0,7,62.0,6.0
1,22,3,2.8,13.782215619814131,0.0,7,62.0,6.0
1,22,4,3.0,7.871445484950152,0.0,7,62.0,6.0
1,22,5,2.8,14.200665772684454,0.0,7,62.0,6.0
1,22,6,2.8,10.83859148508802,0.0,7,62.0,6.0
1,22,7,2.8,9.144932093016333,0.0,7,62.0,6.0
1,22,8,2.8,11.770346821794758,0.0,7,62.0,6.0
1,22,9,2.8,11.475621927460868,0.0,7,62.0,6.0
1,22,10,2.8,11.354481454795149,0.0,7,62.0,6.0
1,22,11,2.8,14.156050745519577,0.0,7,62.0,6.0
1,22,12,2.8,16.15317507558137,0.0,7,62.0,6.0
1,22,13,2.8,9.609549967149446,0.0,7,62.0,6.0
1,22,14,2.8,20.543057802270308,0.0,7,62.0,6.0
1,22,15,2.8,14.680675733129094,0.0,7,62.0,6.0
1,22,16,2.8,14.064210682867426,0.0,7,62.0,6.0
1,22,17,2.8,11.830947826630984,0.0,7,62.0,6.0
1,22,18,3.0,7.887249462757885,0.0,7,62.0,6.0
1,22,19,3.0,10.660427067585257,0.0,7,62.0,6.0
1,22,20,3.0,12.366396406459527,0.0,7,62.0,6.0
1,22,21,3.0,9.130533697335636,0.0,7,62.0,6.0
1,22,22,2.4,11.594549669335365,0.0,6,62.0,6.0
2,22,1,2.8,12.056259605892775,0.0,7,62.0,6.0
2,22,2,2.8,11.59146576102572,0.0,7,62.0,6.0
2,22,3,3.2,10.61966140763451,0.0,7,62.0,6.0
2,22,4,3.0,8.977663282724356,0.0,7,62.0,6.0
2,22,5,2.8,10.659349148555776,0.0,7,62.0,6.0
2,22,6,2.8,9.696630057372317,0.0,7,62.0,6.0
2,22,7,3.0,11.456513853237642,0.0,7,62.0,6.0
2,22,8,2.8,9.481646559423563,0.0,7,62.0,6.0
2,22,9,2.8,10.10042979303565,0.0,7,62.0,6.0
2,22,10,2.8,14.414597433826392,0.0,7,62.0,6.0
2,22,11,2.8,8.43784020617727,0.0,7,62.0,6.0
2,22,12,2.8,16.426782385959115,0.0,7,62.0,6.0
2,22,13,2.8,12.744994205171322,0.0,7,62.0,6.0
2,22,14,2.8,10.289792825724453,0.0,7,62.0,6.0
2,22,15,2.8,10.347482342710828,0.0,7,62.0,6.0
2,22,16,3.0,11.338070539871852,0.0,7,62.0,6.0
2,22,17,2.8,12.199820571174811,0.0,7,62.0,6.0
2,22,18,2.8,12.257196503087101,0.0,7,62.0,6.0
2,22,19,3.8,7.9217150779056835,0.125,7,62.0,6.0
2,22,20,2.8,9.838973943639727,0.0,7,62.0,6.0
2,22,21,3.0,9.355645266630464,0.0,7,62.0,6.0
3,22,1,2.8,10.485972110483576,0.0,7,62.0,6.0
3,22,2,2.8,11.549592427341773,0.0,7,62.0,6.0
3,22,3,2.8,13.10191791740811,0.0,7,62.0,6.0
3,22,4,2.8,11.3988510259762,0.0,7,62.0,6.0
3,22,5,2.8,9.989232621924534,0.0,7,62.0,6.0
3,22,6,2.8,10.623155844667965,0.0,7,62.0,6.0
3,22,7,2.8,10.363253665699672,0.0,7,62.0,6.0
3,22,8,2.8,13.295021898684334,0.0,7,62.0,6.0
3,22,9,2.8,11.779918050615013,0.0,7,62.0,6.0
3,22,10,2.8,14.576889596175787,0.0,7,62.0,6.0
3,22,11,2.8,10.075632037914167,0.0,7,62.0,6.0
3,22,12,3.6,8.805831187247733,0.125,7,62.0,6.0
3,22,13,2.8,10.97613929601845,0.0,7,62.0,6.0
3,22,14,2.8,11.72561925134858,0.0,7,62.0,6.0
3,22,15,2.8,13.514956228281328,0.0,7,62.0,6.0
3,22,16,3.0,10.005140396253754,0.0,7,62.0,6.0
3,22,17,2.8,14.16922944179284,0.0,7,62.0,6.0
3,22,18,3.0,10.009740716106755,0.0,7,62.0,6.0
3,22,19,2.8,12.809782388852494,0.0,7,62.0,6.0
3,22,20,2.8,8.940233476485723,0.0,7,62.0,6.0
3,22,21,2.8,11.11391256215501,0.0,7,62.0,6.0
3,22,22,2.8,9.95016155066295,0.0,7,62.0,6.0
1,23,1,3.6,13.155057505249006,0.0,7,62.0,6.0
1,23,2,2.8,19.304834982678592,0.0,7,62.0,6.0
1,23,3,3.0,13.391252299443568,0.0,7,62.0,6.0
1,23,4,3.0,7.790645090946865,0.0,7,62.0,6.0
1,23,5,2.8,13.574383786265587,0.0,7,62.0,6.0
1,23,6,2.8,10.949957791100632,0.0,7,62.0,6.0
1,23,7,2.8,10.321244667730955,0.0,7,62.0,6.0
1,23,8,2.8,9.530026432190384,0.0,7,62.0,6.0
1,23,9,2.8,10.539396742087007,0.0,7,62.0,6.0
1,23,10,2.8,15.942080298567415,0.0,7,62.0,6.0
1,23,11,2.8,16.3456882740359,0.0,7,62.0,6.0
1,23,12,2.8,16.968043639058752,0.0,7,62.0,6.0
1,23,13,2.8,11.389996755135401,0.0,7,62.0,6.0
1,23,14,2.8,13.421623609584863,0.0,7,62.0,6.0
1,23,15,2.8,14.767806928242422,0.0,7,62.0,6.0
1,23,16,2.8,11.787714186821093,0.0,7,62.0,6.0
1,23,17,2.8,11.829178135450814,0.0,7,62.0,6.0
1,23,18,3.6,6.885497937927102,0.125,7,62.0,6.0
1,23,19,3.0,9.073564371904354,0.0,7,62.0,6.0
1,23,20,3.0,8.955243998110648,0.0,7,62.0,6.0
1,23,21,3.0,8.96871481894406,0.0,7,62.0,6.0
1,23,22,2.0,15.999718780201949,0.0,4,62.0,6.0
2,23,1,2.8,14.050405591570334,0.0,7,62.0,6.0
2,23,2,2.8,13.393743330033663,0.0,7,62.0,6.0
2,23,3,3.2,10.060663390885335,0.0,7,62.0,6.0
2,23,4,2.8,11.514779149504287,0.0,7,62.0,6.0
2,23,5,2.8,11.227633298746353,0.0,7,62.0,6.0
2,23,6,2.8,11.426927029597396,0.0,7,62.0,6.0
2,23,7,3.6,8.161486926601208,0.125,7,62.0,6.0
2,23,8,2.8,12.055138386055374,0.0,7,62.0,6.0
2,23,9,2.8,10.744785501407195,0.0,7,62.0,6.0
2,23,10,2.8,10.724464150516923,0.0,7,62.0,6.0
2,23,11,2.8,10.363627461629617,0.0,7,62.0,6.0
2,23,12,2.8,12.207811318078502,0.0,7,62.0,6.0
2,23,13,2.8,13.92223492836071,0.0,7,62.0,6.0
2,23,14,2.8,11.759129613967469,0.0,7,62.0,6.0
2,23,15,2.8,9.478819474684013,0.0,7,62.0,6.0
2,23,16,3.0,11.15115855584019,0.0,7,62.0,6.0
2,23,17,2.8,10.665326789107718,0.0,7,62.0,6.0
2,23,18,2.8,14.404892063282936,0.0,7,62.0,6.0
2,23,19,3.0,10.27841895635179,0.0,7,62.0,6.0
2,23,20,2.8,8.724615376256418,0.0,7,62.0,6.0
2,23,21,3.0,8.094891126211996,0.0,7,62.0,6.0
3,23,1,2.8,9.876389713243743,0.0,7,62.0,6.0
3,23,2,2.8,12.267743896964342,0.0,7,62.0,6.0
3,23,3,2.8,12.56364381504451,0.0,7,62.0,6.0
3,23,4,2.8,9.968321461341008,0.0,7,62.0,6.0
3,23,5,2.8,10.558299133137188,0.0,7,62.0,6.0
3,23,6,2.8,9.500996284655095,0.0,7,62.0,6.0
3,23,7,2.8,9.767450445730288,0.0,7,62.0,6.0
3,23,8,2.8,13.26618436693916,0.0,7,62.0,6.0
3,23,9,2.8,12.476812347422666,0.0,7,62.0,6.0
3,23,10,2.8,11.3772148633745,0.0,7,62.0,6.0
3,23,11,2.8,10.159313578793638,0.0,7,62.0,6.0
3,23,12,3.6,8.33766259115462,0.125,7,62.0,6.0
3,23,13,2.8,9.782357253009526,0.0,7,62.0,6.0
3,23,14,2.8,10.268786688894389,0.0,7,62.0,6.0
3,23,15,2.8,13.251418663738708,0.0,7,62.0,6.0
3,23,16,2.8,9.091707240112974,0.0,7,62.0,6.0
3,23,17,2.8,14.307401354538069,0.0,7,62.0,6.0
3,23,18,3.0,11.664510249627913,0.0,7,62.0,6.0
3,23,19,2.8,9.2778222541214,0.0,7,62.0,6.0
3,23,20,2.8,10.30751351760957,0.0,7,62.0,6.0
3,23,21,2.8,9.608794181267921,0.0,7,62.0,6.0
3,23,22,2.8,10.33298159312458,0.0,7,62.0,6.0
1,24,1,3.6,10.35263191016635,0.0,7,62.0,6.0
1,24,2,2.8,18.197208459693893,0.0,7,62.0,6.0
1,24,3,3.0,11.180069767793698,0.0,7,62.0,6.0
1,24,4,3.0,8.115913125562562,0.0,7,62.0,6.0
1,24,5,2.8,16.9305430934638,0.0,7,62.0,6.0
1,24,6,2.8,10.45596697181903,0.0,7,62.0,6.0
1,24,7,2.8,10.999472011270253,0.0,7,62.0,6.0
1,24,8,2.8,9.530026432190384,0.0,7,62.0,6.0
1,24,9,2.8,12.106240335992087,0.0,7,62.0,6.0
1,24,10,2.8,14.416504351071898,0.0,7,62.0,6.0
1,24,11,2.8,12.996607004720866,0.0,7,62.0,6.0
1,24,12,2.8,17.064141805534554,0.0,7,62.0,6.0
1,24,13,2.8,8.415497400725485,0.0,7,62.0,6.0
1,24,14,2.8,14.417057104124497,0.0,7,62.0,6.0
1,24,15,2.8,15.85581331009229,0.0,7,62.0,6.0
1,24,16,2.8,12.81553929426424,0.0,7,62.0,6.0
1,24,17,2.8,12.363094617316259,0.0,7,62.0,6.0
1,24,18,3.6,8.054283592605888,0.125,7,62.0,6.0
1,24,19,2.8,9.260463731020804,0.0,7,62.0,6.0
1,24,20,2.8,12.678785511856363,0.0,7,62.0,6.0
1,24,21,3.0,10.32687448803293,0.0,7,62.0,6.0
1,24,22,2.0,12.641221663960652,0.0,5,62.0,6.0
2,24,1,2.8,13.316222872296478,0.0,7,62.0,6.0
2,24,2,2.8,11.087161128541208,0.0,7,62.0,6.0
2,24,3,3.2,11.740899175606707,0.0,7,62.0,6.0
2,24,4,2.8,10.242119207621595,0.0,7,62.0,6.0
2,24,5,2.8,9.051025002775841,0.0,7,62.0,6.0
2,24,6,2.8,9.658496318641955,0.0,7,62.0,6.0
2,24,7,3.0,11.206330288389973,0.0,7,62.0,6.0
2,24,8,2.8,12.397196795961753,0.0,7,62.0,6.0
2,24,9,2.8,10.122816461531812,0.0,7,62.0,6.0
2,24,10,2.8,12.939710333279166,0.0,7,62.0,6.0
2,24,11,2.8,10.09031962397975,0.0,7,62.0,6.0
2,24,12,2.8,13.889574533395342,0.0,7,62.0,6.0
2,24,13,2.8,12.033354219685835,0.0,7,62.0,6.0
2,24,14,2.8,14.053874153096512,0.0,7,62.0,6.0
2,24,15,2.8,8.739041131808179,0.0,7,62.0,6.0
2,24,16,3.0,10.880350405826666,0.0,7,62.0,6.0
2,24,17,2.8,10.890091888056196,0.0,7,62.0,6.0
2,24,18,2.8,12.580518111965494,0.0,7,62.0,6.0
2,24,19,3.0,13.213230538702208,0.0,7,62.0,6.0
2,24,20,2.8,11.11846125301505,0.0,7,62.0,6.0
2,24,21,2.8,8.936744056908278,0.0,7,62.0,6.0
2,24,22,2.2,15.09655421771124,0.0,5,62.0,6.0
3,24,1,2.8,9.478437154630294,0.0,7,62.0,6.0
3,24,2,2.8,11.210866210868861,0.0,7,62.0,6.0
3,24,3,2.8,11.522220109262346,0.0,7,62.0,6.0
3,24,4,2.8,9.699572647379723,0.0,7,62.0,6.0
3,24,5,2.8,11.074482701213071,0.0,7,62.0,6.0
3,24,6,2.8,9.45692422854039,0.0,7,62.0,6.0
3,24,7,2.8,10.345723742793588,0.0,7,62.0,6.0
3,24,8,2.8,12.255998422303186,0.0,7,62.0,6.0
3,24,9,2.8,13.676505691572935,0.0,7,62.0,6.0
3,24,10,2.8,12.169535575388561,0.0,7,62.0,6.0
3,24,11,2.8,11.968427184095209,0.0,7,62.0,6.0
3,24,12,3.6,7.8861384218865505,0.125,7,62.0,6.0
3,24,13,2.8,9.479132190234626,0.0,7,62.0,6.0
3,24,14,2.8,9.400696489320351,0.0,7,62.0,6.0
3,24,15,2.8,15.269507285289524,0.0,7,62.0,6.0
3,24,16,2.8,9.666480862853351,0.0,7,62.0,6.0
3,24,17,2.8,15.12096415015275,0.0,7,62.0,6.0
3,24,18,2.8,11.563350784916114,0.0,7,62.0,6.0
3,24,19,2.8,12.03874787007646,0.0,7,62.0,6.0
3,24,20,2.8,11.056107488087418,0.0,7,62.0,6.0
3,24,21,2.8,8.503739167770295,0.0,7,62.0,6.0
3,24,22,2.8,10.216306571439693,0.0,7,62.0,6.0
1,25,1,3.6,10.281974749883416,0.0,7,62.0,6.0
1,25,2,2.8,12.420926677939478,0.0,7,62.0,6.0
1,25,3,2.8,13.565041982963102,0.0,7,62.0,6.0
1,25,4,3.0,8.170271136026095,0.0,7,62.0,6.0
1,25,5,2.8,15.801902001094367,0.0,7,62.0,6.0
1,25,6,2.8,11.306316619896256,0.0,7,62.0,6.0
1,25,7,2.8,10.372762561921936,0.0,7,62.0,6.0
1,25,8,2.8,12.19925462030727,0.0,7,62.0,6.0
1,25,9,2.8,12.195583631424446,0.0,7,62.0,6.0
1,25,10,2.8,11.594802739430131,0.0,7,62.0,6.0
1,25,11,2.8,15.001849494677009,0.0,7,62.0,6.0
1,25,12,2.8,20.285877953867267,0.0,7,62.0,6.0
1,25,13,2.8,11.075477426123964,0.0,7,62.0,6.0
1,25,14,2.8,17.3492521268468,0.0,7,62.0,6.0
1,25,15,2.8,12.113264773281106,0.0,7,62.0,6.0
1,25,16,2.8,11.758896601437057,0.0,7,62.0,6.0
1,25,17,2.8,12.894188885652062,0.0,7,62.0,6.0
1,25,18,3.0,8.463267197791263,0.0,7,62.0,6.0
1,25,19,3.0,9.112799267929063,0.0,7,62.0,6.0
1,25,20,2.8,14.458459915486586,0.0,7,62.0,6.0
1,25,21,3.2,8.803614224909355,0.0,7,62.0,6.0
1,25,22,2.4,10.466771842508974,0.0,6,62.0,6.0
2,25,1,2.8,14.380770582989847,0.0,7,62.0,6.0
2,25,2,2.8,10.065372130649438,0.0,7,62.0,6.0
2,25,3,3.0,13.314182183850248,0.0,7,62.0,6.0
2,25,4,2.8,11.126853364776043,0.0,7,62.0,6.0
2,25,5,2.8,8.87703311706178,0.0,7,62.0,6.0
2,25,6,2.8,11.308095909811414,0.0,7,62.0,6.0
2,25,7,3.0,12.43922030897845,0.0,7,62.0,6.0
2,25,8,2.8,10.618039845547845,0.0,7,62.0,6.0
2,25,9,2.8,11.68273298032563,0.0,7,62.0,6.0
2,25,10,2.8,12.690722777704632,0.0,7,62.0,6.0
2,25,11,2.8,10.370716321073154,0.0,7,62.0,6.0
2,25,12,2.8,14.792911281256615,0.0,7,62.0,6.0
2,25,13,2.8,11.462805142992218,0.0,7,62.0,6.0
2,25,14,2.8,12.69732471998497,0.0,7,62.0,6.0
2,25,15,2.8,9.455551673212131,0.0,7,62.0,6.0
2,25,16,3.0,11.443390937808593,0.0,7,62.0,6.0
2,25,17,2.8,11.64291646578408,0.0,7,62.0,6.0
2,25,18,2.8,10.387365407313506,0.0,7,62.0,6.0
2,25,19,3.6,10.276922752687092,0.125,7,62.0,6.0
2,25,20,2.8,8.975986860688254,0.0,7,62.0,6.0
2,25,21,3.0,8.533719688020064,0.0,7,62.0,6.0
2,25,22,2.0,23.74039544796491,0.0,4,62.0,6.0
3,25,1,2.8,11.135059477154613,0.0,7,62.0,6.0
3,25,2,2.8,10.910871989428808,0.0,7,62.0,6.0
3,25,3,2.8,10.603338372561662,0.0,7,62.0,6.0
3,25,4,2.8,10.391743503156484,0.0,7,62.0,6.0
3,25,5,2.8,9.765928518562795,0.0,7,62.0,6.0
3,25,6,2.8,10.604736404313297,0.0,7,62.0,6.0
3,25,7,2.8,9.814471502954797,0.0,7,62.0,6.0
3,25,8,2.8,12.03887822384116,0.0,7,62.0,6.0
3,25,9,2.8,12.631419669591102,0.0,7,62.0,6.0
3,25,10,2.8,11.794061149076642,0.0,7,62.0,6.0
3,25,11,2.8,13.324261331051849,0.0,7,62.0,6.0
3,25,12,3.6,7.927022809299869,0.125,7,62.0,6.0
3,25,13,3.0,11.220302346495732,0.0,7,62.0,6.0
3,25,14,2.8,8.504360805130238,0.0,7,62.0,6.0
3,25,15,2.8,13.25751807729953,0.0,7,62.0,6.0
3,25,16,3.0,10.454915494206858,0.0,7,62.0,6.0
3,25,17,2.8,12.117621586246166,0.0,7,62.0,6.0
3,25,18,2.8,13.324878592039564,0.0,7,62.0,6.0
3,25,19,2.8,13.39911455651175,0.0,7,62.0,6.0
3,25,20,2.8,9.495429661185328,0.0,7,62.0,6.0
3,25,21,2.8,10.291093795117273,0.0,7,62.0,6.0
3,25,22,3.0,10.641746625522707,0.0,7,62.0,6.0
1,26,1,3.6,12.098589462996888,0.0,7,62.0,6.0
1,26,2,2.8,14.984482090664947,0.0,7,62.0,6.0
1,26,3,3.0,13.244094813418364,0.0,7,62.0,6.0
1,26,4,3.0,8.727108396683013,0.0,7,62.0,6.0
1,26,5,2.8,18.95415797238902,0.0,7,62.0,6.0
1,26,6,2.8,9.889689010845505,0.0,7,62.0,6.0
1,26,7,2.8,9.995948776312073,0.0,7,62.0,6.0
1,26,8,2.8,11.716491704272572,0.0,7,62.0,6.0
1,26,9,2.8,12.329163027517069,0.0,7,62.0,6.0
1,26,10,2.8,11.746755622027488,0.0,7,62.0,6.0
1,26,11,2.8,12.382377404570624,0.0,7,62.0,6.0
1,26,12,2.8,16.548665167379085,0.0,7,62.0,6.0
1,26,13,2.8,10.38857160136336,0.0,7,62.0,6.0
1,26,14,2.8,15.652872150225464,0.0,7,62.0,6.0
1,26,15,2.8,14.80408686425699,0.0,7,62.0,6.0
1,26,16,2.8,12.680699222701161,0.0,7,62.0,6.0
1,26,17,2.8,12.017908745094104,0.0,7,62.0,6.0
1,26,18,3.6,8.414162741729186,0.125,7,62.0,6.0
1,26,19,3.0,12.447123328475584,0.0,7,62.0,6.0
1,26,20,2.8,10.405496867686455,0.0,7,62.0,6.0
1,26,21,3.0,10.795553729447775,0.0,7,62.0,6.0
1,26,22,2.25,11.16471617131502,0.0,4,62.0,6.0
2,26,1,2.8,15.590472519774309,0.0,7,62.0,6.0
2,26,2,2.8,12.31499713114789,0.0,7,62.0,6.0
2,26,3,3.2,11.001714789016859,0.0,7,62.0,6.0
2,26,4,2.8,11.056815146904796,0.0,7,62.0,6.0
2,26,5,2.8,10.83001154619867,0.0,7,62.0,6.0
2,26,6,2.8,10.522584974994427,0.0,7,62.0,6.0
2,26,7,3.6,8.949702126904908,0.125,7,62.0,6.0
2,26,8,2.8,12.839670590610469,0.0,7,62.0,6.0
2,26,9,2.8,11.427352507735186,0.0,7,62.0,6.0
2,26,10,2.8,12.551132030790162,0.0,7,62.0,6.0
2,26,11,3.0,8.806035141123695,0.0,7,62.0,6.0
2,26,12,2.8,12.820942652156209,0.0,7,62.0,6.0
2,26,13,2.8,12.969468705645198,0.0,7,62.0,6.0
2,26,14,2.8,10.755551868402772,0.0,7,62.0,6.0
2,26,15,3.0,10.102691520577949,0.0,7,62.0,6.0
2,26,16,2.8,14.833432489601595,0.0,7,62.0,6.0
2,26,17,2.8,12.339795032219026,0.0,7,62.0,6.0
2,26,18,2.8,10.87065231801501,0.0,7,62.0,6.0
2,26,19,2.8,13.221430208517317,0.0,7,62.0,6.0
2,26,20,2.8,9.801175198725927,0.0,7,62.0,6.0
2,26,21,2.8,8.454624850037247,0.0,7,62.0,6.0
2,26,22,2.0,23.178094652118,0.0,4,62.0,6.0
3,26,1,2.8,9.405556171793364,0.0,7,62.0,6.0
3,26,2,2.8,11.356582420865841,0.0,7,62.0,6.0
3,26,3,2.8,11.309166081322907,0.0,7,62.0,6.0
3,26,4,2.8,9.935933492983766,0.0,7,62.0,6.0
3,26,5,2.8,10.274508535886568,0.0,7,62.0,6.0
3,26,6,2.8,9.355662463246963,0.0,7,62.0,6.0
3,26,7,2.8,9.018517855401255,0.0,7,62.0,6.0
3,26,8,2.8,11.582887654148353,0.0,7,62.0,6.0
3,26,9,2.8,14.021396895655649,0.0,7,62.0,6.0
3,26,10,2.8,9.18921478875292,0.0,7,62.0,6.0
3,26,11,2.8,10.767417546855066,0.0,7,62.0,6.0
3,26,12,3.6,8.755408064436073,0.125,7,62.0,6.0
3,26,13,2.8,11.136018710419554,0.0,7,62.0,6.0
3,26,14,2.8,10.890467667323211,0.0,7,62.0,6.0
3,26,15,2.8,13.367266512490264,0.0,7,62.0,6.0
3,26,16,3.0,11.073951115867763,0.0,7,62.0,6.0
3,26,17,2.8,16.818783072445726,0.0,7,62.0,6.0
3,26,18,2.8,10.644439367416764,0.0,7,62.0,6.0
3,26,19,2.8,10.344922451114233,0.0,7,62.0,6.0
3,26,20,2.8,11.052590200158548,0.0,7,62.0,6.0
3,26,21,2.8,8.83178129087626,0.0,7,62.0,6.0
3,26,22,3.0,10.144636230064625,0.0,7,62.0,6.0
1,27,1,3.6,9.829154997719325,0.0,7,62.0,6.0
1,27,2,2.8,15.021835790894137,0.0,7,62.0,6.0
1,27,3,2.8,13.12196404427319,0.0,7,62.0,6.0
1,27,4,2.8,8.707791122005824,0.0,7,62.0,6.0
1,27,5,2.8,18.050965606535243,0.0,7,62.0,6.0
1,27,6,2.8,10.744756084225477,0.0,7,62.0,6.0
1,27,7,2.8,11.378327296260387,0.0,7,62.0,6.0
1,27,8,2.8,11.775424533861985,0.0,7,62.0,6.0
1,27,9,2.8,10.212161039436545,0.0,7,62.0,6.0
1,27,10,2.8,11.322949593885548,0.0,7,62.0,6.0
1,27,11,2.8,19.069783477239447,0.0,7,62.0,6.0
1,27,12,2.8,16.667603320831788,0.0,7,62.0,6.0
1,27,13,2.8,11.098333804573981,0.0,7,62.0,6.0
1,27,14,2.8,14.8938796649198,0.0,7,62.0,6.0
1,27,15,2.8,10.890107303691174,0.0,7,62.0,6.0
1,27,16,2.8,10.71703788235338,0.0,7,62.0,6.0
1,27,17,2.8,13.521409392231558,0.0,7,62.0,6.0
1,27,18,3.6,8.359455574431914,0.125,7,62.0,6.0
1,27,19,2.8,10.029697546966508,0.0,7,62.0,6.0
1,27,20,2.8,13.534084461567666,0.0,7,62.0,6.0
1,27,21,3.0,8.289051933004686,0.0,7,62.0,6.0
1,27,22,2.4,10.82398072568913,0.0,6,62.0,6.0
2,27,1,2.8,12.628826762864866,0.0,7,62.0,6.0
2,27,2,2.8,12.265602902134795,0.0,7,62.0,6.0
2,27,3,3.6,8.869663474365387,0.125,7,62.0,6.0
2,27,4,2.8,9.751120287023415,0.0,7,62.0,6.0
2,27,5,2.8,9.146092047920733,0.0,7,62.0,6.0
2,27,6,2.8,10.590502612151415,0.0,7,62.0,6.0
2,27,7,3.6,9.880695740924942,0.125,7,62.0,6.0
2,27,8,2.8,13.35854255981716,0.0,7,62.0,6.0
2,27,9,2.8,10.965982926843582,0.0,7,62.0,6.0
2,27,10,2.8,13.082966223880746,0.0,7,62.0,6.0
2,27,11,2.8,9.85732133756666,0.0,7,62.0,6.0
2,27,12,2.8,13.57905408097656,0.0,7,62.0,6.0
2,27,13,2.8,10.900845341013014,0.0,7,62.0,6.0
2,27,14,3.0,11.578041772800177,0.0,7,62.0,6.0
2,27,15,3.6,7.780530101154483,0.125,7,62.0,6.0
2,27,16,2.8,12.956487538597733,0.0,7,62.0,6.0
2,27,17,2.8,10.124948437219569,0.0,7,62.0,6.0
2,27,18,2.8,14.264622307380108,0.0,7,62.0,6.0
2,27,19,2.8,10.062604509958183,0.0,7,62.0,6.0
2,27,20,2.8,7.855183315772742,0.0,7,62.0,6.0
2,27,21,3.0,11.381064869746355,0.0,7,62.0,6.0
3,27,1,2.8,9.567399225046522,0.0,7,62.0,6.0
3,27,2,2.8,11.335534332721622,0.0,7,62.0,6.0
3,27,3,2.8,12.163855719295128,0.0,7,62.0,6.0
3,27,4,2.8,10.872024251956331,0.0,7,62.0,6.0
3,27,5,2.8,10.8775234086676,0.0,7,62.0,6.0
3,27,6,2.8,9.560402008775387,0.0,7,62.0,6.0
3,27,7,2.8,9.87787503283936,0.0,7,62.0,6.0
3,27,8,2.8,11.180580462257161,0.0,7,62.0,6.0
3,27,9,2.8,13.7688728952709,0.0,7,62.0,6.0
3,27,10,2.8,11.703785066715696,0.0,7,62.0,6.0
3,27,11,2.8,11.761290242827931,0.0,7,62.0,6.0
3,27,12,2.8,10.403899315158318,0.0,7,62.0,6.0
3,27,13,3.0,9.110568350557262,0.0,7,62.0,6.0
3,27,14,2.8,9.921025771984008,0.0,7,62.0,6.0
3,27,15,2.8,13.952857437197697,0.0,7,62.0,6.0
3,27,16,3.2,10.158062639697208,0.0,7,62.0,6.0
3,27,17,2.8,13.335860095304586,0.0,7,62.0,6.0
3,27,18,2.8,11.94066557871989,0.0,7,62.0,6.0
3,27,19,2.8,11.0861834662019,0.0,7,62.0,6.0
3,27,20,2.8,10.479576420651284,0.0,7,62.0,6.0
3,27,21,2.8,9.133852049350484,0.0,7,62.0,6.0
3,27,22,2.8,9.84834116040149,0.0,7,62.0,6.0
1,28,1,3.2,13.008405448140621,0.0,7,62.0,6.0
1,28,2,2.8,14.245291643449441,0.0,7,62.0,6.0
1,28,3,2.8,15.209104657119008,0.0,7,62.0,6.0
1,28,4,2.8,9.542326804484668,0.0,7,62.0,6.0
1,28,5,2.8,11.935126841627861,0.0,7,62.0,6.0
1,28,6,2.8,12.307331997959013,0.0,7,62.0,6.0
1,28,7,2.8,11.05889769202064,0.0,7,62.0,6.0
1,28,8,2.8,13.851941096138187,0.0,7,62.0,6.0
1,28,9,2.8,9.609736834087252,0.0,7,62.0,6.0
1,28,10,2.8,14.82266149315032,0.0,7,62.0,6.0
1,28,11,2.8,13.49490636593632,0.0,7,62.0,6.0
1,28,12,2.8,14.008019799468938,0.0,7,62.0,6.0
1,28,13,2.8,12.635655500556755,0.0,7,62.0,6.0
1,28,14,2.8,12.621095403146331,0.0,7,62.0,6.0
1,28,15,2.8,12.73635799943061,0.0,7,62.0,6.0
1,28,16,2.8,11.483508626339335,0.0,7,62.0,6.0
1,28,17,2.8,18.277867324116944,0.0,7,62.0,6.0
1,28,18,3.6,6.810338382042456,0.125,7,62.0,6.0
1,28,19,2.8,10.57862532271049,0.0,7,62.0,6.0
1,28,20,2.8,11.817065336848898,0.0,7,62.0,6.0
1,28,21,2.8,11.15964869448715,0.0,7,62.0,6.0
1,28,22,3.0,9.232339032449204,0.0,7,62.0,6.0
2,28,1,2.8,13.642965287224143,0.0,7,62.0,6.0
2,28,2,2.8,11.127504401582229,0.0,7,62.0,6.0
2,28,3,3.2,8.725797336452741,0.0,7,62.0,6.0
2,28,4,2.8,12.228474013662042,0.0,7,62.0,6.0
2,28,5,2.8,9.427721221397533,0.0,7,62.0,6.0
2,28,6,2.8,11.711375573530153,0.0,7,62.0,6.0
2,28,7,3.6,9.261401648732425,0.125,7,62.0,6.0
2,28,8,2.8,11.984273974715846,0.0,7,62.0,6.0
2,28,9,2.8,10.956517239002762,0.0,7,62.0,6.0
2,28,10,2.8,13.492541535716347,0.0,7,62.0,6.0
2,28,11,3.6,9.225726052928668,0.125,7,62.0,6.0
2,28,12,2.8,10.521674292636135,0.0,7,62.0,6.0
2,28,13,2.8,11.188146407667363,0.0,7,62.0,6.0
2,28,14,2.8,11.989951816812024,0.0,7,62.0,6.0
2,28,15,3.6,7.669347524503576,0.125,7,62.0,6.0
2,28,16,2.8,13.85521930809457,0.0,7,62.0,6.0
2,28,17,2.8,10.832127007383296,0.0,7,62.0,6.0
2,28,18,3.0,11.782497623324469,0.0,7,62.0,6.0
2,28,19,2.8,10.207241129195976,0.0,7,62.0,6.0
2,28,20,2.8,8.074953735190494,0.0,7,62.0,6.0
2,28,21,3.0,11.147029868297446,0.16666666666666666,5,62.0,6.0
3,28,1,2.8,10.054995608199565,0.0,7,62.0,6.0
3,28,2,2.8,12.753793604851197,0.0,7,62.0,6.0
3,28,3,2.8,11.609706479552479,0.0,7,62.0,6.0
3,28,4,2.8,9.855876927966198,0.0,7,62.0,6.0
3,28,5,2.8,11.404896189753766,0.0,7,62.0,6.0
3,28,6,2.8,10.23216484378108,0.0,7,62.0,6.0
3,28,7,2.8,9.751876723690264,0.0,7,62.0,6.0
3,28,8,2.8,13.237471664376294,0.0,7,62.0,6.0
3,28,9,2.8,13.645991403361544,0.0,7,62.0,6.0
3,28,10,2.8,10.644577422518754,0.0,7,62.0,6.0
3,28,11,2.8,13.237744344118662,0.0,7,62.0,6.0
3,28,12,3.0,11.488258215596748,0.0,7,62.0,6.0
3,28,13,3.0,8.847056537923265,0.0,7,62.0,6.0
3,28,14,2.8,11.315375134070123,0.0,7,62.0,6.0
3,28,15,2.8,16.590019881822297,0.0,7,62.0,6.0
3,28,16,3.0,10.504579145671094,0.0,7,62.0,6.0
3,28,17,2.8,13.512641069158393,0.0,7,62.0,6.0
3,28,18,2.8,11.848140022477708,0.0,7,62.0,6.0
3,28,19,2.8,11.438659099897059,0.0,7,62.0,6.0
3,28,20,2.8,10.96820119786921,0.0,7,62.0,6.0
3,28,21,2.8,9.216435151875855,0.0,7,62.0,6.0
3,28,22,2.8,10.383366363910394,0.0,7,62.0,6.0
1,29,1,3.6,11.978343531582437,0.0,7,62.0,6.0
1,29,2,2.8,13.446416011836233,0.0,7,62.0,6.0
1,29,3,2.8,10.623565208725898,0.0,7,62.0,6.0
1,29,4,3.0,8.777190586327162,0.0,7,62.0,6.0
1,29,5,2.8,15.969406709438474,0.0,7,62.0,6.0
1,29,6,2.8,11.435046453749123,0.0,7,62.0,6.0
1,29,7,2.8,11.589690908254283,0.0,7,62.0,6.0
1,29,8,2.8,11.18070136894891,0.0,7,62.0,6.0
1,29,9,2.8,14.309676987148533,0.0,7,62.0,6.0
1,29,10,2.8,10.485190447563982,0.0,7,62.0,6.0
1,29,11,2.8,14.531555804063165,0.0,7,62.0,6.0
1,29,12,2.8,13.883087202478684,0.0,7,62.0,6.0
1,29,13,2.8,10.02521048953165,0.0,7,62.0,6.0
1,29,14,2.8,16.769875817423838,0.0,7,62.0,6.0
1,29,15,2.8,9.588356705489447,0.0,7,62.0,6.0
1,29,16,2.8,10.544868766359413,0.0,7,62.0,6.0
1,29,17,2.8,13.622930303367394,0.0,7,62.0,6.0
1,29,18,3.0,7.366588933861064,0.0,7,62.0,6.0
1,29,19,2.8,10.168076547917163,0.0,7,62.0,6.0
1,29,20,2.8,12.451941371872923,0.0,7,62.0,6.0
1,29,21,2.8,12.580863379826816,0.0,7,62.0,6.0
1,29,22,3.0,10.883029428205623,0.0,7,62.0,6.0
2,29,1,2.8,16.427995737290562,0.0,7,62.0,6.0
2,29,2,2.8,10.699254782735824,0.0,7,62.0,6.0
2,29,3,3.8,8.139316598376194,0.125,7,62.0,6.0
2,29,4,2.8,10.95427437393436,0.0,7,62.0,6.0
2,29,5,2.8,10.61425582969116,0.0,7,62.0,6.0
2,29,6,2.8,9.988878023965778,0.0,7,62.0,6.0
2,29,7,3.0,10.67069288987713,0.0,7,62.0,6.0
2,29,8,2.8,11.89107399839534,0.0,7,62.0,6.0
2,29,9,2.8,12.034450289527165,0.0,7,62.0,6.0
2,29,10,2.8,10.724464150516965,0.0,7,62.0,6.0
2,29,11,3.0,9.563349386651089,0.0,7,62.0,6.0
2,29,12,2.8,13.294716359254746,0.0,7,62.0,6.0
2,29,13,2.8,11.771317831441488,0.0,7,62.0,6.0
2,29,14,2.8,11.953768659836376,0.0,7,62.0,6.0
2,29,15,3.0,8.46645033785951,0.0,7,62.0,6.0
2,29,16,2.8,14.761828895480958,0.0,7,62.0,6.0
2,29,17,2.8,11.02715286149428,0.0,7,62.0,6.0
2,29,18,2.8,10.870652318014965,0.0,7,62.0,6.0
2,29,19,3.0,10.212965924855999,0.0,7,62.0,6.0
2,29,20,2.8,11.141678078839155,0.0,7,62.0,6.0
2,29,21,3.0,8.773616055983725,0.0,7,62.0,6.0
3,29,1,2.8,11.155368988827117,0.0,7,62.0,6.0
3,29,2,2.8,12.194365509440532,0.0,7,62.0,6.0
3,29,3,2.8,11.766047476257068,0.0,7,62.0,6.0
3,29,4,2.8,11.169856884485721,0.0,7,62.0,6.0
3,29,5,2.8,9.797215899897271,0.0,7,62.0,6.0
3,29,6,2.8,10.477567368092378,0.0,7,62.0,6.0
3,29,7,2.8,8.62429355255621,0.0,7,62.0,6.0
3,29,8,2.8,11.968204289304914,0.0,7,62.0,6.0
3,29,9,2.8,11.197607990866254,0.0,7,62.0,6.0
3,29,10,2.8,9.792435107508739,0.0,7,62.0,6.0
3,29,11,2.8,10.142466254451234,0.0,7,62.0,6.0
3,29,12,3.6,10.252422785343272,0.125,7,62.0,6.0
3,29,13,2.8,11.578743330127054,0.0,7,62.0,6.0
3,29,14,2.8,9.458850730675458,0.0,7,62.0,6.0
3,29,15,2.8,16.461327882920955,0.0,7,62.0,6.0
3,29,16,2.8,9.774621616018434,0.0,7,62.0,6.0
3,29,17,2.8,15.19610302867777,0.0,7,62.0,6.0
3,29,18,3.0,11.403528576916427,0.0,7,62.0,6.0
3,29,19,2.8,11.513354218523277,0.0,7,62.0,6.0
3,29,20,2.8,10.221383094007063,0.0,7,62.0,6.0
3,29,21,2.8,9.731099057197518,0.0,7,62.0,6.0
3,29,22,3.2,10.600862999783754,0.0,7,62.0,6.0
1,30,1,3.6,10.797845065049941,0.0,7,62.0,6.0
1,30,2,2.8,13.659778028505233,0.0,7,62.0,6.0
1,30,3,2.8,14.27183546388371,0.0,7,62.0,6.0
1,30,4,2.8,9.270424918636683,0.0,7,62.0,6.0
1,30,5,2.8,14.922038076142435,0.0,7,62.0,6.0
1,30,6,2.8,8.969514856401862,0.0,7,62.0,6.0
1,30,7,2.8,10.984258848160051,0.0,7,62.0,6.0
1,30,8,2.8,15.581353160908566,0.0,7,62.0,6.0
1,30,9,2.8,9.046955399099984,0.0,7,62.0,6.0
1,30,10,2.8,11.408697696647152,0.0,7,62.0,6.0
1,30,11,2.8,14.87912670193185,0.0,7,62.0,6.0
1,30,12,2.8,14.859219130093836,0.0,7,62.0,6.0
1,30,13,2.8,10.57259270289621,0.0,7,62.0,6.0
1,30,14,2.8,15.118073897849055,0.0,7,62.0,6.0
1,30,15,2.8,12.811827820539236,0.0,7,62.0,6.0
1,30,16,2.8,11.99723242258072,0.0,7,62.0,6.0
1,30,17,2.8,12.182021730125307,0.0,7,62.0,6.0
1,30,18,3.6,7.827396000793334,0.125,7,62.0,6.0
1,30,19,2.8,10.01303189461219,0.0,7,62.0,6.0
1,30,20,2.8,13.973453609045821,0.0,7,62.0,6.0
1,30,21,2.8,12.232248253438005,0.0,7,62.0,6.0
1,30,22,2.6,11.93081006836723,0.0,6,62.0,6.0
2,30,1,2.8,17.022385548941863,0.0,7,62.0,6.0
2,30,2,2.8,10.755701217138794,0.0,7,62.0,6.0
2,30,3,3.6,8.705540553381791,0.125,7,62.0,6.0
2,30,4,2.8,10.45093306906129,0.0,7,62.0,6.0
2,30,5,2.8,9.743480092282294,0.0,7,62.0,6.0
2,30,6,2.8,8.844591254665374,0.0,7,62.0,6.0
2,30,7,3.6,9.101412735681741,0.125,7,62.0,6.0
2,30,8,2.8,14.92306318807484,0.0,7,62.0,6.0
2,30,9,2.8,10.849269103174054,0.0,7,62.0,6.0
2,30,10,2.8,11.336916300803253,0.0,7,62.0,6.0
2,30,11,3.0,11.506066053548443,0.0,7,62.0,6.0
2,30,12,2.8,11.55837241004718,0.0,7,62.0,6.0
2,30,13,2.8,13.743627649028095,0.0,7,62.0,6.0
2,30,14,2.8,10.85435208156906,0.0,7,62.0,6.0
2,30,15,3.6,7.568705463097553,0.125,7,62.0,6.0
2,30,16,2.8,11.738052424316647,0.0,7,62.0,6.0
2,30,17,2.8,9.707136997313643,0.0,7,62.0,6.0
2,30,18,2.8,14.03547828432961,0.0,7,62.0,6.0
2,30,19,3.0,9.441616981754676,0.0,7,62.0,6.0
2,30,20,2.8,9.195445882222309,0.0,7,62.0,6.0
2,30,21,2.8,11.763966663951248,0.0,7,62.0,6.0
3,30,1,2.8,10.396846333759123,0.0,7,62.0,6.0
3,30,2,2.8,13.1091635695972,0.0,7,62.0,6.0
3,30,3,2.8,11.676198104949213,0.0,7,62.0,6.0
3,30,4,2.8,9.593077069699143,0.0,7,62.0,6.0
3,30,5,2.8,10.104758453485433,0.0,7,62.0,6.0
3,30,6,2.8,9.837187032859458,0.0,7,62.0,6.0
3,30,7,2.8,9.250400161612896,0.0,7,62.0,6.0
3,30,8,2.8,10.025925147919846,0.0,7,62.0,6.0
3,30,9,2.8,12.22737590309369,0.0,7,62.0,6.0
3,30,10,2.8,13.337189086164893,0.0,7,62.0,6.0
3,30,11,2.8,10.401192792163641,0.0,7,62.0,6.0
3,30,12,3.6,8.583385256032043,0.125,7,62.0,6.0
3,30,13,2.8,11.578743330127157,0.0,7,62.0,6.0
3,30,14,2.8,9.444244821066343,0.0,7,62.0,6.0
3,30,15,2.8,15.946301952997171,0.0,7,62.0,6.0
3,30,16,2.8,11.524313720679986,0.0,7,62.0,6.0
3,30,17,2.8,15.04656468117939,0.0,7,62.0,6.0
3,30,18,3.0,9.955666485884521,0.0,7,62.0,6.0
3,30,19,2.8,12.275949098603553,0.0,7,62.0,6.0
3,30,20,2.8,10.5383980633146,0.0,7,62.0,6.0
3,30,21,2.8,8.237059932214095,0.0,7,62.0,6.0
3,30,22,2.8,12.21018989542697,0.0,7,62.0,6.0
1,31,1,3.8,10.119602244139331,0.0,7,62.0,6.0
1,31,2,2.8,14.076239698480228,0.0,7,62.0,6.0
1,31,3,2.8,13.76919891933436,0.0,7,62.0,6.0
1,31,4,3.0,7.740608534809007,0.0,7,62.0,6.0
1,31,5,2.8,12.504040761795572,0.0,7,62.0,6.0
1,31,6,2.8,8.90996791451549,0.0,7,62.0,6.0
1,31,7,2.8,11.81928647603837,0.0,7,62.0,6.0
1,31,8,2.8,10.890671088608954,0.0,7,62.0,6.0
1,31,9,2.8,12.130610633800025,0.0,7,62.0,6.0
1,31,10,2.8,9.565198191114344,0.0,7,62.0,6.0
1,31,11,2.8,12.2814330685308,0.0,7,62.0,6.0
1,31,12,2.8,20.627205279132827,0.0,7,62.0,6.0
1,31,13,2.8,11.676918920166699,0.0,7,62.0,6.0
1,31,14,2.8,17.51858980167882,0.0,7,62.0,6.0
1,31,15,2.8,10.759771684998757,0.0,7,62.0,6.0
1,31,16,2.8,11.998958259078696,0.0,7,62.0,6.0
1,31,17,2.8,13.2609017961803,0.0,7,62.0,6.0
1,31,18,3.6,8.4972155775966,0.125,7,62.0,6.0
1,31,19,3.0,9.428482867078344,0.0,7,62.0,6.0
1,31,20,2.8,11.47553269525894,0.0,7,62.0,6.0
1,31,21,3.2,8.575784242308796,0.0,7,62.0,6.0
1,31,22,2.0,17.32197786493471,0.0,4,62.0,6.0
2,31,1,2.8,17.66140186574391,0.0,7,62.0,6.0
2,31,2,2.8,9.606878676201621,0.0,7,62.0,6.0
2,31,3,3.0,12.523569763777479,0.0,7,62.0,6.0
2,31,4,2.8,11.026552399022577,0.0,7,62.0,6.0
2,31,5,2.8,9.616804444319456,0.0,7,62.0,6.0
2,31,6,2.8,10.885448599551284,0.0,7,62.0,6.0
2,31,7,3.0,10.216007061023628,0.0,7,62.0,6.0
2,31,8,2.8,11.45314548934245,0.0,7,62.0,6.0
2,31,9,2.8,11.660459754265354,0.0,7,62.0,6.0
2,31,10,2.8,16.14022234859062,0.0,7,62.0,6.0
2,31,11,2.8,9.696599636940434,0.0,7,62.0,6.0
2,31,12,2.8,12.7565540722175,0.0,7,62.0,6.0
2,31,13,2.8,12.700577319996484,0.0,7,62.0,6.0
2,31,14,2.8,11.837216937032068,0.0,7,62.0,6.0
2,31,15,2.8,10.475882584352428,0.0,7,62.0,6.0
2,31,16,3.6,7.86214942700531,0.125,7,62.0,6.0
2,31,17,2.8,12.856981624664687,0.0,7,62.0,6.0
2,31,18,2.8,12.332237899724326,0.0,7,62.0,6.0
2,31,19,3.2,9.589337058287299,0.0,7,62.0,6.0
2,31,20,2.8,9.007289525482019,0.0,7,62.0,6.0
2,31,21,3.0,7.5363165425057215,0.0,7,62.0,6.0
3,31,1,2.8,8.623161287238922,0.0,7,62.0,6.0
3,31,2,2.8,13.308844398072317,0.0,7,62.0,6.0
3,31,3,2.8,11.996839310211941,0.0,7,62.0,6.0
3,31,4,2.8,10.553117932496244,0.0,7,62.0,6.0
3,31,5,2.8,10.85821211590237,0.0,7,62.0,6.0
3,31,6,2.8,11.269075943102708,0.0,7,62.0,6.0
3,31,7,2.8,10.258956247795792,0.0,7,62.0,6.0
3,31,8,2.8,11.921547524245524,0.0,7,62.0,6.0
3,31,9,2.8,14.2500776165672,0.0,7,62.0,6.0
3,31,10,2.8,10.462487307906102,0.0,7,62.0,6.0
3,31,11,2.8,12.902627396725594,0.0,7,62.0,6.0
3,31,12,3.0,12.247422612103167,0.0,7,62.0,6.0
3,31,13,2.8,8.777320322765569,0.0,7,62.0,6.0
3,31,14,2.8,9.716137739035943,0.0,7,62.0,6.0
3,31,15,2.8,13.491191612707324,0.0,7,62.0,6.0
3,31,16,3.0,11.118136385539676,0.0,7,62.0,6.0
3,31,17,2.8,16.783830737439427,0.0,7,62.0,6.0
3,31,18,3.0,10.323990735141408,0.0,7,62.0,6.0
3,31,19,2.8,11.612403258847234,0.0,7,62.0,6.0
3,31,20,2.8,9.902679313460538,0.0,7,62.0,6.0
3,31,21,2.8,10.032835994796876,0.0,7,62.0,6.0
3,31,22,3.0,10.50352140125876,0.0,7,62.0,6.0
1,32,1,3.2,12.317092792011703,0.0,7,62.0,6.0
1,32,2,2.8,11.117744428899417,0.0,7,62.0,6.0
1,32,3,3.0,11.910154264659392,0.0,7,62.0,6.0
1,32,4,3.0,8.496095462471486,0.0,7,62.0,6.0
1,32,5,2.8,16.249929102895635,0.0,7,62.0,6.0
1,32,6,2.8,10.501337675549824,0.0,7,62.0,6.0
1,32,7,2.8,11.146806268190202,0.0,7,62.0,6.0
1,32,8,2.8,15.82689242737657,0.0,7,62.0,6.0
1,32,9,2.8,10.645121670609527,0.0,7,62.0,6.0
1,32,10,2.8,10.244932641866743,0.0,7,62.0,6.0
1,32,11,2.8,15.25581465189312,0.0,7,62.0,6.0
1,32,12,2.8,17.799975744019708,0.0,7,62.0,6.0
1,32,13,2.8,10.426250853046193,0.0,7,62.0,6.0
1,32,14,2.8,13.739308971111633,0.0,7,62.0,6.0
1,32,15,2.8,12.415870471778588,0.0,7,62.0,6.0
1,32,16,2.8,10.871717031639058,0.0,7,62.0,6.0
1,32,17,2.8,12.459077255444623,0.0,7,62.0,6.0
1,32,18,3.6,7.940856905772283,0.125,7,62.0,6.0
1,32,19,2.8,9.388990535481677,0.0,7,62.0,6.0
1,32,20,2.8,12.67974671031367,0.0,7,62.0,6.0
1,32,21,3.0,9.158286655056425,0.0,7,62.0,6.0
1,32,22,2.4,11.123687054183476,0.0,6,62.0,6.0
2,32,1,2.8,13.172821644005795,0.0,7,62.0,6.0
2,32,2,2.8,10.774649282410094,0.0,7,62.0,6.0
2,32,3,3.2,9.296088758394689,0.0,7,62.0,6.0
2,32,4,2.8,11.219070833272362,0.0,7,62.0,6.0
2,32,5,2.8,9.789896734810043,0.0,7,62.0,6.0
2,32,6,2.8,10.327142790295502,0.0,7,62.0,6.0
2,32,7,3.0,11.004695962876463,0.0,7,62.0,6.0
2,32,8,3.0,9.574577489057953,0.0,7,62.0,6.0
2,32,9,2.8,10.427621053987238,0.0,7,62.0,6.0
2,32,10,2.8,16.082333232433868,0.0,7,62.0,6.0
2,32,11,2.8,10.061980895040579,0.0,7,62.0,6.0
2,32,12,2.8,13.172041488123677,0.0,7,62.0,6.0
2,32,13,2.8,12.639638685622392,0.0,7,62.0,6.0
2,32,14,2.8,11.531423800366708,0.0,7,62.0,6.0
2,32,15,2.8,9.753439214462759,0.0,7,62.0,6.0
2,32,16,3.0,10.393927257003844,0.0,7,62.0,6.0
2,32,17,2.8,13.143653313747217,0.0,7,62.0,6.0
2,32,18,2.8,11.368635786746882,0.0,7,62.0,6.0
2,32,19,3.0,11.49837583652656,0.0,7,62.0,6.0
2,32,20,2.8,9.562468074802355,0.0,7,62.0,6.0
2,32,21,2.8,9.307836119544758,0.0,7,62.0,6.0
2,32,22,2.5,12.485075124263409,0.0,4,62.0,6.0
3,32,1,2.8,10.257354121710097,0.0,7,62.0,6.0
3,32,2,2.8,11.009070093223038,0.0,7,62.0,6.0
3,32,3,2.8,11.103848049712328,0.0,7,62.0,6.0
3,32,4,2.8,9.792754581632527,0.0,7,62.0,6.0
3,32,5,2.8,10.379124029709986,0.0,7,62.0,6.0
3,32,6,2.8,9.298766314574022,0.0,7,62.0,6.0
3,32,7,2.8,9.720877795237119,0.0,7,62.0,6.0
3,32,8,2.8,11.41001902048963,0.0,7,62.0,6.0
3,32,9,2.8,13.14732023864364,0.0,7,62.0,6.0
3,32,10,2.8,11.570932802830526,0.0,7,62.0,6.0
3,32,11,2.8,9.616224728586518,0.0,7,62.0,6.0
3,32,12,3.6,10.017335171462356,0.125,7,62.0,6.0
3,32,13,2.8,10.577504571888085,0.0,7,62.0,6.0
3,32,14,2.8,10.251574634484776,0.0,7,62.0,6.0
3,32,15,2.8,12.34222236528674,0.0,7,62.0,6.0
3,32,16,3.0,9.003594144506293,0.0,7,62.0,6.0
3,32,17,2.8,14.136479502397467,0.0,7,62.0,6.0
3,32,18,2.8,12.996877147774544,0.0,7,62.0,6.0
3,32,19,2.8,12.275949098603553,0.0,7,62.0,6.0
3,32,20,2.8,10.704395839113838,0.0,7,62.0,6.0
3,32,21,2.8,8.75591928781145,0.0,7,62.0,6.0
3,32,22,3.0,9.803171863420461,0.0,7,62.0,6.0
1,33,1,3.6,10.334876735218245,0.0,7,62.0,6.0
1,33,2,2.8,18.59017462735566,0.0,7,62.0,6.0
1,33,3,2.8,11.787262882906969,0.0,7,62.0,6.0
1,33,4,2.8,9.143823415327597,0.0,7,62.0,6.0
1,33,5,2.8,15.74057229307268,0.0,7,62.0,6.0
1,33,6,2.8,8.586111750421908,0.0,7,62.0,6.0
1,33,7,2.8,10.806968121360253,0.0,7,62.0,6.0
1,33,8,2.8,12.329566576808045,0.0,7,62.0,6.0
1,33,9,2.8,10.041982035736027,0.0,7,62.0,6.0
1,33,10,2.8,13.878590949970066,0.0,7,62.0,6.0
1,33,11,2.8,14.55566644428612,0.0,7,62.0,6.0
1,33,12,2.8,18.454103364094266,0.0,7,62.0,6.0
1,33,13,2.8,13.332896628378862,0.0,7,62.0,6.0
1,33,14,2.8,12.750864408761972,0.0,7,62.0,6.0
1,33,15,2.8,10.565513248776465,0.0,7,62.0,6.0
1,33,16,2.8,11.926001907691388,0.0,7,62.0,6.0
1,33,17,2.8,15.998346865389294,0.0,7,62.0,6.0
1,33,18,3.6,7.668032049195458,0.125,7,62.0,6.0
1,33,19,2.8,9.659905609978278,0.0,7,62.0,6.0
1,33,20,2.8,12.521660986531195,0.0,7,62.0,6.0
1,33,21,3.0,9.798636355816718,0.0,7,62.0,6.0
1,33,22,2.4,11.52800729933753,0.0,6,62.0,6.0
2,33,1,2.8,15.873715337374751,0.0,7,62.0,6.0
2,33,2,2.8,9.775786473431138,0.0,7,62.0,6.0
2,33,3,3.6,8.767940807238192,0.125,7,62.0,6.0
2,33,4,2.8,9.782312705665547,0.0,7,62.0,6.0
2,33,5,2.8,9.442623339275274,0.0,7,62.0,6.0
2,33,6,2.8,10.892274037017007,0.0,7,62.0,6.0
2,33,7,3.0,12.82781651603369,0.0,7,62.0,6.0
2,33,8,2.8,10.07469811908324,0.0,7,62.0,6.0
2,33,9,2.8,10.33462367341117,0.0,7,62.0,6.0
2,33,10,2.8,11.389996515995714,0.0,7,62.0,6.0
2,33,11,2.8,9.180538215171202,0.0,7,62.0,6.0
2,33,12,2.8,12.46044153462628,0.0,7,62.0,6.0
2,33,13,2.8,14.681340757559983,0.0,7,62.0,6.0
2,33,14,2.8,11.400542769632617,0.0,7,62.0,6.0
2,33,15,2.8,9.939444278590399,0.0,7,62.0,6.0
2,33,16,3.6,8.319829812710376,0.125,7,62.0,6.0
2,33,17,2.8,11.606529262963143,0.0,7,62.0,6.0
2,33,18,2.8,11.30805474144479,0.0,7,62.0,6.0
2,33,19,2.8,10.028031179303767,0.0,7,62.0,6.0
2,33,20,2.8,9.913630365603813,0.0,7,62.0,6.0
2,33,21,3.8,7.512396236763633,0.125,7,62.0,6.0
3,33,1,2.8,10.70623934148225,0.0,7,62.0,6.0
3,33,2,2.8,12.170100728158843,0.0,7,62.0,6.0
3,33,3,2.8,11.267497276927829,0.0,7,62.0,6.0
3,33,4,2.8,10.872024251956063,0.0,7,62.0,6.0
3,33,5,2.8,10.467944922665286,0.0,7,62.0,6.0
3,33,6,2.8,10.568088485677528,0.0,7,62.0,6.0
3,33,7,2.8,10.898798390129883,0.0,7,62.0,6.0
3,33,8,2.8,13.123853074617779,0.0,7,62.0,6.0
3,33,9,2.8,12.375826423276155,0.0,7,62.0,6.0
3,33,10,2.8,12.316576513259216,0.0,7,62.0,6.0
3,33,11,2.8,11.761290242827826,0.0,7,62.0,6.0
3,33,12,3.6,9.358254589346066,0.125,7,62.0,6.0
3,33,13,2.8,10.206810559898637,0.0,7,62.0,6.0
3,33,14,2.8,9.20266927349055,0.0,7,62.0,6.0
3,33,15,2.8,14.205542846593625,0.0,7,62.0,6.0
3,33,16,2.8,10.586754374862078,0.0,7,62.0,6.0
3,33,17,2.8,13.167689509921553,0.0,7,62.0,6.0
3,33,18,3.0,10.020913500310863,0.0,7,62.0,6.0
3,33,19,2.8,10.878525459952261,0.0,7,62.0,6.0
3,33,20,2.8,13.794756520976174,0.0,7,62.0,6.0
3,33,21,2.8,8.961181984051525,0.0,7,62.0,6.0
3,33,22,2.8,11.541964247429064,0.0,7,62.0,6.0
1,34,1,3.6,11.240976643467372,0.0,7,62.0,6.0
1,34,2,2.8,17.560851966190548,0.0,7,62.0,6.0
1,34,3,2.8,13.909465787690479,0.0,7,62.0,6.0
1,34,4,3.0,8.60178594646601,0.0,7,62.0,6.0
1,34,5,2.8,17.24934268196165,0.0,7,62.0,6.0
1,34,6,2.8,10.111143422318044,0.0,7,62.0,6.0
1,34,7,2.8,10.72347608096843,0.0,7,62.0,6.0
1,34,8,2.8,11.077931310848545,0.0,7,62.0,6.0
1,34,9,2.8,15.328896263908087,0.0,7,62.0,6.0
1,34,10,2.8,11.227549081610382,0.0,7,62.0,6.0
1,34,11,2.8,14.056984792363757,0.0,7,62.0,6.0
1,34,12,2.8,16.972081732934715,0.0,7,62.0,6.0
1,34,13,2.8,10.496707838589845,0.0,7,62.0,6.0
1,34,14,2.8,14.940448950003379,0.0,7,62.0,6.0
1,34,15,2.8,11.35971577432698,0.0,7,62.0,6.0
1,34,16,2.8,10.694583283858401,0.0,7,62.0,6.0
1,34,17,2.8,15.760729914811952,0.0,7,62.0,6.0
1,34,18,3.0,8.913959446710692,0.0,7,62.0,6.0
1,34,19,3.0,10.022153256121435,0.0,7,62.0,6.0
1,34,20,3.0,14.069953617020115,0.0,7,62.0,6.0
1,34,21,3.0,9.626452090692922,0.0,7,62.0,6.0
1,34,22,2.4,13.22282135870064,0.0,6,62.0,6.0
2,34,1,2.8,12.760569311529013,0.0,7,62.0,6.0
2,34,2,3.0,10.51868262082588,0.0,7,62.0,6.0
2,34,3,3.6,9.066074678875491,0.125,7,62.0,6.0
2,34,4,2.8,10.78049909610935,0.0,7,62.0,6.0
2,34,5,2.8,10.415425670575015,0.0,7,62.0,6.0
2,34,6,2.8,9.907969482085832,0.0,7,62.0,6.0
2,34,7,3.0,12.98070381008888,0.0,7,62.0,6.0
2,34,8,2.8,11.532332818779583,0.0,7,62.0,6.0
2,34,9,2.8,11.217760466732432,0.0,7,62.0,6.0
2,34,10,2.8,11.89221258235059,0.0,7,62.0,6.0
2,34,11,2.8,9.926310813411401,0.0,7,62.0,6.0
2,34,12,2.8,13.383176111137267,0.0,7,62.0,6.0
2,34,13,2.8,12.032364504440471,0.0,7,62.0,6.0
2,34,14,2.8,11.037603766046283,0.0,7,62.0,6.0
2,34,15,2.8,10.91694692796056,0.0,7,62.0,6.0
2,34,16,3.0,11.379378834888806,0.0,7,62.0,6.0
2,34,17,2.8,11.131180583377922,0.0,7,62.0,6.0
2,34,18,2.8,12.316332317450254,0.0,7,62.0,6.0
2,34,19,3.0,9.800771386294985,0.0,7,62.0,6.0
2,34,20,2.8,9.880342006733928,0.0,7,62.0,6.0
2,34,21,2.8,9.346071895779906,0.0,7,62.0,6.0
2,34,22,2.0,25.20811320433691,0.0,4,62.0,6.0
3,34,1,2.8,8.860518395164394,0.0,7,62.0,6.0
3,34,2,2.8,12.002913958819624,0.0,7,62.0,6.0
3,34,3,2.8,11.33011627048389,0.0,7,62.0,6.0
3,34,4,2.8,9.148260310944279,0.0,7,62.0,6.0
3,34,5,2.8,10.021969570953939,0.0,7,62.0,6.0
3,34,6,2.8,10.604736404313297,0.0,7,62.0,6.0
3,34,7,2.8,9.925967897700732,0.0,7,62.0,6.0
3,34,8,2.8,10.383366620959634,0.0,7,62.0,6.0
3,34,9,2.8,16.25766400899403,0.0,7,62.0,6.0
3,34,10,2.8,11.088441257581426,0.0,7,62.0,6.0
3,34,11,2.8,10.90176499155003,0.0,7,62.0,6.0
3,34,12,3.6,8.818527845967667,0.125,7,62.0,6.0
3,34,13,2.8,10.05577777484186,0.0,7,62.0,6.0
3,34,14,2.8,10.813449394793205,0.0,7,62.0,6.0
3,34,15,2.8,15.580696749871692,0.0,7,62.0,6.0
3,34,16,3.0,10.877010563195226,0.0,7,62.0,6.0
3,34,17,2.8,11.31257765925437,0.0,7,62.0,6.0
3,34,18,3.0,12.662325476827526,0.0,7,62.0,6.0
3,34,19,2.8,10.893304992619864,0.0,7,62.0,6.0
3,34,20,2.8,9.660407555063939,0.0,7,62.0,6.0
3,34,21,2.8,10.104079850254296,0.0,7,62.0,6.0
3,34,22,3.0,9.21478831835563,0.0,7,62.0,6.0
1,35,1,3.6,12.657677674571596,0.0,7,62.0,6.0
1,35,2,2.8,15.405877444347402,0.0,7,62.0,6.0
1,35,3,2.8,12.522080567493706,0.0,7,62.0,6.0
1,35,4,2.8,8.404183668942999,0.0,7,62.0,6.0
1,35,5,2.8,18.214651571649096,0.0,7,62.0,6.0
1,35,6,2.8,9.40341011761571,0.0,7,62.0,6.0
1,35,7,2.8,11.188197605573816,0.0,7,62.0,6.0
1,35,8,2.8,11.57191111323106,0.0,7,62.0,6.0
1,35,9,2.8,12.657501791571,0.0,7,62.0,6.0
1,35,10,2.8,12.654513232305536,0.0,7,62.0,6.0
1,35,11,2.8,15.89986173241131,0.0,7,62.0,6.0
1,35,12,2.8,17.905757552563927,0.0,7,62.0,6.0
1,35,13,2.8,12.199254502034306,0.0,7,62.0,6.0
1,35,14,2.8,13.739308971111562,0.0,7,62.0,6.0
1,35,15,2.8,11.131506733722391,0.0,7,62.0,6.0
1,35,16,3.0,9.911984453872453,0.0,7,62.0,6.0
1,35,17,2.8,16.722964958050134,0.0,7,62.0,6.0
1,35,18,2.8,9.008933222579568,0.0,7,62.0,6.0
1,35,19,3.0,10.131718144375945,0.0,7,62.0,6.0
1,35,20,2.8,11.910491430621184,0.0,7,62.0,6.0
1,35,21,2.8,10.572281895429686,0.0,7,62.0,6.0
1,35,22,3.0,9.332424995990078,0.0,7,62.0,6.0
2,35,1,2.8,17.509714817594347,0.0,7,62.0,6.0
2,35,2,2.8,10.643397722444222,0.0,7,62.0,6.0
2,35,3,3.8,10.37633752270298,0.125,7,62.0,6.0
2,35,4,2.8,10.761530468651634,0.0,7,62.0,6.0
2,35,5,2.8,9.166608923132394,0.0,7,62.0,6.0
2,35,6,2.8,8.97722640927772,0.0,7,62.0,6.0
2,35,7,3.0,10.860167998306363,0.0,7,62.0,6.0
2,35,8,2.8,10.780241814297852,0.0,7,62.0,6.0
2,35,9,2.8,12.08199672532407,0.0,7,62.0,6.0
2,35,10,2.8,11.53340373618329,0.0,7,62.0,6.0
2,35,11,2.8,10.997199208447704,0.0,7,62.0,6.0
2,35,12,2.8,12.08718117459577,0.0,7,62.0,6.0
2,35,13,2.8,11.777494012570012,0.0,7,62.0,6.0
2,35,14,2.8,11.219836690406018,0.0,7,62.0,6.0
2,35,15,2.8,9.249461583050854,0.0,7,62.0,6.0
2,35,16,3.0,12.41917135519785,0.0,7,62.0,6.0
2,35,17,2.8,10.151940542048953,0.0,7,62.0,6.0
2,35,18,2.8,11.978625807486281,0.0,7,62.0,6.0
2,35,19,3.8,7.940263650231735,0.125,7,62.0,6.0
2,35,20,2.8,8.453765506247596,0.0,7,62.0,6.0
2,35,21,2.8,11.319313453422156,0.0,7,62.0,6.0
3,35,1,2.8,10.631795878222883,0.0,7,62.0,6.0
3,35,2,2.8,12.31715540601327,0.0,7,62.0,6.0
3,35,3,2.8,14.534120536432248,0.0,7,62.0,6.0
3,35,4,2.8,9.301297770244474,0.0,7,62.0,6.0
3,35,5,2.8,10.021969570954015,0.0,7,62.0,6.0
3,35,6,2.8,9.821390313618705,0.0,7,62.0,6.0
3,35,7,2.8,9.264412202312991,0.0,7,62.0,6.0
3,35,8,2.8,11.517451541346832,0.0,7,62.0,6.0
3,35,9,2.8,13.119119211931103,0.0,7,62.0,6.0
3,35,10,2.8,13.05255760876354,0.0,7,62.0,6.0
3,35,11,2.8,11.539388475222111,0.0,7,62.0,6.0
3,35,12,3.6,8.65627457286762,0.125,7,62.0,6.0
3,35,13,2.8,10.897908856064497,0.0,7,62.0,6.0
3,35,14,2.8,9.760758963329721,0.0,7,62.0,6.0
3,35,15,2.8,13.222769772970645,0.0,7,62.0,6.0
3,35,16,3.0,11.094038124028682,0.0,7,62.0,6.0
3,35,17,2.8,16.456747241609836,0.0,7,62.0,6.0
3,35,18,3.0,10.843858806132433,0.0,7,62.0,6.0
3,35,19,2.8,10.271309285900923,0.0,7,62.0,6.0
3,35,20,2.8,8.888263945802066,0.0,7,62.0,6.0
3,35,21,2.8,11.053654230184325,0.0,7,62.0,6.0
3,35,22,2.8,9.966375558569547,0.0,7,62.0,6.0
1,36,1,3.6,11.609123660654415,0.0,7,62.0,6.0
1,36,2,2.8,16.10586159165695,0.0,7,62.0,6.0
1,36,3,3.0,13.302567984365636,0.0,7,62.0,6.0
1,36,4,3.0,7.093655945033227,0.0,7,62.0,6.0
1,36,5,2.8,16.37834976054321,0.0,7,62.0,6.0
1,36,6,2.8,10.659417700965582,0.0,7,62.0,6.0
1,36,7,2.8,9.373968806158489,0.0,7,62.0,6.0
1,36,8,2.8,9.605984669979408,0.0,7,62.0,6.0
1,36,9,2.8,13.671837055655155,0.0,7,62.0,6.0
1,36,10,2.8,9.672673180049845,0.0,7,62.0,6.0
1,36,11,2.8,16.570425889874233,0.0,7,62.0,6.0
1,36,12,2.8,17.66439337904874,0.0,7,62.0,6.0
1,36,13,2.8,10.497150995513215,0.0,7,62.0,6.0
1,36,14,2.8,13.157867841007084,0.0,7,62.0,6.0
1,36,15,2.8,11.368756046168114,0.0,7,62.0,6.0
1,36,16,2.8,11.880674929246858,0.0,7,62.0,6.0
1,36,17,2.8,10.829985579021407,0.0,7,62.0,6.0
1,36,18,3.6,7.616537918338996,0.125,7,62.0,6.0
1,36,19,3.0,10.07477665574025,0.0,7,62.0,6.0
1,36,20,3.0,10.011594124752797,0.0,7,62.0,6.0
1,36,21,3.0,8.394032822903954,0.0,7,62.0,6.0
1,36,22,2.0,15.337956369813206,0.0,4,62.0,6.0
2,36,1,2.8,16.040237628291166,0.0,7,62.0,6.0
2,36,2,2.8,11.702358925134636,0.0,7,62.0,6.0
2,36,3,3.6,10.252397048086749,0.125,7,62.0,6.0
2,36,4,2.8,11.384705633508679,0.0,7,62.0,6.0
2,36,5,2.8,13.56983114190452,0.0,7,62.0,6.0
2,36,6,2.8,10.001671082386673,0.0,7,62.0,6.0
2,36,7,3.0,15.03523097870828,0.0,7,62.0,6.0
2,36,8,2.8,10.3125177980106,0.0,7,62.0,6.0
2,36,9,2.8,10.369667578611843,0.0,7,62.0,6.0
2,36,10,2.8,13.01376605143923,0.0,7,62.0,6.0
2,36,11,2.8,9.044772906936466,0.0,7,62.0,6.0
2,36,12,2.8,10.475629016844733,0.0,7,62.0,6.0
2,36,13,2.8,14.008798462079929,0.0,7,62.0,6.0
2,36,14,2.8,10.721079533801255,0.0,7,62.0,6.0
2,36,15,2.8,9.318550479903337,0.0,7,62.0,6.0
2,36,16,3.0,9.91064748749373,0.0,7,62.0,6.0
2,36,17,2.8,14.005175383811213,0.0,7,62.0,6.0
2,36,18,2.8,11.900324955599041,0.0,7,62.0,6.0
2,36,19,3.0,11.624479317864957,0.0,7,62.0,6.0
2,36,20,2.8,9.476670608639019,0.0,7,62.0,6.0
2,36,21,3.0,8.69136930851796,0.0,7,62.0,6.0
2,36,22,2.0,21.080985878842597,0.0,4,62.0,6.0
3,36,1,2.8,10.088165731756877,0.0,7,62.0,6.0
3,36,2,2.8,11.527823502634222,0.0,7,62.0,6.0
3,36,3,2.8,12.020417442051954,0.0,7,62.0,6.0
3,36,4,2.8,9.548148627671694,0.0,7,62.0,6.0
3,36,5,2.8,9.734840333423795,0.0,7,62.0,6.0
3,36,6,2.8,10.16414721833633,0.0,7,62.0,6.0
3,36,7,2.8,10.17363205105077,0.0,7,62.0,6.0
3,36,8,2.8,11.82931686964492,0.0,7,62.0,6.0
3,36,9,2.8,14.216953312163133,0.0,7,62.0,6.0
3,36,10,2.8,10.166827480094577,0.0,7,62.0,6.0
3,36,11,2.8,11.325704951039672,0.0,7,62.0,6.0
3,36,12,3.6,8.656274572867504,0.125,7,62.0,6.0
3,36,13,2.8,9.829522290702164,0.0,7,62.0,6.0
3,36,14,2.8,10.338216783733015,0.0,7,62.0,6.0
3,36,15,2.8,18.7873340053748,0.0,7,62.0,6.0
3,36,16,2.8,10.90772777977247,0.0,7,62.0,6.0
3,36,17,2.8,14.20769367712056,0.0,7,62.0,6.0
3,36,18,2.8,10.92314987513388,0.0,7,62.0,6.0
3,36,19,2.8,12.506475310955073,0.0,7,62.0,6.0
3,36,20,2.8,12.952682331077106,0.0,7,62.0,6.0
3,36,21,2.8,8.797296828405178,0.0,7,62.0,6.0
3,36,22,2.8,11.503760012997674,0.0,7,62.0,6.0
1,37,1,3.6,10.589127576967098,0.0,7,62.0,6.0
1,37,2,2.8,12.498211104829492,0.0,7,62.0,6.0
1,37,3,2.8,14.006456211076193,0.0,7,62.0,6.0
1,37,4,2.8,9.143823415327597,0.0,7,62.0,6.0
1,37,5,2.8,13.396111581524318,0.0,7,62.0,6.0
1,37,6,2.8,9.644201260008932,0.0,7,62.0,6.0
1,37,7,2.8,10.52386841391521,0.0,7,62.0,6.0
1,37,8,2.8,11.821625669889743,0.0,7,62.0,6.0
1,37,9,2.8,11.240837928102712,0.0,7,62.0,6.0
1,37,10,2.8,13.415143146698355,0.0,7,62.0,6.0
1,37,11,2.8,16.330753761228397,0.0,7,62.0,6.0
1,37,12,2.8,13.99639727162719,0.0,7,62.0,6.0
1,37,13,2.8,10.231522143718838,0.0,7,62.0,6.0
1,37,14,2.8,18.338624648683886,0.0,7,62.0,6.0
1,37,15,2.8,12.264256739495806,0.0,7,62.0,6.0
1,37,16,2.8,10.7170378823534,0.0,7,62.0,6.0
1,37,17,2.8,12.695310268631005,0.0,7,62.0,6.0
1,37,18,3.6,7.515027840276752,0.125,7,62.0,6.0
1,37,19,3.0,8.231313089811703,0.0,7,62.0,6.0
1,37,20,2.8,13.010459873376965,0.0,7,62.0,6.0
1,37,21,3.2,9.507293633689487,0.0,7,62.0,6.0
1,37,22,2.0,11.916290124451631,0.0,5,62.0,6.0
2,37,1,2.8,13.345278596184453,0.0,7,62.0,6.0
2,37,2,2.8,10.699254782735869,0.0,7,62.0,6.0
2,37,3,3.6,9.301305820799064,0.125,7,62.0,6.0
2,37,4,2.8,11.513292194955767,0.0,7,62.0,6.0
2,37,5,2.8,11.905681912836453,0.0,7,62.0,6.0
2,37,6,2.8,10.970423308929652,0.0,7,62.0,6.0
2,37,7,3.6,9.047558089015768,0.125,7,62.0,6.0
2,37,8,2.8,11.587001645062427,0.0,7,62.0,6.0
2,37,9,2.8,12.412573969454971,0.0,7,62.0,6.0
2,37,10,2.8,11.683420030171241,0.0,7,62.0,6.0
2,37,11,3.6,8.459439752536927,0.125,7,62.0,6.0
2,37,12,2.8,11.501661270527928,0.0,7,62.0,6.0
2,37,13,2.8,12.010968126460197,0.0,7,62.0,6.0
2,37,14,2.8,11.904516973359168,0.0,7,62.0,6.0
2,37,15,3.6,8.943238864349738,0.125,7,62.0,6.0
2,37,16,2.8,13.48248116864854,0.0,7,62.0,6.0
2,37,17,2.8,10.54823187604635,0.0,7,62.0,6.0
2,37,18,2.8,17.064564774282484,0.0,7,62.0,6.0
2,37,19,2.8,10.094607300150019,0.0,7,62.0,6.0
2,37,20,2.8,7.988552709791078,0.0,7,62.0,6.0
2,37,21,2.8,11.579838762500746,0.16666666666666666,5,62.0,6.0
3,37,1,2.8,10.485972110483493,0.0,7,62.0,6.0
3,37,2,2.8,11.659682046832174,0.0,7,62.0,6.0
3,37,3,2.8,10.282463791441398,0.0,7,62.0,6.0
3,37,4,2.8,10.133481012075745,0.0,7,62.0,6.0
3,37,5,2.8,10.65022671137353,0.0,7,62.0,6.0
3,37,6,2.8,10.030789229071162,0.0,7,62.0,6.0
3,37,7,2.8,9.085502790339223,0.0,7,62.0,6.0
3,37,8,2.8,11.806481756612527,0.0,7,62.0,6.0
3,37,9,2.8,15.63428741110372,0.0,7,62.0,6.0
3,37,10,2.8,12.467214215039817,0.0,7,62.0,6.0
3,37,11,2.8,11.283914407246245,0.0,7,62.0,6.0
3,37,12,3.0,11.98345987969392,0.0,7,62.0,6.0
3,37,13,2.8,8.970423379278383,0.0,7,62.0,6.0
3,37,14,2.8,12.393833481616953,0.0,7,62.0,6.0
3,37,15,2.8,15.20130257143414,0.0,7,62.0,6.0
3,37,16,3.0,10.124302355110116,0.0,7,62.0,6.0
3,37,17,2.8,14.111778558185131,0.0,7,62.0,6.0
3,37,18,3.0,10.483251620411252,0.0,7,62.0,6.0
3,37,19,2.8,11.612403258847234,0.0,7,62.0,6.0
3,37,20,2.8,11.230008555745584,0.0,7,62.0,6.0
3,37,21,2.8,9.24429570899844,0.0,7,62.0,6.0
3,37,22,3.0,10.378753984790045,0.0,7,62.0,6.0
1,38,1,3.6,10.797845065049943,0.0,7,62.0,6.0
1,38,2,2.8,13.598129644466036,0.0,7,62.0,6.0
1,38,3,2.8,13.150600106464141,0.0,7,62.0,6.0
1,38,4,3.0,8.456925026335677,0.0,7,62.0,6.0
1,38,5,2.8,18.241439701547854,0.0,7,62.0,6.0
1,38,6,2.8,10.027021132212145,0.0,7,62.0,6.0
1,38,7,2.8,12.960670163866636,0.0,7,62.0,6.0
1,38,8,2.8,13.274157255175373,0.0,7,62.0,6.0
1,38,9,2.8,12.320253389001598,0.0,7,62.0,6.0
1,38,10,2.8,12.255048003106857,0.0,7,62.0,6.0
1,38,11,2.8,13.89492057735502,0.0,7,62.0,6.0
1,38,12,2.8,22.150009780163742,0.0,7,62.0,6.0
1,38,13,2.8,9.42911361190208,0.0,7,62.0,6.0
1,38,14,2.8,15.517543206716011,0.0,7,62.0,6.0
1,38,15,2.8,10.4171204714766,0.0,7,62.0,6.0
1,38,16,2.8,10.790333023498373,0.0,7,62.0,6.0
1,38,17,2.8,12.116406674542288,0.0,7,62.0,6.0
1,38,18,3.0,9.766318183067522,0.0,7,62.0,6.0
1,38,19,2.8,9.318957147797601,0.0,7,62.0,6.0
1,38,20,2.8,12.795667257373294,0.0,7,62.0,6.0
1,38,21,2.8,11.097991318142256,0.0,7,62.0,6.0
1,38,22,3.0,10.521977510866849,0.0,7,62.0,6.0
2,38,1,2.8,13.954235690364191,0.0,7,62.0,6.0
2,38,2,2.8,9.285988709490232,0.0,7,62.0,6.0
2,38,3,3.8,8.39631321681224,0.125,7,62.0,6.0
2,38,4,2.8,10.575452061189807,0.0,7,62.0,6.0
2,38,5,2.8,10.155999401693629,0.0,7,62.0,6.0
2,38,6,2.8,8.796466764085498,0.0,7,62.0,6.0
2,38,7,3.0,14.054546266675192,0.0,7,62.0,6.0
2,38,8,2.8,12.812772589955204,0.0,7,62.0,6.0
2,38,9,2.8,11.689438321740134,0.0,7,62.0,6.0
2,38,10,2.8,11.175156354737908,0.0,7,62.0,6.0
2,38,11,2.8,10.524123095272708,0.0,7,62.0,6.0
2,38,12,2.8,12.355784283094486,0.0,7,62.0,6.0
2,38,13,2.8,16.124499260215206,0.0,7,62.0,6.0
2,38,14,2.8,11.429507047753855,0.0,7,62.0,6.0
2,38,15,2.8,9.567788755634052,0.0,7,62.0,6.0
2,38,16,3.0,11.661435870043356,0.0,7,62.0,6.0
2,38,17,2.8,13.607750312526129,0.0,7,62.0,6.0
2,38,18,2.8,10.988634129680019,0.0,7,62.0,6.0
2,38,19,3.0,10.729190271263919,0.0,7,62.0,6.0
2,38,20,2.8,9.308894077677973,0.0,7,62.0,6.0
2,38,21,3.0,8.258853822101436,0.0,7,62.0,6.0
3,38,1,2.8,8.5748026964825,0.0,7,62.0,6.0
3,38,2,2.8,12.097882341211411,0.0,7,62.0,6.0
3,38,3,2.8,10.790408090172594,0.0,7,62.0,6.0
3,38,4,2.8,10.814353550881298,0.0,7,62.0,6.0
3,38,5,2.8,9.017220356603579,0.0,7,62.0,6.0
3,38,6,2.8,8.932104329826702,0.0,7,62.0,6.0
3,38,7,2.8,9.553845903123666,0.0,7,62.0,6.0
3,38,8,2.8,10.979863401550546,0.0,7,62.0,6.0
3,38,9,2.8,12.202979704905808,0.0,7,62.0,6.0
3,38,10,2.8,9.823892832690554,0.0,7,62.0,6.0
3,38,11,2.8,11.119791420695607,0.0,7,62.0,6.0
3,38,12,3.6,9.444964640543992,0.125,7,62.0,6.0
3,38,13,2.8,11.802175915339946,0.0,7,62.0,6.0
3,38,14,2.8,11.35552286440986,0.0,7,62.0,6.0
3,38,15,2.8,13.338115068853599,0.0,7,62.0,6.0
3,38,16,3.0,9.537099548037569,0.0,7,62.0,6.0
3,38,17,2.8,12.240860630240565,0.0,7,62.0,6.0
3,38,18,3.0,10.454604213779639,0.0,7,62.0,6.0
3,38,19,2.8,11.15150697719784,0.0,7,62.0,6.0
3,38,20,2.8,8.208325832003412,0.0,7,62.0,6.0
3,38,21,2.8,11.195286470984842,0.0,7,62.0,6.0
3,38,22,2.8,10.792983595177024,0.0,7,62.0,6.0
1,39,1,3.2,12.897041902755673,0.0,7,62.0,6.0
1,39,2,2.8,12.222711145948276,0.0,7,62.0,6.0
1,39,3,3.0,12.29909127889777,0.0,7,62.0,6.0
1,39,4,3.0,8.424826492640406,0.0,7,62.0,6.0
1,39,5,2.8,13.73190415500336,0.0,7,62.0,6.0
1,39,6,2.8,8.51333105666939,0.0,7,62.0,6.0
1,39,7,2.8,10.806968121360232,0.0,7,62.0,6.0
1,39,8,2.8,12.639909540984542,0.0,7,62.0,6.0
1,39,9,2.8,10.460337314468445,0.0,7,62.0,6.0
1,39,10,2.8,12.144452080312789,0.0,7,62.0,6.0
1,39,11,2.8,14.11251838695165,0.0,7,62.0,6.0
1,39,12,2.8,20.389796036550344,0.0,7,62.0,6.0
1,39,13,2.8,10.819364479342092,0.0,7,62.0,6.0
1,39,14,2.8,16.04384051904491,0.0,7,62.0,6.0
1,39,15,2.8,11.877485125097355,0.0,7,62.0,6.0
1,39,16,2.8,11.973394563468913,0.0,7,62.0,6.0
1,39,17,2.8,13.927677661052945,0.0,7,62.0,6.0
1,39,18,3.6,7.4224626924332515,0.125,7,62.0,6.0
1,39,19,3.6,7.581861460218381,0.125,7,62.0,6.0
1,39,20,2.8,12.303382107191513,0.0,7,62.0,6.0
1,39,21,3.0,8.488627568090772,0.0,7,62.0,6.0
1,39,22,2.0,17.137247327581434,0.0,4,62.0,6.0
2,39,1,2.8,13.612600316456012,0.0,7,62.0,6.0
2,39,2,2.8,11.250315245900442,0.0,7,62.0,6.0
2,39,3,3.2,9.08887217146814,0.0,7,62.0,6.0
2,39,4,3.0,9.111406490407155,0.0,7,62.0,6.0
2,39,5,2.8,9.68077895127648,0.0,7,62.0,6.0
2,39,6,2.8,9.427589956572154,0.0,7,62.0,6.0
2,39,7,3.0,11.042814118822838,0.0,7,62.0,6.0
2,39,8,2.8,9.769405277258427,0.0,7,62.0,6.0
2,39,9,2.8,11.420668357986395,0.0,7,62.0,6.0
2,39,10,2.8,14.018139474859707,0.0,7,62.0,6.0
2,39,11,2.8,8.244480266999792,0.0,7,62.0,6.0
2,39,12,2.8,14.833213827247796,0.0,7,62.0,6.0
2,39,13,2.8,11.855610695179664,0.0,7,62.0,6.0
2,39,14,2.8,10.703986061068658,0.0,7,62.0,6.0
2,39,15,2.8,9.293982778983432,0.0,7,62.0,6.0
2,39,16,3.0,11.46559990209457,0.0,7,62.0,6.0
2,39,17,2.8,11.937883796471858,0.0,7,62.0,6.0
2,39,18,2.8,10.05971045129721,0.0,7,62.0,6.0
2,39,19,3.6,9.73525714965826,0.125,7,62.0,6.0
2,39,20,2.8,9.239683973104333,0.0,7,62.0,6.0
2,39,21,3.8,7.168978009775847,0.125,7,62.0,6.0
3,39,1,2.8,9.781617041364626,0.0,7,62.0,6.0
3,39,2,2.8,12.218727242403743,0.0,7,62.0,6.0
3,39,3,2.8,11.414699024708138,0.0,7,62.0,6.0
3,39,4,2.8,10.066764770896665,0.0,7,62.0,6.0
3,39,5,2.8,10.104758453485355,0.0,7,62.0,6.0
3,39,6,2.8,10.23216484378108,0.0,7,62.0,6.0
3,39,7,2.8,8.861713855080625,0.0,7,62.0,6.0
3,39,8,2.8,11.059279171287624,0.0,7,62.0,6.0
3,39,9,2.8,12.202979704905921,0.0,7,62.0,6.0
3,39,10,2.8,11.462504936551046,0.0,7,62.0,6.0
3,39,11,2.8,10.940767956122281,0.0,7,62.0,6.0
3,39,12,3.0,11.235018266640214,0.0,7,62.0,6.0
3,39,13,3.0,10.273717032941793,0.0,7,62.0,6.0
3,39,14,2.8,11.795473256586996,0.0,7,62.0,6.0
3,39,15,2.8,14.749633664871233,0.0,7,62.0,6.0
3,39,16,3.0,11.689075817369948,0.0,7,62.0,6.0
3,39,17,2.8,16.77385042055939,0.0,7,62.0,6.0
3,39,18,3.0,10.256649778555744,0.0,7,62.0,6.0
3,39,19,2.8,13.180261272491512,0.0,7,62.0,6.0
3,39,20,2.8,10.670333242262823,0.0,7,62.0,6.0
3,39,21,2.8,9.362927840081758,0.0,7,62.0,6.0
3,39,22,2.8,12.75087387522714,0.0,7,62.0,6.0
1,40,1,3.6,11.432919782575487,0.0,7,62.0,6.0
1,40,2,2.8,14.550307856195658,0.0,7,62.0,6.0
1,40,3,2.8,14.689311349074977,0.0,7,62.0,6.0
1,40,4,3.0,7.8509350554705435,0.0,7,62.0,6.0
1,40,5,2.8,14.977143984225252,0.0,7,62.0,6.0
1,40,6,2.8,9.505092525748381,0.0,7,62.0,6.0
1,40,7,2.8,11.886893406818887,0.0,7,62.0,6.0
1,40,8,2.8,10.97703331577602,0.0,7,62.0,6.0
1,40,9,2.8,9.655307476730174,0.0,7,62.0,6.0
1,40,10,2.8,12.747616331241524,0.0,7,62.0,6.0
1,40,11,2.8,14.744896633225691,0.0,7,62.0,6.0
1,40,12,2.8,20.84731731146811,0.0,7,62.0,6.0
1,40,13,2.8,10.626276853828362,0.0,7,62.0,6.0
1,40,14,2.8,16.449435055604564,0.0,7,62.0,6.0
1,40,15,2.8,12.647142495171082,0.0,7,62.0,6.0
1,40,16,2.8,11.75889660143711,0.0,7,62.0,6.0
1,40,17,2.8,14.335927622960382,0.0,7,62.0,6.0
1,40,18,3.0,8.066739950281578,0.0,7,62.0,6.0
1,40,19,3.0,9.281224521835158,0.0,7,62.0,6.0
1,40,20,2.8,12.827281678566266,0.0,7,62.0,6.0
1,40,21,3.2,9.42310742145399,0.0,7,62.0,6.0
1,40,22,2.4,10.65178561397518,0.0,6,62.0,6.0
2,40,1,2.8,17.867787249174302,0.0,7,62.0,6.0
2,40,2,2.8,11.547694743014295,0.0,7,62.0,6.0
2,40,3,3.0,15.352903428081342,0.0,7,62.0,6.0
2,40,4,2.8,12.143058240690747,0.0,7,62.0,6.0
2,40,5,2.8,9.526925532484023,0.0,7,62.0,6.0
2,40,6,2.8,11.350066093451726,0.0,7,62.0,6.0
2,40,7,3.0,10.831122412204813,0.0,7,62.0,6.0
2,40,8,2.8,10.921405108504796,0.0,7,62.0,6.0
2,40,9,2.8,11.109757805105978,0.0,7,62.0,6.0
2,40,10,2.8,13.715229818191029,0.0,7,62.0,6.0
2,40,11,2.8,9.88465478060446,0.0,7,62.0,6.0
2,40,12,2.8,11.981839766650852,0.0,7,62.0,6.0
2,40,13,2.8,12.570064262154578,0.0,7,62.0,6.0
2,40,14,2.8,10.735958380796404,0.0,7,62.0,6.0
2,40,15,2.8,10.334275929929495,0.0,7,62.0,6.0
2,40,16,3.0,11.842216738093041,0.0,7,62.0,6.0
2,40,17,2.8,13.144229149311709,0.0,7,62.0,6.0
2,40,18,2.8,9.804558746126325,0.0,7,62.0,6.0
2,40,19,3.0,13.985374305144939,0.0,7,62.0,6.0
2,40,20,2.8,9.259159005860234,0.0,7,62.0,6.0
2,40,21,2.8,8.772204099154814,0.0,7,62.0,6.0
2,40,22,2.4,11.847620661643118,0.0,6,62.0,6.0
3,40,1,2.8,10.468024921077873,0.0,7,62.0,6.0
3,40,2,2.8,11.863224481702245,0.0,7,62.0,6.0
3,40,3,2.8,11.063675819059576,0.0,7,62.0,6.0
3,40,4,2.8,9.430371499811958,0.0,7,62.0,6.0
3,40,5,2.8,11.577608455507221,0.0,7,62.0,6.0
3,40,6,2.8,9.214707907199152,0.0,7,62.0,6.0
3,40,7,2.8,10.433971469503865,0.0,7,62.0,6.0
3,40,8,2.8,10.748315113928316,0.0,7,62.0,6.0
3,40,9,2.8,16.79333654605481,0.0,7,62.0,6.0
3,40,10,2.8,12.673891328636651,0.0,7,62.0,6.0
3,40,11,2.8,10.940767956122372,0.0,7,62.0,6.0
3,40,12,3.8,7.507956549128918,0.125,7,62.0,6.0
3,40,13,2.8,11.346556739748692,0.0,7,62.0,6.0
3,40,14,2.8,9.153474592411087,0.0,7,62.0,6.0
3,40,15,2.8,11.799617186245262,0.0,7,62.0,6.0
3,40,16,2.8,10.580352629243707,0.0,7,62.0,6.0
3,40,17,2.8,12.777909821348219,0.0,7,62.0,6.0
3,40,18,3.0,10.125744142576012,0.0,7,62.0,6.0
3,40,19,2.8,11.774066745409131,0.0,7,62.0,6.0
3,40,20,2.8,8.86250509779074,0.0,7,62.0,6.0
3,40,21,2.8,11.053654230184419,0.0,7,62.0,6.0
3,40,22,3.0,9.99808939259601,0.0,7,62.0,6.0
1,41,1,3.6,10.66408465314457,0.0,7,62.0,6.0
1,41,2,2.8,14.910329240570745,0.0,7,62.0,6.0
1,41,3,3.0,10.535062718658596,0.0,7,62.0,6.0
1,41,4,3.0,8.94739328267596,0.0,7,62.0,6.0
1,41,5,2.8,13.423196608064613,0.0,7,62.0,6.0
1,41,6,2.8,9.777365311330284,0.0,7,62.0,6.0
1,41,7,2.8,11.20398132777741,0.0,7,62.0,6.0
1,41,8,2.8,10.566043925040745,0.0,7,62.0,6.0
1,41,9,2.8,11.96205036635805,0.0,7,62.0,6.0
1,41,10,2.8,12.198558431870774,0.0,7,62.0,6.0
1,41,11,2.8,15.998518545153503,0.0,7,62.0,6.0
1,41,12,2.8,15.022263121569047,0.0,7,62.0,6.0
1,41,13,2.8,11.45495091495439,0.0,7,62.0,6.0
1,41,14,2.8,14.627024930597432,0.0,7,62.0,6.0
1,41,15,2.8,12.500793075677366,0.0,7,62.0,6.0
1,41,16,2.8,10.718415029572245,0.0,7,62.0,6.0
1,41,17,2.8,10.676483249626736,0.0,7,62.0,6.0
1,41,18,3.6,7.664978285203637,0.125,7,62.0,6.0
1,41,19,3.0,10.108577250256674,0.0,7,62.0,6.0
1,41,20,2.8,11.115678447867639,0.0,7,62.0,6.0
1,41,21,3.2,8.918470650557424,0.0,7,62.0,6.0
1,41,22,2.0,15.894216857588003,0.0,4,62.0,6.0
2,41,1,2.8,16.167440325201866,0.0,7,62.0,6.0
2,41,2,2.8,9.637153671609195,0.0,7,62.0,6.0
2,41,3,3.2,11.041437510621051,0.0,7,62.0,6.0
2,41,4,2.8,10.542238977270886,0.0,7,62.0,6.0
2,41,5,2.8,9.868880714956832,0.0,7,62.0,6.0
2,41,6,2.8,10.072041905467964,0.0,7,62.0,6.0
2,41,7,3.6,10.153118936283482,0.125,7,62.0,6.0
2,41,8,2.8,12.150938275133113,0.0,7,62.0,6.0
2,41,9,2.8,12.081996725324124,0.0,7,62.0,6.0
2,41,10,2.8,11.257432884514353,0.0,7,62.0,6.0
2,41,11,2.8,10.50604518678853,0.0,7,62.0,6.0
2,41,12,2.8,14.390846538346022,0.0,7,62.0,6.0
2,41,13,2.8,13.004559115979934,0.0,7,62.0,6.0
2,41,14,2.8,10.822757208008232,0.0,7,62.0,6.0
2,41,15,2.8,9.235494696157982,0.0,7,62.0,6.0
2,41,16,3.0,14.044735196345687,0.0,7,62.0,6.0
2,41,17,2.8,13.577541720930288,0.0,7,62.0,6.0
2,41,18,2.8,12.77955811842115,0.0,7,62.0,6.0
2,41,19,3.8,8.151928268780193,0.125,7,62.0,6.0
2,41,20,2.8,8.338510008301702,0.0,7,62.0,6.0
2,41,21,2.8,10.895842902275955,0.0,7,62.0,6.0
3,41,1,2.8,12.424394002081257,0.0,7,62.0,6.0
3,41,2,2.8,10.700883835669208,0.0,7,62.0,6.0
3,41,3,2.8,12.667731042561947,0.0,7,62.0,6.0
3,41,4,2.8,9.415853342859329,0.0,7,62.0,6.0
3,41,5,2.8,10.877523408667509,0.0,7,62.0,6.0
3,41,6,3.0,7.87463883674021,0.0,7,62.0,6.0
3,41,7,2.8,10.194485867242,0.0,7,62.0,6.0
3,41,8,2.8,11.987427241948241,0.0,7,62.0,6.0
3,41,9,2.8,11.600430258684248,0.0,7,62.0,6.0
3,41,10,2.8,11.1824600607111,0.0,7,62.0,6.0
3,41,11,2.8,13.470008257571633,0.0,7,62.0,6.0
3,41,12,3.6,8.140854718817062,0.125,7,62.0,6.0
3,41,13,2.8,11.325545763661415,0.0,7,62.0,6.0
3,41,14,2.8,10.007153169888147,0.0,7,62.0,6.0
3,41,15,2.8,14.832987337989218,0.0,7,62.0,6.0
3,41,16,2.8,12.557114681200503,0.0,7,62.0,6.0
3,41,17,2.8,13.84840388692791,0.0,7,62.0,6.0
3,41,18,3.0,9.323116004193988,0.0,7,62.0,6.0
3,41,19,2.8,12.495726099425381,0.0,7,62.0,6.0
3,41,20,2.8,8.875365831951212,0.0,7,62.0,6.0
3,41,21,2.8,10.994045801746944,0.0,7,62.0,6.0
3,41,22,2.8,10.889061823215988,0.0,7,62.0,6.0
1,42,1,3.6,10.143514894657555,0.0,7,62.0,6.0
1,42,2,2.8,12.927195032924256,0.0,7,62.0,6.0
1,42,3,2.8,12.733766622139875,0.0,7,62.0,6.0
1,42,4,2.8,9.595171002554633,0.0,7,62.0,6.0
1,42,5,2.8,12.825862978759886,0.0,7,62.0,6.0
1,42,6,3.0,8.645399645000877,0.0,7,62.0,6.0
1,42,7,2.8,12.687783630561132,0.0,7,62.0,6.0
1,42,8,2.8,11.327825022660797,0.0,7,62.0,6.0
1,42,9,2.8,11.410433797322966,0.0,7,62.0,6.0
1,42,10,2.8,10.962034509387077,0.0,7,62.0,6.0
1,42,11,2.8,15.306698799786245,0.0,7,62.0,6.0
1,42,12,2.8,12.552777949951473,0.0,7,62.0,6.0
1,42,13,2.8,10.588931880059324,0.0,7,62.0,6.0
1,42,14,2.8,18.353209475041584,0.0,7,62.0,6.0
1,42,15,2.8,12.464030066983902,0.0,7,62.0,6.0
1,42,16,2.8,13.20149928967006,0.0,7,62.0,6.0
1,42,17,2.8,12.415981295982203,0.0,7,62.0,6.0
1,42,18,2.8,8.29009714917206,0.0,7,62.0,6.0
1,42,19,3.0,8.904118472429689,0.0,7,62.0,6.0
1,42,20,2.8,11.501307761037685,0.0,7,62.0,6.0
1,42,21,2.8,11.285041849415837,0.0,7,62.0,6.0
1,42,22,3.0,9.14824413935602,0.0,7,62.0,6.0
2,42,1,2.8,15.472153571604398,0.0,7,62.0,6.0
2,42,2,2.8,11.047109331481522,0.0,7,62.0,6.0
2,42,3,3.8,7.796906014067371,0.125,7,62.0,6.0
2,42,4,2.8,9.939549786680484,0.0,7,62.0,6.0
2,42,5,2.8,9.348758855043597,0.0,7,62.0,6.0
2,42,6,2.8,9.891944802868803,0.0,7,62.0,6.0
2,42,7,3.0,10.689342364764768,0.0,7,62.0,6.0
2,42,8,2.8,12.007802693122864,0.0,7,62.0,6.0
2,42,9,2.8,13.062555081555992,0.0,7,62.0,6.0
2,42,10,2.8,13.552335991778191,0.0,7,62.0,6.0
2,42,11,2.8,10.056887135859089,0.0,7,62.0,6.0
2,42,12,2.8,12.039594005544181,0.0,7,62.0,6.0
2,42,13,2.8,11.361797355372758,0.0,7,62.0,6.0
2,42,14,2.8,11.736564415165846,0.0,7,62.0,6.0
2,42,15,2.8,9.152571214107313,0.0,7,62.0,6.0
2,42,16,3.0,12.29434934478509,0.0,7,62.0,6.0
2,42,17,2.8,12.703317202782753,0.0,7,62.0,6.0
2,42,18,2.8,11.703564565345891,0.0,7,62.0,6.0
2,42,19,3.8,7.429088950043608,0.125,7,62.0,6.0
2,42,20,2.8,8.282052792995296,0.0,7,62.0,6.0
2,42,21,2.8,10.895842902275865,0.0,7,62.0,6.0
3,42,1,2.8,10.274585605035947,0.0,7,62.0,6.0
3,42,2,2.8,11.863224481702138,0.0,7,62.0,6.0
3,42,3,2.8,11.478969516345616,0.0,7,62.0,6.0
3,42,4,2.8,9.080350250230426,0.0,7,62.0,6.0
3,42,5,2.8,10.819794507125954,0.0,7,62.0,6.0
3,42,6,2.8,9.427769308673062,0.0,7,62.0,6.0
3,42,7,2.8,9.783073989723983,0.0,7,62.0,6.0
3,42,8,2.8,10.27866601535934,0.0,7,62.0,6.0
3,42,9,2.8,15.55476408874284,0.0,7,62.0,6.0
3,42,10,2.8,10.480415497851478,0.0,7,62.0,6.0
3,42,11,2.8,12.532487026327754,0.0,7,62.0,6.0
3,42,12,3.6,8.170587442065347,0.125,7,62.0,6.0
3,42,13,2.8,11.115779532117754,0.0,7,62.0,6.0
3,42,14,2.8,10.718695041594426,0.0,7,62.0,6.0
3,42,15,2.8,15.15599218144368,0.0,7,62.0,6.0
3,42,16,2.8,9.051342450449207,0.0,7,62.0,6.0
3,42,17,2.8,12.782412201277769,0.0,7,62.0,6.0
3,42,18,3.0,11.799532568650164,0.0,7,62.0,6.0
3,42,19,2.8,11.98722827963432,0.0,7,62.0,6.0
3,42,20,2.8,12.498062351166256,0.0,7,62.0,6.0
3,42,21,2.8,10.911648478892209,0.0,7,62.0,6.0
3,42,22,3.0,10.315740115234126,0.0,7,62.0,6.0
1,43,1,3.6,10.126469172778737,0.0,7,62.0,6.0
1,43,2,2.8,13.53703521497068,0.0,7,62.0,6.0
1,43,3,2.8,13.208248829420082,0.0,7,62.0,6.0
1,43,4,3.0,8.170271136026095,0.0,7,62.0,6.0
1,43,5,2.8,12.97738855570767,0.0,7,62.0,6.0
1,43,6,2.8,9.56544434572281,0.0,7,62.0,6.0
1,43,7,2.8,9.257321322086492,0.0,7,62.0,6.0
1,43,8,2.8,13.69654860825752,0.0,7,62.0,6.0
1,43,9,2.8,13.817502033929033,0.0,7,62.0,6.0
1,43,10,2.8,11.311852966253603,0.0,7,62.0,6.0
1,43,11,2.8,14.024270213958854,0.0,7,62.0,6.0
1,43,12,2.8,21.28922354866031,0.0,7,62.0,6.0
1,43,13,2.8,10.855998018819466,0.0,7,62.0,6.0
1,43,14,2.8,17.449729514561184,0.0,7,62.0,6.0
1,43,15,2.8,12.28614437225708,0.0,7,62.0,6.0
1,43,16,2.8,11.467981811398829,0.0,7,62.0,6.0
1,43,17,2.8,14.335927622960382,0.0,7,62.0,6.0
1,43,18,3.0,8.154063425464514,0.0,7,62.0,6.0
1,43,19,2.8,9.039378022980149,0.0,7,62.0,6.0
1,43,20,2.8,10.628986574044522,0.0,7,62.0,6.0
1,43,21,2.8,10.761078162156794,0.0,7,62.0,6.0
1,43,22,3.0,10.218652105713398,0.0,7,62.0,6.0
2,43,1,2.8,14.41466355619286,0.0,7,62.0,6.0
2,43,2,2.8,10.71800431582312,0.0,7,62.0,6.0
2,43,3,3.8,8.731959124553542,0.125,7,62.0,6.0
2,43,4,2.8,12.008121905958431,0.0,7,62.0,6.0
2,43,5,2.8,10.504871640620715,0.0,7,62.0,6.0
2,43,6,2.8,9.234766410831265,0.0,7,62.0,6.0
2,43,7,3.0,12.107051654533297,0.0,7,62.0,6.0
2,43,8,2.8,13.795376755146865,0.0,7,62.0,6.0
2,43,9,2.8,11.448743278895446,0.0,7,62.0,6.0
2,43,10,2.8,10.857735221718304,0.0,7,62.0,6.0
2,43,11,2.8,9.465446348890305,0.0,7,62.0,6.0
2,43,12,2.8,14.092420007932907,0.0,7,62.0,6.0
2,43,13,2.8,13.229596788880976,0.0,7,62.0,6.0
2,43,14,2.8,10.399502951499125,0.0,7,62.0,6.0
2,43,15,2.8,10.206447990348781,0.0,7,62.0,6.0
2,43,16,3.0,11.27449497597433,0.0,7,62.0,6.0
2,43,17,2.8,13.72994096760949,0.0,7,62.0,6.0
2,43,18,2.8,11.59264865871996,0.0,7,62.0,6.0
2,43,19,3.8,8.151928268780093,0.125,7,62.0,6.0
2,43,20,2.8,8.794113581465151,0.0,7,62.0,6.0
2,43,21,2.8,11.133861500715375,0.0,7,62.0,6.0
3,43,1,2.8,10.309222841772169,0.0,7,62.0,6.0
3,43,2,2.8,10.738460191235593,0.0,7,62.0,6.0
3,43,3,2.8,12.537888727724638,0.0,7,62.0,6.0
3,43,4,2.8,9.175709604381472,0.0,7,62.0,6.0
3,43,5,2.8,9.582321812526114,0.0,7,62.0,6.0
3,43,6,2.8,9.981677762292113,0.0,7,62.0,6.0
3,43,7,2.8,10.707984773175923,0.0,7,62.0,6.0
3,43,8,2.8,10.960187351658112,0.0,7,62.0,6.0
3,43,9,2.8,12.37582642327604,0.0,7,62.0,6.0
3,43,10,2.8,12.09732387571313,0.0,7,62.0,6.0
3,43,11,2.8,11.605074804505996,0.0,7,62.0,6.0
3,43,12,3.6,9.343957464529131,0.125,7,62.0,6.0
3,43,13,3.0,9.959584576190107,0.0,7,62.0,6.0
3,43,14,2.8,9.11256071214203,0.0,7,62.0,6.0
3,43,15,2.8,15.015061680733538,0.0,7,62.0,6.0
3,43,16,3.0,9.708136785426769,0.0,7,62.0,6.0
3,43,17,2.8,13.048293490593526,0.0,7,62.0,6.0
3,43,18,3.0,11.683878832863126,0.0,7,62.0,6.0
3,43,19,2.8,13.460660291692118,0.0,7,62.0,6.0
3,43,20,2.8,9.906739305719894,0.0,7,62.0,6.0
3,43,21,2.8,8.83652083184723,0.0,7,62.0,6.0
3,43,22,2.8,10.414631397435253,0.0,7,62.0,6.0
1,44,1,3.6,11.389701413603335,0.0,7,62.0,6.0
1,44,2,2.8,14.041735091784416,0.0,7,62.0,6.0
1,44,3,3.0,12.931464166734363,0.0,7,62.0,6.0
1,44,4,3.0,7.750564361168196,0.0,7,62.0,6.0
1,44,5,2.8,14.992862612500295,0.0,7,62.0,6.0
1,44,6,3.0,8.75992143554952,0.0,7,62.0,6.0
1,44,7,2.8,10.569900051138088,0.0,7,62.0,6.0
1,44,8,2.8,12.867986009415455,0.0,7,62.0,6.0
1,44,9,2.8,12.805935988968407,0.0,7,62.0,6.0
1,44,10,2.8,11.869312934917472,0.0,7,62.0,6.0
1,44,11,2.8,16.121256549098693,0.0,7,62.0,6.0
1,44,12,2.8,15.94953407634205,0.0,7,62.0,6.0
1,44,13,2.8,11.50430813800371,0.0,7,62.0,6.0
1,44,14,2.8,12.469421761448276,0.0,7,62.0,6.0
1,44,15,2.8,13.852064729030914,0.0,7,62.0,6.0
1,44,16,2.8,11.550875323118078,0.0,7,62.0,6.0
1,44,17,2.8,12.26506859384244,0.0,7,62.0,6.0
1,44,18,3.0,8.546272870223873,0.0,7,62.0,6.0
1,44,19,2.8,10.78351531248956,0.0,7,62.0,6.0
1,44,20,2.8,15.682641079147166,0.0,7,62.0,6.0
1,44,21,3.0,10.077199265531085,0.0,7,62.0,6.0
1,44,22,2.4,11.185631074710823,0.0,6,62.0,6.0
2,44,1,2.8,14.28004126922096,0.0,7,62.0,6.0
2,44,2,2.8,12.414988758600726,0.0,7,62.0,6.0
2,44,3,3.6,10.553128295850529,0.125,7,62.0,6.0
2,44,4,2.8,11.17666082756596,0.0,7,62.0,6.0
2,44,5,2.8,8.654307920203538,0.0,7,62.0,6.0
2,44,6,2.8,9.431038197380037,0.0,7,62.0,6.0
2,44,7,2.8,12.753481384060242,0.0,7,62.0,6.0
2,44,8,2.8,10.747977120026455,0.0,7,62.0,6.0
2,44,9,2.8,10.590120411352615,0.0,7,62.0,6.0
2,44,10,2.8,15.914940321259024,0.0,7,62.0,6.0
2,44,11,2.8,8.189284945189781,0.0,7,62.0,6.0
2,44,12,2.8,13.581540792147887,0.0,7,62.0,6.0
2,44,13,2.8,14.428751205251519,0.0,7,62.0,6.0
2,44,14,2.8,12.174113455789737,0.0,7,62.0,6.0
2,44,15,2.8,10.226373078232966,0.0,7,62.0,6.0
2,44,16,3.0,11.618058308010262,0.0,7,62.0,6.0
2,44,17,2.8,12.976335412506243,0.0,7,62.0,6.0
2,44,18,2.8,13.561780666582354,0.0,7,62.0,6.0
2,44,19,3.8,8.186807179655705,0.125,7,62.0,6.0
2,44,20,2.8,7.765305025362317,0.0,7,62.0,6.0
2,44,21,3.0,9.312908335834285,0.0,7,62.0,6.0
3,44,1,3.0,9.837410994129154,0.0,7,62.0,6.0
3,44,2,2.8,12.153697292312703,0.0,7,62.0,6.0
3,44,3,2.8,11.477309190869214,0.0,7,62.0,6.0
3,44,4,2.8,10.218478362226756,0.0,7,62.0,6.0
3,44,5,2.8,10.110473060455412,0.0,7,62.0,6.0
3,44,6,2.8,9.22715129894183,0.0,7,62.0,6.0
3,44,7,2.8,9.557276061678374,0.0,7,62.0,6.0
3,44,8,2.8,12.15417986852597,0.0,7,62.0,6.0
3,44,9,2.8,12.350003650620605,0.0,7,62.0,6.0
3,44,10,2.8,10.826166826135047,0.0,7,62.0,6.0
3,44,11,3.0,12.039463636278573,0.0,7,62.0,6.0
3,44,12,3.6,7.564547111518989,0.125,7,62.0,6.0
3,44,13,2.8,12.764369842901862,0.0,7,62.0,6.0
3,44,14,2.8,9.12049365962257,0.0,7,62.0,6.0
3,44,15,2.8,16.859936423304053,0.0,7,62.0,6.0
3,44,16,2.8,10.866540037405462,0.0,7,62.0,6.0
3,44,17,2.8,12.069794902095621,0.0,7,62.0,6.0
3,44,18,3.0,10.572990105672343,0.0,7,62.0,6.0
3,44,19,2.8,11.488480291694959,0.0,7,62.0,6.0
3,44,20,2.8,10.204253350646344,0.0,7,62.0,6.0
3,44,21,2.8,9.830756360843617,0.0,7,62.0,6.0
3,44,22,2.8,12.923313523604426,0.0,6,62.0,6.0
1,45,1,3.2,12.733526399177789,0.0,7,62.0,6.0
1,45,2,2.8,11.263205104749186,0.0,7,62.0,6.0
1,45,3,3.0,11.457259787336715,0.0,7,62.0,6.0
1,45,4,3.0,7.46469690523856,0.0,7,62.0,6.0
1,45,5,2.8,17.577095893372558,0.0,7,62.0,6.0
1,45,6,2.8,9.492284429890507,0.0,7,62.0,6.0
1,45,7,2.8,11.167463583568527,0.0,7,62.0,6.0
1,45,8,2.8,12.380227759252007,0.0,7,62.0,6.0
1,45,9,2.8,12.346304988686706,0.0,7,62.0,6.0
1,45,10,2.8,10.00675591025361,0.0,7,62.0,6.0
1,45,11,2.8,15.774993297689845,0.0,7,62.0,6.0
1,45,12,2.8,14.39768802026775,0.0,7,62.0,6.0
1,45,13,2.8,12.125612242649616,0.0,7,62.0,6.0
1,45,14,2.8,14.395753715702561,0.0,7,62.0,6.0
1,45,15,2.8,11.995704632429758,0.0,7,62.0,6.0
1,45,16,2.8,13.323524188898308,0.0,7,62.0,6.0
1,45,17,2.8,11.270646789871764,0.0,7,62.0,6.0
1,45,18,3.6,7.837576474331777,0.125,7,62.0,6.0
1,45,19,2.8,8.623165823044689,0.0,7,62.0,6.0
1,45,20,2.8,12.787373603882134,0.0,7,62.0,6.0
1,45,21,3.0,8.92762884577573,0.0,7,62.0,6.0
1,45,22,2.4,12.22989410089857,0.0,6,62.0,6.0
2,45,1,2.8,13.172821644005795,0.0,7,62.0,6.0
2,45,2,2.8,10.718004315823162,0.0,7,62.0,6.0
2,45,3,4.0,9.04160296611426,0.125,7,62.0,6.0
2,45,4,2.8,9.276075244407565,0.0,7,62.0,6.0
2,45,5,2.8,10.782037545255342,0.0,7,62.0,6.0
2,45,6,2.8,9.51645722463639,0.0,7,62.0,6.0
2,45,7,3.2,10.205899796811282,0.0,7,62.0,6.0
2,45,8,2.8,10.789793360789316,0.0,7,62.0,6.0
2,45,9,2.8,12.337458083406625,0.0,7,62.0,6.0
2,45,10,2.8,12.650013774234075,0.0,7,62.0,6.0
2,45,11,2.8,9.905213784020198,0.0,7,62.0,6.0
2,45,12,2.8,13.08517462385862,0.0,7,62.0,6.0
2,45,13,2.8,11.626090647912914,0.0,7,62.0,6.0
2,45,14,2.8,11.17867030177483,0.0,7,62.0,6.0
2,45,15,3.0,8.432707384761798,0.0,7,62.0,6.0
2,45,16,2.8,11.351163304283572,0.0,7,62.0,6.0
2,45,17,2.8,14.258174143555957,0.0,7,62.0,6.0
2,45,18,2.8,11.97210779069218,0.0,7,62.0,6.0
2,45,19,3.0,10.318584154299261,0.0,7,62.0,6.0
2,45,20,2.8,8.779688114751618,0.0,7,62.0,6.0
2,45,21,3.0,10.08036639405494,0.0,7,62.0,6.0
3,45,1,2.8,11.383763407285482,0.0,7,62.0,6.0
3,45,2,2.8,10.738460191235593,0.0,7,62.0,6.0
3,45,3,2.8,11.631786051283655,0.0,7,62.0,6.0
3,45,4,2.8,9.761495642767816,0.0,7,62.0,6.0
3,45,5,2.8,10.558299133137188,0.0,7,62.0,6.0
3,45,6,2.8,8.75313910387803,0.0,7,62.0,6.0
3,45,7,2.8,10.860093558618285,0.0,7,62.0,6.0
3,45,8,3.0,10.34994214193957,0.0,7,62.0,6.0
3,45,9,2.8,12.129569946431987,0.0,7,62.0,6.0
3,45,10,2.8,11.808577709248386,0.0,7,62.0,6.0
3,45,11,2.8,11.85169360339556,0.0,7,62.0,6.0
3,45,12,3.0,10.955240778127017,0.0,7,62.0,6.0
3,45,13,3.0,9.327726667788014,0.0,7,62.0,6.0
3,45,14,2.8,10.504904674099421,0.0,7,62.0,6.0
3,45,15,2.8,15.699044945822937,0.0,7,62.0,6.0
3,45,16,2.8,11.389425483564505,0.0,7,62.0,6.0
3,45,17,2.8,16.369794474547355,0.0,7,62.0,6.0
3,45,18,2.8,11.38498647808829,0.0,7,62.0,6.0
3,45,19,2.8,11.883146616508272,0.0,7,62.0,6.0
3,45,20,2.8,10.37293652784662,0.0,7,62.0,6.0
3,45,21,2.8,9.745092712507146,0.0,7,62.0,6.0
3,45,22,3.0,11.915467441180065,0.0,7,62.0,6.0
1,46,1,3.6,9.765440699496967,0.0,7,62.0,6.0
1,46,2,2.8,15.366591890705378,0.0,7,62.0,6.0
1,46,3,3.0,13.157342592696152,0.0,7,62.0,6.0
1,46,4,3.0,7.740608534809002,0.0,7,62.0,6.0
1,46,5,2.8,16.245884003470426,0.0,7,62.0,6.0
1,46,6,2.8,9.030133947431576,0.0,7,62.0,6.0
1,46,7,2.8,10.668424793489224,0.0,7,62.0,6.0
1,46,8,2.8,10.640673402105865,0.0,7,62.0,6.0
1,46,9,2.8,11.638603159865168,0.0,7,62.0,6.0
1,46,10,2.8,10.443811437546698,0.0,7,62.0,6.0
1,46,11,2.8,17.087280244972767,0.0,7,62.0,6.0
1,46,12,2.8,18.941445316187895,0.0,7,62.0,6.0
1,46,13,2.8,10.721264265978094,0.0,7,62.0,6.0
1,46,14,2.8,14.113169786092735,0.0,7,62.0,6.0
1,46,15,2.8,11.814544491003655,0.0,7,62.0,6.0
1,46,16,2.8,11.19637109513552,0.0,7,62.0,6.0
1,46,17,2.8,11.714202403813054,0.0,7,62.0,6.0
1,46,18,3.6,7.356199639778767,0.125,7,62.0,6.0
1,46,19,2.8,9.67684725292115,0.0,7,62.0,6.0
1,46,20,2.8,12.443161373325434,0.0,7,62.0,6.0
1,46,21,2.8,11.562700553985696,0.0,7,62.0,6.0
1,46,22,2.2,12.346787899584239,0.0,5,62.0,6.0
2,46,1,3.0,12.63157064084949,0.0,7,62.0,6.0
2,46,2,2.8,11.749152828426258,0.0,7,62.0,6.0
2,46,3,3.8,8.202636115902301,0.125,7,62.0,6.0
2,46,4,2.8,9.733719243585533,0.0,7,62.0,6.0
2,46,5,2.8,9.924726412182899,0.0,7,62.0,6.0
2,46,6,2.8,9.966158465641533,0.0,7,62.0,6.0
2,46,7,3.6,8.63209812055024,0.125,7,62.0,6.0
2,46,8,2.8,10.98140314457602,0.0,7,62.0,6.0
2,46,9,2.8,12.659739764120713,0.0,7,62.0,6.0
2,46,10,2.8,10.105724210444976,0.0,7,62.0,6.0
2,46,11,2.8,11.459778966064103,0.0,7,62.0,6.0
2,46,12,2.8,12.868241001095686,0.0,7,62.0,6.0
2,46,13,2.8,11.167717480524415,0.0,7,62.0,6.0
2,46,14,2.8,13.206798453151062,0.0,7,62.0,6.0
2,46,15,3.6,8.117205851939428,0.125,7,62.0,6.0
2,46,16,2.8,13.638939955028757,0.0,7,62.0,6.0
2,46,17,2.8,12.72526803907188,0.0,7,62.0,6.0
2,46,18,3.0,14.253852622492532,0.0,7,62.0,6.0
2,46,19,2.8,10.380481406099111,0.0,7,62.0,6.0
2,46,20,2.8,8.182991387136358,0.0,7,62.0,6.0
2,46,21,3.0,9.105748286456258,0.16666666666666666,5,62.0,6.0
3,46,1,2.8,8.771566068840595,0.0,7,62.0,6.0
3,46,2,2.8,9.777146432519599,0.0,7,62.0,6.0
3,46,3,2.8,10.75246794206332,0.0,7,62.0,6.0
3,46,4,2.8,11.932591443086414,0.0,7,62.0,6.0
3,46,5,2.8,10.188926523957194,0.0,7,62.0,6.0
3,46,6,2.8,9.341373251556101,0.0,7,62.0,6.0
3,46,7,2.8,8.45733521532349,0.0,7,62.0,6.0
3,46,8,2.8,12.355030412392894,0.0,7,62.0,6.0
3,46,9,2.8,14.837780883055988,0.0,7,62.0,6.0
3,46,10,2.8,14.611714428998459,0.0,7,62.0,6.0
3,46,11,2.8,11.783950711342706,0.0,7,62.0,6.0
3,46,12,3.6,9.32970395809574,0.125,7,62.0,6.0
3,46,13,2.8,11.689392040239989,0.0,7,62.0,6.0
3,46,14,2.8,10.099224060497164,0.0,7,62.0,6.0
3,46,15,2.8,16.505752448823145,0.0,7,62.0,6.0
3,46,16,3.0,9.923969264353321,0.0,7,62.0,6.0
3,46,17,2.8,16.818783072445726,0.0,7,62.0,6.0
3,46,18,2.8,11.12864296341855,0.0,7,62.0,6.0
3,46,19,2.8,12.058127736928233,0.0,7,62.0,6.0
3,46,20,2.8,10.086528920745982,0.0,7,62.0,6.0
3,46,21,2.8,9.578696827409088,0.0,7,62.0,6.0
3,46,22,2.8,10.694335242847504,0.0,7,62.0,6.0
1,47,1,3.6,10.40626536906028,0.0,7,62.0,6.0
1,47,2,2.8,14.37673913604709,0.0,7,62.0,6.0
1,47,3,3.0,13.043425545355392,0.0,7,62.0,6.0
1,47,4,3.0,9.870718566150867,0.0,7,62.0,6.0
1,47,5,2.8,14.418872098168574,0.0,7,62.0,6.0
1,47,6,2.8,9.575393524502852,0.0,7,62.0,6.0
1,47,7,2.8,13.700281626511806,0.0,7,62.0,6.0
1,47,8,2.8,9.237837800049187,0.0,7,62.0,6.0
1,47,9,2.8,12.106240335992073,0.0,7,62.0,6.0
1,47,10,2.8,11.701136716134991,0.0,7,62.0,6.0
1,47,11,2.8,12.459181376753154,0.0,7,62.0,6.0
1,47,12,2.8,15.525405083925568,0.0,7,62.0,6.0
1,47,13,2.8,12.631509172652049,0.0,7,62.0,6.0
1,47,14,2.8,14.113169786092735,0.0,7,62.0,6.0
1,47,15,2.8,10.702442456927388,0.0,7,62.0,6.0
1,47,16,2.8,13.065618893199629,0.0,7,62.0,6.0
1,47,17,2.8,13.003364468052997,0.0,7,62.0,6.0
1,47,18,3.6,7.6358404080224185,0.125,7,62.0,6.0
1,47,19,3.6,8.645262391666563,0.125,7,62.0,6.0
1,47,20,2.8,11.523916740193288,0.0,7,62.0,6.0
1,47,21,3.0,8.456052257012788,0.0,7,62.0,6.0
2,47,1,2.8,12.977171622557094,0.0,7,62.0,6.0
2,47,2,2.8,11.792612923179258,0.0,7,62.0,6.0
2,47,3,3.8,7.816835967934656,0.125,7,62.0,6.0
2,47,4,2.8,11.256693114146206,0.0,7,62.0,6.0
2,47,5,2.8,9.643570625345001,0.0,7,62.0,6.0
2,47,6,2.8,9.89194480286888,0.0,7,62.0,6.0
2,47,7,3.0,11.757924739911763,0.0,7,62.0,6.0
2,47,8,2.8,11.360958738525264,0.0,7,62.0,6.0
2,47,9,2.8,10.57754246758151,0.0,7,62.0,6.0
2,47,10,2.8,11.555193761125901,0.0,7,62.0,6.0
2,47,11,3.6,7.861926953468423,0.125,7,62.0,6.0
2,47,12,2.8,12.176522750257291,0.0,7,62.0,6.0
2,47,13,2.8,10.148531774747434,0.0,7,62.0,6.0
2,47,14,2.8,11.943125668582226,0.0,7,62.0,6.0
2,47,15,3.6,8.338540601320998,0.125,7,62.0,6.0
2,47,16,2.8,13.112601635043704,0.0,7,62.0,6.0
2,47,17,2.8,10.372849852344535,0.0,7,62.0,6.0
2,47,18,3.0,12.505222562170468,0.0,7,62.0,6.0
2,47,19,2.8,9.098741479557651,0.0,7,62.0,6.0
2,47,20,2.8,8.97556743548487,0.0,7,62.0,6.0
2,47,21,3.0,9.385203575642615,0.0,7,62.0,6.0
3,47,1,2.8,10.503980945671078,0.0,7,62.0,6.0
3,47,2,2.8,11.771890591336069,0.0,7,62.0,6.0
3,47,3,2.8,11.811492713868368,0.0,7,62.0,6.0
3,47,4,2.8,9.343927961814552,0.0,7,62.0,6.0
3,47,5,2.8,9.94052625254019,0.0,7,62.0,6.0
3,47,6,2.8,9.051069324040935,0.0,7,62.0,6.0
3,47,7,2.8,8.861713855080744,0.0,7,62.0,6.0
3,47,8,2.8,10.29596923780789,0.0,7,62.0,6.0
3,47,9,2.8,13.348174080591624,0.0,7,62.0,6.0
3,47,10,2.8,13.726309898942088,0.0,7,62.0,6.0
3,47,11,2.8,11.283914407246534,0.0,7,62.0,6.0
3,47,12,3.0,11.402585894721186,0.0,7,62.0,6.0
3,47,13,2.8,9.311861867392176,0.0,7,62.0,6.0
3,47,14,2.8,10.018532580773366,0.0,7,62.0,6.0
3,47,15,2.8,12.42251241218112,0.0,7,62.0,6.0
3,47,16,2.8,11.192667352066733,0.0,7,62.0,6.0
3,47,17,2.8,17.579665175446944,0.0,7,62.0,6.0
3,47,18,2.8,9.662546985805525,0.0,7,62.0,6.0
3,47,19,2.8,12.428891197228523,0.0,7,62.0,6.0
3,47,20,2.8,11.83894945748226,0.0,7,62.0,6.0
3,47,21,2.8,8.959353595849397,0.0,7,62.0,6.0
3,47,22,2.8,12.45537344189407,0.0,7,62.0,6.0
1,48,1,3.6,10.370448196391585,0.0,7,62.0,6.0
1,48,2,2.8,17.1120457072369,0.0,7,62.0,6.0
1,48,3,3.0,13.157342592696152,0.0,7,62.0,6.0
1,48,4,3.0,8.96069804902565,0.0,7,62.0,6.0
1,48,5,2.8,14.148048381014059,0.0,7,62.0,6.0
1,48,6,2.8,8.716643995696929,0.0,7,62.0,6.0
1,48,7,2.8,10.464633378472344,0.0,7,62.0,6.0
1,48,8,2.8,11.559169099490045,0.0,7,62.0,6.0
1,48,9,2.8,16.430344382159593,0.0,7,62.0,6.0
1,48,10,2.8,13.157407425007907,0.0,7,62.0,6.0
1,48,11,2.8,18.114587283134018,0.0,7,62.0,6.0
1,48,12,2.8,19.367588539473214,0.0,7,62.0,6.0
1,48,13,2.8,10.282215436430334,0.0,7,62.0,6.0
1,48,14,2.8,14.95370004963953,0.0,7,62.0,6.0
1,48,15,2.8,15.85581331009229,0.0,7,62.0,6.0
1,48,16,2.8,12.071065568057906,0.0,7,62.0,6.0
1,48,17,2.8,10.620035797965308,0.0,7,62.0,6.0
1,48,18,3.6,7.4013753325964755,0.125,7,62.0,6.0
1,48,19,2.8,10.651842156775327,0.0,7,62.0,6.0
1,48,20,2.8,11.363767867771926,0.0,7,62.0,6.0
1,48,21,3.0,9.452166848550796,0.0,7,62.0,6.0
1,48,22,2.0,12.484089156586037,0.0,5,62.0,6.0
2,48,1,2.8,12.78724834861588,0.0,7,62.0,6.0
2,48,2,2.8,10.33757422313209,0.0,7,62.0,6.0
2,48,3,3.2,11.563318045080088,0.0,7,62.0,6.0
2,48,4,2.8,11.471584295632091,0.0,7,62.0,6.0
2,48,5,2.8,10.849222571255309,0.0,7,62.0,6.0
2,48,6,2.8,9.207734620549237,0.0,7,62.0,6.0
2,48,7,3.6,9.205642795980769,0.125,7,62.0,6.0
2,48,8,2.8,11.297999309453129,0.0,7,62.0,6.0
2,48,9,2.8,12.400447586003846,0.0,7,62.0,6.0
2,48,10,2.8,11.777709675301418,0.0,7,62.0,6.0
2,48,11,2.8,9.465446348890305,0.0,7,62.0,6.0
2,48,12,2.8,13.471610866177683,0.0,7,62.0,6.0
2,48,13,2.8,16.383661335631466,0.0,7,62.0,6.0
2,48,14,2.8,10.452822987398712,0.0,7,62.0,6.0
2,48,15,2.8,8.91250103574263,0.0,7,62.0,6.0
2,48,16,3.0,11.865040076942162,0.0,7,62.0,6.0
2,48,17,2.8,12.124130502129766,0.0,7,62.0,6.0
2,48,18,2.8,12.492428240719903,0.0,7,62.0,6.0
2,48,19,3.6,9.002878096685048,0.125,7,62.0,6.0
2,48,20,2.8,9.208237409763326,0.0,7,62.0,6.0
2,48,21,3.0,10.66419509401401,0.0,7,62.0,6.0
3,48,1,2.8,9.319564900638735,0.0,7,62.0,6.0
3,48,2,2.8,12.674504297825807,0.0,7,62.0,6.0
3,48,3,2.8,11.309166081322907,0.0,7,62.0,6.0
3,48,4,2.8,9.38695072244864,0.0,7,62.0,6.0
3,48,5,2.8,10.121480636995724,0.0,7,62.0,6.0
3,48,6,2.8,9.145811460837294,0.0,7,62.0,6.0
3,48,7,2.8,9.705452117476952,0.0,7,62.0,6.0
3,48,8,2.8,10.74831511392814,0.0,7,62.0,6.0
3,48,9,2.8,13.737945511720227,0.0,7,62.0,6.0
3,48,10,2.8,12.0259641017394,0.0,7,62.0,6.0
3,48,11,2.8,10.313496330887034,0.0,7,62.0,6.0
3,48,12,3.6,10.304241518497506,0.125,7,62.0,6.0
3,48,13,3.0,10.041341770157452,0.0,7,62.0,6.0
3,48,14,2.8,8.991984539094267,0.0,7,62.0,6.0
3,48,15,2.8,19.09303454449296,0.0,7,62.0,6.0
3,48,16,2.8,11.452035484020232,0.0,7,62.0,6.0
3,48,17,2.8,13.724105140413915,0.0,7,62.0,6.0
3,48,18,2.8,11.048231499936675,0.0,7,62.0,6.0
3,48,19,2.8,10.541044568850605,0.0,7,62.0,6.0
3,48,20,2.8,12.371657546658648,0.0,7,62.0,6.0
3,48,21,2.8,10.201816621843426,0.0,7,62.0,6.0
3,48,22,2.8,9.008833741021634,0.0,7,62.0,6.0
1,49,1,3.6,12.147366538049013,0.0,7,62.0,6.0
1,49,2,2.8,12.219431860200393,0.0,7,62.0,6.0
1,49,3,3.0,14.590960658851104,0.0,7,62.0,6.0
1,49,4,3.0,7.760545830505335,0.0,7,62.0,6.0
1,49,5,2.8,13.45316402225336,0.0,7,62.0,6.0
1,49,6,2.8,10.295195060959909,0.0,7,62.0,6.0
1,49,7,2.8,9.330426129803296,0.0,7,62.0,6.0
1,49,8,2.8,13.623679126950497,0.0,7,62.0,6.0
1,49,9,2.8,12.882676070022079,0.0,7,62.0,6.0
1,49,10,2.8,14.179053284912019,0.0,7,62.0,6.0
1,49,11,2.8,12.536944077137306,0.0,7,62.0,6.0
1,49,12,2.8,16.920399304882263,0.0,7,62.0,6.0
1,49,13,2.8,12.500494086420101,0.0,7,62.0,6.0
1,49,14,2.8,13.043941737599896,0.0,7,62.0,6.0
1,49,15,2.8,14.210599039778598,0.0,7,62.0,6.0
1,49,16,2.8,13.355185715223964,0.0,7,62.0,6.0
1,49,17,2.8,11.875802876168272,0.0,7,62.0,6.0
1,49,18,3.6,8.27550141449682,0.125,7,62.0,6.0
1,49,19,3.0,11.388554741837916,0.0,7,62.0,6.0
1,49,20,3.0,9.994988530699398,0.0,7,62.0,6.0
1,49,21,3.0,8.12248900562363,0.0,7,62.0,6.0
1,49,22,2.0,15.585897289175962,0.0,4,62.0,6.0
2,49,1,2.8,13.492480164521726,0.0,7,62.0,6.0
2,49,2,2.8,10.461347621237087,0.0,7,62.0,6.0
2,49,3,3.2,11.763481061897416,0.0,7,62.0,6.0
2,49,4,2.8,10.670992377324318,0.0,7,62.0,6.0
2,49,5,2.8,10.283721268705696,0.0,7,62.0,6.0
2,49,6,2.8,9.782077863813743,0.0,7,62.0,6.0
2,49,7,3.6,9.432806010059187,0.125,7,62.0,6.0
2,49,8,2.8,11.9842739747159,0.0,7,62.0,6.0
2,49,9,2.8,11.384809871094138,0.0,7,62.0,6.0
2,49,10,2.8,11.134467444944942,0.0,7,62.0,6.0
2,49,11,2.8,10.34609627518415,0.0,7,62.0,6.0
2,49,12,2.8,12.689030407894847,0.0,7,62.0,6.0
2,49,13,2.8,16.33989067428277,0.0,7,62.0,6.0
2,49,14,2.8,10.861195896232472,0.0,7,62.0,6.0
2,49,15,2.8,10.486440031840003,0.0,7,62.0,6.0
2,49,16,3.0,10.25379418093029,0.0,7,62.0,6.0
2,49,17,2.8,14.34164926029297,0.0,7,62.0,6.0
2,49,18,2.8,12.833187572376252,0.0,7,62.0,6.0
2,49,19,3.0,10.472003999874806,0.0,7,62.0,6.0
2,49,20,2.8,9.196910831818318,0.0,7,62.0,6.0
2,49,21,3.0,8.81853001654108,0.0,7,62.0,6.0
3,49,1,2.8,11.054555595614124,0.0,7,62.0,6.0
3,49,2,2.8,11.14955485042037,0.0,7,62.0,6.0
3,49,3,2.8,13.073911123050905,0.0,7,62.0,6.0
3,49,4,2.8,9.40137981890697,0.0,7,62.0,6.0
3,49,5,2.8,10.240103785503132,0.0,7,62.0,6.0
3,49,6,2.8,8.880228991356539,0.0,7,62.0,6.0
3,49,7,2.8,8.4456566373257,0.0,7,62.0,6.0
3,49,8,3.0,10.297663910128627,0.0,7,62.0,6.0
3,49,9,2.8,13.347203221669028,0.0,7,62.0,6.0
3,49,10,2.8,10.177612827315587,0.0,7,62.0,6.0
3,49,11,2.8,11.874704111690292,0.0,7,62.0,6.0
3,49,12,3.6,9.124623348545873,0.125,7,62.0,6.0
3,49,13,2.8,10.472295004148364,0.0,7,62.0,6.0
3,49,14,2.8,10.363233620222907,0.0,7,62.0,6.0
3,49,15,2.8,13.985064913022196,0.0,7,62.0,6.0
3,49,16,3.0,9.631694861940783,0.0,7,62.0,6.0
3,49,17,2.8,13.539340591426958,0.0,7,62.0,6.0
3,49,18,2.8,14.737633012824956,0.0,7,62.0,6.0
3,49,19,2.8,11.23343436424017,0.0,7,62.0,6.0
3,49,20,2.8,10.67176828428184,0.0,7,62.0,6.0
3,49,21,2.8,10.154406214577412,0.0,7,62.0,6.0
3,49,22,3.0,9.187105070439824,0.0,7,62.0,6.0
1,50,1,3.4,10.088581334882264,0.0,7,62.0,6.0
1,50,2,2.8,14.34252112416954,0.0,7,62.0,6.0
1,50,3,2.8,14.1206051512504,0.0,7,62.0,6.0
1,50,4,3.0,9.906826405427527,0.0,7,62.0,6.0
1,50,5,2.8,11.984127127392805,0.0,7,62.0,6.0
1,50,6,2.8,8.956183914409635,0.0,7,62.0,6.0
1,50,7,2.8,11.82488140899744,0.0,7,62.0,6.0
1,50,8,2.8,13.022319532625756,0.0,7,62.0,6.0
1,50,9,2.8,10.370330133899833,0.0,7,62.0,6.0
1,50,10,2.8,12.218324053828159,0.0,7,62.0,6.0
1,50,11,2.8,12.7400499515027,0.0,7,62.0,6.0
1,50,12,2.8,16.13215725643667,0.0,7,62.0,6.0
1,50,13,2.8,12.740908385518912,0.0,7,62.0,6.0
1,50,14,2.8,16.711226056927174,0.0,7,62.0,6.0
1,50,15,2.8,11.924492204273587,0.0,7,62.0,6.0
1,50,16,2.8,12.868296126995627,0.0,7,62.0,6.0
1,50,17,2.8,16.389966599795066,0.0,7,62.0,6.0
1,50,18,3.6,7.440792846480473,0.125,7,62.0,6.0
1,50,19,2.8,9.259152619718051,0.0,7,62.0,6.0
1,50,20,2.8,12.367468614090155,0.0,7,62.0,6.0
1,50,21,3.0,8.835994457813085,0.0,7,62.0,6.0
1,50,22,2.4,10.253065882943996,0.0,6,62.0,6.0
2,50,1,2.8,16.082415540366863,0.0,7,62.0,6.0
2,50,2,2.8,11.067098993297542,0.0,7,62.0,6.0
2,50,3,3.2,10.884243193001073,0.0,7,62.0,6.0
2,50,4,2.8,11.668557006716794,0.0,7,62.0,6.0
2,50,5,2.8,9.077893032573124,0.0,7,62.0,6.0
2,50,6,2.8,11.055144164845638,0.0,7,62.0,6.0
2,50,7,3.6,9.702148152421346,0.125,7,62.0,6.0
2,50,8,2.8,10.502565920865996,0.0,7,62.0,6.0
2,50,9,2.8,11.115821382877124,0.0,7,62.0,6.0
2,50,10,2.8,11.599021754861088,0.0,7,62.0,6.0
2,50,11,2.8,10.106743323618458,0.0,7,62.0,6.0
2,50,12,2.8,12.741901181666037,0.0,7,62.0,6.0
2,50,13,2.8,15.873408529387156,0.0,7,62.0,6.0
2,50,14,2.8,9.407730295244688,0.0,7,62.0,6.0
2,50,15,2.8,9.582779599390857,0.0,7,62.0,6.0
2,50,16,3.6,8.970554501494194,0.125,7,62.0,6.0
2,50,17,2.8,11.223071579483516,0.0,7,62.0,6.0
2,50,18,2.8,12.66752353391621,0.0,7,62.0,6.0
2,50,19,2.8,11.38775637716117,0.0,7,62.0,6.0
2,50,20,2.8,9.791718376557332,0.0,7,62.0,6.0
2,50,21,3.6,8.371024724774728,0.125,7,62.0,6.0
3,50,1,2.8,9.940598392699572,0.0,7,62.0,6.0
3,50,2,2.8,12.097882341211301,0.0,7,62.0,6.0
3,50,3,3.0,11.140069046277064,0.0,7,62.0,6.0
3,50,4,2.8,9.489194802088566,0.0,7,62.0,6.0
3,50,5,2.8,9.39598553980126,0.0,7,62.0,6.0
3,50,6,2.8,10.162375448434599,0.0,7,62.0,6.0
3,50,7,2.8,11.763033238808706,0.0,7,62.0,6.0
3,50,8,2.8,12.35052680462078,0.0,7,62.0,6.0
3,50,9,2.8,13.118181385860598,0.0,7,62.0,6.0
3,50,10,2.8,9.96210483279514,0.0,7,62.0,6.0
3,50,11,2.8,12.182182249070562,0.0,7,62.0,6.0
3,50,12,3.6,9.01700403992689,0.125,7,62.0,6.0
3,50,13,3.0,10.575226445463173,0.0,7,62.0,6.0
3,50,14,2.8,8.631384915866423,0.0,7,62.0,6.0
3,50,15,2.8,22.841732043288083,0.0,7,62.0,6.0
3,50,16,2.8,11.04312296053335,0.0,7,62.0,6.0
3,50,17,2.8,12.53998503322844,0.0,7,62.0,6.0
3,50,18,3.0,9.56441325997088,0.0,7,62.0,6.0
3,50,19,2.8,14.618923490931977,0.0,7,62.0,6.0
3,50,20,2.8,9.150806355757792,0.0,7,62.0,6.0
3,50,21,2.8,10.689873758257304,0.0,7,62.0,6.0
3,50,22,2.8,12.057111721903043,0.0,7,62.0,6.0
1,51,1,3.8,12.04048001673646,0.0,7,62.0,6.0
1,51,2,2.8,13.849777165026158,0.0,7,62.0,6.0
1,51,3,2.8,15.748331006437803,0.0,7,62.0,6.0
1,51,4,3.0,8.050855300112165,0.0,7,62.0,6.0
1,51,5,2.8,14.88178419080109,0.0,7,62.0,6.0
1,51,6,2.8,12.092582843829689,0.0,7,62.0,6.0
1,51,7,2.8,10.57481699175651,0.0,7,62.0,6.0
1,51,8,2.8,9.381657637902746,0.0,7,62.0,6.0
1,51,9,2.8,12.666052239774537,0.0,7,62.0,6.0
1,51,10,2.8,12.100577071204338,0.0,7,62.0,6.0
1,51,11,2.8,16.170240219358952,0.0,7,62.0,6.0
1,51,12,2.8,22.062063547592427,0.0,7,62.0,6.0
1,51,13,2.8,10.895731462836089,0.0,7,62.0,6.0
1,51,14,2.8,13.758712483155083,0.0,7,62.0,6.0
1,51,15,2.8,12.847258797453684,0.0,7,62.0,6.0
1,51,16,2.8,11.280205671839559,0.0,7,62.0,6.0
1,51,17,2.8,11.360846556461066,0.0,7,62.0,6.0
1,51,18,3.6,7.875340853838379,0.125,7,62.0,6.0
1,51,19,3.0,10.423306368027085,0.0,7,62.0,6.0
1,51,20,2.8,10.874957615704893,0.0,7,62.0,6.0
1,51,21,3.0,10.350525611923429,0.0,7,62.0,6.0
1,51,22,2.25,13.861268434657944,0.0,4,62.0,6.0
2,51,1,2.8,12.814039177308256,0.0,7,62.0,6.0
2,51,2,2.8,9.98322475588757,0.0,7,62.0,6.0
2,51,3,3.6,9.761504509660694,0.125,7,62.0,6.0
2,51,4,2.8,10.72584971256055,0.0,7,62.0,6.0
2,51,5,2.8,11.859510407789475,0.0,7,62.0,6.0
2,51,6,2.8,9.519108611051777,0.0,7,62.0,6.0
2,51,7,3.0,15.492244113371935,0.0,7,62.0,6.0
2,51,8,2.8,9.676223255648441,0.0,7,62.0,6.0
2,51,9,2.8,10.944925122924088,0.0,7,62.0,6.0
2,51,10,2.8,12.585306551770493,0.0,7,62.0,6.0
2,51,11,2.8,9.235992448217694,0.0,7,62.0,6.0
2,51,12,2.8,14.814633971815262,0.0,7,62.0,6.0
2,51,13,2.8,11.703451495803115,0.0,7,62.0,6.0
2,51,14,2.8,10.931868860279259,0.0,7,62.0,6.0
2,51,15,2.8,12.397410538227795,0.0,7,62.0,6.0
2,51,16,3.0,11.82712757041119,0.0,7,62.0,6.0
2,51,17,2.8,14.299879664390765,0.0,7,62.0,6.0
2,51,18,2.8,10.961858629553682,0.0,7,62.0,6.0
2,51,19,3.0,11.536771001856486,0.0,7,62.0,6.0
2,51,20,2.8,9.055727516817802,0.0,7,62.0,6.0
2,51,21,3.0,8.829386897653443,0.0,7,62.0,6.0
2,51,22,2.0,26.869269346716965,0.0,4,62.0,6.0
3,51,1,2.8,9.750429051959308,0.0,7,62.0,6.0
3,51,2,2.8,12.121859714802646,0.0,7,62.0,6.0
3,51,3,2.8,14.033877893542336,0.0,7,62.0,6.0
3,51,4,2.8,8.717942375400868,0.0,7,62.0,6.0
3,51,5,2.8,10.781647791772714,0.0,7,62.0,6.0
3,51,6,2.8,9.284650242018557,0.0,7,62.0,6.0
3,51,7,2.8,10.7267649427292,0.0,7,62.0,6.0
3,51,8,2.8,12.255998422303414,0.0,7,62.0,6.0
3,51,9,2.8,11.427753123457842,0.0,7,62.0,6.0
3,51,10,2.8,10.462487307905935,0.0,7,62.0,6.0
3,51,11,2.8,11.716229759788291,0.0,7,62.0,6.0
3,51,12,3.6,9.745972985081774,0.125,7,62.0,6.0
3,51,13,2.8,10.59582945365159,0.0,7,62.0,6.0
3,51,14,2.8,9.147613280217588,0.0,7,62.0,6.0
3,51,15,2.8,12.544742451291738,0.0,7,62.0,6.0
3,51,16,2.8,11.146271593297088,0.0,7,62.0,6.0
3,51,17,2.8,11.464589412104115,0.0,7,62.0,6.0
3,51,18,2.8,11.718437446229851,0.0,7,62.0,6.0
3,51,19,2.8,13.382130593904717,0.0,7,62.0,6.0
3,51,20,2.8,10.764230732796879,0.0,7,62.0,6.0
3,51,21,2.8,9.057869150947685,0.0,7,62.0,6.0
3,51,22,3.0,10.883537044651714,0.0,7,62.0,6.0
1,52,1,3.6,11.79084385573263,0.0,7,62.0,6.0
1,52,2,2.8,15.021835790894144,0.0,7,62.0,6.0
1,52,3,2.8,12.31731755939532,0.0,7,62.0,6.0
1,52,4,2.8,9.020633191272282,0.0,7,62.0,6.0
1,52,5,2.8,12.908285385369766,0.0,7,62.0,6.0
1,52,6,2.8,8.561713644494125,0.0,7,62.0,6.0
1,52,7,2.8,12.486439615680275,0.0,7,62.0,6.0
1,52,8,2.8,11.79847987281224,0.0,7,62.0,6.0
1,52,9,2.8,9.797088890192223,0.0,7,62.0,6.0
1,52,10,2.8,13.720590952823995,0.0,7,62.0,6.0
1,52,11,2.8,16.11242744283468,0.0,7,62.0,6.0
1,52,12,2.8,13.084661706104487,0.0,7,62.0,6.0
1,52,13,2.8,11.500779746088764,0.0,7,62.0,6.0
1,52,14,2.8,14.092754376006726,0.0,7,62.0,6.0
1,52,15,2.8,10.715818732771183,0.0,7,62.0,6.0
1,52,16,2.8,10.679053383498976,0.0,7,62.0,6.0
1,52,17,2.8,13.224669675836514,0.0,7,62.0,6.0
1,52,18,3.6,7.1835603467448,0.125,7,62.0,6.0
1,52,19,2.8,9.963365595152082,0.0,7,62.0,6.0
1,52,20,2.8,13.813298775936541,0.0,7,62.0,6.0
1,52,21,3.0,9.49001125443108,0.0,7,62.0,6.0
1,52,22,2.4,12.131410736466892,0.0,6,62.0,6.0
2,52,1,3.0,13.738124092197555,0.0,7,62.0,6.0
2,52,2,3.0,10.651689198766483,0.0,7,62.0,6.0
2,52,3,3.2,12.205196752346271,0.0,7,62.0,6.0
2,52,4,2.8,10.995816428784218,0.0,7,62.0,6.0
2,52,5,2.8,10.679182625184211,0.0,7,62.0,6.0
2,52,6,2.8,8.595977010202326,0.0,7,62.0,6.0
2,52,7,3.0,11.588265637809727,0.0,7,62.0,6.0
2,52,8,2.8,11.516437604950623,0.0,7,62.0,6.0
2,52,9,2.8,10.640270040584525,0.0,7,62.0,6.0
2,52,10,2.8,14.73858932002007,0.0,7,62.0,6.0
2,52,11,2.8,8.492195257286665,0.0,7,62.0,6.0
2,52,12,2.8,11.996087053013195,0.0,7,62.0,6.0
2,52,13,2.8,12.316207097968249,0.0,7,62.0,6.0
2,52,14,2.8,10.892929206123377,0.0,7,62.0,6.0
2,52,15,2.8,8.68350114510984,0.0,7,62.0,6.0
2,52,16,2.8,14.8704687311348,0.0,7,62.0,6.0
2,52,17,2.8,11.09342113008812,0.0,7,62.0,6.0
2,52,18,2.8,11.161172537629655,0.0,7,62.0,6.0
2,52,19,3.8,9.019889397844134,0.125,7,62.0,6.0
2,52,20,2.8,9.592082688789759,0.0,7,62.0,6.0
2,52,21,3.0,8.557177948472006,0.0,7,62.0,6.0
3,52,1,3.0,9.965643805387915,0.0,7,62.0,6.0
3,52,2,2.8,11.57849130516083,0.0,7,62.0,6.0
3,52,3,2.8,11.203984458572647,0.0,7,62.0,6.0
3,52,4,2.8,9.474495103224864,0.0,7,62.0,6.0
3,52,5,2.8,9.008482588484878,0.0,7,62.0,6.0
3,52,6,2.8,8.665031061190179,0.0,7,62.0,6.0
3,52,7,2.8,11.454607528679844,0.0,7,62.0,6.0
3,52,8,2.8,10.614374201897965,0.0,7,62.0,6.0
3,52,9,2.8,14.554136655311208,0.0,7,62.0,6.0
3,52,10,2.8,9.542444876034411,0.0,7,62.0,6.0
3,52,11,2.8,12.6351864748307,0.0,7,62.0,6.0
3,52,12,3.6,9.47813255891974,0.125,7,62.0,6.0
3,52,13,2.8,9.55601209594192,0.0,7,62.0,6.0
3,52,14,2.8,8.516202412370086,0.0,7,62.0,6.0
3,52,15,2.8,17.16408401101467,0.0,7,62.0,6.0
3,52,16,2.8,10.312750891825818,0.0,7,62.0,6.0
3,52,17,2.8,14.039131784865035,0.0,7,62.0,6.0
3,52,18,3.0,10.3135683591481,0.0,7,62.0,6.0
3,52,19,2.8,13.638140055340994,0.0,7,62.0,6.0
3,52,20,2.8,9.847047995066735,0.0,7,62.0,6.0
3,52,21,2.8,11.425335204518975,0.0,7,62.0,6.0
3,52,22,2.8,12.00002300870469,0.0,7,62.0,6.0
1,53,1,3.2,15.402339190769194,0.0,7,62.0,6.0
1,53,2,2.8,12.739507033283688,0.0,7,62.0,6.0
1,53,3,2.8,13.751402444805581,0.0,7,62.0,6.0
1,53,4,2.8,9.09582133514095,0.0,7,62.0,6.0
1,53,5,2.8,13.276156765428716,0.0,7,62.0,6.0
1,53,6,2.8,10.767895836968313,0.0,7,62.0,6.0
1,53,7,2.8,8.902348995745326,0.0,7,62.0,6.0
1,53,8,2.8,15.610205657483217,0.0,7,62.0,6.0
1,53,9,2.8,8.462628166542697,0.0,7,62.0,6.0
1,53,10,2.8,12.725446703564003,0.0,7,62.0,6.0
1,53,11,2.8,12.284455043420618,0.0,7,62.0,6.0
1,53,12,2.8,13.878968373911379,0.0,7,62.0,6.0
1,53,13,2.8,13.017804239449395,0.0,7,62.0,6.0
1,53,14,2.8,12.594716645808182,0.0,7,62.0,6.0
1,53,15,2.8,11.675274198632945,0.0,7,62.0,6.0
1,53,16,2.8,11.549536803018798,0.0,7,62.0,6.0
1,53,17,2.8,15.424069453175953,0.0,7,62.0,6.0
1,53,18,3.6,8.167172052955024,0.125,7,62.0,6.0
1,53,19,3.6,8.112941006171031,0.125,7,62.0,6.0
1,53,20,2.8,13.532989377512955,0.0,7,62.0,6.0
1,53,21,3.0,11.127808455632971,0.0,7,62.0,6.0
1,53,22,2.0,14.023912130842527,0.0,5,62.0,6.0
2,53,1,2.8,12.840942501732279,0.0,7,62.0,6.0
2,53,2,2.8,10.115312690100255,0.0,7,62.0,6.0
2,53,3,3.6,9.343936086333755,0.125,7,62.0,6.0
2,53,4,2.8,12.553029829414033,0.0,7,62.0,6.0
2,53,5,2.8,11.700692537485102,0.0,7,62.0,6.0
2,53,6,2.8,9.373224398216008,0.0,7,62.0,6.0
2,53,7,3.0,13.689154541547335,0.0,7,62.0,6.0
2,53,8,3.0,9.101372786254334,0.0,7,62.0,6.0
2,53,9,2.8,10.362485770785979,0.0,7,62.0,6.0
2,53,10,2.8,11.175156354737908,0.0,7,62.0,6.0
2,53,11,2.8,9.991172361837133,0.0,7,62.0,6.0
2,53,12,2.8,10.824983732299081,0.0,7,62.0,6.0
2,53,13,2.8,13.92223492836071,0.0,7,62.0,6.0
2,53,14,2.8,10.95849787649152,0.0,7,62.0,6.0
2,53,15,2.8,8.89953253448799,0.0,7,62.0,6.0
2,53,16,3.0,11.63924369906709,0.0,7,62.0,6.0
2,53,17,2.8,11.728874157087358,0.0,7,62.0,6.0
2,53,18,2.8,14.611370745298679,0.0,7,62.0,6.0
2,53,19,3.8,8.432925219651736,0.125,7,62.0,6.0
2,53,20,2.8,8.14962478255504,0.0,7,62.0,6.0
2,53,21,2.8,11.11363015578131,0.0,7,62.0,6.0
3,53,1,2.8,10.189002314546489,0.0,7,62.0,6.0
3,53,2,2.8,10.70088383566938,0.0,7,62.0,6.0
3,53,3,2.8,12.720424102679983,0.0,7,62.0,6.0
3,53,4,2.8,10.374117145976745,0.0,7,62.0,6.0
3,53,5,2.8,9.376652447785014,0.0,7,62.0,6.0
3,53,6,2.8,11.480608000807754,0.0,7,62.0,6.0
3,53,7,2.8,11.406971871753248,0.0,7,62.0,6.0
3,53,8,2.8,12.134418830303675,0.0,7,62.0,6.0
3,53,9,2.8,12.154478201162744,0.0,7,62.0,6.0
3,53,10,2.8,13.850648766418997,0.0,7,62.0,6.0
3,53,11,2.8,10.960374280883007,0.0,7,62.0,6.0
3,53,12,3.6,9.684246149408626,0.125,7,62.0,6.0
3,53,13,2.8,10.172856947443682,0.0,7,62.0,6.0
3,53,14,2.8,10.552256929339798,0.0,7,62.0,6.0
3,53,15,2.8,14.474494505330611,0.0,7,62.0,6.0
3,53,16,2.8,10.946773498247554,0.0,7,62.0,6.0
3,53,17,2.8,13.253290254346167,0.0,7,62.0,6.0
3,53,18,3.0,10.29068405229526,0.0,7,62.0,6.0
3,53,19,2.8,12.129870865645145,0.0,7,62.0,6.0
3,53,20,2.8,11.960371037656234,0.0,7,62.0,6.0
3,53,21,2.8,9.445559563310944,0.0,7,62.0,6.0
3,53,22,3.0,9.77184649063284,0.0,7,62.0,6.0
1,54,1,3.6,10.682990027820106,0.0,7,62.0,6.0
1,54,2,2.8,14.76420369856062,0.0,7,62.0,6.0
1,54,3,3.0,13.157342592696152,0.0,7,62.0,6.0
1,54,4,3.0,7.035680624355412,0.0,7,62.0,6.0
1,54,5,2.8,15.297343079570474,0.0,7,62.0,6.0
1,54,6,2.8,10.565967201832795,0.0,7,62.0,6.0
1,54,7,2.8,10.268481793281886,0.0,7,62.0,6.0
1,54,8,2.8,10.419882057340647,0.0,7,62.0,6.0
1,54,9,2.8,14.321697726562803,0.0,7,62.0,6.0
1,54,10,2.8,13.332065184086476,0.0,7,62.0,6.0
1,54,11,2.8,16.895644474184174,0.0,7,62.0,6.0
1,54,12,2.8,18.764499525072182,0.0,7,62.0,6.0
1,54,13,2.8,11.631839787245157,0.0,7,62.0,6.0
1,54,14,2.8,13.790198461582255,0.0,7,62.0,6.0
1,54,15,2.8,11.587364266745244,0.0,7,62.0,6.0
1,54,16,2.8,11.032385543981071,0.0,7,62.0,6.0
1,54,17,2.8,11.318170350935478,0.0,7,62.0,6.0
1,54,18,3.6,7.916725938087109,0.125,7,62.0,6.0
1,54,19,2.8,9.092784315045899,0.0,7,62.0,6.0
1,54,20,2.8,10.832640227312314,0.0,7,62.0,6.0
1,54,21,2.8,9.623768363493516,0.0,7,62.0,6.0
1,54,22,2.2,13.787505065191844,0.0,5,62.0,6.0
2,54,1,2.8,11.555148748764214,0.0,7,62.0,6.0
2,54,2,2.8,11.815394368078907,0.0,7,62.0,6.0
2,54,3,3.2,11.12174974875722,0.0,7,62.0,6.0
2,54,4,2.8,11.735726393399585,0.0,7,62.0,6.0
2,54,5,2.8,10.531632983059874,0.0,7,62.0,6.0
2,54,6,2.8,10.432838391241114,0.0,7,62.0,6.0
2,54,7,3.6,9.2056427959808,0.125,7,62.0,6.0
2,54,8,2.8,10.36024186954554,0.0,7,62.0,6.0
2,54,9,2.8,13.52472267056731,0.0,7,62.0,6.0
2,54,10,2.8,12.274063657673294,0.0,7,62.0,6.0
2,54,11,2.8,11.428740914719803,0.0,7,62.0,6.0
2,54,12,2.8,13.20974465673029,0.0,7,62.0,6.0
2,54,13,2.8,12.176089753846963,0.0,7,62.0,6.0
2,54,14,2.8,10.157701412503545,0.0,7,62.0,6.0
2,54,15,2.8,9.829186029615038,0.0,7,62.0,6.0
2,54,16,3.0,11.316215649231477,0.0,7,62.0,6.0
2,54,17,2.8,11.529877162920318,0.0,7,62.0,6.0
2,54,18,2.8,12.049423240720749,0.0,7,62.0,6.0
2,54,19,3.0,9.848114586024336,0.0,7,62.0,6.0
2,54,20,2.8,9.496800558263658,0.0,7,62.0,6.0
2,54,21,3.0,8.986982115673989,0.0,7,62.0,6.0
3,54,1,2.8,10.189002314546567,0.0,7,62.0,6.0
3,54,2,2.8,10.498825828346497,0.0,7,62.0,6.0
3,54,3,2.8,10.964505548555433,0.0,7,62.0,6.0
3,54,4,2.8,9.593077069699143,0.0,7,62.0,6.0
3,54,5,2.8,11.383668800278027,0.0,7,62.0,6.0
3,54,6,2.8,11.459098104045673,0.0,7,62.0,6.0
3,54,7,2.8,9.153490231003964,0.0,7,62.0,6.0
3,54,8,2.8,11.452750621856055,0.0,7,62.0,6.0
3,54,9,2.8,15.206696318395963,0.0,7,62.0,6.0
3,54,10,2.8,11.028458068605094,0.0,7,62.0,6.0
3,54,11,2.8,10.436690388133524,0.0,7,62.0,6.0
3,54,12,3.0,11.092385347264168,0.0,7,62.0,6.0
3,54,13,2.8,10.422662847958229,0.0,7,62.0,6.0
3,54,14,2.8,12.075717881238203,0.0,7,62.0,6.0
3,54,15,2.8,14.761049606746733,0.0,7,62.0,6.0
3,54,16,3.0,9.37907410270373,0.0,7,62.0,6.0
3,54,17,2.8,16.60159900576815,0.0,7,62.0,6.0
3,54,18,3.0,10.64750310158491,0.0,7,62.0,6.0
3,54,19,2.8,15.816642785314173,0.0,7,62.0,6.0
3,54,20,2.8,11.35510515334706,0.0,7,62.0,6.0
3,54,21,2.8,9.400590553129204,0.0,7,62.0,6.0
3,54,22,2.8,11.180580164221215,0.0,7,62.0,6.0
1,55,1,3.6,11.722035991889106,0.0,7,62.0,6.0
1,55,2,2.8,14.009091373191117,0.0,7,62.0,6.0
1,55,3,3.0,12.987203558575633,0.0,7,62.0,6.0
1,55,4,3.0,8.137833353169832,0.0,7,62.0,6.0
1,55,5,2.8,13.823497088098732,0.0,7,62.0,6.0
1,55,6,2.8,10.242697507645966,0.0,7,62.0,6.0
1,55,7,2.8,10.303596898551545,0.0,7,62.0,6.0
1,55,8,2.8,9.906013713126882,0.0,7,62.0,6.0
1,55,9,2.8,14.670359341131295,0.0,7,62.0,6.0
1,55,10,2.8,10.703517730076552,0.0,7,62.0,6.0
1,55,11,2.8,13.195827277819932,0.0,7,62.0,6.0
1,55,12,2.8,16.503343717422634,0.0,7,62.0,6.0
1,55,13,2.8,9.813367843594472,0.0,7,62.0,6.0
1,55,14,2.8,13.015767801548806,0.0,7,62.0,6.0
1,55,15,2.8,14.483845880667632,0.0,7,62.0,6.0
1,55,16,2.8,12.707439760846169,0.0,7,62.0,6.0
1,55,17,2.8,10.003022997139226,0.0,7,62.0,6.0
1,55,18,3.6,6.997434276796726,0.125,7,62.0,6.0
1,55,19,3.6,10.916076829881264,0.125,7,62.0,6.0
1,55,20,2.8,10.078403718168314,0.0,7,62.0,6.0
1,55,21,2.8,9.958722348820086,0.0,7,62.0,6.0
2,55,1,2.8,13.828038517437568,0.0,7,62.0,6.0
2,55,2,2.8,10.718004315823162,0.0,7,62.0,6.0
2,55,3,4.0,7.688960484924842,0.125,7,62.0,6.0
2,55,4,2.8,10.256032669396882,0.0,7,62.0,6.0
2,55,5,2.8,11.801463758814707,0.0,7,62.0,6.0
2,55,6,2.8,9.531287522388455,0.0,7,62.0,6.0
2,55,7,3.2,9.781520660518467,0.0,7,62.0,6.0
2,55,8,2.8,10.547888274059307,0.0,7,62.0,6.0
2,55,9,2.8,13.721397363166927,0.0,7,62.0,6.0
2,55,10,2.8,11.638953124922,0.0,7,62.0,6.0
2,55,11,2.8,11.110827129082157,0.0,7,62.0,6.0
2,55,12,2.8,12.54824720268345,0.0,7,62.0,6.0
2,55,13,2.8,12.037982221661403,0.0,7,62.0,6.0
2,55,14,2.8,12.63336834917236,0.0,7,62.0,6.0
2,55,15,3.0,8.586613291253714,0.0,7,62.0,6.0
2,55,16,2.8,12.067874406115694,0.0,7,62.0,6.0
2,55,17,2.8,12.332001209359266,0.0,7,62.0,6.0
2,55,18,2.8,11.97210779069218,0.0,7,62.0,6.0
2,55,19,3.8,8.355898315905272,0.125,7,62.0,6.0
2,55,20,2.8,8.624885259563724,0.0,7,62.0,6.0
2,55,21,3.0,11.869549257227316,0.0,7,62.0,6.0
3,55,1,2.8,10.309222841772169,0.0,7,62.0,6.0
3,55,2,2.8,10.150348382375824,0.0,7,62.0,6.0
3,55,3,2.8,11.063675819059668,0.0,7,62.0,6.0
3,55,4,2.8,9.05346769464426,0.0,7,62.0,6.0
3,55,5,2.8,9.812934888382575,0.0,7,62.0,6.0
3,55,6,2.8,9.635712065149317,0.0,7,62.0,6.0
3,55,7,2.8,9.392457196246495,0.0,7,62.0,6.0
3,55,8,2.8,11.716016159574203,0.0,7,62.0,6.0
3,55,9,2.8,11.734714993131533,0.0,7,62.0,6.0
3,55,10,2.8,12.621582285277935,0.0,7,62.0,6.0
3,55,11,2.8,10.80546345449305,0.0,7,62.0,6.0
3,55,12,3.0,10.153259862127303,0.0,7,62.0,6.0
3,55,13,3.0,8.044173433502662,0.0,7,62.0,6.0
3,55,14,2.8,9.840680479129405,0.0,7,62.0,6.0
3,55,15,2.8,11.792105281843352,0.0,7,62.0,6.0
3,55,16,3.0,9.449633729013652,0.0,7,62.0,6.0
3,55,17,2.8,15.778557535016596,0.0,7,62.0,6.0
3,55,18,2.8,11.757037360372568,0.0,7,62.0,6.0
3,55,19,2.8,11.546634178316575,0.0,7,62.0,6.0
3,55,20,2.8,10.533722856098771,0.0,7,62.0,6.0
3,55,21,2.8,9.21643515187579,0.0,7,62.0,6.0
3,55,22,2.8,10.108779421840156,0.0,7,62.0,6.0
1,56,1,3.6,10.00873456571551,0.0,7,62.0,6.0
1,56,2,2.8,18.705587352682297,0.0,7,62.0,6.0
1,56,3,3.0,11.862321721440138,0.0,7,62.0,6.0
1,56,4,3.0,8.398699394242929,0.0,7,62.0,6.0
1,56,5,2.8,13.073730073538751,0.0,7,62.0,6.0
1,56,6,2.8,11.091033217974676,0.0,7,62.0,6.0
1,56,7,2.8,9.897441772519436,0.0,7,62.0,6.0
1,56,8,2.8,9.636708083784848,0.0,7,62.0,6.0
1,56,9,2.8,11.98584303161168,0.0,7,62.0,6.0
1,56,10,2.8,12.424925738694958,0.0,7,62.0,6.0
1,56,11,2.8,15.665789341749912,0.0,7,62.0,6.0
1,56,12,2.8,19.367588539473214,0.0,7,62.0,6.0
1,56,13,2.8,9.861546339179702,0.0,7,62.0,6.0
1,56,14,2.8,14.627024930597432,0.0,7,62.0,6.0
1,56,15,2.8,12.658349009601976,0.0,7,62.0,6.0
1,56,16,2.8,12.470759331192676,0.0,7,62.0,6.0
1,56,17,2.8,11.646283569944028,0.0,7,62.0,6.0
1,56,18,3.6,7.958548279131419,0.125,7,62.0,6.0
1,56,19,3.0,10.07477665574023,0.0,7,62.0,6.0
1,56,20,2.8,11.431992171333098,0.0,7,62.0,6.0
1,56,21,3.0,9.843308787998048,0.0,7,62.0,6.0
1,56,22,2.25,14.797292025569975,0.0,4,62.0,6.0
2,56,1,2.8,12.628826762864806,0.0,7,62.0,6.0
2,56,2,2.8,12.095800220142804,0.0,7,62.0,6.0
2,56,3,3.2,10.750324607058154,0.0,7,62.0,6.0
2,56,4,2.8,12.277569056825977,0.0,7,62.0,6.0
2,56,5,2.8,9.805592227017424,0.0,7,62.0,6.0
2,56,6,2.8,11.115418786779728,0.0,7,62.0,6.0
2,56,7,3.6,8.732473147814623,0.125,7,62.0,6.0
2,56,8,2.8,11.033049588597164,0.0,7,62.0,6.0
2,56,9,2.8,10.17289199915524,0.0,7,62.0,6.0
2,56,10,2.8,11.404370066986028,0.0,7,62.0,6.0
2,56,11,2.8,9.278766392267265,0.0,7,62.0,6.0
2,56,12,2.8,12.431124172216338,0.0,7,62.0,6.0
2,56,13,2.8,11.53319692759635,0.0,7,62.0,6.0
2,56,14,2.8,11.077586542309405,0.0,7,62.0,6.0
2,56,15,2.8,10.206447990348781,0.0,7,62.0,6.0
2,56,16,3.0,11.529537879496221,0.0,7,62.0,6.0
2,56,17,2.8,12.444835793330968,0.0,7,62.0,6.0
2,56,18,2.8,11.08824333285794,0.0,7,62.0,6.0
2,56,19,3.2,8.696170967468364,0.0,7,62.0,6.0
2,56,20,2.8,8.916402350966015,0.0,7,62.0,6.0
2,56,21,3.0,8.400068296280127,0.0,7,62.0,6.0
3,56,1,2.8,9.582388847236256,0.0,7,62.0,6.0
3,56,2,2.8,11.231453451051243,0.0,7,62.0,6.0
3,56,3,2.8,10.925333458118057,0.0,7,62.0,6.0
3,56,4,2.8,9.699572647379723,0.0,7,62.0,6.0
3,56,5,2.8,9.56733239989489,0.0,7,62.0,6.0
3,56,6,2.8,9.868933407918814,0.0,7,62.0,6.0
3,56,7,2.8,9.222502852532719,0.0,7,62.0,6.0
3,56,8,2.8,11.7160161595741,0.0,7,62.0,6.0
3,56,9,2.8,12.40091933692727,0.0,7,62.0,6.0
3,56,10,2.8,11.356090297282408,0.0,7,62.0,6.0
3,56,11,2.8,9.467371916916989,0.0,7,62.0,6.0
3,56,12,3.6,8.383376279895437,0.125,7,62.0,6.0
3,56,13,2.8,10.936884184200537,0.0,7,62.0,6.0
3,56,14,2.8,9.106751663596214,0.0,7,62.0,6.0
3,56,15,2.8,12.146137289953773,0.0,7,62.0,6.0
3,56,16,2.8,10.513957614882019,0.0,7,62.0,6.0
3,56,17,2.8,13.576914062157337,0.0,7,62.0,6.0
3,56,18,2.8,15.25509481726734,0.0,7,62.0,6.0
3,56,19,2.8,12.688090529978245,0.0,7,62.0,6.0
3,56,20,2.8,10.122856400916227,0.0,7,62.0,6.0
3,56,21,2.8,8.822677472813114,0.0,7,62.0,6.0
3,56,22,2.8,12.465017084792201,0.0,7,62.0,6.0
1,57,1,3.6,10.570552665309346,0.0,7,62.0,6.0
1,57,2,2.8,13.976599080444448,0.0,7,62.0,6.0
1,57,3,3.0,13.331998619124272,0.0,7,62.0,6.0
1,57,4,3.0,8.115913125562566,0.0,7,62.0,6.0
1,57,5,2.8,12.530040665720733,0.0,7,62.0,6.0
1,57,6,2.8,10.492378342053625,0.0,7,62.0,6.0
1,57,7,2.8,11.141834464311682,0.0,7,62.0,6.0
1,57,8,2.8,9.266247923832266,0.0,7,62.0,6.0
1,57,9,2.8,11.938351973892368,0.0,7,62.0,6.0
1,57,10,2.8,13.071783465936392,0.0,7,62.0,6.0
1,57,11,2.8,15.385801400945368,0.0,7,62.0,6.0
1,57,12,2.8,20.41753645147058,0.0,7,62.0,6.0
1,57,13,2.8,11.347101680826148,0.0,7,62.0,6.0
1,57,14,2.8,14.879850794538124,0.0,7,62.0,6.0
1,57,15,2.8,13.389636389965002,0.0,7,62.0,6.0
1,57,16,2.8,10.77591596395098,0.0,7,62.0,6.0
1,57,17,2.8,11.691474943457738,0.0,7,62.0,6.0
1,57,18,3.6,9.005136137272814,0.125,7,62.0,6.0
1,57,19,2.8,9.434443663764915,0.0,7,62.0,6.0
1,57,20,2.8,11.717308288823547,0.0,7,62.0,6.0
1,57,21,3.0,8.529062784155611,0.0,7,62.0,6.0
1,57,22,2.0,11.916290124451631,0.0,5,62.0,6.0
2,57,1,2.8,15.590472519774586,0.0,7,62.0,6.0
2,57,2,2.8,10.01592227406983,0.0,7,62.0,6.0
2,57,3,3.8,8.373323189825712,0.125,7,62.0,6.0
2,57,4,2.8,12.347517157767388,0.0,7,62.0,6.0
2,57,5,2.8,10.744785226151963,0.0,7,62.0,6.0
2,57,6,2.8,10.205558529397385,0.0,7,62.0,6.0
2,57,7,3.0,12.011939825247595,0.0,7,62.0,6.0
2,57,8,2.8,13.580947189389306,0.0,7,62.0,6.0
2,57,9,2.8,11.756849022163061,0.0,7,62.0,6.0
2,57,10,2.8,11.985430477492752,0.0,7,62.0,6.0
2,57,11,2.8,9.894194822745424,0.0,7,62.0,6.0
2,57,12,2.8,14.092420007932907,0.0,7,62.0,6.0
2,57,13,2.8,13.316006962201122,0.0,7,62.0,6.0
2,57,14,2.8,10.978167855417466,0.0,7,62.0,6.0
2,57,15,2.8,9.65844401299254,0.0,7,62.0,6.0
2,57,16,3.0,13.398611534357027,0.0,7,62.0,6.0
2,57,17,2.8,12.394396666784822,0.0,7,62.0,6.0
2,57,18,2.8,12.193558749303406,0.0,7,62.0,6.0
2,57,19,3.0,11.200763130470486,0.0,7,62.0,6.0
2,57,20,2.8,8.838082448313362,0.0,7,62.0,6.0
2,57,21,3.0,8.137974562147358,0.0,7,62.0,6.0
3,57,1,2.8,10.85829819055504,0.0,7,62.0,6.0
3,57,2,2.8,13.757907093569981,0.0,7,62.0,6.0
3,57,3,2.8,11.743455745066278,0.0,7,62.0,6.0
3,57,4,2.8,10.891384749441338,0.0,7,62.0,6.0
3,57,5,2.8,9.53749382148873,0.0,7,62.0,6.0
3,57,6,2.8,10.370968151540803,0.0,7,62.0,6.0
3,57,7,2.8,10.023572353931309,0.0,7,62.0,6.0
3,57,8,2.8,11.242234460329737,0.0,7,62.0,6.0
3,57,9,2.8,13.319105760803504,0.0,7,62.0,6.0
3,57,10,2.8,10.049886254659556,0.0,7,62.0,6.0
3,57,11,2.8,11.783950711342811,0.0,7,62.0,6.0
3,57,12,3.6,8.607544920547008,0.125,7,62.0,6.0
3,57,13,2.8,9.152862773283154,0.0,7,62.0,6.0
3,57,14,2.8,9.745206555475043,0.0,7,62.0,6.0
3,57,15,2.8,14.543331245755507,0.0,7,62.0,6.0
3,57,16,2.8,10.064137242870101,0.0,7,62.0,6.0
3,57,17,2.8,12.809182747965131,0.0,7,62.0,6.0
3,57,18,2.8,12.63862448806397,0.0,7,62.0,6.0
3,57,19,2.8,10.562589153401403,0.0,7,62.0,6.0
3,57,20,2.8,11.136634056595783,0.0,7,62.0,6.0
3,57,21,2.8,8.88677445246221,0.0,7,62.0,6.0
3,57,22,2.8,11.312266116746436,0.0,7,62.0,6.0
1,58,1,3.6,9.686950073144981,0.0,7,62.0,6.0
1,58,2,2.8,13.628884122344326,0.0,7,62.0,6.0
1,58,3,3.0,10.703474825430238,0.0,7,62.0,6.0
1,58,4,3.0,8.73976563738273,0.0,7,62.0,6.0
1,58,5,2.8,14.418872098168585,0.0,7,62.0,6.0
1,58,6,2.8,9.857334041947077,0.0,7,62.0,6.0
1,58,7,2.8,10.612062296199353,0.0,7,62.0,6.0
1,58,8,2.8,10.890671088608945,0.0,7,62.0,6.0
1,58,9,2.8,13.956823934483195,0.0,7,62.0,6.0
1,58,10,2.8,10.64678480893209,0.0,7,62.0,6.0
1,58,11,2.8,15.625168784072143,0.0,7,62.0,6.0
1,58,12,2.8,15.810544121154548,0.0,7,62.0,6.0
1,58,13,2.8,9.241478487455801,0.0,7,62.0,6.0
1,58,14,2.8,13.665111349922402,0.0,7,62.0,6.0
1,58,15,2.8,13.389636389964936,0.0,7,62.0,6.0
1,58,16,2.8,11.764700861966698,0.0,7,62.0,6.0
1,58,17,2.8,11.468958471576649,0.0,7,62.0,6.0
1,58,18,3.6,7.704176476182032,0.125,7,62.0,6.0
1,58,19,3.0,9.60889485221403,0.0,7,62.0,6.0
1,58,20,2.8,11.836171939801346,0.0,7,62.0,6.0
1,58,21,3.2,8.998375777420252,0.0,7,62.0,6.0
1,58,22,2.0,16.492343411709562,0.0,4,62.0,6.0
2,58,1,2.8,16.34021578015498,0.0,7,62.0,6.0
2,58,2,2.8,9.606878676201587,0.0,7,62.0,6.0
2,58,3,3.6,8.70554055338182,0.125,7,62.0,6.0
2,58,4,2.8,11.300565158221552,0.0,7,62.0,6.0
2,58,5,2.8,9.064759179508469,0.0,7,62.0,6.0
2,58,6,2.8,9.985342122672218,0.0,7,62.0,6.0
2,58,7,3.0,13.448353299181667,0.0,7,62.0,6.0
2,58,8,2.8,10.008751137295521,0.0,7,62.0,6.0
2,58,9,2.8,10.548513523863344,0.0,7,62.0,6.0
2,58,10,2.8,13.592188833914593,0.0,7,62.0,6.0
2,58,11,2.8,8.045359014693611,0.0,7,62.0,6.0
2,58,12,2.8,13.271590581189761,0.0,7,62.0,6.0
2,58,13,2.8,10.408805030472406,0.0,7,62.0,6.0
2,58,14,2.8,12.319057217279674,0.0,7,62.0,6.0
2,58,15,2.8,9.687549581792608,0.0,7,62.0,6.0
2,58,16,3.0,10.434816749077058,0.0,7,62.0,6.0
2,58,17,2.8,14.200276431181038,0.0,7,62.0,6.0
2,58,18,2.8,11.141578640463774,0.0,7,62.0,6.0
2,58,19,2.8,15.494078648095929,0.0,7,62.0,6.0
2,58,20,3.0,8.853812423156846,0.0,7,62.0,6.0
2,58,21,3.0,7.628936915890201,0.0,7,62.0,6.0
2,58,22,2.0,20.549756767265603,0.0,4,62.0,6.0
3,58,1,2.8,9.92446808070633,0.0,7,62.0,6.0
3,58,2,2.8,12.753793604851197,0.0,7,62.0,6.0
3,58,3,2.8,13.719084347561557,0.0,7,62.0,6.0
3,58,4,2.8,9.8242143627353,0.0,7,62.0,6.0
3,58,5,2.8,11.054466381356626,0.0,7,62.0,6.0
3,58,6,2.8,9.11854049176404,0.0,7,62.0,6.0
3,58,7,2.8,10.040026691278893,0.0,7,62.0,6.0
3,58,8,2.8,10.710669878298418,0.0,7,62.0,6.0
3,58,9,2.8,12.22737590309369,0.0,7,62.0,6.0
3,58,10,2.8,11.636979773914623,0.0,7,62.0,6.0
3,58,11,2.8,10.654870531584704,0.0,7,62.0,6.0
3,58,12,3.8,8.618882199965633,0.125,7,62.0,6.0
3,58,13,2.8,10.805318555548702,0.0,7,62.0,6.0
3,58,14,2.8,9.378039039090499,0.0,7,62.0,6.0
3,58,15,2.8,16.338740553095484,0.0,7,62.0,6.0
3,58,16,3.0,10.109298920252241,0.0,7,62.0,6.0
3,58,17,2.8,12.488773262239581,0.0,7,62.0,6.0
3,58,18,3.0,10.893116813223116,0.0,7,62.0,6.0
3,58,19,2.8,12.223197822290473,0.0,7,62.0,6.0
3,58,20,2.8,9.303929723270114,0.0,7,62.0,6.0
3,58,21,2.8,11.117357731993161,0.0,7,62.0,6.0
3,58,22,2.8,10.65039456253147,0.0,6,62.0,6.0
1,59,1,3.6,10.954882680276272,0.0,7,62.0,6.0
1,59,2,2.8,14.411120811264386,0.0,7,62.0,6.0
1,59,3,3.0,12.10052223552886,0.0,7,62.0,6.0
1,59,4,3.0,7.291060673329383,0.0,7,62.0,6.0
1,59,5,2.8,12.350279372333455,0.0,7,62.0,6.0
1,59,6,2.8,10.071507772019192,0.0,7,62.0,6.0
1,59,7,2.8,10.113381007609709,0.0,7,62.0,6.0
1,59,8,2.8,10.969973996684363,0.0,7,62.0,6.0
1,59,9,2.8,10.502658879033522,0.0,7,62.0,6.0
1,59,10,2.8,13.015317276320538,0.0,7,62.0,6.0
1,59,11,2.8,13.081245752248734,0.0,7,62.0,6.0
1,59,12,2.8,13.848486449626112,0.0,7,62.0,6.0
1,59,13,2.8,11.837485308810827,0.0,7,62.0,6.0
1,59,14,2.8,13.853604728725603,0.0,7,62.0,6.0
1,59,15,2.8,12.099202800764086,0.0,7,62.0,6.0
1,59,16,2.8,12.292682877653728,0.0,7,62.0,6.0
1,59,17,2.8,11.171295750635869,0.0,7,62.0,6.0
1,59,18,3.6,7.773746720894904,0.125,7,62.0,6.0
1,59,19,3.0,9.991255903721724,0.0,7,62.0,6.0
1,59,20,3.0,9.597038601005252,0.0,7,62.0,6.0
1,59,21,3.0,10.648682102502873,0.0,7,62.0,6.0
1,59,22,2.0,15.894216857588003,0.0,4,62.0,6.0
2,59,1,2.8,13.201254272323574,0.0,7,62.0,6.0
2,59,2,2.8,10.25094279871998,0.0,7,62.0,6.0
2,59,3,3.2,11.718403822298228,0.0,7,62.0,6.0
2,59,4,2.8,9.991150493238191,0.0,7,62.0,6.0
2,59,5,2.8,9.298719534276936,0.0,7,62.0,6.0
2,59,6,2.8,10.897562113228233,0.0,7,62.0,6.0
2,59,7,3.6,9.31784008379995,0.125,7,62.0,6.0
2,59,8,2.8,10.593521379450978,0.0,7,62.0,6.0
2,59,9,2.8,11.448743278895396,0.0,7,62.0,6.0
2,59,10,2.8,11.361998062647721,0.0,7,62.0,6.0
2,59,11,2.8,8.965916669152389,0.0,7,62.0,6.0
2,59,12,2.8,12.741901181665975,0.0,7,62.0,6.0
2,59,13,2.8,11.754858345790222,0.0,7,62.0,6.0
2,59,14,2.8,10.690338178771363,0.0,7,62.0,6.0
2,59,15,2.8,8.611336120789298,0.0,7,62.0,6.0
2,59,16,3.6,8.438361831736726,0.125,7,62.0,6.0
2,59,17,2.8,12.716491780776837,0.0,7,62.0,6.0
2,59,18,2.8,12.935437807529558,0.0,7,62.0,6.0
2,59,19,2.8,12.479873479065805,0.0,7,62.0,6.0
2,59,20,2.8,8.062150490148458,0.0,7,62.0,6.0
2,59,21,3.0,11.105356958253006,0.0,7,62.0,6.0
3,59,1,2.8,9.3767166357792,0.0,7,62.0,6.0
3,59,2,3.0,10.698412982840233,0.0,7,62.0,6.0
3,59,3,2.8,12.798226268226362,0.0,7,62.0,6.0
3,59,4,2.8,10.017635817700556,0.0,7,62.0,6.0
3,59,5,2.8,10.864810984043537,0.0,7,62.0,6.0
3,59,6,2.8,8.17838843422142,0.0,7,62.0,6.0
3,59,7,3.0,10.653177130844034,0.0,7,62.0,6.0
3,59,8,2.8,11.946048603320882,0.0,7,62.0,6.0
3,59,9,2.8,14.65234049574975,0.0,7,62.0,6.0
3,59,10,2.8,9.819532108418557,0.0,7,62.0,6.0
3,59,11,2.8,13.869597548665249,0.0,7,62.0,6.0
3,59,12,3.6,8.34937313373506,0.125,7,62.0,6.0
3,59,13,2.8,10.879766170253465,0.0,7,62.0,6.0
3,59,14,2.8,9.935362584550122,0.0,7,62.0,6.0
3,59,15,2.8,17.84370743727928,0.0,7,62.0,6.0
3,59,16,3.0,11.408764475957176,0.0,7,62.0,6.0
3,59,17,2.8,11.137430614849338,0.0,7,62.0,6.0
3,59,18,3.0,11.62568948038963,0.0,7,62.0,6.0
3,59,19,2.8,10.699349615795498,0.0,7,62.0,6.0
3,59,20,2.8,9.97678796171436,0.0,7,62.0,6.0
3,59,21,2.8,10.008368574694126,0.0,7,62.0,6.0
3,59,22,2.6,10.861861854588494,0.0,5,62.0,6.0
1,60,1,3.2,12.980384649535559,0.0,7,62.0,6.0
1,60,2,2.8,12.93086525705737,0.0,7,62.0,6.0
1,60,3,3.0,12.529240312261216,0.0,7,62.0,6.0
1,60,4,3.0,9.545876379883126,0.0,7,62.0,6.0
1,60,5,2.8,15.906772461791649,0.0,7,62.0,6.0
1,60,6,2.8,9.4922844298905,0.0,7,62.0,6.0
1,60,7,2.8,11.044655528769582,0.0,7,62.0,6.0
1,60,8,2.8,11.143913166017011,0.0,7,62.0,6.0
1,60,9,2.8,10.460337314468466,0.0,7,62.0,6.0
1,60,10,2.8,11.788097945573641,0.0,7,62.0,6.0
1,60,11,2.8,12.987163658401125,0.0,7,62.0,6.0
1,60,12,2.8,17.190633320826716,0.0,7,62.0,6.0
1,60,13,2.8,13.573146924200852,0.0,7,62.0,6.0
1,60,14,2.8,16.26029957761967,0.0,7,62.0,6.0
1,60,15,2.8,12.289268031797834,0.0,7,62.0,6.0
1,60,16,2.8,11.832333283414071,0.0,7,62.0,6.0
1,60,17,2.8,10.963078536799195,0.0,7,62.0,6.0
1,60,18,3.6,8.222576814696305,0.125,7,62.0,6.0
1,60,19,2.8,8.799452423467203,0.0,7,62.0,6.0
1,60,20,2.8,12.418442391889739,0.0,7,62.0,6.0
1,60,21,3.0,9.878954844348486,0.0,7,62.0,6.0
1,60,22,2.4,11.311612096741438,0.0,6,62.0,6.0
2,60,1,2.8,13.172821644005795,0.0,7,62.0,6.0
2,60,2,2.8,9.621992359370845,0.0,7,62.0,6.0
2,60,3,3.2,9.99489941854534,0.0,7,62.0,6.0
2,60,4,2.8,11.407396245541293,0.0,7,62.0,6.0
2,60,5,2.8,9.186979478942519,0.0,7,62.0,6.0
2,60,6,2.8,10.839620884502583,0.0,7,62.0,6.0
2,60,7,3.6,7.689481309884448,0.125,7,62.0,6.0
2,60,8,2.8,12.601578837935289,0.0,7,62.0,6.0
2,60,9,2.8,11.384809871094186,0.0,7,62.0,6.0
2,60,10,2.8,12.47433497775811,0.0,7,62.0,6.0
2,60,11,3.6,8.80090981967286,0.125,7,62.0,6.0
2,60,12,2.8,12.977458398319467,0.0,7,62.0,6.0
2,60,13,2.8,11.106875885327577,0.0,7,62.0,6.0
2,60,14,2.8,11.220103200268914,0.0,7,62.0,6.0
2,60,15,3.0,8.606242006306235,0.0,7,62.0,6.0
2,60,16,2.8,12.131280848791807,0.0,7,62.0,6.0
2,60,17,2.8,12.136621606838382,0.0,7,62.0,6.0
2,60,18,2.8,10.312033859702675,0.0,7,62.0,6.0
2,60,19,3.2,9.995954476152626,0.0,7,62.0,6.0
2,60,20,2.8,7.148262837466465,0.0,7,62.0,6.0
2,60,21,3.0,12.053975612858714,0.0,7,62.0,6.0
3,60,1,2.8,9.781617041364772,0.0,7,62.0,6.0
3,60,2,2.8,10.645009809067279,0.0,7,62.0,6.0
3,60,3,2.8,12.461253158947786,0.0,7,62.0,6.0
3,60,4,2.8,10.663514457702263,0.0,7,62.0,6.0
3,60,5,2.8,10.291797751898,0.0,7,62.0,6.0
3,60,6,2.8,9.805644246311498,0.0,7,62.0,6.0
3,60,7,2.8,11.406971871753248,0.0,7,62.0,6.0
3,60,8,2.8,11.201056519738277,0.0,7,62.0,6.0
3,60,9,2.8,14.801871447275174,0.0,7,62.0,6.0
3,60,10,2.8,12.00236422661664,0.0,7,62.0,6.0
3,60,11,2.8,12.481336354020224,0.0,7,62.0,6.0
3,60,12,3.0,10.685418727790477,0.0,7,62.0,6.0
3,60,13,2.8,10.422662847958229,0.0,7,62.0,6.0
3,60,14,2.8,10.51818249174011,0.0,7,62.0,6.0
3,60,15,2.8,10.5935927160406,0.0,7,62.0,6.0
3,60,16,2.8,11.639998153266008,0.0,7,62.0,6.0
3,60,17,2.8,15.293792041578854,0.0,7,62.0,6.0
3,60,18,3.0,9.510205311223507,0.0,7,62.0,6.0
3,60,19,2.8,12.501784804519128,0.0,7,62.0,6.0
3,60,20,2.8,14.031635886507878,0.0,7,62.0,6.0
3,60,21,2.8,9.4663946096412,0.0,7,62.0,6.0
3,60,22,3.0,8.721977390414711,0.0,7,62.0,6.0
1,61,1,3.6,13.662080182370982,0.0,7,62.0,6.0
1,61,2,2.8,12.550270584479465,0.0,7,62.0,6.0
1,61,3,2.8,13.845548330656815,0.0,7,62.0,6.0
1,61,4,3.0,8.552950690036921,0.0,7,62.0,6.0
1,61,5,2.8,12.314395041184028,0.0,7,62.0,6.0
1,61,6,2.8,11.413388301215033,0.0,7,62.0,6.0
1,61,7,2.8,10.426605346104248,0.0,7,62.0,6.0
1,61,8,2.8,11.589253025268023,0.0,7,62.0,6.0
1,61,9,2.8,12.146419345353314,0.0,7,62.0,6.0
1,61,10,2.8,10.048102076454855,0.0,7,62.0,6.0
1,61,11,2.8,13.282385414939352,0.0,7,62.0,6.0
1,61,12,2.8,16.736394581666268,0.0,7,62.0,6.0
1,61,13,2.8,11.54218186554224,0.0,7,62.0,6.0
1,61,14,2.8,19.231811831127068,0.0,7,62.0,6.0
1,61,15,2.8,11.170202385125453,0.0,7,62.0,6.0
1,61,16,2.8,13.201499289670029,0.0,7,62.0,6.0
1,61,17,2.8,15.204016635736982,0.0,7,62.0,6.0
1,61,18,3.0,8.670275983297927,0.0,7,62.0,6.0
1,61,19,3.0,9.530770806298982,0.0,7,62.0,6.0
1,61,20,3.0,10.910974394634543,0.0,7,62.0,6.0
1,61,21,3.0,8.758934837909726,0.0,7,62.0,6.0
1,61,22,2.4,12.180453353543651,0.0,6,62.0,6.0
2,61,1,2.8,13.287293395453096,0.0,7,62.0,6.0
2,61,2,2.8,12.241054076747796,0.0,7,62.0,6.0
2,61,3,3.8,8.282608426652692,0.125,7,62.0,6.0
2,61,4,2.8,10.742628475742542,0.0,7,62.0,6.0
2,61,5,2.8,9.957581531469694,0.0,7,62.0,6.0
2,61,6,2.8,10.994419632059405,0.0,7,62.0,6.0
2,61,7,3.0,12.401644308208637,0.0,7,62.0,6.0
2,61,8,2.8,12.447696700883753,0.0,7,62.0,6.0
2,61,9,2.8,11.600750756733566,0.0,7,62.0,6.0
2,61,10,2.8,11.03402978033111,0.0,7,62.0,6.0
2,61,11,2.8,9.494835126443386,0.0,7,62.0,6.0
2,61,12,2.8,13.501349410499186,0.0,7,62.0,6.0
2,61,13,2.8,13.765561305090674,0.0,7,62.0,6.0
2,61,14,2.8,9.99175787498807,0.0,7,62.0,6.0
2,61,15,2.8,9.567788755634052,0.0,7,62.0,6.0
2,61,16,3.6,9.312003161382155,0.125,7,62.0,6.0
2,61,17,2.8,12.406937958128456,0.0,7,62.0,6.0
2,61,18,2.8,12.935437807529686,0.0,7,62.0,6.0
2,61,19,3.2,10.275615313257035,0.0,7,62.0,6.0
2,61,20,2.8,8.883526134330834,0.0,7,62.0,6.0
2,61,21,3.6,8.532252588100448,0.125,7,62.0,6.0
3,61,1,2.8,10.088165731756877,0.0,7,62.0,6.0
3,61,2,2.8,13.978006386262097,0.0,7,62.0,6.0
3,61,3,2.8,11.330116270484085,0.0,7,62.0,6.0
3,61,4,2.8,10.116719185102156,0.0,7,62.0,6.0
3,61,5,2.8,9.860395958583696,0.0,7,62.0,6.0
3,61,6,2.8,9.42776930867313,0.0,7,62.0,6.0
3,61,7,2.8,11.757837484461563,0.0,7,62.0,6.0
3,61,8,2.8,11.180580462257256,0.0,7,62.0,6.0
3,61,9,2.8,13.03523738558694,0.0,7,62.0,6.0
3,61,10,2.8,10.183755900467478,0.0,7,62.0,6.0
3,61,11,2.8,12.256232165789719,0.0,7,62.0,6.0
3,61,12,3.0,10.685418727790303,0.0,7,62.0,6.0
3,61,13,3.0,9.003337684223645,0.0,7,62.0,6.0
3,61,14,2.8,10.42791797991639,0.0,7,62.0,6.0
3,61,15,2.8,11.724290840871515,0.0,7,62.0,6.0
3,61,16,3.0,11.779124252464563,0.0,7,62.0,6.0
3,61,17,2.8,16.457893370660194,0.0,7,62.0,6.0
3,61,18,2.8,13.737623691152645,0.0,7,62.0,6.0
3,61,19,2.8,11.814284063588852,0.0,7,62.0,6.0
3,61,20,2.8,10.813070611363482,0.0,7,62.0,6.0
3,61,21,2.8,8.631150450487082,0.0,7,62.0,6.0
3,61,22,3.0,10.137905189314145,0.0,7,62.0,6.0
1,62,1,3.2,11.856632632153588,0.0,7,62.0,6.0
1,62,2,2.8,12.659219210718902,0.0,7,62.0,6.0
1,62,3,2.8,12.842871536932138,0.0,7,62.0,6.0
1,62,4,3.0,10.30215312016406,0.0,7,62.0,6.0
1,62,5,2.8,13.641018754435278,0.0,7,62.0,6.0
1,62,6,2.8,10.108558527524886,0.0,7,62.0,6.0
1,62,7,2.8,10.211043049399624,0.0,7,62.0,6.0
1,62,8,2.8,13.349380617990601,0.0,7,62.0,6.0
1,62,9,2.8,9.672612143610008,0.0,7,62.0,6.0
1,62,10,2.8,14.10799457655785,0.0,7,62.0,6.0
1,62,11,2.8,12.679437039357364,0.0,7,62.0,6.0
1,62,12,2.8,15.161913741759871,0.0,7,62.0,6.0
1,62,13,2.8,15.697580745748224,0.0,7,62.0,6.0
1,62,14,2.8,15.127071365034091,0.0,7,62.0,6.0
1,62,15,2.8,10.999235045824326,0.0,7,62.0,6.0
1,62,16,2.8,10.814903263127366,0.0,7,62.0,6.0
1,62,17,2.8,12.936210816595121,0.0,7,62.0,6.0
1,62,18,3.0,9.57951513823864,0.0,7,62.0,6.0
1,62,19,2.8,9.92520625989289,0.0,7,62.0,6.0
1,62,20,2.8,15.85264605639634,0.0,7,62.0,6.0
1,62,21,2.8,9.653683916891836,0.0,7,62.0,6.0
1,62,22,3.0,9.188633737345311,0.0,7,62.0,6.0
2,62,1,2.8,14.18071324602629,0.0,7,62.0,6.0
2,62,2,2.8,12.216603320911432,0.0,7,62.0,6.0
2,62,3,3.8,7.897585182075573,0.125,7,62.0,6.0
2,62,4,2.8,10.395699267679833,0.0,7,62.0,6.0
2,62,5,2.8,11.578788419951373,0.0,7,62.0,6.0
2,62,6,2.8,10.087729782733442,0.0,7,62.0,6.0
2,62,7,3.0,13.09184681820854,0.0,7,62.0,6.0
2,62,8,2.8,11.575987236760394,0.0,7,62.0,6.0
2,62,9,2.8,10.936924698720002,0.0,7,62.0,6.0
2,62,10,2.8,10.81932098151162,0.0,7,62.0,6.0
2,62,11,3.0,9.459808139715001,0.0,7,62.0,6.0
2,62,12,2.8,11.806240804206217,0.0,7,62.0,6.0
2,62,13,2.8,11.1085417436111,0.0,7,62.0,6.0
2,62,14,2.8,12.414789775669814,0.0,7,62.0,6.0
2,62,15,3.0,8.782545705861601,0.0,7,62.0,6.0
2,62,16,2.8,11.598505213798441,0.0,7,62.0,6.0
2,62,17,2.8,9.902376038334225,0.0,7,62.0,6.0
2,62,18,2.8,9.576989202854577,0.0,7,62.0,6.0
2,62,19,3.2,10.04809503859844,0.0,7,62.0,6.0
2,62,20,2.8,8.510905882028805,0.0,7,62.0,6.0
2,62,21,2.8,10.049549462433154,0.0,7,62.0,6.0
3,62,1,2.8,10.8776097897606,0.0,7,62.0,6.0
3,62,2,2.8,10.269653140312407,0.0,7,62.0,6.0
3,62,3,2.8,12.694022890455761,0.0,7,62.0,6.0
3,62,4,2.8,9.593077069699074,0.0,7,62.0,6.0
3,62,5,2.8,10.121480636995724,0.0,7,62.0,6.0
3,62,6,2.8,11.373858533865656,0.0,7,62.0,6.0
3,62,7,2.8,9.320887447489076,0.0,7,62.0,6.0
3,62,8,2.8,11.991669889032659,0.0,7,62.0,6.0
3,62,9,2.8,11.1364411654213,0.0,7,62.0,6.0
3,62,10,2.8,12.049656967105577,0.0,7,62.0,6.0
3,62,11,2.8,11.019617158608689,0.0,7,62.0,6.0
3,62,12,3.0,13.919877305441453,0.0,7,62.0,6.0
3,62,13,2.8,10.387260447833128,0.0,7,62.0,6.0
3,62,14,2.8,11.639092789681357,0.0,7,62.0,6.0
3,62,15,2.8,12.866786999670502,0.0,7,62.0,6.0
3,62,16,2.8,10.952154979022717,0.0,7,62.0,6.0
3,62,17,2.8,18.31673688403641,0.0,7,62.0,6.0
3,62,18,2.8,10.674379183914725,0.0,7,62.0,6.0
3,62,19,2.8,12.181348144860573,0.0,7,62.0,6.0
3,62,20,2.8,11.292480466608536,0.0,7,62.0,6.0
3,62,21,2.8,9.472780815969731,0.0,7,62.0,6.0
3,62,22,2.8,11.60460272862067,0.0,7,62.0,6.0
1,63,1,3.6,12.171902861941973,0.0,7,62.0,6.0
1,63,2,2.8,15.524948649064804,0.0,7,62.0,6.0
1,63,3,3.0,11.932791333615267,0.0,7,62.0,6.0
1,63,4,3.0,7.425831516232851,0.0,7,62.0,6.0
1,63,5,2.8,12.299862498195347,0.0,7,62.0,6.0
1,63,6,2.8,8.691499501945701,0.0,7,62.0,6.0
1,63,7,2.8,9.49209451478541,0.0,7,62.0,6.0
1,63,8,2.8,10.52912038090552,0.0,7,62.0,6.0
1,63,9,2.8,12.719522334653814,0.0,7,62.0,6.0
1,63,10,2.8,11.701136716135082,0.0,7,62.0,6.0
1,63,11,2.8,19.21187543175376,0.0,7,62.0,6.0
1,63,12,2.8,14.728529524867591,0.0,7,62.0,6.0
1,63,13,2.8,8.88711851554269,0.0,7,62.0,6.0
1,63,14,2.8,12.223699567462255,0.0,7,62.0,6.0
1,63,15,2.8,13.098590001963801,0.0,7,62.0,6.0
1,63,16,2.8,14.654288593296364,0.0,7,62.0,6.0
1,63,17,2.8,10.92818634069394,0.0,7,62.0,6.0
1,63,18,3.0,8.205967942222234,0.0,7,62.0,6.0
1,63,19,3.0,8.952624866982394,0.0,7,62.0,6.0
1,63,20,2.8,12.29178776317174,0.0,7,62.0,6.0
1,63,21,3.0,9.285291760329441,0.0,7,62.0,6.0
1,63,22,2.4,10.430537671395504,0.0,6,62.0,6.0
2,63,1,2.8,12.080072112736678,0.0,7,62.0,6.0
2,63,2,2.8,12.095800220142637,0.0,7,62.0,6.0
2,63,3,3.2,10.29781313541418,0.0,7,62.0,6.0
2,63,4,2.8,10.652406821502174,0.0,7,62.0,6.0
2,63,5,2.8,10.249254895473353,0.0,7,62.0,6.0
2,63,6,2.8,9.719894294231123,0.0,7,62.0,6.0
2,63,7,3.6,9.461992137976624,0.125,7,62.0,6.0
2,63,8,2.8,12.248272967954382,0.0,7,62.0,6.0
2,63,9,2.8,12.57897447493011,0.0,7,62.0,6.0
2,63,10,2.8,10.503454116987875,0.0,7,62.0,6.0
2,63,11,2.8,10.328624300337161,0.0,7,62.0,6.0
2,63,12,2.8,13.353955310486423,0.0,7,62.0,6.0
2,63,13,2.8,13.060097732319376,0.0,7,62.0,6.0
2,63,14,2.8,11.89636423277072,0.0,7,62.0,6.0
2,63,15,2.8,10.309675121371518,0.0,7,62.0,6.0
2,63,16,3.0,12.075880325403853,0.0,7,62.0,6.0
2,63,17,2.8,12.419565018622526,0.0,7,62.0,6.0
2,63,18,2.8,11.885513319156063,0.0,7,62.0,6.0
2,63,19,3.2,8.538348689250817,0.0,7,62.0,6.0
2,63,20,2.8,8.627130057436144,0.0,7,62.0,6.0
2,63,21,3.0,9.279449369913017,0.0,7,62.0,6.0
3,63,1,2.8,8.759004182124478,0.0,7,62.0,6.0
3,63,2,2.8,12.194365509440305,0.0,7,62.0,6.0
3,63,3,2.8,12.067852840316887,0.0,7,62.0,6.0
3,63,4,2.8,11.979334861723078,0.0,7,62.0,6.0
3,63,5,2.8,10.188926523957116,0.0,7,62.0,6.0
3,63,6,2.8,9.270576962552322,0.0,7,62.0,6.0
3,63,7,2.8,10.007171861505574,0.0,7,62.0,6.0
3,63,8,2.8,12.305315170597183,0.0,7,62.0,6.0
3,63,9,2.8,12.816708704109077,0.0,7,62.0,6.0
3,63,10,2.8,12.29182342888817,0.0,7,62.0,6.0
3,63,11,2.8,12.305550799000965,0.0,7,62.0,6.0
3,63,12,3.6,9.968355038749632,0.125,7,62.0,6.0
3,63,13,2.8,11.893982188719747,0.0,7,62.0,6.0
3,63,14,2.8,10.7563968103939,0.0,7,62.0,6.0
3,63,15,2.8,14.861376142717223,0.0,7,62.0,6.0
3,63,16,2.8,10.735414551171736,0.0,7,62.0,6.0
3,63,17,2.8,14.274010328295047,0.0,7,62.0,6.0
3,63,18,2.8,12.797293527369133,0.0,7,62.0,6.0
3,63,19,2.8,11.409901929219167,0.0,7,62.0,6.0
3,63,20,2.8,11.218342253354042,0.0,7,62.0,6.0
3,63,21,2.8,9.97365765875136,0.0,7,62.0,6.0
3,63,22,2.8,11.525438065027581,0.0,7,62.0,6.0
1,64,1,3.6,12.901575639459464,0.0,7,62.0,6.0
1,64,2,2.8,15.485054263023438,0.0,7,62.0,6.0
1,64,3,3.0,12.68644556760384,0.0,7,62.0,6.0
1,64,4,3.0,8.148837930190375,0.0,7,62.0,6.0
1,64,5,2.8,17.572363163966827,0.0,7,62.0,6.0
1,64,6,2.8,11.214880589023023,0.0,7,62.0,6.0
1,64,7,2.8,11.796149828999685,0.0,7,62.0,6.0
1,64,8,2.8,10.437930764433357,0.0,7,62.0,6.0
1,64,9,2.8,13.221870822222193,0.0,7,62.0,6.0
1,64,10,2.8,12.124924550705526,0.0,7,62.0,6.0
1,64,11,2.8,16.041106125216658,0.0,7,62.0,6.0
1,64,12,2.8,15.8105441211545,0.0,7,62.0,6.0
1,64,13,2.8,10.515468611814448,0.0,7,62.0,6.0
1,64,14,2.8,14.417057104124536,0.0,7,62.0,6.0
1,64,15,2.8,15.21525789605321,0.0,7,62.0,6.0
1,64,16,2.8,14.105454977687533,0.0,7,62.0,6.0
1,64,17,2.8,12.18805811305891,0.0,7,62.0,6.0
1,64,18,3.6,8.097575908450986,0.125,7,62.0,6.0
1,64,19,3.0,11.198085960965036,0.0,7,62.0,6.0
1,64,20,2.8,9.780612741666213,0.0,7,62.0,6.0
1,64,21,3.2,9.120954704570734,0.0,7,62.0,6.0
1,64,22,2.0,14.550935532552357,0.0,4,62.0,6.0
2,64,1,2.8,13.552274075426068,0.0,7,62.0,6.0
2,64,2,3.0,9.594622417605343,0.0,7,62.0,6.0
2,64,3,3.6,9.9511199896831,0.125,7,62.0,6.0
2,64,4,2.8,10.12046829878188,0.0,7,62.0,6.0
2,64,5,2.8,9.628389131795394,0.0,7,62.0,6.0
2,64,6,2.8,12.94983397048397,0.0,7,62.0,6.0
2,64,7,3.0,11.177733469718447,0.0,7,62.0,6.0
2,64,8,2.8,12.03142398111118,0.0,7,62.0,6.0
2,64,9,2.8,10.122382688562194,0.0,7,62.0,6.0
2,64,10,2.8,11.892212582350536,0.0,7,62.0,6.0
2,64,11,2.8,9.767782496004672,0.0,7,62.0,6.0
2,64,12,2.8,13.652033544968733,0.0,7,62.0,6.0
2,64,13,2.8,12.840741728924547,0.0,7,62.0,6.0
2,64,14,2.8,10.524772741539932,0.0,7,62.0,6.0
2,64,15,2.8,10.172496786060883,0.0,7,62.0,6.0
2,64,16,3.0,11.31621564923143,0.0,7,62.0,6.0
2,64,17,2.8,14.5809846886251,0.0,7,62.0,6.0
2,64,18,2.8,16.729613545994894,0.0,7,62.0,6.0
2,64,19,3.8,8.709112048302384,0.125,7,62.0,6.0
2,64,20,2.8,8.215305148471927,0.0,7,62.0,6.0
2,64,21,3.0,9.897225486171903,0.0,7,62.0,6.0
3,64,1,2.8,10.104832997069412,0.0,7,62.0,6.0
3,64,2,2.8,12.170100728158955,0.0,7,62.0,6.0
3,64,3,2.8,10.640231604121947,0.0,7,62.0,6.0
3,64,4,2.8,9.548148627671624,0.0,7,62.0,6.0
3,64,5,2.8,10.104758453485433,0.0,7,62.0,6.0
3,64,6,2.8,9.298766314574086,0.0,7,62.0,6.0
3,64,7,2.8,10.578342567303803,0.0,7,62.0,6.0
3,64,8,2.8,12.182760057060689,0.0,7,62.0,6.0
3,64,9,2.8,14.350383170794002,0.0,7,62.0,6.0
3,64,10,2.8,11.230972112114822,0.0,7,62.0,6.0
3,64,11,2.8,10.22726631074328,0.0,7,62.0,6.0
3,64,12,3.0,11.38136709645774,0.0,7,62.0,6.0
3,64,13,2.8,9.996769011143085,0.0,7,62.0,6.0
3,64,14,2.8,10.609409814818108,0.0,7,62.0,6.0
3,64,15,2.8,17.067831988948907,0.0,7,62.0,6.0
3,64,16,3.0,9.879005162389287,0.0,7,62.0,6.0
3,64,17,2.8,12.678387015666893,0.0,7,62.0,6.0
3,64,18,3.0,9.79491105644065,0.0,7,62.0,6.0
3,64,19,2.8,11.126519611700251,0.0,7,62.0,6.0
3,64,20,2.8,10.5701324060667,0.0,7,62.0,6.0
3,64,21,2.8,9.745092712507146,0.0,7,62.0,6.0
3,64,22,3.0,11.555275194796039,0.0,7,62.0,6.0
1,65,1,3.6,10.954882680276265,0.0,7,62.0,6.0
1,65,2,2.8,15.524948649064818,0.0,7,62.0,6.0
1,65,3,3.0,12.173859131246283,0.0,7,62.0,6.0
1,65,4,3.0,7.407574911158475,0.0,7,62.0,6.0
1,65,5,2.8,16.2458840034704,0.0,7,62.0,6.0
1,65,6,2.8,9.309132719628007,0.0,7,62.0,6.0
1,65,7,2.8,10.464633378472344,0.0,7,62.0,6.0
1,65,8,2.8,10.603227347661443,0.0,7,62.0,6.0
1,65,9,2.8,13.76553066479304,0.0,7,62.0,6.0
1,65,10,2.8,12.821470088543121,0.0,7,62.0,6.0
1,65,11,2.8,16.943149305705568,0.0,7,62.0,6.0
1,65,12,2.8,16.873021781261205,0.0,7,62.0,6.0
1,65,13,2.8,10.552296302460864,0.0,7,62.0,6.0
1,65,14,2.8,14.698379920321386,0.0,7,62.0,6.0
1,65,15,2.8,15.100872260787394,0.0,7,62.0,6.0
1,65,16,2.8,10.549536155178387,0.0,7,62.0,6.0
1,65,17,2.8,10.657600877294788,0.0,7,62.0,6.0
1,65,18,3.6,7.320454219368169,0.125,7,62.0,6.0
1,65,19,3.6,7.856288677793613,0.125,7,62.0,6.0
1,65,20,2.8,12.175886759824271,0.0,7,62.0,6.0
1,65,21,2.8,10.109080392335152,0.0,7,62.0,6.0
2,65,1,2.8,14.448716666488249,0.0,7,62.0,6.0
2,65,2,2.8,10.479271902186902,0.0,7,62.0,6.0
2,65,3,3.6,9.372574023634801,0.125,7,62.0,6.0
2,65,4,2.8,11.491659766002526,0.0,7,62.0,6.0
2,65,5,2.8,9.933375829369991,0.0,7,62.0,6.0
2,65,6,2.8,9.416517989159214,0.0,7,62.0,6.0
2,65,7,3.0,13.331101869137191,0.0,7,62.0,6.0
2,65,8,3.0,9.280913935506657,0.0,7,62.0,6.0
2,65,9,2.8,12.226917263279743,0.0,7,62.0,6.0
2,65,10,2.8,11.732523532112356,0.0,7,62.0,6.0
2,65,11,2.8,10.671017323251148,0.0,7,62.0,6.0
2,65,12,2.8,12.822038640850128,0.0,7,62.0,6.0
2,65,13,2.8,10.896238619273433,0.0,7,62.0,6.0
2,65,14,2.8,11.515585912535025,0.0,7,62.0,6.0
2,65,15,2.8,10.022470330151206,0.0,7,62.0,6.0
2,65,16,3.0,11.529537879496171,0.0,7,62.0,6.0
2,65,17,2.8,11.050732576454788,0.0,7,62.0,6.0
2,65,18,2.8,13.634211717198529,0.0,7,62.0,6.0
2,65,19,3.0,12.847774331509287,0.0,7,62.0,6.0
2,65,20,2.8,9.252563635458344,0.0,7,62.0,6.0
2,65,21,3.0,8.394885101229862,0.0,7,62.0,6.0
3,65,1,2.8,10.17205646200261,0.0,7,62.0,6.0
3,65,2,2.8,11.681952299078755,0.0,7,62.0,6.0
3,65,3,2.8,13.272511319008276,0.0,7,62.0,6.0
3,65,4,2.8,9.343927961814419,0.0,7,62.0,6.0
3,65,5,2.8,10.432234764288603,0.0,7,62.0,6.0
3,65,6,2.8,9.93304485899126,0.0,7,62.0,6.0
3,65,7,2.8,10.32825302509006,0.0,7,62.0,6.0
3,65,8,2.8,11.242234460329737,0.0,7,62.0,6.0
3,65,9,2.8,14.87386497560158,0.0,7,62.0,6.0
3,65,10,2.8,11.748749692618782,0.0,7,62.0,6.0
3,65,11,2.8,12.741352072873795,0.0,7,62.0,6.0
3,65,12,2.8,12.409238705723718,0.0,7,62.0,6.0
3,65,13,3.0,10.188072208457399,0.0,7,62.0,6.0
3,65,14,2.8,12.075717881237871,0.0,7,62.0,6.0
3,65,15,2.8,11.298080449439635,0.0,7,62.0,6.0
3,65,16,2.8,12.810236415019832,0.0,7,62.0,6.0
3,65,17,2.8,16.669322009465844,0.0,7,62.0,6.0
3,65,18,2.8,9.527085082940287,0.0,7,62.0,6.0
3,65,19,2.8,14.805811976656942,0.0,7,62.0,6.0
3,65,20,2.8,11.703028730704027,0.0,7,62.0,6.0
3,65,21,2.8,9.682736006369424,0.0,7,62.0,6.0
3,65,22,2.8,11.452494949162155,0.0,7,62.0,6.0
1,66,1,3.6,10.092549020752017,0.0,7,62.0,6.0
1,66,2,2.8,16.685608230139962,0.0,7,62.0,6.0
1,66,3,2.8,13.325075986767876,0.0,7,62.0,6.0
1,66,4,3.0,8.764424792407246,0.0,7,62.0,6.0
1,66,5,2.8,13.873723834246483,0.0,7,62.0,6.0
1,66,6,2.8,10.60959863091321,0.0,7,62.0,6.0
1,66,7,2.8,13.245553101085298,0.0,7,62.0,6.0
1,66,8,2.8,14.213439887241032,0.0,7,62.0,6.0
1,66,9,2.8,11.953663234091858,0.0,7,62.0,6.0
1,66,10,2.8,12.010786323319998,0.0,7,62.0,6.0
1,66,11,2.8,12.230978632123803,0.0,7,62.0,6.0
1,66,12,2.8,15.528785654133879,0.0,7,62.0,6.0
1,66,13,2.8,9.533535557619539,0.0,7,62.0,6.0
1,66,14,2.8,15.927695156328191,0.0,7,62.0,6.0
1,66,15,2.8,11.047334417377424,0.0,7,62.0,6.0
1,66,16,2.8,10.987069828964632,0.0,7,62.0,6.0
1,66,17,2.8,14.649590171169347,0.0,7,62.0,6.0
1,66,18,3.0,8.92716489328678,0.0,7,62.0,6.0
1,66,19,3.0,9.309902550301393,0.0,7,62.0,6.0
1,66,20,3.0,12.67861967515189,0.0,7,62.0,6.0
1,66,21,2.8,9.900897049219514,0.0,7,62.0,6.0
1,66,22,2.6,11.564469911429926,0.0,6,62.0,6.0
2,66,1,2.8,13.004765044274915,0.0,7,62.0,6.0
2,66,2,2.8,11.747312572509344,0.0,7,62.0,6.0
2,66,3,3.0,12.653114141587714,0.0,7,62.0,6.0
2,66,4,2.8,10.09807465341198,0.0,7,62.0,6.0
2,66,5,3.0,8.403858562658451,0.0,7,62.0,6.0
2,66,6,2.8,10.93653495678366,0.0,7,62.0,6.0
2,66,7,3.0,12.164755569569776,0.0,7,62.0,6.0
2,66,8,2.8,11.215100125278092,0.0,7,62.0,6.0
2,66,9,2.8,10.3981769015655,0.0,7,62.0,6.0
2,66,10,2.8,12.885188765534926,0.0,7,62.0,6.0
2,66,11,2.8,9.926552631708647,0.0,7,62.0,6.0
2,66,12,2.8,11.277307660107736,0.0,7,62.0,6.0
2,66,13,2.8,12.577776978036516,0.0,7,62.0,6.0
2,66,14,2.8,10.898469179440406,0.0,7,62.0,6.0
2,66,15,2.8,9.353842261758357,0.0,7,62.0,6.0
2,66,16,3.6,8.301266250384456,0.125,7,62.0,6.0
2,66,17,2.8,11.934860864868583,0.0,7,62.0,6.0
2,66,18,2.8,14.008960464058019,0.0,7,62.0,6.0
2,66,19,2.8,13.28487980072401,0.0,7,62.0,6.0
2,66,20,2.8,9.656212942425785,0.0,7,62.0,6.0
2,66,21,3.0,8.569590623578023,0.0,7,62.0,6.0
2,66,22,2.0,17.22245244144352,0.0,4,62.0,6.0
3,66,1,2.8,10.781732656826803,0.0,7,62.0,6.0
3,66,2,2.8,10.589716237447577,0.0,7,62.0,6.0
3,66,3,2.8,11.880322635661908,0.0,7,62.0,6.0
3,66,4,2.8,9.761495642767743,0.0,7,62.0,6.0
3,66,5,2.8,9.56733239989489,0.0,7,62.0,6.0
3,66,6,2.8,10.887913952347875,0.0,7,62.0,6.0
3,66,7,2.8,9.974531357660103,0.0,7,62.0,6.0
3,66,8,2.8,11.431344887477495,0.0,7,62.0,6.0
3,66,9,2.8,11.055917376311594,0.0,7,62.0,6.0
3,66,10,2.8,11.59286500042645,0.0,7,62.0,6.0
3,66,11,2.8,12.134647959274742,0.0,7,62.0,6.0
3,66,12,3.6,8.64404050692784,0.125,7,62.0,6.0
3,66,13,2.8,10.801675133177241,0.0,7,62.0,6.0
3,66,14,2.8,9.823468186749187,0.0,7,62.0,6.0
3,66,15,2.8,15.118527945528461,0.0,7,62.0,6.0
3,66,16,3.0,10.576072614102774,0.0,7,62.0,6.0
3,66,17,2.8,13.452429762934466,0.0,7,62.0,6.0
3,66,18,3.0,9.57114174613789,0.0,7,62.0,6.0
3,66,19,2.8,13.854393839229754,0.0,7,62.0,6.0
3,66,20,2.8,9.209471609087858,0.0,7,62.0,6.0
3,66,21,2.8,10.557558248370633,0.0,7,62.0,6.0
3,66,22,2.8,11.92980320468649,0.0,7,62.0,6.0
1,67,1,3.6,10.974834135517607,0.0,7,62.0,6.0
1,67,2,2.8,14.140585462652309,0.0,7,62.0,6.0
1,67,3,2.8,13.150600106464154,0.0,7,62.0,6.0
1,67,4,2.8,8.927089642644315,0.0,7,62.0,6.0
1,67,5,2.8,12.690806720895388,0.0,7,62.0,6.0
1,67,6,2.8,9.050341407621435,0.0,7,62.0,6.0
1,67,7,2.8,11.105720060908663,0.0,7,62.0,6.0
1,67,8,2.8,11.59417565939151,0.0,7,62.0,6.0
1,67,9,2.8,9.749536630398973,0.0,7,62.0,6.0
1,67,10,2.8,13.209297375020418,0.0,7,62.0,6.0
1,67,11,2.8,16.879688592421154,0.0,7,62.0,6.0
1,67,12,2.8,14.786297844773543,0.0,7,62.0,6.0
1,67,13,2.8,12.660602954252191,0.0,7,62.0,6.0
1,67,14,2.8,18.282985208540037,0.0,7,62.0,6.0
1,67,15,2.8,13.11863195558222,0.0,7,62.0,6.0
1,67,16,2.8,11.99723242258072,0.0,7,62.0,6.0
1,67,17,2.8,12.996493707197112,0.0,7,62.0,6.0
1,67,18,3.6,7.878564572104832,0.125,7,62.0,6.0
1,67,19,2.8,9.273401449079989,0.0,7,62.0,6.0
1,67,20,2.8,13.595152199609709,0.0,7,62.0,6.0
1,67,21,3.0,9.20023388021838,0.0,7,62.0,6.0
1,67,22,2.4,12.509156384797993,0.0,6,62.0,6.0
2,67,1,2.8,15.832623602722009,0.0,7,62.0,6.0
2,67,2,2.8,10.551587487304905,0.0,7,62.0,6.0
2,67,3,3.2,10.788249604459285,0.0,7,62.0,6.0
2,67,4,2.8,11.21907083327241,0.0,7,62.0,6.0
2,67,5,2.8,9.355615108732797,0.0,7,62.0,6.0
2,67,6,2.8,9.084643648942174,0.0,7,62.0,6.0
2,67,7,3.6,8.205284081806832,0.125,7,62.0,6.0
2,67,8,2.8,11.937492078513989,0.0,7,62.0,6.0
2,67,9,2.8,12.17822566989633,0.0,7,62.0,6.0
2,67,10,2.8,11.073986621003623,0.0,7,62.0,6.0
2,67,11,2.8,8.99228104934769,0.0,7,62.0,6.0
2,67,12,2.8,16.802488188621812,0.0,7,62.0,6.0
2,67,13,2.8,11.55498617036212,0.0,7,62.0,6.0
2,67,14,2.8,10.311834863213422,0.0,7,62.0,6.0
2,67,15,2.8,9.7664040172288,0.0,7,62.0,6.0
2,67,16,3.0,10.609535203963734,0.0,7,62.0,6.0
2,67,17,2.8,12.221034470570938,0.0,7,62.0,6.0
2,67,18,2.8,12.543670052978916,0.0,7,62.0,6.0
2,67,19,3.2,9.318922227033632,0.0,7,62.0,6.0
2,67,20,2.8,9.424778954112526,0.0,7,62.0,6.0
2,67,21,3.0,7.634619612150415,0.0,7,62.0,6.0
3,67,1,2.8,9.92446808070633,0.0,7,62.0,6.0
3,67,2,2.8,11.356582420865939,0.0,7,62.0,6.0
3,67,3,2.8,11.903444555351241,0.0,7,62.0,6.0
3,67,4,2.8,10.516825302014785,0.0,7,62.0,6.0
3,67,5,2.8,10.450059336193547,0.0,7,62.0,6.0
3,67,6,2.8,8.841716200560718,0.0,7,62.0,6.0
3,67,7,2.8,11.218660355595894,0.0,7,62.0,6.0
3,67,8,2.8,11.716016159573995,0.0,7,62.0,6.0
3,67,9,2.8,13.555260088844376,0.0,7,62.0,6.0
3,67,10,2.8,10.516456838731228,0.0,7,62.0,6.0
3,67,11,2.8,12.110620018136016,0.0,7,62.0,6.0
3,67,12,3.6,8.934467032985552,0.125,7,62.0,6.0
3,67,13,2.8,10.614217939085107,0.0,7,62.0,6.0
3,67,14,2.8,9.444244821066412,0.0,7,62.0,6.0
3,67,15,2.8,14.825352547330448,0.0,7,62.0,6.0
3,67,16,3.0,10.414000782802464,0.0,7,62.0,6.0
3,67,17,2.8,14.301760826352158,0.0,7,62.0,6.0
3,67,18,3.0,10.109007879861904,0.0,7,62.0,6.0
3,67,19,2.8,10.411183903310558,0.0,7,62.0,6.0
3,67,20,2.8,8.914172966339098,0.0,7,62.0,6.0
3,67,21,2.8,12.976790304408434,0.0,7,62.0,6.0
3,67,22,3.0,11.248470495863799,0.0,7,62.0,6.0
1,68,1,3.4,11.80852344844426,0.0,7,62.0,6.0
1,68,2,2.8,13.81637254981989,0.0,7,62.0,6.0
1,68,3,2.8,11.729398156292943,0.0,7,62.0,6.0
1,68,4,3.0,9.33876583589619,0.0,7,62.0,6.0
1,68,5,2.8,14.561457869105888,0.0,7,62.0,6.0
1,68,6,2.8,9.258927715583074,0.0,7,62.0,6.0
1,68,7,2.8,10.117477153678715,0.0,7,62.0,6.0
1,68,8,2.8,12.32956657680803,0.0,7,62.0,6.0
1,68,9,2.8,11.653877456412104,0.0,7,62.0,6.0
1,68,10,2.8,10.210215585296137,0.0,7,62.0,6.0
1,68,11,2.8,12.740049951502638,0.0,7,62.0,6.0
1,68,12,2.8,11.045959658186343,0.0,7,62.0,6.0
1,68,13,2.8,11.118811686744968,0.0,7,62.0,6.0
1,68,14,2.8,11.378503010091677,0.0,7,62.0,6.0
1,68,15,2.8,11.152107329274129,0.0,7,62.0,6.0
1,68,16,2.8,12.417507169441842,0.0,7,62.0,6.0
1,68,17,2.8,14.85466593961205,0.0,7,62.0,6.0
1,68,18,3.6,7.395136171987881,0.125,7,62.0,6.0
1,68,19,3.0,8.834705859863046,0.0,7,62.0,6.0
1,68,20,2.8,11.260068869066993,0.0,7,62.0,6.0
1,68,21,3.2,8.2229310821841,0.0,7,62.0,6.0
1,68,22,2.0,13.25285338767146,0.0,5,62.0,6.0
2,68,1,2.8,13.49248016452152,0.0,7,62.0,6.0
2,68,2,2.8,9.950740028659055,0.0,7,62.0,6.0
2,68,3,3.6,9.134604923092674,0.125,7,62.0,6.0
2,68,4,2.8,11.578680919683734,0.0,7,62.0,6.0
2,68,5,2.8,10.249664110983373,0.0,7,62.0,6.0
2,68,6,2.8,9.431038197380003,0.0,7,62.0,6.0
2,68,7,3.6,8.355393591309802,0.125,7,62.0,6.0
2,68,8,2.8,11.371567565893617,0.0,7,62.0,6.0
2,68,9,2.8,11.589360679738897,0.0,7,62.0,6.0
2,68,10,2.8,10.970873676908596,0.0,7,62.0,6.0
2,68,11,2.8,10.721292102762506,0.0,7,62.0,6.0
2,68,12,2.8,12.006322734874875,0.0,7,62.0,6.0
2,68,13,2.8,11.078554073481799,0.0,7,62.0,6.0
2,68,14,2.8,10.157575861598133,0.0,7,62.0,6.0
2,68,15,3.0,8.306724221673193,0.0,7,62.0,6.0
2,68,16,2.8,10.282479448125807,0.0,7,62.0,6.0
2,68,17,2.8,13.623004392953161,0.0,7,62.0,6.0
2,68,18,2.8,13.535304614983247,0.0,7,62.0,6.0
2,68,19,3.8,7.871937397961631,0.125,7,62.0,6.0
2,68,20,2.8,8.62488525956361,0.0,7,62.0,6.0
2,68,21,3.0,11.962410807789269,0.0,7,62.0,6.0
3,68,1,2.8,9.956781223484631,0.0,7,62.0,6.0
3,68,2,2.8,13.109163569596939,0.0,7,62.0,6.0
3,68,3,2.8,12.310758604683688,0.0,7,62.0,6.0
3,68,4,2.8,8.986952569855093,0.0,7,62.0,6.0
3,68,5,2.8,10.39676741956127,0.0,7,62.0,6.0
3,68,6,2.8,9.256546281878359,0.0,7,62.0,6.0
3,68,7,2.8,10.745611103117616,0.0,7,62.0,6.0
3,68,8,2.8,11.783734634754724,0.0,7,62.0,6.0
3,68,9,2.8,12.082444557238436,0.0,7,62.0,6.0
3,68,10,2.8,11.978856795354407,0.0,7,62.0,6.0
3,68,11,2.8,10.99979850093342,0.0,7,62.0,6.0
3,68,12,3.6,9.474226173904905,0.125,7,62.0,6.0
3,68,13,2.8,10.595829453651506,0.0,7,62.0,6.0
3,68,14,2.8,8.959998618480315,0.0,7,62.0,6.0
3,68,15,2.8,13.222769772970645,0.0,7,62.0,6.0
3,68,16,3.0,9.891868399286855,0.0,7,62.0,6.0
3,68,17,2.8,14.006979802633852,0.0,7,62.0,6.0
3,68,18,3.0,11.263220477397851,0.0,7,62.0,6.0
3,68,19,2.8,10.97146911199695,0.0,7,62.0,6.0
3,68,20,2.8,9.00605630226384,0.0,7,62.0,6.0
3,68,21,2.8,10.222293095144313,0.0,7,62.0,6.0
3,68,22,2.8,11.046396362547924,0.0,7,62.0,6.0
1,69,1,4.0,8.407269180837586,0.0,7,62.0,6.0
1,69,2,3.0,13.230321804845925,0.0,7,62.0,6.0
1,69,3,2.8,11.991969328863227,0.0,7,62.0,6.0
1,69,4,3.0,8.224774542511636,0.0,7,62.0,6.0
1,69,5,3.0,10.752573951122972,0.0,7,62.0,6.0
1,69,6,2.8,12.201633347127473,0.0,7,62.0,6.0
1,69,7,2.8,11.193869641206568,0.0,7,62.0,6.0
1,69,8,2.8,10.828500626920162,0.0,7,62.0,6.0
1,69,9,2.8,15.372241067092045,0.0,7,62.0,6.0
1,69,10,2.8,12.723510443548825,0.0,7,62.0,6.0
1,69,11,2.8,11.80294515538079,0.0,7,62.0,6.0
1,69,12,2.8,14.415532766841189,0.0,7,62.0,6.0
1,69,13,2.8,11.018381228886236,0.0,7,62.0,6.0
1,69,14,2.8,14.07622936917263,0.0,7,62.0,6.0
1,69,15,2.8,12.890847123905951,0.0,7,62.0,6.0
1,69,16,2.8,10.975904852709535,0.0,7,62.0,6.0
1,69,17,2.8,12.523653643704693,0.0,7,62.0,6.0
1,69,18,2.8,9.882909119167683,0.0,7,62.0,6.0
1,69,19,3.0,8.833405216500163,0.0,7,62.0,6.0
1,69,20,2.8,11.832345296876284,0.0,7,62.0,6.0
1,69,21,3.0,10.309207477795546,0.0,7,62.0,6.0
1,69,22,2.0,14.672698408622336,0.0,5,62.0,6.0
2,69,1,2.8,14.798311033248902,0.0,7,62.0,6.0
2,69,2,2.8,12.516617442304955,0.0,7,62.0,6.0
2,69,3,3.8,8.3051023449953,0.125,7,62.0,6.0
2,69,4,2.8,11.361244486132748,0.0,7,62.0,6.0
2,69,5,2.8,9.704778384369323,0.0,7,62.0,6.0
2,69,6,2.8,10.291421348099833,0.0,7,62.0,6.0
2,69,7,3.0,11.016662679753304,0.0,7,62.0,6.0
2,69,8,2.8,11.708956258376636,0.0,7,62.0,6.0
2,69,9,2.8,12.762716886172448,0.0,7,62.0,6.0
2,69,10,2.8,11.55519376112585,0.0,7,62.0,6.0
2,69,11,2.8,11.493170075674112,0.0,7,62.0,6.0
2,69,12,2.8,11.899054460062008,0.0,7,62.0,6.0
2,69,13,2.8,13.032269253259237,0.0,7,62.0,6.0
2,69,14,2.8,10.364257443840918,0.0,7,62.0,6.0
2,69,15,2.8,9.01762574000751,0.0,7,62.0,6.0
2,69,16,3.0,11.683712828876757,0.0,7,62.0,6.0
2,69,17,2.8,12.49568712244306,0.0,7,62.0,6.0
2,69,18,2.8,13.164660803542338,0.0,7,62.0,6.0
2,69,19,3.0,11.828989645803208,0.0,7,62.0,6.0
2,69,20,2.8,9.864406497787531,0.0,7,62.0,6.0
2,69,21,3.0,8.583387312393745,0.0,7,62.0,6.0
3,69,1,2.8,10.743853384483813,0.0,7,62.0,6.0
3,69,2,2.8,11.840258398767016,0.0,7,62.0,6.0
3,69,3,2.8,14.098578150451983,0.0,7,62.0,6.0
3,69,4,2.8,9.563077942141627,0.0,7,62.0,6.0
3,69,5,2.8,10.138258258732815,0.0,7,62.0,6.0
3,69,6,2.8,9.916939031612683,0.0,7,62.0,6.0
3,69,7,2.8,9.450509228301218,0.0,7,62.0,6.0
3,69,8,2.8,11.944830346366299,0.0,7,62.0,6.0
3,69,9,2.8,12.605386243774458,0.0,7,62.0,6.0
3,69,10,2.8,12.29182342888817,0.0,7,62.0,6.0
3,69,11,2.8,11.26313457408369,0.0,7,62.0,6.0
3,69,12,3.0,12.296670229704906,0.0,7,62.0,6.0
3,69,13,2.8,9.01006809141967,0.0,7,62.0,6.0
3,69,14,2.8,12.269517731804825,0.0,7,62.0,6.0
3,69,15,2.8,12.575768674591597,0.0,7,62.0,6.0
3,69,16,3.0,10.024736069830373,0.0,7,62.0,6.0
3,69,17,2.8,13.284209520516846,0.0,7,62.0,6.0
3,69,18,3.0,10.394171886999871,0.0,7,62.0,6.0
3,69,19,2.8,11.48160589383273,0.0,7,62.0,6.0
3,69,20,2.8,11.148130949006555,0.0,7,62.0,6.0
3,69,21,2.8,8.843306432833753,0.0,7,62.0,6.0
3,69,22,2.8,10.862855218830497,0.0,7,62.0,6.0
1,70,1,3.6,11.368214527517004,0.0,7,62.0,6.0
1,70,2,2.8,13.476487306902197,0.0,7,62.0,6.0
1,70,3,3.0,12.323232455119744,0.0,7,62.0,6.0
1,70,4,3.0,7.584723746888731,0.0,7,62.0,6.0
1,70,5,2.8,13.951514235376678,0.0,7,62.0,6.0
1,70,6,2.8,11.449267812812332,0.0,7,62.0,6.0
1,70,7,2.8,10.48283758511879,0.0,7,62.0,6.0
1,70,8,2.8,9.922324737748466,0.0,7,62.0,6.0
1,70,9,2.8,12.329163027517069,0.0,7,62.0,6.0
1,70,10,2.8,10.09393211318776,0.0,7,62.0,6.0
1,70,11,2.8,14.462642095355038,0.0,7,62.0,6.0
1,70,12,2.8,16.19291358858623,0.0,7,62.0,6.0
1,70,13,2.8,11.283361457027691,0.0,7,62.0,6.0
1,70,14,2.8,15.256575872561033,0.0,7,62.0,6.0
1,70,15,2.8,12.902273096069404,0.0,7,62.0,6.0
1,70,16,2.8,11.741777220515862,0.0,7,62.0,6.0
1,70,17,2.8,12.212759264291991,0.0,7,62.0,6.0
1,70,18,3.6,8.26415231216357,0.125,7,62.0,6.0
1,70,19,3.0,9.90910855429968,0.0,7,62.0,6.0
1,70,20,2.8,12.170851465824628,0.0,7,62.0,6.0
1,70,21,3.2,9.708759198241108,0.0,7,62.0,6.0
1,70,22,2.0,19.0315634622432,0.0,4,62.0,6.0
2,70,1,2.8,14.050405591570334,0.0,7,62.0,6.0
2,70,2,2.8,12.568058295216591,0.0,7,62.0,6.0
2,70,3,3.0,12.812149493247343,0.0,7,62.0,6.0
2,70,4,3.0,10.318917962024287,0.0,7,62.0,6.0
2,70,5,2.8,9.398745808608343,0.0,7,62.0,6.0
2,70,6,2.8,10.975787557220407,0.0,7,62.0,6.0
2,70,7,3.6,10.036491047189518,0.125,7,62.0,6.0
2,70,8,2.8,10.780241814297852,0.0,7,62.0,6.0
2,70,9,2.8,10.995913666681185,0.0,7,62.0,6.0
2,70,10,2.8,11.319939752239172,0.0,7,62.0,6.0
2,70,11,2.8,9.450820078645197,0.0,7,62.0,6.0
2,70,12,2.8,14.092420007932756,0.0,7,62.0,6.0
2,70,13,2.8,13.172610359068141,0.0,7,62.0,6.0
2,70,14,2.8,10.978167855417421,0.0,7,62.0,6.0
2,70,15,2.8,9.876804811377735,0.0,7,62.0,6.0
2,70,16,3.6,8.070896103889877,0.125,7,62.0,6.0
2,70,17,2.8,10.961583802163329,0.0,7,62.0,6.0
2,70,18,2.8,13.045803721383608,0.0,7,62.0,6.0
2,70,19,3.2,10.744979304874658,0.0,7,62.0,6.0
2,70,20,2.8,8.46546653628783,0.0,7,62.0,6.0
2,70,21,3.6,8.4731506616919,0.125,7,62.0,6.0
3,70,1,2.8,10.34409440355097,0.0,7,62.0,6.0
3,70,2,2.8,12.518846972335952,0.0,7,62.0,6.0
3,70,3,2.8,11.996839310211612,0.0,7,62.0,6.0
3,70,4,2.8,9.984594755603176,0.0,7,62.0,6.0
3,70,5,2.8,11.134968958780451,0.0,7,62.0,6.0
3,70,6,2.8,11.269075943102708,0.0,7,62.0,6.0
3,70,7,2.8,10.363253665699672,0.0,7,62.0,6.0
3,70,8,2.8,13.06777205439916,0.0,7,62.0,6.0
3,70,9,2.8,12.553640000796625,0.0,7,62.0,6.0
3,70,10,2.8,10.949482749149766,0.0,7,62.0,6.0
3,70,11,2.8,12.158771434696584,0.0,7,62.0,6.0
3,70,12,3.0,12.600678718698934,0.0,7,62.0,6.0
3,70,13,2.8,8.996814309206854,0.0,7,62.0,6.0
3,70,14,2.8,13.25324434720172,0.0,7,62.0,6.0
3,70,15,2.8,15.913228151748926,0.0,7,62.0,6.0
3,70,16,3.2,10.453205510081098,0.0,7,62.0,6.0
3,70,17,2.8,12.144267316396576,0.0,7,62.0,6.0
3,70,18,3.0,12.323234642656521,0.0,7,62.0,6.0
3,70,19,2.8,11.60474411351768,0.0,7,62.0,6.0
3,70,20,2.8,12.130600600940417,0.0,7,62.0,6.0
3,70,21,2.8,9.720047966008535,0.0,7,62.0,6.0
3,70,22,2.8,12.364221238199525,0.0,7,62.0,6.0
1,71,1,3.6,10.89546119734676,0.0,7,62.0,6.0
1,71,2,2.8,15.249928258246168,0.0,7,62.0,6.0
1,71,3,3.0,14.382019550766271,0.0,7,62.0,6.0
1,71,4,3.0,8.410421312031168,0.0,7,62.0,6.0
1,71,5,2.8,14.488205861750481,0.0,7,62.0,6.0
1,71,6,2.8,10.492378342053637,0.0,7,62.0,6.0
1,71,7,2.8,11.459659840229092,0.0,7,62.0,6.0
1,71,8,2.8,10.85144805181786,0.0,7,62.0,6.0
1,71,9,2.8,11.001176630553957,0.0,7,62.0,6.0
1,71,10,2.8,11.701136716135005,0.0,7,62.0,6.0
1,71,11,2.8,11.596060976915481,0.0,7,62.0,6.0
1,71,12,2.8,19.43003646955822,0.0,7,62.0,6.0
1,71,13,2.8,11.116836780390624,0.0,7,62.0,6.0
1,71,14,2.8,14.179587979034094,0.0,7,62.0,6.0
1,71,15,2.8,16.02446901834455,0.0,7,62.0,6.0
1,71,16,2.8,11.880674929246805,0.0,7,62.0,6.0
1,71,17,2.8,10.98796629059853,0.0,7,62.0,6.0
1,71,18,3.6,7.606923223086709,0.125,7,62.0,6.0
1,71,19,3.6,8.720326278067045,0.125,7,62.0,6.0
1,71,20,2.8,10.93821888337258,0.0,7,62.0,6.0
1,71,21,2.8,9.81277147464289,0.0,7,62.0,6.0
2,71,1,3.0,12.816864137044913,0.0,7,62.0,6.0
2,71,2,2.8,13.025256679971648,0.0,7,62.0,6.0
2,71,3,4.0,8.736447258031843,0.125,7,62.0,6.0
2,71,4,2.8,9.487433361149545,0.0,7,62.0,6.0
2,71,5,2.8,10.339383856139156,0.0,7,62.0,6.0
2,71,6,2.8,9.918660011760931,0.0,7,62.0,6.0
2,71,7,3.0,11.64316997190895,0.0,7,62.0,6.0
2,71,8,2.8,12.640704148905604,0.0,7,62.0,6.0
2,71,9,2.8,12.189921121587158,0.0,7,62.0,6.0
2,71,10,2.8,10.609293768467396,0.0,7,62.0,6.0
2,71,11,2.8,11.464896576576683,0.0,7,62.0,6.0
2,71,12,2.8,11.423284093628384,0.0,7,62.0,6.0
2,71,13,2.8,12.50564901517106,0.0,7,62.0,6.0
2,71,14,2.8,11.34454890358574,0.0,7,62.0,6.0
2,71,15,3.0,8.503049592194383,0.0,7,62.0,6.0
2,71,16,2.8,12.69404675230705,0.0,7,62.0,6.0
2,71,17,2.8,11.121126774779412,0.0,7,62.0,6.0
2,71,18,2.8,16.143295654261706,0.0,7,62.0,6.0
2,71,19,3.8,8.903264462799159,0.125,7,62.0,6.0
2,71,20,2.8,8.469616731307982,0.0,7,62.0,6.0
2,71,21,3.0,9.860289091779176,0.0,7,62.0,6.0
3,71,1,2.8,9.719439311816874,0.0,7,62.0,6.0
3,71,2,2.8,12.392023522050495,0.0,7,62.0,6.0
3,71,3,2.8,10.867097327348388,0.0,7,62.0,6.0
3,71,4,2.8,9.919818304353914,0.0,7,62.0,6.0
3,71,5,2.8,9.405491588353353,0.0,7,62.0,6.0
3,71,6,2.8,9.590384323696572,0.0,7,62.0,6.0
3,71,7,2.8,11.218660355595798,0.0,7,62.0,6.0
3,71,8,3.0,11.121575689093886,0.0,7,62.0,6.0
3,71,9,2.8,11.448431124833897,0.0,7,62.0,6.0
3,71,10,2.8,9.849799715117635,0.0,7,62.0,6.0
3,71,11,2.8,10.15875117443241,0.0,7,62.0,6.0
3,71,12,3.0,12.577292012269549,0.0,7,62.0,6.0
3,71,13,2.8,9.753283980163681,0.0,7,62.0,6.0
3,71,14,2.8,11.27366064679,0.0,7,62.0,6.0
3,71,15,2.8,15.655761944411639,0.0,7,62.0,6.0
3,71,16,3.0,10.39743239305109,0.0,7,62.0,6.0
3,71,17,2.8,14.170079079511588,0.0,7,62.0,6.0
3,71,18,3.0,11.754807907758119,0.0,7,62.0,6.0
3,71,19,2.8,13.83623687747462,0.0,7,62.0,6.0
3,71,20,2.8,10.52345771780076,0.0,7,62.0,6.0
3,71,21,2.8,9.098292303701088,0.0,7,62.0,6.0
3,71,22,2.8,11.439212399231524,0.0,7,62.0,6.0
1,72,1,3.2,10.951613722738557,0.0,7,62.0,6.0
1,72,2,2.8,13.663876087972946,0.0,7,62.0,6.0
1,72,3,3.0,11.63422052543764,0.0,7,62.0,6.0
1,72,4,3.0,8.41306441446795,0.0,7,62.0,6.0
1,72,5,2.8,11.704795340383969,0.0,7,62.0,6.0
1,72,6,2.8,10.428643216923144,0.0,7,62.0,6.0
1,72,7,2.8,11.575030741457335,0.0,7,62.0,6.0
1,72,8,2.8,12.457004983933624,0.0,7,62.0,6.0
1,72,9,2.8,11.219908522998791,0.0,7,62.0,6.0
1,72,10,2.8,13.094482821617582,0.0,7,62.0,6.0
1,72,11,2.8,14.733609123412004,0.0,7,62.0,6.0
1,72,12,2.8,18.510790798696295,0.0,7,62.0,6.0
1,72,13,2.8,11.656506277387374,0.0,7,62.0,6.0
1,72,14,2.8,14.15898010257353,0.0,7,62.0,6.0
1,72,15,2.8,12.264256739495778,0.0,7,62.0,6.0
1,72,16,2.8,13.686657974572002,0.0,7,62.0,6.0
1,72,17,2.8,12.912944635957896,0.0,7,62.0,6.0
1,72,18,3.6,7.940856905772283,0.125,7,62.0,6.0
1,72,19,3.0,8.462501882439513,0.0,7,62.0,6.0
1,72,20,2.8,11.387741788782504,0.0,7,62.0,6.0
1,72,21,3.0,10.732699690341509,0.0,7,62.0,6.0
1,72,22,2.2,13.242142493586975,0.0,5,62.0,6.0
2,72,1,2.8,13.0603054233017,0.0,7,62.0,6.0
2,72,2,2.8,12.143833629072354,0.0,7,62.0,6.0
2,72,3,3.2,11.182754853614917,0.0,7,62.0,6.0
2,72,4,2.8,10.957767280244704,0.0,7,62.0,6.0
2,72,5,2.8,9.949149531921291,0.0,7,62.0,6.0
2,72,6,2.8,9.719894294231088,0.0,7,62.0,6.0
2,72,7,3.6,8.975971095539991,0.125,7,62.0,6.0
2,72,8,2.8,11.21513092294594,0.0,7,62.0,6.0
2,72,9,2.8,11.667139545166323,0.0,7,62.0,6.0
2,72,10,2.8,11.800433519717885,0.0,7,62.0,6.0
2,72,11,2.8,9.045477710034188,0.0,7,62.0,6.0
2,72,12,2.8,12.795214387125228,0.0,7,62.0,6.0
2,72,13,2.8,13.582145584429941,0.0,7,62.0,6.0
2,72,14,2.8,11.408188031023329,0.0,7,62.0,6.0
2,72,15,2.8,9.750833629308456,0.0,7,62.0,6.0
2,72,16,3.0,11.23308080462516,0.0,7,62.0,6.0
2,72,17,2.8,13.311581724662108,0.0,7,62.0,6.0
2,72,18,2.8,13.278990148094842,0.0,7,62.0,6.0
2,72,19,3.0,9.94418653602976,0.0,7,62.0,6.0
2,72,20,2.8,9.101112597786754,0.0,7,62.0,6.0
2,72,21,3.0,9.51846254783341,0.0,7,62.0,6.0
3,72,1,2.8,9.47843715463036,0.0,7,62.0,6.0
3,72,2,2.8,11.840258398767016,0.0,7,62.0,6.0
3,72,3,2.8,11.083725534106854,0.0,7,62.0,6.0
3,72,4,2.8,9.32967454532066,0.0,7,62.0,6.0
3,72,5,2.8,9.29118647391736,0.0,7,62.0,6.0
3,72,6,2.8,9.456924228540458,0.0,7,62.0,6.0
3,72,7,2.8,9.674747167704908,0.0,7,62.0,6.0
3,72,8,2.8,11.582887654148454,0.0,7,62.0,6.0
3,72,9,2.8,12.058622705467654,0.0,7,62.0,6.0
3,72,10,2.8,13.543931748660286,0.0,7,62.0,6.0
3,72,11,2.8,12.0154523354996,0.0,7,62.0,6.0
3,72,12,3.6,8.429594009691606,0.125,7,62.0,6.0
3,72,13,2.8,10.155964712208936,0.0,7,62.0,6.0
3,72,14,2.8,9.371886701708641,0.0,7,62.0,6.0
3,72,15,2.8,15.307724467240671,0.0,7,62.0,6.0
3,72,16,3.0,11.361960686668619,0.0,7,62.0,6.0
3,72,17,2.8,16.772659864134436,0.0,7,62.0,6.0
3,72,18,2.8,10.217655221278891,0.0,7,62.0,6.0
3,72,19,2.8,10.744746673147338,0.0,7,62.0,6.0
3,72,20,2.8,10.395107831676448,0.0,7,62.0,6.0
3,72,21,2.8,8.793686679453941,0.0,7,62.0,6.0
3,72,22,3.0,9.94665778860668,0.0,7,62.0,6.0
1,73,1,3.2,12.11892584877941,0.0,7,62.0,6.0
1,73,2,3.0,13.44429720043027,0.0,7,62.0,6.0
1,73,3,2.8,13.022091555492421,0.0,7,62.0,6.0
1,73,4,3.0,7.492540893180343,0.0,7,62.0,6.0
1,73,5,2.8,13.425958048114511,0.0,7,62.0,6.0
1,73,6,2.8,9.050341407621419,0.0,7,62.0,6.0
1,73,7,2.8,9.852797442862853,0.0,7,62.0,6.0
1,73,8,2.8,12.155471479686245,0.0,7,62.0,6.0
1,73,9,2.8,9.087886694515547,0.0,7,62.0,6.0
1,73,10,2.8,12.601587171687676,0.0,7,62.0,6.0
1,73,11,2.8,13.541673335061928,0.0,7,62.0,6.0
1,73,12,2.8,14.969959700248337,0.0,7,62.0,6.0
1,73,13,2.8,9.596091550861342,0.0,7,62.0,6.0
1,73,14,2.8,13.083064100196095,0.0,7,62.0,6.0
1,73,15,2.8,11.070159080803613,0.0,7,62.0,6.0
1,73,16,3.0,10.337060427107637,0.0,7,62.0,6.0
1,73,17,2.8,13.061883832869862,0.0,7,62.0,6.0
1,73,18,3.0,9.284789890069929,0.0,7,62.0,6.0
1,73,19,3.0,9.017344551843284,0.0,7,62.0,6.0
1,73,20,2.8,15.187245768915732,0.0,7,62.0,6.0
1,73,21,3.2,9.408395189103437,0.0,7,62.0,6.0
1,73,22,2.4,11.332885348547405,0.0,6,62.0,6.0
2,73,1,2.8,13.922470945291485,0.0,7,62.0,6.0
2,73,2,2.8,10.851113888510916,0.0,7,62.0,6.0
2,73,3,3.6,10.719594113746924,0.125,7,62.0,6.0
2,73,4,2.8,11.91709124837259,0.0,7,62.0,6.0
2,73,5,2.8,9.228897636262968,0.0,7,62.0,6.0
2,73,6,2.8,9.373224398216074,0.0,7,62.0,6.0
2,73,7,3.0,12.854777784000182,0.0,7,62.0,6.0
2,73,8,2.8,12.085343132206596,0.0,7,62.0,6.0
2,73,9,2.8,9.574261002990738,0.0,7,62.0,6.0
2,73,10,2.8,13.472427056822541,0.0,7,62.0,6.0
2,73,11,2.8,9.363247663337749,0.0,7,62.0,6.0
2,73,12,2.8,16.44811425431127,0.0,7,62.0,6.0
2,73,13,2.8,12.647293177555678,0.0,7,62.0,6.0
2,73,14,2.8,10.796783020555862,0.0,7,62.0,6.0
2,73,15,2.8,10.723669952618197,0.0,7,62.0,6.0
2,73,16,3.0,12.765146683057337,0.0,7,62.0,6.0
2,73,17,2.8,14.537811444922152,0.0,7,62.0,6.0
2,73,18,2.8,11.141578640463774,0.0,7,62.0,6.0
2,73,19,3.0,10.311405403336074,0.0,7,62.0,6.0
2,73,20,2.8,7.699172643511744,0.0,7,62.0,6.0
2,73,21,3.0,8.74105542686967,0.0,7,62.0,6.0
2,73,22,2.0,23.74039544796384,0.0,4,62.0,6.0
3,73,1,2.8,11.27879908026617,0.0,7,62.0,6.0
3,73,2,2.8,11.190354305369116,0.0,7,62.0,6.0
3,73,3,2.8,11.436042405946282,0.0,7,62.0,6.0
3,73,4,2.8,10.682138827230212,0.0,7,62.0,6.0
3,73,5,2.8,10.80068746716395,0.0,7,62.0,6.0
3,73,6,2.8,9.077937617365418,0.0,7,62.0,6.0
3,73,7,2.8,9.553845903123596,0.0,7,62.0,6.0
3,73,8,2.8,11.738502338018938,0.0,7,62.0,6.0
3,73,9,2.8,12.476812347422548,0.0,7,62.0,6.0
3,73,10,2.8,11.048380227896907,0.0,7,62.0,6.0
3,73,11,2.8,10.210193048214823,0.0,7,62.0,6.0
3,73,12,3.0,10.592885264270832,0.0,7,62.0,6.0
3,73,13,2.8,9.455827579425094,0.0,7,62.0,6.0
3,73,14,2.8,10.609409814818024,0.0,7,62.0,6.0
3,73,15,2.8,14.245341035523916,0.0,7,62.0,6.0
3,73,16,2.8,10.464927094168258,0.0,7,62.0,6.0
3,73,17,2.8,18.94070133597991,0.0,7,62.0,6.0
3,73,18,2.8,10.730562760152518,0.0,7,62.0,6.0
3,73,19,2.8,11.018273050897369,0.0,7,62.0,6.0
3,73,20,2.8,10.49779666406177,0.0,7,62.0,6.0
3,73,21,2.8,9.092547782158409,0.0,7,62.0,6.0
3,73,22,2.8,10.330543012072926,0.0,7,62.0,6.0
1,74,1,3.6,10.83668086479429,0.0,7,62.0,6.0
1,74,2,2.8,14.173845594787226,0.0,7,62.0,6.0
1,74,3,2.8,12.706915285923207,0.0,7,62.0,6.0
1,74,4,3.0,8.374654119998844,0.0,7,62.0,6.0
1,74,5,2.8,13.233887834782129,0.0,7,62.0,6.0
1,74,6,2.8,11.180452868837056,0.0,7,62.0,6.0
1,74,7,2.8,12.634579489831346,0.0,7,62.0,6.0
1,74,8,2.8,12.298847105961178,0.0,7,62.0,6.0
1,74,9,2.8,10.644518645424693,0.0,7,62.0,6.0
1,74,10,2.8,10.235847523237133,0.0,7,62.0,6.0
1,74,11,2.8,14.964595001993194,0.0,7,62.0,6.0
1,74,12,2.8,20.016347701434736,0.0,7,62.0,6.0
1,74,13,2.8,11.72179618103037,0.0,7,62.0,6.0
1,74,14,2.8,12.365230710119121,0.0,7,62.0,6.0
1,74,15,2.8,10.61904767195815,0.0,7,62.0,6.0
1,74,16,2.8,10.675636890812694,0.0,7,62.0,6.0
1,74,17,2.8,12.703906650746069,0.0,7,62.0,6.0
1,74,18,3.0,8.045200540019456,0.0,7,62.0,6.0
1,74,19,3.0,10.03884931073863,0.0,7,62.0,6.0
1,74,20,3.0,11.320937532136881,0.0,7,62.0,6.0
1,74,21,3.0,10.248584183556508,0.0,7,62.0,6.0
1,74,22,2.4,13.107772609186595,0.0,6,62.0,6.0
2,74,1,2.8,12.787248348615693,0.0,7,62.0,6.0
2,74,2,2.8,9.760186178499252,0.0,7,62.0,6.0
2,74,3,3.8,8.293840134281131,0.125,7,62.0,6.0
2,74,4,2.8,10.120468298781804,0.0,7,62.0,6.0
2,74,5,2.8,10.122382444272173,0.0,7,62.0,6.0
2,74,6,2.8,10.781234705240843,0.0,7,62.0,6.0
2,74,7,3.0,12.606135319582513,0.0,7,62.0,6.0
2,74,8,2.8,11.113239407319144,0.0,7,62.0,6.0
2,74,9,2.8,11.600750756733618,0.0,7,62.0,6.0
2,74,10,2.8,11.257432884514401,0.0,7,62.0,6.0
2,74,11,2.8,9.942447120844744,0.0,7,62.0,6.0
2,74,12,2.8,11.34715199582756,0.0,7,62.0,6.0
2,74,13,2.8,13.004559115979868,0.0,7,62.0,6.0
2,74,14,2.8,11.037603766046283,0.0,7,62.0,6.0
2,74,15,2.8,10.138770706643701,0.0,7,62.0,6.0
2,74,16,3.0,11.030491393041654,0.0,7,62.0,6.0
2,74,17,2.8,12.444835793330908,0.0,7,62.0,6.0
2,74,18,2.8,10.81377569748052,0.0,7,62.0,6.0
2,74,19,3.8,7.710043883764521,0.125,7,62.0,6.0
2,74,20,2.8,7.979504336967474,0.0,7,62.0,6.0
2,74,21,2.8,9.192669657866299,0.0,7,62.0,6.0
3,74,1,2.8,9.6428199947887,0.0,7,62.0,6.0
3,74,2,2.8,10.083410589022845,0.0,7,62.0,6.0
3,74,3,2.8,11.226134404083739,0.0,7,62.0,6.0
3,74,4,2.8,9.608147324219212,0.0,7,62.0,6.0
3,74,5,2.8,9.043887766884009,0.0,7,62.0,6.0
3,74,6,2.8,9.500996284655162,0.0,7,62.0,6.0
3,74,7,2.8,9.363697810254758,0.0,7,62.0,6.0
3,74,8,2.8,10.805281771892478,0.0,7,62.0,6.0
3,74,9,2.8,14.151164550186506,0.0,7,62.0,6.0
3,74,10,2.8,12.002364226616859,0.0,7,62.0,6.0
3,74,11,2.8,13.382570341674892,0.0,7,62.0,6.0
3,74,12,3.6,8.83126117082586,0.125,7,62.0,6.0
3,74,13,3.0,10.90034807777793,0.0,7,62.0,6.0
3,74,14,2.8,10.433951149517128,0.0,7,62.0,6.0
3,74,15,2.8,16.74124609707814,0.0,7,62.0,6.0
3,74,16,3.0,10.419294025965662,0.0,7,62.0,6.0
3,74,17,2.8,12.437978075238854,0.0,7,62.0,6.0
3,74,18,3.0,9.34520277583225,0.0,7,62.0,6.0
3,74,19,2.8,13.671278805654675,0.0,7,62.0,6.0
3,74,20,2.8,9.626082348480502,0.0,7,62.0,6.0
3,74,21,2.8,10.328816456587656,0.0,7,62.0,6.0
3,74,22,2.8,11.341640545541468,0.0,7,62.0,6.0
1,75,1,3.6,11.883854162097812,0.0,7,62.0,6.0
1,75,2,2.8,17.560851966190548,0.0,7,62.0,6.0
1,75,3,2.8,13.150600106464154,0.0,7,62.0,6.0
1,75,4,2.8,9.020633191272282,0.0,7,62.0,6.0
1,75,5,2.8,14.848500448057793,0.0,7,62.0,6.0
1,75,6,2.8,8.877023058100768,0.0,7,62.0,6.0
1,75,7,2.8,10.616572445848943,0.0,7,62.0,6.0
1,75,8,2.8,12.380227759251994,0.0,7,62.0,6.0
1,75,9,2.8,12.22111011551089,0.0,7,62.0,6.0
1,75,10,2.8,11.093653975098269,0.0,7,62.0,6.0
1,75,11,2.8,16.19905368936741,0.0,7,62.0,6.0
1,75,12,2.8,17.093109249634633,0.0,7,62.0,6.0
1,75,13,2.8,13.187011911552812,0.0,7,62.0,6.0
1,75,14,2.8,15.791577273799216,0.0,7,62.0,6.0
1,75,15,2.8,11.761573020676344,0.0,7,62.0,6.0
1,75,16,2.8,15.016834562637033,0.0,7,62.0,6.0
1,75,17,2.8,10.728852099975535,0.0,7,62.0,6.0
1,75,18,3.6,7.1241123226140015,0.125,7,62.0,6.0
1,75,19,2.8,8.489533314318455,0.0,7,62.0,6.0
1,75,20,2.8,10.67974506636788,0.0,7,62.0,6.0
1,75,21,3.0,9.371937068476754,0.0,7,62.0,6.0
1,75,22,2.4,11.123687054183476,0.0,6,62.0,6.0
2,75,1,2.8,14.246777679929096,0.0,7,62.0,6.0
2,75,2,3.0,10.854710332851596,0.0,7,62.0,6.0
2,75,3,3.6,7.824969166112213,0.125,7,62.0,6.0
2,75,4,2.8,11.215409381903735,0.0,7,62.0,6.0
2,75,5,2.8,9.406270316548737,0.0,7,62.0,6.0
2,75,6,2.8,9.924046164628207,0.0,7,62.0,6.0
2,75,7,3.0,11.780572229172309,0.0,7,62.0,6.0
2,75,8,2.8,9.92320487549442,0.0,7,62.0,6.0
2,75,9,2.8,9.877177382040749,0.0,7,62.0,6.0
2,75,10,2.8,12.24948098721406,0.0,7,62.0,6.0
2,75,11,2.8,11.219098407531723,0.0,7,62.0,6.0
2,75,12,2.8,12.741901181665975,0.0,7,62.0,6.0
2,75,13,2.8,12.103800481760578,0.0,7,62.0,6.0
2,75,14,2.8,10.958497876491473,0.0,7,62.0,6.0
2,75,15,2.8,10.006073440823386,0.0,7,62.0,6.0
2,75,16,3.0,12.972334254946729,0.0,7,62.0,6.0
2,75,17,2.8,10.932217504815384,0.0,7,62.0,6.0
2,75,18,2.8,13.726006604255476,0.0,7,62.0,6.0
2,75,19,3.6,8.40875388848486,0.125,7,62.0,6.0
2,75,20,2.8,9.643819312192967,0.0,7,62.0,6.0
2,75,21,3.0,11.232147408776918,0.0,7,62.0,6.0
3,75,1,2.8,9.6428199947887,0.0,7,62.0,6.0
3,75,2,2.8,10.75734750564021,0.0,7,62.0,6.0
3,75,3,2.8,11.10384804971214,0.0,7,62.0,6.0
3,75,4,2.8,9.40137981890697,0.0,7,62.0,6.0
3,75,5,2.8,9.53749382148873,0.0,7,62.0,6.0
3,75,6,2.8,9.75870753143269,0.0,7,62.0,6.0
3,75,7,2.8,9.045192951997484,0.0,7,62.0,6.0
3,75,8,2.8,13.237471664376427,0.0,7,62.0,6.0
3,75,9,2.8,14.151164550186506,0.0,7,62.0,6.0
3,75,10,2.8,10.498405235630642,0.0,7,62.0,6.0
3,75,11,2.8,12.610003988073139,0.0,7,62.0,6.0
3,75,12,3.6,8.93446703298549,0.125,7,62.0,6.0
3,75,13,2.8,9.523411965287552,0.0,7,62.0,6.0
3,75,14,2.8,9.951335398130118,0.0,7,62.0,6.0
3,75,15,2.8,15.346133432420647,0.0,7,62.0,6.0
3,75,16,3.0,10.83846005325221,0.0,7,62.0,6.0
3,75,17,2.8,14.006979802633852,0.0,7,62.0,6.0
3,75,18,2.8,11.272215888047178,0.0,7,62.0,6.0
3,75,19,2.8,10.344922451114233,0.0,7,62.0,6.0
3,75,20,2.8,9.318167983119817,0.0,7,62.0,6.0
3,75,21,2.8,9.344539730392418,0.0,7,62.0,6.0
3,75,22,2.8,9.930335206416796,0.0,7,62.0,6.0
1,76,1,3.6,11.389701413603335,0.0,7,62.0,6.0
1,76,2,2.8,17.612176793898566,0.0,7,62.0,6.0
1,76,3,3.0,12.100522235528844,0.0,7,62.0,6.0
1,76,4,3.0,7.518481232412256,0.0,7,62.0,6.0
1,76,5,2.8,16.115543783658744,0.0,7,62.0,6.0
1,76,6,2.8,9.636644263371284,0.0,7,62.0,6.0
1,76,7,2.8,12.852866208556998,0.0,7,62.0,6.0
1,76,8,2.8,10.383971250918064,0.0,7,62.0,6.0
1,76,9,2.8,12.937994766189625,0.0,7,62.0,6.0
1,76,10,2.8,10.265891517547963,0.0,7,62.0,6.0
1,76,11,2.8,12.722221093890253,0.0,7,62.0,6.0
1,76,12,2.8,17.716326123718108,0.0,7,62.0,6.0
1,76,13,2.8,10.299789975765053,0.0,7,62.0,6.0
1,76,14,2.8,14.314317614338108,0.0,7,62.0,6.0
1,76,15,2.8,12.123544744698556,0.0,7,62.0,6.0
1,76,16,3.0,11.773234797045392,0.0,7,62.0,6.0
1,76,17,2.8,11.71658004710899,0.0,7,62.0,6.0
1,76,18,3.0,9.006089190251146,0.0,7,62.0,6.0
1,76,19,2.8,10.375061818737608,0.0,7,62.0,6.0
1,76,20,2.8,12.78737360388207,0.0,7,62.0,6.0
1,76,21,2.8,10.272201040778878,0.0,7,62.0,6.0
1,76,22,2.6,9.7653725668888,0.0,6,62.0,6.0
2,76,1,3.0,13.555433951390727,0.0,7,62.0,6.0
2,76,2,2.8,12.44230467166398,0.0,7,62.0,6.0
2,76,3,3.0,10.59782359417855,0.0,7,62.0,6.0
2,76,4,2.8,10.41655554541237,0.0,7,62.0,6.0
2,76,5,2.8,9.774251408829876,0.0,7,62.0,6.0
2,76,6,2.8,9.941074316808244,0.0,7,62.0,6.0
2,76,7,3.0,11.004695962876463,0.0,7,62.0,6.0
2,76,8,3.0,9.948347816311482,0.0,7,62.0,6.0
2,76,9,2.8,11.294131049254803,0.0,7,62.0,6.0
2,76,10,2.8,14.38070477120224,0.0,7,62.0,6.0
2,76,11,2.8,8.904666774979516,0.0,7,62.0,6.0
2,76,12,2.8,11.489431228780534,0.0,7,62.0,6.0
2,76,13,2.8,10.751086680432115,0.0,7,62.0,6.0
2,76,14,2.8,11.708019183729064,0.0,7,62.0,6.0
2,76,15,2.8,9.879478163831717,0.0,7,62.0,6.0
2,76,16,3.6,9.851048273523775,0.125,7,62.0,6.0
2,76,17,2.8,11.107256675405393,0.0,7,62.0,6.0
2,76,18,2.8,11.087423694212182,0.0,7,62.0,6.0
2,76,19,3.0,9.882908392533905,0.0,7,62.0,6.0
2,76,20,2.8,9.424778954112458,0.0,7,62.0,6.0
2,76,21,3.0,8.51704373820048,0.0,7,62.0,6.0
3,76,1,2.8,11.426298208846415,0.0,7,62.0,6.0
3,76,2,2.8,11.33553433272172,0.0,7,62.0,6.0
3,76,3,2.8,10.603338372561746,0.0,7,62.0,6.0
3,76,4,2.8,11.314502107816212,0.0,7,62.0,6.0
3,76,5,2.8,9.765928518562795,0.0,7,62.0,6.0
3,76,6,2.8,8.521424902275887,0.0,7,62.0,6.0
3,76,7,2.8,8.836108443831714,0.0,7,62.0,6.0
3,76,8,2.8,10.56268949964957,0.0,7,62.0,6.0
3,76,9,2.8,12.95242140189003,0.0,7,62.0,6.0
3,76,10,2.8,12.621582285277935,0.0,7,62.0,6.0
3,76,11,2.8,12.305550799001079,0.0,7,62.0,6.0
3,76,12,3.0,10.501940681778075,0.0,7,62.0,6.0
3,76,13,2.8,9.397710391380814,0.0,7,62.0,6.0
3,76,14,2.8,10.739819318027733,0.0,7,62.0,6.0
3,76,15,2.8,13.702774164532949,0.0,7,62.0,6.0
3,76,16,2.8,10.271601193864072,0.0,7,62.0,6.0
3,76,17,2.8,14.462036922336504,0.0,7,62.0,6.0
3,76,18,3.0,11.603085544143298,0.0,7,62.0,6.0
3,76,19,2.8,12.105861820411167,0.0,7,62.0,6.0
3,76,20,2.8,13.778746270890066,0.0,7,62.0,6.0
3,76,21,2.8,10.382358795473149,0.0,7,62.0,6.0
3,76,22,2.8,9.779254491691448,0.0,7,62.0,6.0
1,77,1,3.6,10.974834135517607,0.0,7,62.0,6.0
1,77,2,2.8,14.984482090664947,0.0,7,62.0,6.0
1,77,3,2.8,11.974647780777788,0.0,7,62.0,6.0
1,77,4,2.8,8.58375330553385,0.0,7,62.0,6.0
1,77,5,2.8,13.455937807222826,0.0,7,62.0,6.0
1,77,6,2.8,9.31618459200542,0.0,7,62.0,6.0
1,77,7,2.8,10.826383961059197,0.0,7,62.0,6.0
1,77,8,2.8,16.704345698447412,0.0,7,62.0,6.0
1,77,9,2.8,10.334759481260313,0.0,7,62.0,6.0
1,77,10,2.8,10.422120550244282,0.0,7,62.0,6.0
1,77,11,2.8,15.491123606954664,0.0,7,62.0,6.0
1,77,12,2.8,12.944130021694422,0.0,7,62.0,6.0
1,77,13,2.8,11.20148452186379,0.0,7,62.0,6.0
1,77,14,2.8,13.708054683793812,0.0,7,62.0,6.0
1,77,15,2.8,12.519046139090202,0.0,7,62.0,6.0
1,77,16,2.8,10.832630158107047,0.0,7,62.0,6.0
1,77,17,2.8,12.940674713980481,0.0,7,62.0,6.0
1,77,18,3.6,6.943518894308789,0.125,7,62.0,6.0
1,77,19,3.0,9.283868794552474,0.0,7,62.0,6.0
1,77,20,3.0,10.188199654295346,0.0,7,62.0,6.0
1,77,21,3.0,8.48104748056228,0.0,7,62.0,6.0
1,77,22,2.0,11.61763428969328,0.0,5,62.0,6.0
2,77,1,2.8,14.691669213482427,0.0,7,62.0,6.0
2,77,2,2.8,10.461347621237127,0.0,7,62.0,6.0
2,77,3,3.2,11.121749748757125,0.0,7,62.0,6.0
2,77,4,2.8,11.076839981187506,0.0,7,62.0,6.0
2,77,5,2.8,9.758656008947248,0.0,7,62.0,6.0
2,77,6,2.8,10.7633175987637,0.0,7,62.0,6.0
2,77,7,3.6,9.09611532396375,0.125,7,62.0,6.0
2,77,8,2.8,11.642092086765102,0.0,7,62.0,6.0
2,77,9,2.8,10.725942234327123,0.0,7,62.0,6.0
2,77,10,2.8,14.979605514735763,0.0,7,62.0,6.0
2,77,11,2.8,9.705779965718909,0.0,7,62.0,6.0
2,77,12,2.8,13.53121954080777,0.0,7,62.0,6.0
2,77,13,2.8,11.915160117656786,0.0,7,62.0,6.0
2,77,14,2.8,11.515585912534975,0.0,7,62.0,6.0
2,77,15,3.8,7.682797663698726,0.125,7,62.0,6.0
2,77,16,2.8,11.580028410195037,0.0,7,62.0,6.0
2,77,17,2.8,12.6381966463308,0.0,7,62.0,6.0
2,77,18,2.8,11.989916502460606,0.0,7,62.0,6.0
2,77,19,2.8,12.385183086207864,0.0,7,62.0,6.0
2,77,20,2.8,9.044826519738216,0.0,7,62.0,6.0
2,77,21,3.8,6.871918634494483,0.125,7,62.0,6.0
3,77,1,2.8,9.844595426464428,0.0,7,62.0,6.0
3,77,2,2.8,11.398913966760292,0.0,7,62.0,6.0
3,77,3,2.8,13.843291752869863,0.0,7,62.0,6.0
3,77,4,2.8,11.04878690837375,0.0,7,62.0,6.0
3,77,5,2.8,9.98923262192461,0.0,7,62.0,6.0
3,77,6,2.8,10.549859348606832,0.0,7,62.0,6.0
3,77,7,2.8,11.136947541886386,0.0,7,62.0,6.0
3,77,8,2.8,10.654693877780055,0.0,7,62.0,6.0
3,77,9,2.8,10.976549707532008,0.0,7,62.0,6.0
3,77,10,2.8,11.839723464495329,0.0,7,62.0,6.0
3,77,11,2.8,12.532487026327754,0.0,7,62.0,6.0
3,77,12,3.0,13.401368107135442,0.0,7,62.0,6.0
3,77,13,2.8,9.867739128035971,0.0,7,62.0,6.0
3,77,14,2.8,10.75871141793406,0.0,7,62.0,6.0
3,77,15,2.8,16.08058485838362,0.0,7,62.0,6.0
3,77,16,2.8,10.429237487655021,0.0,7,62.0,6.0
3,77,17,2.8,15.645904478022064,0.0,7,62.0,6.0
3,77,18,3.0,9.752846350635851,0.0,7,62.0,6.0
3,77,19,2.8,12.60484537278463,0.0,7,62.0,6.0
3,77,20,2.8,10.195566101527756,0.0,7,62.0,6.0
3,77,21,2.8,9.706776994204203,0.0,7,62.0,6.0
3,77,22,2.8,9.858066152706424,0.0,7,62.0,6.0
1,78,1,3.6,10.264460902547238,0.0,7,62.0,6.0
1,78,2,2.8,15.44536438428534,0.0,7,62.0,6.0
1,78,3,3.0,11.909208617059306,0.0,7,62.0,6.0
1,78,4,3.0,7.913413723906234,0.0,7,62.0,6.0
1,78,5,2.8,13.729015441050631,0.0,7,62.0,6.0
1,78,6,2.8,10.64059559126038,0.0,7,62.0,6.0
1,78,7,2.8,12.202215982172728,0.0,7,62.0,6.0
1,78,8,2.8,9.636708083784823,0.0,7,62.0,6.0
1,78,9,2.8,12.37982088690032,0.0,7,62.0,6.0
1,78,10,2.8,11.839068939081839,0.0,7,62.0,6.0
1,78,11,2.8,15.002747573286857,0.0,7,62.0,6.0
1,78,12,2.8,13.096079982437764,0.0,7,62.0,6.0
1,78,13,2.8,11.304528482631412,0.0,7,62.0,6.0
1,78,14,2.8,13.100657112573405,0.0,7,62.0,6.0
1,78,15,2.8,14.077805720535919,0.0,7,62.0,6.0
1,78,16,2.8,12.842852158858836,0.0,7,62.0,6.0
1,78,17,2.8,10.472386793208967,0.0,7,62.0,6.0
1,78,18,3.6,8.075871731678939,0.125,7,62.0,6.0
1,78,19,2.8,10.08158294421316,0.0,7,62.0,6.0
1,78,20,2.8,11.25762083532069,0.0,7,62.0,6.0
1,78,21,3.0,9.013865286823012,0.0,7,62.0,6.0
1,78,22,2.0,14.426804895761945,0.0,5,62.0,6.0
2,78,1,2.8,12.423604900642323,0.0,7,62.0,6.0
2,78,2,2.8,11.635569865740843,0.0,7,62.0,6.0
2,78,3,3.8,8.419429835476107,0.125,7,62.0,6.0
2,78,4,2.8,10.93468984708348,0.0,7,62.0,6.0
2,78,5,2.8,10.258203480084138,0.0,7,62.0,6.0
2,78,6,2.8,11.555259361235095,0.0,7,62.0,6.0
2,78,7,3.0,12.606135319582574,0.0,7,62.0,6.0
2,78,8,2.8,11.339894440320839,0.0,7,62.0,6.0
2,78,9,2.8,11.513398800509366,0.0,7,62.0,6.0
2,78,10,2.8,10.915870785372832,0.0,7,62.0,6.0
2,78,11,2.8,10.918669353001468,0.0,7,62.0,6.0
2,78,12,2.8,12.33087351261384,0.0,7,62.0,6.0
2,78,13,2.8,13.116112761203953,0.0,7,62.0,6.0
2,78,14,2.8,10.225632507425813,0.0,7,62.0,6.0
2,78,15,2.8,8.82250722216284,0.0,7,62.0,6.0
2,78,16,3.0,12.099770478487384,0.0,7,62.0,6.0
2,78,17,2.8,12.917963892846066,0.0,7,62.0,6.0
2,78,18,2.8,12.77955811842115,0.0,7,62.0,6.0
2,78,19,3.8,8.538885957027613,0.125,7,62.0,6.0
2,78,20,2.8,7.602588822165478,0.0,7,62.0,6.0
2,78,21,3.0,9.8177889749305,0.0,7,62.0,6.0
3,78,1,2.8,10.819879973769423,0.0,7,62.0,6.0
3,78,2,2.8,12.62219020496349,0.0,7,62.0,6.0
3,78,3,2.8,11.02379321604111,0.0,7,62.0,6.0
3,78,4,2.8,10.35655048279817,0.0,7,62.0,6.0
3,78,5,2.8,9.95670884825328,0.0,7,62.0,6.0
3,78,6,2.8,8.816226056851875,0.0,7,62.0,6.0
3,78,7,2.8,9.363697810254624,0.0,7,62.0,6.0
3,78,8,3.0,10.637973525002153,0.0,7,62.0,6.0
3,78,9,2.8,13.7369171283164,0.0,7,62.0,6.0
3,78,10,2.8,9.483261413022237,0.0,7,62.0,6.0
3,78,11,2.8,11.991110064644886,0.0,7,62.0,6.0
3,78,12,3.6,8.860252218801744,0.125,7,62.0,6.0
3,78,13,2.8,9.511429358396862,0.0,7,62.0,6.0
3,78,14,2.8,10.39847215299701,0.0,7,62.0,6.0
3,78,15,2.8,18.348406046906405,0.0,7,62.0,6.0
3,78,16,2.8,10.507643579831672,0.0,7,62.0,6.0
3,78,17,2.8,12.967553737621701,0.0,7,62.0,6.0
3,78,18,2.8,11.293029274680096,0.0,7,62.0,6.0
3,78,19,2.8,9.925230306078415,0.0,7,62.0,6.0
3,78,20,2.8,11.619533358985091,0.0,7,62.0,6.0
3,78,21,2.8,9.2177890816583,0.0,7,62.0,6.0
3,78,22,2.8,11.328186201223804,0.0,7,62.0,6.0
1,79,1,3.6,10.66408465314457,0.0,7,62.0,6.0
1,79,2,2.8,12.735944618503334,0.0,7,62.0,6.0
1,79,3,2.8,11.583343597853569,0.0,7,62.0,6.0
1,79,4,2.8,8.62059201913299,0.0,7,62.0,6.0
1,79,5,2.8,13.219782799221196,0.0,7,62.0,6.0
1,79,6,2.8,8.67261119833117,0.0,7,62.0,6.0
1,79,7,2.8,10.469019057479118,0.0,7,62.0,6.0
1,79,8,2.8,11.440099095605797,0.0,7,62.0,6.0
1,79,9,2.8,10.160504765646413,0.0,7,62.0,6.0
1,79,10,2.8,12.07146799834397,0.0,7,62.0,6.0
1,79,11,2.8,13.27322532348883,0.0,7,62.0,6.0
1,79,12,2.8,15.082363285855989,0.0,7,62.0,6.0
1,79,13,2.8,11.15999499706954,0.0,7,62.0,6.0
1,79,14,2.8,14.605096976885653,0.0,7,62.0,6.0
1,79,15,2.8,12.757580500406778,0.0,7,62.0,6.0
1,79,16,2.8,13.235731731115449,0.0,7,62.0,6.0
1,79,17,2.8,14.359115907794969,0.0,7,62.0,6.0
1,79,18,3.6,7.878564572104808,0.125,7,62.0,6.0
1,79,19,2.8,8.929849748092511,0.0,7,62.0,6.0
1,79,20,2.8,15.561148157131658,0.0,7,62.0,6.0
1,79,21,3.0,8.6582554516685,0.0,7,62.0,6.0
1,79,22,2.4,11.505995915849645,0.0,6,62.0,6.0
2,79,1,2.8,14.050405591570334,0.0,7,62.0,6.0
2,79,2,2.8,12.119769332956817,0.0,7,62.0,6.0
2,79,3,3.2,11.831750940643222,0.0,7,62.0,6.0
2,79,4,2.8,12.37695136088479,0.0,7,62.0,6.0
2,79,5,2.8,9.837134678356765,0.0,7,62.0,6.0
2,79,6,2.8,10.917013752653123,0.0,7,62.0,6.0
2,79,7,3.6,9.954812502624957,0.125,7,62.0,6.0
2,79,8,2.8,10.914911473283222,0.0,7,62.0,6.0
2,79,9,2.8,12.400447586003787,0.0,7,62.0,6.0
2,79,10,2.8,13.462841737127805,0.0,7,62.0,6.0
2,79,11,2.8,9.56911173362959,0.0,7,62.0,6.0
2,79,12,2.8,14.493150724641044,0.0,7,62.0,6.0
2,79,13,2.8,15.997968727966008,0.0,7,62.0,6.0
2,79,14,2.8,11.037603766046375,0.0,7,62.0,6.0
2,79,15,2.8,8.951634309425058,0.0,7,62.0,6.0
2,79,16,3.0,11.030491393041654,0.0,7,62.0,6.0
2,79,17,2.8,11.171845430360161,0.0,7,62.0,6.0
2,79,18,2.8,13.543636459949843,0.0,7,62.0,6.0
2,79,19,3.0,12.480729669925575,0.0,7,62.0,6.0
2,79,20,2.8,9.033898142820599,0.0,7,62.0,6.0
2,79,21,3.0,8.793173194629825,0.0,7,62.0,6.0
3,79,1,2.8,10.522051744802777,0.0,7,62.0,6.0
3,79,2,2.8,11.681952299078858,0.0,7,62.0,6.0
3,79,3,2.8,11.103848049712234,0.0,7,62.0,6.0
3,79,4,2.8,10.201087460302167,0.0,7,62.0,6.0
3,79,5,2.8,9.582321812526114,0.0,7,62.0,6.0
3,79,6,2.8,10.301098938716077,0.0,7,62.0,6.0
3,79,7,2.8,10.398492335028692,0.0,7,62.0,6.0
3,79,8,2.8,11.160179130563554,0.0,7,62.0,6.0
3,79,9,2.8,12.605386243774458,0.0,7,62.0,6.0
3,79,10,2.8,12.218157564499508,0.0,7,62.0,6.0
3,79,11,2.8,13.868081137525422,0.0,7,62.0,6.0
3,79,12,3.6,8.571356211025153,0.125,7,62.0,6.0
3,79,13,2.8,11.600705174841954,0.0,7,62.0,6.0
3,79,14,2.8,10.000148009997165,0.0,7,62.0,6.0
3,79,15,2.8,13.758170079300406,0.0,7,62.0,6.0
3,79,16,2.8,8.62988388129295,0.0,7,62.0,6.0
3,79,17,2.8,14.650109664978489,0.0,7,62.0,6.0
3,79,18,3.0,10.761457190942792,0.0,7,62.0,6.0
3,79,19,2.8,10.206810808280771,0.0,7,62.0,6.0
3,79,20,2.8,10.973270122762564,0.0,7,62.0,6.0
3,79,21,2.8,9.148846725357362,0.0,7,62.0,6.0
3,79,22,3.0,9.353411763413703,0.0,7,62.0,6.0
1,80,1,3.6,10.626473933548203,0.0,7,62.0,6.0
1,80,2,2.8,17.063590413404267,0.0,7,62.0,6.0
1,80,3,3.0,13.981589600708507,0.0,7,62.0,6.0
1,80,4,3.0,8.126858458270071,0.0,7,62.0,6.0
1,80,5,2.8,12.005798779752409,0.0,7,62.0,6.0
1,80,6,2.8,10.930096598304162,0.0,7,62.0,6.0
1,80,7,2.8,11.373146865144486,0.0,7,62.0,6.0
1,80,8,2.8,10.930178700797399,0.0,7,62.0,6.0
1,80,9,2.8,13.250945080607405,0.0,7,62.0,6.0
1,80,10,2.8,12.399359788083757,0.0,7,62.0,6.0
1,80,11,2.8,16.213748185043837,0.0,7,62.0,6.0
1,80,12,2.8,17.561435964110473,0.0,7,62.0,6.0
1,80,13,2.8,10.247245670535436,0.0,7,62.0,6.0
1,80,14,2.8,14.662615614474415,0.0,7,62.0,6.0
1,80,15,2.8,13.01372739088388,0.0,7,62.0,6.0
1,80,16,2.8,12.761260606215355,0.0,7,62.0,6.0
1,80,17,2.8,11.44717179117654,0.0,7,62.0,6.0
1,80,18,3.6,7.68452739426875,0.125,7,62.0,6.0
1,80,19,3.6,8.4869760685534,0.125,7,62.0,6.0
1,80,20,2.8,9.64295737825384,0.0,7,62.0,6.0
1,80,21,3.0,9.290408087563456,0.0,7,62.0,6.0
2,80,1,2.8,12.895089483970013,0.0,7,62.0,6.0
2,80,2,2.8,9.458312830280141,0.0,7,62.0,6.0
2,80,3,3.6,10.269611866536174,0.125,7,62.0,6.0
2,80,4,2.8,11.491659766002375,0.0,7,62.0,6.0
2,80,5,2.8,10.164493768863192,0.0,7,62.0,6.0
2,80,6,2.8,10.270392696993765,0.0,7,62.0,6.0
2,80,7,3.0,12.411317845277281,0.0,7,62.0,6.0
2,80,8,3.0,9.817209630616247,0.0,7,62.0,6.0
2,80,9,2.8,13.14678999132345,0.0,7,62.0,6.0
2,80,10,2.8,11.216143735854315,0.0,7,62.0,6.0
2,80,11,2.8,9.64455961200196,0.0,7,62.0,6.0
2,80,12,2.8,13.238337072977806,0.0,7,62.0,6.0
2,80,13,2.8,12.4234169661163,0.0,7,62.0,6.0
2,80,14,2.8,10.524772741539932,0.0,7,62.0,6.0
2,80,15,2.8,9.263470778319075,0.0,7,62.0,6.0
2,80,16,3.0,11.486232435407574,0.0,7,62.0,6.0
2,80,17,2.8,11.529877162920318,0.0,7,62.0,6.0
2,80,18,2.8,11.81662341304322,0.0,7,62.0,6.0
2,80,19,3.8,7.117839048747075,0.125,7,62.0,6.0
2,80,20,2.8,7.717709725529749,0.0,7,62.0,6.0
2,80,21,3.0,10.245389792694617,0.0,7,62.0,6.0
3,80,1,2.8,11.299636807309362,0.0,7,62.0,6.0
3,80,2,2.8,12.997727597830407,0.0,7,62.0,6.0
3,80,3,2.8,13.10191791740798,0.0,7,62.0,6.0
3,80,4,2.8,10.96952121528421,0.0,7,62.0,6.0
3,80,5,2.8,9.27709338782828,0.0,7,62.0,6.0
3,80,6,2.8,10.130476389184626,0.0,7,62.0,6.0
3,80,7,2.8,10.241777104687074,0.0,7,62.0,6.0
3,80,8,2.8,10.901580056126248,0.0,7,62.0,6.0
3,80,9,2.8,11.177144528072665,0.0,7,62.0,6.0
3,80,10,2.8,11.314075631773411,0.0,7,62.0,6.0
3,80,11,2.8,11.45295473040265,0.0,7,62.0,6.0
3,80,12,3.0,12.811842048259713,0.0,7,62.0,6.0
3,80,13,2.8,8.944186824910267,0.0,7,62.0,6.0
3,80,14,2.8,10.892840340703868,0.0,7,62.0,6.0
3,80,15,2.8,12.81287694621331,0.0,7,62.0,6.0
3,80,16,3.0,10.191785978497848,0.0,7,62.0,6.0
3,80,17,2.8,15.351498451960401,0.0,7,62.0,6.0
3,80,18,3.0,9.535309546442848,0.0,7,62.0,6.0
3,80,19,2.8,11.353722206484694,0.0,7,62.0,6.0
3,80,20,2.8,11.483020171984482,0.0,7,62.0,6.0
3,80,21,2.8,9.90287943931464,0.0,7,62.0,6.0
3,80,22,2.8,9.754103457202742,0.0,7,62.0,6.0
1,81,1,3.6,11.01495586119261,0.0,7,62.0,6.0
1,81,2,2.8,14.308465609803422,0.0,7,62.0,6.0
1,81,3,3.0,11.391414313082674,0.0,7,62.0,6.0
1,81,4,3.0,8.578032245176951,0.0,7,62.0,6.0
1,81,5,2.8,12.68833938430936,0.0,7,62.0,6.0
1,81,6,2.8,10.173527980903167,0.0,7,62.0,6.0
1,81,7,2.8,10.91974359212617,0.0,7,62.0,6.0
1,81,8,2.8,10.105356578001983,0.0,7,62.0,6.0
1,81,9,2.8,10.727009910138616,0.0,7,62.0,6.0
1,81,10,2.8,11.956521170703653,0.0,7,62.0,6.0
1,81,11,2.8,17.43331509835834,0.0,7,62.0,6.0
1,81,12,2.8,20.627205279132827,0.0,7,62.0,6.0
1,81,13,2.8,10.178014909739122,0.0,7,62.0,6.0
1,81,14,2.8,13.982182720594057,0.0,7,62.0,6.0
1,81,15,2.8,15.649921265240453,0.0,7,62.0,6.0
1,81,16,2.8,11.093314098794593,0.0,7,62.0,6.0
1,81,17,2.8,11.109509962775164,0.0,7,62.0,6.0
1,81,18,3.6,7.493412007946308,0.125,7,62.0,6.0
1,81,19,3.0,10.246078479677038,0.0,7,62.0,6.0
1,81,20,2.8,10.701149758161726,0.0,7,62.0,6.0
1,81,21,3.2,8.788403018449593,0.0,7,62.0,6.0
1,81,22,2.0,17.510734396994483,0.0,4,62.0,6.0
2,81,1,2.8,15.956542038478666,0.0,7,62.0,6.0
2,81,2,2.8,11.838264003575402,0.0,7,62.0,6.0
2,81,3,3.6,8.986960085454005,0.125,7,62.0,6.0
2,81,4,2.8,11.470108475330898,0.0,7,62.0,6.0
2,81,5,2.8,9.29905636538002,0.0,7,62.0,6.0
2,81,6,2.8,9.578741759353973,0.0,7,62.0,6.0
2,81,7,3.0,12.827816516033753,0.0,7,62.0,6.0
2,81,8,2.8,10.091320876131071,0.0,7,62.0,6.0
2,81,9,2.8,11.834394781084553,0.0,7,62.0,6.0
2,81,10,2.8,12.849718087254695,0.0,7,62.0,6.0
2,81,11,2.8,9.925462068403451,0.0,7,62.0,6.0
2,81,12,2.8,10.621163256517253,0.0,7,62.0,6.0
2,81,13,2.8,13.192914494441979,0.0,7,62.0,6.0
2,81,14,2.8,9.534449127912579,0.0,7,62.0,6.0
2,81,15,2.8,8.397365371904195,0.0,7,62.0,6.0
2,81,16,3.0,10.417044093318722,0.0,7,62.0,6.0
2,81,17,2.8,14.642223421145584,0.0,7,62.0,6.0
2,81,18,2.8,11.39057712566305,0.0,7,62.0,6.0
2,81,19,3.2,9.71114397893265,0.0,7,62.0,6.0
2,81,20,2.8,9.1282792674142,0.0,7,62.0,6.0
2,81,21,3.0,8.644042592455158,0.0,7,62.0,6.0
3,81,1,2.8,9.750429051959308,0.0,7,62.0,6.0
3,81,2,2.8,10.795322157509649,0.0,7,62.0,6.0
3,81,3,2.8,11.676198104949213,0.0,7,62.0,6.0
3,81,4,2.8,10.184101418574025,0.0,7,62.0,6.0
3,81,5,2.8,10.467944922665202,0.0,7,62.0,6.0
3,81,6,2.8,8.392797163967124,0.0,7,62.0,6.0
3,81,7,2.8,10.023572353931309,0.0,7,62.0,6.0
3,81,8,2.8,9.96061306732878,0.0,7,62.0,6.0
3,81,9,2.8,15.87781210159666,0.0,7,62.0,6.0
3,81,10,2.8,12.416593894094413,0.0,7,62.0,6.0
3,81,11,2.8,11.431548233753318,0.0,7,62.0,6.0
3,81,12,3.6,9.563108844984923,0.125,7,62.0,6.0
3,81,13,2.8,13.00693830519539,0.0,7,62.0,6.0
3,81,14,2.8,9.012812889411695,0.0,7,62.0,6.0
3,81,15,2.8,12.442658394884392,0.0,7,62.0,6.0
3,81,16,2.8,11.311182977061028,0.0,7,62.0,6.0
3,81,17,2.8,14.511074886162175,0.0,7,62.0,6.0
3,81,18,2.8,13.68495243905565,0.0,7,62.0,6.0
3,81,19,2.8,12.455536317618256,0.0,7,62.0,6.0
3,81,20,2.8,12.301388652441892,0.0,7,62.0,6.0
3,81,21,2.8,8.784661187890123,0.0,7,62.0,6.0
3,81,22,2.8,10.624487532615444,0.0,7,62.0,6.0
1,82,1,3.6,11.055372016718305,0.0,7,62.0,6.0
1,82,2,2.8,13.124276872236237,0.0,7,62.0,6.0
1,82,3,3.0,12.502201557073887,0.0,7,62.0,6.0
1,82,4,3.0,9.221225177865703,0.0,7,62.0,6.0
1,82,5,2.8,14.350198771844054,0.0,7,62.0,6.0
1,82,6,2.8,12.340217118290532,0.0,7,62.0,6.0
1,82,7,2.8,12.152998315222884,0.0,7,62.0,6.0
1,82,8,2.8,10.260209448560648,0.0,7,62.0,6.0
1,82,9,2.8,14.087334084013907,0.0,7,62.0,6.0
1,82,10,2.8,11.86237441946374,0.0,7,62.0,6.0
1,82,11,2.8,14.190187189470766,0.0,7,62.0,6.0
1,82,12,2.8,18.42034391578316,0.0,7,62.0,6.0
1,82,13,2.8,11.055650273807336,0.0,7,62.0,6.0
1,82,14,2.8,12.931971535119395,0.0,7,62.0,6.0
1,82,15,2.8,11.05588414062714,0.0,7,62.0,6.0
1,82,16,3.0,11.373269312080156,0.0,7,62.0,6.0
1,82,17,2.8,11.15277861424999,0.0,7,62.0,6.0
1,82,18,3.6,7.61885906161227,0.125,7,62.0,6.0
1,82,19,3.0,9.505292777455704,0.0,7,62.0,6.0
1,82,20,2.8,9.691477473276068,0.0,7,62.0,6.0
1,82,21,3.0,10.338115295681426,0.0,7,62.0,6.0
1,82,22,2.0,15.05064503714313,0.0,4,62.0,6.0
2,82,1,2.8,14.621424471376335,0.0,7,62.0,6.0
2,82,2,2.8,11.977362833634615,0.0,7,62.0,6.0
2,82,3,3.8,8.897089127064167,0.125,7,62.0,6.0
2,82,4,2.8,12.224124193839584,0.0,7,62.0,6.0
2,82,5,2.8,10.139163058337889,0.0,7,62.0,6.0
2,82,6,2.8,9.956356555553759,0.0,7,62.0,6.0
2,82,7,3.0,11.601798097761009,0.0,7,62.0,6.0
2,82,8,2.8,10.611901847734467,0.0,7,62.0,6.0
2,82,9,2.8,11.535113229320435,0.0,7,62.0,6.0
2,82,10,2.8,10.576104998421286,0.0,7,62.0,6.0
2,82,11,2.8,10.090069760990287,0.0,7,62.0,6.0
2,82,12,2.8,13.713253194220279,0.0,7,62.0,6.0
2,82,13,2.8,12.760371044164325,0.0,7,62.0,6.0
2,82,14,2.8,10.488674476470337,0.0,7,62.0,6.0
2,82,15,2.8,9.030940955812362,0.0,7,62.0,6.0
2,82,16,3.6,9.18612769223053,0.125,7,62.0,6.0
2,82,17,2.8,11.54072917292145,0.0,7,62.0,6.0
2,82,18,2.8,11.926472711919581,0.0,7,62.0,6.0
2,82,19,2.8,11.78264673500909,0.0,7,62.0,6.0
2,82,20,2.8,9.607149816770978,0.0,7,62.0,6.0
2,82,21,3.6,7.696818376942877,0.125,7,62.0,6.0
3,82,1,2.8,11.135059477154519,0.0,7,62.0,6.0
3,82,2,2.8,11.506136484638926,0.0,7,62.0,6.0
3,82,3,2.8,10.062540521891776,0.0,7,62.0,6.0
3,82,4,2.8,10.814353550881298,0.0,7,62.0,6.0
3,82,5,2.8,11.19611956872405,0.0,7,62.0,6.0
3,82,6,2.8,9.805644246311498,0.0,7,62.0,6.0
3,82,7,2.8,9.990824950131412,0.0,7,62.0,6.0
3,82,8,2.8,10.90158005612652,0.0,7,62.0,6.0
3,82,9,2.8,15.019973648709508,0.0,7,62.0,6.0
3,82,10,2.8,12.942077875067875,0.0,7,62.0,6.0
3,82,11,2.8,9.880311821944328,0.0,7,62.0,6.0
3,82,12,3.6,9.684246149408626,0.125,7,62.0,6.0
3,82,13,2.8,9.42072906533665,0.0,7,62.0,6.0
3,82,14,2.8,9.637712106507285,0.0,7,62.0,6.0
3,82,15,2.8,14.074780574362295,0.0,7,62.0,6.0
3,82,16,2.8,11.416753741341779,0.0,7,62.0,6.0
3,82,17,2.8,15.82521029577554,0.0,7,62.0,6.0
3,82,18,2.8,12.017774237955102,0.0,7,62.0,6.0
3,82,19,2.8,12.583669836054625,0.0,7,62.0,6.0
3,82,20,2.8,11.056107488087418,0.0,7,62.0,6.0
3,82,21,2.8,8.873880658039834,0.0,7,62.0,6.0
3,82,22,2.8,10.73639022338066,0.0,7,62.0,6.0
1,83,1,3.6,9.594410922567233,0.0,7,62.0,6.0
1,83,2,2.8,17.76796727505565,0.0,7,62.0,6.0
1,83,3,2.8,14.305716628510016,0.0,7,62.0,6.0
1,83,4,3.0,7.975626402076367,0.0,7,62.0,6.0
1,83,5,2.8,13.97021471330546,0.0,7,62.0,6.0
1,83,6,2.8,9.862907085661101,0.0,7,62.0,6.0
1,83,7,2.8,9.596391839558086,0.0,7,62.0,6.0
1,83,8,2.8,12.17460801190322,0.0,7,62.0,6.0
1,83,9,2.8,13.660882053578327,0.0,7,62.0,6.0
1,83,10,2.8,14.77989126983565,0.0,7,62.0,6.0
1,83,11,2.8,14.673090390487607,0.0,7,62.0,6.0
1,83,12,2.8,17.413481515771345,0.0,7,62.0,6.0
1,83,13,2.8,11.883607684616303,0.0,7,62.0,6.0
1,83,14,2.8,22.625621278840104,0.0,7,62.0,6.0
1,83,15,2.8,11.827952207599521,0.0,7,62.0,6.0
1,83,16,2.8,10.188301203525354,0.0,7,62.0,6.0
1,83,17,2.8,16.05466022120122,0.0,7,62.0,6.0
1,83,18,3.0,8.967017037040932,0.0,7,62.0,6.0
1,83,19,2.8,9.868350317160484,0.0,7,62.0,6.0
1,83,20,2.8,12.077591620598014,0.0,7,62.0,6.0
1,83,21,2.8,11.30621518606975,0.0,7,62.0,6.0
1,83,22,3.0,9.524174426580034,0.0,7,62.0,6.0
2,83,1,2.8,13.172821644005863,0.0,7,62.0,6.0
2,83,2,2.8,11.418342898398157,0.0,7,62.0,6.0
2,83,3,3.8,8.621183528893946,0.125,7,62.0,6.0
2,83,4,2.8,11.914552084747225,0.0,7,62.0,6.0
2,83,5,2.8,10.206845597599303,0.0,7,62.0,6.0
2,83,6,2.8,9.627243806527025,0.0,7,62.0,6.0
2,83,7,3.0,11.407053997305452,0.0,7,62.0,6.0
2,83,8,2.8,12.17512662833048,0.0,7,62.0,6.0
2,83,9,2.8,10.936924698720047,0.0,7,62.0,6.0
2,83,10,2.8,13.345338635574237,0.0,7,62.0,6.0
2,83,11,2.8,11.239715921249104,0.0,7,62.0,6.0
2,83,12,2.8,12.636596581140655,0.0,7,62.0,6.0
2,83,13,2.8,11.687470406048096,0.0,7,62.0,6.0
2,83,14,2.8,10.978167855417421,0.0,7,62.0,6.0
2,83,15,2.8,11.155898560307275,0.0,7,62.0,6.0
2,83,16,3.0,11.72852306122261,0.0,7,62.0,6.0
2,83,17,2.8,14.274704096687312,0.0,7,62.0,6.0
2,83,18,2.8,12.049423240720584,0.0,7,62.0,6.0
2,83,19,3.8,7.971309880206292,0.125,7,62.0,6.0
2,83,20,2.8,8.44209677805877,0.0,7,62.0,6.0
2,83,21,3.0,10.194159813616825,0.0,7,62.0,6.0
3,83,1,2.8,10.916439799114363,0.0,7,62.0,6.0
3,83,2,2.8,11.149554850420275,0.0,7,62.0,6.0
3,83,3,2.8,11.205566641042257,0.0,7,62.0,6.0
3,83,4,2.8,9.903755305843033,0.0,7,62.0,6.0
3,83,5,2.8,10.038418642262295,0.0,7,62.0,6.0
3,83,6,2.8,9.200845702076986,0.0,7,62.0,6.0
3,83,7,2.8,8.965636898283938,0.0,7,62.0,6.0
3,83,8,2.8,11.829316869644813,0.0,7,62.0,6.0
3,83,9,2.8,11.238760533439699,0.0,7,62.0,6.0
3,83,10,2.8,13.10850783828249,0.0,7,62.0,6.0
3,83,11,2.8,11.783950711342811,0.0,7,62.0,6.0
3,83,12,3.6,9.31549387074046,0.125,7,62.0,6.0
3,83,13,2.8,10.088953067645352,0.0,7,62.0,6.0
3,83,14,2.8,10.699943093901965,0.0,7,62.0,6.0
3,83,15,2.8,14.543331245755668,0.0,7,62.0,6.0
3,83,16,3.0,8.586468005152643,0.0,7,62.0,6.0
3,83,17,2.8,11.76974031733534,0.0,7,62.0,6.0
3,83,18,2.8,11.726056737940953,0.0,7,62.0,6.0
3,83,19,2.8,12.178175790607188,0.0,7,62.0,6.0
3,83,20,2.8,10.704395839113662,0.0,7,62.0,6.0
3,83,21,2.8,9.731099057197591,0.0,7,62.0,6.0
3,83,22,3.0,10.044671575318208,0.0,7,62.0,6.0
1,84,1,3.6,10.29954846575348,0.0,7,62.0,6.0
1,84,2,2.8,15.565049127118218,0.0,7,62.0,6.0
1,84,3,2.8,12.952732863572066,0.0,7,62.0,6.0
1,84,4,3.0,8.589524924874986,0.0,7,62.0,6.0
1,84,5,2.8,13.351171000781896,0.0,7,62.0,6.0
1,84,6,2.8,10.517015818797601,0.0,7,62.0,6.0
1,84,7,2.8,13.21650247332643,0.0,7,62.0,6.0
1,84,8,2.8,10.46245528201691,0.0,7,62.0,6.0
1,84,9,2.8,13.447485815771687,0.0,7,62.0,6.0
1,84,10,2.8,11.206669086513113,0.0,7,62.0,6.0
1,84,11,2.8,12.641512616720199,0.0,7,62.0,6.0
1,84,12,2.8,16.552506096115213,0.0,7,62.0,6.0
1,84,13,2.8,11.21982701095995,0.0,7,62.0,6.0
1,84,14,2.8,14.578989199842908,0.0,7,62.0,6.0
1,84,15,2.8,11.274699646652977,0.0,7,62.0,6.0
1,84,16,2.8,12.808652140881941,0.0,7,62.0,6.0
1,84,17,2.8,12.493204002352757,0.0,7,62.0,6.0
1,84,18,2.8,8.760101921849316,0.0,7,62.0,6.0
1,84,19,3.0,10.447912425154863,0.0,7,62.0,6.0
1,84,20,2.8,13.482770842922164,0.0,7,62.0,6.0
1,84,21,2.8,10.572281895429665,0.0,7,62.0,6.0
1,84,22,3.0,9.600039035913346,0.0,7,62.0,6.0
2,84,1,2.8,13.79684507048291,0.0,7,62.0,6.0
2,84,2,2.8,11.147786337724906,0.0,7,62.0,6.0
2,84,3,3.8,8.384802444439998,0.125,7,62.0,6.0
2,84,4,2.8,11.961154003446387,0.0,7,62.0,6.0
2,84,5,2.8,9.704778384369252,0.0,7,62.0,6.0
2,84,6,2.8,10.503508318843982,0.0,7,62.0,6.0
2,84,7,3.0,11.385818582099011,0.0,7,62.0,6.0
2,84,8,2.8,11.575987236760445,0.0,7,62.0,6.0
2,84,9,2.8,11.427352507735186,0.0,7,62.0,6.0
2,84,10,2.8,10.781177599162849,0.0,7,62.0,6.0
2,84,11,2.8,9.524406967789629,0.0,7,62.0,6.0
2,84,12,2.8,12.380795906551862,0.0,7,62.0,6.0
2,84,13,2.8,11.891992705927924,0.0,7,62.0,6.0
2,84,14,2.8,10.784589635799987,0.0,7,62.0,6.0
2,84,15,2.8,9.797694450255461,0.0,7,62.0,6.0
2,84,16,3.6,8.64103479580495,0.125,7,62.0,6.0
2,84,17,2.8,12.87713440644838,0.0,7,62.0,6.0
2,84,18,2.8,13.018036059637707,0.0,7,62.0,6.0
2,84,19,2.8,10.842674967091426,0.0,7,62.0,6.0
2,84,20,2.8,8.830392096773728,0.0,7,62.0,6.0
2,84,21,3.6,8.15885451076703,0.125,5,62.0,6.0
3,84,1,2.8,10.054995608199565,0.0,7,62.0,6.0
3,84,2,2.8,12.648293158076019,0.0,7,62.0,6.0
3,84,3,2.8,12.881166722702716,0.0,7,62.0,6.0
3,84,4,2.8,10.409429859128046,0.0,7,62.0,6.0
3,84,5,2.8,9.057280709006886,0.0,7,62.0,6.0
3,84,6,2.8,10.215075235908348,0.0,7,62.0,6.0
3,84,7,2.8,11.259968068940442,0.0,7,62.0,6.0
3,84,8,2.8,9.676939036449323,0.0,7,62.0,6.0
3,84,9,2.8,14.350383170794158,0.0,7,62.0,6.0
3,84,10,2.8,11.614880498960424,0.0,7,62.0,6.0
3,84,11,2.8,12.08668704489655,0.0,7,62.0,6.0
3,84,12,3.0,13.430796999833184,0.0,7,62.0,6.0
3,84,13,2.8,10.196767361885469,0.0,7,62.0,6.0
3,84,14,2.8,13.28202558830361,0.0,7,62.0,6.0
3,84,15,2.8,13.461497750186114,0.0,7,62.0,6.0
3,84,16,3.0,11.451199043405305,0.0,7,62.0,6.0
3,84,17,2.8,14.309882016127862,0.0,7,62.0,6.0
3,84,18,2.8,10.384759312938892,0.0,7,62.0,6.0
3,84,19,2.8,14.729832884314424,0.0,7,62.0,6.0
3,84,20,2.8,12.018772575618023,0.0,7,62.0,6.0
3,84,21,2.8,8.505391539433052,0.0,7,62.0,6.0
3,84,22,2.8,8.949314814592693,0.0,7,62.0,6.0
1,85,1,3.6,8.926431718162869,0.0,7,62.0,6.0
1,85,2,2.8,13.476487306902197,0.0,7,62.0,6.0
1,85,3,3.0,10.627964945707607,0.0,7,62.0,6.0
1,85,4,3.0,8.226711280240872,0.0,7,62.0,6.0
1,85,5,2.8,15.105611694486178,0.0,7,62.0,6.0
1,85,6,2.8,9.529964016978482,0.0,7,62.0,6.0
1,85,7,2.8,10.630783507569447,0.0,7,62.0,6.0
1,85,8,2.8,10.735455975315954,0.0,7,62.0,6.0
1,85,9,2.8,15.42121820443474,0.0,7,62.0,6.0
1,85,10,2.8,10.318627707603081,0.0,7,62.0,6.0
1,85,11,2.8,14.854813950729296,0.0,7,62.0,6.0
1,85,12,2.8,19.12176000817592,0.0,7,62.0,6.0
1,85,13,2.8,9.56416443569447,0.0,7,62.0,6.0
1,85,14,2.8,11.13911487786192,0.0,7,62.0,6.0
1,85,15,2.8,15.138809229996697,0.0,7,62.0,6.0
1,85,16,2.8,11.810817722408686,0.0,7,62.0,6.0
1,85,17,2.8,11.254753837186843,0.0,7,62.0,6.0
1,85,18,3.6,8.022116927203358,0.125,7,62.0,6.0
1,85,19,3.0,10.91414347953728,0.0,7,62.0,6.0
1,85,20,2.8,9.340945816371365,0.0,7,62.0,6.0
1,85,21,3.2,8.14680922674214,0.0,7,62.0,6.0
1,85,22,2.0,16.160624184099383,0.0,4,62.0,6.0
2,85,1,2.8,12.922334579915201,0.0,7,62.0,6.0
2,85,2,2.8,11.59146576102567,0.0,7,62.0,6.0
2,85,3,3.8,7.418613260704035,0.125,7,62.0,6.0
2,85,4,2.8,10.395699267679873,0.0,7,62.0,6.0
2,85,5,2.8,10.632708382370469,0.0,7,62.0,6.0
2,85,6,2.8,10.361158897921397,0.0,7,62.0,6.0
2,85,7,3.0,10.040090313220913,0.0,7,62.0,6.0
2,85,8,2.8,9.98802570744398,0.0,7,62.0,6.0
2,85,9,2.8,12.683316935058699,0.0,7,62.0,6.0
2,85,10,2.8,10.274081535249183,0.0,7,62.0,6.0
2,85,11,2.8,9.321189829021069,0.0,7,62.0,6.0
2,85,12,2.8,13.181275483207235,0.0,7,62.0,6.0
2,85,13,2.8,13.31600696220119,0.0,7,62.0,6.0
2,85,14,2.8,10.174599430283676,0.0,7,62.0,6.0
2,85,15,2.8,10.105267520347324,0.0,7,62.0,6.0
2,85,16,3.0,12.41917135519791,0.0,7,62.0,6.0
2,85,17,2.8,9.609618650167652,0.0,7,62.0,6.0
2,85,18,2.8,14.507396756855192,0.0,7,62.0,6.0
2,85,19,3.2,8.885681374586223,0.0,7,62.0,6.0
2,85,20,2.8,9.453915353280449,0.0,7,62.0,6.0
2,85,21,3.0,8.625142486515275,0.0,7,62.0,6.0
3,85,1,2.8,10.6317958782228,0.0,7,62.0,6.0
3,85,2,2.8,10.608083492303857,0.0,7,62.0,6.0
3,85,3,2.8,11.609706479552582,0.0,7,62.0,6.0
3,85,4,2.8,9.68421445870635,0.0,7,62.0,6.0
3,85,5,2.8,9.876318502011738,0.0,7,62.0,6.0
3,85,6,2.8,9.515778395952896,0.0,7,62.0,6.0
3,85,7,2.8,8.92638136888721,0.0,7,62.0,6.0
3,85,8,2.8,10.921046054687192,0.0,7,62.0,6.0
3,85,9,2.8,13.615612975721664,0.0,7,62.0,6.0
3,85,10,2.8,10.969120348946241,0.0,7,62.0,6.0
3,85,11,2.8,10.383534392092205,0.0,7,62.0,6.0
3,85,12,3.6,9.287203162093553,0.125,7,62.0,6.0
3,85,13,2.8,10.897908856064586,0.0,7,62.0,6.0
3,85,14,2.8,9.244398151849591,0.0,7,62.0,6.0
3,85,15,2.8,16.640476564588834,0.0,7,62.0,6.0
3,85,16,2.8,10.2325139042577,0.0,7,62.0,6.0
3,85,17,2.8,12.123630024505307,0.0,7,62.0,6.0
3,85,18,3.0,11.664510249627913,0.0,7,62.0,6.0
3,85,19,2.8,12.275949098603666,0.0,7,62.0,6.0
3,85,20,2.8,10.64848522687228,0.0,7,62.0,6.0
3,85,21,2.8,10.067474855742962,0.0,7,62.0,6.0
3,85,22,3.0,10.350655855745947,0.0,7,62.0,6.0
1,86,1,3.6,10.83668086479429,0.0,7,62.0,6.0
1,86,2,2.8,16.192417062153254,0.0,7,62.0,6.0
1,86,3,3.0,11.769646847573863,0.0,7,62.0,6.0
1,86,4,3.0,8.215495515252083,0.0,7,62.0,6.0
1,86,5,2.8,11.202326894829316,0.0,7,62.0,6.0
1,86,6,2.8,9.084587759773143,0.0,7,62.0,6.0
1,86,7,2.8,10.164558028972785,0.0,7,62.0,6.0
1,86,8,2.8,10.49245400027012,0.0,7,62.0,6.0
1,86,9,2.8,13.078392541353372,0.0,7,62.0,6.0
1,86,10,2.8,13.981662810366139,0.0,7,62.0,6.0
1,86,11,2.8,13.61316996379106,0.0,7,62.0,6.0
1,86,12,2.8,16.020712576156964,0.0,7,62.0,6.0
1,86,13,2.8,12.578774959918555,0.0,7,62.0,6.0
1,86,14,2.8,13.157867841007084,0.0,7,62.0,6.0
1,86,15,2.8,16.11014953902867,0.0,7,62.0,6.0
1,86,16,3.0,11.614395001472852,0.0,7,62.0,6.0
1,86,17,2.8,12.894966741736134,0.0,7,62.0,6.0
1,86,18,3.0,10.263953034543032,0.0,7,62.0,6.0
1,86,19,2.8,10.147928766342481,0.0,7,62.0,6.0
1,86,20,2.8,14.204012419478726,0.0,7,62.0,6.0
1,86,21,3.0,9.50498004868306,0.0,7,62.0,6.0
1,86,22,2.4,11.440463230906891,0.0,6,62.0,6.0
2,86,1,2.8,16.65162791018526,0.0,7,62.0,6.0
2,86,2,2.8,10.355076516259972,0.0,7,62.0,6.0
2,86,3,3.0,12.549265996931702,0.0,7,62.0,6.0
2,86,4,2.8,11.503557185966198,0.0,7,62.0,6.0
2,86,5,2.8,8.554224705848288,0.0,7,62.0,6.0
2,86,6,2.8,11.810325366874894,0.0,7,62.0,6.0
2,86,7,3.0,10.267457412899478,0.0,7,62.0,6.0
2,86,8,2.8,11.51785088302497,0.0,7,62.0,6.0
2,86,9,2.8,11.109757805106025,0.0,7,62.0,6.0
2,86,10,2.8,14.704457718710506,0.0,7,62.0,6.0
2,86,11,2.8,9.515566384569725,0.0,7,62.0,6.0
2,86,12,2.8,12.076473644493614,0.0,7,62.0,6.0
2,86,13,2.8,13.250905848273371,0.0,7,62.0,6.0
2,86,14,2.8,10.966968857056685,0.0,7,62.0,6.0
2,86,15,2.8,10.422327636794149,0.0,7,62.0,6.0
2,86,16,3.0,12.624415767328856,0.0,7,62.0,6.0
2,86,17,2.8,12.474028473470758,0.0,7,62.0,6.0
2,86,18,2.8,12.164024711082082,0.0,7,62.0,6.0
2,86,19,3.0,13.765044747821475,0.0,7,62.0,6.0
2,86,20,2.8,9.000275751854385,0.0,7,62.0,6.0
2,86,21,2.8,8.611635463387413,0.0,7,62.0,6.0
2,86,22,2.4,12.350010398093369,0.0,5,62.0,6.0
3,86,1,2.8,9.124905646414026,0.0,7,62.0,6.0
3,86,2,2.8,10.738460191235593,0.0,7,62.0,6.0
3,86,3,3.0,12.158799812771298,0.0,7,62.0,6.0
3,86,4,2.8,9.76181332846986,0.0,7,62.0,6.0
3,86,5,2.8,10.110473060455336,0.0,7,62.0,6.0
3,86,6,2.8,9.368489717050378,0.0,7,62.0,6.0
3,86,7,2.8,9.771035730450613,0.0,7,62.0,6.0
3,86,8,2.8,10.380185541161985,0.0,7,62.0,6.0
3,86,9,2.8,11.733964647578517,0.0,7,62.0,6.0
3,86,10,2.8,10.473909422409234,0.0,7,62.0,6.0
3,86,11,2.8,14.665029205451678,0.0,7,62.0,6.0
3,86,12,3.6,8.860252218801744,0.125,7,62.0,6.0
3,86,13,2.8,10.12554747298382,0.0,7,62.0,6.0
3,86,14,3.0,9.296337490254988,0.0,7,62.0,6.0
3,86,15,2.8,18.324869631889634,0.0,7,62.0,6.0
3,86,16,2.8,9.772664696591585,0.0,7,62.0,6.0
3,86,17,2.8,13.2174843008165,0.0,7,62.0,6.0
3,86,18,2.8,12.610556843930247,0.0,7,62.0,6.0
3,86,19,2.8,12.470248435604013,0.0,7,62.0,6.0
3,86,20,2.8,9.05941655502407,0.0,7,62.0,6.0
3,86,21,2.8,9.1242914867822,0.0,7,62.0,6.0
3,86,22,2.8,11.837445261071917,0.0,7,62.0,6.0
1,87,1,3.6,11.860464287917683,0.0,7,62.0,6.0
1,87,2,2.8,13.446416011836238,0.0,7,62.0,6.0
1,87,3,2.8,12.653550910727581,0.0,7,62.0,6.0
1,87,4,2.8,8.720392351182834,0.0,7,62.0,6.0
1,87,5,2.8,15.906772461791649,0.0,7,62.0,6.0
1,87,6,2.8,9.56763984177434,0.0,7,62.0,6.0
1,87,7,2.8,10.826383961059197,0.0,7,62.0,6.0
1,87,8,2.8,12.828265263632348,0.0,7,62.0,6.0
1,87,9,2.8,10.778403824496491,0.0,7,62.0,6.0
1,87,10,2.8,12.193600409907416,0.0,7,62.0,6.0
1,87,11,2.8,15.178958919263215,0.0,7,62.0,6.0
1,87,12,2.8,14.859219130093878,0.0,7,62.0,6.0
1,87,13,2.8,14.314731114974979,0.0,7,62.0,6.0
1,87,14,2.8,16.573343734924418,0.0,7,62.0,6.0
1,87,15,2.8,11.214369165629607,0.0,7,62.0,6.0
1,87,16,2.8,12.979161663119068,0.0,7,62.0,6.0
1,87,17,2.8,14.462501796122577,0.0,7,62.0,6.0
1,87,18,3.6,7.515027840276762,0.125,7,62.0,6.0
1,87,19,3.0,9.749499814810324,0.0,7,62.0,6.0
1,87,20,3.0,10.292609893810328,0.0,7,62.0,6.0
1,87,21,2.8,9.325893078496396,0.0,7,62.0,6.0
1,87,22,2.2,11.722320448263597,0.0,5,62.0,6.0
2,87,1,3.0,13.232821181319792,0.0,7,62.0,6.0
2,87,2,2.8,9.968280618567574,0.0,7,62.0,6.0
2,87,3,3.4,10.423867870738773,0.0,7,62.0,6.0
2,87,4,2.8,10.122300286377898,0.0,7,62.0,6.0
2,87,5,2.8,10.697861813356583,0.0,7,62.0,6.0
2,87,6,2.8,9.203959096272918,0.0,7,62.0,6.0
2,87,7,3.0,11.04420268026287,0.0,7,62.0,6.0
2,87,8,3.0,8.954791653312322,0.0,7,62.0,6.0
2,87,9,2.8,10.936924698720047,0.0,7,62.0,6.0
2,87,10,2.8,13.922536290493582,0.0,7,62.0,6.0
2,87,11,2.8,9.335417312473858,0.0,7,62.0,6.0
2,87,12,2.8,16.441145999182563,0.0,7,62.0,6.0
2,87,13,2.8,12.348170185654217,0.0,7,62.0,6.0
2,87,14,2.8,9.56964882222139,0.0,7,62.0,6.0
2,87,15,2.8,9.305754145552495,0.0,7,62.0,6.0
2,87,16,3.0,12.294349344785147,0.0,7,62.0,6.0
2,87,17,2.8,15.12174269335352,0.0,7,62.0,6.0
2,87,18,2.8,12.969251327566031,0.0,7,62.0,6.0
2,87,19,3.8,8.151928268780242,0.125,7,62.0,6.0
2,87,20,2.8,8.58428336106007,0.0,7,62.0,6.0
2,87,21,2.8,11.34030129027578,0.0,7,62.0,6.0
3,87,1,2.8,9.291249497123385,0.0,7,62.0,6.0
3,87,2,2.8,11.840258398767016,0.0,7,62.0,6.0
3,87,3,2.8,11.926656652002407,0.0,7,62.0,6.0
3,87,4,2.8,9.578054016142392,0.0,7,62.0,6.0
3,87,5,2.8,9.812934888382575,0.0,7,62.0,6.0
3,87,6,2.8,9.66616935169979,0.0,7,62.0,6.0
3,87,7,2.8,9.893854122374057,0.0,7,62.0,6.0
3,87,8,2.8,12.20707539543755,0.0,7,62.0,6.0
3,87,9,2.8,13.707156753806448,0.0,7,62.0,6.0
3,87,10,2.8,13.94539131790054,0.0,7,62.0,6.0
3,87,11,2.8,12.305550799000965,0.0,7,62.0,6.0
3,87,12,3.6,8.559360834651086,0.125,7,62.0,6.0
3,87,13,3.0,11.92007424573074,0.0,7,62.0,6.0
3,87,14,2.8,9.378039039090366,0.0,7,62.0,6.0
3,87,15,2.8,14.481772112215705,0.0,7,62.0,6.0
3,87,16,2.8,9.182485016261495,0.0,7,62.0,6.0
3,87,17,2.8,18.666724433872005,0.0,7,62.0,6.0
3,87,18,3.0,9.467432611470569,0.0,7,62.0,6.0
3,87,19,2.8,11.819574071253472,0.0,7,62.0,6.0
3,87,20,2.8,9.451409113842969,0.0,7,62.0,6.0
3,87,21,2.8,12.68083187324891,0.0,7,62.0,6.0
3,87,22,3.0,10.849397722431101,0.0,7,62.0,6.0
1,88,1,3.6,11.978343531582437,0.0,7,62.0,6.0
1,88,2,2.8,15.851659667010596,0.0,7,62.0,6.0
1,88,3,2.8,14.442865378805907,0.0,7,62.0,6.0
1,88,4,2.8,8.511012419924047,0.0,7,62.0,6.0
1,88,5,2.8,13.162033570078059,0.0,7,62.0,6.0
1,88,6,2.8,8.697646365774258,0.0,7,62.0,6.0
1,88,7,2.8,10.865425690636133,0.0,7,62.0,6.0
1,88,8,2.8,13.135866607428975,0.0,7,62.0,6.0
1,88,9,2.8,10.49677918226042,0.0,7,62.0,6.0
1,88,10,2.8,14.945656100590488,0.0,7,62.0,6.0
1,88,11,2.8,17.21728357599723,0.0,7,62.0,6.0
1,88,12,2.8,15.549380197917245,0.0,7,62.0,6.0
1,88,13,2.8,11.500779746088737,0.0,7,62.0,6.0
1,88,14,2.8,13.584446662477562,0.0,7,62.0,6.0
1,88,15,2.8,12.091988239763644,0.0,7,62.0,6.0
1,88,16,2.8,13.442408646778038,0.0,7,62.0,6.0
1,88,17,2.8,11.355601577661961,0.0,7,62.0,6.0
1,88,18,3.6,7.766864261410177,0.125,7,62.0,6.0
1,88,19,3.0,9.518500332939395,0.0,7,62.0,6.0
1,88,20,2.8,10.874010237288061,0.0,7,62.0,6.0
1,88,21,3.2,8.91645702028088,0.0,7,62.0,6.0
1,88,22,2.0,11.776563305578634,0.0,5,62.0,6.0
2,88,1,2.8,15.832623602722105,0.0,7,62.0,6.0
2,88,2,2.8,10.2166954266194,0.0,7,62.0,6.0
2,88,3,3.2,12.878090859555183,0.0,7,62.0,6.0
2,88,4,2.8,11.918684341400155,0.0,7,62.0,6.0
2,88,5,2.8,11.18656205528154,0.0,7,62.0,6.0
2,88,6,2.8,9.65849631864192,0.0,7,62.0,6.0
2,88,7,3.6,7.959677539115467,0.125,7,62.0,6.0
2,88,8,2.8,11.424623797439525,0.0,7,62.0,6.0
2,88,9,2.8,11.578788739595215,0.0,7,62.0,6.0
2,88,10,2.8,13.433272401827901,0.0,7,62.0,6.0
2,88,11,2.8,9.72120668647772,0.0,7,62.0,6.0
2,88,12,2.8,10.472802062150421,0.0,7,62.0,6.0
2,88,13,2.8,11.489864043713643,0.0,7,62.0,6.0
2,88,14,2.8,11.199291976264764,0.0,7,62.0,6.0
2,88,15,2.8,10.595438720239473,0.0,7,62.0,6.0
2,88,16,3.0,10.323021003443463,0.0,7,62.0,6.0
2,88,17,2.8,12.076252525985852,0.0,7,62.0,6.0
2,88,18,2.8,12.833187572376316,0.0,7,62.0,6.0
2,88,19,3.6,9.433336707297281,0.125,7,62.0,6.0
2,88,20,2.8,8.50405037984836,0.0,7,62.0,6.0
2,88,21,3.0,10.253016430184005,0.0,7,62.0,6.0
3,88,1,2.8,11.823912766242387,0.0,7,62.0,6.0
3,88,2,2.8,11.527823502634222,0.0,7,62.0,6.0
3,88,3,2.8,10.790408090172594,0.0,7,62.0,6.0
3,88,4,2.8,10.033735001388933,0.0,7,62.0,6.0
3,88,5,2.8,9.657978968508479,0.0,7,62.0,6.0
3,88,6,2.8,10.335915470170509,0.0,7,62.0,6.0
3,88,7,2.8,9.018517855401317,0.0,7,62.0,6.0
3,88,8,2.8,12.688235325033503,0.0,7,62.0,6.0
3,88,9,2.8,15.320975082252453,0.0,7,62.0,6.0
3,88,10,2.8,12.025964101739618,0.0,7,62.0,6.0
3,88,11,2.8,10.82458741114593,0.0,7,62.0,6.0
3,88,12,3.6,8.062874917584564,0.125,7,62.0,6.0
3,88,13,2.8,10.74474639789392,0.0,7,62.0,6.0
3,88,14,2.8,9.357547925395389,0.0,7,62.0,6.0
3,88,15,2.8,15.155992181443853,0.0,7,62.0,6.0
3,88,16,2.8,12.14203613098922,0.0,7,62.0,6.0
3,88,17,2.8,13.791215283912406,0.0,7,62.0,6.0
3,88,18,3.0,9.733843905734835,0.0,7,62.0,6.0
3,88,19,2.8,10.055778015927862,0.0,7,62.0,6.0
3,88,20,2.8,10.934035494229818,0.0,7,62.0,6.0
3,88,21,2.8,9.824890640838097,0.0,7,62.0,6.0
3,88,22,3.0,9.64852169609053,0.0,7,62.0,6.0
1,89,1,3.6,9.861324943636808,0.0,7,62.0,6.0
1,89,2,2.8,17.209786598364424,0.0,7,62.0,6.0
1,89,3,3.0,14.806062233319325,0.0,7,62.0,6.0
1,89,4,3.0,7.976260548025247,0.0,7,62.0,6.0
1,89,5,2.8,16.115543783658723,0.0,7,62.0,6.0
1,89,6,2.8,9.560202306507197,0.0,7,62.0,6.0
1,89,7,2.8,12.276794514310803,0.0,7,62.0,6.0
1,89,8,2.8,10.659495787334187,0.0,7,62.0,6.0
1,89,9,2.8,15.381854472789199,0.0,7,62.0,6.0
1,89,10,2.8,10.51671825395691,0.0,7,62.0,6.0
1,89,11,2.8,14.359254208315859,0.0,7,62.0,6.0
1,89,12,2.8,14.80088073950788,0.0,7,62.0,6.0
1,89,13,2.8,9.31288943406515,0.0,7,62.0,6.0
1,89,14,2.8,15.858842357659427,0.0,7,62.0,6.0
1,89,15,2.8,11.199720132035186,0.0,7,62.0,6.0
1,89,16,2.8,10.952181010561345,0.0,7,62.0,6.0
1,89,17,2.8,12.388511084731833,0.0,7,62.0,6.0
1,89,18,3.6,8.174467959522355,0.125,7,62.0,6.0
1,89,19,3.0,9.780446015917702,0.0,7,62.0,6.0
1,89,20,2.8,10.514432204421174,0.0,7,62.0,6.0
1,89,21,3.2,8.539326681316798,0.0,7,62.0,6.0
1,89,22,2.0,13.606354075252312,0.0,4,62.0,6.0
2,89,1,2.8,14.551848250142129,0.0,7,62.0,6.0
2,89,2,2.8,10.909178378994595,0.0,7,62.0,6.0
2,89,3,3.0,13.114342353586391,0.0,7,62.0,6.0
2,89,4,2.8,12.619086341635246,0.0,7,62.0,6.0
2,89,5,2.8,9.70839537880727,0.0,7,62.0,6.0
2,89,6,2.8,14.395533948473782,0.0,7,62.0,6.0
2,89,7,3.0,11.481785026539406,0.0,7,62.0,6.0
2,89,8,2.8,9.880453789832004,0.0,7,62.0,6.0
2,89,9,2.8,10.627160556041789,0.0,7,62.0,6.0
2,89,10,2.8,15.847476549876744,0.0,7,62.0,6.0
2,89,11,2.8,8.715540598332733,0.0,7,62.0,6.0
2,89,12,2.8,12.470445398229556,0.0,7,62.0,6.0
2,89,13,2.8,12.806955450297488,0.0,7,62.0,6.0
2,89,14,2.8,10.698399501397644,0.0,7,62.0,6.0
2,89,15,2.8,10.28215544196578,0.0,7,62.0,6.0
2,89,16,3.0,10.796950067766936,0.0,7,62.0,6.0
2,89,17,2.8,10.915636081716604,0.0,7,62.0,6.0
2,89,18,2.8,8.75227411513135,0.0,7,62.0,6.0
2,89,19,3.0,14.69081801932555,0.0,7,62.0,6.0
2,89,20,2.8,9.90387452965003,0.0,7,62.0,6.0
2,89,21,2.8,10.292753458788294,0.0,7,62.0,6.0
2,89,22,2.4,13.376402363603113,0.0,5,62.0,6.0
3,89,1,2.8,10.41455007844211,0.0,7,62.0,6.0
3,89,2,2.8,12.050211040146829,0.0,7,62.0,6.0
3,89,3,2.8,12.163855719295352,0.0,7,62.0,6.0
3,89,4,2.8,10.286874746045838,0.0,7,62.0,6.0
3,89,5,2.8,9.86039595858377,0.0,7,62.0,6.0
3,89,6,2.8,9.821390313618924,0.0,7,62.0,6.0
3,89,7,2.8,8.952513414869651,0.0,7,62.0,6.0
3,89,8,2.8,11.059279171287717,0.0,7,62.0,6.0
3,89,9,2.8,14.384132891569562,0.0,7,62.0,6.0
3,89,10,2.8,11.398418167647849,0.0,7,62.0,6.0
3,89,11,2.8,12.280841967920248,0.0,7,62.0,6.0
3,89,12,3.6,8.360456947142719,0.125,7,62.0,6.0
3,89,13,2.8,11.17671897936529,0.0,7,62.0,6.0
3,89,14,2.8,10.39090862991884,0.0,7,62.0,6.0
3,89,15,2.8,14.238613939644301,0.0,7,62.0,6.0
3,89,16,2.8,10.77323423708316,0.0,7,62.0,6.0
3,89,17,2.8,13.948476751843907,0.0,7,62.0,6.0
3,89,18,2.8,10.90367638271224,0.0,7,62.0,6.0
3,89,19,2.8,12.110259888643716,0.0,7,62.0,6.0
3,89,20,2.8,12.816964193968033,0.0,7,62.0,6.0
3,89,21,2.8,9.70462491969328,0.0,7,62.0,6.0
3,89,22,2.8,11.724280536422294,0.0,7,62.0,6.0
1,90,1,3.6,10.935003634007884,0.0,7,62.0,6.0
1,90,2,2.8,14.1405854626523,0.0,7,62.0,6.0
1,90,3,3.0,12.686445567603835,0.0,7,62.0,6.0
1,90,4,3.0,8.340576531675397,0.0,7,62.0,6.0
1,90,5,2.8,16.835939610387765,0.0,7,62.0,6.0
1,90,6,3.0,9.387668468316114,0.0,7,62.0,6.0
1,90,7,2.8,10.075081078022341,0.0,7,62.0,6.0
1,90,8,2.8,11.173875831295039,0.0,7,62.0,6.0
1,90,9,2.8,11.665570602429561,0.0,7,62.0,6.0
1,90,10,2.8,11.419460531027582,0.0,7,62.0,6.0
1,90,11,2.8,13.51751874805369,0.0,7,62.0,6.0
1,90,12,2.8,20.86441650174476,0.0,7,62.0,6.0
1,90,13,2.8,9.865695347657615,0.0,7,62.0,6.0
1,90,14,2.8,13.8445221485738,0.0,7,62.0,6.0
1,90,15,2.8,13.099279954368225,0.0,7,62.0,6.0
1,90,16,2.8,12.08360659581666,0.0,7,62.0,6.0
1,90,17,2.8,11.90170671180497,0.0,7,62.0,6.0
1,90,18,3.0,9.47330845739646,0.0,7,62.0,6.0
1,90,19,3.0,8.644599299925881,0.0,7,62.0,6.0
1,90,20,3.0,11.533700901225833,0.0,7,62.0,6.0
1,90,21,3.0,9.541969578480497,0.0,7,62.0,6.0
1,90,22,2.0,12.432576153700428,0.0,5,62.0,6.0
2,90,1,2.8,16.928156871959082,0.0,7,62.0,6.0
2,90,2,2.8,10.624908081705561,0.0,7,62.0,6.0
2,90,3,3.0,13.671314386058324,0.0,7,62.0,6.0
2,90,4,2.8,11.375186771821323,0.0,7,62.0,6.0
2,90,5,2.8,8.590268595573436,0.0,7,62.0,6.0
2,90,6,2.8,10.943882111957123,0.0,7,62.0,6.0
2,90,7,3.0,11.146966792604433,0.0,7,62.0,6.0
2,90,8,2.8,11.92197538026694,0.0,7,62.0,6.0
2,90,9,2.8,10.950626167677662,0.0,7,62.0,6.0
2,90,10,2.8,15.76577534762914,0.0,7,62.0,6.0
2,90,11,2.8,8.234440670527176,0.0,7,62.0,6.0
2,90,12,2.8,13.854636952929422,0.0,7,62.0,6.0
2,90,13,2.8,12.316923123827802,0.0,7,62.0,6.0
2,90,14,2.8,11.187637529606965,0.0,7,62.0,6.0
2,90,15,2.8,10.112154679508116,0.0,7,62.0,6.0
2,90,16,3.0,11.551455788929305,0.0,7,62.0,6.0
2,90,17,2.8,11.9151011995278,0.0,7,62.0,6.0
2,90,18,2.8,9.680412129791543,0.0,7,62.0,6.0
2,90,19,3.0,12.628197813192585,0.0,7,62.0,6.0
2,90,20,2.8,7.916817025629629,0.0,7,62.0,6.0
2,90,21,2.8,9.735695395636094,0.0,7,62.0,6.0
2,90,22,2.4,13.006600183896017,0.0,5,62.0,6.0
3,90,1,2.8,8.925168398994154,0.0,7,62.0,6.0
3,90,2,2.8,11.377708819594476,0.0,7,62.0,6.0
3,90,3,2.8,12.935654186560743,0.0,7,62.0,6.0
3,90,4,2.8,10.719583420869519,0.0,7,62.0,6.0
3,90,5,2.8,9.53749382148873,0.0,7,62.0,6.0
3,90,6,2.8,12.6435350887726,0.0,7,62.0,6.0
3,90,7,2.8,9.335114007166862,0.0,7,62.0,6.0
3,90,8,2.8,10.960187351658112,0.0,7,62.0,6.0
3,90,9,2.8,13.34817408059149,0.0,7,62.0,6.0
3,90,10,2.8,10.663135644234558,0.0,7,62.0,6.0
3,90,11,2.8,12.714864007723284,0.0,7,62.0,6.0
3,90,12,3.6,9.98462844273185,0.125,7,62.0,6.0
3,90,13,3.0,10.17498236538473,0.0,7,62.0,6.0
3,90,14,2.8,8.673199524828602,0.0,7,62.0,6.0
3,90,15,2.8,13.921399964362603,0.0,7,62.0,6.0
3,90,16,3.0,8.928652280690862,0.0,7,62.0,6.0
3,90,17,2.8,13.048293490593785,0.0,7,62.0,6.0
3,90,18,2.8,12.111129951547843,0.0,7,62.0,6.0
3,90,19,2.8,15.047392102406915,0.0,7,62.0,6.0
3,90,20,2.8,9.926960612888658,0.0,7,62.0,6.0
3,90,21,2.8,11.013843716575998,0.0,7,62.0,6.0
3,90,22,3.0,10.047362886485748,0.0,7,62.0,6.0
1,91,1,3.6,10.281974749883418,0.0,7,62.0,6.0
1,91,2,2.8,15.366591890705365,0.0,7,62.0,6.0
1,91,3,2.8,12.627036454001543,0.0,7,62.0,6.0
1,91,4,3.0,8.33988313600614,0.0,7,62.0,6.0
1,91,5,2.8,15.35887486007193,0.0,7,62.0,6.0
1,91,6,2.8,10.010364365710775,0.0,7,62.0,6.0
1,91,7,2.8,10.061032715902995,0.0,7,62.0,6.0
1,91,8,2.8,12.50299138008418,0.0,7,62.0,6.0
1,91,9,2.8,12.473263406936109,0.0,7,62.0,6.0
1,91,10,2.8,12.03477345073219,0.0,7,62.0,6.0
1,91,11,2.8,18.0050374854942,0.0,7,62.0,6.0
1,91,12,2.8,16.598098340489653,0.0,7,62.0,6.0
1,91,13,2.8,10.914988668774921,0.0,7,62.0,6.0
1,91,14,2.8,21.34342784595244,0.0,7,62.0,6.0
1,91,15,2.8,11.87456726577976,0.0,7,62.0,6.0
1,91,16,2.8,11.713183530524978,0.0,7,62.0,6.0
1,91,17,2.8,13.41070889511522,0.0,7,62.0,6.0
1,91,18,3.0,7.76528505590713,0.0,7,62.0,6.0
1,91,19,3.0,8.580775445121667,0.0,7,62.0,6.0
1,91,20,3.0,12.705351434242521,0.0,7,62.0,6.0
1,91,21,3.2,8.687402028342266,0.0,7,62.0,6.0
1,91,22,2.2,10.702199654897132,0.0,5,62.0,6.0
2,91,1,2.8,13.82803851743764,0.0,7,62.0,6.0
2,91,2,2.8,9.216026283536456,0.0,7,62.0,6.0
2,91,3,4.0,7.73759748355009,0.125,7,62.0,6.0
2,91,4,2.8,10.342750508747143,0.0,7,62.0,6.0
2,91,5,2.8,9.892620656590992,0.0,7,62.0,6.0
2,91,6,2.8,9.428435638345434,0.0,7,62.0,6.0
2,91,7,3.2,10.054893764756319,0.0,7,62.0,6.0
2,91,8,2.8,10.94425199802036,0.0,7,62.0,6.0
2,91,9,2.8,12.263245870720201,0.0,7,62.0,6.0
2,91,10,2.8,11.40031143281348,0.0,7,62.0,6.0
2,91,11,2.8,11.486428267947552,0.0,7,62.0,6.0
2,91,12,2.8,12.522555137313006,0.0,7,62.0,6.0
2,91,13,2.8,11.715167569760672,0.0,7,62.0,6.0
2,91,14,2.8,9.878668231112885,0.0,7,62.0,6.0
2,91,15,3.6,8.339383204653474,0.125,7,62.0,6.0
2,91,16,2.8,12.748346803197396,0.0,7,62.0,6.0
2,91,17,2.8,12.596893729090109,0.0,7,62.0,6.0
2,91,18,2.8,13.349768961117675,0.0,7,62.0,6.0
2,91,19,2.8,13.326550629741027,0.0,7,62.0,6.0
2,91,20,2.8,8.477200002494557,0.0,7,62.0,6.0
2,91,21,3.6,7.783071485983643,0.125,7,62.0,6.0
3,91,1,2.8,10.839055039647961,0.0,7,62.0,6.0
3,91,2,2.8,13.337867896433663,0.0,7,62.0,6.0
3,91,3,2.8,11.043698510210186,0.0,7,62.0,6.0
3,91,4,2.8,10.682138827230125,0.0,7,62.0,6.0
3,91,5,2.8,11.404896189753766,0.0,7,62.0,6.0
3,91,6,2.8,10.23216484378108,0.0,7,62.0,6.0
3,91,7,2.8,9.085502790339287,0.0,7,62.0,6.0
3,91,8,2.8,13.774087373308003,0.0,7,62.0,6.0
3,91,9,2.8,13.799939842809351,0.0,7,62.0,6.0
3,91,10,2.8,12.121299033462801,0.0,7,62.0,6.0
3,91,11,2.8,11.059469495902006,0.0,7,62.0,6.0
3,91,12,3.0,11.59717616265641,0.0,7,62.0,6.0
3,91,13,2.8,9.66502363944324,0.0,7,62.0,6.0
3,91,14,2.8,11.81902704208551,0.0,7,62.0,6.0
3,91,15,2.8,11.215210877004866,0.0,7,62.0,6.0
3,91,16,3.0,9.84719406107893,0.0,7,62.0,6.0
3,91,17,2.8,17.35534706206197,0.0,7,62.0,6.0
3,91,18,2.8,11.040891947856993,0.0,7,62.0,6.0
3,91,19,2.8,13.146731862500836,0.0,7,62.0,6.0
3,91,20,2.8,10.885091088819669,0.0,7,62.0,6.0
3,91,21,2.8,10.489193506844199,0.0,7,62.0,6.0
3,91,22,2.8,9.938158431115733,0.0,7,62.0,6.0
1,92,1,3.6,10.299548465753482,0.0,7,62.0,6.0
1,92,2,2.8,16.731937682076012,0.0,7,62.0,6.0
1,92,3,3.0,11.610903198924868,0.0,7,62.0,6.0
1,92,4,3.0,8.029400522337045,0.0,7,62.0,6.0
1,92,5,2.8,18.100178381188826,0.0,7,62.0,6.0
1,92,6,2.8,10.492378342053625,0.0,7,62.0,6.0
1,92,7,2.8,11.481494127325458,0.0,7,62.0,6.0
1,92,8,2.8,9.667628657360723,0.0,7,62.0,6.0
1,92,9,2.8,14.120343889846913,0.0,7,62.0,6.0
1,92,10,2.8,14.246094508683322,0.0,7,62.0,6.0
1,92,11,2.8,15.66578934174996,0.0,7,62.0,6.0
1,92,12,2.8,25.304580021336356,0.0,7,62.0,6.0
1,92,13,2.8,9.32730426233294,0.0,7,62.0,6.0
1,92,14,2.8,16.42063180811047,0.0,7,62.0,6.0
1,92,15,2.8,14.210599039778522,0.0,7,62.0,6.0
1,92,16,2.8,11.365305168796485,0.0,7,62.0,6.0
1,92,17,2.8,12.569395194493888,0.0,7,62.0,6.0
1,92,18,3.6,7.51209470380707,0.125,7,62.0,6.0
1,92,19,3.0,9.828301007692515,0.0,7,62.0,6.0
1,92,20,3.0,9.52122121906243,0.0,7,62.0,6.0
1,92,21,2.8,9.279233545537789,0.0,7,62.0,6.0
1,92,22,2.25,15.561538888449135,0.0,4,62.0,6.0
2,92,1,2.8,14.762592158165596,0.0,7,62.0,6.0
2,92,2,2.8,9.147110195036605,0.0,7,62.0,6.0
2,92,3,3.2,11.563318045080088,0.0,7,62.0,6.0
2,92,4,2.8,10.841227344340778,0.0,7,62.0,6.0
2,92,5,2.8,10.830011546198758,0.0,7,62.0,6.0
2,92,6,2.8,10.344609748997915,0.0,7,62.0,6.0
2,92,7,3.6,9.1642622816816,0.125,7,62.0,6.0
2,92,8,2.8,10.556950800089083,0.0,7,62.0,6.0
2,92,9,2.8,12.400447586003787,0.0,7,62.0,6.0
2,92,10,2.8,10.576104998421286,0.0,7,62.0,6.0
2,92,11,2.8,10.007520411025867,0.0,7,62.0,6.0
2,92,12,2.8,14.844924783836854,0.0,7,62.0,6.0
2,92,13,2.8,13.985907531580562,0.0,7,62.0,6.0
2,92,14,2.8,10.074046318767847,0.0,7,62.0,6.0
2,92,15,2.8,10.309675121371598,0.0,7,62.0,6.0
2,92,16,3.0,10.683666169847116,0.0,7,62.0,6.0
2,92,17,2.8,10.393464625918464,0.0,7,62.0,6.0
2,92,18,2.8,12.46696400949718,0.0,7,62.0,6.0
2,92,19,3.0,9.96038106109973,0.0,7,62.0,6.0
2,92,20,2.8,8.774683433350829,0.0,7,62.0,6.0
2,92,21,3.0,7.74630697886174,0.0,7,62.0,6.0
3,92,1,2.8,8.925168398994154,0.0,7,62.0,6.0
3,92,2,2.8,11.979404376242515,0.0,7,62.0,6.0
3,92,3,2.8,11.565797854988546,0.0,7,62.0,6.0
3,92,4,2.8,10.498772435035955,0.0,7,62.0,6.0
3,92,5,2.8,10.07147930565915,0.0,7,62.0,6.0
3,92,6,2.8,10.477567368092295,0.0,7,62.0,6.0
3,92,7,2.8,9.045192951997421,0.0,7,62.0,6.0
3,92,8,2.8,12.767697061082405,0.0,7,62.0,6.0
3,92,9,2.8,11.30105964300824,0.0,7,62.0,6.0
3,92,10,2.8,11.505631314515124,0.0,7,62.0,6.0
3,92,11,2.8,11.561201141315165,0.0,7,62.0,6.0
3,92,12,3.6,9.273122148215892,0.125,7,62.0,6.0
3,92,13,2.8,10.936884184200629,0.0,7,62.0,6.0
3,92,14,2.8,12.941340884712888,0.0,7,62.0,6.0
3,92,15,2.8,13.727290704075399,0.0,7,62.0,6.0
3,92,16,3.0,10.071039648125534,0.0,7,62.0,6.0
3,92,17,2.8,17.05325719291033,0.0,7,62.0,6.0
3,92,18,3.0,11.119875151374575,0.0,7,62.0,6.0
3,92,19,2.8,12.369368309086205,0.0,7,62.0,6.0
3,92,20,2.8,9.209471609087858,0.0,7,62.0,6.0
3,92,21,2.8,12.298351713028234,0.0,7,62.0,6.0
3,92,22,3.0,9.605533487662237,0.0,7,62.0,6.0
1,93,1,3.6,10.317182357660796,0.0,7,62.0,6.0
1,93,2,2.8,13.29805034846862,0.0,7,62.0,6.0
1,93,3,3.0,12.004103216570934,0.0,7,62.0,6.0
1,93,4,3.0,8.987426640865516,0.0,7,62.0,6.0
1,93,5,2.8,14.049094007988412,0.0,7,62.0,6.0
1,93,6,2.8,10.27763618537464,0.0,7,62.0,6.0
1,93,7,2.8,10.35672218969896,0.0,7,62.0,6.0
1,93,8,2.8,10.75461547942824,0.0,7,62.0,6.0
1,93,9,2.8,12.719522334653798,0.0,7,62.0,6.0
1,93,10,2.8,10.480138050199482,0.0,7,62.0,6.0
1,93,11,2.8,11.463701364538391,0.0,7,62.0,6.0
1,93,12,2.8,18.36420825676683,0.0,7,62.0,6.0
1,93,13,2.8,10.09278092051137,0.0,7,62.0,6.0
1,93,14,2.8,17.120416318885034,0.0,7,62.0,6.0
1,93,15,2.8,10.837172927554729,0.0,7,62.0,6.0
1,93,16,2.8,11.495389480721961,0.0,7,62.0,6.0
1,93,17,2.8,10.13764850836688,0.0,7,62.0,6.0
1,93,18,3.6,7.540294078300873,0.125,7,62.0,6.0
1,93,19,2.8,9.915692766895846,0.0,7,62.0,6.0
1,93,20,2.8,10.331201582238878,0.0,7,62.0,6.0
1,93,21,3.0,11.16905856336981,0.0,7,62.0,6.0
1,93,22,2.0,12.912087600413255,0.0,5,62.0,6.0
2,93,1,2.8,13.144511227855046,0.0,7,62.0,6.0
2,93,2,2.8,10.302746534589746,0.0,7,62.0,6.0
2,93,3,3.2,11.121749748757173,0.0,7,62.0,6.0
2,93,4,2.8,12.37695136088479,0.0,7,62.0,6.0
2,93,5,2.8,10.604675561153933,0.0,7,62.0,6.0
2,93,6,2.8,11.135656650244782,0.0,7,62.0,6.0
2,93,7,3.0,12.436856287720408,0.0,7,62.0,6.0
2,93,8,3.0,9.050361493327522,0.0,7,62.0,6.0
2,93,9,2.8,10.51727751211185,0.0,7,62.0,6.0
2,93,10,2.8,15.956461013912266,0.0,7,62.0,6.0
2,93,11,2.8,9.397207313590995,0.0,7,62.0,6.0
2,93,12,2.8,13.953360234318225,0.0,7,62.0,6.0
2,93,13,2.8,11.764393552181149,0.0,7,62.0,6.0
2,93,14,2.8,13.11381956294365,0.0,7,62.0,6.0
2,93,15,2.8,10.192289406407602,0.0,7,62.0,6.0
2,93,16,3.6,8.289003034126237,0.125,7,62.0,6.0
2,93,17,2.8,11.635526566645707,0.0,7,62.0,6.0
2,93,18,2.8,12.465927879252988,0.0,7,62.0,6.0
2,93,19,2.8,12.887128315648008,0.0,7,62.0,6.0
2,93,20,2.8,8.812613221907236,0.0,7,62.0,6.0
2,93,21,3.6,6.864275120441822,0.125,7,62.0,6.0
3,93,1,2.8,9.017279717905463,0.0,7,62.0,6.0
3,93,2,2.8,11.272855601687514,0.0,7,62.0,6.0
3,93,3,2.8,11.185074105898323,0.0,7,62.0,6.0
3,93,4,2.8,9.430371499812026,0.0,7,62.0,6.0
3,93,5,2.8,10.104758453485355,0.0,7,62.0,6.0
3,93,6,2.8,9.341373251556101,0.0,7,62.0,6.0
3,93,7,2.8,9.421393787966869,0.0,7,62.0,6.0
3,93,8,2.8,12.086459723545643,0.0,7,62.0,6.0
3,93,9,2.8,11.757273074110246,0.0,7,62.0,6.0
3,93,10,2.8,10.409068882619158,0.0,7,62.0,6.0
3,93,11,2.8,10.059060884595597,0.0,7,62.0,6.0
3,93,12,3.0,12.396363263412457,0.0,7,62.0,6.0
3,93,13,2.8,8.714786968086559,0.0,7,62.0,6.0
3,93,14,2.8,11.130726343880633,0.0,7,62.0,6.0
3,93,15,2.8,14.179289893931868,0.0,7,62.0,6.0
3,93,16,2.8,10.797474764626568,0.0,7,62.0,6.0
3,93,17,2.8,16.227058866651312,0.0,7,62.0,6.0
3,93,18,2.8,10.194010732810137,0.0,7,62.0,6.0
3,93,19,2.8,12.87363032658841,0.0,7,62.0,6.0
3,93,20,2.8,12.07263850753321,0.0,7,62.0,6.0
3,93,21,2.8,9.371181015403982,0.0,7,62.0,6.0
3,93,22,2.8,11.60460272862077,0.0,7,62.0,6.0
1,94,1,3.6,10.682990027820109,0.0,7,62.0,6.0
1,94,2,2.8,13.268769241163827,0.0,7,62.0,6.0
1,94,3,2.8,12.522080567493719,0.0,7,62.0,6.0
1,94,4,2.8,8.8614518955303,0.0,7,62.0,6.0
1,94,5,2.8,13.16203357007805,0.0,7,62.0,6.0
1,94,6,2.8,9.996159388696727,0.0,7,62.0,6.0
1,94,7,2.8,11.597307305221907,0.0,7,62.0,6.0
1,94,8,2.8,14.670930706088592,0.0,7,62.0,6.0
1,94,9,2.8,10.663959810224009,0.0,7,62.0,6.0
1,94,10,2.8,16.366361571026125,0.0,7,62.0,6.0
1,94,11,2.8,16.78565100100078,0.0,7,62.0,6.0
1,94,12,2.8,14.397688020267788,0.0,7,62.0,6.0
1,94,13,2.8,11.933510735075043,0.0,7,62.0,6.0
1,94,14,2.8,13.865764429705463,0.0,7,62.0,6.0
1,94,15,2.8,14.543369911477818,0.0,7,62.0,6.0
1,94,16,3.0,12.400415149138606,0.0,7,62.0,6.0
1,94,17,2.8,13.653797192666513,0.0,7,62.0,6.0
1,94,18,3.0,8.645397907543352,0.0,7,62.0,6.0
1,94,19,3.0,9.411686549766104,0.0,7,62.0,6.0
1,94,20,2.8,14.741416710190743,0.0,7,62.0,6.0
1,94,21,3.2,8.457645076286083,0.0,7,62.0,6.0
1,94,22,2.4,10.981785019777831,0.0,6,62.0,6.0
2,94,1,2.8,14.69166921348259,0.0,7,62.0,6.0
2,94,2,2.8,11.702358925134583,0.0,7,62.0,6.0
2,94,3,3.8,9.670833564367626,0.125,7,62.0,6.0
2,94,4,2.8,12.347517157767388,0.0,7,62.0,6.0
2,94,5,2.8,10.206845597599383,0.0,7,62.0,6.0
2,94,6,2.8,9.703614814653701,0.0,7,62.0,6.0
2,94,7,3.0,11.0765172801924,0.0,7,62.0,6.0
2,94,8,2.8,11.23573384363449,0.0,7,62.0,6.0
2,94,9,2.8,12.105911109091657,0.0,7,62.0,6.0
2,94,10,2.8,11.643183487107285,0.0,7,62.0,6.0
2,94,11,2.8,9.799081776782801,0.0,7,62.0,6.0
2,94,12,2.8,12.985376126280766,0.0,7,62.0,6.0
2,94,13,2.8,11.96176680223283,0.0,7,62.0,6.0
2,94,14,2.8,11.71408565353727,0.0,7,62.0,6.0
2,94,15,2.8,10.257801861557274,0.0,7,62.0,6.0
2,94,16,3.0,10.815918938629116,0.0,7,62.0,6.0
2,94,17,2.8,13.055840923083375,0.0,7,62.0,6.0
2,94,18,2.8,13.108231230655651,0.0,7,62.0,6.0
2,94,19,3.0,8.799608051901423,0.0,7,62.0,6.0
2,94,20,2.8,9.252563635458214,0.0,7,62.0,6.0
2,94,21,3.0,8.631843053071082,0.0,7,62.0,6.0
3,94,1,2.8,10.240180339374199,0.0,7,62.0,6.0
3,94,2,2.8,9.715025345163323,0.0,7,62.0,6.0
3,94,3,2.8,14.744347572850781,0.0,7,62.0,6.0
3,94,4,2.8,10.891384749441338,0.0,7,62.0,6.0
3,94,5,2.8,9.86039595858377,0.0,7,62.0,6.0
3,94,6,2.8,8.753139103877974,0.0,7,62.0,6.0
3,94,7,2.8,10.276193118936195,0.0,7,62.0,6.0
3,94,8,2.8,10.824405084883088,0.0,7,62.0,6.0
3,94,9,2.8,14.983178029943204,0.0,7,62.0,6.0
3,94,10,2.8,11.839723464495224,0.0,7,62.0,6.0
3,94,11,2.8,11.09961113061018,0.0,7,62.0,6.0
3,94,12,3.6,9.343957464529066,0.125,7,62.0,6.0
3,94,13,3.0,10.091043566445324,0.0,7,62.0,6.0
3,94,14,3.0,9.143461872435491,0.0,7,62.0,6.0
3,94,15,2.8,17.436736601420606,0.0,7,62.0,6.0
3,94,16,2.8,10.02906372292413,0.0,7,62.0,6.0
3,94,17,2.8,14.26568214850506,0.0,7,62.0,6.0
3,94,18,2.8,14.737633012824793,0.0,7,62.0,6.0
3,94,19,2.8,12.703357485822503,0.0,7,62.0,6.0
3,94,20,2.8,8.39997390003566,0.0,7,62.0,6.0
3,94,21,2.8,10.291093795117114,0.0,7,62.0,6.0
3,94,22,2.8,10.389628795668195,0.0,7,62.0,6.0
1,95,1,3.6,10.915196603240226,0.0,7,62.0,6.0
1,95,2,2.8,14.62091450472624,0.0,7,62.0,6.0
1,95,3,2.8,13.208248829420082,0.0,7,62.0,6.0
1,95,4,2.8,8.154000643979211,0.0,7,62.0,6.0
1,95,5,2.8,16.162759342026405,0.0,7,62.0,6.0
1,95,6,3.0,9.02071191881355,0.0,7,62.0,6.0
1,95,7,2.8,9.611698378070749,0.0,7,62.0,6.0
1,95,8,2.8,12.273796847267588,0.0,7,62.0,6.0
1,95,9,2.8,11.63066331178152,0.0,7,62.0,6.0
1,95,10,2.8,14.055924184479572,0.0,7,62.0,6.0
1,95,11,2.8,13.166302374115249,0.0,7,62.0,6.0
1,95,12,2.8,14.553678164684941,0.0,7,62.0,6.0
1,95,13,2.8,11.586567413257107,0.0,7,62.0,6.0
1,95,14,2.8,14.793735352478883,0.0,7,62.0,6.0
1,95,15,2.8,10.417120471476581,0.0,7,62.0,6.0
1,95,16,2.8,10.275163115967363,0.0,7,62.0,6.0
1,95,17,2.8,15.31997619693821,0.0,7,62.0,6.0
1,95,18,2.8,8.928841320991484,0.0,7,62.0,6.0
1,95,19,3.0,12.106082734282394,0.0,7,62.0,6.0
1,95,20,2.8,12.608260590617093,0.0,7,62.0,6.0
1,95,21,2.8,11.678718588559489,0.0,7,62.0,6.0
1,95,22,2.8,10.900861719181474,0.0,7,62.0,6.0
2,95,1,2.8,13.433211568622193,0.0,7,62.0,6.0
2,95,2,2.8,12.167993676588148,0.0,7,62.0,6.0
2,95,3,3.2,10.546412958469821,0.0,7,62.0,6.0
2,95,4,2.8,11.239688245549443,0.0,7,62.0,6.0
2,95,5,2.8,9.312878452831608,0.0,7,62.0,6.0
2,95,6,2.8,10.206506399870804,0.0,7,62.0,6.0
2,95,7,3.6,8.22735940582993,0.125,7,62.0,6.0
2,95,8,2.8,11.153773034514556,0.0,7,62.0,6.0
2,95,9,2.8,11.427352507735286,0.0,7,62.0,6.0
2,95,10,2.8,11.892212582350483,0.0,7,62.0,6.0
2,95,11,2.8,12.791144045281527,0.0,7,62.0,6.0
2,95,12,2.8,13.652033544968663,0.0,7,62.0,6.0
2,95,13,2.8,13.92223492836071,0.0,7,62.0,6.0
2,95,14,2.8,10.634573937995398,0.0,7,62.0,6.0
2,95,15,2.8,9.813414975615423,0.0,7,62.0,6.0
2,95,16,3.0,11.090496762513213,0.0,7,62.0,6.0
2,95,17,2.8,10.323292992309332,0.0,7,62.0,6.0
2,95,18,2.8,13.024488134634764,0.0,7,62.0,6.0
2,95,19,3.2,9.12428953879458,0.0,7,62.0,6.0
2,95,20,2.8,9.088650843407983,0.0,7,62.0,6.0
2,95,21,3.0,8.979719077286518,0.0,7,62.0,6.0
3,95,1,2.8,9.956781223484631,0.0,7,62.0,6.0
3,95,2,2.8,10.218180835609575,0.0,7,62.0,6.0
3,95,3,3.0,12.231749518080678,0.0,7,62.0,6.0
3,95,4,2.8,10.645332711499169,0.0,7,62.0,6.0
3,95,5,2.8,8.602997918526388,0.0,7,62.0,6.0
3,95,6,2.8,8.56792225218004,0.0,7,62.0,6.0
3,95,7,2.8,11.001323086285115,0.0,7,62.0,6.0
3,95,8,2.8,11.557049733170038,0.0,7,62.0,6.0
3,95,9,2.8,13.464739304740915,0.0,7,62.0,6.0
3,95,10,2.8,10.127056743670714,0.0,7,62.0,6.0
3,95,11,2.8,11.920994227810498,0.0,7,62.0,6.0
3,95,12,3.6,10.724623402084475,0.125,7,62.0,6.0
3,95,13,2.8,11.73854574986069,0.0,7,62.0,6.0
3,95,14,2.8,9.674729697281164,0.0,7,62.0,6.0
3,95,15,2.8,15.126467762860818,0.0,7,62.0,6.0
3,95,16,2.8,10.108222517198168,0.0,7,62.0,6.0
3,95,17,2.8,15.736908304536037,0.0,7,62.0,6.0
3,95,18,2.8,11.771192987168613,0.0,7,62.0,6.0
3,95,19,2.8,13.37676041196834,0.0,7,62.0,6.0
3,95,20,2.8,11.339475347658652,0.0,7,62.0,6.0
3,95,21,2.8,8.595940825168224,0.0,7,62.0,6.0
3,95,22,3.0,9.930507821792878,0.0,7,62.0,6.0
1,96,1,3.6,11.907336472330133,0.0,7,62.0,6.0
1,96,2,2.8,15.977749621346472,0.0,7,62.0,6.0
1,96,3,3.0,10.010057254356608,0.0,7,62.0,6.0
1,96,4,3.0,7.90303541288339,0.0,7,62.0,6.0
1,96,5,2.8,13.304650230886534,0.0,7,62.0,6.0
1,96,6,2.8,9.621258233175308,0.0,7,62.0,6.0
1,96,7,2.8,9.72179865183985,0.0,7,62.0,6.0
1,96,8,2.8,10.173599110654015,0.0,7,62.0,6.0
1,96,9,2.8,11.549377797254888,0.0,7,62.0,6.0
1,96,10,2.8,13.157407425007825,0.0,7,62.0,6.0
1,96,11,2.8,14.057773302820253,0.0,7,62.0,6.0
1,96,12,2.8,15.445816151503427,0.0,7,62.0,6.0
1,96,13,2.8,11.15800543509674,0.0,7,62.0,6.0
1,96,14,2.8,17.41732014076339,0.0,7,62.0,6.0
1,96,15,2.8,14.44911673685273,0.0,7,62.0,6.0
1,96,16,2.8,12.242734202163096,0.0,7,62.0,6.0
1,96,17,2.8,12.017908745094104,0.0,7,62.0,6.0
1,96,18,3.6,7.645528387942862,0.125,7,62.0,6.0
1,96,19,2.8,9.96488374236412,0.0,7,62.0,6.0
1,96,20,2.8,10.366747705492934,0.0,7,62.0,6.0
1,96,21,3.0,10.274054185155356,0.0,7,62.0,6.0
1,96,22,2.0,14.672698408622255,0.0,5,62.0,6.0
2,96,1,3.0,13.007674733547919,0.0,7,62.0,6.0
2,96,2,2.8,10.663467719526684,0.0,7,62.0,6.0
2,96,3,3.6,8.009419384830812,0.125,7,62.0,6.0
2,96,4,2.8,11.68688538863618,0.0,7,62.0,6.0
2,96,5,2.8,10.00645558925513,0.0,7,62.0,6.0
2,96,6,2.8,10.414085465064076,0.0,7,62.0,6.0
2,96,7,3.0,12.68456888012529,0.0,7,62.0,6.0
2,96,8,2.8,12.078946459654574,0.0,7,62.0,6.0
2,96,9,2.8,10.74478550140724,0.0,7,62.0,6.0
2,96,10,2.8,11.03402978033111,0.0,7,62.0,6.0
2,96,11,2.8,11.780967663554641,0.0,7,62.0,6.0
2,96,12,2.8,13.775024369742841,0.0,7,62.0,6.0
2,96,13,2.8,12.733803925154284,0.0,7,62.0,6.0
2,96,14,2.8,10.746690321331805,0.0,7,62.0,6.0
2,96,15,2.8,9.973440090363393,0.0,7,62.0,6.0
2,96,16,3.0,13.428028308355138,0.0,7,62.0,6.0
2,96,17,2.8,13.458036783657784,0.0,7,62.0,6.0
2,96,18,2.8,14.646360724691991,0.0,7,62.0,6.0
2,96,19,3.8,7.981712645038186,0.125,7,62.0,6.0
2,96,20,2.8,9.014458809992194,0.0,7,62.0,6.0
2,96,21,3.0,11.305980304749497,0.0,7,62.0,6.0
3,96,1,2.8,9.333787420291031,0.0,7,62.0,6.0
3,96,2,2.8,11.068841995756584,0.0,7,62.0,6.0
3,96,3,2.8,10.733597743423404,0.0,7,62.0,6.0
3,96,4,2.8,10.218130258662354,0.0,7,62.0,6.0
3,96,5,2.8,10.781647791772627,0.0,7,62.0,6.0
3,96,6,2.8,9.789948587705778,0.0,7,62.0,6.0
3,96,7,2.8,9.099019362125084,0.0,7,62.0,6.0
3,96,8,2.8,10.729459475824388,0.0,7,62.0,6.0
3,96,9,2.8,13.831147301173338,0.0,7,62.0,6.0
3,96,10,2.8,11.377214863374402,0.0,7,62.0,6.0
3,96,11,2.8,14.561448252038417,0.0,7,62.0,6.0
3,96,12,3.0,10.953328587740033,0.0,7,62.0,6.0
3,96,13,2.8,10.213795716211694,0.0,7,62.0,6.0
3,96,14,2.8,12.318943559828178,0.0,7,62.0,6.0
3,96,15,2.8,13.76445075851407,0.0,7,62.0,6.0
3,96,16,2.8,11.254455094003355,0.0,7,62.0,6.0
3,96,17,2.8,20.19128579575944,0.0,7,62.0,6.0
3,96,18,3.0,9.599767533187716,0.0,7,62.0,6.0
3,96,19,2.8,12.897226636681701,0.0,7,62.0,6.0
3,96,20,2.8,11.477469486084985,0.0,7,62.0,6.0
3,96,21,2.8,8.953640688350754,0.0,7,62.0,6.0
3,96,22,3.0,9.892935095638107,0.0,7,62.0,6.0
1,97,1,3.6,10.264460902547238,0.0,7,62.0,6.0
1,97,2,2.8,11.58514580432704,0.0,7,62.0,6.0
1,97,3,2.8,14.512430636430802,0.0,7,62.0,6.0
1,97,4,3.0,8.259862918634632,0.0,7,62.0,6.0
1,97,5,2.8,11.830859655661882,0.0,7,62.0,6.0
1,97,6,2.8,11.26404834467802,0.0,7,62.0,6.0
1,97,7,2.8,10.180008236149058,0.0,7,62.0,6.0
1,97,8,2.8,12.125612359498952,0.0,7,62.0,6.0
1,97,9,2.8,12.818183759422302,0.0,7,62.0,6.0
1,97,10,2.8,11.822277595574878,0.0,7,62.0,6.0
1,97,11,2.8,12.99593304149829,0.0,7,62.0,6.0
1,97,12,2.8,18.257630062134936,0.0,7,62.0,6.0
1,97,13,2.8,10.21209351224047,0.0,7,62.0,6.0
1,97,14,2.8,19.109835371336708,0.0,7,62.0,6.0
1,97,15,2.8,9.482737034208869,0.0,7,62.0,6.0
1,97,16,3.0,12.167036223395003,0.0,7,62.0,6.0
1,97,17,2.8,12.388511084731833,0.0,7,62.0,6.0
1,97,18,3.6,7.64552838794285,0.125,7,62.0,6.0
1,97,19,2.8,10.341093687300312,0.0,7,62.0,6.0
1,97,20,2.8,10.174214785251742,0.0,7,62.0,6.0
1,97,21,3.0,9.633495063517989,0.0,7,62.0,6.0
1,97,22,2.0,14.672698408622336,0.0,5,62.0,6.0
2,97,1,2.8,13.06030542330183,0.0,7,62.0,6.0
2,97,2,2.8,9.052341288369833,0.0,7,62.0,6.0
2,97,3,3.2,11.9473121919415,0.0,7,62.0,6.0
2,97,4,2.8,10.123449631077891,0.0,7,62.0,6.0
2,97,5,2.8,9.821338127124033,0.0,7,62.0,6.0
2,97,6,2.8,9.111711942241072,0.0,7,62.0,6.0
2,97,7,3.6,9.136881333058977,0.125,7,62.0,6.0
2,97,8,2.8,10.993387088516961,0.0,7,62.0,6.0
2,97,9,2.8,10.223907906755821,0.0,7,62.0,6.0
2,97,10,2.8,13.088311642697956,0.0,7,62.0,6.0
2,97,11,2.8,10.293856789553953,0.0,7,62.0,6.0
2,97,12,2.8,12.957864834746701,0.0,7,62.0,6.0
2,97,13,2.8,14.082515991827472,0.0,7,62.0,6.0
2,97,14,2.8,10.938898258317664,0.0,7,62.0,6.0
2,97,15,2.8,9.973440090363356,0.0,7,62.0,6.0
2,97,16,3.0,12.41917135519791,0.0,7,62.0,6.0
2,97,17,2.8,11.865399393832364,0.0,7,62.0,6.0
2,97,18,2.8,13.819045922257729,0.0,7,62.0,6.0
2,97,19,3.8,8.151928268780193,0.125,7,62.0,6.0
2,97,20,2.8,8.500764784400273,0.0,7,62.0,6.0
2,97,21,2.8,12.786504285307808,0.0,7,62.0,6.0
3,97,1,2.8,9.8923639937559,0.0,7,62.0,6.0
3,97,2,2.8,11.210866210868861,0.0,7,62.0,6.0
3,97,3,2.8,10.69605535032633,0.0,7,62.0,6.0
3,97,4,2.8,10.719583420869519,0.0,7,62.0,6.0
3,97,5,2.8,10.29179775189792,0.0,7,62.0,6.0
3,97,6,2.8,9.228611945580692,0.0,7,62.0,6.0
3,97,7,2.8,10.937780092572114,0.0,7,62.0,6.0
3,97,8,2.8,9.960613067328854,0.0,7,62.0,6.0
3,97,9,2.8,10.275761989967178,0.0,7,62.0,6.0
3,97,10,2.8,11.149080505489968,0.0,7,62.0,6.0
3,97,11,2.8,9.993317792479314,0.0,7,62.0,6.0
3,97,12,3.8,7.967655100076377,0.125,7,62.0,6.0
3,97,13,2.8,10.193047751412609,0.0,7,62.0,6.0
3,97,14,2.8,9.264396182406996,0.0,7,62.0,6.0
3,97,15,2.8,18.023974441452776,0.0,7,62.0,6.0
3,97,16,3.0,9.467687881510054,0.0,7,62.0,6.0
3,97,17,2.8,13.660300305500515,0.0,7,62.0,6.0
3,97,18,2.8,12.063354395938138,0.0,7,62.0,6.0
3,97,19,2.8,13.668619201080913,0.0,7,62.0,6.0
3,97,20,2.8,9.05941655502401,0.0,7,62.0,6.0
3,97,21,2.8,9.82806236502805,0.0,7,62.0,6.0
3,97,22,2.8,11.74650636177772,0.0,7,62.0,6.0
1,98,1,3.6,10.299548465753482,0.0,7,62.0,6.0
1,98,2,2.8,11.074178460014581,0.0,7,62.0,6.0
1,98,3,3.0,12.00410321657094,0.0,7,62.0,6.0
1,98,4,3.0,8.294654273690986,0.0,7,62.0,6.0
1,98,5,2.8,15.494004224484398,0.0,7,62.0,6.0
1,98,6,2.8,10.173527980903176,0.0,7,62.0,6.0
1,98,7,2.8,9.258747023292733,0.0,7,62.0,6.0
1,98,8,2.8,11.80832810928403,0.0,7,62.0,6.0
1,98,9,2.8,14.63473110018119,0.0,7,62.0,6.0
1,98,10,2.8,12.476375232613218,0.0,7,62.0,6.0
1,98,11,2.8,15.914018197258263,0.0,7,62.0,6.0
1,98,12,2.8,16.32451343444822,0.0,7,62.0,6.0
1,98,13,2.8,12.07467944311364,0.0,7,62.0,6.0
1,98,14,2.8,14.843199023152305,0.0,7,62.0,6.0
1,98,15,2.8,14.4145537406699,0.0,7,62.0,6.0
1,98,16,2.8,12.981181591174108,0.0,7,62.0,6.0
1,98,17,2.8,12.919727319160945,0.0,7,62.0,6.0
1,98,18,3.6,7.854810145678307,0.125,7,62.0,6.0
1,98,19,2.8,10.394607352626679,0.0,7,62.0,6.0
1,98,20,2.8,11.997244773223246,0.0,7,62.0,6.0
1,98,21,3.0,10.06806798821075,0.0,7,62.0,6.0
1,98,22,2.0,13.799116744910979,0.0,5,62.0,6.0
2,98,1,2.8,15.016307550884878,0.0,7,62.0,6.0
2,98,2,2.8,10.606482569728158,0.0,7,62.0,6.0
2,98,3,3.8,8.43103594388485,0.125,7,62.0,6.0
2,98,4,2.8,11.489298640996768,0.0,7,62.0,6.0
2,98,5,2.8,9.00465919260189,0.0,7,62.0,6.0
2,98,6,2.8,10.137893001816828,0.0,7,62.0,6.0
2,98,7,3.0,11.579832118640617,0.0,7,62.0,6.0
2,98,8,2.8,11.510628846901177,0.0,7,62.0,6.0
2,98,9,2.8,10.859250272164411,0.0,7,62.0,6.0
2,98,10,2.8,12.056308607009013,0.0,7,62.0,6.0
2,98,11,2.8,8.760439499238485,0.0,7,62.0,6.0
2,98,12,2.8,12.876025979771995,0.0,7,62.0,6.0
2,98,13,2.8,14.870000602138187,0.0,7,62.0,6.0
2,98,14,2.8,10.05748037674045,0.0,7,62.0,6.0
2,98,15,2.8,8.873708425545232,0.0,7,62.0,6.0
2,98,16,3.0,11.529537879496171,0.0,7,62.0,6.0
2,98,17,2.8,13.111819364577343,0.0,7,62.0,6.0
2,98,18,2.8,13.336902743481117,0.0,7,62.0,6.0
2,98,19,3.8,7.798521751367506,0.125,7,62.0,6.0
2,98,20,2.8,7.776587550229696,0.0,7,62.0,6.0
2,98,21,3.0,10.419938502024241,0.0,7,62.0,6.0
3,98,1,2.8,12.526177357335232,0.0,7,62.0,6.0
3,98,2,2.8,12.417182227102991,0.0,7,62.0,6.0
3,98,3,2.8,12.512239018672185,0.0,7,62.0,6.0
3,98,4,2.8,9.952101126502773,0.0,7,62.0,6.0
3,98,5,2.8,8.352263271380927,0.0,7,62.0,6.0
3,98,6,2.8,11.813227507785284,0.0,7,62.0,6.0
3,98,7,2.8,9.86194747420291,0.0,7,62.0,6.0
3,98,8,2.8,10.313330815372336,0.0,7,62.0,6.0
3,98,9,2.8,16.12904326849506,0.0,7,62.0,6.0
3,98,10,2.8,12.391437570637489,0.0,7,62.0,6.0
3,98,11,2.8,10.313496330886872,0.0,7,62.0,6.0
3,98,12,3.6,7.845673600889443,0.125,7,62.0,6.0
3,98,13,2.8,10.839963949890366,0.0,7,62.0,6.0
3,98,14,2.8,11.376645317517433,0.0,7,62.0,6.0
3,98,15,2.8,15.269507285289702,0.0,7,62.0,6.0
3,98,16,2.8,11.105792370405227,0.0,7,62.0,6.0
3,98,17,2.8,12.393873628061485,0.0,7,62.0,6.0
3,98,18,2.8,13.934379701343058,0.0,7,62.0,6.0
3,98,19,2.8,11.539061517099965,0.0,7,62.0,6.0
3,98,20,2.8,11.757488071473373,0.0,7,62.0,6.0
3,98,21,2.8,8.964930998687432,0.0,7,62.0,6.0
3,98,22,2.8,10.407537254397903,0.0,7,62.0,6.0
1,99,1,3.6,12.792025998242043,0.0,7,62.0,6.0
1,99,2,2.8,13.976599080444448,0.0,7,62.0,6.0
1,99,3,2.8,15.442161248540074,0.0,7,62.0,6.0
1,99,4,2.8,8.547228100840886,0.0,7,62.0,6.0
1,99,5,2.8,14.922038076142435,0.0,7,62.0,6.0
1,99,6,2.8,9.301804086415544,0.0,7,62.0,6.0
1,99,7,2.8,11.421459226421932,0.0,7,62.0,6.0
1,99,8,2.8,11.226961095704594,0.0,7,62.0,6.0
1,99,9,2.8,10.663959810224009,0.0,7,62.0,6.0
1,99,10,2.8,12.843307695517057,0.0,7,62.0,6.0
1,99,11,2.8,14.279728818215657,0.0,7,62.0,6.0
1,99,12,2.8,16.218996353805473,0.0,7,62.0,6.0
1,99,13,2.8,10.917371850541107,0.0,7,62.0,6.0
1,99,14,2.8,13.962144241641866,0.0,7,62.0,6.0
1,99,15,2.8,11.29847449801113,0.0,7,62.0,6.0
1,99,16,2.8,12.021165388739826,0.0,7,62.0,6.0
1,99,17,2.8,12.912944635957864,0.0,7,62.0,6.0
1,99,18,3.6,7.305483340158117,0.125,7,62.0,6.0
1,99,19,3.6,7.4230878757056455,0.125,7,62.0,6.0
1,99,20,2.8,11.9614765016017,0.0,7,62.0,6.0
1,99,21,3.0,10.463775191043506,0.0,7,62.0,6.0
1,99,22,2.0,14.042319656101414,0.0,4,62.0,6.0
2,99,1,2.8,12.867959031939458,0.0,7,62.0,6.0
2,99,2,2.8,10.390259502822914,0.0,7,62.0,6.0
2,99,3,3.8,8.03242158735754,0.125,7,62.0,6.0
2,99,4,2.8,14.278919666885098,0.0,7,62.0,6.0
2,99,5,2.8,9.990111015975797,0.0,7,62.0,6.0
2,99,6,2.8,10.612863970227396,0.0,7,62.0,6.0
2,99,7,3.0,11.239355986448212,0.0,7,62.0,6.0
2,99,8,2.8,12.575668144903883,0.0,7,62.0,6.0
2,99,9,2.8,11.711822498440277,0.0,7,62.0,6.0
2,99,10,2.8,11.299027145654208,0.0,7,62.0,6.0
2,99,11,2.8,10.822070255733328,0.0,7,62.0,6.0
2,99,12,2.8,11.945534988031884,0.0,7,62.0,6.0
2,99,13,2.8,16.471909954518722,0.0,7,62.0,6.0
2,99,14,2.8,10.43498899442199,0.0,7,62.0,6.0
2,99,15,3.2,7.794967736516306,0.0,7,62.0,6.0
2,99,16,2.8,13.521670618304245,0.0,7,62.0,6.0
2,99,17,2.8,10.048802385916673,0.0,7,62.0,6.0
2,99,18,2.8,10.461581382159375,0.0,7,62.0,6.0
2,99,19,3.0,11.879223881631743,0.0,7,62.0,6.0
2,99,20,2.8,10.38495299116699,0.0,7,62.0,6.0
2,99,21,3.0,9.046126775076601,0.0,7,62.0,6.0
3,99,1,2.8,9.940598392699497,0.0,7,62.0,6.0
3,99,2,2.8,10.589716237447831,0.0,7,62.0,6.0
3,99,3,2.8,12.067852840316778,0.0,7,62.0,6.0
3,99,4,2.8,9.148260310944405,0.0,7,62.0,6.0
3,99,5,2.8,11.155278139955751,0.0,7,62.0,6.0
3,99,6,2.8,9.981677762292037,0.0,7,62.0,6.0
3,99,7,2.8,9.94210308935301,0.0,7,62.0,6.0
3,99,8,2.8,11.67130126233893,0.0,7,62.0,6.0
3,99,9,2.8,12.154478201162744,0.0,7,62.0,6.0
3,99,10,2.8,11.149080505490062,0.0,7,62.0,6.0
3,99,11,2.8,11.28391440724634,0.0,7,62.0,6.0
3,99,12,3.6,9.548179434102613,0.125,7,62.0,6.0
3,99,13,2.8,11.644879751223595,0.0,7,62.0,6.0
3,99,14,2.8,9.517728953939947,0.0,7,62.0,6.0
3,99,15,2.8,15.38473562808399,0.0,7,62.0,6.0
3,99,16,3.0,12.787256130521056,0.0,7,62.0,6.0
3,99,17,2.8,14.539755732210917,0.0,7,62.0,6.0
3,99,18,3.0,10.313568359148181,0.0,7,62.0,6.0
3,99,19,2.8,13.638140055340855,0.0,7,62.0,6.0
3,99,20,2.8,9.831219615636169,0.0,7,62.0,6.0
3,99,21,2.8,11.154451108887729,0.0,7,62.0,6.0
3,99,22,2.8,10.908483102194271,0.0,7,62.0,6.0
