session,trial,phrase,click_load,entry_rate,correction_rate,num_chars,num_clocks,win_diff
1,0,1,5.2,7.726649955730619,0.0,7,60.0,20.0
1,0,2,3.2,12.868303363191899,0.0,7,60.0,20.0
1,0,3,3.4,7.7038044824236955,0.0,7,60.0,20.0
1,0,4,2.8,12.304095108058547,0.0,7,60.0,20.0
1,0,5,3.2,8.152269455779923,0.0,7,60.0,20.0
1,0,6,2.8,9.627053823385475,0.0,7,60.0,20.0
1,0,7,2.8,12.004831356988714,0.0,7,60.0,20.0
1,0,8,2.8,11.177617716067266,0.0,7,60.0,20.0
1,0,9,2.8,11.462471685119013,0.0,7,60.0,20.0
1,0,10,2.8,13.991707554145151,0.0,7,60.0,20.0
1,0,11,2.8,19.126888406047165,0.0,7,60.0,20.0
1,0,12,2.8,10.994647415450437,0.0,7,60.0,20.0
1,0,13,2.8,15.597874965506168,0.0,7,60.0,20.0
1,0,14,2.8,12.236248710420451,0.0,7,60.0,20.0
1,0,15,2.8,11.758896601437137,0.0,7,60.0,20.0
1,0,16,2.8,12.94960671158934,0.0,7,60.0,20.0
1,0,17,3.0,7.439343442822107,0.0,7,60.0,20.0
1,0,18,3.0,9.238537227500176,0.0,7,60.0,20.0
1,0,19,3.0,11.515644746725567,0.0,7,60.0,20.0
1,0,20,3.0,11.057208323709478,0.0,7,60.0,20.0
1,0,21,2.4,11.962828387228623,0.0,6,60.0,20.0
2,0,1,2.8,14.34703661994542,0.0,7,60.0,20.0
2,0,2,2.8,10.948234501993383,0.0,7,60.0,20.0
2,0,3,3.8,9.095557600255798,0.125,7,60.0,20.0
2,0,4,2.8,11.868311888727954,0.0,7,60.0,20.0
2,0,5,2.8,10.241026855867927,0.0,7,60.0,20.0
2,0,6,2.8,10.005218559659138,0.0,7,60.0,20.0
2,0,7,3.0,15.058019227744243,0.0,7,60.0,20.0
2,0,8,2.8,11.424623797439475,0.0,7,60.0,20.0
2,0,9,2.8,9.493876821346182,0.0,7,60.0,20.0
2,0,10,2.8,12.152127169951568,0.0,7,60.0,20.0
2,0,11,2.8,9.846408614991617,0.0,7,60.0,20.0
2,0,12,2.8,12.256740255746319,0.0,7,60.0,20.0
2,0,13,2.8,15.511100209782636,0.0,7,60.0,20.0
2,0,14,2.8,10.938898258317709,0.0,7,60.0,20.0
2,0,15,2.8,9.449529605110401,0.0,7,60.0,20.0
2,0,16,3.0,12.123755344461514,0.0,7,60.0,20.0
2,0,17,2.8,14.477441170398983,0.0,7,60.0,20.0
2,0,18,2.8,10.356020517075029,0.0,7,60.0,20.0
2,0,19,3.0,8.94111265927403,0.0,7,60.0,20.0
2,0,20,2.8,9.526384662698362,0.0,7,60.0,20.0
2,0,21,3.0,8.116375670588505,0.0,7,60.0,20.0
3,0,1,2.8,9.55245642580407,0.0,7,60.0,20.0
3,0,2,2.8,12.544523808548611,0.0,7,60.0,20.0
3,0,3,2.8,12.163855719295128,0.0,7,60.0,20.0
3,0,4,2.8,9.444934496540524,0.0,7,60.0,20.0
3,0,5,2.8,8.758948172600286,0.0,7,60.0,20.0
3,0,6,2.8,10.641639382061042,0.0,7,60.0,20.0
3,0,7,2.8,10.487646455298663,0.0,7,60.0,20.0
3,0,8,2.8,12.330122678546386,0.0,7,60.0,20.0
3,0,9,2.8,15.63428741110372,0.0,7,60.0,20.0
3,0,10,2.8,10.183755900467634,0.0,7,60.0,20.0
3,0,11,2.8,11.921768684544064,0.0,7,60.0,20.0
3,0,12,3.0,10.43030169697326,0.0,7,60.0,20.0
3,0,13,2.8,10.369649282701152,0.0,7,60.0,20.0
3,0,14,2.8,11.171387865979202,0.0,7,60.0,20.0
3,0,15,2.8,13.52101676443986,0.0,7,60.0,20.0
3,0,16,3.0,9.59989528043115,0.0,7,60.0,20.0
3,0,17,2.8,15.390127677024203,0.0,7,60.0,20.0
3,0,18,3.0,9.779249712306463,0.0,7,60.0,20.0
3,0,19,2.8,11.249308599399557,0.0,7,60.0,20.0
3,0,20,2.8,10.774971209893419,0.0,7,60.0,20.0
3,0,21,2.8,9.607322961049848,0.0,7,60.0,20.0
3,0,22,2.8,10.805281493528986,0.0,7,60.0,20.0
1,1,1,4.2,9.697615939303931,0.0,7,60.0,20.0
1,1,2,3.2,10.771744740486907,0.0,7,60.0,20.0
1,1,3,2.8,16.006024186569096,0.0,7,60.0,20.0
1,1,4,3.0,8.362145151108106,0.0,7,60.0,20.0
1,1,5,2.8,12.749149217314436,0.0,7,60.0,20.0
1,1,6,2.8,12.10213797704532,0.0,7,60.0,20.0
1,1,7,2.8,10.509782402964731,0.0,7,60.0,20.0
1,1,8,2.8,9.829504995889378,0.0,7,60.0,20.0
1,1,9,2.8,14.968918651680251,0.0,7,60.0,20.0
1,1,10,2.8,13.596389972022767,0.0,7,60.0,20.0
1,1,11,2.8,13.748635726116433,0.0,7,60.0,20.0
1,1,12,2.8,14.922624391332686,0.0,7,60.0,20.0
1,1,13,2.8,11.703142430566759,0.0,7,60.0,20.0
1,1,14,2.8,10.929690754875036,0.0,7,60.0,20.0
1,1,15,3.0,12.384139772163461,0.0,7,60.0,20.0
1,1,16,2.8,11.689557484620353,0.0,7,60.0,20.0
1,1,17,2.8,10.249277204497336,0.0,7,60.0,20.0
1,1,18,3.0,11.447117199776034,0.0,7,60.0,20.0
1,1,19,2.8,11.385405181642875,0.0,7,60.0,20.0
1,1,20,2.8,11.226121021941555,0.0,7,60.0,20.0
1,1,21,3.0,8.597627822681007,0.0,7,60.0,20.0
1,1,22,2.0,18.663172608266215,0.0,4,60.0,20.0
2,1,1,2.8,12.977171622557286,0.0,7,60.0,20.0
2,1,2,2.8,12.265602902134908,0.0,7,60.0,20.0
2,1,3,3.8,9.640346923994409,0.125,7,60.0,20.0
2,1,4,2.8,11.467756197153271,0.0,7,60.0,20.0
2,1,5,2.8,10.632708382370469,0.0,7,60.0,20.0
2,1,6,2.8,10.021612645034686,0.0,7,60.0,20.0
2,1,7,3.0,11.895131073182638,0.0,7,60.0,20.0
2,1,8,2.8,10.325261535602394,0.0,7,60.0,20.0
2,1,9,2.8,11.55690972032598,0.0,7,60.0,20.0
2,1,10,2.8,10.414032182184783,0.0,7,60.0,20.0
2,1,11,2.8,10.293856789553914,0.0,7,60.0,20.0
2,1,12,2.8,10.941172830537816,0.0,7,60.0,20.0
2,1,13,2.8,11.754858345790222,0.0,7,60.0,20.0
2,1,14,2.8,9.878786981860607,0.0,7,60.0,20.0
2,1,15,2.8,10.223508719901634,0.0,7,60.0,20.0
2,1,16,3.6,8.802711927533265,0.125,7,60.0,20.0
2,1,17,2.8,11.695205576420376,0.0,7,60.0,20.0
2,1,18,2.8,12.410481962562574,0.0,7,60.0,20.0
2,1,19,3.0,9.627259502798827,0.0,7,60.0,20.0
2,1,20,2.8,9.67432795343918,0.0,7,60.0,20.0
2,1,21,3.8,7.801008262524998,0.125,7,60.0,20.0
3,1,1,2.8,9.62764086266324,0.0,7,60.0,20.0
3,1,2,2.8,12.392023522050495,0.0,7,60.0,20.0
3,1,3,2.8,11.45746575307609,0.0,7,60.0,20.0
3,1,4,2.8,10.91081432284565,0.0,7,60.0,20.0
3,1,5,2.8,10.121480636995724,0.0,7,60.0,20.0
3,1,6,2.8,9.545481041637773,0.0,7,60.0,20.0
3,1,7,2.8,9.674747167704979,0.0,7,60.0,20.0
3,1,8,2.8,11.806481756612207,0.0,7,60.0,20.0
3,1,9,2.8,14.085981856873566,0.0,7,60.0,20.0
3,1,10,2.8,10.890989573444816,0.0,7,60.0,20.0
3,1,11,2.8,12.158771434696584,0.0,7,60.0,20.0
3,1,12,3.0,13.313850173208465,0.0,7,60.0,20.0
3,1,13,2.8,9.4266794105032,0.0,7,60.0,20.0
3,1,14,2.8,10.777670100036778,0.0,7,60.0,20.0
3,1,15,2.8,12.866786999670252,0.0,7,60.0,20.0
3,1,16,3.0,10.506939400904333,0.0,7,60.0,20.0
3,1,17,2.8,16.60159900576794,0.0,7,60.0,20.0
3,1,18,2.8,10.027223599047481,0.0,7,60.0,20.0
3,1,19,2.8,12.450883935217982,0.0,7,60.0,20.0
3,1,20,2.8,10.732286182311546,0.0,7,60.0,20.0
3,1,21,2.8,10.861752450627508,0.0,7,60.0,20.0
3,1,22,3.0,8.341329680484323,0.0,7,60.0,20.0
1,2,1,4.0,10.520961432121654,0.0,7,60.0,20.0
1,2,2,3.0,12.973959401859142,0.0,7,60.0,20.0
1,2,3,2.8,12.75335573672527,0.0,7,60.0,20.0
1,2,4,3.0,7.3160896740615255,0.0,7,60.0,20.0
1,2,5,2.8,12.771284709718104,0.0,7,60.0,20.0
1,2,6,2.8,11.746846409482789,0.0,7,60.0,20.0
1,2,7,2.8,10.764014748948266,0.0,7,60.0,20.0
1,2,8,2.8,9.749985263605453,0.0,7,60.0,20.0
1,2,9,2.8,12.39444239328067,0.0,7,60.0,20.0
1,2,10,2.8,10.02474032308742,0.0,7,60.0,20.0
1,2,11,2.8,14.663339049823787,0.0,7,60.0,20.0
1,2,12,2.8,14.672083572871479,0.0,7,60.0,20.0
1,2,13,2.8,10.628535704884774,0.0,7,60.0,20.0
1,2,14,2.8,16.47416785151771,0.0,7,60.0,20.0
1,2,15,2.8,15.056321227164233,0.0,7,60.0,20.0
1,2,16,2.8,9.937492695091267,0.0,7,60.0,20.0
1,2,17,2.8,11.588269506636907,0.0,7,60.0,20.0
1,2,18,3.2,8.253611346357154,0.0,7,60.0,20.0
1,2,19,3.0,9.212276284827466,0.0,7,60.0,20.0
1,2,20,3.0,9.506201267132282,0.0,7,60.0,20.0
1,2,21,3.0,8.876239434496215,0.0,7,60.0,20.0
1,2,22,2.0,15.636450515732946,0.0,4,60.0,20.0
2,2,1,2.8,12.008915124679934,0.0,7,60.0,20.0
2,2,2,2.8,9.854542021296455,0.0,7,60.0,20.0
2,2,3,3.2,11.001714789016997,0.0,7,60.0,20.0
2,2,4,3.2,11.163788501379267,0.0,7,60.0,20.0
2,2,5,2.8,12.38797101813577,0.0,7,60.0,20.0
2,2,6,2.8,9.809180476617009,0.0,7,60.0,20.0
2,2,7,3.0,12.461895068656608,0.0,7,60.0,20.0
2,2,8,2.8,12.037770406300162,0.0,7,60.0,20.0
2,2,9,2.8,10.079157640734648,0.0,7,60.0,20.0
2,2,10,2.8,13.683416846019869,0.0,7,60.0,20.0
2,2,11,2.8,10.17310066549128,0.0,7,60.0,20.0
2,2,12,2.8,12.211652705376446,0.0,7,60.0,20.0
2,2,13,2.8,12.169174927815083,0.0,7,60.0,20.0
2,2,14,2.8,9.873053674055846,0.0,7,60.0,20.0
2,2,15,2.8,10.520758676068686,0.0,7,60.0,20.0
2,2,16,3.0,11.624811349375408,0.0,7,60.0,20.0
2,2,17,2.8,15.11256297763103,0.0,7,60.0,20.0
2,2,18,2.8,11.67319646461208,0.0,7,60.0,20.0
2,2,19,3.0,11.239946630283566,0.0,7,60.0,20.0
2,2,20,2.8,8.975986860688193,0.0,7,60.0,20.0
2,2,21,3.0,9.051525611842138,0.0,7,60.0,20.0
2,2,22,2.0,22.12978879080696,0.0,4,60.0,20.0
3,2,1,2.8,8.964413237113074,0.0,7,60.0,20.0
3,2,2,2.8,10.608083492303857,0.0,7,60.0,20.0
3,2,3,2.8,12.694022890455761,0.0,7,60.0,20.0
3,2,4,2.8,9.984594755603176,0.0,7,60.0,20.0
3,2,5,2.8,9.567332399895028,0.0,7,60.0,20.0
3,2,6,2.8,9.605446112418182,0.0,7,60.0,20.0
3,2,7,2.8,9.45050922830115,0.0,7,60.0,20.0
3,2,8,2.8,12.08645972354542,0.0,7,60.0,20.0
3,2,9,2.8,12.502316866870448,0.0,7,60.0,20.0
3,2,10,2.8,12.169535575388673,0.0,7,60.0,20.0
3,2,11,2.8,10.40119279216356,0.0,7,60.0,20.0
3,2,12,3.6,8.170587442065399,0.125,7,60.0,20.0
3,2,13,2.8,9.87714433853542,0.0,7,60.0,20.0
3,2,14,2.8,10.082575277958984,0.0,7,60.0,20.0
3,2,15,2.8,15.384735628083808,0.0,7,60.0,20.0
3,2,16,2.8,11.085662813531663,0.0,7,60.0,20.0
3,2,17,2.8,13.916738190279876,0.0,7,60.0,20.0
3,2,18,3.0,10.39563088732994,0.0,7,60.0,20.0
3,2,19,2.8,11.300624910981888,0.0,7,60.0,20.0
3,2,20,2.8,10.856401955067112,0.0,7,60.0,20.0
3,2,21,2.8,8.768472321229506,0.0,7,60.0,20.0
3,2,22,2.8,10.583302959012723,0.0,7,60.0,20.0
1,3,1,4.2,9.483942370172315,0.0,7,60.0,20.0
1,3,2,3.2,11.007868347087516,0.0,7,60.0,20.0
1,3,3,2.8,12.46373295714421,0.0,7,60.0,20.0
1,3,4,3.0,9.601214797284063,0.0,7,60.0,20.0
1,3,5,2.8,14.745780253903396,0.0,7,60.0,20.0
1,3,6,2.8,9.879854098168485,0.0,7,60.0,20.0
1,3,7,2.8,10.71535337498791,0.0,7,60.0,20.0
1,3,8,2.8,9.129583468616609,0.0,7,60.0,20.0
1,3,9,2.8,13.866665550417045,0.0,7,60.0,20.0
1,3,10,2.8,11.196467903974575,0.0,7,60.0,20.0
1,3,11,2.8,11.8786262923944,0.0,7,60.0,20.0
1,3,12,2.8,15.659413473960495,0.0,7,60.0,20.0
1,3,13,2.8,14.454136075622545,0.0,7,60.0,20.0
1,3,14,2.8,12.365020072751802,0.0,7,60.0,20.0
1,3,15,2.8,16.349219383995962,0.0,7,60.0,20.0
1,3,16,2.8,10.820452201523738,0.0,7,60.0,20.0
1,3,17,2.8,10.524614930835416,0.0,7,60.0,20.0
1,3,18,3.0,8.931148887393817,0.0,7,60.0,20.0
1,3,19,3.0,10.060725855096944,0.0,7,60.0,20.0
1,3,20,2.8,11.374450360967266,0.0,7,60.0,20.0
1,3,21,3.0,10.250190334066973,0.0,7,60.0,20.0
1,3,22,2.0,13.683595609207206,0.0,4,60.0,20.0
2,3,1,2.8,13.765792039842077,0.0,7,60.0,20.0
2,3,2,2.8,9.983224755887493,0.0,7,60.0,20.0
2,3,3,3.8,8.43103594388485,0.125,7,60.0,20.0
2,3,4,2.8,11.277449163961734,0.0,7,60.0,20.0
2,3,5,2.8,10.206845597599344,0.0,7,60.0,20.0
2,3,6,2.8,10.576159952685458,0.0,7,60.0,20.0
2,3,7,3.6,8.550973072442044,0.125,7,60.0,20.0
2,3,8,2.8,11.079802351685853,0.0,7,60.0,20.0
2,3,9,2.8,13.949158684631108,0.0,7,60.0,20.0
2,3,10,2.8,10.55465954221101,0.0,7,60.0,20.0
2,3,11,2.8,12.632456215158964,0.0,7,60.0,20.0
2,3,12,2.8,15.284532992539262,0.0,7,60.0,20.0
2,3,13,2.8,11.583236470209595,0.0,7,60.0,20.0
2,3,14,2.8,11.253796119443757,0.0,7,60.0,20.0
2,3,15,3.6,7.26311051236106,0.125,7,60.0,20.0
2,3,16,2.8,12.687709665020707,0.0,7,60.0,20.0
2,3,17,2.8,10.058344132080217,0.0,7,60.0,20.0
2,3,18,3.0,13.265575435583935,0.0,7,60.0,20.0
2,3,19,2.8,10.151361446275851,0.0,7,60.0,20.0
2,3,20,2.8,8.142616009976921,0.0,7,60.0,20.0
2,3,21,3.0,12.81457826994916,0.0,7,60.0,20.0
3,3,1,2.8,9.043947479814987,0.0,7,60.0,20.0
3,3,2,2.8,11.169917321800401,0.0,7,60.0,20.0
3,3,3,2.8,12.589504931366978,0.0,7,60.0,20.0
3,3,4,2.8,9.777100127318462,0.0,7,60.0,20.0
3,3,5,2.8,9.750359645553438,0.0,7,60.0,20.0
3,3,6,2.8,10.080386358084484,0.0,7,60.0,20.0
3,3,7,2.8,7.9515499559686855,0.0,7,60.0,20.0
3,3,8,2.8,12.015227685732626,0.0,7,60.0,20.0
3,3,9,2.8,13.73794551172037,0.0,7,60.0,20.0
3,3,10,2.8,11.3772148633745,0.0,7,60.0,20.0
3,3,11,2.8,10.348396858258816,0.0,7,60.0,20.0
3,3,12,3.0,13.058023039341473,0.0,7,60.0,20.0
3,3,13,2.8,10.512233699072356,0.0,7,60.0,20.0
3,3,14,2.8,11.864883255646243,0.0,7,60.0,20.0
3,3,15,2.8,12.62769788494992,0.0,7,60.0,20.0
3,3,16,3.2,10.998332033339656,0.0,7,60.0,20.0
3,3,17,2.8,13.975801251161514,0.0,7,60.0,20.0
3,3,18,3.0,10.915642036405508,0.0,7,60.0,20.0
3,3,19,2.8,10.544378966896836,0.0,7,60.0,20.0
3,3,20,2.8,12.763469965591211,0.0,7,60.0,20.0
3,3,21,2.8,9.152754441871158,0.0,7,60.0,20.0
3,3,22,3.0,9.170138964615207,0.0,7,60.0,20.0
1,4,1,4.2,9.970384744449609,0.0,7,60.0,20.0
1,4,2,3.2,13.559029831853838,0.0,7,60.0,20.0
1,4,3,2.8,12.835400359805304,0.0,7,60.0,20.0
1,4,4,3.0,8.467901115773099,0.0,7,60.0,20.0
1,4,5,2.8,15.99853743129922,0.0,7,60.0,20.0
1,4,6,2.8,11.244039848805564,0.0,7,60.0,20.0
1,4,7,2.8,10.929126706759217,0.0,7,60.0,20.0
1,4,8,2.8,10.497299310276484,0.0,7,60.0,20.0
1,4,9,2.8,12.887987247044489,0.0,7,60.0,20.0
1,4,10,2.8,10.718503749549498,0.0,7,60.0,20.0
1,4,11,2.8,11.902087926399048,0.0,7,60.0,20.0
1,4,12,2.8,17.57790942068622,0.0,7,60.0,20.0
1,4,13,2.8,13.246730139910097,0.0,7,60.0,20.0
1,4,14,2.8,13.653787918515926,0.0,7,60.0,20.0
1,4,15,2.8,13.930371412183028,0.0,7,60.0,20.0
1,4,16,2.8,11.841027158700115,0.0,7,60.0,20.0
1,4,17,2.8,12.233970965048583,0.0,7,60.0,20.0
1,4,18,3.2,9.056121832921775,0.0,7,60.0,20.0
1,4,19,2.8,9.411601773908167,0.0,7,60.0,20.0
1,4,20,2.8,13.134716588683082,0.0,7,60.0,20.0
1,4,21,3.0,10.899060679511738,0.0,7,60.0,20.0
1,4,22,2.0,19.18302432824858,0.0,4,60.0,20.0
2,4,1,2.8,16.9281568719593,0.0,7,60.0,20.0
2,4,2,2.8,10.372638175304408,0.0,7,60.0,20.0
2,4,3,4.0,8.63319881008768,0.125,7,60.0,20.0
2,4,4,3.0,11.138528855732858,0.0,7,60.0,20.0
2,4,5,2.8,12.29280832060145,0.0,7,60.0,20.0
2,4,6,2.8,10.889988470854364,0.0,7,60.0,20.0
2,4,7,3.0,10.343572824201466,0.0,7,60.0,20.0
2,4,8,2.8,11.003320246367785,0.0,7,60.0,20.0
2,4,9,2.8,10.623139402389427,0.0,7,60.0,20.0
2,4,10,2.8,12.269362527672877,0.0,7,60.0,20.0
2,4,11,2.8,12.49552037029614,0.0,7,60.0,20.0
2,4,12,2.8,12.919332877835753,0.0,7,60.0,20.0
2,4,13,2.8,11.692770616950515,0.0,7,60.0,20.0
2,4,14,2.8,10.560984617825271,0.0,7,60.0,20.0
2,4,15,3.0,9.347783044028834,0.0,7,60.0,20.0
2,4,16,2.8,12.537912006192338,0.0,7,60.0,20.0
2,4,17,2.8,11.672984395789006,0.0,7,60.0,20.0
2,4,18,2.8,14.566896831832986,0.0,7,60.0,20.0
2,4,19,3.0,10.907449933632837,0.0,7,60.0,20.0
2,4,20,2.8,9.385998612826945,0.0,7,60.0,20.0
2,4,21,3.0,9.99797509079473,0.0,7,60.0,20.0
3,4,1,3.0,8.932288974901674,0.0,7,60.0,20.0
3,4,2,2.8,11.963510636341447,0.0,7,60.0,20.0
3,4,3,2.8,12.18622379761019,0.0,7,60.0,20.0
3,4,4,2.8,10.30455963323983,0.0,7,60.0,20.0
3,4,5,2.8,9.43949013493796,0.0,7,60.0,20.0
3,4,6,2.8,9.803995247426602,0.0,7,60.0,20.0
3,4,7,2.8,11.041042974274841,0.0,7,60.0,20.0
3,4,8,2.8,10.380185541161822,0.0,7,60.0,20.0
3,4,9,2.8,12.202168282696439,0.0,7,60.0,20.0
3,4,10,2.8,10.637865997835062,0.0,7,60.0,20.0
3,4,11,2.8,10.635724585316439,0.0,7,60.0,20.0
3,4,12,3.6,8.598663311567684,0.125,7,60.0,20.0
3,4,13,2.8,9.880190672835052,0.0,7,60.0,20.0
3,4,14,2.8,10.652015583360779,0.0,7,60.0,20.0
3,4,15,2.8,16.833399762389664,0.0,7,60.0,20.0
3,4,16,3.0,8.712431608399257,0.0,7,60.0,20.0
3,4,17,2.8,11.655760884487169,0.0,7,60.0,20.0
3,4,18,2.8,12.111129951547731,0.0,7,60.0,20.0
3,4,19,2.8,10.101664027001968,0.0,7,60.0,20.0
3,4,20,2.8,9.14065314950262,0.0,7,60.0,20.0
3,4,21,2.8,9.657359045364533,0.0,7,60.0,20.0
3,4,22,2.8,10.71733319302479,0.0,7,60.0,20.0
1,5,1,4.0,9.850249332393963,0.0,7,60.0,20.0
1,5,2,2.8,12.00003259136484,0.0,7,60.0,20.0
1,5,3,2.8,14.628310676372205,0.0,7,60.0,20.0
1,5,4,3.0,8.946381080431387,0.0,7,60.0,20.0
1,5,5,2.8,13.242307291982682,0.0,7,60.0,20.0
1,5,6,2.8,10.89596389514291,0.0,7,60.0,20.0
1,5,7,3.0,8.79050037464031,0.0,7,60.0,20.0
1,5,8,2.8,10.47904479778062,0.0,7,60.0,20.0
1,5,9,2.8,15.523482297411853,0.0,7,60.0,20.0
1,5,10,2.8,10.797096170390047,0.0,7,60.0,20.0
1,5,11,2.8,14.88059582545827,0.0,7,60.0,20.0
1,5,12,2.8,17.686477950052986,0.0,7,60.0,20.0
1,5,13,2.8,10.997065609541883,0.0,7,60.0,20.0
1,5,14,2.8,16.340153975618936,0.0,7,60.0,20.0
1,5,15,2.8,12.022422310420858,0.0,7,60.0,20.0
1,5,16,2.8,9.824086721365951,0.0,7,60.0,20.0
1,5,17,2.8,12.60646222308695,0.0,7,60.0,20.0
1,5,18,3.2,7.522116454195516,0.0,7,60.0,20.0
1,5,19,3.0,10.07477665574025,0.0,7,60.0,20.0
1,5,20,3.0,10.898849974055116,0.0,7,60.0,20.0
1,5,21,3.0,8.837188335905267,0.0,7,60.0,20.0
1,5,22,2.0,15.68733275060911,0.0,4,60.0,20.0
2,5,1,2.8,12.895089483970137,0.0,7,60.0,20.0
2,5,2,2.8,10.132069852851897,0.0,7,60.0,20.0
2,5,3,3.2,10.962276856113368,0.0,7,60.0,20.0
2,5,4,3.0,10.121671892021272,0.0,7,60.0,20.0
2,5,5,2.8,10.512773780318355,0.0,7,60.0,20.0
2,5,6,2.8,10.659958044724572,0.0,7,60.0,20.0
2,5,7,3.0,11.143412495627748,0.0,7,60.0,20.0
2,5,8,3.0,10.594384055790801,0.0,7,60.0,20.0
2,5,9,2.8,12.720479037124539,0.0,7,60.0,20.0
2,5,10,2.8,11.99302685368744,0.0,7,60.0,20.0
2,5,11,2.8,8.240475151215083,0.0,7,60.0,20.0
2,5,12,2.8,11.810763520580588,0.0,7,60.0,20.0
2,5,13,2.8,11.355776251084515,0.0,7,60.0,20.0
2,5,14,2.8,11.31616890523581,0.0,7,60.0,20.0
2,5,15,2.8,8.989824654271327,0.0,7,60.0,20.0
2,5,16,3.0,10.090505857379483,0.0,7,60.0,20.0
2,5,17,2.8,10.946977365529841,0.0,7,60.0,20.0
2,5,18,2.8,11.740419429324943,0.0,7,60.0,20.0
2,5,19,2.8,12.141447834115286,0.0,7,60.0,20.0
2,5,20,3.0,9.227846983667165,0.0,7,60.0,20.0
2,5,21,3.0,7.966807403855972,0.0,7,60.0,20.0
2,5,22,2.0,19.331875508027196,0.0,4,60.0,20.0
3,5,1,2.8,9.030593911119196,0.0,7,60.0,20.0
3,5,2,2.8,12.218727242403967,0.0,7,60.0,20.0
3,5,3,2.8,12.486694042466624,0.0,7,60.0,20.0
3,5,4,2.8,10.571358342076959,0.0,7,60.0,20.0
3,5,5,2.8,9.207264431834165,0.0,7,60.0,20.0
3,5,6,2.8,10.868565781296391,0.0,7,60.0,20.0
3,5,7,2.8,9.767450445730288,0.0,7,60.0,20.0
3,5,8,2.8,11.921547524245524,0.0,7,60.0,20.0
3,5,9,2.8,14.452110826262512,0.0,7,60.0,20.0
3,5,10,2.8,9.730120207967213,0.0,7,60.0,20.0
3,5,11,2.8,11.62713674578816,0.0,7,60.0,20.0
3,5,12,3.0,11.73063521428295,0.0,7,60.0,20.0
3,5,13,2.8,8.866389987529951,0.0,7,60.0,20.0
3,5,14,2.8,11.443105218349814,0.0,7,60.0,20.0
3,5,15,2.8,13.3440180056209,0.0,7,60.0,20.0
3,5,16,3.0,9.223487986912373,0.0,7,60.0,20.0
3,5,17,2.8,13.029509319907586,0.0,7,60.0,20.0
3,5,18,2.8,11.243867094163674,0.0,7,60.0,20.0
3,5,19,2.8,12.951850340508656,0.0,7,60.0,20.0
3,5,20,2.8,13.386689248496225,0.0,7,60.0,20.0
3,5,21,2.8,9.279677616377587,0.0,7,60.0,20.0
3,5,22,2.8,10.06904869521782,0.0,7,60.0,20.0
1,6,1,4.0,8.970453767799706,0.0,7,60.0,20.0
1,6,2,2.8,13.91153806841972,0.0,7,60.0,20.0
1,6,3,2.8,14.522549281297113,0.0,7,60.0,20.0
1,6,4,3.0,8.98640536107296,0.0,7,60.0,20.0
1,6,5,2.8,14.659772654851594,0.0,7,60.0,20.0
1,6,6,2.8,10.856702793444917,0.0,7,60.0,20.0
1,6,7,2.8,10.125870239661097,0.0,7,60.0,20.0
1,6,8,2.8,14.2696739740206,0.0,7,60.0,20.0
1,6,9,2.8,12.513420457076881,0.0,7,60.0,20.0
1,6,10,2.8,12.280519581119096,0.0,7,60.0,20.0
1,6,11,2.8,18.66834322670215,0.0,7,60.0,20.0
1,6,12,2.8,14.922617337042068,0.0,7,60.0,20.0
1,6,13,2.8,10.861500668593019,0.0,7,60.0,20.0
1,6,14,2.8,12.814126746552828,0.0,7,60.0,20.0
1,6,15,2.8,15.650906180361346,0.0,7,60.0,20.0
1,6,16,2.8,14.290032821760029,0.0,7,60.0,20.0
1,6,17,2.8,13.971250773759651,0.0,7,60.0,20.0
1,6,18,3.0,8.368251708450401,0.0,7,60.0,20.0
1,6,19,2.8,9.675415595535526,0.0,7,60.0,20.0
1,6,20,3.2,11.396987456248441,0.0,7,60.0,20.0
1,6,21,2.8,11.976342796435564,0.0,7,60.0,20.0
1,6,22,2.2,13.509322036648348,0.0,5,60.0,20.0
2,6,1,2.8,14.050405591570406,0.0,7,60.0,20.0
2,6,2,2.8,11.838264003575453,0.0,7,60.0,20.0
2,6,3,3.8,8.7070970094454,0.125,7,60.0,20.0
2,6,4,2.8,11.236013326638904,0.0,7,60.0,20.0
2,6,5,2.8,9.813782549559505,0.0,7,60.0,20.0
2,6,6,2.8,9.627243806527025,0.0,7,60.0,20.0
2,6,7,3.0,12.477546219695938,0.0,7,60.0,20.0
2,6,8,2.8,11.194603422947191,0.0,7,60.0,20.0
2,6,9,2.8,11.156373881246992,0.0,7,60.0,20.0
2,6,10,2.8,13.201313022794515,0.0,7,60.0,20.0
2,6,11,2.8,11.137379235703401,0.0,7,60.0,20.0
2,6,12,2.8,12.355784283094486,0.0,7,60.0,20.0
2,6,13,2.8,14.482675650157907,0.0,7,60.0,20.0
2,6,14,2.8,9.223297800023321,0.0,7,60.0,20.0
2,6,15,2.8,9.892780435781066,0.0,7,60.0,20.0
2,6,16,3.0,11.573171100121211,0.0,7,60.0,20.0
2,6,17,2.8,10.393464625918506,0.0,7,60.0,20.0
2,6,18,2.8,15.154426895662382,0.0,7,60.0,20.0
2,6,19,3.2,9.92373927506756,0.0,7,60.0,20.0
2,6,20,2.8,9.468551213125652,0.0,7,60.0,20.0
2,6,21,3.0,8.230508171859173,0.0,7,60.0,20.0
3,6,1,2.8,11.054555595614032,0.0,7,60.0,20.0
3,6,2,2.8,10.553171880005339,0.0,7,60.0,20.0
3,6,3,2.8,11.857290368459317,0.0,7,60.0,20.0
3,6,4,2.8,8.960619379686236,0.0,7,60.0,20.0
3,6,5,2.8,9.734840333423866,0.0,7,60.0,20.0
3,6,6,2.8,10.477567368092378,0.0,7,60.0,20.0
3,6,7,2.8,9.674747167704837,0.0,7,60.0,20.0
3,6,8,2.8,12.609756556128637,0.0,7,60.0,20.0
3,6,9,2.8,12.657560849641259,0.0,7,60.0,20.0
3,6,10,2.8,13.22185973590502,0.0,7,60.0,20.0
3,6,11,2.8,12.158771434696584,0.0,7,60.0,20.0
3,6,12,3.0,11.890272515914077,0.0,7,60.0,20.0
3,6,13,3.0,8.622549477816,0.0,7,60.0,20.0
3,6,14,2.8,12.027432290317794,0.0,7,60.0,20.0
3,6,15,2.8,12.64543351495494,0.0,7,60.0,20.0
3,6,16,3.0,9.538053416607937,0.0,7,60.0,20.0
3,6,17,2.8,14.894762194509346,0.0,7,60.0,20.0
3,6,18,2.8,13.118825730902447,0.0,7,60.0,20.0
3,6,19,2.8,14.965224035512934,0.0,7,60.0,20.0
3,6,20,2.8,11.188919964622578,0.0,7,60.0,20.0
3,6,21,2.8,9.300525218532572,0.0,7,60.0,20.0
3,6,22,2.8,12.231487632267946,0.0,7,60.0,20.0
1,7,1,4.0,10.358200144012553,0.0,7,60.0,20.0
1,7,2,3.0,12.36181820942268,0.0,7,60.0,20.0
1,7,3,2.8,13.868710524401417,0.0,7,60.0,20.0
1,7,4,3.0,7.479543657324756,0.0,7,60.0,20.0
1,7,5,2.8,12.276921056582315,0.0,7,60.0,20.0
1,7,6,2.8,11.500248115506496,0.0,7,60.0,20.0
1,7,7,2.8,9.105087109666126,0.0,7,60.0,20.0
1,7,8,2.8,11.722533668458677,0.0,7,60.0,20.0
1,7,9,2.8,17.257264742560164,0.0,7,60.0,20.0
1,7,10,2.8,12.683287687720526,0.0,7,60.0,20.0
1,7,11,2.8,12.477313035442638,0.0,7,60.0,20.0
1,7,12,2.8,13.519947624333067,0.0,7,60.0,20.0
1,7,13,2.8,9.94448363381572,0.0,7,60.0,20.0
1,7,14,2.8,15.866883571607557,0.0,7,60.0,20.0
1,7,15,2.8,12.574332592936038,0.0,7,60.0,20.0
1,7,16,2.8,12.115220065528144,0.0,7,60.0,20.0
1,7,17,2.8,15.294059333073015,0.0,7,60.0,20.0
1,7,18,3.0,9.290134150556892,0.0,7,60.0,20.0
1,7,19,3.0,9.562296187563367,0.0,7,60.0,20.0
1,7,20,2.8,11.03093698128929,0.0,7,60.0,20.0
1,7,21,3.0,8.701484344962688,0.0,7,60.0,20.0
1,7,22,2.0,14.256152893113672,0.0,5,60.0,20.0
2,7,1,2.8,14.97952987019565,0.0,7,60.0,20.0
2,7,2,2.8,13.542021934275843,0.0,7,60.0,20.0
2,7,3,3.8,9.520298567565133,0.125,7,60.0,20.0
2,7,4,2.8,11.984591937795765,0.0,7,60.0,20.0
2,7,5,2.8,8.79742293818484,0.0,7,60.0,20.0
2,7,6,2.8,9.581995514753077,0.0,7,60.0,20.0
2,7,7,3.6,7.909585887154125,0.125,7,60.0,20.0
2,7,8,2.8,11.992243225798521,0.0,7,60.0,20.0
2,7,9,2.8,11.728887907125571,0.0,7,60.0,20.0
2,7,10,2.8,10.323069734370147,0.0,7,60.0,20.0
2,7,11,2.8,10.670895805325372,0.0,7,60.0,20.0
2,7,12,2.8,13.895509356094987,0.0,7,60.0,20.0
2,7,13,2.8,12.584223964747917,0.0,7,60.0,20.0
2,7,14,2.8,11.911306634492133,0.0,7,60.0,20.0
2,7,15,3.6,7.070005632813769,0.125,7,60.0,20.0
2,7,16,2.8,11.221196550645105,0.0,7,60.0,20.0
2,7,17,2.8,12.157724240367276,0.0,7,60.0,20.0
2,7,18,2.8,13.876260105212197,0.0,7,60.0,20.0
2,7,19,2.8,10.964581522041156,0.0,7,60.0,20.0
2,7,20,2.8,7.697014232740849,0.0,7,60.0,20.0
2,7,21,3.0,12.600308267824612,0.0,7,60.0,20.0
3,7,1,2.8,9.813005188514353,0.0,7,60.0,20.0
3,7,2,2.8,10.000969718628781,0.0,7,60.0,20.0
3,7,3,2.8,11.26749727692802,0.0,7,60.0,20.0
3,7,4,2.8,10.017301263274106,0.0,7,60.0,20.0
3,7,5,2.8,8.623107001534542,0.0,7,60.0,20.0
3,7,6,2.8,10.353412142208013,0.0,7,60.0,20.0
3,7,7,2.8,10.505661046997652,0.0,7,60.0,20.0
3,7,8,2.8,11.806481756612527,0.0,7,60.0,20.0
3,7,9,2.8,13.406693030332246,0.0,7,60.0,20.0
3,7,10,2.8,12.416593894094529,0.0,7,60.0,20.0
3,7,11,2.8,10.261584707828984,0.0,7,60.0,20.0
3,7,12,3.0,12.030603467881761,0.0,7,60.0,20.0
3,7,13,2.8,10.530332929504691,0.0,7,60.0,20.0
3,7,14,3.0,9.80113875256523,0.0,7,60.0,20.0
3,7,15,2.8,12.56748169867302,0.0,7,60.0,20.0
3,7,16,3.0,11.513047132180512,0.0,7,60.0,20.0
3,7,17,2.8,16.369794474547152,0.0,7,60.0,20.0
3,7,18,3.0,9.492545793431669,0.0,7,60.0,20.0
3,7,19,2.8,12.206941373860742,0.0,7,60.0,20.0
3,7,20,2.8,11.69007006357945,0.0,7,60.0,20.0
3,7,21,2.8,8.991289573930208,0.0,7,60.0,20.0
3,7,22,2.8,9.950371154539924,0.0,7,60.0,20.0
1,8,1,4.0,10.823307475394532,0.0,7,60.0,20.0
1,8,2,3.2,13.390714361142985,0.0,7,60.0,20.0
1,8,3,3.0,11.488489410566862,0.0,7,60.0,20.0
1,8,4,3.0,7.517201417201282,0.0,7,60.0,20.0
1,8,5,2.8,12.036139683914048,0.0,7,60.0,20.0
1,8,6,2.8,10.573261336880883,0.0,7,60.0,20.0
1,8,7,2.8,10.546570205778474,0.0,7,60.0,20.0
1,8,8,2.8,8.63259662702335,0.0,7,60.0,20.0
1,8,9,2.8,12.671186266703888,0.0,7,60.0,20.0
1,8,10,2.8,12.47087943220459,0.0,7,60.0,20.0
1,8,11,2.8,18.2441018708487,0.0,7,60.0,20.0
1,8,12,2.8,11.819953433674977,0.0,7,60.0,20.0
1,8,13,2.8,10.320187432783957,0.0,7,60.0,20.0
1,8,14,2.8,14.543511447898934,0.0,7,60.0,20.0
1,8,15,2.8,12.617786888096637,0.0,7,60.0,20.0
1,8,16,2.8,11.038482245019742,0.0,7,60.0,20.0
1,8,17,2.8,11.086118622812622,0.0,7,60.0,20.0
1,8,18,3.2,9.264977747257822,0.0,7,60.0,20.0
1,8,19,3.0,11.118182049567585,0.0,7,60.0,20.0
1,8,20,2.8,11.043357327320985,0.0,7,60.0,20.0
1,8,21,3.2,10.284438589123944,0.0,7,60.0,20.0
2,8,1,2.8,11.511651062842077,0.0,7,60.0,20.0
2,8,2,2.8,11.147786337724952,0.0,7,60.0,20.0
2,8,3,4.0,7.73759748355009,0.125,7,60.0,20.0
2,8,4,3.0,10.97857787470811,0.0,7,60.0,20.0
2,8,5,2.8,10.356892282682951,0.0,7,60.0,20.0
2,8,6,2.8,9.74482284411576,0.0,7,60.0,20.0
2,8,7,3.6,8.545115249235606,0.125,7,60.0,20.0
2,8,8,2.8,13.732964478777301,0.0,7,60.0,20.0
2,8,9,2.8,11.532895851855002,0.0,7,60.0,20.0
2,8,10,2.8,11.237880788279961,0.0,7,60.0,20.0
2,8,11,2.8,16.69696577987527,0.0,7,60.0,20.0
2,8,12,2.8,13.464077067388335,0.0,7,60.0,20.0
2,8,13,2.8,11.385377580632325,0.0,7,60.0,20.0
2,8,14,2.8,10.5687979450497,0.0,7,60.0,20.0
2,8,15,3.0,10.064003977052606,0.0,7,60.0,20.0
2,8,16,2.8,13.47881609830499,0.0,7,60.0,20.0
2,8,17,2.8,12.94345500688395,0.0,7,60.0,20.0
2,8,18,3.0,13.793728264983008,0.0,7,60.0,20.0
2,8,19,2.8,12.88127157908727,0.0,7,60.0,20.0
2,8,20,2.8,7.041278940237069,0.0,7,60.0,20.0
2,8,21,3.0,11.234723762301778,0.0,7,60.0,20.0
3,8,1,2.8,10.65030952013233,0.0,7,60.0,20.0
3,8,2,2.8,12.674504297826049,0.0,7,60.0,20.0
3,8,3,2.8,11.698531554383086,0.0,7,60.0,20.0
3,8,4,2.8,10.444983797020049,0.0,7,60.0,20.0
3,8,5,2.8,9.582321812526253,0.0,7,60.0,20.0
3,8,6,2.8,9.11854049176404,0.0,7,60.0,20.0
3,8,7,2.8,9.494521373975227,0.0,7,60.0,20.0
3,8,8,2.8,10.805281771892478,0.0,7,60.0,20.0
3,8,9,2.8,12.1063607156172,0.0,7,60.0,20.0
3,8,10,2.8,11.441062758223763,0.0,7,60.0,20.0
3,8,11,2.8,10.960374280883007,0.0,7,60.0,20.0
3,8,12,3.0,10.538130477196269,0.0,7,60.0,20.0
3,8,13,2.8,10.790427808423628,0.0,7,60.0,20.0
3,8,14,2.8,10.554484506074983,0.0,7,60.0,20.0
3,8,15,2.8,12.653823646602413,0.0,7,60.0,20.0
3,8,16,3.0,9.752978204530194,0.0,7,60.0,20.0
3,8,17,2.8,15.428951799203805,0.0,7,60.0,20.0
3,8,18,2.8,11.584620736160696,0.0,7,60.0,20.0
3,8,19,2.8,11.384766279384692,0.0,7,60.0,20.0
3,8,20,2.8,11.652403658470597,0.0,7,60.0,20.0
3,8,21,2.8,8.79906526413762,0.0,7,60.0,20.0
3,8,22,2.8,8.85857979708759,0.0,7,60.0,20.0
1,9,1,4.0,10.447995976533853,0.0,7,60.0,20.0
1,9,2,3.0,12.06482033605571,0.0,7,60.0,20.0
1,9,3,2.8,14.195413440686437,0.0,7,60.0,20.0
1,9,4,3.0,8.775753660392226,0.0,7,60.0,20.0
1,9,5,2.8,11.750263138037123,0.0,7,60.0,20.0
1,9,6,2.8,11.566469485824015,0.0,7,60.0,20.0
1,9,7,2.8,8.406484664193973,0.0,7,60.0,20.0
1,9,8,2.8,11.055814693524242,0.0,7,60.0,20.0
1,9,9,2.8,16.018665155275535,0.0,7,60.0,20.0
1,9,10,2.8,13.29909597082684,0.0,7,60.0,20.0
1,9,11,2.8,13.482290027128869,0.0,7,60.0,20.0
1,9,12,2.8,18.848191968538746,0.0,7,60.0,20.0
1,9,13,2.8,13.27415725517534,0.0,7,60.0,20.0
1,9,14,2.8,15.302779952660936,0.0,7,60.0,20.0
1,9,15,2.8,13.719451442300326,0.0,7,60.0,20.0
1,9,16,2.8,12.263149108799228,0.0,7,60.0,20.0
1,9,17,2.8,12.027735147762133,0.0,7,60.0,20.0
1,9,18,3.2,8.01218398340135,0.0,7,60.0,20.0
1,9,19,2.8,10.882682010048695,0.0,7,60.0,20.0
1,9,20,2.8,12.979176118206672,0.0,7,60.0,20.0
1,9,21,3.0,10.52528483812556,0.0,7,60.0,20.0
1,9,22,2.0,14.496215154348857,0.0,5,60.0,20.0
2,9,1,2.8,13.201254272323574,0.0,7,60.0,20.0
2,9,2,2.8,10.909178378994685,0.0,7,60.0,20.0
2,9,3,3.8,10.152424067113477,0.125,7,60.0,20.0
2,9,4,2.8,13.115375985374472,0.0,7,60.0,20.0
2,9,5,2.8,10.258203480084138,0.0,7,60.0,20.0
2,9,6,2.8,9.940175104049418,0.0,7,60.0,20.0
2,9,7,3.0,12.426842133033112,0.0,7,60.0,20.0
2,9,8,3.0,9.80046967344961,0.0,7,60.0,20.0
2,9,9,2.8,13.228830412315414,0.0,7,60.0,20.0
2,9,10,2.8,10.297116445424862,0.0,7,60.0,20.0
2,9,11,2.8,10.999509705674173,0.0,7,60.0,20.0
2,9,12,2.8,15.174912354052575,0.0,7,60.0,20.0
2,9,13,2.8,10.08299034833313,0.0,7,60.0,20.0
2,9,14,2.8,11.418174580661253,0.0,7,60.0,20.0
2,9,15,3.0,8.478186533289692,0.0,7,60.0,20.0
2,9,16,2.8,13.4325795781683,0.0,7,60.0,20.0
2,9,17,2.8,10.515270001635049,0.0,7,60.0,20.0
2,9,18,2.8,11.547979574662417,0.0,7,60.0,20.0
2,9,19,3.2,10.66111917859367,0.0,7,60.0,20.0
2,9,20,2.8,8.933577528529177,0.0,7,60.0,20.0
2,9,21,3.0,8.906075538003021,0.0,7,60.0,20.0
3,9,1,2.8,10.450139061467125,0.0,7,60.0,20.0
3,9,2,2.8,11.068841995756769,0.0,7,60.0,20.0
3,9,3,2.8,11.973353494629222,0.0,7,60.0,20.0
3,9,4,3.0,9.312788112332024,0.0,7,60.0,20.0
3,9,5,2.8,10.769158348139806,0.0,7,60.0,20.0
3,9,6,2.8,10.493658141993288,0.0,7,60.0,20.0
3,9,7,2.8,10.942276220849875,0.0,7,60.0,20.0
3,9,8,2.8,11.987427241948133,0.0,7,60.0,20.0
3,9,9,2.8,13.830104917326544,0.0,7,60.0,20.0
3,9,10,2.8,9.945904706458078,0.0,7,60.0,20.0
3,9,11,2.8,11.139368998836506,0.0,7,60.0,20.0
3,9,12,3.0,11.985748693587801,0.0,7,60.0,20.0
3,9,13,3.0,9.621192616276108,0.0,7,60.0,20.0
3,9,14,2.8,10.878600404460673,0.0,7,60.0,20.0
3,9,15,2.8,17.05623645776585,0.0,7,60.0,20.0
3,9,16,3.0,11.009568817297641,0.0,7,60.0,20.0
3,9,17,2.8,14.274010328295356,0.0,7,60.0,20.0
3,9,18,3.0,9.843505666083301,0.0,7,60.0,20.0
3,9,19,2.8,11.9872282796341,0.0,7,60.0,20.0
3,9,20,2.8,10.484203676959694,0.0,7,60.0,20.0
3,9,21,2.8,10.3925001761425,0.0,7,60.0,20.0
3,9,22,2.8,11.122183257925236,0.0,7,60.0,20.0
1,10,1,4.2,10.527785842123157,0.0,7,60.0,20.0
1,10,2,3.0,11.234484139593683,0.0,7,60.0,20.0
1,10,3,3.0,10.017876988835706,0.0,7,60.0,20.0
1,10,4,3.0,8.789014332017345,0.0,7,60.0,20.0
1,10,5,2.8,11.870176665879407,0.0,7,60.0,20.0
1,10,6,2.8,10.573261336880853,0.0,7,60.0,20.0
1,10,7,2.8,10.070684265228719,0.0,7,60.0,20.0
1,10,8,2.8,12.684903975932398,0.0,7,60.0,20.0
1,10,9,2.8,16.712534990951514,0.0,7,60.0,20.0
1,10,10,2.8,10.756769912889665,0.0,7,60.0,20.0
1,10,11,2.8,14.580273417510224,0.0,7,60.0,20.0
1,10,12,2.8,12.55898039865095,0.0,7,60.0,20.0
1,10,13,2.8,11.038564859540605,0.0,7,60.0,20.0
1,10,14,2.8,13.873835508175175,0.0,7,60.0,20.0
1,10,15,2.8,14.027654623208596,0.0,7,60.0,20.0
1,10,16,2.8,10.62958530393934,0.0,7,60.0,20.0
1,10,17,2.8,12.888102866462672,0.0,7,60.0,20.0
1,10,18,3.2,7.945614170759451,0.0,7,60.0,20.0
1,10,19,3.0,8.797151860172185,0.0,7,60.0,20.0
1,10,20,3.0,9.767014939815164,0.0,7,60.0,20.0
1,10,21,3.0,10.307439693432874,0.0,7,60.0,20.0
2,10,1,2.8,14.380770582990005,0.0,7,60.0,20.0
2,10,2,2.8,10.14888262801316,0.0,7,60.0,20.0
2,10,3,3.2,10.077239828866805,0.0,7,60.0,20.0
2,10,4,3.2,9.226960327837581,0.0,7,60.0,20.0
2,10,5,2.8,10.0641393167209,0.0,7,60.0,20.0
2,10,6,2.8,9.3019463418679,0.0,7,60.0,20.0
2,10,7,3.6,9.64692471936823,0.125,7,60.0,20.0
2,10,8,2.8,11.043054583061508,0.0,7,60.0,20.0
2,10,9,2.8,11.74515051049846,0.0,7,60.0,20.0
2,10,10,2.8,12.702559237208659,0.0,7,60.0,20.0
2,10,11,2.8,10.57302009339698,0.0,7,60.0,20.0
2,10,12,2.8,11.50926889767419,0.0,7,60.0,20.0
2,10,13,2.8,10.7665204222701,0.0,7,60.0,20.0
2,10,14,2.8,10.690199115779041,0.0,7,60.0,20.0
2,10,15,3.0,8.444350153309674,0.0,7,60.0,20.0
2,10,16,2.8,10.71481066275048,0.0,7,60.0,20.0
2,10,17,2.8,11.695305541228274,0.0,7,60.0,20.0
2,10,18,2.8,12.38421579584599,0.0,7,60.0,20.0
2,10,19,3.2,10.903297476580601,0.0,7,60.0,20.0
2,10,20,2.8,9.62863703625386,0.0,7,60.0,20.0
2,10,21,3.0,8.259237137701625,0.0,7,60.0,20.0
3,10,1,2.8,10.522051744802859,0.0,7,60.0,20.0
3,10,2,2.8,9.919865971276495,0.0,7,60.0,20.0
3,10,3,2.8,12.90835295561333,0.0,7,60.0,20.0
3,10,4,2.8,10.553117932496244,0.0,7,60.0,20.0
3,10,5,2.8,9.56733239989489,0.0,7,60.0,20.0
3,10,6,2.8,9.341373251556035,0.0,7,60.0,20.0
3,10,7,2.8,9.236430442168832,0.0,7,60.0,20.0
3,10,8,2.8,10.472260452917448,0.0,7,60.0,20.0
3,10,9,2.8,10.258526563900089,0.0,7,60.0,20.0
3,10,10,2.8,10.852340086521847,0.0,7,60.0,20.0
3,10,11,2.8,11.829534621150758,0.0,7,60.0,20.0
3,10,12,3.0,9.87458594818262,0.0,7,60.0,20.0
3,10,13,3.0,9.151525576959356,0.0,7,60.0,20.0
3,10,14,2.8,10.608796385309349,0.0,7,60.0,20.0
3,10,15,2.8,12.023930569739965,0.0,7,60.0,20.0
3,10,16,3.0,10.122110861138486,0.0,7,60.0,20.0
3,10,17,2.8,13.694171845399941,0.0,7,60.0,20.0
3,10,18,2.8,9.479285056390497,0.0,7,60.0,20.0
3,10,19,2.8,11.70126976215474,0.0,7,60.0,20.0
3,10,20,2.8,12.120176658924086,0.0,7,60.0,20.0
3,10,21,2.8,8.68014850466945,0.0,7,60.0,20.0
3,10,22,2.8,10.261420603261653,0.0,7,60.0,20.0
1,11,1,4.2,10.734068622471721,0.0,7,60.0,20.0
1,11,2,3.0,10.696077599605703,0.0,7,60.0,20.0
1,11,3,2.8,17.72344981282144,0.0,7,60.0,20.0
1,11,4,3.0,8.353577920531656,0.0,7,60.0,20.0
1,11,5,2.8,9.93277391847944,0.0,7,60.0,20.0
1,11,6,2.8,10.409974058615067,0.0,7,60.0,20.0
1,11,7,2.8,11.173114610484092,0.0,7,60.0,20.0
1,11,8,2.8,10.36295645939353,0.0,7,60.0,20.0
1,11,9,2.8,15.692490169074759,0.0,7,60.0,20.0
1,11,10,2.8,10.18574892986294,0.0,7,60.0,20.0
1,11,11,2.8,15.390073615101977,0.0,7,60.0,20.0
1,11,12,2.8,12.606139613788704,0.0,7,60.0,20.0
1,11,13,2.8,10.70519599188184,0.0,7,60.0,20.0
1,11,14,2.8,11.282592339063566,0.0,7,60.0,20.0
1,11,15,2.8,14.03145579531105,0.0,7,60.0,20.0
1,11,16,2.8,11.016034421720756,0.0,7,60.0,20.0
1,11,17,2.8,11.92867238920934,0.0,7,60.0,20.0
1,11,18,3.0,10.512917664152116,0.0,7,60.0,20.0
1,11,19,2.8,8.736838537546177,0.0,7,60.0,20.0
1,11,20,2.8,11.973406865080042,0.0,7,60.0,20.0
1,11,21,3.0,8.986979441917663,0.0,7,60.0,20.0
1,11,22,2.0,13.16598676347923,0.0,5,60.0,20.0
2,11,1,2.8,15.39426696605256,0.0,7,60.0,20.0
2,11,2,2.8,10.987571280666097,0.0,7,60.0,20.0
2,11,3,3.2,11.854684000310735,0.0,7,60.0,20.0
2,11,4,3.0,10.20612313832295,0.0,7,60.0,20.0
2,11,5,2.8,9.456264563821048,0.0,7,60.0,20.0
2,11,6,2.8,12.189642931655218,0.0,7,60.0,20.0
2,11,7,3.0,9.979716871060969,0.0,7,60.0,20.0
2,11,8,2.8,10.691611516942393,0.0,7,60.0,20.0
2,11,9,2.8,12.545090975666785,0.0,7,60.0,20.0
2,11,10,2.8,12.298646066942442,0.0,7,60.0,20.0
2,11,11,2.8,8.52012092846676,0.0,7,60.0,20.0
2,11,12,2.8,12.73327232266943,0.0,7,60.0,20.0
2,11,13,2.8,12.235077361728376,0.0,7,60.0,20.0
2,11,14,2.8,12.149929124171173,0.0,7,60.0,20.0
2,11,15,2.8,10.07476509489964,0.0,7,60.0,20.0
2,11,16,3.6,8.402884671180313,0.125,7,60.0,20.0
2,11,17,2.8,10.75566421889705,0.0,7,60.0,20.0
2,11,18,2.8,11.504535745170092,0.0,7,60.0,20.0
2,11,19,3.2,9.837980528447009,0.0,7,60.0,20.0
2,11,20,2.8,8.314221754799698,0.0,7,60.0,20.0
2,11,21,3.0,8.867338721411945,0.0,7,60.0,20.0
3,11,1,2.8,10.257354121710017,0.0,7,60.0,20.0
3,11,2,2.8,12.292399997080993,0.0,7,60.0,20.0
3,11,3,2.8,9.931818307742258,0.0,7,60.0,20.0
3,11,4,2.8,10.70082836739662,0.0,7,60.0,20.0
3,11,5,2.8,10.724929409216355,0.0,7,60.0,20.0
3,11,6,2.8,10.96600044754121,0.0,7,60.0,20.0
3,11,7,2.8,9.465134535661674,0.0,7,60.0,20.0
3,11,8,2.8,9.960613067328703,0.0,7,60.0,20.0
3,11,9,2.8,14.730571498126166,0.0,7,60.0,20.0
3,11,10,2.8,10.303851924548095,0.0,7,60.0,20.0
3,11,11,2.8,12.110620018135794,0.0,7,60.0,20.0
3,11,12,3.0,11.798523280546968,0.0,7,60.0,20.0
3,11,13,2.8,8.944186824910327,0.0,7,60.0,20.0
3,11,14,2.8,10.75871141793415,0.0,7,60.0,20.0
3,11,15,2.8,14.379306789215903,0.0,7,60.0,20.0
3,11,16,3.0,10.1579320871714,0.0,7,60.0,20.0
3,11,17,2.8,14.445070189752698,0.0,7,60.0,20.0
3,11,18,2.8,11.182195236719782,0.0,7,60.0,20.0
3,11,19,2.8,12.10586182041139,0.0,7,60.0,20.0
3,11,20,2.8,10.65748132198804,0.0,7,60.0,20.0
3,11,21,2.8,8.993136870759866,0.0,7,60.0,20.0
3,11,22,2.8,9.163856176331576,0.0,7,60.0,20.0
1,12,1,4.2,10.695963517888746,0.0,7,60.0,20.0
1,12,2,3.2,10.908236846346975,0.0,7,60.0,20.0
1,12,3,2.8,13.347127701928558,0.0,7,60.0,20.0
1,12,4,3.0,8.985597937343895,0.0,7,60.0,20.0
1,12,5,2.8,12.695430268443186,0.0,7,60.0,20.0
1,12,6,2.8,10.128955008220489,0.0,7,60.0,20.0
1,12,7,2.8,10.104457359584492,0.0,7,60.0,20.0
1,12,8,2.8,10.589533791038598,0.0,7,60.0,20.0
1,12,9,2.8,13.494047070628202,0.0,7,60.0,20.0
1,12,10,2.8,11.238229570055308,0.0,7,60.0,20.0
1,12,11,2.8,14.831471801118719,0.0,7,60.0,20.0
1,12,12,2.8,14.562016190361568,0.0,7,60.0,20.0
1,12,13,2.8,11.794768867512094,0.0,7,60.0,20.0
1,12,14,2.8,15.96955466925898,0.0,7,60.0,20.0
1,12,15,2.8,17.693324979927358,0.0,7,60.0,20.0
1,12,16,2.8,9.831816924946487,0.0,7,60.0,20.0
1,12,17,2.8,11.127059657609829,0.0,7,60.0,20.0
1,12,18,3.0,7.630584500328322,0.0,7,60.0,20.0
1,12,19,3.0,10.162526644244293,0.0,7,60.0,20.0
1,12,20,2.8,11.417552847796147,0.0,7,60.0,20.0
1,12,21,3.0,8.188714466968982,0.0,7,60.0,20.0
1,12,22,2.0,15.386911459181068,0.0,4,60.0,20.0
2,12,1,2.8,16.834965671599743,0.0,7,60.0,20.0
2,12,2,2.8,9.791436717987406,0.0,7,60.0,20.0
2,12,3,3.8,8.271407098353517,0.125,7,60.0,20.0
2,12,4,3.0,10.466422102653713,0.0,7,60.0,20.0
2,12,5,2.8,10.725315072705344,0.0,7,60.0,20.0
2,12,6,2.8,11.270027980186407,0.0,7,60.0,20.0
2,12,7,3.0,12.179271471553,0.0,7,60.0,20.0
2,12,8,2.8,10.929333896719566,0.0,7,60.0,20.0
2,12,9,2.8,12.422741143600465,0.0,7,60.0,20.0
2,12,10,2.8,11.432759076757796,0.0,7,60.0,20.0
2,12,11,2.8,10.092014772065362,0.0,7,60.0,20.0
2,12,12,2.8,12.687957038587482,0.0,7,60.0,20.0
2,12,13,2.8,14.646637958587643,0.0,7,60.0,20.0
2,12,14,2.8,12.542082039844168,0.0,7,60.0,20.0
2,12,15,3.0,8.194215932441095,0.0,7,60.0,20.0
2,12,16,2.8,13.827368831206964,0.0,7,60.0,20.0
2,12,17,2.8,12.491004703141343,0.0,7,60.0,20.0
2,12,18,2.8,11.168408759350559,0.0,7,60.0,20.0
2,12,19,3.2,9.75948841625919,0.0,7,60.0,20.0
2,12,20,2.8,8.180771286899972,0.0,7,60.0,20.0
2,12,21,3.0,10.35339108208834,0.0,7,60.0,20.0
3,12,1,3.0,9.501205199366014,0.0,7,60.0,20.0
3,12,2,2.8,12.924166363852416,0.0,7,60.0,20.0
3,12,3,2.8,12.113814501896387,0.0,7,60.0,20.0
3,12,4,2.8,10.392103536471623,0.0,7,60.0,20.0
3,12,5,2.8,10.093787199475845,0.0,7,60.0,20.0
3,12,6,2.8,10.111970256354457,0.0,7,60.0,20.0
3,12,7,3.0,10.329325118224856,0.0,7,60.0,20.0
3,12,8,2.8,9.865055797411754,0.0,7,60.0,20.0
3,12,9,2.8,17.70652981319022,0.0,7,60.0,20.0
3,12,10,2.8,9.788102259880477,0.0,7,60.0,20.0
3,12,11,2.8,12.82277875905099,0.0,7,60.0,20.0
3,12,12,3.6,8.160001029455259,0.125,7,60.0,20.0
3,12,13,2.8,12.817871630482218,0.0,7,60.0,20.0
3,12,14,2.8,9.106913260125328,0.0,7,60.0,20.0
3,12,15,2.8,21.034890282768334,0.0,7,60.0,20.0
3,12,16,2.8,10.84726768882094,0.0,7,60.0,20.0
3,12,17,2.8,11.545744949700731,0.0,7,60.0,20.0
3,12,18,2.8,13.152945086523266,0.0,7,60.0,20.0
3,12,19,2.8,12.677026996204784,0.0,7,60.0,20.0
3,12,20,2.8,9.19562514217009,0.0,7,60.0,20.0
3,12,21,2.8,10.705393880961728,0.0,7,60.0,20.0
3,12,22,3.0,9.486345248475992,0.0,7,60.0,20.0
1,13,1,4.0,10.447995976533853,0.0,7,60.0,20.0
1,13,2,3.0,13.497019758121182,0.0,7,60.0,20.0
1,13,3,2.8,17.44120389117312,0.0,7,60.0,20.0
1,13,4,3.0,8.612698000897371,0.0,7,60.0,20.0
1,13,5,2.8,14.884890077027437,0.0,7,60.0,20.0
1,13,6,2.8,10.95659122215175,0.0,7,60.0,20.0
1,13,7,2.8,9.75352321000179,0.0,7,60.0,20.0
1,13,8,2.8,8.55902905420511,0.0,7,60.0,20.0
1,13,9,2.8,14.273331764862935,0.0,7,60.0,20.0
1,13,10,2.8,9.548215550351355,0.0,7,60.0,20.0
1,13,11,2.8,14.487079520196835,0.0,7,60.0,20.0
1,13,12,2.8,17.89658488872185,0.0,7,60.0,20.0
1,13,13,2.8,11.77034682179477,0.0,7,60.0,20.0
1,13,14,2.8,14.389260699333711,0.0,7,60.0,20.0
1,13,15,2.8,12.04645598405476,0.0,7,60.0,20.0
1,13,16,2.8,10.347009564543129,0.0,7,60.0,20.0
1,13,17,2.8,11.566027616366977,0.0,7,60.0,20.0
1,13,18,3.0,9.966173520100645,0.0,7,60.0,20.0
1,13,19,3.0,9.183410316312644,0.0,7,60.0,20.0
1,13,20,2.8,11.740136394851719,0.0,7,60.0,20.0
1,13,21,2.8,9.593127271044493,0.0,7,60.0,20.0
1,13,22,2.2,13.979413815906119,0.0,5,60.0,20.0
2,13,1,2.8,11.643137786622685,0.0,7,60.0,20.0
2,13,2,3.0,10.44681582522268,0.0,7,60.0,20.0
2,13,3,3.0,12.378024973214309,0.0,7,60.0,20.0
2,13,4,3.0,10.291995497750275,0.0,7,60.0,20.0
2,13,5,2.8,11.309812818212448,0.0,7,60.0,20.0
2,13,6,2.8,10.11351809219013,0.0,7,60.0,20.0
2,13,7,3.0,11.392493871938985,0.0,7,60.0,20.0
2,13,8,2.8,11.346139516312899,0.0,7,60.0,20.0
2,13,9,2.8,11.615881569062607,0.0,7,60.0,20.0
2,13,10,2.8,13.922409261355863,0.0,7,60.0,20.0
2,13,11,2.8,9.634044805021311,0.0,7,60.0,20.0
2,13,12,2.8,15.432041157076553,0.0,7,60.0,20.0
2,13,13,2.8,10.456982151192857,0.0,7,60.0,20.0
2,13,14,2.8,11.619050522234971,0.0,7,60.0,20.0
2,13,15,2.8,10.10806599660684,0.0,7,60.0,20.0
2,13,16,3.0,10.778593486588807,0.0,7,60.0,20.0
2,13,17,2.8,13.344394275502461,0.0,7,60.0,20.0
2,13,18,2.8,12.331335295851433,0.0,7,60.0,20.0
2,13,19,3.0,10.161161854141083,0.0,7,60.0,20.0
2,13,20,2.8,9.760860206293541,0.0,7,60.0,20.0
2,13,21,2.8,9.00629900799125,0.0,7,60.0,20.0
2,13,22,2.5,14.876557387863702,0.0,4,60.0,20.0
3,13,1,2.8,10.088165731756877,0.0,7,60.0,20.0
3,13,2,3.0,13.30502263433457,0.0,7,60.0,20.0
3,13,3,2.8,10.943375024832966,0.0,7,60.0,20.0
3,13,4,2.8,9.968652752089874,0.0,7,60.0,20.0
3,13,5,2.8,8.96885179700173,0.0,7,60.0,20.0
3,13,6,2.8,9.514225440869792,0.0,7,60.0,20.0
3,13,7,3.0,9.910871986535328,0.0,7,60.0,20.0
3,13,8,2.8,11.368708461033478,0.0,7,60.0,20.0
3,13,9,2.8,16.60112390373372,0.0,7,60.0,20.0
3,13,10,2.8,10.770611677155651,0.0,7,60.0,20.0
3,13,11,2.8,14.563120095977279,0.0,7,60.0,20.0
3,13,12,3.6,8.225849428347704,0.125,7,60.0,20.0
3,13,13,2.8,11.322887265631426,0.0,7,60.0,20.0
3,13,14,2.8,9.012971169276724,0.0,7,60.0,20.0
3,13,15,2.8,14.96260199180551,0.0,7,60.0,20.0
3,13,16,2.8,10.529790866403978,0.0,7,60.0,20.0
3,13,17,2.8,12.165828805709406,0.0,7,60.0,20.0
3,13,18,2.8,13.80613710554238,0.0,7,60.0,20.0
3,13,19,2.8,12.677026996204539,0.0,7,60.0,20.0
3,13,20,2.8,9.407794839094162,0.0,7,60.0,20.0
3,13,21,2.8,9.448491063546458,0.0,7,60.0,20.0
3,13,22,2.8,10.267536759244845,0.0,7,60.0,20.0
1,14,1,4.0,10.411891462275483,0.0,7,60.0,20.0
1,14,2,3.2,10.144564712722612,0.0,7,60.0,20.0
1,14,3,3.0,15.549938998619027,0.0,7,60.0,20.0
1,14,4,3.0,9.20521691912139,0.0,7,60.0,20.0
1,14,5,2.8,12.749149217314404,0.0,7,60.0,20.0
1,14,6,2.8,9.520831227022741,0.0,7,60.0,20.0
1,14,7,2.8,11.008992703873801,0.0,7,60.0,20.0
1,14,8,2.8,11.498844798782526,0.0,7,60.0,20.0
1,14,9,2.8,14.193270993111078,0.0,7,60.0,20.0
1,14,10,2.8,10.279676356856832,0.0,7,60.0,20.0
1,14,11,2.8,14.235830423050531,0.0,7,60.0,20.0
1,14,12,2.8,11.373764420796496,0.0,7,60.0,20.0
1,14,13,2.8,11.841122222824467,0.0,7,60.0,20.0
1,14,14,2.8,11.277415220508061,0.0,7,60.0,20.0
1,14,15,2.8,14.535189514786092,0.0,7,60.0,20.0
1,14,16,2.8,10.284887627884899,0.0,7,60.0,20.0
1,14,17,2.8,9.837366229142836,0.0,7,60.0,20.0
1,14,18,3.6,8.661534863743904,0.125,7,60.0,20.0
1,14,19,3.0,10.12993483036164,0.0,7,60.0,20.0
1,14,20,3.0,8.590062936122358,0.0,7,60.0,20.0
1,14,21,3.2,8.980175754567803,0.0,7,60.0,20.0
2,14,1,3.0,15.9609227152472,0.0,7,60.0,20.0
2,14,2,2.8,10.626413457873813,0.0,7,60.0,20.0
2,14,3,3.6,9.473306668772532,0.125,7,60.0,20.0
2,14,4,2.8,10.360479494181597,0.0,7,60.0,20.0
2,14,5,2.8,9.941396101201313,0.0,7,60.0,20.0
2,14,6,2.8,10.743358925560443,0.0,7,60.0,20.0
2,14,7,3.0,12.710930740985159,0.0,7,60.0,20.0
2,14,8,2.8,12.866681763412794,0.0,7,60.0,20.0
2,14,9,2.8,11.689438321740134,0.0,7,60.0,20.0
2,14,10,2.8,11.29902714565416,0.0,7,60.0,20.0
2,14,11,3.0,9.067133052991613,0.0,7,60.0,20.0
2,14,12,2.8,16.708810214222776,0.0,7,60.0,20.0
2,14,13,2.8,12.647631943469007,0.0,7,60.0,20.0
2,14,14,2.8,11.792433390464328,0.0,7,60.0,20.0
2,14,15,3.6,7.862848973896776,0.125,7,60.0,20.0
2,14,16,2.8,11.364851148346656,0.0,7,60.0,20.0
2,14,17,2.8,10.942372323803,0.0,7,60.0,20.0
2,14,18,2.8,13.710031965728897,0.0,7,60.0,20.0
2,14,19,3.0,11.227581853246285,0.0,7,60.0,20.0
2,14,20,2.8,7.3734517527715635,0.0,7,60.0,20.0
2,14,21,3.0,10.768514561769791,0.0,7,60.0,20.0
3,14,1,2.8,10.071553359044335,0.0,7,60.0,20.0
3,14,2,2.8,12.073999636178543,0.0,7,60.0,20.0
3,14,3,2.8,12.091711210449818,0.0,7,60.0,20.0
3,14,4,2.8,10.91081432284565,0.0,7,60.0,20.0
3,14,5,2.8,9.017220356603579,0.0,7,60.0,20.0
3,14,6,2.8,9.242558006873592,0.0,7,60.0,20.0
3,14,7,2.8,9.690075318951905,0.0,7,60.0,20.0
3,14,8,2.8,12.583812257629148,0.0,7,60.0,20.0
3,14,9,3.0,11.037251217799348,0.0,7,60.0,20.0
3,14,10,2.8,11.99383211461798,0.0,7,60.0,20.0
3,14,11,2.8,13.440407467889454,0.0,7,60.0,20.0
3,14,12,3.0,11.665692147199648,0.0,7,60.0,20.0
3,14,13,3.0,9.982363839795466,0.0,7,60.0,20.0
3,14,14,2.8,11.321624610767518,0.0,7,60.0,20.0
3,14,15,2.8,13.6952992005278,0.0,7,60.0,20.0
3,14,16,3.0,11.817955713796042,0.0,7,60.0,20.0
3,14,17,2.8,11.841947406468062,0.0,7,60.0,20.0
3,14,18,2.8,12.743963030502169,0.0,7,60.0,20.0
3,14,19,2.8,11.968075461516547,0.0,7,60.0,20.0
3,14,20,2.8,11.848597745696823,0.0,7,60.0,20.0
3,14,21,2.8,8.611498318834583,0.0,7,60.0,20.0
3,14,22,2.8,10.774216796087481,0.0,7,60.0,20.0
1,15,1,4.0,10.148860392323982,0.0,7,60.0,20.0
1,15,2,3.2,10.818422019447413,0.0,7,60.0,20.0
1,15,3,2.8,15.530875519538117,0.0,7,60.0,20.0
1,15,4,3.0,7.956508500288255,0.0,7,60.0,20.0
1,15,5,2.8,10.709487303257164,0.0,7,60.0,20.0
1,15,6,2.8,10.978959241163016,0.0,7,60.0,20.0
1,15,7,2.8,10.419653211628606,0.0,7,60.0,20.0
1,15,8,2.8,13.229567312762493,0.0,7,60.0,20.0
1,15,9,2.8,12.848478494488582,0.0,7,60.0,20.0
1,15,10,2.8,11.755496905633784,0.0,7,60.0,20.0
1,15,11,2.8,13.58581561789429,0.0,7,60.0,20.0
1,15,12,2.8,19.755962684359396,0.0,7,60.0,20.0
1,15,13,2.8,8.941930278319521,0.0,7,60.0,20.0
1,15,14,2.8,14.310220602036924,0.0,7,60.0,20.0
1,15,15,2.8,15.922259715473169,0.0,7,60.0,20.0
1,15,16,2.8,11.412427250773668,0.0,7,60.0,20.0
1,15,17,2.8,10.38662812805066,0.0,7,60.0,20.0
1,15,18,3.0,9.368791871634752,0.0,7,60.0,20.0
1,15,19,2.8,9.569280001837726,0.0,7,60.0,20.0
1,15,20,2.8,12.546793005886297,0.0,7,60.0,20.0
1,15,21,3.0,11.315873956167902,0.0,7,60.0,20.0
1,15,22,2.0,11.376375477202668,0.0,5,60.0,20.0
2,15,1,2.8,15.472153571604577,0.0,7,60.0,20.0
2,15,2,2.8,9.606878676201656,0.0,7,60.0,20.0
2,15,3,3.8,8.807404721317223,0.125,7,60.0,20.0
2,15,4,2.8,12.498917300018778,0.0,7,60.0,20.0
2,15,5,2.8,8.784786935662051,0.0,7,60.0,20.0
2,15,6,2.8,10.414085465064076,0.0,7,60.0,20.0
2,15,7,3.0,11.343584063428004,0.0,7,60.0,20.0
2,15,8,2.8,13.491075914768684,0.0,7,60.0,20.0
2,15,9,2.8,12.709673587028748,0.0,7,60.0,20.0
2,15,10,2.8,11.86913423500568,0.0,7,60.0,20.0
2,15,11,2.8,11.178089468415532,0.0,7,60.0,20.0
2,15,12,2.8,15.405813759358573,0.0,7,60.0,20.0
2,15,13,2.8,13.258275302644531,0.0,7,60.0,20.0
2,15,14,2.8,10.709056446365384,0.0,7,60.0,20.0
2,15,15,2.8,9.207687083167476,0.0,7,60.0,20.0
2,15,16,3.6,9.383436017686657,0.125,7,60.0,20.0
2,15,17,2.8,13.210911286610093,0.0,7,60.0,20.0
2,15,18,2.8,13.330137508499083,0.0,7,60.0,20.0
2,15,19,2.8,10.598419717892414,0.0,7,60.0,20.0
2,15,20,2.8,8.779688114751618,0.0,7,60.0,20.0
2,15,21,3.0,9.132139232034165,0.0,7,60.0,20.0
3,15,1,2.8,10.522051744802859,0.0,7,60.0,20.0
3,15,2,2.8,10.25243818360528,0.0,7,60.0,20.0
3,15,3,2.8,10.867097327348388,0.0,7,60.0,20.0
3,15,4,2.8,10.852732462676569,0.0,7,60.0,20.0
3,15,5,2.8,9.333723818690395,0.0,7,60.0,20.0
3,15,6,2.8,10.23216484378116,0.0,7,60.0,20.0
3,15,7,2.8,9.378055454427656,0.0,7,60.0,20.0
3,15,8,3.0,10.160802904252407,0.0,7,60.0,20.0
3,15,9,2.8,12.425272846234702,0.0,7,60.0,20.0
3,15,10,2.8,11.121458163396344,0.0,7,60.0,20.0
3,15,11,2.8,11.098939804944244,0.0,7,60.0,20.0
3,15,12,3.6,9.097478402964029,0.125,7,60.0,20.0
3,15,13,2.8,9.541104817692856,0.0,7,60.0,20.0
3,15,14,2.8,9.15347459241096,0.0,7,60.0,20.0
3,15,15,2.8,17.762251624930755,0.0,7,60.0,20.0
3,15,16,2.8,10.562081194795647,0.0,7,60.0,20.0
3,15,17,2.8,16.281511891362815,0.0,7,60.0,20.0
3,15,18,2.8,12.121120016922196,0.0,7,60.0,20.0
3,15,19,2.8,12.129870865644921,0.0,7,60.0,20.0
3,15,20,2.8,10.103190773483101,0.0,7,60.0,20.0
3,15,21,2.8,9.35883863847019,0.0,7,60.0,20.0
3,15,22,3.0,9.603073642144594,0.0,7,60.0,20.0
1,16,1,4.0,9.119788471490153,0.0,7,60.0,20.0
1,16,2,3.2,10.703131154208204,0.0,7,60.0,20.0
1,16,3,2.8,10.87724559643868,0.0,7,60.0,20.0
1,16,4,3.0,8.06296847900288,0.0,7,60.0,20.0
1,16,5,2.8,10.43140607483844,0.0,7,60.0,20.0
1,16,6,2.8,10.630341273286955,0.0,7,60.0,20.0
1,16,7,2.8,11.029956819659187,0.0,7,60.0,20.0
1,16,8,2.8,11.804238139746905,0.0,7,60.0,20.0
1,16,9,2.8,13.695296369427542,0.0,7,60.0,20.0
1,16,10,2.8,15.916035706697699,0.0,7,60.0,20.0
1,16,11,2.8,14.193821145334047,0.0,7,60.0,20.0
1,16,12,2.8,14.415532766841148,0.0,7,60.0,20.0
1,16,13,2.8,11.54617571358312,0.0,7,60.0,20.0
1,16,14,2.8,12.95642507429213,0.0,7,60.0,20.0
1,16,15,2.8,14.196739574494902,0.0,7,60.0,20.0
1,16,16,2.8,9.927176624273713,0.0,7,60.0,20.0
1,16,17,2.8,14.139905877786966,0.0,7,60.0,20.0
1,16,18,3.0,10.368211845608135,0.0,7,60.0,20.0
1,16,19,3.0,10.159705543101683,0.0,7,60.0,20.0
1,16,20,2.8,11.282168163965997,0.0,7,60.0,20.0
1,16,21,3.2,9.232751750038659,0.0,7,60.0,20.0
1,16,22,2.0,18.239501753863493,0.0,4,60.0,20.0
2,16,1,2.8,12.977171622557156,0.0,7,60.0,20.0
2,16,2,2.8,12.59393760705977,0.0,7,60.0,20.0
2,16,3,3.8,7.5281897890605425,0.125,7,60.0,20.0
2,16,4,2.8,9.90734821001417,0.0,7,60.0,20.0
2,16,5,2.8,9.180368079224102,0.0,7,60.0,20.0
2,16,6,2.8,8.809136413612148,0.0,7,60.0,20.0
2,16,7,3.0,11.872041408040928,0.0,7,60.0,20.0
2,16,8,2.8,12.498571460604564,0.0,7,60.0,20.0
2,16,9,2.8,12.789404913447385,0.0,7,60.0,20.0
2,16,10,2.8,10.994360245262053,0.0,7,60.0,20.0
2,16,11,2.8,10.542263324846623,0.0,7,60.0,20.0
2,16,12,2.8,12.183493050757031,0.0,7,60.0,20.0
2,16,13,2.8,12.176089753846906,0.0,7,60.0,20.0
2,16,14,2.8,10.542915212679075,0.0,7,60.0,20.0
2,16,15,2.8,9.508291483244394,0.0,7,60.0,20.0
2,16,16,3.0,9.937254889167503,0.0,7,60.0,20.0
2,16,17,2.8,11.33752004659644,0.0,7,60.0,20.0
2,16,18,2.8,11.726002927519918,0.0,7,60.0,20.0
2,16,19,3.2,8.911575319145093,0.0,7,60.0,20.0
2,16,20,2.8,9.102176790553985,0.0,7,60.0,20.0
2,16,21,3.0,9.265391840618474,0.0,7,60.0,20.0
3,16,1,2.8,12.009652424626749,0.0,7,60.0,20.0
3,16,2,2.8,11.463006326647236,0.0,7,60.0,20.0
3,16,3,2.8,11.124043763105735,0.0,7,60.0,20.0
3,16,4,2.8,9.653643528607097,0.0,7,60.0,20.0
3,16,5,2.8,9.688577407027632,0.0,7,60.0,20.0
3,16,6,2.8,8.439119114171255,0.0,7,60.0,20.0
3,16,7,2.8,10.023572353931232,0.0,7,60.0,20.0
3,16,8,3.0,10.491981408585572,0.0,7,60.0,20.0
3,16,9,2.8,16.745824350559168,0.0,7,60.0,20.0
3,16,10,2.8,10.922839396847708,0.0,7,60.0,20.0
3,16,11,2.8,10.999139194339667,0.0,7,60.0,20.0
3,16,12,3.6,9.057062466045434,0.125,7,60.0,20.0
3,16,13,2.8,9.928306143783042,0.0,7,60.0,20.0
3,16,14,2.8,10.293468233085878,0.0,7,60.0,20.0
3,16,15,2.8,20.22977555323271,0.0,7,60.0,20.0
3,16,16,2.8,10.766605049347897,0.0,7,60.0,20.0
3,16,17,2.8,12.940117832810156,0.0,7,60.0,20.0
3,16,18,2.8,11.548920920509904,0.0,7,60.0,20.0
3,16,19,2.8,12.275949098603553,0.0,7,60.0,20.0
3,16,20,2.8,10.004037260758201,0.0,7,60.0,20.0
3,16,21,2.8,9.330284448853043,0.0,7,60.0,20.0
3,16,22,3.0,10.044671575318132,0.0,7,60.0,20.0
1,17,1,4.0,10.047331848510522,0.0,7,60.0,20.0
1,17,2,3.0,11.0676745996275,0.0,7,60.0,20.0
1,17,3,2.8,13.587274413062081,0.0,7,60.0,20.0
1,17,4,3.0,6.834805008617663,0.0,7,60.0,20.0
1,17,5,2.8,13.794526606700975,0.0,7,60.0,20.0
1,17,6,2.8,11.18019881823676,0.0,7,60.0,20.0
1,17,7,2.8,9.44768905119323,0.0,7,60.0,20.0
1,17,8,2.8,11.768319892754326,0.0,7,60.0,20.0
1,17,9,2.8,14.69089647403211,0.0,7,60.0,20.0
1,17,10,2.8,10.875037282348323,0.0,7,60.0,20.0
1,17,11,2.8,12.877262158807223,0.0,7,60.0,20.0
1,17,12,2.8,12.694021651196685,0.0,7,60.0,20.0
1,17,13,2.8,9.81490682284269,0.0,7,60.0,20.0
1,17,14,2.8,14.923797958987478,0.0,7,60.0,20.0
1,17,15,2.8,11.133900318918183,0.0,7,60.0,20.0
1,17,16,2.8,12.46610024772395,0.0,7,60.0,20.0
1,17,17,2.8,13.695174922845139,0.0,7,60.0,20.0
1,17,18,3.2,9.101276042663468,0.0,7,60.0,20.0
1,17,19,3.0,11.198085960965061,0.0,7,60.0,20.0
1,17,20,3.0,10.781847780798826,0.0,7,60.0,20.0
1,17,21,3.0,12.427509772028548,0.0,7,60.0,20.0
1,17,22,2.0,16.956415338218907,0.0,4,60.0,20.0
2,17,1,2.8,16.082415540366764,0.0,7,60.0,20.0
2,17,2,2.8,9.760186178499252,0.0,7,60.0,20.0
2,17,3,4.0,8.56069596222664,0.125,7,60.0,20.0
2,17,4,2.8,10.520661215261706,0.0,7,60.0,20.0
2,17,5,2.8,11.384103295598905,0.0,7,60.0,20.0
2,17,6,2.8,11.08617435056492,0.0,7,60.0,20.0
2,17,7,3.6,8.780813320207535,0.125,7,60.0,20.0
2,17,8,2.8,13.014330831242747,0.0,7,60.0,20.0
2,17,9,2.8,14.02407070697904,0.0,7,60.0,20.0
2,17,10,2.8,11.25914431552551,0.0,7,60.0,20.0
2,17,11,2.8,11.546316133691585,0.0,7,60.0,20.0
2,17,12,2.8,14.83457789955414,0.0,7,60.0,20.0
2,17,13,2.8,8.257659219234817,0.0,7,60.0,20.0
2,17,14,2.8,11.387222905337739,0.0,7,60.0,20.0
2,17,15,3.6,8.127993155221802,0.125,7,60.0,20.0
2,17,16,2.8,12.197340424999728,0.0,7,60.0,20.0
2,17,17,2.8,10.098811504664274,0.0,7,60.0,20.0
2,17,18,2.8,14.64323562197829,0.0,7,60.0,20.0
2,17,19,2.8,9.25993928988185,0.0,7,60.0,20.0
2,17,20,2.8,8.120992506512867,0.0,7,60.0,20.0
2,17,21,3.0,11.014516677432464,0.0,7,60.0,20.0
3,17,1,2.8,9.291249497123253,0.0,7,60.0,20.0
3,17,2,2.8,12.026515997959992,0.0,7,60.0,20.0
3,17,3,2.8,11.926656652002624,0.0,7,60.0,20.0
3,17,4,2.8,9.608147324219212,0.0,7,60.0,20.0
3,17,5,2.8,11.404896189753863,0.0,7,60.0,20.0
3,17,6,2.8,10.604736404313297,0.0,7,60.0,20.0
3,17,7,2.8,9.783073989723837,0.0,7,60.0,20.0
3,17,8,3.0,11.740705196819123,0.0,7,60.0,20.0
3,17,9,2.8,12.081649085014222,0.0,7,60.0,20.0
3,17,10,2.8,10.942381459377948,0.0,7,60.0,20.0
3,17,11,2.8,11.760536494966656,0.0,7,60.0,20.0
3,17,12,3.6,9.30509208349033,0.125,7,60.0,20.0
3,17,13,2.8,10.193047751412767,0.0,7,60.0,20.0
3,17,14,2.8,9.568775963309692,0.0,7,60.0,20.0
3,17,15,2.8,12.894170727770625,0.0,7,60.0,20.0
3,17,16,2.8,12.74021438284229,0.0,7,60.0,20.0
3,17,17,2.8,16.772659864134436,0.0,7,60.0,20.0
3,17,18,3.0,9.896365121432947,0.0,7,60.0,20.0
3,17,19,2.8,12.100180701675455,0.0,7,60.0,20.0
3,17,20,2.8,9.059416555024132,0.0,7,60.0,20.0
3,17,21,2.8,11.489725863857853,0.0,7,60.0,20.0
3,17,22,2.8,10.165147546564118,0.0,7,60.0,20.0
1,18,1,4.0,9.931419687290674,0.0,7,60.0,20.0
1,18,2,3.0,13.466856863995122,0.0,7,60.0,20.0
1,18,3,2.8,15.121576254177432,0.0,7,60.0,20.0
1,18,4,3.2,7.372071277397424,0.0,7,60.0,20.0
1,18,5,2.8,10.395415929530802,0.0,7,60.0,20.0
1,18,6,2.8,9.8808303166147,0.0,7,60.0,20.0
1,18,7,2.8,10.207847548283677,0.0,7,60.0,20.0
1,18,8,2.8,10.205010499808667,0.0,7,60.0,20.0
1,18,9,2.8,13.757830955774775,0.0,7,60.0,20.0
1,18,10,2.8,12.383598787174463,0.0,7,60.0,20.0
1,18,11,2.8,17.489413093354607,0.0,7,60.0,20.0
1,18,12,2.8,16.553964321200777,0.0,7,60.0,20.0
1,18,13,2.8,9.329562128112862,0.0,7,60.0,20.0
1,18,14,2.8,13.183183989187876,0.0,7,60.0,20.0
1,18,15,3.0,15.37448992474146,0.0,7,60.0,20.0
1,18,16,2.8,12.582774371291995,0.0,7,60.0,20.0
1,18,17,2.8,11.315099635029965,0.0,7,60.0,20.0
1,18,18,3.0,8.800713895975923,0.0,7,60.0,20.0
1,18,19,3.0,10.462480296041084,0.0,7,60.0,20.0
1,18,20,2.8,10.745676119372996,0.0,7,60.0,20.0
1,18,21,3.2,10.00980202482219,0.0,7,60.0,20.0
2,18,1,2.8,12.76056931152889,0.0,7,60.0,20.0
2,18,2,2.8,12.024458367532521,0.0,7,60.0,20.0
2,18,3,3.8,8.596947349794831,0.125,7,60.0,20.0
2,18,4,3.0,9.702640786533326,0.0,7,60.0,20.0
2,18,5,2.8,12.399609324881075,0.0,7,60.0,20.0
2,18,6,2.8,9.65161492554285,0.0,7,60.0,20.0
2,18,7,3.0,13.290867341405255,0.0,7,60.0,20.0
2,18,8,2.8,11.548434254555659,0.0,7,60.0,20.0
2,18,9,2.8,13.703052471943518,0.0,7,60.0,20.0
2,18,10,2.8,12.55968120030958,0.0,7,60.0,20.0
2,18,11,2.8,9.073885160555243,0.0,7,60.0,20.0
2,18,12,2.8,14.288615227103701,0.0,7,60.0,20.0
2,18,13,2.8,12.647631943468946,0.0,7,60.0,20.0
2,18,14,2.8,10.319993497919805,0.0,7,60.0,20.0
2,18,15,3.0,8.782545705861601,0.0,7,60.0,20.0
2,18,16,2.8,13.031881213061357,0.0,7,60.0,20.0
2,18,17,2.8,10.851076230943917,0.0,7,60.0,20.0
2,18,18,2.8,11.007604661817934,0.0,7,60.0,20.0
2,18,19,3.0,11.102888221178622,0.0,7,60.0,20.0
2,18,20,2.8,9.678316879225974,0.0,7,60.0,20.0
2,18,21,3.0,8.83699959210508,0.0,7,60.0,20.0
3,18,1,2.8,9.391114262726736,0.0,7,60.0,20.0
3,18,2,2.8,10.427229188325478,0.0,7,60.0,20.0
3,18,3,2.8,13.969768760117487,0.0,7,60.0,20.0
3,18,4,2.8,9.730435628967205,0.0,7,60.0,20.0
3,18,5,2.8,10.819794507125863,0.0,7,60.0,20.0
3,18,6,2.8,8.880228991356596,0.0,7,60.0,20.0
3,18,7,2.8,9.45050922830115,0.0,7,60.0,20.0
3,18,8,2.8,11.079312939766687,0.0,7,60.0,20.0
3,18,9,2.8,12.952421401890156,0.0,7,60.0,20.0
3,18,10,2.8,11.59286500042645,0.0,7,60.0,20.0
3,18,11,2.8,12.182991015298214,0.0,7,60.0,20.0
3,18,12,3.0,10.992702046640092,0.0,7,60.0,20.0
3,18,13,2.8,9.574245406210755,0.0,7,60.0,20.0
3,18,14,3.0,9.380245676100076,0.0,7,60.0,20.0
3,18,15,2.8,11.37539479758665,0.0,7,60.0,20.0
3,18,16,3.0,10.155726011705545,0.0,7,60.0,20.0
3,18,17,2.8,11.725196933319099,0.0,7,60.0,20.0
3,18,18,3.0,12.056029564652166,0.0,7,60.0,20.0
3,18,19,2.8,11.829191014507478,0.0,7,60.0,20.0
3,18,20,2.8,10.95707224277377,0.0,7,60.0,20.0
3,18,21,2.8,9.291805702572132,0.0,7,60.0,20.0
3,18,22,2.8,12.541699098604433,0.0,7,60.0,20.0
1,19,1,4.0,10.165981642824322,0.0,7,60.0,20.0
1,19,2,3.0,11.02716860743788,0.0,7,60.0,20.0
1,19,3,2.8,13.617979753205645,0.0,7,60.0,20.0
1,19,4,3.0,7.911621674665611,0.0,7,60.0,20.0
1,19,5,2.8,13.133123265602828,0.0,7,60.0,20.0
1,19,6,2.8,11.633457912225007,0.0,7,60.0,20.0
1,19,7,2.8,9.359643979227846,0.0,7,60.0,20.0
1,19,8,2.8,10.406657588231127,0.0,7,60.0,20.0
1,19,9,2.8,13.689671955651809,0.0,7,60.0,20.0
1,19,10,2.8,10.351943496730026,0.0,7,60.0,20.0
1,19,11,2.8,13.982840568927768,0.0,7,60.0,20.0
1,19,12,2.8,17.280724544626462,0.0,7,60.0,20.0
1,19,13,2.8,10.46245528201689,0.0,7,60.0,20.0
1,19,14,2.8,17.999615433117928,0.0,7,60.0,20.0
1,19,15,2.8,10.756299692828543,0.0,7,60.0,20.0
1,19,16,3.0,8.438180664072261,0.0,7,60.0,20.0
1,19,17,2.8,11.25998946638644,0.0,7,60.0,20.0
1,19,18,3.0,8.768929360595497,0.0,7,60.0,20.0
1,19,19,2.8,10.115429300686282,0.0,7,60.0,20.0
1,19,20,2.8,12.391984884494907,0.0,7,60.0,20.0
1,19,21,3.0,8.398308863213508,0.0,7,60.0,20.0
1,19,22,2.0,15.99703136316644,0.0,5,60.0,20.0
2,19,1,2.8,13.060305423301765,0.0,7,60.0,20.0
2,19,2,2.8,10.081964101754046,0.0,7,60.0,20.0
2,19,3,3.2,10.61966140763451,0.0,7,60.0,20.0
2,19,4,3.2,8.345629807655524,0.0,7,60.0,20.0
2,19,5,3.0,9.568380828353188,0.0,7,60.0,20.0
2,19,6,2.8,9.405177222130279,0.0,7,60.0,20.0
2,19,7,3.2,9.561996280302784,0.0,7,60.0,20.0
2,19,8,2.8,9.791968388995645,0.0,7,60.0,20.0
2,19,9,2.8,12.976229179565165,0.0,7,60.0,20.0
2,19,10,2.8,11.562439607538881,0.0,7,60.0,20.0
2,19,11,2.8,9.993079428273022,0.0,7,60.0,20.0
2,19,12,2.8,12.82094265215627,0.0,7,60.0,20.0
2,19,13,2.8,11.251593143151657,0.0,7,60.0,20.0
2,19,14,2.8,10.680423464475046,0.0,7,60.0,20.0
2,19,15,3.0,8.807841183797263,0.0,7,60.0,20.0
2,19,16,2.8,13.031881213061295,0.0,7,60.0,20.0
2,19,17,2.8,11.482612377361734,0.0,7,60.0,20.0
2,19,18,2.8,11.31301623704249,0.0,7,60.0,20.0
2,19,19,3.2,10.908306669672198,0.0,7,60.0,20.0
2,19,20,2.8,8.115639759550817,0.0,7,60.0,20.0
2,19,21,3.0,9.187008559440347,0.0,7,60.0,20.0
3,19,1,3.0,9.20104162530125,0.0,7,60.0,20.0
3,19,2,3.0,12.072204810780923,0.0,7,60.0,20.0
3,19,3,2.8,13.090009109322814,0.0,7,60.0,20.0
3,19,4,2.8,8.84720507539079,0.0,7,60.0,20.0
3,19,5,2.8,8.909232261350137,0.0,7,60.0,20.0
3,19,6,2.8,8.605315951942249,0.0,7,60.0,20.0
3,19,7,2.8,12.32750370449031,0.0,7,60.0,20.0
3,19,8,2.8,11.739678869478153,0.0,7,60.0,20.0
3,19,9,2.8,15.827813385628966,0.0,7,60.0,20.0
3,19,10,2.8,13.100744769032724,0.0,7,60.0,20.0
3,19,11,2.8,11.51870389718807,0.0,7,60.0,20.0
3,19,12,3.6,7.896614148227053,0.125,7,60.0,20.0
3,19,13,2.8,11.988734792771167,0.0,7,60.0,20.0
3,19,14,2.8,10.268992156939712,0.0,7,60.0,20.0
3,19,15,2.8,12.189327703178625,0.0,7,60.0,20.0
3,19,16,3.0,9.525340882344754,0.0,7,60.0,20.0
3,19,17,2.8,11.42879501726424,0.0,7,60.0,20.0
3,19,18,3.0,9.279694671727626,0.0,7,60.0,20.0
3,19,19,2.8,12.698663070701993,0.0,7,60.0,20.0
3,19,20,2.8,8.54165258463755,0.0,7,60.0,20.0
3,19,21,2.8,8.966597457731396,0.0,7,60.0,20.0
3,19,22,2.6,11.920350770219542,0.0,6,60.0,20.0
1,20,1,3.8,8.921095456460172,0.0,7,60.0,20.0
1,20,2,3.2,12.93821236017149,0.0,7,60.0,20.0
1,20,3,2.8,12.360949022049489,0.0,7,60.0,20.0
1,20,4,3.0,7.387845254041049,0.0,7,60.0,20.0
1,20,5,2.8,14.285037114373317,0.0,7,60.0,20.0
1,20,6,2.8,10.093999149522766,0.0,7,60.0,20.0
1,20,7,2.8,8.735514719892674,0.0,7,60.0,20.0
1,20,8,2.8,12.684903848055173,0.0,7,60.0,20.0
1,20,9,2.8,18.195193899407926,0.0,7,60.0,20.0
1,20,10,2.8,10.663354197092811,0.0,7,60.0,20.0
1,20,11,2.8,15.859688652200003,0.0,7,60.0,20.0
1,20,12,2.8,16.167974340853714,0.0,7,60.0,20.0
1,20,13,2.8,9.863100467882347,0.0,7,60.0,20.0
1,20,14,2.8,13.548136232614556,0.0,7,60.0,20.0
1,20,15,2.8,11.927239006710433,0.0,7,60.0,20.0
1,20,16,2.8,11.783551413369555,0.0,7,60.0,20.0
1,20,17,2.8,12.632890255574674,0.0,7,60.0,20.0
1,20,18,3.6,7.447997367585077,0.125,7,60.0,20.0
1,20,19,2.8,10.331339297374674,0.0,7,60.0,20.0
1,20,20,2.8,11.593279734351619,0.0,7,60.0,20.0
1,20,21,3.0,9.329743883908753,0.0,7,60.0,20.0
1,20,22,2.0,16.052996712422903,0.0,4,60.0,20.0
2,20,1,3.0,12.301296483369399,0.0,7,60.0,20.0
2,20,2,2.8,10.663467719526597,0.0,7,60.0,20.0
2,20,3,3.0,10.041061947138386,0.0,7,60.0,20.0
2,20,4,2.8,11.428712300316285,0.0,7,60.0,20.0
2,20,5,2.8,10.926753098965508,0.0,7,60.0,20.0
2,20,6,2.8,9.00439519127739,0.0,7,60.0,20.0
2,20,7,3.0,11.90430628761241,0.0,7,60.0,20.0
2,20,8,3.0,10.01349862255481,0.0,7,60.0,20.0
2,20,9,2.8,11.35704725299553,0.0,7,60.0,20.0
2,20,10,2.8,12.551028794397878,0.0,7,60.0,20.0
2,20,11,2.8,8.956828859635326,0.0,7,60.0,20.0
2,20,12,2.8,16.650381300872617,0.0,7,60.0,20.0
2,20,13,2.8,11.787065992086971,0.0,7,60.0,20.0
2,20,14,2.8,11.488104214533383,0.0,7,60.0,20.0
2,20,15,2.8,8.875866277512753,0.0,7,60.0,20.0
2,20,16,3.0,12.12476003520111,0.0,7,60.0,20.0
2,20,17,2.8,12.297943141361735,0.0,7,60.0,20.0
2,20,18,2.8,11.263948960991822,0.0,7,60.0,20.0
2,20,19,3.0,10.807554337642909,0.0,7,60.0,20.0
2,20,20,2.8,8.882011507781108,0.0,7,60.0,20.0
2,20,21,2.8,8.32019363249652,0.0,7,60.0,20.0
2,20,22,2.5,11.850087827947249,0.0,4,60.0,20.0
3,20,1,2.8,10.138333297399312,0.0,7,60.0,20.0
3,20,2,2.8,13.978006386262097,0.0,7,60.0,20.0
3,20,3,2.8,11.880322635662122,0.0,7,60.0,20.0
3,20,4,2.8,9.840020174990281,0.0,7,60.0,20.0
3,20,5,2.8,9.612441986742052,0.0,7,60.0,20.0
3,20,6,2.8,10.030789229071313,0.0,7,60.0,20.0
3,20,7,2.8,10.258956247795712,0.0,7,60.0,20.0
3,20,8,2.8,11.806481756612632,0.0,7,60.0,20.0
3,20,9,2.8,11.871377031712518,0.0,7,60.0,20.0
3,20,10,2.8,14.10620908450568,0.0,7,60.0,20.0
3,20,11,2.8,9.601129144712338,0.0,7,60.0,20.0
3,20,12,3.0,11.936684326686947,0.0,7,60.0,20.0
3,20,13,2.8,9.297706037469181,0.0,7,60.0,20.0
3,20,14,2.8,12.171846436248398,0.0,7,60.0,20.0
3,20,15,2.8,11.686669843506449,0.0,7,60.0,20.0
3,20,16,3.0,9.046140568594259,0.0,7,60.0,20.0
3,20,17,2.8,17.064805086396603,0.0,7,60.0,20.0
3,20,18,2.8,10.473677094761827,0.0,7,60.0,20.0
3,20,19,2.8,10.59582972132787,0.0,7,60.0,20.0
3,20,20,2.8,11.266052002946783,0.0,7,60.0,20.0
3,20,21,2.8,10.382358795473065,0.0,7,60.0,20.0
3,20,22,2.8,10.102311755544495,0.0,7,60.0,20.0
1,21,1,4.0,9.331625665487458,0.0,7,60.0,20.0
1,21,2,3.0,12.016702615006926,0.0,7,60.0,20.0
1,21,3,2.8,15.795398677352301,0.0,7,60.0,20.0
1,21,4,3.0,8.059765945013371,0.0,7,60.0,20.0
1,21,5,2.8,14.811717235243075,0.0,7,60.0,20.0
1,21,6,2.8,10.265960857397351,0.0,7,60.0,20.0
1,21,7,2.8,10.09670919703432,0.0,7,60.0,20.0
1,21,8,2.8,12.792618679840643,0.0,7,60.0,20.0
1,21,9,2.8,14.375481654538751,0.0,7,60.0,20.0
1,21,10,2.8,12.710039155392641,0.0,7,60.0,20.0
1,21,11,2.8,14.015361921890552,0.0,7,60.0,20.0
1,21,12,2.8,18.672976124531633,0.0,7,60.0,20.0
1,21,13,2.8,9.034972938670263,0.0,7,60.0,20.0
1,21,14,2.8,13.827936630021716,0.0,7,60.0,20.0
1,21,15,2.8,13.688287331356857,0.0,7,60.0,20.0
1,21,16,2.8,10.695954484049533,0.0,7,60.0,20.0
1,21,17,2.8,15.216818754873499,0.0,7,60.0,20.0
1,21,18,3.6,8.333829566217776,0.125,7,60.0,20.0
1,21,19,2.8,12.599463662783153,0.0,7,60.0,20.0
1,21,20,2.8,9.931054684311803,0.0,7,60.0,20.0
1,21,21,3.0,9.402530809066542,0.0,7,60.0,20.0
1,21,22,2.0,16.721160081318793,0.0,4,60.0,20.0
2,21,1,2.8,15.053266268879732,0.0,7,60.0,20.0
2,21,2,2.8,11.635569865740948,0.0,7,60.0,20.0
2,21,3,3.2,11.808906438339152,0.0,7,60.0,20.0
2,21,4,3.2,10.095050861495082,0.0,7,60.0,20.0
2,21,5,2.8,10.927218203853664,0.0,7,60.0,20.0
2,21,6,2.8,9.715687174632334,0.0,7,60.0,20.0
2,21,7,3.0,11.654511195425016,0.0,7,60.0,20.0
2,21,8,2.8,10.124731495453723,0.0,7,60.0,20.0
2,21,9,2.8,10.179813324212068,0.0,7,60.0,20.0
2,21,10,2.8,11.000751944867059,0.0,7,60.0,20.0
2,21,11,2.8,10.415644663974474,0.0,7,60.0,20.0
2,21,12,2.8,11.742734927976047,0.0,7,60.0,20.0
2,21,13,2.8,12.860034924457532,0.0,7,60.0,20.0
2,21,14,2.8,10.253755802009081,0.0,7,60.0,20.0
2,21,15,2.8,10.431043109625957,0.0,7,60.0,20.0
2,21,16,3.0,10.123911071215248,0.0,7,60.0,20.0
2,21,17,2.8,13.246835820425984,0.0,7,60.0,20.0
2,21,18,2.8,12.611968815710288,0.0,7,60.0,20.0
2,21,19,2.8,12.565502918748763,0.0,7,60.0,20.0
2,21,20,3.0,8.450138155419108,0.0,7,60.0,20.0
2,21,21,3.0,7.998061960109438,0.0,7,60.0,20.0
2,21,22,2.0,18.88420653567184,0.0,4,60.0,20.0
3,21,1,2.8,9.263105632406102,0.0,7,60.0,20.0
3,21,2,2.8,12.218727242403855,0.0,7,60.0,20.0
3,21,3,2.8,11.164656386678008,0.0,7,60.0,20.0
3,21,4,2.8,9.871784868326555,0.0,7,60.0,20.0
3,21,5,2.8,10.414470895266106,0.0,7,60.0,20.0
3,21,6,2.8,9.853034648833056,0.0,7,60.0,20.0
3,21,7,2.8,9.613916447393125,0.0,7,60.0,20.0
3,21,8,2.8,11.716016159574203,0.0,7,60.0,20.0
3,21,9,2.8,13.555260088844516,0.0,7,60.0,20.0
3,21,10,2.8,12.267169639359068,0.0,7,60.0,20.0
3,21,11,2.8,10.599474739595358,0.0,7,60.0,20.0
3,21,12,3.0,10.430301696973425,0.0,7,60.0,20.0
3,21,13,3.0,9.477697968930057,0.0,7,60.0,20.0
3,21,14,2.8,10.99005437255474,0.0,7,60.0,20.0
3,21,15,2.8,13.10609175939553,0.0,7,60.0,20.0
3,21,16,3.0,10.362200895101099,0.0,7,60.0,20.0
3,21,17,2.8,15.53804488700033,0.0,7,60.0,20.0
3,21,18,2.8,12.4258509182821,0.0,7,60.0,20.0
3,21,19,2.8,12.939002231208244,0.0,7,60.0,20.0
3,21,20,2.8,10.92900274382901,0.0,7,60.0,20.0
3,21,21,2.8,8.704856742857572,0.0,7,60.0,20.0
3,21,22,3.0,9.390746933147092,0.0,7,60.0,20.0
1,22,1,4.0,9.645286742077106,0.0,7,60.0,20.0
1,22,2,3.2,11.632912210736098,0.0,7,60.0,20.0
1,22,3,3.0,12.087655509110416,0.0,7,60.0,20.0
1,22,4,2.8,9.690538385000808,0.0,7,60.0,20.0
1,22,5,3.0,10.275495602294324,0.0,7,60.0,20.0
1,22,6,2.8,10.536287420596295,0.0,7,60.0,20.0
1,22,7,2.8,11.151603307407894,0.0,7,60.0,20.0
1,22,8,2.8,11.09653189624486,0.0,7,60.0,20.0
1,22,9,2.8,15.508242891719885,0.0,7,60.0,20.0
1,22,10,2.8,14.238929468942285,0.0,7,60.0,20.0
1,22,11,2.8,13.875263719507199,0.0,7,60.0,20.0
1,22,12,2.8,11.12186227361391,0.0,7,60.0,20.0
1,22,13,2.8,10.610944646535176,0.0,7,60.0,20.0
1,22,14,2.8,10.190379837136707,0.0,7,60.0,20.0
1,22,15,2.8,13.866262120443086,0.0,7,60.0,20.0
1,22,16,2.8,9.46133557286074,0.0,7,60.0,20.0
1,22,17,2.8,10.807755343694124,0.0,7,60.0,20.0
1,22,18,3.6,7.931876357918227,0.125,7,60.0,20.0
1,22,19,3.0,11.059502776290069,0.0,7,60.0,20.0
1,22,20,3.0,9.838228312292935,0.0,7,60.0,20.0
1,22,21,3.0,10.085262789792223,0.0,7,60.0,20.0
2,22,1,3.0,13.377538887508056,0.0,7,60.0,20.0
2,22,2,2.8,11.149443537913344,0.0,7,60.0,20.0
2,22,3,3.6,8.522831067135419,0.125,7,60.0,20.0
2,22,4,2.8,12.86704827457399,0.0,7,60.0,20.0
2,22,5,2.8,10.897948799179684,0.0,7,60.0,20.0
2,22,6,2.8,10.705748338603524,0.0,7,60.0,20.0
2,22,7,3.0,12.351553981125711,0.0,7,60.0,20.0
2,22,8,2.8,11.360958738525264,0.0,7,60.0,20.0
2,22,9,2.8,11.115821382877078,0.0,7,60.0,20.0
2,22,10,2.8,11.053972092744168,0.0,7,60.0,20.0
2,22,11,2.8,12.376984920544993,0.0,7,60.0,20.0
2,22,12,2.8,13.62162823955903,0.0,7,60.0,20.0
2,22,13,2.8,12.474093048860887,0.0,7,60.0,20.0
2,22,14,2.8,10.634573937995484,0.0,7,60.0,20.0
2,22,15,2.8,10.309675121371559,0.0,7,60.0,20.0
2,22,16,3.0,10.777799497971507,0.0,7,60.0,20.0
2,22,17,2.8,11.46503695570634,0.0,7,60.0,20.0
2,22,18,2.8,12.806316699166636,0.0,7,60.0,20.0
2,22,19,3.2,8.72097063675142,0.0,7,60.0,20.0
2,22,20,2.8,8.310620688380773,0.0,7,60.0,20.0
2,22,21,3.0,9.127124137627646,0.0,7,60.0,20.0
3,22,1,2.8,9.463770740431892,0.0,7,60.0,20.0
3,22,2,2.8,11.028922204923658,0.0,7,60.0,20.0
3,22,3,2.8,11.743455745066173,0.0,7,60.0,20.0
3,22,4,2.8,9.548148627671624,0.0,7,60.0,20.0
3,22,5,2.8,9.892292551981495,0.0,7,60.0,20.0
3,22,6,2.8,10.531692990955879,0.0,7,60.0,20.0
3,22,7,2.8,10.38084309527288,0.0,7,60.0,20.0
3,22,8,2.8,11.649071562809501,0.0,7,60.0,20.0
3,22,9,2.8,14.659955153382638,0.0,7,60.0,20.0
3,22,10,2.8,11.210386634864959,0.0,7,60.0,20.0
3,22,11,2.8,10.562863115753903,0.0,7,60.0,20.0
3,22,12,3.6,8.818527845967667,0.125,7,60.0,20.0
3,22,13,2.8,9.235791562480523,0.0,7,60.0,20.0
3,22,14,2.8,9.7142499510124,0.0,7,60.0,20.0
3,22,15,2.8,15.541106175505051,0.0,7,60.0,20.0
3,22,16,3.0,10.431763046760206,0.0,7,60.0,20.0
3,22,17,2.8,14.202131476919584,0.0,7,60.0,20.0
3,22,18,3.0,9.832724767819654,0.0,7,60.0,20.0
3,22,19,2.8,10.854639099397065,0.0,7,60.0,20.0
3,22,20,2.8,9.480710654133443,0.0,7,60.0,20.0
3,22,21,2.8,9.657359045364533,0.0,7,60.0,20.0
3,22,22,3.0,9.298848199481679,0.0,7,60.0,20.0
1,23,1,4.2,10.491128739456789,0.0,7,60.0,20.0
1,23,2,3.2,11.512595411337628,0.0,7,60.0,20.0
1,23,3,2.8,13.742837178545827,0.0,7,60.0,20.0
1,23,4,3.2,8.607236197731178,0.0,7,60.0,20.0
1,23,5,2.8,10.86158699284831,0.0,7,60.0,20.0
1,23,6,2.8,11.02826062690778,0.0,7,60.0,20.0
1,23,7,2.8,12.2413399552293,0.0,7,60.0,20.0
1,23,8,2.8,11.731512842102068,0.0,7,60.0,20.0
1,23,9,2.8,13.996921662464356,0.0,7,60.0,20.0
1,23,10,2.8,12.123162290647496,0.0,7,60.0,20.0
1,23,11,2.8,14.522411022877971,0.0,7,60.0,20.0
1,23,12,2.8,13.666488598906469,0.0,7,60.0,20.0
1,23,13,2.8,12.215637677596545,0.0,7,60.0,20.0
1,23,14,2.8,13.0512013721007,0.0,7,60.0,20.0
1,23,15,2.8,15.586014212272069,0.0,7,60.0,20.0
1,23,16,2.8,11.423636521419427,0.0,7,60.0,20.0
1,23,17,2.8,10.094751664385589,0.0,7,60.0,20.0
1,23,18,3.0,9.888084350102131,0.0,7,60.0,20.0
1,23,19,2.8,9.112719791011322,0.0,7,60.0,20.0
1,23,20,2.8,11.48282257862884,0.0,7,60.0,20.0
1,23,21,3.0,9.090481507020716,0.0,7,60.0,20.0
1,23,22,2.0,15.436180055066481,0.0,4,60.0,20.0
2,23,1,2.8,13.922470945291485,0.0,7,60.0,20.0
2,23,2,2.8,9.902407399003685,0.0,7,60.0,20.0
2,23,3,4.0,7.537349980432752,0.125,7,60.0,20.0
2,23,4,3.0,9.223587210618266,0.0,7,60.0,20.0
2,23,5,2.8,10.269938137258555,0.0,7,60.0,20.0
2,23,6,2.8,9.473139273897859,0.0,7,60.0,20.0
2,23,7,3.0,11.846131296598518,0.0,7,60.0,20.0
2,23,8,2.8,11.94920551132283,0.0,7,60.0,20.0
2,23,9,2.8,12.045871090282656,0.0,7,60.0,20.0
2,23,10,2.8,13.224407263542437,0.0,7,60.0,20.0
2,23,11,2.8,14.012849024260758,0.0,7,60.0,20.0
2,23,12,2.8,11.730002702320068,0.0,7,60.0,20.0
2,23,13,2.8,12.354086734432896,0.0,7,60.0,20.0
2,23,14,2.8,12.428000056547566,0.0,7,60.0,20.0
2,23,15,3.6,7.226025177757823,0.125,7,60.0,20.0
2,23,16,2.8,10.441383084116902,0.0,7,60.0,20.0
2,23,17,2.8,12.91612087289247,0.0,7,60.0,20.0
2,23,18,2.8,13.5269213300599,0.0,7,60.0,20.0
2,23,19,2.8,10.50984134654381,0.0,7,60.0,20.0
2,23,20,2.8,7.555629140951493,0.0,7,60.0,20.0
2,23,21,3.0,9.088345682951951,0.0,7,60.0,20.0
3,23,1,2.8,9.704018195443044,0.0,7,60.0,20.0
3,23,2,2.8,11.979404376242515,0.0,7,60.0,20.0
3,23,3,2.8,10.079123151252677,0.0,7,60.0,20.0
3,23,4,2.8,8.693159901482584,0.0,7,60.0,20.0
3,23,5,2.8,10.088091433878628,0.0,7,60.0,20.0
3,23,6,2.8,10.318477835106352,0.0,7,60.0,20.0
3,23,7,2.8,9.126173518000057,0.0,7,60.0,20.0
3,23,8,2.8,11.325505352814583,0.0,7,60.0,20.0
3,23,9,2.8,11.44914539586702,0.0,7,60.0,20.0
3,23,10,2.8,13.308168538727221,0.0,7,60.0,20.0
3,23,11,2.8,11.496009140200778,0.0,7,60.0,20.0
3,23,12,3.6,7.886138421886503,0.125,7,60.0,20.0
3,23,13,2.8,9.449840391012089,0.0,7,60.0,20.0
3,23,14,2.8,9.855125934695968,0.0,7,60.0,20.0
3,23,15,2.8,13.425953353988907,0.0,7,60.0,20.0
3,23,16,2.8,10.660566226619578,0.0,7,60.0,20.0
3,23,17,2.8,16.288822506550595,0.0,7,60.0,20.0
3,23,18,2.8,12.535013075845026,0.0,7,60.0,20.0
3,23,19,2.8,12.740953455436276,0.0,7,60.0,20.0
3,23,20,2.8,10.433696309769866,0.0,7,60.0,20.0
3,23,21,2.8,8.28487606697032,0.0,7,60.0,20.0
3,23,22,2.8,13.162489886157838,0.0,7,60.0,20.0
1,24,1,4.0,9.599193207439862,0.0,7,60.0,20.0
1,24,2,3.0,14.788851073599858,0.0,7,60.0,20.0
1,24,3,2.8,16.486842574294393,0.0,7,60.0,20.0
1,24,4,3.0,8.146937680677512,0.0,7,60.0,20.0
1,24,5,2.8,12.454537840326605,0.0,7,60.0,20.0
1,24,6,2.8,12.55445708013958,0.0,7,60.0,20.0
1,24,7,2.8,9.244771921838838,0.0,7,60.0,20.0
1,24,8,2.8,11.520828698462957,0.0,7,60.0,20.0
1,24,9,2.8,14.762877526557553,0.0,7,60.0,20.0
1,24,10,2.8,10.607045122748756,0.0,7,60.0,20.0
1,24,11,2.8,12.741127010583055,0.0,7,60.0,20.0
1,24,12,2.8,16.124711359690032,0.0,7,60.0,20.0
1,24,13,2.8,11.39207001982216,0.0,7,60.0,20.0
1,24,14,2.8,12.379201262818473,0.0,7,60.0,20.0
1,24,15,2.8,13.53456663128263,0.0,7,60.0,20.0
1,24,16,3.0,9.254605404942442,0.0,7,60.0,20.0
1,24,17,2.8,11.952332329984102,0.0,7,60.0,20.0
1,24,18,3.0,8.185288706250823,0.0,7,60.0,20.0
1,24,19,2.8,9.55410816030566,0.0,7,60.0,20.0
1,24,20,2.8,11.671917373693251,0.0,7,60.0,20.0
1,24,21,3.0,10.051274683694702,0.0,7,60.0,20.0
1,24,22,2.0,11.550827449039923,0.0,5,60.0,20.0
2,24,1,2.8,11.892164906042957,0.0,7,60.0,20.0
2,24,2,2.8,10.048834680904744,0.0,7,60.0,20.0
2,24,3,3.2,9.80266687243675,0.0,7,60.0,20.0
2,24,4,3.0,9.319663639925212,0.0,7,60.0,20.0
2,24,5,2.8,11.004571847162445,0.0,7,60.0,20.0
2,24,6,2.8,11.458833139559067,0.0,7,60.0,20.0
2,24,7,3.0,12.409564266014144,0.0,7,60.0,20.0
2,24,8,3.0,10.037974258595746,0.0,7,60.0,20.0
2,24,9,2.8,13.477299951179132,0.0,7,60.0,20.0
2,24,10,2.8,12.742631344282223,0.0,7,60.0,20.0
2,24,11,2.8,9.180538215171234,0.0,7,60.0,20.0
2,24,12,2.8,13.748938607163288,0.0,7,60.0,20.0
2,24,13,2.8,11.48370647514459,0.0,7,60.0,20.0
2,24,14,2.8,10.892929206123242,0.0,7,60.0,20.0
2,24,15,2.8,10.43104310962604,0.0,7,60.0,20.0
2,24,16,3.6,9.293238582348415,0.125,7,60.0,20.0
2,24,17,2.8,10.674694995392734,0.0,7,60.0,20.0
2,24,18,2.8,11.24567869738964,0.0,7,60.0,20.0
2,24,19,2.8,11.021972355326689,0.0,7,60.0,20.0
2,24,20,2.8,9.156685582831166,0.0,7,60.0,20.0
2,24,21,3.0,9.29354962042446,0.0,7,60.0,20.0
3,24,1,2.8,9.17968782331834,0.0,7,60.0,20.0
3,24,2,2.8,11.231453451051243,0.0,7,60.0,20.0
3,24,3,2.8,10.925333458118057,0.0,7,60.0,20.0
3,24,4,2.8,10.814353550881386,0.0,7,60.0,20.0
3,24,5,2.8,10.450059336193464,0.0,7,60.0,20.0
3,24,6,2.8,9.66616935169979,0.0,7,60.0,20.0
3,24,7,2.8,9.81447150295465,0.0,7,60.0,20.0
3,24,8,2.8,11.898355291142128,0.0,7,60.0,20.0
3,24,9,2.8,12.082444557238658,0.0,7,60.0,20.0
3,24,10,2.8,10.969120348946424,0.0,7,60.0,20.0
3,24,11,3.2,11.48989977269426,0.0,7,60.0,20.0
3,24,12,3.2,9.507848910110264,0.0,7,60.0,20.0
3,24,13,3.0,10.277570797562113,0.0,7,60.0,20.0
3,24,14,2.8,8.274257062657487,0.0,7,60.0,20.0
3,24,15,2.8,19.8361149700497,0.0,7,60.0,20.0
3,24,16,3.0,9.128547237016672,0.0,7,60.0,20.0
3,24,17,2.8,16.45313708651135,0.0,7,60.0,20.0
3,24,18,2.8,12.636611653488014,0.0,7,60.0,20.0
3,24,19,2.8,10.759164697086268,0.0,7,60.0,20.0
3,24,20,2.8,9.525005211794479,0.0,7,60.0,20.0
3,24,21,2.8,11.891844684686887,0.0,7,60.0,20.0
3,24,22,3.0,8.95834594153707,0.0,7,60.0,20.0
1,25,1,4.2,10.053555468475878,0.0,7,60.0,20.0
1,25,2,3.2,13.93529579662676,0.0,7,60.0,20.0
1,25,3,2.8,13.114743560271839,0.0,7,60.0,20.0
1,25,4,3.0,7.789270950281972,0.0,7,60.0,20.0
1,25,5,2.8,11.063810118836306,0.0,7,60.0,20.0
1,25,6,2.8,9.783610946202046,0.0,7,60.0,20.0
1,25,7,2.8,10.473250349306351,0.0,7,60.0,20.0
1,25,8,2.8,9.813497465156638,0.0,7,60.0,20.0
1,25,9,2.8,14.60609675984818,0.0,7,60.0,20.0
1,25,10,2.8,13.384988246110733,0.0,7,60.0,20.0
1,25,11,2.8,17.008261079305875,0.0,7,60.0,20.0
1,25,12,2.8,14.319787816111226,0.0,7,60.0,20.0
1,25,13,2.8,12.796645999895143,0.0,7,60.0,20.0
1,25,14,2.8,15.719603866777497,0.0,7,60.0,20.0
1,25,15,2.8,14.641135768158554,0.0,7,60.0,20.0
1,25,16,2.8,12.078364677108146,0.0,7,60.0,20.0
1,25,17,2.8,12.184497316490718,0.0,7,60.0,20.0
1,25,18,3.2,7.711742974622508,0.0,7,60.0,20.0
1,25,19,2.8,9.746492769525164,0.0,7,60.0,20.0
1,25,20,2.8,9.360292242133527,0.0,7,60.0,20.0
1,25,21,3.0,9.300943676601424,0.0,7,60.0,20.0
1,25,22,2.0,15.097780428049248,0.0,4,60.0,20.0
2,25,1,2.8,12.76056931152889,0.0,7,60.0,20.0
2,25,2,2.8,9.902407399003685,0.0,7,60.0,20.0
2,25,3,4.0,8.2378438300216,0.125,7,60.0,20.0
2,25,4,3.0,9.815699542182893,0.0,7,60.0,20.0
2,25,5,2.8,11.27319899965544,0.0,7,60.0,20.0
2,25,6,2.8,10.032549954552376,0.0,7,60.0,20.0
2,25,7,3.0,10.48543612560934,0.0,7,60.0,20.0
2,25,8,2.8,11.972596597027398,0.0,7,60.0,20.0
2,25,9,2.8,11.025286615678844,0.0,7,60.0,20.0
2,25,10,2.8,11.010373601424503,0.0,7,60.0,20.0
2,25,11,2.8,10.3057844570193,0.0,7,60.0,20.0
2,25,12,2.8,12.395656924806564,0.0,7,60.0,20.0
2,25,13,2.8,12.279674941069224,0.0,7,60.0,20.0
2,25,14,2.8,12.428000056547566,0.0,7,60.0,20.0
2,25,15,3.0,8.467732406252397,0.0,7,60.0,20.0
2,25,16,2.8,11.743476167022791,0.0,7,60.0,20.0
2,25,17,2.8,10.527700195740339,0.0,7,60.0,20.0
2,25,18,2.8,12.26009194449927,0.0,7,60.0,20.0
2,25,19,3.8,7.431926082675973,0.125,7,60.0,20.0
2,25,20,2.8,9.140476026381156,0.0,7,60.0,20.0
2,25,21,3.0,11.155141362569122,0.0,7,60.0,20.0
3,25,1,3.0,9.90111222002862,0.0,7,60.0,20.0
3,25,2,2.8,12.35002851105471,0.0,7,60.0,20.0
3,25,3,2.8,11.082177569183864,0.0,7,60.0,20.0
3,25,4,2.8,9.638740054562035,0.0,7,60.0,20.0
3,25,5,2.8,10.060580159427781,0.0,7,60.0,20.0
3,25,6,2.8,9.54391837740088,0.0,7,60.0,20.0
3,25,7,3.0,9.237287839919235,0.0,7,60.0,20.0
3,25,8,2.8,11.650230234664054,0.0,7,60.0,20.0
3,25,9,2.8,14.176854298972556,0.0,7,60.0,20.0
3,25,10,2.8,11.742513250059885,0.0,7,60.0,20.0
3,25,11,2.8,12.585307266574416,0.0,7,60.0,20.0
3,25,12,3.6,7.649698703418143,0.125,7,60.0,20.0
3,25,13,2.8,10.14020650418141,0.0,7,60.0,20.0
3,25,14,2.8,9.547621411865364,0.0,7,60.0,20.0
3,25,15,2.8,18.37993872860449,0.0,7,60.0,20.0
3,25,16,2.8,10.457772720547245,0.0,7,60.0,20.0
3,25,17,2.8,11.589501159747632,0.0,7,60.0,20.0
3,25,18,3.0,11.508005460691999,0.0,7,60.0,20.0
3,25,19,2.8,14.903912875374463,0.0,7,60.0,20.0
3,25,20,2.8,10.103116173006052,0.0,7,60.0,20.0
3,25,21,2.8,10.24233114048336,0.0,7,60.0,20.0
3,25,22,2.8,12.526294995643141,0.0,7,60.0,20.0
1,26,1,4.0,9.818151490754902,0.0,7,60.0,20.0
1,26,2,3.2,10.3182684333248,0.0,7,60.0,20.0
1,26,3,2.8,13.726617924020882,0.0,7,60.0,20.0
1,26,4,3.0,8.1723160136445,0.0,7,60.0,20.0
1,26,5,3.0,13.348267566083312,0.0,7,60.0,20.0
1,26,6,2.8,9.928689254944743,0.0,7,60.0,20.0
1,26,7,2.8,12.33898084125239,0.0,7,60.0,20.0
1,26,8,2.8,11.884365786518952,0.0,7,60.0,20.0
1,26,9,2.8,12.75162643920609,0.0,7,60.0,20.0
1,26,10,2.8,10.297242210172277,0.0,7,60.0,20.0
1,26,11,2.8,12.417117443385107,0.0,7,60.0,20.0
1,26,12,2.8,14.885761859838528,0.0,7,60.0,20.0
1,26,13,2.8,11.911339438026284,0.0,7,60.0,20.0
1,26,14,2.8,13.00549453895246,0.0,7,60.0,20.0
1,26,15,2.8,13.554367738735364,0.0,7,60.0,20.0
1,26,16,2.8,9.643019120739666,0.0,7,60.0,20.0
1,26,17,2.8,11.84907723166438,0.0,7,60.0,20.0
1,26,18,3.6,7.219195813778411,0.125,7,60.0,20.0
1,26,19,3.0,10.919223256772122,0.0,7,60.0,20.0
1,26,20,2.8,9.542505079766572,0.0,7,60.0,20.0
1,26,21,3.0,9.152421700984778,0.0,7,60.0,20.0
2,26,1,2.8,14.313460550675147,0.0,7,60.0,20.0
2,26,2,2.8,10.909178378994595,0.0,7,60.0,20.0
2,26,3,3.2,11.348755597714606,0.0,7,60.0,20.0
2,26,4,3.0,10.379325145593489,0.0,7,60.0,20.0
2,26,5,2.8,10.180302153687789,0.0,7,60.0,20.0
2,26,6,2.8,11.545355969256228,0.0,7,60.0,20.0
2,26,7,3.0,11.972313947695088,0.0,7,60.0,20.0
2,26,8,2.8,10.691611516942308,0.0,7,60.0,20.0
2,26,9,2.8,11.46347991177509,0.0,7,60.0,20.0
2,26,10,2.8,14.38070477120224,0.0,7,60.0,20.0
2,26,11,2.8,8.07041891836781,0.0,7,60.0,20.0
2,26,12,2.8,15.015293764455237,0.0,7,60.0,20.0
2,26,13,2.8,11.062213450287754,0.0,7,60.0,20.0
2,26,14,2.8,12.174113455789794,0.0,7,60.0,20.0
2,26,15,2.8,11.409109802373388,0.0,7,60.0,20.0
2,26,16,3.0,10.53718471921527,0.0,7,60.0,20.0
2,26,17,2.8,11.961230534381713,0.0,7,60.0,20.0
2,26,18,2.8,11.67238775111187,0.0,7,60.0,20.0
2,26,19,3.0,12.878434077489588,0.0,7,60.0,20.0
2,26,20,3.0,8.715036158016277,0.0,7,60.0,20.0
2,26,21,3.0,7.854267716639883,0.0,7,60.0,20.0
2,26,22,2.0,24.951019381100224,0.0,4,60.0,20.0
3,26,1,2.8,10.468024921078039,0.0,7,60.0,20.0
3,26,2,2.8,11.009070093223128,0.0,7,60.0,20.0
3,26,3,2.8,12.773557361010292,0.0,7,60.0,20.0
3,26,4,2.8,10.252387266962957,0.0,7,60.0,20.0
3,26,5,2.8,9.434508673431578,0.0,7,60.0,20.0
3,26,6,2.8,11.207127999755645,0.0,7,60.0,20.0
3,26,7,2.8,9.846071197592973,0.0,7,60.0,20.0
3,26,8,2.8,10.580963040602287,0.0,7,60.0,20.0
3,26,9,2.8,12.325944016902342,0.0,7,60.0,20.0
3,26,10,2.8,10.338687099507165,0.0,7,60.0,20.0
3,26,11,2.8,10.710848393147952,0.0,7,60.0,20.0
3,26,12,3.6,8.844031320881605,0.125,7,60.0,20.0
3,26,13,3.0,11.737073951336848,0.0,7,60.0,20.0
3,26,14,2.8,9.085487383194337,0.0,7,60.0,20.0
3,26,15,2.8,16.695546599790767,0.0,7,60.0,20.0
3,26,16,2.8,11.874484245877376,0.0,7,60.0,20.0
3,26,17,2.8,18.441586135659588,0.0,7,60.0,20.0
3,26,18,2.8,11.839552668337697,0.0,7,60.0,20.0
3,26,19,2.8,12.501784804519481,0.0,7,60.0,20.0
3,26,20,2.8,11.686137916780892,0.0,7,60.0,20.0
3,26,21,2.8,8.304162994703177,0.0,7,60.0,20.0
3,26,22,3.0,10.438988102320934,0.0,7,60.0,20.0
1,27,1,4.0,8.514176887353818,0.0,7,60.0,20.0
1,27,2,3.0,12.620720190029086,0.0,7,60.0,20.0
1,27,3,2.8,13.405911358197308,0.0,7,60.0,20.0
1,27,4,3.0,7.809095412921616,0.0,7,60.0,20.0
1,27,5,2.8,17.127087801239142,0.0,7,60.0,20.0
1,27,6,2.8,11.284884073172554,0.0,7,60.0,20.0
1,27,7,2.8,10.268764041178194,0.0,7,60.0,20.0
1,27,8,2.8,9.518963049777179,0.0,7,60.0,20.0
1,27,9,2.8,15.133629084139942,0.0,7,60.0,20.0
1,27,10,2.8,12.49913472322321,0.0,7,60.0,20.0
1,27,11,2.8,14.699106889195665,0.0,7,60.0,20.0
1,27,12,2.8,13.926126737115677,0.0,7,60.0,20.0
1,27,13,2.8,11.724544854755422,0.0,7,60.0,20.0
1,27,14,2.8,13.338220794738612,0.0,7,60.0,20.0
1,27,15,2.8,15.018796039463862,0.0,7,60.0,20.0
1,27,16,2.8,10.968515871790954,0.0,7,60.0,20.0
1,27,17,2.8,11.815485576312087,0.0,7,60.0,20.0
1,27,18,3.2,8.322001239158848,0.0,7,60.0,20.0
1,27,19,2.8,10.766024836713445,0.0,7,60.0,20.0
1,27,20,2.8,11.832345296876257,0.0,7,60.0,20.0
1,27,21,3.0,10.75061392217335,0.0,7,60.0,20.0
1,27,22,2.0,13.799116744910979,0.0,5,60.0,20.0
2,27,1,2.8,15.016307550885047,0.0,7,60.0,20.0
2,27,2,2.8,9.502397860099423,0.0,7,60.0,20.0
2,27,3,4.0,10.271559736732328,0.125,7,60.0,20.0
2,27,4,2.8,9.78041531745048,0.0,7,60.0,20.0
2,27,5,2.8,10.4683123251802,0.0,7,60.0,20.0
2,27,6,2.8,9.370653645252295,0.0,7,60.0,20.0
2,27,7,3.2,10.104730141559306,0.0,7,60.0,20.0
2,27,8,2.8,10.65817483937822,0.0,7,60.0,20.0
2,27,9,2.8,13.020337927236957,0.0,7,60.0,20.0
2,27,10,2.8,12.70255923720878,0.0,7,60.0,20.0
2,27,11,2.8,10.305784457019342,0.0,7,60.0,20.0
2,27,12,2.8,13.54897262289249,0.0,7,60.0,20.0
2,27,13,2.8,12.061722512253063,0.0,7,60.0,20.0
2,27,14,2.8,12.327799576325871,0.0,7,60.0,20.0
2,27,15,3.0,8.860275489128114,0.0,7,60.0,20.0
2,27,16,2.8,11.743476167022845,0.0,7,60.0,20.0
2,27,17,2.8,12.307186149445943,0.0,7,60.0,20.0
2,27,18,2.8,13.128546962887533,0.0,7,60.0,20.0
2,27,19,3.0,9.486349888884543,0.0,7,60.0,20.0
2,27,20,2.8,8.180771286900022,0.0,7,60.0,20.0
2,27,21,3.0,9.118524155806583,0.0,7,60.0,20.0
3,27,1,2.8,9.597425512796766,0.0,7,60.0,20.0
3,27,2,2.8,11.356582420865939,0.0,7,60.0,20.0
3,27,3,2.8,12.694022890455638,0.0,7,60.0,20.0
3,27,4,2.8,8.59542314628597,0.0,7,60.0,20.0
3,27,5,2.8,9.124844859644412,0.0,7,60.0,20.0
3,27,6,2.8,10.047267288351655,0.0,7,60.0,20.0
3,27,7,2.8,8.913372471358407,0.0,7,60.0,20.0
3,27,8,2.8,13.411636741228902,0.0,7,60.0,20.0
3,27,9,2.8,12.011259699283954,0.0,7,60.0,20.0
3,27,10,2.8,12.467214215039936,0.0,7,60.0,20.0
3,27,11,2.8,10.261584707828984,0.0,7,60.0,20.0
3,27,12,3.6,9.217222504059125,0.125,7,60.0,20.0
3,27,13,2.8,10.072338103925333,0.0,7,60.0,20.0
3,27,14,2.8,11.548496551340081,0.0,7,60.0,20.0
3,27,15,2.8,14.406306333528045,0.0,7,60.0,20.0
3,27,16,2.8,10.03112468505224,0.0,7,60.0,20.0
3,27,17,2.8,13.111234024965315,0.0,7,60.0,20.0
3,27,18,3.0,11.731632920531698,0.0,7,60.0,20.0
3,27,19,2.8,11.03555347431122,0.0,7,60.0,20.0
3,27,20,2.8,12.247784044962344,0.0,7,60.0,20.0
3,27,21,2.8,9.77776993426526,0.0,7,60.0,20.0
3,27,22,3.0,8.689006335449708,0.0,7,60.0,20.0
1,28,1,4.0,10.707913014329346,0.0,7,60.0,20.0
1,28,2,3.0,14.935467329544384,0.0,7,60.0,20.0
1,28,3,2.8,13.258433290898397,0.0,7,60.0,20.0
1,28,4,3.0,7.52625181446435,0.0,7,60.0,20.0
1,28,5,2.8,13.607626599978365,0.0,7,60.0,20.0
1,28,6,2.8,11.159494404985088,0.0,7,60.0,20.0
1,28,7,2.8,9.462524527393624,0.0,7,60.0,20.0
1,28,8,2.8,10.264842504941278,0.0,7,60.0,20.0
1,28,9,2.8,15.326076893507501,0.0,7,60.0,20.0
1,28,10,2.8,10.835926573648525,0.0,7,60.0,20.0
1,28,11,2.8,12.249050370720818,0.0,7,60.0,20.0
1,28,12,2.8,20.173246227930242,0.0,7,60.0,20.0
1,28,13,2.8,8.967745123277107,0.0,7,60.0,20.0
1,28,14,2.8,14.186016078075255,0.0,7,60.0,20.0
1,28,15,2.8,14.271826563117594,0.0,7,60.0,20.0
1,28,16,2.8,13.469199191943158,0.0,7,60.0,20.0
1,28,17,2.8,13.948782815258634,0.0,7,60.0,20.0
1,28,18,3.6,7.25083717666633,0.125,7,60.0,20.0
1,28,19,2.8,11.604660333075858,0.0,7,60.0,20.0
1,28,20,2.8,11.061269275058933,0.0,7,60.0,20.0
1,28,21,3.0,8.659401779199777,0.0,7,60.0,20.0
1,28,22,2.0,15.485765178668986,0.0,4,60.0,20.0
2,28,1,2.8,15.433112001468372,0.0,7,60.0,20.0
2,28,2,2.8,12.831737979054168,0.0,7,60.0,20.0
2,28,3,3.0,11.575478623899436,0.0,7,60.0,20.0
2,28,4,2.8,13.451711871335647,0.0,7,60.0,20.0
2,28,5,3.0,9.604830413049966,0.0,7,60.0,20.0
2,28,6,2.8,9.62808729100392,0.0,7,60.0,20.0
2,28,7,3.0,12.85509963894337,0.0,7,60.0,20.0
2,28,8,2.8,12.948360449911126,0.0,7,60.0,20.0
2,28,9,2.8,12.011427853425086,0.0,7,60.0,20.0
2,28,10,2.8,15.264998722621172,0.0,7,60.0,20.0
2,28,11,2.8,9.768016651961824,0.0,7,60.0,20.0
2,28,12,2.8,11.960994822036866,0.0,7,60.0,20.0
2,28,13,2.8,15.434450193977792,0.0,7,60.0,20.0
2,28,14,2.8,11.259616677989422,0.0,7,60.0,20.0
2,28,15,2.8,8.827331691347224,0.0,7,60.0,20.0
2,28,16,3.0,11.097512596476227,0.0,7,60.0,20.0
2,28,17,2.8,13.192021054767167,0.0,7,60.0,20.0
2,28,18,2.8,10.68956777189413,0.0,7,60.0,20.0
2,28,19,3.0,11.764521600703942,0.0,7,60.0,20.0
2,28,20,3.0,8.643398797775909,0.0,7,60.0,20.0
2,28,21,2.8,9.195878173019835,0.0,7,60.0,20.0
2,28,22,2.5,11.99534491365607,0.0,4,60.0,20.0
3,28,1,2.8,9.2212080761027,0.0,7,60.0,20.0
3,28,2,2.8,11.048846042626643,0.0,7,60.0,20.0
3,28,3,2.8,12.212432241982198,0.0,7,60.0,20.0
3,28,4,2.8,10.286874746045918,0.0,7,60.0,20.0
3,28,5,2.8,10.521970918498148,0.0,7,60.0,20.0
3,28,6,2.8,9.486260028124157,0.0,7,60.0,20.0
3,28,7,2.8,9.045192951997421,0.0,7,60.0,20.0
3,28,8,2.8,11.921547524245632,0.0,7,60.0,20.0
3,28,9,2.8,14.766135403242025,0.0,7,60.0,20.0
3,28,10,2.8,11.16944124272932,0.0,7,60.0,20.0
3,28,11,2.8,10.472431109006594,0.0,7,60.0,20.0
3,28,12,3.6,8.805831187247614,0.125,7,60.0,20.0
3,28,13,2.8,11.300624606511445,0.0,7,60.0,20.0
3,28,14,2.8,10.234420183585724,0.0,7,60.0,20.0
3,28,15,2.8,13.081363571279784,0.0,7,60.0,20.0
3,28,16,3.0,9.859974536687147,0.0,7,60.0,20.0
3,28,17,2.8,13.191301494368917,0.0,7,60.0,20.0
3,28,18,3.0,9.754316164966836,0.0,7,60.0,20.0
3,28,19,2.8,12.624692119358775,0.0,7,60.0,20.0
3,28,20,2.8,8.365506033065376,0.0,7,60.0,20.0
3,28,21,2.8,9.390463746852427,0.0,7,60.0,20.0
3,28,22,2.8,10.114714919858464,0.0,7,60.0,20.0
1,29,1,4.0,11.041453760419158,0.0,7,60.0,20.0
1,29,2,3.0,9.307023510880983,0.0,7,60.0,20.0
1,29,3,2.8,16.808756677253804,0.0,7,60.0,20.0
1,29,4,3.0,7.953389961403955,0.0,7,60.0,20.0
1,29,5,2.8,12.798409066967954,0.0,7,60.0,20.0
1,29,6,2.8,12.987377700194717,0.0,7,60.0,20.0
1,29,7,2.8,9.418157218148664,0.0,7,60.0,20.0
1,29,8,2.8,9.813497388620513,0.0,7,60.0,20.0
1,29,9,2.8,14.98311605294871,0.0,7,60.0,20.0
1,29,10,2.8,11.136303986077838,0.0,7,60.0,20.0
1,29,11,2.8,16.07117442578266,0.0,7,60.0,20.0
1,29,12,2.8,15.582653558794792,0.0,7,60.0,20.0
1,29,13,2.8,10.761400261534474,0.0,7,60.0,20.0
1,29,14,2.8,14.850243026795578,0.0,7,60.0,20.0
1,29,15,2.8,12.680169926572368,0.0,7,60.0,20.0
1,29,16,2.8,10.172344996817225,0.0,7,60.0,20.0
1,29,17,2.8,13.014869222201831,0.0,7,60.0,20.0
1,29,18,3.6,7.784758195157005,0.125,7,60.0,20.0
1,29,19,2.8,10.931043522207577,0.0,7,60.0,20.0
1,29,20,2.8,9.770041782788972,0.0,7,60.0,20.0
1,29,21,3.0,8.837188335905298,0.0,7,60.0,20.0
1,29,22,2.0,16.32479884161908,0.0,4,60.0,20.0
2,29,1,2.8,14.834203174987765,0.0,7,60.0,20.0
2,29,2,2.8,9.870445649242804,0.0,7,60.0,20.0
2,29,3,3.2,11.203238883504563,0.0,7,60.0,20.0
2,29,4,3.0,9.704125249247099,0.0,7,60.0,20.0
2,29,5,2.8,11.124669499536692,0.0,7,60.0,20.0
2,29,6,2.8,10.266303495162257,0.0,7,60.0,20.0
2,29,7,3.0,10.695225759771926,0.0,7,60.0,20.0
2,29,8,2.8,10.489900224230906,0.0,7,60.0,20.0
2,29,9,2.8,10.304639749972258,0.0,7,60.0,20.0
2,29,10,2.8,14.279976376152469,0.0,7,60.0,20.0
2,29,11,2.8,9.325565431608448,0.0,7,60.0,20.0
2,29,12,2.8,16.38278132602458,0.0,7,60.0,20.0
2,29,13,2.8,12.852120832864587,0.0,7,60.0,20.0
2,29,14,2.8,12.149929124171173,0.0,7,60.0,20.0
2,29,15,2.8,10.02522312958076,0.0,7,60.0,20.0
2,29,16,3.0,9.857841249977817,0.0,7,60.0,20.0
2,29,17,2.8,10.431217516984061,0.0,7,60.0,20.0
2,29,18,2.8,11.605939392258142,0.0,7,60.0,20.0
2,29,19,3.0,10.528487849550078,0.0,7,60.0,20.0
2,29,20,3.0,7.724429754960626,0.0,7,60.0,20.0
2,29,21,3.0,8.050701427820204,0.0,7,60.0,20.0
2,29,22,2.0,21.4506647913113,0.0,4,60.0,20.0
3,29,1,2.8,9.892363993755824,0.0,7,60.0,20.0
3,29,2,2.8,10.719639083748671,0.0,7,60.0,20.0
3,29,3,2.8,12.641547880857097,0.0,7,60.0,20.0
3,29,4,2.8,10.11671918510208,0.0,7,60.0,20.0
3,29,5,2.8,9.5973582675409,0.0,7,60.0,20.0
3,29,6,2.8,11.611382501525407,0.0,7,60.0,20.0
3,29,7,2.8,9.568793053170468,0.0,7,60.0,20.0
3,29,8,2.8,12.688235325033624,0.0,7,60.0,20.0
3,29,9,2.8,12.605386243774458,0.0,7,60.0,20.0
3,29,10,2.8,10.498405235630477,0.0,7,60.0,20.0
3,29,11,2.8,10.581137257946066,0.0,7,60.0,20.0
3,29,12,3.6,9.107420954504232,0.125,7,60.0,20.0
3,29,13,3.0,9.322020871792853,0.0,7,60.0,20.0
3,29,14,2.8,8.797962127347875,0.0,7,60.0,20.0
3,29,15,2.8,17.91836519538546,0.0,7,60.0,20.0
3,29,16,2.8,10.418150600094867,0.0,7,60.0,20.0
3,29,17,2.8,13.91140142819132,0.0,7,60.0,20.0
3,29,18,2.8,12.025787890061892,0.0,7,60.0,20.0
3,29,19,2.8,11.44869919621838,0.0,7,60.0,20.0
3,29,20,2.8,10.895080430811618,0.0,7,60.0,20.0
3,29,21,2.8,8.8317812908762,0.0,7,60.0,20.0
3,29,22,3.0,10.111094331874693,0.0,7,60.0,20.0
1,30,1,4.0,10.097840922677848,0.0,7,60.0,20.0
1,30,2,3.0,11.088039393758729,0.0,7,60.0,20.0
1,30,3,2.8,12.834845915351984,0.0,7,60.0,20.0
1,30,4,3.0,8.762992042902878,0.0,7,60.0,20.0
1,30,5,2.8,12.610922666344276,0.0,7,60.0,20.0
1,30,6,2.8,11.200980200841162,0.0,7,60.0,20.0
1,30,7,2.8,10.13065736581414,0.0,7,60.0,20.0
1,30,8,2.8,10.424660471523381,0.0,7,60.0,20.0
1,30,9,2.8,14.307220042697171,0.0,7,60.0,20.0
1,30,10,2.8,12.603704707313263,0.0,7,60.0,20.0
1,30,11,2.8,12.960348638431721,0.0,7,60.0,20.0
1,30,12,2.8,16.798983302672482,0.0,7,60.0,20.0
1,30,13,2.8,9.550465971990809,0.0,7,60.0,20.0
1,30,14,2.8,16.656310296799212,0.0,7,60.0,20.0
1,30,15,2.8,12.574332592936008,0.0,7,60.0,20.0
1,30,16,2.8,9.574345546983622,0.0,7,60.0,20.0
1,30,17,2.8,15.570688201871214,0.0,7,60.0,20.0
1,30,18,3.0,8.737829990465137,0.0,7,60.0,20.0
1,30,19,3.0,8.52113227723726,0.0,7,60.0,20.0
1,30,20,2.8,11.878995056917985,0.0,7,60.0,20.0
1,30,21,2.8,10.280500539681757,0.0,7,60.0,20.0
1,30,22,2.2,11.220307336714939,0.0,5,60.0,20.0
2,30,1,2.8,14.621424471376416,0.0,7,60.0,20.0
2,30,2,2.8,8.679785833551566,0.0,7,60.0,20.0
2,30,3,3.2,11.101562356517723,0.0,7,60.0,20.0
2,30,4,3.2,9.882988710171421,0.0,7,60.0,20.0
2,30,5,2.8,10.513959878258792,0.0,7,60.0,20.0
2,30,6,2.8,8.831819488717107,0.0,7,60.0,20.0
2,30,7,3.0,14.709782779164286,0.0,7,60.0,20.0
2,30,8,3.0,9.66211974339581,0.0,7,60.0,20.0
2,30,9,2.8,11.870944709155728,0.0,7,60.0,20.0
2,30,10,2.8,13.144569474355057,0.0,7,60.0,20.0
2,30,11,2.8,11.646367464210728,0.0,7,60.0,20.0
2,30,12,2.8,14.256666679948944,0.0,7,60.0,20.0
2,30,13,2.8,13.229596788880976,0.0,7,60.0,20.0
2,30,14,2.8,9.878786981860642,0.0,7,60.0,20.0
2,30,15,2.8,8.623477722627202,0.0,7,60.0,20.0
2,30,16,3.6,8.278458087270845,0.125,7,60.0,20.0
2,30,17,2.8,12.850079375253156,0.0,7,60.0,20.0
2,30,18,2.8,13.272283523898151,0.0,7,60.0,20.0
2,30,19,3.0,10.819398316657194,0.0,7,60.0,20.0
2,30,20,2.8,9.071657707111552,0.0,7,60.0,20.0
2,30,21,3.0,10.664195094013925,0.0,7,60.0,20.0
3,30,1,2.8,9.612509443537213,0.0,7,60.0,20.0
3,30,2,2.8,10.100062132556443,0.0,7,60.0,20.0
3,30,3,2.8,13.018255210858221,0.0,7,60.0,20.0
3,30,4,2.8,9.871784868326555,0.0,7,60.0,20.0
3,30,5,2.8,10.994849216933561,0.0,7,60.0,20.0
3,30,6,2.8,10.66018735164883,0.0,7,60.0,20.0
3,30,7,2.8,9.264412202313057,0.0,7,60.0,20.0
3,30,8,2.8,12.557974499579316,0.0,7,60.0,20.0
3,30,9,2.8,12.925049424156823,0.0,7,60.0,20.0
3,30,10,2.8,10.813963944918182,0.0,7,60.0,20.0
3,30,11,2.8,11.496009140200877,0.0,7,60.0,20.0
3,30,12,3.0,13.61012083412987,0.0,7,60.0,20.0
3,30,13,2.8,10.585006506224767,0.0,7,60.0,20.0
3,30,14,2.8,9.90495886593728,0.0,7,60.0,20.0
3,30,15,2.8,12.866786999670376,0.0,7,60.0,20.0
3,30,16,3.0,9.675831292812687,0.0,7,60.0,20.0
3,30,17,2.8,13.887480123252935,0.0,7,60.0,20.0
3,30,18,3.0,8.597084482292557,0.0,7,60.0,20.0
3,30,19,2.8,12.239862335928045,0.0,7,60.0,20.0
3,30,20,2.8,11.747695247419948,0.0,7,60.0,20.0
3,30,21,2.8,8.986231351814805,0.0,7,60.0,20.0
3,30,22,2.8,9.36575078057944,0.0,7,60.0,20.0
1,31,1,4.0,10.961117802495437,0.0,7,60.0,20.0
1,31,2,3.0,13.201337877237796,0.0,7,60.0,20.0
1,31,3,2.8,13.200346628784269,0.0,7,60.0,20.0
1,31,4,3.0,8.269924194151773,0.0,7,60.0,20.0
1,31,5,2.8,13.986632235081958,0.0,7,60.0,20.0
1,31,6,2.8,10.213760268702693,0.0,7,60.0,20.0
1,31,7,2.8,9.105087109666133,0.0,7,60.0,20.0
1,31,8,2.8,11.262444174152733,0.0,7,60.0,20.0
1,31,9,2.8,16.366719313408083,0.0,7,60.0,20.0
1,31,10,2.8,12.630121167307617,0.0,7,60.0,20.0
1,31,11,2.8,13.982840568927731,0.0,7,60.0,20.0
1,31,12,2.8,16.940661657045535,0.0,7,60.0,20.0
1,31,13,2.8,9.89549336461339,0.0,7,60.0,20.0
1,31,14,2.8,13.85974060218491,0.0,7,60.0,20.0
1,31,15,2.8,13.325068227743191,0.0,7,60.0,20.0
1,31,16,2.8,9.483935267686356,0.0,7,60.0,20.0
1,31,17,2.8,12.075941440333986,0.0,7,60.0,20.0
1,31,18,3.6,8.462568039671018,0.125,7,60.0,20.0
1,31,19,3.2,9.594667258580765,0.0,7,60.0,20.0
1,31,20,2.8,9.642957378253875,0.0,7,60.0,20.0
1,31,21,3.2,8.631878685104233,0.0,7,60.0,20.0
2,31,1,3.0,11.2803370721414,0.0,7,60.0,20.0
2,31,2,3.0,8.86147330482832,0.0,7,60.0,20.0
2,31,3,3.2,11.138287579768996,0.0,7,60.0,20.0
2,31,4,3.0,9.139368394307143,0.0,7,60.0,20.0
2,31,5,2.8,9.058002842062585,0.0,7,60.0,20.0
2,31,6,2.8,10.557902983717964,0.0,7,60.0,20.0
2,31,7,3.0,13.148135109994131,0.0,7,60.0,20.0
2,31,8,2.8,12.37215640975222,0.0,7,60.0,20.0
2,31,9,2.8,12.226917263279743,0.0,7,60.0,20.0
2,31,10,2.8,14.586625121179859,0.0,7,60.0,20.0
2,31,11,2.8,9.59914878827568,0.0,7,60.0,20.0
2,31,12,2.8,15.252140454688858,0.0,7,60.0,20.0
2,31,13,2.8,13.201042074321084,0.0,7,60.0,20.0
2,31,14,2.8,11.199291976264812,0.0,7,60.0,20.0
2,31,15,2.8,9.750833629308422,0.0,7,60.0,20.0
2,31,16,3.0,11.706075062410616,0.0,7,60.0,20.0
2,31,17,2.8,12.94530583634465,0.0,7,60.0,20.0
2,31,18,2.8,15.861866403437112,0.0,7,60.0,20.0
2,31,19,3.2,8.758436493151848,0.0,7,60.0,20.0
2,31,20,2.8,9.034946673958812,0.0,7,60.0,20.0
2,31,21,3.0,8.736020498911659,0.0,7,60.0,20.0
3,31,1,2.8,9.319564900638799,0.0,7,60.0,20.0
3,31,2,2.8,10.480834650344425,0.0,7,60.0,20.0
3,31,3,2.8,11.205566641042543,0.0,7,60.0,20.0
3,31,4,2.8,8.869656153671214,0.0,7,60.0,20.0
3,31,5,2.8,10.188926523957036,0.0,7,60.0,20.0
3,31,6,2.8,8.557192335018934,0.0,7,60.0,20.0
3,31,7,2.8,10.123115409590294,0.0,7,60.0,20.0
3,31,8,2.8,10.418742438576377,0.0,7,60.0,20.0
3,31,9,2.8,12.789906723353008,0.0,7,60.0,20.0
3,31,10,2.8,14.646706056427268,0.0,7,60.0,20.0
3,31,11,2.8,10.654870531584875,0.0,7,60.0,20.0
3,31,12,3.0,9.987460229255193,0.0,7,60.0,20.0
3,31,13,2.8,9.34030323637297,0.0,7,60.0,20.0
3,31,14,2.8,9.564200119629016,0.0,7,60.0,20.0
3,31,15,2.8,14.725510165983671,0.0,7,60.0,20.0
3,31,16,3.0,10.14108934061112,0.0,7,60.0,20.0
3,31,17,2.8,13.198210201497725,0.0,7,60.0,20.0
3,31,18,3.0,8.645695433369218,0.0,7,60.0,20.0
3,31,19,2.8,11.70126976215474,0.0,7,60.0,20.0
3,31,20,2.8,10.909508395770647,0.0,7,60.0,20.0
3,31,21,2.8,8.767247159030294,0.0,7,60.0,20.0
3,31,22,2.8,10.636164733444378,0.0,7,60.0,20.0
1,32,1,4.0,10.269934668454896,0.0,7,60.0,20.0
1,32,2,3.2,10.110523428603425,0.0,7,60.0,20.0
1,32,3,3.0,11.757473799703641,0.0,7,60.0,20.0
1,32,4,3.0,8.999016652048597,0.0,7,60.0,20.0
1,32,5,2.8,12.133076112378419,0.0,7,60.0,20.0
1,32,6,2.8,10.044537318036253,0.0,7,60.0,20.0
1,32,7,2.8,10.47325034930634,0.0,7,60.0,20.0
1,32,8,2.8,9.975957783219723,0.0,7,60.0,20.0
1,32,9,2.8,13.112336197677594,0.0,7,60.0,20.0
1,32,10,2.8,10.350301823321786,0.0,7,60.0,20.0
1,32,11,2.8,14.795057683133297,0.0,7,60.0,20.0
1,32,12,2.8,14.285840046359828,0.0,7,60.0,20.0
1,32,13,2.8,12.427187283521036,0.0,7,60.0,20.0
1,32,14,2.8,13.970327946012617,0.0,7,60.0,20.0
1,32,15,2.8,13.646452799324367,0.0,7,60.0,20.0
1,32,16,2.8,10.180633208464345,0.0,7,60.0,20.0
1,32,17,2.8,11.872422170659576,0.0,7,60.0,20.0
1,32,18,3.6,8.303483508489228,0.125,7,60.0,20.0
1,32,19,2.8,10.843121999355434,0.0,7,60.0,20.0
1,32,20,2.8,10.02808842094672,0.0,7,60.0,20.0
1,32,21,3.0,9.406424176061225,0.0,7,60.0,20.0
2,32,1,2.8,14.28004126922104,0.0,7,60.0,20.0
2,32,2,2.8,12.11976933295693,0.0,7,60.0,20.0
2,32,3,3.2,10.750324607058241,0.0,7,60.0,20.0
2,32,4,3.0,9.973129901209719,0.0,7,60.0,20.0
2,32,5,2.8,10.945490196389542,0.0,7,60.0,20.0
2,32,6,2.8,10.16393875493366,0.0,7,60.0,20.0
2,32,7,3.0,12.825943277749197,0.0,7,60.0,20.0
2,32,8,2.8,11.921131717182723,0.0,7,60.0,20.0
2,32,9,2.8,12.074525053353252,0.0,7,60.0,20.0
2,32,10,2.8,14.482864301328041,0.0,7,60.0,20.0
2,32,11,2.8,8.334357228396025,0.0,7,60.0,20.0
2,32,12,2.8,15.089383548124275,0.0,7,60.0,20.0
2,32,13,2.8,11.391884327161232,0.0,7,60.0,20.0
2,32,14,2.8,11.77564497875322,0.0,7,60.0,20.0
2,32,15,2.8,10.52555727704153,0.0,7,60.0,20.0
2,32,16,3.0,11.091337493400916,0.0,7,60.0,20.0
2,32,17,2.8,11.467826544487538,0.0,7,60.0,20.0
2,32,18,2.8,12.689519406733092,0.0,7,60.0,20.0
2,32,19,3.0,11.696277605786106,0.0,7,60.0,20.0
2,32,20,3.0,7.8735901383224585,0.0,7,60.0,20.0
2,32,21,3.0,8.753565846494332,0.0,7,60.0,20.0
2,32,22,2.0,22.537522336104356,0.0,4,60.0,20.0
3,32,1,2.8,9.235131752384408,0.0,7,60.0,20.0
3,32,2,2.8,10.30425707280744,0.0,7,60.0,20.0
3,32,3,2.8,13.447605745795244,0.0,7,60.0,20.0
3,32,4,2.8,9.935933492983915,0.0,7,60.0,20.0
3,32,5,2.8,10.379124029710068,0.0,7,60.0,20.0
3,32,6,2.8,9.270576962552322,0.0,7,60.0,20.0
3,32,7,2.8,8.939428294394036,0.0,7,60.0,20.0
3,32,8,2.8,13.805177882904196,0.0,7,60.0,20.0
3,32,9,2.8,12.92504942415695,0.0,7,60.0,20.0
3,32,10,2.8,11.748749692618677,0.0,7,60.0,20.0
3,32,11,2.8,11.496009140200977,0.0,7,60.0,20.0
3,32,12,3.6,8.52357530968549,0.125,7,60.0,20.0
3,32,13,2.8,11.622750489617076,0.0,7,60.0,20.0
3,32,14,2.8,10.355721254577684,0.0,7,60.0,20.0
3,32,15,2.8,12.834310047743957,0.0,7,60.0,20.0
3,32,16,2.8,10.215423131347896,0.0,7,60.0,20.0
3,32,17,2.8,13.427874574357963,0.0,7,60.0,20.0
3,32,18,3.0,11.98450105745024,0.0,7,60.0,20.0
3,32,19,2.8,10.669768617585035,0.0,7,60.0,20.0
3,32,20,2.8,10.992993216103601,0.0,7,60.0,20.0
3,32,21,2.8,10.93115048282386,0.0,7,60.0,20.0
3,32,22,3.2,10.82603526955469,0.0,7,60.0,20.0
1,33,1,4.0,8.325956920450341,0.0,7,60.0,20.0
1,33,2,3.0,12.211513708362817,0.0,7,60.0,20.0
1,33,3,2.8,16.22057162996243,0.0,7,60.0,20.0
1,33,4,3.0,8.866136453197578,0.0,7,60.0,20.0
1,33,5,2.8,14.884890077027427,0.0,7,60.0,20.0
1,33,6,2.8,11.701226799804795,0.0,7,60.0,20.0
1,33,7,2.8,9.188386823174483,0.0,7,60.0,20.0
1,33,8,2.8,9.975957704128527,0.0,7,60.0,20.0
1,33,9,2.8,14.007897380331968,0.0,7,60.0,20.0
1,33,10,2.8,9.942043716973272,0.0,7,60.0,20.0
1,33,11,2.8,14.247317239775166,0.0,7,60.0,20.0
1,33,12,2.8,16.568046478618914,0.0,7,60.0,20.0
1,33,13,2.8,10.39029629624428,0.0,7,60.0,20.0
1,33,14,2.8,13.764764569049923,0.0,7,60.0,20.0
1,33,15,2.8,13.474040754597285,0.0,7,60.0,20.0
1,33,16,3.0,9.780317265999527,0.0,7,60.0,20.0
1,33,17,2.8,11.651889899573206,0.0,7,60.0,20.0
1,33,18,3.0,9.072579924728156,0.0,7,60.0,20.0
1,33,19,2.8,9.93203570801775,0.0,7,60.0,20.0
1,33,20,2.8,12.46890845744273,0.0,7,60.0,20.0
1,33,21,3.0,11.086861920516526,0.0,7,60.0,20.0
1,33,22,2.0,13.340873883120738,0.0,5,60.0,20.0
2,33,1,2.8,13.433211568622193,0.0,7,60.0,20.0
2,33,2,2.8,11.724792660149857,0.0,7,60.0,20.0
2,33,3,4.0,8.304959717171043,0.125,7,60.0,20.0
2,33,4,2.8,10.43094730391456,0.0,7,60.0,20.0
2,33,5,2.8,11.034930537947245,0.0,7,60.0,20.0
2,33,6,2.8,10.148055793758315,0.0,7,60.0,20.0
2,33,7,3.0,11.712789726362683,0.0,7,60.0,20.0
2,33,8,2.8,11.10798031148256,0.0,7,60.0,20.0
2,33,9,2.8,13.171850570420526,0.0,7,60.0,20.0
2,33,10,2.8,11.305955191078807,0.0,7,60.0,20.0
2,33,11,2.8,9.848260813065533,0.0,7,60.0,20.0
2,33,12,2.8,13.180117224044059,0.0,7,60.0,20.0
2,33,13,2.8,10.589252736171735,0.0,7,60.0,20.0
2,33,14,2.8,11.747134416454927,0.0,7,60.0,20.0
2,33,15,3.0,9.938525954526261,0.0,7,60.0,20.0
2,33,16,2.8,12.949107733611777,0.0,7,60.0,20.0
2,33,17,2.8,12.56800777796117,0.0,7,60.0,20.0
2,33,18,2.8,12.14414862854245,0.0,7,60.0,20.0
2,33,19,3.0,9.97966372907562,0.0,7,60.0,20.0
2,33,20,2.8,10.060392204055999,0.0,7,60.0,20.0
2,33,21,3.0,8.057030087206916,0.0,7,60.0,20.0
3,33,1,2.8,9.612509443537073,0.0,7,60.0,20.0
3,33,2,2.8,12.002913958819624,0.0,7,60.0,20.0
3,33,3,2.8,11.720950603397586,0.0,7,60.0,20.0
3,33,4,2.8,10.795265705873124,0.0,7,60.0,20.0
3,33,5,2.8,9.434508673431443,0.0,7,60.0,20.0
3,33,6,2.8,9.758707531432762,0.0,7,60.0,20.0
3,33,7,2.8,9.974531357660103,0.0,7,60.0,20.0
3,33,8,2.8,11.01942820316487,0.0,7,60.0,20.0
3,33,9,2.8,13.232655495933349,0.0,7,60.0,20.0
3,33,10,2.8,10.756905945103108,0.0,7,60.0,20.0
3,33,11,2.8,10.313496330886872,0.0,7,60.0,20.0
3,33,12,2.8,11.371039218683952,0.0,7,60.0,20.0
3,33,13,2.8,10.282980604638313,0.0,7,60.0,20.0
3,33,14,2.8,10.321256148074337,0.0,7,60.0,20.0
3,33,15,2.8,14.537622199382218,0.0,7,60.0,20.0
3,33,16,2.8,12.735874797762229,0.0,7,60.0,20.0
3,33,17,2.8,12.760953786884068,0.0,7,60.0,20.0
3,33,18,2.8,12.992908465565108,0.0,7,60.0,20.0
3,33,19,2.8,11.662912010972809,0.0,7,60.0,20.0
3,33,20,2.8,12.282937464051653,0.0,7,60.0,20.0
3,33,21,2.8,9.48526590051775,0.0,7,60.0,20.0
3,33,22,3.0,10.254940366812553,0.0,7,60.0,20.0
1,34,1,4.0,9.217436127794244,0.0,7,60.0,20.0
1,34,2,3.0,12.18681759022477,0.0,7,60.0,20.0
1,34,3,2.8,16.220571629962443,0.0,7,60.0,20.0
1,34,4,3.0,8.202384084308461,0.0,7,60.0,20.0
1,34,5,2.8,12.301984082656453,0.0,7,60.0,20.0
1,34,6,2.8,9.386466032528862,0.0,7,60.0,20.0
1,34,7,2.8,9.675223274551344,0.0,7,60.0,20.0
1,34,8,2.8,10.299932681559739,0.0,7,60.0,20.0
1,34,9,2.8,14.273331764862972,0.0,7,60.0,20.0
1,34,10,2.8,11.453809426390139,0.0,7,60.0,20.0
1,34,11,2.8,16.511530329527606,0.0,7,60.0,20.0
1,34,12,2.8,14.088923983729622,0.0,7,60.0,20.0
1,34,13,2.8,10.799973878852002,0.0,7,60.0,20.0
1,34,14,2.8,13.25023518948627,0.0,7,60.0,20.0
1,34,15,2.8,13.565033941963794,0.0,7,60.0,20.0
1,34,16,2.8,11.276393572393218,0.0,7,60.0,20.0
1,34,17,2.8,13.757708397582027,0.0,7,60.0,20.0
1,34,18,3.2,7.071905985662967,0.0,7,60.0,20.0
1,34,19,2.8,11.144320582137427,0.0,7,60.0,20.0
1,34,20,2.8,12.840889196177267,0.0,7,60.0,20.0
1,34,21,3.0,10.291600813055581,0.0,7,60.0,20.0
1,34,22,2.0,11.573010860716009,0.0,5,60.0,20.0
2,34,1,2.8,14.050405591570259,0.0,7,60.0,20.0
2,34,2,2.8,11.747312572509239,0.0,7,60.0,20.0
2,34,3,4.0,8.6210298381272,0.125,7,60.0,20.0
2,34,4,2.8,10.575234146620417,0.0,7,60.0,20.0
2,34,5,2.8,11.622059821324864,0.0,7,60.0,20.0
2,34,6,2.8,11.906269026305424,0.0,7,60.0,20.0
2,34,7,3.6,9.638782341379558,0.125,7,60.0,20.0
2,34,8,2.8,12.71667720679069,0.0,7,60.0,20.0
2,34,9,2.8,12.036864398645847,0.0,7,60.0,20.0
2,34,10,2.8,11.32167024290755,0.0,7,60.0,20.0
2,34,11,2.8,13.218232871517653,0.0,7,60.0,20.0
2,34,12,2.8,12.032787338917823,0.0,7,60.0,20.0
2,34,13,2.8,10.987160044564238,0.0,7,60.0,20.0
2,34,14,2.8,11.581284711825981,0.0,7,60.0,20.0
2,34,15,3.0,9.966607632688692,0.0,7,60.0,20.0
2,34,16,2.8,13.407803517557106,0.0,7,60.0,20.0
2,34,17,2.8,11.454712841681717,0.0,7,60.0,20.0
2,34,18,2.8,13.093661431347204,0.0,7,60.0,20.0
2,34,19,3.8,8.076616627727402,0.125,7,60.0,20.0
2,34,20,2.8,8.546714779477778,0.0,7,60.0,20.0
2,34,21,2.8,10.328325637729014,0.0,6,60.0,20.0
3,34,1,3.0,9.242755710591203,0.0,7,60.0,20.0
3,34,2,3.0,9.838874936200504,0.0,7,60.0,20.0
3,34,3,2.8,11.07520178056882,0.0,7,60.0,20.0
3,34,4,2.8,9.703422086932653,0.0,7,60.0,20.0
3,34,5,2.8,10.151361747540937,0.0,7,60.0,20.0
3,34,6,2.8,11.480543945127074,0.0,7,60.0,20.0
3,34,7,2.8,10.294143047253588,0.0,7,60.0,20.0
3,34,8,2.8,10.262319912257286,0.0,7,60.0,20.0
3,34,9,2.8,14.547784697492972,0.0,7,60.0,20.0
3,34,10,2.8,10.63945786837162,0.0,7,60.0,20.0
3,34,11,2.8,13.041516248343376,0.0,7,60.0,20.0
3,34,12,3.6,8.780911037965836,0.125,7,60.0,20.0
3,34,13,2.8,12.452509251371897,0.0,7,60.0,20.0
3,34,14,2.8,8.680385639707781,0.0,7,60.0,20.0
3,34,15,2.8,16.276642943904566,0.0,7,60.0,20.0
3,34,16,2.8,11.266898164684072,0.0,7,60.0,20.0
3,34,17,2.8,12.069794902095731,0.0,7,60.0,20.0
3,34,18,3.0,12.624439368206476,0.0,7,60.0,20.0
3,34,19,2.8,12.57503779239365,0.0,7,60.0,20.0
3,34,20,2.8,9.641256562761216,0.0,7,60.0,20.0
3,34,21,2.8,9.293020114954393,0.0,7,60.0,20.0
3,34,22,2.8,11.01482956267904,0.0,6,60.0,20.0
1,35,1,4.0,11.332147304550933,0.0,7,60.0,20.0
1,35,2,3.2,11.305541398262427,0.0,7,60.0,20.0
1,35,3,2.8,14.45079864310431,0.0,7,60.0,20.0
1,35,4,3.0,8.183414111825217,0.0,7,60.0,20.0
1,35,5,2.8,11.529068067398121,0.0,7,60.0,20.0
1,35,6,2.8,11.329876019505923,0.0,7,60.0,20.0
1,35,7,2.8,11.193869641206556,0.0,7,60.0,20.0
1,35,8,2.8,11.712465093994155,0.0,7,60.0,20.0
1,35,9,2.8,12.149075360521207,0.0,7,60.0,20.0
1,35,10,2.8,12.33291006825869,0.0,7,60.0,20.0
1,35,11,2.8,14.261002423095373,0.0,7,60.0,20.0
1,35,12,2.8,14.245145757106181,0.0,7,60.0,20.0
1,35,13,2.8,10.463546565580815,0.0,7,60.0,20.0
1,35,14,2.8,15.89563331711007,0.0,7,60.0,20.0
1,35,15,2.8,15.237804700433072,0.0,7,60.0,20.0
1,35,16,2.8,12.4242020681012,0.0,7,60.0,20.0
1,35,17,2.8,12.497680211763946,0.0,7,60.0,20.0
1,35,18,3.0,8.964605510949772,0.0,7,60.0,20.0
1,35,19,2.8,11.572350425728448,0.0,7,60.0,20.0
1,35,20,2.8,13.00719169370293,0.0,7,60.0,20.0
1,35,21,3.2,9.365409811590029,0.0,7,60.0,20.0
1,35,22,2.25,14.529702498452629,0.0,4,60.0,20.0
2,35,1,2.8,16.167440325201664,0.0,7,60.0,20.0
2,35,2,2.8,12.465595965997348,0.0,7,60.0,20.0
2,35,3,3.2,10.826443132811606,0.0,7,60.0,20.0
2,35,4,3.0,9.597530227664224,0.0,7,60.0,20.0
2,35,5,2.8,11.676887503213296,0.0,7,60.0,20.0
2,35,6,2.8,9.789755190997093,0.0,7,60.0,20.0
2,35,7,3.0,13.017026315893538,0.0,7,60.0,20.0
2,35,8,2.8,10.261112788356607,0.0,7,60.0,20.0
2,35,9,2.8,11.593862278993178,0.0,7,60.0,20.0
2,35,10,2.8,15.710536488730815,0.0,7,60.0,20.0
2,35,11,2.8,9.089947430882257,0.0,7,60.0,20.0
2,35,12,2.8,12.499074214022752,0.0,7,60.0,20.0
2,35,13,2.8,11.265980534321262,0.0,7,60.0,20.0
2,35,14,2.8,12.101847578668414,0.0,7,60.0,20.0
2,35,15,2.8,9.1139405393998,0.0,7,60.0,20.0
2,35,16,3.6,8.891523024305764,0.125,7,60.0,20.0
2,35,17,2.8,10.987532670025583,0.0,7,60.0,20.0
2,35,18,2.8,11.482936177983422,0.0,7,60.0,20.0
2,35,19,3.2,10.215930868155128,0.0,7,60.0,20.0
2,35,20,2.8,7.9572596819210695,0.0,7,60.0,20.0
2,35,21,3.0,9.284633305465807,0.0,7,60.0,20.0
3,35,1,2.8,9.057340598925224,0.0,7,60.0,20.0
3,35,2,2.8,12.050211040146937,0.0,7,60.0,20.0
3,35,3,2.8,10.752467942063145,0.0,7,60.0,20.0
3,35,4,2.8,9.45954254109973,0.0,7,60.0,20.0
3,35,5,2.8,9.797215899897271,0.0,7,60.0,20.0
3,35,6,2.8,9.6205552849179,0.0,7,60.0,20.0
3,35,7,2.8,10.056535139153949,0.0,7,60.0,20.0
3,35,8,2.8,9.616080836618693,0.0,7,60.0,20.0
3,35,9,2.8,13.091038908777037,0.0,7,60.0,20.0
3,35,10,2.8,12.833452693819329,0.0,7,60.0,20.0
3,35,11,2.8,11.30477105731762,0.0,7,60.0,20.0
3,35,12,3.0,11.890272515914186,0.0,7,60.0,20.0
3,35,13,2.8,9.529492772911569,0.0,7,60.0,20.0
3,35,14,2.8,12.220486929576238,0.0,7,60.0,20.0
3,35,15,2.8,15.163614272855447,0.0,7,60.0,20.0
3,35,16,3.0,9.113537999951808,0.0,7,60.0,20.0
3,35,17,2.8,18.18079394164433,0.0,7,60.0,20.0
3,35,18,2.8,11.182195236719878,0.0,7,60.0,20.0
3,35,19,2.8,11.644880074526988,0.0,7,60.0,20.0
3,35,20,2.8,11.349677413095428,0.0,7,60.0,20.0
3,35,21,2.8,10.881076349597357,0.0,7,60.0,20.0
3,35,22,2.8,8.238113473198043,0.0,7,60.0,20.0
1,36,1,4.0,10.114790321192228,0.0,7,60.0,20.0
1,36,2,3.0,15.047351596720336,0.0,7,60.0,20.0
1,36,3,2.8,15.159617452402466,0.0,7,60.0,20.0
1,36,4,3.0,7.84978538441171,0.0,7,60.0,20.0
1,36,5,3.0,11.623686995601997,0.0,7,60.0,20.0
1,36,6,2.8,9.344553617235357,0.0,7,60.0,20.0
1,36,7,2.8,11.831217549678271,0.0,7,60.0,20.0
1,36,8,2.8,9.082223482834152,0.0,7,60.0,20.0
1,36,9,2.8,15.816050781617058,0.0,7,60.0,20.0
1,36,10,2.8,12.18330346629697,0.0,7,60.0,20.0
1,36,11,2.8,12.645034571889386,0.0,7,60.0,20.0
1,36,12,2.8,17.51633910876346,0.0,7,60.0,20.0
1,36,13,2.8,10.215219792869304,0.0,7,60.0,20.0
1,36,14,2.8,14.276318125221213,0.0,7,60.0,20.0
1,36,15,2.8,15.315259017095634,0.0,7,60.0,20.0
1,36,16,2.8,11.932177173408194,0.0,7,60.0,20.0
1,36,17,2.8,12.218924386219431,0.0,7,60.0,20.0
1,36,18,3.0,9.457009945088423,0.0,7,60.0,20.0
1,36,19,3.0,9.991255903721742,0.0,7,60.0,20.0
1,36,20,3.0,10.146451998740892,0.0,7,60.0,20.0
1,36,21,3.0,9.286610148222787,0.0,7,60.0,20.0
1,36,22,2.0,13.801116371150693,0.0,4,60.0,20.0
2,36,1,2.8,15.956542038478666,0.0,7,60.0,20.0
2,36,2,2.8,10.870399918760178,0.0,7,60.0,20.0
2,36,3,3.8,8.807404721317193,0.125,7,60.0,20.0
2,36,4,2.8,10.934689847083568,0.0,7,60.0,20.0
2,36,5,2.8,9.53829456226484,0.0,7,60.0,20.0
2,36,6,2.8,11.340993103687866,0.0,7,60.0,20.0
2,36,7,3.0,13.496298481048647,0.0,7,60.0,20.0
2,36,8,2.8,11.052988354874648,0.0,7,60.0,20.0
2,36,9,2.8,12.400447586003905,0.0,7,60.0,20.0
2,36,10,2.8,14.180781037839878,0.0,7,60.0,20.0
2,36,11,2.8,10.50604518678853,0.0,7,60.0,20.0
2,36,12,2.8,11.830007948222486,0.0,7,60.0,20.0
2,36,13,2.8,12.499586440835097,0.0,7,60.0,20.0
2,36,14,2.8,11.0177204165161,0.0,7,60.0,20.0
2,36,15,2.8,8.746803774819648,0.0,7,60.0,20.0
2,36,16,3.0,12.444440526284398,0.0,7,60.0,20.0
2,36,17,2.8,11.958195768916823,0.0,7,60.0,20.0
2,36,18,2.8,16.15514900204301,0.0,7,60.0,20.0
2,36,19,3.2,9.083635563879582,0.0,7,60.0,20.0
2,36,20,2.8,9.96207288160265,0.0,7,60.0,20.0
2,36,21,3.0,9.019446178461138,0.0,7,60.0,20.0
3,36,1,2.8,10.104832997069412,0.0,7,60.0,20.0
3,36,2,2.8,11.932660416170757,0.0,7,60.0,20.0
3,36,3,2.8,11.45746575307589,0.0,7,60.0,20.0
3,36,4,2.8,9.653643528607097,0.0,7,60.0,20.0
3,36,5,2.8,9.657978968508479,0.0,7,60.0,20.0
3,36,6,2.8,10.495547321126802,0.0,7,60.0,20.0
3,36,7,2.8,11.826041683522533,0.0,7,60.0,20.0
3,36,8,2.8,11.262937175161307,0.0,7,60.0,20.0
3,36,9,2.8,11.557319471639401,0.0,7,60.0,20.0
3,36,10,2.8,11.59286500042645,0.0,7,60.0,20.0
3,36,11,2.8,12.30555079900131,0.0,7,60.0,20.0
3,36,12,3.0,11.032359594901061,0.0,7,60.0,20.0
3,36,13,2.8,9.4998893909038,0.0,7,60.0,20.0
3,36,14,3.0,10.125667516794763,0.0,7,60.0,20.0
3,36,15,2.8,13.481654722431081,0.0,7,60.0,20.0
3,36,16,3.0,10.240748869060964,0.0,7,60.0,20.0
3,36,17,2.8,12.594404039513964,0.0,7,60.0,20.0
3,36,18,3.0,11.868863789568664,0.0,7,60.0,20.0
3,36,19,2.8,11.139740504383177,0.0,7,60.0,20.0
3,36,20,2.8,12.42635436751445,0.0,7,60.0,20.0
3,36,21,2.8,9.613104778587278,0.0,7,60.0,20.0
3,36,22,2.8,10.987121532750889,0.0,7,60.0,20.0
1,37,1,4.2,10.053555468475878,0.0,7,60.0,20.0
1,37,2,3.2,9.712677050464396,0.0,7,60.0,20.0
1,37,3,2.8,10.489443380144467,0.0,7,60.0,20.0
1,37,4,3.0,8.776214146431087,0.0,7,60.0,20.0
1,37,5,2.8,12.38238871793456,0.0,7,60.0,20.0
1,37,6,2.8,9.720483832958786,0.0,7,60.0,20.0
1,37,7,2.8,11.87691340532672,0.0,7,60.0,20.0
1,37,8,2.8,10.025750017101128,0.0,7,60.0,20.0
1,37,9,2.8,13.112336197677594,0.0,7,60.0,20.0
1,37,10,2.8,15.36437033596872,0.0,7,60.0,20.0
1,37,11,2.8,15.244186631106485,0.0,7,60.0,20.0
1,37,12,2.8,15.109709931006233,0.0,7,60.0,20.0
1,37,13,2.8,12.742526896545867,0.0,7,60.0,20.0
1,37,14,2.8,12.949598369392769,0.0,7,60.0,20.0
1,37,15,2.8,17.287260958555947,0.0,7,60.0,20.0
1,37,16,2.8,10.391299366754447,0.0,7,60.0,20.0
1,37,17,2.8,12.283848014863604,0.0,7,60.0,20.0
1,37,18,3.6,6.826636129248837,0.125,7,60.0,20.0
1,37,19,2.8,11.143904002580683,0.0,7,60.0,20.0
1,37,20,2.8,11.244374370313576,0.0,7,60.0,20.0
1,37,21,3.0,9.348056184934727,0.0,7,60.0,20.0
2,37,1,3.0,15.515532805676674,0.0,7,60.0,20.0
2,37,2,2.8,10.571312408249376,0.0,7,60.0,20.0
2,37,3,3.6,8.062208950468511,0.125,7,60.0,20.0
2,37,4,2.8,11.154048454876209,0.0,7,60.0,20.0
2,37,5,2.8,10.223907657540995,0.0,7,60.0,20.0
2,37,6,2.8,10.343636055100927,0.0,7,60.0,20.0
2,37,7,3.0,11.623847570535537,0.0,7,60.0,20.0
2,37,8,2.8,11.360958738525214,0.0,7,60.0,20.0
2,37,9,2.8,11.535113229320485,0.0,7,60.0,20.0
2,37,10,2.8,11.710060231819941,0.0,7,60.0,20.0
2,37,11,2.8,9.830582289352009,0.0,7,60.0,20.0
2,37,12,2.8,12.306062986341272,0.0,7,60.0,20.0
2,37,13,2.8,11.96176680223283,0.0,7,60.0,20.0
2,37,14,2.8,10.561120339351111,0.0,7,60.0,20.0
2,37,15,2.8,9.782024211091587,0.0,7,60.0,20.0
2,37,16,3.0,12.75589204843243,0.0,7,60.0,20.0
2,37,17,2.8,10.873908157657311,0.0,7,60.0,20.0
2,37,18,2.8,15.90311026856083,0.0,7,60.0,20.0
2,37,19,3.2,9.718740306741553,0.0,7,60.0,20.0
2,37,20,2.8,10.12702372562836,0.0,7,60.0,20.0
2,37,21,3.0,8.286262468354655,0.0,7,60.0,20.0
3,37,1,2.8,10.576639140491483,0.0,7,60.0,20.0
3,37,2,2.8,10.066813860503398,0.0,7,60.0,20.0
3,37,3,2.8,13.10191791740798,0.0,7,60.0,20.0
3,37,4,2.8,10.269602052537817,0.0,7,60.0,20.0
3,37,5,2.8,9.235069488178196,0.0,7,60.0,20.0
3,37,6,2.8,10.097027906564248,0.0,7,60.0,20.0
3,37,7,2.8,10.918254447138102,0.0,7,60.0,20.0
3,37,8,2.8,11.829316869644813,0.0,7,60.0,20.0
3,37,9,2.8,12.63141966959122,0.0,7,60.0,20.0
3,37,10,2.8,13.454548090137976,0.0,7,60.0,20.0
3,37,11,2.8,12.767950730206794,0.0,7,60.0,20.0
3,37,12,3.6,8.780547236551014,0.125,7,60.0,20.0
3,37,13,2.8,12.034401235733228,0.0,7,60.0,20.0
3,37,14,2.8,9.983824019052033,0.0,7,60.0,20.0
3,37,15,2.8,11.956185316229899,0.0,7,60.0,20.0
3,37,16,3.0,9.581923824125443,0.0,7,60.0,20.0
3,37,17,2.8,15.419511166021575,0.0,7,60.0,20.0
3,37,18,2.8,10.116253529846094,0.0,7,60.0,20.0
3,37,19,2.8,12.202472814879327,0.0,7,60.0,20.0
3,37,20,2.8,12.29703457513763,0.0,7,60.0,20.0
3,37,21,2.8,9.148846725357362,0.0,7,60.0,20.0
3,37,22,3.0,10.88486577144317,0.0,7,60.0,20.0
1,38,1,4.0,8.917355620009051,0.0,7,60.0,20.0
1,38,2,3.4,10.895836323796305,0.0,7,60.0,20.0
1,38,3,2.8,13.347127701928564,0.0,7,60.0,20.0
1,38,4,3.0,9.435840375676085,0.0,7,60.0,20.0
1,38,5,2.8,10.541257782635554,0.0,7,60.0,20.0
1,38,6,2.8,12.375531053052752,0.0,7,60.0,20.0
1,38,7,2.8,9.529226685744613,0.0,7,60.0,20.0
1,38,8,2.8,10.299932765871386,0.0,7,60.0,20.0
1,38,9,2.8,14.093685242855592,0.0,7,60.0,20.0
1,38,10,2.8,14.908237642490372,0.0,7,60.0,20.0
1,38,11,2.8,13.063141270005412,0.0,7,60.0,20.0
1,38,12,2.8,14.59729083541833,0.0,7,60.0,20.0
1,38,13,2.8,14.5941593066786,0.0,7,60.0,20.0
1,38,14,2.8,12.493196237827005,0.0,7,60.0,20.0
1,38,15,2.8,15.388929925388107,0.0,7,60.0,20.0
1,38,16,2.8,10.355584965745734,0.0,7,60.0,20.0
1,38,17,2.8,11.422338521520492,0.0,7,60.0,20.0
1,38,18,3.6,7.479032904848614,0.125,7,60.0,20.0
1,38,19,2.8,13.82920334742451,0.0,7,60.0,20.0
1,38,20,2.8,10.958109632173743,0.0,7,60.0,20.0
1,38,21,3.0,11.420957185207191,0.0,7,60.0,20.0
2,38,1,2.8,14.870269847180863,0.0,7,60.0,20.0
2,38,2,2.8,10.268152729751353,0.0,7,60.0,20.0
2,38,3,3.2,11.808906438339152,0.0,7,60.0,20.0
2,38,4,3.2,9.947283500770808,0.0,7,60.0,20.0
2,38,5,2.8,10.966403834967034,0.0,7,60.0,20.0
2,38,6,2.8,9.04069867216405,0.0,7,60.0,20.0
2,38,7,3.0,12.044688085237922,0.0,7,60.0,20.0
2,38,8,2.8,10.561836693895906,0.0,7,60.0,20.0
2,38,9,2.8,11.205609270418707,0.0,7,60.0,20.0
2,38,10,2.8,11.762380272303023,0.0,7,60.0,20.0
2,38,11,2.8,8.734757855997756,0.0,7,60.0,20.0
2,38,12,2.8,12.46044153462628,0.0,7,60.0,20.0
2,38,13,2.8,13.483768490514558,0.0,7,60.0,20.0
2,38,14,2.8,11.464653498786827,0.0,7,60.0,20.0
2,38,15,2.8,9.65695762482907,0.0,7,60.0,20.0
2,38,16,3.0,12.42794367646329,0.0,7,60.0,20.0
2,38,17,2.8,15.225426040610202,0.0,7,60.0,20.0
2,38,18,2.8,10.455880692468536,0.0,7,60.0,20.0
2,38,19,3.0,13.036833002129585,0.0,7,60.0,20.0
2,38,20,2.8,9.109679752702638,0.0,7,60.0,20.0
2,38,21,3.0,8.654473831650073,0.0,7,60.0,20.0
2,38,22,2.0,16.924589714741565,0.0,4,60.0,20.0
3,38,1,2.8,10.309222841772169,0.0,7,60.0,20.0
3,38,2,2.8,11.571443723652955,0.0,7,60.0,20.0
3,38,3,2.8,12.020417442051844,0.0,7,60.0,20.0
3,38,4,2.8,8.882537665651991,0.0,7,60.0,20.0
3,38,5,2.8,10.326551331790068,0.0,7,60.0,20.0
3,38,6,2.8,10.849286252901209,0.0,7,60.0,20.0
3,38,7,2.8,10.241777104686994,0.0,7,60.0,20.0
3,38,8,2.8,12.1827600570608,0.0,7,60.0,20.0
3,38,9,2.8,11.449145395866923,0.0,7,60.0,20.0
3,38,10,2.8,12.673891328636408,0.0,7,60.0,20.0
3,38,11,2.8,11.852459081673949,0.0,7,60.0,20.0
3,38,12,3.0,12.679044182515733,0.0,7,60.0,20.0
3,38,13,2.8,9.69566680295264,0.0,7,60.0,20.0
3,38,14,2.8,13.083142694368467,0.0,7,60.0,20.0
3,38,15,2.8,13.22857103419869,0.0,7,60.0,20.0
3,38,16,3.0,9.15446067611558,0.0,7,60.0,20.0
3,38,17,2.8,15.507190664750722,0.0,7,60.0,20.0
3,38,18,3.0,9.191395058957495,0.0,7,60.0,20.0
3,38,19,2.8,12.23986233592816,0.0,7,60.0,20.0
3,38,20,2.8,11.702738676824357,0.0,7,60.0,20.0
3,38,21,2.8,9.59225529039688,0.0,7,60.0,20.0
3,38,22,2.8,10.786225632091938,0.0,7,60.0,20.0
1,39,1,4.0,11.798067197241888,0.0,7,60.0,20.0
1,39,2,3.0,11.10847926948853,0.0,7,60.0,20.0
1,39,3,2.8,14.398929356775264,0.0,7,60.0,20.0
1,39,4,3.0,7.433411669068023,0.0,7,60.0,20.0
1,39,5,2.8,10.537925446232377,0.0,7,60.0,20.0
1,39,6,2.8,12.450699327851904,0.0,7,60.0,20.0
1,39,7,2.8,9.388809432552959,0.0,7,60.0,20.0
1,39,8,2.8,9.549131457623727,0.0,7,60.0,20.0
1,39,9,2.8,13.151870525129251,0.0,7,60.0,20.0
1,39,10,2.8,11.475621404172262,0.0,7,60.0,20.0
1,39,11,2.8,17.368138032922804,0.0,7,60.0,20.0
1,39,12,2.8,16.299167494123942,0.0,7,60.0,20.0
1,39,13,2.8,12.607626175190308,0.0,7,60.0,20.0
1,39,14,2.8,13.891691208578244,0.0,7,60.0,20.0
1,39,15,2.8,10.661150337986042,0.0,7,60.0,20.0
1,39,16,2.8,11.276393572393218,0.0,7,60.0,20.0
1,39,17,2.8,11.01628233217729,0.0,7,60.0,20.0
1,39,18,3.2,7.73452161919537,0.0,7,60.0,20.0
1,39,19,2.8,11.311675861633338,0.0,7,60.0,20.0
1,39,20,2.8,12.191420391034793,0.0,7,60.0,20.0
1,39,21,3.0,10.434161359082553,0.0,7,60.0,20.0
1,39,22,2.0,12.48408915658592,0.0,5,60.0,20.0
2,39,1,2.8,18.240810536581716,0.0,7,60.0,20.0
2,39,2,2.8,11.087161128541114,0.0,7,60.0,20.0
2,39,3,3.2,9.771344721739261,0.0,7,60.0,20.0
2,39,4,3.0,9.597530227664258,0.0,7,60.0,20.0
2,39,5,2.8,10.585554091164978,0.0,7,60.0,20.0
2,39,6,2.8,10.318262993166588,0.0,7,60.0,20.0
2,39,7,3.0,11.10295399879896,0.0,7,60.0,20.0
2,39,8,2.8,11.69321590564292,0.0,7,60.0,20.0
2,39,9,2.8,11.682444148530227,0.0,7,60.0,20.0
2,39,10,2.8,12.525325349021376,0.0,7,60.0,20.0
2,39,11,2.8,9.255007643193897,0.0,7,60.0,20.0
2,39,12,2.8,14.550896205341243,0.0,7,60.0,20.0
2,39,13,2.8,11.787065992086971,0.0,7,60.0,20.0
2,39,14,2.8,12.030434583342569,0.0,7,60.0,20.0
2,39,15,2.8,9.210010442681524,0.0,7,60.0,20.0
2,39,16,3.6,10.6578622401133,0.125,7,60.0,20.0
2,39,17,2.8,11.635526566645606,0.0,7,60.0,20.0
2,39,18,2.8,13.220412971257959,0.0,7,60.0,20.0
2,39,19,3.0,10.983257864389055,0.0,7,60.0,20.0
2,39,20,2.8,9.572284990506073,0.0,7,60.0,20.0
2,39,21,3.0,9.350381753386081,0.0,7,60.0,20.0
3,39,1,2.8,10.361618800670021,0.0,7,60.0,20.0
3,39,2,2.8,12.997727597830407,0.0,7,60.0,20.0
3,39,3,2.8,12.163855719295128,0.0,7,60.0,20.0
3,39,4,2.8,9.714979626510361,0.0,7,60.0,20.0
3,39,5,2.8,10.8775234086676,0.0,7,60.0,20.0
3,39,6,2.8,9.187025141701062,0.0,7,60.0,20.0
3,39,7,2.8,10.156737243705063,0.0,7,60.0,20.0
3,39,8,2.8,10.383366620959553,0.0,7,60.0,20.0
3,39,9,2.8,13.290163770073617,0.0,7,60.0,20.0
3,39,10,2.8,10.083022621048876,0.0,7,60.0,20.0
3,39,11,2.8,10.544651985414387,0.0,7,60.0,20.0
3,39,12,3.0,12.321442858421,0.0,7,60.0,20.0
3,39,13,2.8,9.947989300312697,0.0,7,60.0,20.0
3,39,14,2.8,11.151020037606031,0.0,7,60.0,20.0
3,39,15,2.8,11.403405636788348,0.0,7,60.0,20.0
3,39,16,3.0,9.959439429941717,0.0,7,60.0,20.0
3,39,17,2.8,16.78383073743921,0.0,7,60.0,20.0
3,39,18,2.8,12.282555464577877,0.0,7,60.0,20.0
3,39,19,2.8,12.789349902033914,0.0,7,60.0,20.0
3,39,20,2.8,11.878715884210454,0.0,7,60.0,20.0
3,39,21,2.8,8.862818376697613,0.0,7,60.0,20.0
3,39,22,2.8,8.794887429776395,0.0,7,60.0,20.0
1,40,1,4.0,9.203358633351687,0.0,7,60.0,20.0
1,40,2,3.2,12.348027695566625,0.0,7,60.0,20.0
1,40,3,2.8,12.22310326118182,0.0,7,60.0,20.0
1,40,4,3.0,8.172316013644506,0.0,7,60.0,20.0
1,40,5,3.0,10.17143054019855,0.0,7,60.0,20.0
1,40,6,2.8,10.918084806239237,0.0,7,60.0,20.0
1,40,7,2.8,9.987231070933294,0.0,7,60.0,20.0
1,40,8,2.8,10.798267450659694,0.0,7,60.0,20.0
1,40,9,2.8,13.834829825432115,0.0,7,60.0,20.0
1,40,10,2.8,13.782979320996303,0.0,7,60.0,20.0
1,40,11,2.8,17.451569306635726,0.0,7,60.0,20.0
1,40,12,2.8,12.153703468126436,0.0,7,60.0,20.0
1,40,13,2.8,11.568341244359459,0.0,7,60.0,20.0
1,40,14,2.8,13.53115224893135,0.0,7,60.0,20.0
1,40,15,2.8,18.28385051730956,0.0,7,60.0,20.0
1,40,16,2.8,9.88017718781849,0.0,7,60.0,20.0
1,40,17,2.8,11.315099635029965,0.0,7,60.0,20.0
1,40,18,3.0,7.59212972313802,0.0,7,60.0,20.0
1,40,19,3.0,10.28392916257051,0.0,7,60.0,20.0
1,40,20,2.8,9.914714968879656,0.0,7,60.0,20.0
1,40,21,3.0,9.832084319732129,0.0,7,60.0,20.0
1,40,22,2.0,13.96098720241142,0.0,4,60.0,20.0
2,40,1,2.8,13.116322237603008,0.0,7,60.0,20.0
2,40,2,2.8,11.547694743014446,0.0,7,60.0,20.0
2,40,3,3.8,8.193838165218207,0.125,7,60.0,20.0
2,40,4,3.2,9.127063077761434,0.0,7,60.0,20.0
2,40,5,2.8,10.682502456258527,0.0,7,60.0,20.0
2,40,6,2.8,10.355287961060405,0.0,7,60.0,20.0
2,40,7,3.0,10.68697412447572,0.0,7,60.0,20.0
2,40,8,2.8,10.566110594231052,0.0,7,60.0,20.0
2,40,9,2.8,11.48058879712078,0.0,7,60.0,20.0
2,40,10,2.8,11.507560366175836,0.0,7,60.0,20.0
2,40,11,2.8,10.854483859084036,0.0,7,60.0,20.0
2,40,12,2.8,12.446106330015745,0.0,7,60.0,20.0
2,40,13,2.8,12.874182481334245,0.0,7,60.0,20.0
2,40,14,2.8,11.178670301774781,0.0,7,60.0,20.0
2,40,15,3.0,8.886021359240532,0.0,7,60.0,20.0
2,40,16,2.8,12.212454327616577,0.0,7,60.0,20.0
2,40,17,2.8,11.628596739874599,0.0,7,60.0,20.0
2,40,18,2.8,11.564635507554968,0.0,7,60.0,20.0
2,40,19,3.0,10.64175246513777,0.0,7,60.0,20.0
2,40,20,2.8,7.726067643851316,0.0,7,60.0,20.0
2,40,21,3.0,9.369978208099269,0.0,7,60.0,20.0
3,40,1,2.8,10.274585605036027,0.0,7,60.0,20.0
3,40,2,2.8,10.83356586881106,0.0,7,60.0,20.0
3,40,3,2.8,12.212432241982198,0.0,7,60.0,20.0
3,40,4,2.8,10.462851998985931,0.0,7,60.0,20.0
3,40,5,2.8,8.873315878084759,0.0,7,60.0,20.0
3,40,6,2.8,10.697477939756268,0.0,7,60.0,20.0
3,40,7,2.8,8.772737644783431,0.0,7,60.0,20.0
3,40,8,2.8,10.278666015359422,0.0,7,60.0,20.0
3,40,9,2.8,14.555291042062366,0.0,7,60.0,20.0
3,40,10,2.8,12.267169639359182,0.0,7,60.0,20.0
3,40,11,2.8,11.283914407246439,0.0,7,60.0,20.0
3,40,12,3.6,8.607544920547065,0.125,7,60.0,20.0
3,40,13,2.8,10.936884184200537,0.0,7,60.0,20.0
3,40,14,2.8,10.909893965909031,0.0,7,60.0,20.0
3,40,15,2.8,17.15386177237299,0.0,7,60.0,20.0
3,40,16,2.8,9.173526588624531,0.0,7,60.0,20.0
3,40,17,2.8,13.369170972496047,0.0,7,60.0,20.0
3,40,18,2.8,13.966198872480277,0.0,7,60.0,20.0
3,40,19,2.8,9.912096345833662,0.0,7,60.0,20.0
3,40,20,2.8,12.42635436751445,0.0,7,60.0,20.0
3,40,21,2.8,8.759498487089196,0.0,7,60.0,20.0
3,40,22,2.8,10.86995971172284,0.0,7,60.0,20.0
1,41,1,4.0,9.583926440118118,0.0,7,60.0,20.0
1,41,2,3.0,14.23008405290264,0.0,7,60.0,20.0
1,41,3,2.8,14.468071002099263,0.0,7,60.0,20.0
1,41,4,3.0,7.43341166906802,0.0,7,60.0,20.0
1,41,5,2.8,12.454537840326596,0.0,7,60.0,20.0
1,41,6,2.8,11.138866534262057,0.0,7,60.0,20.0
1,41,7,2.8,9.202418518074026,0.0,7,60.0,20.0
1,41,8,2.8,10.388716777955302,0.0,7,60.0,20.0
1,41,9,2.8,13.752155071698946,0.0,7,60.0,20.0
1,41,10,2.8,10.459754607604753,0.0,7,60.0,20.0
1,41,11,2.8,16.511530329527556,0.0,7,60.0,20.0
1,41,12,2.8,14.96354778431922,0.0,7,60.0,20.0
1,41,13,2.8,9.97741419383861,0.0,7,60.0,20.0
1,41,14,2.8,18.90302219138106,0.0,7,60.0,20.0
1,41,15,2.8,12.733759536459985,0.0,7,60.0,20.0
1,41,16,2.8,10.564691197047738,0.0,7,60.0,20.0
1,41,17,2.8,15.332974425288038,0.0,7,60.0,20.0
1,41,18,3.6,6.949792219948471,0.125,7,60.0,20.0
1,41,19,3.0,9.766695920492248,0.0,7,60.0,20.0
1,41,20,3.0,10.318939526552192,0.0,7,60.0,20.0
1,41,21,3.0,8.814763684092823,0.0,7,60.0,20.0
2,41,1,2.8,12.867959031939646,0.0,7,60.0,20.0
2,41,2,2.8,10.889754626423516,0.0,7,60.0,20.0
2,41,3,3.2,11.78614998143289,0.0,7,60.0,20.0
2,41,4,3.2,8.59182924056259,0.0,7,60.0,20.0
2,41,5,2.8,9.516082143209768,0.0,7,60.0,20.0
2,41,6,2.8,10.270392696993726,0.0,7,60.0,20.0
2,41,7,3.6,9.785840807609476,0.125,7,60.0,20.0
2,41,8,2.8,11.56509160630771,0.0,7,60.0,20.0
2,41,9,2.8,12.74893216358572,0.0,7,60.0,20.0
2,41,10,2.8,10.034866542381755,0.0,7,60.0,20.0
2,41,11,2.8,10.97131051197778,0.0,7,60.0,20.0
2,41,12,2.8,12.652078416741913,0.0,7,60.0,20.0
2,41,13,2.8,11.366806236130003,0.0,7,60.0,20.0
2,41,14,2.8,11.82717863097844,0.0,7,60.0,20.0
2,41,15,3.6,8.064483975161675,0.125,7,60.0,20.0
2,41,16,2.8,10.197652913871623,0.0,7,60.0,20.0
2,41,17,2.8,11.59396995451673,0.0,7,60.0,20.0
2,41,18,2.8,12.580876370964814,0.0,7,60.0,20.0
2,41,19,2.8,10.473845258197896,0.0,7,60.0,20.0
2,41,20,2.8,8.59634874290155,0.0,7,60.0,20.0
2,41,21,3.6,8.200492133092405,0.125,7,60.0,20.0
3,41,1,2.8,9.734909519061066,0.0,7,60.0,20.0
3,41,2,2.8,11.293671352945006,0.0,7,60.0,20.0
3,41,3,2.8,10.944884453908864,0.0,7,60.0,20.0
3,41,4,2.8,9.488894612385439,0.0,7,60.0,20.0
3,41,5,2.8,9.797215899897271,0.0,7,60.0,20.0
3,41,6,2.8,10.531692990955879,0.0,7,60.0,20.0
3,41,7,2.8,9.264412202313057,0.0,7,60.0,20.0
3,41,8,2.8,12.015227685732842,0.0,7,60.0,20.0
3,41,9,2.8,12.870651074429366,0.0,7,60.0,20.0
3,41,10,2.8,10.871630479613204,0.0,7,60.0,20.0
3,41,11,2.8,10.244396767987368,0.0,7,60.0,20.0
3,41,12,3.0,11.423883959097205,0.0,7,60.0,20.0
3,41,13,2.8,10.079140355596385,0.0,7,60.0,20.0
3,41,14,3.0,10.075624911787111,0.0,7,60.0,20.0
3,41,15,2.8,11.375394797586747,0.0,7,60.0,20.0
3,41,16,3.0,9.523202072871094,0.0,7,60.0,20.0
3,41,17,2.8,14.75106773527372,0.0,7,60.0,20.0
3,41,18,2.8,11.535294530298847,0.0,7,60.0,20.0
3,41,19,2.8,12.515371444757122,0.0,7,60.0,20.0
3,41,20,2.8,9.967231394433204,0.0,7,60.0,20.0
3,41,21,2.8,9.286403809288005,0.0,7,60.0,20.0
3,41,22,2.8,10.227103301980106,0.0,7,60.0,20.0
1,42,1,4.2,8.741066940930228,0.0,7,60.0,20.0
1,42,2,3.2,11.94623277782931,0.0,7,60.0,20.0
1,42,3,2.8,10.82873372792537,0.0,7,60.0,20.0
1,42,4,3.0,7.9959838586607805,0.0,7,60.0,20.0
1,42,5,2.8,11.2078537600686,0.0,7,60.0,20.0
1,42,6,2.8,9.673670527150488,0.0,7,60.0,20.0
1,42,7,2.8,10.98891697333209,0.0,7,60.0,20.0
1,42,8,2.8,11.076135923430865,0.0,7,60.0,20.0
1,42,9,2.8,15.157174099803616,0.0,7,60.0,20.0
1,42,10,2.8,10.56812346183684,0.0,7,60.0,20.0
1,42,11,2.8,15.639831192532482,0.0,7,60.0,20.0
1,42,12,2.8,14.849080998509283,0.0,7,60.0,20.0
1,42,13,2.8,14.181998542110861,0.0,7,60.0,20.0
1,42,14,2.8,12.784755989938544,0.0,7,60.0,20.0
1,42,15,2.8,13.403623620905616,0.0,7,60.0,20.0
1,42,16,2.8,10.958189364654555,0.0,7,60.0,20.0
1,42,17,2.8,12.334133420050016,0.0,7,60.0,20.0
1,42,18,3.6,8.048408985794568,0.125,7,60.0,20.0
1,42,19,3.2,8.687007577099491,0.0,7,60.0,20.0
1,42,20,2.8,10.115843144967695,0.0,7,60.0,20.0
1,42,21,3.0,10.256924429549208,0.0,7,60.0,20.0
2,42,1,2.8,15.433112001468372,0.0,7,60.0,20.0
2,42,2,2.8,12.75147961216208,0.0,7,60.0,20.0
2,42,3,3.2,10.528258457708683,0.0,7,60.0,20.0
2,42,4,3.0,11.09480143785337,0.0,7,60.0,20.0
2,42,5,2.8,12.286792169950775,0.0,7,60.0,20.0
2,42,6,2.8,11.97484679815271,0.0,7,60.0,20.0
2,42,7,3.0,12.162782831232548,0.0,7,60.0,20.0
2,42,8,3.0,10.896379874874924,0.0,7,60.0,20.0
2,42,9,2.8,11.996888172649902,0.0,7,60.0,20.0
2,42,10,2.8,12.689754523490683,0.0,7,60.0,20.0
2,42,11,2.8,9.249960841795831,0.0,7,60.0,20.0
2,42,12,2.8,11.083083428788191,0.0,7,60.0,20.0
2,42,13,2.8,11.462184977187185,0.0,7,60.0,20.0
2,42,14,2.8,11.191924046774618,0.0,7,60.0,20.0
2,42,15,2.8,9.65695762482907,0.0,7,60.0,20.0
2,42,16,3.0,11.323498551406837,0.0,7,60.0,20.0
2,42,17,2.8,12.264025050945914,0.0,7,60.0,20.0
2,42,18,2.8,11.369402956027663,0.0,7,60.0,20.0
2,42,19,2.8,12.82907426482106,0.0,7,60.0,20.0
2,42,20,3.0,8.450138155419054,0.0,7,60.0,20.0
2,42,21,3.0,8.071951737957429,0.0,7,60.0,20.0
2,42,22,2.0,17.10205801608386,0.0,4,60.0,20.0
3,42,1,2.8,10.0881657317568,0.0,7,60.0,20.0
3,42,2,2.8,11.169917321800494,0.0,7,60.0,20.0
3,42,3,2.8,12.537888727724518,0.0,7,60.0,20.0
3,42,4,2.8,10.033735001388857,0.0,7,60.0,20.0
3,42,5,2.8,10.171980923305176,0.0,7,60.0,20.0
3,42,6,2.8,9.077937617365482,0.0,7,60.0,20.0
3,42,7,2.8,11.69041548089503,0.0,7,60.0,20.0
3,42,8,3.0,11.433433961370548,0.0,7,60.0,20.0
3,42,9,2.8,13.006592699891268,0.0,7,60.0,20.0
3,42,10,2.8,10.527997161467653,0.0,7,60.0,20.0
3,42,11,2.8,11.783194056285808,0.0,7,60.0,20.0
3,42,12,3.6,10.61296458664722,0.125,7,60.0,20.0
3,42,13,3.0,10.02077446194202,0.0,7,60.0,20.0
3,42,14,2.8,8.754938856603099,0.0,7,60.0,20.0
3,42,15,2.8,14.96260199180568,0.0,7,60.0,20.0
3,42,16,2.8,9.947505531913766,0.0,7,60.0,20.0
3,42,17,2.8,12.80247576927448,0.0,7,60.0,20.0
3,42,18,3.0,12.269868504735843,0.0,7,60.0,20.0
3,42,19,2.8,12.920381043456322,0.0,7,60.0,20.0
3,42,20,2.8,8.757714190750683,0.0,7,60.0,20.0
3,42,21,2.8,9.321346327986916,0.0,7,60.0,20.0
3,42,22,2.8,11.341640545541468,0.0,7,60.0,20.0
1,43,1,4.0,8.478240160403745,0.0,7,60.0,20.0
1,43,2,3.0,13.115143067426578,0.0,7,60.0,20.0
1,43,3,2.8,13.317033420304162,0.0,7,60.0,20.0
1,43,4,3.0,8.431928045044279,0.0,7,60.0,20.0
1,43,5,2.8,13.922005260313645,0.0,7,60.0,20.0
1,43,6,2.8,11.057112049818064,0.0,7,60.0,20.0
1,43,7,2.8,10.900309787524431,0.0,7,60.0,20.0
1,43,8,2.8,9.86167715933305,0.0,7,60.0,20.0
1,43,9,2.8,15.9339524176728,0.0,7,60.0,20.0
1,43,10,2.8,13.538118759206801,0.0,7,60.0,20.0
1,43,11,2.8,13.79083836817509,0.0,7,60.0,20.0
1,43,12,2.8,12.058957094406844,0.0,7,60.0,20.0
1,43,13,2.8,11.980963320999344,0.0,7,60.0,20.0
1,43,14,2.8,14.528023768172897,0.0,7,60.0,20.0
1,43,15,2.8,15.442150828152469,0.0,7,60.0,20.0
1,43,16,2.8,9.744654352788116,0.0,7,60.0,20.0
1,43,17,2.8,13.820815559447311,0.0,7,60.0,20.0
1,43,18,3.2,8.403235877695094,0.0,7,60.0,20.0
1,43,19,2.8,9.93203570801773,0.0,7,60.0,20.0
1,43,20,2.8,11.01078121014851,0.0,7,60.0,20.0
1,43,21,3.0,10.506933036587995,0.0,7,60.0,20.0
1,43,22,2.0,12.03528723449297,0.0,5,60.0,20.0
2,43,1,2.8,13.433211568622193,0.0,7,60.0,20.0
2,43,2,2.8,10.065372130649399,0.0,7,60.0,20.0
2,43,3,3.8,8.215851861873778,0.125,7,60.0,20.0
2,43,4,2.8,11.277449163961686,0.0,7,60.0,20.0
2,43,5,2.8,10.34495818829524,0.0,7,60.0,20.0
2,43,6,2.8,10.994419632059312,0.0,7,60.0,20.0
2,43,7,3.0,11.78057222917236,0.0,7,60.0,20.0
2,43,8,2.8,12.078946459654574,0.0,7,60.0,20.0
2,43,9,2.8,11.622796244916064,0.0,7,60.0,20.0
2,43,10,2.8,12.104028260428848,0.0,7,60.0,20.0
2,43,11,2.8,9.43623894049764,0.0,7,60.0,20.0
2,43,12,2.8,14.596919881438069,0.0,7,60.0,20.0
2,43,13,2.8,15.750772996987191,0.0,7,60.0,20.0
2,43,14,2.8,11.219836690405922,0.0,7,60.0,20.0
2,43,15,2.8,8.503581003589003,0.0,7,60.0,20.0
2,43,16,3.6,9.574394775025558,0.125,7,60.0,20.0
2,43,17,2.8,12.559807813566755,0.0,7,60.0,20.0
2,43,18,2.8,11.811312308863293,0.0,7,60.0,20.0
2,43,19,3.2,10.433375785131842,0.0,7,60.0,20.0
2,43,20,2.8,7.979504336967474,0.0,7,60.0,20.0
2,43,21,3.0,10.941900580094327,0.0,7,60.0,20.0
3,43,1,2.8,10.005647406124558,0.0,7,60.0,20.0
3,43,2,2.8,11.527823502634321,0.0,7,60.0,20.0
3,43,3,2.8,14.06615362175201,0.0,7,60.0,20.0
3,43,4,2.8,9.745940889103117,0.0,7,60.0,20.0
3,43,5,2.8,9.828704398092176,0.0,7,60.0,20.0
3,43,6,2.8,10.047267288351577,0.0,7,60.0,20.0
3,43,7,2.8,9.925967897700808,0.0,7,60.0,20.0
3,43,8,2.8,12.635808055408592,0.0,7,60.0,20.0
3,43,9,2.8,13.799939842809351,0.0,7,60.0,20.0
3,43,10,2.8,11.441062758223863,0.0,7,60.0,20.0
3,43,11,2.8,11.6050748045062,0.0,7,60.0,20.0
3,43,12,3.6,9.358254589345933,0.125,7,60.0,20.0
3,43,13,2.8,9.861219134325038,0.0,7,60.0,20.0
3,43,14,2.8,9.592365590428406,0.0,7,60.0,20.0
3,43,15,2.8,16.072013312078795,0.0,7,60.0,20.0
3,43,16,2.8,10.301452718357762,0.0,7,60.0,20.0
3,43,17,2.8,17.2537989667725,0.0,7,60.0,20.0
3,43,18,2.8,11.142041090941765,0.0,7,60.0,20.0
3,43,19,2.8,12.767550446762556,0.0,7,60.0,20.0
3,43,20,2.8,12.451652807240864,0.0,7,60.0,20.0
3,43,21,2.8,8.341371911590121,0.0,7,60.0,20.0
3,43,22,2.8,11.08670319094006,0.0,7,60.0,20.0
1,44,1,4.0,10.06411196952151,0.0,7,60.0,20.0
1,44,2,3.0,12.438366560615725,0.0,7,60.0,20.0
1,44,3,2.8,21.872641201436494,0.0,7,60.0,20.0
1,44,4,3.0,7.809095412921613,0.0,7,60.0,20.0
1,44,5,2.8,12.454537840326589,0.0,7,60.0,20.0
1,44,6,2.8,10.916892787565748,0.0,7,60.0,20.0
1,44,7,2.8,10.321529823686683,0.0,7,60.0,20.0
1,44,8,2.8,10.664496548217928,0.0,7,60.0,20.0
1,44,9,2.8,15.24851339613662,0.0,7,60.0,20.0
1,44,10,2.8,12.928183145814915,0.0,7,60.0,20.0
1,44,11,2.8,14.807465094211773,0.0,7,60.0,20.0
1,44,12,2.8,21.543545579310965,0.0,7,60.0,20.0
1,44,13,2.8,11.863032762667158,0.0,7,60.0,20.0
1,44,14,2.8,12.481765871895853,0.0,7,60.0,20.0
1,44,15,2.8,15.208316077864168,0.0,7,60.0,20.0
1,44,16,2.8,10.4911200483123,0.0,7,60.0,20.0
1,44,17,2.8,12.148979788820405,0.0,7,60.0,20.0
1,44,18,3.2,7.855514048124686,0.0,7,60.0,20.0
1,44,19,2.8,10.18380840572592,0.0,7,60.0,20.0
1,44,20,2.8,11.174120381419,0.0,7,60.0,20.0
1,44,21,3.0,9.1507441398928,0.0,7,60.0,20.0
1,44,22,2.0,13.736207134216441,0.0,5,60.0,20.0
2,44,1,2.8,16.472240335097258,0.0,7,60.0,20.0
2,44,2,2.8,12.389838932224,0.0,7,60.0,20.0
2,44,3,3.8,9.028424868289795,0.125,7,60.0,20.0
2,44,4,2.8,11.194880863476017,0.0,7,60.0,20.0
2,44,5,2.8,10.155999401693707,0.0,7,60.0,20.0
2,44,6,2.8,11.014218894499875,0.0,7,60.0,20.0
2,44,7,3.0,13.832049147164742,0.0,7,60.0,20.0
2,44,8,2.8,11.339894440320888,0.0,7,60.0,20.0
2,44,9,2.8,12.226917263279798,0.0,7,60.0,20.0
2,44,10,2.8,12.922390874015354,0.0,7,60.0,20.0
2,44,11,2.8,9.862285980633516,0.0,7,60.0,20.0
2,44,12,2.8,11.784420397534895,0.0,7,60.0,20.0
2,44,13,2.8,14.346785988991515,0.0,7,60.0,20.0
2,44,14,2.8,11.472385017059974,0.0,7,60.0,20.0
2,44,15,2.8,9.612902656127774,0.0,7,60.0,20.0
2,44,16,3.0,10.971131849977288,0.0,7,60.0,20.0
2,44,17,2.8,11.934860864868583,0.0,7,60.0,20.0
2,44,18,2.8,13.69527127692458,0.0,7,60.0,20.0
2,44,19,3.2,9.448488974669916,0.0,7,60.0,20.0
2,44,20,2.8,9.06171919010415,0.0,7,60.0,20.0
2,44,21,3.0,8.625142486515275,0.0,7,60.0,20.0
3,44,1,2.8,9.612509443537142,0.0,7,60.0,20.0
3,44,2,2.8,10.608083492303857,0.0,7,60.0,20.0
3,44,3,2.8,11.08372553410676,0.0,7,60.0,20.0
3,44,4,2.8,9.578054016142392,0.0,7,60.0,20.0
3,44,5,2.8,8.91210504870871,0.0,7,60.0,20.0
3,44,6,2.8,9.47156941332501,0.0,7,60.0,20.0
3,44,7,2.8,10.433971469503783,0.0,7,60.0,20.0
3,44,8,2.8,11.367605107362493,0.0,7,60.0,20.0
3,44,9,2.8,13.893987580751073,0.0,7,60.0,20.0
3,44,10,2.8,12.29182342888817,0.0,7,60.0,20.0
3,44,11,2.8,10.786406951814877,0.0,7,60.0,20.0
3,44,12,3.0,10.933747439555836,0.0,7,60.0,20.0
3,44,13,2.8,10.658793902447481,0.0,7,60.0,20.0
3,44,14,2.8,10.270896180306151,0.0,7,60.0,20.0
3,44,15,2.8,15.78997895563223,0.0,7,60.0,20.0
3,44,16,3.0,10.958766356437776,0.0,7,60.0,20.0
3,44,17,2.8,13.82469856127264,0.0,7,60.0,20.0
3,44,18,2.8,11.080898593156583,0.0,7,60.0,20.0
3,44,19,2.8,12.789349902033914,0.0,7,60.0,20.0
3,44,20,2.8,11.477469486084985,0.0,7,60.0,20.0
3,44,21,2.8,9.89523093894714,0.0,7,60.0,20.0
3,44,22,3.0,9.017754246383767,0.0,7,60.0,20.0
1,45,1,4.0,9.786262156552333,0.0,7,60.0,20.0
1,45,2,3.2,11.908783157957968,0.0,7,60.0,20.0
1,45,3,2.8,14.990003409079472,0.0,7,60.0,20.0
1,45,4,3.0,8.307512778009109,0.0,7,60.0,20.0
1,45,5,2.8,13.674345629391647,0.0,7,60.0,20.0
1,45,6,2.8,10.409974058615056,0.0,7,60.0,20.0
1,45,7,3.0,9.183236923259152,0.0,7,60.0,20.0
1,45,8,2.8,10.515617444654062,0.0,7,60.0,20.0
1,45,9,2.8,16.08788297537865,0.0,7,60.0,20.0
1,45,10,2.8,12.95340740208656,0.0,7,60.0,20.0
1,45,11,2.8,13.939456466937797,0.0,7,60.0,20.0
1,45,12,2.8,16.1634472134853,0.0,7,60.0,20.0
1,45,13,2.8,12.635650442793239,0.0,7,60.0,20.0
1,45,14,2.8,13.592193469036225,0.0,7,60.0,20.0
1,45,15,2.8,14.894453898731012,0.0,7,60.0,20.0
1,45,16,2.8,9.88017718781847,0.0,7,60.0,20.0
1,45,17,2.8,9.837366229142818,0.0,7,60.0,20.0
1,45,18,3.2,8.843477316762051,0.0,7,60.0,20.0
1,45,19,2.8,8.845200816368559,0.0,7,60.0,20.0
1,45,20,2.8,10.483944979120686,0.0,7,60.0,20.0
1,45,21,3.0,10.555418921845689,0.0,7,60.0,20.0
1,45,22,2.0,18.663172608266052,0.0,4,60.0,20.0
2,45,1,2.8,13.258489344623309,0.0,7,60.0,20.0
2,45,2,2.8,11.79261292317931,0.0,7,60.0,20.0
2,45,3,3.8,8.39631321681224,0.125,7,60.0,20.0
2,45,4,2.8,10.170958458445291,0.0,7,60.0,20.0
2,45,5,2.8,8.527570425165143,0.0,7,60.0,20.0
2,45,6,2.8,11.299089869423224,0.0,7,60.0,20.0
2,45,7,3.0,10.67069288987713,0.0,7,60.0,20.0
2,45,8,2.8,10.761274091423816,0.0,7,60.0,20.0
2,45,9,2.8,10.504871903721174,0.0,7,60.0,20.0
2,45,10,2.8,11.01415929361754,0.0,7,60.0,20.0
2,45,11,2.8,10.671017323251148,0.0,7,60.0,20.0
2,45,12,2.8,12.039594005544181,0.0,7,60.0,20.0
2,45,13,2.8,12.894887014390228,0.0,7,60.0,20.0
2,45,14,2.8,11.850264829442573,0.0,7,60.0,20.0
2,45,15,2.8,9.057689702446657,0.0,7,60.0,20.0
2,45,16,3.0,10.70236105956952,0.0,7,60.0,20.0
2,45,17,2.8,12.028751201009204,0.0,7,60.0,20.0
2,45,18,2.8,14.041121550293617,0.0,7,60.0,20.0
2,45,19,3.2,8.38615276985474,0.0,7,60.0,20.0
2,45,20,2.8,9.211851164998727,0.0,7,60.0,20.0
2,45,21,3.0,9.321879066458322,0.0,7,60.0,20.0
3,45,1,2.8,9.688645936642661,0.0,7,60.0,20.0
3,45,2,2.8,11.932660416170865,0.0,7,60.0,20.0
3,45,3,2.8,12.385548740686364,0.0,7,60.0,20.0
3,45,4,2.8,9.358224996278691,0.0,7,60.0,20.0
3,45,5,2.8,10.171980923305018,0.0,7,60.0,20.0
3,45,6,2.8,9.590384323696503,0.0,7,60.0,20.0
3,45,7,2.8,9.613916447393196,0.0,7,60.0,20.0
3,45,8,2.8,12.455675853521461,0.0,7,60.0,20.0
3,45,9,2.8,14.350383170794158,0.0,7,60.0,20.0
3,45,10,2.8,11.527316426446214,0.0,7,60.0,20.0
3,45,11,2.8,12.532487026327754,0.0,7,60.0,20.0
3,45,12,3.6,9.203352737898461,0.125,7,60.0,20.0
3,45,13,2.8,10.725903267845993,0.0,7,60.0,20.0
3,45,14,2.8,10.737512831295886,0.0,7,60.0,20.0
3,45,15,2.8,14.139859401844847,0.0,7,60.0,20.0
3,45,16,2.8,8.841976837969776,0.0,7,60.0,20.0
3,45,17,2.8,13.139401125275755,0.0,7,60.0,20.0
3,45,18,3.0,10.20483348456909,0.0,7,60.0,20.0
3,45,19,2.8,11.578743649768409,0.0,7,60.0,20.0
3,45,20,2.8,10.779863066748998,0.0,7,60.0,20.0
3,45,21,2.8,8.92196537081875,0.0,7,60.0,20.0
3,45,22,3.2,9.647708603574678,0.0,7,60.0,20.0
1,46,1,4.0,9.915078771734684,0.0,7,60.0,20.0
1,46,2,3.2,11.326791800955661,0.0,7,60.0,20.0
1,46,3,3.0,14.786803144323876,0.0,7,60.0,20.0
1,46,4,3.0,8.293096601831971,0.0,7,60.0,20.0
1,46,5,2.8,12.668740196999815,0.0,7,60.0,20.0
1,46,6,2.8,10.214803674473757,0.0,7,60.0,20.0
1,46,7,2.8,9.856545185637728,0.0,7,60.0,20.0
1,46,8,2.8,10.552446179630005,0.0,7,60.0,20.0
1,46,9,2.8,12.591754602269404,0.0,7,60.0,20.0
1,46,10,2.8,13.782979320996285,0.0,7,60.0,20.0
1,46,11,2.8,15.762560693887872,0.0,7,60.0,20.0
1,46,12,2.8,12.48094494012824,0.0,7,60.0,20.0
1,46,13,2.8,13.574983799105679,0.0,7,60.0,20.0
1,46,14,2.8,15.127669222971598,0.0,7,60.0,20.0
1,46,15,2.8,17.48793611922004,0.0,7,60.0,20.0
1,46,16,2.8,12.102622762273699,0.0,7,60.0,20.0
1,46,17,2.8,10.186583376688619,0.0,7,60.0,20.0
1,46,18,3.6,6.712570253310458,0.125,7,60.0,20.0
1,46,19,2.8,13.3099360932274,0.0,7,60.0,20.0
1,46,20,2.8,10.197792868035679,0.0,7,60.0,20.0
1,46,21,3.2,8.607220158830092,0.0,7,60.0,20.0
2,46,1,2.8,16.561448371673848,0.0,7,60.0,20.0
2,46,2,2.8,11.147786337724858,0.0,7,60.0,20.0
2,46,3,3.8,8.744443501416088,0.125,7,60.0,20.0
2,46,4,2.8,14.585383127453875,0.0,7,60.0,20.0
2,46,5,2.8,10.022853732081654,0.0,7,60.0,20.0
2,46,6,2.8,11.869203448097311,0.0,7,60.0,20.0
2,46,7,3.0,13.063883017525436,0.0,7,60.0,20.0
2,46,8,2.8,11.776592910232718,0.0,7,60.0,20.0
2,46,9,2.8,11.535113229320435,0.0,7,60.0,20.0
2,46,10,2.8,14.517378907829292,0.0,7,60.0,20.0
2,46,11,2.8,9.392764239311528,0.0,7,60.0,20.0
2,46,12,2.8,12.930469869610857,0.0,7,60.0,20.0
2,46,13,2.8,11.236554074580281,0.0,7,60.0,20.0
2,46,14,2.8,9.436761216650854,0.0,7,60.0,20.0
2,46,15,2.8,10.878113317203862,0.0,7,60.0,20.0
2,46,16,3.0,11.865040076942108,0.0,7,60.0,20.0
2,46,17,2.8,11.661782960796986,0.0,7,60.0,20.0
2,46,18,2.8,14.073430644014959,0.0,7,60.0,20.0
2,46,19,3.2,9.056733581118472,0.0,7,60.0,20.0
2,46,20,2.8,8.578727067730142,0.0,7,60.0,20.0
2,46,21,3.0,9.046126775076601,0.0,7,60.0,20.0
3,46,1,2.8,10.240180339374199,0.0,7,60.0,20.0
3,46,2,2.8,11.377708819594377,0.0,7,60.0,20.0
3,46,3,2.8,12.720424102679983,0.0,7,60.0,20.0
3,46,4,2.8,10.000921269082552,0.0,7,60.0,20.0
3,46,5,2.8,10.05492179810259,0.0,7,60.0,20.0
3,46,6,2.8,10.097027906564248,0.0,7,60.0,20.0
3,46,7,2.8,10.783502792599197,0.0,7,60.0,20.0
3,46,8,2.8,11.921547524245524,0.0,7,60.0,20.0
3,46,9,2.8,13.035237385586683,0.0,7,60.0,20.0
3,46,10,2.8,11.570932802830526,0.0,7,60.0,20.0
3,46,11,2.8,11.388974409221412,0.0,7,60.0,20.0
3,46,12,3.6,8.360456947142719,0.125,7,60.0,20.0
3,46,13,2.8,11.279783239456037,0.0,7,60.0,20.0
3,46,14,2.8,10.53408232082222,0.0,7,60.0,20.0
3,46,15,2.8,12.970397732247164,0.0,7,60.0,20.0
3,46,16,3.0,11.425637007073423,0.0,7,60.0,20.0
3,46,17,2.8,13.602017874211384,0.0,7,60.0,20.0
3,46,18,2.8,12.24243193059436,0.0,7,60.0,20.0
3,46,19,2.8,11.34253955269293,0.0,7,60.0,20.0
3,46,20,2.8,11.9370276515992,0.0,7,60.0,20.0
3,46,21,2.8,8.84455294626847,0.0,7,60.0,20.0
3,46,22,2.8,9.995249530701381,0.0,7,60.0,20.0
1,47,1,4.0,10.393932616904062,0.0,7,60.0,20.0
1,47,2,3.0,12.261207440994198,0.0,7,60.0,20.0
1,47,3,2.8,12.260352343897134,0.0,7,60.0,20.0
1,47,4,3.0,8.384997166398506,0.0,7,60.0,20.0
1,47,5,2.8,13.336583495417745,0.0,7,60.0,20.0
1,47,6,2.8,9.357315113888319,0.0,7,60.0,20.0
1,47,7,2.8,8.92968592452318,0.0,7,60.0,20.0
1,47,8,2.8,11.158172913383236,0.0,7,60.0,20.0
1,47,9,2.8,13.38558398076057,0.0,7,60.0,20.0
1,47,10,2.8,11.367384429301067,0.0,7,60.0,20.0
1,47,11,2.8,14.417756510690838,0.0,7,60.0,20.0
1,47,12,2.8,13.136790832367415,0.0,7,60.0,20.0
1,47,13,2.8,11.65650638537049,0.0,7,60.0,20.0
1,47,14,2.8,15.420256743616784,0.0,7,60.0,20.0
1,47,15,2.8,12.367871240690455,0.0,7,60.0,20.0
1,47,16,2.8,11.806638618057988,0.0,7,60.0,20.0
1,47,17,2.8,10.627708483736914,0.0,7,60.0,20.0
1,47,18,3.2,8.109221905809273,0.0,7,60.0,20.0
1,47,19,3.0,10.333932611099016,0.0,7,60.0,20.0
1,47,20,3.0,9.736596950837487,0.0,7,60.0,20.0
1,47,21,3.2,8.914074999301063,0.0,7,60.0,20.0
2,47,1,2.8,15.165242113412628,0.0,7,60.0,20.0
2,47,2,3.0,10.411249435299457,0.0,7,60.0,20.0
2,47,3,3.6,9.502744352698253,0.125,7,60.0,20.0
2,47,4,2.8,12.654076344065526,0.0,7,60.0,20.0
2,47,5,2.8,11.300667556252181,0.0,7,60.0,20.0
2,47,6,2.8,9.924046164628242,0.0,7,60.0,20.0
2,47,7,3.0,12.980703810088945,0.0,7,60.0,20.0
2,47,8,3.0,11.345810755462711,0.0,7,60.0,20.0
2,47,9,2.8,14.413500768250357,0.0,7,60.0,20.0
2,47,10,2.8,11.000919603773248,0.0,7,60.0,20.0
2,47,11,2.8,9.541000508838287,0.0,7,60.0,20.0
2,47,12,2.8,13.039616969301635,0.0,7,60.0,20.0
2,47,13,2.8,10.644541454973094,0.0,7,60.0,20.0
2,47,14,2.8,12.465395357545258,0.0,7,60.0,20.0
2,47,15,3.0,8.795175257020162,0.0,7,60.0,20.0
2,47,16,2.8,14.049714194408514,0.0,7,60.0,20.0
2,47,17,2.8,11.375825806164046,0.0,7,60.0,20.0
2,47,18,2.8,12.465927879252988,0.0,7,60.0,20.0
2,47,19,3.2,9.682238885360107,0.0,7,60.0,20.0
2,47,20,2.8,7.875291900890843,0.0,7,60.0,20.0
2,47,21,3.0,10.406238117937873,0.0,7,60.0,20.0
3,47,1,3.0,10.318724247653861,0.0,7,60.0,20.0
3,47,2,2.8,11.91689038823888,0.0,7,60.0,20.0
3,47,3,2.8,11.413057238103507,0.0,7,60.0,20.0
3,47,4,2.8,9.904082318791204,0.0,7,60.0,20.0
3,47,5,2.8,9.129504599320368,0.0,7,60.0,20.0
3,47,6,2.8,9.022962895972825,0.0,7,60.0,20.0
3,47,7,3.0,9.279331977034007,0.0,7,60.0,20.0
3,47,8,2.8,10.026783411586955,0.0,7,60.0,20.0
3,47,9,2.8,16.378837161771887,0.0,7,60.0,20.0
3,47,10,2.8,10.111754032897213,0.0,7,60.0,20.0
3,47,11,2.8,11.99302750279546,0.0,7,60.0,20.0
3,47,12,3.6,9.504095773654413,0.125,7,60.0,20.0
3,47,13,2.8,12.606511135849626,0.0,7,60.0,20.0
3,47,14,2.8,10.737737485118412,0.0,7,60.0,20.0
3,47,15,2.8,16.190468744992902,0.0,7,60.0,20.0
3,47,16,3.0,9.630329621176305,0.0,7,60.0,20.0
3,47,17,2.8,14.352026175769225,0.0,7,60.0,20.0
3,47,18,2.8,9.665235161415165,0.0,7,60.0,20.0
3,47,19,2.8,13.888593171474014,0.0,7,60.0,20.0
3,47,20,2.8,9.536030741873331,0.0,7,60.0,20.0
3,47,21,2.8,9.878390396041542,0.0,7,60.0,20.0
3,47,22,2.8,11.846920645629305,0.0,7,60.0,20.0
1,48,1,4.2,9.124915742443044,0.0,7,60.0,20.0
1,48,2,3.2,11.15044963361518,0.0,7,60.0,20.0
1,48,3,2.8,13.680438513684802,0.0,7,60.0,20.0
1,48,4,3.0,9.080378185335176,0.0,7,60.0,20.0
1,48,5,2.8,11.355697587068995,0.0,7,60.0,20.0
1,48,6,2.8,10.408890488237432,0.0,7,60.0,20.0
1,48,7,2.8,11.008992703873778,0.0,7,60.0,20.0
1,48,8,2.8,10.589533791038576,0.0,7,60.0,20.0
1,48,9,2.8,15.043656867295379,0.0,7,60.0,20.0
1,48,10,2.8,11.408438751641741,0.0,7,60.0,20.0
1,48,11,2.8,12.950842623297135,0.0,7,60.0,20.0
1,48,12,2.8,14.457207795587612,0.0,7,60.0,20.0
1,48,13,2.8,10.667295240868485,0.0,7,60.0,20.0
1,48,14,2.8,15.052096011613527,0.0,7,60.0,20.0
1,48,15,2.8,13.6464527993244,0.0,7,60.0,20.0
1,48,16,2.8,9.736502877504009,0.0,7,60.0,20.0
1,48,17,2.8,11.55373923422237,0.0,7,60.0,20.0
1,48,18,3.6,8.419498857731567,0.125,7,60.0,20.0
1,48,19,3.0,10.482358053779128,0.0,7,60.0,20.0
1,48,20,2.8,9.27804491898849,0.0,7,60.0,20.0
1,48,21,3.0,9.208364915430272,0.0,7,60.0,20.0
2,48,1,2.8,13.144511227855112,0.0,7,60.0,20.0
2,48,2,2.8,9.57679330212536,0.0,7,60.0,20.0
2,48,3,4.0,8.489400751188946,0.125,7,60.0,20.0
2,48,4,2.8,10.99341915504523,0.0,7,60.0,20.0
2,48,5,2.8,10.839363178693281,0.0,7,60.0,20.0
2,48,6,2.8,10.908223026952262,0.0,7,60.0,20.0
2,48,7,3.0,12.737283830875072,0.0,7,60.0,20.0
2,48,8,2.8,11.39778581491408,0.0,7,60.0,20.0
2,48,9,2.8,12.498902306043314,0.0,7,60.0,20.0
2,48,10,2.8,10.825673081532958,0.0,7,60.0,20.0
2,48,11,2.8,9.631146445560244,0.0,7,60.0,20.0
2,48,12,2.8,12.280346591676754,0.0,7,60.0,20.0
2,48,13,2.8,11.419659254680788,0.0,7,60.0,20.0
2,48,14,2.8,10.928517355694433,0.0,7,60.0,20.0
2,48,15,3.0,8.820543643573158,0.0,7,60.0,20.0
2,48,16,2.8,12.949107733611777,0.0,7,60.0,20.0
2,48,17,2.8,10.515270001635091,0.0,7,60.0,20.0
2,48,18,2.8,12.168309930698568,0.0,7,60.0,20.0
2,48,19,3.0,9.062822621331238,0.0,7,60.0,20.0
2,48,20,2.8,10.297529013263132,0.0,7,60.0,20.0
2,48,21,3.0,8.40006829628018,0.0,7,60.0,20.0
3,48,1,2.8,9.956781223484555,0.0,7,60.0,20.0
3,48,2,2.8,12.097882341211411,0.0,7,60.0,20.0
3,48,3,2.8,11.743455745066173,0.0,7,60.0,20.0
3,48,4,2.8,10.184101418574025,0.0,7,60.0,20.0
3,48,5,2.8,9.924396174475438,0.0,7,60.0,20.0
3,48,6,2.8,11.502198801979105,0.0,7,60.0,20.0
3,48,7,2.8,9.83024595573833,0.0,7,60.0,20.0
3,48,8,3.0,10.402753884856393,0.0,7,60.0,20.0
3,48,9,2.8,12.978991530044581,0.0,7,60.0,20.0
3,48,10,2.8,9.267713131969128,0.0,7,60.0,20.0
3,48,11,3.0,12.50724777702578,0.0,7,60.0,20.0
3,48,12,3.6,8.248035697799953,0.125,7,60.0,20.0
3,48,13,2.8,11.780900432945675,0.0,7,60.0,20.0
3,48,14,2.8,9.25855902461761,0.0,7,60.0,20.0
3,48,15,2.8,12.336850213913722,0.0,7,60.0,20.0
3,48,16,3.0,9.975901987235943,0.0,7,60.0,20.0
3,48,17,2.8,11.803761804600326,0.0,7,60.0,20.0
3,48,18,2.8,10.733878135865659,0.0,7,60.0,20.0
3,48,19,2.8,11.445482151472895,0.0,7,60.0,20.0
3,48,20,2.8,8.85919833154985,0.0,7,60.0,20.0
3,48,21,2.8,8.811060592087678,0.0,7,60.0,20.0
3,48,22,2.8,10.450220937184804,0.0,7,60.0,20.0
1,49,1,4.0,9.568708156889096,0.0,7,60.0,20.0
1,49,2,3.2,9.703507616349624,0.0,7,60.0,20.0
1,49,3,3.0,11.231537259095278,0.0,7,60.0,20.0
1,49,4,3.0,8.281699221008063,0.0,7,60.0,20.0
1,49,5,2.8,13.052923184875203,0.0,7,60.0,20.0
1,49,6,2.8,10.859060775537499,0.0,7,60.0,20.0
1,49,7,2.8,11.947557007819253,0.0,7,60.0,20.0
1,49,8,2.8,10.935436818608883,0.0,7,60.0,20.0
1,49,9,2.8,14.894919377049607,0.0,7,60.0,20.0
1,49,10,2.8,12.343158443841334,0.0,7,60.0,20.0
1,49,11,2.8,14.004245939826077,0.0,7,60.0,20.0
1,49,12,2.8,14.285840046359828,0.0,7,60.0,20.0
1,49,13,2.8,14.454136075622586,0.0,7,60.0,20.0
1,49,14,2.8,14.543511447898974,0.0,7,60.0,20.0
1,49,15,2.8,13.802740203308083,0.0,7,60.0,20.0
1,49,16,2.8,11.099478345097662,0.0,7,60.0,20.0
1,49,17,2.8,13.554881116022145,0.0,7,60.0,20.0
1,49,18,3.2,8.318539924989954,0.0,7,60.0,20.0
1,49,19,2.8,10.296035166894908,0.0,7,60.0,20.0
1,49,20,2.8,11.961476501601647,0.0,7,60.0,20.0
1,49,21,3.0,10.355881609541502,0.0,7,60.0,20.0
1,49,22,2.0,13.49211310283689,0.0,4,60.0,20.0
2,49,1,2.8,14.115258685325621,0.0,7,60.0,20.0
2,49,2,2.8,10.533415182746413,0.0,7,60.0,20.0
2,49,3,3.8,9.686149307300038,0.125,7,60.0,20.0
2,49,4,3.0,8.885110621872464,0.0,7,60.0,20.0
2,49,5,2.8,10.038756511964104,0.0,7,60.0,20.0
2,49,6,2.8,9.77501931207973,0.0,7,60.0,20.0
2,49,7,3.2,10.155063000162796,0.0,7,60.0,20.0
2,49,8,2.8,11.810756141429948,0.0,7,60.0,20.0
2,49,9,2.8,12.362395492127757,0.0,7,60.0,20.0
2,49,10,2.8,12.59790123999555,0.0,7,60.0,20.0
2,49,11,2.8,12.05229992807842,0.0,7,60.0,20.0
2,49,12,2.8,14.343336643879889,0.0,7,60.0,20.0
2,49,13,2.8,12.404197647881134,0.0,7,60.0,20.0
2,49,14,2.8,11.55895081224034,0.0,7,60.0,20.0
2,49,15,3.0,8.598685228116212,0.0,7,60.0,20.0
2,49,16,2.8,14.363487550940112,0.0,7,60.0,20.0
2,49,17,2.8,12.457592838884368,0.0,7,60.0,20.0
2,49,18,2.8,12.090440758295989,0.0,7,60.0,20.0
2,49,19,3.8,7.607566201727759,0.125,7,60.0,20.0
2,49,20,2.8,8.84951555496638,0.0,7,60.0,20.0
2,49,21,3.0,10.762547806053,0.0,7,60.0,20.0
3,49,1,2.8,11.094661502419386,0.0,7,60.0,20.0
3,49,2,2.8,14.139581621963249,0.0,7,60.0,20.0
3,49,3,2.8,10.944884453908953,0.0,7,60.0,20.0
3,49,4,2.8,9.903755305843033,0.0,7,60.0,20.0
3,49,5,2.8,10.485891837525907,0.0,7,60.0,20.0
3,49,6,2.8,9.545481041637634,0.0,7,60.0,20.0
3,49,7,2.8,9.031835707835521,0.0,7,60.0,20.0
3,49,8,2.8,13.266184366939427,0.0,7,60.0,20.0
3,49,9,2.8,14.45211082626267,0.0,7,60.0,20.0
3,49,10,2.8,12.67389132863653,0.0,7,60.0,20.0
3,49,11,2.8,11.92176868454417,0.0,7,60.0,20.0
3,49,12,3.2,10.968376502147754,0.0,7,60.0,20.0
3,49,13,2.8,9.322173055611662,0.0,7,60.0,20.0
3,49,14,2.8,9.669542367138488,0.0,7,60.0,20.0
3,49,15,2.8,11.525448022915917,0.0,7,60.0,20.0
3,49,16,3.0,9.766515241506205,0.0,7,60.0,20.0
3,49,17,2.8,13.365001672181503,0.0,7,60.0,20.0
3,49,18,2.8,11.62298031267492,0.0,7,60.0,20.0
3,49,19,2.8,12.515371444756884,0.0,7,60.0,20.0
3,49,20,2.8,10.737139349046021,0.0,7,60.0,20.0
3,49,21,2.8,10.681119880350456,0.0,7,60.0,20.0
3,49,22,3.0,10.343648742295528,0.0,7,60.0,20.0
1,50,1,4.0,9.553538127155804,0.0,7,60.0,20.0
1,50,2,3.0,10.38127286700673,0.0,7,60.0,20.0
1,50,3,2.8,17.593971215749608,0.0,7,60.0,20.0
1,50,4,3.0,8.467472414868077,0.0,7,60.0,20.0
1,50,5,2.8,11.592038421512537,0.0,7,60.0,20.0
1,50,6,2.8,11.792823126045601,0.0,7,60.0,20.0
1,50,7,2.8,8.685153657927303,0.0,7,60.0,20.0
1,50,8,2.8,9.718536490547901,0.0,7,60.0,20.0
1,50,9,2.8,12.843527997214034,0.0,7,60.0,20.0
1,50,10,2.8,11.97742194363585,0.0,7,60.0,20.0
1,50,11,2.8,13.728004044550588,0.0,7,60.0,20.0
1,50,12,2.8,16.798983302672482,0.0,7,60.0,20.0
1,50,13,2.8,11.37057420439943,0.0,7,60.0,20.0
1,50,14,2.8,14.886929636429501,0.0,7,60.0,20.0
1,50,15,2.8,12.842309239848037,0.0,7,60.0,20.0
1,50,16,2.8,12.622777400577032,0.0,7,60.0,20.0
1,50,17,2.8,12.93108448834506,0.0,7,60.0,20.0
1,50,18,3.6,7.94906287136475,0.125,7,60.0,20.0
1,50,19,3.6,7.637586353392167,0.125,7,60.0,20.0
1,50,20,2.8,10.652301057461509,0.0,7,60.0,20.0
1,50,21,2.8,9.395265906379565,0.0,7,60.0,20.0
2,50,1,2.8,12.080072112736733,0.0,7,60.0,20.0
2,50,2,2.8,10.515305364499673,0.0,7,60.0,20.0
2,50,3,3.6,10.757302218701156,0.125,7,60.0,20.0
2,50,4,2.8,10.189757133877507,0.0,7,60.0,20.0
2,50,5,2.8,11.928902744655868,0.0,7,60.0,20.0
2,50,6,2.8,8.669081250633305,0.0,7,60.0,20.0
2,50,7,3.0,13.78169325569459,0.0,7,60.0,20.0
2,50,8,2.8,9.51070935446619,0.0,7,60.0,20.0
2,50,9,2.8,12.935710995722564,0.0,7,60.0,20.0
2,50,10,2.8,14.738589320019987,0.0,7,60.0,20.0
2,50,11,2.8,9.583315490582688,0.0,7,60.0,20.0
2,50,12,2.8,13.905231926200484,0.0,7,60.0,20.0
2,50,13,2.8,13.052142726080033,0.0,7,60.0,20.0
2,50,14,2.8,10.627930101680157,0.0,7,60.0,20.0
2,50,15,2.8,10.342844701168477,0.0,7,60.0,20.0
2,50,16,3.0,12.204744050786797,0.0,7,60.0,20.0
2,50,17,2.8,13.722372862585456,0.0,7,60.0,20.0
2,50,18,2.8,12.796683471926736,0.0,7,60.0,20.0
2,50,19,3.0,9.910406156355712,0.0,7,60.0,20.0
2,50,20,2.8,8.443168571221511,0.0,7,60.0,20.0
2,50,21,3.0,9.06494120180929,0.0,7,60.0,20.0
2,50,22,2.0,17.468399201991456,0.0,4,60.0,20.0
3,50,1,2.8,11.75573305034724,0.0,7,60.0,20.0
3,50,2,2.8,11.52782350263412,0.0,7,60.0,20.0
3,50,3,2.8,11.478969516345716,0.0,7,60.0,20.0
3,50,4,2.8,9.745940889103117,0.0,7,60.0,20.0
3,50,5,2.8,10.240103785503212,0.0,7,60.0,20.0
3,50,6,2.8,11.331712533500076,0.0,7,60.0,20.0
3,50,7,2.8,10.17363205105077,0.0,7,60.0,20.0
3,50,8,2.8,10.365768645808883,0.0,7,60.0,20.0
3,50,9,2.8,12.476812347422666,0.0,7,60.0,20.0
3,50,10,2.8,11.839723464495224,0.0,7,60.0,20.0
3,50,11,2.8,11.517657962601373,0.0,7,60.0,20.0
3,50,12,3.0,10.933747439555745,0.0,7,60.0,20.0
3,50,13,3.0,10.325751790553669,0.0,7,60.0,20.0
3,50,14,2.8,11.009837901646073,0.0,7,60.0,20.0
3,50,15,2.8,11.930115179863126,0.0,7,60.0,20.0
3,50,16,3.0,9.538053416608006,0.0,7,60.0,20.0
3,50,17,2.8,15.819368742753385,0.0,7,60.0,20.0
3,50,18,3.0,10.449407994470869,0.0,7,60.0,20.0
3,50,19,2.8,12.455536317618256,0.0,7,60.0,20.0
3,50,20,2.8,11.322179152957338,0.0,7,60.0,20.0
3,50,21,2.8,9.139077871994068,0.0,7,60.0,20.0
3,50,22,2.8,13.305665034197528,0.0,7,60.0,20.0
1,51,1,4.0,9.161382974571119,0.0,7,60.0,20.0
1,51,2,3.2,10.009756669145258,0.0,7,60.0,20.0
1,51,3,2.8,13.273098387635756,0.0,7,60.0,20.0
1,51,4,3.0,8.139201598115434,0.0,7,60.0,20.0
1,51,5,2.8,14.49675137153868,0.0,7,60.0,20.0
1,51,6,2.8,10.763251257901516,0.0,7,60.0,20.0
1,51,7,2.8,10.383743979846358,0.0,7,60.0,20.0
1,51,8,2.8,11.968349692388262,0.0,7,60.0,20.0
1,51,9,2.8,13.42078474664488,0.0,7,60.0,20.0
1,51,10,2.8,11.464748228395404,0.0,7,60.0,20.0
1,51,11,2.8,19.40419182054989,0.0,7,60.0,20.0
1,51,12,2.8,18.259404209945444,0.0,7,60.0,20.0
1,51,13,2.8,9.536260124925628,0.0,7,60.0,20.0
1,51,14,2.8,12.396694212473987,0.0,7,60.0,20.0
1,51,15,2.8,13.966414894243442,0.0,7,60.0,20.0
1,51,16,2.8,10.955949507844593,0.0,7,60.0,20.0
1,51,17,2.8,13.066776903105396,0.0,7,60.0,20.0
1,51,18,3.0,8.76892936059554,0.0,7,60.0,20.0
1,51,19,3.0,10.514239522200233,0.0,7,60.0,20.0
1,51,20,3.0,10.463580979617157,0.0,7,60.0,20.0
1,51,21,2.8,12.04217918990193,0.0,7,60.0,20.0
1,51,22,2.25,11.375475164612705,0.0,4,60.0,20.0
2,51,1,2.8,15.39426696605256,0.0,7,60.0,20.0
2,51,2,2.8,11.769919159733275,0.0,7,60.0,20.0
2,51,3,4.0,7.2171580389827525,0.125,7,60.0,20.0
2,51,4,2.8,9.41892803930259,0.0,7,60.0,20.0
2,51,5,2.8,11.986493273637816,0.0,7,60.0,20.0
2,51,6,2.8,10.568925760156537,0.0,7,60.0,20.0
2,51,7,3.0,11.826027740474032,0.0,7,60.0,20.0
2,51,8,2.8,11.251017158493063,0.0,7,60.0,20.0
2,51,9,2.8,13.171850570420657,0.0,7,60.0,20.0
2,51,10,2.8,14.494386443804666,0.0,7,60.0,20.0
2,51,11,2.8,10.436430404036203,0.0,7,60.0,20.0
2,51,12,2.8,12.48082467126819,0.0,7,60.0,20.0
2,51,13,2.8,10.099640502795507,0.0,7,60.0,20.0
2,51,14,2.8,12.440041101457593,0.0,7,60.0,20.0
2,51,15,3.0,8.19421593244112,0.0,7,60.0,20.0
2,51,16,2.8,12.576334300904016,0.0,7,60.0,20.0
2,51,17,2.8,13.5419632839721,0.0,7,60.0,20.0
2,51,18,2.8,11.313016237042394,0.0,7,60.0,20.0
2,51,19,3.0,10.128401867546412,0.0,7,60.0,20.0
2,51,20,2.8,9.512731959355646,0.0,7,60.0,20.0
2,51,21,3.0,8.057030087206916,0.0,7,60.0,20.0
3,51,1,2.8,9.39111426272687,0.0,7,60.0,20.0
3,51,2,2.8,12.26774389696423,0.0,7,60.0,20.0
3,51,3,2.8,10.621752952517957,0.0,7,60.0,20.0
3,51,4,2.8,9.714979626510292,0.0,7,60.0,20.0
3,51,5,2.8,9.56733239989496,0.0,7,60.0,20.0
3,51,6,2.8,9.284650242018623,0.0,7,60.0,20.0
3,51,7,2.8,9.27846675687953,0.0,7,60.0,20.0
3,51,8,2.8,12.231487988964073,0.0,7,60.0,20.0
3,51,9,2.8,13.007514638187253,0.0,7,60.0,20.0
3,51,10,2.8,11.398418167647652,0.0,7,60.0,20.0
3,51,11,2.8,11.761290242827931,0.0,7,60.0,20.0
3,51,12,3.2,10.51577311603233,0.0,7,60.0,20.0
3,51,13,2.8,8.966826369917952,0.0,7,60.0,20.0
3,51,14,3.0,10.714526075702187,0.0,7,60.0,20.0
3,51,15,2.8,13.976975454646624,0.0,7,60.0,20.0
3,51,16,3.0,10.62697923686385,0.0,7,60.0,20.0
3,51,17,2.8,12.70276776706401,0.0,7,60.0,20.0
3,51,18,2.8,12.48384182368509,0.0,7,60.0,20.0
3,51,19,2.8,12.821078956539424,0.0,7,60.0,20.0
3,51,20,2.8,10.10612967492219,0.0,7,60.0,20.0
3,51,21,2.8,9.658648055128761,0.0,7,60.0,20.0
3,51,22,2.8,12.619330413708221,0.0,7,60.0,20.0
1,52,1,4.2,9.454183816083901,0.0,7,60.0,20.0
1,52,2,3.2,12.755411207177957,0.0,7,60.0,20.0
1,52,3,2.8,13.965787839012805,0.0,7,60.0,20.0
1,52,4,3.0,8.539903833716947,0.0,7,60.0,20.0
1,52,5,2.8,11.0638101188363,0.0,7,60.0,20.0
1,52,6,2.8,13.333959991606598,0.0,7,60.0,20.0
1,52,7,2.8,11.761012404993307,0.0,7,60.0,20.0
1,52,8,2.8,10.759706000111729,0.0,7,60.0,20.0
1,52,9,2.8,13.198493995860586,0.0,7,60.0,20.0
1,52,10,2.8,11.606193728435748,0.0,7,60.0,20.0
1,52,11,2.8,16.96039094407536,0.0,7,60.0,20.0
1,52,12,2.8,13.307829397302363,0.0,7,60.0,20.0
1,52,13,2.8,12.715638641537536,0.0,7,60.0,20.0
1,52,14,2.8,11.341088091331383,0.0,7,60.0,20.0
1,52,15,2.8,17.59003101756736,0.0,7,60.0,20.0
1,52,16,2.8,9.912682534952625,0.0,7,60.0,20.0
1,52,17,2.8,11.553739234222316,0.0,7,60.0,20.0
1,52,18,3.2,9.336753733859052,0.0,7,60.0,20.0
1,52,19,3.0,10.354042632048612,0.0,7,60.0,20.0
1,52,20,2.8,10.883791384556067,0.0,7,60.0,20.0
1,52,21,3.2,9.158981019244504,0.0,7,60.0,20.0
2,52,1,2.8,12.373337378046944,0.0,7,60.0,20.0
2,52,2,2.8,11.68001087374375,0.0,7,60.0,20.0
2,52,3,3.8,8.670068165804654,0.125,7,60.0,20.0
2,52,4,3.0,9.30411908349082,0.0,7,60.0,20.0
2,52,5,2.8,10.088432655650193,0.0,7,60.0,20.0
2,52,6,2.8,9.93378452846861,0.0,7,60.0,20.0
2,52,7,3.2,10.916319757735431,0.0,7,60.0,20.0
2,52,8,2.8,12.460433321333962,0.0,7,60.0,20.0
2,52,9,2.8,11.310737806507996,0.0,7,60.0,20.0
2,52,10,2.8,10.185267130403368,0.0,7,60.0,20.0
2,52,11,3.0,10.719577952132216,0.0,7,60.0,20.0
2,52,12,2.8,12.818003633446592,0.0,7,60.0,20.0
2,52,13,2.8,10.90188904362817,0.0,7,60.0,20.0
2,52,14,2.8,10.91245132524923,0.0,7,60.0,20.0
2,52,15,3.0,9.265024237454274,0.0,7,60.0,20.0
2,52,16,2.8,11.817925414544705,0.0,7,60.0,20.0
2,52,17,2.8,12.742986635499282,0.0,7,60.0,20.0
2,52,18,2.8,12.461052359699565,0.0,7,60.0,20.0
2,52,19,3.0,10.222633980709368,0.0,7,60.0,20.0
2,52,20,2.8,8.685192536424683,0.0,7,60.0,20.0
2,52,21,3.0,9.548694322493299,0.0,7,60.0,20.0
3,52,1,2.8,9.376716635779067,0.0,7,60.0,20.0
3,52,2,2.8,11.149554850420275,0.0,7,60.0,20.0
3,52,3,2.8,11.653949765780713,0.0,7,60.0,20.0
3,52,4,2.8,9.578054016142392,0.0,7,60.0,20.0
3,52,5,2.8,10.121480636995646,0.0,7,60.0,20.0
3,52,6,2.8,9.15950820678362,0.0,7,60.0,20.0
3,52,7,2.8,10.541876532001766,0.0,7,60.0,20.0
3,52,8,3.0,11.497916196262178,0.0,7,60.0,20.0
3,52,9,2.8,12.30032877350881,0.0,7,60.0,20.0
3,52,10,2.8,9.818176121989541,0.0,7,60.0,20.0
3,52,11,2.8,11.920994227810498,0.0,7,60.0,20.0
3,52,12,3.6,8.11924055648345,0.125,7,60.0,20.0
3,52,13,2.8,11.474278152336012,0.0,7,60.0,20.0
3,52,14,2.8,10.040007876726147,0.0,7,60.0,20.0
3,52,15,2.8,20.22977555323271,0.0,7,60.0,20.0
3,52,16,3.0,9.864719430269723,0.0,7,60.0,20.0
3,52,17,2.8,12.312779640768783,0.0,7,60.0,20.0
3,52,18,2.8,13.591375504313532,0.0,7,60.0,20.0
3,52,19,2.8,11.030832314517697,0.0,7,60.0,20.0
3,52,20,2.8,8.735918401160717,0.0,7,60.0,20.0
3,52,21,2.8,10.17129326145681,0.0,7,60.0,20.0
3,52,22,2.8,12.83077605731483,0.0,7,60.0,20.0
1,53,1,4.0,10.961117802495433,0.0,7,60.0,20.0
1,53,2,3.0,12.97395940185914,0.0,7,60.0,20.0
1,53,3,2.8,13.805166224207643,0.0,7,60.0,20.0
1,53,4,2.8,9.600083856182716,0.0,7,60.0,20.0
1,53,5,2.8,14.767549585105535,0.0,7,60.0,20.0
1,53,6,2.8,9.959530788064304,0.0,7,60.0,20.0
1,53,7,2.8,9.670856800976804,0.0,7,60.0,20.0
1,53,8,2.8,12.142000835319815,0.0,7,60.0,20.0
1,53,9,2.8,11.16830329921326,0.0,7,60.0,20.0
1,53,10,2.8,10.236193432501842,0.0,7,60.0,20.0
1,53,11,2.8,13.367588610832431,0.0,7,60.0,20.0
1,53,12,2.8,15.418996268732922,0.0,7,60.0,20.0
1,53,13,2.8,9.49270482188884,0.0,7,60.0,20.0
1,53,14,3.0,13.657946778462067,0.0,7,60.0,20.0
1,53,15,2.8,15.363411026355232,0.0,7,60.0,20.0
1,53,16,2.8,10.509416604209898,0.0,7,60.0,20.0
1,53,17,2.8,13.272866986184464,0.0,7,60.0,20.0
1,53,18,3.6,8.462568039671046,0.125,7,60.0,20.0
1,53,19,2.8,9.210215324904599,0.0,7,60.0,20.0
1,53,20,2.8,11.06126927505891,0.0,7,60.0,20.0
1,53,21,3.0,9.864273474722625,0.0,7,60.0,20.0
1,53,22,2.0,12.709562975732089,0.0,4,60.0,20.0
2,53,1,2.8,14.380770582989925,0.0,7,60.0,20.0
2,53,2,2.8,11.569538852462399,0.0,7,60.0,20.0
2,53,3,3.2,10.011259676783094,0.0,7,60.0,20.0
2,53,4,3.2,9.947283500770848,0.0,7,60.0,20.0
2,53,5,3.0,8.8485400939308,0.0,7,60.0,20.0
2,53,6,2.8,10.431848018139949,0.0,7,60.0,20.0
2,53,7,3.0,11.23935598644826,0.0,7,60.0,20.0
2,53,8,2.8,12.422414317790595,0.0,7,60.0,20.0
2,53,9,2.8,11.535113229320435,0.0,7,60.0,20.0
2,53,10,2.8,12.274063657673237,0.0,7,60.0,20.0
2,53,11,3.0,8.406607491711473,0.0,7,60.0,20.0
2,53,12,2.8,14.091096095105515,0.0,7,60.0,20.0
2,53,13,2.8,11.839678966862685,0.0,7,60.0,20.0
2,53,14,2.8,11.838083078181286,0.0,7,60.0,20.0
2,53,15,3.0,9.491259013302082,0.0,7,60.0,20.0
2,53,16,2.8,12.008410044267965,0.0,7,60.0,20.0
2,53,17,2.8,10.987532670025583,0.0,7,60.0,20.0
2,53,18,2.8,12.465927879252988,0.0,7,60.0,20.0
2,53,19,3.0,10.368793975419674,0.0,7,60.0,20.0
2,53,20,2.8,9.83393136069894,0.0,7,60.0,20.0
2,53,21,3.0,9.251376838678073,0.0,7,60.0,20.0
3,53,1,2.8,9.043947479814925,0.0,7,60.0,20.0
3,53,2,2.8,11.028922204923658,0.0,7,60.0,20.0
3,53,3,2.8,11.631786051283859,0.0,7,60.0,20.0
3,53,4,2.8,10.066764770896588,0.0,7,60.0,20.0
3,53,5,2.8,10.762675125324266,0.0,7,60.0,20.0
3,53,6,2.8,9.214707907199282,0.0,7,60.0,20.0
3,53,7,2.8,9.320887447489142,0.0,7,60.0,20.0
3,53,8,2.8,11.474236673133241,0.0,7,60.0,20.0
3,53,9,2.8,13.525283842926811,0.0,7,60.0,20.0
3,53,10,2.8,11.25163333009836,0.0,7,60.0,20.0
3,53,11,2.8,10.330917118890252,0.0,7,60.0,20.0
3,53,12,3.0,10.289916374839851,0.0,7,60.0,20.0
3,53,13,2.8,8.98359946226548,0.0,7,60.0,20.0
3,53,14,2.8,10.95135345165244,0.0,7,60.0,20.0
3,53,15,2.8,12.575768674591597,0.0,7,60.0,20.0
3,53,16,3.0,10.958766356437776,0.0,7,60.0,20.0
3,53,17,2.8,14.210139880979838,0.0,7,60.0,20.0
3,53,18,3.0,9.535309546442917,0.0,7,60.0,20.0
3,53,19,2.8,11.70126976215474,0.0,7,60.0,20.0
3,53,20,2.8,9.161043545533857,0.0,7,60.0,20.0
3,53,21,2.8,9.079613964266839,0.0,7,60.0,20.0
3,53,22,2.8,11.26293687271859,0.0,7,60.0,20.0
1,54,1,4.0,8.983827255627043,0.0,7,60.0,20.0
1,54,2,3.2,11.632912210736093,0.0,7,60.0,20.0
1,54,3,3.0,12.540445076515018,0.0,7,60.0,20.0
1,54,4,3.0,9.525331677274846,0.0,7,60.0,20.0
1,54,5,2.8,11.31305998365591,0.0,7,60.0,20.0
1,54,6,2.8,10.011162927500925,0.0,7,60.0,20.0
1,54,7,2.8,9.337275817755863,0.0,7,60.0,20.0
1,54,8,2.8,9.86167723662254,0.0,7,60.0,20.0
1,54,9,2.8,15.119145147796178,0.0,7,60.0,20.0
1,54,10,2.8,11.280303935855219,0.0,7,60.0,20.0
1,54,11,2.8,15.479134254569056,0.0,7,60.0,20.0
1,54,12,2.8,14.632736792201284,0.0,7,60.0,20.0
1,54,13,2.8,10.232565864926391,0.0,7,60.0,20.0
1,54,14,2.8,14.64957949493306,0.0,7,60.0,20.0
1,54,15,3.0,11.575328894212145,0.0,7,60.0,20.0
1,54,16,2.8,11.066979096864866,0.0,7,60.0,20.0
1,54,17,2.8,11.435746415438738,0.0,7,60.0,20.0
1,54,18,3.0,9.138331768399343,0.0,7,60.0,20.0
1,54,19,2.8,8.897440636104138,0.0,7,60.0,20.0
1,54,20,2.8,12.203716459346937,0.0,7,60.0,20.0
1,54,21,3.0,9.612511101946385,0.0,7,60.0,20.0
1,54,22,2.0,15.003803044378545,0.0,4,60.0,20.0
2,54,1,2.8,14.762592158165347,0.0,7,60.0,20.0
2,54,2,2.8,10.909178378994595,0.0,7,60.0,20.0
2,54,3,4.0,7.897456207744607,0.125,7,60.0,20.0
2,54,4,2.8,10.818409617373892,0.0,7,60.0,20.0
2,54,5,2.8,11.341881477731013,0.0,7,60.0,20.0
2,54,6,2.8,11.723689123275214,0.0,7,60.0,20.0
2,54,7,3.6,10.218525888858828,0.125,7,60.0,20.0
2,54,8,2.8,12.040729334102704,0.0,7,60.0,20.0
2,54,9,2.8,12.765432049284781,0.0,7,60.0,20.0
2,54,10,2.8,10.995992616927076,0.0,7,60.0,20.0
2,54,11,2.8,12.966032333646341,0.0,7,60.0,20.0
2,54,12,2.8,12.274269410439965,0.0,7,60.0,20.0
2,54,13,2.8,11.167717480524463,0.0,7,60.0,20.0
2,54,14,2.8,12.6339004665179,0.0,7,60.0,20.0
2,54,15,3.6,7.727486978634481,0.125,7,60.0,20.0
2,54,16,2.8,13.056616528097877,0.0,7,60.0,20.0
2,54,17,2.8,10.098811504664274,0.0,7,60.0,20.0
2,54,18,2.8,16.108807187950973,0.0,7,60.0,20.0
2,54,19,2.8,10.392857648744686,0.0,7,60.0,20.0
2,54,20,2.8,7.466654562790426,0.0,7,60.0,20.0
2,54,21,3.0,10.121368036037566,0.0,7,60.0,20.0
3,54,1,2.8,9.892363993755973,0.0,7,60.0,20.0
3,54,2,2.8,11.59337785998361,0.0,7,60.0,20.0
3,54,3,2.8,10.790408090172505,0.0,7,60.0,20.0
3,54,4,2.8,9.518429404071378,0.0,7,60.0,20.0
3,54,5,2.8,10.800687467163774,0.0,7,60.0,20.0
3,54,6,2.8,10.23216484378108,0.0,7,60.0,20.0
3,54,7,2.8,10.840844049298319,0.0,7,60.0,20.0
3,54,8,2.8,11.28371627927951,0.0,7,60.0,20.0
3,54,9,2.8,12.843623250919963,0.0,7,60.0,20.0
3,54,10,2.8,14.138818757525392,0.0,7,60.0,20.0
3,54,11,2.8,12.984805832491435,0.0,7,60.0,20.0
3,54,12,3.2,11.397614959853492,0.0,7,60.0,20.0
3,54,13,3.0,9.917616238210945,0.0,7,60.0,20.0
3,54,14,3.0,8.875912481584974,0.0,7,60.0,20.0
3,54,15,2.8,18.672618170897852,0.0,7,60.0,20.0
3,54,16,3.0,11.468485889833389,0.0,7,60.0,20.0
3,54,17,2.8,17.294361449526512,0.0,7,60.0,20.0
3,54,18,2.8,11.148929054036167,0.0,7,60.0,20.0
3,54,19,2.8,11.238330581186698,0.0,7,60.0,20.0
3,54,20,2.8,11.9370276515992,0.0,7,60.0,20.0
3,54,21,2.8,9.87246771181895,0.0,7,60.0,20.0
3,54,22,2.8,9.930335206416796,0.0,7,60.0,20.0
1,55,1,4.2,9.666503556539604,0.0,7,60.0,20.0
1,55,2,3.0,10.52789636450451,0.0,7,60.0,20.0
1,55,3,3.0,10.599361598812756,0.0,7,60.0,20.0
1,55,4,3.0,8.879671889322138,0.0,7,60.0,20.0
1,55,5,2.8,12.695430268443232,0.0,7,60.0,20.0
1,55,6,2.8,9.035461160787793,0.0,7,60.0,20.0
1,55,7,2.8,11.319179033586417,0.0,7,60.0,20.0
1,55,8,2.8,10.915628219940622,0.0,7,60.0,20.0
1,55,9,2.8,14.894919377049607,0.0,7,60.0,20.0
1,55,10,2.8,12.343158443841364,0.0,7,60.0,20.0
1,55,11,2.8,16.725026123842156,0.0,7,60.0,20.0
1,55,12,2.8,15.379651358091019,0.0,7,60.0,20.0
1,55,13,2.8,12.054302159449215,0.0,7,60.0,20.0
1,55,14,2.8,13.622921071101198,0.0,7,60.0,20.0
1,55,15,2.8,13.373876262445124,0.0,7,60.0,20.0
1,55,16,2.8,10.095355544348525,0.0,7,60.0,20.0
1,55,17,2.8,12.233970965048556,0.0,7,60.0,20.0
1,55,18,3.0,8.865451653960898,0.0,7,60.0,20.0
1,55,19,3.0,9.242862830141611,0.0,7,60.0,20.0
1,55,20,2.8,11.331672083237581,0.0,7,60.0,20.0
1,55,21,3.0,9.076788841424541,0.0,7,60.0,20.0
1,55,22,2.0,17.638874218473333,0.0,4,60.0,20.0
2,55,1,2.8,14.727045298110175,0.0,7,60.0,20.0
2,55,2,2.8,11.418342898398157,0.0,7,60.0,20.0
2,55,3,4.0,9.108932548834444,0.125,7,60.0,20.0
2,55,4,2.8,9.891134905796935,0.0,7,60.0,20.0
2,55,5,2.8,10.877920124850322,0.0,7,60.0,20.0
2,55,6,2.8,9.313575569959779,0.0,7,60.0,20.0
2,55,7,3.2,10.800655121187987,0.0,7,60.0,20.0
2,55,8,2.8,10.493596487151454,0.0,7,60.0,20.0
2,55,9,2.8,14.433798597529742,0.0,7,60.0,20.0
2,55,10,2.8,11.442970217517503,0.0,7,60.0,20.0
2,55,11,2.8,11.131048260712836,0.0,7,60.0,20.0
2,55,12,2.8,13.08517462385862,0.0,7,60.0,20.0
2,55,13,2.8,11.516631470807027,0.0,7,60.0,20.0
2,55,14,2.8,10.803497685679693,0.0,7,60.0,20.0
2,55,15,3.0,8.809228738345167,0.0,7,60.0,20.0
2,55,16,2.8,12.236888461771615,0.0,7,60.0,20.0
2,55,17,2.8,10.674694995392734,0.0,7,60.0,20.0
2,55,18,2.8,11.521066503902755,0.0,7,60.0,20.0
2,55,19,3.8,8.459920250099739,0.125,7,60.0,20.0
2,55,20,2.8,7.993625438861457,0.0,7,60.0,20.0
2,55,21,3.0,11.155141362569122,0.0,7,60.0,20.0
3,55,1,2.8,10.071553359044257,0.0,7,60.0,20.0
3,55,2,2.8,11.681952299078965,0.0,7,60.0,20.0
3,55,3,2.8,11.76604747625728,0.0,7,60.0,20.0
3,55,4,2.8,10.682138827230297,0.0,7,60.0,20.0
3,55,5,2.8,9.249035088039623,0.0,7,60.0,20.0
3,55,6,2.8,10.477567368092462,0.0,7,60.0,20.0
3,55,7,2.8,9.958290823650026,0.0,7,60.0,20.0
3,55,8,2.8,12.11039179565941,0.0,7,60.0,20.0
3,55,9,2.8,13.737945511720085,0.0,7,60.0,20.0
3,55,10,2.8,12.267169639359295,0.0,7,60.0,20.0
3,55,11,2.8,11.263134574083594,0.0,7,60.0,20.0
3,55,12,3.0,10.953328587739941,0.0,7,60.0,20.0
3,55,13,3.0,9.01661070758349,0.0,7,60.0,20.0
3,55,14,3.0,9.255281441090602,0.0,7,60.0,20.0
3,55,15,2.8,17.957659042116138,0.0,7,60.0,20.0
3,55,16,3.0,10.7389346982087,0.0,7,60.0,20.0
3,55,17,2.8,13.980360410463886,0.0,7,60.0,20.0
3,55,18,2.8,12.185378126985107,0.0,7,60.0,20.0
3,55,19,2.8,13.650945600267187,0.0,7,60.0,20.0
3,55,20,2.8,12.301388652442007,0.0,7,60.0,20.0
3,55,21,2.8,8.722023563818757,0.0,7,60.0,20.0
3,55,22,2.8,12.023919731855257,0.0,7,60.0,20.0
1,56,1,4.2,8.856690762313672,0.0,7,60.0,20.0
1,56,2,3.2,11.339287700546112,0.0,7,60.0,20.0
1,56,3,2.8,11.4024577853504,0.0,7,60.0,20.0
1,56,4,3.0,8.776214146431087,0.0,7,60.0,20.0
1,56,5,2.8,14.123684616433334,0.0,7,60.0,20.0
1,56,6,2.8,8.658946194196828,0.0,7,60.0,20.0
1,56,7,2.8,11.008992703873814,0.0,7,60.0,20.0
1,56,8,2.8,11.117003123308482,0.0,7,60.0,20.0
1,56,9,2.8,13.169649200119665,0.0,7,60.0,20.0
1,56,10,2.8,11.451799706398148,0.0,7,60.0,20.0
1,56,11,2.8,14.337442335865466,0.0,7,60.0,20.0
1,56,12,2.8,16.250624414244427,0.0,7,60.0,20.0
1,56,13,2.8,14.017055832059054,0.0,7,60.0,20.0
1,56,14,2.8,11.470615470224347,0.0,7,60.0,20.0
1,56,15,2.8,12.943000169004549,0.0,7,60.0,20.0
1,56,16,2.8,12.796534974339563,0.0,7,60.0,20.0
1,56,17,2.8,10.807755343694145,0.0,7,60.0,20.0
1,56,18,3.0,9.024777972019182,0.0,7,60.0,20.0
1,56,19,3.2,10.253812534096971,0.0,7,60.0,20.0
1,56,20,3.0,9.944310597730196,0.0,7,60.0,20.0
1,56,21,3.0,9.053133344609446,0.0,7,60.0,20.0
2,56,1,2.8,15.05326626887956,0.0,7,60.0,20.0
2,56,2,2.8,10.216695426619442,0.0,7,60.0,20.0
2,56,3,3.8,9.191238311543577,0.125,7,60.0,20.0
2,56,4,2.8,10.993654644905172,0.0,7,60.0,20.0
2,56,5,2.8,10.744785226151963,0.0,7,60.0,20.0
2,56,6,2.8,9.65764749791979,0.0,7,60.0,20.0
2,56,7,3.0,13.29099644506968,0.0,7,60.0,20.0
2,56,8,2.8,11.013182628879285,0.0,7,60.0,20.0
2,56,9,2.8,13.925027455090365,0.0,7,60.0,20.0
2,56,10,2.8,11.425674803162638,0.0,7,60.0,20.0
2,56,11,2.8,12.685027332467433,0.0,7,60.0,20.0
2,56,12,2.8,13.152928757296984,0.0,7,60.0,20.0
2,56,13,2.8,12.298510027124864,0.0,7,60.0,20.0
2,56,14,2.8,11.450905893359717,0.0,7,60.0,20.0
2,56,15,2.8,8.848033752558777,0.0,7,60.0,20.0
2,56,16,3.6,9.38343601768669,0.125,7,60.0,20.0
2,56,17,2.8,12.356804946173664,0.0,7,60.0,20.0
2,56,18,2.8,12.115474288138124,0.0,7,60.0,20.0
2,56,19,3.0,11.710150824980227,0.0,7,60.0,20.0
2,56,20,2.8,8.672876651560266,0.0,7,60.0,20.0
2,56,21,3.0,11.336241212135524,0.0,7,60.0,20.0
3,56,1,2.8,10.022042898057347,0.0,7,60.0,20.0
3,56,2,2.8,11.593377859983509,0.0,7,60.0,20.0
3,56,3,2.8,10.733597743423491,0.0,7,60.0,20.0
3,56,4,2.8,10.608028981922457,0.0,7,60.0,20.0
3,56,5,2.8,10.07147930565915,0.0,7,60.0,20.0
3,56,6,2.8,10.549859348606917,0.0,7,60.0,20.0
3,56,7,2.8,8.92638136888727,0.0,7,60.0,20.0
3,56,8,2.8,10.508245630184806,0.0,7,60.0,20.0
3,56,9,2.8,14.520734325301504,0.0,7,60.0,20.0
3,56,10,2.8,13.977260856495002,0.0,7,60.0,20.0
3,56,11,2.8,10.210193048214983,0.0,7,60.0,20.0
3,56,12,3.6,9.148288590984029,0.125,7,60.0,20.0
3,56,13,2.8,9.194140172576269,0.0,7,60.0,20.0
3,56,14,2.8,9.855125934695968,0.0,7,60.0,20.0
3,56,15,2.8,12.098085691667626,0.0,7,60.0,20.0
3,56,16,2.8,10.55023042166246,0.0,7,60.0,20.0
3,56,17,2.8,11.88798199463274,0.0,7,60.0,20.0
3,56,18,2.8,12.16114906381553,0.0,7,60.0,20.0
3,56,19,2.8,11.431227358102067,0.0,7,60.0,20.0
3,56,20,2.8,11.825688205128001,0.0,7,60.0,20.0
3,56,21,2.8,7.859043660312036,0.0,7,60.0,20.0
3,56,22,2.8,13.2193885955208,0.0,7,60.0,20.0
1,57,1,4.0,10.131796715084317,0.0,7,60.0,20.0
1,57,2,3.0,10.790225188152554,0.0,7,60.0,20.0
1,57,3,2.8,12.917384187360414,0.0,7,60.0,20.0
1,57,4,3.0,8.600405873625977,0.0,7,60.0,20.0
1,57,5,2.8,16.205885191597698,0.0,7,60.0,20.0
1,57,6,2.8,10.6280815650133,0.0,7,60.0,20.0
1,57,7,2.8,10.50140041905876,0.0,7,60.0,20.0
1,57,8,2.8,10.608175440454499,0.0,7,60.0,20.0
1,57,9,2.8,14.444397759147355,0.0,7,60.0,20.0
1,57,10,2.8,10.423568921151306,0.0,7,60.0,20.0
1,57,11,2.8,15.104387314887571,0.0,7,60.0,20.0
1,57,12,2.8,17.532106989716343,0.0,7,60.0,20.0
1,57,13,2.8,11.611584418065867,0.0,7,60.0,20.0
1,57,14,2.8,16.16482406952564,0.0,7,60.0,20.0
1,57,15,2.8,13.0934449322746,0.0,7,60.0,20.0
1,57,16,2.8,11.78355141336953,0.0,7,60.0,20.0
1,57,17,2.8,12.553936500946598,0.0,7,60.0,20.0
1,57,18,3.6,7.285904328215963,0.125,7,60.0,20.0
1,57,19,2.8,9.988831708519331,0.0,7,60.0,20.0
1,57,20,2.8,11.774500379441452,0.0,7,60.0,20.0
1,57,21,3.2,8.023869476140701,0.0,7,60.0,20.0
2,57,1,3.0,13.957585813691404,0.0,7,60.0,20.0
2,57,2,3.0,10.327926270152679,0.0,7,60.0,20.0
2,57,3,3.2,10.24291036888168,0.0,7,60.0,20.0
2,57,4,3.0,9.249946305566699,0.0,7,60.0,20.0
2,57,5,2.8,10.433192799628346,0.0,7,60.0,20.0
2,57,6,2.8,10.22261628301342,0.0,7,60.0,20.0
2,57,7,3.0,11.177733469718541,0.0,7,60.0,20.0
2,57,8,2.8,10.137015066861467,0.0,7,60.0,20.0
2,57,9,2.8,10.820825329801504,0.0,7,60.0,20.0
2,57,10,2.8,12.448944379805592,0.0,7,60.0,20.0
2,57,11,2.8,10.783907520045254,0.0,7,60.0,20.0
2,57,12,2.8,14.631840601126337,0.0,7,60.0,20.0
2,57,13,2.8,13.642738651580263,0.0,7,60.0,20.0
2,57,14,2.8,9.975461241925014,0.0,7,60.0,20.0
2,57,15,2.8,9.044295551638886,0.0,7,60.0,20.0
2,57,16,3.0,13.282222108599951,0.0,7,60.0,20.0
2,57,17,2.8,12.572748117419195,0.0,7,60.0,20.0
2,57,18,2.8,11.334837205516134,0.0,7,60.0,20.0
2,57,19,3.0,10.142065635459483,0.0,7,60.0,20.0
2,57,20,2.8,9.723266963526509,0.0,7,60.0,20.0
2,57,21,3.0,8.730414558339982,0.0,7,60.0,20.0
3,57,1,3.0,9.697037407542712,0.0,7,60.0,20.0
3,57,2,2.8,12.034128984839802,0.0,7,60.0,20.0
3,57,3,2.8,12.484729430192253,0.0,7,60.0,20.0
3,57,4,2.8,10.427539013535744,0.0,7,60.0,20.0
3,57,5,2.8,10.712570949602771,0.0,7,60.0,20.0
3,57,6,2.8,9.529048778066322,0.0,7,60.0,20.0
3,57,7,2.8,14.739614543180162,0.0,7,60.0,20.0
3,57,8,2.8,10.859373890759352,0.0,7,60.0,20.0
3,57,9,2.8,12.034105379941156,0.0,7,60.0,20.0
3,57,10,2.8,10.077000440116638,0.0,7,60.0,20.0
3,57,11,2.8,11.805939089130321,0.0,7,60.0,20.0
3,57,12,3.0,11.46881532960488,0.0,7,60.0,20.0
3,57,13,3.0,9.17382548040048,0.0,7,60.0,20.0
3,57,14,2.8,10.223938947616634,0.0,7,60.0,20.0
3,57,15,2.8,12.416368668062951,0.0,7,60.0,20.0
3,57,16,3.0,9.287570714687515,0.0,7,60.0,20.0
3,57,17,2.8,12.91739573315407,0.0,7,60.0,20.0
3,57,18,3.0,11.776812190645352,0.0,7,60.0,20.0
3,57,19,2.8,12.400395869767863,0.0,7,60.0,20.0
3,57,20,2.8,10.238493831902893,0.0,7,60.0,20.0
3,57,21,2.8,8.987518485912219,0.0,7,60.0,20.0
3,57,22,3.0,11.564020735602828,0.0,7,60.0,20.0
1,58,1,4.0,9.508315274791475,0.0,7,60.0,20.0
1,58,2,3.0,12.04071340309247,0.0,7,60.0,20.0
1,58,3,2.8,14.062902455314033,0.0,7,60.0,20.0
1,58,4,3.0,6.921155799919256,0.0,7,60.0,20.0
1,58,5,2.8,12.584586370619409,0.0,7,60.0,20.0
1,58,6,2.8,11.159494404985088,0.0,7,60.0,20.0
1,58,7,2.8,9.537406312556522,0.0,7,60.0,20.0
1,58,8,2.8,10.817651918589007,0.0,7,60.0,20.0
1,58,9,2.8,14.799133216851747,0.0,7,60.0,20.0
1,58,10,2.8,9.925667850502961,0.0,7,60.0,20.0
1,58,11,2.8,13.392399855529455,0.0,7,60.0,20.0
1,58,12,2.8,19.270102775101822,0.0,7,60.0,20.0
1,58,13,2.8,10.957073871102912,0.0,7,60.0,20.0
1,58,14,2.8,13.548136232614556,0.0,7,60.0,20.0
1,58,15,2.8,14.238105547268876,0.0,7,60.0,20.0
1,58,16,3.0,9.142281711729613,0.0,7,60.0,20.0
1,58,17,2.8,11.409221103288653,0.0,7,60.0,20.0
1,58,18,3.0,8.10819391254277,0.0,7,60.0,20.0
1,58,19,2.8,11.550169543427469,0.0,7,60.0,20.0
1,58,20,3.0,10.655663522115105,0.0,7,60.0,20.0
1,58,21,3.2,9.176512735333617,0.0,7,60.0,20.0
1,58,22,2.0,15.240974816862874,0.0,4,60.0,20.0
2,58,1,2.8,17.165712050601236,0.0,7,60.0,20.0
2,58,2,2.8,12.64601728671275,0.0,7,60.0,20.0
2,58,3,3.8,9.122691067418534,0.125,7,60.0,20.0
2,58,4,2.8,11.532627252222607,0.0,7,60.0,20.0
2,58,5,2.8,11.238372757590732,0.0,7,60.0,20.0
2,58,6,2.8,11.175217710765448,0.0,7,60.0,20.0
2,58,7,3.0,12.50305374259392,0.0,7,60.0,20.0
2,58,8,2.8,11.642092086765153,0.0,7,60.0,20.0
2,58,9,2.8,11.644925680921439,0.0,7,60.0,20.0
2,58,10,2.8,12.348407254734537,0.0,7,60.0,20.0
2,58,11,2.8,10.140256312665738,0.0,7,60.0,20.0
2,58,12,2.8,12.533018279559814,0.0,7,60.0,20.0
2,58,13,2.8,15.630017863734345,0.0,7,60.0,20.0
2,58,14,2.8,10.803639711991,0.0,7,60.0,20.0
2,58,15,2.8,9.597817492273643,0.0,7,60.0,20.0
2,58,16,3.0,11.981255709657875,0.0,7,60.0,20.0
2,58,17,2.8,13.369779569924372,0.0,7,60.0,20.0
2,58,18,2.8,11.334837205516134,0.0,7,60.0,20.0
2,58,19,3.2,8.502738280991489,0.0,7,60.0,20.0
2,58,20,2.8,9.048313128172934,0.0,7,60.0,20.0
2,58,21,3.0,8.927290819705764,0.0,7,60.0,20.0
3,58,1,2.8,9.797285974986112,0.0,7,60.0,20.0
3,58,2,2.8,11.549592427341674,0.0,7,60.0,20.0
3,58,3,2.8,11.788726297668992,0.0,7,60.0,20.0
3,58,4,2.8,9.887744244329943,0.0,7,60.0,20.0
3,58,5,2.8,9.43450867343151,0.0,7,60.0,20.0
3,58,6,2.8,10.113724492436285,0.0,7,60.0,20.0
3,58,7,2.8,10.652036761579167,0.0,7,60.0,20.0
3,58,8,2.8,11.325505352814682,0.0,7,60.0,20.0
3,58,9,2.8,12.426114212832926,0.0,7,60.0,20.0
3,58,10,2.8,11.726224275209432,0.0,7,60.0,20.0
3,58,11,2.8,10.786406951814877,0.0,7,60.0,20.0
3,58,12,3.0,11.77580678546803,0.0,7,60.0,20.0
3,58,13,3.0,10.239317574261849,0.0,7,60.0,20.0
3,58,14,2.8,10.95069984420009,0.0,7,60.0,20.0
3,58,15,2.8,11.860708777456734,0.0,7,60.0,20.0
3,58,16,3.0,10.344674530622884,0.0,7,60.0,20.0
3,58,17,2.8,14.967664389763723,0.0,7,60.0,20.0
3,58,18,3.0,10.021370499460778,0.0,7,60.0,20.0
3,58,19,2.8,11.200943677981298,0.0,7,60.0,20.0
3,58,20,2.8,12.058848865334916,0.0,7,60.0,20.0
3,58,21,2.8,8.648027508497039,0.0,7,60.0,20.0
3,58,22,2.8,11.249843731776227,0.0,7,60.0,20.0
1,59,1,4.2,7.998521527157733,0.0,7,60.0,20.0
1,59,2,3.2,11.828981599631835,0.0,7,60.0,20.0
1,59,3,2.8,11.921279395921477,0.0,7,60.0,20.0
1,59,4,3.0,8.892775867072299,0.0,7,60.0,20.0
1,59,5,3.0,11.493872037360314,0.0,7,60.0,20.0
1,59,6,2.8,10.657672191950462,0.0,7,60.0,20.0
1,59,7,2.8,10.456976714522623,0.0,7,60.0,20.0
1,59,8,2.8,10.06583293798655,0.0,7,60.0,20.0
1,59,9,2.8,11.532510814765633,0.0,7,60.0,20.0
1,59,10,2.8,11.433127328419593,0.0,7,60.0,20.0
1,59,11,2.8,15.06707391014449,0.0,7,60.0,20.0
1,59,12,2.8,12.905506853299988,0.0,7,60.0,20.0
1,59,13,2.8,10.659792831268287,0.0,7,60.0,20.0
1,59,14,2.8,10.942048679433078,0.0,7,60.0,20.0
1,59,15,2.8,17.901017862285382,0.0,7,60.0,20.0
1,59,16,2.8,10.712839037078883,0.0,7,60.0,20.0
1,59,17,2.8,11.307000910208341,0.0,7,60.0,20.0
1,59,18,3.0,9.712770250528695,0.0,7,60.0,20.0
1,59,19,2.8,11.902640939835493,0.0,7,60.0,20.0
1,59,20,2.8,8.64831568536928,0.0,7,60.0,20.0
1,59,21,3.2,9.157920380719155,0.0,7,60.0,20.0
2,59,1,2.8,13.43321156862226,0.0,7,60.0,20.0
2,59,2,2.8,11.525932964573633,0.0,7,60.0,20.0
2,59,3,3.8,8.621183528893917,0.125,7,60.0,20.0
2,59,4,2.8,11.093355301202811,0.0,7,60.0,20.0
2,59,5,2.8,11.667139220625849,0.0,7,60.0,20.0
2,59,6,2.8,11.094134226991152,0.0,7,60.0,20.0
2,59,7,3.0,11.157342517106814,0.0,7,60.0,20.0
2,59,8,2.8,12.126845841490457,0.0,7,60.0,20.0
2,59,9,2.8,11.622796244916064,0.0,7,60.0,20.0
2,59,10,2.8,11.175156354737908,0.0,7,60.0,20.0
2,59,11,2.8,9.752207715915059,0.0,7,60.0,20.0
2,59,12,2.8,11.100027846902654,0.0,7,60.0,20.0
2,59,13,2.8,12.576695685957338,0.0,7,60.0,20.0
2,59,14,2.8,9.975461241925014,0.0,7,60.0,20.0
2,59,15,2.8,9.643215691127555,0.0,7,60.0,20.0
2,59,16,3.6,8.802711927533208,0.125,7,60.0,20.0
2,59,17,2.8,11.695205576420376,0.0,7,60.0,20.0
2,59,18,2.8,12.99038635235358,0.0,7,60.0,20.0
2,59,19,2.8,12.766419902697669,0.0,7,60.0,20.0
2,59,20,2.8,8.767102970554994,0.0,7,60.0,20.0
2,59,21,3.0,9.758688821230518,0.0,7,60.0,20.0
3,59,1,3.0,8.545405538738548,0.0,7,60.0,20.0
3,59,2,2.8,11.779184528680657,0.0,7,60.0,20.0
3,59,3,3.0,12.048318303862928,0.0,7,60.0,20.0
3,59,4,2.8,9.781011361388572,0.0,7,60.0,20.0
3,59,5,2.8,8.488806949379123,0.0,7,60.0,20.0
3,59,6,2.8,10.249260676030687,0.0,7,60.0,20.0
3,59,7,2.8,11.386538193449704,0.0,7,60.0,20.0
3,59,8,2.8,9.817549966241994,0.0,7,60.0,20.0
3,59,9,2.8,17.0643031029827,0.0,7,60.0,20.0
3,59,10,2.8,10.511459754246374,0.0,7,60.0,20.0
3,59,11,2.8,13.325661139596443,0.0,7,60.0,20.0
3,59,12,3.0,13.259395505076965,0.0,7,60.0,20.0
3,59,13,2.8,8.854230550251808,0.0,7,60.0,20.0
3,59,14,2.8,10.292761878629843,0.0,7,60.0,20.0
3,59,15,2.8,15.539496285785464,0.0,7,60.0,20.0
3,59,16,3.0,10.167647289573802,0.0,7,60.0,20.0
3,59,17,2.8,14.545585588151086,0.0,7,60.0,20.0
3,59,18,3.0,9.672270129945304,0.0,7,60.0,20.0
3,59,19,2.8,11.940423360738631,0.0,7,60.0,20.0
3,59,20,2.8,10.685693846218761,0.0,7,60.0,20.0
3,59,21,2.8,9.040658646145515,0.0,7,60.0,20.0
3,59,22,3.0,10.111094331874693,0.0,7,60.0,20.0
1,60,1,4.0,10.688919404214905,0.0,7,60.0,20.0
1,60,2,2.8,11.742805990728966,0.0,7,60.0,20.0
1,60,3,3.0,13.517072594798368,0.0,7,60.0,20.0
1,60,4,3.0,8.292685417320747,0.0,7,60.0,20.0
1,60,5,3.0,10.810442962693696,0.0,7,60.0,20.0
1,60,6,2.8,10.320827811275775,0.0,7,60.0,20.0
1,60,7,2.8,11.972252069603245,0.0,7,60.0,20.0
1,60,8,2.8,11.511103491201444,0.0,7,60.0,20.0
1,60,9,2.8,13.571917293666788,0.0,7,60.0,20.0
1,60,10,2.8,11.064776183644243,0.0,7,60.0,20.0
1,60,11,2.8,15.119769419216952,0.0,7,60.0,20.0
1,60,12,2.8,18.948387992632256,0.0,7,60.0,20.0
1,60,13,2.8,10.409322570145461,0.0,7,60.0,20.0
1,60,14,2.8,14.838793713934413,0.0,7,60.0,20.0
1,60,15,2.8,12.46423238077562,0.0,7,60.0,20.0
1,60,16,2.8,11.412427250773645,0.0,7,60.0,20.0
1,60,17,2.8,12.318839606735715,0.0,7,60.0,20.0
1,60,18,2.8,11.775512321286222,0.0,7,60.0,20.0
1,60,19,3.0,9.19742680436951,0.0,7,60.0,20.0
1,60,20,2.8,10.990698962073617,0.0,7,60.0,20.0
1,60,21,3.2,9.015135774022108,0.0,7,60.0,20.0
1,60,22,2.25,13.288158511522713,0.0,4,60.0,20.0
2,60,1,2.8,13.734878479525063,0.0,7,60.0,20.0
2,60,2,2.8,10.268152729751392,0.0,7,60.0,20.0
2,60,3,3.2,11.021540358780763,0.0,7,60.0,20.0
2,60,4,2.8,10.470051037579246,0.0,7,60.0,20.0
2,60,5,3.0,9.930605851096361,0.0,7,60.0,20.0
2,60,6,2.8,11.744892250495205,0.0,7,60.0,20.0
2,60,7,3.0,10.078386496557298,0.0,7,60.0,20.0
2,60,8,3.0,9.907885418897106,0.0,7,60.0,20.0
2,60,9,2.8,10.847862954593493,0.0,7,60.0,20.0
2,60,10,2.8,14.459828302661872,0.0,7,60.0,20.0
2,60,11,2.8,8.861310677786934,0.0,7,60.0,20.0
2,60,12,2.8,12.69318066252381,0.0,7,60.0,20.0
2,60,13,2.8,10.303593379516677,0.0,7,60.0,20.0
2,60,14,2.8,10.410840643670754,0.0,7,60.0,20.0
2,60,15,2.8,9.49209653845172,0.0,7,60.0,20.0
2,60,16,3.0,11.17862468719061,0.0,7,60.0,20.0
2,60,17,2.8,13.04899753351569,0.0,7,60.0,20.0
2,60,18,2.8,10.402529536799573,0.0,7,60.0,20.0
2,60,19,3.2,10.146111456470237,0.0,7,60.0,20.0
2,60,20,2.8,9.977046853249135,0.0,7,60.0,20.0
2,60,21,3.0,7.91676377104574,0.0,7,60.0,20.0
3,60,1,2.8,11.23735334079678,0.0,7,60.0,20.0
3,60,2,2.8,13.63522038217934,0.0,7,60.0,20.0
3,60,3,2.8,12.93565418656049,0.0,7,60.0,20.0
3,60,4,2.8,9.533265854078778,0.0,7,60.0,20.0
3,60,5,2.8,9.84452467298241,0.0,7,60.0,20.0
3,60,6,2.8,10.215075235908348,0.0,7,60.0,20.0
3,60,7,2.8,9.568793053170538,0.0,7,60.0,20.0
3,60,8,2.8,11.47423667313344,0.0,7,60.0,20.0
3,60,9,2.8,13.893987580751217,0.0,7,60.0,20.0
3,60,10,2.8,10.73802017985366,0.0,7,60.0,20.0
3,60,11,2.8,12.13464795927463,0.0,7,60.0,20.0
3,60,12,3.0,12.838736137962778,0.0,7,60.0,20.0
3,60,13,2.8,9.326060867765275,0.0,7,60.0,20.0
3,60,14,2.8,10.428510669398886,0.0,7,60.0,20.0
3,60,15,2.8,12.297623570151043,0.0,7,60.0,20.0
3,60,16,3.0,10.294715246442149,0.0,7,60.0,20.0
3,60,17,2.8,13.43005959691505,0.0,7,60.0,20.0
3,60,18,3.0,9.625347468330833,0.0,7,60.0,20.0
3,60,19,2.8,13.2186496926234,0.0,7,60.0,20.0
3,60,20,2.8,11.815781491516898,0.0,7,60.0,20.0
3,60,21,2.8,8.973047553072057,0.0,7,60.0,20.0
3,60,22,3.0,11.425754421522655,0.0,7,60.0,20.0
1,61,1,4.0,10.030607590107445,0.0,7,60.0,20.0
1,61,2,2.8,11.45267699661117,0.0,7,60.0,20.0
1,61,3,3.0,13.577986563859714,0.0,7,60.0,20.0
1,61,4,3.0,8.443742964850918,0.0,7,60.0,20.0
1,61,5,3.0,10.829871301449328,0.0,7,60.0,20.0
1,61,6,2.8,9.864655318515979,0.0,7,60.0,20.0
1,61,7,3.0,8.680552272713378,0.0,7,60.0,20.0
1,61,8,2.8,11.433393315567324,0.0,7,60.0,20.0
1,61,9,2.8,15.043656867295356,0.0,7,60.0,20.0
1,61,10,2.8,14.039880070625138,0.0,7,60.0,20.0
1,61,11,2.8,15.439474678419499,0.0,7,60.0,20.0
1,61,12,2.8,12.611548425016881,0.0,7,60.0,20.0
1,61,13,2.8,11.099561875161967,0.0,7,60.0,20.0
1,61,14,2.8,16.630646956936815,0.0,7,60.0,20.0
1,61,15,2.8,13.169285307599244,0.0,7,60.0,20.0
1,61,16,2.8,12.98962323229173,0.0,7,60.0,20.0
1,61,17,2.8,10.543028606184933,0.0,7,60.0,20.0
1,61,18,3.2,8.93526777976233,0.0,7,60.0,20.0
1,61,19,2.8,9.210215324904615,0.0,7,60.0,20.0
1,61,20,2.8,11.310403381816974,0.0,7,60.0,20.0
1,61,21,3.0,9.491388422395367,0.0,7,60.0,20.0
2,61,1,2.8,14.380770582989925,0.0,7,60.0,20.0
2,61,2,2.8,10.285420544202266,0.0,7,60.0,20.0
2,61,3,3.8,10.169304516428992,0.125,7,60.0,20.0
2,61,4,2.8,10.954274373934313,0.0,7,60.0,20.0
2,61,5,2.8,11.035594142436317,0.0,7,60.0,20.0
2,61,6,2.8,10.857793141703471,0.0,7,60.0,20.0
2,61,7,3.0,12.452142560874817,0.0,7,60.0,20.0
2,61,8,2.8,11.072999317719901,0.0,7,60.0,20.0
2,61,9,2.8,10.840003749528902,0.0,7,60.0,20.0
2,61,10,2.8,11.86913423500568,0.0,7,60.0,20.0
2,61,11,2.8,10.45218219276142,0.0,7,60.0,20.0
2,61,12,2.8,14.357065342539531,0.0,7,60.0,20.0
2,61,13,2.8,11.236554074580281,0.0,7,60.0,20.0
2,61,14,2.8,10.958497876491473,0.0,7,60.0,20.0
2,61,15,2.8,11.40554468745749,0.0,7,60.0,20.0
2,61,16,3.0,10.9908472506014,0.0,7,60.0,20.0
2,61,17,2.8,10.683957495361852,0.0,7,60.0,20.0
2,61,18,2.8,10.719015650706357,0.0,7,60.0,20.0
2,61,19,3.2,8.937620620916562,0.0,7,60.0,20.0
2,61,20,2.8,8.639316269129909,0.0,7,60.0,20.0
2,61,21,3.0,7.568486722870994,0.0,7,60.0,20.0
3,61,1,2.8,11.15536898882721,0.0,7,60.0,20.0
3,61,2,2.8,11.009070093223128,0.0,7,60.0,20.0
3,61,3,2.8,10.512214984448484,0.0,7,60.0,20.0
3,61,4,2.8,9.840020174990354,0.0,7,60.0,20.0
3,61,5,2.8,9.892292551981347,0.0,7,60.0,20.0
3,61,6,2.8,9.981677762292113,0.0,7,60.0,20.0
3,61,7,2.8,9.767450445730361,0.0,7,60.0,20.0
3,61,8,2.8,10.767237141395958,0.0,7,60.0,20.0
3,61,9,2.8,11.94090871306115,0.0,7,60.0,20.0
3,61,10,2.8,10.099672882184016,0.0,7,60.0,20.0
3,61,11,2.8,12.062848477641353,0.0,7,60.0,20.0
3,61,12,2.8,12.359087136252207,0.0,7,60.0,20.0
3,61,13,2.8,8.918478585077171,0.0,7,60.0,20.0
3,61,14,2.8,10.681775857708418,0.0,7,60.0,20.0
3,61,15,2.8,12.59213217368584,0.0,7,60.0,20.0
3,61,16,2.8,14.085048816067562,0.0,7,60.0,20.0
3,61,17,2.8,12.577261772812317,0.0,7,60.0,20.0
3,61,18,3.0,11.370636210688074,0.0,7,60.0,20.0
3,61,19,2.8,11.058115649303799,0.0,7,60.0,20.0
3,61,20,2.8,12.048855269398429,0.0,7,60.0,20.0
3,61,21,2.8,9.806942617439594,0.0,7,60.0,20.0
3,61,22,3.0,9.418194473499494,0.0,7,60.0,20.0
1,62,1,4.2,9.409894504165083,0.0,7,60.0,20.0
1,62,2,3.2,12.337568426649465,0.0,7,60.0,20.0
1,62,3,2.8,13.649451188462923,0.0,7,60.0,20.0
1,62,4,3.0,8.213967429592852,0.0,7,60.0,20.0
1,62,5,3.0,11.215767802850017,0.0,7,60.0,20.0
1,62,6,2.8,9.589220049517001,0.0,7,60.0,20.0
1,62,7,2.8,11.672271561182333,0.0,7,60.0,20.0
1,62,8,2.8,10.254247772089899,0.0,7,60.0,20.0
1,62,9,2.8,17.592946347315138,0.0,7,60.0,20.0
1,62,10,2.8,10.702144408088012,0.0,7,60.0,20.0
1,62,11,2.8,12.60815625251393,0.0,7,60.0,20.0
1,62,12,2.8,15.029951742483547,0.0,7,60.0,20.0
1,62,13,2.8,12.520200978781471,0.0,7,60.0,20.0
1,62,14,2.8,11.617064420439915,0.0,7,60.0,20.0
1,62,15,2.8,17.74289583801139,0.0,7,60.0,20.0
1,62,16,2.8,11.621923307134793,0.0,7,60.0,20.0
1,62,17,2.8,11.160414178732541,0.0,7,60.0,20.0
1,62,18,3.0,9.8557398627538,0.0,7,60.0,20.0
1,62,19,2.8,9.87425770840819,0.0,7,60.0,20.0
1,62,20,2.8,10.234660582804029,0.0,7,60.0,20.0
1,62,21,3.0,9.131808501274222,0.0,7,60.0,20.0
1,62,22,2.0,17.19838481996579,0.0,4,60.0,20.0
2,62,1,2.8,15.550832312528037,0.0,7,60.0,20.0
2,62,2,2.8,12.64601728671269,0.0,7,60.0,20.0
2,62,3,3.8,8.884165405974572,0.125,7,60.0,20.0
2,62,4,2.8,11.446294386320425,0.0,7,60.0,20.0
2,62,5,2.8,11.384809562070487,0.0,7,60.0,20.0
2,62,6,2.8,9.390736475875348,0.0,7,60.0,20.0
2,62,7,3.0,10.207656609736459,0.0,7,60.0,20.0
2,62,8,2.8,12.706298201862776,0.0,7,60.0,20.0
2,62,9,2.8,11.71182249844033,0.0,7,60.0,20.0
2,62,10,2.8,11.732523532112356,0.0,7,60.0,20.0
2,62,11,2.8,9.112865227832176,0.0,7,60.0,20.0
2,62,12,2.8,12.822038640850005,0.0,7,60.0,20.0
2,62,13,2.8,13.765561305090747,0.0,7,60.0,20.0
2,62,14,2.8,10.417215752419493,0.0,7,60.0,20.0
2,62,15,2.8,10.632276904720147,0.0,7,60.0,20.0
2,62,16,3.0,10.536425897074936,0.0,7,60.0,20.0
2,62,17,2.8,12.495687122443238,0.0,7,60.0,20.0
2,62,18,2.8,14.3038257383735,0.0,7,60.0,20.0
2,62,19,3.2,8.834342310100041,0.0,7,60.0,20.0
2,62,20,2.8,8.96870242016228,0.0,7,60.0,20.0
2,62,21,3.0,8.099710387588619,0.0,7,60.0,20.0
3,62,1,2.8,9.704018195443044,0.0,7,60.0,20.0
3,62,2,2.8,10.356602439314765,0.0,7,60.0,20.0
3,62,3,2.8,12.461253158947668,0.0,7,60.0,20.0
3,62,4,2.8,9.761495642767887,0.0,7,60.0,20.0
3,62,5,2.8,10.20592867850035,0.0,7,60.0,20.0
3,62,6,2.8,9.650916678479355,0.0,7,60.0,20.0
3,62,7,2.8,10.802549025957736,0.0,7,60.0,20.0
3,62,8,3.0,10.456107347666396,0.0,7,60.0,20.0
3,62,9,2.8,13.9563399819036,0.0,7,60.0,20.0
3,62,10,2.8,10.961993572682045,0.0,7,60.0,20.0
3,62,11,2.8,11.430836156612077,0.0,7,60.0,20.0
3,62,12,3.6,9.956445108760404,0.125,7,60.0,20.0
3,62,13,2.8,10.075506051587228,0.0,7,60.0,20.0
3,62,14,2.8,10.345703765075104,0.0,7,60.0,20.0
3,62,15,2.8,16.87985809603065,0.0,7,60.0,20.0
3,62,16,2.8,10.728831811351322,0.0,7,60.0,20.0
3,62,17,2.8,16.06764674657313,0.0,7,60.0,20.0
3,62,18,3.0,10.3135683591481,0.0,7,60.0,20.0
3,62,19,2.8,11.192320746342638,0.0,7,60.0,20.0
3,62,20,2.8,9.181820249151052,0.0,7,60.0,20.0
3,62,21,2.8,11.598671773626341,0.0,7,60.0,20.0
3,62,22,3.0,9.981772116346754,0.0,7,60.0,20.0
1,63,1,4.2,9.483942370172315,0.0,7,60.0,20.0
1,63,2,3.2,11.048232412933766,0.0,7,60.0,20.0
1,63,3,2.8,13.649451188462919,0.0,7,60.0,20.0
1,63,4,3.0,7.573889962218933,0.0,7,60.0,20.0
1,63,5,2.8,13.28310243611233,0.0,7,60.0,20.0
1,63,6,2.8,11.657319042517097,0.0,7,60.0,20.0
1,63,7,2.8,11.213859500307993,0.0,7,60.0,20.0
1,63,8,2.8,9.76578617479526,0.0,7,60.0,20.0
1,63,9,2.8,12.671186266703888,0.0,7,60.0,20.0
1,63,10,2.8,11.03247953779009,0.0,7,60.0,20.0
1,63,11,2.8,13.59356428003395,0.0,7,60.0,20.0
1,63,12,2.8,16.294566609428088,0.0,7,60.0,20.0
1,63,13,2.8,11.887841352320878,0.0,7,60.0,20.0
1,63,14,2.8,12.339699804519162,0.0,7,60.0,20.0
1,63,15,2.8,15.467932193393892,0.0,7,60.0,20.0
1,63,16,2.8,9.978339126115024,0.0,7,60.0,20.0
1,63,17,2.8,14.677397162651264,0.0,7,60.0,20.0
1,63,18,3.6,6.765322905128837,0.125,7,60.0,20.0
1,63,19,2.8,11.461849142926775,0.0,7,60.0,20.0
1,63,20,2.8,10.839838545526224,0.0,7,60.0,20.0
1,63,21,3.0,11.33502539211898,0.0,7,60.0,20.0
2,63,1,2.8,13.403772105204673,0.0,7,60.0,20.0
2,63,2,2.8,11.50425305255427,0.0,7,60.0,20.0
2,63,3,3.8,7.969621759229137,0.125,7,60.0,20.0
2,63,4,3.0,9.764603087828778,0.0,7,60.0,20.0
2,63,5,2.8,12.630060508290768,0.0,7,60.0,20.0
2,63,6,2.8,9.65161492554285,0.0,7,60.0,20.0
2,63,7,3.0,13.769628065881106,0.0,7,60.0,20.0
2,63,8,2.8,13.664065046795544,0.0,7,60.0,20.0
2,63,9,2.8,13.0593508672014,0.0,7,60.0,20.0
2,63,10,2.8,11.606322688796697,0.0,7,60.0,20.0
2,63,11,2.8,11.49569370200017,0.0,7,60.0,20.0
2,63,12,2.8,14.423399984139614,0.0,7,60.0,20.0
2,63,13,2.8,10.96908215473815,0.0,7,60.0,20.0
2,63,14,2.8,11.418174580661303,0.0,7,60.0,20.0
2,63,15,3.6,7.852753542047303,0.125,7,60.0,20.0
2,63,16,2.8,10.023782845146927,0.0,7,60.0,20.0
2,63,17,2.8,12.041046446615866,0.0,7,60.0,20.0
2,63,18,2.8,11.96645775766058,0.0,7,60.0,20.0
2,63,19,3.0,10.370866067265483,0.0,7,60.0,20.0
2,63,20,2.8,8.453765506247487,0.0,7,60.0,20.0
2,63,21,3.0,10.419938502024241,0.0,7,60.0,20.0
3,63,1,2.8,10.291875080639446,0.0,7,60.0,20.0
3,63,2,2.8,11.593377859983406,0.0,7,60.0,20.0
3,63,3,3.0,10.296154545933476,0.0,7,60.0,20.0
3,63,4,2.8,9.69988631526088,0.0,7,60.0,20.0
3,63,5,2.8,9.929908543643686,0.0,7,60.0,20.0
3,63,6,2.8,9.10354413182387,0.0,7,60.0,20.0
3,63,7,2.8,10.509808868274073,0.0,7,60.0,20.0
3,63,8,2.8,12.25156670974643,0.0,7,60.0,20.0
3,63,9,2.8,11.711495833860054,0.0,7,60.0,20.0
3,63,10,2.8,10.61939555477676,0.0,7,60.0,20.0
3,63,11,2.8,14.457041997359417,0.0,7,60.0,20.0
3,63,12,3.6,8.206393231034458,0.125,7,60.0,20.0
3,63,13,2.8,10.436555210692113,0.0,7,60.0,20.0
3,63,14,2.8,9.974512787777169,0.0,7,60.0,20.0
3,63,15,2.8,16.60489203155262,0.0,7,60.0,20.0
3,63,16,2.8,10.728831811351148,0.0,7,60.0,20.0
3,63,17,2.8,12.995106229967556,0.0,7,60.0,20.0
3,63,18,2.8,10.94933667187527,0.0,7,60.0,20.0
3,63,19,2.8,10.41538944486977,0.0,7,60.0,20.0
3,63,20,2.8,13.058433899410833,0.0,7,60.0,20.0
3,63,21,2.8,8.149258158604848,0.0,7,60.0,20.0
3,63,22,2.8,10.92353882281775,0.0,7,60.0,20.0
1,64,1,4.0,8.851860411444978,0.0,7,60.0,20.0
1,64,2,3.0,11.067674599627502,0.0,7,60.0,20.0
1,64,3,2.8,11.804046181298522,0.0,7,60.0,20.0
1,64,4,2.8,8.326626959273836,0.0,7,60.0,20.0
1,64,5,2.8,15.939395240249429,0.0,7,60.0,20.0
1,64,6,2.8,9.54918732321753,0.0,7,60.0,20.0
1,64,7,2.8,9.563421948383128,0.0,7,60.0,20.0
1,64,8,2.8,12.166515465887095,0.0,7,60.0,20.0
1,64,9,2.8,13.677947881416392,0.0,7,60.0,20.0
1,64,10,2.8,12.10779712726225,0.0,7,60.0,20.0
1,64,11,2.8,14.086286390960279,0.0,7,60.0,20.0
1,64,12,2.8,18.32630843989519,0.0,7,60.0,20.0
1,64,13,2.8,9.691167249541902,0.0,7,60.0,20.0
1,64,14,3.0,18.084754665504338,0.0,7,60.0,20.0
1,64,15,2.8,13.384260183472552,0.0,7,60.0,20.0
1,64,16,2.8,11.447769560935646,0.0,7,60.0,20.0
1,64,17,2.8,11.412693323691608,0.0,7,60.0,20.0
1,64,18,3.0,8.169244706472597,0.0,7,60.0,20.0
1,64,19,3.0,9.127768986317308,0.0,7,60.0,20.0
1,64,20,2.8,12.265866616185258,0.0,7,60.0,20.0
1,64,21,3.0,9.80593362672626,0.0,7,60.0,20.0
1,64,22,2.0,13.108705564399498,0.0,5,60.0,20.0
2,64,1,2.8,15.127732190148524,0.0,7,60.0,20.0
2,64,2,2.8,10.048834680904744,0.0,7,60.0,20.0
2,64,3,3.8,7.959250466755117,0.125,7,60.0,20.0
2,64,4,2.8,11.256693114146206,0.0,7,60.0,20.0
2,64,5,2.8,10.292730165875726,0.0,7,60.0,20.0
2,64,6,2.8,10.467555524324565,0.0,7,60.0,20.0
2,64,7,3.0,10.670692889877174,0.0,7,60.0,20.0
2,64,8,2.8,13.171483140621163,0.0,7,60.0,20.0
2,64,9,2.8,14.945876947361487,0.0,7,60.0,20.0
2,64,10,2.8,12.008963741700047,0.0,7,60.0,20.0
2,64,11,2.8,10.007520411025867,0.0,7,60.0,20.0
2,64,12,2.8,11.30520332104832,0.0,7,60.0,20.0
2,64,13,2.8,14.44846247044318,0.0,7,60.0,20.0
2,64,14,2.8,9.783968517433049,0.0,7,60.0,20.0
2,64,15,2.8,10.6507922233941,0.0,7,60.0,20.0
2,64,16,3.6,8.702510471775625,0.125,7,60.0,20.0
2,64,17,2.8,10.619010996886797,0.0,7,60.0,20.0
2,64,18,2.8,13.18643804968056,0.0,7,60.0,20.0
2,64,19,2.8,10.97891886324095,0.0,7,60.0,20.0
2,64,20,2.8,8.767102970554879,0.0,7,60.0,20.0
2,64,21,3.6,9.21616043714534,0.125,7,60.0,20.0
3,64,1,2.8,10.155166882901186,0.0,7,60.0,20.0
3,64,2,2.8,12.121859714802646,0.0,7,60.0,20.0
3,64,3,2.8,10.317154255412186,0.0,7,60.0,20.0
3,64,4,2.8,9.824214362735447,0.0,7,60.0,20.0
3,64,5,2.8,10.257277310847961,0.0,7,60.0,20.0
3,64,6,2.8,9.66616935169979,0.0,7,60.0,20.0
3,64,7,2.8,9.94210308935301,0.0,7,60.0,20.0
3,64,8,2.8,10.767237141395958,0.0,7,60.0,20.0
3,64,9,2.8,12.058622705467544,0.0,7,60.0,20.0
3,64,10,2.8,12.391437570637489,0.0,7,60.0,20.0
3,64,11,2.8,10.960374280882915,0.0,7,60.0,20.0
3,64,12,3.2,10.851611993281386,0.0,7,60.0,20.0
3,64,13,3.0,9.201428635891297,0.0,7,60.0,20.0
3,64,14,2.8,11.384848361421964,0.0,7,60.0,20.0
3,64,15,2.8,14.04115090203005,0.0,7,60.0,20.0
3,64,16,3.2,10.107434262734644,0.0,7,60.0,20.0
3,64,17,2.8,14.202131476919584,0.0,7,60.0,20.0
3,64,18,2.8,10.480281668091491,0.0,7,60.0,20.0
3,64,19,2.8,11.802176247436533,0.0,7,60.0,20.0
3,64,20,2.8,9.955186765909392,0.0,7,60.0,20.0
3,64,21,2.8,10.235964149432993,0.0,7,60.0,20.0
3,64,22,3.0,10.31574011523437,0.0,7,60.0,20.0
1,65,1,4.0,11.985798505551179,0.0,7,60.0,20.0
1,65,2,3.0,12.620720190029086,0.0,7,60.0,20.0
1,65,3,2.8,14.398929356775275,0.0,7,60.0,20.0
1,65,4,2.8,8.891805656318843,0.0,7,60.0,20.0
1,65,5,3.0,10.557086853532208,0.0,7,60.0,20.0
1,65,6,2.8,10.010160707352242,0.0,7,60.0,20.0
1,65,7,2.8,9.979661577928496,0.0,7,60.0,20.0
1,65,8,2.8,10.817651918589007,0.0,7,60.0,20.0
1,65,9,2.8,14.106270238024056,0.0,7,60.0,20.0
1,65,10,2.8,10.644518195188006,0.0,7,60.0,20.0
1,65,11,2.8,18.892811210326272,0.0,7,60.0,20.0
1,65,12,2.8,16.21147009775937,0.0,7,60.0,20.0
1,65,13,2.8,11.793382262075836,0.0,7,60.0,20.0
1,65,14,2.8,14.320868477168897,0.0,7,60.0,20.0
1,65,15,2.8,15.208316077864168,0.0,7,60.0,20.0
1,65,16,2.8,12.920488779262213,0.0,7,60.0,20.0
1,65,17,2.8,10.760552230190786,0.0,7,60.0,20.0
1,65,18,3.0,8.68744230644959,0.0,7,60.0,20.0
1,65,19,3.0,8.47320597259364,0.0,7,60.0,20.0
1,65,20,2.8,12.06933142754696,0.0,7,60.0,20.0
1,65,21,3.0,11.666394622435279,0.0,7,60.0,20.0
1,65,22,2.0,13.080251468939005,0.0,5,60.0,20.0
2,65,1,2.8,12.551078924864301,0.0,7,60.0,20.0
2,65,2,2.8,10.812746403272,0.0,7,60.0,20.0
2,65,3,3.8,8.150162788801328,0.125,7,60.0,20.0
2,65,4,2.8,9.611528910207433,0.0,7,60.0,20.0
2,65,5,2.8,9.689403718932649,0.0,7,60.0,20.0
2,65,6,2.8,11.511760844107132,0.0,7,60.0,20.0
2,65,7,3.2,11.333952360608679,0.0,7,60.0,20.0
2,65,8,2.8,11.313452602342549,0.0,7,60.0,20.0
2,65,9,2.8,12.733093912220856,0.0,7,60.0,20.0
2,65,10,2.8,12.233107094778902,0.0,7,60.0,20.0
2,65,11,2.8,9.976778487514586,0.0,7,60.0,20.0
2,65,12,2.8,13.77375941815671,0.0,7,60.0,20.0
2,65,13,2.8,12.242566970847667,0.0,7,60.0,20.0
2,65,14,2.8,10.909024737652386,0.0,7,60.0,20.0
2,65,15,3.0,8.443075155050812,0.0,7,60.0,20.0
2,65,16,3.0,12.046121886172802,0.0,7,60.0,20.0
2,65,17,2.8,13.21103884159908,0.0,7,60.0,20.0
2,65,18,2.8,13.535304614983525,0.0,7,60.0,20.0
2,65,19,3.0,9.575461253123054,0.0,7,60.0,20.0
2,65,20,2.8,8.072791862894936,0.0,7,60.0,20.0
2,65,21,3.0,9.28463330546587,0.0,7,60.0,20.0
3,65,1,3.0,8.829133135485872,0.0,7,60.0,20.0
3,65,2,2.8,10.688199829318963,0.0,7,60.0,20.0
3,65,3,2.8,11.630081227870035,0.0,7,60.0,20.0
3,65,4,2.8,9.344219049141424,0.0,7,60.0,20.0
3,65,5,2.8,10.21175832218253,0.0,7,60.0,20.0
3,65,6,2.8,11.0033880364401,0.0,7,60.0,20.0
3,65,7,3.0,9.721827496669833,0.0,7,60.0,20.0
3,65,8,2.8,10.109652173801257,0.0,7,60.0,20.0
3,65,9,2.8,12.973939835058319,0.0,7,60.0,20.0
3,65,10,3.0,10.563845887027714,0.0,7,60.0,20.0
3,65,11,3.0,9.955305044459353,0.0,7,60.0,20.0
3,65,12,3.0,13.387979072212895,0.0,7,60.0,20.0
3,65,13,2.8,10.418776637564234,0.0,7,60.0,20.0
3,65,14,2.8,8.96562189499262,0.0,7,60.0,20.0
3,65,15,2.8,13.953159817067103,0.0,7,60.0,20.0
3,65,16,3.0,10.159677417863234,0.0,7,60.0,20.0
3,65,17,2.8,11.310871613039005,0.0,7,60.0,20.0
3,65,18,2.8,13.93193302426615,0.0,7,60.0,20.0
3,65,19,2.8,11.212839868052548,0.0,7,60.0,20.0
3,65,20,2.8,9.76841170529282,0.0,7,60.0,20.0
3,65,21,2.8,9.988569446174642,0.0,7,60.0,20.0
3,65,22,2.8,10.182070368348993,0.0,7,60.0,20.0
1,66,1,4.0,10.803902658865358,0.0,7,60.0,20.0
1,66,2,3.0,13.527318072490344,0.0,7,60.0,20.0
1,66,3,2.8,19.039265542969844,0.0,7,60.0,20.0
1,66,4,3.0,8.304113077753044,0.0,7,60.0,20.0
1,66,5,2.8,13.076127048814069,0.0,7,60.0,20.0
1,66,6,2.8,10.46201522365211,0.0,7,60.0,20.0
1,66,7,2.8,10.303881080180334,0.0,7,60.0,20.0
1,66,8,2.8,11.22050268532482,0.0,7,60.0,20.0
1,66,9,2.8,11.928290261322257,0.0,7,60.0,20.0
1,66,10,2.8,10.797096170390057,0.0,7,60.0,20.0
1,66,11,2.8,12.451531266238053,0.0,7,60.0,20.0
1,66,12,2.8,15.151667315204534,0.0,7,60.0,20.0
1,66,13,2.8,11.30657074653562,0.0,7,60.0,20.0
1,66,14,2.8,12.965152981051203,0.0,7,60.0,20.0
1,66,15,2.8,13.38426018347262,0.0,7,60.0,20.0
1,66,16,2.8,10.714973126518796,0.0,7,60.0,20.0
1,66,17,2.8,11.815485576312113,0.0,7,60.0,20.0
1,66,18,3.6,8.694559632550874,0.125,7,60.0,20.0
1,66,19,2.8,9.890464237627587,0.0,7,60.0,20.0
1,66,20,2.8,11.289214370349628,0.0,7,60.0,20.0
1,66,21,2.8,9.0019973912908,0.0,7,60.0,20.0
1,66,22,2.25,15.66265651256759,0.0,4,60.0,20.0
2,66,1,3.0,12.203120608330263,0.0,7,60.0,20.0
2,66,2,2.8,11.681830102356441,0.0,7,60.0,20.0
2,66,3,3.0,12.581731409587947,0.0,7,60.0,20.0
2,66,4,3.2,9.573591642182336,0.0,7,60.0,20.0
2,66,5,3.0,10.105927984171222,0.0,7,60.0,20.0
2,66,6,2.8,9.581995514753007,0.0,7,60.0,20.0
2,66,7,3.0,12.179379882762817,0.0,7,60.0,20.0
2,66,8,2.8,10.895467318034282,0.0,7,60.0,20.0
2,66,9,2.8,11.300667860724845,0.0,7,60.0,20.0
2,66,10,2.8,11.257432884514353,0.0,7,60.0,20.0
2,66,11,2.8,10.007520411025867,0.0,7,60.0,20.0
2,66,12,2.8,12.48186327944787,0.0,7,60.0,20.0
2,66,13,2.8,13.258275302644599,0.0,7,60.0,20.0
2,66,14,2.8,10.958497876491565,0.0,7,60.0,20.0
2,66,15,2.8,10.5225228917744,0.0,7,60.0,20.0
2,66,16,3.0,11.865040076942215,0.0,7,60.0,20.0
2,66,17,2.8,10.912711696798082,0.0,7,60.0,20.0
2,66,18,2.8,12.145131956408534,0.0,7,60.0,20.0
2,66,19,3.2,9.566721917076837,0.0,7,60.0,20.0
2,66,20,2.8,8.775672652286962,0.0,7,60.0,20.0
2,66,21,3.0,8.067657938318527,0.0,7,60.0,20.0
3,66,1,2.8,9.305385658660907,0.0,7,60.0,20.0
3,66,2,2.8,10.795322157509737,0.0,7,60.0,20.0
3,66,3,2.8,12.020417442051954,0.0,7,60.0,20.0
3,66,4,2.8,9.080350250230364,0.0,7,60.0,20.0
3,66,5,2.8,10.240103785503132,0.0,7,60.0,20.0
3,66,6,2.8,9.66616935169979,0.0,7,60.0,20.0
3,66,7,2.8,10.487646455298746,0.0,7,60.0,20.0
3,66,8,2.8,12.557974499579435,0.0,7,60.0,20.0
3,66,9,2.8,12.605386243774458,0.0,7,60.0,20.0
3,66,10,2.8,11.955441265841934,0.0,7,60.0,20.0
3,66,11,2.8,10.843779180557547,0.0,7,60.0,20.0
3,66,12,3.6,8.921434574637212,0.125,7,60.0,20.0
3,66,13,2.8,8.797396908814932,0.0,7,60.0,20.0
3,66,14,2.8,10.570494360089121,0.0,7,60.0,20.0
3,66,15,2.8,16.114358719000627,0.0,7,60.0,20.0
3,66,16,2.8,9.313214534581299,0.0,7,60.0,20.0
3,66,17,2.8,12.495155500135592,0.0,7,60.0,20.0
3,66,18,2.8,12.357723055643762,0.0,7,60.0,20.0
3,66,19,2.8,12.06249118363661,0.0,7,60.0,20.0
3,66,20,2.8,10.879112395437673,0.0,7,60.0,20.0
3,66,21,2.8,7.889456786078298,0.0,7,60.0,20.0
3,66,22,2.8,11.147323378479838,0.0,7,60.0,20.0
1,67,1,4.2,8.895914794122334,0.0,7,60.0,20.0
1,67,2,3.2,11.805807017182616,0.0,7,60.0,20.0
1,67,3,2.8,12.31095523872736,0.0,7,60.0,20.0
1,67,4,3.0,7.779215500637088,0.0,7,60.0,20.0
1,67,5,2.8,10.486227487039887,0.0,7,60.0,20.0
1,67,6,2.8,10.610495664569488,0.0,7,60.0,20.0
1,67,7,2.8,11.738103121287269,0.0,7,60.0,20.0
1,67,8,2.8,10.975270481658951,0.0,7,60.0,20.0
1,67,9,2.8,12.43584187274211,0.0,7,60.0,20.0
1,67,10,2.8,12.095407291671776,0.0,7,60.0,20.0
1,67,11,2.8,17.2024747135439,0.0,7,60.0,20.0
1,67,12,2.8,16.07720035384712,0.0,7,60.0,20.0
1,67,13,2.8,10.112365925910991,0.0,7,60.0,20.0
1,67,14,2.8,15.885359199844753,0.0,7,60.0,20.0
1,67,15,3.0,11.687581616626609,0.0,7,60.0,20.0
1,67,16,2.8,9.774496081091057,0.0,7,60.0,20.0
1,67,17,2.8,10.70443926229877,0.0,7,60.0,20.0
1,67,18,3.0,9.969882045704377,0.0,7,60.0,20.0
1,67,19,3.0,9.595622558524003,0.0,7,60.0,20.0
1,67,20,2.8,12.562863956155034,0.0,7,60.0,20.0
1,67,21,3.2,9.720395449098646,0.0,7,60.0,20.0
2,67,1,2.8,12.949695047981635,0.0,7,60.0,20.0
2,67,2,2.8,9.838689559938487,0.0,7,60.0,20.0
2,67,3,3.8,8.18287549561566,0.125,7,60.0,20.0
2,67,4,2.8,11.21540938190364,0.0,7,60.0,20.0
2,67,5,2.8,10.976179814654891,0.0,7,60.0,20.0
2,67,6,2.8,10.137893001816865,0.0,7,60.0,20.0
2,67,7,3.0,10.190648702348394,0.0,7,60.0,20.0
2,67,8,2.8,11.38210143788122,0.0,7,60.0,20.0
2,67,9,2.8,12.501837369905722,0.0,7,60.0,20.0
2,67,10,2.8,9.828313647414891,0.0,7,60.0,20.0
2,67,11,2.8,10.689667933190087,0.0,7,60.0,20.0
2,67,12,2.8,13.806119114184924,0.0,7,60.0,20.0
2,67,13,2.8,13.92223492836071,0.0,7,60.0,20.0
2,67,14,2.8,11.919548697032994,0.0,7,60.0,20.0
2,67,15,2.8,8.575115592625966,0.0,7,60.0,20.0
2,67,16,3.6,9.131268854848065,0.125,7,60.0,20.0
2,67,17,2.8,13.532443646913304,0.0,7,60.0,20.0
2,67,18,2.8,11.144152474245548,0.0,7,60.0,20.0
2,67,19,3.0,10.955054214719393,0.0,7,60.0,20.0
2,67,20,2.8,8.709929539773857,0.0,7,60.0,20.0
2,67,21,3.8,7.263658398793604,0.125,7,60.0,20.0
3,67,1,2.8,10.104832997069257,0.0,7,60.0,20.0
3,67,2,2.8,13.137321765063943,0.0,7,60.0,20.0
3,67,3,2.8,9.470454176016432,0.0,7,60.0,20.0
3,67,4,2.8,9.91981830435369,0.0,7,60.0,20.0
3,67,5,2.8,9.797215899897271,0.0,7,60.0,20.0
3,67,6,2.8,9.805644246311571,0.0,7,60.0,20.0
3,67,7,2.8,10.469693538916568,0.0,7,60.0,20.0
3,67,8,2.8,9.676939036449394,0.0,7,60.0,20.0
3,67,9,2.8,12.710169159579197,0.0,7,60.0,20.0
3,67,10,2.8,11.29318466649078,0.0,7,60.0,20.0
3,67,11,2.8,11.263134574083594,0.0,7,60.0,20.0
3,67,12,3.6,8.258851918300104,0.125,7,60.0,20.0
3,67,13,2.8,11.49172124186002,0.0,7,60.0,20.0
3,67,14,2.8,10.373285102428728,0.0,7,60.0,20.0
3,67,15,2.8,14.010298054124483,0.0,7,60.0,20.0
3,67,16,2.8,9.242842812495617,0.0,7,60.0,20.0
3,67,17,2.8,13.54684207432511,0.0,7,60.0,20.0
3,67,18,2.8,11.900852538414838,0.0,7,60.0,20.0
3,67,19,2.8,10.313235151026214,0.0,7,60.0,20.0
3,67,20,2.8,11.757488071473478,0.0,7,60.0,20.0
3,67,21,2.8,9.320124501465916,0.0,7,60.0,20.0
3,67,22,2.8,10.587703211450652,0.0,7,60.0,20.0
1,68,1,4.0,10.502624690866252,0.0,7,60.0,20.0
1,68,2,3.0,11.713056461129613,0.0,7,60.0,20.0
1,68,3,2.8,11.55506593344684,0.0,7,60.0,20.0
1,68,4,3.0,7.168143574887843,0.0,7,60.0,20.0
1,68,5,2.8,15.864566681471423,0.0,7,60.0,20.0
1,68,6,2.8,9.78265376666053,0.0,7,60.0,20.0
1,68,7,2.8,10.920062778157915,0.0,7,60.0,20.0
1,68,8,2.8,10.24738692400896,0.0,7,60.0,20.0
1,68,9,2.8,16.147436743385864,0.0,7,60.0,20.0
1,68,10,2.8,12.121984967084748,0.0,7,60.0,20.0
1,68,11,2.8,16.881579359602707,0.0,7,60.0,20.0
1,68,12,2.8,13.958384510215563,0.0,7,60.0,20.0
1,68,13,2.8,11.747401194098481,0.0,7,60.0,20.0
1,68,14,2.8,14.923797958987436,0.0,7,60.0,20.0
1,68,15,2.8,11.673090626333947,0.0,7,60.0,20.0
1,68,16,2.8,10.734059524150515,0.0,7,60.0,20.0
1,68,17,2.8,11.456086687362204,0.0,7,60.0,20.0
1,68,18,3.6,7.512998321211902,0.125,7,60.0,20.0
1,68,19,2.8,10.089175499612978,0.0,7,60.0,20.0
1,68,20,2.8,11.374450360967389,0.0,7,60.0,20.0
1,68,21,3.0,8.312975161843593,0.0,7,60.0,20.0
1,68,22,2.0,17.83463935180889,0.0,4,60.0,20.0
2,68,1,3.0,12.736791143914097,0.0,7,60.0,20.0
2,68,2,2.8,12.145800224782453,0.0,7,60.0,20.0
2,68,3,3.6,9.216352206135012,0.125,7,60.0,20.0
2,68,4,2.8,11.89138703513435,0.0,7,60.0,20.0
2,68,5,2.8,9.40627031654877,0.0,7,60.0,20.0
2,68,6,2.8,11.299089869423272,0.0,7,60.0,20.0
2,68,7,3.0,10.023635767506798,0.0,7,60.0,20.0
2,68,8,2.8,11.510628846901177,0.0,7,60.0,20.0
2,68,9,2.8,11.136060713718232,0.0,7,60.0,20.0
2,68,10,2.8,13.612662785262089,0.0,7,60.0,20.0
2,68,11,2.8,9.926310813411364,0.0,7,60.0,20.0
2,68,12,2.8,14.2899765172207,0.0,7,60.0,20.0
2,68,13,2.8,11.19541765946167,0.0,7,60.0,20.0
2,68,14,2.8,11.58100076780553,0.0,7,60.0,20.0
2,68,15,2.8,8.93855175677166,0.0,7,60.0,20.0
2,68,16,3.6,8.222808412546797,0.125,7,60.0,20.0
2,68,17,2.8,11.584447301540665,0.0,7,60.0,20.0
2,68,18,2.8,11.765868456803316,0.0,7,60.0,20.0
2,68,19,2.8,11.098454202980275,0.0,7,60.0,20.0
2,68,20,2.8,8.729563091400786,0.0,7,60.0,20.0
2,68,21,3.0,9.88486436092903,0.0,7,60.0,20.0
3,68,1,2.8,9.434573655983131,0.0,7,60.0,20.0
3,68,2,2.8,12.753793604851197,0.0,7,60.0,20.0
3,68,3,2.8,13.38872987504422,0.0,7,60.0,20.0
3,68,4,2.8,10.252387266962957,0.0,7,60.0,20.0
3,68,5,2.8,9.812934888382502,0.0,7,60.0,20.0
3,68,6,2.8,10.063799575313443,0.0,7,60.0,20.0
3,68,7,2.8,8.285478929746962,0.0,7,60.0,20.0
3,68,8,2.8,12.481093945666801,0.0,7,60.0,20.0
3,68,9,2.8,11.32197978085917,0.0,7,60.0,20.0
3,68,10,2.8,12.218157564499508,0.0,7,60.0,20.0
3,68,11,2.8,12.848417225070571,0.0,7,60.0,20.0
3,68,12,3.6,7.9065277630007085,0.125,7,60.0,20.0
3,68,13,3.0,11.58149688579682,0.0,7,60.0,20.0
3,68,14,2.8,10.023553600997403,0.0,7,60.0,20.0
3,68,15,2.8,14.212552449122827,0.0,7,60.0,20.0
3,68,16,2.8,11.139175519855602,0.0,7,60.0,20.0
3,68,17,2.8,15.696520911832906,0.0,7,60.0,20.0
3,68,18,2.8,10.32111032362439,0.0,7,60.0,20.0
3,68,19,2.8,12.300638225087054,0.0,7,60.0,20.0
3,68,20,2.8,11.4241984187496,0.0,7,60.0,20.0
3,68,21,2.8,9.824890640838097,0.0,7,60.0,20.0
3,68,22,2.8,11.39148346222001,0.0,7,60.0,20.0
1,69,1,4.0,9.568708156889096,0.0,7,60.0,20.0
1,69,2,3.0,12.754280988006538,0.0,7,60.0,20.0
1,69,3,2.8,12.015881280285146,0.0,7,60.0,20.0
1,69,4,3.0,8.431928045044275,0.0,7,60.0,20.0
1,69,5,2.8,11.819403762532282,0.0,7,60.0,20.0
1,69,6,2.8,11.263790480881278,0.0,7,60.0,20.0
1,69,7,2.8,7.878902311605668,0.0,7,60.0,20.0
1,69,8,2.8,10.282357655639133,0.0,7,60.0,20.0
1,69,9,2.8,16.456109052297215,0.0,7,60.0,20.0
1,69,10,2.8,11.698399005666126,0.0,7,60.0,20.0
1,69,11,2.8,14.146974305649684,0.0,7,60.0,20.0
1,69,12,2.8,13.281560398504118,0.0,7,60.0,20.0
1,69,13,2.8,10.301485315423378,0.0,7,60.0,20.0
1,69,14,2.8,16.078562554883014,0.0,7,60.0,20.0
1,69,15,2.8,12.952725532110447,0.0,7,60.0,20.0
1,69,16,2.8,11.923445091660726,0.0,7,60.0,20.0
1,69,17,2.8,12.1735226369027,0.0,7,60.0,20.0
1,69,18,3.6,7.277105779682825,0.125,7,60.0,20.0
1,69,19,3.2,10.025665786810006,0.0,7,60.0,20.0
1,69,20,2.8,11.911149038626768,0.0,7,60.0,20.0
1,69,21,3.0,8.017290499638866,0.0,7,60.0,20.0
2,69,1,2.8,13.986145712288266,0.0,7,60.0,20.0
2,69,2,2.8,9.458312830280141,0.0,7,60.0,20.0
2,69,3,3.2,9.55757168112097,0.0,7,60.0,20.0
2,69,4,3.0,10.055110545990075,0.0,7,60.0,20.0
2,69,5,2.8,9.09082201021785,0.0,7,60.0,20.0
2,69,6,2.8,9.270403541331492,0.0,7,60.0,20.0
2,69,7,3.0,11.879299179474835,0.0,7,60.0,20.0
2,69,8,2.8,11.783328385407788,0.0,7,60.0,20.0
2,69,9,2.8,12.21926533140472,0.0,7,60.0,20.0
2,69,10,2.8,15.511316604922936,0.0,7,60.0,20.0
2,69,11,2.8,9.022897183501243,0.0,7,60.0,20.0
2,69,12,2.8,12.322792196781306,0.0,7,60.0,20.0
2,69,13,2.8,11.349604879544044,0.0,7,60.0,20.0
2,69,14,2.8,11.753016412061129,0.0,7,60.0,20.0
2,69,15,2.8,9.336545790605726,0.0,7,60.0,20.0
2,69,16,3.0,12.246145185495259,0.0,7,60.0,20.0
2,69,17,2.8,10.449038609941134,0.0,7,60.0,20.0
2,69,18,2.8,12.87652949763949,0.0,7,60.0,20.0
2,69,19,2.8,12.185883951793409,0.0,7,60.0,20.0
2,69,20,2.8,10.158203263485081,0.0,7,60.0,20.0
2,69,21,2.8,8.305669988353774,0.0,7,60.0,20.0
2,69,22,2.2,15.096554217711413,0.0,5,60.0,20.0
3,69,1,2.8,9.956781223484706,0.0,7,60.0,20.0
3,69,2,2.8,11.840258398767016,0.0,7,60.0,20.0
3,69,3,2.8,10.867097327348567,0.0,7,60.0,20.0
3,69,4,2.8,10.534940360526099,0.0,7,60.0,20.0
3,69,5,2.8,10.955460402697593,0.0,7,60.0,20.0
3,69,6,2.8,9.064483560479113,0.0,7,60.0,20.0
3,69,7,2.8,9.990824950131337,0.0,7,60.0,20.0
3,69,8,2.8,12.015227685732626,0.0,7,60.0,20.0
3,69,9,2.8,14.384132891569719,0.0,7,60.0,20.0
3,69,10,2.8,11.955441265842042,0.0,7,60.0,20.0
3,69,11,2.8,12.330359257970278,0.0,7,60.0,20.0
3,69,12,3.0,10.020185543231989,0.0,7,60.0,20.0
3,69,13,2.8,10.230881039552473,0.0,7,60.0,20.0
3,69,14,2.8,10.739819318027907,0.0,7,60.0,20.0
3,69,15,2.8,13.031273868738955,0.0,7,60.0,20.0
3,69,16,3.0,10.242992041372705,0.0,7,60.0,20.0
3,69,17,2.8,16.20570105622344,0.0,7,60.0,20.0
3,69,18,3.0,10.816983490347317,0.0,7,60.0,20.0
3,69,19,2.8,13.540563433332384,0.0,7,60.0,20.0
3,69,20,2.8,11.461501243927854,0.0,7,60.0,20.0
3,69,21,2.8,8.856111467198314,0.0,7,60.0,20.0
3,69,22,3.0,10.974705707052756,0.0,7,60.0,20.0
1,70,1,4.2,9.25099060230692,0.0,7,60.0,20.0
1,70,2,3.0,12.363956380271137,0.0,7,60.0,20.0
1,70,3,3.0,17.289967471149055,0.0,7,60.0,20.0
1,70,4,3.0,8.687646263620904,0.0,7,60.0,20.0
1,70,5,3.0,9.154176615513496,0.0,7,60.0,20.0
1,70,6,2.8,8.804615887179605,0.0,7,60.0,20.0
1,70,7,2.8,10.698319282840314,0.0,7,60.0,20.0
1,70,8,2.8,9.999023750295212,0.0,7,60.0,20.0
1,70,9,2.8,13.495380557620976,0.0,7,60.0,20.0
1,70,10,2.8,13.098143556904347,0.0,7,60.0,20.0
1,70,11,2.8,17.884212182872517,0.0,7,60.0,20.0
1,70,12,2.8,14.281899817008595,0.0,7,60.0,20.0
1,70,13,2.8,11.194461347602562,0.0,7,60.0,20.0
1,70,14,2.8,12.64054695568059,0.0,7,60.0,20.0
1,70,15,2.8,16.897120518371796,0.0,7,60.0,20.0
1,70,16,2.8,10.770279999809237,0.0,7,60.0,20.0
1,70,17,2.8,11.181122008237425,0.0,7,60.0,20.0
1,70,18,3.0,9.69714036922108,0.0,7,60.0,20.0
1,70,19,2.8,10.331339297374736,0.0,7,60.0,20.0
1,70,20,2.8,10.411490288781275,0.0,7,60.0,20.0
1,70,21,3.2,9.415481793352058,0.0,7,60.0,20.0
2,70,1,3.2,10.949444691574032,0.0,7,60.0,20.0
2,70,2,3.0,10.52784855853916,0.0,7,60.0,20.0
2,70,3,3.8,8.223443428851187,0.125,7,60.0,20.0
2,70,4,3.0,9.053894062181008,0.0,7,60.0,20.0
2,70,5,2.8,10.394739689611264,0.0,7,60.0,20.0
2,70,6,2.8,9.579614777266862,0.0,7,60.0,20.0
2,70,7,3.2,12.116981396187485,0.0,7,60.0,20.0
2,70,8,2.8,11.36064473071864,0.0,7,60.0,20.0
2,70,9,2.8,10.485027303080043,0.0,7,60.0,20.0
2,70,10,2.8,10.172488644070102,0.0,7,60.0,20.0
2,70,11,2.8,17.069767712671073,0.0,7,60.0,20.0
2,70,12,2.8,10.504206025713287,0.0,7,60.0,20.0
2,70,13,2.8,13.80018970735804,0.0,7,60.0,20.0
2,70,14,2.8,12.118422152768762,0.0,7,60.0,20.0
2,70,15,3.0,8.678768411070003,0.0,7,60.0,20.0
2,70,16,2.8,11.289400109576512,0.0,7,60.0,20.0
2,70,17,2.8,10.445517250207281,0.0,7,60.0,20.0
2,70,18,2.8,14.419902540274574,0.0,7,60.0,20.0
2,70,19,3.0,9.57047761726423,0.0,7,60.0,20.0
2,70,20,2.8,7.372289251509703,0.0,7,60.0,20.0
2,70,21,3.0,10.741449671136102,0.0,7,60.0,20.0
3,70,1,2.8,10.468024921077957,0.0,7,60.0,20.0
3,70,2,2.8,11.571443723652955,0.0,7,60.0,20.0
3,70,3,2.8,11.103848049712328,0.0,7,60.0,20.0
3,70,4,2.8,10.444983797020049,0.0,7,60.0,20.0
3,70,5,2.8,9.73484033342394,0.0,7,60.0,20.0
3,70,6,2.8,10.388583800531748,0.0,7,60.0,20.0
3,70,7,2.8,9.435929048584981,0.0,7,60.0,20.0
3,70,8,2.8,12.280607284813948,0.0,7,60.0,20.0
3,70,9,2.8,13.007514638187253,0.0,7,60.0,20.0
3,70,10,2.8,11.681431573176331,0.0,7,60.0,20.0
3,70,11,2.8,11.829534621150758,0.0,7,60.0,20.0
3,70,12,3.6,8.214482586950497,0.125,7,60.0,20.0
3,70,13,2.8,13.14673145042612,0.0,7,60.0,20.0
3,70,14,2.8,10.30338477272709,0.0,7,60.0,20.0
3,70,15,2.8,13.05344448873012,0.0,7,60.0,20.0
3,70,16,2.8,10.660566226619492,0.0,7,60.0,20.0
3,70,17,2.8,12.444308489013105,0.0,7,60.0,20.0
3,70,18,3.0,9.923360566368796,0.0,7,60.0,20.0
3,70,19,2.8,12.081947631183661,0.0,7,60.0,20.0
3,70,20,2.8,11.553683717266004,0.0,7,60.0,20.0
3,70,21,2.8,9.30190396918083,0.0,7,60.0,20.0
3,70,22,2.8,11.809395172233053,0.0,7,60.0,20.0
1,71,1,4.0,10.842782123066527,0.0,7,60.0,20.0
1,71,2,3.0,13.43682848423256,0.0,7,60.0,20.0
1,71,3,2.8,12.210665528265844,0.0,7,60.0,20.0
1,71,4,3.0,7.995601608314599,0.0,7,60.0,20.0
1,71,5,2.8,12.454537840326596,0.0,7,60.0,20.0
1,71,6,2.8,11.413123554600503,0.0,7,60.0,20.0
1,71,7,2.8,9.023284177189606,0.0,7,60.0,20.0
1,71,8,2.8,9.255788169109232,0.0,7,60.0,20.0
1,71,9,2.8,15.210025309254325,0.0,7,60.0,20.0
1,71,10,2.8,12.736903709458993,0.0,7,60.0,20.0
1,71,11,2.8,15.532650001329278,0.0,7,60.0,20.0
1,71,12,2.8,18.16634429168987,0.0,7,60.0,20.0
1,71,13,2.8,9.814906822842746,0.0,7,60.0,20.0
1,71,14,2.8,15.18707958506592,0.0,7,60.0,20.0
1,71,15,2.8,11.052218450699106,0.0,7,60.0,20.0
1,71,16,2.8,9.84012884483096,0.0,7,60.0,20.0
1,71,17,2.8,13.695174922845174,0.0,7,60.0,20.0
1,71,18,3.6,7.475716682028088,0.125,7,60.0,20.0
1,71,19,2.8,10.641493015835271,0.0,7,60.0,20.0
1,71,20,2.8,10.013567822202898,0.0,7,60.0,20.0
1,71,21,3.0,9.929288254534875,0.0,7,60.0,20.0
1,71,22,2.0,16.160624184099504,0.0,4,60.0,20.0
2,71,1,2.8,14.380770582989689,0.0,7,60.0,20.0
2,71,2,2.8,11.635569865740894,0.0,7,60.0,20.0
2,71,3,3.2,11.08144811687284,0.0,7,60.0,20.0
2,71,4,3.2,9.741320746312777,0.0,7,60.0,20.0
2,71,5,3.0,8.611815733064638,0.0,7,60.0,20.0
2,71,6,2.8,12.152199722861695,0.0,7,60.0,20.0
2,71,7,3.2,10.662169554000592,0.0,7,60.0,20.0
2,71,8,2.8,11.251017158493111,0.0,7,60.0,20.0
2,71,9,2.8,11.822415805310255,0.0,7,60.0,20.0
2,71,10,2.8,10.768491779059183,0.0,7,60.0,20.0
2,71,11,2.8,9.238357275976066,0.0,7,60.0,20.0
2,71,12,2.8,12.231229377046775,0.0,7,60.0,20.0
2,71,13,2.8,9.919459251678681,0.0,7,60.0,20.0
2,71,14,2.8,10.967712321738524,0.0,7,60.0,20.0
2,71,15,3.0,8.373717688598479,0.0,7,60.0,20.0
2,71,16,2.8,12.473737536142925,0.0,7,60.0,20.0
2,71,17,2.8,11.547652095462446,0.0,7,60.0,20.0
2,71,18,2.8,11.504535745170193,0.0,7,60.0,20.0
2,71,19,3.0,12.384354552396188,0.0,7,60.0,20.0
2,71,20,2.8,10.010991146749465,0.0,7,60.0,20.0
2,71,21,3.0,9.46615708576321,0.0,7,60.0,20.0
3,71,1,2.8,8.873373359822839,0.0,7,60.0,20.0
3,71,2,2.8,11.149554850420463,0.0,7,60.0,20.0
3,71,3,2.8,11.023793216041017,0.0,7,60.0,20.0
3,71,4,2.8,9.30129777024441,0.0,7,60.0,20.0
3,71,5,2.8,10.762675125324353,0.0,7,60.0,20.0
3,71,6,2.8,9.727665229818282,0.0,7,60.0,20.0
3,71,7,2.8,9.406903239184125,0.0,7,60.0,20.0
3,71,8,3.0,11.001544466236162,0.0,7,60.0,20.0
3,71,9,2.8,12.735753705703285,0.0,7,60.0,20.0
3,71,10,2.8,11.563002846706192,0.0,7,60.0,20.0
3,71,11,3.0,12.330736758907172,0.0,7,60.0,20.0
3,71,12,3.0,12.603622760295272,0.0,7,60.0,20.0
3,71,13,2.8,9.805293411097242,0.0,7,60.0,20.0
3,71,14,2.8,10.089017770540728,0.0,7,60.0,20.0
3,71,15,2.8,13.850368511688066,0.0,7,60.0,20.0
3,71,16,3.0,10.44548557396519,0.0,7,60.0,20.0
3,71,17,2.8,15.426068017559643,0.0,7,60.0,20.0
3,71,18,2.8,13.04291037365087,0.0,7,60.0,20.0
3,71,19,2.8,11.92141969893666,0.0,7,60.0,20.0
3,71,20,2.8,14.184295554435744,0.0,7,60.0,20.0
3,71,21,2.8,8.5274519332702,0.0,7,60.0,20.0
3,71,22,2.8,11.460647635950764,0.0,7,60.0,20.0
1,72,1,4.2,10.036810501902298,0.0,7,60.0,20.0
1,72,2,3.2,12.017705887972948,0.0,7,60.0,20.0
1,72,3,2.8,12.835400359805298,0.0,7,60.0,20.0
1,72,4,3.0,7.964280258684765,0.0,7,60.0,20.0
1,72,5,2.8,11.313059983655881,0.0,7,60.0,20.0
1,72,6,2.8,8.26694024222746,0.0,7,60.0,20.0
1,72,7,2.8,9.697919980959355,0.0,7,60.0,20.0
1,72,8,2.8,9.534023460606866,0.0,7,60.0,20.0
1,72,9,2.8,15.628907904447058,0.0,7,60.0,20.0
1,72,10,2.8,11.301459480743313,0.0,7,60.0,20.0
1,72,11,2.8,15.439474678419499,0.0,7,60.0,20.0
1,72,12,2.8,12.55898039865095,0.0,7,60.0,20.0
1,72,13,2.8,13.952148051850775,0.0,7,60.0,20.0
1,72,14,2.8,13.68479495993715,0.0,7,60.0,20.0
1,72,15,2.8,15.62839542112249,0.0,7,60.0,20.0
1,72,16,2.8,9.783927771749333,0.0,7,60.0,20.0
1,72,17,2.8,14.74924566719674,0.0,7,60.0,20.0
1,72,18,3.0,8.01631600692263,0.0,7,60.0,20.0
1,72,19,3.0,9.719940367320207,0.0,7,60.0,20.0
1,72,20,2.8,12.533693257966863,0.0,7,60.0,20.0
1,72,21,3.2,8.927280788500166,0.0,7,60.0,20.0
2,72,1,3.0,15.796034709519638,0.0,7,60.0,20.0
2,72,2,3.0,9.613633327713659,0.0,7,60.0,20.0
2,72,3,3.2,11.45109696740356,0.0,7,60.0,20.0
2,72,4,3.4,8.518480327339914,0.0,7,60.0,20.0
2,72,5,2.8,10.100337794330775,0.0,7,60.0,20.0
2,72,6,2.8,9.48783476265568,0.0,7,60.0,20.0
2,72,7,3.0,13.522354433014987,0.0,7,60.0,20.0
2,72,8,2.8,11.371567565893567,0.0,7,60.0,20.0
2,72,9,2.8,12.093507991494711,0.0,7,60.0,20.0
2,72,10,2.8,11.529252757088964,0.0,7,60.0,20.0
2,72,11,2.8,10.500411442831695,0.0,7,60.0,20.0
2,72,12,2.8,12.07744891365112,0.0,7,60.0,20.0
2,72,13,2.8,11.874381306641837,0.0,7,60.0,20.0
2,72,14,2.8,11.850093952217952,0.0,7,60.0,20.0
2,72,15,3.0,9.111055263474553,0.0,7,60.0,20.0
2,72,16,2.8,11.205585235055306,0.0,7,60.0,20.0
2,72,17,2.8,12.08826473697964,0.0,7,60.0,20.0
2,72,18,2.8,13.810371884830586,0.0,7,60.0,20.0
2,72,19,3.0,11.416449358241287,0.0,7,60.0,20.0
2,72,20,2.8,9.473225953497519,0.0,7,60.0,20.0
2,72,21,3.0,8.816210786136038,0.0,7,60.0,20.0
3,72,1,2.8,9.908390032257211,0.0,7,60.0,20.0
3,72,2,2.8,12.544523808548611,0.0,7,60.0,20.0
3,72,3,2.8,11.743455745066488,0.0,7,60.0,20.0
3,72,4,2.8,9.329674545320792,0.0,7,60.0,20.0
3,72,5,2.8,9.111251508853643,0.0,7,60.0,20.0
3,72,6,2.8,10.887913952347875,0.0,7,60.0,20.0
3,72,7,2.8,9.072026316658754,0.0,7,60.0,20.0
3,72,8,2.8,11.119599014253149,0.0,7,60.0,20.0
3,72,9,2.8,10.87892832181457,0.0,7,60.0,20.0
3,72,10,2.8,11.048380227896907,0.0,7,60.0,20.0
3,72,11,2.8,12.015452335499708,0.0,7,60.0,20.0
3,72,12,3.0,12.86574337510505,0.0,7,60.0,20.0
3,72,13,2.8,9.063476034866802,0.0,7,60.0,20.0
3,72,14,2.8,10.683539022351912,0.0,7,60.0,20.0
3,72,15,2.8,13.702774164533233,0.0,7,60.0,20.0
3,72,16,3.0,9.584850880975429,0.0,7,60.0,20.0
3,72,17,2.8,15.123734976132134,0.0,7,60.0,20.0
3,72,18,2.8,10.47367709476191,0.0,7,60.0,20.0
3,72,19,2.8,14.020727686543477,0.0,7,60.0,20.0
3,72,20,2.8,11.787144224908502,0.0,7,60.0,20.0
3,72,21,2.8,8.64973643519081,0.0,7,60.0,20.0
3,72,22,3.0,9.58292471818138,0.0,7,60.0,20.0
1,73,1,4.0,9.346098598407618,0.0,7,60.0,20.0
1,73,2,3.0,13.901801774532101,0.0,7,60.0,20.0
1,73,3,2.8,15.008589616918066,0.0,7,60.0,20.0
1,73,4,3.0,8.081383522557251,0.0,7,60.0,20.0
1,73,5,2.8,12.798409066967954,0.0,7,60.0,20.0
1,73,6,2.8,11.097838728826488,0.0,7,60.0,20.0
1,73,7,2.8,9.897703991254717,0.0,7,60.0,20.0
1,73,8,2.8,9.813497388620496,0.0,7,60.0,20.0
1,73,9,2.8,12.789012468910657,0.0,7,60.0,20.0
1,73,10,2.8,11.240165022224792,0.0,7,60.0,20.0
1,73,11,2.8,13.854250533466612,0.0,7,60.0,20.0
1,73,12,2.8,15.151667315204577,0.0,7,60.0,20.0
1,73,13,2.8,10.799973878852002,0.0,7,60.0,20.0
1,73,14,2.8,11.37444615965741,0.0,7,60.0,20.0
1,73,15,2.8,14.006447638245087,0.0,7,60.0,20.0
1,73,16,2.8,12.756381974093237,0.0,7,60.0,20.0
1,73,17,2.8,15.178490298662798,0.0,7,60.0,20.0
1,73,18,3.6,8.75773946911381,0.125,7,60.0,20.0
1,73,19,2.8,9.411601773908151,0.0,7,60.0,20.0
1,73,20,2.8,11.751538570430862,0.0,7,60.0,20.0
1,73,21,3.0,9.536450023678158,0.0,7,60.0,20.0
1,73,22,2.0,17.574570737368614,0.0,4,60.0,20.0
2,73,1,3.0,11.75740387262047,0.0,7,60.0,20.0
2,73,2,2.8,12.467668164837955,0.0,7,60.0,20.0
2,73,3,3.0,12.479046927033357,0.0,7,60.0,20.0
2,73,4,3.0,9.65815310784827,0.0,7,60.0,20.0
2,73,5,2.8,10.387787763724576,0.0,7,60.0,20.0
2,73,6,2.8,10.549634763511945,0.0,7,60.0,20.0
2,73,7,3.0,11.787718561506125,0.0,7,60.0,20.0
2,73,8,3.0,12.551074527988826,0.0,7,60.0,20.0
2,73,9,2.8,12.261449343568293,0.0,7,60.0,20.0
2,73,10,2.8,13.069383503962767,0.0,7,60.0,20.0
2,73,11,2.8,9.249960841795799,0.0,7,60.0,20.0
2,73,12,2.8,12.2606125022157,0.0,7,60.0,20.0
2,73,13,2.8,12.366010566720137,0.0,7,60.0,20.0
2,73,14,2.8,9.90503234363665,0.0,7,60.0,20.0
2,73,15,2.8,9.419006156466583,0.0,7,60.0,20.0
2,73,16,3.0,11.850042693598295,0.0,7,60.0,20.0
2,73,17,2.8,14.469026823841716,0.0,7,60.0,20.0
2,73,18,2.8,12.112432293081612,0.0,7,60.0,20.0
2,73,19,3.0,11.017230149186544,0.0,7,60.0,20.0
2,73,20,2.8,7.209119644561275,0.0,7,60.0,20.0
2,73,21,3.0,8.136381138602934,0.0,7,60.0,20.0
2,73,22,2.0,20.636427850044093,0.0,4,60.0,20.0
3,73,1,2.8,10.172056462002532,0.0,7,60.0,20.0
3,73,2,2.8,13.251174694038365,0.0,7,60.0,20.0
3,73,3,2.8,12.13971208484882,0.0,7,60.0,20.0
3,73,4,2.8,10.8527324626763,0.0,7,60.0,20.0
3,73,5,2.8,8.990709750566587,0.0,7,60.0,20.0
3,73,6,2.8,10.388583800531666,0.0,7,60.0,20.0
3,73,7,2.8,9.30670418391311,0.0,7,60.0,20.0
3,73,8,2.8,10.526331118651385,0.0,7,60.0,20.0
3,73,9,2.8,13.37736955836816,0.0,7,60.0,20.0
3,73,10,2.8,11.230972112114918,0.0,7,60.0,20.0
3,73,11,2.8,11.059469495902096,0.0,7,60.0,20.0
3,73,12,3.6,8.192476217574411,0.125,7,60.0,20.0
3,73,13,2.8,9.658768693023504,0.0,7,60.0,20.0
3,73,14,2.8,10.39090862991884,0.0,7,60.0,20.0
3,73,15,2.8,12.648515433074676,0.0,7,60.0,20.0
3,73,16,3.0,10.800181841142795,0.0,7,60.0,20.0
3,73,17,2.8,18.72387055353544,0.0,7,60.0,20.0
3,73,18,2.8,11.169289237605113,0.0,7,60.0,20.0
3,73,19,2.8,9.941363097881718,0.0,7,60.0,20.0
3,73,20,2.8,11.318490565058703,0.0,7,60.0,20.0
3,73,21,2.8,9.93662524009949,0.0,7,60.0,20.0
3,73,22,2.8,9.930335206416945,0.0,7,60.0,20.0
1,74,1,4.0,9.119788471490152,0.0,7,60.0,20.0
1,74,2,3.4,9.73419170931448,0.0,7,60.0,20.0
1,74,3,2.8,15.122345870366887,0.0,7,60.0,20.0
1,74,4,3.0,7.71942381184641,0.0,7,60.0,20.0
1,74,5,2.8,12.433485813437514,0.0,7,60.0,20.0
1,74,6,2.8,9.783610946202055,0.0,7,60.0,20.0
1,74,7,2.8,10.155543879523625,0.0,7,60.0,20.0
1,74,8,2.8,9.959470096893547,0.0,7,60.0,20.0
1,74,9,2.8,18.119612947225324,0.0,7,60.0,20.0
1,74,10,2.8,12.047045772471563,0.0,7,60.0,20.0
1,74,11,2.8,12.068950751157873,0.0,7,60.0,20.0
1,74,12,2.8,12.153703468126436,0.0,7,60.0,20.0
1,74,13,2.8,13.275913950620284,0.0,7,60.0,20.0
1,74,14,2.8,12.75768941202846,0.0,7,60.0,20.0
1,74,15,2.8,12.67084939873358,0.0,7,60.0,20.0
1,74,16,2.8,9.27208291515167,0.0,7,60.0,20.0
1,74,17,2.8,11.209855648849935,0.0,7,60.0,20.0
1,74,18,3.2,9.152403664823547,0.0,7,60.0,20.0
1,74,19,2.8,9.017266731207197,0.0,7,60.0,20.0
1,74,20,2.8,10.822873972203965,0.0,7,60.0,20.0
1,74,21,3.0,8.609912004506931,0.0,7,60.0,20.0
1,74,22,2.0,20.229488151479977,0.0,4,60.0,20.0
2,74,1,2.8,13.859373335270845,0.0,7,60.0,20.0
2,74,2,2.8,8.999064105079725,0.0,7,60.0,20.0
2,74,3,3.8,9.505502420294842,0.125,7,60.0,20.0
2,74,4,2.8,10.004585032258314,0.0,7,60.0,20.0
2,74,5,2.8,9.941396101201313,0.0,7,60.0,20.0
2,74,6,2.8,10.631311679610002,0.0,7,60.0,20.0
2,74,7,3.0,13.894897640502114,0.0,7,60.0,20.0
2,74,8,2.8,12.679955532918049,0.0,7,60.0,20.0
2,74,9,2.8,10.292730418457037,0.0,7,60.0,20.0
2,74,10,2.8,11.195612531498229,0.0,7,60.0,20.0
2,74,11,2.8,9.76778249600471,0.0,7,60.0,20.0
2,74,12,2.8,11.899054460062061,0.0,7,60.0,20.0
2,74,13,2.8,11.800217023994527,0.0,7,60.0,20.0
2,74,14,2.8,10.822757208008232,0.0,7,60.0,20.0
2,74,15,2.8,8.672388454303977,0.0,7,60.0,20.0
2,74,16,3.0,14.827882633643743,0.0,7,60.0,20.0
2,74,17,2.8,14.2083810138754,0.0,7,60.0,20.0
2,74,18,2.8,12.121062519570284,0.0,7,60.0,20.0
2,74,19,3.2,8.550285202592704,0.0,7,60.0,20.0
2,74,20,2.8,9.12934982323264,0.0,7,60.0,20.0
2,74,21,3.0,7.790208825794851,0.0,7,60.0,20.0
3,74,1,2.8,10.594961021166114,0.0,7,60.0,20.0
3,74,2,2.8,15.231158128587435,0.0,7,60.0,20.0
3,74,3,2.8,11.811492713868157,0.0,7,60.0,20.0
3,74,4,2.8,10.201087460302324,0.0,7,60.0,20.0
3,74,5,2.8,9.797215899897271,0.0,7,60.0,20.0
3,74,6,2.8,9.5009962846553,0.0,7,60.0,20.0
3,74,7,2.8,9.644235886530169,0.0,7,60.0,20.0
3,74,8,2.8,10.90158005612652,0.0,7,60.0,20.0
3,74,9,2.8,11.68985752473552,0.0,7,60.0,20.0
3,74,10,2.8,11.505631314515023,0.0,7,60.0,20.0
3,74,11,2.8,11.283914407246534,0.0,7,60.0,20.0
3,74,12,3.0,11.821327588981953,0.0,7,60.0,20.0
3,74,13,3.0,8.796161552872844,0.0,7,60.0,20.0
3,74,14,2.8,11.57229198219314,0.0,7,60.0,20.0
3,74,15,2.8,14.103411268597883,0.0,7,60.0,20.0
3,74,16,3.0,11.196890729383128,0.0,7,60.0,20.0
3,74,17,2.8,15.49867049896163,0.0,7,60.0,20.0
3,74,18,3.0,10.935158330803954,0.0,7,60.0,20.0
3,74,19,2.8,12.480953839688608,0.0,7,60.0,20.0
3,74,20,2.8,11.449349271750553,0.0,7,60.0,20.0
3,74,21,2.8,8.97809093996353,0.0,7,60.0,20.0
3,74,22,2.8,13.60156747416532,0.0,7,60.0,20.0
1,75,1,4.2,8.62842314614897,0.0,7,60.0,20.0
1,75,2,3.2,10.71428819461216,0.0,7,60.0,20.0
1,75,3,3.0,10.910499380085215,0.0,7,60.0,20.0
1,75,4,3.0,9.79392454279737,0.0,7,60.0,20.0
1,75,5,2.8,11.592934154698792,0.0,7,60.0,20.0
1,75,6,2.8,11.150702334001833,0.0,7,60.0,20.0
1,75,7,2.8,10.931199996375113,0.0,7,60.0,20.0
1,75,8,2.8,13.863722176461014,0.0,7,60.0,20.0
1,75,9,2.8,18.45501498369139,0.0,7,60.0,20.0
1,75,10,2.8,11.43312732841958,0.0,7,60.0,20.0
1,75,11,2.8,13.016674799162402,0.0,7,60.0,20.0
1,75,12,2.8,14.248131239150863,0.0,7,60.0,20.0
1,75,13,2.8,11.030531323666255,0.0,7,60.0,20.0
1,75,14,3.0,13.5706161929783,0.0,7,60.0,20.0
1,75,15,2.8,19.0774779431921,0.0,7,60.0,20.0
1,75,16,2.8,11.396132217501602,0.0,7,60.0,20.0
1,75,17,2.8,10.01611055499654,0.0,7,60.0,20.0
1,75,18,3.2,8.545033041704276,0.0,7,60.0,20.0
1,75,19,2.8,11.505617829072218,0.0,7,60.0,20.0
1,75,20,2.8,11.078990048098968,0.0,7,60.0,20.0
1,75,21,3.0,9.836341629165219,0.0,7,60.0,20.0
2,75,1,2.8,13.859373335270917,0.0,7,60.0,20.0
2,75,2,2.8,11.087161128541254,0.0,7,60.0,20.0
2,75,3,3.8,8.32771877407604,0.125,7,60.0,20.0
2,75,4,2.8,11.446294386320375,0.0,7,60.0,20.0
2,75,5,2.8,9.435292214181308,0.0,7,60.0,20.0
2,75,6,2.8,9.507519540311291,0.0,7,60.0,20.0
2,75,7,3.0,11.492793725152104,0.0,7,60.0,20.0
2,75,8,2.8,10.761274091423772,0.0,7,60.0,20.0
2,75,9,2.8,12.870142908666574,0.0,7,60.0,20.0
2,75,10,2.8,12.249480987214005,0.0,7,60.0,20.0
2,75,11,2.8,10.860504055814646,0.0,7,60.0,20.0
2,75,12,2.8,12.930469869610729,0.0,7,60.0,20.0
2,75,13,2.8,12.103800481760633,0.0,7,60.0,20.0
2,75,14,2.8,10.107342461139783,0.0,7,60.0,20.0
2,75,15,2.8,9.193845977777075,0.0,7,60.0,20.0
2,75,16,3.6,8.070896103889854,0.125,7,60.0,20.0
2,75,17,2.8,9.849468875073676,0.0,7,60.0,20.0
2,75,18,2.8,12.537685451107983,0.0,7,60.0,20.0
2,75,19,2.8,11.387756377161267,0.0,7,60.0,20.0
2,75,20,2.8,8.64320788888255,0.0,7,60.0,20.0
2,75,21,3.0,10.549837481710437,0.0,7,60.0,20.0
3,75,1,2.8,9.030593911119318,0.0,7,60.0,20.0
3,75,2,2.8,10.409482347568616,0.0,7,60.0,20.0
3,75,3,2.8,10.584987531593551,0.0,7,60.0,20.0
3,75,4,2.8,10.930313342511841,0.0,7,60.0,20.0
3,75,5,2.8,9.78154719023999,0.0,7,60.0,20.0
3,75,6,2.8,10.62315584466805,0.0,7,60.0,20.0
3,75,7,2.8,9.846071197592973,0.0,7,60.0,20.0
3,75,8,2.8,11.119599014253149,0.0,7,60.0,20.0
3,75,9,2.8,16.044420808420792,0.0,7,60.0,20.0
3,75,10,2.8,12.467214215040052,0.0,7,60.0,20.0
3,75,11,2.8,10.786406951814966,0.0,7,60.0,20.0
3,75,12,3.6,9.161992762982466,0.125,7,60.0,20.0
3,75,13,2.8,10.36244940037332,0.0,7,60.0,20.0
3,75,14,2.8,9.371886701708576,0.0,7,60.0,20.0
3,75,15,2.8,11.44174415911922,0.0,7,60.0,20.0
3,75,16,2.8,8.497986350164151,0.0,7,60.0,20.0
3,75,17,2.8,12.863061653937942,0.0,7,60.0,20.0
3,75,18,3.0,10.7425554552227,0.0,7,60.0,20.0
3,75,19,2.8,11.491721556714985,0.0,7,60.0,20.0
3,75,20,2.8,11.214721001249421,0.0,7,60.0,20.0
3,75,21,2.8,8.883090507506559,0.0,7,60.0,20.0
3,75,22,2.8,11.183193131695447,0.0,7,60.0,20.0
1,76,1,4.2,8.96206598055803,0.0,7,60.0,20.0
1,76,2,3.2,10.328637142109914,0.0,7,60.0,20.0
1,76,3,2.8,11.644835905679109,0.0,7,60.0,20.0
1,76,4,3.0,9.163224346365382,0.0,7,60.0,20.0
1,76,5,2.8,12.51092709530748,0.0,7,60.0,20.0
1,76,6,2.8,9.401993676842283,0.0,7,60.0,20.0
1,76,7,2.8,10.830909120033015,0.0,7,60.0,20.0
1,76,8,2.8,10.009097469947404,0.0,7,60.0,20.0
1,76,9,2.8,15.043656867295379,0.0,7,60.0,20.0
1,76,10,2.8,12.193304609591696,0.0,7,60.0,20.0
1,76,11,2.8,18.35524472501887,0.0,7,60.0,20.0
1,76,12,2.8,12.637997809480144,0.0,7,60.0,20.0
1,76,13,2.8,11.911339438026337,0.0,7,60.0,20.0
1,76,14,2.8,14.578696390807192,0.0,7,60.0,20.0
1,76,15,2.8,15.875431313013591,0.0,7,60.0,20.0
1,76,16,2.8,11.018298916203603,0.0,7,60.0,20.0
1,76,17,2.8,11.1065514110689,0.0,7,60.0,20.0
1,76,18,3.2,10.036532906530397,0.0,7,60.0,20.0
1,76,19,2.8,10.717195931789233,0.0,7,60.0,20.0
1,76,20,2.8,9.433558471321996,0.0,7,60.0,20.0
1,76,21,3.0,8.441065184959637,0.0,7,60.0,20.0
1,76,22,2.0,22.082797306628162,0.0,4,60.0,20.0
2,76,1,2.8,13.31622287229641,0.0,7,60.0,20.0
2,76,2,2.8,11.047109331481476,0.0,7,60.0,20.0
2,76,3,3.8,8.694718968004098,0.125,7,60.0,20.0
2,76,4,2.8,11.891387035134404,0.0,7,60.0,20.0
2,76,5,2.8,10.172891752421226,0.0,7,60.0,20.0
2,76,6,2.8,10.005218559659138,0.0,7,60.0,20.0
2,76,7,3.0,13.958319868395993,0.0,7,60.0,20.0
2,76,8,2.8,10.973662583085048,0.0,7,60.0,20.0
2,76,9,2.8,12.010817128616006,0.0,7,60.0,20.0
2,76,10,2.8,11.175156354737956,0.0,7,60.0,20.0
2,76,11,2.8,9.878214633582843,0.0,7,60.0,20.0
2,76,12,2.8,11.242858643590708,0.0,7,60.0,20.0
2,76,13,2.8,10.467331343581971,0.0,7,60.0,20.0
2,76,14,2.8,10.208564694808967,0.0,7,60.0,20.0
2,76,15,2.8,9.434952445617926,0.0,7,60.0,20.0
2,76,16,3.0,12.598241668896353,0.0,7,60.0,20.0
2,76,17,2.8,11.337520046596586,0.0,7,60.0,20.0
2,76,18,2.8,13.787892987607593,0.0,7,60.0,20.0
2,76,19,3.2,9.812292660964998,0.0,7,60.0,20.0
2,76,20,2.8,9.184185535486035,0.0,7,60.0,20.0
2,76,21,3.0,9.3076927871956,0.0,7,60.0,20.0
3,76,1,2.8,10.17205646200261,0.0,7,60.0,20.0
3,76,2,2.8,13.484905126008165,0.0,7,60.0,20.0
3,76,3,2.8,13.018255210858094,0.0,7,60.0,20.0
3,76,4,2.8,10.757291450463487,0.0,7,60.0,20.0
3,76,5,2.8,10.205928678500271,0.0,7,60.0,20.0
3,76,6,2.8,9.868933407918664,0.0,7,60.0,20.0
3,76,7,2.8,11.056416456218034,0.0,7,60.0,20.0
3,76,8,2.8,11.36760510736269,0.0,7,60.0,20.0
3,76,9,2.8,12.082444557238658,0.0,7,60.0,20.0
3,76,10,2.8,10.2177824277306,0.0,7,60.0,20.0
3,76,11,2.8,10.692123866249608,0.0,7,60.0,20.0
3,76,12,3.0,12.174286398405759,0.0,7,60.0,20.0
3,76,13,2.8,9.883685414935382,0.0,7,60.0,20.0
3,76,14,2.8,10.117975066135864,0.0,7,60.0,20.0
3,76,15,2.8,16.122975504326053,0.0,7,60.0,20.0
3,76,16,3.2,10.008458507583327,0.0,7,60.0,20.0
3,76,17,2.8,14.269257664748142,0.0,7,60.0,20.0
3,76,18,2.8,11.363833069183508,0.0,7,60.0,20.0
3,76,19,2.8,13.692129061751736,0.0,7,60.0,20.0
3,76,20,2.8,10.551896223188177,0.0,7,60.0,20.0
3,76,21,2.8,9.532454289708504,0.0,7,60.0,20.0
3,76,22,2.8,11.693615639080498,0.0,7,60.0,20.0
1,77,1,4.2,10.382673250805988,0.0,7,60.0,20.0
1,77,2,3.2,10.39993930406719,0.0,7,60.0,20.0
1,77,3,2.8,12.336157559900766,0.0,7,60.0,20.0
1,77,4,3.0,9.333536115371686,0.0,7,60.0,20.0
1,77,5,2.8,12.206809335676338,0.0,7,60.0,20.0
1,77,6,2.8,9.329215035364333,0.0,7,60.0,20.0
1,77,7,2.8,10.67738079487153,0.0,7,60.0,20.0
1,77,8,2.8,12.321777866361385,0.0,7,60.0,20.0
1,77,9,2.8,17.437969801606062,0.0,7,60.0,20.0
1,77,10,2.8,12.654194647392233,0.0,7,60.0,20.0
1,77,11,2.8,14.069640497621792,0.0,7,60.0,20.0
1,77,12,2.8,18.666937754348034,0.0,7,60.0,20.0
1,77,13,2.8,9.978406633901653,0.0,7,60.0,20.0
1,77,14,2.8,15.638016644705813,0.0,7,60.0,20.0
1,77,15,2.8,12.887638753155063,0.0,7,60.0,20.0
1,77,16,2.8,13.30510660877035,0.0,7,60.0,20.0
1,77,17,2.8,11.465805401836898,0.0,7,60.0,20.0
1,77,18,3.0,8.612051790646625,0.0,7,60.0,20.0
1,77,19,3.2,9.190409202626245,0.0,7,60.0,20.0
1,77,20,3.0,11.222124921121237,0.0,7,60.0,20.0
1,77,21,3.0,10.083225795309065,0.0,7,60.0,20.0
2,77,1,2.8,16.296676641239213,0.0,7,60.0,20.0
2,77,2,2.8,9.918466021900347,0.0,7,60.0,20.0
2,77,3,4.0,7.640931111883013,0.125,7,60.0,20.0
2,77,4,2.8,10.99341915504523,0.0,7,60.0,20.0
2,77,5,2.8,10.632092345601365,0.0,7,60.0,20.0
2,77,6,2.8,10.015116961726589,0.0,7,60.0,20.0
2,77,7,3.2,9.612416366391589,0.0,7,60.0,20.0
2,77,8,3.0,9.053758879120004,0.0,7,60.0,20.0
2,77,9,2.8,11.465050094096416,0.0,7,60.0,20.0
2,77,10,2.8,11.233138506376406,0.0,7,60.0,20.0
2,77,11,2.8,14.731981206194192,0.0,7,60.0,20.0
2,77,12,2.8,13.437568469950211,0.0,7,60.0,20.0
2,77,13,2.8,11.160502951287436,0.0,7,60.0,20.0
2,77,14,2.8,12.004825286908835,0.0,7,60.0,20.0
2,77,15,3.0,8.434517499912205,0.0,7,60.0,20.0
2,77,16,2.8,12.807845944549923,0.0,7,60.0,20.0
2,77,17,2.8,10.730797746970161,0.0,7,60.0,20.0
2,77,18,2.8,14.130894289257604,0.0,7,60.0,20.0
2,77,19,3.2,9.508788545617428,0.0,7,60.0,20.0
2,77,20,2.8,8.718894548460613,0.0,7,60.0,20.0
2,77,21,3.0,10.211179452703464,0.0,7,60.0,20.0
3,77,1,2.8,9.989305470759932,0.0,7,60.0,20.0
3,77,2,3.2,9.570169683118616,0.0,7,60.0,20.0
3,77,3,3.0,10.475957219490933,0.0,7,60.0,20.0
3,77,4,2.8,8.100171750747627,0.0,7,60.0,20.0
3,77,5,2.8,11.124031788017511,0.0,7,60.0,20.0
3,77,6,2.8,9.154055194000946,0.0,7,60.0,20.0
3,77,7,3.0,9.429581731949934,0.0,7,60.0,20.0
3,77,8,2.8,10.015434089408144,0.0,7,60.0,20.0
3,77,9,2.8,13.019162804510605,0.0,7,60.0,20.0
3,77,10,2.8,10.221238603132072,0.0,7,60.0,20.0
3,77,11,2.8,11.86753092000842,0.0,7,60.0,20.0
3,77,12,3.0,11.287759513251045,0.0,7,60.0,20.0
3,77,13,2.8,8.165406428292357,0.0,7,60.0,20.0
3,77,14,2.8,11.84892639001761,0.0,7,60.0,20.0
3,77,15,2.8,18.57126122662369,0.0,7,60.0,20.0
3,77,16,3.0,9.801484132180095,0.0,7,60.0,20.0
3,77,17,2.8,12.165828805709406,0.0,7,60.0,20.0
3,77,18,3.0,10.151802830644337,0.0,7,60.0,20.0
3,77,19,2.8,13.460660291691845,0.0,7,60.0,20.0
3,77,20,2.8,10.48412334372134,0.0,7,60.0,20.0
3,77,21,2.8,8.811060592087678,0.0,7,60.0,20.0
3,77,22,2.8,12.34924975793098,0.0,7,60.0,20.0
1,78,1,4.0,9.41914193203165,0.0,7,60.0,20.0
1,78,2,3.0,12.016702615006922,0.0,7,60.0,20.0
1,78,3,2.8,12.411868961057841,0.0,7,60.0,20.0
1,78,4,3.0,7.922022563833608,0.0,7,60.0,20.0
1,78,5,2.8,14.811717235243107,0.0,7,60.0,20.0
1,78,6,2.8,10.196477842070943,0.0,7,60.0,20.0
1,78,7,2.8,9.17439785371851,0.0,7,60.0,20.0
1,78,8,2.8,9.625395769116674,0.0,7,60.0,20.0
1,78,9,2.8,14.007897380332004,0.0,7,60.0,20.0
1,78,10,2.8,11.240165022224826,0.0,7,60.0,20.0
1,78,11,2.8,13.573395043617383,0.0,7,60.0,20.0
1,78,12,2.8,17.280724544626576,0.0,7,60.0,20.0
1,78,13,2.8,10.301485315423399,0.0,7,60.0,20.0
1,78,14,2.8,14.813736789975312,0.0,7,60.0,20.0
1,78,15,2.8,13.325068227743191,0.0,7,60.0,20.0
1,78,16,2.8,10.172344996817264,0.0,7,60.0,20.0
1,78,17,2.8,11.521798995549197,0.0,7,60.0,20.0
1,78,18,3.6,7.2947241786709265,0.125,7,60.0,20.0
1,78,19,2.8,9.196159861207361,0.0,7,60.0,20.0
1,78,20,2.8,10.557415176584032,0.0,7,60.0,20.0
1,78,21,3.0,8.622231339526353,0.0,7,60.0,20.0
2,78,1,2.8,13.403772105204538,0.0,7,60.0,20.0
2,78,2,2.8,11.047109331481476,0.0,7,60.0,20.0
2,78,3,3.2,11.412283578657055,0.0,7,60.0,20.0
2,78,4,3.0,8.574886284998332,0.0,7,60.0,20.0
2,78,5,2.8,9.55972782947175,0.0,7,60.0,20.0
2,78,6,2.8,10.388366029340418,0.0,7,60.0,20.0
2,78,7,3.0,11.371312582174424,0.0,7,60.0,20.0
2,78,8,3.0,10.686943820757346,0.0,7,60.0,20.0
2,78,9,2.8,11.950007935496256,0.0,7,60.0,20.0
2,78,10,2.8,11.830637337616304,0.0,7,60.0,20.0
2,78,11,2.8,9.139382585068425,0.0,7,60.0,20.0
2,78,12,2.8,16.94951987708837,0.0,7,60.0,20.0
2,78,13,2.8,12.86003492445747,0.0,7,60.0,20.0
2,78,14,2.8,9.825470968817847,0.0,7,60.0,20.0
2,78,15,2.8,9.596349704387505,0.0,7,60.0,20.0
2,78,16,3.0,11.199093575148071,0.0,7,60.0,20.0
2,78,17,2.8,14.200276431181345,0.0,7,60.0,20.0
2,78,18,2.8,11.348307362493125,0.0,7,60.0,20.0
2,78,19,3.0,12.981491658817523,0.0,7,60.0,20.0
2,78,20,2.8,8.362360381073906,0.0,7,60.0,20.0
2,78,21,3.0,7.744863228606629,0.0,7,60.0,20.0
2,78,22,2.0,20.044642921441053,0.0,4,60.0,20.0
3,78,1,2.8,9.493149097737682,0.0,7,60.0,20.0
3,78,2,2.8,12.467807355006421,0.0,7,60.0,20.0
3,78,3,2.8,9.41215760785052,0.0,7,60.0,20.0
3,78,4,2.8,10.033735001388857,0.0,7,60.0,20.0
3,78,5,2.8,9.876318502011811,0.0,7,60.0,20.0
3,78,6,2.8,10.24931172859212,0.0,7,60.0,20.0
3,78,7,2.8,9.629052299968345,0.0,7,60.0,20.0
3,78,8,3.0,10.47401366056828,0.0,7,60.0,20.0
3,78,9,2.8,13.347203221668758,0.0,7,60.0,20.0
3,78,10,2.8,10.060424789037675,0.0,7,60.0,20.0
3,78,11,2.8,13.32329394740141,0.0,7,60.0,20.0
3,78,12,3.6,8.951021675004712,0.125,7,60.0,20.0
3,78,13,3.0,11.235758646311401,0.0,7,60.0,20.0
3,78,14,2.8,10.700166178365341,0.0,7,60.0,20.0
3,78,15,2.8,18.774889056445236,0.0,7,60.0,20.0
3,78,16,2.8,10.369123635788487,0.0,7,60.0,20.0
3,78,17,2.8,11.567581676173328,0.0,7,60.0,20.0
3,78,18,3.0,10.46445043452449,0.0,7,60.0,20.0
3,78,19,2.8,12.150349781573146,0.0,7,60.0,20.0
3,78,20,2.8,8.455044001325149,0.0,7,60.0,20.0
3,78,21,2.8,10.452378973956838,0.0,7,60.0,20.0
3,78,22,2.8,11.916165300216315,0.0,6,60.0,20.0
1,79,1,4.2,10.020121222625708,0.0,7,60.0,20.0
1,79,2,3.2,11.40366315255083,0.0,7,60.0,20.0
1,79,3,2.8,13.143348082259651,0.0,7,60.0,20.0
1,79,4,3.0,9.510298764092997,0.0,7,60.0,20.0
1,79,5,2.8,11.917125799689385,0.0,7,60.0,20.0
1,79,6,2.8,10.481308872663401,0.0,7,60.0,20.0
1,79,7,2.8,9.888894967681075,0.0,7,60.0,20.0
1,79,8,2.8,10.195374658849303,0.0,7,60.0,20.0
1,79,9,2.8,15.960055727521402,0.0,7,60.0,20.0
1,79,10,2.8,13.414785112688637,0.0,7,60.0,20.0
1,79,11,2.8,12.166418546165893,0.0,7,60.0,20.0
1,79,12,2.8,13.8269290798566,0.0,7,60.0,20.0
1,79,13,2.8,10.536730144164968,0.0,7,60.0,20.0
1,79,14,2.8,13.905851208127814,0.0,7,60.0,20.0
1,79,15,2.8,17.745428230737296,0.0,7,60.0,20.0
1,79,16,2.8,11.502008802466179,0.0,7,60.0,20.0
1,79,17,2.8,13.834963057421776,0.0,7,60.0,20.0
1,79,18,3.6,7.315601000361836,0.125,7,60.0,20.0
1,79,19,3.2,10.116168804962706,0.0,7,60.0,20.0
1,79,20,2.8,10.709092938873262,0.0,7,60.0,20.0
1,79,21,3.0,9.467320673872177,0.0,7,60.0,20.0
2,79,1,2.8,14.727045298110175,0.0,7,60.0,20.0
2,79,2,2.8,10.37263817530445,0.0,7,60.0,20.0
2,79,3,3.0,11.445507089413985,0.0,7,60.0,20.0
2,79,4,2.8,11.746586991969387,0.0,7,60.0,20.0
2,79,5,3.0,9.023816146806185,0.0,7,60.0,20.0
2,79,6,2.8,9.552895908689644,0.0,7,60.0,20.0
2,79,7,3.6,9.069139480378633,0.125,7,60.0,20.0
2,79,8,2.8,12.785987051676045,0.0,7,60.0,20.0
2,79,9,2.8,11.055542406456844,0.0,7,60.0,20.0
2,79,10,2.8,13.374521697589566,0.0,7,60.0,20.0
2,79,11,2.8,12.79114404528159,0.0,7,60.0,20.0
2,79,12,2.8,14.2899765172207,0.0,7,60.0,20.0
2,79,13,2.8,12.499586440834978,0.0,7,60.0,20.0
2,79,14,2.8,11.493944871450267,0.0,7,60.0,20.0
2,79,15,2.8,8.734312662371643,0.0,7,60.0,20.0
2,79,16,3.6,9.383436017686657,0.125,7,60.0,20.0
2,79,17,2.8,11.223071579483562,0.0,7,60.0,20.0
2,79,18,2.8,12.486492422485057,0.0,7,60.0,20.0
2,79,19,3.0,10.687060965828204,0.0,7,60.0,20.0
2,79,20,2.8,9.112204299199984,0.0,7,60.0,20.0
2,79,21,3.8,8.355164309304328,0.125,7,60.0,20.0
3,79,1,2.8,11.05455559561394,0.0,7,60.0,20.0
3,79,2,2.8,10.589716237447748,0.0,7,60.0,20.0
3,79,3,2.8,10.56670009925218,0.0,7,60.0,20.0
3,79,4,2.8,9.699572647379723,0.0,7,60.0,20.0
3,79,5,2.8,10.432234764288356,0.0,7,60.0,20.0
3,79,6,2.8,9.743161655026183,0.0,7,60.0,20.0
3,79,7,2.8,9.783073989723912,0.0,7,60.0,20.0
3,79,8,2.8,11.431344887477398,0.0,7,60.0,20.0
3,79,9,2.8,12.527925870203859,0.0,7,60.0,20.0
3,79,10,2.8,9.95177117107538,0.0,7,60.0,20.0
3,79,11,2.8,9.55612542539149,0.0,7,60.0,20.0
3,79,12,3.0,13.142199320460394,0.0,7,60.0,20.0
3,79,13,2.8,9.076927098838896,0.0,7,60.0,20.0
3,79,14,3.0,11.019608634637986,0.0,7,60.0,20.0
3,79,15,2.8,13.974513952822335,0.0,7,60.0,20.0
3,79,16,3.0,8.97800862834568,0.0,7,60.0,20.0
3,79,17,2.8,14.894762194509514,0.0,7,60.0,20.0
3,79,18,3.0,10.954744537344947,0.0,7,60.0,20.0
3,79,19,2.8,10.654591775831674,0.0,7,60.0,20.0
3,79,20,2.8,10.976737099552121,0.0,7,60.0,20.0
3,79,21,2.8,8.50373916777024,0.0,7,60.0,20.0
3,79,22,3.0,10.455609491812062,0.0,7,60.0,20.0
1,80,1,4.2,9.84013649083996,0.0,7,60.0,20.0
1,80,2,3.2,10.638626206770208,0.0,7,60.0,20.0
1,80,3,2.8,13.376756054549427,0.0,7,60.0,20.0
1,80,4,3.0,9.205216919121394,0.0,7,60.0,20.0
1,80,5,2.8,14.22369627228021,0.0,7,60.0,20.0
1,80,6,2.8,10.91808480623925,0.0,7,60.0,20.0
1,80,7,2.8,10.7535970071801,0.0,7,60.0,20.0
1,80,8,2.8,11.325947728550677,0.0,7,60.0,20.0
1,80,9,2.8,12.435841872742154,0.0,7,60.0,20.0
1,80,10,2.8,12.168682013118143,0.0,7,60.0,20.0
1,80,11,2.8,18.467750041214515,0.0,7,60.0,20.0
1,80,12,2.8,15.823895241308374,0.0,7,60.0,20.0
1,80,13,2.8,10.18070348122102,0.0,7,60.0,20.0
1,80,14,2.8,11.131589650997974,0.0,7,60.0,20.0
1,80,15,2.8,13.866262120443086,0.0,7,60.0,20.0
1,80,16,2.8,11.038482245019718,0.0,7,60.0,20.0
1,80,17,2.8,11.37919996251546,0.0,7,60.0,20.0
1,80,18,3.0,9.434532529040359,0.0,7,60.0,20.0
1,80,19,3.0,9.87929266639152,0.0,7,60.0,20.0
1,80,20,2.8,11.417552847796221,0.0,7,60.0,20.0
1,80,21,3.0,9.848152594351744,0.0,7,60.0,20.0
1,80,22,2.0,19.89553964612734,0.0,4,60.0,20.0
2,80,1,2.8,12.867959031939646,0.0,7,60.0,20.0
2,80,2,2.8,9.90240739900376,0.0,7,60.0,20.0
2,80,3,3.8,7.5281897890606055,0.125,7,60.0,20.0
2,80,4,3.0,9.137318234383123,0.0,7,60.0,20.0
2,80,5,2.8,10.669186291479157,0.0,7,60.0,20.0
2,80,6,2.8,9.743873314282496,0.0,7,60.0,20.0
2,80,7,3.2,9.703923337727366,0.0,7,60.0,20.0
2,80,8,2.8,13.905221697820567,0.0,7,60.0,20.0
2,80,9,2.8,12.775562511575892,0.0,7,60.0,20.0
2,80,10,2.8,13.759942869985206,0.0,7,60.0,20.0
2,80,11,3.0,10.852726857240027,0.0,7,60.0,20.0
2,80,12,2.8,11.96539569369158,0.0,7,60.0,20.0
2,80,13,2.8,11.059597163025826,0.0,7,60.0,20.0
2,80,14,2.8,10.665078088565702,0.0,7,60.0,20.0
2,80,15,3.0,8.353874030083798,0.0,7,60.0,20.0
2,80,16,2.8,10.757798576213819,0.0,7,60.0,20.0
2,80,17,2.8,12.432157320832035,0.0,7,60.0,20.0
2,80,18,2.8,11.788546587442582,0.0,7,60.0,20.0
2,80,19,3.0,9.734519614003478,0.0,7,60.0,20.0
2,80,20,2.8,8.978437840896998,0.0,7,60.0,20.0
2,80,21,3.0,9.872368184069117,0.0,7,60.0,20.0
3,80,1,2.8,9.7040181954429,0.0,7,60.0,20.0
3,80,2,2.8,12.194365509440532,0.0,7,60.0,20.0
3,80,3,2.8,10.867097327348567,0.0,7,60.0,20.0
3,80,4,2.8,9.343927961814618,0.0,7,60.0,20.0
3,80,5,2.8,8.822119191523711,0.0,7,60.0,20.0
3,80,6,2.8,9.997994729808157,0.0,7,60.0,20.0
3,80,7,2.8,10.380843095272962,0.0,7,60.0,20.0
3,80,8,2.8,10.29596923780789,0.0,7,60.0,20.0
3,80,9,2.8,12.276462111538128,0.0,7,60.0,20.0
3,80,10,2.8,10.775858259033509,0.0,7,60.0,20.0
3,80,11,2.8,11.761290242827826,0.0,7,60.0,20.0
3,80,12,3.0,12.29667022970525,0.0,7,60.0,20.0
3,80,13,2.8,10.352097734477184,0.0,7,60.0,20.0
3,80,14,2.8,12.028220753892814,0.0,7,60.0,20.0
3,80,15,2.8,12.601679782310756,0.0,7,60.0,20.0
3,80,16,3.0,10.784849661860791,0.0,7,60.0,20.0
3,80,17,2.8,14.144414016255865,0.0,7,60.0,20.0
3,80,18,2.8,12.064501678589343,0.0,7,60.0,20.0
3,80,19,2.8,11.259018907201286,0.0,7,60.0,20.0
3,80,20,2.8,11.60817208853077,0.0,7,60.0,20.0
3,80,21,2.8,9.23763035415551,0.0,7,60.0,20.0
3,80,22,2.8,9.810627454026056,0.0,7,60.0,20.0
1,81,1,4.0,9.523341913076957,0.0,7,60.0,20.0
1,81,2,3.2,11.746290018766475,0.0,7,60.0,20.0
1,81,3,2.8,12.959113197403713,0.0,7,60.0,20.0
1,81,4,3.0,8.388463430835305,0.0,7,60.0,20.0
1,81,5,2.8,11.207435086104422,0.0,7,60.0,20.0
1,81,6,2.8,11.888691064145526,0.0,7,60.0,20.0
1,81,7,2.8,10.122115274829863,0.0,7,60.0,20.0
1,81,8,2.8,11.067146603564721,0.0,7,60.0,20.0
1,81,9,2.8,15.451071637691825,0.0,7,60.0,20.0
1,81,10,2.8,10.468876330023395,0.0,7,60.0,20.0
1,81,11,2.8,15.670218482986046,0.0,7,60.0,20.0
1,81,12,2.8,17.41509539213334,0.0,7,60.0,20.0
1,81,13,2.8,10.18070348122102,0.0,7,60.0,20.0
1,81,14,2.8,13.27027844007363,0.0,7,60.0,20.0
1,81,15,2.8,15.432928222047668,0.0,7,60.0,20.0
1,81,16,2.8,12.322577447832785,0.0,7,60.0,20.0
1,81,17,2.8,14.008424368257113,0.0,7,60.0,20.0
1,81,18,3.0,9.486786321238569,0.0,7,60.0,20.0
1,81,19,2.8,9.317739665106465,0.0,7,60.0,20.0
1,81,20,2.8,10.139974557515982,0.0,7,60.0,20.0
1,81,21,3.0,14.329646594573935,0.0,7,60.0,20.0
1,81,22,2.0,11.79962310835864,0.0,5,60.0,20.0
2,81,1,2.8,14.28004126922104,0.0,7,60.0,20.0
2,81,2,2.8,10.46134762123717,0.0,7,60.0,20.0
2,81,3,4.0,7.747398814333927,0.125,7,60.0,20.0
2,81,4,2.8,11.467499958564822,0.0,7,60.0,20.0
2,81,5,2.8,10.005909981097417,0.0,7,60.0,20.0
2,81,6,2.8,9.998744104328704,0.0,7,60.0,20.0
2,81,7,3.6,9.746300798620657,0.125,7,60.0,20.0
2,81,8,2.8,14.494795974422809,0.0,7,60.0,20.0
2,81,9,2.8,12.845866700695824,0.0,7,60.0,20.0
2,81,10,2.8,11.987370434959274,0.0,7,60.0,20.0
2,81,11,2.8,13.846668787305525,0.0,7,60.0,20.0
2,81,12,2.8,15.053652142748357,0.0,7,60.0,20.0
2,81,13,2.8,10.514928719418839,0.0,7,60.0,20.0
2,81,14,2.8,12.792450170461427,0.0,7,60.0,20.0
2,81,15,3.0,9.119539888970841,0.0,7,60.0,20.0
2,81,16,2.8,12.326882675618954,0.0,7,60.0,20.0
2,81,17,2.8,9.33845886688821,0.0,7,60.0,20.0
2,81,18,2.8,11.037831760196836,0.0,7,60.0,20.0
2,81,19,3.8,7.9609757301733595,0.125,7,60.0,20.0
2,81,20,2.8,7.999000557465364,0.0,7,60.0,20.0
2,81,21,2.8,13.291005197548563,0.0,6,60.0,20.0
3,81,1,2.8,11.362614538868355,0.0,7,60.0,20.0
3,81,2,2.8,10.339094991894978,0.0,7,60.0,20.0
3,81,3,2.8,10.621752952517957,0.0,7,60.0,20.0
3,81,4,2.8,8.705533501103154,0.0,7,60.0,20.0
3,81,5,2.8,10.038418642262219,0.0,7,60.0,20.0
3,81,6,2.8,11.373858533865558,0.0,7,60.0,20.0
3,81,7,2.8,9.180970965230673,0.0,7,60.0,20.0
3,81,8,2.8,12.380038980756828,0.0,7,60.0,20.0
3,81,9,2.8,12.301153303661508,0.0,7,60.0,20.0
3,81,10,2.8,11.27237070759846,0.0,7,60.0,20.0
3,81,11,2.8,11.079503954553667,0.0,7,60.0,20.0
3,81,12,3.0,10.483938835887677,0.0,7,60.0,20.0
3,81,13,2.8,8.789934839102282,0.0,7,60.0,20.0
3,81,14,2.8,10.236515577531721,0.0,7,60.0,20.0
3,81,15,2.8,16.426085539010987,0.0,7,60.0,20.0
3,81,16,3.0,9.59989528043115,0.0,7,60.0,20.0
3,81,17,2.8,16.6922175228457,0.0,7,60.0,20.0
3,81,18,3.0,10.323990735141408,0.0,7,60.0,20.0
3,81,19,2.8,12.670941816927034,0.0,7,60.0,20.0
3,81,20,2.8,10.813070611363571,0.0,7,60.0,20.0
3,81,21,2.8,8.779832717491509,0.0,7,60.0,20.0
3,81,22,3.0,10.7622772262461,0.0,7,60.0,20.0
1,82,1,4.2,8.975414451816595,0.0,7,60.0,20.0
1,82,2,3.0,12.44053129625269,0.0,7,60.0,20.0
1,82,3,3.0,12.13634428321819,0.0,7,60.0,20.0
1,82,4,3.0,9.039514345664333,0.0,7,60.0,20.0
1,82,5,2.8,11.420260028887112,0.0,7,60.0,20.0
1,82,6,2.8,11.590056331732791,0.0,7,60.0,20.0
1,82,7,2.8,9.351766295855226,0.0,7,60.0,20.0
1,82,8,2.8,10.683403475344512,0.0,7,60.0,20.0
1,82,9,2.8,17.18926051535278,0.0,7,60.0,20.0
1,82,10,2.8,12.193304609591696,0.0,7,60.0,20.0
1,82,11,2.8,17.76017349980027,0.0,7,60.0,20.0
1,82,12,2.8,13.307829397302433,0.0,7,60.0,20.0
1,82,13,2.8,11.436610077809458,0.0,7,60.0,20.0
1,82,14,2.8,13.00549453895243,0.0,7,60.0,20.0
1,82,15,2.8,16.130402359371057,0.0,7,60.0,20.0
1,82,16,2.8,10.463472333924102,0.0,7,60.0,20.0
1,82,17,2.8,10.343955049107997,0.0,7,60.0,20.0
1,82,18,3.2,8.530504462012981,0.0,7,60.0,20.0
1,82,19,3.2,8.757996100989365,0.0,7,60.0,20.0
1,82,20,2.8,11.911149038626714,0.0,7,60.0,20.0
1,82,21,2.8,10.58868844512605,0.0,7,60.0,20.0
2,82,1,2.8,13.403772105204743,0.0,7,60.0,20.0
2,82,2,2.8,9.950740028659055,0.0,7,60.0,20.0
2,82,3,3.8,8.596947349794831,0.125,7,60.0,20.0
2,82,4,2.8,10.857047048598064,0.0,7,60.0,20.0
2,82,5,2.8,9.435292214181308,0.0,7,60.0,20.0
2,82,6,2.8,10.239731153366142,0.0,7,60.0,20.0
2,82,7,3.0,10.363321450064756,0.0,7,60.0,20.0
2,82,8,2.8,11.403322976917408,0.0,7,60.0,20.0
2,82,9,2.8,11.55690972032598,0.0,7,60.0,20.0
2,82,10,2.8,11.665390698692505,0.0,7,60.0,20.0
2,82,11,2.8,9.480117961099758,0.0,7,60.0,20.0
2,82,12,2.8,13.353955310486423,0.0,7,60.0,20.0
2,82,13,2.8,13.032269253259365,0.0,7,60.0,20.0
2,82,14,2.8,11.13810680219172,0.0,7,60.0,20.0
2,82,15,2.8,9.61290265612781,0.0,7,60.0,20.0
2,82,16,3.0,13.607277723489583,0.0,7,60.0,20.0
2,82,17,2.8,14.756888255894033,0.0,7,60.0,20.0
2,82,18,2.8,14.204167717797228,0.0,7,60.0,20.0
2,82,19,3.0,11.139561924528378,0.0,7,60.0,20.0
2,82,20,2.8,8.650575524130195,0.0,7,60.0,20.0
2,82,21,3.0,7.620830205725983,0.0,7,60.0,20.0
3,82,1,2.8,9.844595426464501,0.0,7,60.0,20.0
3,82,2,2.8,12.145932320954774,0.0,7,60.0,20.0
3,82,3,2.8,12.13971208484882,0.0,7,60.0,20.0
3,82,4,2.8,9.840020174990427,0.0,7,60.0,20.0
3,82,5,2.8,10.171980923305098,0.0,7,60.0,20.0
3,82,6,2.8,10.678800090927853,0.0,7,60.0,20.0
3,82,7,2.8,9.830245955738185,0.0,7,60.0,20.0
3,82,8,2.8,11.560993156349195,0.0,7,60.0,20.0
3,82,9,2.8,13.091038908777037,0.0,7,60.0,20.0
3,82,10,2.8,10.516456838731228,0.0,7,60.0,20.0
3,82,11,2.8,11.019617158608597,0.0,7,60.0,20.0
3,82,12,3.0,12.446818429978894,0.0,7,60.0,20.0
3,82,13,2.8,9.529492772911707,0.0,7,60.0,20.0
3,82,14,2.8,11.3581025288111,0.0,7,60.0,20.0
3,82,15,2.8,14.86870471228608,0.0,7,60.0,20.0
3,82,16,3.0,10.36449759550701,0.0,7,60.0,20.0
3,82,17,2.8,12.395735072416736,0.0,7,60.0,20.0
3,82,18,3.0,9.191395058957557,0.0,7,60.0,20.0
3,82,19,2.8,14.82017344524287,0.0,7,60.0,20.0
3,82,20,2.8,10.625221123231464,0.0,7,60.0,20.0
3,82,21,2.8,8.881833108540869,0.0,7,60.0,20.0
3,82,22,2.8,10.14230593765601,0.0,7,60.0,20.0
1,83,1,3.8,8.160034227332536,0.0,7,60.0,20.0
1,83,2,3.2,14.288006274618542,0.0,7,60.0,20.0
1,83,3,2.8,15.008589616918066,0.0,7,60.0,20.0
1,83,4,3.0,7.592631931521168,0.0,7,60.0,20.0
1,83,5,2.8,14.150855521461267,0.0,7,60.0,20.0
1,83,6,2.8,9.489940337238746,0.0,7,60.0,20.0
1,83,7,2.8,10.939887489503203,0.0,7,60.0,20.0
1,83,8,2.8,10.370837720211497,0.0,7,60.0,20.0
1,83,9,2.8,13.151870525129251,0.0,7,60.0,20.0
1,83,10,2.8,10.663354197092822,0.0,7,60.0,20.0
1,83,11,2.8,18.098420464929635,0.0,7,60.0,20.0
1,83,12,2.8,14.926483045108677,0.0,7,60.0,20.0
1,83,13,2.8,14.69881607964728,0.0,7,60.0,20.0
1,83,14,2.8,16.035776121490326,0.0,7,60.0,20.0
1,83,15,2.8,13.325068227743225,0.0,7,60.0,20.0
1,83,16,2.8,11.714828388221216,0.0,7,60.0,20.0
1,83,17,2.8,11.655511419234474,0.0,7,60.0,20.0
1,83,18,3.6,7.014510664265691,0.125,7,60.0,20.0
1,83,19,2.8,9.746492769525146,0.0,7,60.0,20.0
1,83,20,2.8,10.063737148063614,0.0,7,60.0,20.0
1,83,21,3.0,9.536450023678123,0.0,7,60.0,20.0
1,83,22,2.0,15.894216857588003,0.0,4,60.0,20.0
2,83,1,2.8,13.31622287229641,0.0,7,60.0,20.0
2,83,2,2.8,11.107296132061855,0.0,7,60.0,20.0
2,83,3,3.2,11.265143721009977,0.0,7,60.0,20.0
2,83,4,3.0,10.038606771067963,0.0,7,60.0,20.0
2,83,5,2.8,10.696633862372462,0.0,7,60.0,20.0
2,83,6,2.8,10.868327422168303,0.0,7,60.0,20.0
2,83,7,3.0,11.26657667974991,0.0,7,60.0,20.0
2,83,8,2.8,10.365454282687011,0.0,7,60.0,20.0
2,83,9,2.8,10.427621053987197,0.0,7,60.0,20.0
2,83,10,2.8,15.35554194834425,0.0,7,60.0,20.0
2,83,11,2.8,9.185509526175565,0.0,7,60.0,20.0
2,83,12,2.8,12.273335543071989,0.0,7,60.0,20.0
2,83,13,2.8,11.245266640101823,0.0,7,60.0,20.0
2,83,14,2.8,12.346137636866828,0.0,7,60.0,20.0
2,83,15,2.8,10.598515310908455,0.0,7,60.0,20.0
2,83,16,3.0,10.323749397424105,0.0,7,60.0,20.0
2,83,17,2.8,11.822503986170995,0.0,7,60.0,20.0
2,83,18,2.8,12.822537945130604,0.0,7,60.0,20.0
2,83,19,3.0,11.244694563012626,0.0,7,60.0,20.0
2,83,20,3.0,8.66564456241935,0.0,7,60.0,20.0
2,83,21,3.0,9.024813206144609,0.0,7,60.0,20.0
2,83,22,2.0,15.2379312492079,0.0,4,60.0,20.0
3,83,1,2.8,10.240180339374279,0.0,7,60.0,20.0
3,83,2,2.8,13.308844398072452,0.0,7,60.0,20.0
3,83,3,2.8,12.115664104343306,0.0,7,60.0,20.0
3,83,4,2.8,9.623265002504377,0.0,7,60.0,20.0
3,83,5,2.8,9.347989619888537,0.0,7,60.0,20.0
3,83,6,2.8,9.515778395952896,0.0,7,60.0,20.0
3,83,7,2.8,10.0071718615055,0.0,7,60.0,20.0
3,83,8,2.8,13.266184366939294,0.0,7,60.0,20.0
3,83,9,2.8,12.106360715617088,0.0,7,60.0,20.0
3,83,10,2.8,12.700208780630684,0.0,7,60.0,20.0
3,83,11,2.8,9.60112914471241,0.0,7,60.0,20.0
3,83,12,3.6,8.383376279895437,0.125,7,60.0,20.0
3,83,13,2.8,11.824994359315243,0.0,7,60.0,20.0
3,83,14,2.8,10.355721254577846,0.0,7,60.0,20.0
3,83,15,2.8,14.682987800882744,0.0,7,60.0,20.0
3,83,16,2.8,10.147627165243035,0.0,7,60.0,20.0
3,83,17,2.8,13.822383250407206,0.0,7,60.0,20.0
3,83,18,2.8,11.223828939876375,0.0,7,60.0,20.0
3,83,19,2.8,11.806356386900779,0.0,7,60.0,20.0
3,83,20,2.8,12.326180315252346,0.0,7,60.0,20.0
3,83,21,2.8,9.01780360453104,0.0,7,60.0,20.0
3,83,22,2.8,11.188106473988832,0.0,7,60.0,20.0
1,84,1,4.2,9.528933129414929,0.0,7,60.0,20.0
1,84,2,3.2,10.928018603527564,0.0,7,60.0,20.0
1,84,3,2.8,12.515505010660355,0.0,7,60.0,20.0
1,84,4,3.0,9.080378185335181,0.0,7,60.0,20.0
1,84,5,2.8,12.382388717934568,0.0,7,60.0,20.0
1,84,6,2.8,9.07628828043358,0.0,7,60.0,20.0
1,84,7,2.8,11.276814712458597,0.0,7,60.0,20.0
1,84,8,2.8,9.40017191090581,0.0,7,60.0,20.0
1,84,9,2.8,15.751465358650222,0.0,7,60.0,20.0
1,84,10,2.8,10.073466920932814,0.0,7,60.0,20.0
1,84,11,2.8,14.004245939826042,0.0,7,60.0,20.0
1,84,12,2.8,14.252052855165031,0.0,7,60.0,20.0
1,84,13,2.8,11.725915319393753,0.0,7,60.0,20.0
1,84,14,2.8,15.760717557618253,0.0,7,60.0,20.0
1,84,15,2.8,13.256195607212469,0.0,7,60.0,20.0
1,84,16,2.8,11.680365322785795,0.0,7,60.0,20.0
1,84,17,2.8,12.539460563297752,0.0,7,60.0,20.0
1,84,18,3.6,8.2017698449868,0.125,7,60.0,20.0
1,84,19,3.0,9.962462814980226,0.0,7,60.0,20.0
1,84,20,3.0,10.187507755360787,0.0,7,60.0,20.0
1,84,21,3.2,8.695105912182001,0.0,7,60.0,20.0
2,84,1,3.0,12.106499396612563,0.0,7,60.0,20.0
2,84,2,2.8,9.668866403040697,0.0,7,60.0,20.0
2,84,3,3.4,10.907191681675739,0.0,7,60.0,20.0
2,84,4,3.4,8.8130742585864,0.0,7,60.0,20.0
2,84,5,2.8,13.789438319795748,0.0,7,60.0,20.0
2,84,6,2.8,11.229907534445697,0.0,7,60.0,20.0
2,84,7,3.2,8.616386826691471,0.0,7,60.0,20.0
2,84,8,2.8,10.711127262871619,0.0,7,60.0,20.0
2,84,9,2.8,12.124145194520478,0.0,7,60.0,20.0
2,84,10,2.8,10.271061936646323,0.0,7,60.0,20.0
2,84,11,2.8,12.059567370560925,0.0,7,60.0,20.0
2,84,12,2.8,13.586824421544518,0.0,7,60.0,20.0
2,84,13,2.8,11.284047308828876,0.0,7,60.0,20.0
2,84,14,2.8,11.27454147733821,0.0,7,60.0,20.0
2,84,15,3.6,8.143098474675455,0.125,7,60.0,20.0
2,84,16,2.8,13.095192557175857,0.0,7,60.0,20.0
2,84,17,2.8,11.604120810854875,0.0,7,60.0,20.0
2,84,18,3.0,14.026123676647195,0.0,7,60.0,20.0
2,84,19,2.8,9.176578242692417,0.0,7,60.0,20.0
2,84,20,2.8,7.412359941242463,0.0,7,60.0,20.0
2,84,21,3.0,10.858082526263587,0.0,7,60.0,20.0
3,84,1,2.8,11.114823782255437,0.0,7,60.0,20.0
3,84,2,2.8,11.506136484639125,0.0,7,60.0,20.0
3,84,3,2.8,12.360517929650834,0.0,7,60.0,20.0
3,84,4,2.8,9.161964398152167,0.0,7,60.0,20.0
3,84,5,2.8,9.657978968508548,0.0,7,60.0,20.0
3,84,6,2.8,10.301098938716159,0.0,7,60.0,20.0
3,84,7,2.8,9.751876723690048,0.0,7,60.0,20.0
3,84,8,2.8,10.960187351658202,0.0,7,60.0,20.0
3,84,9,2.8,11.259450443915576,0.0,7,60.0,20.0
3,84,10,2.8,11.978856795354515,0.0,7,60.0,20.0
3,84,11,2.8,10.508417461128445,0.0,7,60.0,20.0
3,84,12,3.6,9.69960443867832,0.125,7,60.0,20.0
3,84,13,2.8,10.859210331071225,0.0,7,60.0,20.0
3,84,14,2.8,13.024014782231376,0.0,7,60.0,20.0
3,84,15,2.8,14.61282585226464,0.0,7,60.0,20.0
3,84,16,3.0,10.686952444038702,0.0,7,60.0,20.0
3,84,17,2.8,17.100938735049567,0.0,7,60.0,20.0
3,84,18,2.8,12.996877147774544,0.0,7,60.0,20.0
3,84,19,2.8,11.556864800739298,0.0,7,60.0,20.0
3,84,20,2.8,11.092681821469492,0.0,7,60.0,20.0
3,84,21,2.8,8.338126193198029,0.0,7,60.0,20.0
3,84,22,2.8,10.694335242847504,0.0,7,60.0,20.0
1,85,1,4.0,8.997240678382077,0.0,7,60.0,20.0
1,85,2,3.0,12.647208099579688,0.0,7,60.0,20.0
1,85,3,2.8,17.80187311249283,0.0,7,60.0,20.0
1,85,4,3.0,7.839573189761795,0.0,7,60.0,20.0
1,85,5,3.0,11.691341762083997,0.0,7,60.0,20.0
1,85,6,2.8,9.388228560657838,0.0,7,60.0,20.0
1,85,7,2.8,10.621679566295839,0.0,7,60.0,20.0
1,85,8,2.8,11.006504367058106,0.0,7,60.0,20.0
1,85,9,2.8,12.424617366615784,0.0,7,60.0,20.0
1,85,10,2.8,9.348278713785552,0.0,7,60.0,20.0
1,85,11,2.8,13.170122858343333,0.0,7,60.0,20.0
1,85,12,2.8,16.15456378675361,0.0,7,60.0,20.0
1,85,13,2.8,11.864435795739652,0.0,7,60.0,20.0
1,85,14,3.0,12.974060973345077,0.0,7,60.0,20.0
1,85,15,2.8,14.39629018063109,0.0,7,60.0,20.0
1,85,16,2.8,10.28488762788488,0.0,7,60.0,20.0
1,85,17,2.8,10.561506826926596,0.0,7,60.0,20.0
1,85,18,3.0,8.454968190861065,0.0,7,60.0,20.0
1,85,19,3.0,9.401485239978777,0.0,7,60.0,20.0
1,85,20,2.8,11.3104033818169,0.0,7,60.0,20.0
1,85,21,3.0,8.301523114196453,0.0,7,60.0,20.0
1,85,22,2.0,17.19838481996579,0.0,4,60.0,20.0
2,85,1,3.0,13.585544139106972,0.0,7,60.0,20.0
2,85,2,2.8,11.231340497263583,0.0,7,60.0,20.0
2,85,3,3.6,10.408356483000423,0.125,7,60.0,20.0
2,85,4,2.8,12.786348979964098,0.0,7,60.0,20.0
2,85,5,2.8,10.65122520515583,0.0,7,60.0,20.0
2,85,6,2.8,10.467555524324522,0.0,7,60.0,20.0
2,85,7,3.0,11.322584085011998,0.0,7,60.0,20.0
2,85,8,2.8,12.34717964584405,0.0,7,60.0,20.0
2,85,9,2.8,11.136060713718232,0.0,7,60.0,20.0
2,85,10,2.8,10.838494064386015,0.0,7,60.0,20.0
2,85,11,3.0,10.795611608556726,0.0,7,60.0,20.0
2,85,12,2.8,13.440798508931927,0.0,7,60.0,20.0
2,85,13,2.8,10.498370249119375,0.0,7,60.0,20.0
2,85,14,2.8,11.08700243303643,0.0,7,60.0,20.0
2,85,15,3.0,9.069047792936846,0.0,7,60.0,20.0
2,85,16,2.8,13.315601841556644,0.0,7,60.0,20.0
2,85,17,2.8,13.022940763716209,0.0,7,60.0,20.0
2,85,18,2.8,10.96812456643152,0.0,7,60.0,20.0
2,85,19,3.0,10.078332298548442,0.0,7,60.0,20.0
2,85,20,2.8,9.468551213125517,0.0,7,60.0,20.0
2,85,21,3.0,9.379059275191764,0.0,7,60.0,20.0
3,85,1,2.8,9.17968782331834,0.0,7,60.0,20.0
3,85,2,2.8,11.979404376242515,0.0,7,60.0,20.0
3,85,3,2.8,14.229785042086071,0.0,7,60.0,20.0
3,85,4,2.8,9.608147324219212,0.0,7,60.0,20.0
3,85,5,2.8,9.972944218520151,0.0,7,60.0,20.0
3,85,6,2.8,9.997994729808157,0.0,7,60.0,20.0
3,85,7,2.8,10.276193118936195,0.0,7,60.0,20.0
3,85,8,2.8,13.651113205294692,0.0,7,60.0,20.0
3,85,9,3.0,12.453045124339004,0.0,7,60.0,20.0
3,85,10,2.8,10.456003465610825,0.0,7,60.0,20.0
3,85,11,2.8,13.236789482047495,0.0,7,60.0,20.0
3,85,12,3.6,8.796535886594304,0.125,7,60.0,20.0
3,85,13,2.8,9.769714596181494,0.0,7,60.0,20.0
3,85,14,2.8,9.644218526125703,0.0,7,60.0,20.0
3,85,15,2.8,13.200291372250275,0.0,7,60.0,20.0
3,85,16,2.8,11.897583423281096,0.0,7,60.0,20.0
3,85,17,2.8,13.848403886927619,0.0,7,60.0,20.0
3,85,18,3.0,11.76138391302944,0.0,7,60.0,20.0
3,85,19,2.8,11.508215484385683,0.0,7,60.0,20.0
3,85,20,2.8,9.422288136993604,0.0,7,60.0,20.0
3,85,21,2.8,10.61251563643852,0.0,7,60.0,20.0
3,85,22,3.0,9.118619233282297,0.0,7,60.0,20.0
1,86,1,4.0,9.660749781350145,0.0,7,60.0,20.0
1,86,2,3.0,11.5780281086778,0.0,7,60.0,20.0
1,86,3,2.8,14.643865488039637,0.0,7,60.0,20.0
1,86,4,3.0,7.911621674665606,0.0,7,60.0,20.0
1,86,5,2.8,14.526081359515155,0.0,7,60.0,20.0
1,86,6,2.8,10.62808156501329,0.0,7,60.0,20.0
1,86,7,2.8,10.822007304011501,0.0,7,60.0,20.0
1,86,8,2.8,10.915628125247977,0.0,7,60.0,20.0
1,86,9,2.8,13.597004673706797,0.0,7,60.0,20.0
1,86,10,2.8,11.198388997221116,0.0,7,60.0,20.0
1,86,11,2.8,13.333136041823,0.0,7,60.0,20.0
1,86,12,2.8,13.165491714889557,0.0,7,60.0,20.0
1,86,13,2.8,12.004831356988753,0.0,7,60.0,20.0
1,86,14,2.8,14.669489225345954,0.0,7,60.0,20.0
1,86,15,2.8,14.47755528293651,0.0,7,60.0,20.0
1,86,16,2.8,12.649273955093694,0.0,7,60.0,20.0
1,86,17,2.8,12.903395452177943,0.0,7,60.0,20.0
1,86,18,3.2,8.757386450892042,0.0,7,60.0,20.0
1,86,19,2.8,10.76602483671349,0.0,7,60.0,20.0
1,86,20,2.8,12.443161373325406,0.0,7,60.0,20.0
1,86,21,3.0,12.234876159023178,0.0,7,60.0,20.0
1,86,22,2.0,12.458279405853355,0.0,5,60.0,20.0
2,86,1,2.8,12.840942501732279,0.0,7,60.0,20.0
2,86,2,2.8,11.461136986847213,0.0,7,60.0,20.0
2,86,3,3.8,8.489549784528506,0.125,7,60.0,20.0
2,86,4,3.0,9.749038437176537,0.0,7,60.0,20.0
2,86,5,2.8,11.801463758814654,0.0,7,60.0,20.0
2,86,6,2.8,11.228646559001088,0.0,7,60.0,20.0
2,86,7,3.0,11.239263664068586,0.0,7,60.0,20.0
2,86,8,2.8,12.096611601260395,0.0,7,60.0,20.0
2,86,9,2.8,12.055446171720394,0.0,7,60.0,20.0
2,86,10,2.8,11.040636573038435,0.0,7,60.0,20.0
2,86,11,2.8,9.896065044183317,0.0,7,60.0,20.0
2,86,12,2.8,15.137354637753646,0.0,7,60.0,20.0
2,86,13,2.8,10.663099551164999,0.0,7,60.0,20.0
2,86,14,2.8,12.672011671066365,0.0,7,60.0,20.0
2,86,15,3.0,8.513591159433611,0.0,7,60.0,20.0
2,86,16,2.8,11.319447768417325,0.0,7,60.0,20.0
2,86,17,2.8,11.418301200928896,0.0,7,60.0,20.0
2,86,18,2.8,12.886161867549989,0.0,7,60.0,20.0
2,86,19,3.0,11.0228471770786,0.0,7,60.0,20.0
2,86,20,2.8,8.929420100559735,0.0,7,60.0,20.0
2,86,21,3.0,8.51704373820048,0.0,7,60.0,20.0
3,86,1,2.8,10.022042898057423,0.0,7,60.0,20.0
3,86,2,2.8,11.681952299078965,0.0,7,60.0,20.0
3,86,3,2.8,10.847823003703237,0.0,7,60.0,20.0
3,86,4,2.8,10.100012718152628,0.0,7,60.0,20.0
3,86,5,2.8,9.750359645553509,0.0,7,60.0,20.0
3,86,6,2.8,9.72766522981814,0.0,7,60.0,20.0
3,86,7,2.8,9.320887447489076,0.0,7,60.0,20.0
3,86,8,2.8,12.231487988964188,0.0,7,60.0,20.0
3,86,9,2.8,10.937291665314033,0.0,7,60.0,20.0
3,86,10,2.8,12.073443373412056,0.0,7,60.0,20.0
3,86,11,2.8,12.767950730206918,0.0,7,60.0,20.0
3,86,12,3.6,8.869682737437685,0.125,7,60.0,20.0
3,86,13,2.8,10.172856947443604,0.0,7,60.0,20.0
3,86,14,2.8,10.77534732872403,0.0,7,60.0,20.0
3,86,15,2.8,13.45549044124876,0.0,7,60.0,20.0
3,86,16,2.8,10.679180290112312,0.0,7,60.0,20.0
3,86,17,2.8,14.012390163416331,0.0,7,60.0,20.0
3,86,18,3.0,10.2733985747526,0.0,7,60.0,20.0
3,86,19,2.8,9.72017036783753,0.0,7,60.0,20.0
3,86,20,2.8,11.13306535439139,0.0,7,60.0,20.0
3,86,21,2.8,9.793426535272612,0.0,7,60.0,20.0
3,86,22,3.0,10.675867856919668,0.0,7,60.0,20.0
1,87,1,4.0,9.915078771734684,0.0,7,60.0,20.0
1,87,2,3.0,11.945241402450076,0.0,7,60.0,20.0
1,87,3,2.8,15.550828079924267,0.0,7,60.0,20.0
1,87,4,3.0,8.049000468329256,0.0,7,60.0,20.0
1,87,5,2.8,13.607626599978365,0.0,7,60.0,20.0
1,87,6,2.8,10.33639734204047,0.0,7,60.0,20.0
1,87,7,2.8,10.233885556514503,0.0,7,60.0,20.0
1,87,8,2.8,11.241434309233442,0.0,7,60.0,20.0
1,87,9,2.8,14.106270238024056,0.0,7,60.0,20.0
1,87,10,2.8,12.955978781184351,0.0,7,60.0,20.0
1,87,11,2.8,13.072812917532186,0.0,7,60.0,20.0
1,87,12,2.8,15.502478106316534,0.0,7,60.0,20.0
1,87,13,2.8,11.747401194098508,0.0,7,60.0,20.0
1,87,14,2.8,13.427382713611658,0.0,7,60.0,20.0
1,87,15,2.8,12.317310929601215,0.0,7,60.0,20.0
1,87,16,2.8,9.85622344557064,0.0,7,60.0,20.0
1,87,17,2.8,15.85750836554306,0.0,7,60.0,20.0
1,87,18,3.2,8.498039331614669,0.0,7,60.0,20.0
1,87,19,2.8,10.08158294421316,0.0,7,60.0,20.0
1,87,20,2.8,12.093553205294944,0.0,7,60.0,20.0
1,87,21,3.2,8.988242360871212,0.0,7,60.0,20.0
1,87,22,2.25,13.324887353971828,0.0,4,60.0,20.0
2,87,1,2.8,11.846097979439381,0.0,7,60.0,20.0
2,87,2,2.8,10.115312690100295,0.0,7,60.0,20.0
2,87,3,3.8,8.657795106982874,0.125,7,60.0,20.0
2,87,4,3.2,9.279386254954925,0.0,7,60.0,20.0
2,87,5,2.8,11.1296011898906,0.0,7,60.0,20.0
2,87,6,2.8,10.032549954552337,0.0,7,60.0,20.0
2,87,7,3.0,11.555180449429319,0.0,7,60.0,20.0
2,87,8,2.8,13.417152656145015,0.0,7,60.0,20.0
2,87,9,2.8,11.905185816567245,0.0,7,60.0,20.0
2,87,10,2.8,11.864738119558103,0.0,7,60.0,20.0
2,87,11,2.8,11.639444783882647,0.0,7,60.0,20.0
2,87,12,2.8,13.08517462385862,0.0,7,60.0,20.0
2,87,13,2.8,11.018677517920102,0.0,7,60.0,20.0
2,87,14,2.8,12.229201901903162,0.0,7,60.0,20.0
2,87,15,3.0,8.04450568057901,0.0,7,60.0,20.0
2,87,16,2.8,12.963096030824936,0.0,7,60.0,20.0
2,87,17,2.8,11.161718063096377,0.0,7,60.0,20.0
2,87,18,2.8,12.798867087660705,0.0,7,60.0,20.0
2,87,19,3.2,9.994605499071714,0.0,7,60.0,20.0
2,87,20,2.8,9.15311497187788,0.0,7,60.0,20.0
2,87,21,3.0,10.218755224246895,0.0,7,60.0,20.0
3,87,1,2.8,10.781732656826803,0.0,7,60.0,20.0
3,87,2,2.8,12.442443296084765,0.0,7,60.0,20.0
3,87,3,2.8,10.69605535032633,0.0,7,60.0,20.0
3,87,4,2.8,10.480781439870396,0.0,7,60.0,20.0
3,87,5,2.8,9.124844859644412,0.0,7,60.0,20.0
3,87,6,2.8,11.025304326391844,0.0,7,60.0,20.0
3,87,7,2.8,9.406903239184059,0.0,7,60.0,20.0
3,87,8,2.8,9.960613067328854,0.0,7,60.0,20.0
3,87,9,2.8,14.80187144727534,0.0,7,60.0,20.0
3,87,10,2.8,11.108580915187813,0.0,7,60.0,20.0
3,87,11,2.8,11.099611130609992,0.0,7,60.0,20.0
3,87,12,3.0,11.821327588981953,0.0,7,60.0,20.0
3,87,13,2.8,10.49419657875036,0.0,7,60.0,20.0
3,87,14,2.8,10.500124969038563,0.0,7,60.0,20.0
3,87,15,2.8,13.115104528305523,0.0,7,60.0,20.0
3,87,16,3.0,10.225866277786498,0.0,7,60.0,20.0
3,87,17,2.8,13.762482081814042,0.0,7,60.0,20.0
3,87,18,2.8,10.5459152168111,0.0,7,60.0,20.0
3,87,19,2.8,12.630876562261763,0.0,7,60.0,20.0
3,87,20,2.8,10.846483380946069,0.0,7,60.0,20.0
3,87,21,2.8,8.661986640966637,0.0,7,60.0,20.0
3,87,22,2.8,9.191399281011746,0.0,7,60.0,20.0
1,88,1,4.0,10.013938915818002,0.0,7,60.0,20.0
1,88,2,3.0,14.680764130766145,0.0,7,60.0,20.0
1,88,3,2.8,13.805166224207651,0.0,7,60.0,20.0
1,88,4,3.0,7.689517777176107,0.0,7,60.0,20.0
1,88,5,2.8,14.019171248305838,0.0,7,60.0,20.0
1,88,6,2.8,10.68461480619698,0.0,7,60.0,20.0
1,88,7,2.8,10.575116331453923,0.0,7,60.0,20.0
1,88,8,2.8,12.474825864312072,0.0,7,60.0,20.0
1,88,9,2.8,15.563575190956845,0.0,7,60.0,20.0
1,88,10,2.8,10.351943496730026,0.0,7,60.0,20.0
1,88,11,2.8,13.422229766584072,0.0,7,60.0,20.0
1,88,12,2.8,20.309224023787543,0.0,7,60.0,20.0
1,88,13,2.8,11.41364726389753,0.0,7,60.0,20.0
1,88,14,2.8,14.528023768173016,0.0,7,60.0,20.0
1,88,15,2.8,13.008648759645197,0.0,7,60.0,20.0
1,88,16,3.0,9.892709190492706,0.0,7,60.0,20.0
1,88,17,2.8,11.094148873173802,0.0,7,60.0,20.0
1,88,18,3.0,9.45700994508844,0.0,7,60.0,20.0
1,88,19,3.0,9.780446015917684,0.0,7,60.0,20.0
1,88,20,3.0,11.88788577287655,0.0,7,60.0,20.0
1,88,21,3.0,9.864273474722662,0.0,7,60.0,20.0
1,88,22,2.0,16.1066306536224,0.0,4,60.0,20.0
2,88,1,2.8,16.606415714011263,0.0,7,60.0,20.0
2,88,2,2.8,8.985842653004708,0.0,7,60.0,20.0
2,88,3,4.0,8.106814643775689,0.125,7,60.0,20.0
2,88,4,2.8,12.473123484134781,0.0,7,60.0,20.0
2,88,5,2.8,10.309501591942043,0.0,7,60.0,20.0
2,88,6,2.8,12.363563503263155,0.0,7,60.0,20.0
2,88,7,3.2,10.432204587556452,0.0,7,60.0,20.0
2,88,8,2.8,12.138934009041172,0.0,7,60.0,20.0
2,88,9,2.8,11.065180044820103,0.0,7,60.0,20.0
2,88,10,2.8,11.529252757089065,0.0,7,60.0,20.0
2,88,11,2.8,10.305784457019382,0.0,7,60.0,20.0
2,88,12,2.8,12.652078416741913,0.0,7,60.0,20.0
2,88,13,2.8,11.018677517920057,0.0,7,60.0,20.0
2,88,14,2.8,11.758961354902025,0.0,7,60.0,20.0
2,88,15,3.0,8.217439063646951,0.0,7,60.0,20.0
2,88,16,2.8,12.360540554145807,0.0,7,60.0,20.0
2,88,17,2.8,12.184593950591774,0.0,7,60.0,20.0
2,88,18,2.8,12.719018108279986,0.0,7,60.0,20.0
2,88,19,3.6,9.632044556876279,0.125,7,60.0,20.0
2,88,20,2.8,7.4080072204017196,0.0,7,60.0,20.0
2,88,21,3.0,9.506024245016572,0.0,7,60.0,20.0
3,88,1,2.8,8.80946885349468,0.0,7,60.0,20.0
3,88,2,2.8,11.252116441705782,0.0,7,60.0,20.0
3,88,3,2.8,12.091711210449818,0.0,7,60.0,20.0
3,88,4,2.8,9.23110534317815,0.0,7,60.0,20.0
3,88,5,2.8,9.908318358818963,0.0,7,60.0,20.0
3,88,6,2.8,9.916939031612756,0.0,7,60.0,20.0
3,88,7,2.8,10.089715437672963,0.0,7,60.0,20.0
3,88,8,3.0,10.788085827019737,0.0,7,60.0,20.0
3,88,9,2.8,11.711495833860157,0.0,7,60.0,20.0
3,88,10,2.8,10.582646423286231,0.0,7,60.0,20.0
3,88,11,3.0,11.539719096886758,0.0,7,60.0,20.0
3,88,12,3.0,10.877614792914429,0.0,7,60.0,20.0
3,88,13,2.8,9.28433569698315,0.0,7,60.0,20.0
3,88,14,2.8,11.15641084245338,0.0,7,60.0,20.0
3,88,15,2.8,14.105918392430656,0.0,7,60.0,20.0
3,88,16,3.0,10.989786254358748,0.0,7,60.0,20.0
3,88,17,2.8,13.916738190280316,0.0,7,60.0,20.0
3,88,18,3.0,12.447941685588512,0.0,7,60.0,20.0
3,88,19,2.8,9.420729276933399,0.0,7,60.0,20.0
3,88,20,2.8,10.973270122762473,0.0,7,60.0,20.0
3,88,21,2.8,9.840698630995835,0.0,7,60.0,20.0
3,88,22,3.2,9.483160469316289,0.0,7,60.0,20.0
1,89,1,4.0,9.317197487481378,0.0,7,60.0,20.0
1,89,2,3.2,10.6276261063043,0.0,7,60.0,20.0
1,89,3,3.0,12.284792797747604,0.0,7,60.0,20.0
1,89,4,3.0,9.36253883484902,0.0,7,60.0,20.0
1,89,5,3.0,10.852197756272547,0.0,7,60.0,20.0
1,89,6,2.8,10.545764341792085,0.0,7,60.0,20.0
1,89,7,2.8,9.397041054230518,0.0,7,60.0,20.0
1,89,8,2.8,11.270732095847688,0.0,7,60.0,20.0
1,89,9,2.8,12.592915713899442,0.0,7,60.0,20.0
1,89,10,2.8,11.368419730752994,0.0,7,60.0,20.0
1,89,11,2.8,15.4534618704429,0.0,7,60.0,20.0
1,89,12,2.8,17.419557629196163,0.0,7,60.0,20.0
1,89,13,2.8,10.139631781951188,0.0,7,60.0,20.0
1,89,14,2.8,11.333040401181234,0.0,7,60.0,20.0
1,89,15,2.8,16.663496376419463,0.0,7,60.0,20.0
1,89,16,2.8,9.985046793653447,0.0,7,60.0,20.0
1,89,17,2.8,10.517607900069907,0.0,7,60.0,20.0
1,89,18,3.2,8.499434216890819,0.0,7,60.0,20.0
1,89,19,3.0,10.675140656811882,0.0,7,60.0,20.0
1,89,20,2.8,10.555036761884736,0.0,7,60.0,20.0
1,89,21,3.0,9.555583586029536,0.0,7,60.0,20.0
2,89,1,2.8,12.474282519724914,0.0,7,60.0,20.0
2,89,2,2.8,10.533415182746413,0.0,7,60.0,20.0
2,89,3,3.2,10.194822220999983,0.0,7,60.0,20.0
2,89,4,3.2,9.29708949302352,0.0,7,60.0,20.0
2,89,5,2.8,10.266869745195672,0.0,7,60.0,20.0
2,89,6,2.8,9.809180476616936,0.0,7,60.0,20.0
2,89,7,3.0,14.034692051583267,0.0,7,60.0,20.0
2,89,8,3.0,9.770162395919847,0.0,7,60.0,20.0
2,89,9,2.8,11.89403010445715,0.0,7,60.0,20.0
2,89,10,2.8,12.448944379805592,0.0,7,60.0,20.0
2,89,11,2.8,10.276560660698985,0.0,7,60.0,20.0
2,89,12,2.8,14.737612511827084,0.0,7,60.0,20.0
2,89,13,2.8,13.432991848168808,0.0,7,60.0,20.0
2,89,14,2.8,10.329250034075525,0.0,7,60.0,20.0
2,89,15,2.8,9.5379473350365,0.0,7,60.0,20.0
2,89,16,3.0,11.295316787595747,0.0,7,60.0,20.0
2,89,17,2.8,11.617480291436344,0.0,7,60.0,20.0
2,89,18,2.8,11.483815338522076,0.0,7,60.0,20.0
2,89,19,3.2,8.646992370266743,0.0,7,60.0,20.0
2,89,20,2.8,9.96207288160265,0.0,7,60.0,20.0
2,89,21,3.0,8.7862199195878,0.0,7,60.0,20.0
3,89,1,2.8,10.054995608199565,0.0,7,60.0,20.0
3,89,2,2.8,12.493275034992811,0.0,7,60.0,20.0
3,89,3,2.8,15.374428695210788,0.0,7,60.0,20.0
3,89,4,2.8,11.19029364669477,0.0,7,60.0,20.0
3,89,5,2.8,8.672013516057293,0.0,7,60.0,20.0
3,89,6,2.8,9.605446112418111,0.0,7,60.0,20.0
3,89,7,2.8,9.406903239184059,0.0,7,60.0,20.0
3,89,8,2.8,10.843596207205744,0.0,7,60.0,20.0
3,89,9,2.8,11.712243308470518,0.0,7,60.0,20.0
3,89,10,2.8,11.41970065114863,0.0,7,60.0,20.0
3,89,11,2.8,10.599474739595443,0.0,7,60.0,20.0
3,89,12,3.6,8.225530165871456,0.125,7,60.0,20.0
3,89,13,3.0,9.959584576190032,0.0,7,60.0,20.0
3,89,14,3.0,9.1708823349048,0.0,7,60.0,20.0
3,89,15,2.8,17.387166817242484,0.0,7,60.0,20.0
3,89,16,2.8,9.558834528396524,0.0,7,60.0,20.0
3,89,17,2.8,12.749102161547908,0.0,7,60.0,20.0
3,89,18,3.0,10.084845916090993,0.0,7,60.0,20.0
3,89,19,2.8,11.890510406552739,0.0,7,60.0,20.0
3,89,20,2.8,10.204253350646344,0.0,7,60.0,20.0
3,89,21,2.8,9.509760946959112,0.0,7,60.0,20.0
3,89,22,2.8,12.841909151929077,0.0,7,60.0,20.0
1,90,1,4.0,10.030607590107444,0.0,7,60.0,20.0
1,90,2,3.0,10.887702974715861,0.0,7,60.0,20.0
1,90,3,2.8,16.397119544284863,0.0,7,60.0,20.0
1,90,4,3.0,7.829387531740813,0.0,7,60.0,20.0
1,90,5,2.8,13.047814056407852,0.0,7,60.0,20.0
1,90,6,2.8,11.097838728826522,0.0,7,60.0,20.0
1,90,7,2.8,10.303881080180323,0.0,7,60.0,20.0
1,90,8,2.8,9.115772777357233,0.0,7,60.0,20.0
1,90,9,2.8,15.326076893507501,0.0,7,60.0,20.0
1,90,10,2.8,9.909345841775874,0.0,7,60.0,20.0
1,90,11,2.8,15.613138652664166,0.0,7,60.0,20.0
1,90,12,2.8,17.084750095902212,0.0,7,60.0,20.0
1,90,13,2.8,11.457047895810856,0.0,7,60.0,20.0
1,90,14,2.8,14.998085170024966,0.0,7,60.0,20.0
1,90,15,2.8,14.339750057200686,0.0,7,60.0,20.0
1,90,16,2.8,11.82981646866153,0.0,7,60.0,20.0
1,90,17,2.8,13.541300356802825,0.0,7,60.0,20.0
1,90,18,3.0,8.6500312693728,0.0,7,60.0,20.0
1,90,19,3.0,9.183410316312628,0.0,7,60.0,20.0
1,90,20,2.8,10.930889355237815,0.0,7,60.0,20.0
1,90,21,3.0,11.337163256262048,0.0,7,60.0,20.0
1,90,22,2.0,14.601591945681317,0.0,5,60.0,20.0
2,90,1,2.8,19.095049095387424,0.0,7,60.0,20.0
2,90,2,2.8,10.755701217138794,0.0,7,60.0,20.0
2,90,3,3.8,8.096218989086868,0.125,7,60.0,20.0
2,90,4,2.8,11.467756197153122,0.0,7,60.0,20.0
2,90,5,2.8,10.344958188295161,0.0,7,60.0,20.0
2,90,6,2.8,11.62112701598366,0.0,7,60.0,20.0
2,90,7,3.0,11.116782989408815,0.0,7,60.0,20.0
2,90,8,2.8,12.17512662833048,0.0,7,60.0,20.0
2,90,9,2.8,12.476334804756995,0.0,7,60.0,20.0
2,90,10,2.8,11.755073180327836,0.0,7,60.0,20.0
2,90,11,2.8,9.862285980633478,0.0,7,60.0,20.0
2,90,12,2.8,14.562165450221494,0.0,7,60.0,20.0
2,90,13,2.8,11.53319692759645,0.0,7,60.0,20.0
2,90,14,2.8,13.00978704983104,0.0,7,60.0,20.0
2,90,15,2.8,10.839555003915676,0.0,7,60.0,20.0
2,90,16,3.6,9.619571141316532,0.125,7,60.0,20.0
2,90,17,2.8,11.606430810007108,0.0,7,60.0,20.0
2,90,18,2.8,14.19649427649119,0.0,7,60.0,20.0
2,90,19,2.8,11.516412251556405,0.0,7,60.0,20.0
2,90,20,2.8,8.440434169524682,0.0,7,60.0,20.0
2,90,21,3.0,9.560384051261897,0.0,7,60.0,20.0
3,90,1,3.0,8.932288974901732,0.0,7,60.0,20.0
3,90,2,3.2,8.549471909030581,0.0,7,60.0,20.0
3,90,3,3.0,11.229634456859902,0.0,7,60.0,20.0
3,90,4,2.8,9.437760074483094,0.0,7,60.0,20.0
3,90,5,2.8,8.38463198247384,0.0,7,60.0,20.0
3,90,6,2.8,8.814811693947489,0.0,7,60.0,20.0
3,90,7,2.8,10.336385831304447,0.0,7,60.0,20.0
3,90,8,2.8,12.567289637098565,0.0,7,60.0,20.0
3,90,9,2.8,14.197834262538573,0.0,7,60.0,20.0
3,90,10,2.8,12.223099791357035,0.0,7,60.0,20.0
3,90,11,2.8,11.86753092000842,0.0,7,60.0,20.0
3,90,12,3.2,9.848428033860605,0.0,7,60.0,20.0
3,90,13,3.2,9.936560533945158,0.0,7,60.0,20.0
3,90,14,2.8,12.374381335098148,0.0,7,60.0,20.0
3,90,15,3.0,12.928536584433793,0.0,7,60.0,20.0
3,90,16,2.8,14.204968922538667,0.0,7,60.0,20.0
3,90,17,2.8,10.131377861752952,0.0,7,60.0,20.0
3,90,18,3.0,10.272548942868882,0.0,7,60.0,20.0
3,90,19,2.8,14.602557005708842,0.0,7,60.0,20.0
3,90,20,2.8,9.842777112495845,0.0,7,60.0,20.0
3,90,21,2.8,9.022606464110096,0.0,7,60.0,20.0
3,90,22,2.2,15.134160533105307,0.0,5,60.0,20.0
1,91,1,4.2,9.85623111661188,0.0,7,60.0,20.0
1,91,2,3.2,11.759729202000159,0.0,7,60.0,20.0
1,91,3,2.8,13.587895771954116,0.0,7,60.0,20.0
1,91,4,3.0,7.573889962218937,0.0,7,60.0,20.0
1,91,5,2.8,11.507493995905122,0.0,7,60.0,20.0
1,91,6,2.8,8.759641738589977,0.0,7,60.0,20.0
1,91,7,2.8,10.734441128510452,0.0,7,60.0,20.0
1,91,8,2.8,11.13755002188564,0.0,7,60.0,20.0
1,91,9,2.8,15.311222423843086,0.0,7,60.0,20.0
1,91,10,2.8,12.343158443841409,0.0,7,60.0,20.0
1,91,11,2.8,14.135648656649357,0.0,7,60.0,20.0
1,91,12,2.8,13.577693181901683,0.0,7,60.0,20.0
1,91,13,2.8,10.648445325590433,0.0,7,60.0,20.0
1,91,14,2.8,13.592193469036156,0.0,7,60.0,20.0
1,91,15,2.8,16.805160295102304,0.0,7,60.0,20.0
1,91,16,2.8,11.329017286699562,0.0,7,60.0,20.0
1,91,17,2.8,11.990540412688672,0.0,7,60.0,20.0
1,91,18,3.2,8.434979338802522,0.0,7,60.0,20.0
1,91,19,3.0,9.719437528988003,0.0,7,60.0,20.0
1,91,20,2.8,12.96840552829207,0.0,7,60.0,20.0
1,91,21,3.2,8.416986550662905,0.0,7,60.0,20.0
2,91,1,2.8,13.734878479524992,0.0,7,60.0,20.0
2,91,2,2.8,10.624908081705561,0.0,7,60.0,20.0
2,91,3,4.0,9.081880742070979,0.125,7,60.0,20.0
2,91,4,3.0,10.653483361223584,0.0,7,60.0,20.0
2,91,5,2.8,9.936248092774012,0.0,7,60.0,20.0
2,91,6,2.8,9.371531825182462,0.0,7,60.0,20.0
2,91,7,3.0,11.404357100522132,0.0,7,60.0,20.0
2,91,8,2.8,12.772695916296193,0.0,7,60.0,20.0
2,91,9,2.8,12.21426508218933,0.0,7,60.0,20.0
2,91,10,2.8,10.375326766078675,0.0,7,60.0,20.0
2,91,11,2.8,11.819390003872089,0.0,7,60.0,20.0
2,91,12,2.8,13.982629513535954,0.0,7,60.0,20.0
2,91,13,2.8,11.38797072569943,0.0,7,60.0,20.0
2,91,14,2.8,11.323545355975815,0.0,7,60.0,20.0
2,91,15,3.6,7.365254337327757,0.125,7,60.0,20.0
2,91,16,2.8,13.56852356569735,0.0,7,60.0,20.0
2,91,17,2.8,13.426496966812772,0.0,7,60.0,20.0
2,91,18,3.0,11.092016927148606,0.0,7,60.0,20.0
2,91,19,3.0,9.412556222453313,0.0,7,60.0,20.0
2,91,20,2.8,8.74825186193729,0.0,7,60.0,20.0
2,91,21,3.0,10.576434519439518,0.0,7,60.0,20.0
3,91,1,3.0,9.486468295267896,0.0,7,60.0,20.0
3,91,2,2.8,12.22658559929978,0.0,7,60.0,20.0
3,91,3,2.8,10.333241615137487,0.0,7,60.0,20.0
3,91,4,3.0,8.625795947393947,0.0,7,60.0,20.0
3,91,5,2.8,9.700543582644917,0.0,7,60.0,20.0
3,91,6,2.8,9.789902008824738,0.0,7,60.0,20.0
3,91,7,3.0,9.30901871593545,0.0,7,60.0,20.0
3,91,8,2.8,9.762349082973566,0.0,7,60.0,20.0
3,91,9,2.8,17.56677976327182,0.0,7,60.0,20.0
3,91,10,2.8,11.63153296767134,0.0,7,60.0,20.0
3,91,11,2.8,11.139519894813766,0.0,7,60.0,20.0
3,91,12,3.6,8.740196399454208,0.125,7,60.0,20.0
3,91,13,3.0,10.260508576331755,0.0,7,60.0,20.0
3,91,14,2.8,11.534265915897777,0.0,7,60.0,20.0
3,91,15,2.8,12.098288234696643,0.0,7,60.0,20.0
3,91,16,3.0,10.471070219605384,0.0,7,60.0,20.0
3,91,17,2.8,10.550837008315748,0.0,7,60.0,20.0
3,91,18,3.0,10.359547491831108,0.0,7,60.0,20.0
3,91,19,2.8,15.892669817192736,0.0,7,60.0,20.0
3,91,20,2.8,9.261495761320798,0.0,7,60.0,20.0
3,91,21,2.8,8.776606389987153,0.0,7,60.0,20.0
3,91,22,2.2,16.089681041735695,0.0,5,60.0,20.0
1,92,1,4.2,8.376548350311907,0.0,7,60.0,20.0
1,92,2,3.2,12.362879939766671,0.0,7,60.0,20.0
1,92,3,2.8,12.161877597430887,0.0,7,60.0,20.0
1,92,4,3.0,7.891273918987368,0.0,7,60.0,20.0
1,92,5,2.8,12.256464709736253,0.0,7,60.0,20.0
1,92,6,2.8,9.720483832958786,0.0,7,60.0,20.0
1,92,7,2.8,10.365162288945386,0.0,7,60.0,20.0
1,92,8,2.8,12.39782960992404,0.0,7,60.0,20.0
1,92,9,2.8,14.396725042189516,0.0,7,60.0,20.0
1,92,10,2.8,11.606193728435773,0.0,7,60.0,20.0
1,92,11,2.8,14.651171895082927,0.0,7,60.0,20.0
1,92,12,2.8,12.129240388927386,0.0,7,60.0,20.0
1,92,13,2.8,11.502098500967964,0.0,7,60.0,20.0
1,92,14,2.8,13.841966890276156,0.0,7,60.0,20.0
1,92,15,2.8,13.866262120443086,0.0,7,60.0,20.0
1,92,16,2.8,10.801057612758251,0.0,7,60.0,20.0
1,92,17,2.8,11.272765787248602,0.0,7,60.0,20.0
1,92,18,3.6,7.5921056180045,0.125,7,60.0,20.0
1,92,19,2.8,11.549722070374166,0.0,7,60.0,20.0
1,92,20,2.8,11.817712668459464,0.0,7,60.0,20.0
1,92,21,3.0,8.985636009648667,0.0,7,60.0,20.0
2,92,1,2.8,13.582370211361834,0.0,7,60.0,20.0
2,92,2,2.8,9.371358646408439,0.0,7,60.0,20.0
2,92,3,3.8,8.513183371598531,0.125,7,60.0,20.0
2,92,4,2.8,10.593769825785994,0.0,7,60.0,20.0
2,92,5,2.8,9.363070688037038,0.0,7,60.0,20.0
2,92,6,2.8,9.988878023965778,0.0,7,60.0,20.0
2,92,7,3.0,10.689342364764768,0.0,7,60.0,20.0
2,92,8,2.8,14.016686203902248,0.0,7,60.0,20.0
2,92,9,2.8,10.362485770785979,0.0,7,60.0,20.0
2,92,10,2.8,11.114233899828685,0.0,7,60.0,20.0
2,92,11,2.8,10.54226332484658,0.0,7,60.0,20.0
2,92,12,2.8,12.087181174595882,0.0,7,60.0,20.0
2,92,13,2.8,12.813839244899142,0.0,7,60.0,20.0
2,92,14,2.8,10.690338178771407,0.0,7,60.0,20.0
2,92,15,2.8,9.628035314195673,0.0,7,60.0,20.0
2,92,16,3.0,10.683666169846987,0.0,7,60.0,20.0
2,92,17,2.8,14.045238660714555,0.0,7,60.0,20.0
2,92,18,2.8,12.316332317449966,0.0,7,60.0,20.0
2,92,19,3.0,9.738350682667026,0.0,7,60.0,20.0
2,92,20,2.8,9.467399631329116,0.0,7,60.0,20.0
2,92,21,3.0,8.041674114277855,0.0,7,60.0,20.0
3,92,1,3.0,9.341575205350006,0.0,7,60.0,20.0
3,92,2,2.8,11.870632075831434,0.0,7,60.0,20.0
3,92,3,3.0,11.418498292771396,0.0,7,60.0,20.0
3,92,4,2.8,9.333235928634204,0.0,7,60.0,20.0
3,92,5,2.8,9.594026800373085,0.0,7,60.0,20.0
3,92,6,2.8,10.568034208038627,0.0,7,60.0,20.0
3,92,7,2.8,9.768040242208059,0.0,7,60.0,20.0
3,92,8,2.8,9.961460184937437,0.0,7,60.0,20.0
3,92,9,2.8,11.820515456122294,0.0,7,60.0,20.0
3,92,10,2.8,13.128866770522608,0.0,7,60.0,20.0
3,92,11,2.8,14.459829246256893,0.0,7,60.0,20.0
3,92,12,3.2,9.876327268653883,0.0,7,60.0,20.0
3,92,13,3.0,10.978613667219232,0.0,7,60.0,20.0
3,92,14,2.8,10.25893660376989,0.0,7,60.0,20.0
3,92,15,2.8,15.089149168433762,0.0,7,60.0,20.0
3,92,16,3.0,10.599870789545962,0.0,7,60.0,20.0
3,92,17,2.8,11.145969242033056,0.0,7,60.0,20.0
3,92,18,3.0,11.639408441800663,0.0,7,60.0,20.0
3,92,19,2.8,12.947733230945097,0.0,7,60.0,20.0
3,92,20,2.8,9.19206516734745,0.0,7,60.0,20.0
3,92,21,2.8,9.705949645443454,0.0,7,60.0,20.0
3,92,22,2.8,10.995028106665718,0.0,7,60.0,20.0
1,93,1,4.0,10.064111969521512,0.0,7,60.0,20.0
1,93,2,3.2,10.127515465282082,0.0,7,60.0,20.0
1,93,3,2.8,15.372398445316893,0.0,7,60.0,20.0
1,93,4,3.0,9.029503766427046,0.0,7,60.0,20.0
1,93,5,3.0,11.851843912583083,0.0,7,60.0,20.0
1,93,6,2.8,9.658166131401407,0.0,7,60.0,20.0
1,93,7,2.8,9.824406366719323,0.0,7,60.0,20.0
1,93,8,2.8,11.455127530334094,0.0,7,60.0,20.0
1,93,9,2.8,16.666312777427176,0.0,7,60.0,20.0
1,93,10,2.8,12.47087943220459,0.0,7,60.0,20.0
1,93,11,2.8,14.269540650358485,0.0,7,60.0,20.0
1,93,12,2.8,13.337283343164927,0.0,7,60.0,20.0
1,93,13,2.8,13.453753366434093,0.0,7,60.0,20.0
1,93,14,2.8,14.335917399007618,0.0,7,60.0,20.0
1,93,15,3.0,12.670573182413921,0.0,7,60.0,20.0
1,93,16,2.8,9.572641593057652,0.0,7,60.0,20.0
1,93,17,2.8,9.657922138265052,0.0,7,60.0,20.0
1,93,18,3.0,8.948352195170028,0.0,7,60.0,20.0
1,93,19,2.8,9.95582586277974,0.0,7,60.0,20.0
1,93,20,2.8,10.375637201892886,0.0,7,60.0,20.0
1,93,21,3.2,9.993202370192513,0.0,7,60.0,20.0
2,93,1,2.8,13.859373335270991,0.0,7,60.0,20.0
2,93,2,2.8,11.418342898398059,0.0,7,60.0,20.0
2,93,3,4.0,8.922885056661412,0.125,7,60.0,20.0
2,93,4,2.8,9.687466946783257,0.0,7,60.0,20.0
2,93,5,2.8,11.135384676235049,0.0,7,60.0,20.0
2,93,6,2.8,11.18756791564968,0.0,7,60.0,20.0
2,93,7,3.6,9.372898709669359,0.125,7,60.0,20.0
2,93,8,2.8,11.877054249503647,0.0,7,60.0,20.0
2,93,9,2.8,13.557759059458746,0.0,7,60.0,20.0
2,93,10,2.8,11.279909414130621,0.0,7,60.0,20.0
2,93,11,2.8,12.118250756155467,0.0,7,60.0,20.0
2,93,12,2.8,13.060595885135339,0.0,7,60.0,20.0
2,93,13,2.8,11.333268780096617,0.0,7,60.0,20.0
2,93,14,2.8,11.077846337069289,0.0,7,60.0,20.0
2,93,15,3.0,9.90206360480244,0.0,7,60.0,20.0
2,93,16,2.8,11.449955258058477,0.0,7,60.0,20.0
2,93,17,2.8,11.433299778567765,0.0,7,60.0,20.0
2,93,18,2.8,12.873186031306597,0.0,7,60.0,20.0
2,93,19,3.0,9.727575417119501,0.0,7,60.0,20.0
2,93,20,2.8,8.270852966497962,0.0,7,60.0,20.0
2,93,21,2.8,10.449083921174045,0.0,7,60.0,20.0
3,93,1,3.0,9.037883767994478,0.0,7,60.0,20.0
3,93,2,2.8,10.99564542380914,0.0,7,60.0,20.0
3,93,3,2.8,12.613467391644177,0.0,7,60.0,20.0
3,93,4,2.8,10.814743463770732,0.0,7,60.0,20.0
3,93,5,2.8,8.801072337667868,0.0,7,60.0,20.0
3,93,6,2.8,9.710600291722985,0.0,7,60.0,20.0
3,93,7,3.0,8.76094365824819,0.0,7,60.0,20.0
3,93,8,2.8,10.176939987672373,0.0,7,60.0,20.0
3,93,9,2.8,13.824369102959473,0.0,7,60.0,20.0
3,93,10,2.8,11.543057108863625,0.0,7,60.0,20.0
3,93,11,2.8,12.74263207706878,0.0,7,60.0,20.0
3,93,12,3.6,7.866145922045996,0.125,7,60.0,20.0
3,93,13,2.8,11.137319149983659,0.0,7,60.0,20.0
3,93,14,2.8,9.079873428041813,0.0,7,60.0,20.0
3,93,15,2.8,14.817601979212988,0.0,7,60.0,20.0
3,93,16,3.0,10.59821731021203,0.0,7,60.0,20.0
3,93,17,2.8,10.293900680703455,0.0,7,60.0,20.0
3,93,18,3.0,11.303402926390335,0.0,7,60.0,20.0
3,93,19,2.8,11.007446236209704,0.0,7,60.0,20.0
3,93,20,2.8,9.912112438121211,0.0,7,60.0,20.0
3,93,21,2.8,10.294754185272378,0.0,7,60.0,20.0
3,93,22,2.6,11.494690687198755,0.0,6,60.0,20.0
1,94,1,4.0,12.155033453770816,0.0,7,60.0,20.0
1,94,2,3.4,9.894015476241304,0.0,7,60.0,20.0
1,94,3,2.8,13.172077655444879,0.0,7,60.0,20.0
1,94,4,3.0,8.432353154250901,0.0,7,60.0,20.0
1,94,5,2.8,12.96864936738885,0.0,7,60.0,20.0
1,94,6,2.8,11.436088506134602,0.0,7,60.0,20.0
1,94,7,2.8,9.776589201969884,0.0,7,60.0,20.0
1,94,8,2.8,10.702377470125933,0.0,7,60.0,20.0
1,94,9,2.8,15.751465358650222,0.0,7,60.0,20.0
1,94,10,2.8,10.93240405556458,0.0,7,60.0,20.0
1,94,11,2.8,15.05377712555207,0.0,7,60.0,20.0
1,94,12,2.8,15.498315946523206,0.0,7,60.0,20.0
1,94,13,2.8,12.250344208913699,0.0,7,60.0,20.0
1,94,14,2.8,12.921830074895233,0.0,7,60.0,20.0
1,94,15,2.8,18.915155391603477,0.0,7,60.0,20.0
1,94,16,2.8,12.401507758134912,0.0,7,60.0,20.0
1,94,17,2.8,12.644709222994116,0.0,7,60.0,20.0
1,94,18,3.2,8.18298693821196,0.0,7,60.0,20.0
1,94,19,2.8,10.260971496432408,0.0,7,60.0,20.0
1,94,20,2.8,10.557415176583946,0.0,7,60.0,20.0
1,94,21,3.0,9.315321519886574,0.0,7,60.0,20.0
1,94,22,2.0,16.214980932322085,0.0,4,60.0,20.0
2,94,1,2.8,13.34527859618452,0.0,7,60.0,20.0
2,94,2,2.8,10.812746403272042,0.0,7,60.0,20.0
2,94,3,3.8,9.403203289872284,0.125,7,60.0,20.0
2,94,4,2.8,9.875354609159055,0.0,7,60.0,20.0
2,94,5,2.8,10.32749005388126,0.0,7,60.0,20.0
2,94,6,2.8,10.649823633774593,0.0,7,60.0,20.0
2,94,7,3.0,11.036542208290829,0.0,7,60.0,20.0
2,94,8,2.8,11.664295131288606,0.0,7,60.0,20.0
2,94,9,2.8,11.491765971326297,0.0,7,60.0,20.0
2,94,10,2.8,13.403832672064691,0.0,7,60.0,20.0
2,94,11,2.8,9.629375006898712,0.0,7,60.0,20.0
2,94,12,2.8,12.689030407894847,0.0,7,60.0,20.0
2,94,13,2.8,12.949490860028842,0.0,7,60.0,20.0
2,94,14,2.8,11.669385462767652,0.0,7,60.0,20.0
2,94,15,2.8,9.319934511384622,0.0,7,60.0,20.0
2,94,16,3.6,8.02851813471825,0.125,7,60.0,20.0
2,94,17,2.8,13.182437089725756,0.0,7,60.0,20.0
2,94,18,2.8,12.537685451107864,0.0,7,60.0,20.0
2,94,19,3.0,11.985525381490014,0.0,7,60.0,20.0
2,94,20,2.8,7.889724659507341,0.0,7,60.0,20.0
2,94,21,3.0,9.684775817644192,0.0,7,60.0,20.0
3,94,1,2.8,8.977571657236037,0.0,7,60.0,20.0
3,94,2,2.8,11.190354305369212,0.0,7,60.0,20.0
3,94,3,2.8,14.131152511039447,0.0,7,60.0,20.0
3,94,4,2.8,8.75538216125259,0.0,7,60.0,20.0
3,94,5,2.8,11.34145019931975,0.0,7,60.0,20.0
3,94,6,2.8,10.586380728161473,0.0,7,60.0,20.0
3,94,7,2.8,11.21866035559599,0.0,7,60.0,20.0
3,94,8,2.8,12.532242627060041,0.0,7,60.0,20.0
3,94,9,2.8,15.2826917915718,0.0,7,60.0,20.0
3,94,10,2.8,11.748749692618677,0.0,7,60.0,20.0
3,94,11,2.8,10.45453020211397,0.0,7,60.0,20.0
3,94,12,3.0,10.556319069145756,0.0,7,60.0,20.0
3,94,13,2.8,8.323410225029384,0.0,7,60.0,20.0
3,94,14,2.8,10.151562707099139,0.0,7,60.0,20.0
3,94,15,2.8,13.25724509614748,0.0,7,60.0,20.0
3,94,16,3.0,10.634826780260534,0.0,7,60.0,20.0
3,94,17,2.8,12.892184957066807,0.0,7,60.0,20.0
3,94,18,2.8,11.60660490350146,0.0,7,60.0,20.0
3,94,19,2.8,13.376760411968068,0.0,7,60.0,20.0
3,94,20,2.8,12.235161654651119,0.0,7,60.0,20.0
3,94,21,2.8,9.140986401759797,0.0,7,60.0,20.0
3,94,22,2.8,9.13647765075033,0.0,7,60.0,20.0
1,95,1,4.0,10.269934668454894,0.0,7,60.0,20.0
1,95,2,2.8,12.194299192057057,0.0,7,60.0,20.0
1,95,3,3.0,12.85391784586528,0.0,7,60.0,20.0
1,95,4,3.0,8.21356405414854,0.0,7,60.0,20.0
1,95,5,2.8,14.251253716581848,0.0,7,60.0,20.0
1,95,6,2.8,10.371979289511941,0.0,7,60.0,20.0
1,95,7,2.8,10.268764041178194,0.0,7,60.0,20.0
1,95,8,2.8,12.050728477415973,0.0,7,60.0,20.0
1,95,9,2.8,17.20798472482816,0.0,7,60.0,20.0
1,95,10,2.8,13.011930164643173,0.0,7,60.0,20.0
1,95,11,2.8,13.95046979215897,0.0,7,60.0,20.0
1,95,12,2.8,18.1117437830453,0.0,7,60.0,20.0
1,95,13,2.8,11.98096332099929,0.0,7,60.0,20.0
1,95,14,2.8,14.020980447208487,0.0,7,60.0,20.0
1,95,15,2.8,12.869736451554381,0.0,7,60.0,20.0
1,95,16,2.8,11.234348317675256,0.0,7,60.0,20.0
1,95,17,2.8,10.665327958298928,0.0,7,60.0,20.0
1,95,18,3.6,7.866052635280807,0.125,7,60.0,20.0
1,95,19,3.0,11.633312594759301,0.0,7,60.0,20.0
1,95,20,2.8,10.015504651817574,0.0,7,60.0,20.0
1,95,21,3.0,10.086955099184303,0.0,7,60.0,20.0
2,95,1,2.8,14.621424471376255,0.0,7,60.0,20.0
2,95,2,2.8,12.314997131147948,0.0,7,60.0,20.0
2,95,3,3.2,11.607207807137971,0.0,7,60.0,20.0
2,95,4,3.2,9.835310425123915,0.0,7,60.0,20.0
2,95,5,2.8,10.679182625184168,0.0,7,60.0,20.0
2,95,6,2.8,10.018053534843249,0.0,7,60.0,20.0
2,95,7,3.0,14.034692051583344,0.0,7,60.0,20.0
2,95,8,2.8,10.616838749929062,0.0,7,60.0,20.0
2,95,9,2.8,11.788773479543165,0.0,7,60.0,20.0
2,95,10,2.8,12.306744051312755,0.0,7,60.0,20.0
2,95,11,2.8,9.249960841795799,0.0,7,60.0,20.0
2,95,12,2.8,13.387792942621006,0.0,7,60.0,20.0
2,95,13,2.8,14.138331947876614,0.0,7,60.0,20.0
2,95,14,2.8,9.490066896412706,0.0,7,60.0,20.0
2,95,15,2.8,9.448106818627464,0.0,7,60.0,20.0
2,95,16,3.0,12.791844883790853,0.0,7,60.0,20.0
2,95,17,2.8,12.463966244393085,0.0,7,60.0,20.0
2,95,18,2.8,11.946815429202553,0.0,7,60.0,20.0
2,95,19,3.0,12.036254704545664,0.0,7,60.0,20.0
2,95,20,2.8,8.923602048163826,0.0,7,60.0,20.0
2,95,21,3.0,7.794212300353126,0.0,7,60.0,20.0
2,95,22,2.0,20.72383312088216,0.0,4,60.0,20.0
3,95,1,2.8,9.537560230460466,0.0,7,60.0,20.0
3,95,2,2.8,10.1503483823759,0.0,7,60.0,20.0
3,95,3,2.8,11.023793216041295,0.0,7,60.0,20.0
3,95,4,2.8,10.201087460302167,0.0,7,60.0,20.0
3,95,5,2.8,9.070713376726745,0.0,7,60.0,20.0
3,95,6,2.8,9.900885348921445,0.0,7,60.0,20.0
3,95,7,2.8,11.712803403671087,0.0,7,60.0,20.0
3,95,8,3.0,11.061234456903632,0.0,7,60.0,20.0
3,95,9,2.8,14.58885272796202,0.0,7,60.0,20.0
3,95,10,2.8,9.755534229939723,0.0,7,60.0,20.0
3,95,11,2.8,13.151401069641576,0.0,7,60.0,20.0
3,95,12,3.8,8.536392280771013,0.125,7,60.0,20.0
3,95,13,2.8,11.514743969366341,0.0,7,60.0,20.0
3,95,14,2.8,9.683672110090779,0.0,7,60.0,20.0
3,95,15,2.8,16.27664294390477,0.0,7,60.0,20.0
3,95,16,3.0,10.008551476833615,0.0,7,60.0,20.0
3,95,17,2.8,11.036939726234477,0.0,7,60.0,20.0
3,95,18,2.8,11.35145780923911,0.0,7,60.0,20.0
3,95,19,2.8,12.396621836126606,0.0,7,60.0,20.0
3,95,20,2.8,10.973182119988781,0.0,7,60.0,20.0
3,95,21,2.8,10.123656681251292,0.0,7,60.0,20.0
3,95,22,2.8,12.080927598246019,0.0,7,60.0,20.0
1,96,1,4.2,8.935487797969863,0.0,7,60.0,20.0
1,96,2,3.2,13.34877930577182,0.0,7,60.0,20.0
1,96,3,2.8,13.774250456603182,0.0,7,60.0,20.0
1,96,4,3.0,8.37376518412478,0.0,7,60.0,20.0
1,96,5,2.8,14.057787884810688,0.0,7,60.0,20.0
1,96,6,2.8,10.800671490514604,0.0,7,60.0,20.0
1,96,7,2.8,9.620506708005918,0.0,7,60.0,20.0
1,96,8,2.8,10.143887638813936,0.0,7,60.0,20.0
1,96,9,2.8,13.198493995860602,0.0,7,60.0,20.0
1,96,10,2.8,13.658022547390617,0.0,7,60.0,20.0
1,96,11,2.8,13.03488442364891,0.0,7,60.0,20.0
1,96,12,2.8,15.618825931293124,0.0,7,60.0,20.0
1,96,13,2.8,13.514096708843336,0.0,7,60.0,20.0
1,96,14,2.8,12.019728173625637,0.0,7,60.0,20.0
1,96,15,2.8,17.59003101756736,0.0,7,60.0,20.0
1,96,16,2.8,9.13157783920827,0.0,7,60.0,20.0
1,96,17,2.8,11.230747530955526,0.0,7,60.0,20.0
1,96,18,3.2,8.353132797623772,0.0,7,60.0,20.0
1,96,19,3.0,10.336282622033298,0.0,7,60.0,20.0
1,96,20,2.8,10.883791384556044,0.0,7,60.0,20.0
1,96,21,3.2,9.300337177934413,0.0,7,60.0,20.0
2,96,1,2.8,12.008915124679989,0.0,7,60.0,20.0
2,96,2,2.8,11.482654545858994,0.0,7,60.0,20.0
2,96,3,3.8,7.584200958682579,0.125,7,60.0,20.0
2,96,4,2.8,11.29828189872151,0.0,7,60.0,20.0
2,96,5,2.8,10.022853732081577,0.0,7,60.0,20.0
2,96,6,2.8,11.710127602105622,0.0,7,60.0,20.0
2,96,7,3.0,12.844400909663682,0.0,7,60.0,20.0
2,96,8,2.8,11.489006415769657,0.0,7,60.0,20.0
2,96,9,2.8,12.10591110909177,0.0,7,60.0,20.0
2,96,10,2.8,12.224996588982364,0.0,7,60.0,20.0
2,96,11,2.8,9.569111733629626,0.0,7,60.0,20.0
2,96,12,2.8,11.85293424508179,0.0,7,60.0,20.0
2,96,13,2.8,12.398233015678706,0.0,7,60.0,20.0
2,96,14,2.8,10.861195896232516,0.0,7,60.0,20.0
2,96,15,2.8,8.938551756771602,0.0,7,60.0,20.0
2,96,16,3.0,11.295316787595699,0.0,7,60.0,20.0
2,96,17,2.8,13.22522878804046,0.0,7,60.0,20.0
2,96,18,2.8,12.833187572376316,0.0,7,60.0,20.0
2,96,19,3.6,7.718949143075387,0.125,7,60.0,20.0
2,96,20,2.8,8.109406008324088,0.0,7,60.0,20.0
2,96,21,3.0,9.563625344823727,0.0,7,60.0,20.0
3,96,1,2.8,9.688645936642661,0.0,7,60.0,20.0
3,96,2,2.8,12.59619477005584,0.0,7,60.0,20.0
3,96,3,2.8,13.330367293876352,0.0,7,60.0,20.0
3,96,4,2.8,12.218654922645815,0.0,7,60.0,20.0
3,96,5,2.8,9.719370345896685,0.0,7,60.0,20.0
3,96,6,2.8,9.696819792169666,0.0,7,60.0,20.0
3,96,7,2.8,9.153490231004028,0.0,7,60.0,20.0
3,96,8,2.8,12.255998422303414,0.0,7,60.0,20.0
3,96,9,2.8,13.06307855564366,0.0,7,60.0,20.0
3,96,10,2.8,11.527316426446315,0.0,7,60.0,20.0
3,96,11,2.8,11.605074804505893,0.0,7,60.0,20.0
3,96,12,3.0,12.321442858420886,0.0,7,60.0,20.0
3,96,13,2.8,10.585006506224767,0.0,7,60.0,20.0
3,96,14,2.8,11.030355856392987,0.0,7,60.0,20.0
3,96,15,2.8,13.733543215317242,0.0,7,60.0,20.0
3,96,16,3.0,9.815587170227204,0.0,7,60.0,20.0
3,96,17,2.8,13.731583369236848,0.0,7,60.0,20.0
3,96,18,2.8,10.981420714583074,0.0,7,60.0,20.0
3,96,19,2.8,14.624172212680273,0.0,7,60.0,20.0
3,96,20,2.8,11.04231007553555,0.0,7,60.0,20.0
3,96,21,2.8,8.901515623082544,0.0,7,60.0,20.0
3,96,22,2.8,8.732104408779445,0.0,7,60.0,20.0
1,97,1,4.2,9.84013649083996,0.0,7,60.0,20.0
1,97,2,3.2,12.465173157677318,0.0,7,60.0,20.0
1,97,3,2.8,12.11298415059927,0.0,7,60.0,20.0
1,97,4,3.0,8.444169266258665,0.0,7,60.0,20.0
1,97,5,2.8,12.108695917265903,0.0,7,60.0,20.0
1,97,6,2.8,11.457832978653574,0.0,7,60.0,20.0
1,97,7,2.8,9.337275817755863,0.0,7,60.0,20.0
1,97,8,2.8,10.759706000111729,0.0,7,60.0,20.0
1,97,9,2.8,13.027295954745986,0.0,7,60.0,20.0
1,97,10,2.8,12.368492922443394,0.0,7,60.0,20.0
1,97,11,2.8,18.872617667595414,0.0,7,60.0,20.0
1,97,12,2.8,13.456414568664268,0.0,7,60.0,20.0
1,97,13,2.8,10.555186274200029,0.0,7,60.0,20.0
1,97,14,2.8,13.118747119065116,0.0,7,60.0,20.0
1,97,15,2.8,15.233321927309051,0.0,7,60.0,20.0
1,97,16,2.8,10.112296593390802,0.0,7,60.0,20.0
1,97,17,2.8,12.888102866462672,0.0,7,60.0,20.0
1,97,18,3.0,8.971036688792973,0.0,7,60.0,20.0
1,97,19,3.0,9.520309856398685,0.0,7,60.0,20.0
1,97,20,2.8,12.612391793668161,0.0,7,60.0,20.0
1,97,21,3.2,8.165208924260918,0.0,7,60.0,20.0
2,97,1,2.8,14.414663556192702,0.0,7,60.0,20.0
2,97,2,2.8,11.027191751091284,0.0,7,60.0,20.0
2,97,3,3.2,11.900817859523025,0.0,7,60.0,20.0
2,97,4,3.0,8.759091400481461,0.0,7,60.0,20.0
2,97,5,2.8,10.696633862372462,0.0,7,60.0,20.0
2,97,6,2.8,10.829838328668867,0.0,7,60.0,20.0
2,97,7,3.0,13.0170263158936,0.0,7,60.0,20.0
2,97,8,2.8,11.019072943535413,0.0,7,60.0,20.0
2,97,9,2.8,11.009506912257587,0.0,7,60.0,20.0
2,97,10,2.8,13.986083462837483,0.0,7,60.0,20.0
2,97,11,2.8,9.022897183501211,0.0,7,60.0,20.0
2,97,12,2.8,16.695833540703433,0.0,7,60.0,20.0
2,97,13,2.8,11.71930933245131,0.0,7,60.0,20.0
2,97,14,2.8,12.600493449742158,0.0,7,60.0,20.0
2,97,15,2.8,9.073378528727421,0.0,7,60.0,20.0
2,97,16,3.6,8.543742437256759,0.125,7,60.0,20.0
2,97,17,2.8,12.804820730693105,0.0,7,60.0,20.0
2,97,18,2.8,11.271319108200396,0.0,7,60.0,20.0
2,97,19,3.0,10.770501389349919,0.0,7,60.0,20.0
2,97,20,2.8,10.093598001296627,0.0,7,60.0,20.0
2,97,21,3.0,9.307692787195535,0.0,7,60.0,20.0
3,97,1,2.8,10.668887751850955,0.0,7,60.0,20.0
3,97,2,2.8,12.194365509440532,0.0,7,60.0,20.0
3,97,3,2.8,13.330367293876083,0.0,7,60.0,20.0
3,97,4,2.8,9.887744244329943,0.0,7,60.0,20.0
3,97,5,2.8,10.6132642549084,0.0,7,60.0,20.0
3,97,6,2.8,9.62055528491783,0.0,7,60.0,20.0
3,97,7,2.8,9.814471502954797,0.0,7,60.0,20.0
3,97,8,2.8,11.67130126233893,0.0,7,60.0,20.0
3,97,9,2.8,13.035237385586683,0.0,7,60.0,20.0
3,97,10,2.8,11.636979773914518,0.0,7,60.0,20.0
3,97,11,2.8,11.410221608756824,0.0,7,60.0,20.0
3,97,12,3.0,10.97297999715225,0.0,7,60.0,20.0
3,97,13,2.8,10.422662847958229,0.0,7,60.0,20.0
3,97,14,2.8,10.28817323100025,0.0,7,60.0,20.0
3,97,15,2.8,13.611288720323278,0.0,7,60.0,20.0
3,97,16,3.0,9.831365212442325,0.0,7,60.0,20.0
3,97,17,2.8,14.01476957127625,0.0,7,60.0,20.0
3,97,18,3.0,10.77885655877033,0.0,7,60.0,20.0
3,97,19,2.8,11.353722206484598,0.0,7,60.0,20.0
3,97,20,2.8,11.376226051066135,0.0,7,60.0,20.0
3,97,21,2.8,9.935051925925011,0.0,7,60.0,20.0
3,97,22,3.0,11.320017903810054,0.0,7,60.0,20.0
1,98,1,4.2,10.81109918910911,0.0,7,60.0,20.0
1,98,2,3.2,12.648319421074905,0.0,7,60.0,20.0
1,98,3,3.0,10.930289351633487,0.0,7,60.0,20.0
1,98,4,3.0,9.003716898629754,0.0,7,60.0,20.0
1,98,5,2.8,11.267778136038878,0.0,7,60.0,20.0
1,98,6,2.8,10.490687106368958,0.0,7,60.0,20.0
1,98,7,2.8,11.300172761081432,0.0,7,60.0,20.0
1,98,8,2.8,9.965950627083792,0.0,7,60.0,20.0
1,98,9,2.8,13.43520387060051,0.0,7,60.0,20.0
1,98,10,2.8,10.059016007139995,0.0,7,60.0,20.0
1,98,11,2.8,12.960682692138777,0.0,7,60.0,20.0
1,98,12,2.8,14.214521971612376,0.0,7,60.0,20.0
1,98,13,2.8,11.13241975876245,0.0,7,60.0,20.0
1,98,14,2.8,12.13158840936648,0.0,7,60.0,20.0
1,98,15,2.8,16.085258661488016,0.0,7,60.0,20.0
1,98,16,2.8,10.292013911130345,0.0,7,60.0,20.0
1,98,17,2.8,10.111690685042275,0.0,7,60.0,20.0
1,98,18,2.8,11.707067012630027,0.0,7,60.0,20.0
1,98,19,3.0,10.480677005969483,0.0,7,60.0,20.0
1,98,20,2.8,11.548842843555702,0.0,7,60.0,20.0
1,98,21,3.0,11.502374763432444,0.0,7,60.0,20.0
1,98,22,2.0,15.050645037143344,0.0,4,60.0,20.0
2,98,1,2.8,14.55184825014205,0.0,7,60.0,20.0
2,98,2,2.8,12.465595965997348,0.0,7,60.0,20.0
2,98,3,4.0,8.489400751188974,0.125,7,60.0,20.0
2,98,4,2.8,11.382135812180211,0.0,7,60.0,20.0
2,98,5,2.8,12.1291182636445,0.0,7,60.0,20.0
2,98,6,2.8,12.094625743392996,0.0,7,60.0,20.0
2,98,7,3.6,8.921709265765873,0.125,7,60.0,20.0
2,98,8,2.8,10.027208949765795,0.0,7,60.0,20.0
2,98,9,2.8,11.45092809946503,0.0,7,60.0,20.0
2,98,10,2.8,11.075642724893955,0.0,7,60.0,20.0
2,98,11,2.8,12.413395305123274,0.0,7,60.0,20.0
2,98,12,2.8,12.348615507546162,0.0,7,60.0,20.0
2,98,13,2.8,10.496882357500217,0.0,7,60.0,20.0
2,98,14,2.8,11.515866657881237,0.0,7,60.0,20.0
2,98,15,3.6,8.338540601320998,0.125,7,60.0,20.0
2,98,16,2.8,12.17306381487354,0.0,7,60.0,20.0
2,98,17,2.8,10.680795165903117,0.0,7,60.0,20.0
2,98,18,3.0,12.230155189961554,0.0,7,60.0,20.0
2,98,19,2.8,9.494218809663131,0.0,7,60.0,20.0
2,98,20,2.8,8.431158971284052,0.0,7,60.0,20.0
2,98,21,3.0,12.023578245614154,0.0,7,60.0,20.0
3,98,1,2.8,9.537560230460535,0.0,7,60.0,20.0
3,98,2,2.8,11.149554850420275,0.0,7,60.0,20.0
3,98,3,2.8,11.500554149390036,0.0,7,60.0,20.0
3,98,4,2.8,10.218130258662354,0.0,7,60.0,20.0
3,98,5,2.8,10.171980923305098,0.0,7,60.0,20.0
3,98,6,2.8,9.821390313618778,0.0,7,60.0,20.0
3,98,7,2.8,10.023572353931232,0.0,7,60.0,20.0
3,98,8,2.8,11.783734634754936,0.0,7,60.0,20.0
3,98,9,2.8,12.92504942415695,0.0,7,60.0,20.0
3,98,10,2.8,11.7037850667158,0.0,7,60.0,20.0
3,98,11,2.8,11.693828749306185,0.0,7,60.0,20.0
3,98,12,3.6,8.869682737437685,0.125,7,60.0,20.0
3,98,13,2.8,11.176718979365386,0.0,7,60.0,20.0
3,98,14,2.8,8.594851951470403,0.0,7,60.0,20.0
3,98,15,2.8,14.508831227509313,0.0,7,60.0,20.0
3,98,16,2.8,11.656091526400909,0.0,7,60.0,20.0
3,98,17,2.8,16.50865628308555,0.0,7,60.0,20.0
3,98,18,2.8,11.182785473892773,0.0,7,60.0,20.0
3,98,19,2.8,13.095598279353796,0.0,7,60.0,20.0
3,98,20,2.8,11.667768879017522,0.0,7,60.0,20.0
3,98,21,2.8,8.697217914310837,0.0,7,60.0,20.0
3,98,22,3.0,11.762656223416661,0.0,7,60.0,20.0
1,99,1,4.0,9.119788471490152,0.0,7,60.0,20.0
1,99,2,3.0,11.027168607437883,0.0,7,60.0,20.0
1,99,3,2.8,15.878640732164472,0.0,7,60.0,20.0
1,99,4,3.0,8.304113077753037,0.0,7,60.0,20.0
1,99,5,2.8,13.986632235081968,0.0,7,60.0,20.0
1,99,6,2.8,10.162087855783225,0.0,7,60.0,20.0
1,99,7,2.8,8.610691491414729,0.0,7,60.0,20.0
1,99,8,2.8,11.433393211678455,0.0,7,60.0,20.0
1,99,9,2.8,12.071662616697836,0.0,7,60.0,20.0
1,99,10,2.8,13.06836690479383,0.0,7,60.0,20.0
1,99,11,2.8,13.245217285864388,0.0,7,60.0,20.0
1,99,12,2.8,14.816382414266851,0.0,7,60.0,20.0
1,99,13,2.8,9.73562223349729,0.0,7,60.0,20.0
1,99,14,2.8,14.528023768172936,0.0,7,60.0,20.0
1,99,15,2.8,12.04645598405476,0.0,7,60.0,20.0
1,99,16,2.8,9.60486658584665,0.0,7,60.0,20.0
1,99,17,2.8,12.373493851020195,0.0,7,60.0,20.0
1,99,18,3.0,7.709387157888294,0.0,7,60.0,20.0
1,99,19,3.0,10.10762588566527,0.0,7,60.0,20.0
1,99,20,2.8,13.907791498736925,0.0,7,60.0,20.0
1,99,21,3.0,12.411269714134322,0.0,7,60.0,20.0
1,99,22,2.5,10.720165325564302,0.0,4,60.0,20.0
2,99,1,3.2,12.75312131404409,0.0,7,60.0,20.0
2,99,2,3.0,10.473762342447268,0.0,7,60.0,20.0
2,99,3,4.4,7.7212242295189,0.125,7,60.0,20.0
2,99,4,2.8,8.72208059927622,0.0,7,60.0,20.0
2,99,5,2.8,10.677401771859373,0.0,7,60.0,20.0
2,99,6,2.8,9.245658223179895,0.0,7,60.0,20.0
2,99,7,3.0,10.502509147817356,0.0,7,60.0,20.0
2,99,8,2.8,14.374538748633027,0.0,7,60.0,20.0
2,99,9,2.8,11.378427233450724,0.0,7,60.0,20.0
2,99,10,2.8,10.355174983506993,0.0,7,60.0,20.0
2,99,11,2.8,19.427106899881696,0.0,7,60.0,20.0
2,99,12,2.8,11.206617692990543,0.0,7,60.0,20.0
2,99,13,2.8,12.73630979423941,0.0,7,60.0,20.0
2,99,14,2.8,12.361674291171164,0.0,7,60.0,20.0
2,99,15,3.0,10.23542394788129,0.0,7,60.0,20.0
2,99,16,2.8,11.262522977315417,0.0,7,60.0,20.0
2,99,17,2.8,11.303865795791763,0.0,7,60.0,20.0
2,99,18,3.0,13.681002761230717,0.0,7,60.0,20.0
2,99,19,3.0,8.986311924758178,0.0,7,60.0,20.0
2,99,20,2.8,7.980130332319577,0.0,7,60.0,20.0
2,99,21,3.0,11.353962810266754,0.0,7,60.0,20.0
3,99,1,2.8,10.687530911977738,0.0,7,60.0,20.0
3,99,2,2.8,11.190354305369116,0.0,7,60.0,20.0
3,99,3,2.8,11.720950603397483,0.0,7,60.0,20.0
3,99,4,2.8,9.745940889103188,0.0,7,60.0,20.0
3,99,5,2.8,9.688577407027703,0.0,7,60.0,20.0
3,99,6,2.8,11.085253120964493,0.0,7,60.0,20.0
3,99,7,2.8,11.056416456217942,0.0,7,60.0,20.0
3,99,8,2.8,10.940581695065609,0.0,7,60.0,20.0
3,99,9,2.8,11.71224330847062,0.0,7,60.0,20.0
3,99,10,2.8,10.929915336598485,0.0,7,60.0,20.0
3,99,11,2.8,10.313496330887034,0.0,7,60.0,20.0
3,99,12,3.6,8.805831187247614,0.125,7,60.0,20.0
3,99,13,2.8,11.035553183956786,0.0,7,60.0,20.0
3,99,14,2.8,8.23606007629559,0.0,7,60.0,20.0
3,99,15,2.8,13.789188693307652,0.0,7,60.0,20.0
3,99,16,3.0,10.521491050999636,0.0,7,60.0,20.0
3,99,17,2.8,14.857642555049262,0.0,7,60.0,20.0
3,99,18,3.0,10.562938669233693,0.0,7,60.0,20.0
3,99,19,2.8,11.888498486169807,0.0,7,60.0,20.0
3,99,20,2.8,8.735918401160601,0.0,7,60.0,20.0
3,99,21,2.8,10.819016470554326,0.0,7,60.0,20.0
3,99,22,2.8,10.947534238098397,0.0,7,60.0,20.0
