session,trial,phrase,click_load,entry_rate,correction_rate,num_chars,num_clocks,win_diff
1,0,1,3.6,10.143514894657555,0.0,7,16.0,13.0
1,0,2,2.8,13.880020293705465,0.0,7,16.0,13.0
1,0,3,2.8,14.006456211076193,0.0,7,16.0,13.0
1,0,4,1.8,15.62008495381553,0.0,7,16.0,13.0
1,0,5,2.0,16.116425926141144,0.0,7,16.0,13.0
1,0,6,1.8,22.98535520645292,0.0,7,16.0,13.0
1,0,7,2.0,13.44704565452255,0.0,7,16.0,13.0
1,0,8,1.8,13.687632791715492,0.0,7,16.0,13.0
1,0,9,1.6,21.08972291269185,0.0,7,16.0,13.0
1,0,10,2.0,19.07999797517672,0.0,7,16.0,13.0
1,0,11,2.0,14.832666271991625,0.0,7,16.0,13.0
1,0,12,1.4,41.564795169062755,0.0,7,16.0,13.0
1,0,13,1.6,25.972677866119543,0.0,7,16.0,13.0
1,0,14,1.6,21.73430180611309,0.0,7,16.0,13.0
1,0,15,1.8,33.055392365130864,0.0,7,16.0,13.0
1,0,16,2.4,15.4110930237626,0.0,7,16.0,13.0
1,0,17,2.4,17.743180346057354,0.0,7,16.0,13.0
1,0,18,2.2,11.543482619936025,0.0,7,16.0,13.0
1,0,19,1.6,38.8539861334097,0.0,7,16.0,13.0
1,0,20,1.8,23.098529155554555,0.0,7,16.0,13.0
1,0,21,1.8,19.854970067462123,0.0,7,16.0,13.0
1,0,22,1.8,24.95928454919858,0.0,7,16.0,13.0
1,0,23,2.6,12.16469149542385,0.0,7,16.0,13.0
1,0,24,2.2,17.348390010142133,0.0,7,16.0,13.0
1,0,25,2.4,10.1727009840168,0.0,7,16.0,13.0
1,0,26,2.8,10.53391718097772,0.125,7,16.0,13.0
1,0,27,2.0,22.416137846826675,0.0,7,16.0,13.0
1,0,28,2.6,10.255054011822905,0.0,7,16.0,13.0
1,0,29,3.0,9.292137320709786,0.2222222222222222,7,16.0,13.0
2,0,1,2.6,13.364237334109447,0.0,7,16.0,13.0
2,0,2,1.8,19.014818279418105,0.0,7,16.0,13.0
2,0,3,2.2,18.18125363963041,0.0,7,16.0,13.0
2,0,4,2.6,11.926961240378015,0.0,7,16.0,13.0
2,0,5,2.2,12.809015723448265,0.0,7,16.0,13.0
2,0,6,2.0,12.988518888466617,0.0,7,16.0,13.0
2,0,7,2.4,13.703706026731574,0.0,7,16.0,13.0
2,0,8,1.8,13.97131309554489,0.0,7,16.0,13.0
2,0,9,2.8,11.704044836140506,0.0,7,16.0,13.0
2,0,10,2.6,9.807642322918975,0.0,7,16.0,13.0
2,0,11,2.2,15.02018747357443,0.0,7,16.0,13.0
2,0,12,2.0,15.643910255300973,0.0,7,16.0,13.0
2,0,13,2.2,14.720726136013376,0.0,7,16.0,13.0
2,0,14,2.0,12.07852786057645,0.0,7,16.0,13.0
2,0,15,2.2,16.371426659854666,0.0,7,16.0,13.0
2,0,16,2.4,13.499380221608426,0.0,7,16.0,13.0
2,0,17,1.6,20.878268296957906,0.0,7,16.0,13.0
2,0,18,2.2,15.01994617955547,0.0,7,16.0,13.0
2,0,19,2.6,9.447978901861022,0.0,7,16.0,13.0
2,0,20,2.0,16.387196011710735,0.0,7,16.0,13.0
2,0,21,2.6,12.145157681913254,0.0,7,16.0,13.0
2,0,22,2.0,16.356225671369188,0.0,7,16.0,13.0
2,0,23,2.2,13.276357068902133,0.0,7,16.0,13.0
2,0,24,2.0,23.099061297568227,0.0,7,16.0,13.0
2,0,25,2.0,12.603573557312576,0.0,7,16.0,13.0
2,0,26,2.0,13.488335234815715,0.0,7,16.0,13.0
2,0,27,2.0,12.990256112451943,0.0,7,16.0,13.0
2,0,28,2.2,14.942540877590652,0.0,7,16.0,13.0
3,0,1,2.2,10.639276489158775,0.0,7,16.0,13.0
3,0,2,2.2,14.25178229523974,0.0,7,16.0,13.0
3,0,3,2.2,14.071855385802246,0.0,7,16.0,13.0
3,0,4,2.2,16.99210422921257,0.0,7,16.0,13.0
3,0,5,2.0,14.106514073304272,0.0,7,16.0,13.0
3,0,6,2.2,10.205558833887785,0.0,7,16.0,13.0
3,0,7,2.4,10.970851020597493,0.0,7,16.0,13.0
3,0,8,2.2,10.689774079614592,0.0,7,16.0,13.0
3,0,9,1.6,20.166083679114596,0.0,7,16.0,13.0
3,0,10,2.0,23.55984827758231,0.0,7,16.0,13.0
3,0,11,2.4,11.655747953185505,0.0,7,16.0,13.0
3,0,12,1.8,22.093031294525296,0.0,7,16.0,13.0
3,0,13,2.2,11.99092466573913,0.0,7,16.0,13.0
3,0,14,1.8,17.01000945437931,0.0,7,16.0,13.0
3,0,15,2.0,14.306366537721118,0.0,7,16.0,13.0
3,0,16,2.0,15.51753117458751,0.0,7,16.0,13.0
3,0,17,2.2,12.133082286689286,0.0,7,16.0,13.0
3,0,18,2.0,28.412341588489014,0.0,7,16.0,13.0
3,0,19,2.4,11.031700162994888,0.0,7,16.0,13.0
3,0,20,2.2,14.574822524177305,0.0,7,16.0,13.0
3,0,21,2.4,12.17782480497678,0.0,7,16.0,13.0
3,0,22,2.2,16.577059765346416,0.0,7,16.0,13.0
3,0,23,2.2,15.954126917509203,0.0,7,16.0,13.0
3,0,24,2.2,14.580126996518427,0.0,7,16.0,13.0
3,0,25,1.6,18.87149526738296,0.0,7,16.0,13.0
3,0,26,2.2,17.552855922435043,0.0,7,16.0,13.0
3,0,27,2.2,11.39192904160239,0.0,7,16.0,13.0
3,0,28,2.4,10.96004970708538,0.0,7,16.0,13.0
3,0,29,2.0,17.1058578343496,0.0,7,16.0,13.0
3,0,30,1.75,15.760260641007806,0.0,4,16.0,13.0
1,1,1,2.8,19.31122961795044,0.0,7,16.0,13.0
1,1,2,2.8,16.4770830309221,0.0,7,16.0,13.0
1,1,3,2.8,12.337882621078997,0.0,7,16.0,13.0
1,1,4,2.0,14.24760942706302,0.0,7,16.0,13.0
1,1,5,2.2,10.640871881025491,0.0,7,16.0,13.0
1,1,6,2.0,22.425537951254288,0.0,7,16.0,13.0
1,1,7,1.8,17.1172735517515,0.0,7,16.0,13.0
1,1,8,1.8,21.417978956417347,0.0,7,16.0,13.0
1,1,9,1.6,16.27411028945665,0.0,7,16.0,13.0
1,1,10,2.2,14.550519059269128,0.0,7,16.0,13.0
1,1,11,1.8,13.982154896598171,0.0,7,16.0,13.0
1,1,12,1.4,28.594842687200135,0.0,7,16.0,13.0
1,1,13,1.8,31.411811495123324,0.0,7,16.0,13.0
1,1,14,2.2,14.167097531563817,0.0,7,16.0,13.0
1,1,15,2.0,24.82904454588212,0.0,7,16.0,13.0
1,1,16,2.0,25.11534036032276,0.0,7,16.0,13.0
1,1,17,2.2,20.27592575432773,0.0,7,16.0,13.0
1,1,18,1.8,15.311498878002187,0.0,7,16.0,13.0
1,1,19,2.2,19.29156834761148,0.0,7,16.0,13.0
1,1,20,1.6,17.667580597001315,0.0,7,16.0,13.0
1,1,21,2.2,16.8771302373931,0.0,7,16.0,13.0
1,1,22,2.2,13.0661473887422,0.0,7,16.0,13.0
1,1,23,2.8,11.96052538544689,0.0,7,16.0,13.0
1,1,24,2.2,11.066546872388804,0.0,7,16.0,13.0
1,1,25,2.2,14.431990373045622,0.0,7,16.0,13.0
1,1,26,2.4,12.787162432704745,0.125,7,16.0,13.0
1,1,27,1.8,23.724907035807835,0.0,7,16.0,13.0
1,1,28,2.4,10.21126298911204,0.0,7,16.0,13.0
1,1,29,2.2,12.469568581205845,0.0,7,16.0,13.0
1,1,30,2.0,15.999718780202187,0.0,4,16.0,13.0
2,1,1,2.8,12.787248348615693,0.0,7,16.0,13.0
2,1,2,2.2,13.749807747646509,0.0,7,16.0,13.0
2,1,3,3.4,10.993154629899095,0.125,7,16.0,13.0
2,1,4,2.2,12.301812540577732,0.0,7,16.0,13.0
2,1,5,1.8,14.254000950868177,0.0,7,16.0,13.0
2,1,6,2.0,16.308322577780288,0.0,7,16.0,13.0
2,1,7,2.0,23.287079310324692,0.0,7,16.0,13.0
2,1,8,2.0,12.89562853495919,0.0,7,16.0,13.0
2,1,9,2.2,17.471998350042185,0.0,7,16.0,13.0
2,1,10,2.4,11.641175519264515,0.0,7,16.0,13.0
2,1,11,2.4,13.955093184089357,0.0,7,16.0,13.0
2,1,12,2.4,12.211594426344586,0.0,7,16.0,13.0
2,1,13,2.0,12.60613578416653,0.0,7,16.0,13.0
2,1,14,1.6,16.770067286277726,0.0,7,16.0,13.0
2,1,15,2.4,13.908719227675219,0.0,7,16.0,13.0
2,1,16,1.8,18.95696884892857,0.0,7,16.0,13.0
2,1,17,2.4,12.099738716957068,0.0,7,16.0,13.0
2,1,18,2.4,11.902072761688293,0.0,7,16.0,13.0
2,1,19,2.2,12.457850794595522,0.0,7,16.0,13.0
2,1,20,2.4,11.714877022933143,0.125,7,16.0,13.0
2,1,21,2.2,13.670764730779,0.0,7,16.0,13.0
2,1,22,2.2,13.56452050882687,0.0,7,16.0,13.0
2,1,23,2.0,17.30051288140201,0.0,7,16.0,13.0
2,1,24,2.0,18.981702238444743,0.0,7,16.0,13.0
2,1,25,2.6,9.36500374308067,0.0,7,16.0,13.0
2,1,26,2.2,10.614752105507824,0.0,7,16.0,13.0
2,1,27,1.6,17.994770857341532,0.0,7,16.0,13.0
2,1,28,2.2,13.527246556864972,0.0,6,16.0,13.0
3,1,1,1.8,15.448294202146295,0.0,7,16.0,13.0
3,1,2,2.0,15.132489315257445,0.0,7,16.0,13.0
3,1,3,2.4,12.38031036556826,0.0,7,16.0,13.0
3,1,4,1.8,22.90657192869319,0.0,7,16.0,13.0
3,1,5,2.6,9.45927709961968,0.0,7,16.0,13.0
3,1,6,2.4,11.084601823241874,0.0,7,16.0,13.0
3,1,7,2.2,11.386191783612446,0.0,7,16.0,13.0
3,1,8,2.0,14.140570544193999,0.0,7,16.0,13.0
3,1,9,2.2,12.354476646400137,0.0,7,16.0,13.0
3,1,10,2.2,16.15668161662478,0.0,7,16.0,13.0
3,1,11,2.6,10.819332837813846,0.0,7,16.0,13.0
3,1,12,1.8,22.06259905827978,0.0,7,16.0,13.0
3,1,13,2.4,11.916058955445994,0.0,7,16.0,13.0
3,1,14,2.2,17.86100187870967,0.0,7,16.0,13.0
3,1,15,2.2,12.222968794711358,0.0,7,16.0,13.0
3,1,16,2.2,13.121267607539682,0.0,7,16.0,13.0
3,1,17,2.4,15.546544665485078,0.0,7,16.0,13.0
3,1,18,2.4,9.171322427185011,0.0,7,16.0,13.0
3,1,19,2.0,20.442191899929895,0.0,7,16.0,13.0
3,1,20,2.0,19.4818866940267,0.0,7,16.0,13.0
3,1,21,2.6,11.935225518825975,0.0,7,16.0,13.0
3,1,22,2.4,13.477901385108488,0.0,7,16.0,13.0
3,1,23,2.2,14.735678454309593,0.0,7,16.0,13.0
3,1,24,2.2,13.60220346092148,0.0,7,16.0,13.0
3,1,25,2.2,15.466617091187135,0.0,7,16.0,13.0
3,1,26,2.4,10.542055255225348,0.0,7,16.0,13.0
3,1,27,2.0,13.671488154174261,0.0,7,16.0,13.0
3,1,28,2.2,13.251838048992237,0.0,7,16.0,13.0
1,2,1,2.8,13.479603279103857,0.0,7,16.0,13.0
1,2,2,2.8,16.432152281432263,0.0,7,16.0,13.0
1,2,3,2.6,13.2926809693518,0.0,7,16.0,13.0
1,2,4,2.0,17.870626728463936,0.0,7,16.0,13.0
1,2,5,2.2,9.61988078495107,0.0,7,16.0,13.0
1,2,6,2.2,20.60617667282778,0.0,7,16.0,13.0
1,2,7,2.0,12.812309654784555,0.0,7,16.0,13.0
1,2,8,1.8,19.084728522220782,0.0,7,16.0,13.0
1,2,9,1.8,12.47116203846334,0.0,7,16.0,13.0
1,2,10,2.0,19.96500062279776,0.0,7,16.0,13.0
1,2,11,2.0,13.876309131073455,0.0,7,16.0,13.0
1,2,12,2.2,15.926461425365858,0.0,7,16.0,13.0
1,2,13,2.2,18.146270195876355,0.0,7,16.0,13.0
1,2,14,2.0,16.595760783486927,0.0,7,16.0,13.0
1,2,15,2.2,16.557376930773444,0.0,7,16.0,13.0
1,2,16,2.2,22.25238196903889,0.0,7,16.0,13.0
1,2,17,2.0,17.790107071874612,0.0,7,16.0,13.0
1,2,18,1.8,19.783257868708315,0.0,7,16.0,13.0
1,2,19,1.6,24.340900093028132,0.0,7,16.0,13.0
1,2,20,2.4,13.80530109847309,0.0,7,16.0,13.0
1,2,21,2.2,15.807810516773122,0.0,7,16.0,13.0
1,2,22,2.4,13.862450595548493,0.0,7,16.0,13.0
1,2,23,1.8,15.165715674173786,0.0,7,16.0,13.0
1,2,24,2.0,12.49249588362338,0.0,7,16.0,13.0
1,2,25,2.2,16.83681975446613,0.0,7,16.0,13.0
1,2,26,2.4,14.597994506804655,0.0,7,16.0,13.0
1,2,27,2.2,14.696165939048578,0.0,7,16.0,13.0
1,2,28,2.2,12.6569195105621,0.0,7,16.0,13.0
1,2,29,2.6,9.339577825333262,0.125,7,16.0,13.0
2,2,1,2.6,14.071422288265289,0.0,7,16.0,13.0
2,2,2,2.0,15.146804822660807,0.0,7,16.0,13.0
2,2,3,3.0,12.44669058273684,0.125,7,16.0,13.0
2,2,4,2.4,10.816494127494241,0.0,7,16.0,13.0
2,2,5,2.2,14.829385688668479,0.0,7,16.0,13.0
2,2,6,2.2,10.544040228520478,0.0,7,16.0,13.0
2,2,7,2.0,15.984014749181618,0.0,7,16.0,13.0
2,2,8,2.8,8.877403887856762,0.0,7,16.0,13.0
2,2,9,3.0,9.230688286664472,0.125,7,16.0,13.0
2,2,10,2.0,14.406574719012916,0.0,7,16.0,13.0
2,2,11,1.8,15.657742892165501,0.0,7,16.0,13.0
2,2,12,1.8,16.30333589459832,0.0,7,16.0,13.0
2,2,13,2.2,13.0061473648119,0.0,7,16.0,13.0
2,2,14,2.6,11.345460590954826,0.0,7,16.0,13.0
2,2,15,2.0,16.0076840125638,0.0,7,16.0,13.0
2,2,16,2.4,13.993321788826089,0.0,7,16.0,13.0
2,2,17,1.8,17.561923710005722,0.0,7,16.0,13.0
2,2,18,2.2,16.213290642439883,0.0,7,16.0,13.0
2,2,19,1.8,16.498697429249994,0.0,7,16.0,13.0
2,2,20,2.4,13.420942720442078,0.0,7,16.0,13.0
2,2,21,2.4,13.397082934328427,0.0,7,16.0,13.0
2,2,22,2.0,15.457449582703243,0.0,7,16.0,13.0
2,2,23,1.8,19.61381389666509,0.0,7,16.0,13.0
2,2,24,2.2,16.101790468182962,0.0,7,16.0,13.0
2,2,25,2.2,12.196218910614492,0.0,7,16.0,13.0
2,2,26,1.8,14.965610115357016,0.0,7,16.0,13.0
2,2,27,2.2,11.05246269475314,0.0,7,16.0,13.0
2,2,28,2.2,13.350085725079945,0.0,6,16.0,13.0
3,2,1,2.8,9.612509443537142,0.0,7,16.0,13.0
3,2,2,2.4,14.113392213252961,0.0,7,16.0,13.0
3,2,3,2.0,15.18307999822256,0.0,7,16.0,13.0
3,2,4,2.6,14.628788826656113,0.0,7,16.0,13.0
3,2,5,2.2,11.362881422258258,0.0,7,16.0,13.0
3,2,6,2.2,13.666860231013922,0.0,7,16.0,13.0
3,2,7,2.0,13.224429719255356,0.0,7,16.0,13.0
3,2,8,2.0,11.753430270969105,0.0,7,16.0,13.0
3,2,9,2.8,14.586071633063307,0.125,7,16.0,13.0
3,2,10,2.0,12.179644469812501,0.0,7,16.0,13.0
3,2,11,2.2,17.278912925727045,0.0,7,16.0,13.0
3,2,12,2.0,14.935362576117043,0.0,7,16.0,13.0
3,2,13,2.0,13.02641377334135,0.0,7,16.0,13.0
3,2,14,2.2,14.988811975607712,0.0,7,16.0,13.0
3,2,15,2.2,12.14970306865532,0.0,7,16.0,13.0
3,2,16,2.4,11.228563463161265,0.0,7,16.0,13.0
3,2,17,2.6,11.25657951905763,0.0,7,16.0,13.0
3,2,18,2.2,13.363260906590945,0.0,7,16.0,13.0
3,2,19,2.2,17.249208200289388,0.0,7,16.0,13.0
3,2,20,2.8,10.330169159513733,0.0,7,16.0,13.0
3,2,21,2.2,19.773940707068924,0.0,7,16.0,13.0
3,2,22,2.6,10.352056251607488,0.0,7,16.0,13.0
3,2,23,2.0,15.265958460204564,0.0,7,16.0,13.0
3,2,24,2.0,20.750240105606945,0.0,7,16.0,13.0
3,2,25,2.0,15.424089148736094,0.0,7,16.0,13.0
3,2,26,2.0,12.452747045451375,0.0,7,16.0,13.0
3,2,27,1.8,13.4712048589301,0.0,7,16.0,13.0
3,2,28,1.8,18.016139141182773,0.0,7,16.0,13.0
1,3,1,2.8,18.946921609407823,0.0,7,16.0,13.0
1,3,2,2.8,15.383438983736845,0.0,7,16.0,13.0
1,3,3,2.6,12.141067362019372,0.0,7,16.0,13.0
1,3,4,2.0,20.07318083997149,0.0,7,16.0,13.0
1,3,5,2.2,9.90448611185395,0.0,7,16.0,13.0
1,3,6,2.2,21.41156898273342,0.0,7,16.0,13.0
1,3,7,2.0,12.704264369077872,0.0,7,16.0,13.0
1,3,8,2.0,14.171707479628482,0.0,7,16.0,13.0
1,3,9,2.0,15.194800973799031,0.0,7,16.0,13.0
1,3,10,2.0,22.010051960382075,0.0,7,16.0,13.0
1,3,11,1.8,16.65183935170417,0.0,7,16.0,13.0
1,3,12,1.8,23.229422927003302,0.0,7,16.0,13.0
1,3,13,1.8,31.175571458835876,0.0,7,16.0,13.0
1,3,14,2.0,13.6313748711225,0.0,7,16.0,13.0
1,3,15,1.8,21.751473886677942,0.0,7,16.0,13.0
1,3,16,2.4,19.63448783398144,0.0,7,16.0,13.0
1,3,17,2.0,17.415358671540773,0.0,7,16.0,13.0
1,3,18,2.0,16.78867192857724,0.0,7,16.0,13.0
1,3,19,1.8,24.57065762521652,0.0,7,16.0,13.0
1,3,20,2.4,12.11533829910915,0.0,7,16.0,13.0
1,3,21,2.4,14.46291148092572,0.0,7,16.0,13.0
1,3,22,1.8,13.12021610390409,0.0,7,16.0,13.0
1,3,23,2.2,13.475102514617975,0.0,7,16.0,13.0
1,3,24,3.0,9.265865732536088,0.125,7,16.0,13.0
1,3,25,2.0,15.992088562471631,0.0,7,16.0,13.0
1,3,26,2.6,15.373094970612433,0.125,7,16.0,13.0
1,3,27,2.0,12.957347379167828,0.0,7,16.0,13.0
1,3,28,1.8,22.066816422108776,0.0,7,16.0,13.0
1,3,29,2.6,13.296204078385403,0.125,7,16.0,13.0
2,3,1,2.2,17.18397092786858,0.0,7,16.0,13.0
2,3,2,2.6,11.146852031967452,0.0,7,16.0,13.0
2,3,3,3.2,11.328423457326315,0.125,7,16.0,13.0
2,3,4,1.6,15.60702620674821,0.0,7,16.0,13.0
2,3,5,2.0,12.858824594499293,0.0,7,16.0,13.0
2,3,6,2.6,9.755431808962943,0.0,7,16.0,13.0
2,3,7,2.8,9.77231621731105,0.0,7,16.0,13.0
2,3,8,1.4,21.85505423995812,0.0,7,16.0,13.0
2,3,9,2.6,13.291138372747312,0.0,7,16.0,13.0
2,3,10,2.4,12.637532836123816,0.0,7,16.0,13.0
2,3,11,2.6,11.134775467219871,0.0,7,16.0,13.0
2,3,12,2.2,16.615667472410433,0.0,7,16.0,13.0
2,3,13,2.2,10.902270379985278,0.0,7,16.0,13.0
2,3,14,2.0,17.920336524629633,0.0,7,16.0,13.0
2,3,15,2.2,16.56743103918155,0.0,7,16.0,13.0
2,3,16,2.4,13.29377008202092,0.0,7,16.0,13.0
2,3,17,2.0,17.596510111517688,0.0,7,16.0,13.0
2,3,18,2.8,8.81305594165167,0.0,7,16.0,13.0
2,3,19,2.8,10.581354999556632,0.0,7,16.0,13.0
2,3,20,2.6,12.611802879531629,0.0,7,16.0,13.0
2,3,21,2.0,15.132455769483302,0.0,7,16.0,13.0
2,3,22,2.0,14.944165175503215,0.0,7,16.0,13.0
2,3,23,2.4,14.887689874943705,0.0,7,16.0,13.0
2,3,24,2.0,15.667979262200909,0.0,7,16.0,13.0
2,3,25,2.0,12.261738296179345,0.0,7,16.0,13.0
2,3,26,1.8,13.510563322986727,0.0,7,16.0,13.0
2,3,27,2.6,10.352035093225679,0.14285714285714285,6,16.0,13.0
3,3,1,2.2,12.588167832104805,0.0,7,16.0,13.0
3,3,2,2.2,14.218650074523838,0.0,7,16.0,13.0
3,3,3,2.4,11.967980492168406,0.0,7,16.0,13.0
3,3,4,2.8,12.095540467565431,0.0,7,16.0,13.0
3,3,5,2.4,10.294976135881875,0.0,7,16.0,13.0
3,3,6,2.2,12.597191998258499,0.0,7,16.0,13.0
3,3,7,2.4,10.145257600498644,0.0,7,16.0,13.0
3,3,8,2.2,10.312036912260997,0.0,7,16.0,13.0
3,3,9,2.8,11.25406424507471,0.125,7,16.0,13.0
3,3,10,2.2,12.933753503326455,0.0,7,16.0,13.0
3,3,11,2.2,15.984356754543608,0.0,7,16.0,13.0
3,3,12,2.2,13.26033782804374,0.0,7,16.0,13.0
3,3,13,1.8,19.95646384884354,0.0,7,16.0,13.0
3,3,14,2.8,9.671778733999929,0.125,7,16.0,13.0
3,3,15,1.8,25.75195975467291,0.0,7,16.0,13.0
3,3,16,2.4,10.624026684245502,0.0,7,16.0,13.0
3,3,17,2.2,12.283393375375951,0.0,7,16.0,13.0
3,3,18,2.2,15.146850444898828,0.0,7,16.0,13.0
3,3,19,2.2,19.980520436625433,0.0,7,16.0,13.0
3,3,20,2.4,11.806332448550224,0.0,7,16.0,13.0
3,3,21,1.6,36.127688103104,0.0,7,16.0,13.0
3,3,22,2.4,12.379300524255028,0.0,7,16.0,13.0
3,3,23,2.4,12.56460450271325,0.0,7,16.0,13.0
3,3,24,1.8,21.35590227201636,0.0,7,16.0,13.0
3,3,25,2.4,11.72613405372061,0.0,7,16.0,13.0
3,3,26,2.4,10.759606443086145,0.0,7,16.0,13.0
3,3,27,1.8,15.695125363777752,0.0,7,16.0,13.0
3,3,28,2.2,13.292252485355318,0.0,6,16.0,13.0
1,4,1,2.8,12.347206654451757,0.0,7,16.0,13.0
1,4,2,2.8,12.88378750165332,0.0,7,16.0,13.0
1,4,3,2.6,13.623244313827804,0.0,7,16.0,13.0
1,4,4,2.0,18.937687651210624,0.0,7,16.0,13.0
1,4,5,2.4,10.953642492415947,0.0,7,16.0,13.0
1,4,6,2.2,16.791415385497423,0.0,7,16.0,13.0
1,4,7,2.0,14.621658948543802,0.0,7,16.0,13.0
1,4,8,1.6,17.326657516352764,0.0,7,16.0,13.0
1,4,9,1.4,19.980326691447637,0.0,7,16.0,13.0
1,4,10,2.4,16.2677220729328,0.0,7,16.0,13.0
1,4,11,2.4,10.910789958860974,0.0,7,16.0,13.0
1,4,12,2.0,19.37866577737583,0.0,7,16.0,13.0
1,4,13,1.8,19.405859242045853,0.0,7,16.0,13.0
1,4,14,2.0,18.355961253413284,0.0,7,16.0,13.0
1,4,15,2.0,19.88483649222242,0.0,7,16.0,13.0
1,4,16,2.4,18.931439094904377,0.0,7,16.0,13.0
1,4,17,2.2,16.933141015944987,0.0,7,16.0,13.0
1,4,18,2.0,20.326335137174063,0.0,7,16.0,13.0
1,4,19,2.0,14.089211780908851,0.0,7,16.0,13.0
1,4,20,1.8,16.352757701790622,0.0,7,16.0,13.0
1,4,21,1.8,19.537475058110342,0.0,7,16.0,13.0
1,4,22,2.2,14.700349366077717,0.0,7,16.0,13.0
1,4,23,2.0,17.17671260306649,0.0,7,16.0,13.0
1,4,24,2.6,10.043228841104415,0.125,7,16.0,13.0
1,4,25,1.8,22.531118169147394,0.0,7,16.0,13.0
1,4,26,2.6,14.566740107527789,0.125,7,16.0,13.0
1,4,27,2.2,14.177527517374621,0.0,7,16.0,13.0
1,4,28,2.2,11.977664562459797,0.0,7,16.0,13.0
1,4,29,2.6,12.393773022738694,0.125,7,16.0,13.0
2,4,1,2.0,24.892248984798872,0.0,7,16.0,13.0
2,4,2,2.4,12.59511081338936,0.0,7,16.0,13.0
2,4,3,2.6,13.552336820650746,0.0,7,16.0,13.0
2,4,4,2.4,12.85512797691393,0.0,7,16.0,13.0
2,4,5,2.4,11.610946398094613,0.0,7,16.0,13.0
2,4,6,2.2,13.718113120674584,0.0,7,16.0,13.0
2,4,7,2.6,10.113978546071031,0.0,7,16.0,13.0
2,4,8,1.6,17.678937489732586,0.0,7,16.0,13.0
2,4,9,2.6,11.589268803188018,0.0,7,16.0,13.0
2,4,10,2.4,14.452994728849657,0.0,7,16.0,13.0
2,4,11,2.2,14.262316140141339,0.0,7,16.0,13.0
2,4,12,2.4,13.358482259743878,0.0,7,16.0,13.0
2,4,13,2.6,8.851844531650082,0.0,7,16.0,13.0
2,4,14,2.2,15.468730744872824,0.0,7,16.0,13.0
2,4,15,2.2,12.310206058607434,0.0,7,16.0,13.0
2,4,16,2.2,16.209594258775216,0.0,7,16.0,13.0
2,4,17,2.2,15.623156091990648,0.0,7,16.0,13.0
2,4,18,2.4,10.891558519245217,0.0,7,16.0,13.0
2,4,19,2.8,10.301031824319518,0.125,7,16.0,13.0
2,4,20,2.2,12.046874295310333,0.0,7,16.0,13.0
2,4,21,2.2,16.862531236124696,0.0,7,16.0,13.0
2,4,22,2.0,15.359278052482908,0.0,7,16.0,13.0
2,4,23,2.0,21.175793150720633,0.0,7,16.0,13.0
2,4,24,2.4,11.973290986980244,0.0,7,16.0,13.0
2,4,25,2.2,11.087346106547047,0.0,7,16.0,13.0
2,4,26,1.8,12.940595210113413,0.0,7,16.0,13.0
2,4,27,2.6,12.627080690153738,0.125,7,16.0,13.0
3,4,1,2.0,15.548586316993369,0.0,7,16.0,13.0
3,4,2,2.0,13.91317265456209,0.0,7,16.0,13.0
3,4,3,2.4,11.767610379631398,0.0,7,16.0,13.0
3,4,4,2.0,19.056820059708627,0.0,7,16.0,13.0
3,4,5,2.0,15.618739428725037,0.0,7,16.0,13.0
3,4,6,1.8,18.55000692681058,0.0,7,16.0,13.0
3,4,7,2.0,15.391293537182474,0.0,7,16.0,13.0
3,4,8,2.0,12.782222027388496,0.0,7,16.0,13.0
3,4,9,2.2,11.456242832822026,0.0,7,16.0,13.0
3,4,10,2.4,15.99742732740481,0.0,7,16.0,13.0
3,4,11,2.6,10.299550350797704,0.0,7,16.0,13.0
3,4,12,2.4,14.845193121561827,0.0,7,16.0,13.0
3,4,13,2.6,9.949641749542213,0.0,7,16.0,13.0
3,4,14,2.2,15.705368913984623,0.0,7,16.0,13.0
3,4,15,1.8,15.168612249996134,0.0,7,16.0,13.0
3,4,16,2.4,12.692737170145447,0.0,7,16.0,13.0
3,4,17,2.6,10.905285254530412,0.0,7,16.0,13.0
3,4,18,2.4,10.65758966839432,0.0,7,16.0,13.0
3,4,19,2.2,16.55637246461744,0.0,7,16.0,13.0
3,4,20,2.2,17.05643407401272,0.0,7,16.0,13.0
3,4,21,2.2,18.389949938777306,0.0,7,16.0,13.0
3,4,22,1.8,19.134716539783657,0.0,7,16.0,13.0
3,4,23,2.4,12.886805208435579,0.0,7,16.0,13.0
3,4,24,2.0,16.369111993942354,0.0,7,16.0,13.0
3,4,25,1.6,31.739169187507194,0.0,7,16.0,13.0
3,4,26,2.4,12.753066226556854,0.0,7,16.0,13.0
3,4,27,2.0,13.26286204488218,0.0,7,16.0,13.0
3,4,28,2.2,11.475546937916082,0.0,7,16.0,13.0
3,4,29,2.2,15.022641525718415,0.0,6,16.0,13.0
1,5,1,2.8,13.979950639706752,0.0,7,16.0,13.0
1,5,2,2.8,15.745192532529508,0.0,7,16.0,13.0
1,5,3,2.6,16.723438144046657,0.0,7,16.0,13.0
1,5,4,2.2,16.11097301431064,0.0,7,16.0,13.0
1,5,5,2.0,12.062081734138692,0.0,7,16.0,13.0
1,5,6,2.2,18.07241200135851,0.0,7,16.0,13.0
1,5,7,2.2,11.173940110310872,0.0,7,16.0,13.0
1,5,8,1.6,27.293103456268028,0.0,7,16.0,13.0
1,5,9,1.6,13.010499444059812,0.0,7,16.0,13.0
1,5,10,2.0,24.340039235853023,0.0,7,16.0,13.0
1,5,11,2.2,12.259221194015327,0.0,7,16.0,13.0
1,5,12,2.0,17.94328557682283,0.0,7,16.0,13.0
1,5,13,2.4,16.618524238465948,0.0,7,16.0,13.0
1,5,14,2.2,16.18030010185549,0.0,7,16.0,13.0
1,5,15,2.2,23.56721450021459,0.0,7,16.0,13.0
1,5,16,1.8,53.5216796479451,0.0,7,16.0,13.0
1,5,17,1.8,21.161561833048097,0.0,7,16.0,13.0
1,5,18,2.0,14.701727672679459,0.0,7,16.0,13.0
1,5,19,2.0,22.272041217172355,0.0,7,16.0,13.0
1,5,20,2.2,16.494754714603893,0.0,7,16.0,13.0
1,5,21,2.6,12.457045113486593,0.0,7,16.0,13.0
1,5,22,2.2,18.302330357666897,0.0,7,16.0,13.0
1,5,23,2.2,11.545973401456916,0.0,7,16.0,13.0
1,5,24,2.2,15.106445204582815,0.0,7,16.0,13.0
1,5,25,2.6,12.354082094320107,0.125,7,16.0,13.0
1,5,26,2.0,20.86391034435259,0.0,7,16.0,13.0
1,5,27,2.0,14.676702908256456,0.0,7,16.0,13.0
1,5,28,2.0,13.825385344149538,0.0,7,16.0,13.0
1,5,29,2.4,12.380654202866582,0.0,6,16.0,13.0
2,5,1,2.4,16.922518425753672,0.0,7,16.0,13.0
2,5,2,2.0,15.031773624189938,0.0,7,16.0,13.0
2,5,3,2.2,17.3557659646262,0.0,7,16.0,13.0
2,5,4,1.8,21.32723351955866,0.0,7,16.0,13.0
2,5,5,2.2,13.407476090765504,0.0,7,16.0,13.0
2,5,6,2.2,10.171381140279259,0.0,7,16.0,13.0
2,5,7,1.8,17.427208064994254,0.0,7,16.0,13.0
2,5,8,2.6,11.261714965648508,0.0,7,16.0,13.0
2,5,9,2.4,12.03887799347395,0.0,7,16.0,13.0
2,5,10,2.6,12.53531485640248,0.0,7,16.0,13.0
2,5,11,2.8,10.434742525923463,0.0,7,16.0,13.0
2,5,12,2.4,12.159285666210316,0.0,7,16.0,13.0
2,5,13,2.0,17.05190620554965,0.0,7,16.0,13.0
2,5,14,1.8,13.56190212934834,0.0,7,16.0,13.0
2,5,15,2.2,18.719565973798968,0.0,7,16.0,13.0
2,5,16,2.6,12.473896302224734,0.0,7,16.0,13.0
2,5,17,1.8,17.746393503760903,0.0,7,16.0,13.0
2,5,18,2.0,20.558265679653093,0.0,7,16.0,13.0
2,5,19,2.0,12.705678591669663,0.0,7,16.0,13.0
2,5,20,2.2,12.95626349743767,0.0,7,16.0,13.0
2,5,21,2.6,12.511542345488095,0.0,7,16.0,13.0
2,5,22,2.2,17.589979932962308,0.0,7,16.0,13.0
2,5,23,1.6,22.24859806025242,0.0,7,16.0,13.0
2,5,24,2.2,15.83124539729446,0.0,7,16.0,13.0
2,5,25,3.0,11.394926078036091,0.2222222222222222,7,16.0,13.0
2,5,26,1.6,13.765464780766724,0.0,7,16.0,13.0
2,5,27,1.4,13.8555804487427,0.0,7,16.0,13.0
2,5,28,2.2,11.821769940535715,0.0,7,16.0,13.0
2,5,29,1.5,35.40109719234812,0.0,4,16.0,13.0
3,5,1,2.0,13.857589332100606,0.0,7,16.0,13.0
3,5,2,2.6,11.433067978627573,0.0,7,16.0,13.0
3,5,3,2.0,16.25158210202406,0.0,7,16.0,13.0
3,5,4,2.2,15.178779922489149,0.0,7,16.0,13.0
3,5,5,2.0,13.080735139973626,0.0,7,16.0,13.0
3,5,6,2.2,12.200683443038702,0.0,7,16.0,13.0
3,5,7,2.2,11.780971758020339,0.0,7,16.0,13.0
3,5,8,2.0,13.338747850743118,0.0,7,16.0,13.0
3,5,9,2.4,10.57702242126426,0.0,7,16.0,13.0
3,5,10,2.8,10.075474069000862,0.125,7,16.0,13.0
3,5,11,2.2,14.011769886041412,0.0,7,16.0,13.0
3,5,12,2.4,12.623369567743017,0.0,7,16.0,13.0
3,5,13,2.2,15.514667877039976,0.0,7,16.0,13.0
3,5,14,1.8,16.85319794756725,0.0,7,16.0,13.0
3,5,15,3.0,10.781435080709793,0.125,7,16.0,13.0
3,5,16,2.8,8.824513164457757,0.125,7,16.0,13.0
3,5,17,2.4,11.506694988237195,0.0,7,16.0,13.0
3,5,18,2.2,13.597779963469739,0.0,7,16.0,13.0
3,5,19,2.4,14.574712514455477,0.0,7,16.0,13.0
3,5,20,1.8,18.203641140233376,0.0,7,16.0,13.0
3,5,21,1.6,33.37955262616577,0.0,7,16.0,13.0
3,5,22,2.0,12.052381721333276,0.0,7,16.0,13.0
3,5,23,2.0,16.235578474656627,0.0,7,16.0,13.0
3,5,24,2.4,13.81691516543593,0.0,7,16.0,13.0
3,5,25,2.2,13.627341427650508,0.0,7,16.0,13.0
3,5,26,2.6,8.515404476169362,0.0,7,16.0,13.0
3,5,27,2.0,14.103344056428105,0.0,7,16.0,13.0
3,5,28,2.4,13.32404072409269,0.0,7,16.0,13.0
1,6,1,2.8,15.215403063649147,0.0,7,16.0,13.0
1,6,2,2.8,14.35719649641056,0.0,7,16.0,13.0
1,6,3,2.8,11.623907751914007,0.0,7,16.0,13.0
1,6,4,2.2,14.330670613813375,0.0,7,16.0,13.0
1,6,5,2.4,9.838920349823415,0.0,7,16.0,13.0
1,6,6,2.0,17.060722645596048,0.0,7,16.0,13.0
1,6,7,2.2,11.033839613775166,0.0,7,16.0,13.0
1,6,8,1.6,17.98674110668307,0.0,7,16.0,13.0
1,6,9,1.6,14.653634502128343,0.0,7,16.0,13.0
1,6,10,1.8,23.492725534324755,0.0,7,16.0,13.0
1,6,11,2.2,13.02386424963065,0.0,7,16.0,13.0
1,6,12,2.2,16.85269442997235,0.0,7,16.0,13.0
1,6,13,1.8,23.219342590323397,0.0,7,16.0,13.0
1,6,14,2.2,15.815004061251845,0.0,7,16.0,13.0
1,6,15,1.8,18.299435399991673,0.0,7,16.0,13.0
1,6,16,2.2,23.13768216573714,0.0,7,16.0,13.0
1,6,17,2.2,15.905857641199312,0.0,7,16.0,13.0
1,6,18,2.0,17.144522409314106,0.0,7,16.0,13.0
1,6,19,2.4,12.933206706264311,0.0,7,16.0,13.0
1,6,20,2.2,16.206322000950863,0.0,7,16.0,13.0
1,6,21,2.2,12.915111459946457,0.0,7,16.0,13.0
1,6,22,1.8,31.447412664659183,0.0,7,16.0,13.0
1,6,23,2.2,12.766564593462116,0.0,7,16.0,13.0
1,6,24,2.6,10.390112854291335,0.0,7,16.0,13.0
1,6,25,2.6,10.52155031762446,0.125,7,16.0,13.0
1,6,26,2.2,20.69340787587101,0.0,7,16.0,13.0
1,6,27,1.8,16.71713719921562,0.0,7,16.0,13.0
1,6,28,2.6,9.372000143538813,0.125,7,16.0,13.0
1,6,29,1.6,23.328965760332977,0.0,5,16.0,13.0
2,6,1,2.0,20.407224330200794,0.0,7,16.0,13.0
2,6,2,1.8,16.418461089386316,0.0,7,16.0,13.0
2,6,3,2.4,12.949474898800242,0.0,7,16.0,13.0
2,6,4,2.8,11.769625780725937,0.125,7,16.0,13.0
2,6,5,2.2,12.260060133506212,0.0,7,16.0,13.0
2,6,6,2.4,11.015224808584177,0.0,7,16.0,13.0
2,6,7,2.6,9.671448652805804,0.0,7,16.0,13.0
2,6,8,2.4,11.12116669161689,0.0,7,16.0,13.0
2,6,9,3.0,9.684038406761976,0.125,7,16.0,13.0
2,6,10,2.2,14.116902539870743,0.0,7,16.0,13.0
2,6,11,2.0,17.28400588732341,0.0,7,16.0,13.0
2,6,12,1.6,20.962818606159278,0.0,7,16.0,13.0
2,6,13,2.6,10.203513405034931,0.125,7,16.0,13.0
2,6,14,3.2,9.824801616698483,0.2222222222222222,7,16.0,13.0
2,6,15,2.2,13.539836349195454,0.0,7,16.0,13.0
2,6,16,2.0,15.906084309930558,0.0,7,16.0,13.0
2,6,17,2.0,18.447058166331036,0.0,7,16.0,13.0
2,6,18,1.8,19.700204146595848,0.0,7,16.0,13.0
2,6,19,2.2,12.15996567528709,0.0,7,16.0,13.0
2,6,20,2.6,11.100855116945963,0.0,7,16.0,13.0
2,6,21,2.2,17.481823264736168,0.0,7,16.0,13.0
2,6,22,2.0,15.125032699536527,0.0,7,16.0,13.0
2,6,23,1.8,19.255108291969016,0.0,7,16.0,13.0
2,6,24,2.4,13.251957524324377,0.0,7,16.0,13.0
2,6,25,2.0,13.04607385342386,0.0,7,16.0,13.0
2,6,26,2.6,8.40007336151201,0.0,7,16.0,13.0
2,6,27,1.8,16.509347182078677,0.0,7,16.0,13.0
2,6,28,1.5,23.05653862862293,0.0,4,16.0,13.0
3,6,1,2.4,11.008655342791672,0.0,7,16.0,13.0
3,6,2,2.2,15.14897625947561,0.0,7,16.0,13.0
3,6,3,2.2,12.828905936373957,0.0,7,16.0,13.0
3,6,4,2.6,11.172429297375333,0.0,7,16.0,13.0
3,6,5,2.2,12.811067455811958,0.0,7,16.0,13.0
3,6,6,2.2,13.180151353894306,0.0,7,16.0,13.0
3,6,7,2.0,12.166571410312892,0.0,7,16.0,13.0
3,6,8,1.8,15.466186417451974,0.0,7,16.0,13.0
3,6,9,2.4,13.646688939335226,0.0,7,16.0,13.0
3,6,10,2.6,11.693342917797663,0.0,7,16.0,13.0
3,6,11,2.2,16.752308967966087,0.0,7,16.0,13.0
3,6,12,2.6,11.84715318598605,0.0,7,16.0,13.0
3,6,13,2.4,13.093813030648631,0.0,7,16.0,13.0
3,6,14,1.8,18.298976465012277,0.0,7,16.0,13.0
3,6,15,2.8,10.585715171729179,0.0,7,16.0,13.0
3,6,16,2.2,10.479338789720469,0.0,7,16.0,13.0
3,6,17,2.4,11.768780525484512,0.0,7,16.0,13.0
3,6,18,2.8,10.351694313755543,0.0,7,16.0,13.0
3,6,19,1.8,27.74962062309224,0.0,7,16.0,13.0
3,6,20,2.6,11.13465212439116,0.0,7,16.0,13.0
3,6,21,1.8,23.069538367707935,0.0,7,16.0,13.0
3,6,22,2.0,14.56269739114782,0.0,7,16.0,13.0
3,6,23,1.6,24.525539250559216,0.0,7,16.0,13.0
3,6,24,2.0,17.237808793629956,0.0,7,16.0,13.0
3,6,25,2.6,11.361078430052967,0.0,7,16.0,13.0
3,6,26,2.0,13.73854218377993,0.0,7,16.0,13.0
3,6,27,2.4,10.467411680919833,0.0,7,16.0,13.0
3,6,28,2.4,12.9584119179118,0.0,7,16.0,13.0
1,7,1,2.8,16.78335540841842,0.0,7,16.0,13.0
1,7,2,2.8,12.667126606375371,0.0,7,16.0,13.0
1,7,3,2.6,15.281522079465185,0.0,7,16.0,13.0
1,7,4,2.0,14.47858062944024,0.0,7,16.0,13.0
1,7,5,2.2,10.620161013835903,0.0,7,16.0,13.0
1,7,6,2.0,28.13867350459333,0.0,7,16.0,13.0
1,7,7,1.6,18.27595620327968,0.0,7,16.0,13.0
1,7,8,2.0,17.498613761845093,0.0,7,16.0,13.0
1,7,9,1.6,23.031709009646132,0.0,7,16.0,13.0
1,7,10,2.2,13.907482922966826,0.0,7,16.0,13.0
1,7,11,2.2,12.267444034397851,0.0,7,16.0,13.0
1,7,12,2.2,17.205157472181067,0.0,7,16.0,13.0
1,7,13,2.2,18.791217382667146,0.0,7,16.0,13.0
1,7,14,1.8,18.422338840420736,0.0,7,16.0,13.0
1,7,15,2.0,22.581109738345795,0.0,7,16.0,13.0
1,7,16,2.4,18.495530995187337,0.0,7,16.0,13.0
1,7,17,1.8,17.517532735944314,0.0,7,16.0,13.0
1,7,18,1.4,23.556205944449935,0.0,7,16.0,13.0
1,7,19,1.6,27.767940649788986,0.0,7,16.0,13.0
1,7,20,1.4,21.661046519414324,0.0,7,16.0,13.0
1,7,21,2.6,14.176172258376978,0.0,7,16.0,13.0
1,7,22,2.0,15.409979718846834,0.0,7,16.0,13.0
1,7,23,2.2,21.735058674776088,0.0,7,16.0,13.0
1,7,24,2.0,16.69584332077352,0.0,7,16.0,13.0
1,7,25,2.6,10.248745271322738,0.0,7,16.0,13.0
1,7,26,2.6,10.746717819752945,0.0,7,16.0,13.0
1,7,27,2.2,17.45636486169534,0.0,7,16.0,13.0
1,7,28,2.0,14.17304658400389,0.0,7,16.0,13.0
1,7,29,2.0,19.445888782031368,0.0,7,16.0,13.0
1,7,30,2.0,13.10870556439963,0.0,5,16.0,13.0
2,7,1,2.2,18.998873413424345,0.0,7,16.0,13.0
2,7,2,2.0,16.670106657436975,0.0,7,16.0,13.0
2,7,3,3.0,10.159112640338178,0.0,7,16.0,13.0
2,7,4,1.8,17.558239540553398,0.0,7,16.0,13.0
2,7,5,2.0,17.668099386706626,0.0,7,16.0,13.0
2,7,6,2.6,9.64778086190766,0.0,7,16.0,13.0
2,7,7,2.0,14.497506607021972,0.0,7,16.0,13.0
2,7,8,1.8,15.50389278073737,0.0,7,16.0,13.0
2,7,9,2.2,13.256338670949825,0.0,7,16.0,13.0
2,7,10,2.6,12.161433111063168,0.0,7,16.0,13.0
2,7,11,2.2,15.5938031380795,0.0,7,16.0,13.0
2,7,12,2.4,13.401757450743958,0.0,7,16.0,13.0
2,7,13,2.2,15.325967817520379,0.0,7,16.0,13.0
2,7,14,2.8,8.810252032600419,0.125,7,16.0,13.0
2,7,15,2.0,23.61003376417096,0.0,7,16.0,13.0
2,7,16,1.8,20.829214292671875,0.0,7,16.0,13.0
2,7,17,1.4,20.23610347651321,0.0,7,16.0,13.0
2,7,18,2.2,14.511131707726005,0.0,7,16.0,13.0
2,7,19,1.8,19.112206275807676,0.0,7,16.0,13.0
2,7,20,2.0,12.043344162235353,0.0,7,16.0,13.0
2,7,21,2.6,12.485787546354894,0.0,7,16.0,13.0
2,7,22,2.6,10.597375477762073,0.0,7,16.0,13.0
2,7,23,1.8,17.24144530043543,0.0,7,16.0,13.0
2,7,24,2.0,15.512388496202082,0.0,7,16.0,13.0
2,7,25,2.0,25.79339825465351,0.125,7,16.0,13.0
2,7,26,2.0,13.448261844581904,0.0,7,16.0,13.0
2,7,27,1.6,14.642307379577856,0.0,7,16.0,13.0
2,7,28,2.0,13.061007405844279,0.0,7,16.0,13.0
2,7,29,1.8,17.210494015746047,0.0,7,16.0,13.0
3,7,1,2.4,11.862742878018395,0.0,7,16.0,13.0
3,7,2,2.6,10.974222143222255,0.0,7,16.0,13.0
3,7,3,2.0,15.524212676894788,0.0,7,16.0,13.0
3,7,4,2.0,22.29643100420257,0.0,7,16.0,13.0
3,7,5,2.2,11.431719588391447,0.0,7,16.0,13.0
3,7,6,2.0,16.167562213875755,0.0,7,16.0,13.0
3,7,7,2.0,11.450944831907087,0.0,7,16.0,13.0
3,7,8,2.0,14.173339463710086,0.0,7,16.0,13.0
3,7,9,2.0,14.019847111226062,0.0,7,16.0,13.0
3,7,10,2.6,15.250374879633382,0.125,7,16.0,13.0
3,7,11,2.4,11.148503039226949,0.0,7,16.0,13.0
3,7,12,2.4,14.155985314529453,0.0,7,16.0,13.0
3,7,13,2.2,12.00325872668296,0.0,7,16.0,13.0
3,7,14,2.0,18.11734672616864,0.0,7,16.0,13.0
3,7,15,2.4,12.200447739144321,0.0,7,16.0,13.0
3,7,16,2.4,11.214066203803482,0.0,7,16.0,13.0
3,7,17,2.0,18.575208072763303,0.0,7,16.0,13.0
3,7,18,2.6,10.298936555772572,0.0,7,16.0,13.0
3,7,19,2.4,16.08298189355291,0.0,7,16.0,13.0
3,7,20,2.4,12.27287297020015,0.0,7,16.0,13.0
3,7,21,2.2,19.088274353839118,0.0,7,16.0,13.0
3,7,22,2.4,12.075408711957264,0.0,7,16.0,13.0
3,7,23,2.2,12.183717090098312,0.0,7,16.0,13.0
3,7,24,2.2,15.897441059702032,0.0,7,16.0,13.0
3,7,25,2.2,15.805633263184315,0.0,7,16.0,13.0
3,7,26,2.4,11.112845863326795,0.0,7,16.0,13.0
3,7,27,2.2,11.10064547805742,0.0,7,16.0,13.0
3,7,28,1.6,25.721066823307233,0.0,7,16.0,13.0
1,8,1,2.8,14.731840464921444,0.0,7,16.0,13.0
1,8,2,2.8,16.70547351586745,0.0,7,16.0,13.0
1,8,3,2.6,15.51763087318933,0.0,7,16.0,13.0
1,8,4,2.2,15.410554157738868,0.0,7,16.0,13.0
1,8,5,2.2,10.156633039517477,0.0,7,16.0,13.0
1,8,6,2.2,24.608536085230856,0.0,7,16.0,13.0
1,8,7,2.0,13.067951890432289,0.0,7,16.0,13.0
1,8,8,1.8,18.08241606655225,0.0,7,16.0,13.0
1,8,9,1.6,16.567177931800593,0.0,7,16.0,13.0
1,8,10,1.8,24.14793518334178,0.0,7,16.0,13.0
1,8,11,2.2,12.888503466551946,0.0,7,16.0,13.0
1,8,12,1.8,21.828991638431095,0.0,7,16.0,13.0
1,8,13,1.8,28.250201944500287,0.0,7,16.0,13.0
1,8,14,2.4,11.997832468002544,0.0,7,16.0,13.0
1,8,15,2.6,16.425236889907797,0.0,7,16.0,13.0
1,8,16,2.4,18.945786035017612,0.0,7,16.0,13.0
1,8,17,2.2,12.638064350391561,0.0,7,16.0,13.0
1,8,18,1.8,31.23333665283692,0.0,7,16.0,13.0
1,8,19,1.8,21.302144963241307,0.0,7,16.0,13.0
1,8,20,1.8,34.335904124464996,0.0,7,16.0,13.0
1,8,21,2.8,9.51550947651394,0.0,7,16.0,13.0
1,8,22,2.0,22.17824619215807,0.0,7,16.0,13.0
1,8,23,2.2,11.911124126861438,0.0,7,16.0,13.0
1,8,24,2.2,13.423854786222105,0.0,7,16.0,13.0
1,8,25,2.2,12.916458331210167,0.0,7,16.0,13.0
1,8,26,2.4,16.239906311451385,0.0,7,16.0,13.0
1,8,27,2.8,9.164032491992954,0.0,7,16.0,13.0
1,8,28,2.6,11.852194288948738,0.125,7,16.0,13.0
2,8,1,2.4,18.679790081742308,0.0,7,16.0,13.0
2,8,2,2.6,11.086066687314986,0.0,7,16.0,13.0
2,8,3,3.0,13.919749912354291,0.125,7,16.0,13.0
2,8,4,2.6,9.539370891371794,0.0,7,16.0,13.0
2,8,5,1.8,16.262770869426546,0.0,7,16.0,13.0
2,8,6,2.4,12.070351407645045,0.0,7,16.0,13.0
2,8,7,2.8,9.217830691476529,0.0,7,16.0,13.0
2,8,8,2.6,11.543650098646847,0.0,7,16.0,13.0
2,8,9,2.4,11.012787078562202,0.0,7,16.0,13.0
2,8,10,2.2,16.994478664041527,0.0,7,16.0,13.0
2,8,11,2.2,13.183884240689625,0.0,7,16.0,13.0
2,8,12,1.8,21.576979511063936,0.0,7,16.0,13.0
2,8,13,2.4,8.27246624190999,0.0,7,16.0,13.0
2,8,14,2.0,20.034646811994882,0.0,7,16.0,13.0
2,8,15,2.4,14.86397815900736,0.0,7,16.0,13.0
2,8,16,1.6,18.20438225885518,0.0,7,16.0,13.0
2,8,17,2.4,13.502032237273552,0.0,7,16.0,13.0
2,8,18,2.0,14.86965753080448,0.0,7,16.0,13.0
2,8,19,2.4,11.028103065333438,0.125,7,16.0,13.0
2,8,20,2.2,15.206533402749754,0.0,7,16.0,13.0
2,8,21,1.8,20.894176685976937,0.0,7,16.0,13.0
2,8,22,1.8,20.61057570361452,0.0,7,16.0,13.0
2,8,23,1.8,20.815890306534083,0.0,7,16.0,13.0
2,8,24,2.4,16.29520382814367,0.0,7,16.0,13.0
2,8,25,1.8,16.14549823820619,0.0,7,16.0,13.0
2,8,26,2.4,8.504455255986565,0.0,7,16.0,13.0
2,8,27,1.8,16.936668184594748,0.0,7,16.0,13.0
3,8,1,2.4,11.932173158411935,0.0,7,16.0,13.0
3,8,2,2.4,14.02628660448607,0.0,7,16.0,13.0
3,8,3,2.0,12.470940477832523,0.0,7,16.0,13.0
3,8,4,2.4,13.878482275508647,0.0,7,16.0,13.0
3,8,5,2.2,12.119929956832845,0.0,7,16.0,13.0
3,8,6,1.8,13.709987488732807,0.0,7,16.0,13.0
3,8,7,2.2,11.465200890691483,0.0,7,16.0,13.0
3,8,8,2.0,11.756237455012023,0.0,7,16.0,13.0
3,8,9,2.2,12.763501624944249,0.0,7,16.0,13.0
3,8,10,2.2,17.274816931111772,0.0,7,16.0,13.0
3,8,11,1.6,16.97096405493901,0.0,7,16.0,13.0
3,8,12,2.0,20.68146318973917,0.0,7,16.0,13.0
3,8,13,2.2,12.304530455750841,0.0,7,16.0,13.0
3,8,14,2.2,15.478022275758022,0.0,7,16.0,13.0
3,8,15,3.0,9.37238420136306,0.125,7,16.0,13.0
3,8,16,2.2,14.319350056629643,0.0,7,16.0,13.0
3,8,17,2.2,15.620971612759183,0.0,7,16.0,13.0
3,8,18,2.4,11.706879340026815,0.0,7,16.0,13.0
3,8,19,2.4,14.747491005494265,0.0,7,16.0,13.0
3,8,20,2.6,14.147446717902305,0.125,7,16.0,13.0
3,8,21,2.2,17.938418853419048,0.0,7,16.0,13.0
3,8,22,2.4,12.685654297085827,0.0,7,16.0,13.0
3,8,23,1.8,22.517813569714562,0.0,7,16.0,13.0
3,8,24,2.0,16.71514459084989,0.0,7,16.0,13.0
3,8,25,1.8,14.275538740366436,0.0,7,16.0,13.0
3,8,26,2.0,18.203414203629222,0.0,7,16.0,13.0
3,8,27,2.2,11.552472460204763,0.0,7,16.0,13.0
3,8,28,1.8,16.02409149855685,0.0,7,16.0,13.0
3,8,29,2.2,14.523227783305325,0.0,7,16.0,13.0
1,9,1,2.8,14.04511796657857,0.0,7,16.0,13.0
1,9,2,2.8,14.60070286783439,0.0,7,16.0,13.0
1,9,3,2.6,13.470972895242982,0.0,7,16.0,13.0
1,9,4,2.0,16.729535457173313,0.0,7,16.0,13.0
1,9,5,2.8,8.610498738050907,0.0,7,16.0,13.0
1,9,6,2.2,15.713491913439817,0.0,7,16.0,13.0
1,9,7,2.4,10.222120617133012,0.0,7,16.0,13.0
1,9,8,1.6,19.374681172715054,0.0,7,16.0,13.0
1,9,9,1.8,15.353465552525991,0.0,7,16.0,13.0
1,9,10,1.8,36.795508677557535,0.0,7,16.0,13.0
1,9,11,2.0,12.539266511544184,0.0,7,16.0,13.0
1,9,12,2.0,21.270578445143574,0.0,7,16.0,13.0
1,9,13,1.6,28.06187420724028,0.0,7,16.0,13.0
1,9,14,1.4,20.282823501466506,0.0,7,16.0,13.0
1,9,15,1.8,35.94835687847915,0.0,7,16.0,13.0
1,9,16,2.0,17.562304555864156,0.0,7,16.0,13.0
1,9,17,2.4,13.98038070437118,0.0,7,16.0,13.0
1,9,18,2.0,18.253680279670434,0.0,7,16.0,13.0
1,9,19,1.4,85.36664923386773,0.0,7,16.0,13.0
1,9,20,1.8,18.23604129900954,0.0,7,16.0,13.0
1,9,21,2.0,15.62421765026734,0.0,7,16.0,13.0
1,9,22,2.6,12.596130851248846,0.0,7,16.0,13.0
1,9,23,2.2,17.24034311015461,0.0,7,16.0,13.0
1,9,24,2.8,8.169671599415908,0.125,7,16.0,13.0
1,9,25,2.2,13.105545266289893,0.0,7,16.0,13.0
1,9,26,2.6,12.035012184334676,0.125,7,16.0,13.0
1,9,27,2.0,21.57766969287362,0.0,7,16.0,13.0
1,9,28,2.0,18.13782305311126,0.0,7,16.0,13.0
1,9,29,2.8,10.01081791725223,0.125,7,16.0,13.0
2,9,1,2.2,18.594544832964086,0.0,7,16.0,13.0
2,9,2,2.2,13.086016362573716,0.0,7,16.0,13.0
2,9,3,2.2,17.40515661223267,0.0,7,16.0,13.0
2,9,4,2.6,12.286352097040567,0.0,7,16.0,13.0
2,9,5,2.0,16.242508337145512,0.0,7,16.0,13.0
2,9,6,2.0,13.931002423668675,0.0,7,16.0,13.0
2,9,7,2.0,13.716296621026178,0.0,7,16.0,13.0
2,9,8,2.0,15.681669360476238,0.0,7,16.0,13.0
2,9,9,2.2,15.063341071581105,0.0,7,16.0,13.0
2,9,10,2.4,14.277788648832443,0.125,7,16.0,13.0
2,9,11,2.0,18.253829745005188,0.0,7,16.0,13.0
2,9,12,2.2,12.778128645034494,0.0,7,16.0,13.0
2,9,13,2.0,15.969010305977244,0.0,7,16.0,13.0
2,9,14,1.8,13.08775777289992,0.0,7,16.0,13.0
2,9,15,2.4,13.732451317730204,0.0,7,16.0,13.0
2,9,16,2.2,14.264079136686734,0.0,7,16.0,13.0
2,9,17,2.0,14.490437087563318,0.0,7,16.0,13.0
2,9,18,2.0,14.935759626484346,0.0,7,16.0,13.0
2,9,19,2.0,14.928836457431181,0.0,7,16.0,13.0
2,9,20,2.6,9.813684507693967,0.0,7,16.0,13.0
2,9,21,2.2,18.225766266153382,0.0,7,16.0,13.0
2,9,22,2.6,11.259073776458898,0.0,7,16.0,13.0
2,9,23,1.8,19.294737413170836,0.0,7,16.0,13.0
2,9,24,1.6,25.393792903796935,0.0,7,16.0,13.0
2,9,25,2.4,13.627196869274313,0.0,7,16.0,13.0
2,9,26,2.2,13.311052086315662,0.0,7,16.0,13.0
2,9,27,2.0,10.90476700558081,0.0,7,16.0,13.0
2,9,28,2.0,12.631831357566137,0.0,7,16.0,13.0
2,9,29,2.2,15.8805170345753,0.16666666666666666,5,16.0,13.0
3,9,1,2.2,12.138468816818998,0.0,7,16.0,13.0
3,9,2,2.2,16.046581847884802,0.0,7,16.0,13.0
3,9,3,2.4,10.025768094726555,0.0,7,16.0,13.0
3,9,4,2.0,19.322186709201585,0.0,7,16.0,13.0
3,9,5,2.2,12.177251406064757,0.0,7,16.0,13.0
3,9,6,2.2,11.375870703169426,0.0,7,16.0,13.0
3,9,7,1.8,14.302926700104363,0.0,7,16.0,13.0
3,9,8,1.8,15.882021497596936,0.0,7,16.0,13.0
3,9,9,2.0,11.038493412507345,0.0,7,16.0,13.0
3,9,10,2.0,19.311236807386262,0.0,7,16.0,13.0
3,9,11,2.0,14.728523881673238,0.0,7,16.0,13.0
3,9,12,2.2,17.9499589744274,0.0,7,16.0,13.0
3,9,13,2.4,12.289353799875464,0.0,7,16.0,13.0
3,9,14,2.0,16.031286345519373,0.0,7,16.0,13.0
3,9,15,2.0,14.043569870006051,0.0,7,16.0,13.0
3,9,16,2.2,12.652382328243633,0.0,7,16.0,13.0
3,9,17,2.2,11.984242816640474,0.0,7,16.0,13.0
3,9,18,2.6,11.416747641718093,0.0,7,16.0,13.0
3,9,19,2.4,10.87019647435014,0.0,7,16.0,13.0
3,9,20,2.0,20.500492473711766,0.0,7,16.0,13.0
3,9,21,2.0,15.092552000095509,0.0,7,16.0,13.0
3,9,22,1.8,22.564371655208607,0.0,7,16.0,13.0
3,9,23,2.2,13.247827032199524,0.0,7,16.0,13.0
3,9,24,2.0,16.41520820278035,0.0,7,16.0,13.0
3,9,25,2.0,15.736500298363369,0.0,7,16.0,13.0
3,9,26,2.6,12.186169707856683,0.0,7,16.0,13.0
3,9,27,2.6,9.149305002436085,0.0,7,16.0,13.0
3,9,28,1.8,16.22107208879247,0.0,7,16.0,13.0
3,9,29,1.6,24.8320915690698,0.0,7,16.0,13.0
3,9,30,1.6,16.238362708183057,0.0,5,16.0,13.0
1,10,1,2.8,15.690825171234707,0.0,7,16.0,13.0
1,10,2,2.8,12.966958479983893,0.0,7,16.0,13.0
1,10,3,2.8,13.438455661578235,0.0,7,16.0,13.0
1,10,4,1.8,19.494105157506898,0.0,7,16.0,13.0
1,10,5,2.8,8.047079634204357,0.0,7,16.0,13.0
1,10,6,2.2,15.084155902011474,0.0,7,16.0,13.0
1,10,7,2.2,12.2819048056783,0.0,7,16.0,13.0
1,10,8,1.8,17.07613850980616,0.0,7,16.0,13.0
1,10,9,2.6,11.042258065995462,0.125,7,16.0,13.0
1,10,10,1.4,27.82077141036068,0.0,7,16.0,13.0
1,10,11,2.0,14.444155167850068,0.0,7,16.0,13.0
1,10,12,2.0,17.99750750313434,0.0,7,16.0,13.0
1,10,13,1.8,15.234082308635323,0.0,7,16.0,13.0
1,10,14,2.4,19.06060273565591,0.0,7,16.0,13.0
1,10,15,1.8,19.052265614828983,0.0,7,16.0,13.0
1,10,16,2.0,21.027942020279106,0.0,7,16.0,13.0
1,10,17,1.8,20.817743361079692,0.0,7,16.0,13.0
1,10,18,2.0,16.22237100354453,0.0,7,16.0,13.0
1,10,19,1.6,21.53095575596666,0.0,7,16.0,13.0
1,10,20,2.0,17.62625926150619,0.0,7,16.0,13.0
1,10,21,1.6,38.90018920516655,0.0,7,16.0,13.0
1,10,22,2.4,11.826667649268586,0.0,7,16.0,13.0
1,10,23,2.0,22.45907627902383,0.0,7,16.0,13.0
1,10,24,1.6,16.275172155747523,0.0,7,16.0,13.0
1,10,25,2.4,11.476250243559546,0.0,7,16.0,13.0
1,10,26,2.8,10.428416383364587,0.125,7,16.0,13.0
1,10,27,2.2,15.088074184546336,0.0,7,16.0,13.0
1,10,28,2.0,17.607842199749953,0.0,7,16.0,13.0
1,10,29,2.6,9.697141275344423,0.0,7,16.0,13.0
2,10,1,2.6,13.817109509524055,0.0,7,16.0,13.0
2,10,2,2.8,10.50631416734448,0.0,7,16.0,13.0
2,10,3,2.6,14.200036100363194,0.0,7,16.0,13.0
2,10,4,2.6,9.480225434540555,0.0,7,16.0,13.0
2,10,5,2.0,13.129428021778642,0.0,7,16.0,13.0
2,10,6,2.2,14.633470864839559,0.0,7,16.0,13.0
2,10,7,2.4,10.930197503638837,0.0,7,16.0,13.0
2,10,8,2.4,13.039910625426828,0.0,7,16.0,13.0
2,10,9,2.2,13.580458319317323,0.0,7,16.0,13.0
2,10,10,2.4,12.634366509416973,0.0,7,16.0,13.0
2,10,11,2.2,17.30296092386155,0.0,7,16.0,13.0
2,10,12,2.2,17.082991873220635,0.0,7,16.0,13.0
2,10,13,2.0,12.518210471332672,0.0,7,16.0,13.0
2,10,14,2.2,15.115110049792383,0.0,7,16.0,13.0
2,10,15,2.2,15.45891500020893,0.0,7,16.0,13.0
2,10,16,2.6,11.948350968811425,0.0,7,16.0,13.0
2,10,17,1.6,22.44555467221276,0.0,7,16.0,13.0
2,10,18,1.8,19.293072080788686,0.0,7,16.0,13.0
2,10,19,2.2,11.266490624355582,0.0,7,16.0,13.0
2,10,20,2.4,16.997261149866972,0.0,7,16.0,13.0
2,10,21,2.2,12.483262073768879,0.0,7,16.0,13.0
2,10,22,2.2,14.030265957647451,0.0,7,16.0,13.0
2,10,23,2.0,14.4495802805156,0.0,7,16.0,13.0
2,10,24,2.2,14.934988316293586,0.0,7,16.0,13.0
2,10,25,1.8,15.787935381855737,0.0,7,16.0,13.0
2,10,26,1.8,12.744824662516761,0.0,7,16.0,13.0
2,10,27,1.8,16.049239380445908,0.0,7,16.0,13.0
2,10,28,2.0,16.617522460182748,0.0,7,16.0,13.0
3,10,1,2.4,11.335094619949077,0.0,7,16.0,13.0
3,10,2,2.4,15.250379582183154,0.0,7,16.0,13.0
3,10,3,2.2,12.709005641467034,0.0,7,16.0,13.0
3,10,4,2.0,23.31643468808733,0.0,7,16.0,13.0
3,10,5,1.8,12.985999464972716,0.0,7,16.0,13.0
3,10,6,2.0,12.64038639703379,0.0,7,16.0,13.0
3,10,7,2.0,13.924735779907376,0.0,7,16.0,13.0
3,10,8,2.4,11.413098483199937,0.0,7,16.0,13.0
3,10,9,2.0,13.924093652977579,0.0,7,16.0,13.0
3,10,10,2.4,15.548550516782807,0.0,7,16.0,13.0
3,10,11,2.4,12.54738921623742,0.0,7,16.0,13.0
3,10,12,1.8,21.56373598331239,0.0,7,16.0,13.0
3,10,13,1.8,17.238278374096378,0.0,7,16.0,13.0
3,10,14,2.4,15.871625855092725,0.0,7,16.0,13.0
3,10,15,2.4,11.406472293888926,0.0,7,16.0,13.0
3,10,16,2.4,12.562384368808214,0.0,7,16.0,13.0
3,10,17,2.4,13.125684634111416,0.0,7,16.0,13.0
3,10,18,2.4,11.31696724583577,0.0,7,16.0,13.0
3,10,19,2.2,14.684500087379128,0.0,7,16.0,13.0
3,10,20,1.8,30.982789607400495,0.0,7,16.0,13.0
3,10,21,2.0,17.96119231876854,0.0,7,16.0,13.0
3,10,22,1.8,24.943263869312915,0.0,7,16.0,13.0
3,10,23,2.4,11.727452388443316,0.0,7,16.0,13.0
3,10,24,2.0,19.294239377444516,0.0,7,16.0,13.0
3,10,25,1.8,20.431887483316753,0.0,7,16.0,13.0
3,10,26,1.8,18.459362143693074,0.0,7,16.0,13.0
3,10,27,2.2,10.485565235192254,0.0,7,16.0,13.0
3,10,28,1.8,18.729494717220284,0.0,7,16.0,13.0
3,10,29,1.8,18.554964539144194,0.0,7,16.0,13.0
3,10,30,1.8,16.05234197878879,0.0,6,16.0,13.0
1,11,1,2.8,17.264187923496596,0.0,7,16.0,13.0
1,11,2,2.8,14.154850294443564,0.0,7,16.0,13.0
1,11,3,2.6,12.677452888615658,0.0,7,16.0,13.0
1,11,4,1.8,27.810903547841043,0.0,7,16.0,13.0
1,11,5,2.0,12.721058338129719,0.0,7,16.0,13.0
1,11,6,2.2,17.310960795835534,0.0,7,16.0,13.0
1,11,7,1.8,20.01951783726814,0.0,7,16.0,13.0
1,11,8,2.0,13.937145794716615,0.0,7,16.0,13.0
1,11,9,1.6,20.178200316272477,0.0,7,16.0,13.0
1,11,10,1.8,17.546799473765446,0.0,7,16.0,13.0
1,11,11,2.2,14.986367764971703,0.0,7,16.0,13.0
1,11,12,2.0,16.721525567852296,0.0,7,16.0,13.0
1,11,13,2.2,17.29697450063996,0.0,7,16.0,13.0
1,11,14,2.2,11.913011459429173,0.0,7,16.0,13.0
1,11,15,1.6,31.875364461101437,0.0,7,16.0,13.0
1,11,16,2.2,16.831883675663548,0.0,7,16.0,13.0
1,11,17,2.0,20.762014865085288,0.0,7,16.0,13.0
1,11,18,1.8,14.255399248090207,0.0,7,16.0,13.0
1,11,19,2.0,18.808783499981875,0.0,7,16.0,13.0
1,11,20,2.0,13.844936001855588,0.0,7,16.0,13.0
1,11,21,2.0,28.737330046090655,0.0,7,16.0,13.0
1,11,22,2.2,13.599539545731066,0.0,7,16.0,13.0
1,11,23,2.0,18.795583993860227,0.0,7,16.0,13.0
1,11,24,2.2,12.531360362356326,0.0,7,16.0,13.0
1,11,25,2.2,13.058542385201937,0.0,7,16.0,13.0
1,11,26,2.6,10.961756993586707,0.0,7,16.0,13.0
1,11,27,1.8,21.012486838811263,0.0,7,16.0,13.0
1,11,28,2.0,13.802658542985778,0.0,7,16.0,13.0
1,11,29,2.6,10.726183389954059,0.0,7,16.0,13.0
1,11,30,1.8,16.656109192464573,0.0,5,16.0,13.0
2,11,1,2.6,15.34214113392056,0.0,7,16.0,13.0
2,11,2,2.0,15.531446131670517,0.0,7,16.0,13.0
2,11,3,3.2,10.104616536802059,0.125,7,16.0,13.0
2,11,4,2.0,14.353615874101965,0.0,7,16.0,13.0
2,11,5,1.8,15.057088526134537,0.0,7,16.0,13.0
2,11,6,2.2,13.189032155771926,0.0,7,16.0,13.0
2,11,7,2.4,12.407650369356094,0.0,7,16.0,13.0
2,11,8,2.0,14.392076764884543,0.0,7,16.0,13.0
2,11,9,2.0,16.750731020718764,0.0,7,16.0,13.0
2,11,10,2.4,10.103190556191933,0.0,7,16.0,13.0
2,11,11,2.0,16.59221102472011,0.0,7,16.0,13.0
2,11,12,2.4,12.844040554287881,0.0,7,16.0,13.0
2,11,13,2.0,15.189437274237598,0.0,7,16.0,13.0
2,11,14,2.2,11.493562254462462,0.0,7,16.0,13.0
2,11,15,2.0,25.140529032206395,0.0,7,16.0,13.0
2,11,16,1.8,16.903686282413805,0.0,7,16.0,13.0
2,11,17,2.0,18.710080140424832,0.0,7,16.0,13.0
2,11,18,1.6,21.89448533525106,0.0,7,16.0,13.0
2,11,19,2.0,16.98960329924797,0.0,7,16.0,13.0
2,11,20,2.2,12.692863094690827,0.0,7,16.0,13.0
2,11,21,2.4,14.266177605876985,0.0,7,16.0,13.0
2,11,22,2.6,11.427365111424704,0.0,7,16.0,13.0
2,11,23,2.0,15.32232866386708,0.0,7,16.0,13.0
2,11,24,2.6,11.657777283486784,0.0,7,16.0,13.0
2,11,25,2.2,14.212882995724772,0.0,7,16.0,13.0
2,11,26,2.4,10.284817938910852,0.0,7,16.0,13.0
2,11,27,2.2,9.47732232979762,0.0,7,16.0,13.0
2,11,28,2.2,14.380408427873778,0.0,7,16.0,13.0
3,11,1,2.8,8.964413237113074,0.0,7,16.0,13.0
3,11,2,1.8,23.16372304920103,0.0,7,16.0,13.0
3,11,3,2.4,10.644908072742776,0.0,7,16.0,13.0
3,11,4,2.6,11.856678434931954,0.0,7,16.0,13.0
3,11,5,2.2,11.57189409306354,0.0,7,16.0,13.0
3,11,6,1.8,17.60203438024191,0.0,7,16.0,13.0
3,11,7,2.2,9.424961361909938,0.0,7,16.0,13.0
3,11,8,1.8,16.07596848092048,0.0,7,16.0,13.0
3,11,9,1.6,22.544789454734612,0.0,7,16.0,13.0
3,11,10,2.0,19.818976720973538,0.0,7,16.0,13.0
3,11,11,1.8,12.912340088087205,0.0,7,16.0,13.0
3,11,12,2.4,16.946857375930445,0.0,7,16.0,13.0
3,11,13,2.4,13.106969806818975,0.0,7,16.0,13.0
3,11,14,1.8,19.098467745656205,0.0,7,16.0,13.0
3,11,15,2.0,14.542400726655295,0.0,7,16.0,13.0
3,11,16,3.0,8.943838206910986,0.125,7,16.0,13.0
3,11,17,2.4,10.1988451521542,0.0,7,16.0,13.0
3,11,18,2.2,12.483971757903788,0.0,7,16.0,13.0
3,11,19,1.8,19.502282990642158,0.0,7,16.0,13.0
3,11,20,2.2,18.230979292565245,0.0,7,16.0,13.0
3,11,21,2.4,13.17218467064848,0.125,7,16.0,13.0
3,11,22,1.6,34.31597073750406,0.0,7,16.0,13.0
3,11,23,2.2,14.156692167566597,0.0,7,16.0,13.0
3,11,24,2.6,13.131887004588076,0.0,7,16.0,13.0
3,11,25,2.2,15.48269816589158,0.0,7,16.0,13.0
3,11,26,2.4,12.366282634645035,0.0,7,16.0,13.0
3,11,27,1.6,19.115191401220905,0.0,7,16.0,13.0
3,11,28,2.0,12.380322547156478,0.0,7,16.0,13.0
3,11,29,2.0,14.71423401002795,0.0,7,16.0,13.0
1,12,1,2.8,15.897802012042169,0.0,7,16.0,13.0
1,12,2,2.8,15.542144952938685,0.0,7,16.0,13.0
1,12,3,2.6,16.360215056899435,0.0,7,16.0,13.0
1,12,4,2.2,14.244833497488827,0.0,7,16.0,13.0
1,12,5,2.2,12.895151216925163,0.0,7,16.0,13.0
1,12,6,2.0,22.9377066058734,0.0,7,16.0,13.0
1,12,7,2.0,14.830338373510232,0.0,7,16.0,13.0
1,12,8,2.2,12.197429228987243,0.0,7,16.0,13.0
1,12,9,2.0,13.686562817865427,0.0,7,16.0,13.0
1,12,10,2.4,13.705199645880361,0.0,7,16.0,13.0
1,12,11,2.2,11.113185035932956,0.0,7,16.0,13.0
1,12,12,2.4,17.92652829748568,0.0,7,16.0,13.0
1,12,13,1.8,16.30726875858243,0.0,7,16.0,13.0
1,12,14,2.6,13.403355300256889,0.0,7,16.0,13.0
1,12,15,2.0,23.662568888626243,0.0,7,16.0,13.0
1,12,16,2.0,21.911393309005863,0.0,7,16.0,13.0
1,12,17,1.6,20.855520893952203,0.0,7,16.0,13.0
1,12,18,2.0,22.295214307604144,0.0,7,16.0,13.0
1,12,19,1.8,16.222288703300656,0.0,7,16.0,13.0
1,12,20,1.8,29.175740997452028,0.0,7,16.0,13.0
1,12,21,2.4,13.324365957561705,0.0,7,16.0,13.0
1,12,22,2.0,18.913569374639767,0.0,7,16.0,13.0
1,12,23,2.0,12.092024294439913,0.0,7,16.0,13.0
1,12,24,2.4,13.94942933051726,0.0,7,16.0,13.0
1,12,25,2.4,9.981995667648635,0.0,7,16.0,13.0
1,12,26,2.2,21.652569504834204,0.0,7,16.0,13.0
1,12,27,2.4,10.24598718098276,0.0,7,16.0,13.0
1,12,28,3.6,7.360846497124119,0.2222222222222222,7,16.0,13.0
2,12,1,2.0,19.31180899316594,0.0,7,16.0,13.0
2,12,2,2.4,12.806086006982536,0.0,7,16.0,13.0
2,12,3,3.4,10.411847927271053,0.125,5,16.0,13.0
2,12,4,2.0,13.897017908161027,0.0,7,16.0,13.0
2,12,5,2.4,12.333907245534824,0.0,7,16.0,13.0
2,12,6,2.0,11.599774973025077,0.0,7,16.0,13.0
2,12,7,2.4,12.591784866583968,0.0,7,16.0,13.0
2,12,8,2.0,14.192378256614594,0.0,7,16.0,13.0
2,12,9,2.4,15.514899861195047,0.125,7,16.0,13.0
2,12,10,2.2,14.232968695522594,0.0,7,16.0,13.0
2,12,11,2.0,16.76785679897484,0.0,7,16.0,13.0
2,12,12,1.6,21.22105916459241,0.0,7,16.0,13.0
2,12,13,1.4,37.83275882145891,0.0,7,16.0,13.0
2,12,14,2.2,10.825085669087514,0.0,7,16.0,13.0
2,12,15,2.4,12.821835092657206,0.0,7,16.0,13.0
2,12,16,2.0,16.746800384728466,0.0,7,16.0,13.0
2,12,17,2.6,12.435392679889528,0.0,7,16.0,13.0
2,12,18,1.8,23.988446891787326,0.0,7,16.0,13.0
2,12,19,2.4,11.25224058091086,0.0,7,16.0,13.0
2,12,20,2.6,11.05663996187985,0.125,7,16.0,13.0
2,12,21,2.4,12.500510768975559,0.0,7,16.0,13.0
2,12,22,2.0,17.805520878634947,0.0,7,16.0,13.0
2,12,23,2.0,13.893109303835159,0.0,7,16.0,13.0
2,12,24,2.0,18.864494640927656,0.0,7,16.0,13.0
2,12,25,1.8,17.303901169250324,0.0,7,16.0,13.0
2,12,26,2.2,11.732714859714992,0.0,7,16.0,13.0
2,12,27,2.2,8.772163039142901,0.0,7,16.0,13.0
2,12,28,2.6,11.5133053049696,0.125,7,16.0,13.0
3,12,1,1.8,16.056638469155985,0.0,7,16.0,13.0
3,12,2,2.0,15.399193226308443,0.0,7,16.0,13.0
3,12,3,2.2,14.348062988963465,0.0,7,16.0,13.0
3,12,4,2.0,18.717766232007655,0.0,7,16.0,13.0
3,12,5,2.0,12.96707181897412,0.0,7,16.0,13.0
3,12,6,1.6,16.843211089786955,0.0,7,16.0,13.0
3,12,7,2.0,14.851769975985604,0.0,7,16.0,13.0
3,12,8,2.4,9.72232012083598,0.0,7,16.0,13.0
3,12,9,2.2,10.704147994155248,0.0,7,16.0,13.0
3,12,10,2.6,14.130933679478762,0.125,7,16.0,13.0
3,12,11,1.8,19.034271338862983,0.0,7,16.0,13.0
3,12,12,2.0,15.902687616879334,0.0,7,16.0,13.0
3,12,13,2.0,18.085641839301594,0.0,7,16.0,13.0
3,12,14,2.0,14.753769804102667,0.0,7,16.0,13.0
3,12,15,1.8,22.988004948666575,0.0,7,16.0,13.0
3,12,16,2.0,13.917158468078426,0.0,7,16.0,13.0
3,12,17,2.0,25.210058166207794,0.0,7,16.0,13.0
3,12,18,2.4,11.302212569792465,0.0,7,16.0,13.0
3,12,19,2.2,13.616100731422506,0.0,7,16.0,13.0
3,12,20,2.2,13.81465380706065,0.0,7,16.0,13.0
3,12,21,2.4,15.27085160226941,0.0,7,16.0,13.0
3,12,22,2.4,11.738354744369577,0.0,7,16.0,13.0
3,12,23,2.2,16.730118872111305,0.0,7,16.0,13.0
3,12,24,2.4,12.699498694212716,0.0,7,16.0,13.0
3,12,25,2.2,12.115989856892298,0.0,7,16.0,13.0
3,12,26,2.2,14.793246395466229,0.0,7,16.0,13.0
3,12,27,2.0,15.158994999569922,0.0,7,16.0,13.0
3,12,28,1.8,13.14492336827068,0.0,7,16.0,13.0
3,12,29,2.6,11.1095598403177,0.125,7,16.0,13.0
3,12,30,1.6,16.456827450936984,0.0,6,16.0,13.0
1,13,1,2.8,17.9320524704898,0.0,7,16.0,13.0
1,13,2,2.8,15.786440359196884,0.0,7,16.0,13.0
1,13,3,2.6,11.384163346705819,0.0,7,16.0,13.0
1,13,4,2.2,12.051271749896118,0.0,7,16.0,13.0
1,13,5,2.2,12.020571587727039,0.0,7,16.0,13.0
1,13,6,2.2,26.678535628792655,0.0,7,16.0,13.0
1,13,7,2.2,11.459476081166853,0.0,7,16.0,13.0
1,13,8,1.8,17.005685633234656,0.0,7,16.0,13.0
1,13,9,1.8,16.84379980857322,0.0,7,16.0,13.0
1,13,10,2.4,13.835226600760688,0.0,7,16.0,13.0
1,13,11,2.0,13.423696194548324,0.0,7,16.0,13.0
1,13,12,1.8,22.355190044900045,0.0,7,16.0,13.0
1,13,13,2.0,18.179588956873708,0.0,7,16.0,13.0
1,13,14,1.8,19.93387289358941,0.0,7,16.0,13.0
1,13,15,2.2,16.6488672416938,0.0,7,16.0,13.0
1,13,16,2.0,22.020042588485413,0.0,7,16.0,13.0
1,13,17,1.6,23.71200996753969,0.0,7,16.0,13.0
1,13,18,2.4,14.302047056443943,0.0,7,16.0,13.0
1,13,19,2.0,18.732696566681955,0.0,7,16.0,13.0
1,13,20,2.4,16.029457094006858,0.0,7,16.0,13.0
1,13,21,1.8,21.09546839450261,0.0,7,16.0,13.0
1,13,22,2.8,11.67028105251606,0.0,7,16.0,13.0
1,13,23,2.0,14.200697553642215,0.0,7,16.0,13.0
1,13,24,2.4,14.48595747887835,0.0,7,16.0,13.0
1,13,25,2.8,9.846462332884208,0.125,7,16.0,13.0
1,13,26,2.0,23.272101406655395,0.0,7,16.0,13.0
1,13,27,2.0,12.194112280350762,0.0,7,16.0,13.0
1,13,28,2.4,12.09373229747689,0.0,7,16.0,13.0
1,13,29,2.0,14.68389903790235,0.0,4,16.0,13.0
2,13,1,2.6,15.189729192188913,0.0,7,16.0,13.0
2,13,2,2.2,14.846474601246749,0.0,7,16.0,13.0
2,13,3,2.4,13.988064407388192,0.0,7,16.0,13.0
2,13,4,2.2,14.075479655743026,0.0,7,16.0,13.0
2,13,5,2.0,15.459921138177963,0.0,7,16.0,13.0
2,13,6,2.0,14.293782580828907,0.0,7,16.0,13.0
2,13,7,2.2,13.986279367088036,0.0,7,16.0,13.0
2,13,8,2.0,13.273412087485575,0.0,7,16.0,13.0
2,13,9,1.8,24.359352437095623,0.0,7,16.0,13.0
2,13,10,2.0,13.792265771259629,0.0,7,16.0,13.0
2,13,11,2.4,14.56289281220123,0.0,7,16.0,13.0
2,13,12,2.2,13.277446769053224,0.0,7,16.0,13.0
2,13,13,2.4,14.42868118730324,0.0,7,16.0,13.0
2,13,14,2.0,12.952326669690896,0.0,7,16.0,13.0
2,13,15,2.0,16.253531007039996,0.0,7,16.0,13.0
2,13,16,2.2,16.088057062000004,0.0,7,16.0,13.0
2,13,17,2.4,15.800893196952273,0.0,7,16.0,13.0
2,13,18,2.0,18.17159954225721,0.0,7,16.0,13.0
2,13,19,1.4,22.11722465312149,0.0,7,16.0,13.0
2,13,20,2.0,14.275647804949786,0.0,7,16.0,13.0
2,13,21,3.0,11.443390937808593,0.125,7,16.0,13.0
2,13,22,1.6,17.710269312405934,0.0,7,16.0,13.0
2,13,23,2.2,15.2771189179747,0.0,7,16.0,13.0
2,13,24,1.8,18.852250593422934,0.0,7,16.0,13.0
2,13,25,2.2,19.31698192569274,0.0,7,16.0,13.0
2,13,26,1.8,15.745228932207688,0.0,7,16.0,13.0
2,13,27,2.4,10.518614966313965,0.0,7,16.0,13.0
2,13,28,2.4,9.759766643626973,0.0,7,16.0,13.0
2,13,29,2.2,13.991425714296408,0.0,6,16.0,13.0
3,13,1,2.4,11.272420738075628,0.0,7,16.0,13.0
3,13,2,2.0,17.603556829842645,0.0,7,16.0,13.0
3,13,3,1.8,17.621126064972135,0.0,7,16.0,13.0
3,13,4,2.8,11.262069926906634,0.0,7,16.0,13.0
3,13,5,2.0,12.439510213717124,0.0,7,16.0,13.0
3,13,6,2.4,11.736796159785998,0.0,7,16.0,13.0
3,13,7,2.4,10.47854819569202,0.0,7,16.0,13.0
3,13,8,2.4,9.985000073438357,0.0,7,16.0,13.0
3,13,9,1.6,31.538067485197008,0.0,7,16.0,13.0
3,13,10,2.0,18.131150509311304,0.0,7,16.0,13.0
3,13,11,1.6,21.735579137818505,0.0,7,16.0,13.0
3,13,12,2.6,14.376188551035705,0.0,7,16.0,13.0
3,13,13,2.4,13.005629835743386,0.0,7,16.0,13.0
3,13,14,1.8,21.59649290269216,0.0,7,16.0,13.0
3,13,15,2.6,10.320680486870895,0.125,7,16.0,13.0
3,13,16,2.2,15.439959162929199,0.0,7,16.0,13.0
3,13,17,2.4,12.173641426987944,0.0,7,16.0,13.0
3,13,18,2.4,9.618439521419852,0.0,7,16.0,13.0
3,13,19,2.4,16.419549780014762,0.0,7,16.0,13.0
3,13,20,1.8,17.810250997239145,0.0,7,16.0,13.0
3,13,21,2.2,15.763720195401152,0.0,7,16.0,13.0
3,13,22,2.6,12.051953569966399,0.0,7,16.0,13.0
3,13,23,2.2,15.250069003422531,0.0,7,16.0,13.0
3,13,24,2.0,17.940941059300687,0.0,7,16.0,13.0
3,13,25,1.8,23.041966300848017,0.0,7,16.0,13.0
3,13,26,2.2,12.695375973036473,0.0,7,16.0,13.0
3,13,27,2.0,13.191284793184394,0.0,7,16.0,13.0
3,13,28,2.4,12.844590435898004,0.0,7,16.0,13.0
3,13,29,1.6,18.55357427120532,0.0,6,16.0,13.0
1,14,1,2.8,14.695913339396846,0.0,7,16.0,13.0
1,14,2,2.8,12.856300431696077,0.0,7,16.0,13.0
1,14,3,2.6,13.874170768030053,0.0,7,16.0,13.0
1,14,4,1.8,22.940687370146655,0.0,7,16.0,13.0
1,14,5,2.6,8.801444482314354,0.0,7,16.0,13.0
1,14,6,2.4,17.727889148454974,0.0,7,16.0,13.0
1,14,7,2.2,11.585382481583867,0.0,7,16.0,13.0
1,14,8,1.4,29.655552172513403,0.0,7,16.0,13.0
1,14,9,2.4,10.354657947279865,0.125,7,16.0,13.0
1,14,10,2.0,17.11071031403433,0.0,7,16.0,13.0
1,14,11,1.8,13.446013680901695,0.0,7,16.0,13.0
1,14,12,2.4,14.537477614550392,0.125,7,16.0,13.0
1,14,13,1.6,17.81484074102441,0.0,7,16.0,13.0
1,14,14,2.0,25.147808989252574,0.0,7,16.0,13.0
1,14,15,1.4,25.68529285230942,0.0,7,16.0,13.0
1,14,16,1.8,23.288168146401997,0.0,7,16.0,13.0
1,14,17,2.2,13.453243125725056,0.0,7,16.0,13.0
1,14,18,2.2,13.979662279989883,0.0,7,16.0,13.0
1,14,19,1.8,25.266993759780917,0.0,7,16.0,13.0
1,14,20,1.8,15.653155773305173,0.0,7,16.0,13.0
1,14,21,1.6,24.117469681200273,0.0,7,16.0,13.0
1,14,22,2.2,12.928469230357134,0.0,7,16.0,13.0
1,14,23,2.4,12.969876987122497,0.0,7,16.0,13.0
1,14,24,2.8,10.16311932460839,0.125,7,16.0,13.0
1,14,25,1.8,18.494331350742314,0.0,7,16.0,13.0
1,14,26,2.2,11.710869072345576,0.125,7,16.0,13.0
1,14,27,2.0,20.928224180778944,0.0,7,16.0,13.0
1,14,28,1.8,15.673593569380502,0.0,7,16.0,13.0
1,14,29,2.6,10.2139173330489,0.0,7,16.0,13.0
1,14,30,2.0,18.88247559905642,0.0,4,16.0,13.0
2,14,1,2.0,22.932261423927137,0.0,7,16.0,13.0
2,14,2,2.2,14.286399838408608,0.0,7,16.0,13.0
2,14,3,2.4,14.22737689735609,0.0,7,16.0,13.0
2,14,4,2.8,10.831276425594554,0.125,7,16.0,13.0
2,14,5,2.2,13.724082805412978,0.0,7,16.0,13.0
2,14,6,2.2,14.133873341712277,0.0,7,16.0,13.0
2,14,7,2.4,10.385119033882539,0.0,7,16.0,13.0
2,14,8,2.0,14.668206689763686,0.0,7,16.0,13.0
2,14,9,2.6,11.835972506548496,0.0,7,16.0,13.0
2,14,10,2.4,13.148051737957953,0.0,7,16.0,13.0
2,14,11,2.2,14.99670877270857,0.0,7,16.0,13.0
2,14,12,2.2,15.920982945654114,0.0,7,16.0,13.0
2,14,13,2.4,12.160753055384955,0.0,7,16.0,13.0
2,14,14,2.2,12.681184794644276,0.0,7,16.0,13.0
2,14,15,2.0,14.820986377682146,0.0,7,16.0,13.0
2,14,16,2.0,13.376524649762064,0.0,7,16.0,13.0
2,14,17,2.0,15.062369602902827,0.0,7,16.0,13.0
2,14,18,2.2,12.45416595852294,0.0,7,16.0,13.0
2,14,19,2.0,14.829462158838956,0.0,7,16.0,13.0
2,14,20,2.0,16.29985036561375,0.0,7,16.0,13.0
2,14,21,2.4,14.583557118662295,0.0,7,16.0,13.0
2,14,22,2.6,11.17580983621041,0.0,7,16.0,13.0
2,14,23,1.8,16.28593794651781,0.0,7,16.0,13.0
2,14,24,2.2,14.946986391594296,0.0,7,16.0,13.0
2,14,25,2.2,11.201944722668864,0.0,7,16.0,13.0
2,14,26,1.8,12.368239871866045,0.0,7,16.0,13.0
2,14,27,2.4,9.187963793273864,0.0,7,16.0,13.0
2,14,28,2.2,13.896058769895555,0.0,7,16.0,13.0
3,14,1,2.2,12.11442575684984,0.0,7,16.0,13.0
3,14,2,2.2,13.320594966911289,0.0,7,16.0,13.0
3,14,3,2.4,11.452545686686076,0.0,7,16.0,13.0
3,14,4,2.4,13.91004638587928,0.0,7,16.0,13.0
3,14,5,2.0,13.140380089529758,0.0,7,16.0,13.0
3,14,6,2.0,15.053371936537932,0.0,7,16.0,13.0
3,14,7,2.2,10.118478089819911,0.0,7,16.0,13.0
3,14,8,2.4,10.293305417885769,0.0,7,16.0,13.0
3,14,9,2.2,14.087942133194066,0.0,7,16.0,13.0
3,14,10,2.2,15.039045102115452,0.0,7,16.0,13.0
3,14,11,1.8,20.716697075152826,0.0,7,16.0,13.0
3,14,12,2.0,17.033201351716205,0.0,7,16.0,13.0
3,14,13,2.0,15.725252725014059,0.0,7,16.0,13.0
3,14,14,2.0,17.000032326838955,0.0,7,16.0,13.0
3,14,15,3.0,9.241061770247764,0.125,7,16.0,13.0
3,14,16,2.2,13.398375857287908,0.0,7,16.0,13.0
3,14,17,2.2,16.639177598560316,0.0,7,16.0,13.0
3,14,18,2.0,15.138041529587557,0.0,7,16.0,13.0
3,14,19,2.4,13.123526595361085,0.0,7,16.0,13.0
3,14,20,1.8,34.475692501366176,0.0,7,16.0,13.0
3,14,21,2.4,12.688062882538723,0.0,7,16.0,13.0
3,14,22,2.0,22.130465560800765,0.0,7,16.0,13.0
3,14,23,2.4,12.4907359530228,0.0,7,16.0,13.0
3,14,24,2.0,15.558421378662612,0.0,7,16.0,13.0
3,14,25,2.4,13.471761212483539,0.0,7,16.0,13.0
3,14,26,2.2,13.538435627239954,0.0,7,16.0,13.0
3,14,27,2.4,10.012881690940029,0.0,7,16.0,13.0
3,14,28,2.2,15.245515738545617,0.0,7,16.0,13.0
3,14,29,1.4,17.859488510318496,0.0,5,16.0,13.0
1,15,1,2.8,13.013833588277778,0.0,7,16.0,13.0
1,15,2,2.8,12.50935345244027,0.0,7,16.0,13.0
1,15,3,2.8,12.86467354229916,0.0,7,16.0,13.0
1,15,4,2.0,13.604304011836327,0.0,7,16.0,13.0
1,15,5,2.2,10.295453704547105,0.0,7,16.0,13.0
1,15,6,2.2,22.328916786566523,0.0,7,16.0,13.0
1,15,7,2.0,13.817037317208177,0.0,7,16.0,13.0
1,15,8,2.2,13.627825840856683,0.0,7,16.0,13.0
1,15,9,1.6,15.230597405295178,0.0,7,16.0,13.0
1,15,10,2.4,13.434256359059752,0.0,7,16.0,13.0
1,15,11,2.0,14.115461470554411,0.0,7,16.0,13.0
1,15,12,2.0,21.012316181546165,0.0,7,16.0,13.0
1,15,13,2.2,11.900826233414339,0.0,7,16.0,13.0
1,15,14,2.0,22.59471607449224,0.0,7,16.0,13.0
1,15,15,2.2,16.52399845924283,0.0,7,16.0,13.0
1,15,16,2.8,13.776154043006507,0.0,7,16.0,13.0
1,15,17,2.0,15.453962375615102,0.0,7,16.0,13.0
1,15,18,1.6,50.94243847761408,0.0,7,16.0,13.0
1,15,19,2.2,13.971849200791745,0.0,7,16.0,13.0
1,15,20,2.2,19.662636434731198,0.0,7,16.0,13.0
1,15,21,1.8,17.008008696970897,0.0,7,16.0,13.0
1,15,22,1.8,20.65128268667907,0.0,7,16.0,13.0
1,15,23,2.2,11.524778759837856,0.0,7,16.0,13.0
1,15,24,2.2,22.116906402321828,0.125,7,16.0,13.0
1,15,25,1.6,16.71838385456666,0.0,7,16.0,13.0
1,15,26,2.2,17.413794346963858,0.0,7,16.0,13.0
1,15,27,1.8,17.9519757452735,0.0,7,16.0,13.0
1,15,28,2.2,12.908674018600268,0.0,7,16.0,13.0
1,15,29,2.8,8.956602161940156,0.125,7,16.0,13.0
2,15,1,2.2,15.293360179360468,0.0,7,16.0,13.0
2,15,2,2.0,18.65287392294566,0.0,7,16.0,13.0
2,15,3,2.4,14.194357922263068,0.0,7,16.0,13.0
2,15,4,2.6,11.834647125009067,0.125,7,16.0,13.0
2,15,5,2.6,9.637318491844672,0.0,7,16.0,13.0
2,15,6,2.4,10.422141920522618,0.0,7,16.0,13.0
2,15,7,2.0,15.18726029473591,0.0,7,16.0,13.0
2,15,8,2.4,10.806762069022394,0.0,7,16.0,13.0
2,15,9,2.6,13.922168298649936,0.125,7,16.0,13.0
2,15,10,1.8,17.926596745565284,0.0,7,16.0,13.0
2,15,11,1.8,22.007771075691416,0.0,7,16.0,13.0
2,15,12,2.2,12.586972205896851,0.0,7,16.0,13.0
2,15,13,1.6,27.922576315235965,0.0,7,16.0,13.0
2,15,14,2.4,9.093193310436067,0.0,7,16.0,13.0
2,15,15,2.6,13.350537707581031,0.0,7,16.0,13.0
2,15,16,1.6,26.341387382474792,0.0,7,16.0,13.0
2,15,17,2.0,13.945831839970229,0.0,7,16.0,13.0
2,15,18,2.0,18.95023853669903,0.0,7,16.0,13.0
2,15,19,2.2,11.77165915001059,0.0,7,16.0,13.0
2,15,20,2.0,13.282716148938995,0.0,7,16.0,13.0
2,15,21,2.6,10.5276223760813,0.0,7,16.0,13.0
2,15,22,2.0,18.64195977366834,0.0,7,16.0,13.0
2,15,23,2.2,12.711647217354411,0.0,7,16.0,13.0
2,15,24,1.8,20.687988600899185,0.0,7,16.0,13.0
2,15,25,2.4,16.072805988599153,0.125,7,16.0,13.0
2,15,26,2.2,12.032790841807065,0.0,7,16.0,13.0
2,15,27,2.0,10.130591420919597,0.0,7,16.0,13.0
2,15,28,2.0,12.94083544815419,0.0,7,16.0,13.0
2,15,29,1.75,21.003876580383828,0.0,4,16.0,13.0
3,15,1,2.4,11.61493361597639,0.0,7,16.0,13.0
3,15,2,2.2,16.02204175549882,0.0,7,16.0,13.0
3,15,3,2.0,14.481512291192962,0.0,7,16.0,13.0
3,15,4,2.4,15.947002496615013,0.0,7,16.0,13.0
3,15,5,2.0,11.147199591737346,0.0,7,16.0,13.0
3,15,6,2.2,11.067102314571338,0.0,7,16.0,13.0
3,15,7,1.8,17.90363126129613,0.0,7,16.0,13.0
3,15,8,2.4,9.943580350174315,0.0,7,16.0,13.0
3,15,9,2.2,12.684091939806809,0.0,7,16.0,13.0
3,15,10,2.4,14.7810954678846,0.0,7,16.0,13.0
3,15,11,2.8,9.552798110233828,0.0,7,16.0,13.0
3,15,12,2.4,13.815130966122675,0.0,7,16.0,13.0
3,15,13,2.0,13.485982473610797,0.0,7,16.0,13.0
3,15,14,2.0,17.43193931994686,0.0,7,16.0,13.0
3,15,15,3.0,10.594965767689517,0.125,7,16.0,13.0
3,15,16,2.2,11.324060366439513,0.0,7,16.0,13.0
3,15,17,2.4,13.818169426695672,0.0,7,16.0,13.0
3,15,18,1.8,16.38091465798411,0.0,7,16.0,13.0
3,15,19,2.0,19.82693020788664,0.0,7,16.0,13.0
3,15,20,3.0,9.793195647652366,0.125,7,16.0,13.0
3,15,21,2.0,21.103855737290456,0.0,7,16.0,13.0
3,15,22,2.2,13.903039723655585,0.0,7,16.0,13.0
3,15,23,1.8,27.98811859202368,0.0,7,16.0,13.0
3,15,24,2.4,12.684045871003224,0.0,7,16.0,13.0
3,15,25,2.4,15.008921487960663,0.0,7,16.0,13.0
3,15,26,2.0,11.259965372216397,0.0,7,16.0,13.0
3,15,27,1.8,16.91945417057933,0.0,7,16.0,13.0
3,15,28,2.2,14.193107654251882,0.0,7,16.0,13.0
1,16,1,2.8,13.851413507610737,0.0,7,16.0,13.0
1,16,2,2.8,16.89279569141537,0.0,7,16.0,13.0
1,16,3,2.6,14.508862565077575,0.0,7,16.0,13.0
1,16,4,2.6,10.00506045926032,0.0,7,16.0,13.0
1,16,5,2.2,12.43116912062864,0.0,7,16.0,13.0
1,16,6,2.2,16.221069358825282,0.0,7,16.0,13.0
1,16,7,1.8,14.678664389486308,0.0,7,16.0,13.0
1,16,8,1.6,19.343438102538276,0.0,7,16.0,13.0
1,16,9,1.6,14.888899984955824,0.0,7,16.0,13.0
1,16,10,1.8,23.766972239843287,0.0,7,16.0,13.0
1,16,11,2.2,11.826161202814356,0.0,7,16.0,13.0
1,16,12,1.8,31.54060880407083,0.0,7,16.0,13.0
1,16,13,2.0,20.216510877215036,0.0,7,16.0,13.0
1,16,14,2.2,14.573423110224429,0.0,7,16.0,13.0
1,16,15,2.0,20.096039955203675,0.0,7,16.0,13.0
1,16,16,2.0,30.641081273587105,0.0,7,16.0,13.0
1,16,17,2.6,12.076187719208274,0.0,7,16.0,13.0
1,16,18,2.2,14.167361483043935,0.0,7,16.0,13.0
1,16,19,1.4,30.479690366840455,0.0,7,16.0,13.0
1,16,20,2.2,16.972387344144273,0.0,7,16.0,13.0
1,16,21,2.4,12.668829838879496,0.0,7,16.0,13.0
1,16,22,2.4,14.056466034740094,0.0,7,16.0,13.0
1,16,23,2.2,13.360995012218918,0.0,7,16.0,13.0
1,16,24,2.6,9.47522722240758,0.125,7,16.0,13.0
1,16,25,2.8,10.38971612393992,0.125,7,16.0,13.0
1,16,26,2.4,17.24320816134026,0.0,7,16.0,13.0
1,16,27,2.2,12.587165149655169,0.0,7,16.0,13.0
1,16,28,2.2,12.908661193388028,0.0,7,16.0,13.0
2,16,1,2.4,15.58568985348973,0.0,7,16.0,13.0
2,16,2,2.0,14.706473462040307,0.0,7,16.0,13.0
2,16,3,2.2,16.647170337948186,0.0,7,16.0,13.0
2,16,4,2.8,10.250387747398408,0.0,7,16.0,13.0
2,16,5,2.8,10.876354193764799,0.0,7,16.0,13.0
2,16,6,2.0,13.583465254761407,0.0,7,16.0,13.0
2,16,7,2.2,14.376238992477685,0.0,7,16.0,13.0
2,16,8,2.2,11.779111561879311,0.0,7,16.0,13.0
2,16,9,2.6,13.087986428559505,0.125,7,16.0,13.0
2,16,10,2.0,16.77411881493885,0.0,7,16.0,13.0
2,16,11,2.4,11.232942726911753,0.0,7,16.0,13.0
2,16,12,2.2,15.398264378420881,0.0,7,16.0,13.0
2,16,13,3.0,8.855847806850706,0.125,7,16.0,13.0
2,16,14,1.8,22.847032312613486,0.0,7,16.0,13.0
2,16,15,2.0,16.938685788754306,0.0,7,16.0,13.0
2,16,16,2.4,13.866419878695401,0.0,7,16.0,13.0
2,16,17,2.8,10.089433290631973,0.0,7,16.0,13.0
2,16,18,2.0,12.575061209011443,0.0,7,16.0,13.0
2,16,19,2.2,13.151278848040912,0.0,7,16.0,13.0
2,16,20,2.6,10.457802145175796,0.0,7,16.0,13.0
2,16,21,2.2,19.31173483184295,0.0,7,16.0,13.0
2,16,22,1.8,20.250838509241223,0.0,7,16.0,13.0
2,16,23,2.0,19.652500305479215,0.0,7,16.0,13.0
2,16,24,2.2,14.544227632996616,0.0,7,16.0,13.0
2,16,25,1.8,13.318432304475746,0.0,7,16.0,13.0
2,16,26,1.8,12.863090290012652,0.0,7,16.0,13.0
2,16,27,2.4,12.025151444821047,0.125,7,16.0,13.0
3,16,1,2.0,13.889058371781227,0.0,7,16.0,13.0
3,16,2,1.8,15.856158848604586,0.0,7,16.0,13.0
3,16,3,2.2,12.868784680553789,0.0,7,16.0,13.0
3,16,4,2.0,19.80898478831562,0.0,7,16.0,13.0
3,16,5,2.2,13.523401650101968,0.0,7,16.0,13.0
3,16,6,2.4,10.443492614300425,0.0,7,16.0,13.0
3,16,7,2.4,11.6256042839405,0.0,7,16.0,13.0
3,16,8,2.2,11.517583759344857,0.0,7,16.0,13.0
3,16,9,2.2,11.582400940473406,0.0,7,16.0,13.0
3,16,10,2.2,18.44701754325658,0.0,7,16.0,13.0
3,16,11,1.8,19.04868548679372,0.0,7,16.0,13.0
3,16,12,2.2,21.77728117892354,0.0,7,16.0,13.0
3,16,13,2.6,10.809311217739475,0.0,7,16.0,13.0
3,16,14,2.2,15.515100681171656,0.0,7,16.0,13.0
3,16,15,3.0,8.966175019634955,0.125,7,16.0,13.0
3,16,16,2.4,10.968631390876947,0.0,7,16.0,13.0
3,16,17,2.4,13.07536736091075,0.0,7,16.0,13.0
3,16,18,2.2,13.513904633683666,0.0,7,16.0,13.0
3,16,19,2.4,15.587764217260583,0.0,7,16.0,13.0
3,16,20,2.6,10.764281622127635,0.0,7,16.0,13.0
3,16,21,1.8,31.403796498809072,0.0,7,16.0,13.0
3,16,22,2.6,10.683302552295752,0.0,7,16.0,13.0
3,16,23,2.0,16.89573620925533,0.0,7,16.0,13.0
3,16,24,2.4,13.858701221164486,0.0,7,16.0,13.0
3,16,25,2.4,12.218059614395768,0.0,7,16.0,13.0
3,16,26,1.8,13.606611332234053,0.0,7,16.0,13.0
3,16,27,2.4,10.479630055286458,0.0,7,16.0,13.0
3,16,28,2.2,14.319215357381388,0.0,7,16.0,13.0
1,17,1,2.8,14.55394024666227,0.0,7,16.0,13.0
1,17,2,2.8,13.550107764360037,0.0,7,16.0,13.0
1,17,3,2.6,15.398671461787425,0.0,7,16.0,13.0
1,17,4,2.0,20.764875479873453,0.0,7,16.0,13.0
1,17,5,2.4,10.02434723242729,0.0,7,16.0,13.0
1,17,6,2.2,21.454443637140077,0.0,7,16.0,13.0
1,17,7,2.0,11.977073326815692,0.0,7,16.0,13.0
1,17,8,1.8,15.362586488714573,0.0,7,16.0,13.0
1,17,9,2.2,14.948718999952755,0.0,7,16.0,13.0
1,17,10,2.2,15.177826440185328,0.0,7,16.0,13.0
1,17,11,2.2,13.336177941681154,0.0,7,16.0,13.0
1,17,12,1.8,28.993652890534083,0.0,7,16.0,13.0
1,17,13,2.0,14.261154753902483,0.0,7,16.0,13.0
1,17,14,2.2,22.526692400183794,0.0,7,16.0,13.0
1,17,15,2.2,17.688058655248778,0.0,7,16.0,13.0
1,17,16,1.8,23.372717259122332,0.0,7,16.0,13.0
1,17,17,2.2,13.278578713056138,0.0,7,16.0,13.0
1,17,18,2.0,22.67630921253284,0.0,7,16.0,13.0
1,17,19,2.2,11.891858942449803,0.0,7,16.0,13.0
1,17,20,2.0,22.017440873922844,0.0,7,16.0,13.0
1,17,21,2.2,13.09706285596265,0.0,7,16.0,13.0
1,17,22,2.0,18.85439210638459,0.0,7,16.0,13.0
1,17,23,2.4,11.63337755095678,0.0,7,16.0,13.0
1,17,24,2.0,18.352809727328896,0.0,7,16.0,13.0
1,17,25,2.2,12.711509113645256,0.0,7,16.0,13.0
1,17,26,2.2,14.899154793838415,0.0,7,16.0,13.0
1,17,27,2.0,13.433426257994094,0.0,7,16.0,13.0
1,17,28,2.6,9.259338862932074,0.125,7,16.0,13.0
1,17,29,1.8,16.748696927650137,0.0,6,16.0,13.0
2,17,1,2.4,16.969470663002838,0.0,7,16.0,13.0
2,17,2,1.8,17.810869340443027,0.0,7,16.0,13.0
2,17,3,2.8,11.58831851167469,0.0,7,16.0,13.0
2,17,4,2.4,12.189024497246232,0.0,7,16.0,13.0
2,17,5,2.0,15.779001277148964,0.0,7,16.0,13.0
2,17,6,2.0,11.265928164017435,0.0,7,16.0,13.0
2,17,7,2.2,14.115394819193655,0.0,7,16.0,13.0
2,17,8,2.2,12.086001303068262,0.0,7,16.0,13.0
2,17,9,1.8,22.015256034018268,0.0,7,16.0,13.0
2,17,10,2.8,10.438709664351407,0.0,7,16.0,13.0
2,17,11,2.2,13.506904506403774,0.0,7,16.0,13.0
2,17,12,2.4,12.252249577664104,0.0,7,16.0,13.0
2,17,13,2.0,16.36830884219939,0.0,7,16.0,13.0
2,17,14,2.2,11.602581275065333,0.0,7,16.0,13.0
2,17,15,2.4,15.1026463657039,0.0,7,16.0,13.0
2,17,16,1.8,21.161565279662966,0.0,7,16.0,13.0
2,17,17,2.0,14.54437661231756,0.0,7,16.0,13.0
2,17,18,2.2,14.946806897800116,0.0,7,16.0,13.0
2,17,19,2.2,11.499698826186371,0.0,7,16.0,13.0
2,17,20,2.6,10.505127036117246,0.125,7,16.0,13.0
2,17,21,1.8,23.700460666289956,0.0,7,16.0,13.0
2,17,22,2.2,15.764081911786858,0.0,7,16.0,13.0
2,17,23,1.8,18.20903553149587,0.0,7,16.0,13.0
2,17,24,2.2,14.623395853033939,0.0,7,16.0,13.0
2,17,25,2.2,14.551024717140223,0.0,7,16.0,13.0
2,17,26,2.0,12.561727786326651,0.0,7,16.0,13.0
2,17,27,2.6,8.056728454102062,0.0,7,16.0,13.0
2,17,28,2.4,15.845271742663138,0.125,7,16.0,13.0
3,17,1,2.0,13.46109726585545,0.0,7,16.0,13.0
3,17,2,2.0,14.646158494529987,0.0,7,16.0,13.0
3,17,3,2.2,14.419604083531466,0.0,7,16.0,13.0
3,17,4,2.0,19.96153199782216,0.0,7,16.0,13.0
3,17,5,2.0,13.565170112039969,0.0,7,16.0,13.0
3,17,6,1.8,14.652048548958678,0.0,7,16.0,13.0
3,17,7,2.2,13.309957662822207,0.0,7,16.0,13.0
3,17,8,2.2,11.148902187004525,0.0,7,16.0,13.0
3,17,9,1.6,18.043798496459114,0.0,7,16.0,13.0
3,17,10,1.6,21.125235618294422,0.0,7,16.0,13.0
3,17,11,2.4,12.774391934494613,0.125,7,16.0,13.0
3,17,12,2.0,14.189903315083283,0.0,7,16.0,13.0
3,17,13,1.6,41.4693659887912,0.0,7,16.0,13.0
3,17,14,2.0,13.182899291858725,0.0,7,16.0,13.0
3,17,15,1.8,21.122100240117284,0.0,7,16.0,13.0
3,17,16,2.2,14.887539085020105,0.0,7,16.0,13.0
3,17,17,2.8,10.512932653481956,0.0,7,16.0,13.0
3,17,18,2.8,9.391796550421503,0.0,7,16.0,13.0
3,17,19,2.2,11.78676285333836,0.0,7,16.0,13.0
3,17,20,2.4,13.151746593971602,0.0,7,16.0,13.0
3,17,21,1.8,27.500078435345,0.0,7,16.0,13.0
3,17,22,2.2,13.06579064208719,0.0,7,16.0,13.0
3,17,23,2.0,21.15263370767769,0.0,7,16.0,13.0
3,17,24,2.4,11.691590022886718,0.0,7,16.0,13.0
3,17,25,1.6,20.741904619398753,0.0,7,16.0,13.0
3,17,26,2.2,13.160775684556848,0.0,7,16.0,13.0
3,17,27,1.6,23.660457181476204,0.0,7,16.0,13.0
3,17,28,2.0,10.459531987192232,0.0,7,16.0,13.0
3,17,29,2.0,15.516066846519413,0.0,7,16.0,13.0
3,17,30,2.4,13.221532452586926,0.0,7,16.0,13.0
1,18,1,2.8,17.06858624426287,0.0,7,16.0,13.0
1,18,2,2.8,13.958128442952217,0.0,7,16.0,13.0
1,18,3,2.6,14.50886256507757,0.0,7,16.0,13.0
1,18,4,2.0,17.97725244883928,0.0,7,16.0,13.0
1,18,5,2.0,9.755449685877068,0.0,7,16.0,13.0
1,18,6,2.2,16.51601078218584,0.0,7,16.0,13.0
1,18,7,2.4,11.188809946743067,0.0,7,16.0,13.0
1,18,8,1.6,20.441806447066476,0.0,7,16.0,13.0
1,18,9,1.4,21.026059199237842,0.0,7,16.0,13.0
1,18,10,2.4,13.087868875135902,0.0,7,16.0,13.0
1,18,11,2.2,13.674036073595419,0.0,7,16.0,13.0
1,18,12,1.6,26.356855711005018,0.0,7,16.0,13.0
1,18,13,2.2,17.060400432185528,0.0,7,16.0,13.0
1,18,14,2.0,16.863019640663843,0.0,7,16.0,13.0
1,18,15,2.0,20.299124998582077,0.0,7,16.0,13.0
1,18,16,2.0,31.11573210632971,0.0,7,16.0,13.0
1,18,17,2.2,17.06390306049193,0.0,7,16.0,13.0
1,18,18,1.8,20.510128265755984,0.0,7,16.0,13.0
1,18,19,2.2,17.06602671563174,0.0,7,16.0,13.0
1,18,20,2.0,17.38909974673893,0.0,7,16.0,13.0
1,18,21,2.0,18.15140579580814,0.0,7,16.0,13.0
1,18,22,2.2,12.768080668404195,0.0,7,16.0,13.0
1,18,23,2.6,12.392453454823455,0.0,7,16.0,13.0
1,18,24,1.8,13.813269326483562,0.0,7,16.0,13.0
1,18,25,2.4,12.50134591503735,0.0,7,16.0,13.0
1,18,26,2.6,13.13258180176649,0.125,7,16.0,13.0
1,18,27,2.2,12.68056944141874,0.0,7,16.0,13.0
1,18,28,2.0,15.222383501983785,0.0,7,16.0,13.0
1,18,29,2.8,11.240073993725575,0.125,7,16.0,13.0
2,18,1,2.2,17.731991326950535,0.0,7,16.0,13.0
2,18,2,2.0,18.154566733656708,0.0,7,16.0,13.0
2,18,3,2.4,14.706315395436278,0.0,7,16.0,13.0
2,18,4,3.0,9.501734212779061,0.125,7,16.0,13.0
2,18,5,2.2,13.845451086921749,0.0,7,16.0,13.0
2,18,6,1.8,17.51648326441097,0.0,7,16.0,13.0
2,18,7,2.4,11.793303195109338,0.0,7,16.0,13.0
2,18,8,1.8,13.79635520765456,0.0,7,16.0,13.0
2,18,9,2.0,20.01595120752776,0.0,7,16.0,13.0
2,18,10,2.2,12.82838539748766,0.0,7,16.0,13.0
2,18,11,2.2,13.211655306229165,0.0,7,16.0,13.0
2,18,12,2.6,12.206730662322515,0.0,7,16.0,13.0
2,18,13,2.2,13.772905151959023,0.0,7,16.0,13.0
2,18,14,3.0,7.976091489571633,0.125,7,16.0,13.0
2,18,15,1.8,27.009220377001483,0.0,7,16.0,13.0
2,18,16,2.0,16.57376367409972,0.0,7,16.0,13.0
2,18,17,2.0,15.581087740006426,0.0,7,16.0,13.0
2,18,18,1.8,21.763984265964694,0.0,7,16.0,13.0
2,18,19,2.0,14.79770462854113,0.0,7,16.0,13.0
2,18,20,2.2,11.504636276483817,0.0,7,16.0,13.0
2,18,21,2.6,11.618669830592689,0.0,7,16.0,13.0
2,18,22,2.4,11.96634994433882,0.0,7,16.0,13.0
2,18,23,1.8,16.847981354864125,0.0,7,16.0,13.0
2,18,24,2.4,13.523289968831799,0.0,7,16.0,13.0
2,18,25,2.0,14.67634056373272,0.0,7,16.0,13.0
2,18,26,2.8,7.995553629214533,0.0,7,16.0,13.0
2,18,27,2.0,11.941276619878636,0.0,7,16.0,13.0
2,18,28,2.2,15.597033600089079,0.0,7,16.0,13.0
3,18,1,2.8,9.405556171793364,0.0,7,16.0,13.0
3,18,2,2.2,15.778479233600498,0.0,7,16.0,13.0
3,18,3,2.0,14.632814594666469,0.0,7,16.0,13.0
3,18,4,2.0,20.09836680067251,0.0,7,16.0,13.0
3,18,5,2.2,11.201416275524515,0.0,7,16.0,13.0
3,18,6,2.2,14.003315435221788,0.0,7,16.0,13.0
3,18,7,1.8,15.380718566517556,0.0,7,16.0,13.0
3,18,8,2.2,12.002262850076955,0.0,7,16.0,13.0
3,18,9,2.2,13.769204601886932,0.0,7,16.0,13.0
3,18,10,2.4,14.70999505146654,0.125,7,16.0,13.0
3,18,11,2.6,10.047024222342019,0.0,7,16.0,13.0
3,18,12,1.8,23.2354078922942,0.0,7,16.0,13.0
3,18,13,2.0,13.030125886028445,0.0,7,16.0,13.0
3,18,14,1.4,50.03373785184985,0.0,7,16.0,13.0
3,18,15,2.6,11.402206397155926,0.125,7,16.0,13.0
3,18,16,2.4,13.748418273023766,0.0,7,16.0,13.0
3,18,17,2.2,14.441868359007003,0.0,7,16.0,13.0
3,18,18,2.0,13.634597804574188,0.0,7,16.0,13.0
3,18,19,2.2,14.963824463759664,0.0,7,16.0,13.0
3,18,20,1.8,21.957201639044204,0.0,7,16.0,13.0
3,18,21,2.8,9.769164127961249,0.0,7,16.0,13.0
3,18,22,1.8,24.639205946503083,0.0,7,16.0,13.0
3,18,23,2.4,11.345895869755108,0.0,7,16.0,13.0
3,18,24,2.0,18.35930077625185,0.0,7,16.0,13.0
3,18,25,2.0,15.745627301925623,0.0,7,16.0,13.0
3,18,26,2.2,15.524793388924515,0.0,7,16.0,13.0
3,18,27,2.2,10.735408883086139,0.0,7,16.0,13.0
3,18,28,2.6,10.203047751217035,0.0,7,16.0,13.0
3,18,29,2.0,15.278607128314235,0.0,6,16.0,13.0
1,19,1,2.8,11.83784129450127,0.0,7,16.0,13.0
1,19,2,2.8,13.429319255236047,0.0,7,16.0,13.0
1,19,3,2.6,13.970667885602108,0.0,7,16.0,13.0
1,19,4,2.2,13.948088462146465,0.0,7,16.0,13.0
1,19,5,2.2,10.97018495060797,0.0,7,16.0,13.0
1,19,6,2.6,14.726318535682607,0.0,7,16.0,13.0
1,19,7,2.0,12.479934774557178,0.0,7,16.0,13.0
1,19,8,1.6,21.51952173309476,0.0,7,16.0,13.0
1,19,9,1.8,15.621207692248884,0.0,7,16.0,13.0
1,19,10,2.0,17.081291205642135,0.0,7,16.0,13.0
1,19,11,2.2,12.077751580789142,0.0,7,16.0,13.0
1,19,12,2.0,18.638923211248233,0.0,7,16.0,13.0
1,19,13,1.6,25.1356011995804,0.0,7,16.0,13.0
1,19,14,1.8,21.746418237735664,0.0,7,16.0,13.0
1,19,15,2.0,22.003928211587883,0.0,7,16.0,13.0
1,19,16,2.2,21.270408648627342,0.0,7,16.0,13.0
1,19,17,1.4,40.52085089747975,0.0,7,16.0,13.0
1,19,18,2.0,14.820360422248712,0.0,7,16.0,13.0
1,19,19,2.0,24.467853702436233,0.0,7,16.0,13.0
1,19,20,2.2,13.12008855702532,0.0,7,16.0,13.0
1,19,21,1.8,18.486081903828016,0.0,7,16.0,13.0
1,19,22,2.0,13.361766999874275,0.0,7,16.0,13.0
1,19,23,2.0,18.393979608247008,0.0,7,16.0,13.0
1,19,24,2.0,13.147296082772604,0.0,7,16.0,13.0
1,19,25,2.0,16.756600921541885,0.0,7,16.0,13.0
1,19,26,2.6,11.088863018706736,0.0,7,16.0,13.0
1,19,27,2.0,25.9331485595069,0.0,7,16.0,13.0
1,19,28,2.4,11.500521319668607,0.0,7,16.0,13.0
1,19,29,2.4,10.966425848884427,0.125,7,16.0,13.0
1,19,30,2.25,12.931707726559697,0.0,4,16.0,13.0
2,19,1,2.4,16.69160137379171,0.0,7,16.0,13.0
2,19,2,2.4,11.579461085510887,0.0,7,16.0,13.0
2,19,3,3.0,13.037660037787369,0.125,7,16.0,13.0
2,19,4,2.0,14.489635561788308,0.0,7,16.0,13.0
2,19,5,2.0,14.726939893784618,0.0,7,16.0,13.0
2,19,6,2.2,11.810772793779877,0.0,7,16.0,13.0
2,19,7,2.0,19.237264618112974,0.0,7,16.0,13.0
2,19,8,2.0,12.411768879182127,0.0,7,16.0,13.0
2,19,9,2.4,16.717971141346965,0.125,7,16.0,13.0
2,19,10,1.6,16.847318642293292,0.0,7,16.0,13.0
2,19,11,2.2,13.623659904959208,0.0,7,16.0,13.0
2,19,12,2.0,16.93554438182131,0.0,7,16.0,13.0
2,19,13,2.0,15.659645913281262,0.0,7,16.0,13.0
2,19,14,2.0,13.093019010864285,0.0,7,16.0,13.0
2,19,15,2.6,13.416216193358293,0.0,7,16.0,13.0
2,19,16,2.2,14.715050616395935,0.0,7,16.0,13.0
2,19,17,2.0,15.371427747263935,0.0,7,16.0,13.0
2,19,18,2.2,12.863106301991042,0.0,7,16.0,13.0
2,19,19,2.2,11.840024261370376,0.0,7,16.0,13.0
2,19,20,2.6,8.89517181146125,0.125,7,16.0,13.0
2,19,21,2.2,13.67637391329777,0.0,7,16.0,13.0
2,19,22,1.8,16.723563234375096,0.0,7,16.0,13.0
2,19,23,1.8,18.10860623957259,0.0,7,16.0,13.0
2,19,24,2.6,11.815424432458027,0.0,7,16.0,13.0
2,19,25,2.4,13.900735806047182,0.125,7,16.0,13.0
2,19,26,2.2,11.346916590814587,0.0,7,16.0,13.0
2,19,27,1.6,14.811206513282462,0.0,7,16.0,13.0
2,19,28,2.8,10.495933152366538,0.125,7,16.0,13.0
3,19,1,2.2,12.284755459611954,0.0,7,16.0,13.0
3,19,2,2.6,12.964522460039529,0.0,7,16.0,13.0
3,19,3,2.2,11.469670259296734,0.0,7,16.0,13.0
3,19,4,2.2,14.227584195148124,0.0,7,16.0,13.0
3,19,5,1.8,14.286648039533073,0.0,7,16.0,13.0
3,19,6,2.2,12.440245091241604,0.0,7,16.0,13.0
3,19,7,2.2,10.446858709131584,0.0,7,16.0,13.0
3,19,8,2.0,10.820307264101103,0.0,7,16.0,13.0
3,19,9,2.2,13.17594650809453,0.0,7,16.0,13.0
3,19,10,2.4,16.146894065222035,0.125,7,16.0,13.0
3,19,11,2.0,15.175753036593786,0.0,7,16.0,13.0
3,19,12,2.4,14.029265503005874,0.0,7,16.0,13.0
3,19,13,2.6,10.043489119587687,0.0,7,16.0,13.0
3,19,14,2.0,18.67854299288959,0.0,7,16.0,13.0
3,19,15,2.4,14.727605095925643,0.125,7,16.0,13.0
3,19,16,2.2,11.473041597523023,0.0,7,16.0,13.0
3,19,17,2.2,16.212305646534404,0.0,7,16.0,13.0
3,19,18,2.6,10.355742409406142,0.0,7,16.0,13.0
3,19,19,2.0,19.901488009456365,0.0,7,16.0,13.0
3,19,20,2.4,11.915574528980063,0.0,7,16.0,13.0
3,19,21,2.0,18.36475617879803,0.0,7,16.0,13.0
3,19,22,2.0,15.694993335857632,0.0,7,16.0,13.0
3,19,23,2.2,16.263884932138687,0.0,7,16.0,13.0
3,19,24,2.0,15.767143496509856,0.0,7,16.0,13.0
3,19,25,1.8,18.12539347219359,0.0,7,16.0,13.0
3,19,26,1.8,17.729176622206584,0.0,7,16.0,13.0
3,19,27,2.0,12.818123583387157,0.0,7,16.0,13.0
3,19,28,2.2,12.135884217107392,0.0,7,16.0,13.0
3,19,29,1.8,20.518085868746716,0.0,7,16.0,13.0
1,20,1,2.8,15.331537039592806,0.0,7,16.0,13.0
1,20,2,2.8,12.801676652520472,0.0,7,16.0,13.0
1,20,3,2.8,12.755747044249791,0.0,7,16.0,13.0
1,20,4,2.2,12.780583028323296,0.0,7,16.0,13.0
1,20,5,2.4,10.79027537097297,0.0,7,16.0,13.0
1,20,6,2.0,16.06038863275105,0.0,7,16.0,13.0
1,20,7,1.8,16.022928309472757,0.0,7,16.0,13.0
1,20,8,2.0,15.567957113530245,0.0,7,16.0,13.0
1,20,9,1.6,15.64263739781904,0.0,7,16.0,13.0
1,20,10,1.6,22.383048754764516,0.0,7,16.0,13.0
1,20,11,2.4,10.819216305664835,0.0,7,16.0,13.0
1,20,12,2.2,14.028027024573923,0.0,7,16.0,13.0
1,20,13,1.8,23.041774583182967,0.0,7,16.0,13.0
1,20,14,2.0,17.008876300984234,0.0,7,16.0,13.0
1,20,15,1.8,28.602942031708803,0.0,7,16.0,13.0
1,20,16,2.0,25.570314408241742,0.0,7,16.0,13.0
1,20,17,2.2,16.778827416194314,0.0,7,16.0,13.0
1,20,18,2.4,14.721318257261904,0.0,7,16.0,13.0
1,20,19,1.4,44.94223961408821,0.0,7,16.0,13.0
1,20,20,2.2,13.014484899626536,0.0,7,16.0,13.0
1,20,21,2.0,22.237345191156887,0.0,7,16.0,13.0
1,20,22,2.0,15.09468327699553,0.0,7,16.0,13.0
1,20,23,2.4,15.4536409310954,0.0,7,16.0,13.0
1,20,24,2.4,9.558439350371893,0.125,7,16.0,13.0
1,20,25,2.0,15.064240105285101,0.0,7,16.0,13.0
1,20,26,2.0,15.92331478793183,0.0,7,16.0,13.0
1,20,27,1.8,25.345978357053948,0.0,7,16.0,13.0
1,20,28,1.8,15.552240246102977,0.0,7,16.0,13.0
1,20,29,2.6,10.572311699918227,0.125,7,16.0,13.0
1,20,30,1.6,20.901450101648493,0.0,5,16.0,13.0
2,20,1,2.2,17.940039495157578,0.0,7,16.0,13.0
2,20,2,2.0,14.3945508529419,0.0,7,16.0,13.0
2,20,3,2.0,15.074976760118329,0.0,7,16.0,13.0
2,20,4,2.8,12.289930496515451,0.125,7,16.0,13.0
2,20,5,2.4,12.963345369851435,0.0,7,16.0,13.0
2,20,6,2.2,11.46829364149773,0.0,7,16.0,13.0
2,20,7,1.8,17.241806799386346,0.0,7,16.0,13.0
2,20,8,2.0,13.02307805920809,0.0,7,16.0,13.0
2,20,9,1.6,25.113492911445878,0.0,7,16.0,13.0
2,20,10,2.6,12.256567560887046,0.0,7,16.0,13.0
2,20,11,2.4,12.621388566581178,0.0,7,16.0,13.0
2,20,12,2.2,13.96910919096908,0.0,7,16.0,13.0
2,20,13,2.4,12.975610808782317,0.0,7,16.0,13.0
2,20,14,2.6,8.918850057289546,0.0,7,16.0,13.0
2,20,15,2.4,14.563228919456176,0.0,7,16.0,13.0
2,20,16,2.6,11.540246808429044,0.0,7,16.0,13.0
2,20,17,2.0,17.177550627370387,0.0,7,16.0,13.0
2,20,18,2.0,12.30667833664629,0.0,7,16.0,13.0
2,20,19,2.4,11.388160599668137,0.0,7,16.0,13.0
2,20,20,2.8,10.619140119020502,0.125,7,16.0,13.0
2,20,21,2.2,13.700138572166765,0.0,7,16.0,13.0
2,20,22,2.0,17.34210085395358,0.0,7,16.0,13.0
2,20,23,1.8,20.398816820477926,0.0,7,16.0,13.0
2,20,24,2.2,16.67239948616722,0.0,7,16.0,13.0
2,20,25,2.0,13.114652644534171,0.0,7,16.0,13.0
2,20,26,2.4,9.001007002067409,0.0,7,16.0,13.0
2,20,27,2.2,12.281406918538531,0.0,7,16.0,13.0
2,20,28,1.8,19.184151665357863,0.0,5,16.0,13.0
3,20,1,2.0,14.725030942326091,0.0,7,16.0,13.0
3,20,2,2.4,13.277004907878426,0.0,7,16.0,13.0
3,20,3,1.8,15.519598896630773,0.0,7,16.0,13.0
3,20,4,2.0,20.36023631106552,0.0,7,16.0,13.0
3,20,5,2.4,10.65189637011175,0.0,7,16.0,13.0
3,20,6,2.4,11.81248786199234,0.0,7,16.0,13.0
3,20,7,1.8,16.14649460984151,0.0,7,16.0,13.0
3,20,8,2.4,10.061296693372888,0.0,7,16.0,13.0
3,20,9,2.2,12.354476646400137,0.0,7,16.0,13.0
3,20,10,1.8,28.87773806977566,0.0,7,16.0,13.0
3,20,11,2.2,11.500030061648047,0.0,7,16.0,13.0
3,20,12,2.2,15.728803312927997,0.0,7,16.0,13.0
3,20,13,2.6,9.804311130742466,0.0,7,16.0,13.0
3,20,14,1.6,32.83420823175285,0.0,7,16.0,13.0
3,20,15,2.0,13.23113064319509,0.0,7,16.0,13.0
3,20,16,2.2,15.413139066730286,0.0,7,16.0,13.0
3,20,17,2.2,10.174889332673207,0.0,7,16.0,13.0
3,20,18,2.4,12.326288043993921,0.0,7,16.0,13.0
3,20,19,2.0,13.36175778088884,0.0,7,16.0,13.0
3,20,20,2.4,16.824600557181242,0.0,7,16.0,13.0
3,20,21,2.4,11.040871594229104,0.0,7,16.0,13.0
3,20,22,2.4,16.474247435610465,0.0,7,16.0,13.0
3,20,23,2.0,14.223625207059484,0.0,7,16.0,13.0
3,20,24,2.0,16.802900646275035,0.0,7,16.0,13.0
3,20,25,2.0,20.034627173850165,0.0,7,16.0,13.0
3,20,26,2.2,12.137823171461564,0.0,7,16.0,13.0
3,20,27,2.0,11.830406076783467,0.0,7,16.0,13.0
3,20,28,2.0,14.214800107533847,0.0,7,16.0,13.0
3,20,29,2.2,12.10809411287768,0.0,7,16.0,13.0
1,21,1,2.8,16.024630037878392,0.0,7,16.0,13.0
1,21,2,2.8,13.829990442228853,0.0,7,16.0,13.0
1,21,3,2.6,13.874170768030048,0.0,7,16.0,13.0
1,21,4,1.8,21.020151625651035,0.0,7,16.0,13.0
1,21,5,2.4,9.300311063322402,0.0,7,16.0,13.0
1,21,6,2.0,28.811349781179334,0.0,7,16.0,13.0
1,21,7,2.2,13.284472247935037,0.0,7,16.0,13.0
1,21,8,2.0,15.683984382649808,0.0,7,16.0,13.0
1,21,9,1.8,17.878397554780356,0.0,7,16.0,13.0
1,21,10,1.6,30.71012567579569,0.0,7,16.0,13.0
1,21,11,1.8,18.261802457496827,0.0,7,16.0,13.0
1,21,12,1.6,21.461384746183093,0.0,7,16.0,13.0
1,21,13,2.0,23.88022985256839,0.0,7,16.0,13.0
1,21,14,2.2,13.234192183102566,0.0,7,16.0,13.0
1,21,15,1.8,24.317039816132706,0.0,7,16.0,13.0
1,21,16,2.0,18.82906903139489,0.0,7,16.0,13.0
1,21,17,1.8,25.232175293975146,0.0,7,16.0,13.0
1,21,18,2.0,16.637709131605604,0.0,7,16.0,13.0
1,21,19,2.4,14.811422301560476,0.0,7,16.0,13.0
1,21,20,1.6,20.639775151621844,0.0,7,16.0,13.0
1,21,21,2.0,19.271874555681254,0.0,7,16.0,13.0
1,21,22,2.2,12.681197036856657,0.0,7,16.0,13.0
1,21,23,2.0,23.43274982069444,0.0,7,16.0,13.0
1,21,24,2.4,10.00997087869225,0.0,7,16.0,13.0
1,21,25,2.8,9.161797790529569,0.0,7,16.0,13.0
1,21,26,2.0,12.877600719919954,0.0,7,16.0,13.0
1,21,27,1.8,30.47467714908022,0.0,7,16.0,13.0
1,21,28,2.0,14.84000349230356,0.0,7,16.0,13.0
1,21,29,2.2,14.861776440416367,0.0,7,16.0,13.0
1,21,30,2.2,12.27738084568349,0.0,7,16.0,13.0
2,21,1,2.4,17.159914270923046,0.0,7,16.0,13.0
2,21,2,2.2,13.96314374452849,0.0,7,16.0,13.0
2,21,3,3.0,12.222823143934388,0.125,7,16.0,13.0
2,21,4,2.6,10.560281957556239,0.0,7,16.0,13.0
2,21,5,2.2,12.165619628729283,0.0,7,16.0,13.0
2,21,6,2.2,12.130869098953784,0.0,7,16.0,13.0
2,21,7,2.2,15.87093914889227,0.0,7,16.0,13.0
2,21,8,1.6,19.515080568192655,0.0,7,16.0,13.0
2,21,9,2.8,10.650369291174423,0.0,7,16.0,13.0
2,21,10,2.4,11.927176057414158,0.0,7,16.0,13.0
2,21,11,2.2,12.72657689217789,0.0,7,16.0,13.0
2,21,12,2.0,18.823154682123782,0.0,7,16.0,13.0
2,21,13,2.2,12.349602142117067,0.0,7,16.0,13.0
2,21,14,1.8,15.669825367404409,0.0,7,16.0,13.0
2,21,15,2.2,17.968574289363136,0.0,7,16.0,13.0
2,21,16,1.8,23.371350033368593,0.0,7,16.0,13.0
2,21,17,2.2,13.99304119591352,0.0,7,16.0,13.0
2,21,18,1.6,19.573341206381507,0.0,7,16.0,13.0
2,21,19,2.6,10.022155346435524,0.0,7,16.0,13.0
2,21,20,2.6,10.580921906569813,0.0,7,16.0,13.0
2,21,21,2.4,15.823596062683107,0.0,7,16.0,13.0
2,21,22,2.6,12.140784041548796,0.0,7,16.0,13.0
2,21,23,2.4,12.610854704234981,0.0,7,16.0,13.0
2,21,24,3.0,11.02542571051282,0.2222222222222222,7,16.0,13.0
2,21,25,1.8,16.356824206844635,0.0,7,16.0,13.0
2,21,26,2.0,11.003473691365947,0.0,7,16.0,13.0
2,21,27,3.0,10.064755426824929,0.125,7,16.0,13.0
3,21,1,2.2,11.652803999450647,0.0,7,16.0,13.0
3,21,2,2.0,16.861729426666344,0.0,7,16.0,13.0
3,21,3,2.4,11.388137638783945,0.0,7,16.0,13.0
3,21,4,2.2,15.565067619036105,0.0,7,16.0,13.0
3,21,5,2.0,13.19360516636928,0.0,7,16.0,13.0
3,21,6,2.0,14.672034527622396,0.0,7,16.0,13.0
3,21,7,2.2,13.469006284411474,0.0,7,16.0,13.0
3,21,8,2.2,12.48124921422186,0.0,7,16.0,13.0
3,21,9,2.2,12.08592977063014,0.0,7,16.0,13.0
3,21,10,2.4,17.613447404579265,0.125,7,16.0,13.0
3,21,11,2.0,14.41836052146909,0.0,7,16.0,13.0
3,21,12,2.4,13.568358567792732,0.0,7,16.0,13.0
3,21,13,2.2,11.919124226384149,0.0,7,16.0,13.0
3,21,14,2.0,20.861915956834714,0.0,7,16.0,13.0
3,21,15,2.8,9.06331429428744,0.0,7,16.0,13.0
3,21,16,2.0,17.688347493236705,0.0,7,16.0,13.0
3,21,17,2.4,12.66569365766979,0.0,7,16.0,13.0
3,21,18,2.2,10.218072741382864,0.0,7,16.0,13.0
3,21,19,2.0,18.41145983799173,0.0,7,16.0,13.0
3,21,20,2.4,14.673912819887233,0.0,7,16.0,13.0
3,21,21,2.6,13.600987509526451,0.0,7,16.0,13.0
3,21,22,2.2,14.244852365501977,0.0,7,16.0,13.0
3,21,23,2.2,15.464923341836162,0.0,7,16.0,13.0
3,21,24,2.0,15.904891207562668,0.0,7,16.0,13.0
3,21,25,2.4,14.954268324663854,0.0,7,16.0,13.0
3,21,26,2.4,9.97847882085133,0.0,7,16.0,13.0
3,21,27,2.2,12.775698070491435,0.0,7,16.0,13.0
3,21,28,2.0,15.576115709583958,0.0,7,16.0,13.0
1,22,1,2.8,15.063267231064097,0.0,7,16.0,13.0
1,22,2,2.8,14.565411750295276,0.0,7,16.0,13.0
1,22,3,2.6,13.716270824939482,0.0,7,16.0,13.0
1,22,4,2.0,17.507194643350346,0.0,7,16.0,13.0
1,22,5,2.2,11.028319291991785,0.0,7,16.0,13.0
1,22,6,2.0,21.980395890585815,0.0,7,16.0,13.0
1,22,7,2.2,12.28261519946266,0.0,7,16.0,13.0
1,22,8,1.6,24.489450532366547,0.0,7,16.0,13.0
1,22,9,1.4,19.187754734287438,0.0,7,16.0,13.0
1,22,10,2.4,13.96943333856539,0.0,7,16.0,13.0
1,22,11,2.0,13.011169556128282,0.0,7,16.0,13.0
1,22,12,2.0,17.596084986167376,0.0,7,16.0,13.0
1,22,13,2.0,19.948808615206037,0.0,7,16.0,13.0
1,22,14,2.6,12.49118905438972,0.0,7,16.0,13.0
1,22,15,2.2,18.659424387688237,0.0,7,16.0,13.0
1,22,16,2.2,17.12894841324898,0.0,7,16.0,13.0
1,22,17,2.0,15.744888574732775,0.0,7,16.0,13.0
1,22,18,1.6,22.7588993728801,0.0,7,16.0,13.0
1,22,19,2.2,16.855519799128274,0.0,7,16.0,13.0
1,22,20,2.4,14.735919991675946,0.0,7,16.0,13.0
1,22,21,2.0,18.19212148825043,0.0,7,16.0,13.0
1,22,22,2.2,16.504567101586424,0.0,7,16.0,13.0
1,22,23,1.8,23.507452121275254,0.0,7,16.0,13.0
1,22,24,2.2,11.523357845092303,0.0,7,16.0,13.0
1,22,25,2.6,11.848839110739945,0.0,7,16.0,13.0
1,22,26,2.4,18.68182453119136,0.0,7,16.0,13.0
1,22,27,2.2,12.10845330476257,0.0,7,16.0,13.0
1,22,28,1.8,17.143014968772107,0.0,7,16.0,13.0
1,22,29,2.6,10.264385628814118,0.0,6,16.0,13.0
2,22,1,2.2,19.79838347440363,0.0,7,16.0,13.0
2,22,2,2.4,11.420950876026714,0.0,7,16.0,13.0
2,22,3,3.2,10.52181704085625,0.125,5,16.0,13.0
2,22,4,2.4,10.594944487629236,0.0,7,16.0,13.0
2,22,5,2.6,9.617085930612363,0.0,7,16.0,13.0
2,22,6,2.2,12.356623652913813,0.0,7,16.0,13.0
2,22,7,2.0,15.142407613633617,0.0,7,16.0,13.0
2,22,8,1.8,17.87587120204479,0.0,7,16.0,13.0
2,22,9,2.2,14.260994233540611,0.0,7,16.0,13.0
2,22,10,2.2,12.438347222661763,0.0,7,16.0,13.0
2,22,11,2.0,16.953777187760192,0.0,7,16.0,13.0
2,22,12,2.2,14.781849804383778,0.0,7,16.0,13.0
2,22,13,2.2,13.653937889339245,0.0,7,16.0,13.0
2,22,14,2.2,11.743996094589766,0.0,7,16.0,13.0
2,22,15,2.4,17.148639189959177,0.0,7,16.0,13.0
2,22,16,2.2,14.521000603161152,0.0,7,16.0,13.0
2,22,17,2.0,15.622468200625582,0.0,7,16.0,13.0
2,22,18,2.0,16.23669421262013,0.0,7,16.0,13.0
2,22,19,2.2,13.933676961819847,0.0,7,16.0,13.0
2,22,20,2.2,11.650874381612882,0.0,7,16.0,13.0
2,22,21,2.6,12.542866523154647,0.0,7,16.0,13.0
2,22,22,2.6,10.341290874177476,0.0,7,16.0,13.0
2,22,23,2.0,16.83613810962547,0.0,7,16.0,13.0
2,22,24,2.0,22.642273893680734,0.0,7,16.0,13.0
2,22,25,2.0,11.811998872087356,0.0,7,16.0,13.0
2,22,26,2.0,11.959612320074605,0.0,7,16.0,13.0
2,22,27,2.0,13.298523365360474,0.0,7,16.0,13.0
2,22,28,2.0,14.326837262280856,0.16666666666666666,5,16.0,13.0
3,22,1,2.6,10.285691032720262,0.0,7,16.0,13.0
3,22,2,1.8,20.293294453607082,0.0,7,16.0,13.0
3,22,3,2.4,10.562515179930049,0.0,7,16.0,13.0
3,22,4,2.6,11.75205578487507,0.0,7,16.0,13.0
3,22,5,2.8,9.274603812817391,0.0,7,16.0,13.0
3,22,6,2.4,10.107347784070239,0.0,7,16.0,13.0
3,22,7,2.0,13.740568217103124,0.0,7,16.0,13.0
3,22,8,2.2,10.803861493584714,0.0,7,16.0,13.0
3,22,9,2.2,24.3468691645451,0.125,7,16.0,13.0
3,22,10,2.4,11.033363968179778,0.0,7,16.0,13.0
3,22,11,2.2,18.43045673332326,0.0,7,16.0,13.0
3,22,12,2.2,12.808305325041045,0.0,7,16.0,13.0
3,22,13,1.8,17.61345606364727,0.0,7,16.0,13.0
3,22,14,2.2,12.752781412921758,0.0,7,16.0,13.0
3,22,15,2.2,12.908328768394913,0.0,7,16.0,13.0
3,22,16,2.4,10.454280078673815,0.0,7,16.0,13.0
3,22,17,2.0,18.57416788814198,0.0,7,16.0,13.0
3,22,18,2.4,11.167927602343974,0.0,7,16.0,13.0
3,22,19,2.2,16.371914073743305,0.0,7,16.0,13.0
3,22,20,2.4,10.582390548418013,0.0,7,16.0,13.0
3,22,21,2.2,19.152477960620203,0.0,7,16.0,13.0
3,22,22,1.8,20.561886790895816,0.0,7,16.0,13.0
3,22,23,2.0,19.079758776252945,0.0,7,16.0,13.0
3,22,24,2.2,16.79137537737764,0.0,7,16.0,13.0
3,22,25,2.6,10.66753347545294,0.0,7,16.0,13.0
3,22,26,2.2,9.99832307939801,0.0,7,16.0,13.0
3,22,27,2.2,12.18918767052981,0.0,7,16.0,13.0
3,22,28,2.4,13.683184882113597,0.0,7,16.0,13.0
1,23,1,2.8,15.138952942468975,0.0,7,16.0,13.0
1,23,2,2.8,15.344267639068443,0.0,7,16.0,13.0
1,23,3,2.6,12.57166071741092,0.0,7,16.0,13.0
1,23,4,2.0,18.19436710619842,0.0,7,16.0,13.0
1,23,5,2.2,10.223761271125342,0.0,7,16.0,13.0
1,23,6,2.0,20.009744931696794,0.0,7,16.0,13.0
1,23,7,2.0,12.467808183368094,0.0,7,16.0,13.0
1,23,8,2.0,16.240966889320323,0.0,7,16.0,13.0
1,23,9,1.8,16.234043439588937,0.0,7,16.0,13.0
1,23,10,2.0,18.900466342328844,0.0,7,16.0,13.0
1,23,11,2.0,13.844429161245124,0.0,7,16.0,13.0
1,23,12,1.4,28.56219841956342,0.0,7,16.0,13.0
1,23,13,2.2,21.339665759942164,0.0,7,16.0,13.0
1,23,14,1.8,15.835873911278338,0.0,7,16.0,13.0
1,23,15,2.0,27.72431607997848,0.0,7,16.0,13.0
1,23,16,2.0,16.64083879929725,0.0,7,16.0,13.0
1,23,17,2.0,26.670241274400038,0.0,7,16.0,13.0
1,23,18,2.0,16.246779844014366,0.0,7,16.0,13.0
1,23,19,2.0,15.636436220627294,0.0,7,16.0,13.0
1,23,20,2.4,12.81906501149605,0.0,7,16.0,13.0
1,23,21,1.6,37.93258203285826,0.0,7,16.0,13.0
1,23,22,2.2,13.630300408615327,0.0,7,16.0,13.0
1,23,23,2.4,13.197111137060531,0.0,7,16.0,13.0
1,23,24,1.8,14.774481175258945,0.0,7,16.0,13.0
1,23,25,2.2,16.625244304019702,0.0,7,16.0,13.0
1,23,26,2.2,14.012037917984314,0.0,7,16.0,13.0
1,23,27,1.8,24.440583108415357,0.0,7,16.0,13.0
1,23,28,2.4,11.087842514326674,0.0,7,16.0,13.0
1,23,29,2.6,11.142691538987405,0.125,7,16.0,13.0
1,23,30,1.8,16.078375159689788,0.0,5,16.0,13.0
2,23,1,2.4,18.454338408420888,0.0,7,16.0,13.0
2,23,2,1.8,20.49688468421312,0.0,7,16.0,13.0
2,23,3,2.4,15.294737369044535,0.0,7,16.0,13.0
2,23,4,3.0,9.712989124948468,0.125,7,16.0,13.0
2,23,5,2.4,11.489221714048357,0.0,7,16.0,13.0
2,23,6,1.8,16.89403385057878,0.0,7,16.0,13.0
2,23,7,2.2,13.958913765526079,0.0,7,16.0,13.0
2,23,8,2.2,12.513950251090213,0.0,7,16.0,13.0
2,23,9,2.2,15.809456934369098,0.0,7,16.0,13.0
2,23,10,2.2,11.569838108201203,0.0,7,16.0,13.0
2,23,11,2.8,10.839326162881862,0.0,7,16.0,13.0
2,23,12,1.8,21.774812101163,0.0,7,16.0,13.0
2,23,13,1.4,28.890141042818488,0.0,7,16.0,13.0
2,23,14,2.8,8.939902568667934,0.125,7,16.0,13.0
2,23,15,2.4,15.377455832921413,0.0,7,16.0,13.0
2,23,16,2.4,12.359945434652603,0.0,7,16.0,13.0
2,23,17,2.4,13.430775609306396,0.0,7,16.0,13.0
2,23,18,1.8,17.895819419821155,0.0,7,16.0,13.0
2,23,19,1.6,16.744911121659833,0.0,7,16.0,13.0
2,23,20,2.8,10.793618788404974,0.125,7,16.0,13.0
2,23,21,2.4,13.456252784490403,0.0,7,16.0,13.0
2,23,22,1.8,18.001319512301936,0.0,7,16.0,13.0
2,23,23,2.4,12.724582697116784,0.0,7,16.0,13.0
2,23,24,2.0,24.154193843233294,0.0,7,16.0,13.0
2,23,25,2.2,11.201944722668959,0.0,7,16.0,13.0
2,23,26,2.4,9.46045911442364,0.0,7,16.0,13.0
2,23,27,2.6,9.528785939430849,0.0,7,16.0,13.0
2,23,28,1.75,19.4973378760214,0.0,4,16.0,13.0
3,23,1,2.4,10.462530407568606,0.0,7,16.0,13.0
3,23,2,2.4,12.929204251834669,0.0,7,16.0,13.0
3,23,3,1.8,14.423982070850569,0.0,7,16.0,13.0
3,23,4,2.6,12.403501909867215,0.0,7,16.0,13.0
3,23,5,2.2,11.333846797623785,0.0,7,16.0,13.0
3,23,6,2.0,15.080170515700228,0.0,7,16.0,13.0
3,23,7,1.8,14.750132363214671,0.0,7,16.0,13.0
3,23,8,2.2,12.467104833870604,0.0,7,16.0,13.0
3,23,9,1.8,13.175917383543808,0.0,7,16.0,13.0
3,23,10,2.6,14.0585233882297,0.0,7,16.0,13.0
3,23,11,1.6,16.036508546641166,0.0,7,16.0,13.0
3,23,12,2.4,14.954083601173412,0.0,7,16.0,13.0
3,23,13,2.0,12.34664271127401,0.0,7,16.0,13.0
3,23,14,1.8,18.028816165957757,0.0,7,16.0,13.0
3,23,15,2.2,15.11678812484966,0.0,7,16.0,13.0
3,23,16,2.2,15.374394383523624,0.0,7,16.0,13.0
3,23,17,2.2,11.537681358495396,0.0,7,16.0,13.0
3,23,18,2.6,12.097958137724927,0.0,7,16.0,13.0
3,23,19,1.8,14.760096809848896,0.0,7,16.0,13.0
3,23,20,2.0,20.769543284142454,0.0,7,16.0,13.0
3,23,21,2.0,15.208969397389964,0.0,7,16.0,13.0
3,23,22,2.4,16.22100087785622,0.0,7,16.0,13.0
3,23,23,1.8,20.41513127672945,0.0,7,16.0,13.0
3,23,24,2.4,13.320417831133696,0.0,7,16.0,13.0
3,23,25,2.4,12.465229783345924,0.0,7,16.0,13.0
3,23,26,2.4,12.139375376187164,0.0,7,16.0,13.0
3,23,27,2.2,12.618505392526362,0.0,7,16.0,13.0
3,23,28,1.8,14.372172359897514,0.0,7,16.0,13.0
3,23,29,2.2,12.180434834267771,0.0,7,16.0,13.0
1,24,1,2.8,16.41755338991018,0.0,7,16.0,13.0
1,24,2,2.8,13.798322703037861,0.0,7,16.0,13.0
1,24,3,2.6,12.922120902617253,0.0,7,16.0,13.0
1,24,4,2.0,17.609515186589825,0.0,7,16.0,13.0
1,24,5,2.4,9.99110665385336,0.0,7,16.0,13.0
1,24,6,2.0,26.58001386377476,0.0,7,16.0,13.0
1,24,7,2.6,9.80885305768031,0.0,7,16.0,13.0
1,24,8,2.0,15.66515577306595,0.0,7,16.0,13.0
1,24,9,1.6,20.111106094212023,0.0,7,16.0,13.0
1,24,10,2.0,18.22642358472523,0.0,7,16.0,13.0
1,24,11,1.8,15.135882423239584,0.0,7,16.0,13.0
1,24,12,1.6,27.16813909240842,0.0,7,16.0,13.0
1,24,13,2.2,17.48280077247137,0.0,7,16.0,13.0
1,24,14,1.8,19.06341104195561,0.0,7,16.0,13.0
1,24,15,2.4,14.466567575055706,0.0,7,16.0,13.0
1,24,16,2.2,18.95044940084518,0.0,7,16.0,13.0
1,24,17,1.8,20.583303805043677,0.0,7,16.0,13.0
1,24,18,1.8,15.639788631530342,0.0,7,16.0,13.0
1,24,19,2.0,16.693605186927645,0.0,7,16.0,13.0
1,24,20,2.2,16.067311397883625,0.0,7,16.0,13.0
1,24,21,2.0,18.15689880883502,0.0,7,16.0,13.0
1,24,22,2.4,12.972344858169734,0.0,7,16.0,13.0
1,24,23,2.2,19.6742874160683,0.0,7,16.0,13.0
1,24,24,1.8,16.275599530453956,0.0,7,16.0,13.0
1,24,25,2.0,18.633384600690764,0.0,7,16.0,13.0
1,24,26,2.2,14.07340045485003,0.0,7,16.0,13.0
1,24,27,2.4,12.691880316393418,0.0,7,16.0,13.0
1,24,28,2.0,17.711346068722595,0.0,7,16.0,13.0
1,24,29,3.0,7.930932681522275,0.125,7,16.0,13.0
2,24,1,2.8,11.195570276984691,0.0,7,16.0,13.0
2,24,2,2.2,13.330255422252884,0.0,7,16.0,13.0
2,24,3,3.6,9.11230546948225,0.125,7,16.0,13.0
2,24,4,2.2,14.567109965425793,0.0,7,16.0,13.0
2,24,5,2.2,10.737088378993812,0.0,7,16.0,13.0
2,24,6,2.4,13.318458052987376,0.0,7,16.0,13.0
2,24,7,2.2,11.285863586499598,0.0,7,16.0,13.0
2,24,8,2.0,17.621497135522304,0.0,7,16.0,13.0
2,24,9,2.4,12.318119267558503,0.125,7,16.0,13.0
2,24,10,1.4,38.40187407796043,0.0,7,16.0,13.0
2,24,11,1.8,15.948047614796174,0.0,7,16.0,13.0
2,24,12,2.4,12.374980494313615,0.0,7,16.0,13.0
2,24,13,2.0,19.76356699644129,0.0,7,16.0,13.0
2,24,14,2.6,9.789335428784826,0.0,7,16.0,13.0
2,24,15,2.0,16.024785513642833,0.0,7,16.0,13.0
2,24,16,1.8,24.93188460043359,0.0,7,16.0,13.0
2,24,17,1.4,20.69978483630949,0.0,7,16.0,13.0
2,24,18,2.2,14.660190505824326,0.0,7,16.0,13.0
2,24,19,2.0,12.680750687479525,0.0,7,16.0,13.0
2,24,20,2.4,11.505244927018003,0.0,7,16.0,13.0
2,24,21,2.8,10.738909679223745,0.0,7,16.0,13.0
2,24,22,2.0,15.601799911518983,0.0,7,16.0,13.0
2,24,23,2.0,15.436810119125399,0.0,7,16.0,13.0
2,24,24,2.8,13.518966277863258,0.125,7,16.0,13.0
2,24,25,2.8,8.86548719753821,0.0,7,16.0,13.0
2,24,26,2.2,9.235974009925064,0.0,7,16.0,13.0
2,24,27,1.4,28.49021637859759,0.0,7,16.0,13.0
2,24,28,2.5,11.878857124367482,0.2,4,16.0,13.0
3,24,1,2.4,11.955497543427695,0.0,7,16.0,13.0
3,24,2,1.8,17.93527175353297,0.0,7,16.0,13.0
3,24,3,2.4,12.279869017116507,0.0,7,16.0,13.0
3,24,4,2.6,12.712882159291873,0.0,7,16.0,13.0
3,24,5,1.8,14.089182914945338,0.0,7,16.0,13.0
3,24,6,2.2,11.027195048455575,0.0,7,16.0,13.0
3,24,7,1.6,15.979336132947768,0.0,7,16.0,13.0
3,24,8,2.2,11.101856797922007,0.0,7,16.0,13.0
3,24,9,2.4,11.059308469931466,0.0,7,16.0,13.0
3,24,10,3.0,11.491631221737046,0.125,7,16.0,13.0
3,24,11,2.2,13.947862119866782,0.0,7,16.0,13.0
3,24,12,1.8,21.0737864495282,0.0,7,16.0,13.0
3,24,13,2.4,10.464035386597597,0.0,7,16.0,13.0
3,24,14,2.0,18.785094144835824,0.0,7,16.0,13.0
3,24,15,2.2,13.976771811344554,0.0,7,16.0,13.0
3,24,16,1.8,17.665646004422644,0.0,7,16.0,13.0
3,24,17,2.6,12.16315045577953,0.0,7,16.0,13.0
3,24,18,2.2,11.441331075408375,0.0,7,16.0,13.0
3,24,19,2.4,14.641577760800317,0.0,7,16.0,13.0
3,24,20,2.2,15.344723624235549,0.0,7,16.0,13.0
3,24,21,2.0,16.49045625339745,0.0,7,16.0,13.0
3,24,22,2.2,16.955749496459845,0.0,7,16.0,13.0
3,24,23,2.2,14.837089832357165,0.0,7,16.0,13.0
3,24,24,2.2,15.53112399951933,0.0,7,16.0,13.0
3,24,25,2.0,17.98091539689407,0.0,7,16.0,13.0
3,24,26,2.2,14.605317739605434,0.0,7,16.0,13.0
3,24,27,2.2,11.41866630918811,0.0,7,16.0,13.0
3,24,28,2.0,15.25893546320156,0.0,7,16.0,13.0
3,24,29,1.8,15.328197862652589,0.0,6,16.0,13.0
1,25,1,2.8,14.244316965998303,0.0,7,16.0,13.0
1,25,2,2.8,13.519707390587092,0.0,7,16.0,13.0
1,25,3,2.6,13.970667885602094,0.0,7,16.0,13.0
1,25,4,1.8,22.940687370146655,0.0,7,16.0,13.0
1,25,5,2.0,11.419313452062445,0.0,7,16.0,13.0
1,25,6,2.2,16.55025834613798,0.0,7,16.0,13.0
1,25,7,2.0,13.139242209639987,0.0,7,16.0,13.0
1,25,8,2.0,14.03570173729756,0.0,7,16.0,13.0
1,25,9,1.8,13.857666708761759,0.0,7,16.0,13.0
1,25,10,1.8,17.697674395210836,0.0,7,16.0,13.0
1,25,11,2.6,11.03561003073762,0.0,7,16.0,13.0
1,25,12,2.0,16.245207833660153,0.0,7,16.0,13.0
1,25,13,2.0,21.433122643680843,0.0,7,16.0,13.0
1,25,14,2.2,17.774198331404587,0.0,7,16.0,13.0
1,25,15,2.2,17.17070361746051,0.0,7,16.0,13.0
1,25,16,2.2,25.02464596565854,0.0,7,16.0,13.0
1,25,17,1.8,21.688264083955723,0.0,7,16.0,13.0
1,25,18,1.8,19.212065159967203,0.0,7,16.0,13.0
1,25,19,1.6,26.912787025565926,0.0,7,16.0,13.0
1,25,20,2.2,15.773922574208793,0.0,7,16.0,13.0
1,25,21,1.8,26.73263716616443,0.0,7,16.0,13.0
1,25,22,2.0,17.369376622467037,0.0,7,16.0,13.0
1,25,23,2.0,17.407261429512694,0.0,7,16.0,13.0
1,25,24,1.8,14.386484078871542,0.0,7,16.0,13.0
1,25,25,2.6,9.990004285909224,0.125,7,16.0,13.0
1,25,26,2.4,10.530299596340837,0.125,7,16.0,13.0
1,25,27,2.0,19.380168275579617,0.0,7,16.0,13.0
1,25,28,1.8,15.51220565545392,0.0,7,16.0,13.0
1,25,29,3.0,10.272298435121746,0.125,7,16.0,13.0
2,25,1,2.4,15.428425379940828,0.0,7,16.0,13.0
2,25,2,2.2,12.984875536546417,0.0,7,16.0,13.0
2,25,3,2.6,13.02946878732523,0.0,7,16.0,13.0
2,25,4,2.0,16.681141520250556,0.0,7,16.0,13.0
2,25,5,2.6,10.337763872231045,0.0,7,16.0,13.0
2,25,6,2.6,10.09874182246521,0.0,7,16.0,13.0
2,25,7,1.8,19.117584132361046,0.0,7,16.0,13.0
2,25,8,2.2,12.232307372857939,0.0,7,16.0,13.0
2,25,9,3.0,9.789059641071308,0.125,7,16.0,13.0
2,25,10,1.8,18.528715697016956,0.0,7,16.0,13.0
2,25,11,1.6,25.974468600439426,0.0,7,16.0,13.0
2,25,12,1.8,19.937991592059117,0.0,7,16.0,13.0
2,25,13,1.6,23.85373497531793,0.0,7,16.0,13.0
2,25,14,1.8,14.979464070943711,0.0,7,16.0,13.0
2,25,15,2.2,11.938581592039998,0.0,7,16.0,13.0
2,25,16,2.0,17.05239585759328,0.0,7,16.0,13.0
2,25,17,2.4,14.23055839835775,0.0,7,16.0,13.0
2,25,18,2.0,16.145130383489843,0.0,7,16.0,13.0
2,25,19,2.4,14.91213214544426,0.0,7,16.0,13.0
2,25,20,2.2,11.675117103723641,0.0,7,16.0,13.0
2,25,21,2.8,11.89653644703627,0.0,7,16.0,13.0
2,25,22,2.2,16.855505320392105,0.0,7,16.0,13.0
2,25,23,1.8,18.326350927906287,0.0,7,16.0,13.0
2,25,24,2.0,18.242186973193647,0.0,7,16.0,13.0
2,25,25,2.2,17.96130913578358,0.0,7,16.0,13.0
2,25,26,2.0,11.957145888760941,0.0,7,16.0,13.0
2,25,27,2.6,8.298522569096704,0.0,7,16.0,13.0
2,25,28,1.8,14.454459509248473,0.0,7,16.0,13.0
2,25,29,1.75,18.397667906935336,0.0,4,16.0,13.0
3,25,1,2.6,10.115574305414723,0.0,7,16.0,13.0
3,25,2,2.2,16.095194120117615,0.0,7,16.0,13.0
3,25,3,2.0,13.112627369798714,0.0,7,16.0,13.0
3,25,4,2.0,15.864048189068708,0.0,7,16.0,13.0
3,25,5,2.6,9.500170481530613,0.0,7,16.0,13.0
3,25,6,1.6,16.6167498805062,0.0,7,16.0,13.0
3,25,7,1.8,13.906935509518766,0.0,7,16.0,13.0
3,25,8,2.6,9.281704326765814,0.0,7,16.0,13.0
3,25,9,2.2,13.11942035038404,0.0,7,16.0,13.0
3,25,10,2.8,10.78622590947447,0.125,7,16.0,13.0
3,25,11,2.0,17.142808716691363,0.0,7,16.0,13.0
3,25,12,2.2,16.624425334002805,0.0,7,16.0,13.0
3,25,13,1.8,16.736694246870478,0.0,7,16.0,13.0
3,25,14,2.2,15.992840407795079,0.0,7,16.0,13.0
3,25,15,1.8,16.43195055076263,0.0,7,16.0,13.0
3,25,16,2.2,16.500113815594304,0.0,7,16.0,13.0
3,25,17,2.2,12.531019944710266,0.0,7,16.0,13.0
3,25,18,1.8,16.388249069952455,0.0,7,16.0,13.0
3,25,19,2.4,11.83148654825858,0.0,7,16.0,13.0
3,25,20,2.6,14.657047336102842,0.0,7,16.0,13.0
3,25,21,2.2,13.43901456374714,0.0,7,16.0,13.0
3,25,22,1.8,26.565584279456825,0.0,7,16.0,13.0
3,25,23,2.0,15.179760524798864,0.0,7,16.0,13.0
3,25,24,2.4,12.868402703279573,0.0,7,16.0,13.0
3,25,25,2.0,14.686929505420622,0.0,7,16.0,13.0
3,25,26,2.2,14.426235137666765,0.0,7,16.0,13.0
3,25,27,2.6,8.598665375256484,0.0,7,16.0,13.0
3,25,28,2.0,14.66528587566557,0.0,7,16.0,13.0
3,25,29,2.2,13.617805248779352,0.0,7,16.0,13.0
1,26,1,2.8,15.897802012042169,0.0,7,16.0,13.0
1,26,2,2.8,14.743594239856781,0.0,7,16.0,13.0
1,26,3,2.8,12.728803027101916,0.0,7,16.0,13.0
1,26,4,2.0,14.771482687819343,0.0,7,16.0,13.0
1,26,5,2.4,9.95590570489915,0.0,7,16.0,13.0
1,26,6,2.0,25.652122628058887,0.0,7,16.0,13.0
1,26,7,2.0,15.097898414883437,0.0,7,16.0,13.0
1,26,8,1.8,16.18796964083377,0.0,7,16.0,13.0
1,26,9,1.4,17.28128875043564,0.0,7,16.0,13.0
1,26,10,2.2,21.08034375652966,0.0,7,16.0,13.0
1,26,11,2.0,14.169975668248407,0.0,7,16.0,13.0
1,26,12,1.8,23.71927375100369,0.0,7,16.0,13.0
1,26,13,1.8,29.934190775874356,0.0,7,16.0,13.0
1,26,14,1.8,18.568467211408684,0.0,7,16.0,13.0
1,26,15,1.8,29.56675771780536,0.0,7,16.0,13.0
1,26,16,1.8,23.24055710680175,0.0,7,16.0,13.0
1,26,17,2.2,23.893739578301332,0.0,7,16.0,13.0
1,26,18,1.6,20.30078172729007,0.0,7,16.0,13.0
1,26,19,2.0,16.13549586237013,0.0,7,16.0,13.0
1,26,20,1.6,26.796947974496902,0.0,7,16.0,13.0
1,26,21,2.4,13.426432257646077,0.0,7,16.0,13.0
1,26,22,2.2,12.190881573075892,0.0,7,16.0,13.0
1,26,23,1.8,20.142576964447006,0.0,7,16.0,13.0
1,26,24,2.0,21.464410320476535,0.0,7,16.0,13.0
1,26,25,2.4,11.850952495892356,0.125,7,16.0,13.0
1,26,26,1.8,16.0073601741917,0.0,7,16.0,13.0
1,26,27,2.8,10.539683434574595,0.125,7,16.0,13.0
1,26,28,1.6,17.047337804243263,0.0,7,16.0,13.0
1,26,29,2.0,15.285352383936296,0.0,7,16.0,13.0
1,26,30,2.6,10.069844548638596,0.0,7,16.0,13.0
2,26,1,2.0,19.941464501560535,0.0,7,16.0,13.0
2,26,2,2.2,14.42114260601637,0.0,7,16.0,13.0
2,26,3,3.6,9.367532996102096,0.125,7,16.0,13.0
2,26,4,2.6,11.23076353271406,0.0,7,16.0,13.0
2,26,5,2.8,8.702893428636301,0.0,7,16.0,13.0
2,26,6,2.4,12.454248967986,0.0,7,16.0,13.0
2,26,7,2.0,12.436706522223822,0.0,7,16.0,13.0
2,26,8,2.0,17.080181018497953,0.0,7,16.0,13.0
2,26,9,2.6,13.716002722042745,0.125,7,16.0,13.0
2,26,10,1.6,19.82469349234153,0.0,7,16.0,13.0
2,26,11,1.8,19.755550116339872,0.0,7,16.0,13.0
2,26,12,1.6,30.09449526799707,0.0,7,16.0,13.0
2,26,13,2.8,9.363128140660493,0.125,7,16.0,13.0
2,26,14,2.2,11.643128343850217,0.0,7,16.0,13.0
2,26,15,2.4,14.03243161757229,0.0,7,16.0,13.0
2,26,16,2.0,17.444819919415032,0.0,7,16.0,13.0
2,26,17,2.4,12.609210831725218,0.0,7,16.0,13.0
2,26,18,2.2,11.47596368474796,0.0,7,16.0,13.0
2,26,19,2.0,13.96941787750889,0.0,7,16.0,13.0
2,26,20,2.6,14.943757702976193,0.125,7,16.0,13.0
2,26,21,2.0,18.561835658952873,0.0,7,16.0,13.0
2,26,22,2.0,17.1241238593981,0.0,7,16.0,13.0
2,26,23,2.2,13.500395538071704,0.0,7,16.0,13.0
2,26,24,2.8,10.20048512300572,0.0,7,16.0,13.0
2,26,25,1.8,16.884983708360277,0.0,7,16.0,13.0
2,26,26,2.4,9.776018828629985,0.0,7,16.0,13.0
2,26,27,2.2,12.059089684397751,0.0,7,16.0,13.0
3,26,1,2.0,14.211792323436804,0.0,7,16.0,13.0
3,26,2,2.6,10.314733322545647,0.0,7,16.0,13.0
3,26,3,2.0,13.98482260928635,0.0,7,16.0,13.0
3,26,4,2.0,17.415201987580733,0.0,7,16.0,13.0
3,26,5,2.0,12.511561281398011,0.0,7,16.0,13.0
3,26,6,2.2,12.601993268051249,0.0,7,16.0,13.0
3,26,7,2.2,11.451515704686189,0.0,7,16.0,13.0
3,26,8,2.0,11.991257088633791,0.0,7,16.0,13.0
3,26,9,2.4,12.015262268360027,0.0,7,16.0,13.0
3,26,10,2.2,15.70045553930144,0.0,7,16.0,13.0
3,26,11,2.2,12.639732637279987,0.0,7,16.0,13.0
3,26,12,2.6,13.5758251194879,0.0,7,16.0,13.0
3,26,13,1.6,27.056193852576975,0.0,7,16.0,13.0
3,26,14,1.6,18.633544579893353,0.0,7,16.0,13.0
3,26,15,1.8,17.66333854089674,0.0,7,16.0,13.0
3,26,16,2.6,13.34981662694491,0.125,7,16.0,13.0
3,26,17,1.8,15.042061306461235,0.0,7,16.0,13.0
3,26,18,2.6,12.749490137155025,0.0,7,16.0,13.0
3,26,19,2.2,13.391924552567463,0.0,7,16.0,13.0
3,26,20,2.4,19.20152888100621,0.0,7,16.0,13.0
3,26,21,2.8,11.078643676960082,0.125,7,16.0,13.0
3,26,22,2.0,17.36832944693165,0.0,7,16.0,13.0
3,26,23,3.0,9.768423172286818,0.125,7,16.0,13.0
3,26,24,2.2,15.548027601860003,0.0,7,16.0,13.0
3,26,25,2.4,12.844161123137328,0.0,7,16.0,13.0
3,26,26,2.4,9.583934759652564,0.0,7,16.0,13.0
3,26,27,2.4,10.436245195707981,0.0,7,16.0,13.0
3,26,28,1.8,18.103222648634986,0.0,7,16.0,13.0
1,27,1,2.8,14.804224291927902,0.0,7,16.0,13.0
1,27,2,2.8,14.92619022683478,0.0,7,16.0,13.0
1,27,3,2.6,12.59794288430504,0.0,7,16.0,13.0
1,27,4,2.2,14.804782229331396,0.0,7,16.0,13.0
1,27,5,2.2,11.384694171248823,0.0,7,16.0,13.0
1,27,6,2.0,25.350041252963845,0.0,7,16.0,13.0
1,27,7,2.2,14.202515008730325,0.0,7,16.0,13.0
1,27,8,2.0,13.539234735030343,0.0,7,16.0,13.0
1,27,9,1.8,15.188115780747879,0.0,7,16.0,13.0
1,27,10,2.0,20.511675046556114,0.0,7,16.0,13.0
1,27,11,2.0,14.063329939359274,0.0,7,16.0,13.0
1,27,12,1.8,20.19898208114572,0.0,7,16.0,13.0
1,27,13,1.8,32.76659604077655,0.0,7,16.0,13.0
1,27,14,2.0,15.678423322990444,0.0,7,16.0,13.0
1,27,15,2.0,19.896978237579795,0.0,7,16.0,13.0
1,27,16,2.0,28.20316008160621,0.0,7,16.0,13.0
1,27,17,1.6,18.241069888496963,0.0,7,16.0,13.0
1,27,18,2.2,14.554618347626626,0.0,7,16.0,13.0
1,27,19,1.8,20.717997266223364,0.0,7,16.0,13.0
1,27,20,2.4,11.952052758236457,0.0,7,16.0,13.0
1,27,21,2.2,18.532856506354108,0.0,7,16.0,13.0
1,27,22,2.0,12.870208174743583,0.0,7,16.0,13.0
1,27,23,2.6,13.436960167367115,0.0,7,16.0,13.0
1,27,24,2.0,12.032956252376556,0.0,7,16.0,13.0
1,27,25,2.0,14.471744906965073,0.0,7,16.0,13.0
1,27,26,2.4,13.314556842564174,0.0,7,16.0,13.0
1,27,27,2.2,16.13869099873503,0.0,7,16.0,13.0
1,27,28,2.2,12.864077418571393,0.0,7,16.0,13.0
1,27,29,2.6,11.353825984208598,0.125,7,16.0,13.0
2,27,1,2.8,12.448892135103494,0.0,7,16.0,13.0
2,27,2,2.0,14.313157059474483,0.0,7,16.0,13.0
2,27,3,3.0,11.365894515493416,0.125,7,16.0,13.0
2,27,4,2.4,11.054537596563671,0.0,7,16.0,13.0
2,27,5,2.8,9.368984685138877,0.0,7,16.0,13.0
2,27,6,2.4,12.400357851842648,0.0,7,16.0,13.0
2,27,7,1.8,17.425849493673038,0.0,7,16.0,13.0
2,27,8,2.4,11.991669660468538,0.0,7,16.0,13.0
2,27,9,2.6,11.433901008117521,0.125,7,16.0,13.0
2,27,10,2.6,10.709639749316501,0.0,7,16.0,13.0
2,27,11,2.2,14.19353429364079,0.0,7,16.0,13.0
2,27,12,2.0,15.736583190865119,0.0,7,16.0,13.0
2,27,13,2.2,10.97781880640707,0.0,7,16.0,13.0
2,27,14,2.2,17.097347961202676,0.0,7,16.0,13.0
2,27,15,2.2,16.7095031983819,0.0,7,16.0,13.0
2,27,16,2.2,12.770458091805553,0.0,7,16.0,13.0
2,27,17,1.4,48.6220998382202,0.0,7,16.0,13.0
2,27,18,2.2,12.674236004552059,0.0,7,16.0,13.0
2,27,19,1.8,14.017920418406957,0.0,7,16.0,13.0
2,27,20,2.6,11.155193017007083,0.0,7,16.0,13.0
2,27,21,2.8,11.194947902800717,0.0,7,16.0,13.0
2,27,22,2.4,11.82625648654742,0.0,7,16.0,13.0
2,27,23,2.2,19.316981925693025,0.0,7,16.0,13.0
2,27,24,2.2,11.616955502355356,0.0,7,16.0,13.0
2,27,25,2.0,12.02972666248296,0.0,7,16.0,13.0
2,27,26,1.8,12.340081250332233,0.0,7,16.0,13.0
2,27,27,2.4,12.742181922933808,0.0,7,16.0,13.0
3,27,1,2.4,10.94952995450508,0.0,7,16.0,13.0
3,27,2,2.2,13.690819591372856,0.0,7,16.0,13.0
3,27,3,1.8,13.76314620177765,0.0,7,16.0,13.0
3,27,4,2.2,17.17286368307667,0.0,7,16.0,13.0
3,27,5,2.4,11.368202060463148,0.0,7,16.0,13.0
3,27,6,2.0,14.336813254272435,0.0,7,16.0,13.0
3,27,7,1.8,14.297040802927429,0.0,7,16.0,13.0
3,27,8,2.0,13.901586687631568,0.0,7,16.0,13.0
3,27,9,1.8,16.06165141510156,0.0,7,16.0,13.0
3,27,10,2.4,16.919216187888793,0.125,7,16.0,13.0
3,27,11,1.8,16.49606195292348,0.0,7,16.0,13.0
3,27,12,1.8,19.624257119601857,0.0,7,16.0,13.0
3,27,13,2.0,16.477709709436322,0.0,7,16.0,13.0
3,27,14,2.2,11.794924869048632,0.0,7,16.0,13.0
3,27,15,1.8,24.729371939041975,0.0,7,16.0,13.0
3,27,16,2.0,12.824403323201622,0.0,7,16.0,13.0
3,27,17,2.2,15.170599160156197,0.0,7,16.0,13.0
3,27,18,2.0,14.670829334871195,0.0,7,16.0,13.0
3,27,19,2.8,10.463598540650338,0.0,7,16.0,13.0
3,27,20,1.8,20.53757819870389,0.0,7,16.0,13.0
3,27,21,2.2,18.584150930581245,0.0,7,16.0,13.0
3,27,22,2.4,12.794230601808906,0.0,7,16.0,13.0
3,27,23,2.0,19.332391963468357,0.0,7,16.0,13.0
3,27,24,1.8,15.033324429511225,0.0,7,16.0,13.0
3,27,25,2.0,17.728297214121493,0.0,7,16.0,13.0
3,27,26,2.2,15.300876046786044,0.0,7,16.0,13.0
3,27,27,2.0,15.826692133876332,0.0,7,16.0,13.0
3,27,28,2.2,12.046852573829485,0.0,7,16.0,13.0
3,27,29,1.8,14.508545640633999,0.0,7,16.0,13.0
3,27,30,2.6,10.048068009039955,0.0,7,16.0,13.0
1,28,1,2.8,14.695913339396846,0.0,7,16.0,13.0
1,28,2,2.8,14.743594239856781,0.0,7,16.0,13.0
1,28,3,2.6,12.704179722612398,0.0,7,16.0,13.0
1,28,4,1.8,25.037654544995174,0.0,7,16.0,13.0
1,28,5,2.4,9.879733322470626,0.0,7,16.0,13.0
1,28,6,2.2,27.71378324585318,0.0,7,16.0,13.0
1,28,7,2.2,11.363581425655095,0.0,7,16.0,13.0
1,28,8,1.8,16.773749965603002,0.0,7,16.0,13.0
1,28,9,1.8,20.91961308913371,0.0,7,16.0,13.0
1,28,10,2.2,17.35038724390875,0.0,7,16.0,13.0
1,28,11,1.8,13.793210777405807,0.0,7,16.0,13.0
1,28,12,1.6,31.12098915421045,0.0,7,16.0,13.0
1,28,13,1.8,20.686019809046645,0.0,7,16.0,13.0
1,28,14,2.0,12.706293302325948,0.0,7,16.0,13.0
1,28,15,2.4,14.216829591825823,0.0,7,16.0,13.0
1,28,16,2.0,20.31256817469027,0.0,7,16.0,13.0
1,28,17,2.0,21.142621052234695,0.0,7,16.0,13.0
1,28,18,1.4,21.139809688971273,0.0,7,16.0,13.0
1,28,19,1.8,23.097118413781175,0.0,7,16.0,13.0
1,28,20,1.8,17.097731136083944,0.0,7,16.0,13.0
1,28,21,2.2,23.0148711861061,0.0,7,16.0,13.0
1,28,22,1.8,18.422755236351676,0.0,7,16.0,13.0
1,28,23,2.2,15.407393046523444,0.0,7,16.0,13.0
1,28,24,1.8,20.19815714963056,0.0,7,16.0,13.0
1,28,25,2.2,10.319596279423378,0.0,7,16.0,13.0
1,28,26,2.2,11.600876136701686,0.0,7,16.0,13.0
1,28,27,2.4,15.581027166851054,0.125,7,16.0,13.0
1,28,28,1.8,17.48322161559414,0.0,7,16.0,13.0
1,28,29,2.4,11.970446345607986,0.0,7,16.0,13.0
1,28,30,2.8,11.136214632037456,0.14285714285714285,6,16.0,13.0
2,28,1,2.0,20.61356330318429,0.0,7,16.0,13.0
2,28,2,2.0,17.43045279376624,0.0,7,16.0,13.0
2,28,3,2.2,16.444079694728583,0.0,7,16.0,13.0
2,28,4,3.0,9.8177092785408,0.125,7,16.0,13.0
2,28,5,1.8,21.54685801116553,0.0,7,16.0,13.0
2,28,6,2.0,11.729165398638923,0.0,7,16.0,13.0
2,28,7,2.0,15.209459480128995,0.0,7,16.0,13.0
2,28,8,1.8,17.35802380136051,0.0,7,16.0,13.0
2,28,9,2.0,14.96483774040905,0.0,7,16.0,13.0
2,28,10,3.0,10.06906295478084,0.125,7,16.0,13.0
2,28,11,2.0,16.177667215933344,0.0,7,16.0,13.0
2,28,12,1.8,17.15169387969801,0.0,7,16.0,13.0
2,28,13,2.0,15.542693919073699,0.0,7,16.0,13.0
2,28,14,1.8,21.369891561548574,0.0,7,16.0,13.0
2,28,15,1.6,15.258629243499332,0.0,7,16.0,13.0
2,28,16,2.2,24.819376641849193,0.0,7,16.0,13.0
2,28,17,2.4,12.469854696735858,0.0,7,16.0,13.0
2,28,18,1.8,16.906800759758116,0.0,7,16.0,13.0
2,28,19,2.2,15.321232137545701,0.0,7,16.0,13.0
2,28,20,2.0,12.22453236438772,0.0,7,16.0,13.0
2,28,21,1.6,15.83160001955359,0.0,7,16.0,13.0
2,28,22,3.0,11.316215649231575,0.125,7,16.0,13.0
2,28,23,1.8,19.74732949068168,0.0,7,16.0,13.0
2,28,24,1.6,17.596985439880573,0.0,7,16.0,13.0
2,28,25,1.8,19.004363479836208,0.0,7,16.0,13.0
2,28,26,2.6,14.68437832486802,0.0,7,16.0,13.0
2,28,27,2.0,12.188634530204075,0.0,7,16.0,13.0
2,28,28,2.0,10.798277915789106,0.0,7,16.0,13.0
2,28,29,2.0,14.3264929140837,0.0,7,16.0,13.0
2,28,30,2.0,16.807160114734813,0.0,6,16.0,13.0
3,28,1,1.8,15.370647024082954,0.0,7,16.0,13.0
3,28,2,2.0,13.863366090207206,0.0,7,16.0,13.0
3,28,3,2.4,12.380310365568373,0.0,7,16.0,13.0
3,28,4,2.2,15.463096783396892,0.0,7,16.0,13.0
3,28,5,1.6,21.601169687516315,0.0,7,16.0,13.0
3,28,6,2.2,12.7376717782754,0.0,7,16.0,13.0
3,28,7,2.0,14.145398773700355,0.0,7,16.0,13.0
3,28,8,2.0,13.36896293869225,0.0,7,16.0,13.0
3,28,9,2.0,11.173671537023822,0.0,7,16.0,13.0
3,28,10,1.6,28.064849526903135,0.0,7,16.0,13.0
3,28,11,2.4,13.07279750506128,0.0,7,16.0,13.0
3,28,12,2.4,12.850156506669071,0.0,7,16.0,13.0
3,28,13,2.0,17.3175136157482,0.0,7,16.0,13.0
3,28,14,1.8,16.466335213503793,0.0,7,16.0,13.0
3,28,15,1.8,20.17192372412518,0.0,7,16.0,13.0
3,28,16,2.0,16.240165751865874,0.0,7,16.0,13.0
3,28,17,2.4,10.777217269241145,0.0,7,16.0,13.0
3,28,18,2.0,13.222013390438683,0.0,7,16.0,13.0
3,28,19,2.2,14.84229862494173,0.0,7,16.0,13.0
3,28,20,2.6,10.197800385164301,0.0,7,16.0,13.0
3,28,21,2.2,20.245071247487143,0.0,7,16.0,13.0
3,28,22,2.2,15.479852362216924,0.0,7,16.0,13.0
3,28,23,1.8,27.64632700813549,0.0,7,16.0,13.0
3,28,24,2.4,12.557214663842512,0.0,7,16.0,13.0
3,28,25,2.4,11.373037495140693,0.0,7,16.0,13.0
3,28,26,2.6,13.258712039237134,0.0,7,16.0,13.0
3,28,27,2.6,8.462411308833518,0.0,7,16.0,13.0
3,28,28,2.4,12.028857409085512,0.0,7,16.0,13.0
3,28,29,1.8,17.279036118448065,0.0,7,16.0,13.0
3,28,30,1.5,15.253745433397661,0.0,4,16.0,13.0
1,29,1,2.8,14.278067444936326,0.0,7,16.0,13.0
1,29,2,2.8,14.530290824542037,0.0,7,16.0,13.0
1,29,3,2.6,14.830223025151625,0.0,7,16.0,13.0
1,29,4,2.2,15.139536395919539,0.0,7,16.0,13.0
1,29,5,2.0,11.230344842499369,0.0,7,16.0,13.0
1,29,6,2.0,31.52435891206689,0.0,7,16.0,13.0
1,29,7,2.0,12.519614168259723,0.0,7,16.0,13.0
1,29,8,2.0,19.311794240013974,0.0,7,16.0,13.0
1,29,9,1.6,15.365992421422064,0.0,7,16.0,13.0
1,29,10,2.6,14.024857896254835,0.0,7,16.0,13.0
1,29,11,2.2,12.426433568175812,0.0,7,16.0,13.0
1,29,12,1.8,22.358537832925187,0.0,7,16.0,13.0
1,29,13,1.8,22.780457083537534,0.0,7,16.0,13.0
1,29,14,2.0,17.919287844038582,0.0,7,16.0,13.0
1,29,15,1.8,20.311636014573487,0.0,7,16.0,13.0
1,29,16,2.4,21.848479731949443,0.0,7,16.0,13.0
1,29,17,2.0,15.193120424188326,0.0,7,16.0,13.0
1,29,18,1.4,27.81973029000865,0.0,7,16.0,13.0
1,29,19,2.0,21.535244133734608,0.0,7,16.0,13.0
1,29,20,2.4,12.466225429059815,0.0,7,16.0,13.0
1,29,21,1.8,26.38153620245221,0.0,7,16.0,13.0
1,29,22,2.0,12.555950184675776,0.0,7,16.0,13.0
1,29,23,2.4,12.478670222119428,0.0,7,16.0,13.0
1,29,24,1.4,22.062045995583006,0.0,7,16.0,13.0
1,29,25,1.8,25.309591748379926,0.0,7,16.0,13.0
1,29,26,2.8,10.995206516194422,0.125,7,16.0,13.0
1,29,27,2.0,31.74510395863757,0.0,7,16.0,13.0
1,29,28,1.8,16.070268861173528,0.0,7,16.0,13.0
1,29,29,2.2,12.137709695848017,0.0,7,16.0,13.0
1,29,30,2.4,11.707177305033373,0.0,6,16.0,13.0
2,29,1,2.8,12.249430403279078,0.0,7,16.0,13.0
2,29,2,2.0,16.83454583561365,0.0,7,16.0,13.0
2,29,3,3.2,10.04468149964146,0.125,7,16.0,13.0
2,29,4,1.8,15.316213923281937,0.0,7,16.0,13.0
2,29,5,2.2,13.840667174493339,0.0,7,16.0,13.0
2,29,6,1.8,18.93368615831601,0.0,7,16.0,13.0
2,29,7,2.2,15.058710393295936,0.0,7,16.0,13.0
2,29,8,2.2,11.567259983807347,0.0,7,16.0,13.0
2,29,9,1.8,23.810728559156125,0.0,7,16.0,13.0
2,29,10,2.4,11.275481459985683,0.0,7,16.0,13.0
2,29,11,2.4,12.157134971867185,0.0,7,16.0,13.0
2,29,12,2.0,15.503629368680226,0.0,7,16.0,13.0
2,29,13,2.2,15.80110567258546,0.0,7,16.0,13.0
2,29,14,2.2,10.822417971406049,0.0,7,16.0,13.0
2,29,15,1.8,26.375349638483677,0.0,7,16.0,13.0
2,29,16,1.8,16.67492957137903,0.0,7,16.0,13.0
2,29,17,2.2,16.788006706352302,0.0,7,16.0,13.0
2,29,18,2.6,11.634034857554553,0.0,7,16.0,13.0
2,29,19,2.0,14.04985893209046,0.0,7,16.0,13.0
2,29,20,2.6,10.879627956755577,0.0,7,16.0,13.0
2,29,21,2.8,11.036720512994469,0.0,7,16.0,13.0
2,29,22,1.8,22.584257752416725,0.0,7,16.0,13.0
2,29,23,2.0,14.801711149220033,0.0,7,16.0,13.0
2,29,24,1.8,23.341500114742335,0.0,7,16.0,13.0
2,29,25,2.2,10.701528236777227,0.0,7,16.0,13.0
2,29,26,2.2,10.692301520045497,0.0,7,16.0,13.0
2,29,27,2.8,7.949426127483223,0.0,7,16.0,13.0
2,29,28,1.8,20.59618985580685,0.0,7,16.0,13.0
3,29,1,2.0,13.431535584642656,0.0,7,16.0,13.0
3,29,2,2.2,14.982069236080875,0.0,7,16.0,13.0
3,29,3,1.8,20.403109966728323,0.0,7,16.0,13.0
3,29,4,1.8,19.783126993178126,0.0,7,16.0,13.0
3,29,5,1.8,19.342892779692804,0.0,7,16.0,13.0
3,29,6,2.2,10.608461992615743,0.0,7,16.0,13.0
3,29,7,2.2,12.816045486770525,0.0,7,16.0,13.0
3,29,8,2.0,12.248817573286097,0.0,7,16.0,13.0
3,29,9,2.2,10.448146560970088,0.0,7,16.0,13.0
3,29,10,2.2,18.222904842940036,0.0,7,16.0,13.0
3,29,11,2.6,10.299214749952288,0.0,7,16.0,13.0
3,29,12,2.6,14.666290517852959,0.0,7,16.0,13.0
3,29,13,2.4,12.09863107175595,0.0,7,16.0,13.0
3,29,14,1.8,19.13855859410323,0.0,7,16.0,13.0
3,29,15,2.6,11.173078777116357,0.125,7,16.0,13.0
3,29,16,2.4,13.213761934922038,0.0,7,16.0,13.0
3,29,17,2.4,11.141171733640235,0.0,7,16.0,13.0
3,29,18,2.2,11.455611094418906,0.0,7,16.0,13.0
3,29,19,2.4,13.773727741575357,0.0,7,16.0,13.0
3,29,20,2.8,12.727769776962797,0.125,7,16.0,13.0
3,29,21,2.0,20.94796794054376,0.0,7,16.0,13.0
3,29,22,2.6,11.647255526883816,0.0,7,16.0,13.0
3,29,23,2.4,15.118061325156354,0.0,7,16.0,13.0
3,29,24,2.4,11.343165789955174,0.0,7,16.0,13.0
3,29,25,2.2,14.56364122382376,0.0,7,16.0,13.0
3,29,26,2.0,12.301631693351812,0.0,7,16.0,13.0
3,29,27,1.8,15.193329371960171,0.0,7,16.0,13.0
3,29,28,1.8,20.121331679301317,0.0,7,16.0,13.0
3,29,29,1.5,16.21415723588486,0.0,4,16.0,13.0
1,30,1,2.8,17.9320524704898,0.0,7,16.0,13.0
1,30,2,2.8,12.230082467766676,0.0,7,16.0,13.0
1,30,3,2.6,13.501154250916578,0.0,7,16.0,13.0
1,30,4,1.8,18.278491954125975,0.0,7,16.0,13.0
1,30,5,2.2,8.91116823971302,0.0,7,16.0,13.0
1,30,6,2.0,23.395101841990087,0.0,7,16.0,13.0
1,30,7,1.8,16.692244478792237,0.0,7,16.0,13.0
1,30,8,1.6,17.591365106706178,0.0,7,16.0,13.0
1,30,9,1.6,28.42118656912846,0.0,7,16.0,13.0
1,30,10,1.8,16.487689647490566,0.0,7,16.0,13.0
1,30,11,2.8,11.902180680449453,0.0,7,16.0,13.0
1,30,12,1.6,19.389720262897633,0.0,7,16.0,13.0
1,30,13,1.8,34.477928257628946,0.0,7,16.0,13.0
1,30,14,2.0,13.937278824113225,0.0,7,16.0,13.0
1,30,15,2.2,24.561385145480482,0.0,7,16.0,13.0
1,30,16,1.8,21.889800200902435,0.0,7,16.0,13.0
1,30,17,2.2,28.94330221492787,0.0,7,16.0,13.0
1,30,18,2.6,11.298699708497915,0.0,7,16.0,13.0
1,30,19,1.8,21.455661210298928,0.0,7,16.0,13.0
1,30,20,2.2,14.004319386940429,0.0,7,16.0,13.0
1,30,21,1.6,34.860434166571,0.0,7,16.0,13.0
1,30,22,2.2,12.34575410432955,0.0,7,16.0,13.0
1,30,23,2.0,17.849148270122303,0.0,7,16.0,13.0
1,30,24,2.8,8.324130035506998,0.0,7,16.0,13.0
1,30,25,2.0,21.742157931359458,0.0,7,16.0,13.0
1,30,26,2.4,12.443887191016762,0.125,7,16.0,13.0
1,30,27,2.0,22.241366020955308,0.0,7,16.0,13.0
1,30,28,2.2,13.783437333208337,0.0,7,16.0,13.0
1,30,29,2.2,14.137019340692131,0.0,7,16.0,13.0
1,30,30,2.0,14.04231965610132,0.0,4,16.0,13.0
2,30,1,2.6,14.23517702577032,0.0,7,16.0,13.0
2,30,2,1.8,16.81869478086705,0.0,7,16.0,13.0
2,30,3,2.2,17.017727294020567,0.0,7,16.0,13.0
2,30,4,2.2,13.496392911529568,0.0,7,16.0,13.0
2,30,5,2.0,18.186354524620178,0.0,7,16.0,13.0
2,30,6,2.4,8.852300203082699,0.0,7,16.0,13.0
2,30,7,2.2,12.2828677924124,0.0,7,16.0,13.0
2,30,8,2.0,15.61679913329998,0.0,7,16.0,13.0
2,30,9,2.2,14.080331102052824,0.0,7,16.0,13.0
2,30,10,2.6,11.924327596764929,0.0,7,16.0,13.0
2,30,11,2.4,15.64980693135438,0.0,7,16.0,13.0
2,30,12,2.4,13.738422954506719,0.0,7,16.0,13.0
2,30,13,1.4,36.61428419156667,0.0,7,16.0,13.0
2,30,14,2.2,10.89102372652134,0.0,7,16.0,13.0
2,30,15,2.4,13.835436014560143,0.0,7,16.0,13.0
2,30,16,1.8,15.731355835729907,0.0,7,16.0,13.0
2,30,17,1.8,23.006881542615798,0.0,7,16.0,13.0
2,30,18,1.8,17.580170652152688,0.0,7,16.0,13.0
2,30,19,2.0,15.038962004089807,0.0,7,16.0,13.0
2,30,20,2.2,14.12677732365241,0.0,7,16.0,13.0
2,30,21,2.6,13.446334211542826,0.0,7,16.0,13.0
2,30,22,2.4,15.78245996441055,0.0,7,16.0,13.0
2,30,23,1.8,15.76404061669196,0.0,7,16.0,13.0
2,30,24,2.2,15.41768312180949,0.0,7,16.0,13.0
2,30,25,2.6,13.721598989492882,0.125,7,16.0,13.0
2,30,26,2.2,11.834166872831332,0.0,7,16.0,13.0
2,30,27,2.4,8.893616433186798,0.0,7,16.0,13.0
2,30,28,2.4,11.862492403482186,0.0,7,16.0,13.0
3,30,1,2.4,12.097381496989822,0.0,7,16.0,13.0
3,30,2,2.0,14.829242040629683,0.0,7,16.0,13.0
3,30,3,2.0,13.077605117331013,0.0,7,16.0,13.0
3,30,4,2.4,15.068239533212655,0.0,7,16.0,13.0
3,30,5,2.0,11.77157419744169,0.0,7,16.0,13.0
3,30,6,2.0,13.841898956557724,0.0,7,16.0,13.0
3,30,7,2.0,14.085074762714578,0.0,7,16.0,13.0
3,30,8,2.0,15.140466355379997,0.0,7,16.0,13.0
3,30,9,2.2,10.619867603875978,0.0,7,16.0,13.0
3,30,10,3.0,12.82096651299994,0.125,7,16.0,13.0
3,30,11,1.8,14.308119433490916,0.0,7,16.0,13.0
3,30,12,2.6,12.94374537013679,0.0,7,16.0,13.0
3,30,13,2.2,11.274006934352546,0.0,7,16.0,13.0
3,30,14,1.8,22.39869332727999,0.0,7,16.0,13.0
3,30,15,2.6,9.140675695416572,0.125,7,16.0,13.0
3,30,16,2.2,13.167609715382834,0.0,7,16.0,13.0
3,30,17,2.4,12.798210547537984,0.0,7,16.0,13.0
3,30,18,2.2,13.137143088458984,0.0,7,16.0,13.0
3,30,19,2.4,13.9800234912737,0.0,7,16.0,13.0
3,30,20,2.4,11.600387006830005,0.0,7,16.0,13.0
3,30,21,2.0,25.276634745619955,0.0,7,16.0,13.0
3,30,22,2.0,17.148666947446983,0.0,7,16.0,13.0
3,30,23,1.8,17.117292169949522,0.0,7,16.0,13.0
3,30,24,2.4,12.43221854447842,0.0,7,16.0,13.0
3,30,25,2.4,13.900646419214903,0.0,7,16.0,13.0
3,30,26,2.0,12.65403019762549,0.0,7,16.0,13.0
3,30,27,1.8,16.88456804461028,0.0,7,16.0,13.0
3,30,28,2.0,12.971532261022451,0.0,7,16.0,13.0
3,30,29,2.0,15.052985536795752,0.0,7,16.0,13.0
1,31,1,2.8,13.66297934646707,0.0,7,16.0,13.0
1,31,2,2.8,14.088663104608766,0.0,7,16.0,13.0
1,31,3,2.6,12.894470199147028,0.0,7,16.0,13.0
1,31,4,2.0,18.473248220619578,0.0,7,16.0,13.0
1,31,5,2.8,8.561564781971658,0.0,7,16.0,13.0
1,31,6,2.0,20.48202265411684,0.0,7,16.0,13.0
1,31,7,2.0,13.639317768332058,0.0,7,16.0,13.0
1,31,8,1.8,17.75736532502532,0.0,7,16.0,13.0
1,31,9,3.0,9.559428815570149,0.125,7,16.0,13.0
1,31,10,1.4,30.190255279511543,0.0,7,16.0,13.0
1,31,11,1.4,26.423009382347544,0.0,7,16.0,13.0
1,31,12,1.8,20.613556542457474,0.0,7,16.0,13.0
1,31,13,1.8,36.764773840333476,0.0,7,16.0,13.0
1,31,14,2.0,15.242197336470198,0.0,7,16.0,13.0
1,31,15,1.8,27.46626963072673,0.0,7,16.0,13.0
1,31,16,2.2,20.557593015140572,0.0,7,16.0,13.0
1,31,17,2.4,12.534022248164225,0.0,7,16.0,13.0
1,31,18,2.2,14.391843485622603,0.0,7,16.0,13.0
1,31,19,1.6,22.354388974744953,0.0,7,16.0,13.0
1,31,20,1.8,24.26194865184621,0.0,7,16.0,13.0
1,31,21,2.2,21.900584026015416,0.0,7,16.0,13.0
1,31,22,2.2,13.216122472190158,0.0,7,16.0,13.0
1,31,23,2.2,12.953706718820044,0.0,7,16.0,13.0
1,31,24,2.6,9.798275621952005,0.0,7,16.0,13.0
1,31,25,2.4,11.053868470478378,0.0,7,16.0,13.0
1,31,26,2.8,13.50909512258644,0.125,7,16.0,13.0
1,31,27,1.8,15.858806763356291,0.0,7,16.0,13.0
1,31,28,2.2,15.122855138366422,0.0,7,16.0,13.0
1,31,29,2.4,11.68447706976307,0.0,7,16.0,13.0
2,31,1,2.4,17.20819495684507,0.0,7,16.0,13.0
2,31,2,2.2,14.256063277282859,0.0,7,16.0,13.0
2,31,3,3.6,8.740430937306794,0.125,7,16.0,13.0
2,31,4,1.8,15.679198686115612,0.0,7,16.0,13.0
2,31,5,1.8,16.9021140210514,0.0,7,16.0,13.0
2,31,6,2.2,13.300463406917052,0.0,7,16.0,13.0
2,31,7,2.0,17.183454061698605,0.0,7,16.0,13.0
2,31,8,1.8,12.786827553937178,0.0,7,16.0,13.0
2,31,9,2.6,14.082882648296469,0.125,7,16.0,13.0
2,31,10,2.2,10.96813655989648,0.0,7,16.0,13.0
2,31,11,1.8,15.444067787919986,0.0,7,16.0,13.0
2,31,12,2.0,19.306266129323035,0.0,7,16.0,13.0
2,31,13,1.6,21.832344627028615,0.0,7,16.0,13.0
2,31,14,2.2,9.941319088893055,0.0,7,16.0,13.0
2,31,15,2.4,14.79994249972217,0.0,7,16.0,13.0
2,31,16,2.2,12.853492368258841,0.0,7,16.0,13.0
2,31,17,2.2,16.74205191292358,0.0,7,16.0,13.0
2,31,18,2.4,12.08560275791618,0.0,7,16.0,13.0
2,31,19,2.2,12.663875481030153,0.0,7,16.0,13.0
2,31,20,2.0,11.723284517177808,0.0,7,16.0,13.0
2,31,21,2.2,21.393083509220496,0.0,7,16.0,13.0
2,31,22,2.4,13.661526292523854,0.0,7,16.0,13.0
2,31,23,2.0,13.372351330729714,0.0,7,16.0,13.0
2,31,24,1.8,18.898132225967707,0.0,7,16.0,13.0
2,31,25,1.8,33.427389239220176,0.0,7,16.0,13.0
2,31,26,2.2,12.01734232052968,0.0,7,16.0,13.0
2,31,27,2.4,9.015726512469428,0.0,7,16.0,13.0
2,31,28,2.6,11.00516470057516,0.125,7,16.0,13.0
3,31,1,2.4,11.314126033136581,0.0,7,16.0,13.0
3,31,2,2.6,11.1951857425831,0.0,7,16.0,13.0
3,31,3,2.0,14.324375738659883,0.0,7,16.0,13.0
3,31,4,2.0,21.97597639525493,0.0,7,16.0,13.0
3,31,5,2.4,9.798308632274242,0.0,7,16.0,13.0
3,31,6,1.8,14.986560396516426,0.0,7,16.0,13.0
3,31,7,2.2,11.911793808494073,0.0,7,16.0,13.0
3,31,8,2.4,9.659306641876698,0.0,7,16.0,13.0
3,31,9,1.8,21.592736124298987,0.0,7,16.0,13.0
3,31,10,2.8,11.60486523799269,0.125,7,16.0,13.0
3,31,11,2.2,14.935623399636697,0.0,7,16.0,13.0
3,31,12,2.4,12.916620832051946,0.0,7,16.0,13.0
3,31,13,2.2,13.175183287862552,0.0,7,16.0,13.0
3,31,14,1.8,17.732733745002975,0.0,7,16.0,13.0
3,31,15,2.2,13.442860423248378,0.0,7,16.0,13.0
3,31,16,2.6,9.678754918595288,0.0,7,16.0,13.0
3,31,17,2.6,12.1420292317566,0.0,7,16.0,13.0
3,31,18,2.2,13.51025308271158,0.0,7,16.0,13.0
3,31,19,1.6,40.94327008496086,0.0,7,16.0,13.0
3,31,20,2.4,11.801846600201316,0.0,7,16.0,13.0
3,31,21,2.6,16.502485879518158,0.0,7,16.0,13.0
3,31,22,2.2,12.583827667262856,0.0,7,16.0,13.0
3,31,23,2.6,11.589145254099082,0.0,7,16.0,13.0
3,31,24,2.2,14.84389587076589,0.0,7,16.0,13.0
3,31,25,2.2,16.141668039940168,0.0,7,16.0,13.0
3,31,26,1.8,12.967803472497701,0.0,7,16.0,13.0
3,31,27,2.2,11.60114734232843,0.0,7,16.0,13.0
3,31,28,2.6,11.098382029254816,0.16666666666666666,5,16.0,13.0
1,32,1,2.8,16.924769172524876,0.0,7,16.0,13.0
1,32,2,2.8,17.330027937362285,0.0,7,16.0,13.0
1,32,3,2.8,13.839680357623646,0.0,7,16.0,13.0
1,32,4,1.6,31.126790275395752,0.0,7,16.0,13.0
1,32,5,2.0,12.509791092430673,0.0,7,16.0,13.0
1,32,6,2.0,15.448081610880424,0.0,7,16.0,13.0
1,32,7,2.0,14.914810138205196,0.0,7,16.0,13.0
1,32,8,1.8,18.55629713587804,0.0,7,16.0,13.0
1,32,9,2.0,15.631865768580157,0.0,7,16.0,13.0
1,32,10,1.8,19.818244121432382,0.0,7,16.0,13.0
1,32,11,2.2,13.30071478321731,0.0,7,16.0,13.0
1,32,12,1.6,23.933259550887943,0.0,7,16.0,13.0
1,32,13,2.0,22.969965112718615,0.0,7,16.0,13.0
1,32,14,2.4,12.819617832123905,0.0,7,16.0,13.0
1,32,15,2.4,14.284229367430774,0.0,7,16.0,13.0
1,32,16,2.0,22.768511468257906,0.0,7,16.0,13.0
1,32,17,2.2,18.252683985821488,0.0,7,16.0,13.0
1,32,18,1.4,29.711962430104236,0.0,7,16.0,13.0
1,32,19,1.6,28.42280213758886,0.0,7,16.0,13.0
1,32,20,1.6,24.488256941150276,0.0,7,16.0,13.0
1,32,21,2.0,28.696663876806422,0.0,7,16.0,13.0
1,32,22,2.0,19.393917059737078,0.0,7,16.0,13.0
1,32,23,2.4,13.798963515174115,0.0,7,16.0,13.0
1,32,24,2.2,14.013483864718317,0.0,7,16.0,13.0
1,32,25,2.2,11.293001706669301,0.0,7,16.0,13.0
1,32,26,2.2,12.317185314960861,0.0,7,16.0,13.0
1,32,27,2.0,21.863159285845487,0.0,7,16.0,13.0
1,32,28,1.6,20.673337195078947,0.0,7,16.0,13.0
1,32,29,2.0,14.944191469453855,0.0,7,16.0,13.0
1,32,30,2.8,9.04874744577314,0.125,7,16.0,13.0
2,32,1,2.4,22.046490393696732,0.0,7,16.0,13.0
2,32,2,2.6,10.830851542719449,0.0,7,16.0,13.0
2,32,3,3.0,10.836805333373333,0.0,7,16.0,13.0
2,32,4,2.2,11.728208884871524,0.0,7,16.0,13.0
2,32,5,2.2,12.412517361912695,0.0,7,16.0,13.0
2,32,6,2.0,11.367614178204015,0.0,7,16.0,13.0
2,32,7,1.8,20.668067543266552,0.0,7,16.0,13.0
2,32,8,2.0,12.986377780555767,0.0,7,16.0,13.0
2,32,9,1.8,19.06141542568137,0.0,7,16.0,13.0
2,32,10,2.2,12.470936384125007,0.0,7,16.0,13.0
2,32,11,2.4,13.5070019974664,0.0,7,16.0,13.0
2,32,12,2.2,16.23300052973403,0.0,7,16.0,13.0
2,32,13,2.0,20.81242205572566,0.0,7,16.0,13.0
2,32,14,2.0,12.26964128584493,0.0,7,16.0,13.0
2,32,15,2.2,17.240809672803046,0.0,7,16.0,13.0
2,32,16,1.8,20.469934818968643,0.0,7,16.0,13.0
2,32,17,1.8,21.547873522374985,0.0,7,16.0,13.0
2,32,18,2.2,14.502233072744444,0.0,7,16.0,13.0
2,32,19,2.4,11.778395693828957,0.0,7,16.0,13.0
2,32,20,3.0,8.642726521517197,0.125,7,16.0,13.0
2,32,21,2.6,10.711987327319948,0.0,7,16.0,13.0
2,32,22,1.8,23.632157699829655,0.0,7,16.0,13.0
2,32,23,1.8,19.348191358737566,0.0,7,16.0,13.0
2,32,24,2.2,15.79037296633028,0.0,7,16.0,13.0
2,32,25,2.6,10.390753423418227,0.0,7,16.0,13.0
2,32,26,2.6,9.436793321440348,0.0,7,16.0,13.0
2,32,27,1.6,17.805129116297337,0.0,7,16.0,13.0
2,32,28,2.6,11.653893379011057,0.125,7,16.0,13.0
3,32,1,1.6,19.281713402647213,0.0,7,16.0,13.0
3,32,2,2.6,10.412428444001094,0.0,7,16.0,13.0
3,32,3,2.2,13.588212105918393,0.0,7,16.0,13.0
3,32,4,2.0,19.17632027934371,0.0,7,16.0,13.0
3,32,5,2.4,11.211530257280607,0.0,7,16.0,13.0
3,32,6,2.0,13.748552698754802,0.0,7,16.0,13.0
3,32,7,2.2,13.010574203129961,0.0,7,16.0,13.0
3,32,8,2.2,12.305466096441652,0.0,7,16.0,13.0
3,32,9,1.8,13.296333645732153,0.0,7,16.0,13.0
3,32,10,2.0,22.62158663073177,0.125,7,16.0,13.0
3,32,11,2.2,11.305520557573828,0.0,7,16.0,13.0
3,32,12,2.2,20.450196464318747,0.0,7,16.0,13.0
3,32,13,2.0,14.421031637533218,0.0,7,16.0,13.0
3,32,14,2.2,13.103318501885227,0.0,7,16.0,13.0
3,32,15,2.2,14.82367954516574,0.0,7,16.0,13.0
3,32,16,2.0,15.65914438167968,0.0,7,16.0,13.0
3,32,17,1.8,12.248897867933255,0.0,7,16.0,13.0
3,32,18,2.6,12.274617968917694,0.0,7,16.0,13.0
3,32,19,1.8,18.68076038694481,0.0,7,16.0,13.0
3,32,20,2.0,18.615044101466616,0.0,7,16.0,13.0
3,32,21,2.6,12.840560645192042,0.0,7,16.0,13.0
3,32,22,2.2,18.480444161877333,0.0,7,16.0,13.0
3,32,23,2.2,14.977401428692536,0.0,7,16.0,13.0
3,32,24,2.4,14.22696780849255,0.0,7,16.0,13.0
3,32,25,1.8,17.270810346067492,0.0,7,16.0,13.0
3,32,26,2.4,12.985720738989588,0.0,7,16.0,13.0
3,32,27,2.4,10.981822672163872,0.0,7,16.0,13.0
3,32,28,2.2,11.480698267312706,0.0,7,16.0,13.0
3,32,29,2.0,16.324445633031324,0.0,7,16.0,13.0
1,33,1,2.8,15.650074845529625,0.0,7,16.0,13.0
1,33,2,2.8,13.990534813142702,0.0,7,16.0,13.0
1,33,3,2.8,12.465493885088122,0.0,7,16.0,13.0
1,33,4,2.0,15.413803063597163,0.0,7,16.0,13.0
1,33,5,2.4,9.955905704899141,0.0,7,16.0,13.0
1,33,6,1.8,33.52437302940855,0.0,7,16.0,13.0
1,33,7,2.0,12.70426436907785,0.0,7,16.0,13.0
1,33,8,1.8,16.657929945871903,0.0,7,16.0,13.0
1,33,9,1.4,23.30267981352703,0.0,7,16.0,13.0
1,33,10,2.0,19.88350074785626,0.0,7,16.0,13.0
1,33,11,2.2,12.574628592136651,0.0,7,16.0,13.0
1,33,12,1.8,19.33161260767587,0.0,7,16.0,13.0
1,33,13,2.0,20.847377261440048,0.0,7,16.0,13.0
1,33,14,1.8,15.351757003503787,0.0,7,16.0,13.0
1,33,15,2.4,16.50392622706761,0.0,7,16.0,13.0
1,33,16,2.4,17.082041924525317,0.0,7,16.0,13.0
1,33,17,1.8,23.322589141571985,0.0,7,16.0,13.0
1,33,18,1.8,19.92961388469244,0.0,7,16.0,13.0
1,33,19,1.8,25.76771954894435,0.0,7,16.0,13.0
1,33,20,2.4,13.385714518998983,0.0,7,16.0,13.0
1,33,21,2.0,20.3180260820701,0.0,7,16.0,13.0
1,33,22,2.2,13.308844172247252,0.0,7,16.0,13.0
1,33,23,2.2,16.109937154814226,0.0,7,16.0,13.0
1,33,24,2.2,10.59436236505821,0.0,7,16.0,13.0
1,33,25,2.2,13.517107758500307,0.0,7,16.0,13.0
1,33,26,2.2,13.32644699135933,0.0,7,16.0,13.0
1,33,27,2.4,13.220947762920357,0.0,7,16.0,13.0
1,33,28,2.0,15.481703368634744,0.0,7,16.0,13.0
1,33,29,2.8,9.416380626803484,0.125,7,16.0,13.0
2,33,1,2.6,13.422897522015974,0.0,7,16.0,13.0
2,33,2,2.0,17.28745159670471,0.0,7,16.0,13.0
2,33,3,3.0,14.411711908595521,0.125,7,16.0,13.0
2,33,4,2.2,13.209825240115286,0.0,7,16.0,13.0
2,33,5,2.2,13.504503084608018,0.0,7,16.0,13.0
2,33,6,2.4,11.059120720996527,0.0,7,16.0,13.0
2,33,7,2.2,13.473699958193484,0.0,7,16.0,13.0
2,33,8,1.8,14.917799926230124,0.0,7,16.0,13.0
2,33,9,2.6,12.817615101875075,0.0,7,16.0,13.0
2,33,10,2.4,11.923082811926829,0.0,7,16.0,13.0
2,33,11,2.4,12.545857045698172,0.0,7,16.0,13.0
2,33,12,2.2,15.571394448279603,0.0,7,16.0,13.0
2,33,13,3.0,8.193194577409928,0.125,7,16.0,13.0
2,33,14,2.2,17.063879183562815,0.0,7,16.0,13.0
2,33,15,1.8,20.264009519493754,0.0,7,16.0,13.0
2,33,16,1.8,18.046301422418747,0.0,7,16.0,13.0
2,33,17,1.8,17.06881067886065,0.0,7,16.0,13.0
2,33,18,2.4,11.281365451616551,0.0,7,16.0,13.0
2,33,19,2.0,10.71420460775096,0.0,7,16.0,13.0
2,33,20,2.4,15.302772248794648,0.125,7,16.0,13.0
2,33,21,1.8,20.69640697902326,0.0,7,16.0,13.0
2,33,22,2.2,12.771426126814086,0.0,7,16.0,13.0
2,33,23,2.0,18.228642902485763,0.0,7,16.0,13.0
2,33,24,2.2,17.583087998737515,0.0,7,16.0,13.0
2,33,25,2.4,11.617598845652722,0.0,7,16.0,13.0
2,33,26,1.8,12.960888267878962,0.0,7,16.0,13.0
2,33,27,2.0,13.800431225154476,0.0,7,16.0,13.0
2,33,28,2.2,14.186141203314056,0.125,7,16.0,13.0
3,33,1,2.0,13.826262571578118,0.0,7,16.0,13.0
3,33,2,2.0,15.22968087179834,0.0,7,16.0,13.0
3,33,3,2.0,16.467692768890842,0.0,7,16.0,13.0
3,33,4,2.2,15.28467547285848,0.0,7,16.0,13.0
3,33,5,2.2,11.416566964974205,0.0,7,16.0,13.0
3,33,6,2.0,12.529033640318914,0.0,7,16.0,13.0
3,33,7,2.0,13.124519591077213,0.0,7,16.0,13.0
3,33,8,2.2,12.436774085052239,0.0,7,16.0,13.0
3,33,9,2.2,10.8229797752083,0.0,7,16.0,13.0
3,33,10,2.4,16.150224193970786,0.0,7,16.0,13.0
3,33,11,2.4,10.62324669291039,0.0,7,16.0,13.0
3,33,12,2.6,14.820803940949887,0.0,7,16.0,13.0
3,33,13,2.2,12.899529951009177,0.0,7,16.0,13.0
3,33,14,2.8,11.475479648118313,0.0,7,16.0,13.0
3,33,15,2.4,11.748544887804462,0.0,7,16.0,13.0
3,33,16,2.4,11.066035075375671,0.0,7,16.0,13.0
3,33,17,2.8,10.773468812303372,0.0,7,16.0,13.0
3,33,18,2.6,10.926539603077057,0.0,7,16.0,13.0
3,33,19,2.2,16.705963319673927,0.0,7,16.0,13.0
3,33,20,2.4,11.16004572163726,0.0,7,16.0,13.0
3,33,21,2.6,13.877802165924457,0.0,7,16.0,13.0
3,33,22,1.8,16.167104059310223,0.0,7,16.0,13.0
3,33,23,1.6,22.529837443407185,0.0,7,16.0,13.0
3,33,24,1.8,21.766567273144332,0.0,7,16.0,13.0
3,33,25,2.0,15.932499470541197,0.0,7,16.0,13.0
3,33,26,2.6,8.951616670597838,0.0,7,16.0,13.0
3,33,27,2.4,10.426036883141485,0.0,7,16.0,13.0
3,33,28,1.8,17.621429030518378,0.0,7,16.0,13.0
1,34,1,2.8,14.624582238158514,0.0,7,16.0,13.0
1,34,2,2.8,12.355462179622034,0.0,7,16.0,13.0
1,34,3,2.8,13.528967241252046,0.0,7,16.0,13.0
1,34,4,2.4,10.912455504723848,0.0,7,16.0,13.0
1,34,5,2.2,11.729460378311197,0.0,7,16.0,13.0
1,34,6,2.2,18.288740419751367,0.0,7,16.0,13.0
1,34,7,2.0,13.576497690325091,0.0,7,16.0,13.0
1,34,8,1.4,27.872383761420856,0.0,7,16.0,13.0
1,34,9,1.8,18.595615903509355,0.0,7,16.0,13.0
1,34,10,2.2,15.558518159188427,0.0,7,16.0,13.0
1,34,11,1.8,14.701802114557967,0.0,7,16.0,13.0
1,34,12,2.0,19.133777922357723,0.0,7,16.0,13.0
1,34,13,1.8,24.113017997211806,0.0,7,16.0,13.0
1,34,14,2.0,14.335682641121258,0.0,7,16.0,13.0
1,34,15,2.0,21.30381387673916,0.0,7,16.0,13.0
1,34,16,2.0,18.733862886152135,0.0,7,16.0,13.0
1,34,17,2.4,15.909310550681145,0.0,7,16.0,13.0
1,34,18,1.6,21.81932208935383,0.0,7,16.0,13.0
1,34,19,1.8,24.874934440336894,0.0,7,16.0,13.0
1,34,20,2.0,16.86377182791662,0.0,7,16.0,13.0
1,34,21,2.0,26.727628095752628,0.0,7,16.0,13.0
1,34,22,2.4,10.688348878784915,0.0,7,16.0,13.0
1,34,23,2.2,16.829820618989118,0.0,7,16.0,13.0
1,34,24,2.0,11.928309661740851,0.0,7,16.0,13.0
1,34,25,2.2,17.576400740194806,0.0,7,16.0,13.0
1,34,26,2.0,13.472012704350425,0.0,7,16.0,13.0
1,34,27,2.4,15.401134714739856,0.0,7,16.0,13.0
1,34,28,2.6,11.922930322987296,0.0,7,16.0,13.0
1,34,29,2.6,10.16624465270909,0.125,7,16.0,13.0
2,34,1,2.0,22.345767917675428,0.0,7,16.0,13.0
2,34,2,2.2,13.64876904658469,0.0,7,16.0,13.0
2,34,3,2.0,18.437955610701053,0.0,7,16.0,13.0
2,34,4,2.4,12.909148172861073,0.0,7,16.0,13.0
2,34,5,2.4,13.560089951407043,0.0,7,16.0,13.0
2,34,6,1.8,15.079018666813614,0.0,7,16.0,13.0
2,34,7,1.8,18.4246889500944,0.0,7,16.0,13.0
2,34,8,2.0,14.639486436979228,0.0,7,16.0,13.0
2,34,9,2.0,14.633826121088541,0.0,7,16.0,13.0
2,34,10,3.0,9.984407612998488,0.125,7,16.0,13.0
2,34,11,2.0,14.934510897544385,0.0,7,16.0,13.0
2,34,12,2.2,13.634443406044964,0.0,7,16.0,13.0
2,34,13,1.8,18.190048666381426,0.0,7,16.0,13.0
2,34,14,1.8,18.749453370406897,0.0,7,16.0,13.0
2,34,15,2.0,13.19941008767086,0.0,7,16.0,13.0
2,34,16,2.2,16.11264844724654,0.0,7,16.0,13.0
2,34,17,1.4,30.25851650490808,0.0,7,16.0,13.0
2,34,18,1.8,19.118090484662922,0.0,7,16.0,13.0
2,34,19,2.2,15.26922989644282,0.0,7,16.0,13.0
2,34,20,2.2,11.900212342580181,0.0,7,16.0,13.0
2,34,21,2.8,8.48174350717217,0.125,7,16.0,13.0
2,34,22,2.0,18.320575293834363,0.0,7,16.0,13.0
2,34,23,2.6,11.841585670324553,0.0,7,16.0,13.0
2,34,24,2.0,13.14653382033859,0.0,7,16.0,13.0
2,34,25,2.2,16.094564303520713,0.0,7,16.0,13.0
2,34,26,2.0,15.774561898326702,0.0,7,16.0,13.0
2,34,27,1.8,16.931727605640237,0.0,7,16.0,13.0
2,34,28,1.8,11.934400541272328,0.0,7,16.0,13.0
2,34,29,2.2,11.608372315342118,0.0,7,16.0,13.0
2,34,30,1.4,34.76012700846509,0.0,6,16.0,13.0
3,34,1,2.0,15.314981583685832,0.0,7,16.0,13.0
3,34,2,2.0,15.079484209695593,0.0,7,16.0,13.0
3,34,3,2.0,15.351664990294445,0.0,7,16.0,13.0
3,34,4,2.0,19.555636965683366,0.0,7,16.0,13.0
3,34,5,1.8,14.651787660032966,0.0,7,16.0,13.0
3,34,6,2.2,10.613579335996205,0.0,7,16.0,13.0
3,34,7,2.0,13.050005313220652,0.0,7,16.0,13.0
3,34,8,1.8,14.317729676268453,0.0,7,16.0,13.0
3,34,9,2.4,9.654022421762773,0.0,7,16.0,13.0
3,34,10,2.6,13.59688339279257,0.0,7,16.0,13.0
3,34,11,1.8,19.15348804725413,0.0,7,16.0,13.0
3,34,12,2.4,13.422345626515588,0.0,7,16.0,13.0
3,34,13,2.0,16.5552249690987,0.0,7,16.0,13.0
3,34,14,2.6,11.761765442364881,0.0,7,16.0,13.0
3,34,15,1.8,18.688828650049928,0.0,7,16.0,13.0
3,34,16,2.0,14.25195547376315,0.0,7,16.0,13.0
3,34,17,2.2,13.150504370277766,0.0,7,16.0,13.0
3,34,18,2.6,12.348968301358267,0.0,7,16.0,13.0
3,34,19,2.6,11.25100884404665,0.0,7,16.0,13.0
3,34,20,1.8,26.763220086566097,0.0,7,16.0,13.0
3,34,21,2.4,10.742389995202487,0.0,7,16.0,13.0
3,34,22,2.0,23.093298349293597,0.0,7,16.0,13.0
3,34,23,2.2,14.87997172284005,0.0,7,16.0,13.0
3,34,24,2.6,13.324192089708479,0.0,7,16.0,13.0
3,34,25,2.0,16.698058434438686,0.0,7,16.0,13.0
3,34,26,2.0,16.44661984208467,0.0,7,16.0,13.0
3,34,27,2.4,10.266995770398724,0.0,7,16.0,13.0
3,34,28,2.2,11.535505339740086,0.0,7,16.0,13.0
3,34,29,2.6,10.93957377975438,0.16666666666666666,5,16.0,13.0
1,35,1,2.8,14.483977426968305,0.0,7,16.0,13.0
1,35,2,2.8,16.798612410113584,0.0,7,16.0,13.0
1,35,3,2.6,15.320373315762675,0.0,7,16.0,13.0
1,35,4,2.2,11.86150008622736,0.0,7,16.0,13.0
1,35,5,2.0,13.523875376737177,0.0,7,16.0,13.0
1,35,6,2.0,17.308479771153763,0.0,7,16.0,13.0
1,35,7,1.6,18.61468802909798,0.0,7,16.0,13.0
1,35,8,1.8,13.398824677165988,0.0,7,16.0,13.0
1,35,9,1.6,19.524173582101177,0.0,7,16.0,13.0
1,35,10,2.0,14.518771617332808,0.0,7,16.0,13.0
1,35,11,2.4,13.334095439849865,0.0,7,16.0,13.0
1,35,12,1.8,17.747107883129246,0.0,7,16.0,13.0
1,35,13,2.2,19.04642862696542,0.0,7,16.0,13.0
1,35,14,1.8,15.469989879468013,0.0,7,16.0,13.0
1,35,15,2.0,25.17607545138085,0.0,7,16.0,13.0
1,35,16,2.0,19.368644989509303,0.0,7,16.0,13.0
1,35,17,2.0,24.70232690710189,0.0,7,16.0,13.0
1,35,18,2.2,15.459611306681515,0.0,7,16.0,13.0
1,35,19,1.8,26.257429427801526,0.0,7,16.0,13.0
1,35,20,1.6,17.121250651762065,0.0,7,16.0,13.0
1,35,21,2.0,22.344683063528276,0.0,7,16.0,13.0
1,35,22,2.2,13.209355650181124,0.0,7,16.0,13.0
1,35,23,2.0,18.532349743091707,0.0,7,16.0,13.0
1,35,24,2.0,16.91510815164509,0.0,7,16.0,13.0
1,35,25,2.2,12.550009453857546,0.125,7,16.0,13.0
1,35,26,2.6,9.927014661466012,0.0,7,16.0,13.0
1,35,27,1.8,23.62776075171367,0.0,7,16.0,13.0
1,35,28,2.4,10.283276310020682,0.0,7,16.0,13.0
1,35,29,2.6,11.087360106973806,0.125,7,16.0,13.0
1,35,30,2.0,13.520469688779038,0.0,5,16.0,13.0
2,35,1,2.2,19.927396419049764,0.0,7,16.0,13.0
2,35,2,2.4,11.442317665165977,0.0,7,16.0,13.0
2,35,3,3.2,11.800803260447344,0.125,7,16.0,13.0
2,35,4,2.0,16.048461898116546,0.0,7,16.0,13.0
2,35,5,1.8,17.21902390646184,0.0,7,16.0,13.0
2,35,6,2.0,14.28100352695834,0.0,7,16.0,13.0
2,35,7,2.0,13.156516186939365,0.0,7,16.0,13.0
2,35,8,1.8,14.899585367691925,0.0,7,16.0,13.0
2,35,9,3.2,10.525505527662832,0.125,7,16.0,13.0
2,35,10,2.0,12.44618161353937,0.0,7,16.0,13.0
2,35,11,2.0,19.25645347190298,0.0,7,16.0,13.0
2,35,12,2.0,19.170881582087045,0.0,7,16.0,13.0
2,35,13,2.2,16.728640927954398,0.0,7,16.0,13.0
2,35,14,2.0,11.486193747055252,0.0,7,16.0,13.0
2,35,15,2.2,17.24080967280316,0.0,7,16.0,13.0
2,35,16,2.2,15.916241608392099,0.0,7,16.0,13.0
2,35,17,2.2,15.238941351751885,0.0,7,16.0,13.0
2,35,18,2.2,12.816888593510106,0.0,7,16.0,13.0
2,35,19,1.6,21.625709332533063,0.0,7,16.0,13.0
2,35,20,1.8,14.363663454860506,0.0,7,16.0,13.0
2,35,21,2.2,15.539896703658014,0.0,7,16.0,13.0
2,35,22,2.6,12.202537265019075,0.0,7,16.0,13.0
2,35,23,1.8,16.84957035855006,0.0,7,16.0,13.0
2,35,24,1.8,17.044757002291107,0.0,7,16.0,13.0
2,35,25,2.2,16.059511002696187,0.0,7,16.0,13.0
2,35,26,2.0,15.995796545317093,0.0,7,16.0,13.0
2,35,27,2.2,10.419539534097114,0.0,7,16.0,13.0
2,35,28,2.0,12.763636928027987,0.0,7,16.0,13.0
2,35,29,2.2,14.42027212476997,0.0,6,16.0,13.0
3,35,1,2.0,13.55056825219227,0.0,7,16.0,13.0
3,35,2,2.0,14.96876658554443,0.0,7,16.0,13.0
3,35,3,2.4,12.412419998167206,0.0,7,16.0,13.0
3,35,4,2.4,13.415642406468976,0.0,7,16.0,13.0
3,35,5,2.4,10.373302898068971,0.0,7,16.0,13.0
3,35,6,2.4,12.86211644618222,0.0,7,16.0,13.0
3,35,7,1.6,14.36058253547378,0.0,7,16.0,13.0
3,35,8,2.0,14.47523970677532,0.0,7,16.0,13.0
3,35,9,1.8,13.622088800362246,0.0,7,16.0,13.0
3,35,10,2.6,18.27790704756552,0.125,7,16.0,13.0
3,35,11,2.2,12.235165395329165,0.0,7,16.0,13.0
3,35,12,2.0,22.22499458032018,0.0,7,16.0,13.0
3,35,13,1.8,14.034281450674298,0.0,7,16.0,13.0
3,35,14,2.4,14.446985474638888,0.0,7,16.0,13.0
3,35,15,2.4,10.917796758972237,0.0,7,16.0,13.0
3,35,16,2.2,13.24778405894746,0.0,7,16.0,13.0
3,35,17,2.2,11.69255143843317,0.0,7,16.0,13.0
3,35,18,2.0,16.32853858086755,0.0,7,16.0,13.0
3,35,19,2.2,12.24273950962849,0.0,7,16.0,13.0
3,35,20,2.6,13.316705492204974,0.0,7,16.0,13.0
3,35,21,2.4,12.609586240191476,0.0,7,16.0,13.0
3,35,22,2.0,21.283343316184435,0.0,7,16.0,13.0
3,35,23,1.8,14.464470764375134,0.0,7,16.0,13.0
3,35,24,2.2,17.81657512084702,0.0,7,16.0,13.0
3,35,25,2.6,12.133250971863667,0.0,7,16.0,13.0
3,35,26,2.4,10.308384932368298,0.0,7,16.0,13.0
3,35,27,1.6,16.603585275727873,0.0,7,16.0,13.0
3,35,28,1.8,14.091975719219414,0.0,7,16.0,13.0
3,35,29,1.8,17.550847417837815,0.0,7,16.0,13.0
1,36,1,2.8,13.601302128335595,0.0,7,16.0,13.0
1,36,2,2.8,17.084366477686014,0.0,7,16.0,13.0
1,36,3,2.8,12.892196466051487,0.0,7,16.0,13.0
1,36,4,2.0,17.831117329616916,0.0,7,16.0,13.0
1,36,5,2.0,12.591358758430435,0.0,7,16.0,13.0
1,36,6,2.0,35.41500520576606,0.0,7,16.0,13.0
1,36,7,1.6,16.94016102144525,0.0,7,16.0,13.0
1,36,8,2.0,15.476284994800643,0.0,7,16.0,13.0
1,36,9,2.0,14.753904732012147,0.0,7,16.0,13.0
1,36,10,2.4,16.106379977195893,0.0,7,16.0,13.0
1,36,11,2.0,12.6753776916588,0.0,7,16.0,13.0
1,36,12,1.8,20.74981393029603,0.0,7,16.0,13.0
1,36,13,2.0,20.67702330165119,0.0,7,16.0,13.0
1,36,14,1.8,15.614393634008927,0.0,7,16.0,13.0
1,36,15,2.2,19.86916865045239,0.0,7,16.0,13.0
1,36,16,2.0,22.941876882303617,0.0,7,16.0,13.0
1,36,17,2.2,16.19269859982055,0.0,7,16.0,13.0
1,36,18,2.0,19.0739329047804,0.0,7,16.0,13.0
1,36,19,2.0,21.145573707394256,0.0,7,16.0,13.0
1,36,20,2.4,12.38646523486607,0.0,7,16.0,13.0
1,36,21,2.0,18.968062464322347,0.0,7,16.0,13.0
1,36,22,1.6,15.96094799933184,0.0,7,16.0,13.0
1,36,23,2.0,19.087293273268173,0.0,7,16.0,13.0
1,36,24,2.4,10.700698624479443,0.125,7,16.0,13.0
1,36,25,1.8,15.509013027874406,0.0,7,16.0,13.0
1,36,26,1.8,16.36095718748478,0.0,7,16.0,13.0
1,36,27,2.2,17.80455188428617,0.0,7,16.0,13.0
1,36,28,2.0,13.373799597797394,0.0,7,16.0,13.0
1,36,29,2.6,9.980082558048617,0.125,7,16.0,13.0
1,36,30,1.8,15.86670107813147,0.0,6,16.0,13.0
2,36,1,2.4,15.160716745921674,0.0,7,16.0,13.0
2,36,2,2.0,14.361154134144186,0.0,7,16.0,13.0
2,36,3,2.2,17.06521008068835,0.0,7,16.0,13.0
2,36,4,2.6,13.627779366508635,0.125,7,16.0,13.0
2,36,5,2.0,14.682794873101134,0.0,7,16.0,13.0
2,36,6,2.0,11.8522739128746,0.0,7,16.0,13.0
2,36,7,1.8,19.18216450524046,0.0,7,16.0,13.0
2,36,8,1.8,20.295649112231075,0.0,7,16.0,13.0
2,36,9,2.0,15.654284508308983,0.0,7,16.0,13.0
2,36,10,2.4,12.958730009479554,0.0,7,16.0,13.0
2,36,11,2.6,11.91048164081511,0.0,7,16.0,13.0
2,36,12,2.2,14.78609860245298,0.0,7,16.0,13.0
2,36,13,2.2,15.441102288733898,0.0,7,16.0,13.0
2,36,14,3.4,7.229020520284065,0.2222222222222222,7,16.0,13.0
2,36,15,3.2,10.523924131569116,0.125,7,16.0,13.0
2,36,16,2.6,13.842643615506274,0.0,7,16.0,13.0
2,36,17,1.6,23.074577988691654,0.0,7,16.0,13.0
2,36,18,1.8,17.33663718837621,0.0,7,16.0,13.0
2,36,19,2.0,13.566338908964404,0.0,7,16.0,13.0
2,36,20,2.8,11.672298356153753,0.0,7,16.0,13.0
2,36,21,2.6,10.708704788144622,0.0,7,16.0,13.0
2,36,22,1.8,20.751339784040834,0.0,7,16.0,13.0
2,36,23,1.6,26.469790803726188,0.0,7,16.0,13.0
2,36,24,2.4,13.551255529766708,0.0,7,16.0,13.0
2,36,25,1.8,16.719264451684353,0.0,7,16.0,13.0
2,36,26,2.4,8.99209013180154,0.0,7,16.0,13.0
2,36,27,2.6,10.640363891954706,0.125,7,16.0,13.0
2,36,28,1.5,20.45414909465855,0.0,4,16.0,13.0
3,36,1,2.4,12.595651817416165,0.0,7,16.0,13.0
3,36,2,2.2,16.022041755498627,0.0,7,16.0,13.0
3,36,3,2.0,15.790057307539136,0.0,7,16.0,13.0
3,36,4,2.0,17.71790385980469,0.0,7,16.0,13.0
3,36,5,2.2,11.891858670978355,0.0,7,16.0,13.0
3,36,6,2.0,14.195290075762518,0.0,7,16.0,13.0
3,36,7,2.2,13.122231510570034,0.0,7,16.0,13.0
3,36,8,1.8,13.322067658464059,0.0,7,16.0,13.0
3,36,9,2.4,10.073080942467636,0.0,7,16.0,13.0
3,36,10,2.4,14.689632568680347,0.0,7,16.0,13.0
3,36,11,1.8,19.535429894918096,0.0,7,16.0,13.0
3,36,12,2.2,23.006019494668692,0.0,7,16.0,13.0
3,36,13,2.0,15.806229374764523,0.0,7,16.0,13.0
3,36,14,2.2,15.058821443430467,0.0,7,16.0,13.0
3,36,15,2.4,11.377466877253473,0.0,7,16.0,13.0
3,36,16,2.6,10.26723168716629,0.0,7,16.0,13.0
3,36,17,2.6,11.499923703518931,0.0,7,16.0,13.0
3,36,18,2.6,9.933143828949328,0.0,7,16.0,13.0
3,36,19,1.8,21.51010798661419,0.0,7,16.0,13.0
3,36,20,2.0,18.70723415661717,0.0,7,16.0,13.0
3,36,21,2.2,15.15758625449918,0.0,7,16.0,13.0
3,36,22,2.0,22.37333085052639,0.0,7,16.0,13.0
3,36,23,2.4,12.671891024681534,0.0,7,16.0,13.0
3,36,24,2.0,14.913485401432963,0.0,7,16.0,13.0
3,36,25,1.6,28.474368012278937,0.0,7,16.0,13.0
3,36,26,2.4,13.22407641247957,0.0,7,16.0,13.0
3,36,27,1.8,13.306358994984732,0.0,7,16.0,13.0
3,36,28,2.0,12.158814904016621,0.0,7,16.0,13.0
3,36,29,2.0,16.95812157937139,0.0,7,16.0,13.0
1,37,1,2.8,16.877367208553448,0.0,7,16.0,13.0
1,37,2,2.8,17.582857353565572,0.0,7,16.0,13.0
1,37,3,2.8,11.579236209738927,0.0,7,16.0,13.0
1,37,4,2.6,10.143784662878753,0.0,7,16.0,13.0
1,37,5,2.4,13.210012470758498,0.0,7,16.0,13.0
1,37,6,2.4,12.701991553208455,0.0,7,16.0,13.0
1,37,7,2.0,12.78032466738086,0.0,7,16.0,13.0
1,37,8,1.8,19.870226068247618,0.0,7,16.0,13.0
1,37,9,1.8,16.53566755101271,0.0,7,16.0,13.0
1,37,10,2.0,15.403213285566423,0.0,7,16.0,13.0
1,37,11,2.0,14.934687908281365,0.0,7,16.0,13.0
1,37,12,2.0,20.542543938718385,0.0,7,16.0,13.0
1,37,13,2.0,13.211066409187005,0.0,7,16.0,13.0
1,37,14,2.4,16.306457602674257,0.0,7,16.0,13.0
1,37,15,2.4,18.4332724205621,0.0,7,16.0,13.0
1,37,16,2.4,13.95645062125152,0.0,7,16.0,13.0
1,37,17,1.6,21.355374860801685,0.0,7,16.0,13.0
1,37,18,2.0,25.684570461245794,0.0,7,16.0,13.0
1,37,19,2.4,13.286853979154358,0.0,7,16.0,13.0
1,37,20,2.0,14.665921652202004,0.0,7,16.0,13.0
1,37,21,2.4,12.645673852085688,0.0,7,16.0,13.0
1,37,22,2.0,18.72919889363104,0.0,7,16.0,13.0
1,37,23,2.4,11.600010579850439,0.125,7,16.0,13.0
1,37,24,2.2,13.712785877969052,0.0,7,16.0,13.0
1,37,25,2.2,20.44858498952835,0.0,7,16.0,13.0
1,37,26,1.8,16.30637444703546,0.0,7,16.0,13.0
1,37,27,2.0,17.868903762567776,0.0,7,16.0,13.0
1,37,28,2.6,10.564136672921723,0.0,7,16.0,13.0
2,37,1,2.8,10.915830616078651,0.0,7,16.0,13.0
2,37,2,2.0,16.29628322377586,0.0,7,16.0,13.0
2,37,3,2.6,14.503855105809645,0.0,7,16.0,13.0
2,37,4,2.6,10.402066627957053,0.0,7,16.0,13.0
2,37,5,2.6,11.557100904706134,0.0,7,16.0,13.0
2,37,6,2.0,14.478548587454958,0.0,7,16.0,13.0
2,37,7,2.2,12.839125731158767,0.0,7,16.0,13.0
2,37,8,2.2,12.283334529491317,0.0,7,16.0,13.0
2,37,9,2.6,12.456263688682904,0.125,7,16.0,13.0
2,37,10,2.0,15.541712425183498,0.0,7,16.0,13.0
2,37,11,2.2,13.30810417154758,0.0,7,16.0,13.0
2,37,12,1.8,20.236341471132924,0.0,7,16.0,13.0
2,37,13,2.2,13.748381136691377,0.0,7,16.0,13.0
2,37,14,2.0,14.079786119850453,0.0,7,16.0,13.0
2,37,15,1.8,29.56079730301903,0.0,7,16.0,13.0
2,37,16,1.6,20.172795045148938,0.0,7,16.0,13.0
2,37,17,2.6,10.050810395580958,0.0,7,16.0,13.0
2,37,18,2.4,11.195457446129216,0.0,7,16.0,13.0
2,37,19,1.8,19.210901347340112,0.0,7,16.0,13.0
2,37,20,2.0,13.375623909216374,0.0,7,16.0,13.0
2,37,21,2.4,14.651745141914843,0.0,7,16.0,13.0
2,37,22,2.0,14.854012734524943,0.0,7,16.0,13.0
2,37,23,2.0,15.875291435023968,0.0,7,16.0,13.0
2,37,24,2.2,17.97102342033251,0.0,7,16.0,13.0
2,37,25,2.4,10.906341602113773,0.0,7,16.0,13.0
2,37,26,2.2,11.155434927042013,0.0,7,16.0,13.0
2,37,27,2.2,11.016468470010988,0.0,7,16.0,13.0
2,37,28,2.2,17.902547165001657,0.0,7,16.0,13.0
3,37,1,2.4,10.217823534868588,0.0,7,16.0,13.0
3,37,2,2.2,14.199379107012346,0.0,7,16.0,13.0
3,37,3,2.0,15.47053439310847,0.0,7,16.0,13.0
3,37,4,2.4,15.044775908153943,0.0,7,16.0,13.0
3,37,5,1.8,14.845739439359939,0.0,7,16.0,13.0
3,37,6,2.0,12.745754433744874,0.0,7,16.0,13.0
3,37,7,1.8,16.39541367390685,0.0,7,16.0,13.0
3,37,8,2.6,10.312564647754398,0.0,7,16.0,13.0
3,37,9,1.8,14.917891100715929,0.0,7,16.0,13.0
3,37,10,2.0,19.3323925575143,0.0,7,16.0,13.0
3,37,11,2.0,11.386049813140374,0.0,7,16.0,13.0
3,37,12,2.2,19.859821281813698,0.0,7,16.0,13.0
3,37,13,2.6,10.681939274396544,0.0,7,16.0,13.0
3,37,14,2.0,16.11285703406535,0.0,7,16.0,13.0
3,37,15,1.8,20.23644174239441,0.0,7,16.0,13.0
3,37,16,2.6,11.479915201138917,0.125,7,16.0,13.0
3,37,17,3.2,7.911186452704942,0.125,7,16.0,13.0
3,37,18,2.2,11.862975928095207,0.0,7,16.0,13.0
3,37,19,2.2,14.93551552035061,0.0,7,16.0,13.0
3,37,20,2.8,12.003372840412686,0.125,7,16.0,13.0
3,37,21,2.0,18.423872300426876,0.0,7,16.0,13.0
3,37,22,2.2,12.966956800090774,0.0,7,16.0,13.0
3,37,23,3.0,9.716357705173337,0.125,7,16.0,13.0
3,37,24,1.4,32.15104446310788,0.0,7,16.0,13.0
3,37,25,1.8,18.761693539143096,0.0,7,16.0,13.0
3,37,26,2.4,10.184724958732836,0.0,7,16.0,13.0
3,37,27,2.6,10.850440515320123,0.0,7,16.0,13.0
3,37,28,2.0,14.869727191080342,0.0,7,16.0,13.0
1,38,1,2.8,14.4492476530675,0.0,7,16.0,13.0
1,38,2,2.8,13.735420315642672,0.0,7,16.0,13.0
1,38,3,2.6,14.54387985460864,0.0,7,16.0,13.0
1,38,4,2.4,12.72438449806227,0.0,7,16.0,13.0
1,38,5,2.6,10.089561892893231,0.0,7,16.0,13.0
1,38,6,2.0,18.558263474006736,0.0,7,16.0,13.0
1,38,7,2.2,12.332174270049979,0.0,7,16.0,13.0
1,38,8,1.8,15.376767498629127,0.0,7,16.0,13.0
1,38,9,2.6,11.617016210637967,0.0,7,16.0,13.0
1,38,10,2.6,10.99533797436949,0.0,7,16.0,13.0
1,38,11,1.8,22.534486687717937,0.0,7,16.0,13.0
1,38,12,2.0,20.192030892704913,0.0,7,16.0,13.0
1,38,13,1.4,21.94298114270173,0.0,7,16.0,13.0
1,38,14,1.8,26.336278183663026,0.0,7,16.0,13.0
1,38,15,1.8,27.479807784926855,0.0,7,16.0,13.0
1,38,16,2.2,15.933394898235463,0.0,7,16.0,13.0
1,38,17,2.2,12.579683366510448,0.0,7,16.0,13.0
1,38,18,1.8,33.49662564831314,0.0,7,16.0,13.0
1,38,19,1.8,19.042828385482164,0.0,7,16.0,13.0
1,38,20,2.2,20.863441562160595,0.0,7,16.0,13.0
1,38,21,2.0,13.540202483818224,0.0,7,16.0,13.0
1,38,22,2.0,20.5552378152704,0.0,7,16.0,13.0
1,38,23,1.8,18.241595941112706,0.0,7,16.0,13.0
1,38,24,2.6,9.411576808193027,0.0,7,16.0,13.0
1,38,25,3.2,9.04307764310107,0.125,7,16.0,13.0
1,38,26,2.2,16.600429493125315,0.0,7,16.0,13.0
1,38,27,2.2,13.569527294408244,0.0,7,16.0,13.0
1,38,28,2.0,14.686870731448582,0.0,7,16.0,13.0
1,38,29,2.0,17.574570737368614,0.0,4,16.0,13.0
2,38,1,2.4,20.157330058805776,0.0,7,16.0,13.0
2,38,2,2.2,12.768018125486748,0.0,7,16.0,13.0
2,38,3,3.4,12.480350465949527,0.125,7,16.0,13.0
2,38,4,2.4,10.65885787496143,0.0,7,16.0,13.0
2,38,5,2.2,13.091801205398927,0.0,7,16.0,13.0
2,38,6,1.8,16.341093064466957,0.0,7,16.0,13.0
2,38,7,2.0,17.644017687828775,0.0,7,16.0,13.0
2,38,8,2.0,13.14507133403103,0.0,7,16.0,13.0
2,38,9,2.0,20.744436392270302,0.0,7,16.0,13.0
2,38,10,2.6,10.832512431910263,0.0,7,16.0,13.0
2,38,11,2.4,10.935874182261568,0.0,7,16.0,13.0
2,38,12,2.4,15.529233815572958,0.0,7,16.0,13.0
2,38,13,3.4,7.140916432052895,0.2222222222222222,7,16.0,13.0
2,38,14,3.4,9.527951050316188,0.5,7,16.0,13.0
2,38,15,1.8,19.922102896469205,0.0,7,16.0,13.0
2,38,16,2.2,14.722820221675516,0.0,7,16.0,13.0
2,38,17,2.6,11.136800275967229,0.0,7,16.0,13.0
2,38,18,2.2,12.28206030974385,0.0,7,16.0,13.0
2,38,19,2.6,13.562456953370067,0.0,7,16.0,13.0
2,38,20,2.6,13.16724224656582,0.0,7,16.0,13.0
2,38,21,2.4,12.528807780223099,0.0,7,16.0,13.0
2,38,22,2.2,19.690113274829514,0.0,7,16.0,13.0
2,38,23,1.8,15.664575915345889,0.0,7,16.0,13.0
2,38,24,2.4,10.375858566056579,0.0,7,16.0,13.0
2,38,25,2.0,13.153320222388015,0.0,7,16.0,13.0
2,38,26,2.2,14.715161716843008,0.0,7,16.0,13.0
3,38,1,2.4,10.969167723776986,0.0,7,16.0,13.0
3,38,2,2.0,14.045954793003027,0.0,7,16.0,13.0
3,38,3,1.8,18.698570967625294,0.0,7,16.0,13.0
3,38,4,2.4,16.907537928485887,0.0,7,16.0,13.0
3,38,5,2.6,9.67210177443325,0.0,7,16.0,13.0
3,38,6,1.8,17.024297874957586,0.0,7,16.0,13.0
3,38,7,2.6,9.380324674836485,0.0,7,16.0,13.0
3,38,8,2.4,10.15312211492725,0.0,7,16.0,13.0
3,38,9,1.8,19.098616604066724,0.0,7,16.0,13.0
3,38,10,2.4,13.656597433334252,0.0,7,16.0,13.0
3,38,11,2.6,9.841676859991326,0.0,7,16.0,13.0
3,38,12,1.8,19.94293584356528,0.0,7,16.0,13.0
3,38,13,2.2,11.314870477918612,0.0,7,16.0,13.0
3,38,14,2.4,14.532214641432278,0.0,7,16.0,13.0
3,38,15,2.8,11.961171273456312,0.125,7,16.0,13.0
3,38,16,2.4,9.033686143655707,0.0,7,16.0,13.0
3,38,17,2.4,16.86672626878356,0.0,7,16.0,13.0
3,38,18,1.6,18.35072005310918,0.0,7,16.0,13.0
3,38,19,1.8,29.19967578578798,0.0,7,16.0,13.0
3,38,20,2.4,12.47591407453618,0.125,7,16.0,13.0
3,38,21,2.2,14.460597622108784,0.0,7,16.0,13.0
3,38,22,2.8,10.41642899505068,0.0,7,16.0,13.0
3,38,23,2.0,17.059118814916932,0.0,7,16.0,13.0
3,38,24,2.0,16.628548665914003,0.0,7,16.0,13.0
3,38,25,2.4,11.996510480281483,0.0,7,16.0,13.0
3,38,26,2.4,9.553013362406414,0.0,7,16.0,13.0
3,38,27,2.4,10.699628130768087,0.0,7,16.0,13.0
3,38,28,2.0,14.422316691855142,0.0,7,16.0,13.0
1,39,1,2.8,16.41755338991018,0.0,7,16.0,13.0
1,39,2,2.8,13.136564022061775,0.0,7,16.0,13.0
1,39,3,2.6,14.68565578174459,0.0,7,16.0,13.0
1,39,4,2.0,15.975559061003604,0.0,7,16.0,13.0
1,39,5,2.0,10.37702043924347,0.0,7,16.0,13.0
1,39,6,2.6,18.581312854350145,0.0,7,16.0,13.0
1,39,7,2.2,10.410246498144929,0.0,7,16.0,13.0
1,39,8,1.8,17.705192055471503,0.0,7,16.0,13.0
1,39,9,1.8,14.961854901658375,0.0,7,16.0,13.0
1,39,10,2.0,21.08585933083452,0.0,7,16.0,13.0
1,39,11,2.0,14.4338676830854,0.0,7,16.0,13.0
1,39,12,2.0,18.60103538540069,0.0,7,16.0,13.0
1,39,13,2.0,20.465224173717928,0.0,7,16.0,13.0
1,39,14,2.0,14.587106455679987,0.0,7,16.0,13.0
1,39,15,1.8,17.553175174480174,0.0,7,16.0,13.0
1,39,16,2.2,20.891633496576173,0.0,7,16.0,13.0
1,39,17,2.0,14.29226142325741,0.0,7,16.0,13.0
1,39,18,1.4,27.069905512367004,0.0,7,16.0,13.0
1,39,19,1.6,32.73696501528905,0.0,7,16.0,13.0
1,39,20,2.0,16.188059478124796,0.0,7,16.0,13.0
1,39,21,2.0,39.20811657348318,0.0,7,16.0,13.0
1,39,22,2.2,12.073660612816596,0.0,7,16.0,13.0
1,39,23,2.8,12.339707379420839,0.0,7,16.0,13.0
1,39,24,2.2,10.594362365058231,0.0,7,16.0,13.0
1,39,25,2.2,15.186275626819087,0.0,7,16.0,13.0
1,39,26,2.8,11.805807127949588,0.125,7,16.0,13.0
1,39,27,2.0,13.050767165960124,0.0,7,16.0,13.0
1,39,28,2.2,14.019885462447203,0.0,7,16.0,13.0
1,39,29,2.4,12.735170157725069,0.0,7,16.0,13.0
2,39,1,2.4,18.180063001230696,0.0,7,16.0,13.0
2,39,2,2.4,11.848652723033627,0.0,7,16.0,13.0
2,39,3,2.4,13.28902512450072,0.0,7,16.0,13.0
2,39,4,2.6,10.9612567921562,0.0,7,16.0,13.0
2,39,5,2.0,14.762486244396126,0.0,7,16.0,13.0
2,39,6,1.8,17.92722900810194,0.0,7,16.0,13.0
2,39,7,2.0,15.528113501646713,0.0,7,16.0,13.0
2,39,8,2.0,13.102795678528588,0.0,7,16.0,13.0
2,39,9,2.4,13.193694252442382,0.0,7,16.0,13.0
2,39,10,2.6,11.229922120250164,0.0,7,16.0,13.0
2,39,11,2.4,14.992934255890965,0.0,7,16.0,13.0
2,39,12,2.4,13.412542338816774,0.0,7,16.0,13.0
2,39,13,2.6,10.519403762479657,0.0,7,16.0,13.0
2,39,14,2.6,11.692494809897184,0.0,7,16.0,13.0
2,39,15,2.0,14.806356563306732,0.0,7,16.0,13.0
2,39,16,1.8,19.29365022068035,0.0,7,16.0,13.0
2,39,17,2.4,12.948752891934756,0.0,7,16.0,13.0
2,39,18,2.0,14.387446363933433,0.0,7,16.0,13.0
2,39,19,2.0,12.77303809308322,0.0,7,16.0,13.0
2,39,20,2.4,15.187225955771996,0.125,7,16.0,13.0
2,39,21,1.6,21.824473679853302,0.0,7,16.0,13.0
2,39,22,2.0,17.88266711459515,0.0,7,16.0,13.0
2,39,23,2.2,13.50269297988103,0.0,7,16.0,13.0
2,39,24,2.0,21.360518129198613,0.0,7,16.0,13.0
2,39,25,2.2,11.52768532479847,0.0,7,16.0,13.0
2,39,26,1.6,17.13280392643575,0.0,7,16.0,13.0
2,39,27,1.8,14.777725428222515,0.0,7,16.0,13.0
2,39,28,2.8,9.869274543241325,0.125,7,16.0,13.0
3,39,1,2.2,12.066624246665206,0.0,7,16.0,13.0
3,39,2,2.0,15.074661205267812,0.0,7,16.0,13.0
3,39,3,2.4,12.454916387405362,0.0,7,16.0,13.0
3,39,4,2.0,15.919343186302841,0.0,7,16.0,13.0
3,39,5,1.8,13.313876844838633,0.0,7,16.0,13.0
3,39,6,2.4,10.423057116005833,0.0,7,16.0,13.0
3,39,7,2.2,11.537927648705578,0.0,7,16.0,13.0
3,39,8,2.4,10.008668523722038,0.0,7,16.0,13.0
3,39,9,2.2,13.091338759475061,0.0,7,16.0,13.0
3,39,10,3.0,10.528102478993112,0.125,7,16.0,13.0
3,39,11,2.2,13.772222892004656,0.0,7,16.0,13.0
3,39,12,2.0,20.096626437362694,0.0,7,16.0,13.0
3,39,13,2.6,10.778667861816341,0.0,7,16.0,13.0
3,39,14,1.8,16.123830169840527,0.0,7,16.0,13.0
3,39,15,2.2,13.003860085590263,0.0,7,16.0,13.0
3,39,16,2.4,10.268822153388156,0.0,7,16.0,13.0
3,39,17,2.6,11.31117698972214,0.0,7,16.0,13.0
3,39,18,2.2,11.374555134479007,0.0,7,16.0,13.0
3,39,19,1.8,21.981334621219997,0.0,7,16.0,13.0
3,39,20,2.2,14.976800417478977,0.0,7,16.0,13.0
3,39,21,2.6,16.458078871901126,0.0,7,16.0,13.0
3,39,22,2.2,13.80519642897516,0.0,7,16.0,13.0
3,39,23,2.0,15.987545964409936,0.0,7,16.0,13.0
3,39,24,2.0,18.204277851612904,0.0,7,16.0,13.0
3,39,25,2.2,12.953846373357443,0.0,7,16.0,13.0
3,39,26,2.4,9.97847882085133,0.0,7,16.0,13.0
3,39,27,2.0,12.25027070398003,0.0,7,16.0,13.0
3,39,28,2.0,14.83366314798656,0.0,7,16.0,13.0
1,40,1,2.8,14.483977426968309,0.0,7,16.0,13.0
1,40,2,2.8,15.704159694075816,0.0,7,16.0,13.0
1,40,3,2.8,12.042019996059354,0.0,7,16.0,13.0
1,40,4,2.2,12.38652490278702,0.0,7,16.0,13.0
1,40,5,2.4,10.581847593527838,0.0,7,16.0,13.0
1,40,6,2.0,20.551876965443007,0.0,7,16.0,13.0
1,40,7,2.0,14.63292300508628,0.0,7,16.0,13.0
1,40,8,2.2,15.027321746198867,0.0,7,16.0,13.0
1,40,9,2.0,14.182549676820683,0.0,7,16.0,13.0
1,40,10,2.2,15.24862779247288,0.0,7,16.0,13.0
1,40,11,2.0,16.71611861124997,0.0,7,16.0,13.0
1,40,12,1.8,25.887301967047044,0.0,7,16.0,13.0
1,40,13,2.0,13.439926947276435,0.0,7,16.0,13.0
1,40,14,2.0,22.343385111028503,0.0,7,16.0,13.0
1,40,15,2.0,17.17139176125082,0.0,7,16.0,13.0
1,40,16,2.2,21.35366385138378,0.0,7,16.0,13.0
1,40,17,1.6,20.232621066605102,0.0,7,16.0,13.0
1,40,18,2.0,17.596088215774536,0.0,7,16.0,13.0
1,40,19,2.6,11.448439074586695,0.0,7,16.0,13.0
1,40,20,1.8,26.138478531982514,0.0,7,16.0,13.0
1,40,21,2.0,16.284488906257412,0.0,7,16.0,13.0
1,40,22,2.2,15.441486177165398,0.0,7,16.0,13.0
1,40,23,2.2,12.989481571537935,0.0,7,16.0,13.0
1,40,24,2.2,14.017133744476936,0.125,7,16.0,13.0
1,40,25,2.6,10.520736159063818,0.125,7,16.0,13.0
1,40,26,1.8,29.148017481772236,0.0,7,16.0,13.0
1,40,27,2.0,13.819057948712715,0.0,7,16.0,13.0
1,40,28,2.4,11.324214150878468,0.0,7,16.0,13.0
1,40,29,2.2,11.74516810726904,0.0,6,16.0,13.0
2,40,1,2.4,14.794001972724582,0.0,7,16.0,13.0
2,40,2,1.8,17.605789199800874,0.0,7,16.0,13.0
2,40,3,2.0,16.278681983082176,0.0,7,16.0,13.0
2,40,4,3.2,10.639641902524524,0.125,7,16.0,13.0
2,40,5,2.0,17.102697667588146,0.0,7,16.0,13.0
2,40,6,2.0,11.719252662732917,0.0,7,16.0,13.0
2,40,7,2.0,16.935285968585706,0.0,7,16.0,13.0
2,40,8,2.2,12.3576048676805,0.0,7,16.0,13.0
2,40,9,1.8,16.30623389957272,0.0,7,16.0,13.0
2,40,10,2.8,10.420791528118215,0.125,7,16.0,13.0
2,40,11,2.2,13.893494441054244,0.0,7,16.0,13.0
2,40,12,2.0,16.318599327841685,0.0,7,16.0,13.0
2,40,13,1.8,17.413216878727805,0.0,7,16.0,13.0
2,40,14,2.0,13.093019010864221,0.0,7,16.0,13.0
2,40,15,2.6,12.409066802059845,0.0,7,16.0,13.0
2,40,16,2.0,14.837347409726675,0.0,7,16.0,13.0
2,40,17,2.2,16.209594258775216,0.0,7,16.0,13.0
2,40,18,2.0,16.549032309880324,0.0,7,16.0,13.0
2,40,19,2.2,11.695409651658146,0.0,7,16.0,13.0
2,40,20,1.8,14.465580149823762,0.0,7,16.0,13.0
2,40,21,2.6,13.873576598686121,0.0,7,16.0,13.0
2,40,22,2.4,12.601123105751338,0.0,7,16.0,13.0
2,40,23,2.0,13.821556612185958,0.0,7,16.0,13.0
2,40,24,2.4,12.961198576565906,0.0,7,16.0,13.0
2,40,25,2.4,12.356167036159743,0.0,7,16.0,13.0
2,40,26,1.8,14.554486777278608,0.0,7,16.0,13.0
2,40,27,2.0,10.03090200803372,0.0,7,16.0,13.0
2,40,28,2.8,11.395504118755841,0.125,7,16.0,13.0
3,40,1,2.4,12.673954573362668,0.0,7,16.0,13.0
3,40,2,2.4,14.288430791214893,0.0,7,16.0,13.0
3,40,3,2.2,12.450295045811503,0.0,7,16.0,13.0
3,40,4,2.0,19.646442464590084,0.0,7,16.0,13.0
3,40,5,1.8,13.80682374165076,0.0,7,16.0,13.0
3,40,6,1.6,16.08558318908668,0.0,7,16.0,13.0
3,40,7,1.6,24.853911386767848,0.0,7,16.0,13.0
3,40,8,1.8,12.73738018837292,0.0,7,16.0,13.0
3,40,9,2.0,13.980070880335893,0.0,7,16.0,13.0
3,40,10,2.4,11.09977883571143,0.0,7,16.0,13.0
3,40,11,2.0,19.064705603058275,0.0,7,16.0,13.0
3,40,12,2.8,10.009572766376856,0.0,7,16.0,13.0
3,40,13,2.4,13.816231840052254,0.0,7,16.0,13.0
3,40,14,2.0,13.575951439397077,0.0,7,16.0,13.0
3,40,15,2.0,14.272980335839012,0.0,7,16.0,13.0
3,40,16,2.4,13.29855303445955,0.0,7,16.0,13.0
3,40,17,2.2,11.848785897360125,0.0,7,16.0,13.0
3,40,18,2.2,16.783489458712026,0.0,7,16.0,13.0
3,40,19,2.4,10.624576361513142,0.0,7,16.0,13.0
3,40,20,2.2,17.214515677708576,0.0,7,16.0,13.0
3,40,21,2.2,12.170623989546108,0.0,7,16.0,13.0
3,40,22,2.0,23.905665423346086,0.0,7,16.0,13.0
3,40,23,1.8,18.84274462692523,0.0,7,16.0,13.0
3,40,24,2.4,12.76442143310976,0.0,7,16.0,13.0
3,40,25,2.0,16.199781792921062,0.0,7,16.0,13.0
3,40,26,2.0,18.962479553756065,0.0,7,16.0,13.0
3,40,27,2.4,11.322126055115621,0.0,7,16.0,13.0
3,40,28,2.0,14.766825426509117,0.0,7,16.0,13.0
3,40,29,2.4,12.366096673417438,0.0,7,16.0,13.0
1,41,1,2.8,13.184675661088269,0.0,7,16.0,13.0
1,41,2,2.8,13.023004942081984,0.0,7,16.0,13.0
1,41,3,2.8,13.349147115612647,0.0,7,16.0,13.0
1,41,4,2.0,14.0811459782071,0.0,7,16.0,13.0
1,41,5,2.4,10.402766071077643,0.0,7,16.0,13.0
1,41,6,2.0,31.23695545839588,0.0,7,16.0,13.0
1,41,7,2.0,14.446394031255368,0.0,7,16.0,13.0
1,41,8,1.6,19.901713373172743,0.0,7,16.0,13.0
1,41,9,1.4,20.736641441557765,0.0,7,16.0,13.0
1,41,10,1.8,17.019568276538397,0.0,7,16.0,13.0
1,41,11,2.0,12.393246158679357,0.0,7,16.0,13.0
1,41,12,1.6,23.30575792230485,0.0,7,16.0,13.0
1,41,13,2.6,15.209644550893628,0.0,7,16.0,13.0
1,41,14,2.0,15.931109939005273,0.0,7,16.0,13.0
1,41,15,1.8,23.210047679195995,0.0,7,16.0,13.0
1,41,16,2.0,18.47778532241517,0.0,7,16.0,13.0
1,41,17,2.2,17.56179667652331,0.0,7,16.0,13.0
1,41,18,2.0,16.8983422956834,0.0,7,16.0,13.0
1,41,19,1.6,37.194522170284515,0.0,7,16.0,13.0
1,41,20,2.2,12.180300532608271,0.0,7,16.0,13.0
1,41,21,2.0,24.526618638722265,0.0,7,16.0,13.0
1,41,22,2.2,11.906668428493528,0.0,7,16.0,13.0
1,41,23,2.4,13.082507411303608,0.0,7,16.0,13.0
1,41,24,2.6,10.221870925883303,0.125,7,16.0,13.0
1,41,25,2.4,13.31564145792113,0.0,7,16.0,13.0
1,41,26,2.0,15.200332026429871,0.0,7,16.0,13.0
1,41,27,2.2,12.89581463524693,0.0,7,16.0,13.0
1,41,28,2.2,12.96634245472352,0.0,7,16.0,13.0
1,41,29,3.2,7.830337338382064,0.125,7,16.0,13.0
2,41,1,2.2,16.313132673635838,0.0,7,16.0,13.0
2,41,2,2.2,13.640534090694798,0.0,7,16.0,13.0
2,41,3,3.2,11.190933583237165,0.125,7,16.0,13.0
2,41,4,1.8,15.8635880740424,0.0,7,16.0,13.0
2,41,5,1.8,16.863875209789942,0.0,7,16.0,13.0
2,41,6,2.2,10.078937499242336,0.0,7,16.0,13.0
2,41,7,2.4,11.053672323461146,0.0,7,16.0,13.0
2,41,8,1.6,16.508982992185818,0.0,7,16.0,13.0
2,41,9,2.0,16.785497996523127,0.0,7,16.0,13.0
2,41,10,2.4,11.553673744624122,0.125,7,16.0,13.0
2,41,11,2.4,11.32434726156585,0.0,7,16.0,13.0
2,41,12,1.8,20.689593223356866,0.0,7,16.0,13.0
2,41,13,2.2,14.698910018590041,0.0,7,16.0,13.0
2,41,14,2.0,11.30253524321136,0.0,7,16.0,13.0
2,41,15,2.4,12.275135196013542,0.0,7,16.0,13.0
2,41,16,2.2,13.96905726049149,0.0,7,16.0,13.0
2,41,17,2.6,12.853535941708476,0.0,7,16.0,13.0
2,41,18,1.8,22.243589274096678,0.0,7,16.0,13.0
2,41,19,2.0,14.700498438797025,0.0,7,16.0,13.0
2,41,20,2.0,13.243455891553063,0.0,7,16.0,13.0
2,41,21,2.6,12.299253596640861,0.125,7,16.0,13.0
2,41,22,2.4,13.105335289114914,0.0,7,16.0,13.0
2,41,23,1.8,14.676335352634993,0.0,7,16.0,13.0
2,41,24,2.2,15.35829067786571,0.0,7,16.0,13.0
2,41,25,2.6,11.250410812109417,0.0,7,16.0,13.0
2,41,26,2.2,12.584304759781467,0.0,7,16.0,13.0
2,41,27,1.8,11.84307734600084,0.0,7,16.0,13.0
2,41,28,3.2,8.186676664535412,0.125,7,16.0,13.0
3,41,1,1.8,13.96664646478958,0.0,7,16.0,13.0
3,41,2,2.2,13.12364331361325,0.0,7,16.0,13.0
3,41,3,2.0,15.78756442463508,0.0,7,16.0,13.0
3,41,4,2.0,18.27044839925271,0.0,7,16.0,13.0
3,41,5,2.0,14.966074456706814,0.0,7,16.0,13.0
3,41,6,2.0,13.040196428802997,0.0,7,16.0,13.0
3,41,7,2.0,13.305515310273167,0.0,7,16.0,13.0
3,41,8,2.2,11.620249861493265,0.0,7,16.0,13.0
3,41,9,2.2,11.163495170949679,0.0,7,16.0,13.0
3,41,10,2.2,18.85933537387662,0.0,7,16.0,13.0
3,41,11,2.0,18.570919489274086,0.0,7,16.0,13.0
3,41,12,2.4,15.039622737306857,0.0,7,16.0,13.0
3,41,13,2.4,13.422069217690522,0.0,7,16.0,13.0
3,41,14,2.0,14.441453160844773,0.0,7,16.0,13.0
3,41,15,2.6,12.429059996495653,0.0,7,16.0,13.0
3,41,16,2.2,14.011530831794909,0.0,7,16.0,13.0
3,41,17,2.4,10.081956643543878,0.0,7,16.0,13.0
3,41,18,2.2,15.402985420890396,0.0,7,16.0,13.0
3,41,19,2.2,13.9455534574509,0.0,7,16.0,13.0
3,41,20,2.6,12.200964830198755,0.0,7,16.0,13.0
3,41,21,2.6,11.687886271515064,0.0,7,16.0,13.0
3,41,22,2.6,12.782404425267371,0.0,7,16.0,13.0
3,41,23,2.0,15.229816041649688,0.0,7,16.0,13.0
3,41,24,2.6,12.63792963409241,0.0,7,16.0,13.0
3,41,25,2.2,14.697012749032389,0.0,7,16.0,13.0
3,41,26,2.2,10.890221948319063,0.0,7,16.0,13.0
3,41,27,1.8,15.127477083125076,0.0,7,16.0,13.0
3,41,28,2.0,20.148941179626924,0.0,7,16.0,13.0
3,41,29,1.75,13.172149637280556,0.0,4,16.0,13.0
1,42,1,2.8,17.165829890092652,0.0,7,16.0,13.0
1,42,2,2.8,14.816093899788132,0.0,7,16.0,13.0
1,42,3,2.6,12.922120902617257,0.0,7,16.0,13.0
1,42,4,2.4,12.384426762829591,0.0,7,16.0,13.0
1,42,5,2.4,10.967014345605458,0.0,7,16.0,13.0
1,42,6,2.0,23.611982647378376,0.0,7,16.0,13.0
1,42,7,1.8,16.151768724032348,0.0,7,16.0,13.0
1,42,8,1.8,18.994364077953005,0.0,7,16.0,13.0
1,42,9,1.8,14.659857363665079,0.0,7,16.0,13.0
1,42,10,1.8,20.67204573507364,0.0,7,16.0,13.0
1,42,11,2.0,13.035807031606105,0.0,7,16.0,13.0
1,42,12,2.0,21.76738442806882,0.0,7,16.0,13.0
1,42,13,2.0,26.037562481607548,0.0,7,16.0,13.0
1,42,14,2.0,15.397987638727766,0.0,7,16.0,13.0
1,42,15,1.6,27.56443093771165,0.0,7,16.0,13.0
1,42,16,2.4,18.37705805536941,0.0,7,16.0,13.0
1,42,17,2.4,13.956450621251483,0.0,7,16.0,13.0
1,42,18,1.8,16.099412391907574,0.0,7,16.0,13.0
1,42,19,2.2,17.98013086328617,0.0,7,16.0,13.0
1,42,20,2.0,15.863066562352081,0.0,7,16.0,13.0
1,42,21,1.8,25.809782489832585,0.0,7,16.0,13.0
1,42,22,1.8,18.13072186059318,0.0,7,16.0,13.0
1,42,23,2.0,13.783892186093825,0.0,7,16.0,13.0
1,42,24,2.4,10.800990959260725,0.0,7,16.0,13.0
1,42,25,2.2,17.99632666029569,0.0,7,16.0,13.0
1,42,26,2.2,14.093759788980835,0.0,7,16.0,13.0
1,42,27,2.2,17.56837237418941,0.0,7,16.0,13.0
1,42,28,1.8,17.666004045644264,0.0,7,16.0,13.0
1,42,29,2.6,11.171819416442485,0.0,7,16.0,13.0
1,42,30,1.75,23.156074604720366,0.0,4,16.0,13.0
2,42,1,2.2,18.65124919603056,0.0,7,16.0,13.0
2,42,2,2.6,11.81434481111041,0.0,7,16.0,13.0
2,42,3,2.8,12.40046639226323,0.125,7,16.0,13.0
2,42,4,2.0,14.860925436163637,0.0,7,16.0,13.0
2,42,5,2.8,9.346955856419754,0.0,7,16.0,13.0
2,42,6,2.4,11.929097088027033,0.0,7,16.0,13.0
2,42,7,2.6,10.380041311004454,0.0,7,16.0,13.0
2,42,8,2.2,13.763473651713587,0.0,7,16.0,13.0
2,42,9,3.0,8.400018227846852,0.0,7,16.0,13.0
2,42,10,2.0,14.302906467452749,0.0,7,16.0,13.0
2,42,11,2.2,12.964183705515866,0.0,7,16.0,13.0
2,42,12,1.8,21.426139745140294,0.0,7,16.0,13.0
2,42,13,2.6,9.471311501410957,0.125,7,16.0,13.0
2,42,14,2.4,13.013853715674706,0.0,7,16.0,13.0
2,42,15,1.6,17.26808131664463,0.0,7,16.0,13.0
2,42,16,2.4,11.973095620075949,0.0,7,16.0,13.0
2,42,17,2.0,17.950656193323628,0.0,7,16.0,13.0
2,42,18,2.2,12.090765699436451,0.0,7,16.0,13.0
2,42,19,2.6,12.08233421702429,0.125,7,16.0,13.0
2,42,20,2.4,12.078017023596402,0.0,7,16.0,13.0
2,42,21,2.2,15.47864444633585,0.0,7,16.0,13.0
2,42,22,2.2,13.66188504948619,0.0,7,16.0,13.0
2,42,23,1.8,25.22243615189918,0.0,7,16.0,13.0
2,42,24,2.2,11.704165346442942,0.0,7,16.0,13.0
2,42,25,1.6,19.173805601558318,0.0,7,16.0,13.0
2,42,26,2.0,11.575547376794773,0.0,7,16.0,13.0
2,42,27,3.0,9.797110398186694,0.125,7,16.0,13.0
3,42,1,2.2,12.138468816819223,0.0,7,16.0,13.0
3,42,2,2.0,18.109922340481624,0.0,7,16.0,13.0
3,42,3,2.8,9.956580416729565,0.0,7,16.0,13.0
3,42,4,2.8,11.953223079363093,0.0,7,16.0,13.0
3,42,5,1.6,12.934873135802263,0.0,7,16.0,13.0
3,42,6,2.0,15.268402252593994,0.0,7,16.0,13.0
3,42,7,2.2,11.130096271373342,0.0,7,16.0,13.0
3,42,8,2.6,8.703756477188277,0.0,7,16.0,13.0
3,42,9,2.0,19.859426290468996,0.0,7,16.0,13.0
3,42,10,2.0,17.737731573235177,0.0,7,16.0,13.0
3,42,11,2.6,12.650952995193911,0.0,7,16.0,13.0
3,42,12,2.4,13.189489826698392,0.0,7,16.0,13.0
3,42,13,2.0,15.385809037329327,0.0,7,16.0,13.0
3,42,14,1.6,31.925526478658696,0.0,7,16.0,13.0
3,42,15,3.2,10.813240991781244,0.125,7,16.0,13.0
3,42,16,1.8,14.370544067629984,0.0,7,16.0,13.0
3,42,17,2.2,13.70992782263328,0.0,7,16.0,13.0
3,42,18,2.4,11.427092931881324,0.0,7,16.0,13.0
3,42,19,2.2,20.148396884173756,0.0,7,16.0,13.0
3,42,20,2.2,13.29435045422609,0.0,7,16.0,13.0
3,42,21,2.4,16.410174921517175,0.0,7,16.0,13.0
3,42,22,1.8,17.692528613654527,0.0,7,16.0,13.0
3,42,23,2.4,14.635497943821617,0.0,7,16.0,13.0
3,42,24,2.2,13.987965048465071,0.0,7,16.0,13.0
3,42,25,2.4,11.22584646614164,0.0,7,16.0,13.0
3,42,26,2.0,12.610994232759651,0.0,7,16.0,13.0
3,42,27,2.0,15.752464497133923,0.0,7,16.0,13.0
3,42,28,2.2,12.981902152965727,0.0,7,16.0,13.0
1,43,1,2.8,14.840683601850916,0.0,7,16.0,13.0
1,43,2,2.8,16.124369642830093,0.0,7,16.0,13.0
1,43,3,2.6,12.731019486673778,0.0,7,16.0,13.0
1,43,4,2.0,18.13959827160344,0.0,7,16.0,13.0
1,43,5,2.0,10.922477688775832,0.0,7,16.0,13.0
1,43,6,2.2,24.711037949189503,0.0,7,16.0,13.0
1,43,7,2.2,11.732591365594615,0.0,7,16.0,13.0
1,43,8,2.0,13.68881743516329,0.0,7,16.0,13.0
1,43,9,1.4,16.79951648931368,0.0,7,16.0,13.0
1,43,10,2.0,20.31861155017499,0.0,7,16.0,13.0
1,43,11,2.4,12.149873811129702,0.0,7,16.0,13.0
1,43,12,1.8,21.187552825285604,0.0,7,16.0,13.0
1,43,13,1.6,24.0533215530481,0.0,7,16.0,13.0
1,43,14,1.4,20.924036164139817,0.0,7,16.0,13.0
1,43,15,1.6,65.13524095764866,0.0,7,16.0,13.0
1,43,16,2.2,19.777220868264266,0.0,7,16.0,13.0
1,43,17,2.0,37.49089801692063,0.0,7,16.0,13.0
1,43,18,2.0,18.50011844449977,0.0,7,16.0,13.0
1,43,19,2.0,15.472615850062521,0.0,7,16.0,13.0
1,43,20,1.6,21.22757187557058,0.0,7,16.0,13.0
1,43,21,2.2,14.830380791774399,0.0,7,16.0,13.0
1,43,22,1.8,20.82001833080589,0.0,7,16.0,13.0
1,43,23,2.0,14.642188801947116,0.0,7,16.0,13.0
1,43,24,2.0,16.185447441801344,0.0,7,16.0,13.0
1,43,25,2.0,11.834604925471725,0.0,7,16.0,13.0
1,43,26,2.4,14.541007383162393,0.0,7,16.0,13.0
1,43,27,3.0,11.232286226086362,0.125,7,16.0,13.0
1,43,28,1.8,13.992056779035718,0.0,7,16.0,13.0
1,43,29,2.0,14.546789353663984,0.0,7,16.0,13.0
1,43,30,2.6,11.440044155604298,0.125,7,16.0,13.0
2,43,1,2.2,17.731991326950535,0.0,7,16.0,13.0
2,43,2,2.4,13.082113228430442,0.0,7,16.0,13.0
2,43,3,2.4,14.767637155285998,0.0,7,16.0,13.0
2,43,4,2.0,15.230025028197906,0.0,7,16.0,13.0
2,43,5,2.2,14.566851923839835,0.0,7,16.0,13.0
2,43,6,2.2,12.04382334118075,0.0,7,16.0,13.0
2,43,7,2.0,15.021917007642662,0.0,7,16.0,13.0
2,43,8,1.8,17.085102073431212,0.0,7,16.0,13.0
2,43,9,1.8,21.075774697300325,0.0,7,16.0,13.0
2,43,10,2.6,9.692630071970216,0.125,7,16.0,13.0
2,43,11,2.2,14.149561729514653,0.0,7,16.0,13.0
2,43,12,2.0,14.361811377020995,0.0,7,16.0,13.0
2,43,13,2.2,15.26057275157902,0.0,7,16.0,13.0
2,43,14,2.2,11.600645569323396,0.0,7,16.0,13.0
2,43,15,2.4,14.019665992724686,0.0,7,16.0,13.0
2,43,16,1.8,17.575269416308153,0.0,7,16.0,13.0
2,43,17,2.2,13.30528195724157,0.0,7,16.0,13.0
2,43,18,2.2,13.361665605067984,0.0,7,16.0,13.0
2,43,19,2.2,14.085021544132188,0.0,7,16.0,13.0
2,43,20,1.8,13.661109350694488,0.0,7,16.0,13.0
2,43,21,2.6,12.115610522490742,0.0,7,16.0,13.0
2,43,22,2.2,18.018910447053404,0.0,7,16.0,13.0
2,43,23,2.2,12.434813473954549,0.0,7,16.0,13.0
2,43,24,1.6,25.205822709874266,0.0,7,16.0,13.0
2,43,25,2.0,25.044353445475352,0.0,7,16.0,13.0
2,43,26,2.4,11.36600465974756,0.0,7,16.0,13.0
2,43,27,2.2,9.476863173811646,0.0,7,16.0,13.0
2,43,28,2.0,14.062963125094527,0.0,7,16.0,13.0
2,43,29,2.0,16.401517221951597,0.0,6,16.0,13.0
3,43,1,2.2,12.23560304128338,0.0,7,16.0,13.0
3,43,2,2.6,13.813677173515435,0.0,7,16.0,13.0
3,43,3,2.2,10.89745798783101,0.0,7,16.0,13.0
3,43,4,2.4,12.12033088599126,0.0,7,16.0,13.0
3,43,5,2.6,9.765343439712797,0.0,7,16.0,13.0
3,43,6,1.6,26.718300379891105,0.0,7,16.0,13.0
3,43,7,2.4,9.645655556791166,0.0,7,16.0,13.0
3,43,8,2.4,9.7720744933301,0.0,7,16.0,13.0
3,43,9,2.4,17.35960664114931,0.125,7,16.0,13.0
3,43,10,2.2,12.516267081661946,0.0,7,16.0,13.0
3,43,11,2.2,16.57645186992498,0.0,7,16.0,13.0
3,43,12,2.2,15.64037961153775,0.0,7,16.0,13.0
3,43,13,2.0,17.399484525046795,0.0,7,16.0,13.0
3,43,14,2.0,16.551951829246185,0.0,7,16.0,13.0
3,43,15,2.2,14.243514383411979,0.0,7,16.0,13.0
3,43,16,2.6,9.076448009327645,0.0,7,16.0,13.0
3,43,17,2.6,12.194442519764943,0.0,7,16.0,13.0
3,43,18,2.6,10.130237355005214,0.0,7,16.0,13.0
3,43,19,2.2,17.321014418932386,0.0,7,16.0,13.0
3,43,20,2.4,12.158383048566112,0.0,7,16.0,13.0
3,43,21,2.2,16.11305796694546,0.0,7,16.0,13.0
3,43,22,2.6,11.145700231395585,0.0,7,16.0,13.0
3,43,23,2.2,14.689165829896574,0.0,7,16.0,13.0
3,43,24,2.2,15.512242824846277,0.0,7,16.0,13.0
3,43,25,2.2,10.618803034039189,0.0,7,16.0,13.0
3,43,26,2.2,12.17379276343355,0.0,7,16.0,13.0
3,43,27,2.4,13.052238653221316,0.0,7,16.0,13.0
3,43,28,1.25,25.428821711420145,0.0,4,16.0,13.0
1,44,1,2.8,12.957865869358583,0.0,7,16.0,13.0
1,44,2,2.8,15.113365747974022,0.0,7,16.0,13.0
1,44,3,2.8,12.782805372233508,0.0,7,16.0,13.0
1,44,4,1.8,18.824247545530845,0.0,7,16.0,13.0
1,44,5,2.2,9.791827954533002,0.0,7,16.0,13.0
1,44,6,2.2,26.96958238199184,0.0,7,16.0,13.0
1,44,7,1.8,17.826181478194293,0.0,7,16.0,13.0
1,44,8,1.8,16.403884390093495,0.0,7,16.0,13.0
1,44,9,1.4,22.82102984416932,0.0,7,16.0,13.0
1,44,10,2.2,14.037067644973376,0.0,7,16.0,13.0
1,44,11,2.2,12.87004652187514,0.0,7,16.0,13.0
1,44,12,1.4,27.06844066075309,0.0,7,16.0,13.0
1,44,13,2.0,18.29707397020496,0.0,7,16.0,13.0
1,44,14,2.0,18.088854584283617,0.0,7,16.0,13.0
1,44,15,1.8,29.92530033870577,0.0,7,16.0,13.0
1,44,16,2.2,18.791206477347345,0.0,7,16.0,13.0
1,44,17,2.4,16.25311200627474,0.0,7,16.0,13.0
1,44,18,2.2,13.883942737208194,0.0,7,16.0,13.0
1,44,19,1.6,30.118977878428645,0.0,7,16.0,13.0
1,44,20,2.0,16.543595461830574,0.0,7,16.0,13.0
1,44,21,2.0,30.79321276593785,0.0,7,16.0,13.0
1,44,22,2.4,13.574740122760547,0.0,7,16.0,13.0
1,44,23,1.6,23.890951153018463,0.0,7,16.0,13.0
1,44,24,1.8,16.919219449752863,0.0,7,16.0,13.0
1,44,25,2.8,10.708325545440776,0.125,7,16.0,13.0
1,44,26,2.4,10.786001599827912,0.0,7,16.0,13.0
1,44,27,2.6,14.036413607140434,0.0,7,16.0,13.0
1,44,28,2.2,13.914181799319556,0.0,7,16.0,13.0
1,44,29,2.4,14.147357085697024,0.125,7,16.0,13.0
1,44,30,1.5,20.199560384429173,0.0,4,16.0,13.0
2,44,1,1.8,33.41160061037277,0.0,7,16.0,13.0
2,44,2,2.0,14.419205254821746,0.0,7,16.0,13.0
2,44,3,2.8,11.639181138424682,0.0,7,16.0,13.0
2,44,4,2.8,9.822378353546615,0.125,7,16.0,13.0
2,44,5,2.0,18.38818083213925,0.0,7,16.0,13.0
2,44,6,2.4,10.28325577233382,0.0,7,16.0,13.0
2,44,7,2.2,13.708615292477987,0.0,7,16.0,13.0
2,44,8,2.2,11.72245222618458,0.0,7,16.0,13.0
2,44,9,2.0,13.093103097491836,0.0,7,16.0,13.0
2,44,10,2.8,9.346911283887115,0.125,7,16.0,13.0
2,44,11,2.2,14.766342061828059,0.0,7,16.0,13.0
2,44,12,2.2,14.067848879620449,0.0,7,16.0,13.0
2,44,13,2.2,14.258743455048263,0.0,7,16.0,13.0
2,44,14,2.0,11.847761039491099,0.0,7,16.0,13.0
2,44,15,2.2,24.700749707370196,0.0,7,16.0,13.0
2,44,16,1.8,23.925495734510356,0.0,7,16.0,13.0
2,44,17,2.4,11.981224567275017,0.0,7,16.0,13.0
2,44,18,2.2,13.538555891827254,0.0,7,16.0,13.0
2,44,19,1.8,18.0221355831615,0.0,7,16.0,13.0
2,44,20,2.4,12.784444335946194,0.0,7,16.0,13.0
2,44,21,2.6,14.788050806052071,0.0,7,16.0,13.0
2,44,22,2.2,12.948418217796437,0.0,7,16.0,13.0
2,44,23,2.0,14.314592107304584,0.0,7,16.0,13.0
2,44,24,2.0,23.363778192860934,0.0,7,16.0,13.0
2,44,25,2.2,12.368735205403713,0.0,7,16.0,13.0
2,44,26,2.0,12.10113122863831,0.0,7,16.0,13.0
2,44,27,1.6,18.415204444111,0.0,7,16.0,13.0
2,44,28,2.4,14.296124743839663,0.125,7,16.0,13.0
3,44,1,2.6,9.547128812277823,0.0,7,16.0,13.0
3,44,2,1.8,17.91554750417022,0.0,7,16.0,13.0
3,44,3,2.0,12.697505302456538,0.0,7,16.0,13.0
3,44,4,2.0,18.997626728207486,0.0,7,16.0,13.0
3,44,5,1.8,19.93944255209371,0.0,7,16.0,13.0
3,44,6,1.8,16.162069319664326,0.0,7,16.0,13.0
3,44,7,1.6,22.65975112923978,0.0,7,16.0,13.0
3,44,8,2.2,9.352897298226674,0.0,7,16.0,13.0
3,44,9,2.2,12.78934146762228,0.0,7,16.0,13.0
3,44,10,2.2,13.23029977661223,0.0,7,16.0,13.0
3,44,11,2.0,20.332266684470387,0.0,7,16.0,13.0
3,44,12,2.0,14.187890053122727,0.0,7,16.0,13.0
3,44,13,2.8,10.972898112041808,0.0,7,16.0,13.0
3,44,14,2.0,13.631364954144868,0.0,7,16.0,13.0
3,44,15,2.2,14.86688194018783,0.0,7,16.0,13.0
3,44,16,2.8,12.921436263722532,0.125,7,16.0,13.0
3,44,17,1.6,14.253824208555027,0.0,7,16.0,13.0
3,44,18,2.0,25.886942172839284,0.0,7,16.0,13.0
3,44,19,2.2,11.527685924511845,0.0,7,16.0,13.0
3,44,20,2.0,17.26786410088387,0.0,7,16.0,13.0
3,44,21,2.2,17.69179522068197,0.0,7,16.0,13.0
3,44,22,2.4,13.276349055527206,0.0,7,16.0,13.0
3,44,23,2.6,12.729737785742904,0.0,7,16.0,13.0
3,44,24,2.2,16.68866689142149,0.0,7,16.0,13.0
3,44,25,2.2,13.794174077545462,0.0,7,16.0,13.0
3,44,26,2.0,15.191593952554888,0.0,7,16.0,13.0
3,44,27,2.6,9.149305002436023,0.0,7,16.0,13.0
3,44,28,2.2,12.38756136308634,0.0,7,16.0,13.0
3,44,29,2.6,10.917570180311417,0.0,7,16.0,13.0
1,45,1,2.8,15.609535635239581,0.0,7,16.0,13.0
1,45,2,2.8,15.995964237318814,0.0,7,16.0,13.0
1,45,3,2.8,13.031596677234187,0.0,7,16.0,13.0
1,45,4,2.0,15.860050716287628,0.0,7,16.0,13.0
1,45,5,2.2,11.581619718372792,0.0,7,16.0,13.0
1,45,6,2.2,20.028309338463213,0.0,7,16.0,13.0
1,45,7,2.2,10.649412192041144,0.0,7,16.0,13.0
1,45,8,1.8,20.825818456136243,0.0,7,16.0,13.0
1,45,9,1.6,17.108173222043884,0.0,7,16.0,13.0
1,45,10,1.8,15.795363367271015,0.0,7,16.0,13.0
1,45,11,2.2,14.024088367546083,0.0,7,16.0,13.0
1,45,12,2.0,23.182213147957672,0.0,7,16.0,13.0
1,45,13,1.8,29.994018006717166,0.0,7,16.0,13.0
1,45,14,2.0,14.369867991742815,0.0,7,16.0,13.0
1,45,15,2.4,15.589316675826117,0.0,7,16.0,13.0
1,45,16,2.4,15.769520468866254,0.0,7,16.0,13.0
1,45,17,1.6,23.482279237646647,0.0,7,16.0,13.0
1,45,18,2.0,18.89714097715749,0.0,7,16.0,13.0
1,45,19,1.6,26.793126487629234,0.0,7,16.0,13.0
1,45,20,2.2,13.243298599727911,0.0,7,16.0,13.0
1,45,21,1.8,29.91796369278922,0.0,7,16.0,13.0
1,45,22,2.2,10.822924038927251,0.0,7,16.0,13.0
1,45,23,1.8,32.340744013271824,0.0,7,16.0,13.0
1,45,24,2.6,11.666524180279959,0.125,7,16.0,13.0
1,45,25,2.2,14.886157141419694,0.0,7,16.0,13.0
1,45,26,2.4,13.026730183979891,0.125,7,16.0,13.0
1,45,27,1.8,18.12810677421798,0.0,7,16.0,13.0
1,45,28,2.4,14.443561180462686,0.0,7,16.0,13.0
1,45,29,2.2,12.008332997795453,0.0,7,16.0,13.0
2,45,1,2.0,18.60679337462064,0.0,7,16.0,13.0
2,45,2,2.2,15.59805195382723,0.0,7,16.0,13.0
2,45,3,2.2,14.620837308621402,0.0,7,16.0,13.0
2,45,4,2.4,14.036308392667067,0.0,7,16.0,13.0
2,45,5,2.4,13.035737484737394,0.0,7,16.0,13.0
2,45,6,2.2,11.85703343323203,0.0,7,16.0,13.0
2,45,7,2.0,17.467313787864644,0.0,7,16.0,13.0
2,45,8,2.2,11.97062004421019,0.0,7,16.0,13.0
2,45,9,1.8,22.315182409710758,0.0,7,16.0,13.0
2,45,10,2.6,10.167808024100145,0.125,7,16.0,13.0
2,45,11,2.4,12.941112160290965,0.0,7,16.0,13.0
2,45,12,1.8,20.912442116254468,0.0,7,16.0,13.0
2,45,13,1.8,19.636201450225578,0.0,7,16.0,13.0
2,45,14,2.0,14.548525481080217,0.0,7,16.0,13.0
2,45,15,2.2,14.246763541776433,0.0,7,16.0,13.0
2,45,16,2.0,16.7718266400561,0.0,7,16.0,13.0
2,45,17,2.0,18.805627248007458,0.0,7,16.0,13.0
2,45,18,1.8,20.926029035785998,0.0,7,16.0,13.0
2,45,19,2.0,17.381190631954752,0.0,7,16.0,13.0
2,45,20,2.2,12.853026269195682,0.0,7,16.0,13.0
2,45,21,2.2,12.963541596330217,0.0,7,16.0,13.0
2,45,22,2.6,12.121088143209418,0.0,7,16.0,13.0
2,45,23,2.2,16.47017444244592,0.0,7,16.0,13.0
2,45,24,2.0,15.20421508305983,0.0,7,16.0,13.0
2,45,25,2.0,23.634632775614154,0.0,7,16.0,13.0
2,45,26,1.8,14.581539595167003,0.0,7,16.0,13.0
2,45,27,1.8,13.627445157923237,0.0,7,16.0,13.0
2,45,28,2.0,12.575149035293792,0.0,7,16.0,13.0
2,45,29,3.0,9.39095294201492,0.125,7,16.0,13.0
3,45,1,2.2,11.122999819373508,0.0,7,16.0,13.0
3,45,2,2.6,14.46717797117502,0.0,7,16.0,13.0
3,45,3,2.2,12.129311950012301,0.0,7,16.0,13.0
3,45,4,2.2,14.031737224776732,0.0,7,16.0,13.0
3,45,5,2.4,10.689751447236107,0.0,7,16.0,13.0
3,45,6,2.4,12.169737838594996,0.0,7,16.0,13.0
3,45,7,2.0,11.361427293703576,0.0,7,16.0,13.0
3,45,8,1.8,18.29331548898161,0.0,7,16.0,13.0
3,45,9,2.2,13.895894779851831,0.0,7,16.0,13.0
3,45,10,1.6,26.08513420955272,0.0,7,16.0,13.0
3,45,11,2.6,10.171572881025144,0.0,7,16.0,13.0
3,45,12,2.6,13.189638150645404,0.0,7,16.0,13.0
3,45,13,2.2,12.705973366279474,0.0,7,16.0,13.0
3,45,14,2.0,18.125009085462096,0.0,7,16.0,13.0
3,45,15,2.6,11.294007135321568,0.125,7,16.0,13.0
3,45,16,2.2,10.686041232086103,0.0,7,16.0,13.0
3,45,17,2.2,14.286365597828958,0.0,7,16.0,13.0
3,45,18,2.2,11.550788391491617,0.0,7,16.0,13.0
3,45,19,2.4,14.552311931513348,0.0,7,16.0,13.0
3,45,20,2.2,12.10983467364275,0.0,7,16.0,13.0
3,45,21,2.0,18.588011121035333,0.0,7,16.0,13.0
3,45,22,2.4,12.132058177727007,0.0,7,16.0,13.0
3,45,23,2.6,12.848352840983384,0.0,7,16.0,13.0
3,45,24,2.0,17.973924977475786,0.0,7,16.0,13.0
3,45,25,2.0,16.185478017249647,0.0,7,16.0,13.0
3,45,26,2.4,10.371457551810295,0.0,7,16.0,13.0
3,45,27,2.0,11.829575768203458,0.0,7,16.0,13.0
3,45,28,2.2,16.356674764407003,0.0,7,16.0,13.0
1,46,1,2.8,13.155891166735291,0.0,7,16.0,13.0
1,46,2,2.8,13.459314043939411,0.0,7,16.0,13.0
1,46,3,2.8,13.438455661578226,0.0,7,16.0,13.0
1,46,4,2.0,16.977112760616617,0.0,7,16.0,13.0
1,46,5,2.6,10.837848885462853,0.0,7,16.0,13.0
1,46,6,2.0,22.89432203447584,0.0,7,16.0,13.0
1,46,7,2.0,13.701341030047104,0.0,7,16.0,13.0
1,46,8,2.2,12.931257526914646,0.0,7,16.0,13.0
1,46,9,1.8,16.487689647490537,0.0,7,16.0,13.0
1,46,10,2.0,16.367127458674535,0.0,7,16.0,13.0
1,46,11,1.8,17.50914317874293,0.0,7,16.0,13.0
1,46,12,1.8,21.951305143911863,0.0,7,16.0,13.0
1,46,13,2.0,22.701000677130562,0.0,7,16.0,13.0
1,46,14,2.2,16.180300101855444,0.0,7,16.0,13.0
1,46,15,2.6,15.070023331085096,0.0,7,16.0,13.0
1,46,16,1.8,30.930757338852747,0.0,7,16.0,13.0
1,46,17,2.4,12.182227726845529,0.0,7,16.0,13.0
1,46,18,1.6,35.220526882642204,0.0,7,16.0,13.0
1,46,19,1.6,24.29831595343669,0.0,7,16.0,13.0
1,46,20,2.0,16.76765827492769,0.0,7,16.0,13.0
1,46,21,2.4,10.803312398719408,0.0,7,16.0,13.0
1,46,22,2.4,15.766715413010838,0.0,7,16.0,13.0
1,46,23,1.8,20.142847497079217,0.0,7,16.0,13.0
1,46,24,2.4,11.923934192433128,0.125,7,16.0,13.0
1,46,25,2.0,11.504157169306298,0.0,7,16.0,13.0
1,46,26,2.2,15.370594737515042,0.0,7,16.0,13.0
1,46,27,1.6,21.182017391751423,0.0,7,16.0,13.0
1,46,28,2.0,13.877327982737722,0.0,7,16.0,13.0
1,46,29,2.2,12.58514969882772,0.0,7,16.0,13.0
2,46,1,2.4,15.312544119043267,0.0,7,16.0,13.0
2,46,2,2.6,10.198731164279042,0.0,7,16.0,13.0
2,46,3,3.0,15.952967941609126,0.125,7,16.0,13.0
2,46,4,2.0,14.035220559455325,0.0,7,16.0,13.0
2,46,5,2.0,15.15959807655898,0.0,7,16.0,13.0
2,46,6,2.0,14.728791779889598,0.0,7,16.0,13.0
2,46,7,2.0,17.135311911840315,0.0,7,16.0,13.0
2,46,8,2.0,12.462349786125262,0.0,7,16.0,13.0
2,46,9,2.6,12.557175593230985,0.125,7,16.0,13.0
2,46,10,2.4,11.531433451566564,0.0,7,16.0,13.0
2,46,11,2.0,17.99112307120063,0.0,7,16.0,13.0
2,46,12,2.2,14.452085394905193,0.0,7,16.0,13.0
2,46,13,1.6,21.45104399709419,0.0,7,16.0,13.0
2,46,14,2.0,12.245076308847032,0.0,7,16.0,13.0
2,46,15,2.2,17.63858176268686,0.0,7,16.0,13.0
2,46,16,2.4,13.71011961680629,0.0,7,16.0,13.0
2,46,17,2.2,14.391259601712186,0.0,7,16.0,13.0
2,46,18,2.2,13.319084160633489,0.0,7,16.0,13.0
2,46,19,2.0,12.150371643231622,0.0,7,16.0,13.0
2,46,20,2.2,14.422802681248452,0.125,7,16.0,13.0
2,46,21,2.2,15.91896050157324,0.0,7,16.0,13.0
2,46,22,2.0,17.805752587538002,0.0,7,16.0,13.0
2,46,23,2.8,9.397796305259146,0.0,7,16.0,13.0
2,46,24,2.4,15.802758540388346,0.125,7,16.0,13.0
2,46,25,2.4,11.037808373485932,0.0,7,16.0,13.0
2,46,26,2.0,10.028620620986738,0.0,7,16.0,13.0
2,46,27,2.0,12.898222126100066,0.0,7,16.0,13.0
2,46,28,2.2,14.732899637841369,0.0,6,16.0,13.0
3,46,1,2.0,16.12240100887221,0.0,7,16.0,13.0
3,46,2,2.6,11.900222058236377,0.0,7,16.0,13.0
3,46,3,1.6,20.198867460626726,0.0,7,16.0,13.0
3,46,4,2.0,20.428240674573047,0.0,7,16.0,13.0
3,46,5,2.4,10.487510363621462,0.0,7,16.0,13.0
3,46,6,2.6,9.788852930320294,0.0,7,16.0,13.0
3,46,7,2.0,13.497940094476752,0.0,7,16.0,13.0
3,46,8,2.6,9.654185638688894,0.0,7,16.0,13.0
3,46,9,2.2,15.798263715655757,0.0,7,16.0,13.0
3,46,10,2.0,19.994500817093314,0.0,7,16.0,13.0
3,46,11,2.0,14.596277194306635,0.0,7,16.0,13.0
3,46,12,2.0,20.519029099882744,0.0,7,16.0,13.0
3,46,13,2.0,13.41442532364805,0.0,7,16.0,13.0
3,46,14,2.4,13.97962907451735,0.0,7,16.0,13.0
3,46,15,1.8,15.942647702045297,0.0,7,16.0,13.0
3,46,16,2.6,10.301819275774328,0.0,7,16.0,13.0
3,46,17,2.2,13.110678486667089,0.0,7,16.0,13.0
3,46,18,2.4,11.402928391570542,0.0,7,16.0,13.0
3,46,19,2.2,16.026010119979876,0.0,7,16.0,13.0
3,46,20,2.6,13.615350090141568,0.0,7,16.0,13.0
3,46,21,2.2,17.54584244678587,0.0,7,16.0,13.0
3,46,22,1.8,24.79827461415733,0.0,7,16.0,13.0
3,46,23,2.6,11.145700231395493,0.0,7,16.0,13.0
3,46,24,1.6,18.600908728096247,0.0,7,16.0,13.0
3,46,25,1.6,25.087264973526363,0.0,7,16.0,13.0
3,46,26,2.6,12.106891879385348,0.0,7,16.0,13.0
3,46,27,2.0,13.291685118867917,0.0,7,16.0,13.0
3,46,28,2.4,11.004363349631042,0.0,7,16.0,13.0
3,46,29,2.0,13.673234401543247,0.0,6,16.0,13.0
1,47,1,2.8,16.067356933052984,0.0,7,16.0,13.0
1,47,2,2.8,15.266520376937475,0.0,7,16.0,13.0
1,47,3,2.6,14.614423980803261,0.0,7,16.0,13.0
1,47,4,2.0,16.018024331624343,0.0,7,16.0,13.0
1,47,5,2.2,10.564305994067691,0.0,7,16.0,13.0
1,47,6,2.0,27.248026532481557,0.0,7,16.0,13.0
1,47,7,1.8,15.885350501200106,0.0,7,16.0,13.0
1,47,8,1.8,15.343121021073605,0.0,7,16.0,13.0
1,47,9,1.6,23.389288038355218,0.0,7,16.0,13.0
1,47,10,1.6,19.34767867675069,0.0,7,16.0,13.0
1,47,11,2.0,15.965707727183942,0.0,7,16.0,13.0
1,47,12,1.6,18.12318240639769,0.0,7,16.0,13.0
1,47,13,1.8,26.485941961287413,0.0,7,16.0,13.0
1,47,14,1.6,43.57878241760331,0.0,7,16.0,13.0
1,47,15,2.0,15.719321605229151,0.0,7,16.0,13.0
1,47,16,2.4,16.218681951387317,0.0,7,16.0,13.0
1,47,17,2.4,18.823611767374718,0.0,7,16.0,13.0
1,47,18,2.0,19.2077397486245,0.0,7,16.0,13.0
1,47,19,1.6,26.928746487462362,0.0,7,16.0,13.0
1,47,20,1.8,23.321116440809764,0.0,7,16.0,13.0
1,47,21,2.0,16.575945004438083,0.0,7,16.0,13.0
1,47,22,1.8,26.039538257394714,0.0,7,16.0,13.0
1,47,23,2.2,11.914238632360288,0.0,7,16.0,13.0
1,47,24,2.2,17.617050463158286,0.0,7,16.0,13.0
1,47,25,2.2,12.455728277933034,0.0,7,16.0,13.0
1,47,26,2.4,13.257053551279956,0.0,7,16.0,13.0
1,47,27,2.2,13.889838176018264,0.0,7,16.0,13.0
1,47,28,2.2,16.402258642802543,0.0,7,16.0,13.0
1,47,29,2.2,12.413578809770438,0.0,7,16.0,13.0
1,47,30,2.2,12.845887150473061,0.125,7,16.0,13.0
2,47,1,2.2,19.798383474403774,0.0,7,16.0,13.0
2,47,2,2.4,12.07484084735263,0.0,7,16.0,13.0
2,47,3,2.0,15.83430806765618,0.0,7,16.0,13.0
2,47,4,2.8,10.661351375716613,0.125,7,16.0,13.0
2,47,5,1.8,19.943265011387783,0.0,7,16.0,13.0
2,47,6,2.6,10.907996308513997,0.0,7,16.0,13.0
2,47,7,2.2,14.385739066509293,0.0,7,16.0,13.0
2,47,8,1.8,14.246255346643292,0.0,7,16.0,13.0
2,47,9,2.0,14.577391483419005,0.0,7,16.0,13.0
2,47,10,2.0,13.336146155958906,0.0,7,16.0,13.0
2,47,11,2.8,10.412895243475287,0.0,7,16.0,13.0
2,47,12,2.2,16.19003012348209,0.0,7,16.0,13.0
2,47,13,2.2,15.249542418085513,0.0,7,16.0,13.0
2,47,14,2.6,8.630740788644397,0.0,7,16.0,13.0
2,47,15,2.0,21.129364623915254,0.0,7,16.0,13.0
2,47,16,2.2,15.207720374137162,0.0,7,16.0,13.0
2,47,17,2.2,14.664035140772683,0.0,7,16.0,13.0
2,47,18,2.2,13.15986053416639,0.0,7,16.0,13.0
2,47,19,1.6,20.553764579567822,0.0,7,16.0,13.0
2,47,20,2.4,12.096099233537087,0.125,7,16.0,13.0
2,47,21,2.4,11.643774697128357,0.0,7,16.0,13.0
2,47,22,2.4,14.43081325603333,0.0,7,16.0,13.0
2,47,23,2.6,11.103532819382009,0.0,7,16.0,13.0
2,47,24,2.2,16.84045716977146,0.125,7,16.0,13.0
2,47,25,2.0,15.68376340218894,0.0,7,16.0,13.0
2,47,26,2.6,7.777764926410447,0.0,7,16.0,13.0
2,47,27,1.6,19.798136080796944,0.0,7,16.0,13.0
2,47,28,2.0,15.142674950049162,0.16666666666666666,5,16.0,13.0
3,47,1,2.2,11.586577793061451,0.0,7,16.0,13.0
3,47,2,1.8,19.288588987064536,0.0,7,16.0,13.0
3,47,3,2.6,11.929287126422677,0.0,7,16.0,13.0
3,47,4,2.6,11.990130763979765,0.0,7,16.0,13.0
3,47,5,2.6,9.190371565167009,0.0,7,16.0,13.0
3,47,6,1.8,21.128917874012625,0.0,7,16.0,13.0
3,47,7,2.0,11.655083945749212,0.0,7,16.0,13.0
3,47,8,2.4,10.255267999612053,0.0,7,16.0,13.0
3,47,9,1.8,18.464378557042238,0.0,7,16.0,13.0
3,47,10,2.2,17.323258031894838,0.0,7,16.0,13.0
3,47,11,2.6,10.231912749390416,0.0,7,16.0,13.0
3,47,12,2.6,11.802487548347363,0.0,7,16.0,13.0
3,47,13,2.2,13.930281967196816,0.0,7,16.0,13.0
3,47,14,2.0,16.825152955360288,0.0,7,16.0,13.0
3,47,15,2.6,14.023209317014388,0.125,7,16.0,13.0
3,47,16,1.6,15.519746558856404,0.0,7,16.0,13.0
3,47,17,2.4,13.975749891826824,0.0,7,16.0,13.0
3,47,18,2.4,11.300414008266866,0.0,7,16.0,13.0
3,47,19,1.8,32.45339822947053,0.0,7,16.0,13.0
3,47,20,2.6,11.26047701003324,0.0,7,16.0,13.0
3,47,21,1.8,22.90234795288395,0.0,7,16.0,13.0
3,47,22,1.8,18.2624846417412,0.0,7,16.0,13.0
3,47,23,2.4,11.297747885967057,0.0,7,16.0,13.0
3,47,24,1.8,18.618409606904663,0.0,7,16.0,13.0
3,47,25,2.4,14.576078478049476,0.0,7,16.0,13.0
3,47,26,2.2,12.018741008300733,0.0,7,16.0,13.0
3,47,27,2.2,12.295982521617676,0.0,7,16.0,13.0
3,47,28,2.4,14.096799187374875,0.0,7,16.0,13.0
3,47,29,1.5,16.322335420022014,0.0,4,16.0,13.0
1,48,1,2.8,14.110895691815362,0.0,7,16.0,13.0
1,48,2,2.8,15.786440359196884,0.0,7,16.0,13.0
1,48,3,2.8,11.714292906886655,0.0,7,16.0,13.0
1,48,4,2.2,14.03037622165414,0.0,7,16.0,13.0
1,48,5,2.4,11.713115594780865,0.0,7,16.0,13.0
1,48,6,2.0,19.363184107903102,0.0,7,16.0,13.0
1,48,7,1.8,15.137434114968887,0.0,7,16.0,13.0
1,48,8,1.6,20.03404326334952,0.0,7,16.0,13.0
1,48,9,1.4,15.04257841945768,0.0,7,16.0,13.0
1,48,10,2.4,13.031263932604553,0.0,7,16.0,13.0
1,48,11,2.2,11.528848020230098,0.0,7,16.0,13.0
1,48,12,1.8,20.67860992408277,0.0,7,16.0,13.0
1,48,13,2.0,26.15055511213213,0.0,7,16.0,13.0
1,48,14,2.0,14.035180363825265,0.0,7,16.0,13.0
1,48,15,1.6,25.46753298655114,0.0,7,16.0,13.0
1,48,16,2.0,24.00593695394022,0.0,7,16.0,13.0
1,48,17,2.0,24.67227241086115,0.0,7,16.0,13.0
1,48,18,2.0,14.499422626350585,0.0,7,16.0,13.0
1,48,19,1.4,54.18675507310246,0.0,7,16.0,13.0
1,48,20,1.6,33.66460842332004,0.0,7,16.0,13.0
1,48,21,2.0,16.9563855065776,0.0,7,16.0,13.0
1,48,22,1.6,32.22020603249325,0.0,7,16.0,13.0
1,48,23,2.4,11.470892441542766,0.0,7,16.0,13.0
1,48,24,2.4,15.94633631859417,0.0,7,16.0,13.0
1,48,25,2.4,10.895655971458474,0.125,7,16.0,13.0
1,48,26,2.2,12.65907624518497,0.0,7,16.0,13.0
1,48,27,2.4,16.3672550530136,0.0,7,16.0,13.0
1,48,28,1.6,20.184440695825856,0.0,7,16.0,13.0
1,48,29,2.0,13.32450896932343,0.0,7,16.0,13.0
1,48,30,2.0,17.335222475462675,0.0,7,16.0,13.0
2,48,1,2.2,20.12409954973354,0.0,7,16.0,13.0
2,48,2,2.4,12.916348582169245,0.0,7,16.0,13.0
2,48,3,3.2,13.582922247850185,0.125,7,16.0,13.0
2,48,4,2.2,12.861170499389033,0.0,7,16.0,13.0
2,48,5,2.2,12.148844290871454,0.0,7,16.0,13.0
2,48,6,2.0,13.463856480144432,0.0,7,16.0,13.0
2,48,7,2.2,15.786279782189354,0.0,7,16.0,13.0
2,48,8,2.0,12.299184542671647,0.0,7,16.0,13.0
2,48,9,2.6,14.767338509991673,0.0,7,16.0,13.0
2,48,10,2.2,12.239220555823273,0.0,7,16.0,13.0
2,48,11,2.0,17.387558240425534,0.0,7,16.0,13.0
2,48,12,2.0,15.330215991962547,0.0,7,16.0,13.0
2,48,13,1.8,16.60543676747637,0.0,7,16.0,13.0
2,48,14,3.0,7.9865067465468425,0.125,7,16.0,13.0
2,48,15,2.0,14.569940779220351,0.0,7,16.0,13.0
2,48,16,1.8,24.29991335492046,0.0,7,16.0,13.0
2,48,17,2.0,16.461764320760366,0.0,7,16.0,13.0
2,48,18,2.0,16.031703971607595,0.0,7,16.0,13.0
2,48,19,2.2,10.241856944820569,0.0,7,16.0,13.0
2,48,20,3.2,9.315593307049499,0.125,7,16.0,13.0
2,48,21,1.6,18.8628683134913,0.0,7,16.0,13.0
2,48,22,2.4,14.074746868351625,0.0,7,16.0,13.0
2,48,23,1.6,19.750328302445116,0.0,7,16.0,13.0
2,48,24,3.0,11.348802816026566,0.125,7,16.0,13.0
2,48,25,2.4,10.295587231418924,0.0,7,16.0,13.0
2,48,26,2.2,10.650212388492218,0.0,7,16.0,13.0
2,48,27,2.2,12.71882246154656,0.0,7,16.0,13.0
2,48,28,1.4,26.031355134742817,0.0,5,16.0,13.0
3,48,1,2.0,14.113408202384978,0.0,7,16.0,13.0
3,48,2,2.2,13.318229574140997,0.0,7,16.0,13.0
3,48,3,1.8,15.185374099360288,0.0,7,16.0,13.0
3,48,4,2.2,16.84198216275021,0.0,7,16.0,13.0
3,48,5,2.4,9.73623529364366,0.0,7,16.0,13.0
3,48,6,2.0,13.087442011561654,0.0,7,16.0,13.0
3,48,7,2.4,10.226080623542305,0.0,7,16.0,13.0
3,48,8,1.8,13.439159526725911,0.0,7,16.0,13.0
3,48,9,2.4,9.705436314919279,0.0,7,16.0,13.0
3,48,10,2.6,15.481997928998423,0.125,7,16.0,13.0
3,48,11,2.2,13.390496965585283,0.0,7,16.0,13.0
3,48,12,2.4,14.703821734700188,0.0,7,16.0,13.0
3,48,13,2.0,13.25605695643889,0.0,7,16.0,13.0
3,48,14,1.6,24.421475795863113,0.0,7,16.0,13.0
3,48,15,1.8,18.038888420664833,0.0,7,16.0,13.0
3,48,16,2.2,13.969740431679668,0.0,7,16.0,13.0
3,48,17,2.4,10.999521606472726,0.0,7,16.0,13.0
3,48,18,1.8,23.226492557298773,0.0,7,16.0,13.0
3,48,19,2.2,12.341345346846452,0.0,7,16.0,13.0
3,48,20,2.0,22.459327855492784,0.0,7,16.0,13.0
3,48,21,2.6,10.64453588243976,0.0,7,16.0,13.0
3,48,22,2.4,22.78865629591541,0.0,7,16.0,13.0
3,48,23,2.0,13.8984277757174,0.0,7,16.0,13.0
3,48,24,2.2,13.93230184102949,0.0,7,16.0,13.0
3,48,25,2.0,15.8527407471271,0.0,7,16.0,13.0
3,48,26,2.2,16.0607093095627,0.0,7,16.0,13.0
3,48,27,2.4,10.697998641518339,0.0,7,16.0,13.0
3,48,28,1.6,15.749537264534903,0.0,7,16.0,13.0
3,48,29,2.0,14.983943105233516,0.0,7,16.0,13.0
3,48,30,1.2,21.783618003292673,0.0,5,16.0,13.0
1,49,1,2.8,14.380285372212771,0.0,7,16.0,13.0
1,49,2,2.8,11.662035971042561,0.0,7,16.0,13.0
1,49,3,2.6,12.390711865582274,0.0,7,16.0,13.0
1,49,4,2.0,16.455432751772232,0.0,7,16.0,13.0
1,49,5,2.6,8.899743813234606,0.0,7,16.0,13.0
1,49,6,1.8,25.45305700229556,0.0,7,16.0,13.0
1,49,7,2.2,11.363581425655113,0.0,7,16.0,13.0
1,49,8,1.6,19.20405164486357,0.0,7,16.0,13.0
1,49,9,1.6,15.096526060330152,0.0,7,16.0,13.0
1,49,10,1.8,27.453644419152273,0.0,7,16.0,13.0
1,49,11,2.2,13.093765876026701,0.0,7,16.0,13.0
1,49,12,1.6,20.968331983888714,0.0,7,16.0,13.0
1,49,13,1.6,32.926574736636205,0.0,7,16.0,13.0
1,49,14,2.0,15.203129144409647,0.0,7,16.0,13.0
1,49,15,2.0,34.692007818369134,0.0,7,16.0,13.0
1,49,16,1.8,27.32765305744547,0.0,7,16.0,13.0
1,49,17,2.2,20.566908176184437,0.0,7,16.0,13.0
1,49,18,1.8,22.446153329215647,0.0,7,16.0,13.0
1,49,19,1.6,16.796036714429707,0.0,7,16.0,13.0
1,49,20,1.8,20.60929951412699,0.0,7,16.0,13.0
1,49,21,2.2,13.419535136463729,0.0,7,16.0,13.0
1,49,22,1.8,33.389183720117636,0.0,7,16.0,13.0
1,49,23,1.8,18.635341134270902,0.0,7,16.0,13.0
1,49,24,2.4,14.558919751903442,0.0,7,16.0,13.0
1,49,25,2.4,10.073538895146264,0.125,7,16.0,13.0
1,49,26,2.0,16.357316736431237,0.0,7,16.0,13.0
1,49,27,2.2,13.475450520970446,0.0,7,16.0,13.0
1,49,28,2.2,15.479711171006155,0.0,7,16.0,13.0
1,49,29,2.4,10.666540526921729,0.0,7,16.0,13.0
1,49,30,2.0,18.226581023026,0.0,7,16.0,13.0
2,49,1,2.4,16.92251842575378,0.0,7,16.0,13.0
2,49,2,2.4,12.898116771642814,0.0,7,16.0,13.0
2,49,3,2.8,11.384825722916984,0.0,7,16.0,13.0
2,49,4,2.2,13.124783239884048,0.0,7,16.0,13.0
2,49,5,2.4,11.586227350724627,0.0,7,16.0,13.0
2,49,6,2.2,11.43082924456899,0.0,7,16.0,13.0
2,49,7,2.2,14.811505304140884,0.0,7,16.0,13.0
2,49,8,2.0,13.99749268950008,0.0,7,16.0,13.0
2,49,9,2.2,15.572502899326965,0.0,7,16.0,13.0
2,49,10,2.8,10.103523463287711,0.0,7,16.0,13.0
2,49,11,2.6,11.542327459883369,0.0,7,16.0,13.0
2,49,12,1.8,21.57576843322062,0.0,7,16.0,13.0
2,49,13,2.4,10.435476060373404,0.125,7,16.0,13.0
2,49,14,2.4,13.713020367082958,0.0,7,16.0,13.0
2,49,15,1.8,14.375595756071082,0.0,7,16.0,13.0
2,49,16,1.8,17.67656375357738,0.0,7,16.0,13.0
2,49,17,2.0,14.044064334280833,0.0,7,16.0,13.0
2,49,18,2.2,15.487201331524634,0.0,7,16.0,13.0
2,49,19,2.2,10.565896446609392,0.0,7,16.0,13.0
2,49,20,2.4,13.630310482804012,0.0,7,16.0,13.0
2,49,21,2.6,12.178239984341193,0.0,7,16.0,13.0
2,49,22,2.2,14.811755696160663,0.0,7,16.0,13.0
2,49,23,1.6,19.229442547082026,0.0,7,16.0,13.0
2,49,24,2.6,12.72258594138493,0.0,7,16.0,13.0
2,49,25,2.0,12.916738730949705,0.0,7,16.0,13.0
2,49,26,2.2,10.540089694890325,0.0,7,16.0,13.0
2,49,27,2.8,10.502914905198582,0.125,7,16.0,13.0
3,49,1,1.6,23.062460283872667,0.0,7,16.0,13.0
3,49,2,2.6,11.821178127307919,0.0,7,16.0,13.0
3,49,3,1.8,19.74444538718253,0.0,7,16.0,13.0
3,49,4,2.0,18.660657310789638,0.0,7,16.0,13.0
3,49,5,2.2,13.923627082268181,0.0,7,16.0,13.0
3,49,6,2.2,11.079734041886791,0.0,7,16.0,13.0
3,49,7,2.2,11.837572147028249,0.0,7,16.0,13.0
3,49,8,2.4,11.098055647931043,0.0,7,16.0,13.0
3,49,9,2.2,12.604748095232567,0.0,7,16.0,13.0
3,49,10,2.0,25.420352494559616,0.0,7,16.0,13.0
3,49,11,2.2,12.359912535353587,0.0,7,16.0,13.0
3,49,12,2.6,14.242280623043413,0.0,7,16.0,13.0
3,49,13,2.2,12.656641216157862,0.0,7,16.0,13.0
3,49,14,1.8,23.21343973916265,0.0,7,16.0,13.0
3,49,15,2.6,8.80142847125566,0.0,7,16.0,13.0
3,49,16,2.2,13.291405657597382,0.0,7,16.0,13.0
3,49,17,2.0,14.60078325826641,0.0,7,16.0,13.0
3,49,18,2.4,11.33607639678193,0.0,7,16.0,13.0
3,49,19,2.2,13.27317254966769,0.0,7,16.0,13.0
3,49,20,2.4,14.235481799650659,0.0,7,16.0,13.0
3,49,21,2.2,16.507643112142414,0.0,7,16.0,13.0
3,49,22,2.2,16.50438774543534,0.0,7,16.0,13.0
3,49,23,2.6,10.82992660519579,0.0,7,16.0,13.0
3,49,24,1.8,19.954807571616666,0.0,7,16.0,13.0
3,49,25,2.6,12.402202882685419,0.0,7,16.0,13.0
3,49,26,2.6,9.308228158448165,0.0,7,16.0,13.0
3,49,27,2.0,14.11315094527156,0.0,7,16.0,13.0
3,49,28,2.4,11.467516634962871,0.0,7,16.0,13.0
1,50,1,2.8,15.177081729874626,0.0,7,16.0,13.0
1,50,2,2.8,15.911490798520688,0.0,7,16.0,13.0
1,50,3,2.6,12.57166071741092,0.0,7,16.0,13.0
1,50,4,2.2,13.632544056476801,0.0,7,16.0,13.0
1,50,5,2.2,13.352315060414806,0.0,7,16.0,13.0
1,50,6,2.2,18.435237848128295,0.0,7,16.0,13.0
1,50,7,2.0,14.411844043962803,0.0,7,16.0,13.0
1,50,8,1.8,17.555621191734332,0.0,7,16.0,13.0
1,50,9,1.4,22.426396772443553,0.0,7,16.0,13.0
1,50,10,2.6,14.156649524378556,0.125,7,16.0,13.0
1,50,11,1.4,18.313312456728845,0.0,7,16.0,13.0
1,50,12,1.8,20.516313736630842,0.0,7,16.0,13.0
1,50,13,2.0,22.31411900933409,0.0,7,16.0,13.0
1,50,14,1.8,15.590058051433575,0.0,7,16.0,13.0
1,50,15,1.8,37.70723690947814,0.0,7,16.0,13.0
1,50,16,2.0,17.264648628005943,0.0,7,16.0,13.0
1,50,17,2.2,17.189009131463404,0.0,7,16.0,13.0
1,50,18,2.0,16.246779844014366,0.0,7,16.0,13.0
1,50,19,1.8,31.56648544098369,0.0,7,16.0,13.0
1,50,20,1.8,18.805124359946788,0.0,7,16.0,13.0
1,50,21,1.8,22.18528333611839,0.0,7,16.0,13.0
1,50,22,2.0,15.745371155128236,0.0,7,16.0,13.0
1,50,23,2.0,16.986334453774656,0.0,7,16.0,13.0
1,50,24,2.4,13.066108511442561,0.0,7,16.0,13.0
1,50,25,2.8,9.707776858416267,0.0,7,16.0,13.0
1,50,26,2.4,9.600329520638647,0.125,7,16.0,13.0
1,50,27,2.4,17.40381912220554,0.0,7,16.0,13.0
1,50,28,2.0,13.268069012166142,0.0,7,16.0,13.0
1,50,29,2.4,11.997421024298909,0.125,7,16.0,13.0
1,50,30,2.0,17.259960092735998,0.0,4,16.0,13.0
2,50,1,2.0,20.138446834772047,0.0,7,16.0,13.0
2,50,2,2.4,12.54344872627876,0.0,7,16.0,13.0
2,50,3,2.2,17.656387358195754,0.0,7,16.0,13.0
2,50,4,2.4,13.398367171127518,0.0,7,16.0,13.0
2,50,5,2.4,13.158575575079634,0.0,7,16.0,13.0
2,50,6,2.2,10.954764765410067,0.0,7,16.0,13.0
2,50,7,1.8,18.719403125783963,0.0,7,16.0,13.0
2,50,8,2.2,11.695922130884401,0.0,7,16.0,13.0
2,50,9,1.8,19.788222919849968,0.0,7,16.0,13.0
2,50,10,2.4,12.549338723513726,0.125,7,16.0,13.0
2,50,11,2.0,15.174240046307405,0.0,7,16.0,13.0
2,50,12,2.0,14.671881950142332,0.0,7,16.0,13.0
2,50,13,1.8,22.549192656836954,0.0,7,16.0,13.0
2,50,14,2.4,12.017387511878434,0.0,7,16.0,13.0
2,50,15,2.6,10.709729278570318,0.0,7,16.0,13.0
2,50,16,2.4,13.375606595856855,0.0,7,16.0,13.0
2,50,17,1.8,17.732373939070822,0.0,7,16.0,13.0
2,50,18,2.4,13.607885940157882,0.0,7,16.0,13.0
2,50,19,2.4,10.252541244620797,0.0,7,16.0,13.0
2,50,20,1.6,15.31620257248543,0.0,7,16.0,13.0
2,50,21,2.6,11.341362211414559,0.0,7,16.0,13.0
2,50,22,2.6,11.668060279362532,0.0,7,16.0,13.0
2,50,23,1.8,18.710378615876753,0.0,7,16.0,13.0
2,50,24,2.2,13.146104442573202,0.0,7,16.0,13.0
2,50,25,2.4,13.01342904167755,0.125,7,16.0,13.0
2,50,26,2.2,11.968649782247093,0.0,7,16.0,13.0
2,50,27,2.2,10.037241757999498,0.0,7,16.0,13.0
2,50,28,2.2,14.83381782228443,0.0,7,16.0,13.0
3,50,1,2.6,9.622229078855051,0.0,7,16.0,13.0
3,50,2,2.4,15.631581343858214,0.0,7,16.0,13.0
3,50,3,2.4,11.363895931733877,0.0,7,16.0,13.0
3,50,4,2.2,14.680890989892813,0.0,7,16.0,13.0
3,50,5,2.2,11.190775498139654,0.0,7,16.0,13.0
3,50,6,2.2,12.325330616458158,0.0,7,16.0,13.0
3,50,7,2.0,12.372712087715902,0.0,7,16.0,13.0
3,50,8,2.4,9.42569591164703,0.0,7,16.0,13.0
3,50,9,2.2,15.914885573926297,0.0,7,16.0,13.0
3,50,10,2.0,16.426237255738634,0.0,7,16.0,13.0
3,50,11,2.2,15.286819024015276,0.0,7,16.0,13.0
3,50,12,2.2,14.701738567116118,0.0,7,16.0,13.0
3,50,13,2.4,13.245509563857226,0.0,7,16.0,13.0
3,50,14,1.6,19.031371330700654,0.0,7,16.0,13.0
3,50,15,2.8,11.367224192389221,0.125,7,16.0,13.0
3,50,16,2.0,13.329671769772771,0.0,7,16.0,13.0
3,50,17,2.6,13.104616980984126,0.125,7,16.0,13.0
3,50,18,2.6,10.438763691817378,0.0,7,16.0,13.0
3,50,19,2.0,22.709504789766935,0.0,7,16.0,13.0
3,50,20,2.6,10.97100320945848,0.125,7,16.0,13.0
3,50,21,1.8,29.096482742822072,0.0,7,16.0,13.0
3,50,22,2.2,13.978996318649521,0.0,7,16.0,13.0
3,50,23,2.0,17.752325732168877,0.0,7,16.0,13.0
3,50,24,1.6,15.734928070936471,0.0,7,16.0,13.0
3,50,25,2.2,13.792442476499252,0.0,7,16.0,13.0
3,50,26,2.2,10.171673582648133,0.0,7,16.0,13.0
3,50,27,2.0,14.590686289213952,0.0,7,16.0,13.0
3,50,28,2.2,16.342938736853025,0.0,7,16.0,13.0
3,50,29,1.2,20.402919275027205,0.0,5,16.0,13.0
1,51,1,2.8,16.972438153825884,0.0,7,16.0,13.0
1,51,2,2.8,14.391484652053723,0.0,7,16.0,13.0
1,51,3,2.8,14.647018386728922,0.0,7,16.0,13.0
1,51,4,2.0,15.21915980379885,0.0,7,16.0,13.0
1,51,5,2.2,12.068720360403375,0.0,7,16.0,13.0
1,51,6,2.0,30.173477128039305,0.0,7,16.0,13.0
1,51,7,2.0,12.165655840880696,0.0,7,16.0,13.0
1,51,8,1.8,18.10970484522489,0.0,7,16.0,13.0
1,51,9,1.4,18.855019833617096,0.0,7,16.0,13.0
1,51,10,2.0,15.024999878807074,0.0,7,16.0,13.0
1,51,11,2.2,10.0732444926825,0.0,7,16.0,13.0
1,51,12,1.6,23.68841889126872,0.0,7,16.0,13.0
1,51,13,2.2,17.70350034245394,0.0,7,16.0,13.0
1,51,14,1.8,17.28983119910206,0.0,7,16.0,13.0
1,51,15,2.0,28.783732805247727,0.0,7,16.0,13.0
1,51,16,1.8,22.956810318301553,0.0,7,16.0,13.0
1,51,17,2.0,31.311868443001853,0.0,7,16.0,13.0
1,51,18,2.0,13.415409919224848,0.0,7,16.0,13.0
1,51,19,1.8,25.115170659459917,0.0,7,16.0,13.0
1,51,20,2.0,17.45402862442659,0.0,7,16.0,13.0
1,51,21,2.2,17.577207638538265,0.0,7,16.0,13.0
1,51,22,1.8,16.326407231799354,0.0,7,16.0,13.0
1,51,23,1.8,23.991957378737688,0.0,7,16.0,13.0
1,51,24,2.6,11.479012331627326,0.0,7,16.0,13.0
1,51,25,2.6,11.306353524472847,0.0,7,16.0,13.0
1,51,26,2.2,13.33012773224957,0.0,7,16.0,13.0
1,51,27,1.6,21.48841043855226,0.0,7,16.0,13.0
1,51,28,2.2,11.857184081587869,0.0,7,16.0,13.0
1,51,29,2.4,12.787141453715567,0.0,7,16.0,13.0
1,51,30,2.4,11.986624150647511,0.0,6,16.0,13.0
2,51,1,2.0,20.271944718678032,0.0,7,16.0,13.0
2,51,2,2.6,12.045909784272894,0.0,7,16.0,13.0
2,51,3,3.2,11.034353052850877,0.125,7,16.0,13.0
2,51,4,2.0,15.023515103966885,0.0,7,16.0,13.0
2,51,5,2.0,14.906404337018468,0.0,7,16.0,13.0
2,51,6,2.2,11.92592262523935,0.0,7,16.0,13.0
2,51,7,2.0,18.88094374198551,0.0,7,16.0,13.0
2,51,8,1.6,13.265808052242283,0.0,7,16.0,13.0
2,51,9,2.0,16.133994679956015,0.0,7,16.0,13.0
2,51,10,2.6,12.509675666628477,0.125,7,16.0,13.0
2,51,11,2.0,13.280420033996373,0.0,7,16.0,13.0
2,51,12,2.0,17.319198566657086,0.0,7,16.0,13.0
2,51,13,1.6,18.957800284986057,0.0,7,16.0,13.0
2,51,14,2.0,13.86340272656925,0.0,7,16.0,13.0
2,51,15,2.2,13.442258125573312,0.0,7,16.0,13.0
2,51,16,1.8,19.70111083081724,0.0,7,16.0,13.0
2,51,17,1.8,22.189452534456542,0.0,7,16.0,13.0
2,51,18,1.6,23.800925818423504,0.0,7,16.0,13.0
2,51,19,1.6,25.011860680532468,0.0,7,16.0,13.0
2,51,20,2.2,14.800811046117412,0.0,7,16.0,13.0
2,51,21,2.6,8.660081394573654,0.0,7,16.0,13.0
2,51,22,2.8,11.319447768417325,0.0,7,16.0,13.0
2,51,23,2.2,15.767214287880698,0.0,7,16.0,13.0
2,51,24,2.0,16.931511605971558,0.0,7,16.0,13.0
2,51,25,2.4,13.955278178776451,0.0,7,16.0,13.0
2,51,26,2.4,11.63262904416561,0.0,7,16.0,13.0
2,51,27,1.8,13.347441128864467,0.0,7,16.0,13.0
2,51,28,1.8,13.059807926814976,0.0,7,16.0,13.0
2,51,29,2.4,12.18796197438913,0.125,7,16.0,13.0
3,51,1,2.4,11.59291791627093,0.0,7,16.0,13.0
3,51,2,2.0,16.782399447200167,0.0,7,16.0,13.0
3,51,3,2.8,10.186117832127449,0.0,7,16.0,13.0
3,51,4,2.4,12.250515240704111,0.0,7,16.0,13.0
3,51,5,2.0,11.32220744014214,0.0,7,16.0,13.0
3,51,6,2.0,16.62843369502399,0.0,7,16.0,13.0
3,51,7,2.8,7.7205384820091165,0.0,7,16.0,13.0
3,51,8,2.2,11.920095399511029,0.0,7,16.0,13.0
3,51,9,2.4,14.307067971436629,0.125,7,16.0,13.0
3,51,10,2.2,12.232598255218456,0.0,7,16.0,13.0
3,51,11,2.4,16.04469066596724,0.0,7,16.0,13.0
3,51,12,2.2,12.393052177888737,0.0,7,16.0,13.0
3,51,13,2.4,13.053569519204643,0.0,7,16.0,13.0
3,51,14,2.4,9.736851345682906,0.0,7,16.0,13.0
3,51,15,2.2,15.962472825189796,0.0,7,16.0,13.0
3,51,16,2.4,12.53391276817443,0.0,7,16.0,13.0
3,51,17,2.0,15.664230038428313,0.0,7,16.0,13.0
3,51,18,2.2,16.858645960961834,0.0,7,16.0,13.0
3,51,19,2.2,21.37724759984281,0.0,7,16.0,13.0
3,51,20,2.6,10.343742866047712,0.0,7,16.0,13.0
3,51,21,2.2,16.192606915791277,0.0,7,16.0,13.0
3,51,22,2.2,12.897270729056158,0.0,7,16.0,13.0
3,51,23,2.2,15.146498448196482,0.0,7,16.0,13.0
3,51,24,2.0,15.880045945757299,0.0,7,16.0,13.0
3,51,25,2.4,9.674699613357099,0.0,7,16.0,13.0
3,51,26,2.6,10.471096833066298,0.0,7,16.0,13.0
3,51,27,2.2,11.956526723163979,0.0,7,16.0,13.0
1,52,1,2.8,12.075049838114644,0.0,7,16.0,13.0
1,52,2,2.8,16.613361732838495,0.0,7,16.0,13.0
1,52,3,2.8,12.809978740050415,0.0,7,16.0,13.0
1,52,4,2.0,14.880914565162636,0.0,7,16.0,13.0
1,52,5,2.2,11.603921675235105,0.0,7,16.0,13.0
1,52,6,2.0,31.43258919397713,0.0,7,16.0,13.0
1,52,7,2.0,13.322160904493225,0.0,7,16.0,13.0
1,52,8,1.8,19.267794708243127,0.0,7,16.0,13.0
1,52,9,2.0,11.337339664477575,0.0,7,16.0,13.0
1,52,10,2.2,14.135194975458713,0.0,7,16.0,13.0
1,52,11,2.2,11.457715756510297,0.0,7,16.0,13.0
1,52,12,2.0,15.599208569798689,0.0,7,16.0,13.0
1,52,13,2.4,13.227129829540342,0.0,7,16.0,13.0
1,52,14,1.6,29.903525239986312,0.0,7,16.0,13.0
1,52,15,2.2,17.687436225548396,0.0,7,16.0,13.0
1,52,16,2.4,19.214117577530992,0.0,7,16.0,13.0
1,52,17,2.4,11.161082616976499,0.0,7,16.0,13.0
1,52,18,2.0,23.331062958734606,0.0,7,16.0,13.0
1,52,19,1.8,13.436979639946895,0.0,7,16.0,13.0
1,52,20,2.2,19.705244427133838,0.0,7,16.0,13.0
1,52,21,2.4,12.728484004332893,0.0,7,16.0,13.0
1,52,22,2.0,16.501574067287763,0.0,7,16.0,13.0
1,52,23,1.8,13.66857495806101,0.0,7,16.0,13.0
1,52,24,2.8,12.851558857801871,0.125,7,16.0,13.0
1,52,25,2.8,9.485676617633048,0.125,7,16.0,13.0
1,52,26,2.6,11.07723618842869,0.0,7,16.0,13.0
1,52,27,2.0,15.576514826050374,0.0,7,16.0,13.0
1,52,28,2.8,9.488015394666785,0.125,7,16.0,13.0
2,52,1,2.2,17.087949870021244,0.0,7,16.0,13.0
2,52,2,2.2,13.086016362573845,0.0,7,16.0,13.0
2,52,3,2.6,14.11532675193133,0.0,7,16.0,13.0
2,52,4,2.2,15.180298353432306,0.0,7,16.0,13.0
2,52,5,2.4,10.445570769045137,0.0,7,16.0,13.0
2,52,6,2.6,9.10211430185602,0.0,7,16.0,13.0
2,52,7,1.6,37.01899537226884,0.0,7,16.0,13.0
2,52,8,2.2,11.274235776082936,0.0,7,16.0,13.0
2,52,9,2.0,17.236267599390864,0.0,7,16.0,13.0
2,52,10,2.6,11.954251449751487,0.0,7,16.0,13.0
2,52,11,2.0,18.61186593334141,0.0,7,16.0,13.0
2,52,12,2.4,14.660498834254728,0.0,7,16.0,13.0
2,52,13,2.4,13.243728305124916,0.0,7,16.0,13.0
2,52,14,1.8,12.406478065308551,0.0,7,16.0,13.0
2,52,15,2.6,12.872848597781397,0.0,7,16.0,13.0
2,52,16,2.0,15.561689967111016,0.0,7,16.0,13.0
2,52,17,2.0,17.25110639907767,0.0,7,16.0,13.0
2,52,18,1.4,36.66984920552885,0.0,7,16.0,13.0
2,52,19,2.4,10.252541244620756,0.0,7,16.0,13.0
2,52,20,2.6,9.830422635801572,0.0,7,16.0,13.0
2,52,21,2.4,14.148850693956732,0.0,7,16.0,13.0
2,52,22,2.0,18.562060908074823,0.0,7,16.0,13.0
2,52,23,2.2,11.19323171376012,0.0,7,16.0,13.0
2,52,24,2.0,21.175793150720295,0.0,7,16.0,13.0
2,52,25,2.0,13.2177483984123,0.0,7,16.0,13.0
2,52,26,1.8,16.170697315964134,0.0,7,16.0,13.0
2,52,27,2.2,9.658770801770814,0.0,7,16.0,13.0
2,52,28,2.6,10.486782449315557,0.125,7,16.0,13.0
3,52,1,2.0,14.796277136278384,0.0,7,16.0,13.0
3,52,2,2.4,11.746973471145061,0.0,7,16.0,13.0
3,52,3,2.4,10.454189366448967,0.0,7,16.0,13.0
3,52,4,2.2,19.849635088756397,0.0,7,16.0,13.0
3,52,5,2.2,10.261722782482142,0.0,7,16.0,13.0
3,52,6,2.4,13.223634188407045,0.0,7,16.0,13.0
3,52,7,2.6,8.529085548241238,0.0,7,16.0,13.0
3,52,8,2.4,9.553577617864434,0.0,7,16.0,13.0
3,52,9,2.0,22.16160994399197,0.0,7,16.0,13.0
3,52,10,2.2,13.173518886583247,0.0,7,16.0,13.0
3,52,11,2.2,17.001895523334344,0.0,7,16.0,13.0
3,52,12,2.2,13.291994652961899,0.0,7,16.0,13.0
3,52,13,2.0,13.666792893390062,0.0,7,16.0,13.0
3,52,14,2.0,18.885238191699177,0.0,7,16.0,13.0
3,52,15,2.4,12.441622885168332,0.125,7,16.0,13.0
3,52,16,2.6,8.827543707949244,0.0,7,16.0,13.0
3,52,17,2.2,14.417455540303012,0.0,7,16.0,13.0
3,52,18,2.4,11.525704243381522,0.0,7,16.0,13.0
3,52,19,2.4,17.241436294537447,0.0,7,16.0,13.0
3,52,20,2.4,12.273459853834265,0.0,7,16.0,13.0
3,52,21,2.2,18.71943647965387,0.0,7,16.0,13.0
3,52,22,2.2,13.009005210094251,0.0,7,16.0,13.0
3,52,23,1.8,19.612747717230636,0.0,7,16.0,13.0
3,52,24,2.6,12.30631744456015,0.0,7,16.0,13.0
3,52,25,2.0,16.21314996191506,0.0,7,16.0,13.0
3,52,26,2.0,12.035482902885203,0.0,7,16.0,13.0
3,52,27,2.0,14.643617291900785,0.0,7,16.0,13.0
3,52,28,2.2,13.011924989595457,0.0,7,16.0,13.0
1,53,1,2.8,14.380285372212775,0.0,7,16.0,13.0
1,53,2,2.8,15.189557011957142,0.0,7,16.0,13.0
1,53,3,2.8,11.068778538008946,0.0,7,16.0,13.0
1,53,4,2.4,12.119547785573989,0.0,7,16.0,13.0
1,53,5,2.2,11.332413458885917,0.0,7,16.0,13.0
1,53,6,2.0,18.93723255181472,0.0,7,16.0,13.0
1,53,7,2.0,11.93714873899943,0.0,7,16.0,13.0
1,53,8,1.8,17.96916994007937,0.0,7,16.0,13.0
1,53,9,1.8,16.385788400686774,0.0,7,16.0,13.0
1,53,10,2.0,21.159900592393218,0.0,7,16.0,13.0
1,53,11,1.8,16.980293172770104,0.0,7,16.0,13.0
1,53,12,2.0,18.953237575676248,0.0,7,16.0,13.0
1,53,13,1.8,25.65275189901038,0.0,7,16.0,13.0
1,53,14,2.2,12.334907332445628,0.0,7,16.0,13.0
1,53,15,2.0,22.31478802748183,0.0,7,16.0,13.0
1,53,16,2.2,21.719943004912402,0.0,7,16.0,13.0
1,53,17,2.0,17.58763232533884,0.0,7,16.0,13.0
1,53,18,1.8,16.632651053108916,0.0,7,16.0,13.0
1,53,19,1.6,29.37656844531374,0.0,7,16.0,13.0
1,53,20,2.0,17.81079476902705,0.0,7,16.0,13.0
1,53,21,2.0,19.285718652710973,0.0,7,16.0,13.0
1,53,22,1.8,15.391909822846722,0.0,7,16.0,13.0
1,53,23,2.0,24.14189804413749,0.0,7,16.0,13.0
1,53,24,2.0,12.519084785459027,0.0,7,16.0,13.0
1,53,25,2.4,13.789821580869901,0.125,7,16.0,13.0
1,53,26,2.4,10.306369312306915,0.0,7,16.0,13.0
1,53,27,2.0,26.220022483961408,0.0,7,16.0,13.0
1,53,28,1.8,15.06582655471635,0.0,7,16.0,13.0
1,53,29,1.8,13.724183102703348,0.0,7,16.0,13.0
1,53,30,2.8,12.683171784569435,0.125,7,16.0,13.0
2,53,1,2.0,23.733141752647832,0.0,7,16.0,13.0
2,53,2,2.2,14.663160965950466,0.0,7,16.0,13.0
2,53,3,2.4,14.194357922263222,0.0,7,16.0,13.0
2,53,4,3.2,8.422955321394983,0.125,7,16.0,13.0
2,53,5,1.8,14.873999726539358,0.0,7,16.0,13.0
2,53,6,1.8,19.242189489705407,0.0,7,16.0,13.0
2,53,7,1.8,15.840398276749807,0.0,7,16.0,13.0
2,53,8,2.4,10.961476371537401,0.0,7,16.0,13.0
2,53,9,2.0,17.080181018497953,0.0,7,16.0,13.0
2,53,10,3.2,8.693930090815819,0.125,7,16.0,13.0
2,53,11,2.0,21.273187155229586,0.0,7,16.0,13.0
2,53,12,2.2,15.686019969545814,0.0,7,16.0,13.0
2,53,13,2.4,13.272468185465952,0.0,7,16.0,13.0
2,53,14,2.0,14.515077678461465,0.0,7,16.0,13.0
2,53,15,2.6,11.715268495501078,0.0,7,16.0,13.0
2,53,16,1.8,18.550960689414858,0.0,7,16.0,13.0
2,53,17,2.0,15.231854113240308,0.0,7,16.0,13.0
2,53,18,1.8,21.610186539797333,0.0,7,16.0,13.0
2,53,19,2.4,10.643196783838567,0.0,7,16.0,13.0
2,53,20,2.4,12.652210899792601,0.0,7,16.0,13.0
2,53,21,2.6,11.50544130319803,0.0,7,16.0,13.0
2,53,22,2.4,12.661104938837841,0.0,7,16.0,13.0
2,53,23,2.4,14.757031315305248,0.0,7,16.0,13.0
2,53,24,2.6,11.08034321469715,0.0,7,16.0,13.0
2,53,25,2.0,15.452184388792542,0.0,7,16.0,13.0
2,53,26,2.4,9.091928278310998,0.0,7,16.0,13.0
2,53,27,2.4,12.647460984230959,0.0,7,16.0,13.0
3,53,1,2.4,11.908939604855487,0.0,7,16.0,13.0
3,53,2,2.2,14.536870957094374,0.0,7,16.0,13.0
3,53,3,2.2,12.337224633075135,0.0,7,16.0,13.0
3,53,4,1.6,24.40785758138248,0.0,7,16.0,13.0
3,53,5,2.0,15.154344590497626,0.0,7,16.0,13.0
3,53,6,1.8,13.846473153695943,0.0,7,16.0,13.0
3,53,7,2.0,16.07917036377188,0.0,7,16.0,13.0
3,53,8,1.8,15.663202873106558,0.0,7,16.0,13.0
3,53,9,2.6,10.072639148366582,0.0,7,16.0,13.0
3,53,10,2.4,14.827337105115811,0.0,7,16.0,13.0
3,53,11,2.4,12.055513712132466,0.0,7,16.0,13.0
3,53,12,2.6,12.73040851495783,0.0,7,16.0,13.0
3,53,13,2.4,11.07457233631507,0.0,7,16.0,13.0
3,53,14,2.2,14.651896843865842,0.0,7,16.0,13.0
3,53,15,2.2,11.531598868104194,0.0,7,16.0,13.0
3,53,16,2.0,17.29233915770749,0.0,7,16.0,13.0
3,53,17,2.4,12.088013153724738,0.0,7,16.0,13.0
3,53,18,1.8,14.219998708159286,0.0,7,16.0,13.0
3,53,19,2.4,11.344377619483666,0.0,7,16.0,13.0
3,53,20,2.2,17.930364230258366,0.0,7,16.0,13.0
3,53,21,2.4,12.305152979314279,0.0,7,16.0,13.0
3,53,22,2.2,16.91519871501299,0.0,7,16.0,13.0
3,53,23,2.2,15.010960950785444,0.0,7,16.0,13.0
3,53,24,1.6,23.847535229618696,0.0,7,16.0,13.0
3,53,25,2.4,12.966130708706913,0.0,7,16.0,13.0
3,53,26,2.2,12.932951827176538,0.0,7,16.0,13.0
3,53,27,2.4,9.417626925614439,0.0,7,16.0,13.0
3,53,28,2.2,13.330735042995768,0.0,7,16.0,13.0
3,53,29,1.8,14.844555161569838,0.0,5,16.0,13.0
1,54,1,2.8,13.389748811139558,0.0,7,16.0,13.0
1,54,2,2.8,13.489443121106582,0.0,7,16.0,13.0
1,54,3,2.8,12.755747044249786,0.0,7,16.0,13.0
1,54,4,2.0,16.37729644119673,0.0,7,16.0,13.0
1,54,5,2.4,9.858182486807769,0.0,7,16.0,13.0
1,54,6,2.4,14.512186089314474,0.0,7,16.0,13.0
1,54,7,2.0,14.560641088765195,0.0,7,16.0,13.0
1,54,8,1.6,20.494873546781584,0.0,7,16.0,13.0
1,54,9,2.2,14.009536527618478,0.0,7,16.0,13.0
1,54,10,2.0,20.910732593823777,0.0,7,16.0,13.0
1,54,11,2.0,14.38502717393617,0.0,7,16.0,13.0
1,54,12,2.4,13.685062725165157,0.0,7,16.0,13.0
1,54,13,1.6,18.714503359312282,0.0,7,16.0,13.0
1,54,14,1.8,34.568573454729915,0.0,7,16.0,13.0
1,54,15,2.0,25.253155181252307,0.0,7,16.0,13.0
1,54,16,2.2,24.0268678292587,0.0,7,16.0,13.0
1,54,17,1.8,17.94275542384521,0.0,7,16.0,13.0
1,54,18,1.4,18.153347113686976,0.0,7,16.0,13.0
1,54,19,1.6,34.975887429064386,0.0,7,16.0,13.0
1,54,20,2.0,14.33513256043968,0.0,7,16.0,13.0
1,54,21,1.4,35.13846920589799,0.0,7,16.0,13.0
1,54,22,2.0,15.561327196166106,0.0,7,16.0,13.0
1,54,23,2.0,20.08607397165287,0.0,7,16.0,13.0
1,54,24,2.0,15.513090044485654,0.0,7,16.0,13.0
1,54,25,2.6,10.622702294487748,0.0,7,16.0,13.0
1,54,26,2.6,11.191836946646495,0.0,7,16.0,13.0
1,54,27,2.4,13.760116788505837,0.0,7,16.0,13.0
1,54,28,2.0,15.675958362926243,0.0,7,16.0,13.0
1,54,29,2.6,10.162243334929466,0.125,7,16.0,13.0
1,54,30,2.0,16.837966020036063,0.0,4,16.0,13.0
2,54,1,2.0,23.193147456244546,0.0,7,16.0,13.0
2,54,2,2.0,17.137411950217427,0.0,7,16.0,13.0
2,54,3,2.6,12.982504678953077,0.0,7,16.0,13.0
2,54,4,3.0,8.791514203524978,0.125,7,16.0,13.0
2,54,5,2.0,15.498122260288625,0.0,7,16.0,13.0
2,54,6,2.2,12.514372097141925,0.0,7,16.0,13.0
2,54,7,2.4,11.90065643956125,0.0,7,16.0,13.0
2,54,8,2.0,15.564053994615284,0.0,7,16.0,13.0
2,54,9,2.4,12.582397745288485,0.0,7,16.0,13.0
2,54,10,2.6,9.664753172004476,0.0,7,16.0,13.0
2,54,11,2.6,11.722297911142961,0.0,7,16.0,13.0
2,54,12,2.2,17.79083150404329,0.0,7,16.0,13.0
2,54,13,2.0,15.468397281665137,0.0,7,16.0,13.0
2,54,14,2.2,11.319887628301132,0.0,7,16.0,13.0
2,54,15,1.8,19.330848081591547,0.0,7,16.0,13.0
2,54,16,2.2,15.30933255084185,0.0,7,16.0,13.0
2,54,17,2.2,14.82845064806034,0.0,7,16.0,13.0
2,54,18,1.8,15.540090340953496,0.0,7,16.0,13.0
2,54,19,2.0,13.622369314349156,0.0,7,16.0,13.0
2,54,20,1.8,13.662748428517023,0.0,7,16.0,13.0
2,54,21,2.6,11.720339258585852,0.0,7,16.0,13.0
2,54,22,2.2,17.951376599195054,0.0,7,16.0,13.0
2,54,23,2.2,12.986618960379825,0.0,7,16.0,13.0
2,54,24,2.0,24.23873602309981,0.0,7,16.0,13.0
2,54,25,2.6,9.243212813386721,0.0,7,16.0,13.0
2,54,26,2.4,8.79393688617416,0.0,7,16.0,13.0
2,54,27,1.8,15.61525624393395,0.0,7,16.0,13.0
2,54,28,2.0,21.663071319280682,0.0,7,16.0,13.0
3,54,1,2.4,13.45461936604005,0.0,7,16.0,13.0
3,54,2,2.6,11.361558494122557,0.0,7,16.0,13.0
3,54,3,1.8,15.797407520471594,0.0,7,16.0,13.0
3,54,4,2.0,17.960407491953745,0.0,7,16.0,13.0
3,54,5,2.0,13.108771209983203,0.0,7,16.0,13.0
3,54,6,2.2,12.47441188402302,0.0,7,16.0,13.0
3,54,7,2.4,11.464394812205663,0.0,7,16.0,13.0
3,54,8,2.2,11.117249921765803,0.0,7,16.0,13.0
3,54,9,2.8,10.679302178069971,0.125,7,16.0,13.0
3,54,10,2.2,14.441462476662414,0.0,7,16.0,13.0
3,54,11,2.0,17.957072125243386,0.0,7,16.0,13.0
3,54,12,1.8,26.001236994137365,0.0,7,16.0,13.0
3,54,13,2.4,11.507503506830673,0.0,7,16.0,13.0
3,54,14,1.8,25.556017327774182,0.0,7,16.0,13.0
3,54,15,2.4,10.639446823914948,0.0,7,16.0,13.0
3,54,16,2.0,15.656316958432981,0.0,7,16.0,13.0
3,54,17,2.6,13.332944851882093,0.0,7,16.0,13.0
3,54,18,2.2,10.150241718525152,0.0,7,16.0,13.0
3,54,19,2.4,15.309817968027401,0.0,7,16.0,13.0
3,54,20,2.2,14.271447867714045,0.0,7,16.0,13.0
3,54,21,2.2,15.65646645452534,0.0,7,16.0,13.0
3,54,22,2.0,21.561981662514892,0.0,7,16.0,13.0
3,54,23,2.0,12.17220641794471,0.0,7,16.0,13.0
3,54,24,2.0,15.818731385741337,0.0,7,16.0,13.0
3,54,25,2.0,19.008961435465633,0.0,7,16.0,13.0
3,54,26,2.6,9.774337969850558,0.0,7,16.0,13.0
3,54,27,1.6,19.8018079145783,0.0,7,16.0,13.0
3,54,28,2.0,14.18897277746091,0.0,7,16.0,13.0
3,54,29,2.2,14.055950775596685,0.0,7,16.0,13.0
1,55,1,2.8,13.330508405928468,0.0,7,16.0,13.0
1,55,2,2.8,12.355462179622034,0.0,7,16.0,13.0
1,55,3,2.8,12.414133911301594,0.0,7,16.0,13.0
1,55,4,1.8,20.41887137328453,0.0,7,16.0,13.0
1,55,5,2.0,12.483772780056388,0.0,7,16.0,13.0
1,55,6,2.2,20.163396216187493,0.0,7,16.0,13.0
1,55,7,1.6,16.211011632593898,0.0,7,16.0,13.0
1,55,8,1.8,14.390754246951824,0.0,7,16.0,13.0
1,55,9,1.8,16.773014699566684,0.0,7,16.0,13.0
1,55,10,1.6,17.494129839215898,0.0,7,16.0,13.0
1,55,11,2.2,14.341370809851682,0.0,7,16.0,13.0
1,55,12,1.8,16.811552142548457,0.0,7,16.0,13.0
1,55,13,2.0,21.30650830618691,0.0,7,16.0,13.0
1,55,14,2.0,13.969588342088192,0.0,7,16.0,13.0
1,55,15,2.0,19.973525791414108,0.0,7,16.0,13.0
1,55,16,2.4,16.540838801636344,0.0,7,16.0,13.0
1,55,17,2.2,20.349075146856404,0.0,7,16.0,13.0
1,55,18,2.0,14.12555505398753,0.0,7,16.0,13.0
1,55,19,1.6,30.27943891662934,0.0,7,16.0,13.0
1,55,20,1.6,17.164342923687457,0.0,7,16.0,13.0
1,55,21,2.0,17.620451781075733,0.0,7,16.0,13.0
1,55,22,2.2,12.068803347124618,0.0,7,16.0,13.0
1,55,23,2.4,15.849654625886231,0.0,7,16.0,13.0
1,55,24,2.2,12.823628741457934,0.0,7,16.0,13.0
1,55,25,2.0,14.191539967737604,0.0,7,16.0,13.0
1,55,26,2.6,9.871765109422448,0.0,7,16.0,13.0
1,55,27,2.0,18.185316625512186,0.0,7,16.0,13.0
1,55,28,2.0,13.069759351159064,0.0,7,16.0,13.0
1,55,29,1.8,13.78698237359533,0.0,7,16.0,13.0
1,55,30,2.8,10.68217476328864,0.125,7,16.0,13.0
2,55,1,2.2,23.713217913714278,0.0,7,16.0,13.0
2,55,2,2.0,18.31768429240835,0.0,7,16.0,13.0
2,55,3,1.6,20.666759101464798,0.0,7,16.0,13.0
2,55,4,3.2,10.835990852877547,0.125,7,16.0,13.0
2,55,5,2.4,13.301665116980503,0.0,7,16.0,13.0
2,55,6,2.0,12.162027042385542,0.0,7,16.0,13.0
2,55,7,2.2,14.656609449842314,0.0,7,16.0,13.0
2,55,8,1.8,15.702920790706038,0.0,7,16.0,13.0
2,55,9,2.4,13.648311482639436,0.0,7,16.0,13.0
2,55,10,2.4,12.684792390847178,0.125,7,16.0,13.0
2,55,11,2.2,13.118679542402534,0.0,7,16.0,13.0
2,55,12,2.4,16.293698601369883,0.0,7,16.0,13.0
2,55,13,1.6,27.127929663760437,0.0,7,16.0,13.0
2,55,14,1.8,14.761271418242014,0.0,7,16.0,13.0
2,55,15,2.4,11.89321848307418,0.0,7,16.0,13.0
2,55,16,2.0,17.931938957923638,0.0,7,16.0,13.0
2,55,17,1.8,18.31164524506666,0.0,7,16.0,13.0
2,55,18,2.4,12.372477218778947,0.0,7,16.0,13.0
2,55,19,2.2,14.800811046117412,0.0,7,16.0,13.0
2,55,20,2.0,11.902717562428133,0.0,7,16.0,13.0
2,55,21,2.2,18.557569910764744,0.0,7,16.0,13.0
2,55,22,2.6,11.847962302751272,0.0,7,16.0,13.0
2,55,23,2.0,14.626133644359594,0.0,7,16.0,13.0
2,55,24,2.0,16.028446238167096,0.0,7,16.0,13.0
2,55,25,2.4,16.66653751145318,0.125,7,16.0,13.0
2,55,26,2.4,9.463325896228652,0.0,7,16.0,13.0
2,55,27,2.2,10.504837021307093,0.0,7,16.0,13.0
2,55,28,2.4,12.779594633946214,0.0,7,16.0,13.0
3,55,1,2.4,11.932173158411935,0.0,7,16.0,13.0
3,55,2,2.2,15.980179510720317,0.0,7,16.0,13.0
3,55,3,2.2,10.147110947822666,0.0,7,16.0,13.0
3,55,4,2.0,23.120385477607936,0.0,7,16.0,13.0
3,55,5,2.2,11.824123145195783,0.0,7,16.0,13.0
3,55,6,2.0,14.575985956059212,0.0,7,16.0,13.0
3,55,7,2.4,11.400286968098106,0.0,7,16.0,13.0
3,55,8,2.0,12.951164547741346,0.0,7,16.0,13.0
3,55,9,2.0,15.886219840238642,0.0,7,16.0,13.0
3,55,10,2.0,21.677777684764152,0.0,7,16.0,13.0
3,55,11,2.2,12.030473523293773,0.0,7,16.0,13.0
3,55,12,2.4,14.205720535784451,0.0,7,16.0,13.0
3,55,13,2.0,14.159779708454717,0.0,7,16.0,13.0
3,55,14,2.0,15.691572287357623,0.0,7,16.0,13.0
3,55,15,2.8,10.255618554591516,0.125,7,16.0,13.0
3,55,16,2.2,14.733280147731467,0.0,7,16.0,13.0
3,55,17,2.0,20.51933614506054,0.0,7,16.0,13.0
3,55,18,2.0,16.328214151368403,0.0,7,16.0,13.0
3,55,19,2.4,12.352494836616405,0.0,7,16.0,13.0
3,55,20,2.2,18.143121353021165,0.0,7,16.0,13.0
3,55,21,2.0,15.742159574087758,0.0,7,16.0,13.0
3,55,22,2.2,19.62019928347076,0.0,7,16.0,13.0
3,55,23,2.0,13.775130764449038,0.0,7,16.0,13.0
3,55,24,2.2,16.254063961917065,0.0,7,16.0,13.0
3,55,25,2.0,14.901633005428181,0.0,7,16.0,13.0
3,55,26,2.2,15.970722767307064,0.0,7,16.0,13.0
3,55,27,2.4,11.112845863326795,0.0,7,16.0,13.0
3,55,28,2.8,9.732069289877764,0.125,7,16.0,13.0
3,55,29,1.6,18.49746137096891,0.0,6,16.0,13.0
1,56,1,2.8,15.29262923394916,0.0,7,16.0,13.0
1,56,2,2.8,15.622732293416613,0.0,7,16.0,13.0
1,56,3,2.6,17.006618862501018,0.0,7,16.0,13.0
1,56,4,2.0,16.410619838839025,0.0,7,16.0,13.0
1,56,5,2.2,11.02831929199179,0.0,7,16.0,13.0
1,56,6,2.2,18.573745827276337,0.0,7,16.0,13.0
1,56,7,2.2,12.315785613532505,0.0,7,16.0,13.0
1,56,8,1.8,14.980673386125115,0.0,7,16.0,13.0
1,56,9,2.0,15.005615530448711,0.0,7,16.0,13.0
1,56,10,2.0,23.10724082861431,0.0,7,16.0,13.0
1,56,11,1.8,14.149470838741331,0.0,7,16.0,13.0
1,56,12,2.4,14.404065447406971,0.0,7,16.0,13.0
1,56,13,2.2,14.021336894091778,0.0,7,16.0,13.0
1,56,14,2.2,19.854716689314117,0.0,7,16.0,13.0
1,56,15,2.2,17.792510539565324,0.0,7,16.0,13.0
1,56,16,2.2,17.745821029315387,0.0,7,16.0,13.0
1,56,17,1.6,25.486537320545462,0.0,7,16.0,13.0
1,56,18,1.6,23.1879649795707,0.0,7,16.0,13.0
1,56,19,1.6,39.7579183234388,0.0,7,16.0,13.0
1,56,20,2.2,19.56191835670691,0.0,7,16.0,13.0
1,56,21,2.2,19.182285297943427,0.0,7,16.0,13.0
1,56,22,2.0,14.745639718741065,0.0,7,16.0,13.0
1,56,23,2.2,16.054433172454477,0.0,7,16.0,13.0
1,56,24,2.8,9.477529261050194,0.125,7,16.0,13.0
1,56,25,2.6,10.88849710529359,0.0,7,16.0,13.0
1,56,26,2.0,18.809719291119045,0.0,7,16.0,13.0
1,56,27,2.4,11.306320872620173,0.0,7,16.0,13.0
1,56,28,2.2,12.333453280656625,0.125,7,16.0,13.0
1,56,29,2.0,13.311404094006924,0.0,5,16.0,13.0
2,56,1,2.6,12.440033736421986,0.0,7,16.0,13.0
2,56,2,2.0,17.3364536456575,0.0,7,16.0,13.0
2,56,3,3.6,8.060781435614713,0.125,7,16.0,13.0
2,56,4,1.6,18.610820813417707,0.0,7,16.0,13.0
2,56,5,1.6,21.5236466924283,0.0,7,16.0,13.0
2,56,6,2.2,11.62082416979461,0.0,7,16.0,13.0
2,56,7,2.8,10.399652870179747,0.0,7,16.0,13.0
2,56,8,1.6,19.586028160477582,0.0,7,16.0,13.0
2,56,9,3.2,9.582296352484454,0.125,7,16.0,13.0
2,56,10,2.0,15.304977862222293,0.0,7,16.0,13.0
2,56,11,1.8,16.596833858514337,0.0,7,16.0,13.0
2,56,12,2.0,20.812739321376565,0.0,7,16.0,13.0
2,56,13,2.4,13.627336244374849,0.0,7,16.0,13.0
2,56,14,1.8,14.493927394446507,0.0,7,16.0,13.0
2,56,15,2.4,14.703269722249122,0.0,7,16.0,13.0
2,56,16,1.8,17.62468645031001,0.0,7,16.0,13.0
2,56,17,2.0,14.971612712220637,0.0,7,16.0,13.0
2,56,18,2.2,14.52096522880227,0.0,7,16.0,13.0
2,56,19,2.2,10.439731328907826,0.0,7,16.0,13.0
2,56,20,2.2,13.993807983288898,0.0,7,16.0,13.0
2,56,21,2.4,12.246134977665214,0.0,7,16.0,13.0
2,56,22,2.6,11.427110778430547,0.0,7,16.0,13.0
2,56,23,2.4,12.99494173047143,0.0,7,16.0,13.0
2,56,24,3.0,10.385465160104118,0.125,7,16.0,13.0
2,56,25,2.4,9.942622784884557,0.0,7,16.0,13.0
2,56,26,2.2,10.18045394721662,0.0,7,16.0,13.0
2,56,27,1.8,14.40904468553734,0.0,7,16.0,13.0
2,56,28,1.5,28.745717130247833,0.0,4,16.0,13.0
3,56,1,2.0,15.125606739754598,0.0,7,16.0,13.0
3,56,2,2.6,12.432398529535014,0.0,7,16.0,13.0
3,56,3,2.2,10.96579849361903,0.0,7,16.0,13.0
3,56,4,2.4,14.10248780975875,0.0,7,16.0,13.0
3,56,5,2.2,13.248868655006829,0.0,7,16.0,13.0
3,56,6,1.8,16.890362342240554,0.0,7,16.0,13.0
3,56,7,2.2,11.35873642105773,0.0,7,16.0,13.0
3,56,8,2.0,12.250745263421837,0.0,7,16.0,13.0
3,56,9,2.6,11.73743255387279,0.0,7,16.0,13.0
3,56,10,2.2,15.302436685485238,0.0,7,16.0,13.0
3,56,11,2.4,11.182092048706973,0.0,7,16.0,13.0
3,56,12,2.4,12.675693457329682,0.0,7,16.0,13.0
3,56,13,1.6,24.153955282669365,0.0,7,16.0,13.0
3,56,14,2.2,15.117366581912133,0.0,7,16.0,13.0
3,56,15,2.4,12.200447739144096,0.0,7,16.0,13.0
3,56,16,2.4,11.193542597648893,0.0,7,16.0,13.0
3,56,17,2.0,19.52394141970374,0.0,7,16.0,13.0
3,56,18,2.4,10.537528802920166,0.0,7,16.0,13.0
3,56,19,2.4,14.273411033185145,0.0,7,16.0,13.0
3,56,20,2.2,13.763486949084946,0.0,7,16.0,13.0
3,56,21,2.0,19.29575266576877,0.0,7,16.0,13.0
3,56,22,2.0,16.456543982356667,0.0,7,16.0,13.0
3,56,23,2.2,13.192508269285032,0.0,7,16.0,13.0
3,56,24,2.0,15.34176454241358,0.0,7,16.0,13.0
3,56,25,1.8,26.755887765263633,0.0,7,16.0,13.0
3,56,26,2.6,9.327159377829139,0.0,7,16.0,13.0
3,56,27,2.4,11.325358379620136,0.0,7,16.0,13.0
3,56,28,2.2,15.794287278364589,0.0,7,16.0,13.0
1,57,1,2.8,15.292629233949157,0.0,7,16.0,13.0
1,57,2,2.8,13.519707390587088,0.0,7,16.0,13.0
1,57,3,2.8,13.528967241252046,0.0,7,16.0,13.0
1,57,4,1.8,20.77077465230111,0.0,7,16.0,13.0
1,57,5,2.6,9.780904785393039,0.0,7,16.0,13.0
1,57,6,2.2,20.02296207421975,0.0,7,16.0,13.0
1,57,7,2.2,11.388330043584446,0.0,7,16.0,13.0
1,57,8,1.6,19.691221547379385,0.0,7,16.0,13.0
1,57,9,1.6,20.07130907279367,0.0,7,16.0,13.0
1,57,10,2.2,17.251047389751513,0.0,7,16.0,13.0
1,57,11,2.0,13.436191765525649,0.0,7,16.0,13.0
1,57,12,2.2,16.658108961500766,0.0,7,16.0,13.0
1,57,13,1.6,25.45412180452736,0.0,7,16.0,13.0
1,57,14,2.2,14.80478917265478,0.0,7,16.0,13.0
1,57,15,2.2,16.88207848892081,0.0,7,16.0,13.0
1,57,16,2.2,19.770191106805694,0.0,7,16.0,13.0
1,57,17,1.8,15.537110058631235,0.0,7,16.0,13.0
1,57,18,2.0,16.04868772577622,0.0,7,16.0,13.0
1,57,19,1.4,45.27993833802981,0.0,7,16.0,13.0
1,57,20,2.4,12.36024393602361,0.0,7,16.0,13.0
1,57,21,1.8,28.360655157891433,0.0,7,16.0,13.0
1,57,22,2.4,10.716137295631796,0.0,7,16.0,13.0
1,57,23,2.2,14.438795020796258,0.0,7,16.0,13.0
1,57,24,2.2,11.161042261599102,0.0,7,16.0,13.0
1,57,25,2.2,14.66516071121181,0.0,7,16.0,13.0
1,57,26,2.0,14.452339158099221,0.125,7,16.0,13.0
1,57,27,2.2,16.01005830730696,0.0,7,16.0,13.0
1,57,28,3.4,8.784052629411304,0.2222222222222222,7,16.0,13.0
1,57,29,1.6,17.77434045897356,0.0,7,16.0,13.0
2,57,1,2.0,19.13059336345304,0.0,7,16.0,13.0
2,57,2,1.8,17.399321140493033,0.0,7,16.0,13.0
2,57,3,2.8,11.888037225747466,0.0,7,16.0,13.0
2,57,4,2.4,11.818992505386511,0.125,7,16.0,13.0
2,57,5,1.8,17.936509399743095,0.0,7,16.0,13.0
2,57,6,2.4,10.769566656881697,0.0,7,16.0,13.0
2,57,7,2.2,15.292620072271779,0.0,7,16.0,13.0
2,57,8,2.2,11.74082624415055,0.0,7,16.0,13.0
2,57,9,2.0,16.798704283660303,0.0,7,16.0,13.0
2,57,10,2.8,9.787239344522302,0.125,7,16.0,13.0
2,57,11,1.8,17.25085290202096,0.0,7,16.0,13.0
2,57,12,2.4,13.703875228340038,0.0,7,16.0,13.0
2,57,13,1.8,22.636051496436032,0.0,7,16.0,13.0
2,57,14,2.0,12.130288652619312,0.0,7,16.0,13.0
2,57,15,2.4,15.602014247598397,0.0,7,16.0,13.0
2,57,16,1.8,18.287000073365736,0.0,7,16.0,13.0
2,57,17,1.8,20.455131407704894,0.0,7,16.0,13.0
2,57,18,2.6,11.50407589403407,0.0,7,16.0,13.0
2,57,19,2.4,10.835246065566203,0.0,7,16.0,13.0
2,57,20,1.8,14.448417513516901,0.0,7,16.0,13.0
2,57,21,3.0,9.62450453743474,0.125,7,16.0,13.0
2,57,22,1.8,18.951854661442066,0.0,7,16.0,13.0
2,57,23,2.2,14.591960263560697,0.0,7,16.0,13.0
2,57,24,1.8,23.287408030860878,0.0,7,16.0,13.0
2,57,25,2.2,17.012078043929282,0.0,7,16.0,13.0
2,57,26,2.2,11.653774862003953,0.0,7,16.0,13.0
2,57,27,2.2,9.50879953179446,0.0,7,16.0,13.0
2,57,28,2.0,12.995829957383513,0.0,7,16.0,13.0
3,57,1,1.8,16.993509938392023,0.0,7,16.0,13.0
3,57,2,2.8,10.359348827232726,0.0,7,16.0,13.0
3,57,3,2.4,10.719535915939279,0.0,7,16.0,13.0
3,57,4,2.0,18.629143216372654,0.0,7,16.0,13.0
3,57,5,1.8,14.158403406714298,0.0,7,16.0,13.0
3,57,6,2.0,12.852893895569384,0.0,7,16.0,13.0
3,57,7,2.0,12.375126210653,0.0,7,16.0,13.0
3,57,8,2.4,10.456945288230767,0.0,7,16.0,13.0
3,57,9,2.0,12.869345223204824,0.0,7,16.0,13.0
3,57,10,2.0,22.032191825766635,0.0,7,16.0,13.0
3,57,11,2.2,10.714338741371686,0.0,7,16.0,13.0
3,57,12,1.8,24.583059043064736,0.0,7,16.0,13.0
3,57,13,2.4,13.354029034169868,0.0,7,16.0,13.0
3,57,14,2.4,16.649328628864865,0.0,7,16.0,13.0
3,57,15,2.8,9.82718134914158,0.125,7,16.0,13.0
3,57,16,2.2,12.791948639336624,0.0,7,16.0,13.0
3,57,17,2.4,12.678344621633077,0.0,7,16.0,13.0
3,57,18,1.8,15.344892013908227,0.0,7,16.0,13.0
3,57,19,2.4,13.32246528989878,0.0,7,16.0,13.0
3,57,20,2.2,16.470219519946852,0.0,7,16.0,13.0
3,57,21,2.4,13.97165478311774,0.0,7,16.0,13.0
3,57,22,1.8,19.78580228207529,0.0,7,16.0,13.0
3,57,23,2.2,13.62281137608297,0.0,7,16.0,13.0
3,57,24,1.8,22.63900713291576,0.0,7,16.0,13.0
3,57,25,2.2,14.952767250583118,0.0,7,16.0,13.0
3,57,26,2.2,14.884600605382815,0.0,7,16.0,13.0
3,57,27,2.2,11.45718149643772,0.0,7,16.0,13.0
3,57,28,1.8,15.522577329653679,0.0,7,16.0,13.0
3,57,29,2.2,13.123605582762465,0.0,7,16.0,13.0
1,58,1,2.8,15.569205904013263,0.0,7,16.0,13.0
1,58,2,2.8,15.542144952938692,0.0,7,16.0,13.0
1,58,3,2.6,13.322067823932295,0.0,7,16.0,13.0
1,58,4,2.2,14.045620152007873,0.0,7,16.0,13.0
1,58,5,2.4,11.031192003368156,0.0,7,16.0,13.0
1,58,6,2.2,17.99051300587682,0.0,7,16.0,13.0
1,58,7,2.6,10.393432861754356,0.0,7,16.0,13.0
1,58,8,2.2,13.052294869233624,0.0,7,16.0,13.0
1,58,9,1.8,21.065264276219477,0.0,7,16.0,13.0
1,58,10,2.2,12.246519322864986,0.0,7,16.0,13.0
1,58,11,2.0,18.102616048774248,0.0,7,16.0,13.0
1,58,12,1.6,27.866428814882436,0.0,7,16.0,13.0
1,58,13,1.6,18.205646305759537,0.0,7,16.0,13.0
1,58,14,2.2,20.53118360812594,0.0,7,16.0,13.0
1,58,15,2.0,18.545381530477435,0.0,7,16.0,13.0
1,58,16,2.2,26.064008281097987,0.0,7,16.0,13.0
1,58,17,2.4,10.958122201129036,0.0,7,16.0,13.0
1,58,18,1.8,30.05529993686869,0.0,7,16.0,13.0
1,58,19,2.0,14.869850638938697,0.0,7,16.0,13.0
1,58,20,1.8,31.460541180905686,0.0,7,16.0,13.0
1,58,21,2.4,11.279283596870599,0.0,7,16.0,13.0
1,58,22,1.8,27.38604977680185,0.0,7,16.0,13.0
1,58,23,2.4,10.258038694766046,0.0,7,16.0,13.0
1,58,24,2.8,11.038809875130703,0.125,7,16.0,13.0
1,58,25,2.2,13.027359646663458,0.0,7,16.0,13.0
1,58,26,2.0,18.375517934636456,0.0,7,16.0,13.0
1,58,27,1.8,19.041382382782437,0.0,7,16.0,13.0
1,58,28,1.8,16.439431718174276,0.0,7,16.0,13.0
1,58,29,2.4,12.058582848542956,0.0,6,16.0,13.0
2,58,1,2.4,16.60098952831842,0.0,7,16.0,13.0
2,58,2,2.0,13.156360369349628,0.0,7,16.0,13.0
2,58,3,2.8,10.738589811301923,0.0,7,16.0,13.0
2,58,4,2.4,11.273217818798022,0.0,7,16.0,13.0
2,58,5,2.4,11.822347767572719,0.0,7,16.0,13.0
2,58,6,2.4,11.346349391011918,0.0,7,16.0,13.0
2,58,7,2.2,13.473699958193484,0.0,7,16.0,13.0
2,58,8,1.4,21.84492516475474,0.0,7,16.0,13.0
2,58,9,2.2,15.210376390935643,0.0,7,16.0,13.0
2,58,10,2.4,12.00733247243506,0.0,7,16.0,13.0
2,58,11,1.8,23.796488897482174,0.0,7,16.0,13.0
2,58,12,2.2,16.026390391762156,0.0,7,16.0,13.0
2,58,13,2.2,14.610628827788434,0.0,7,16.0,13.0
2,58,14,2.6,8.234762571691737,0.125,7,16.0,13.0
2,58,15,2.6,12.35419896894697,0.0,7,16.0,13.0
2,58,16,1.8,23.01949594560292,0.0,7,16.0,13.0
2,58,17,2.2,14.628960763607179,0.0,7,16.0,13.0
2,58,18,2.0,18.047957377756735,0.0,7,16.0,13.0
2,58,19,2.4,11.574374269760282,0.0,7,16.0,13.0
2,58,20,2.4,11.233280512087296,0.0,7,16.0,13.0
2,58,21,2.2,15.125950834619013,0.0,7,16.0,13.0
2,58,22,2.2,15.54899106263743,0.0,7,16.0,13.0
2,58,23,2.4,13.60910662313606,0.0,7,16.0,13.0
2,58,24,2.4,15.163966700052839,0.0,7,16.0,13.0
2,58,25,2.2,11.002189418472337,0.0,7,16.0,13.0
2,58,26,2.4,8.806233249192593,0.0,7,16.0,13.0
2,58,27,1.8,15.62331086074028,0.0,7,16.0,13.0
2,58,28,1.6,26.696293569371086,0.0,5,16.0,13.0
3,58,1,2.0,14.86821612328583,0.0,7,16.0,13.0
3,58,2,2.4,11.79227120150408,0.0,7,16.0,13.0
3,58,3,2.6,10.924502634270668,0.0,7,16.0,13.0
3,58,4,2.2,15.06887519318,0.0,7,16.0,13.0
3,58,5,2.2,12.698705815847822,0.0,7,16.0,13.0
3,58,6,2.4,10.891402598210735,0.0,7,16.0,13.0
3,58,7,2.0,11.814053330721421,0.0,7,16.0,13.0
3,58,8,2.0,15.503921475446532,0.0,7,16.0,13.0
3,58,9,2.8,10.86647373535533,0.0,7,16.0,13.0
3,58,10,2.2,13.033158524326105,0.0,7,16.0,13.0
3,58,11,2.4,17.556822520519173,0.0,7,16.0,13.0
3,58,12,2.4,13.209816796708896,0.0,7,16.0,13.0
3,58,13,1.6,20.591268023397554,0.0,7,16.0,13.0
3,58,14,1.6,27.478975299104928,0.0,7,16.0,13.0
3,58,15,2.2,12.699805016323522,0.0,7,16.0,13.0
3,58,16,2.6,9.975594368797417,0.0,7,16.0,13.0
3,58,17,1.8,22.004613769060864,0.0,7,16.0,13.0
3,58,18,2.4,11.204256956375705,0.0,7,16.0,13.0
3,58,19,2.0,18.635858686914,0.0,7,16.0,13.0
3,58,20,2.2,14.200300663529676,0.0,7,16.0,13.0
3,58,21,2.2,14.028216955221463,0.0,7,16.0,13.0
3,58,22,2.0,16.166289616521237,0.0,7,16.0,13.0
3,58,23,2.0,14.298264012280725,0.0,7,16.0,13.0
3,58,24,2.0,16.874225503300714,0.0,7,16.0,13.0
3,58,25,2.0,18.492543339294556,0.0,7,16.0,13.0
3,58,26,2.4,11.272287334824247,0.0,7,16.0,13.0
3,58,27,2.0,13.036700927164814,0.0,7,16.0,13.0
3,58,28,1.8,16.22250585435038,0.0,7,16.0,13.0
3,58,29,2.2,13.440851197686783,0.0,7,16.0,13.0
1,59,1,2.8,14.414684031314883,0.0,7,16.0,13.0
1,59,2,2.8,15.542144952938685,0.0,7,16.0,13.0
1,59,3,2.6,16.184456690932855,0.0,7,16.0,13.0
1,59,4,2.0,18.587209241566605,0.0,7,16.0,13.0
1,59,5,2.6,8.886619307315033,0.0,7,16.0,13.0
1,59,6,1.8,23.562121063390368,0.0,7,16.0,13.0
1,59,7,2.0,12.785126407581647,0.0,7,16.0,13.0
1,59,8,1.8,19.517416917748154,0.0,7,16.0,13.0
1,59,9,1.4,21.629826784715412,0.0,7,16.0,13.0
1,59,10,1.6,17.406261116661742,0.0,7,16.0,13.0
1,59,11,2.6,9.212855732949127,0.0,7,16.0,13.0
1,59,12,1.6,22.966175426191274,0.0,7,16.0,13.0
1,59,13,1.8,41.970233017112946,0.0,7,16.0,13.0
1,59,14,1.8,16.9841466195785,0.0,7,16.0,13.0
1,59,15,1.8,32.879371410212066,0.0,7,16.0,13.0
1,59,16,2.0,18.776523770140592,0.0,7,16.0,13.0
1,59,17,2.2,19.25271312808937,0.0,7,16.0,13.0
1,59,18,2.0,17.558818725208397,0.0,7,16.0,13.0
1,59,19,1.8,25.347236164370713,0.0,7,16.0,13.0
1,59,20,1.8,27.921110952992457,0.0,7,16.0,13.0
1,59,21,2.6,14.076825467167051,0.0,7,16.0,13.0
1,59,22,2.0,13.69405195809653,0.0,7,16.0,13.0
1,59,23,1.8,21.440350578397616,0.0,7,16.0,13.0
1,59,24,1.8,18.837016442214146,0.0,7,16.0,13.0
1,59,25,1.8,18.867558477746414,0.0,7,16.0,13.0
1,59,26,2.0,15.169777940641653,0.0,7,16.0,13.0
1,59,27,2.8,10.475010578305362,0.125,7,16.0,13.0
1,59,28,2.2,15.123351696865546,0.0,7,16.0,13.0
1,59,29,2.0,13.09290494712356,0.0,7,16.0,13.0
1,59,30,2.0,15.466519851937656,0.0,7,16.0,13.0
2,59,1,2.4,20.633348480658277,0.0,7,16.0,13.0
2,59,2,2.0,15.410521818871448,0.0,7,16.0,13.0
2,59,3,2.6,13.060363695703908,0.0,7,16.0,13.0
2,59,4,2.4,12.38650800123417,0.0,7,16.0,13.0
2,59,5,2.0,18.783489263172704,0.0,7,16.0,13.0
2,59,6,2.2,11.915132224770227,0.0,7,16.0,13.0
2,59,7,2.2,14.227140384477842,0.0,7,16.0,13.0
2,59,8,1.6,18.849433453682153,0.0,7,16.0,13.0
2,59,9,2.4,12.156318791789733,0.0,7,16.0,13.0
2,59,10,2.2,13.720513143968422,0.0,7,16.0,13.0
2,59,11,2.2,14.77560019729535,0.0,7,16.0,13.0
2,59,12,1.8,15.943457674572613,0.0,7,16.0,13.0
2,59,13,2.6,13.594913755613403,0.0,7,16.0,13.0
2,59,14,2.6,8.867128113585014,0.125,7,16.0,13.0
2,59,15,2.6,13.928194912322084,0.0,7,16.0,13.0
2,59,16,2.0,15.327694287520796,0.0,7,16.0,13.0
2,59,17,2.2,14.388060775417667,0.0,7,16.0,13.0
2,59,18,2.2,13.15986053416639,0.0,7,16.0,13.0
2,59,19,1.8,17.259278558332316,0.0,7,16.0,13.0
2,59,20,3.2,9.653781806631693,0.125,7,16.0,13.0
2,59,21,2.0,16.153950506600825,0.0,7,16.0,13.0
2,59,22,2.0,14.556218987509437,0.0,7,16.0,13.0
2,59,23,1.8,17.86125725586404,0.0,7,16.0,13.0
2,59,24,2.6,15.419112249038118,0.125,7,16.0,13.0
2,59,25,2.6,10.871854622023225,0.125,7,16.0,13.0
2,59,26,2.0,12.53100024120588,0.0,7,16.0,13.0
2,59,27,2.6,10.828753944091053,0.125,7,16.0,13.0
3,59,1,2.0,14.113408202384829,0.0,7,16.0,13.0
3,59,2,2.2,15.092984464891742,0.0,7,16.0,13.0
3,59,3,2.0,13.728175748938424,0.0,7,16.0,13.0
3,59,4,1.8,32.18959223145755,0.0,7,16.0,13.0
3,59,5,2.4,11.178840968394134,0.0,7,16.0,13.0
3,59,6,2.8,9.376774116239336,0.0,7,16.0,13.0
3,59,7,2.4,10.262317672229743,0.0,7,16.0,13.0
3,59,8,1.8,15.112086219605287,0.0,7,16.0,13.0
3,59,9,1.8,13.436430921016777,0.0,7,16.0,13.0
3,59,10,2.2,17.18284350325825,0.0,7,16.0,13.0
3,59,11,2.2,12.497545765677849,0.0,7,16.0,13.0
3,59,12,2.2,17.419948103546957,0.0,7,16.0,13.0
3,59,13,2.0,15.276273666623343,0.0,7,16.0,13.0
3,59,14,1.8,22.54861355169224,0.0,7,16.0,13.0
3,59,15,1.8,19.905305728724503,0.0,7,16.0,13.0
3,59,16,2.6,11.826759860003824,0.0,7,16.0,13.0
3,59,17,2.0,11.923487794876284,0.0,7,16.0,13.0
3,59,18,2.4,14.178404787247578,0.0,7,16.0,13.0
3,59,19,2.6,10.4209776000515,0.0,7,16.0,13.0
3,59,20,1.8,23.336317320042422,0.0,7,16.0,13.0
3,59,21,2.0,14.281961738005862,0.0,7,16.0,13.0
3,59,22,2.4,17.098321489110084,0.0,7,16.0,13.0
3,59,23,1.8,17.19511463924224,0.0,7,16.0,13.0
3,59,24,2.6,11.845384428938614,0.0,7,16.0,13.0
3,59,25,1.8,19.080778823279818,0.0,7,16.0,13.0
3,59,26,2.0,17.39515346704964,0.0,7,16.0,13.0
3,59,27,2.0,12.901335537591386,0.0,7,16.0,13.0
3,59,28,2.6,10.947549021470607,0.0,7,16.0,13.0
3,59,29,1.8,21.846247093604212,0.0,7,16.0,13.0
1,60,1,2.8,19.498688257264973,0.0,7,16.0,13.0
1,60,2,2.8,14.779755161565632,0.0,7,16.0,13.0
1,60,3,2.8,14.471148648310121,0.0,7,16.0,13.0
1,60,4,2.4,12.267583177898098,0.0,7,16.0,13.0
1,60,5,2.2,11.483583864918078,0.0,7,16.0,13.0
1,60,6,1.8,28.536633745356706,0.0,7,16.0,13.0
1,60,7,1.8,15.76799330673423,0.0,7,16.0,13.0
1,60,8,2.2,13.479815940270461,0.0,7,16.0,13.0
1,60,9,1.6,18.7009601401294,0.0,7,16.0,13.0
1,60,10,1.8,19.407114523499857,0.0,7,16.0,13.0
1,60,11,2.0,11.133182004481812,0.0,7,16.0,13.0
1,60,12,1.8,21.065890029654717,0.0,7,16.0,13.0
1,60,13,2.2,22.981050102654155,0.0,7,16.0,13.0
1,60,14,2.0,17.348493667307025,0.0,7,16.0,13.0
1,60,15,1.6,36.16714489180026,0.0,7,16.0,13.0
1,60,16,2.2,18.041752058574538,0.0,7,16.0,13.0
1,60,17,2.2,15.987390060007225,0.0,7,16.0,13.0
1,60,18,1.6,23.91835079684085,0.0,7,16.0,13.0
1,60,19,2.0,19.42104055132346,0.0,7,16.0,13.0
1,60,20,1.8,19.472345622639697,0.0,7,16.0,13.0
1,60,21,2.0,22.42715401197676,0.0,7,16.0,13.0
1,60,22,2.2,12.499402134045958,0.0,7,16.0,13.0
1,60,23,1.8,17.879263053873082,0.0,7,16.0,13.0
1,60,24,2.2,12.325283476948929,0.0,7,16.0,13.0
1,60,25,2.4,13.664741275272636,0.0,7,16.0,13.0
1,60,26,2.0,12.621218478770176,0.0,7,16.0,13.0
1,60,27,2.2,16.156592822344926,0.0,7,16.0,13.0
1,60,28,2.0,12.738226412630958,0.0,7,16.0,13.0
1,60,29,2.6,13.465854857756467,0.125,7,16.0,13.0
1,60,30,2.0,11.963605471365433,0.0,7,16.0,13.0
2,60,1,2.2,21.391001734383792,0.0,7,16.0,13.0
2,60,2,2.2,13.951692300939445,0.0,7,16.0,13.0
2,60,3,3.4,10.20340969212452,0.125,5,16.0,13.0
2,60,4,2.4,10.576622664087886,0.0,7,16.0,13.0
2,60,5,2.0,14.366745532457053,0.0,7,16.0,13.0
2,60,6,2.6,9.998065075319431,0.0,7,16.0,13.0
2,60,7,2.2,12.947084639370104,0.0,7,16.0,13.0
2,60,8,2.2,13.251996415518274,0.0,7,16.0,13.0
2,60,9,2.6,10.920935076103001,0.0,7,16.0,13.0
2,60,10,2.4,12.013924252151027,0.0,7,16.0,13.0
2,60,11,1.8,18.958053494133495,0.0,7,16.0,13.0
2,60,12,2.0,19.112907261616844,0.0,7,16.0,13.0
2,60,13,2.2,11.870834564851657,0.0,7,16.0,13.0
2,60,14,2.4,14.658063014590864,0.0,7,16.0,13.0
2,60,15,2.0,16.61654808355791,0.0,7,16.0,13.0
2,60,16,2.0,17.103337464055173,0.0,7,16.0,13.0
2,60,17,1.8,19.422490092928417,0.0,7,16.0,13.0
2,60,18,2.4,12.01739841587436,0.0,7,16.0,13.0
2,60,19,2.4,9.75478420777236,0.0,7,16.0,13.0
2,60,20,2.2,16.19491041862845,0.0,7,16.0,13.0
2,60,21,2.2,14.97479276043903,0.0,7,16.0,13.0
2,60,22,2.2,14.195318416955663,0.0,7,16.0,13.0
2,60,23,2.2,12.902319267245684,0.0,7,16.0,13.0
2,60,24,2.4,15.007929478971981,0.0,7,16.0,13.0
2,60,25,2.2,11.800627068626968,0.0,7,16.0,13.0
2,60,26,2.2,9.751166700012279,0.0,7,16.0,13.0
2,60,27,1.8,16.3039827906677,0.0,7,16.0,13.0
2,60,28,1.75,26.312661143519872,0.0,4,16.0,13.0
3,60,1,2.2,12.934242553340633,0.0,7,16.0,13.0
3,60,2,2.2,14.120171311082151,0.0,7,16.0,13.0
3,60,3,2.4,10.226940132171233,0.0,7,16.0,13.0
3,60,4,2.0,23.385594157534143,0.0,7,16.0,13.0
3,60,5,2.2,12.78833041083366,0.0,7,16.0,13.0
3,60,6,2.6,10.212966229788687,0.0,7,16.0,13.0
3,60,7,2.4,9.251706243078058,0.0,7,16.0,13.0
3,60,8,2.0,12.206176245863885,0.0,7,16.0,13.0
3,60,9,2.4,13.902202230950893,0.0,7,16.0,13.0
3,60,10,2.2,13.979348459147962,0.0,7,16.0,13.0
3,60,11,2.4,13.571261724542826,0.0,7,16.0,13.0
3,60,12,2.2,14.697416985250447,0.0,7,16.0,13.0
3,60,13,2.0,16.778694635050996,0.0,7,16.0,13.0
3,60,14,2.4,12.498290799015837,0.0,7,16.0,13.0
3,60,15,3.0,9.529097036014472,0.125,7,16.0,13.0
3,60,16,2.2,11.967089183828568,0.0,7,16.0,13.0
3,60,17,2.6,11.807787973479964,0.0,7,16.0,13.0
3,60,18,2.4,14.123602544525403,0.0,7,16.0,13.0
3,60,19,2.0,18.206057312268726,0.0,7,16.0,13.0
3,60,20,2.2,13.667241964565148,0.0,7,16.0,13.0
3,60,21,1.8,29.804656040938553,0.0,7,16.0,13.0
3,60,22,1.6,20.556025387905013,0.0,7,16.0,13.0
3,60,23,2.0,19.694132649106404,0.0,7,16.0,13.0
3,60,24,2.0,16.80384242889126,0.0,7,16.0,13.0
3,60,25,1.8,18.894589004233122,0.0,7,16.0,13.0
3,60,26,2.4,10.380526097173666,0.0,7,16.0,13.0
3,60,27,2.0,16.389202575323562,0.0,7,16.0,13.0
3,60,28,2.2,19.714386108219603,0.0,7,16.0,13.0
3,60,29,1.5,15.3494499247186,0.0,4,16.0,13.0
1,61,1,2.8,17.56614325856637,0.0,7,16.0,13.0
1,61,2,2.8,13.990534813142704,0.0,7,16.0,13.0
1,61,3,2.6,14.649953294999996,0.0,7,16.0,13.0
1,61,4,1.6,27.68851589268386,0.0,7,16.0,13.0
1,61,5,2.0,13.28311948466328,0.0,7,16.0,13.0
1,61,6,2.4,13.505479445159425,0.0,7,16.0,13.0
1,61,7,1.8,15.692468451444322,0.0,7,16.0,13.0
1,61,8,2.0,15.556189047760466,0.0,7,16.0,13.0
1,61,9,2.4,11.843839634139753,0.0,7,16.0,13.0
1,61,10,1.8,20.672045735073603,0.0,7,16.0,13.0
1,61,11,2.4,10.071919046853202,0.0,7,16.0,13.0
1,61,12,2.4,13.129327739991751,0.0,7,16.0,13.0
1,61,13,2.0,12.592306368127641,0.0,7,16.0,13.0
1,61,14,1.6,43.98640049990578,0.0,7,16.0,13.0
1,61,15,2.2,21.680397650773056,0.0,7,16.0,13.0
1,61,16,2.4,18.092543692523332,0.0,7,16.0,13.0
1,61,17,2.0,16.061228753874556,0.0,7,16.0,13.0
1,61,18,1.8,24.927821310395668,0.0,7,16.0,13.0
1,61,19,1.6,33.13236320178232,0.0,7,16.0,13.0
1,61,20,2.2,15.844210805907084,0.0,7,16.0,13.0
1,61,21,1.8,22.448798147776824,0.0,7,16.0,13.0
1,61,22,2.6,11.807166085968284,0.0,7,16.0,13.0
1,61,23,2.2,14.578380416420442,0.0,7,16.0,13.0
1,61,24,2.0,14.914637645313455,0.0,7,16.0,13.0
1,61,25,2.2,12.089632079199307,0.0,7,16.0,13.0
1,61,26,1.8,18.72297806875666,0.0,7,16.0,13.0
1,61,27,1.8,26.615141442636528,0.0,7,16.0,13.0
1,61,28,1.8,19.123647422252517,0.0,7,16.0,13.0
1,61,29,2.8,11.16088453342153,0.125,7,16.0,13.0
2,61,1,2.2,18.8815677725507,0.0,7,16.0,13.0
2,61,2,2.0,16.4018773739308,0.0,7,16.0,13.0
2,61,3,2.0,16.95561718811377,0.0,7,16.0,13.0
2,61,4,3.2,10.230318113559367,0.125,7,16.0,13.0
2,61,5,2.6,11.467407625018904,0.0,7,16.0,13.0
2,61,6,2.6,9.674553543711662,0.0,7,16.0,13.0
2,61,7,2.2,14.724655679980827,0.0,7,16.0,13.0
2,61,8,2.0,13.661223171600124,0.0,7,16.0,13.0
2,61,9,3.0,9.842215984583873,0.125,7,16.0,13.0
2,61,10,1.8,22.707724416790906,0.0,7,16.0,13.0
2,61,11,1.8,16.59020793602738,0.0,7,16.0,13.0
2,61,12,1.8,22.662324768222813,0.0,7,16.0,13.0
2,61,13,2.2,13.167765661753766,0.0,7,16.0,13.0
2,61,14,2.4,10.058605176221166,0.0,7,16.0,13.0
2,61,15,2.0,22.90274440953039,0.0,7,16.0,13.0
2,61,16,2.2,13.746597308044933,0.0,7,16.0,13.0
2,61,17,1.8,16.773030914548222,0.0,7,16.0,13.0
2,61,18,1.8,18.14764126155316,0.0,7,16.0,13.0
2,61,19,2.4,10.736615196679129,0.0,7,16.0,13.0
2,61,20,2.0,14.484294257836893,0.0,7,16.0,13.0
2,61,21,2.8,10.27006423780186,0.0,7,16.0,13.0
2,61,22,2.2,14.186165582331169,0.0,7,16.0,13.0
2,61,23,2.2,13.692470539448852,0.0,7,16.0,13.0
2,61,24,2.2,21.673935377665764,0.0,7,16.0,13.0
2,61,25,2.4,11.6473908844069,0.0,7,16.0,13.0
2,61,26,2.2,9.096308924456256,0.0,7,16.0,13.0
2,61,27,2.2,11.992432336768662,0.0,7,16.0,13.0
2,61,28,1.8,18.322102251775615,0.0,5,16.0,13.0
3,61,1,2.6,10.515588079440564,0.0,7,16.0,13.0
3,61,2,2.6,12.015992787946146,0.0,7,16.0,13.0
3,61,3,2.4,13.1688583102344,0.0,7,16.0,13.0
3,61,4,1.8,18.072576445286018,0.0,7,16.0,13.0
3,61,5,2.0,13.935291806302818,0.0,7,16.0,13.0
3,61,6,2.2,13.257707234122693,0.0,7,16.0,13.0
3,61,7,2.0,10.715752399730427,0.0,7,16.0,13.0
3,61,8,2.0,12.832299109815475,0.0,7,16.0,13.0
3,61,9,1.6,20.16608367911521,0.0,7,16.0,13.0
3,61,10,3.0,12.54404608589966,0.125,7,16.0,13.0
3,61,11,2.6,11.070878963576224,0.0,7,16.0,13.0
3,61,12,2.4,13.630400773847045,0.0,7,16.0,13.0
3,61,13,2.0,12.443360505950077,0.0,7,16.0,13.0
3,61,14,2.2,13.590001118302906,0.0,7,16.0,13.0
3,61,15,2.6,11.781197291026182,0.125,7,16.0,13.0
3,61,16,2.0,13.01447983472186,0.0,7,16.0,13.0
3,61,17,2.0,19.744522599331166,0.0,7,16.0,13.0
3,61,18,2.2,12.520252104837995,0.0,7,16.0,13.0
3,61,19,2.0,24.348571770352766,0.0,7,16.0,13.0
3,61,20,2.2,15.307274066616918,0.0,7,16.0,13.0
3,61,21,2.4,14.575075539966543,0.0,7,16.0,13.0
3,61,22,2.4,12.180380560077296,0.0,7,16.0,13.0
3,61,23,2.2,17.876911706609892,0.0,7,16.0,13.0
3,61,24,2.8,10.468872929655102,0.0,7,16.0,13.0
3,61,25,2.0,14.549659447067988,0.0,7,16.0,13.0
3,61,26,2.2,10.679174681252235,0.0,7,16.0,13.0
3,61,27,2.0,14.006450599808787,0.0,7,16.0,13.0
3,61,28,2.2,12.661737043342999,0.0,7,16.0,13.0
1,62,1,2.8,13.788027250900402,0.0,7,16.0,13.0
1,62,2,2.8,13.829990442228857,0.0,7,16.0,13.0
1,62,3,2.6,13.147670195790834,0.0,7,16.0,13.0
1,62,4,2.0,16.146785575566376,0.0,7,16.0,13.0
1,62,5,2.2,12.287634748026532,0.0,7,16.0,13.0
1,62,6,2.0,36.7094555201267,0.0,7,16.0,13.0
1,62,7,2.0,12.467808183368064,0.0,7,16.0,13.0
1,62,8,2.0,16.553259952941033,0.0,7,16.0,13.0
1,62,9,1.6,16.27923504071773,0.0,7,16.0,13.0
1,62,10,2.2,18.43611067734078,0.125,7,16.0,13.0
1,62,11,1.4,21.37867349769065,0.0,7,16.0,13.0
1,62,12,2.0,17.808701193666046,0.0,7,16.0,13.0
1,62,13,1.6,35.23702097557839,0.0,7,16.0,13.0
1,62,14,1.8,16.48427291220179,0.0,7,16.0,13.0
1,62,15,2.2,22.032516385219253,0.0,7,16.0,13.0
1,62,16,2.4,15.51851645512699,0.0,7,16.0,13.0
1,62,17,2.0,17.170823842046254,0.0,7,16.0,13.0
1,62,18,1.8,18.481096467511207,0.0,7,16.0,13.0
1,62,19,1.6,23.256254587422458,0.0,7,16.0,13.0
1,62,20,1.6,27.159269007975798,0.0,7,16.0,13.0
1,62,21,1.8,18.407421584258902,0.0,7,16.0,13.0
1,62,22,1.6,46.92875278665802,0.0,7,16.0,13.0
1,62,23,2.0,17.20170743429634,0.0,7,16.0,13.0
1,62,24,2.2,14.527280882448878,0.0,7,16.0,13.0
1,62,25,2.4,10.68606934362517,0.0,7,16.0,13.0
1,62,26,2.0,17.0632299224936,0.0,7,16.0,13.0
1,62,27,2.8,11.373149716286104,0.125,7,16.0,13.0
1,62,28,2.0,21.763905360537827,0.0,7,16.0,13.0
1,62,29,2.2,12.82832741660091,0.0,7,16.0,13.0
1,62,30,2.4,10.492736908636672,0.125,7,16.0,13.0
2,62,1,2.0,20.96689301138142,0.0,7,16.0,13.0
2,62,2,2.6,10.83008919071867,0.0,7,16.0,13.0
2,62,3,2.4,14.419473513279172,0.0,7,16.0,13.0
2,62,4,2.0,18.557133923502064,0.0,7,16.0,13.0
2,62,5,2.0,17.927034708457796,0.0,7,16.0,13.0
2,62,6,2.0,11.443862557810967,0.0,7,16.0,13.0
2,62,7,2.4,14.31604308008846,0.0,7,16.0,13.0
2,62,8,2.6,10.337371654381874,0.0,7,16.0,13.0
2,62,9,2.0,17.482611917325208,0.0,7,16.0,13.0
2,62,10,2.4,10.376393110994604,0.0,7,16.0,13.0
2,62,11,2.2,14.363347081524697,0.0,7,16.0,13.0
2,62,12,2.2,15.414746441497323,0.0,7,16.0,13.0
2,62,13,2.2,15.599596945673513,0.0,7,16.0,13.0
2,62,14,2.0,10.419526401206523,0.0,7,16.0,13.0
2,62,15,2.6,13.149613262338207,0.0,7,16.0,13.0
2,62,16,2.0,18.05338794831992,0.0,7,16.0,13.0
2,62,17,2.0,15.876579546917815,0.0,7,16.0,13.0
2,62,18,2.2,13.232634175253448,0.0,7,16.0,13.0
2,62,19,2.0,11.983722779895194,0.0,7,16.0,13.0
2,62,20,2.2,13.742267838740363,0.125,7,16.0,13.0
2,62,21,2.2,17.218634435184235,0.0,7,16.0,13.0
2,62,22,2.0,17.500067461276057,0.0,7,16.0,13.0
2,62,23,2.2,11.881796238026382,0.0,7,16.0,13.0
2,62,24,2.4,14.352693153233473,0.0,7,16.0,13.0
2,62,25,2.0,13.691162046548413,0.0,7,16.0,13.0
2,62,26,2.0,12.505454931061585,0.0,7,16.0,13.0
2,62,27,2.2,10.81024074737998,0.0,7,16.0,13.0
2,62,28,2.0,14.751735810688762,0.0,7,16.0,13.0
3,62,1,1.4,19.749134927035083,0.0,7,16.0,13.0
3,62,2,2.2,12.742327830282846,0.0,7,16.0,13.0
3,62,3,2.4,13.785183326881995,0.0,7,16.0,13.0
3,62,4,1.6,25.199054784963803,0.0,7,16.0,13.0
3,62,5,2.2,15.866473191875894,0.0,7,16.0,13.0
3,62,6,2.2,10.955796129538124,0.0,7,16.0,13.0
3,62,7,1.6,29.27615502944919,0.0,7,16.0,13.0
3,62,8,1.8,12.475968198567049,0.0,7,16.0,13.0
3,62,9,2.2,10.452283675175185,0.0,7,16.0,13.0
3,62,10,2.4,14.250838278821215,0.0,7,16.0,13.0
3,62,11,1.8,19.655969677136184,0.0,7,16.0,13.0
3,62,12,2.4,11.148503039226854,0.0,7,16.0,13.0
3,62,13,1.8,20.237538154209222,0.0,7,16.0,13.0
3,62,14,2.0,17.67990250620713,0.0,7,16.0,13.0
3,62,15,2.0,18.324292476314426,0.0,7,16.0,13.0
3,62,16,2.2,13.888785587605444,0.0,7,16.0,13.0
3,62,17,2.0,17.912954629431532,0.0,7,16.0,13.0
3,62,18,2.6,9.75228197727477,0.0,7,16.0,13.0
3,62,19,2.6,10.80637583508019,0.0,7,16.0,13.0
3,62,20,2.8,11.664381617912486,0.0,7,16.0,13.0
3,62,21,2.4,12.374942632068622,0.0,7,16.0,13.0
3,62,22,2.2,16.944467604259977,0.0,7,16.0,13.0
3,62,23,2.0,16.817029264110165,0.0,7,16.0,13.0
3,62,24,2.2,16.98661151713697,0.0,7,16.0,13.0
3,62,25,2.4,12.972093380916878,0.0,7,16.0,13.0
3,62,26,2.2,12.711541323528369,0.0,7,16.0,13.0
3,62,27,2.4,9.542555536128486,0.0,7,16.0,13.0
3,62,28,2.0,17.119310107326527,0.0,7,16.0,13.0
3,62,29,2.6,10.605628449417257,0.0,7,16.0,13.0
1,63,1,2.8,14.840683601850914,0.0,7,16.0,13.0
1,63,2,2.8,14.391484652053723,0.0,7,16.0,13.0
1,63,3,2.6,13.470972895242982,0.0,7,16.0,13.0
1,63,4,1.6,26.588971889271388,0.0,7,16.0,13.0
1,63,5,2.0,11.940753689978598,0.0,7,16.0,13.0
1,63,6,2.4,13.658536395862386,0.0,7,16.0,13.0
1,63,7,2.2,12.158803891249077,0.0,7,16.0,13.0
1,63,8,2.4,12.141214764666675,0.0,7,16.0,13.0
1,63,9,2.4,11.532154505365137,0.125,7,16.0,13.0
1,63,10,1.6,29.63130573592249,0.0,7,16.0,13.0
1,63,11,2.0,11.443869058997201,0.0,7,16.0,13.0
1,63,12,2.0,20.133507392169907,0.0,7,16.0,13.0
1,63,13,1.8,20.51996145182526,0.0,7,16.0,13.0
1,63,14,2.4,16.366574756353522,0.0,7,16.0,13.0
1,63,15,2.0,21.223328387024267,0.0,7,16.0,13.0
1,63,16,2.2,21.144232429012796,0.0,7,16.0,13.0
1,63,17,2.0,15.171613732521784,0.0,7,16.0,13.0
1,63,18,1.6,24.21283760233794,0.0,7,16.0,13.0
1,63,19,2.0,19.843019864362343,0.0,7,16.0,13.0
1,63,20,2.0,15.925694737137926,0.0,7,16.0,13.0
1,63,21,2.4,13.020959333190932,0.0,7,16.0,13.0
1,63,22,2.2,18.70782176950802,0.0,7,16.0,13.0
1,63,23,2.2,13.302008204850624,0.0,7,16.0,13.0
1,63,24,2.6,10.897426886214557,0.0,7,16.0,13.0
1,63,25,2.0,16.092918612485853,0.0,7,16.0,13.0
1,63,26,2.0,21.66335355317843,0.0,7,16.0,13.0
1,63,27,1.6,20.95658560526089,0.0,7,16.0,13.0
1,63,28,2.0,16.680981414697694,0.0,7,16.0,13.0
1,63,29,2.6,10.843081318967208,0.0,7,16.0,13.0
2,63,1,2.4,15.0859265418853,0.0,7,16.0,13.0
2,63,2,2.6,11.814151441847693,0.0,7,16.0,13.0
2,63,3,2.8,12.291132247704436,0.0,7,16.0,13.0
2,63,4,2.6,10.92971778955705,0.0,7,16.0,13.0
2,63,5,2.4,10.624800398767135,0.0,7,16.0,13.0
2,63,6,2.0,18.34027707953149,0.0,7,16.0,13.0
2,63,7,2.2,14.144794486890149,0.0,7,16.0,13.0
2,63,8,2.2,14.683697129469573,0.0,7,16.0,13.0
2,63,9,2.8,9.958049408118642,0.125,7,16.0,13.0
2,63,10,1.6,22.89065044480724,0.0,7,16.0,13.0
2,63,11,1.8,18.059845023683188,0.0,7,16.0,13.0
2,63,12,1.6,22.775058150684973,0.0,7,16.0,13.0
2,63,13,2.0,17.100554819654473,0.0,7,16.0,13.0
2,63,14,2.0,12.016270324274211,0.0,7,16.0,13.0
2,63,15,2.2,18.736676420682894,0.0,7,16.0,13.0
2,63,16,2.0,15.371790276195842,0.0,7,16.0,13.0
2,63,17,2.0,13.85108332306879,0.0,7,16.0,13.0
2,63,18,2.0,16.1910825289401,0.0,7,16.0,13.0
2,63,19,2.4,10.133631438781448,0.0,7,16.0,13.0
2,63,20,2.4,11.548694122864113,0.0,7,16.0,13.0
2,63,21,2.4,11.797328301867847,0.0,7,16.0,13.0
2,63,22,2.4,14.489394660953842,0.0,7,16.0,13.0
2,63,23,2.0,13.203960030948226,0.0,7,16.0,13.0
2,63,24,2.6,17.094601760233683,0.125,7,16.0,13.0
2,63,25,2.2,10.60009524673422,0.0,7,16.0,13.0
2,63,26,2.2,10.366557656011048,0.0,7,16.0,13.0
2,63,27,1.8,14.841901842728472,0.0,7,16.0,13.0
2,63,28,3.0,9.073825696725264,0.2,4,16.0,13.0
3,63,1,2.0,16.20785023418148,0.0,7,16.0,13.0
3,63,2,2.4,12.216236585428376,0.0,7,16.0,13.0
3,63,3,2.4,10.691767362886877,0.0,7,16.0,13.0
3,63,4,2.2,21.081157998993685,0.0,7,16.0,13.0
3,63,5,1.8,14.093154163255756,0.0,7,16.0,13.0
3,63,6,2.2,13.797003320344032,0.0,7,16.0,13.0
3,63,7,2.4,10.134615829571008,0.0,7,16.0,13.0
3,63,8,2.0,13.14602527731132,0.0,7,16.0,13.0
3,63,9,1.8,17.415437437872484,0.0,7,16.0,13.0
3,63,10,2.4,13.889029805778318,0.0,7,16.0,13.0
3,63,11,2.2,13.044090555308777,0.0,7,16.0,13.0
3,63,12,2.2,16.45747988652608,0.0,7,16.0,13.0
3,63,13,1.6,18.457737982066405,0.0,7,16.0,13.0
3,63,14,2.4,12.839575131119275,0.0,7,16.0,13.0
3,63,15,2.2,13.199389289369183,0.0,7,16.0,13.0
3,63,16,2.2,14.72204452924419,0.0,7,16.0,13.0
3,63,17,2.6,9.341114400391005,0.0,7,16.0,13.0
3,63,18,2.2,11.786299812499056,0.0,7,16.0,13.0
3,63,19,2.4,13.834770139021689,0.0,7,16.0,13.0
3,63,20,2.0,24.19263524819103,0.0,7,16.0,13.0
3,63,21,2.6,10.054663445473532,0.0,7,16.0,13.0
3,63,22,2.0,16.209133927751896,0.0,7,16.0,13.0
3,63,23,2.0,16.452117406572,0.0,7,16.0,13.0
3,63,24,2.4,11.130575390666396,0.0,7,16.0,13.0
3,63,25,1.4,37.72982111685633,0.0,7,16.0,13.0
3,63,26,1.8,19.14692889670495,0.0,7,16.0,13.0
3,63,27,2.4,10.735554701431418,0.0,7,16.0,13.0
3,63,28,2.0,12.506905385144956,0.0,7,16.0,13.0
3,63,29,1.8,19.42568419530135,0.0,7,16.0,13.0
1,64,1,2.8,15.814359462013838,0.0,7,16.0,13.0
1,64,2,2.8,16.08133939520908,0.0,7,16.0,13.0
1,64,3,2.6,15.844030731732623,0.0,7,16.0,13.0
1,64,4,1.8,21.623575116035422,0.0,7,16.0,13.0
1,64,5,2.0,11.290935614098444,0.0,7,16.0,13.0
1,64,6,2.4,18.462771201670254,0.0,7,16.0,13.0
1,64,7,2.0,13.747791940873096,0.0,7,16.0,13.0
1,64,8,1.8,18.86944671530249,0.0,7,16.0,13.0
1,64,9,1.4,24.002732347450852,0.0,7,16.0,13.0
1,64,10,2.0,15.721774153996545,0.0,7,16.0,13.0
1,64,11,2.4,11.134089690094417,0.0,7,16.0,13.0
1,64,12,1.6,23.78190597531185,0.0,7,16.0,13.0
1,64,13,1.8,23.48608746400529,0.0,7,16.0,13.0
1,64,14,2.0,12.395794673526568,0.0,7,16.0,13.0
1,64,15,2.0,21.14292967882517,0.0,7,16.0,13.0
1,64,16,2.2,20.51991737812141,0.0,7,16.0,13.0
1,64,17,1.8,30.156803320143855,0.0,7,16.0,13.0
1,64,18,2.0,12.120243941358941,0.0,7,16.0,13.0
1,64,19,2.0,27.802882302582685,0.0,7,16.0,13.0
1,64,20,1.8,22.364506210012475,0.0,7,16.0,13.0
1,64,21,2.2,17.890311128733774,0.0,7,16.0,13.0
1,64,22,1.8,17.718556636115704,0.0,7,16.0,13.0
1,64,23,2.2,18.478357295369815,0.0,7,16.0,13.0
1,64,24,2.2,13.510776450405563,0.0,7,16.0,13.0
1,64,25,3.0,8.526750206763934,0.125,7,16.0,13.0
1,64,26,2.0,12.503520969507978,0.0,7,16.0,13.0
1,64,27,2.0,34.46883009267205,0.0,7,16.0,13.0
1,64,28,2.0,15.547646182960014,0.0,7,16.0,13.0
1,64,29,2.0,13.218831727454576,0.0,7,16.0,13.0
1,64,30,2.4,12.205123658546267,0.0,6,16.0,13.0
2,64,1,2.0,16.279114005037034,0.0,7,16.0,13.0
2,64,2,2.4,12.169088862642296,0.0,7,16.0,13.0
2,64,3,3.4,10.55560322565666,0.125,7,16.0,13.0
2,64,4,2.6,10.852145333690618,0.0,7,16.0,13.0
2,64,5,2.2,11.780535295888933,0.0,7,16.0,13.0
2,64,6,2.4,10.778427006905485,0.0,7,16.0,13.0
2,64,7,2.0,15.807736759969277,0.0,7,16.0,13.0
2,64,8,2.0,16.513772057227104,0.0,7,16.0,13.0
2,64,9,2.4,12.841547710047243,0.0,7,16.0,13.0
2,64,10,2.8,10.059306846477746,0.0,7,16.0,13.0
2,64,11,2.2,15.387535799098533,0.0,7,16.0,13.0
2,64,12,2.2,17.227345115539546,0.0,7,16.0,13.0
2,64,13,3.2,7.379287207444423,0.125,7,16.0,13.0
2,64,14,2.6,12.590705252015171,0.0,7,16.0,13.0
2,64,15,2.4,14.590809846706096,0.0,7,16.0,13.0
2,64,16,2.2,14.861113383952285,0.0,7,16.0,13.0
2,64,17,2.6,9.701214525760125,0.0,7,16.0,13.0
2,64,18,2.4,11.57054201699116,0.125,7,16.0,13.0
2,64,19,2.2,14.053476029189946,0.0,7,16.0,13.0
2,64,20,2.0,16.642902712090997,0.0,7,16.0,13.0
2,64,21,1.8,15.693081714456907,0.0,7,16.0,13.0
2,64,22,2.2,14.349370596094142,0.0,7,16.0,13.0
2,64,23,2.2,15.780685276642012,0.0,7,16.0,13.0
2,64,24,2.2,12.323737280162032,0.0,7,16.0,13.0
2,64,25,2.2,9.909151775248791,0.0,7,16.0,13.0
2,64,26,2.6,11.917105294113181,0.0,7,16.0,13.0
3,64,1,1.8,13.871615869742284,0.0,7,16.0,13.0
3,64,2,1.6,18.363705991628233,0.0,7,16.0,13.0
3,64,3,2.2,15.489500493100186,0.0,7,16.0,13.0
3,64,4,1.8,19.036862662242758,0.0,7,16.0,13.0
3,64,5,2.0,17.759629218817807,0.0,7,16.0,13.0
3,64,6,2.0,12.433812808958313,0.0,7,16.0,13.0
3,64,7,1.8,16.705822636411263,0.0,7,16.0,13.0
3,64,8,2.6,8.823704492959186,0.0,7,16.0,13.0
3,64,9,1.6,18.729563080146708,0.0,7,16.0,13.0
3,64,10,2.0,13.652201176712762,0.0,7,16.0,13.0
3,64,11,2.4,13.76756336639016,0.0,7,16.0,13.0
3,64,12,2.2,14.570833397029585,0.0,7,16.0,13.0
3,64,13,2.6,12.7710295713269,0.0,7,16.0,13.0
3,64,14,2.2,10.814690073284872,0.0,7,16.0,13.0
3,64,15,1.6,50.94003543615063,0.0,7,16.0,13.0
3,64,16,2.0,12.369141174092032,0.0,7,16.0,13.0
3,64,17,2.4,13.04466579821453,0.0,7,16.0,13.0
3,64,18,2.4,11.762545906309908,0.0,7,16.0,13.0
3,64,19,2.6,9.560188974537343,0.0,7,16.0,13.0
3,64,20,2.6,13.490903554566318,0.0,7,16.0,13.0
3,64,21,2.6,10.033362703982876,0.0,7,16.0,13.0
3,64,22,2.4,20.9180825580703,0.0,7,16.0,13.0
3,64,23,2.8,10.015824527410954,0.0,7,16.0,13.0
3,64,24,2.2,13.781329488908106,0.0,7,16.0,13.0
3,64,25,2.0,17.67355443675363,0.0,7,16.0,13.0
3,64,26,2.6,10.811696795526567,0.0,7,16.0,13.0
3,64,27,2.4,9.9477388862186,0.0,7,16.0,13.0
3,64,28,2.4,13.016738418738383,0.0,7,16.0,13.0
1,65,1,2.8,19.066820680375493,0.0,7,16.0,13.0
1,65,2,2.8,14.636165417257464,0.0,7,16.0,13.0
1,65,3,2.6,13.176418687853404,0.0,7,16.0,13.0
1,65,4,2.0,16.3660503401199,0.0,7,16.0,13.0
1,65,5,2.8,8.622819753362819,0.0,7,16.0,13.0
1,65,6,1.8,32.54354612313509,0.0,7,16.0,13.0
1,65,7,1.8,13.784227378853627,0.0,7,16.0,13.0
1,65,8,2.0,14.65418923148441,0.0,7,16.0,13.0
1,65,9,1.8,20.082985743061222,0.0,7,16.0,13.0
1,65,10,2.2,20.47484406020054,0.0,7,16.0,13.0
1,65,11,2.0,13.742609777356508,0.0,7,16.0,13.0
1,65,12,2.0,20.089306998188505,0.0,7,16.0,13.0
1,65,13,2.2,16.058375313548787,0.0,7,16.0,13.0
1,65,14,1.8,28.92943697595312,0.0,7,16.0,13.0
1,65,15,2.6,15.433832526394998,0.0,7,16.0,13.0
1,65,16,2.2,25.29806701973039,0.0,7,16.0,13.0
1,65,17,2.0,13.658670217927625,0.0,7,16.0,13.0
1,65,18,1.8,30.139818645637384,0.0,7,16.0,13.0
1,65,19,1.8,20.43527500931299,0.0,7,16.0,13.0
1,65,20,2.4,15.684623920334118,0.0,7,16.0,13.0
1,65,21,2.4,13.413342124139682,0.0,7,16.0,13.0
1,65,22,2.4,13.770089359124382,0.0,7,16.0,13.0
1,65,23,2.2,10.90631495417056,0.0,7,16.0,13.0
1,65,24,2.4,14.582550243861613,0.0,7,16.0,13.0
1,65,25,2.4,11.37514167682766,0.0,7,16.0,13.0
1,65,26,2.0,17.629380509426017,0.0,7,16.0,13.0
1,65,27,2.2,13.78684572331324,0.0,7,16.0,13.0
1,65,28,2.4,9.928420927672544,0.0,7,16.0,13.0
2,65,1,2.6,15.114653177074489,0.0,7,16.0,13.0
2,65,2,1.8,16.10988811042732,0.0,7,16.0,13.0
2,65,3,2.2,16.923550039548946,0.0,7,16.0,13.0
2,65,4,2.6,11.414978024798918,0.0,7,16.0,13.0
2,65,5,2.6,9.039107933147264,0.0,7,16.0,13.0
2,65,6,2.2,14.850620094417858,0.0,7,16.0,13.0
2,65,7,2.2,11.311270497317835,0.0,7,16.0,13.0
2,65,8,1.8,16.095555016069028,0.0,7,16.0,13.0
2,65,9,2.0,18.599062940190777,0.0,7,16.0,13.0
2,65,10,2.6,9.967163304735127,0.0,7,16.0,13.0
2,65,11,2.4,12.432823809178199,0.0,7,16.0,13.0
2,65,12,2.0,19.54880075420585,0.0,7,16.0,13.0
2,65,13,1.6,24.757764149980275,0.0,7,16.0,13.0
2,65,14,2.0,11.862652901622988,0.0,7,16.0,13.0
2,65,15,2.4,14.090430087959959,0.0,7,16.0,13.0
2,65,16,2.2,12.50052967150831,0.0,7,16.0,13.0
2,65,17,2.6,11.795333918079516,0.0,7,16.0,13.0
2,65,18,2.2,17.96587843247486,0.0,7,16.0,13.0
2,65,19,2.2,13.446436307833949,0.0,7,16.0,13.0
2,65,20,1.6,19.623216321033667,0.0,7,16.0,13.0
2,65,21,2.6,13.371355039624225,0.0,7,16.0,13.0
2,65,22,2.4,13.379973277832848,0.0,7,16.0,13.0
2,65,23,2.0,14.118352131085281,0.0,7,16.0,13.0
2,65,24,2.2,17.723763435151213,0.0,7,16.0,13.0
2,65,25,2.2,12.026365606494913,0.0,7,16.0,13.0
2,65,26,2.0,13.399681490823996,0.0,7,16.0,13.0
2,65,27,2.2,11.825906156494927,0.0,7,16.0,13.0
2,65,28,2.4,13.743807210920133,0.0,7,16.0,13.0
3,65,1,2.8,10.155166882901186,0.0,7,16.0,13.0
3,65,2,2.0,21.508810569580298,0.0,7,16.0,13.0
3,65,3,2.0,12.445563682457678,0.0,7,16.0,13.0
3,65,4,1.8,25.829401282411805,0.0,7,16.0,13.0
3,65,5,2.2,12.373005860646126,0.0,7,16.0,13.0
3,65,6,2.6,10.925598061121281,0.0,7,16.0,13.0
3,65,7,1.8,14.235173037752137,0.0,7,16.0,13.0
3,65,8,2.2,11.028372476491711,0.0,7,16.0,13.0
3,65,9,1.8,14.184300901659942,0.0,7,16.0,13.0
3,65,10,2.8,12.909233194022017,0.125,7,16.0,13.0
3,65,11,2.2,11.65257227478634,0.0,7,16.0,13.0
3,65,12,2.0,18.076390773210946,0.0,7,16.0,13.0
3,65,13,2.0,14.950102090016202,0.0,7,16.0,13.0
3,65,14,2.4,13.282587721868227,0.0,7,16.0,13.0
3,65,15,2.6,9.903614753722447,0.0,7,16.0,13.0
3,65,16,1.8,20.666923417074273,0.0,7,16.0,13.0
3,65,17,2.2,15.424002497403468,0.0,7,16.0,13.0
3,65,18,2.2,11.652030955956556,0.0,7,16.0,13.0
3,65,19,2.4,13.294686847739955,0.0,7,16.0,13.0
3,65,20,2.4,12.667964628373062,0.0,7,16.0,13.0
3,65,21,2.2,15.579322044130798,0.0,7,16.0,13.0
3,65,22,2.6,12.495668482733322,0.0,7,16.0,13.0
3,65,23,2.2,14.012266551606729,0.0,7,16.0,13.0
3,65,24,2.0,15.501770592160693,0.0,7,16.0,13.0
3,65,25,2.4,14.223925234870114,0.0,7,16.0,13.0
3,65,26,2.4,10.011145207350197,0.0,7,16.0,13.0
3,65,27,2.4,10.826700317787704,0.0,7,16.0,13.0
3,65,28,2.2,12.902129139187341,0.0,7,16.0,13.0
1,66,1,2.8,14.804224291927898,0.0,7,16.0,13.0
1,66,2,2.8,15.704159694075813,0.0,7,16.0,13.0
1,66,3,2.8,12.04201999605935,0.0,7,16.0,13.0
1,66,4,2.0,16.028797061474528,0.0,7,16.0,13.0
1,66,5,2.2,10.603424432074668,0.0,7,16.0,13.0
1,66,6,2.0,22.177935960818772,0.0,7,16.0,13.0
1,66,7,2.0,11.111344497910501,0.0,7,16.0,13.0
1,66,8,2.0,13.814340916062188,0.0,7,16.0,13.0
1,66,9,2.2,13.011993975512867,0.0,7,16.0,13.0
1,66,10,2.4,12.88468544810092,0.0,7,16.0,13.0
1,66,11,1.8,16.72739923615759,0.0,7,16.0,13.0
1,66,12,2.2,18.90390175963294,0.0,7,16.0,13.0
1,66,13,2.2,14.155595435305028,0.0,7,16.0,13.0
1,66,14,1.8,25.602470069024623,0.0,7,16.0,13.0
1,66,15,2.0,20.158378686727573,0.0,7,16.0,13.0
1,66,16,2.2,19.2401222318069,0.0,7,16.0,13.0
1,66,17,2.0,13.326406408492147,0.0,7,16.0,13.0
1,66,18,1.8,22.574823118647796,0.0,7,16.0,13.0
1,66,19,2.0,17.762720571493123,0.0,7,16.0,13.0
1,66,20,1.8,24.53367073797337,0.0,7,16.0,13.0
1,66,21,2.0,19.519558935534455,0.0,7,16.0,13.0
1,66,22,2.2,14.25944731630134,0.0,7,16.0,13.0
1,66,23,2.4,13.41744420340301,0.0,7,16.0,13.0
1,66,24,2.0,12.28808419826569,0.0,7,16.0,13.0
1,66,25,2.2,12.632538651933197,0.0,7,16.0,13.0
1,66,26,2.8,12.68445412604968,0.125,7,16.0,13.0
1,66,27,2.0,12.83267833148091,0.0,7,16.0,13.0
1,66,28,2.8,9.777916366885883,0.125,7,16.0,13.0
1,66,29,2.0,15.19294250010521,0.0,4,16.0,13.0
2,66,1,2.8,11.278148784886131,0.0,7,16.0,13.0
2,66,2,2.4,12.862547091590379,0.0,7,16.0,13.0
2,66,3,3.0,10.68520472597821,0.125,7,16.0,13.0
2,66,4,2.4,11.443671933268321,0.0,7,16.0,13.0
2,66,5,1.8,14.91442025737208,0.0,7,16.0,13.0
2,66,6,2.0,14.807913262949898,0.0,7,16.0,13.0
2,66,7,1.8,23.08655412007429,0.0,7,16.0,13.0
2,66,8,1.8,15.763678507231045,0.0,7,16.0,13.0
2,66,9,2.8,11.374251521151246,0.125,7,16.0,13.0
2,66,10,2.4,11.239295064280928,0.0,7,16.0,13.0
2,66,11,2.4,12.598067990803376,0.0,7,16.0,13.0
2,66,12,2.0,18.847556807501444,0.0,7,16.0,13.0
2,66,13,2.6,10.867938817954677,0.125,7,16.0,13.0
2,66,14,2.4,14.215173793798199,0.0,7,16.0,13.0
2,66,15,1.4,29.74624584199383,0.0,7,16.0,13.0
2,66,16,2.4,13.398851563107133,0.0,7,16.0,13.0
2,66,17,2.4,12.84001610327066,0.0,7,16.0,13.0
2,66,18,2.0,16.133209518519777,0.0,7,16.0,13.0
2,66,19,2.0,13.657219092084645,0.0,7,16.0,13.0
2,66,20,2.4,13.50987895445559,0.0,7,16.0,13.0
2,66,21,2.4,13.978862803008388,0.0,7,16.0,13.0
2,66,22,1.8,14.191221499022847,0.0,7,16.0,13.0
2,66,23,2.0,16.072956333666948,0.0,7,16.0,13.0
2,66,24,2.4,14.832249531271888,0.0,7,16.0,13.0
2,66,25,2.0,16.850433666071137,0.0,7,16.0,13.0
2,66,26,2.0,11.062559004487627,0.0,7,16.0,13.0
2,66,27,1.6,18.61813866614184,0.0,7,16.0,13.0
2,66,28,2.6,11.631729878784506,0.125,7,16.0,13.0
3,66,1,2.6,10.372913270674879,0.0,7,16.0,13.0
3,66,2,1.4,27.023816583244145,0.0,7,16.0,13.0
3,66,3,2.4,12.214115991400904,0.0,7,16.0,13.0
3,66,4,2.4,15.409926643688717,0.0,7,16.0,13.0
3,66,5,1.8,14.841601005230899,0.0,7,16.0,13.0
3,66,6,1.6,22.799922080621926,0.0,7,16.0,13.0
3,66,7,2.4,9.524943776816862,0.0,7,16.0,13.0
3,66,8,1.8,16.40396622910241,0.0,7,16.0,13.0
3,66,9,2.4,9.702350340089659,0.0,7,16.0,13.0
3,66,10,2.2,23.325484167579294,0.125,7,16.0,13.0
3,66,11,2.0,12.632456468802639,0.0,7,16.0,13.0
3,66,12,1.6,24.24488628717996,0.0,7,16.0,13.0
3,66,13,2.0,17.667689583861144,0.0,7,16.0,13.0
3,66,14,2.0,17.153784791917932,0.0,7,16.0,13.0
3,66,15,1.8,24.07380606958879,0.0,7,16.0,13.0
3,66,16,2.8,9.397536501927876,0.125,7,16.0,13.0
3,66,17,1.6,27.121949474573356,0.0,7,16.0,13.0
3,66,18,2.4,11.80796404677903,0.0,7,16.0,13.0
3,66,19,2.2,11.85530402057231,0.0,7,16.0,13.0
3,66,20,2.4,13.095427442021824,0.0,7,16.0,13.0
3,66,21,2.8,10.499176908785634,0.0,7,16.0,13.0
3,66,22,2.4,17.034196055105767,0.0,7,16.0,13.0
3,66,23,2.0,15.1292532020196,0.0,7,16.0,13.0
3,66,24,1.8,14.884040000215483,0.0,7,16.0,13.0
3,66,25,2.0,16.63533974559755,0.0,7,16.0,13.0
3,66,26,2.4,15.763671571421739,0.0,7,16.0,13.0
3,66,27,2.4,9.925678071450433,0.0,7,16.0,13.0
3,66,28,2.2,11.916746274505188,0.0,7,16.0,13.0
3,66,29,2.2,11.66019562673642,0.0,7,16.0,13.0
1,67,1,2.8,12.738727514444074,0.0,7,16.0,13.0
1,67,2,2.8,15.462384739411839,0.0,7,16.0,13.0
1,67,3,2.6,12.624335171797583,0.0,7,16.0,13.0
1,67,4,2.0,20.413170370424336,0.0,7,16.0,13.0
1,67,5,2.0,11.354677059054755,0.0,7,16.0,13.0
1,67,6,2.4,15.76903680229054,0.0,7,16.0,13.0
1,67,7,2.0,13.65421040608771,0.0,7,16.0,13.0
1,67,8,1.8,16.797229208157308,0.0,7,16.0,13.0
1,67,9,1.6,17.611389321361187,0.0,7,16.0,13.0
1,67,10,1.8,21.48329646220647,0.0,7,16.0,13.0
1,67,11,2.4,10.748689119411356,0.0,7,16.0,13.0
1,67,12,1.6,28.24997827762483,0.0,7,16.0,13.0
1,67,13,2.0,31.376658749145566,0.0,7,16.0,13.0
1,67,14,1.8,16.17594568298005,0.0,7,16.0,13.0
1,67,15,2.2,20.063645197921215,0.0,7,16.0,13.0
1,67,16,1.8,28.9528366370269,0.0,7,16.0,13.0
1,67,17,1.8,23.92960088214037,0.0,7,16.0,13.0
1,67,18,2.0,11.176136881112452,0.0,7,16.0,13.0
1,67,19,2.0,20.30735675679172,0.0,7,16.0,13.0
1,67,20,1.8,16.093180291973837,0.0,7,16.0,13.0
1,67,21,2.0,24.627687316784698,0.0,7,16.0,13.0
1,67,22,2.2,15.020236972032698,0.0,7,16.0,13.0
1,67,23,2.0,19.618361713505728,0.0,7,16.0,13.0
1,67,24,2.4,11.95634440092384,0.0,7,16.0,13.0
1,67,25,2.0,18.062488335091693,0.125,7,16.0,13.0
1,67,26,1.6,19.43871817695097,0.0,7,16.0,13.0
1,67,27,2.6,12.276447890605763,0.125,7,16.0,13.0
1,67,28,1.8,14.817800793657353,0.0,7,16.0,13.0
1,67,29,2.2,12.178220825669559,0.0,7,16.0,13.0
1,67,30,2.8,9.865748734603734,0.125,7,16.0,13.0
2,67,1,2.2,19.927396419049764,0.0,7,16.0,13.0
2,67,2,1.8,18.896125782120883,0.0,7,16.0,13.0
2,67,3,3.0,10.786729427070515,0.0,7,16.0,13.0
2,67,4,2.2,15.4878257040761,0.0,7,16.0,13.0
2,67,5,2.0,18.44703400881706,0.0,7,16.0,13.0
2,67,6,2.2,12.38526840213288,0.0,7,16.0,13.0
2,67,7,1.8,19.40952887508672,0.0,7,16.0,13.0
2,67,8,2.4,10.384523525027598,0.0,7,16.0,13.0
2,67,9,2.0,15.9239623950394,0.0,7,16.0,13.0
2,67,10,2.6,11.391309689837728,0.125,7,16.0,13.0
2,67,11,1.6,24.810805570059056,0.0,7,16.0,13.0
2,67,12,1.8,15.305998068360907,0.0,7,16.0,13.0
2,67,13,2.2,16.656305084229437,0.0,7,16.0,13.0
2,67,14,2.2,13.736420378693285,0.0,7,16.0,13.0
2,67,15,2.0,13.183744964356858,0.0,7,16.0,13.0
2,67,16,2.0,17.337084036768605,0.0,7,16.0,13.0
2,67,17,1.6,32.48060862290495,0.0,7,16.0,13.0
2,67,18,2.4,12.052052813630196,0.0,7,16.0,13.0
2,67,19,2.2,13.876438663216325,0.0,7,16.0,13.0
2,67,20,1.4,25.912274307784134,0.0,7,16.0,13.0
2,67,21,1.8,17.061569208366148,0.0,7,16.0,13.0
2,67,22,2.4,13.617827828715127,0.0,7,16.0,13.0
2,67,23,2.4,15.038796529754094,0.0,7,16.0,13.0
2,67,24,2.6,10.00917037832552,0.0,7,16.0,13.0
2,67,25,2.2,21.08422816466436,0.0,7,16.0,13.0
2,67,26,2.2,12.292242882398858,0.0,7,16.0,13.0
2,67,27,2.2,11.747520234424755,0.0,7,16.0,13.0
2,67,28,1.6,16.524547566399402,0.0,7,16.0,13.0
2,67,29,3.0,10.048220001847666,0.125,7,16.0,13.0
3,67,1,2.4,11.816903175561663,0.0,7,16.0,13.0
3,67,2,1.8,16.941659570764216,0.0,7,16.0,13.0
3,67,3,2.2,14.187081303368345,0.0,7,16.0,13.0
3,67,4,1.6,27.62300912019697,0.0,7,16.0,13.0
3,67,5,2.2,13.493565987714176,0.0,7,16.0,13.0
3,67,6,2.0,11.54936287220322,0.0,7,16.0,13.0
3,67,7,1.8,17.803803008786645,0.0,7,16.0,13.0
3,67,8,2.2,12.473400740616999,0.0,7,16.0,13.0
3,67,9,1.8,14.878964549873618,0.0,7,16.0,13.0
3,67,10,2.8,12.35258639728343,0.125,7,16.0,13.0
3,67,11,2.6,9.772908836365339,0.0,7,16.0,13.0
3,67,12,1.8,27.953761648326502,0.0,7,16.0,13.0
3,67,13,2.0,14.862773939721006,0.0,7,16.0,13.0
3,67,14,1.8,15.763939003489513,0.0,7,16.0,13.0
3,67,15,1.8,22.151052725882405,0.0,7,16.0,13.0
3,67,16,2.0,13.037499565314201,0.0,7,16.0,13.0
3,67,17,2.2,12.402838928217811,0.0,7,16.0,13.0
3,67,18,2.0,15.403285227648505,0.0,7,16.0,13.0
3,67,19,2.4,11.867572667600603,0.0,7,16.0,13.0
3,67,20,2.0,14.515811992705997,0.0,7,16.0,13.0
3,67,21,2.2,18.8708506083141,0.0,7,16.0,13.0
3,67,22,2.2,12.92770449383594,0.0,7,16.0,13.0
3,67,23,2.4,15.542440491534585,0.0,7,16.0,13.0
3,67,24,2.2,13.98150742015352,0.0,7,16.0,13.0
3,67,25,1.8,21.03475382271591,0.0,7,16.0,13.0
3,67,26,2.0,17.24140981370737,0.0,7,16.0,13.0
3,67,27,2.0,14.940623876232541,0.0,7,16.0,13.0
3,67,28,2.0,12.898318813795065,0.0,7,16.0,13.0
3,67,29,1.4,22.057650504718627,0.0,7,16.0,13.0
3,67,30,2.0,18.065878412424894,0.0,7,16.0,13.0
3,67,31,1.4,20.022797169892897,0.0,5,16.0,13.0
1,68,1,2.8,13.38974881113956,0.0,7,16.0,13.0
1,68,2,2.8,14.357196496410555,0.0,7,16.0,13.0
1,68,3,2.6,14.00313257491701,0.0,7,16.0,13.0
1,68,4,1.8,21.77988337537372,0.0,7,16.0,13.0
1,68,5,2.0,11.73052401175346,0.0,7,16.0,13.0
1,68,6,2.2,17.0176414722351,0.0,7,16.0,13.0
1,68,7,1.8,14.381665601594705,0.0,7,16.0,13.0
1,68,8,2.2,15.901642459047775,0.0,7,16.0,13.0
1,68,9,1.8,13.16153202138963,0.0,7,16.0,13.0
1,68,10,2.2,18.26843855095731,0.0,7,16.0,13.0
1,68,11,2.0,14.581427768307375,0.0,7,16.0,13.0
1,68,12,1.8,20.775382288212985,0.0,7,16.0,13.0
1,68,13,2.4,16.625152431842647,0.0,7,16.0,13.0
1,68,14,1.8,16.641686893338004,0.0,7,16.0,13.0
1,68,15,2.0,20.230975443831436,0.0,7,16.0,13.0
1,68,16,2.0,31.940361355994387,0.0,7,16.0,13.0
1,68,17,1.6,26.740161605384532,0.0,7,16.0,13.0
1,68,18,1.8,14.92629313440262,0.0,7,16.0,13.0
1,68,19,1.8,23.73390502410469,0.0,7,16.0,13.0
1,68,20,1.6,18.480310983122898,0.0,7,16.0,13.0
1,68,21,1.8,28.901502510674494,0.0,7,16.0,13.0
1,68,22,2.2,15.891183789507798,0.0,7,16.0,13.0
1,68,23,2.4,13.894413712167044,0.0,7,16.0,13.0
1,68,24,2.2,13.948609084649751,0.0,7,16.0,13.0
1,68,25,3.0,8.775082751365133,0.125,7,16.0,13.0
1,68,26,2.4,11.950332884180641,0.125,7,16.0,13.0
1,68,27,2.4,12.568035112548513,0.0,7,16.0,13.0
1,68,28,2.2,13.31001607316413,0.0,7,16.0,13.0
1,68,29,2.2,11.960663904971195,0.0,7,16.0,13.0
2,68,1,2.4,16.60098952831842,0.0,7,16.0,13.0
2,68,2,1.8,18.971030536489558,0.0,7,16.0,13.0
2,68,3,2.4,14.161491853544817,0.0,7,16.0,13.0
2,68,4,2.2,14.52183766901464,0.0,7,16.0,13.0
2,68,5,2.2,15.009518970986054,0.0,7,16.0,13.0
2,68,6,2.2,10.232289323034603,0.0,7,16.0,13.0
2,68,7,2.2,15.369478950089174,0.0,7,16.0,13.0
2,68,8,2.0,13.191611366042393,0.0,7,16.0,13.0
2,68,9,2.0,15.788863453943888,0.0,7,16.0,13.0
2,68,10,2.6,10.481457466073504,0.0,7,16.0,13.0
2,68,11,2.2,12.534738168117954,0.0,7,16.0,13.0
2,68,12,2.2,15.009902784308073,0.0,7,16.0,13.0
2,68,13,2.2,16.05180216745461,0.0,7,16.0,13.0
2,68,14,2.0,11.189845723997564,0.0,7,16.0,13.0
2,68,15,2.2,18.4422500888591,0.0,7,16.0,13.0
2,68,16,2.0,17.665858986546873,0.0,7,16.0,13.0
2,68,17,2.2,17.81489874546536,0.0,7,16.0,13.0
2,68,18,2.0,17.152373796028396,0.0,7,16.0,13.0
2,68,19,2.4,11.865239268905464,0.0,7,16.0,13.0
2,68,20,1.8,11.845896891033266,0.0,7,16.0,13.0
2,68,21,2.6,12.681790728734736,0.125,7,16.0,13.0
2,68,22,2.2,14.705146877339974,0.0,7,16.0,13.0
2,68,23,2.0,16.031516542748772,0.0,7,16.0,13.0
2,68,24,2.0,15.916068724233993,0.0,7,16.0,13.0
2,68,25,2.0,21.912192332299504,0.125,7,16.0,13.0
2,68,26,2.2,10.474598242364541,0.125,7,16.0,13.0
2,68,27,2.0,11.516402203872417,0.0,7,16.0,13.0
2,68,28,1.8,16.218095324106823,0.0,7,16.0,13.0
2,68,29,2.0,15.527103876112683,0.16666666666666666,5,16.0,13.0
3,68,1,1.4,27.09956342781404,0.0,7,16.0,13.0
3,68,2,2.4,10.272464302308938,0.0,7,16.0,13.0
3,68,3,2.6,10.988184743689583,0.0,7,16.0,13.0
3,68,4,2.8,11.40956285370515,0.0,7,16.0,13.0
3,68,5,2.2,13.277630873790493,0.0,7,16.0,13.0
3,68,6,2.2,14.48199781740555,0.0,7,16.0,13.0
3,68,7,2.4,8.824549415462753,0.0,7,16.0,13.0
3,68,8,2.0,12.66100001281036,0.0,7,16.0,13.0
3,68,9,2.6,13.321639381827964,0.125,7,16.0,13.0
3,68,10,1.8,15.160069156310128,0.0,7,16.0,13.0
3,68,11,1.6,24.10117875800468,0.0,7,16.0,13.0
3,68,12,2.0,18.037898610701916,0.0,7,16.0,13.0
3,68,13,2.2,12.010431578941894,0.0,7,16.0,13.0
3,68,14,1.6,26.10684131820828,0.0,7,16.0,13.0
3,68,15,1.8,14.45096292141957,0.0,7,16.0,13.0
3,68,16,2.0,18.75615318425528,0.0,7,16.0,13.0
3,68,17,2.2,10.74234796332761,0.0,7,16.0,13.0
3,68,18,2.6,12.776122818654303,0.0,7,16.0,13.0
3,68,19,2.6,10.564986857314095,0.0,7,16.0,13.0
3,68,20,2.0,21.58733706817771,0.0,7,16.0,13.0
3,68,21,2.2,12.637641831282885,0.0,7,16.0,13.0
3,68,22,2.0,25.404497244513593,0.0,7,16.0,13.0
3,68,23,2.8,9.216005600029634,0.0,7,16.0,13.0
3,68,24,2.4,11.654776364758852,0.0,7,16.0,13.0
3,68,25,2.0,17.67355443675363,0.0,7,16.0,13.0
3,68,26,2.2,12.96035732119835,0.0,7,16.0,13.0
3,68,27,2.0,14.419832277680863,0.0,7,16.0,13.0
3,68,28,1.8,14.666447554282158,0.0,7,16.0,13.0
3,68,29,1.8,18.562942983992453,0.0,7,16.0,13.0
1,69,1,2.8,12.738727514444074,0.0,7,16.0,13.0
1,69,2,2.8,14.530290824542027,0.0,7,16.0,13.0
1,69,3,2.6,15.398671461787417,0.0,7,16.0,13.0
1,69,4,2.2,15.06384486514952,0.0,7,16.0,13.0
1,69,5,2.0,14.02757620060061,0.0,7,16.0,13.0
1,69,6,2.4,16.573201559261648,0.0,7,16.0,13.0
1,69,7,2.6,9.565601767492172,0.0,7,16.0,13.0
1,69,8,1.8,12.769937608281273,0.0,7,16.0,13.0
1,69,9,2.8,10.631614518661145,0.125,7,16.0,13.0
1,69,10,1.6,17.11189742584001,0.0,7,16.0,13.0
1,69,11,1.6,19.403503286758735,0.0,7,16.0,13.0
1,69,12,2.2,20.895398213754564,0.125,7,16.0,13.0
1,69,13,1.8,15.302134104091454,0.0,7,16.0,13.0
1,69,14,2.2,18.81102078356902,0.0,7,16.0,13.0
1,69,15,1.8,30.856927833520025,0.0,7,16.0,13.0
1,69,16,2.2,21.278262791272176,0.0,7,16.0,13.0
1,69,17,1.4,29.117507547482237,0.0,7,16.0,13.0
1,69,18,2.4,14.514697893273357,0.0,7,16.0,13.0
1,69,19,1.6,21.143818361534,0.0,7,16.0,13.0
1,69,20,1.4,26.40023579104865,0.0,7,16.0,13.0
1,69,21,2.0,16.80500516808723,0.0,7,16.0,13.0
1,69,22,1.8,18.299212384048566,0.0,7,16.0,13.0
1,69,23,1.8,21.77039447651403,0.0,7,16.0,13.0
1,69,24,2.0,15.557169674554498,0.0,7,16.0,13.0
1,69,25,2.8,9.964754351012088,0.0,7,16.0,13.0
1,69,26,2.2,12.987444720339344,0.0,7,16.0,13.0
1,69,27,2.4,12.868657390707705,0.0,7,16.0,13.0
1,69,28,3.8,7.457994939352612,0.2222222222222222,7,16.0,13.0
1,69,29,2.0,12.562164060632963,0.0,7,16.0,13.0
2,69,1,1.8,50.523927877665365,0.0,7,16.0,13.0
2,69,2,2.4,12.2137279076868,0.0,7,16.0,13.0
2,69,3,2.4,12.825179529183997,0.0,7,16.0,13.0
2,69,4,2.4,12.318906039705402,0.125,7,16.0,13.0
2,69,5,2.0,17.668099386706512,0.0,7,16.0,13.0
2,69,6,1.6,16.047308210355588,0.0,7,16.0,13.0
2,69,7,2.2,13.29724099001174,0.0,7,16.0,13.0
2,69,8,1.8,22.2198392968364,0.0,7,16.0,13.0
2,69,9,1.8,14.95427474423057,0.0,7,16.0,13.0
2,69,10,2.6,15.399428261096611,0.125,7,16.0,13.0
2,69,11,2.0,15.16615473850279,0.0,7,16.0,13.0
2,69,12,2.0,15.216047473698195,0.0,7,16.0,13.0
2,69,13,1.8,16.967958394266002,0.0,7,16.0,13.0
2,69,14,2.0,17.531299686553798,0.0,7,16.0,13.0
2,69,15,2.4,10.004533807979591,0.125,7,16.0,13.0
2,69,16,2.2,17.24194495346982,0.0,7,16.0,13.0
2,69,17,2.2,19.05175781538311,0.0,7,16.0,13.0
2,69,18,1.8,16.190706460493615,0.0,7,16.0,13.0
2,69,19,2.4,12.094992254543138,0.0,7,16.0,13.0
2,69,20,1.6,23.53707514793877,0.0,7,16.0,13.0
2,69,21,1.6,15.956889773703818,0.0,7,16.0,13.0
2,69,22,2.8,11.134537156201857,0.125,7,16.0,13.0
2,69,23,2.2,13.533727769491948,0.0,7,16.0,13.0
2,69,24,2.4,12.342841579357513,0.0,7,16.0,13.0
2,69,25,2.6,13.888127953060499,0.0,7,16.0,13.0
2,69,26,2.4,11.18585359064191,0.0,7,16.0,13.0
2,69,27,2.2,11.723166828556703,0.0,7,16.0,13.0
2,69,28,2.2,10.574723275025686,0.0,7,16.0,13.0
2,69,29,1.8,17.991030039219574,0.0,7,16.0,13.0
3,69,1,2.0,15.392065964895279,0.0,7,16.0,13.0
3,69,2,2.4,11.930285005988056,0.0,7,16.0,13.0
3,69,3,2.4,10.654516508100285,0.0,7,16.0,13.0
3,69,4,2.2,18.1961053813587,0.0,7,16.0,13.0
3,69,5,2.0,14.20143954478853,0.0,7,16.0,13.0
3,69,6,2.0,12.54325417715907,0.0,7,16.0,13.0
3,69,7,2.2,11.322953152600505,0.0,7,16.0,13.0
3,69,8,2.2,10.949398378501064,0.0,7,16.0,13.0
3,69,9,2.0,14.256849489044049,0.0,7,16.0,13.0
3,69,10,2.2,16.24249557188522,0.0,7,16.0,13.0
3,69,11,2.6,10.414043166856027,0.0,7,16.0,13.0
3,69,12,2.4,13.440491177207642,0.0,7,16.0,13.0
3,69,13,2.2,12.915785220669575,0.0,7,16.0,13.0
3,69,14,2.2,14.599911790129132,0.0,7,16.0,13.0
3,69,15,2.4,10.539903624991119,0.0,7,16.0,13.0
3,69,16,2.4,11.44053082156902,0.0,7,16.0,13.0
3,69,17,2.6,13.189397003487642,0.0,7,16.0,13.0
3,69,18,2.2,12.776465179079908,0.0,7,16.0,13.0
3,69,19,2.2,16.69754822669249,0.0,7,16.0,13.0
3,69,20,2.6,10.957124971809547,0.0,7,16.0,13.0
3,69,21,1.8,33.64991396422342,0.0,7,16.0,13.0
3,69,22,2.0,13.885702871575718,0.0,7,16.0,13.0
3,69,23,1.8,17.394498010693134,0.0,7,16.0,13.0
3,69,24,1.8,15.244888813039438,0.0,7,16.0,13.0
3,69,25,1.6,31.17127327562676,0.0,7,16.0,13.0
3,69,26,2.2,12.53534998949216,0.0,7,16.0,13.0
3,69,27,2.4,9.535083948839162,0.0,7,16.0,13.0
3,69,28,2.6,11.235605131788294,0.125,7,16.0,13.0
3,69,29,1.75,15.760260641008042,0.0,4,16.0,13.0
1,70,1,2.8,13.389748811139558,0.0,7,16.0,13.0
1,70,2,2.8,15.502162253236024,0.0,7,16.0,13.0
1,70,3,2.6,14.614423980803261,0.0,7,16.0,13.0
1,70,4,2.2,12.372947470890342,0.0,7,16.0,13.0
1,70,5,2.2,11.693995077786582,0.0,7,16.0,13.0
1,70,6,2.0,22.764403975295473,0.0,7,16.0,13.0
1,70,7,2.0,13.090637793146854,0.0,7,16.0,13.0
1,70,8,2.6,10.03181170407215,0.0,7,16.0,13.0
1,70,9,1.8,15.632267183595745,0.0,7,16.0,13.0
1,70,10,2.0,19.74589880834838,0.0,7,16.0,13.0
1,70,11,2.0,16.69677314041683,0.0,7,16.0,13.0
1,70,12,2.4,13.685062725165139,0.0,7,16.0,13.0
1,70,13,2.2,12.416152075863813,0.0,7,16.0,13.0
1,70,14,1.8,23.93076520421755,0.0,7,16.0,13.0
1,70,15,2.2,14.057588211143964,0.0,7,16.0,13.0
1,70,16,1.8,28.182296658404596,0.0,7,16.0,13.0
1,70,17,1.8,18.624014451732435,0.0,7,16.0,13.0
1,70,18,1.6,41.30885513818616,0.0,7,16.0,13.0
1,70,19,1.8,19.085468519735926,0.0,7,16.0,13.0
1,70,20,2.0,15.495939458019073,0.0,7,16.0,13.0
1,70,21,2.0,21.685220333300858,0.0,7,16.0,13.0
1,70,22,2.2,14.350277792771045,0.0,7,16.0,13.0
1,70,23,2.4,14.994065560368577,0.0,7,16.0,13.0
1,70,24,2.2,12.224661372167676,0.125,7,16.0,13.0
1,70,25,1.8,20.190838904009926,0.0,7,16.0,13.0
1,70,26,1.8,14.13719122457124,0.0,7,16.0,13.0
1,70,27,2.4,13.618986900839456,0.0,7,16.0,13.0
1,70,28,1.6,14.428743958114069,0.0,7,16.0,13.0
1,70,29,2.8,9.799632477294898,0.125,7,16.0,13.0
1,70,30,1.5,19.62398005106688,0.0,4,16.0,13.0
2,70,1,2.2,17.281077211961037,0.0,7,16.0,13.0
2,70,2,1.8,18.665454079059913,0.0,7,16.0,13.0
2,70,3,2.6,12.739136392284442,0.0,7,16.0,13.0
2,70,4,2.8,11.147129919340154,0.125,7,16.0,13.0
2,70,5,2.4,13.659528755217533,0.0,7,16.0,13.0
2,70,6,2.0,15.266569337236856,0.0,7,16.0,13.0
2,70,7,2.0,14.722282396264054,0.0,7,16.0,13.0
2,70,8,2.4,11.337426991038864,0.0,7,16.0,13.0
2,70,9,2.8,9.957897424846212,0.125,7,16.0,13.0
2,70,10,1.8,15.45732190293072,0.0,7,16.0,13.0
2,70,11,1.8,16.475338195364532,0.0,7,16.0,13.0
2,70,12,1.8,18.3008829331882,0.0,7,16.0,13.0
2,70,13,1.6,21.677582665758298,0.0,7,16.0,13.0
2,70,14,2.0,14.583214758252803,0.0,7,16.0,13.0
2,70,15,2.2,12.008905079285574,0.0,7,16.0,13.0
2,70,16,2.2,15.651142783973892,0.0,7,16.0,13.0
2,70,17,2.0,17.672565290928524,0.0,7,16.0,13.0
2,70,18,2.0,17.3509310094539,0.0,7,16.0,13.0
2,70,19,1.4,34.022223399963636,0.0,7,16.0,13.0
2,70,20,2.2,12.606155977251943,0.0,7,16.0,13.0
2,70,21,2.2,13.536411322476415,0.125,7,16.0,13.0
2,70,22,2.0,16.636396025577646,0.0,7,16.0,13.0
2,70,23,2.4,13.709263833498007,0.0,7,16.0,13.0
2,70,24,2.0,17.025777738139066,0.0,7,16.0,13.0
2,70,25,1.8,17.896652599241055,0.0,7,16.0,13.0
2,70,26,2.4,12.135515223530302,0.0,7,16.0,13.0
2,70,27,1.8,15.673422089890348,0.0,7,16.0,13.0
2,70,28,2.0,9.635816135093316,0.0,7,16.0,13.0
2,70,29,2.0,14.302637416953898,0.0,7,16.0,13.0
2,70,30,1.4,23.710303868761216,0.0,5,16.0,13.0
3,70,1,2.6,9.429376686937049,0.0,7,16.0,13.0
3,70,2,2.2,16.485646165902995,0.0,7,16.0,13.0
3,70,3,1.6,18.5298431758061,0.0,7,16.0,13.0
3,70,4,2.6,12.418931683820905,0.0,7,16.0,13.0
3,70,5,2.0,10.40742935247031,0.0,7,16.0,13.0
3,70,6,2.0,12.365732613607268,0.0,7,16.0,13.0
3,70,7,2.0,14.2683079204733,0.0,7,16.0,13.0
3,70,8,2.4,10.192135188819883,0.0,7,16.0,13.0
3,70,9,2.0,15.406027226749634,0.0,7,16.0,13.0
3,70,10,1.8,20.265917776869564,0.0,7,16.0,13.0
3,70,11,2.6,10.337613232069174,0.0,7,16.0,13.0
3,70,12,2.0,24.34847184073361,0.0,7,16.0,13.0
3,70,13,2.4,11.086461474418051,0.0,7,16.0,13.0
3,70,14,2.4,15.623804193929065,0.0,7,16.0,13.0
3,70,15,2.4,11.435135849193813,0.0,7,16.0,13.0
3,70,16,2.0,16.109944413857956,0.0,7,16.0,13.0
3,70,17,2.4,12.892141121183554,0.0,7,16.0,13.0
3,70,18,2.0,14.322689591019532,0.0,7,16.0,13.0
3,70,19,2.0,15.431421463352844,0.0,7,16.0,13.0
3,70,20,2.6,12.52266499513753,0.0,7,16.0,13.0
3,70,21,2.6,13.567350524155744,0.0,7,16.0,13.0
3,70,22,1.8,22.660612676953175,0.0,7,16.0,13.0
3,70,23,2.2,13.737353108948106,0.0,7,16.0,13.0
3,70,24,1.8,21.615768701293817,0.0,7,16.0,13.0
3,70,25,2.4,15.328786614541444,0.0,7,16.0,13.0
3,70,26,2.2,12.140949571437524,0.0,7,16.0,13.0
3,70,27,2.2,12.620318776772601,0.0,7,16.0,13.0
3,70,28,1.6,18.952572767319555,0.0,7,16.0,13.0
3,70,29,1.8,16.891430775686157,0.0,7,16.0,13.0
1,71,1,2.8,13.694028195914301,0.0,7,16.0,13.0
1,71,2,2.8,15.745192532529511,0.0,7,16.0,13.0
1,71,3,2.6,13.322067823932304,0.0,7,16.0,13.0
1,71,4,2.0,16.917400679336698,0.0,7,16.0,13.0
1,71,5,2.2,11.233912734807488,0.0,7,16.0,13.0
1,71,6,2.2,24.75385679326826,0.0,7,16.0,13.0
1,71,7,2.2,13.717559118690263,0.0,7,16.0,13.0
1,71,8,1.4,26.188236914336564,0.0,7,16.0,13.0
1,71,9,1.6,19.052640098444403,0.0,7,16.0,13.0
1,71,10,1.6,16.500675134980103,0.0,7,16.0,13.0
1,71,11,2.8,9.952201371173224,0.0,7,16.0,13.0
1,71,12,1.4,24.698947623133893,0.0,7,16.0,13.0
1,71,13,2.2,17.967427407846767,0.0,7,16.0,13.0
1,71,14,2.0,14.617221027026133,0.0,7,16.0,13.0
1,71,15,2.4,16.65265932048886,0.0,7,16.0,13.0
1,71,16,2.4,20.44038225813848,0.0,7,16.0,13.0
1,71,17,2.0,18.67790310752347,0.0,7,16.0,13.0
1,71,18,1.4,25.7952633692849,0.0,7,16.0,13.0
1,71,19,1.6,30.118977878428645,0.0,7,16.0,13.0
1,71,20,2.0,14.203907828581892,0.0,7,16.0,13.0
1,71,21,1.6,35.158595368116785,0.0,7,16.0,13.0
1,71,22,2.6,11.852854599371941,0.0,7,16.0,13.0
1,71,23,2.4,13.110971333208044,0.0,7,16.0,13.0
1,71,24,2.6,10.69349082806359,0.125,7,16.0,13.0
1,71,25,1.4,29.860374935419113,0.0,7,16.0,13.0
1,71,26,2.4,9.524460338248433,0.0,7,16.0,13.0
1,71,27,1.8,22.094496680570803,0.0,7,16.0,13.0
1,71,28,2.2,11.869943517194622,0.0,7,16.0,13.0
1,71,29,2.4,11.958786215083462,0.0,7,16.0,13.0
1,71,30,2.0,12.829616785708037,0.0,5,16.0,13.0
2,71,1,2.0,21.94488133141839,0.0,7,16.0,13.0
2,71,2,2.2,15.758811516110034,0.0,7,16.0,13.0
2,71,3,2.4,13.903942795323408,0.0,7,16.0,13.0
2,71,4,2.2,15.87913132414652,0.0,7,16.0,13.0
2,71,5,2.6,11.714092293120958,0.0,7,16.0,13.0
2,71,6,1.6,16.44950232955295,0.0,7,16.0,13.0
2,71,7,2.4,11.987192752930993,0.0,7,16.0,13.0
2,71,8,2.4,10.670175779892007,0.0,7,16.0,13.0
2,71,9,1.8,22.094787055571437,0.0,7,16.0,13.0
2,71,10,2.2,15.314729167524156,0.0,7,16.0,13.0
2,71,11,2.6,11.610742821001972,0.0,7,16.0,13.0
2,71,12,2.0,16.103765180365123,0.0,7,16.0,13.0
2,71,13,2.0,21.458009561431577,0.0,7,16.0,13.0
2,71,14,2.2,10.286552686425518,0.0,7,16.0,13.0
2,71,15,2.0,20.873126059272362,0.0,7,16.0,13.0
2,71,16,1.8,17.676861565418704,0.0,7,16.0,13.0
2,71,17,2.0,14.987559616158697,0.0,7,16.0,13.0
2,71,18,2.2,13.084916706182963,0.0,7,16.0,13.0
2,71,19,2.0,14.881367191098672,0.0,7,16.0,13.0
2,71,20,2.0,13.420912789021973,0.0,7,16.0,13.0
2,71,21,3.0,11.38676504353995,0.125,7,16.0,13.0
2,71,22,2.0,15.672113578727126,0.0,7,16.0,13.0
2,71,23,2.6,10.326903800521077,0.0,7,16.0,13.0
2,71,24,2.2,16.699657841210644,0.0,7,16.0,13.0
2,71,25,2.0,19.48305292362654,0.0,7,16.0,13.0
2,71,26,2.0,14.296368663089078,0.0,7,16.0,13.0
2,71,27,2.2,9.494039078106246,0.0,7,16.0,13.0
2,71,28,2.4,11.550741997150833,0.0,7,16.0,13.0
3,71,1,2.0,13.520612730909304,0.0,7,16.0,13.0
3,71,2,2.6,12.457721610576767,0.0,7,16.0,13.0
3,71,3,2.6,10.82227535786517,0.0,7,16.0,13.0
3,71,4,2.0,19.15511297904093,0.0,7,16.0,13.0
3,71,5,2.0,12.78333869066621,0.0,7,16.0,13.0
3,71,6,1.8,15.24235575385215,0.0,7,16.0,13.0
3,71,7,2.6,10.009755792160256,0.0,7,16.0,13.0
3,71,8,2.6,8.829406110089757,0.0,7,16.0,13.0
3,71,9,2.0,19.356610400159084,0.0,7,16.0,13.0
3,71,10,2.0,17.945915253757576,0.0,7,16.0,13.0
3,71,11,2.4,14.598443955359933,0.0,7,16.0,13.0
3,71,12,2.4,12.468958043173183,0.0,7,16.0,13.0
3,71,13,2.0,15.379498902962844,0.0,7,16.0,13.0
3,71,14,1.6,27.946879869667846,0.0,7,16.0,13.0
3,71,15,2.4,11.83337643079692,0.125,7,16.0,13.0
3,71,16,2.2,11.86485526202165,0.0,7,16.0,13.0
3,71,17,2.2,14.788477099660197,0.0,7,16.0,13.0
3,71,18,2.0,11.991852366582581,0.0,7,16.0,13.0
3,71,19,2.2,13.335428799479295,0.0,7,16.0,13.0
3,71,20,1.6,41.60431354035984,0.0,7,16.0,13.0
3,71,21,2.6,11.651878562611426,0.125,7,16.0,13.0
3,71,22,2.0,17.221613895165174,0.0,7,16.0,13.0
3,71,23,2.0,14.70230690175603,0.0,7,16.0,13.0
3,71,24,1.6,27.91572997293129,0.0,7,16.0,13.0
3,71,25,2.0,15.10259657877535,0.0,7,16.0,13.0
3,71,26,2.2,14.218670121143946,0.0,7,16.0,13.0
3,71,27,2.6,9.487617581423224,0.0,7,16.0,13.0
3,71,28,1.6,18.130614597038065,0.0,7,16.0,13.0
3,71,29,2.2,12.49386467721794,0.0,7,16.0,13.0
1,72,1,2.8,14.045117966578566,0.0,7,16.0,13.0
1,72,2,2.8,15.113365747974019,0.0,7,16.0,13.0
1,72,3,2.8,12.919837408413155,0.0,7,16.0,13.0
1,72,4,2.0,13.759621986062452,0.0,7,16.0,13.0
1,72,5,2.6,10.283026248317338,0.0,7,16.0,13.0
1,72,6,1.8,21.35615951390911,0.0,7,16.0,13.0
1,72,7,2.0,15.85253471967757,0.0,7,16.0,13.0
1,72,8,1.6,21.77116563255869,0.0,7,16.0,13.0
1,72,9,1.4,16.804406987322185,0.0,7,16.0,13.0
1,72,10,2.2,15.327740555132127,0.125,7,16.0,13.0
1,72,11,1.8,17.935679326314116,0.0,7,16.0,13.0
1,72,12,1.8,17.338599959425878,0.0,7,16.0,13.0
1,72,13,1.8,32.8253258761162,0.0,7,16.0,13.0
1,72,14,2.4,13.35961502860345,0.0,7,16.0,13.0
1,72,15,2.4,16.791870078870208,0.0,7,16.0,13.0
1,72,16,2.0,20.450437073838618,0.0,7,16.0,13.0
1,72,17,2.0,16.599803808464433,0.0,7,16.0,13.0
1,72,18,1.6,16.788323183997917,0.0,7,16.0,13.0
1,72,19,1.6,48.98657973606204,0.0,7,16.0,13.0
1,72,20,1.8,18.57328150074748,0.0,7,16.0,13.0
1,72,21,1.8,24.237635830305504,0.0,7,16.0,13.0
1,72,22,2.0,16.299009747970345,0.0,7,16.0,13.0
1,72,23,2.0,13.892622478720648,0.0,7,16.0,13.0
1,72,24,2.6,11.933662276909372,0.0,7,16.0,13.0
1,72,25,2.8,9.23618272392359,0.125,7,16.0,13.0
1,72,26,2.2,12.393375112984792,0.0,7,16.0,13.0
1,72,27,2.2,21.19561228820906,0.0,7,16.0,13.0
1,72,28,2.2,12.928138844156154,0.0,7,16.0,13.0
1,72,29,2.4,12.57316476411329,0.125,7,16.0,13.0
1,72,30,2.0,14.86501031412782,0.0,4,16.0,13.0
2,72,1,2.4,17.86150560101448,0.0,7,16.0,13.0
2,72,2,2.2,12.430665402865877,0.0,7,16.0,13.0
2,72,3,2.0,19.0974993277967,0.0,7,16.0,13.0
2,72,4,2.2,15.283913971386612,0.0,7,16.0,13.0
2,72,5,2.6,11.219842781525514,0.0,7,16.0,13.0
2,72,6,2.2,11.961738690711258,0.0,7,16.0,13.0
2,72,7,2.2,14.462637811855998,0.0,7,16.0,13.0
2,72,8,2.2,11.728242565094732,0.0,7,16.0,13.0
2,72,9,2.6,14.388774922867782,0.125,7,16.0,13.0
2,72,10,2.0,12.731165283865588,0.0,7,16.0,13.0
2,72,11,2.0,14.82286748345349,0.0,7,16.0,13.0
2,72,12,2.6,12.074801735529897,0.0,7,16.0,13.0
2,72,13,2.8,9.909246929722377,0.125,7,16.0,13.0
2,72,14,2.2,11.71000445327549,0.0,7,16.0,13.0
2,72,15,2.4,14.328296210665643,0.0,7,16.0,13.0
2,72,16,2.2,15.558768070467515,0.0,7,16.0,13.0
2,72,17,2.4,13.917539533436758,0.0,7,16.0,13.0
2,72,18,2.2,13.052923188882895,0.0,7,16.0,13.0
2,72,19,1.8,13.345023390263023,0.0,7,16.0,13.0
2,72,20,2.2,22.268198052618786,0.125,7,16.0,13.0
2,72,21,2.4,12.428146778682356,0.0,7,16.0,13.0
2,72,22,2.0,15.399487208748244,0.0,7,16.0,13.0
2,72,23,2.0,18.3899650451564,0.0,7,16.0,13.0
2,72,24,2.2,18.90181773227238,0.125,7,16.0,13.0
2,72,25,2.6,9.743789791051396,0.125,7,16.0,13.0
2,72,26,2.2,10.415391638297585,0.0,7,16.0,13.0
2,72,27,2.0,13.357783373364192,0.125,7,16.0,13.0
2,72,28,1.5,25.588721097634416,0.0,4,16.0,13.0
3,72,1,2.4,11.008655342791581,0.0,7,16.0,13.0
3,72,2,2.4,13.294556689120062,0.0,7,16.0,13.0
3,72,3,2.2,11.939881766961916,0.0,7,16.0,13.0
3,72,4,2.0,31.47616662646079,0.0,7,16.0,13.0
3,72,5,1.4,21.76197963869234,0.0,7,16.0,13.0
3,72,6,2.0,13.17686805351564,0.0,7,16.0,13.0
3,72,7,2.2,12.191516198677899,0.0,7,16.0,13.0
3,72,8,2.4,11.018084014057871,0.0,7,16.0,13.0
3,72,9,1.8,15.097026274798983,0.0,7,16.0,13.0
3,72,10,2.6,15.72080713304503,0.125,7,16.0,13.0
3,72,11,2.2,11.619086844590303,0.0,7,16.0,13.0
3,72,12,2.4,14.825546080601455,0.0,7,16.0,13.0
3,72,13,2.2,12.92409051274813,0.0,7,16.0,13.0
3,72,14,2.0,17.51302883056223,0.0,7,16.0,13.0
3,72,15,2.6,11.168785852575969,0.125,7,16.0,13.0
3,72,16,2.0,15.417903553133755,0.0,7,16.0,13.0
3,72,17,2.4,12.90413860436387,0.0,7,16.0,13.0
3,72,18,1.8,15.758848883203143,0.0,7,16.0,13.0
3,72,19,2.4,12.131972987675995,0.0,7,16.0,13.0
3,72,20,1.8,29.22153258074729,0.0,7,16.0,13.0
3,72,21,2.8,10.422131812833562,0.125,7,16.0,13.0
3,72,22,1.8,25.04484170835636,0.0,7,16.0,13.0
3,72,23,2.2,11.849616141535147,0.0,7,16.0,13.0
3,72,24,2.0,17.772461197471053,0.0,7,16.0,13.0
3,72,25,2.2,13.651163343536211,0.0,7,16.0,13.0
3,72,26,2.4,12.242516205772281,0.0,7,16.0,13.0
3,72,27,2.2,10.008892638323843,0.0,7,16.0,13.0
3,72,28,2.0,15.365302322587993,0.0,7,16.0,13.0
3,72,29,2.0,15.211451817063264,0.0,7,16.0,13.0
1,73,1,2.8,14.311978240471104,0.0,7,16.0,13.0
1,73,2,2.8,12.431931590423856,0.0,7,16.0,13.0
1,73,3,2.6,15.3594226037766,0.0,7,16.0,13.0
1,73,4,1.8,18.50298925914802,0.0,7,16.0,13.0
1,73,5,2.0,13.581160972174565,0.0,7,16.0,13.0
1,73,6,2.2,17.310960795835534,0.0,7,16.0,13.0
1,73,7,2.4,11.480385601729424,0.0,7,16.0,13.0
1,73,8,1.6,20.492073866630992,0.0,7,16.0,13.0
1,73,9,1.8,14.738914068001794,0.0,7,16.0,13.0
1,73,10,2.6,12.830408320370513,0.125,7,16.0,13.0
1,73,11,1.6,14.331997844959204,0.0,7,16.0,13.0
1,73,12,1.4,36.30593686336441,0.0,7,16.0,13.0
1,73,13,2.2,16.492213544456344,0.125,7,16.0,13.0
1,73,14,1.8,17.339581791203837,0.0,7,16.0,13.0
1,73,15,2.2,16.86330422390038,0.0,7,16.0,13.0
1,73,16,2.4,16.073249376458413,0.0,7,16.0,13.0
1,73,17,2.0,17.365172921693926,0.0,7,16.0,13.0
1,73,18,2.0,17.220461878355223,0.0,7,16.0,13.0
1,73,19,1.8,30.549737968312918,0.0,7,16.0,13.0
1,73,20,2.0,13.410970222624739,0.0,7,16.0,13.0
1,73,21,1.6,24.609941297915796,0.0,7,16.0,13.0
1,73,22,2.2,13.270111667727505,0.0,7,16.0,13.0
1,73,23,2.0,21.09889427618502,0.0,7,16.0,13.0
1,73,24,2.0,15.437605611006681,0.0,7,16.0,13.0
1,73,25,2.4,13.51154600964975,0.0,7,16.0,13.0
1,73,26,2.2,12.985428184476936,0.0,7,16.0,13.0
1,73,27,2.2,19.858104135392743,0.0,7,16.0,13.0
1,73,28,2.4,10.083761638155208,0.0,7,16.0,13.0
1,73,29,2.2,13.923586976787965,0.0,7,16.0,13.0
1,73,30,2.25,13.398957542120197,0.0,4,16.0,13.0
2,73,1,2.4,18.234263916482362,0.0,7,16.0,13.0
2,73,2,2.2,12.4559814169315,0.0,7,16.0,13.0
2,73,3,3.0,13.57974954492447,0.125,7,16.0,13.0
2,73,4,2.0,14.647384962681487,0.0,7,16.0,13.0
2,73,5,2.2,11.289728996853473,0.0,7,16.0,13.0
2,73,6,2.4,10.475694954594825,0.0,7,16.0,13.0
2,73,7,2.0,18.327429800301854,0.0,7,16.0,13.0
2,73,8,2.0,13.296944982677147,0.0,7,16.0,13.0
2,73,9,2.8,12.95244080538859,0.125,7,16.0,13.0
2,73,10,2.2,10.79223863918554,0.0,7,16.0,13.0
2,73,11,1.8,15.86496013804706,0.0,7,16.0,13.0
2,73,12,2.6,13.668095740631433,0.0,7,16.0,13.0
2,73,13,2.4,12.184980539046505,0.0,7,16.0,13.0
2,73,14,2.2,13.258477099941624,0.0,7,16.0,13.0
2,73,15,1.8,21.35578089963087,0.0,7,16.0,13.0
2,73,16,2.2,16.418991442787753,0.0,7,16.0,13.0
2,73,17,2.6,11.053975600360431,0.0,7,16.0,13.0
2,73,18,2.2,13.861566142599576,0.0,7,16.0,13.0
2,73,19,1.8,14.200316850186287,0.0,7,16.0,13.0
2,73,20,3.2,9.781635128070972,0.125,7,16.0,13.0
2,73,21,2.4,14.585010708242008,0.0,7,16.0,13.0
2,73,22,1.8,15.93222169665635,0.0,7,16.0,13.0
2,73,23,1.8,21.793758225984725,0.0,7,16.0,13.0
2,73,24,2.0,20.937050721839793,0.0,7,16.0,13.0
2,73,25,2.2,11.265641352489256,0.0,7,16.0,13.0
2,73,26,2.4,8.818931068198314,0.0,7,16.0,13.0
2,73,27,2.2,13.610707190264216,0.0,7,16.0,13.0
2,73,28,1.5,30.16339092045902,0.0,4,16.0,13.0
3,73,1,2.6,9.698520230787427,0.0,7,16.0,13.0
3,73,2,2.2,15.483980404754137,0.0,7,16.0,13.0
3,73,3,2.0,12.005817757948527,0.0,7,16.0,13.0
3,73,4,2.4,14.435335552906729,0.0,7,16.0,13.0
3,73,5,2.2,12.14399489143598,0.0,7,16.0,13.0
3,73,6,1.8,14.877198163129005,0.0,7,16.0,13.0
3,73,7,2.0,11.989690169218372,0.0,7,16.0,13.0
3,73,8,1.4,23.030823225884706,0.0,7,16.0,13.0
3,73,9,2.2,10.842165839380725,0.0,7,16.0,13.0
3,73,10,2.2,19.342108682752944,0.0,7,16.0,13.0
3,73,11,2.0,13.036341538843985,0.0,7,16.0,13.0
3,73,12,2.8,14.767392891093335,0.0,7,16.0,13.0
3,73,13,2.2,11.913513251276257,0.0,7,16.0,13.0
3,73,14,2.2,12.648886038950966,0.0,7,16.0,13.0
3,73,15,2.4,10.15728000446234,0.0,7,16.0,13.0
3,73,16,2.0,19.604981662748507,0.0,7,16.0,13.0
3,73,17,2.6,11.98876314555098,0.0,7,16.0,13.0
3,73,18,2.6,9.037504355189794,0.0,7,16.0,13.0
3,73,19,1.8,24.004967207237932,0.0,7,16.0,13.0
3,73,20,2.0,21.78034798803519,0.0,7,16.0,13.0
3,73,21,2.6,10.781350744912858,0.0,7,16.0,13.0
3,73,22,2.2,15.574114476582873,0.0,7,16.0,13.0
3,73,23,2.2,14.020779795462575,0.0,7,16.0,13.0
3,73,24,1.8,17.377958272832828,0.0,7,16.0,13.0
3,73,25,2.6,12.949907490058436,0.0,7,16.0,13.0
3,73,26,2.6,9.997909503730705,0.0,7,16.0,13.0
3,73,27,1.8,19.444017892024142,0.0,7,16.0,13.0
3,73,28,2.4,13.841576626839709,0.0,7,16.0,13.0
1,74,1,2.8,16.877367208553448,0.0,7,16.0,13.0
1,74,2,2.8,18.614837104337767,0.0,7,16.0,13.0
1,74,3,2.6,13.716270824939484,0.0,7,16.0,13.0
1,74,4,2.0,19.24001061946839,0.0,7,16.0,13.0
1,74,5,2.6,9.473378118795814,0.0,7,16.0,13.0
1,74,6,2.2,18.207950018884198,0.0,7,16.0,13.0
1,74,7,2.4,12.426694227939954,0.0,7,16.0,13.0
1,74,8,1.8,15.535335133115067,0.0,7,16.0,13.0
1,74,9,2.0,14.883112277771446,0.0,7,16.0,13.0
1,74,10,1.8,26.225788943025286,0.0,7,16.0,13.0
1,74,11,1.8,19.42848158225202,0.0,7,16.0,13.0
1,74,12,2.0,19.051414680394853,0.0,7,16.0,13.0
1,74,13,2.2,14.021336894091833,0.0,7,16.0,13.0
1,74,14,1.8,28.92664773935403,0.0,7,16.0,13.0
1,74,15,2.6,15.576423576575191,0.0,7,16.0,13.0
1,74,16,2.0,21.334706089919383,0.0,7,16.0,13.0
1,74,17,1.8,16.62067128404941,0.0,7,16.0,13.0
1,74,18,2.0,18.916429191519352,0.0,7,16.0,13.0
1,74,19,2.2,14.689986371934598,0.0,7,16.0,13.0
1,74,20,2.0,17.782711631685984,0.0,7,16.0,13.0
1,74,21,2.0,14.449274108471522,0.0,7,16.0,13.0
1,74,22,2.4,15.618840999306864,0.0,7,16.0,13.0
1,74,23,2.0,14.438880198147565,0.0,7,16.0,13.0
1,74,24,2.4,12.4507023752556,0.0,7,16.0,13.0
1,74,25,2.0,18.071642415521552,0.0,7,16.0,13.0
1,74,26,1.8,20.493893922666828,0.0,7,16.0,13.0
1,74,27,2.0,17.72474337631142,0.0,7,16.0,13.0
1,74,28,1.8,20.157443514411657,0.0,7,16.0,13.0
1,74,29,2.6,11.638905902028691,0.125,7,16.0,13.0
2,74,1,2.2,15.645452501457063,0.0,7,16.0,13.0
2,74,2,2.0,14.462627524738377,0.0,7,16.0,13.0
2,74,3,2.0,18.110377763257304,0.0,7,16.0,13.0
2,74,4,3.2,8.255630424146252,0.125,7,16.0,13.0
2,74,5,1.8,20.409109932893138,0.0,7,16.0,13.0
2,74,6,2.2,12.615181889404571,0.0,7,16.0,13.0
2,74,7,2.2,13.796975131750253,0.0,7,16.0,13.0
2,74,8,1.6,15.689128267418361,0.0,7,16.0,13.0
2,74,9,2.4,12.767696801978555,0.0,7,16.0,13.0
2,74,10,2.0,18.925194510703026,0.0,7,16.0,13.0
2,74,11,2.4,14.541973207292122,0.0,7,16.0,13.0
2,74,12,2.4,13.262378550190283,0.0,7,16.0,13.0
2,74,13,2.2,16.573776965368527,0.0,7,16.0,13.0
2,74,14,2.2,11.607892843312667,0.0,7,16.0,13.0
2,74,15,2.4,15.75766456724354,0.0,7,16.0,13.0
2,74,16,2.4,12.520911112219613,0.0,7,16.0,13.0
2,74,17,2.0,15.24346313571447,0.0,7,16.0,13.0
2,74,18,1.6,18.96548932675114,0.0,7,16.0,13.0
2,74,19,2.0,13.151578335651765,0.0,7,16.0,13.0
2,74,20,2.0,12.799996197837913,0.0,7,16.0,13.0
2,74,21,2.4,15.220679109494359,0.0,7,16.0,13.0
2,74,22,2.6,11.84983423050755,0.0,7,16.0,13.0
2,74,23,1.8,17.53808556765433,0.0,7,16.0,13.0
2,74,24,2.4,13.128123843640875,0.0,7,16.0,13.0
2,74,25,2.6,11.870142864895012,0.125,7,16.0,13.0
2,74,26,2.0,13.940046356889248,0.0,7,16.0,13.0
2,74,27,2.0,12.285423213499634,0.0,7,16.0,13.0
2,74,28,2.4,10.334491354342786,0.0,7,16.0,13.0
3,74,1,2.0,13.343624480814281,0.0,7,16.0,13.0
3,74,2,2.2,13.146466507048075,0.0,7,16.0,13.0
3,74,3,2.2,13.865455995855672,0.0,7,16.0,13.0
3,74,4,2.6,12.623997909900059,0.0,7,16.0,13.0
3,74,5,2.2,11.059629877352231,0.0,7,16.0,13.0
3,74,6,2.4,12.318116281349372,0.0,7,16.0,13.0
3,74,7,2.0,10.567632516952598,0.0,7,16.0,13.0
3,74,8,2.2,10.19937394914975,0.0,7,16.0,13.0
3,74,9,2.2,14.252083834962345,0.0,7,16.0,13.0
3,74,10,2.4,12.302593126760804,0.0,7,16.0,13.0
3,74,11,2.0,15.691427881297258,0.0,7,16.0,13.0
3,74,12,2.6,13.405722193355844,0.0,7,16.0,13.0
3,74,13,2.2,13.737445975354168,0.0,7,16.0,13.0
3,74,14,2.4,13.285614392955125,0.0,7,16.0,13.0
3,74,15,2.4,14.851017637142988,0.125,7,16.0,13.0
3,74,16,2.0,12.209109728174738,0.0,7,16.0,13.0
3,74,17,2.6,12.49877725031064,0.0,7,16.0,13.0
3,74,18,2.2,15.418200018194675,0.0,7,16.0,13.0
3,74,19,1.8,28.77807155540442,0.0,7,16.0,13.0
3,74,20,3.0,10.167647289573802,0.125,7,16.0,13.0
3,74,21,2.2,18.60554580090332,0.0,7,16.0,13.0
3,74,22,2.0,15.027420727954736,0.0,7,16.0,13.0
3,74,23,1.8,27.362059266480593,0.0,7,16.0,13.0
3,74,24,1.6,19.8126820368123,0.0,7,16.0,13.0
3,74,25,2.4,12.93081157418071,0.0,7,16.0,13.0
3,74,26,2.0,12.539675419309965,0.0,7,16.0,13.0
3,74,27,2.4,11.486666024257934,0.0,7,16.0,13.0
3,74,28,2.2,12.765143217174913,0.0,7,16.0,13.0
1,75,1,2.8,14.483977426968305,0.0,7,16.0,13.0
1,75,2,2.8,15.037935024332912,0.0,7,16.0,13.0
1,75,3,2.6,16.449533567739458,0.0,7,16.0,13.0
1,75,4,2.0,19.874569489764962,0.0,7,16.0,13.0
1,75,5,2.4,10.62530698461723,0.0,7,16.0,13.0
1,75,6,2.2,24.50845073347565,0.0,7,16.0,13.0
1,75,7,2.0,13.722643651279189,0.0,7,16.0,13.0
1,75,8,2.2,13.815284952302523,0.0,7,16.0,13.0
1,75,9,2.0,12.875277566492569,0.0,7,16.0,13.0
1,75,10,1.8,24.518897831201414,0.0,7,16.0,13.0
1,75,11,2.0,12.435758660673104,0.0,7,16.0,13.0
1,75,12,2.2,15.91952595582126,0.0,7,16.0,13.0
1,75,13,1.6,26.379103354895193,0.0,7,16.0,13.0
1,75,14,2.0,17.41090866997595,0.0,7,16.0,13.0
1,75,15,2.4,17.021771291062617,0.0,7,16.0,13.0
1,75,16,2.0,22.09496389753673,0.0,7,16.0,13.0
1,75,17,2.0,18.500118444499638,0.0,7,16.0,13.0
1,75,18,2.0,17.75159294375714,0.0,7,16.0,13.0
1,75,19,2.2,15.214441666897624,0.0,7,16.0,13.0
1,75,20,2.0,18.278132684763815,0.0,7,16.0,13.0
1,75,21,2.0,14.724786262680498,0.0,7,16.0,13.0
1,75,22,2.2,14.765595670947567,0.0,7,16.0,13.0
1,75,23,1.8,13.321739079551843,0.0,7,16.0,13.0
1,75,24,1.8,15.764657461820109,0.0,7,16.0,13.0
1,75,25,2.4,11.587839264699461,0.0,7,16.0,13.0
1,75,26,2.8,11.159566954598116,0.125,7,16.0,13.0
1,75,27,1.6,15.157981433915753,0.0,7,16.0,13.0
1,75,28,2.2,12.936385737984295,0.0,7,16.0,13.0
1,75,29,2.4,12.023679724760465,0.0,7,16.0,13.0
2,75,1,2.8,12.398420189033857,0.0,7,16.0,13.0
2,75,2,2.2,13.186553434895371,0.0,7,16.0,13.0
2,75,3,2.8,16.1118194690963,0.125,7,16.0,13.0
2,75,4,2.0,15.248247530840544,0.0,7,16.0,13.0
2,75,5,2.6,9.725063966453401,0.0,7,16.0,13.0
2,75,6,2.8,8.551017996776368,0.0,7,16.0,13.0
2,75,7,2.2,13.481292610788616,0.0,7,16.0,13.0
2,75,8,2.0,20.43000776751451,0.0,7,16.0,13.0
2,75,9,2.6,10.517505986131319,0.0,7,16.0,13.0
2,75,10,2.0,18.921117819679974,0.0,7,16.0,13.0
2,75,11,2.2,16.36061416679851,0.0,7,16.0,13.0
2,75,12,2.2,16.122267429783804,0.0,7,16.0,13.0
2,75,13,2.4,11.224505846245776,0.125,7,16.0,13.0
2,75,14,2.4,15.517783599080783,0.0,7,16.0,13.0
2,75,15,2.4,13.253487415932375,0.0,7,16.0,13.0
2,75,16,2.2,12.432978124754989,0.0,7,16.0,13.0
2,75,17,2.0,18.618230639554852,0.0,7,16.0,13.0
2,75,18,2.2,11.38583543388143,0.0,7,16.0,13.0
2,75,19,2.4,11.73011657838789,0.0,7,16.0,13.0
2,75,20,2.6,12.097113818882455,0.0,7,16.0,13.0
2,75,21,2.4,12.354209236430114,0.0,7,16.0,13.0
2,75,22,1.8,15.423480908377714,0.0,7,16.0,13.0
2,75,23,2.4,13.359307193874002,0.0,7,16.0,13.0
2,75,24,2.0,13.794997746007047,0.0,7,16.0,13.0
2,75,25,2.2,10.176816219444815,0.0,7,16.0,13.0
2,75,26,3.2,7.296358606833497,0.125,7,16.0,13.0
3,75,1,2.4,10.871677016081058,0.0,7,16.0,13.0
3,75,2,2.4,13.62022371373931,0.0,7,16.0,13.0
3,75,3,2.6,10.591116463335329,0.0,7,16.0,13.0
3,75,4,2.2,13.72545795036723,0.0,7,16.0,13.0
3,75,5,2.4,9.847432761034542,0.0,7,16.0,13.0
3,75,6,2.2,13.281055372351052,0.0,7,16.0,13.0
3,75,7,1.8,13.822463251040523,0.0,7,16.0,13.0
3,75,8,2.4,9.979353602110008,0.0,7,16.0,13.0
3,75,9,2.8,14.906171587487453,0.125,7,16.0,13.0
3,75,10,2.0,13.516557115214976,0.0,7,16.0,13.0
3,75,11,2.4,15.244842967706434,0.0,7,16.0,13.0
3,75,12,1.8,19.173251824809338,0.0,7,16.0,13.0
3,75,13,1.8,18.204020588746918,0.0,7,16.0,13.0
3,75,14,1.8,21.24347777088855,0.0,7,16.0,13.0
3,75,15,2.4,14.21419014623107,0.125,7,16.0,13.0
3,75,16,2.2,11.87397305461372,0.0,7,16.0,13.0
3,75,17,2.6,13.230512916261125,0.0,7,16.0,13.0
3,75,18,2.4,12.095370298925516,0.0,7,16.0,13.0
3,75,19,2.0,23.125469953927052,0.0,7,16.0,13.0
3,75,20,2.4,10.611918434238062,0.0,7,16.0,13.0
3,75,21,1.8,25.617758130802624,0.0,7,16.0,13.0
3,75,22,2.0,15.150685659731579,0.0,7,16.0,13.0
3,75,23,2.2,13.89853084712799,0.0,7,16.0,13.0
3,75,24,1.6,20.317181176906733,0.0,7,16.0,13.0
3,75,25,2.2,15.99801982509723,0.0,7,16.0,13.0
3,75,26,2.4,10.08966371645713,0.0,7,16.0,13.0
3,75,27,1.6,24.283145246204725,0.0,7,16.0,13.0
3,75,28,2.2,13.072318956570635,0.0,7,16.0,13.0
3,75,29,1.6,22.058856650808785,0.0,7,16.0,13.0
1,76,1,2.8,13.788027250900402,0.0,7,16.0,13.0
1,76,2,2.8,13.459314043939415,0.0,7,16.0,13.0
1,76,3,2.6,14.201134019502724,0.0,7,16.0,13.0
1,76,4,1.8,21.546259314324498,0.0,7,16.0,13.0
1,76,5,2.4,8.347012103105977,0.0,7,16.0,13.0
1,76,6,2.2,22.282479583325483,0.0,7,16.0,13.0
1,76,7,2.4,9.750566783181874,0.0,7,16.0,13.0
1,76,8,1.4,22.907061293932756,0.0,7,16.0,13.0
1,76,9,2.0,13.316586963738493,0.0,7,16.0,13.0
1,76,10,2.2,15.639275823155755,0.0,7,16.0,13.0
1,76,11,2.0,14.503346082934488,0.0,7,16.0,13.0
1,76,12,2.0,14.843823862556926,0.0,7,16.0,13.0
1,76,13,2.0,17.0974385855945,0.0,7,16.0,13.0
1,76,14,2.2,14.718093513785615,0.0,7,16.0,13.0
1,76,15,2.2,16.61457004206381,0.0,7,16.0,13.0
1,76,16,2.0,23.20084739670846,0.0,7,16.0,13.0
1,76,17,2.0,18.002698150275286,0.0,7,16.0,13.0
1,76,18,1.4,24.778871693456967,0.0,7,16.0,13.0
1,76,19,2.0,16.880659802470987,0.0,7,16.0,13.0
1,76,20,2.4,13.90083929578665,0.0,7,16.0,13.0
1,76,21,2.0,19.974014311526275,0.0,7,16.0,13.0
1,76,22,1.6,20.32056532008398,0.0,7,16.0,13.0
1,76,23,1.8,22.971235115583895,0.0,7,16.0,13.0
1,76,24,2.8,9.751943936424636,0.125,7,16.0,13.0
1,76,25,2.0,16.13828436102559,0.0,7,16.0,13.0
1,76,26,2.4,11.209349263156536,0.125,7,16.0,13.0
1,76,27,2.2,15.202265283933459,0.0,7,16.0,13.0
1,76,28,2.2,13.231268706684949,0.0,7,16.0,13.0
1,76,29,3.0,10.121457706551984,0.125,7,16.0,13.0
2,76,1,2.0,21.944881331418205,0.0,7,16.0,13.0
2,76,2,1.8,20.76675245036163,0.0,7,16.0,13.0
2,76,3,2.4,14.017944032380802,0.0,7,16.0,13.0
2,76,4,3.4,8.508141773936723,0.125,7,16.0,13.0
2,76,5,2.2,12.828990296243626,0.0,7,16.0,13.0
2,76,6,2.2,13.873702432338549,0.0,7,16.0,13.0
2,76,7,1.8,19.97347414089236,0.0,7,16.0,13.0
2,76,8,1.8,13.844808249707224,0.0,7,16.0,13.0
2,76,9,2.4,12.416909100858549,0.0,7,16.0,13.0
2,76,10,2.4,13.283591236748684,0.0,7,16.0,13.0
2,76,11,2.4,14.287025727306517,0.0,7,16.0,13.0
2,76,12,1.8,18.94960995885549,0.0,7,16.0,13.0
2,76,13,2.4,11.023852276217514,0.0,7,16.0,13.0
2,76,14,2.4,10.517481900342531,0.0,7,16.0,13.0
2,76,15,2.2,17.80088812515815,0.0,7,16.0,13.0
2,76,16,2.4,12.92866367594461,0.0,7,16.0,13.0
2,76,17,2.2,14.955003097595576,0.0,7,16.0,13.0
2,76,18,2.0,12.769164602020314,0.0,7,16.0,13.0
2,76,19,2.2,12.098079502820028,0.0,7,16.0,13.0
2,76,20,2.4,14.650632356098537,0.125,7,16.0,13.0
2,76,21,2.2,17.260291924733913,0.0,7,16.0,13.0
2,76,22,1.8,21.10365006613028,0.0,7,16.0,13.0
2,76,23,1.8,14.701580774047295,0.0,7,16.0,13.0
2,76,24,2.6,14.172239259182234,0.0,7,16.0,13.0
2,76,25,2.2,10.73979368271765,0.0,7,16.0,13.0
2,76,26,2.6,8.466296684185187,0.0,7,16.0,13.0
2,76,27,2.2,13.040812471840468,0.0,7,16.0,13.0
2,76,28,1.8,21.103812560015204,0.0,6,16.0,13.0
3,76,1,2.0,14.345124870904117,0.0,7,16.0,13.0
3,76,2,2.0,12.341040728900799,0.0,7,16.0,13.0
3,76,3,2.0,16.64698076993018,0.0,7,16.0,13.0
3,76,4,1.6,28.888820147889277,0.0,7,16.0,13.0
3,76,5,2.2,15.158631867596608,0.0,7,16.0,13.0
3,76,6,2.4,10.220897644574727,0.0,7,16.0,13.0
3,76,7,1.8,17.44826497340699,0.0,7,16.0,13.0
3,76,8,1.8,13.832022949342548,0.0,7,16.0,13.0
3,76,9,2.4,10.590117847678616,0.0,7,16.0,13.0
3,76,10,2.8,13.200859671896074,0.125,7,16.0,13.0
3,76,11,1.6,19.551126146528425,0.0,7,16.0,13.0
3,76,12,1.8,16.402715941504727,0.0,7,16.0,13.0
3,76,13,2.4,14.543002745939008,0.0,7,16.0,13.0
3,76,14,2.0,14.497164753109246,0.0,7,16.0,13.0
3,76,15,2.0,19.503947220117997,0.0,7,16.0,13.0
3,76,16,2.2,12.996660106068779,0.0,7,16.0,13.0
3,76,17,2.4,11.578142987899636,0.0,7,16.0,13.0
3,76,18,2.8,10.880160814414864,0.125,7,16.0,13.0
3,76,19,2.0,12.614509916327677,0.0,7,16.0,13.0
3,76,20,2.0,23.873367666590585,0.0,7,16.0,13.0
3,76,21,2.4,14.908842206624184,0.125,7,16.0,13.0
3,76,22,2.0,22.488441525055073,0.0,7,16.0,13.0
3,76,23,2.2,15.226735481523285,0.0,7,16.0,13.0
3,76,24,2.4,12.632599743205988,0.125,7,16.0,13.0
3,76,25,2.4,12.465229783345924,0.0,7,16.0,13.0
3,76,26,1.8,15.20179787574177,0.0,7,16.0,13.0
3,76,27,2.4,10.523915741085323,0.125,7,16.0,13.0
3,76,28,2.0,12.601123736719579,0.0,7,16.0,13.0
3,76,29,2.0,14.151847013682792,0.0,7,16.0,13.0
3,76,30,1.5,16.543080836372614,0.0,4,16.0,13.0
1,77,1,2.8,13.883325688740278,0.0,7,16.0,13.0
1,77,2,2.8,13.611320513898383,0.0,7,16.0,13.0
1,77,3,2.6,14.721532710214118,0.0,7,16.0,13.0
1,77,4,1.8,29.156514736412785,0.0,7,16.0,13.0
1,77,5,2.4,8.335466149254886,0.0,7,16.0,13.0
1,77,6,2.4,17.138838718000862,0.0,7,16.0,13.0
1,77,7,2.2,12.226765420695168,0.0,7,16.0,13.0
1,77,8,1.8,14.976940997025403,0.0,7,16.0,13.0
1,77,9,2.0,12.868212009400764,0.0,7,16.0,13.0
1,77,10,1.8,19.740848131764505,0.0,7,16.0,13.0
1,77,11,2.2,11.160628772812416,0.0,7,16.0,13.0
1,77,12,2.2,17.592669738623545,0.0,7,16.0,13.0
1,77,13,2.0,14.969698422125774,0.0,7,16.0,13.0
1,77,14,2.0,23.349256654688915,0.0,7,16.0,13.0
1,77,15,2.0,17.623357279736492,0.0,7,16.0,13.0
1,77,16,2.0,25.892441009711316,0.0,7,16.0,13.0
1,77,17,2.2,16.092831911981797,0.0,7,16.0,13.0
1,77,18,1.8,20.798120949625716,0.0,7,16.0,13.0
1,77,19,1.4,36.586497567676126,0.0,7,16.0,13.0
1,77,20,2.2,15.177041101010003,0.0,7,16.0,13.0
1,77,21,2.0,22.57899922749775,0.0,7,16.0,13.0
1,77,22,2.2,12.823405952773692,0.0,7,16.0,13.0
1,77,23,2.2,14.404281328103028,0.0,7,16.0,13.0
1,77,24,1.8,16.010247621577783,0.0,7,16.0,13.0
1,77,25,2.0,18.99522873347196,0.0,7,16.0,13.0
1,77,26,2.4,13.549122992582577,0.125,7,16.0,13.0
1,77,27,2.0,21.847894082237808,0.0,7,16.0,13.0
1,77,28,2.0,14.728993825226226,0.0,7,16.0,13.0
1,77,29,3.0,9.790328102756376,0.2222222222222222,7,16.0,13.0
2,77,1,2.4,19.147633014690296,0.0,7,16.0,13.0
2,77,2,1.8,20.225755909856012,0.0,7,16.0,13.0
2,77,3,2.8,11.024343422871949,0.0,7,16.0,13.0
2,77,4,2.2,15.808070667513846,0.0,7,16.0,13.0
2,77,5,2.2,15.504032861924193,0.0,7,16.0,13.0
2,77,6,1.8,16.2190862007462,0.0,7,16.0,13.0
2,77,7,1.6,21.064130292964574,0.0,7,16.0,13.0
2,77,8,2.2,13.919453666257885,0.0,7,16.0,13.0
2,77,9,1.6,14.638699730024829,0.0,7,16.0,13.0
2,77,10,2.8,11.65340063018939,0.125,7,16.0,13.0
2,77,11,2.2,15.280328281201015,0.0,7,16.0,13.0
2,77,12,2.4,12.174813172524148,0.0,7,16.0,13.0
2,77,13,2.0,16.802557093096453,0.0,7,16.0,13.0
2,77,14,2.0,13.002111175727583,0.0,7,16.0,13.0
2,77,15,2.2,15.55081546769874,0.0,7,16.0,13.0
2,77,16,2.0,19.814658736934714,0.0,7,16.0,13.0
2,77,17,2.2,16.388691786187792,0.0,7,16.0,13.0
2,77,18,2.0,16.11646447150846,0.0,7,16.0,13.0
2,77,19,2.6,13.011183354768718,0.0,7,16.0,13.0
2,77,20,2.4,9.817064605960548,0.0,7,16.0,13.0
2,77,21,2.4,16.659450733184336,0.0,7,16.0,13.0
2,77,22,2.0,18.339205279586633,0.0,7,16.0,13.0
2,77,23,2.4,11.979230324671708,0.0,7,16.0,13.0
2,77,24,2.2,15.834935145664573,0.0,7,16.0,13.0
2,77,25,2.0,15.645458812549922,0.0,7,16.0,13.0
2,77,26,2.2,10.877209259964353,0.0,7,16.0,13.0
2,77,27,1.8,13.253320654251713,0.0,7,16.0,13.0
2,77,28,2.4,12.832527244823943,0.125,7,16.0,13.0
3,77,1,2.4,10.589332481745322,0.0,7,16.0,13.0
3,77,2,2.2,14.502401546202732,0.0,7,16.0,13.0
3,77,3,2.0,16.649752470406654,0.0,7,16.0,13.0
3,77,4,2.4,13.852176007684127,0.0,7,16.0,13.0
3,77,5,2.2,10.075765153707218,0.0,7,16.0,13.0
3,77,6,1.8,16.084122490964177,0.0,7,16.0,13.0
3,77,7,2.4,11.728202119959942,0.0,7,16.0,13.0
3,77,8,2.0,13.924169528315254,0.0,7,16.0,13.0
3,77,9,1.8,14.384460193017969,0.0,7,16.0,13.0
3,77,10,2.6,12.583392286652684,0.125,7,16.0,13.0
3,77,11,2.2,12.909995509591306,0.0,7,16.0,13.0
3,77,12,2.2,16.43223955970837,0.0,7,16.0,13.0
3,77,13,1.8,18.71492879898499,0.0,7,16.0,13.0
3,77,14,2.2,14.68348721879393,0.0,7,16.0,13.0
3,77,15,3.0,8.30099833666512,0.125,7,16.0,13.0
3,77,16,2.4,11.359866152111934,0.0,7,16.0,13.0
3,77,17,2.2,16.298713077480723,0.0,7,16.0,13.0
3,77,18,2.4,9.995782738364731,0.0,7,16.0,13.0
3,77,19,1.8,26.013661614211895,0.0,7,16.0,13.0
3,77,20,1.8,20.27099304121765,0.0,7,16.0,13.0
3,77,21,2.8,11.979195607015885,0.0,7,16.0,13.0
3,77,22,2.2,13.631675890457583,0.0,7,16.0,13.0
3,77,23,2.6,11.615093798488743,0.0,7,16.0,13.0
3,77,24,2.4,13.586030182893904,0.0,7,16.0,13.0
3,77,25,2.2,12.96091734117878,0.0,7,16.0,13.0
3,77,26,2.4,10.936688898717277,0.0,7,16.0,13.0
3,77,27,2.0,12.167403176887687,0.0,7,16.0,13.0
3,77,28,2.4,10.767273482209957,0.0,7,16.0,13.0
1,78,1,2.8,15.98212978181886,0.0,7,16.0,13.0
1,78,2,2.8,14.15485029444356,0.0,7,16.0,13.0
1,78,3,2.8,11.212952422414403,0.0,7,16.0,13.0
1,78,4,1.8,19.621052755389442,0.0,7,16.0,13.0
1,78,5,2.0,11.227740336936527,0.0,7,16.0,13.0
1,78,6,2.0,28.753360415292395,0.0,7,16.0,13.0
1,78,7,1.6,21.200308366201565,0.0,7,16.0,13.0
1,78,8,1.8,14.904061364832172,0.0,7,16.0,13.0
1,78,9,1.8,19.9648769178647,0.0,7,16.0,13.0
1,78,10,2.0,14.804117269361928,0.0,7,16.0,13.0
1,78,11,2.4,11.099164440837354,0.0,7,16.0,13.0
1,78,12,1.8,21.177406552100067,0.0,7,16.0,13.0
1,78,13,1.8,20.38722514051819,0.0,7,16.0,13.0
1,78,14,1.8,15.38024545480313,0.0,7,16.0,13.0
1,78,15,2.4,22.327716415951453,0.0,7,16.0,13.0
1,78,16,2.2,14.697174154827088,0.0,7,16.0,13.0
1,78,17,2.2,14.947553426263443,0.0,7,16.0,13.0
1,78,18,1.8,16.846463567716807,0.0,7,16.0,13.0
1,78,19,1.8,26.14351334581604,0.0,7,16.0,13.0
1,78,20,2.0,14.980750322970785,0.0,7,16.0,13.0
1,78,21,2.4,19.112500759251446,0.0,7,16.0,13.0
1,78,22,2.0,15.399402892606647,0.0,7,16.0,13.0
1,78,23,1.8,25.129474152981786,0.0,7,16.0,13.0
1,78,24,2.2,11.437283533728241,0.0,7,16.0,13.0
1,78,25,2.2,15.880429855228096,0.0,7,16.0,13.0
1,78,26,2.4,11.0835794909705,0.125,7,16.0,13.0
1,78,27,2.6,12.34047911881823,0.0,7,16.0,13.0
1,78,28,1.8,17.162854901422858,0.0,7,16.0,13.0
1,78,29,2.6,11.234302167744218,0.0,7,16.0,13.0
1,78,30,1.75,19.581854795197565,0.0,4,16.0,13.0
2,78,1,2.4,19.63951258777608,0.0,7,16.0,13.0
2,78,2,2.2,13.324334727233778,0.0,7,16.0,13.0
2,78,3,2.6,12.946725853344951,0.0,7,16.0,13.0
2,78,4,2.4,12.417621716699957,0.0,7,16.0,13.0
2,78,5,1.8,20.48272722073131,0.0,7,16.0,13.0
2,78,6,2.0,12.61350575663941,0.0,7,16.0,13.0
2,78,7,2.0,17.270025145906384,0.0,7,16.0,13.0
2,78,8,1.8,15.065091720546944,0.0,7,16.0,13.0
2,78,9,1.8,18.807453327180767,0.0,7,16.0,13.0
2,78,10,2.6,12.848785814255471,0.125,7,16.0,13.0
2,78,11,2.0,20.351142467123246,0.0,7,16.0,13.0
2,78,12,2.6,10.456942496885054,0.0,7,16.0,13.0
2,78,13,2.2,15.162987954436149,0.0,7,16.0,13.0
2,78,14,1.8,15.277481605436403,0.0,7,16.0,13.0
2,78,15,2.4,13.117603896818478,0.0,7,16.0,13.0
2,78,16,2.4,12.44988430894035,0.0,7,16.0,13.0
2,78,17,2.0,17.04181710818789,0.0,7,16.0,13.0
2,78,18,1.6,18.856827319805845,0.0,7,16.0,13.0
2,78,19,1.8,19.067437931242836,0.0,7,16.0,13.0
2,78,20,2.0,14.68701885315066,0.0,7,16.0,13.0
2,78,21,2.2,14.18950628059056,0.0,7,16.0,13.0
2,78,22,2.4,13.970780360892984,0.0,7,16.0,13.0
2,78,23,1.6,26.0699261026119,0.0,7,16.0,13.0
2,78,24,2.2,13.855789712576195,0.0,7,16.0,13.0
2,78,25,2.4,16.78542878405951,0.0,7,16.0,13.0
2,78,26,2.4,12.053904809116373,0.0,7,16.0,13.0
2,78,27,2.2,10.509056480111578,0.0,7,16.0,13.0
2,78,28,1.6,17.44953864371301,0.0,7,16.0,13.0
2,78,29,1.6,21.40449306387578,0.0,7,16.0,13.0
2,78,30,1.25,24.455488481769855,0.0,4,16.0,13.0
3,78,1,2.6,9.807383069528772,0.0,7,16.0,13.0
3,78,2,2.6,12.741959801159526,0.0,7,16.0,13.0
3,78,3,2.2,13.698691065662851,0.0,7,16.0,13.0
3,78,4,1.8,18.724103195480613,0.0,7,16.0,13.0
3,78,5,2.0,12.891113614077788,0.0,7,16.0,13.0
3,78,6,2.2,12.262598796323728,0.0,7,16.0,13.0
3,78,7,2.0,15.102113539712617,0.0,7,16.0,13.0
3,78,8,2.4,10.68907334574207,0.0,7,16.0,13.0
3,78,9,1.6,21.380864494485856,0.0,7,16.0,13.0
3,78,10,2.0,25.258833014529948,0.0,7,16.0,13.0
3,78,11,2.6,10.439659326098496,0.0,7,16.0,13.0
3,78,12,2.8,10.444904410491969,0.0,7,16.0,13.0
3,78,13,2.2,13.003120267221721,0.0,7,16.0,13.0
3,78,14,2.2,17.306881227205764,0.0,7,16.0,13.0
3,78,15,2.4,12.492447907274089,0.0,7,16.0,13.0
3,78,16,2.0,13.300769727758334,0.0,7,16.0,13.0
3,78,17,2.0,19.52394141970345,0.0,7,16.0,13.0
3,78,18,2.2,12.097730820082145,0.0,7,16.0,13.0
3,78,19,2.2,18.289180611402685,0.0,7,16.0,13.0
3,78,20,2.2,15.344723624235728,0.0,7,16.0,13.0
3,78,21,2.0,18.317848877157523,0.0,7,16.0,13.0
3,78,22,2.0,19.70871366499898,0.0,7,16.0,13.0
3,78,23,2.0,15.692308896245478,0.0,7,16.0,13.0
3,78,24,2.2,13.477641226018257,0.0,7,16.0,13.0
3,78,25,2.6,13.08847090631369,0.0,7,16.0,13.0
3,78,26,2.2,10.982797245073899,0.0,7,16.0,13.0
3,78,27,2.6,9.706658008519367,0.0,7,16.0,13.0
3,78,28,2.2,11.615904994095914,0.0,7,16.0,13.0
3,78,29,1.25,34.11693131429239,0.0,4,16.0,13.0
1,79,1,2.8,12.79281428121137,0.0,7,16.0,13.0
1,79,2,2.8,14.18817764424876,0.0,7,16.0,13.0
1,79,3,2.8,11.130110848349139,0.0,7,16.0,13.0
1,79,4,2.2,15.275154042502416,0.0,7,16.0,13.0
1,79,5,2.4,11.14963951386609,0.0,7,16.0,13.0
1,79,6,2.0,19.55165769512781,0.0,7,16.0,13.0
1,79,7,2.0,13.922936480601244,0.0,7,16.0,13.0
1,79,8,2.0,18.125552638578277,0.0,7,16.0,13.0
1,79,9,1.8,15.604144681972086,0.0,7,16.0,13.0
1,79,10,2.2,13.571267269135308,0.0,7,16.0,13.0
1,79,11,2.0,13.984432059937017,0.0,7,16.0,13.0
1,79,12,1.8,18.50982489920861,0.0,7,16.0,13.0
1,79,13,1.8,23.206786205902034,0.0,7,16.0,13.0
1,79,14,1.8,24.3612334004727,0.0,7,16.0,13.0
1,79,15,2.2,16.270480249619528,0.0,7,16.0,13.0
1,79,16,2.0,19.43109944343514,0.0,7,16.0,13.0
1,79,17,2.2,15.0329033214843,0.0,7,16.0,13.0
1,79,18,2.0,18.233939216026425,0.0,7,16.0,13.0
1,79,19,1.8,26.229880066143746,0.0,7,16.0,13.0
1,79,20,2.2,16.631327102749736,0.0,7,16.0,13.0
1,79,21,1.8,19.794180356693,0.0,7,16.0,13.0
1,79,22,2.2,15.258697755605743,0.0,7,16.0,13.0
1,79,23,2.0,16.472413048184777,0.0,7,16.0,13.0
1,79,24,2.2,13.74807437956759,0.125,7,16.0,13.0
1,79,25,1.8,15.071434406215301,0.0,7,16.0,13.0
1,79,26,2.2,13.285857769138651,0.125,7,16.0,13.0
1,79,27,2.4,14.539027683862122,0.0,7,16.0,13.0
1,79,28,2.2,14.32231972779971,0.0,7,16.0,13.0
1,79,29,2.2,13.076735243512045,0.125,7,16.0,13.0
1,79,30,1.5,22.563079960953065,0.0,4,16.0,13.0
2,79,1,2.6,12.67200402879701,0.0,7,16.0,13.0
2,79,2,2.0,16.72032509735888,0.0,7,16.0,13.0
2,79,3,2.4,13.262558540967213,0.0,7,16.0,13.0
2,79,4,2.4,11.436860220835845,0.0,7,16.0,13.0
2,79,5,2.4,10.531334218133305,0.0,7,16.0,13.0
2,79,6,2.4,11.246192668330124,0.0,7,16.0,13.0
2,79,7,1.8,23.80422092194177,0.0,7,16.0,13.0
2,79,8,2.2,11.248160386486076,0.0,7,16.0,13.0
2,79,9,2.2,16.186006518469085,0.0,7,16.0,13.0
2,79,10,2.6,9.683418099689979,0.0,7,16.0,13.0
2,79,11,2.0,16.182266169395806,0.0,7,16.0,13.0
2,79,12,2.0,16.100812907348505,0.0,7,16.0,13.0
2,79,13,2.4,14.098529480663071,0.0,7,16.0,13.0
2,79,14,2.6,10.182494303877935,0.0,7,16.0,13.0
2,79,15,2.0,16.629981993291064,0.0,7,16.0,13.0
2,79,16,2.0,19.258049090441002,0.0,7,16.0,13.0
2,79,17,1.6,28.063050672261518,0.0,7,16.0,13.0
2,79,18,2.4,11.51534737906993,0.0,7,16.0,13.0
2,79,19,2.0,12.9787459318155,0.0,7,16.0,13.0
2,79,20,2.8,9.065727243677767,0.125,7,16.0,13.0
2,79,21,2.4,13.666732314422864,0.0,7,16.0,13.0
2,79,22,2.2,13.043800691929826,0.0,7,16.0,13.0
2,79,23,1.8,20.978214260564744,0.0,7,16.0,13.0
2,79,24,2.8,13.91667233329146,0.125,7,16.0,13.0
2,79,25,2.2,11.69653093103866,0.0,7,16.0,13.0
2,79,26,2.4,8.429962447955875,0.0,7,16.0,13.0
2,79,27,2.8,10.5684796688808,0.125,7,16.0,13.0
3,79,1,1.8,15.332115407596532,0.0,7,16.0,13.0
3,79,2,1.8,16.36350011354818,0.0,7,16.0,13.0
3,79,3,2.0,22.98041954556757,0.0,7,16.0,13.0
3,79,4,2.2,15.735324211844011,0.0,7,16.0,13.0
3,79,5,1.6,17.832624322400108,0.0,7,16.0,13.0
3,79,6,2.0,13.50452097655113,0.0,7,16.0,13.0
3,79,7,1.8,14.489503052784857,0.0,7,16.0,13.0
3,79,8,2.4,9.961458074326233,0.0,7,16.0,13.0
3,79,9,2.6,8.816678130241312,0.0,7,16.0,13.0
3,79,10,1.6,32.37272309158725,0.0,7,16.0,13.0
3,79,11,2.2,16.00834506187117,0.0,7,16.0,13.0
3,79,12,2.0,13.963134465604504,0.0,7,16.0,13.0
3,79,13,2.6,12.433519798199812,0.0,7,16.0,13.0
3,79,14,2.4,11.992100383428498,0.0,7,16.0,13.0
3,79,15,2.2,14.61814899247546,0.0,7,16.0,13.0
3,79,16,2.2,12.422779014184629,0.0,7,16.0,13.0
3,79,17,1.8,17.4516865344104,0.0,7,16.0,13.0
3,79,18,2.0,17.05083909526306,0.0,7,16.0,13.0
3,79,19,2.6,10.965720167486051,0.0,7,16.0,13.0
3,79,20,2.2,19.639964203437383,0.0,7,16.0,13.0
3,79,21,2.6,11.340588702302725,0.0,7,16.0,13.0
3,79,22,2.0,25.70150944891306,0.0,7,16.0,13.0
3,79,23,1.6,22.198801182184912,0.0,7,16.0,13.0
3,79,24,2.4,11.93149030455884,0.0,7,16.0,13.0
3,79,25,2.0,13.134934450943241,0.0,7,16.0,13.0
3,79,26,1.8,24.82495279857804,0.0,7,16.0,13.0
3,79,27,2.6,9.486849134631699,0.0,7,16.0,13.0
3,79,28,2.0,12.777894150531196,0.0,7,16.0,13.0
3,79,29,2.4,12.844590435898256,0.0,7,16.0,13.0
3,79,30,2.0,12.622062234340383,0.0,4,16.0,13.0
1,80,1,2.8,17.9320524704898,0.0,7,16.0,13.0
1,80,2,2.8,12.431931590423853,0.0,7,16.0,13.0
1,80,3,2.8,12.066132166452492,0.0,7,16.0,13.0
1,80,4,2.0,14.452635543086497,0.0,7,16.0,13.0
1,80,5,2.6,9.878459404426366,0.0,7,16.0,13.0
1,80,6,1.8,38.83547201895197,0.0,7,16.0,13.0
1,80,7,1.8,17.40779601181118,0.0,7,16.0,13.0
1,80,8,1.8,19.024477059282216,0.0,7,16.0,13.0
1,80,9,1.6,14.691661736770913,0.0,7,16.0,13.0
1,80,10,1.8,25.918590553574273,0.0,7,16.0,13.0
1,80,11,2.6,10.230026736414114,0.0,7,16.0,13.0
1,80,12,2.0,17.220082242114554,0.0,7,16.0,13.0
1,80,13,1.8,25.544011245291493,0.0,7,16.0,13.0
1,80,14,1.6,21.044471819949965,0.0,7,16.0,13.0
1,80,15,2.4,16.88597756032181,0.0,7,16.0,13.0
1,80,16,2.4,16.888620940795878,0.0,7,16.0,13.0
1,80,17,2.4,12.508941312905973,0.0,7,16.0,13.0
1,80,18,1.8,17.187639901562783,0.0,7,16.0,13.0
1,80,19,1.8,17.13209747782215,0.0,7,16.0,13.0
1,80,20,2.0,16.336105895344506,0.0,7,16.0,13.0
1,80,21,1.6,25.762165266979892,0.0,7,16.0,13.0
1,80,22,1.8,22.21124181586552,0.0,7,16.0,13.0
1,80,23,1.6,21.126866440687692,0.0,7,16.0,13.0
1,80,24,2.2,11.98217650194296,0.0,7,16.0,13.0
1,80,25,2.4,11.611045037445027,0.125,7,16.0,13.0
1,80,26,2.4,9.85144586455701,0.0,7,16.0,13.0
1,80,27,2.4,16.188231687154303,0.0,7,16.0,13.0
1,80,28,2.4,11.323888793657295,0.0,7,16.0,13.0
1,80,29,2.4,12.224488147767138,0.0,7,16.0,13.0
2,80,1,2.2,18.538184215115724,0.0,7,16.0,13.0
2,80,2,1.8,21.114047322465318,0.0,7,16.0,13.0
2,80,3,2.2,15.36966873908474,0.0,7,16.0,13.0
2,80,4,2.8,11.188307713431898,0.125,7,16.0,13.0
2,80,5,1.8,22.822419524016887,0.0,7,16.0,13.0
2,80,6,2.4,9.226204307332223,0.0,7,16.0,13.0
2,80,7,2.0,16.056944795101025,0.0,7,16.0,13.0
2,80,8,1.8,16.71761202908666,0.0,7,16.0,13.0
2,80,9,1.8,18.303850400888123,0.0,7,16.0,13.0
2,80,10,1.6,37.629018173394606,0.0,7,16.0,13.0
2,80,11,2.6,12.778978233327898,0.0,7,16.0,13.0
2,80,12,2.4,13.089008257110764,0.0,7,16.0,13.0
2,80,13,2.4,12.719515139961985,0.0,7,16.0,13.0
2,80,14,1.8,18.94864789131159,0.0,7,16.0,13.0
2,80,15,2.0,13.118361100318182,0.0,7,16.0,13.0
2,80,16,2.6,12.657160047096292,0.0,7,16.0,13.0
2,80,17,2.2,15.8781304773306,0.0,7,16.0,13.0
2,80,18,2.2,14.376741830653192,0.0,7,16.0,13.0
2,80,19,2.0,15.723002602566913,0.0,7,16.0,13.0
2,80,20,2.4,10.526988816438626,0.0,7,16.0,13.0
2,80,21,2.8,11.44713296833955,0.125,7,16.0,13.0
2,80,22,2.4,12.884469893004248,0.0,7,16.0,13.0
2,80,23,2.4,12.772084734059955,0.0,7,16.0,13.0
2,80,24,2.8,13.210725037985807,0.125,7,16.0,13.0
2,80,25,2.2,12.356111063268907,0.0,7,16.0,13.0
2,80,26,2.4,8.572083908072138,0.0,7,16.0,13.0
2,80,27,1.8,12.939356628966442,0.0,7,16.0,13.0
2,80,28,2.2,13.120965807099315,0.0,6,16.0,13.0
3,80,1,2.6,9.517415926942103,0.0,7,16.0,13.0
3,80,2,2.2,13.531343914655714,0.0,7,16.0,13.0
3,80,3,1.8,16.755367907975945,0.0,7,16.0,13.0
3,80,4,2.0,15.71482696825051,0.0,7,16.0,13.0
3,80,5,2.2,11.257115746273564,0.0,7,16.0,13.0
3,80,6,2.2,11.777778231772498,0.0,7,16.0,13.0
3,80,7,1.8,14.534877337143289,0.0,7,16.0,13.0
3,80,8,1.8,14.847638495970864,0.0,7,16.0,13.0
3,80,9,2.2,10.958726061704823,0.0,7,16.0,13.0
3,80,10,2.6,16.893201044681753,0.125,7,16.0,13.0
3,80,11,2.2,12.030473523293663,0.0,7,16.0,13.0
3,80,12,2.2,19.348765736547826,0.0,7,16.0,13.0
3,80,13,2.2,11.663600636598272,0.0,7,16.0,13.0
3,80,14,1.8,23.65356880267837,0.0,7,16.0,13.0
3,80,15,1.8,16.17025281566628,0.0,7,16.0,13.0
3,80,16,2.8,12.116617415577016,0.125,7,16.0,13.0
3,80,17,2.6,10.715880588921813,0.0,7,16.0,13.0
3,80,18,2.0,17.44602802408004,0.0,7,16.0,13.0
3,80,19,2.0,15.178186341280073,0.0,7,16.0,13.0
3,80,20,2.4,16.42082134876366,0.0,7,16.0,13.0
3,80,21,2.2,12.65389405713183,0.0,7,16.0,13.0
3,80,22,2.2,19.189292416469144,0.0,7,16.0,13.0
3,80,23,2.2,13.739608199323813,0.0,7,16.0,13.0
3,80,24,2.0,22.809866730219007,0.0,7,16.0,13.0
3,80,25,1.8,22.90793868669177,0.0,7,16.0,13.0
3,80,26,2.0,15.068902300211626,0.0,7,16.0,13.0
3,80,27,2.6,9.138876806869385,0.0,7,16.0,13.0
3,80,28,2.0,15.226933164667596,0.0,7,16.0,13.0
3,80,29,2.0,17.14438896289013,0.0,7,16.0,13.0
1,81,1,2.8,13.360062938776778,0.0,7,16.0,13.0
1,81,2,2.8,13.92587185201492,0.0,7,16.0,13.0
1,81,3,2.8,12.465493885088117,0.0,7,16.0,13.0
1,81,4,1.6,21.399536282422105,0.0,7,16.0,13.0
1,81,5,2.2,10.623545750499517,0.0,7,16.0,13.0
1,81,6,2.0,22.189064248773175,0.0,7,16.0,13.0
1,81,7,2.0,13.769741013715441,0.0,7,16.0,13.0
1,81,8,1.8,15.461220401271053,0.0,7,16.0,13.0
1,81,9,2.4,12.105560893955614,0.0,7,16.0,13.0
1,81,10,2.2,18.298744226219576,0.0,7,16.0,13.0
1,81,11,1.8,14.216231953048558,0.0,7,16.0,13.0
1,81,12,1.8,20.39861453121773,0.0,7,16.0,13.0
1,81,13,2.4,15.708772524777787,0.0,7,16.0,13.0
1,81,14,2.0,19.94670360599877,0.0,7,16.0,13.0
1,81,15,2.2,16.071626783021003,0.0,7,16.0,13.0
1,81,16,2.0,32.99021960022468,0.0,7,16.0,13.0
1,81,17,2.0,16.28699825857312,0.0,7,16.0,13.0
1,81,18,2.4,13.35652630353334,0.0,7,16.0,13.0
1,81,19,2.0,18.41406279391915,0.0,7,16.0,13.0
1,81,20,2.2,16.793455367965404,0.0,7,16.0,13.0
1,81,21,1.8,14.552213362080678,0.0,7,16.0,13.0
1,81,22,2.6,13.427936689716962,0.0,7,16.0,13.0
1,81,23,2.4,10.91682202111552,0.0,7,16.0,13.0
1,81,24,2.2,13.95548516318854,0.0,7,16.0,13.0
1,81,25,2.8,9.23208901029282,0.125,7,16.0,13.0
1,81,26,2.0,19.899877576308974,0.0,7,16.0,13.0
1,81,27,2.0,13.912845371569547,0.0,7,16.0,13.0
1,81,28,2.6,11.546201530997193,0.0,7,16.0,13.0
2,81,1,2.4,15.95153217425736,0.0,7,16.0,13.0
2,81,2,2.6,11.126401981491664,0.0,7,16.0,13.0
2,81,3,3.0,12.321343042771026,0.125,7,16.0,13.0
2,81,4,2.2,12.123419637169585,0.0,7,16.0,13.0
2,81,5,2.4,12.220260387267173,0.0,7,16.0,13.0
2,81,6,2.0,13.886818970363448,0.0,7,16.0,13.0
2,81,7,2.0,18.659073343332835,0.0,7,16.0,13.0
2,81,8,1.8,14.391275732851215,0.0,7,16.0,13.0
2,81,9,2.6,15.962087319223023,0.125,7,16.0,13.0
2,81,10,2.4,10.922334447459455,0.0,7,16.0,13.0
2,81,11,1.6,21.591772775035842,0.0,7,16.0,13.0
2,81,12,2.0,18.54132894991941,0.0,7,16.0,13.0
2,81,13,1.6,22.733259358637714,0.0,7,16.0,13.0
2,81,14,2.0,12.997041470927531,0.0,7,16.0,13.0
2,81,15,2.6,15.122005566849545,0.0,7,16.0,13.0
2,81,16,2.4,14.01261055738082,0.0,7,16.0,13.0
2,81,17,2.0,16.343250827632932,0.0,7,16.0,13.0
2,81,18,2.0,17.145511813968053,0.0,7,16.0,13.0
2,81,19,2.0,12.224532364387665,0.0,7,16.0,13.0
2,81,20,3.0,9.372728398606384,0.125,7,16.0,13.0
2,81,21,2.2,14.009200422144321,0.0,7,16.0,13.0
2,81,22,2.0,21.687292268572747,0.0,7,16.0,13.0
2,81,23,2.2,13.125973339358751,0.0,7,16.0,13.0
2,81,24,2.2,20.97299075313345,0.0,7,16.0,13.0
2,81,25,2.0,11.426263289358618,0.0,7,16.0,13.0
2,81,26,2.2,11.067283302470564,0.0,7,16.0,13.0
2,81,27,2.0,11.432285973671805,0.0,7,16.0,13.0
2,81,28,2.0,15.644130371994592,0.0,7,16.0,13.0
3,81,1,2.4,10.200781758807713,0.0,7,16.0,13.0
3,81,2,2.2,13.13228959795761,0.0,7,16.0,13.0
3,81,3,2.4,10.910765107882625,0.0,7,16.0,13.0
3,81,4,2.0,22.296431004202947,0.0,7,16.0,13.0
3,81,5,2.6,9.327385767771384,0.0,7,16.0,13.0
3,81,6,1.6,19.691793628912237,0.0,7,16.0,13.0
3,81,7,2.0,11.87331164865646,0.0,7,16.0,13.0
3,81,8,2.4,9.260079331386496,0.0,7,16.0,13.0
3,81,9,2.0,15.317634407939526,0.0,7,16.0,13.0
3,81,10,3.0,9.84989190083661,0.125,7,16.0,13.0
3,81,11,2.0,14.303483818737094,0.0,7,16.0,13.0
3,81,12,2.2,15.529850103901104,0.0,7,16.0,13.0
3,81,13,2.4,12.210430374321348,0.0,7,16.0,13.0
3,81,14,2.2,12.847762833697061,0.0,7,16.0,13.0
3,81,15,1.8,17.99749666792404,0.0,7,16.0,13.0
3,81,16,2.0,15.936897879592486,0.0,7,16.0,13.0
3,81,17,2.4,14.394636678707284,0.0,7,16.0,13.0
3,81,18,2.2,10.218072741382786,0.0,7,16.0,13.0
3,81,19,2.2,14.513407491146872,0.0,7,16.0,13.0
3,81,20,2.2,14.50757105755032,0.0,7,16.0,13.0
3,81,21,2.6,13.8473358577212,0.0,7,16.0,13.0
3,81,22,2.0,17.440438202519886,0.0,7,16.0,13.0
3,81,23,2.6,12.31681636391147,0.0,7,16.0,13.0
3,81,24,1.8,20.514902649082003,0.0,7,16.0,13.0
3,81,25,1.8,21.163788515019682,0.0,7,16.0,13.0
3,81,26,2.4,10.339685869164663,0.0,7,16.0,13.0
3,81,27,2.0,14.364812783792937,0.0,7,16.0,13.0
3,81,28,1.8,18.061805719295986,0.0,7,16.0,13.0
3,81,29,1.8,21.459219942233318,0.0,7,16.0,13.0
1,82,1,2.8,19.06682068037549,0.0,7,16.0,13.0
1,82,2,2.8,14.4605546475176,0.0,7,16.0,13.0
1,82,3,2.8,12.312673258140206,0.0,7,16.0,13.0
1,82,4,2.0,17.418777675131956,0.0,7,16.0,13.0
1,82,5,2.2,11.671345885004168,0.0,7,16.0,13.0
1,82,6,2.2,22.083432124444688,0.0,7,16.0,13.0
1,82,7,2.2,11.019416445038019,0.0,7,16.0,13.0
1,82,8,2.0,16.310349890019666,0.0,7,16.0,13.0
1,82,9,2.0,12.148492644605756,0.0,7,16.0,13.0
1,82,10,2.0,16.23484243507717,0.0,7,16.0,13.0
1,82,11,2.0,16.51374953221754,0.0,7,16.0,13.0
1,82,12,2.0,21.771471415801653,0.0,7,16.0,13.0
1,82,13,2.0,14.261154753902483,0.0,7,16.0,13.0
1,82,14,1.8,35.589373515467805,0.0,7,16.0,13.0
1,82,15,2.2,21.622273921325583,0.0,7,16.0,13.0
1,82,16,2.2,21.445221926791596,0.0,7,16.0,13.0
1,82,17,1.8,20.889910437232064,0.0,7,16.0,13.0
1,82,18,1.6,19.902543495286555,0.0,7,16.0,13.0
1,82,19,1.6,31.73105546074058,0.0,7,16.0,13.0
1,82,20,2.0,17.175129948695687,0.0,7,16.0,13.0
1,82,21,2.0,24.637735430915946,0.0,7,16.0,13.0
1,82,22,2.4,11.734546872812079,0.0,7,16.0,13.0
1,82,23,2.4,12.77454545929133,0.0,7,16.0,13.0
1,82,24,2.4,9.19323965056405,0.0,7,16.0,13.0
1,82,25,2.4,11.905592278417679,0.0,7,16.0,13.0
1,82,26,2.8,14.803349822955013,0.125,7,16.0,13.0
1,82,27,2.2,13.424223488833263,0.0,7,16.0,13.0
1,82,28,2.2,14.027324683941517,0.0,7,16.0,13.0
1,82,29,2.0,13.52046968877897,0.0,5,16.0,13.0
2,82,1,2.4,19.452124490976487,0.0,7,16.0,13.0
2,82,2,2.0,15.256755042613188,0.0,7,16.0,13.0
2,82,3,1.8,28.02644166686398,0.0,7,16.0,13.0
2,82,4,2.6,12.601788033692795,0.0,7,16.0,13.0
2,82,5,2.4,12.528387799949428,0.0,7,16.0,13.0
2,82,6,2.0,12.207110854397431,0.0,7,16.0,13.0
2,82,7,2.2,13.96568202892775,0.0,7,16.0,13.0
2,82,8,2.0,15.61679913329998,0.0,7,16.0,13.0
2,82,9,2.2,15.276040329437382,0.0,7,16.0,13.0
2,82,10,2.8,11.101895103765429,0.0,7,16.0,13.0
2,82,11,2.2,14.196647519420816,0.0,7,16.0,13.0
2,82,12,2.4,12.631823297204985,0.0,7,16.0,13.0
2,82,13,2.4,13.447561466690049,0.0,7,16.0,13.0
2,82,14,1.8,13.531896532189625,0.0,7,16.0,13.0
2,82,15,2.2,16.365370715647895,0.0,7,16.0,13.0
2,82,16,1.8,18.793770192104443,0.0,7,16.0,13.0
2,82,17,2.4,13.129734856341887,0.0,7,16.0,13.0
2,82,18,1.8,20.51866979672976,0.0,7,16.0,13.0
2,82,19,2.4,9.969339972212667,0.0,7,16.0,13.0
2,82,20,2.2,12.92887529568585,0.0,7,16.0,13.0
2,82,21,2.8,13.33856134026811,0.0,7,16.0,13.0
2,82,22,2.2,13.864581322241442,0.0,7,16.0,13.0
2,82,23,2.2,12.939307176094793,0.0,7,16.0,13.0
2,82,24,2.2,22.47021956247686,0.125,7,16.0,13.0
2,82,25,2.8,9.406606233316364,0.125,7,16.0,13.0
2,82,26,2.2,9.844512435213705,0.0,7,16.0,13.0
2,82,27,2.6,10.926521449194011,0.125,7,16.0,13.0
3,82,1,2.6,9.823134726279251,0.0,7,16.0,13.0
3,82,2,2.2,19.416450627896758,0.0,7,16.0,13.0
3,82,3,1.6,16.66206501696531,0.0,7,16.0,13.0
3,82,4,2.2,14.218571707603848,0.0,7,16.0,13.0
3,82,5,1.6,22.038027869116533,0.0,7,16.0,13.0
3,82,6,2.4,10.51531353726635,0.0,7,16.0,13.0
3,82,7,1.6,26.103838972023997,0.0,7,16.0,13.0
3,82,8,1.6,14.081914057933988,0.0,7,16.0,13.0
3,82,9,2.0,13.310715945320942,0.0,7,16.0,13.0
3,82,10,3.0,10.639316966513997,0.125,7,16.0,13.0
3,82,11,2.0,14.31485724926582,0.0,7,16.0,13.0
3,82,12,2.2,17.193071716398666,0.0,7,16.0,13.0
3,82,13,2.0,15.273599364669332,0.0,7,16.0,13.0
3,82,14,1.4,29.966358086155406,0.0,7,16.0,13.0
3,82,15,2.0,15.715752243906543,0.0,7,16.0,13.0
3,82,16,2.4,11.067167668855745,0.125,7,16.0,13.0
3,82,17,2.4,13.413829112339089,0.0,7,16.0,13.0
3,82,18,2.4,11.307542238207363,0.0,7,16.0,13.0
3,82,19,2.0,12.552368022654328,0.0,7,16.0,13.0
3,82,20,2.0,18.036521864105904,0.0,7,16.0,13.0
3,82,21,2.6,14.837468685483186,0.125,7,16.0,13.0
3,82,22,1.8,19.194527733899335,0.0,7,16.0,13.0
3,82,23,1.6,26.90869009008968,0.0,7,16.0,13.0
3,82,24,1.8,14.546636902733367,0.0,7,16.0,13.0
3,82,25,2.8,11.24202811825419,0.125,7,16.0,13.0
3,82,26,2.2,17.96719102742298,0.0,7,16.0,13.0
3,82,27,2.8,8.15361193737503,0.125,7,16.0,13.0
3,82,28,1.8,18.35397131141843,0.0,7,16.0,13.0
3,82,29,2.0,13.884389271699625,0.0,7,16.0,13.0
3,82,30,2.0,15.590171393376327,0.0,7,16.0,13.0
1,83,1,2.8,13.819647696570437,0.0,7,16.0,13.0
1,83,2,2.8,15.953615698254811,0.0,7,16.0,13.0
1,83,3,2.8,12.86467354229916,0.0,7,16.0,13.0
1,83,4,1.8,22.559210241626772,0.0,7,16.0,13.0
1,83,5,2.4,9.340663293897725,0.0,7,16.0,13.0
1,83,6,2.0,29.151700020053738,0.0,7,16.0,13.0
1,83,7,1.8,13.98008644624374,0.0,7,16.0,13.0
1,83,8,2.0,16.41796147709916,0.0,7,16.0,13.0
1,83,9,1.4,16.52786562573541,0.0,7,16.0,13.0
1,83,10,2.4,14.43607194098677,0.0,7,16.0,13.0
1,83,11,2.6,11.164606826852035,0.0,7,16.0,13.0
1,83,12,2.2,17.339560084063237,0.0,7,16.0,13.0
1,83,13,2.0,14.536368088946308,0.0,7,16.0,13.0
1,83,14,2.2,17.74939427678643,0.0,7,16.0,13.0
1,83,15,1.8,22.696026274337697,0.0,7,16.0,13.0
1,83,16,1.8,26.477511673969833,0.0,7,16.0,13.0
1,83,17,1.6,22.47394185163998,0.0,7,16.0,13.0
1,83,18,1.8,17.785997239332215,0.0,7,16.0,13.0
1,83,19,1.6,28.252622213841512,0.0,7,16.0,13.0
1,83,20,2.6,11.277296002342363,0.0,7,16.0,13.0
1,83,21,2.0,21.369890496943185,0.0,7,16.0,13.0
1,83,22,2.2,12.451490739189838,0.0,7,16.0,13.0
1,83,23,2.4,12.230088885120182,0.0,7,16.0,13.0
1,83,24,2.0,13.70194441339216,0.0,7,16.0,13.0
1,83,25,2.2,12.736122364164263,0.0,7,16.0,13.0
1,83,26,2.0,15.798079158467097,0.0,7,16.0,13.0
1,83,27,2.0,17.27559743725072,0.0,7,16.0,13.0
1,83,28,2.2,14.142772816678885,0.0,7,16.0,13.0
1,83,29,2.2,15.086991914294002,0.0,7,16.0,13.0
2,83,1,2.4,16.55605152779076,0.0,7,16.0,13.0
2,83,2,2.2,12.532551958744858,0.0,7,16.0,13.0
2,83,3,2.4,12.60648062942605,0.0,7,16.0,13.0
2,83,4,2.0,14.237342066231008,0.0,7,16.0,13.0
2,83,5,2.6,10.658263358691665,0.0,7,16.0,13.0
2,83,6,2.4,11.327227348302705,0.0,7,16.0,13.0
2,83,7,1.6,23.78007813248196,0.0,7,16.0,13.0
2,83,8,2.0,12.068597511086049,0.0,7,16.0,13.0
2,83,9,1.6,25.65396064878348,0.0,7,16.0,13.0
2,83,10,2.6,9.615994795223934,0.125,7,16.0,13.0
2,83,11,1.8,21.28523952719999,0.0,7,16.0,13.0
2,83,12,2.0,14.833844789730954,0.0,7,16.0,13.0
2,83,13,2.0,17.701992415030254,0.0,7,16.0,13.0
2,83,14,2.6,9.665673434417814,0.125,7,16.0,13.0
2,83,15,2.2,12.427057678996322,0.0,7,16.0,13.0
2,83,16,2.0,17.272929530969044,0.0,7,16.0,13.0
2,83,17,2.6,11.602188241627871,0.0,7,16.0,13.0
2,83,18,1.6,24.727051421696686,0.0,7,16.0,13.0
2,83,19,1.6,17.34341864625459,0.0,7,16.0,13.0
2,83,20,2.4,12.133724099877632,0.0,7,16.0,13.0
2,83,21,3.0,10.294328458088465,0.125,7,16.0,13.0
2,83,22,2.2,14.258491575155272,0.0,7,16.0,13.0
2,83,23,2.6,11.369585648330713,0.0,7,16.0,13.0
2,83,24,1.8,18.634463104540416,0.0,7,16.0,13.0
2,83,25,2.0,16.869245776198937,0.0,7,16.0,13.0
2,83,26,2.0,12.004082257433238,0.0,7,16.0,13.0
2,83,27,2.0,12.63454505179335,0.0,7,16.0,13.0
2,83,28,2.8,9.572247523638277,0.125,7,16.0,13.0
3,83,1,2.0,13.641236558470398,0.0,7,16.0,13.0
3,83,2,2.0,14.787806505398452,0.0,7,16.0,13.0
3,83,3,2.0,14.902788090118147,0.0,7,16.0,13.0
3,83,4,2.4,13.116783064308521,0.0,7,16.0,13.0
3,83,5,2.0,15.229816410319996,0.0,7,16.0,13.0
3,83,6,2.2,11.47951817147436,0.0,7,16.0,13.0
3,83,7,2.2,12.057904853401451,0.0,7,16.0,13.0
3,83,8,2.2,12.25897028911008,0.0,7,16.0,13.0
3,83,9,2.2,13.3183933042983,0.0,7,16.0,13.0
3,83,10,1.8,25.055300880501612,0.0,7,16.0,13.0
3,83,11,2.0,13.863744979190747,0.0,7,16.0,13.0
3,83,12,2.6,16.529205911122176,0.0,7,16.0,13.0
3,83,13,2.4,12.701649522469978,0.0,7,16.0,13.0
3,83,14,2.2,13.978730482355788,0.0,7,16.0,13.0
3,83,15,2.4,10.746218627326048,0.0,7,16.0,13.0
3,83,16,2.2,13.586667176743246,0.0,7,16.0,13.0
3,83,17,2.6,10.45776751568018,0.0,7,16.0,13.0
3,83,18,2.4,11.183769206827094,0.0,7,16.0,13.0
3,83,19,2.4,14.012051698676919,0.0,7,16.0,13.0
3,83,20,2.4,11.556548714518964,0.0,7,16.0,13.0
3,83,21,2.2,17.938418853419048,0.0,7,16.0,13.0
3,83,22,2.0,18.551338103407797,0.0,7,16.0,13.0
3,83,23,2.6,11.615093798488743,0.0,7,16.0,13.0
3,83,24,1.8,16.217520251311697,0.0,7,16.0,13.0
3,83,25,2.0,16.506058835591645,0.0,7,16.0,13.0
3,83,26,2.4,9.377796741411832,0.0,7,16.0,13.0
3,83,27,2.0,12.898319342660356,0.0,7,16.0,13.0
3,83,28,2.2,15.243191634426577,0.0,7,16.0,13.0
3,83,29,1.5,18.41047335464891,0.0,4,16.0,13.0
1,84,1,2.8,15.331537039592806,0.0,7,16.0,13.0
1,84,2,2.8,16.43215228143225,0.0,7,16.0,13.0
1,84,3,2.8,15.087070670649807,0.0,7,16.0,13.0
1,84,4,2.2,13.680013878809346,0.0,7,16.0,13.0
1,84,5,2.6,10.106483486527974,0.0,7,16.0,13.0
1,84,6,2.0,21.46720040374816,0.0,7,16.0,13.0
1,84,7,2.0,13.953747239871843,0.0,7,16.0,13.0
1,84,8,2.2,14.609164359213363,0.0,7,16.0,13.0
1,84,9,2.0,14.951037882396822,0.0,7,16.0,13.0
1,84,10,2.0,20.343159500800475,0.0,7,16.0,13.0
1,84,11,1.8,16.534777499431776,0.0,7,16.0,13.0
1,84,12,1.8,23.462226676244743,0.0,7,16.0,13.0
1,84,13,1.8,18.082875591824056,0.0,7,16.0,13.0
1,84,14,2.4,15.148024234333237,0.0,7,16.0,13.0
1,84,15,1.8,23.3105944919975,0.0,7,16.0,13.0
1,84,16,2.2,22.31892818556636,0.0,7,16.0,13.0
1,84,17,2.2,12.455212804480558,0.0,7,16.0,13.0
1,84,18,2.0,19.207006653319343,0.0,7,16.0,13.0
1,84,19,2.2,14.121222599941742,0.0,7,16.0,13.0
1,84,20,2.0,30.79321276593785,0.0,7,16.0,13.0
1,84,21,2.2,12.320512597237704,0.0,7,16.0,13.0
1,84,22,2.4,15.27056596796881,0.0,7,16.0,13.0
1,84,23,2.6,9.52697054055631,0.0,7,16.0,13.0
1,84,24,2.0,16.059171374676964,0.0,7,16.0,13.0
1,84,25,2.2,12.30889075901342,0.0,7,16.0,13.0
1,84,26,2.2,17.881158377046837,0.0,7,16.0,13.0
1,84,27,2.8,10.59086289024234,0.0,7,16.0,13.0
1,84,28,2.4,12.120414751037284,0.0,7,16.0,13.0
2,84,1,2.8,12.080072112736678,0.0,7,16.0,13.0
2,84,2,2.0,14.55153456570371,0.0,7,16.0,13.0
2,84,3,3.2,11.94807637056774,0.125,7,16.0,13.0
2,84,4,2.6,10.09019150912763,0.0,7,16.0,13.0
2,84,5,2.0,14.00104837018415,0.0,7,16.0,13.0
2,84,6,2.0,14.444354881093796,0.0,7,16.0,13.0
2,84,7,2.0,16.189526723694666,0.0,7,16.0,13.0
2,84,8,2.2,12.734416361991393,0.0,7,16.0,13.0
2,84,9,2.4,13.502288684944006,0.0,7,16.0,13.0
2,84,10,2.4,13.68906416718819,0.0,7,16.0,13.0
2,84,11,2.6,12.113857221347676,0.0,7,16.0,13.0
2,84,12,2.2,17.556964622890984,0.0,7,16.0,13.0
2,84,13,2.0,12.227291479780382,0.0,7,16.0,13.0
2,84,14,2.0,18.461253161094778,0.0,7,16.0,13.0
2,84,15,2.0,18.36192615235631,0.0,7,16.0,13.0
2,84,16,2.4,13.616307262047078,0.0,7,16.0,13.0
2,84,17,2.4,13.14011544618659,0.0,7,16.0,13.0
2,84,18,2.2,14.647166390106245,0.0,7,16.0,13.0
2,84,19,2.2,11.417258065792389,0.0,7,16.0,13.0
2,84,20,2.6,13.83454589073283,0.0,7,16.0,13.0
2,84,21,2.2,13.125340340900797,0.0,7,16.0,13.0
2,84,22,1.6,24.05584079212946,0.0,7,16.0,13.0
2,84,23,2.0,17.56126243034272,0.0,7,16.0,13.0
2,84,24,2.0,21.912192332299504,0.0,7,16.0,13.0
2,84,25,2.0,13.906944302193999,0.0,7,16.0,13.0
2,84,26,2.0,11.730236895857974,0.0,7,16.0,13.0
2,84,27,2.8,9.983930233787692,0.125,7,16.0,13.0
3,84,1,2.4,10.083062651031359,0.0,7,16.0,13.0
3,84,2,2.6,11.073569054569623,0.0,7,16.0,13.0
3,84,3,1.8,16.00409296411599,0.0,7,16.0,13.0
3,84,4,2.6,11.820192729761006,0.0,7,16.0,13.0
3,84,5,2.0,15.371214674295276,0.0,7,16.0,13.0
3,84,6,2.0,14.507833546961487,0.0,7,16.0,13.0
3,84,7,2.2,10.79610289266682,0.0,7,16.0,13.0
3,84,8,1.8,17.290986590416576,0.0,7,16.0,13.0
3,84,9,2.4,12.878482581277208,0.0,7,16.0,13.0
3,84,10,2.0,19.83649145827192,0.0,7,16.0,13.0
3,84,11,2.2,15.855100341278096,0.0,7,16.0,13.0
3,84,12,2.0,18.989999143021162,0.0,7,16.0,13.0
3,84,13,2.6,10.760590025676791,0.0,7,16.0,13.0
3,84,14,1.8,23.5183798110225,0.0,7,16.0,13.0
3,84,15,2.0,11.595288905512668,0.0,7,16.0,13.0
3,84,16,2.4,13.156911547489376,0.0,7,16.0,13.0
3,84,17,2.2,14.719930673637752,0.0,7,16.0,13.0
3,84,18,2.2,12.770708573022308,0.0,7,16.0,13.0
3,84,19,2.2,16.019663869570437,0.0,7,16.0,13.0
3,84,20,1.8,28.145739753599212,0.0,7,16.0,13.0
3,84,21,2.4,11.298515460368208,0.0,7,16.0,13.0
3,84,22,2.6,14.734288530299137,0.0,7,16.0,13.0
3,84,23,2.4,11.978225079741888,0.0,7,16.0,13.0
3,84,24,2.6,11.963121798090697,0.0,7,16.0,13.0
3,84,25,2.0,16.963875357448277,0.0,7,16.0,13.0
3,84,26,2.6,8.967051211424875,0.0,7,16.0,13.0
3,84,27,2.6,10.897778706514103,0.0,7,16.0,13.0
3,84,28,2.4,11.716059187077503,0.0,7,16.0,13.0
1,85,1,2.8,14.34605049759074,0.0,7,16.0,13.0
1,85,2,2.8,16.52226016412569,0.0,7,16.0,13.0
1,85,3,2.6,15.128067819451001,0.0,7,16.0,13.0
1,85,4,2.0,17.061092020211017,0.0,7,16.0,13.0
1,85,5,2.4,10.193924008922089,0.0,7,16.0,13.0
1,85,6,2.0,24.32667677722766,0.0,7,16.0,13.0
1,85,7,1.8,13.213707715057568,0.0,7,16.0,13.0
1,85,8,2.0,15.732162972806393,0.0,7,16.0,13.0
1,85,9,1.4,16.664989143154205,0.0,7,16.0,13.0
1,85,10,2.2,15.097332063717662,0.0,7,16.0,13.0
1,85,11,2.0,14.800776920757826,0.0,7,16.0,13.0
1,85,12,2.0,20.89004270634218,0.0,7,16.0,13.0
1,85,13,1.8,28.118382108498665,0.0,7,16.0,13.0
1,85,14,1.8,16.714350981901866,0.0,7,16.0,13.0
1,85,15,2.2,19.109280606268733,0.0,7,16.0,13.0
1,85,16,2.2,19.501419152694893,0.0,7,16.0,13.0
1,85,17,2.2,16.334071745020204,0.0,7,16.0,13.0
1,85,18,1.8,20.196797778735938,0.0,7,16.0,13.0
1,85,19,1.8,20.23110344415285,0.0,7,16.0,13.0
1,85,20,2.6,11.34096752314862,0.0,7,16.0,13.0
1,85,21,1.8,24.45445729789442,0.0,7,16.0,13.0
1,85,22,2.6,10.267545237391179,0.0,7,16.0,13.0
1,85,23,2.0,14.668097810829426,0.0,7,16.0,13.0
1,85,24,2.4,11.19163069147655,0.125,7,16.0,13.0
1,85,25,2.0,16.92599736747956,0.0,7,16.0,13.0
1,85,26,1.8,17.107075328558565,0.0,7,16.0,13.0
1,85,27,2.0,21.526306221720688,0.0,7,16.0,13.0
1,85,28,2.4,10.45909739521672,0.0,7,16.0,13.0
1,85,29,2.4,12.375114178126216,0.0,7,16.0,13.0
2,85,1,2.4,16.691601373791606,0.0,7,16.0,13.0
2,85,2,2.2,13.040245796740038,0.0,7,16.0,13.0
2,85,3,2.6,12.865027196755605,0.0,7,16.0,13.0
2,85,4,2.6,11.584082073320644,0.0,7,16.0,13.0
2,85,5,2.2,13.809416790165052,0.0,7,16.0,13.0
2,85,6,2.6,10.541646644693031,0.0,7,16.0,13.0
2,85,7,2.0,14.925285953084531,0.0,7,16.0,13.0
2,85,8,1.6,20.322354615424267,0.0,7,16.0,13.0
2,85,9,2.8,11.579215551113494,0.125,7,16.0,13.0
2,85,10,2.4,11.020739914838096,0.0,7,16.0,13.0
2,85,11,2.0,14.542076148594358,0.0,7,16.0,13.0
2,85,12,2.0,13.105586613308635,0.0,7,16.0,13.0
2,85,13,2.6,10.135874904289578,0.125,7,16.0,13.0
2,85,14,4.2,6.9425231994972485,0.5454545454545454,7,16.0,13.0
2,85,15,1.6,21.88875907199365,0.0,7,16.0,13.0
2,85,16,2.0,17.398327038114168,0.0,7,16.0,13.0
2,85,17,2.2,15.38918915553782,0.0,7,16.0,13.0
2,85,18,2.2,13.242636995858648,0.0,7,16.0,13.0
2,85,19,2.2,13.244262296685426,0.0,7,16.0,13.0
2,85,20,2.4,14.939787442333627,0.0,7,16.0,13.0
2,85,21,2.0,17.625002673441095,0.0,7,16.0,13.0
2,85,22,2.0,15.75492717103547,0.0,7,16.0,13.0
2,85,23,2.8,14.68772106205185,0.125,7,16.0,13.0
2,85,24,2.0,11.913955133135213,0.0,7,16.0,13.0
2,85,25,1.8,13.697850773992615,0.0,7,16.0,13.0
2,85,26,2.2,11.637157953779997,0.0,7,16.0,13.0
2,85,27,2.4,13.675494759241245,0.0,6,16.0,13.0
3,85,1,2.0,15.20079187985145,0.0,7,16.0,13.0
3,85,2,2.2,13.554352557348352,0.0,7,16.0,13.0
3,85,3,2.4,12.713821073740945,0.0,7,16.0,13.0
3,85,4,2.2,15.066604809427172,0.0,7,16.0,13.0
3,85,5,2.2,12.70861243936301,0.0,7,16.0,13.0
3,85,6,2.2,12.290254484265969,0.0,7,16.0,13.0
3,85,7,2.0,12.253930471450776,0.0,7,16.0,13.0
3,85,8,1.8,17.6998355282178,0.0,7,16.0,13.0
3,85,9,1.8,12.55565733458804,0.0,7,16.0,13.0
3,85,10,2.8,16.203395317567004,0.125,7,16.0,13.0
3,85,11,2.2,13.445551651574467,0.0,7,16.0,13.0
3,85,12,2.4,12.386743768985044,0.0,7,16.0,13.0
3,85,13,2.2,14.186083452585663,0.0,7,16.0,13.0
3,85,14,2.4,12.313753904483894,0.0,7,16.0,13.0
3,85,15,2.4,12.550960445018104,0.0,7,16.0,13.0
3,85,16,2.2,12.519286228923004,0.0,7,16.0,13.0
3,85,17,2.6,10.609332729311472,0.0,7,16.0,13.0
3,85,18,2.6,10.205305611871244,0.0,7,16.0,13.0
3,85,19,2.0,18.619723340664127,0.0,7,16.0,13.0
3,85,20,2.4,11.11325759803429,0.0,7,16.0,13.0
3,85,21,2.2,25.98042680999657,0.0,7,16.0,13.0
3,85,22,2.2,13.324002351152055,0.0,7,16.0,13.0
3,85,23,2.2,14.425202092876392,0.0,7,16.0,13.0
3,85,24,1.8,16.157209209578806,0.0,7,16.0,13.0
3,85,25,2.6,10.471105111532014,0.0,7,16.0,13.0
3,85,26,2.4,10.688228073495893,0.0,7,16.0,13.0
3,85,27,2.6,10.237203534774668,0.0,7,16.0,13.0
3,85,28,2.0,17.117306114417673,0.0,6,16.0,13.0
1,86,1,2.8,17.773384135294485,0.0,7,16.0,13.0
1,86,2,2.8,16.432152281432256,0.0,7,16.0,13.0
1,86,3,2.8,15.7990669963164,0.0,7,16.0,13.0
1,86,4,2.2,15.313972864647084,0.0,7,16.0,13.0
1,86,5,2.4,9.379492899390872,0.0,7,16.0,13.0
1,86,6,2.2,20.255973286824805,0.0,7,16.0,13.0
1,86,7,2.0,14.811157639315205,0.0,7,16.0,13.0
1,86,8,2.2,12.285912570623738,0.0,7,16.0,13.0
1,86,9,1.6,15.70583029223143,0.0,7,16.0,13.0
1,86,10,2.4,15.271667163401494,0.0,7,16.0,13.0
1,86,11,1.6,17.543036707218935,0.0,7,16.0,13.0
1,86,12,2.0,17.22777989909343,0.0,7,16.0,13.0
1,86,13,2.0,12.861057842093043,0.0,7,16.0,13.0
1,86,14,2.2,20.53118360812602,0.0,7,16.0,13.0
1,86,15,1.8,30.66520756964224,0.0,7,16.0,13.0
1,86,16,2.2,17.62015537661939,0.0,7,16.0,13.0
1,86,17,2.2,12.42952219141759,0.0,7,16.0,13.0
1,86,18,1.6,28.543913145731377,0.0,7,16.0,13.0
1,86,19,1.6,18.49170232416269,0.0,7,16.0,13.0
1,86,20,2.4,15.379650794150765,0.0,7,16.0,13.0
1,86,21,2.0,14.963414831537946,0.0,7,16.0,13.0
1,86,22,2.0,15.784966658165198,0.0,7,16.0,13.0
1,86,23,2.2,16.14304085586888,0.0,7,16.0,13.0
1,86,24,2.0,10.63970294869821,0.125,7,16.0,13.0
1,86,25,1.6,49.92216263477014,0.0,7,16.0,13.0
1,86,26,1.8,14.103972130502092,0.0,7,16.0,13.0
1,86,27,2.8,11.571110745626362,0.0,7,16.0,13.0
1,86,28,2.2,16.84453275636183,0.0,7,16.0,13.0
1,86,29,2.6,10.154689952334145,0.0,7,16.0,13.0
2,86,1,2.4,21.579766058132705,0.0,7,16.0,13.0
2,86,2,2.2,13.62107739368803,0.0,7,16.0,13.0
2,86,3,2.6,16.467436392173376,0.0,7,16.0,13.0
2,86,4,2.0,16.95865976786304,0.0,7,16.0,13.0
2,86,5,2.0,15.580479510120997,0.0,7,16.0,13.0
2,86,6,2.6,10.147859572911715,0.0,7,16.0,13.0
2,86,7,2.2,14.556935670656364,0.0,7,16.0,13.0
2,86,8,2.0,12.140752846673724,0.0,7,16.0,13.0
2,86,9,2.6,11.241594187828257,0.125,7,16.0,13.0
2,86,10,2.2,11.789193002139282,0.0,7,16.0,13.0
2,86,11,1.6,25.73770637368087,0.0,7,16.0,13.0
2,86,12,1.8,19.025882395704667,0.0,7,16.0,13.0
2,86,13,1.6,20.97307752330216,0.0,7,16.0,13.0
2,86,14,1.8,16.905944660759815,0.0,7,16.0,13.0
2,86,15,2.2,11.124528612955674,0.0,7,16.0,13.0
2,86,16,1.8,26.836899678509376,0.0,7,16.0,13.0
2,86,17,2.4,13.011175163387398,0.0,7,16.0,13.0
2,86,18,1.8,13.663034987589878,0.0,7,16.0,13.0
2,86,19,2.0,17.75352937959517,0.0,7,16.0,13.0
2,86,20,1.6,22.834085226666293,0.0,7,16.0,13.0
2,86,21,2.2,11.106269595567566,0.0,7,16.0,13.0
2,86,22,2.8,10.876590576922439,0.0,7,16.0,13.0
2,86,23,1.8,19.52398662138653,0.0,7,16.0,13.0
2,86,24,2.0,14.2112855481686,0.0,7,16.0,13.0
2,86,25,2.4,15.11239642418301,0.0,7,16.0,13.0
2,86,26,2.0,16.809188716620834,0.0,7,16.0,13.0
2,86,27,2.0,13.241642179131457,0.0,7,16.0,13.0
2,86,28,2.4,9.174757229734032,0.0,7,16.0,13.0
2,86,29,2.2,13.646589421383606,0.0,7,16.0,13.0
3,86,1,2.4,9.93564347674926,0.0,7,16.0,13.0
3,86,2,2.8,11.1802116799058,0.0,7,16.0,13.0
3,86,3,1.6,16.16191001219687,0.0,7,16.0,13.0
3,86,4,2.2,19.914265933088668,0.0,7,16.0,13.0
3,86,5,1.8,16.442145273528126,0.0,7,16.0,13.0
3,86,6,2.2,12.152200154589332,0.0,7,16.0,13.0
3,86,7,2.2,11.826532579190468,0.0,7,16.0,13.0
3,86,8,2.0,14.373187334408708,0.0,7,16.0,13.0
3,86,9,2.0,12.153313625373173,0.0,7,16.0,13.0
3,86,10,2.2,19.3582708743811,0.0,7,16.0,13.0
3,86,11,2.6,11.062803387584857,0.0,7,16.0,13.0
3,86,12,2.4,14.668556999949432,0.0,7,16.0,13.0
3,86,13,1.8,13.257006096590509,0.0,7,16.0,13.0
3,86,14,2.2,16.79309714828567,0.0,7,16.0,13.0
3,86,15,2.4,11.168212279349925,0.0,7,16.0,13.0
3,86,16,2.2,13.557553716799909,0.0,7,16.0,13.0
3,86,17,2.2,14.509247116058813,0.0,7,16.0,13.0
3,86,18,2.2,12.484491240369548,0.0,7,16.0,13.0
3,86,19,2.4,14.771719121389403,0.0,7,16.0,13.0
3,86,20,2.4,13.874976034355292,0.0,7,16.0,13.0
3,86,21,2.4,14.819831447383592,0.0,7,16.0,13.0
3,86,22,2.2,14.470209385478588,0.0,7,16.0,13.0
3,86,23,2.2,15.250069003422531,0.0,7,16.0,13.0
3,86,24,1.8,19.221494223175522,0.0,7,16.0,13.0
3,86,25,2.2,16.55510525047282,0.0,7,16.0,13.0
3,86,26,2.6,8.641765220220398,0.0,7,16.0,13.0
3,86,27,2.0,13.80054251770385,0.0,7,16.0,13.0
3,86,28,2.4,13.221532452586926,0.0,7,16.0,13.0
1,87,1,2.8,14.951147039761219,0.0,7,16.0,13.0
1,87,2,2.8,12.561505990789522,0.0,7,16.0,13.0
1,87,3,2.8,13.319640804693996,0.0,7,16.0,13.0
1,87,4,2.2,12.16154200019453,0.0,7,16.0,13.0
1,87,5,2.4,11.402815822706705,0.0,7,16.0,13.0
1,87,6,1.8,35.00083073407321,0.0,7,16.0,13.0
1,87,7,2.2,11.121098702077752,0.0,7,16.0,13.0
1,87,8,1.6,29.901650568639553,0.0,7,16.0,13.0
1,87,9,2.0,12.970779889743442,0.0,7,16.0,13.0
1,87,10,2.2,15.327596806866534,0.0,7,16.0,13.0
1,87,11,2.0,15.834108879656329,0.0,7,16.0,13.0
1,87,12,1.8,20.46064530409671,0.0,7,16.0,13.0
1,87,13,2.2,15.764310204684278,0.0,7,16.0,13.0
1,87,14,2.2,17.91404841888187,0.0,7,16.0,13.0
1,87,15,2.6,14.390995212389274,0.0,7,16.0,13.0
1,87,16,2.0,18.263692298544623,0.0,7,16.0,13.0
1,87,17,2.0,14.809386149055218,0.0,7,16.0,13.0
1,87,18,1.6,43.323358757387645,0.0,7,16.0,13.0
1,87,19,1.8,19.321398978625385,0.0,7,16.0,13.0
1,87,20,2.4,14.13897707300961,0.0,7,16.0,13.0
1,87,21,2.0,15.138981983741663,0.0,7,16.0,13.0
1,87,22,2.2,21.8137378481486,0.0,7,16.0,13.0
1,87,23,2.0,14.80851836556077,0.0,7,16.0,13.0
1,87,24,2.6,12.451059155451137,0.125,7,16.0,13.0
1,87,25,2.2,13.242248514682416,0.0,7,16.0,13.0
1,87,26,2.0,20.196644692768206,0.0,7,16.0,13.0
1,87,27,2.4,11.886156617864383,0.0,7,16.0,13.0
1,87,28,1.8,18.509765969279535,0.0,7,16.0,13.0
1,87,29,2.4,11.397187920036634,0.0,6,16.0,13.0
2,87,1,2.0,26.97845822232159,0.0,7,16.0,13.0
2,87,2,2.6,11.722675524156786,0.0,7,16.0,13.0
2,87,3,3.0,11.553251937119137,0.125,7,16.0,13.0
2,87,4,1.8,14.970511108700343,0.0,7,16.0,13.0
2,87,5,2.2,15.380706428314527,0.0,7,16.0,13.0
2,87,6,2.2,14.40009259865278,0.0,7,16.0,13.0
2,87,7,2.0,15.624950365624018,0.0,7,16.0,13.0
2,87,8,2.0,12.481041183171637,0.0,7,16.0,13.0
2,87,9,1.8,23.360657134380148,0.0,7,16.0,13.0
2,87,10,2.2,17.40688822494819,0.125,7,16.0,13.0
2,87,11,2.0,15.801501032515597,0.0,7,16.0,13.0
2,87,12,2.0,13.446163280038567,0.0,7,16.0,13.0
2,87,13,2.2,14.09961842818223,0.0,7,16.0,13.0
2,87,14,1.8,15.91428736596086,0.0,7,16.0,13.0
2,87,15,2.4,15.013406413913438,0.0,7,16.0,13.0
2,87,16,1.6,25.583985590166055,0.0,7,16.0,13.0
2,87,17,1.8,20.34422180655566,0.0,7,16.0,13.0
2,87,18,2.0,17.120999881962835,0.0,7,16.0,13.0
2,87,19,2.2,16.04438946438058,0.0,7,16.0,13.0
2,87,20,2.4,10.146547811995326,0.0,7,16.0,13.0
2,87,21,2.6,11.539132352715708,0.0,7,16.0,13.0
2,87,22,2.6,13.944085167723639,0.0,7,16.0,13.0
2,87,23,2.6,11.131810877140639,0.0,7,16.0,13.0
2,87,24,2.2,15.435812751340235,0.0,7,16.0,13.0
2,87,25,2.4,14.125888363546062,0.0,7,16.0,13.0
2,87,26,2.2,11.289787755971476,0.0,7,16.0,13.0
2,87,27,2.2,10.146675172133698,0.0,7,16.0,13.0
2,87,28,2.0,14.40431272944572,0.0,7,16.0,13.0
2,87,29,1.25,32.174516601285845,0.0,4,16.0,13.0
3,87,1,2.2,12.614130112190166,0.0,7,16.0,13.0
3,87,2,2.4,12.703733847310263,0.0,7,16.0,13.0
3,87,3,2.0,12.297671095835693,0.0,7,16.0,13.0
3,87,4,2.0,15.515498947687941,0.0,7,16.0,13.0
3,87,5,1.8,16.0368337272602,0.0,7,16.0,13.0
3,87,6,2.4,10.334993134959383,0.0,7,16.0,13.0
3,87,7,2.4,11.028180084962438,0.0,7,16.0,13.0
3,87,8,2.4,10.464160273190224,0.0,7,16.0,13.0
3,87,9,2.2,14.84466694331515,0.0,7,16.0,13.0
3,87,10,1.8,19.13465569758014,0.0,7,16.0,13.0
3,87,11,2.0,15.723766287620451,0.0,7,16.0,13.0
3,87,12,1.8,30.302577246115582,0.0,7,16.0,13.0
3,87,13,1.8,17.496097327126186,0.0,7,16.0,13.0
3,87,14,2.0,13.138344287482553,0.0,7,16.0,13.0
3,87,15,1.4,35.7014596664852,0.0,7,16.0,13.0
3,87,16,2.2,12.102040395053047,0.0,7,16.0,13.0
3,87,17,2.4,13.622973258492465,0.0,7,16.0,13.0
3,87,18,2.2,16.639177598560316,0.0,7,16.0,13.0
3,87,19,2.4,9.963143819707014,0.0,7,16.0,13.0
3,87,20,2.2,18.289180611402937,0.0,7,16.0,13.0
3,87,21,2.4,13.306483317001684,0.0,7,16.0,13.0
3,87,22,2.2,16.818928667501602,0.0,7,16.0,13.0
3,87,23,2.4,12.73289292048986,0.0,7,16.0,13.0
3,87,24,2.0,17.65700940568624,0.0,7,16.0,13.0
3,87,25,1.6,16.801060992434156,0.0,7,16.0,13.0
3,87,26,1.6,30.025221884412595,0.0,7,16.0,13.0
3,87,27,2.4,14.717052395433273,0.0,7,16.0,13.0
3,87,28,2.2,10.330086006092808,0.0,7,16.0,13.0
3,87,29,2.2,13.656075189661049,0.0,7,16.0,13.0
3,87,30,1.6,23.681683450226984,0.0,7,16.0,13.0
1,88,1,2.8,15.489168417467505,0.0,7,16.0,13.0
1,88,2,2.8,15.663340167391322,0.0,7,16.0,13.0
1,88,3,2.8,13.871538435622815,0.0,7,16.0,13.0
1,88,4,2.0,14.418055730683513,0.0,7,16.0,13.0
1,88,5,2.0,12.110564291966615,0.0,7,16.0,13.0
1,88,6,2.0,26.76394988218491,0.0,7,16.0,13.0
1,88,7,2.0,13.17662933926635,0.0,7,16.0,13.0
1,88,8,2.0,15.982516509364018,0.0,7,16.0,13.0
1,88,9,1.6,17.357744617619183,0.0,7,16.0,13.0
1,88,10,1.6,19.72537664785794,0.0,7,16.0,13.0
1,88,11,2.4,12.267392203979679,0.0,7,16.0,13.0
1,88,12,1.6,23.876133882422987,0.0,7,16.0,13.0
1,88,13,2.2,20.895684792144912,0.0,7,16.0,13.0
1,88,14,2.0,14.511619346742409,0.0,7,16.0,13.0
1,88,15,2.4,16.425700851720688,0.0,7,16.0,13.0
1,88,16,1.6,37.24897318106415,0.0,7,16.0,13.0
1,88,17,2.4,13.544497132532,0.0,7,16.0,13.0
1,88,18,1.6,19.505393831507163,0.0,7,16.0,13.0
1,88,19,1.8,34.93389784939915,0.0,7,16.0,13.0
1,88,20,2.0,13.941025474518947,0.0,7,16.0,13.0
1,88,21,1.8,35.75377801078337,0.0,7,16.0,13.0
1,88,22,1.8,16.970089699904015,0.0,7,16.0,13.0
1,88,23,2.2,16.237727962246744,0.0,7,16.0,13.0
1,88,24,2.0,12.952202138841267,0.0,7,16.0,13.0
1,88,25,2.6,9.933191784041112,0.125,7,16.0,13.0
1,88,26,2.4,12.344690485856896,0.0,7,16.0,13.0
1,88,27,2.0,14.507692249653301,0.0,7,16.0,13.0
1,88,28,2.2,13.13801380986805,0.0,7,16.0,13.0
1,88,29,2.2,14.678588364837516,0.0,7,16.0,13.0
1,88,30,2.2,11.13735745240199,0.0,6,16.0,13.0
2,88,1,2.6,13.422897522015974,0.0,7,16.0,13.0
2,88,2,2.0,16.53946236121932,0.0,7,16.0,13.0
2,88,3,2.8,12.066747733754706,0.0,7,16.0,13.0
2,88,4,2.8,9.885592065741298,0.0,7,16.0,13.0
2,88,5,2.4,11.232748835777008,0.0,7,16.0,13.0
2,88,6,2.2,13.069915926752044,0.0,7,16.0,13.0
2,88,7,1.8,19.157487130132367,0.0,7,16.0,13.0
2,88,8,2.0,15.254297903129073,0.0,7,16.0,13.0
2,88,9,2.4,13.062791341549364,0.125,7,16.0,13.0
2,88,10,2.2,13.16101523562304,0.0,7,16.0,13.0
2,88,11,2.0,15.223599604060691,0.0,7,16.0,13.0
2,88,12,2.2,12.882588367335684,0.0,7,16.0,13.0
2,88,13,2.0,15.379635489864443,0.0,7,16.0,13.0
2,88,14,2.4,10.313017277985281,0.0,7,16.0,13.0
2,88,15,2.2,16.513155600255878,0.0,7,16.0,13.0
2,88,16,1.8,23.919772315564234,0.0,7,16.0,13.0
2,88,17,2.0,15.502103326785349,0.0,7,16.0,13.0
2,88,18,2.0,18.339098785556086,0.0,7,16.0,13.0
2,88,19,2.0,14.344659089387335,0.0,7,16.0,13.0
2,88,20,2.2,13.352254585360768,0.0,7,16.0,13.0
2,88,21,2.4,16.11910590166398,0.0,7,16.0,13.0
2,88,22,2.4,13.37997327783305,0.0,7,16.0,13.0
2,88,23,1.8,18.256091783954616,0.0,7,16.0,13.0
2,88,24,1.8,24.008624325221962,0.0,7,16.0,13.0
2,88,25,2.4,11.945892745579698,0.0,7,16.0,13.0
2,88,26,2.2,12.610251091217373,0.0,7,16.0,13.0
2,88,27,2.2,9.581249436821958,0.0,7,16.0,13.0
2,88,28,2.4,14.425146876062328,0.125,7,16.0,13.0
3,88,1,2.4,11.72627841550102,0.0,7,16.0,13.0
3,88,2,2.0,14.110766710996558,0.0,7,16.0,13.0
3,88,3,1.4,25.70432053910527,0.0,7,16.0,13.0
3,88,4,2.2,14.591664944329345,0.0,7,16.0,13.0
3,88,5,2.2,13.346340855247057,0.0,7,16.0,13.0
3,88,6,1.6,16.228783917485895,0.0,7,16.0,13.0
3,88,7,2.4,12.660933742571446,0.0,7,16.0,13.0
3,88,8,2.0,13.853469028483124,0.0,7,16.0,13.0
3,88,9,2.0,11.44550134200192,0.0,7,16.0,13.0
3,88,10,2.2,15.577390241349311,0.125,7,16.0,13.0
3,88,11,2.6,10.566105369690636,0.0,7,16.0,13.0
3,88,12,2.0,21.2118698836483,0.0,7,16.0,13.0
3,88,13,2.2,14.662182928508827,0.0,7,16.0,13.0
3,88,14,1.8,17.728818878659688,0.0,7,16.0,13.0
3,88,15,2.4,12.996960138284715,0.0,7,16.0,13.0
3,88,16,2.2,15.012682248982154,0.0,7,16.0,13.0
3,88,17,2.6,9.664480460001892,0.0,7,16.0,13.0
3,88,18,2.2,20.647457254420413,0.0,7,16.0,13.0
3,88,19,2.2,11.249031986534714,0.0,7,16.0,13.0
3,88,20,2.2,17.07037645951567,0.0,7,16.0,13.0
3,88,21,2.0,16.474795757125882,0.0,7,16.0,13.0
3,88,22,2.2,17.030173146395676,0.0,7,16.0,13.0
3,88,23,2.2,12.015241734293824,0.0,7,16.0,13.0
3,88,24,2.0,19.496027776346185,0.0,7,16.0,13.0
3,88,25,1.6,21.378074880154436,0.0,7,16.0,13.0
3,88,26,2.0,18.30378484408586,0.0,7,16.0,13.0
3,88,27,2.2,15.337853074576662,0.0,7,16.0,13.0
3,88,28,1.8,13.492914414952825,0.0,7,16.0,13.0
3,88,29,2.0,14.423197945579545,0.0,7,16.0,13.0
3,88,30,2.2,16.00547003426847,0.0,7,16.0,13.0
1,89,1,2.8,15.772965799957253,0.0,7,16.0,13.0
1,89,2,2.8,12.801676652520477,0.0,7,16.0,13.0
1,89,3,2.8,15.201246523277147,0.0,7,16.0,13.0
1,89,4,2.0,15.296424210494683,0.0,7,16.0,13.0
1,89,5,2.0,11.825377427411315,0.0,7,16.0,13.0
1,89,6,2.2,22.365179445590766,0.0,7,16.0,13.0
1,89,7,1.8,15.73196024110851,0.0,7,16.0,13.0
1,89,8,1.8,18.6938373142774,0.0,7,16.0,13.0
1,89,9,2.2,13.094211750182223,0.0,7,16.0,13.0
1,89,10,2.0,20.10114767917736,0.0,7,16.0,13.0
1,89,11,1.8,13.885234422699686,0.0,7,16.0,13.0
1,89,12,1.6,20.336842498785316,0.0,7,16.0,13.0
1,89,13,2.4,19.132522380587883,0.0,7,16.0,13.0
1,89,14,2.0,13.11855053218262,0.0,7,16.0,13.0
1,89,15,1.6,23.391504933339895,0.0,7,16.0,13.0
1,89,16,2.0,21.443229713665396,0.0,7,16.0,13.0
1,89,17,2.2,19.182328235852985,0.0,7,16.0,13.0
1,89,18,1.8,19.27078083664614,0.0,7,16.0,13.0
1,89,19,1.8,23.49346797094921,0.0,7,16.0,13.0
1,89,20,2.0,18.470504125442478,0.0,7,16.0,13.0
1,89,21,1.8,33.01165953865253,0.0,7,16.0,13.0
1,89,22,2.0,12.347225972411021,0.0,7,16.0,13.0
1,89,23,2.6,14.815437689485863,0.0,7,16.0,13.0
1,89,24,1.8,13.408293948262365,0.0,7,16.0,13.0
1,89,25,2.8,11.227210352746537,0.0,7,16.0,13.0
1,89,26,2.2,14.079875448977884,0.0,7,16.0,13.0
1,89,27,2.0,24.77163858088223,0.0,7,16.0,13.0
1,89,28,2.8,9.211003647200585,0.0,7,16.0,13.0
1,89,29,2.2,12.74485279718147,0.0,7,16.0,13.0
2,89,1,2.4,17.06416112472129,0.0,7,16.0,13.0
2,89,2,2.0,14.063945094058093,0.0,7,16.0,13.0
2,89,3,2.2,16.33592335488297,0.0,7,16.0,13.0
2,89,4,3.0,10.13131534239091,0.125,7,16.0,13.0
2,89,5,2.0,16.546320751280334,0.0,7,16.0,13.0
2,89,6,2.2,12.438022865719446,0.0,7,16.0,13.0
2,89,7,1.8,18.510365939340957,0.0,7,16.0,13.0
2,89,8,2.2,10.747952580218428,0.0,7,16.0,13.0
2,89,9,1.8,21.780061568238942,0.0,7,16.0,13.0
2,89,10,2.2,12.86624296275331,0.0,7,16.0,13.0
2,89,11,2.2,15.275205434515446,0.0,7,16.0,13.0
2,89,12,2.4,14.839071912907064,0.0,7,16.0,13.0
2,89,13,2.2,16.70961840546717,0.0,7,16.0,13.0
2,89,14,2.2,10.161473145752463,0.0,7,16.0,13.0
2,89,15,2.2,17.537427880249027,0.0,7,16.0,13.0
2,89,16,1.8,20.06696510632136,0.0,7,16.0,13.0
2,89,17,2.4,13.742658215496439,0.0,7,16.0,13.0
2,89,18,2.2,13.641851477275074,0.0,7,16.0,13.0
2,89,19,1.6,28.7922486205076,0.0,7,16.0,13.0
2,89,20,2.2,10.247173097360223,0.0,7,16.0,13.0
2,89,21,2.6,13.005390514699746,0.0,7,16.0,13.0
2,89,22,2.2,14.634773504263377,0.0,7,16.0,13.0
2,89,23,2.2,12.926577883981896,0.0,7,16.0,13.0
2,89,24,2.2,17.462540939017728,0.0,7,16.0,13.0
2,89,25,2.8,12.205907927987228,0.2222222222222222,7,16.0,13.0
2,89,26,1.8,18.045983412389194,0.0,7,16.0,13.0
2,89,27,1.8,12.295438375774454,0.0,7,16.0,13.0
2,89,28,2.2,12.35557992806459,0.0,7,16.0,13.0
3,89,1,2.2,13.072469155038503,0.0,7,16.0,13.0
3,89,2,2.6,11.206651083255368,0.0,7,16.0,13.0
3,89,3,2.6,10.27096999930023,0.0,7,16.0,13.0
3,89,4,2.2,15.005047919461038,0.0,7,16.0,13.0
3,89,5,2.2,10.814803569724313,0.0,7,16.0,13.0
3,89,6,2.2,14.249257765832715,0.0,7,16.0,13.0
3,89,7,2.4,10.48301382277796,0.0,7,16.0,13.0
3,89,8,1.8,14.280975004671605,0.0,7,16.0,13.0
3,89,9,2.6,15.689683819153629,0.125,7,16.0,13.0
3,89,10,2.4,11.03037626796228,0.0,7,16.0,13.0
3,89,11,2.0,19.285340922121502,0.0,7,16.0,13.0
3,89,12,2.2,13.323526990470441,0.0,7,16.0,13.0
3,89,13,1.8,14.563017982183498,0.0,7,16.0,13.0
3,89,14,1.6,22.43834960985442,0.0,7,16.0,13.0
3,89,15,2.6,11.027709643567459,0.0,7,16.0,13.0
3,89,16,2.2,10.471264972787584,0.0,7,16.0,13.0
3,89,17,2.0,16.563071085561493,0.0,7,16.0,13.0
3,89,18,2.2,13.025232953150898,0.0,7,16.0,13.0
3,89,19,2.2,16.691927587414717,0.0,7,16.0,13.0
3,89,20,2.6,11.382800877715335,0.0,7,16.0,13.0
3,89,21,2.0,21.462537398764706,0.0,7,16.0,13.0
3,89,22,2.6,11.581092193537955,0.0,7,16.0,13.0
3,89,23,2.4,14.682547678005063,0.0,7,16.0,13.0
3,89,24,2.0,14.708989819287432,0.0,7,16.0,13.0
3,89,25,1.8,16.16615037354694,0.0,7,16.0,13.0
3,89,26,2.6,9.359318195046246,0.0,7,16.0,13.0
3,89,27,2.0,11.59972982653589,0.0,7,16.0,13.0
3,89,28,2.4,12.07792441029573,0.0,7,16.0,13.0
1,90,1,2.8,13.979950639706754,0.0,7,16.0,13.0
1,90,2,2.8,17.686066834098654,0.0,7,16.0,13.0
1,90,3,2.6,12.704179722612407,0.0,7,16.0,13.0
1,90,4,2.0,16.19016724843226,0.0,7,16.0,13.0
1,90,5,2.0,11.002246183711096,0.0,7,16.0,13.0
1,90,6,2.4,20.279888341663757,0.0,7,16.0,13.0
1,90,7,1.8,15.292791741712788,0.0,7,16.0,13.0
1,90,8,1.4,35.211017728667535,0.0,7,16.0,13.0
1,90,9,1.8,22.29639025222759,0.0,7,16.0,13.0
1,90,10,2.2,14.759043689597,0.0,7,16.0,13.0
1,90,11,2.2,13.877785573706916,0.0,7,16.0,13.0
1,90,12,2.0,20.74620364442998,0.0,7,16.0,13.0
1,90,13,1.8,31.335100012414635,0.0,7,16.0,13.0
1,90,14,1.6,21.41999481998731,0.0,7,16.0,13.0
1,90,15,2.0,33.85145530891962,0.0,7,16.0,13.0
1,90,16,2.2,18.910094150072357,0.0,7,16.0,13.0
1,90,17,2.2,19.68436106386442,0.0,7,16.0,13.0
1,90,18,1.8,17.084501295586776,0.0,7,16.0,13.0
1,90,19,1.8,25.437058949656578,0.0,7,16.0,13.0
1,90,20,1.8,21.798205662582674,0.0,7,16.0,13.0
1,90,21,2.0,18.909035957734165,0.0,7,16.0,13.0
1,90,22,1.8,16.755018984987302,0.0,7,16.0,13.0
1,90,23,1.8,19.683077893786283,0.0,7,16.0,13.0
1,90,24,2.0,18.7245227376504,0.0,7,16.0,13.0
1,90,25,2.6,9.894808931669733,0.125,7,16.0,13.0
1,90,26,1.8,22.19911119609258,0.0,7,16.0,13.0
1,90,27,2.4,11.285478445706367,0.125,7,16.0,13.0
1,90,28,2.4,13.797055908532274,0.0,7,16.0,13.0
1,90,29,2.2,12.171201773102261,0.0,7,16.0,13.0
1,90,30,2.2,15.959129356419501,0.0,7,16.0,13.0
2,90,1,2.4,16.691601373791606,0.0,7,16.0,13.0
2,90,2,2.4,11.470874078155905,0.0,7,16.0,13.0
2,90,3,2.8,12.10592903258439,0.0,7,16.0,13.0
2,90,4,2.4,11.595772843076803,0.0,7,16.0,13.0
2,90,5,2.2,14.342530309686376,0.0,7,16.0,13.0
2,90,6,1.6,17.57280324212304,0.0,7,16.0,13.0
2,90,7,1.8,17.20834737202163,0.0,7,16.0,13.0
2,90,8,2.2,11.325102837872194,0.0,7,16.0,13.0
2,90,9,1.8,21.32443310367652,0.0,7,16.0,13.0
2,90,10,3.0,9.799775357056596,0.0,7,16.0,13.0
2,90,11,1.8,18.147778200143744,0.0,7,16.0,13.0
2,90,12,2.0,22.176354739977153,0.0,7,16.0,13.0
2,90,13,2.4,12.445276996481732,0.0,7,16.0,13.0
2,90,14,1.8,11.036735344608497,0.0,7,16.0,13.0
2,90,15,1.8,20.80858876258319,0.0,7,16.0,13.0
2,90,16,2.0,20.313455177243853,0.0,7,16.0,13.0
2,90,17,2.4,13.926348601997626,0.0,7,16.0,13.0
2,90,18,2.2,13.914444195194559,0.0,7,16.0,13.0
2,90,19,1.8,17.79049348498573,0.0,7,16.0,13.0
2,90,20,2.6,10.00777900851881,0.0,7,16.0,13.0
2,90,21,2.4,12.872630174151722,0.0,7,16.0,13.0
2,90,22,2.4,14.333892145898249,0.0,7,16.0,13.0
2,90,23,1.8,19.619694535125394,0.0,7,16.0,13.0
2,90,24,1.6,29.537849184944932,0.0,7,16.0,13.0
2,90,25,2.0,17.00489223254352,0.0,7,16.0,13.0
2,90,26,2.0,14.977352285821665,0.0,7,16.0,13.0
2,90,27,2.2,9.281115162169009,0.0,7,16.0,13.0
2,90,28,2.4,9.985412423262453,0.0,7,16.0,13.0
2,90,29,1.8,20.8875936933676,0.0,7,16.0,13.0
3,90,1,2.0,15.91266850628429,0.0,7,16.0,13.0
3,90,2,2.2,13.988359419240094,0.0,7,16.0,13.0
3,90,3,2.0,14.578993871264078,0.0,7,16.0,13.0
3,90,4,2.6,13.576784782057166,0.0,7,16.0,13.0
3,90,5,2.4,9.951351775482296,0.0,7,16.0,13.0
3,90,6,2.2,12.85541412805044,0.0,7,16.0,13.0
3,90,7,1.6,17.875723636535824,0.0,7,16.0,13.0
3,90,8,2.2,11.783873037215814,0.0,7,16.0,13.0
3,90,9,2.4,10.916848103658284,0.0,7,16.0,13.0
3,90,10,3.0,9.818267716716461,0.125,7,16.0,13.0
3,90,11,2.2,14.320413410594561,0.0,7,16.0,13.0
3,90,12,2.2,13.295529159730682,0.0,7,16.0,13.0
3,90,13,2.2,13.09058530934527,0.0,7,16.0,13.0
3,90,14,2.2,14.09096116779257,0.0,7,16.0,13.0
3,90,15,3.0,10.881185702946011,0.125,7,16.0,13.0
3,90,16,1.8,12.277423222829407,0.0,7,16.0,13.0
3,90,17,2.2,15.877101202172023,0.0,7,16.0,13.0
3,90,18,2.2,11.0658571881535,0.0,7,16.0,13.0
3,90,19,2.4,16.286963576649278,0.0,7,16.0,13.0
3,90,20,2.4,11.695359505094475,0.0,7,16.0,13.0
3,90,21,2.4,17.362840590719024,0.0,7,16.0,13.0
3,90,22,2.6,12.486660093223975,0.0,7,16.0,13.0
3,90,23,1.8,14.999227109811695,0.0,7,16.0,13.0
3,90,24,2.2,15.23678966136987,0.0,7,16.0,13.0
3,90,25,2.2,12.98787920875837,0.0,7,16.0,13.0
3,90,26,2.4,10.893757822486286,0.0,7,16.0,13.0
3,90,27,2.0,13.759446613878035,0.0,7,16.0,13.0
3,90,28,2.0,14.082511773670781,0.0,5,16.0,13.0
1,91,1,2.8,16.50750079560789,0.0,7,16.0,13.0
1,91,2,2.8,13.399457859186153,0.0,7,16.0,13.0
1,91,3,2.6,16.31591855625912,0.0,7,16.0,13.0
1,91,4,2.2,14.554479477924612,0.0,7,16.0,13.0
1,91,5,2.0,12.778259586963028,0.0,7,16.0,13.0
1,91,6,2.0,24.089209430043677,0.0,7,16.0,13.0
1,91,7,1.6,15.542041030454287,0.0,7,16.0,13.0
1,91,8,1.8,16.93927245981877,0.0,7,16.0,13.0
1,91,9,1.6,21.86159685149343,0.0,7,16.0,13.0
1,91,10,1.6,17.688185736465424,0.0,7,16.0,13.0
1,91,11,1.8,23.934582958158003,0.0,7,16.0,13.0
1,91,12,2.0,14.06069343769042,0.0,7,16.0,13.0
1,91,13,1.8,23.58357705619252,0.0,7,16.0,13.0
1,91,14,2.0,19.536350075483107,0.0,7,16.0,13.0
1,91,15,2.2,14.863303261256512,0.0,7,16.0,13.0
1,91,16,2.2,16.16877512758984,0.0,7,16.0,13.0
1,91,17,2.2,27.144723214886255,0.0,7,16.0,13.0
1,91,18,2.2,14.18503950039381,0.0,7,16.0,13.0
1,91,19,2.0,21.696563330629782,0.0,7,16.0,13.0
1,91,20,2.2,13.549687426616124,0.0,7,16.0,13.0
1,91,21,2.4,15.322000907345446,0.0,7,16.0,13.0
1,91,22,1.8,15.35269538214555,0.0,7,16.0,13.0
1,91,23,2.0,19.154040407806065,0.0,7,16.0,13.0
1,91,24,2.2,11.266219012586662,0.0,7,16.0,13.0
1,91,25,2.4,13.423316248120969,0.125,7,16.0,13.0
1,91,26,2.6,10.204278115151041,0.125,7,16.0,13.0
1,91,27,2.2,14.416185029344977,0.0,7,16.0,13.0
1,91,28,1.8,15.688339442448886,0.0,7,16.0,13.0
1,91,29,2.0,13.985170108338835,0.0,7,16.0,13.0
1,91,30,2.0,11.550827449039874,0.0,5,16.0,13.0
2,91,1,2.4,14.938538217178404,0.0,7,16.0,13.0
2,91,2,2.4,12.130658226405524,0.0,7,16.0,13.0
2,91,3,2.8,11.32160222300184,0.0,7,16.0,13.0
2,91,4,2.4,12.394759881266106,0.0,7,16.0,13.0
2,91,5,2.8,9.790762005375893,0.0,7,16.0,13.0
2,91,6,2.4,11.604995925663445,0.0,7,16.0,13.0
2,91,7,1.8,20.397329650183284,0.0,7,16.0,13.0
2,91,8,2.2,13.545490288281643,0.0,7,16.0,13.0
2,91,9,2.6,10.767129266765247,0.125,7,16.0,13.0
2,91,10,2.0,16.986415056881718,0.0,7,16.0,13.0
2,91,11,2.0,17.481615911367136,0.0,7,16.0,13.0
2,91,12,2.2,15.298745167238977,0.0,7,16.0,13.0
2,91,13,3.0,7.958643201597,0.125,7,16.0,13.0
2,91,14,2.2,20.426211211186125,0.0,7,16.0,13.0
2,91,15,2.0,16.0158365333875,0.0,7,16.0,13.0
2,91,16,2.0,18.50214073868165,0.0,7,16.0,13.0
2,91,17,2.0,19.618897968182473,0.0,7,16.0,13.0
2,91,18,2.2,12.780171490352362,0.0,7,16.0,13.0
2,91,19,1.6,17.410443385635183,0.0,7,16.0,13.0
2,91,20,2.4,15.41850509613117,0.0,7,16.0,13.0
2,91,21,2.6,12.701276033512391,0.0,7,16.0,13.0
2,91,22,2.0,14.306515688012908,0.0,7,16.0,13.0
2,91,23,2.6,12.893798647738766,0.0,7,16.0,13.0
2,91,24,2.2,14.272702605247472,0.0,7,16.0,13.0
2,91,25,2.2,13.209425628342517,0.0,7,16.0,13.0
2,91,26,2.0,11.543433145228116,0.0,7,16.0,13.0
2,91,27,2.0,13.664151962720915,0.0,7,16.0,13.0
3,91,1,2.2,13.44608017229315,0.0,7,16.0,13.0
3,91,2,2.0,14.818986882652428,0.0,7,16.0,13.0
3,91,3,2.0,13.947317207906643,0.0,7,16.0,13.0
3,91,4,2.0,18.68114941437834,0.0,7,16.0,13.0
3,91,5,2.4,10.416067446733669,0.0,7,16.0,13.0
3,91,6,2.2,12.68037513432478,0.0,7,16.0,13.0
3,91,7,2.2,12.634304846215057,0.0,7,16.0,13.0
3,91,8,1.8,19.851264418450818,0.0,7,16.0,13.0
3,91,9,2.0,11.494909605314259,0.0,7,16.0,13.0
3,91,10,2.2,18.923199927709373,0.0,7,16.0,13.0
3,91,11,2.8,9.349979880116143,0.0,7,16.0,13.0
3,91,12,2.2,13.724614671171635,0.0,7,16.0,13.0
3,91,13,1.6,19.332902700049832,0.0,7,16.0,13.0
3,91,14,2.4,12.472992118069683,0.0,7,16.0,13.0
3,91,15,2.4,11.9409433993614,0.125,7,16.0,13.0
3,91,16,2.2,16.2372840316975,0.0,7,16.0,13.0
3,91,17,2.0,12.242746285549932,0.0,7,16.0,13.0
3,91,18,2.8,9.888943915825335,0.0,7,16.0,13.0
3,91,19,2.4,14.322040449745227,0.0,7,16.0,13.0
3,91,20,2.4,14.29660607357363,0.125,7,16.0,13.0
3,91,21,2.0,19.929445914580647,0.0,7,16.0,13.0
3,91,22,2.4,14.175318842257514,0.0,7,16.0,13.0
3,91,23,2.4,12.230475677098902,0.125,7,16.0,13.0
3,91,24,2.0,14.70564785906308,0.0,7,16.0,13.0
3,91,25,2.0,18.163336740561572,0.0,7,16.0,13.0
3,91,26,2.0,13.69900193643367,0.0,7,16.0,13.0
3,91,27,2.4,9.86749273776369,0.0,7,16.0,13.0
3,91,28,2.2,15.878806207137176,0.0,7,16.0,13.0
3,91,29,1.4,18.396682990308413,0.0,5,16.0,13.0
1,92,1,2.8,13.915385253958494,0.0,7,16.0,13.0
1,92,2,2.8,15.42281083602879,0.0,7,16.0,13.0
1,92,3,2.6,12.467619585701359,0.0,7,16.0,13.0
1,92,4,2.0,16.822943602348875,0.0,7,16.0,13.0
1,92,5,2.6,8.93935096662601,0.0,7,16.0,13.0
1,92,6,2.2,15.65381479944033,0.0,7,16.0,13.0
1,92,7,2.0,13.955179458788031,0.0,7,16.0,13.0
1,92,8,2.2,14.450740449682181,0.0,7,16.0,13.0
1,92,9,1.8,17.64646042420301,0.0,7,16.0,13.0
1,92,10,2.4,14.39605825893313,0.0,7,16.0,13.0
1,92,11,2.0,14.897765826754783,0.0,7,16.0,13.0
1,92,12,2.2,16.97354644202406,0.0,7,16.0,13.0
1,92,13,1.4,25.93883107174076,0.0,7,16.0,13.0
1,92,14,2.4,18.087979819367728,0.0,7,16.0,13.0
1,92,15,1.8,20.338323941043825,0.0,7,16.0,13.0
1,92,16,2.0,24.145409668308723,0.0,7,16.0,13.0
1,92,17,2.0,17.97789492985661,0.0,7,16.0,13.0
1,92,18,1.6,25.121283146532576,0.0,7,16.0,13.0
1,92,19,2.0,17.331859311075316,0.0,7,16.0,13.0
1,92,20,1.8,19.569352286663715,0.0,7,16.0,13.0
1,92,21,1.8,25.163132636094698,0.0,7,16.0,13.0
1,92,22,2.0,13.009130721277096,0.0,7,16.0,13.0
1,92,23,2.2,19.689261636519415,0.0,7,16.0,13.0
1,92,24,2.0,13.475407131420546,0.0,7,16.0,13.0
1,92,25,2.0,17.82011853693023,0.0,7,16.0,13.0
1,92,26,2.2,13.481386869427972,0.125,7,16.0,13.0
1,92,27,2.2,20.14011778416135,0.0,7,16.0,13.0
1,92,28,2.0,13.505967839859919,0.0,7,16.0,13.0
1,92,29,3.0,8.856491496055424,0.125,7,16.0,13.0
2,92,1,2.2,20.879815879790716,0.0,7,16.0,13.0
2,92,2,2.2,13.701650418804011,0.0,7,16.0,13.0
2,92,3,2.2,15.666414563145599,0.0,7,16.0,13.0
2,92,4,2.8,9.728634501153552,0.125,7,16.0,13.0
2,92,5,2.4,12.90988579809105,0.0,7,16.0,13.0
2,92,6,2.6,9.683046043740113,0.0,7,16.0,13.0
2,92,7,2.0,18.497827604635557,0.0,7,16.0,13.0
2,92,8,2.2,11.075225977046921,0.0,7,16.0,13.0
2,92,9,2.6,13.765496166570806,0.125,7,16.0,13.0
2,92,10,2.0,15.115848808582738,0.0,7,16.0,13.0
2,92,11,2.4,12.294183944438688,0.0,7,16.0,13.0
2,92,12,2.2,13.95752013906712,0.0,7,16.0,13.0
2,92,13,2.0,14.317758345559097,0.0,7,16.0,13.0
2,92,14,2.4,12.574853110607101,0.0,7,16.0,13.0
2,92,15,2.0,19.687096752063145,0.0,7,16.0,13.0
2,92,16,2.6,13.088553752985288,0.0,7,16.0,13.0
2,92,17,2.2,14.238372740973356,0.0,7,16.0,13.0
2,92,18,2.0,15.409210561614437,0.0,7,16.0,13.0
2,92,19,2.0,12.4098908662433,0.0,7,16.0,13.0
2,92,20,2.6,16.101543775776904,0.0,7,16.0,13.0
2,92,21,2.2,12.088492901851838,0.0,7,16.0,13.0
2,92,22,1.8,17.7287176873127,0.0,7,16.0,13.0
2,92,23,2.2,14.853631395382608,0.0,7,16.0,13.0
2,92,24,2.8,10.307226711828894,0.0,7,16.0,13.0
2,92,25,2.0,13.594841819625213,0.0,7,16.0,13.0
2,92,26,2.4,9.161014874533004,0.0,7,16.0,13.0
2,92,27,1.8,15.70394065131824,0.0,7,16.0,13.0
2,92,28,1.5,27.0007974658203,0.0,4,16.0,13.0
3,92,1,2.4,11.61493361597639,0.0,7,16.0,13.0
3,92,2,2.6,11.053556034292095,0.0,7,16.0,13.0
3,92,3,2.8,10.200064639637572,0.0,7,16.0,13.0
3,92,4,2.4,12.066726481941062,0.0,7,16.0,13.0
3,92,5,2.0,12.002666030150884,0.0,7,16.0,13.0
3,92,6,2.0,14.178190100561796,0.0,7,16.0,13.0
3,92,7,1.6,14.761665348243088,0.0,7,16.0,13.0
3,92,8,2.6,9.541086860252676,0.0,7,16.0,13.0
3,92,9,2.6,15.22129338718698,0.125,7,16.0,13.0
3,92,10,1.6,23.359383932623338,0.0,7,16.0,13.0
3,92,11,2.2,14.387789005301508,0.0,7,16.0,13.0
3,92,12,2.0,18.13066974416862,0.0,7,16.0,13.0
3,92,13,2.2,12.078652908244704,0.0,7,16.0,13.0
3,92,14,1.6,24.479366134857955,0.0,7,16.0,13.0
3,92,15,2.4,11.24590101054575,0.125,7,16.0,13.0
3,92,16,2.2,13.369088717378112,0.0,7,16.0,13.0
3,92,17,2.8,10.468328640038882,0.0,7,16.0,13.0
3,92,18,2.4,11.847669718988575,0.0,7,16.0,13.0
3,92,19,2.0,17.660332317485725,0.0,7,16.0,13.0
3,92,20,2.4,14.762962927094442,0.125,7,16.0,13.0
3,92,21,2.0,22.318684272608397,0.0,7,16.0,13.0
3,92,22,2.0,15.654820524205649,0.0,7,16.0,13.0
3,92,23,2.0,14.823775706166339,0.0,7,16.0,13.0
3,92,24,2.4,13.206667824698945,0.0,7,16.0,13.0
3,92,25,2.2,13.51808186450289,0.0,7,16.0,13.0
3,92,26,2.2,9.924103612792337,0.0,7,16.0,13.0
3,92,27,2.4,12.172498386877493,0.0,7,16.0,13.0
3,92,28,2.0,13.315787710503551,0.0,7,16.0,13.0
1,93,1,2.8,15.101015253888722,0.0,7,16.0,13.0
1,93,2,2.8,13.611320513898383,0.0,7,16.0,13.0
1,93,3,2.8,12.517280599171066,0.0,7,16.0,13.0
1,93,4,1.6,22.435269456371632,0.0,7,16.0,13.0
1,93,5,2.0,11.10369127339243,0.0,7,16.0,13.0
1,93,6,2.6,13.312148046955937,0.0,7,16.0,13.0
1,93,7,1.8,12.658560830920804,0.0,7,16.0,13.0
1,93,8,1.6,17.73565460830088,0.0,7,16.0,13.0
1,93,9,2.2,12.946209151469528,0.0,7,16.0,13.0
1,93,10,1.6,25.05960066779568,0.0,7,16.0,13.0
1,93,11,2.2,11.45151224588853,0.0,7,16.0,13.0
1,93,12,1.4,43.78683720894654,0.0,7,16.0,13.0
1,93,13,2.4,16.192408756261262,0.0,7,16.0,13.0
1,93,14,2.2,13.047987374891704,0.0,7,16.0,13.0
1,93,15,2.2,19.296543254920635,0.0,7,16.0,13.0
1,93,16,2.0,26.942204515955144,0.0,7,16.0,13.0
1,93,17,1.8,19.548727007572644,0.0,7,16.0,13.0
1,93,18,1.8,17.1827176161879,0.0,7,16.0,13.0
1,93,19,1.8,32.13915625827738,0.0,7,16.0,13.0
1,93,20,2.4,13.448455724395997,0.0,7,16.0,13.0
1,93,21,2.2,17.24328434313238,0.0,7,16.0,13.0
1,93,22,2.0,14.315848480281078,0.0,7,16.0,13.0
1,93,23,2.4,13.393963426955954,0.0,7,16.0,13.0
1,93,24,2.2,13.367536098645893,0.125,7,16.0,13.0
1,93,25,2.2,14.25241519726919,0.0,7,16.0,13.0
1,93,26,2.2,13.566462814570654,0.0,7,16.0,13.0
1,93,27,2.6,11.747079447889464,0.0,7,16.0,13.0
1,93,28,3.4,8.372531138501937,0.2222222222222222,7,16.0,13.0
1,93,29,1.8,16.610198139403497,0.0,5,16.0,13.0
2,93,1,2.6,13.724096176467262,0.0,7,16.0,13.0
2,93,2,2.6,10.841333678492118,0.0,7,16.0,13.0
2,93,3,3.2,11.88348931107137,0.125,7,16.0,13.0
2,93,4,2.2,11.601749965630002,0.0,7,16.0,13.0
2,93,5,2.2,12.032335945056156,0.0,7,16.0,13.0
2,93,6,1.8,18.42468895009427,0.0,7,16.0,13.0
2,93,7,2.2,13.983990466021384,0.0,7,16.0,13.0
2,93,8,2.2,11.786245633069466,0.0,7,16.0,13.0
2,93,9,2.2,12.591135998377103,0.0,7,16.0,13.0
2,93,10,2.2,14.849773537849046,0.0,7,16.0,13.0
2,93,11,2.0,14.4732512608373,0.0,7,16.0,13.0
2,93,12,2.4,12.067034743897775,0.0,7,16.0,13.0
2,93,13,1.8,18.831959745607154,0.0,7,16.0,13.0
2,93,14,1.8,16.175865361679815,0.0,7,16.0,13.0
2,93,15,2.6,12.874304364752485,0.0,7,16.0,13.0
2,93,16,2.4,13.48749428933173,0.0,7,16.0,13.0
2,93,17,2.0,16.11646447150856,0.0,7,16.0,13.0
2,93,18,2.2,13.385703966865798,0.0,7,16.0,13.0
2,93,19,2.2,12.260316209969485,0.0,7,16.0,13.0
2,93,20,2.6,12.537831346206707,0.125,7,16.0,13.0
2,93,21,2.0,15.943401720796434,0.0,7,16.0,13.0
2,93,22,1.8,19.168351626127397,0.0,7,16.0,13.0
2,93,23,1.8,16.51114394044464,0.0,7,16.0,13.0
2,93,24,2.8,13.894898358369801,0.125,7,16.0,13.0
2,93,25,2.6,10.448332133087728,0.125,7,16.0,13.0
2,93,26,2.0,9.802157412569816,0.0,7,16.0,13.0
2,93,27,2.6,11.567129221838922,0.125,7,16.0,13.0
3,93,1,2.4,11.549135951196357,0.0,7,16.0,13.0
3,93,2,2.6,10.46712861065727,0.0,7,16.0,13.0
3,93,3,2.0,16.486697968955355,0.0,7,16.0,13.0
3,93,4,2.2,18.82590583165337,0.0,7,16.0,13.0
3,93,5,2.2,12.265767414771279,0.0,7,16.0,13.0
3,93,6,1.8,15.02337265036568,0.0,7,16.0,13.0
3,93,7,2.4,10.86386053128501,0.0,7,16.0,13.0
3,93,8,2.2,11.883885075924772,0.0,7,16.0,13.0
3,93,9,1.4,25.040401860087318,0.0,7,16.0,13.0
3,93,10,2.0,21.566066295465905,0.0,7,16.0,13.0
3,93,11,2.2,12.091131860487812,0.0,7,16.0,13.0
3,93,12,2.4,15.214481820365155,0.0,7,16.0,13.0
3,93,13,2.6,9.545884826725478,0.0,7,16.0,13.0
3,93,14,2.4,12.191031479920655,0.0,7,16.0,13.0
3,93,15,2.0,15.40127669707303,0.0,7,16.0,13.0
3,93,16,2.0,17.19510662159533,0.0,7,16.0,13.0
3,93,17,2.8,10.957735421363557,0.125,7,16.0,13.0
3,93,18,2.4,10.610653469230769,0.0,7,16.0,13.0
3,93,19,1.6,29.27330058081682,0.0,7,16.0,13.0
3,93,20,2.6,14.982859683937072,0.125,7,16.0,13.0
3,93,21,2.0,18.941890382638526,0.0,7,16.0,13.0
3,93,22,2.2,14.642005002586043,0.0,7,16.0,13.0
3,93,23,2.4,11.488746419248622,0.0,7,16.0,13.0
3,93,24,2.2,14.378372020711756,0.0,7,16.0,13.0
3,93,25,2.6,13.076253206629783,0.0,7,16.0,13.0
3,93,26,2.2,11.168633865289266,0.0,7,16.0,13.0
3,93,27,2.2,11.97878034415614,0.0,7,16.0,13.0
3,93,28,2.0,15.05271017478533,0.0,7,16.0,13.0
1,94,1,2.8,16.196915728264646,0.0,7,16.0,13.0
1,94,2,2.8,17.582857353565565,0.0,7,16.0,13.0
1,94,3,2.6,13.411013198204369,0.0,7,16.0,13.0
1,94,4,2.4,13.523975841016323,0.0,7,16.0,13.0
1,94,5,2.6,9.382628910355976,0.0,7,16.0,13.0
1,94,6,2.0,20.37826347864577,0.0,7,16.0,13.0
1,94,7,2.2,14.157477222182148,0.0,7,16.0,13.0
1,94,8,1.6,20.542298437511047,0.0,7,16.0,13.0
1,94,9,1.8,16.23473200143051,0.0,7,16.0,13.0
1,94,10,2.4,15.152607454114266,0.0,7,16.0,13.0
1,94,11,1.8,13.876896984586319,0.0,7,16.0,13.0
1,94,12,1.6,19.70752861997514,0.0,7,16.0,13.0
1,94,13,2.2,15.169067611239129,0.0,7,16.0,13.0
1,94,14,2.2,19.668117416517426,0.0,7,16.0,13.0
1,94,15,2.6,13.164854323380094,0.0,7,16.0,13.0
1,94,16,2.0,17.778737902430116,0.0,7,16.0,13.0
1,94,17,1.6,19.16433846393802,0.0,7,16.0,13.0
1,94,18,2.4,14.921448953771492,0.0,7,16.0,13.0
1,94,19,1.6,19.824945018308988,0.0,7,16.0,13.0
1,94,20,2.6,12.984391085775218,0.0,7,16.0,13.0
1,94,21,2.0,17.11986727855593,0.0,7,16.0,13.0
1,94,22,2.0,17.486580405893257,0.0,7,16.0,13.0
1,94,23,2.2,12.402403939595722,0.0,7,16.0,13.0
1,94,24,2.8,12.151829458095738,0.125,7,16.0,13.0
1,94,25,1.6,18.67791052004881,0.0,7,16.0,13.0
1,94,26,2.0,27.345323297337764,0.0,7,16.0,13.0
1,94,27,2.2,12.206562775640286,0.0,7,16.0,13.0
1,94,28,3.2,7.888126663287188,0.125,7,16.0,13.0
2,94,1,2.2,17.731991326950535,0.0,7,16.0,13.0
2,94,2,2.2,13.198977941302433,0.0,7,16.0,13.0
2,94,3,3.2,10.93092388879489,0.125,7,16.0,13.0
2,94,4,1.8,14.508836935746288,0.0,7,16.0,13.0
2,94,5,2.2,13.84838114552039,0.0,7,16.0,13.0
2,94,6,1.8,15.769319800364771,0.0,7,16.0,13.0
2,94,7,2.4,12.628489257064555,0.0,7,16.0,13.0
2,94,8,1.8,15.185414375353323,0.0,7,16.0,13.0
2,94,9,2.0,14.320692564534903,0.0,7,16.0,13.0
2,94,10,2.2,12.78555373763104,0.0,7,16.0,13.0
2,94,11,2.4,11.282566718125912,0.0,7,16.0,13.0
2,94,12,2.2,18.907695787082734,0.0,7,16.0,13.0
2,94,13,1.8,19.842428108819576,0.0,7,16.0,13.0
2,94,14,2.6,9.917776069264237,0.125,7,16.0,13.0
2,94,15,2.4,14.592204363395044,0.0,7,16.0,13.0
2,94,16,2.0,16.0158365333875,0.0,7,16.0,13.0
2,94,17,2.0,16.822735383624483,0.0,7,16.0,13.0
2,94,18,1.8,20.465918623329106,0.0,7,16.0,13.0
2,94,19,1.8,16.858763007947477,0.0,7,16.0,13.0
2,94,20,2.0,12.310276281603375,0.0,7,16.0,13.0
2,94,21,2.4,13.972846563239974,0.0,7,16.0,13.0
2,94,22,2.2,14.964335374381792,0.0,7,16.0,13.0
2,94,23,2.0,16.103847089517814,0.0,7,16.0,13.0
2,94,24,2.4,15.544661903964505,0.0,7,16.0,13.0
2,94,25,2.8,11.193856729439561,0.125,7,16.0,13.0
2,94,26,1.8,16.97003851170907,0.0,7,16.0,13.0
2,94,27,1.8,12.721676283835901,0.0,7,16.0,13.0
2,94,28,1.4,16.40658616948751,0.0,7,16.0,13.0
2,94,29,2.2,13.312479211531771,0.125,7,16.0,13.0
3,94,1,2.2,12.090477754339076,0.0,7,16.0,13.0
3,94,2,2.2,15.838804622912981,0.0,7,16.0,13.0
3,94,3,1.8,16.891152391746203,0.0,7,16.0,13.0
3,94,4,2.6,12.444199878610538,0.0,7,16.0,13.0
3,94,5,2.6,9.711355092882254,0.0,7,16.0,13.0
3,94,6,1.6,15.639470016510176,0.0,7,16.0,13.0
3,94,7,2.2,10.8220737107967,0.0,7,16.0,13.0
3,94,8,2.2,12.193693464707831,0.0,7,16.0,13.0
3,94,9,2.2,14.452476269927473,0.0,7,16.0,13.0
3,94,10,2.2,17.828740445074594,0.0,7,16.0,13.0
3,94,11,2.4,11.355491188383336,0.0,7,16.0,13.0
3,94,12,2.2,18.0362995922147,0.0,7,16.0,13.0
3,94,13,2.2,13.427336025506241,0.0,7,16.0,13.0
3,94,14,1.8,18.64347466899149,0.0,7,16.0,13.0
3,94,15,2.4,10.148940380520447,0.0,7,16.0,13.0
3,94,16,2.4,12.986598425165164,0.0,7,16.0,13.0
3,94,17,2.2,16.460056734187088,0.0,7,16.0,13.0
3,94,18,2.0,15.213350647935401,0.0,7,16.0,13.0
3,94,19,2.4,14.91581816981581,0.0,7,16.0,13.0
3,94,20,2.0,19.99131775637117,0.0,7,16.0,13.0
3,94,21,2.6,11.706775643787479,0.0,7,16.0,13.0
3,94,22,2.2,18.05380006818705,0.0,7,16.0,13.0
3,94,23,2.0,14.208131391422027,0.0,7,16.0,13.0
3,94,24,2.0,18.554052281237926,0.0,7,16.0,13.0
3,94,25,2.0,17.240686155577414,0.0,7,16.0,13.0
3,94,26,2.0,12.519431447002031,0.0,7,16.0,13.0
3,94,27,2.0,12.083701956594531,0.0,7,16.0,13.0
3,94,28,2.2,10.143329898077736,0.0,7,16.0,13.0
3,94,29,2.2,14.08832822913316,0.0,7,16.0,13.0
1,95,1,2.8,14.144016140131432,0.0,7,16.0,13.0
1,95,2,2.8,15.189557011957135,0.0,7,16.0,13.0
1,95,3,2.8,13.088204516819994,0.0,7,16.0,13.0
1,95,4,1.8,15.25111340138258,0.0,7,16.0,13.0
1,95,5,2.0,10.253423282459845,0.0,7,16.0,13.0
1,95,6,2.2,22.16594234846185,0.0,7,16.0,13.0
1,95,7,1.6,17.28020360831679,0.0,7,16.0,13.0
1,95,8,1.8,14.154143710891244,0.0,7,16.0,13.0
1,95,9,1.4,20.30066720903883,0.0,7,16.0,13.0
1,95,10,1.6,16.48091084160539,0.0,7,16.0,13.0
1,95,11,2.0,21.32198322529758,0.0,7,16.0,13.0
1,95,12,1.8,13.78548023140032,0.0,7,16.0,13.0
1,95,13,1.8,19.80075448241932,0.0,7,16.0,13.0
1,95,14,2.2,15.487857225333313,0.0,7,16.0,13.0
1,95,15,2.0,19.307604214580934,0.0,7,16.0,13.0
1,95,16,1.8,22.7139027414512,0.0,7,16.0,13.0
1,95,17,2.6,16.71803880457765,0.0,7,16.0,13.0
1,95,18,2.0,20.515593638778167,0.0,7,16.0,13.0
1,95,19,1.6,18.49741410145172,0.0,7,16.0,13.0
1,95,20,1.6,31.73105546074058,0.0,7,16.0,13.0
1,95,21,2.2,12.820662320898084,0.0,7,16.0,13.0
1,95,22,1.8,22.61866370277424,0.0,7,16.0,13.0
1,95,23,1.8,17.75989830941884,0.0,7,16.0,13.0
1,95,24,1.8,19.705832325023202,0.0,7,16.0,13.0
1,95,25,2.2,11.68116030608365,0.0,7,16.0,13.0
1,95,26,2.6,13.35538867660999,0.0,7,16.0,13.0
1,95,27,2.6,11.556444503036612,0.125,7,16.0,13.0
1,95,28,2.0,14.085515760989985,0.0,7,16.0,13.0
1,95,29,2.0,17.460324236373335,0.0,7,16.0,13.0
1,95,30,2.2,12.787090188580214,0.0,7,16.0,13.0
1,95,31,2.0,19.0315634622432,0.0,4,16.0,13.0
2,95,1,2.8,12.298694201575403,0.0,7,16.0,13.0
2,95,2,2.0,15.355267691407898,0.0,7,16.0,13.0
2,95,3,2.4,15.753508618628118,0.0,7,16.0,13.0
2,95,4,2.4,12.026928267903097,0.0,7,16.0,13.0
2,95,5,2.4,10.466798251410498,0.0,7,16.0,13.0
2,95,6,2.6,10.072888068177928,0.0,7,16.0,13.0
2,95,7,1.8,20.15248829591695,0.0,7,16.0,13.0
2,95,8,1.8,16.127063526150096,0.0,7,16.0,13.0
2,95,9,2.4,17.321912672200234,0.125,7,16.0,13.0
2,95,10,2.4,10.836754035993895,0.0,7,16.0,13.0
2,95,11,1.6,23.376748746555865,0.0,7,16.0,13.0
2,95,12,2.2,15.651428101314766,0.0,7,16.0,13.0
2,95,13,1.4,24.596136863780945,0.0,7,16.0,13.0
2,95,14,2.4,10.412770915885922,0.0,7,16.0,13.0
2,95,15,2.4,17.22549071275947,0.0,7,16.0,13.0
2,95,16,2.0,17.364917723233763,0.0,7,16.0,13.0
2,95,17,1.8,24.182716773199317,0.0,7,16.0,13.0
2,95,18,1.8,19.582769802058706,0.0,7,16.0,13.0
2,95,19,2.4,12.277822778732363,0.0,7,16.0,13.0
2,95,20,1.8,13.275624530484821,0.0,7,16.0,13.0
2,95,21,2.4,13.630310482804152,0.0,7,16.0,13.0
2,95,22,2.6,11.667152683347352,0.0,7,16.0,13.0
2,95,23,2.2,13.684943675016537,0.0,7,16.0,13.0
2,95,24,2.2,15.55357442462449,0.0,7,16.0,13.0
2,95,25,2.2,18.501732741088624,0.125,7,16.0,13.0
2,95,26,2.8,8.792629288316304,0.125,7,16.0,13.0
2,95,27,1.6,16.57885192939679,0.0,7,16.0,13.0
2,95,28,2.6,12.979273908973719,0.0,7,16.0,13.0
3,95,1,2.6,9.385965048947957,0.0,7,16.0,13.0
3,95,2,2.0,18.4397502204257,0.0,7,16.0,13.0
3,95,3,2.2,12.513922775082701,0.0,7,16.0,13.0
3,95,4,2.0,23.208117468448968,0.0,7,16.0,13.0
3,95,5,1.8,13.772162381501486,0.0,7,16.0,13.0
3,95,6,1.8,16.909472504157854,0.0,7,16.0,13.0
3,95,7,2.4,10.924398816529926,0.0,7,16.0,13.0
3,95,8,2.0,13.210950586191677,0.0,7,16.0,13.0
3,95,9,2.0,10.823612556328417,0.0,7,16.0,13.0
3,95,10,2.2,26.91862828734309,0.125,7,16.0,13.0
3,95,11,2.4,10.48484583178693,0.0,7,16.0,13.0
3,95,12,2.2,17.432368150197934,0.0,7,16.0,13.0
3,95,13,2.0,14.258566271959708,0.0,7,16.0,13.0
3,95,14,2.4,12.839575131119275,0.0,7,16.0,13.0
3,95,15,2.4,11.987752403305546,0.125,7,16.0,13.0
3,95,16,2.2,16.323958636261963,0.0,7,16.0,13.0
3,95,17,2.6,10.938162129293177,0.0,7,16.0,13.0
3,95,18,2.6,8.74045183615649,0.0,7,16.0,13.0
3,95,19,2.2,15.910333474633727,0.0,7,16.0,13.0
3,95,20,2.8,10.763505666564583,0.0,7,16.0,13.0
3,95,21,2.2,16.88909179394001,0.0,7,16.0,13.0
3,95,22,2.4,12.595006852257995,0.0,7,16.0,13.0
3,95,23,1.8,24.35317392887664,0.0,7,16.0,13.0
3,95,24,1.6,17.272639539646125,0.0,7,16.0,13.0
3,95,25,2.0,18.810431487061866,0.0,7,16.0,13.0
3,95,26,2.4,11.623693649480382,0.0,7,16.0,13.0
3,95,27,1.8,18.136270016209927,0.0,7,16.0,13.0
3,95,28,2.2,13.18702277043848,0.0,7,16.0,13.0
3,95,29,1.8,15.36670976631644,0.0,5,16.0,13.0
1,96,1,2.8,15.025707455218582,0.0,7,16.0,13.0
1,96,2,2.8,15.26652037693749,0.0,7,16.0,13.0
1,96,3,2.6,14.903579278533037,0.0,7,16.0,13.0
1,96,4,2.0,13.81473452633726,0.0,7,16.0,13.0
1,96,5,2.4,8.693820830840602,0.0,7,16.0,13.0
1,96,6,2.2,19.572936421321725,0.0,7,16.0,13.0
1,96,7,2.4,10.458530262069727,0.0,7,16.0,13.0
1,96,8,2.0,15.584131303958072,0.0,7,16.0,13.0
1,96,9,2.4,11.311764928056455,0.125,7,16.0,13.0
1,96,10,2.4,11.88042592115685,0.0,7,16.0,13.0
1,96,11,1.4,30.64779507711522,0.0,7,16.0,13.0
1,96,12,2.2,17.774599497794323,0.125,7,16.0,13.0
1,96,13,1.6,18.477820517548388,0.0,7,16.0,13.0
1,96,14,2.0,24.525882528713986,0.0,7,16.0,13.0
1,96,15,1.6,18.923611264287803,0.0,7,16.0,13.0
1,96,16,2.4,16.97152692079228,0.0,7,16.0,13.0
1,96,17,1.8,18.572142418506495,0.0,7,16.0,13.0
1,96,18,1.8,22.688152880489916,0.0,7,16.0,13.0
1,96,19,1.6,21.477958695195607,0.0,7,16.0,13.0
1,96,20,2.0,18.175840680525205,0.0,7,16.0,13.0
1,96,21,2.6,11.496406687628651,0.0,7,16.0,13.0
1,96,22,1.6,23.933609573414515,0.0,7,16.0,13.0
1,96,23,2.2,17.81809037092294,0.0,7,16.0,13.0
1,96,24,1.8,12.546347347018443,0.0,7,16.0,13.0
1,96,25,2.4,11.760027797425504,0.0,7,16.0,13.0
1,96,26,3.0,10.926779701324286,0.125,7,16.0,13.0
1,96,27,2.2,12.267536233261639,0.0,7,16.0,13.0
1,96,28,2.8,12.02105200069165,0.125,7,16.0,13.0
1,96,29,2.0,12.802360127643414,0.0,5,16.0,13.0
2,96,1,2.8,12.628826762864744,0.0,7,16.0,13.0
2,96,2,2.6,12.099446723557636,0.0,7,16.0,13.0
2,96,3,3.2,9.416358018954886,0.125,5,16.0,13.0
2,96,4,1.8,15.844990734758616,0.0,7,16.0,13.0
2,96,5,2.2,13.83199823073347,0.0,7,16.0,13.0
2,96,6,2.2,11.740232209971003,0.0,7,16.0,13.0
2,96,7,2.4,10.607919873411044,0.0,7,16.0,13.0
2,96,8,2.0,16.55886060325442,0.0,7,16.0,13.0
2,96,9,2.6,12.231348779500529,0.0,7,16.0,13.0
2,96,10,2.4,12.328750032838196,0.0,7,16.0,13.0
2,96,11,2.2,15.907826760613087,0.0,7,16.0,13.0
2,96,12,2.6,13.219992366309638,0.0,7,16.0,13.0
2,96,13,2.2,11.137747508797718,0.0,7,16.0,13.0
2,96,14,2.0,17.411100448670382,0.0,7,16.0,13.0
2,96,15,2.6,11.542791153242018,0.0,7,16.0,13.0
2,96,16,2.0,17.803486071336717,0.0,7,16.0,13.0
2,96,17,2.0,15.386406633803343,0.0,7,16.0,13.0
2,96,18,2.0,13.256458880864015,0.0,7,16.0,13.0
2,96,19,2.4,12.340154932509405,0.0,7,16.0,13.0
2,96,20,2.4,12.526112366260314,0.0,7,16.0,13.0
2,96,21,2.2,18.164635634383064,0.0,7,16.0,13.0
2,96,22,2.0,13.58523447082335,0.0,7,16.0,13.0
2,96,23,2.0,21.93525393319817,0.0,7,16.0,13.0
2,96,24,2.0,14.332853056342847,0.0,7,16.0,13.0
2,96,25,2.0,13.351751187487162,0.0,7,16.0,13.0
2,96,26,2.0,11.467033415121241,0.0,7,16.0,13.0
2,96,27,2.6,12.924419135371497,0.125,7,16.0,13.0
3,96,1,1.6,19.465817102560177,0.0,7,16.0,13.0
3,96,2,2.4,13.047734494440272,0.0,7,16.0,13.0
3,96,3,2.4,12.0933618341067,0.0,7,16.0,13.0
3,96,4,1.8,24.681034733521905,0.0,7,16.0,13.0
3,96,5,2.0,15.106398552582473,0.0,7,16.0,13.0
3,96,6,1.8,14.242606840201637,0.0,7,16.0,13.0
3,96,7,2.4,10.000318142552928,0.0,7,16.0,13.0
3,96,8,2.0,11.841316813140857,0.0,7,16.0,13.0
3,96,9,2.0,11.78967360098749,0.0,7,16.0,13.0
3,96,10,2.4,16.787814365222665,0.125,7,16.0,13.0
3,96,11,2.0,16.429835614448738,0.0,7,16.0,13.0
3,96,12,1.6,26.950720246017447,0.0,7,16.0,13.0
3,96,13,1.8,20.510387415300116,0.0,7,16.0,13.0
3,96,14,2.2,12.872380830508027,0.0,7,16.0,13.0
3,96,15,2.2,12.0531699447839,0.0,7,16.0,13.0
3,96,16,2.2,12.705407222155259,0.0,7,16.0,13.0
3,96,17,2.0,18.836819243884527,0.0,7,16.0,13.0
3,96,18,2.2,14.86301620053698,0.0,7,16.0,13.0
3,96,19,2.2,11.182889736010077,0.0,7,16.0,13.0
3,96,20,2.2,13.938662535482848,0.0,7,16.0,13.0
3,96,21,1.8,40.69221778736522,0.0,7,16.0,13.0
3,96,22,2.6,10.280851365117053,0.0,7,16.0,13.0
3,96,23,2.2,17.867616392163104,0.0,7,16.0,13.0
3,96,24,2.2,11.141256346792348,0.0,7,16.0,13.0
3,96,25,2.0,15.704372734666265,0.0,7,16.0,13.0
3,96,26,2.2,17.91456392895121,0.0,7,16.0,13.0
3,96,27,2.6,11.026100099608154,0.0,7,16.0,13.0
3,96,28,2.2,12.995743163769205,0.0,7,16.0,13.0
3,96,29,1.8,17.700833895369975,0.0,7,16.0,13.0
3,96,30,2.0,16.253041631263912,0.0,7,16.0,13.0
1,97,1,2.8,13.819647696570437,0.0,7,16.0,13.0
1,97,2,2.8,16.43215228143225,0.0,7,16.0,13.0
1,97,3,2.6,14.101438285837624,0.0,7,16.0,13.0
1,97,4,2.0,14.945396557709588,0.0,7,16.0,13.0
1,97,5,2.2,10.582858939247018,0.0,7,16.0,13.0
1,97,6,2.2,21.260484270187387,0.0,7,16.0,13.0
1,97,7,2.2,14.687132618079664,0.0,7,16.0,13.0
1,97,8,1.8,14.724439229723766,0.0,7,16.0,13.0
1,97,9,2.2,13.660951646575706,0.0,7,16.0,13.0
1,97,10,2.6,12.362644626280247,0.0,7,16.0,13.0
1,97,11,1.8,16.223174860960153,0.0,7,16.0,13.0
1,97,12,2.0,25.231908538706143,0.0,7,16.0,13.0
1,97,13,2.2,12.059306767088394,0.0,7,16.0,13.0
1,97,14,2.4,15.960934718807358,0.0,7,16.0,13.0
1,97,15,2.2,20.636757981826783,0.0,7,16.0,13.0
1,97,16,2.4,15.731678226853369,0.0,7,16.0,13.0
1,97,17,1.8,17.12876842921859,0.0,7,16.0,13.0
1,97,18,2.0,19.717603143806944,0.0,7,16.0,13.0
1,97,19,2.2,15.570138117410618,0.0,7,16.0,13.0
1,97,20,2.2,16.13848903567363,0.0,7,16.0,13.0
1,97,21,2.2,13.188246139453023,0.0,7,16.0,13.0
1,97,22,2.4,17.47210606255538,0.0,7,16.0,13.0
1,97,23,2.4,10.042258198322308,0.0,7,16.0,13.0
1,97,24,3.0,9.309902550301343,0.125,7,16.0,13.0
1,97,25,1.8,28.06212110325379,0.0,7,16.0,13.0
1,97,26,2.0,14.767270224077276,0.0,7,16.0,13.0
1,97,27,3.2,8.784134614580417,0.2222222222222222,7,16.0,13.0
1,97,28,1.4,17.356658917189836,0.0,6,16.0,13.0
2,97,1,2.2,18.31611743063774,0.0,7,16.0,13.0
2,97,2,2.4,12.623109539404332,0.0,7,16.0,13.0
2,97,3,3.6,8.605159085805719,0.125,7,16.0,13.0
2,97,4,2.4,11.131262539530843,0.0,7,16.0,13.0
2,97,5,2.4,10.191022630873062,0.0,7,16.0,13.0
2,97,6,2.0,16.00550163360952,0.0,7,16.0,13.0
2,97,7,1.8,21.43364851193705,0.0,7,16.0,13.0
2,97,8,2.2,12.744035093105563,0.0,7,16.0,13.0
2,97,9,2.2,14.10062370881832,0.0,7,16.0,13.0
2,97,10,2.2,16.491441428797806,0.0,7,16.0,13.0
2,97,11,2.4,13.252662377055156,0.0,7,16.0,13.0
2,97,12,1.8,20.85743706806924,0.0,7,16.0,13.0
2,97,13,2.2,14.195107183360923,0.0,7,16.0,13.0
2,97,14,2.0,13.1702218279413,0.0,7,16.0,13.0
2,97,15,1.8,31.220667037786164,0.0,7,16.0,13.0
2,97,16,2.0,18.160599576915335,0.0,7,16.0,13.0
2,97,17,1.8,17.740479466644143,0.0,7,16.0,13.0
2,97,18,2.0,15.98777606073364,0.0,7,16.0,13.0
2,97,19,2.4,9.669863070289558,0.0,7,16.0,13.0
2,97,20,2.6,11.71213962620116,0.125,7,16.0,13.0
2,97,21,2.6,11.210206250069708,0.0,7,16.0,13.0
2,97,22,1.8,18.714416576977857,0.0,7,16.0,13.0
2,97,23,2.0,15.206527132321154,0.0,7,16.0,13.0
2,97,24,2.2,18.03738342202593,0.0,7,16.0,13.0
2,97,25,1.4,20.42787577466445,0.0,7,16.0,13.0
2,97,26,2.6,10.124733894038698,0.0,7,16.0,13.0
2,97,27,2.2,10.238879138731106,0.0,7,16.0,13.0
2,97,28,2.0,16.72569363106244,0.0,7,16.0,13.0
3,97,1,2.6,10.18294123806918,0.0,7,16.0,13.0
3,97,2,2.2,17.524863288632055,0.0,7,16.0,13.0
3,97,3,2.2,11.155859220336309,0.0,7,16.0,13.0
3,97,4,2.2,18.884032257000975,0.0,7,16.0,13.0
3,97,5,2.0,13.140380089529629,0.0,7,16.0,13.0
3,97,6,2.2,13.18805143034267,0.0,7,16.0,13.0
3,97,7,2.0,11.518462024698545,0.0,7,16.0,13.0
3,97,8,2.4,9.861779871282625,0.0,7,16.0,13.0
3,97,9,2.2,14.912321390706305,0.0,7,16.0,13.0
3,97,10,2.2,15.302436685485059,0.0,7,16.0,13.0
3,97,11,2.4,12.064381564606515,0.0,7,16.0,13.0
3,97,12,2.2,16.90329628502957,0.0,7,16.0,13.0
3,97,13,2.2,12.920710586257327,0.0,7,16.0,13.0
3,97,14,2.2,16.512544338720993,0.0,7,16.0,13.0
3,97,15,2.8,12.00813931186315,0.125,7,16.0,13.0
3,97,16,2.4,10.418662932837943,0.0,7,16.0,13.0
3,97,17,2.2,14.248398606768014,0.0,7,16.0,13.0
3,97,18,2.8,9.168034842004754,0.0,7,16.0,13.0
3,97,19,2.0,26.444242171427277,0.0,7,16.0,13.0
3,97,20,2.0,13.597082357688784,0.0,7,16.0,13.0
3,97,21,1.6,39.66642628395755,0.0,7,16.0,13.0
3,97,22,2.4,11.90836304771041,0.0,7,16.0,13.0
3,97,23,2.0,16.505282747133695,0.0,7,16.0,13.0
3,97,24,2.0,16.011981030576397,0.0,7,16.0,13.0
3,97,25,1.8,18.836397671980087,0.0,7,16.0,13.0
3,97,26,2.6,9.060033556736599,0.0,7,16.0,13.0
3,97,27,2.4,10.175793716936754,0.0,7,16.0,13.0
3,97,28,2.2,13.503700214730417,0.0,7,16.0,13.0
1,98,1,2.8,15.814359462013842,0.0,7,16.0,13.0
1,98,2,2.8,14.926190226834775,0.0,7,16.0,13.0
1,98,3,2.8,12.919837408413146,0.0,7,16.0,13.0
1,98,4,1.6,22.86083081408053,0.0,7,16.0,13.0
1,98,5,2.4,8.597087262823784,0.0,7,16.0,13.0
1,98,6,2.0,33.081932318541504,0.0,7,16.0,13.0
1,98,7,1.6,17.896026160514722,0.0,7,16.0,13.0
1,98,8,2.4,12.036616463026109,0.0,7,16.0,13.0
1,98,9,1.4,19.91429742749975,0.0,7,16.0,13.0
1,98,10,1.6,28.26482204685586,0.0,7,16.0,13.0
1,98,11,2.0,16.54507275091312,0.0,7,16.0,13.0
1,98,12,1.8,15.674589444850179,0.0,7,16.0,13.0
1,98,13,1.8,30.928154881554015,0.0,7,16.0,13.0
1,98,14,2.0,16.262459084242817,0.0,7,16.0,13.0
1,98,15,2.2,21.180662310658242,0.0,7,16.0,13.0
1,98,16,2.2,14.854016475991049,0.0,7,16.0,13.0
1,98,17,2.4,15.951938396710371,0.0,7,16.0,13.0
1,98,18,2.0,16.52756607447152,0.0,7,16.0,13.0
1,98,19,1.6,30.27943891662934,0.0,7,16.0,13.0
1,98,20,1.4,22.98286708662932,0.0,7,16.0,13.0
1,98,21,2.6,13.508806178551753,0.0,7,16.0,13.0
1,98,22,2.0,15.772997324640022,0.0,7,16.0,13.0
1,98,23,2.4,17.83809724181718,0.0,7,16.0,13.0
1,98,24,2.6,9.496762413011405,0.0,7,16.0,13.0
1,98,25,2.2,15.670476836362056,0.0,7,16.0,13.0
1,98,26,1.8,15.518298528231488,0.0,7,16.0,13.0
1,98,27,2.2,15.797507587774957,0.0,7,16.0,13.0
1,98,28,2.0,17.336867905890518,0.0,7,16.0,13.0
1,98,29,3.0,8.216473862711524,0.125,7,16.0,13.0
1,98,30,1.4,21.056168879503094,0.0,5,16.0,13.0
2,98,1,2.4,19.329173137988693,0.0,7,16.0,13.0
2,98,2,1.8,17.01793895276951,0.0,7,16.0,13.0
2,98,3,2.4,12.5617665493582,0.0,7,16.0,13.0
2,98,4,3.0,9.531349111425031,0.125,7,16.0,13.0
2,98,5,2.0,15.577066007742038,0.0,7,16.0,13.0
2,98,6,2.4,11.785598804302031,0.0,7,16.0,13.0
2,98,7,2.0,17.992249930139195,0.0,7,16.0,13.0
2,98,8,2.0,13.216388721575266,0.0,7,16.0,13.0
2,98,9,3.0,10.293477446168419,0.125,7,16.0,13.0
2,98,10,1.8,13.910460397358014,0.0,7,16.0,13.0
2,98,11,1.8,21.442840907780838,0.0,7,16.0,13.0
2,98,12,2.2,13.331543795243197,0.0,7,16.0,13.0
2,98,13,1.6,27.74320033415443,0.0,7,16.0,13.0
2,98,14,3.4,7.113262354197253,0.2222222222222222,7,16.0,13.0
2,98,15,2.0,19.59997302047226,0.0,7,16.0,13.0
2,98,16,2.2,13.327237894392892,0.0,7,16.0,13.0
2,98,17,1.8,19.562804859574562,0.0,7,16.0,13.0
2,98,18,2.0,18.449741102529188,0.0,7,16.0,13.0
2,98,19,2.4,10.387812318865794,0.0,7,16.0,13.0
2,98,20,2.2,15.853326523078495,0.0,7,16.0,13.0
2,98,21,2.6,12.569476476426875,0.0,7,16.0,13.0
2,98,22,2.2,15.509561248845552,0.0,7,16.0,13.0
2,98,23,1.8,19.576351695839453,0.0,7,16.0,13.0
2,98,24,2.0,20.850770824878207,0.0,7,16.0,13.0
2,98,25,2.2,11.35644831766601,0.0,7,16.0,13.0
2,98,26,2.0,13.370388648979203,0.0,7,16.0,13.0
2,98,27,2.6,8.449318555999252,0.0,7,16.0,13.0
2,98,28,2.0,18.29370621646209,0.0,7,16.0,13.0
3,98,1,2.6,10.199923406665679,0.0,7,16.0,13.0
3,98,2,1.8,23.13326781739818,0.0,7,16.0,13.0
3,98,3,2.2,12.940476119592084,0.0,7,16.0,13.0
3,98,4,2.2,16.992104229212348,0.0,7,16.0,13.0
3,98,5,1.8,14.877703703131058,0.0,7,16.0,13.0
3,98,6,2.2,12.654139732057372,0.0,7,16.0,13.0
3,98,7,2.2,13.61896533225719,0.0,7,16.0,13.0
3,98,8,2.4,9.784504366005152,0.0,7,16.0,13.0
3,98,9,3.2,9.172584531860528,0.125,7,16.0,13.0
3,98,10,2.2,13.735636492954358,0.0,7,16.0,13.0
3,98,11,2.2,17.049289880602355,0.0,7,16.0,13.0
3,98,12,2.0,14.30881173091706,0.0,7,16.0,13.0
3,98,13,2.2,14.020876533419948,0.0,7,16.0,13.0
3,98,14,1.8,19.863612017533345,0.0,7,16.0,13.0
3,98,15,2.2,13.069425826971305,0.0,7,16.0,13.0
3,98,16,2.2,13.545145959313619,0.0,7,16.0,13.0
3,98,17,2.0,19.74161102899976,0.0,7,16.0,13.0
3,98,18,2.4,11.245458474849706,0.0,7,16.0,13.0
3,98,19,2.6,14.832297433066273,0.0,7,16.0,13.0
3,98,20,2.2,12.523466855656208,0.0,7,16.0,13.0
3,98,21,2.0,24.27346588165784,0.0,7,16.0,13.0
3,98,22,2.2,14.820857201533475,0.0,7,16.0,13.0
3,98,23,2.6,13.395895265299883,0.0,7,16.0,13.0
3,98,24,2.0,17.037897254576393,0.0,7,16.0,13.0
3,98,25,1.8,23.826217512555022,0.0,7,16.0,13.0
3,98,26,2.6,10.008933894187894,0.0,7,16.0,13.0
3,98,27,2.2,13.39551594291794,0.0,7,16.0,13.0
3,98,28,2.2,15.323751342729361,0.0,7,16.0,13.0
1,99,1,2.8,13.601302128335595,0.0,7,16.0,13.0
1,99,2,2.8,15.502162253236024,0.0,7,16.0,13.0
1,99,3,2.8,13.408553665567993,0.0,7,16.0,13.0
1,99,4,1.8,22.475071916293487,0.0,7,16.0,13.0
1,99,5,2.2,10.364435722929606,0.0,7,16.0,13.0
1,99,6,2.0,27.37179419856396,0.0,7,16.0,13.0
1,99,7,2.2,11.464731310488817,0.0,7,16.0,13.0
1,99,8,1.8,17.1315012017156,0.0,7,16.0,13.0
1,99,9,1.8,14.444083146463262,0.0,7,16.0,13.0
1,99,10,2.4,15.154587616366191,0.0,7,16.0,13.0
1,99,11,2.4,11.529066680942874,0.0,7,16.0,13.0
1,99,12,2.0,21.771471415801695,0.0,7,16.0,13.0
1,99,13,2.0,16.530118368743587,0.0,7,16.0,13.0
1,99,14,1.6,30.28192377674636,0.0,7,16.0,13.0
1,99,15,2.6,13.58919041467341,0.0,7,16.0,13.0
1,99,16,1.8,33.98598541864356,0.0,7,16.0,13.0
1,99,17,2.0,16.75156943427465,0.0,7,16.0,13.0
1,99,18,1.6,21.615961231398373,0.0,7,16.0,13.0
1,99,19,1.8,21.04106820546491,0.0,7,16.0,13.0
1,99,20,2.0,18.741114408104252,0.0,7,16.0,13.0
1,99,21,1.8,28.36867399017395,0.0,7,16.0,13.0
1,99,22,2.2,12.692153717806356,0.0,7,16.0,13.0
1,99,23,2.4,17.319045049720135,0.0,7,16.0,13.0
1,99,24,2.6,8.7970051267414,0.125,7,16.0,13.0
1,99,25,2.2,11.922200859661958,0.0,7,16.0,13.0
1,99,26,2.2,16.56905601553039,0.125,7,16.0,13.0
1,99,27,1.8,17.14128949305539,0.0,7,16.0,13.0
1,99,28,2.0,15.724087580848154,0.0,7,16.0,13.0
1,99,29,2.2,13.307762511156042,0.0,7,16.0,13.0
2,99,1,2.0,25.409319987386006,0.0,7,16.0,13.0
2,99,2,2.2,14.21996828253159,0.0,7,16.0,13.0
2,99,3,3.0,9.769647224091495,0.0,7,16.0,13.0
2,99,4,2.6,11.060368037935945,0.0,7,16.0,13.0
2,99,5,2.0,13.64287482964403,0.0,7,16.0,13.0
2,99,6,2.0,18.38760328396867,0.0,7,16.0,13.0
2,99,7,2.2,14.385739066509293,0.0,7,16.0,13.0
2,99,8,1.4,21.784646359190347,0.0,7,16.0,13.0
2,99,9,1.8,18.328263819732797,0.0,7,16.0,13.0
2,99,10,2.8,9.751645212376394,0.0,7,16.0,13.0
2,99,11,2.4,12.752235212577883,0.0,7,16.0,13.0
2,99,12,2.4,11.488544331074452,0.0,7,16.0,13.0
2,99,13,2.2,17.080833248359614,0.0,7,16.0,13.0
2,99,14,2.2,10.27687420466336,0.0,7,16.0,13.0
2,99,15,2.4,14.15866764414399,0.0,7,16.0,13.0
2,99,16,2.0,16.06210299719781,0.0,7,16.0,13.0
2,99,17,1.8,17.53700784759458,0.0,7,16.0,13.0
2,99,18,1.8,23.170540130884692,0.0,7,16.0,13.0
2,99,19,2.0,13.83585994695038,0.0,7,16.0,13.0
2,99,20,2.0,12.21216408499662,0.0,7,16.0,13.0
2,99,21,2.2,18.221338087913477,0.0,7,16.0,13.0
2,99,22,2.8,11.489809256522282,0.0,7,16.0,13.0
2,99,23,2.4,11.856021421348913,0.0,7,16.0,13.0
2,99,24,2.2,14.953419542922898,0.0,7,16.0,13.0
2,99,25,2.2,12.482196886520608,0.0,7,16.0,13.0
2,99,26,2.0,14.39952291257985,0.0,7,16.0,13.0
2,99,27,2.2,9.923245872377105,0.0,7,16.0,13.0
2,99,28,2.2,13.492161367275713,0.0,7,16.0,13.0
3,99,1,2.6,10.149145982690012,0.0,7,16.0,13.0
3,99,2,2.2,16.802679968639115,0.0,7,16.0,13.0
3,99,3,1.6,21.012632153068896,0.0,7,16.0,13.0
3,99,4,1.8,25.937029546973097,0.0,7,16.0,13.0
3,99,5,2.0,13.967908452897667,0.0,7,16.0,13.0
3,99,6,2.6,9.052317433173723,0.0,7,16.0,13.0
3,99,7,2.0,13.494607251496875,0.0,7,16.0,13.0
3,99,8,1.8,15.10431099803454,0.0,7,16.0,13.0
3,99,9,1.6,17.831231142689774,0.0,7,16.0,13.0
3,99,10,2.2,16.54668659040376,0.0,7,16.0,13.0
3,99,11,2.4,11.662048387793638,0.0,7,16.0,13.0
3,99,12,2.4,17.06690421161472,0.0,7,16.0,13.0
3,99,13,2.0,14.54466985238089,0.0,7,16.0,13.0
3,99,14,2.2,14.254956943163887,0.0,7,16.0,13.0
3,99,15,2.0,16.073460271187816,0.0,7,16.0,13.0
3,99,16,2.0,13.408355172039228,0.0,7,16.0,13.0
3,99,17,2.4,10.32080721377833,0.0,7,16.0,13.0
3,99,18,2.2,13.498126003286345,0.0,7,16.0,13.0
3,99,19,2.4,11.779216543557268,0.0,7,16.0,13.0
3,99,20,2.0,21.81836631577391,0.0,7,16.0,13.0
3,99,21,2.6,10.082985348246968,0.0,7,16.0,13.0
3,99,22,2.0,35.38517274661139,0.0,7,16.0,13.0
3,99,23,2.0,15.752724031264417,0.0,7,16.0,13.0
3,99,24,2.0,15.429757885150664,0.0,7,16.0,13.0
3,99,25,2.2,13.482265918209283,0.0,7,16.0,13.0
3,99,26,2.0,18.17364103866934,0.0,7,16.0,13.0
3,99,27,2.2,10.419804075586088,0.0,7,16.0,13.0
3,99,28,1.6,21.64275532268359,0.0,7,16.0,13.0
3,99,29,2.0,13.42716898152817,0.0,7,16.0,13.0
3,99,30,2.0,14.551585908552084,0.0,6,16.0,13.0
